path,batch_id,schema_version,boot_id,campaign_id,campaign_position,campaign_phase,label,condition,probe_profile,iterations,visible_cardinality,filename_length,hidden_slot,valid,exact_output_pass,lost_events,iterate_pid_count,iterate_calls,iterate_call_count_distribution,pids_one_call,pids_two_calls,pids_other_calls,hidden_visible_iterations,normal_hidden_observed_index
results\d6_r2_formal\raw_r1\boot_01\batch_20260920T083302.566340Z_2f646493.json.gz,20260920T083302.566340Z_2f646493,4,812b4ab4-a286-4405-9614-20804cdb1ca4,d6r2_812b4ab4-a286-4405-9614-20804cdb1ca4_9701_24913cbd,0,calibration:sham,normal,baseline,role_aggregate,20,128,32,middle,True,True,0,20,40,"{""2"": 20}",0,20,0,20,129
results\d6_r2_formal\raw_r1\boot_01\batch_20260920T083304.944224Z_108e2afb.json.gz,20260920T083304.944224Z_108e2afb,4,812b4ab4-a286-4405-9614-20804cdb1ca4,d6r2_812b4ab4-a286-4405-9614-20804cdb1ca4_9701_24913cbd,1,calibration:unloaded,normal,baseline,role_aggregate,20,128,32,middle,True,True,0,20,40,"{""2"": 20}",0,20,0,20,129
results\d6_r2_formal\raw_r1\boot_01\batch_20260920T083307.723297Z_6eb73d5e.json.gz,20260920T083307.723297Z_6eb73d5e,4,812b4ab4-a286-4405-9614-20804cdb1ca4,d6r2_812b4ab4-a286-4405-9614-20804cdb1ca4_9701_24913cbd,2,calibration:sham,normal,baseline,role_aggregate,20,128,32,middle,True,True,0,20,40,"{""2"": 20}",0,20,0,20,129
results\d6_r2_formal\raw_r1\boot_01\batch_20260920T083316.549325Z_663c3c1a.json.gz,20260920T083316.549325Z_663c3c1a,4,812b4ab4-a286-4405-9614-20804cdb1ca4,d6r2_812b4ab4-a286-4405-9614-20804cdb1ca4_9701_24913cbd,3,calibration:unloaded,normal,cpu,role_aggregate,20,128,32,middle,True,True,0,20,40,"{""2"": 20}",0,20,0,20,129
results\d6_r2_formal\raw_r1\boot_01\batch_20260920T083319.059357Z_3b58e536.json.gz,20260920T083319.059357Z_3b58e536,4,812b4ab4-a286-4405-9614-20804cdb1ca4,d6r2_812b4ab4-a286-4405-9614-20804cdb1ca4_9701_24913cbd,4,calibration:unloaded,normal,baseline,role_aggregate,20,128,32,middle,True,True,0,20,40,"{""2"": 20}",0,20,0,20,129
results\d6_r2_formal\raw_r1\boot_01\batch_20260920T083327.505391Z_3930298b.json.gz,20260920T083327.505391Z_3930298b,4,812b4ab4-a286-4405-9614-20804cdb1ca4,d6r2_812b4ab4-a286-4405-9614-20804cdb1ca4_9701_24913cbd,5,calibration:unloaded,normal,cpu,role_aggregate,20,128,32,middle,True,True,0,20,40,"{""2"": 20}",0,20,0,20,129
results\d6_r2_formal\raw_r1\boot_01\batch_20260920T083329.924647Z_2404b482.json.gz,20260920T083329.924647Z_2404b482,4,812b4ab4-a286-4405-9614-20804cdb1ca4,d6r2_812b4ab4-a286-4405-9614-20804cdb1ca4_9701_24913cbd,6,calibration:sham,normal,baseline,role_aggregate,20,128,32,middle,True,True,0,20,40,"{""2"": 20}",0,20,0,20,129
results\d6_r2_formal\raw_r1\boot_01\batch_20260920T083338.415757Z_fefff320.json.gz,20260920T083338.415757Z_fefff320,4,812b4ab4-a286-4405-9614-20804cdb1ca4,d6r2_812b4ab4-a286-4405-9614-20804cdb1ca4_9701_24913cbd,7,calibration:unloaded,normal,cpu,role_aggregate,20,128,32,middle,True,True,0,20,40,"{""2"": 20}",0,20,0,20,129
results\d6_r2_formal\raw_r1\boot_01\batch_20260920T083340.837450Z_504d499e.json.gz,20260920T083340.837450Z_504d499e,4,812b4ab4-a286-4405-9614-20804cdb1ca4,d6r2_812b4ab4-a286-4405-9614-20804cdb1ca4_9701_24913cbd,8,calibration:sham,normal,baseline,role_aggregate,20,128,32,middle,True,True,0,20,40,"{""2"": 20}",0,20,0,20,129
results\d6_r2_formal\raw_r1\boot_01\batch_20260920T083349.264531Z_cbbac2a3.json.gz,20260920T083349.264531Z_cbbac2a3,4,812b4ab4-a286-4405-9614-20804cdb1ca4,d6r2_812b4ab4-a286-4405-9614-20804cdb1ca4_9701_24913cbd,9,calibration:unloaded,normal,cpu,role_aggregate,20,128,32,middle,True,True,0,20,40,"{""2"": 20}",0,20,0,20,129
results\d6_r2_formal\raw_r1\boot_01\batch_20260920T083358.039623Z_b5c27dd7.json.gz,20260920T083358.039623Z_b5c27dd7,4,812b4ab4-a286-4405-9614-20804cdb1ca4,d6r2_812b4ab4-a286-4405-9614-20804cdb1ca4_9701_24913cbd,10,calibration:sham,normal,cpu,role_aggregate,20,128,32,middle,True,True,0,20,40,"{""2"": 20}",0,20,0,20,129
results\d6_r2_formal\raw_r1\boot_01\batch_20260920T083406.926292Z_5c7ca8b9.json.gz,20260920T083406.926292Z_5c7ca8b9,4,812b4ab4-a286-4405-9614-20804cdb1ca4,d6r2_812b4ab4-a286-4405-9614-20804cdb1ca4_9701_24913cbd,11,calibration:unloaded,normal,cpu,role_aggregate,20,128,32,middle,True,True,0,20,40,"{""2"": 20}",0,20,0,20,129
results\d6_r2_formal\raw_r1\boot_01\batch_20260920T083409.540682Z_db9c095c.json.gz,20260920T083409.540682Z_db9c095c,4,812b4ab4-a286-4405-9614-20804cdb1ca4,d6r2_812b4ab4-a286-4405-9614-20804cdb1ca4_9701_24913cbd,12,calibration:sham,normal,baseline,role_aggregate,20,128,32,middle,True,True,0,20,40,"{""2"": 20}",0,20,0,20,129
results\d6_r2_formal\raw_r1\boot_01\batch_20260920T083418.364326Z_4b2d8c36.json.gz,20260920T083418.364326Z_4b2d8c36,4,812b4ab4-a286-4405-9614-20804cdb1ca4,d6r2_812b4ab4-a286-4405-9614-20804cdb1ca4_9701_24913cbd,13,calibration:unloaded,normal,cpu,role_aggregate,20,128,32,middle,True,True,0,20,40,"{""2"": 20}",0,20,0,20,129
results\d6_r2_formal\raw_r1\boot_01\batch_20260920T083420.802732Z_e011c6b2.json.gz,20260920T083420.802732Z_e011c6b2,4,812b4ab4-a286-4405-9614-20804cdb1ca4,d6r2_812b4ab4-a286-4405-9614-20804cdb1ca4_9701_24913cbd,14,calibration:unloaded,normal,baseline,role_aggregate,20,128,32,middle,True,True,0,20,40,"{""2"": 20}",0,20,0,20,129
results\d6_r2_formal\raw_r1\boot_01\batch_20260920T083429.507464Z_a0f47b95.json.gz,20260920T083429.507464Z_a0f47b95,4,812b4ab4-a286-4405-9614-20804cdb1ca4,d6r2_812b4ab4-a286-4405-9614-20804cdb1ca4_9701_24913cbd,15,calibration:sham,normal,cpu,role_aggregate,20,128,32,middle,True,True,0,20,40,"{""2"": 20}",0,20,0,20,129
results\d6_r2_formal\raw_r1\boot_01\batch_20260920T083432.097825Z_f40efe7c.json.gz,20260920T083432.097825Z_f40efe7c,4,812b4ab4-a286-4405-9614-20804cdb1ca4,d6r2_812b4ab4-a286-4405-9614-20804cdb1ca4_9701_24913cbd,16,calibration:sham,normal,baseline,role_aggregate,20,128,32,middle,True,True,0,20,40,"{""2"": 20}",0,20,0,20,129
results\d6_r2_formal\raw_r1\boot_01\batch_20260920T083440.884525Z_a5e8b911.json.gz,20260920T083440.884525Z_a5e8b911,4,812b4ab4-a286-4405-9614-20804cdb1ca4,d6r2_812b4ab4-a286-4405-9614-20804cdb1ca4_9701_24913cbd,17,calibration:sham,normal,cpu,role_aggregate,20,128,32,middle,True,True,0,20,40,"{""2"": 20}",0,20,0,20,129
results\d6_r2_formal\raw_r1\boot_01\batch_20260920T083443.440707Z_a59b6a62.json.gz,20260920T083443.440707Z_a59b6a62,4,812b4ab4-a286-4405-9614-20804cdb1ca4,d6r2_812b4ab4-a286-4405-9614-20804cdb1ca4_9701_24913cbd,18,calibration:unloaded,normal,baseline,role_aggregate,20,128,32,middle,True,True,0,20,40,"{""2"": 20}",0,20,0,20,129
results\d6_r2_formal\raw_r1\boot_01\batch_20260920T083445.988006Z_7b92d013.json.gz,20260920T083445.988006Z_7b92d013,4,812b4ab4-a286-4405-9614-20804cdb1ca4,d6r2_812b4ab4-a286-4405-9614-20804cdb1ca4_9701_24913cbd,19,calibration:unloaded,normal,baseline,role_aggregate,20,128,32,middle,True,True,0,20,40,"{""2"": 20}",0,20,0,20,129
results\d6_r2_formal\raw_r1\boot_01\batch_20260920T083454.629288Z_aec1f00d.json.gz,20260920T083454.629288Z_aec1f00d,4,812b4ab4-a286-4405-9614-20804cdb1ca4,d6r2_812b4ab4-a286-4405-9614-20804cdb1ca4_9701_24913cbd,20,calibration:unloaded,normal,cpu,role_aggregate,20,128,32,middle,True,True,0,20,40,"{""2"": 20}",0,20,0,20,129
results\d6_r2_formal\raw_r1\boot_01\batch_20260920T083503.062719Z_582566c1.json.gz,20260920T083503.062719Z_582566c1,4,812b4ab4-a286-4405-9614-20804cdb1ca4,d6r2_812b4ab4-a286-4405-9614-20804cdb1ca4_9701_24913cbd,21,calibration:sham,normal,cpu,role_aggregate,20,128,32,middle,True,True,0,20,40,"{""2"": 20}",0,20,0,20,129
results\d6_r2_formal\raw_r1\boot_01\batch_20260920T083511.511212Z_9e991270.json.gz,20260920T083511.511212Z_9e991270,4,812b4ab4-a286-4405-9614-20804cdb1ca4,d6r2_812b4ab4-a286-4405-9614-20804cdb1ca4_9701_24913cbd,22,calibration:unloaded,normal,cpu,role_aggregate,20,128,32,middle,True,True,0,20,40,"{""2"": 20}",0,20,0,20,129
results\d6_r2_formal\raw_r1\boot_01\batch_20260920T083520.292524Z_02625724.json.gz,20260920T083520.292524Z_02625724,4,812b4ab4-a286-4405-9614-20804cdb1ca4,d6r2_812b4ab4-a286-4405-9614-20804cdb1ca4_9701_24913cbd,23,calibration:sham,normal,cpu,role_aggregate,20,128,32,middle,True,True,0,20,40,"{""2"": 20}",0,20,0,20,129
results\d6_r2_formal\raw_r1\boot_01\batch_20260920T083529.193716Z_6a97bd07.json.gz,20260920T083529.193716Z_6a97bd07,4,812b4ab4-a286-4405-9614-20804cdb1ca4,d6r2_812b4ab4-a286-4405-9614-20804cdb1ca4_9701_24913cbd,24,calibration:sham,normal,cpu,role_aggregate,20,128,32,middle,True,True,0,20,40,"{""2"": 20}",0,20,0,20,129
results\d6_r2_formal\raw_r1\boot_01\batch_20260920T083531.417231Z_d1ba198d.json.gz,20260920T083531.417231Z_d1ba198d,4,812b4ab4-a286-4405-9614-20804cdb1ca4,d6r2_812b4ab4-a286-4405-9614-20804cdb1ca4_9701_24913cbd,25,calibration:sham,normal,baseline,role_aggregate,20,128,32,middle,True,True,0,20,40,"{""2"": 20}",0,20,0,20,129
results\d6_r2_formal\raw_r1\boot_01\batch_20260920T083540.550776Z_b2be7b57.json.gz,20260920T083540.550776Z_b2be7b57,4,812b4ab4-a286-4405-9614-20804cdb1ca4,d6r2_812b4ab4-a286-4405-9614-20804cdb1ca4_9701_24913cbd,26,calibration:unloaded,normal,cpu,role_aggregate,20,128,32,middle,True,True,0,20,40,"{""2"": 20}",0,20,0,20,129
results\d6_r2_formal\raw_r1\boot_01\batch_20260920T083542.623638Z_08311e86.json.gz,20260920T083542.623638Z_08311e86,4,812b4ab4-a286-4405-9614-20804cdb1ca4,d6r2_812b4ab4-a286-4405-9614-20804cdb1ca4_9701_24913cbd,27,calibration:sham,normal,baseline,role_aggregate,20,128,32,middle,True,True,0,20,40,"{""2"": 20}",0,20,0,20,129
results\d6_r2_formal\raw_r1\boot_01\batch_20260920T083551.017791Z_7e84af60.json.gz,20260920T083551.017791Z_7e84af60,4,812b4ab4-a286-4405-9614-20804cdb1ca4,d6r2_812b4ab4-a286-4405-9614-20804cdb1ca4_9701_24913cbd,28,calibration:sham,normal,cpu,role_aggregate,20,128,32,middle,True,True,0,20,40,"{""2"": 20}",0,20,0,20,129
results\d6_r2_formal\raw_r1\boot_01\batch_20260920T083559.726445Z_0b8de6a7.json.gz,20260920T083559.726445Z_0b8de6a7,4,812b4ab4-a286-4405-9614-20804cdb1ca4,d6r2_812b4ab4-a286-4405-9614-20804cdb1ca4_9701_24913cbd,29,calibration:sham,normal,cpu,role_aggregate,20,128,32,middle,True,True,0,20,40,"{""2"": 20}",0,20,0,20,129
results\d6_r2_formal\raw_r1\boot_01\batch_20260920T083601.332436Z_adb732fb.json.gz,20260920T083601.332436Z_adb732fb,4,812b4ab4-a286-4405-9614-20804cdb1ca4,d6r2_812b4ab4-a286-4405-9614-20804cdb1ca4_9701_24913cbd,30,calibration:unloaded,normal,baseline,role_aggregate,20,128,32,middle,True,True,0,20,40,"{""2"": 20}",0,20,0,20,129
results\d6_r2_formal\raw_r1\boot_01\batch_20260920T083603.952432Z_d70a0053.json.gz,20260920T083603.952432Z_d70a0053,4,812b4ab4-a286-4405-9614-20804cdb1ca4,d6r2_812b4ab4-a286-4405-9614-20804cdb1ca4_9701_24913cbd,31,calibration:sham,normal,baseline,role_aggregate,20,128,32,middle,True,True,0,20,40,"{""2"": 20}",0,20,0,20,129
results\d6_r2_formal\raw_r1\boot_01\batch_20260920T083606.246529Z_544864cf.json.gz,20260920T083606.246529Z_544864cf,4,812b4ab4-a286-4405-9614-20804cdb1ca4,d6r2_812b4ab4-a286-4405-9614-20804cdb1ca4_9701_24913cbd,32,calibration:unloaded,normal,baseline,role_aggregate,20,128,32,middle,True,True,0,20,40,"{""2"": 20}",0,20,0,20,129
results\d6_r2_formal\raw_r1\boot_01\batch_20260920T083614.933004Z_ce6b92f6.json.gz,20260920T083614.933004Z_ce6b92f6,4,812b4ab4-a286-4405-9614-20804cdb1ca4,d6r2_812b4ab4-a286-4405-9614-20804cdb1ca4_9701_24913cbd,33,calibration:sham,normal,cpu,role_aggregate,20,128,32,middle,True,True,0,20,40,"{""2"": 20}",0,20,0,20,129
results\d6_r2_formal\raw_r1\boot_01\batch_20260920T083616.351553Z_7e843569.json.gz,20260920T083616.351553Z_7e843569,4,812b4ab4-a286-4405-9614-20804cdb1ca4,d6r2_812b4ab4-a286-4405-9614-20804cdb1ca4_9701_24913cbd,34,calibration:sham,normal,baseline,role_aggregate,20,128,32,middle,True,True,0,20,40,"{""2"": 20}",0,20,0,20,129
results\d6_r2_formal\raw_r1\boot_01\batch_20260920T083617.187642Z_179f3af4.json.gz,20260920T083617.187642Z_179f3af4,4,812b4ab4-a286-4405-9614-20804cdb1ca4,d6r2_812b4ab4-a286-4405-9614-20804cdb1ca4_9701_24913cbd,35,calibration:unloaded,normal,baseline,role_aggregate,20,128,32,middle,True,True,0,20,40,"{""2"": 20}",0,20,0,20,129
results\d6_r2_formal\raw_r1\boot_01\batch_20260920T083619.266770Z_dadae3c9.json.gz,20260920T083619.266770Z_dadae3c9,4,812b4ab4-a286-4405-9614-20804cdb1ca4,d6r2_812b4ab4-a286-4405-9614-20804cdb1ca4_9701_24913cbd,36,calibration:unloaded,normal,baseline,role_aggregate,20,128,32,middle,True,True,0,20,40,"{""2"": 20}",0,20,0,20,129
results\d6_r2_formal\raw_r1\boot_01\batch_20260920T083621.575570Z_e4331fa1.json.gz,20260920T083621.575570Z_e4331fa1,4,812b4ab4-a286-4405-9614-20804cdb1ca4,d6r2_812b4ab4-a286-4405-9614-20804cdb1ca4_9701_24913cbd,37,calibration:unloaded,normal,baseline,role_aggregate,20,128,32,middle,True,True,0,20,40,"{""2"": 20}",0,20,0,20,129
results\d6_r2_formal\raw_r1\boot_01\batch_20260920T083629.793322Z_6bb5e5ad.json.gz,20260920T083629.793322Z_6bb5e5ad,4,812b4ab4-a286-4405-9614-20804cdb1ca4,d6r2_812b4ab4-a286-4405-9614-20804cdb1ca4_9701_24913cbd,38,calibration:sham,normal,cpu,role_aggregate,20,128,32,middle,True,True,0,20,40,"{""2"": 20}",0,20,0,20,129
results\d6_r2_formal\raw_r1\boot_01\batch_20260920T083631.938751Z_b4e5e5dd.json.gz,20260920T083631.938751Z_b4e5e5dd,4,812b4ab4-a286-4405-9614-20804cdb1ca4,d6r2_812b4ab4-a286-4405-9614-20804cdb1ca4_9701_24913cbd,39,calibration:sham,normal,baseline,role_aggregate,20,128,32,middle,True,True,0,20,40,"{""2"": 20}",0,20,0,20,129
results\d6_r2_formal\raw_r1\boot_01\batch_20260920T083634.277541Z_0fee6786.json.gz,20260920T083634.277541Z_0fee6786,4,812b4ab4-a286-4405-9614-20804cdb1ca4,d6r2_812b4ab4-a286-4405-9614-20804cdb1ca4_9701_24913cbd,40,calibration:unloaded,normal,baseline,role_aggregate,20,128,32,middle,True,True,0,20,40,"{""2"": 20}",0,20,0,20,129
results\d6_r2_formal\raw_r1\boot_01\batch_20260920T083642.852380Z_12487cec.json.gz,20260920T083642.852380Z_12487cec,4,812b4ab4-a286-4405-9614-20804cdb1ca4,d6r2_812b4ab4-a286-4405-9614-20804cdb1ca4_9701_24913cbd,41,calibration:unloaded,normal,cpu,role_aggregate,20,128,32,middle,True,True,0,20,40,"{""2"": 20}",0,20,0,20,129
results\d6_r2_formal\raw_r1\boot_01\batch_20260920T083645.307444Z_53830547.json.gz,20260920T083645.307444Z_53830547,4,812b4ab4-a286-4405-9614-20804cdb1ca4,d6r2_812b4ab4-a286-4405-9614-20804cdb1ca4_9701_24913cbd,42,calibration:sham,normal,baseline,role_aggregate,20,128,32,middle,True,True,0,20,40,"{""2"": 20}",0,20,0,20,129
results\d6_r2_formal\raw_r1\boot_01\batch_20260920T083647.981276Z_22a2d0dc.json.gz,20260920T083647.981276Z_22a2d0dc,4,812b4ab4-a286-4405-9614-20804cdb1ca4,d6r2_812b4ab4-a286-4405-9614-20804cdb1ca4_9701_24913cbd,43,calibration:sham,normal,baseline,role_aggregate,20,128,32,middle,True,True,0,20,40,"{""2"": 20}",0,20,0,20,129
results\d6_r2_formal\raw_r1\boot_01\batch_20260920T083650.976662Z_1e739cbb.json.gz,20260920T083650.976662Z_1e739cbb,4,812b4ab4-a286-4405-9614-20804cdb1ca4,d6r2_812b4ab4-a286-4405-9614-20804cdb1ca4_9701_24913cbd,44,calibration:sham,normal,baseline,role_aggregate,20,128,32,middle,True,True,0,20,40,"{""2"": 20}",0,20,0,20,129
results\d6_r2_formal\raw_r1\boot_01\batch_20260920T083653.647818Z_5649e2e7.json.gz,20260920T083653.647818Z_5649e2e7,4,812b4ab4-a286-4405-9614-20804cdb1ca4,d6r2_812b4ab4-a286-4405-9614-20804cdb1ca4_9701_24913cbd,45,calibration:unloaded,normal,baseline,role_aggregate,20,128,32,middle,True,True,0,20,40,"{""2"": 20}",0,20,0,20,129
results\d6_r2_formal\raw_r1\boot_01\batch_20260920T083702.676938Z_9f09abd1.json.gz,20260920T083702.676938Z_9f09abd1,4,812b4ab4-a286-4405-9614-20804cdb1ca4,d6r2_812b4ab4-a286-4405-9614-20804cdb1ca4_9701_24913cbd,46,calibration:sham,normal,cpu,role_aggregate,20,128,32,middle,True,True,0,20,40,"{""2"": 20}",0,20,0,20,129
results\d6_r2_formal\raw_r1\boot_01\batch_20260920T083705.095648Z_37325518.json.gz,20260920T083705.095648Z_37325518,4,812b4ab4-a286-4405-9614-20804cdb1ca4,d6r2_812b4ab4-a286-4405-9614-20804cdb1ca4_9701_24913cbd,47,calibration:unloaded,normal,baseline,role_aggregate,20,128,32,middle,True,True,0,20,40,"{""2"": 20}",0,20,0,20,129
results\d6_r2_formal\raw_r1\boot_01\batch_20260920T083713.717626Z_7d8f9324.json.gz,20260920T083713.717626Z_7d8f9324,4,812b4ab4-a286-4405-9614-20804cdb1ca4,d6r2_812b4ab4-a286-4405-9614-20804cdb1ca4_9701_24913cbd,48,calibration:sham,normal,cpu,role_aggregate,20,128,32,middle,True,True,0,20,40,"{""2"": 20}",0,20,0,20,129
results\d6_r2_formal\raw_r1\boot_01\batch_20260920T083722.138460Z_7995c353.json.gz,20260920T083722.138460Z_7995c353,4,812b4ab4-a286-4405-9614-20804cdb1ca4,d6r2_812b4ab4-a286-4405-9614-20804cdb1ca4_9701_24913cbd,49,calibration:sham,normal,cpu,role_aggregate,20,128,32,middle,True,True,0,20,40,"{""2"": 20}",0,20,0,20,129
results\d6_r2_formal\raw_r1\boot_01\batch_20260920T083730.716322Z_e68b8522.json.gz,20260920T083730.716322Z_e68b8522,4,812b4ab4-a286-4405-9614-20804cdb1ca4,d6r2_812b4ab4-a286-4405-9614-20804cdb1ca4_9701_24913cbd,50,calibration:sham,normal,cpu,role_aggregate,20,128,32,middle,True,True,0,20,40,"{""2"": 20}",0,20,0,20,129
results\d6_r2_formal\raw_r1\boot_01\batch_20260920T083739.395711Z_2bb05e78.json.gz,20260920T083739.395711Z_2bb05e78,4,812b4ab4-a286-4405-9614-20804cdb1ca4,d6r2_812b4ab4-a286-4405-9614-20804cdb1ca4_9701_24913cbd,51,calibration:unloaded,normal,cpu,role_aggregate,20,128,32,middle,True,True,0,20,40,"{""2"": 20}",0,20,0,20,129
results\d6_r2_formal\raw_r1\boot_01\batch_20260920T083747.906468Z_d094f804.json.gz,20260920T083747.906468Z_d094f804,4,812b4ab4-a286-4405-9614-20804cdb1ca4,d6r2_812b4ab4-a286-4405-9614-20804cdb1ca4_9701_24913cbd,52,calibration:unloaded,normal,cpu,role_aggregate,20,128,32,middle,True,True,0,20,40,"{""2"": 20}",0,20,0,20,129
results\d6_r2_formal\raw_r1\boot_01\batch_20260920T083750.203471Z_23c32826.json.gz,20260920T083750.203471Z_23c32826,4,812b4ab4-a286-4405-9614-20804cdb1ca4,d6r2_812b4ab4-a286-4405-9614-20804cdb1ca4_9701_24913cbd,53,calibration:sham,normal,baseline,role_aggregate,20,128,32,middle,True,True,0,20,40,"{""2"": 20}",0,20,0,20,129
results\d6_r2_formal\raw_r1\boot_01\batch_20260920T083752.498661Z_e2cfedab.json.gz,20260920T083752.498661Z_e2cfedab,4,812b4ab4-a286-4405-9614-20804cdb1ca4,d6r2_812b4ab4-a286-4405-9614-20804cdb1ca4_9701_24913cbd,54,calibration:sham,normal,baseline,role_aggregate,20,128,32,middle,True,True,0,20,40,"{""2"": 20}",0,20,0,20,129
results\d6_r2_formal\raw_r1\boot_01\batch_20260920T083801.022611Z_a4d5aa3b.json.gz,20260920T083801.022611Z_a4d5aa3b,4,812b4ab4-a286-4405-9614-20804cdb1ca4,d6r2_812b4ab4-a286-4405-9614-20804cdb1ca4_9701_24913cbd,55,calibration:unloaded,normal,cpu,role_aggregate,20,128,32,middle,True,True,0,20,40,"{""2"": 20}",0,20,0,20,129
results\d6_r2_formal\raw_r1\boot_01\batch_20260920T083809.364333Z_4a32868b.json.gz,20260920T083809.364333Z_4a32868b,4,812b4ab4-a286-4405-9614-20804cdb1ca4,d6r2_812b4ab4-a286-4405-9614-20804cdb1ca4_9701_24913cbd,56,calibration:sham,normal,cpu,role_aggregate,20,128,32,middle,True,True,0,20,40,"{""2"": 20}",0,20,0,20,129
results\d6_r2_formal\raw_r1\boot_01\batch_20260920T083811.795651Z_9508c44c.json.gz,20260920T083811.795651Z_9508c44c,4,812b4ab4-a286-4405-9614-20804cdb1ca4,d6r2_812b4ab4-a286-4405-9614-20804cdb1ca4_9701_24913cbd,57,calibration:sham,normal,baseline,role_aggregate,20,128,32,middle,True,True,0,20,40,"{""2"": 20}",0,20,0,20,129
results\d6_r2_formal\raw_r1\boot_01\batch_20260920T083813.533705Z_e1630cdb.json.gz,20260920T083813.533705Z_e1630cdb,4,812b4ab4-a286-4405-9614-20804cdb1ca4,d6r2_812b4ab4-a286-4405-9614-20804cdb1ca4_9701_24913cbd,58,calibration:unloaded,normal,baseline,role_aggregate,20,128,32,middle,True,True,0,20,40,"{""2"": 20}",0,20,0,20,129
results\d6_r2_formal\raw_r1\boot_01\batch_20260920T083822.238804Z_0be975f6.json.gz,20260920T083822.238804Z_0be975f6,4,812b4ab4-a286-4405-9614-20804cdb1ca4,d6r2_812b4ab4-a286-4405-9614-20804cdb1ca4_9701_24913cbd,59,calibration:unloaded,normal,cpu,role_aggregate,20,128,32,middle,True,True,0,20,40,"{""2"": 20}",0,20,0,20,129
results\d6_r2_formal\raw_r1\boot_01\batch_20260920T083831.003496Z_091dcf8d.json.gz,20260920T083831.003496Z_091dcf8d,4,812b4ab4-a286-4405-9614-20804cdb1ca4,d6r2_812b4ab4-a286-4405-9614-20804cdb1ca4_9701_24913cbd,60,calibration:sham,normal,cpu,role_aggregate,20,128,32,middle,True,True,0,20,40,"{""2"": 20}",0,20,0,20,129
results\d6_r2_formal\raw_r1\boot_01\batch_20260920T083833.653402Z_6ca8ca90.json.gz,20260920T083833.653402Z_6ca8ca90,4,812b4ab4-a286-4405-9614-20804cdb1ca4,d6r2_812b4ab4-a286-4405-9614-20804cdb1ca4_9701_24913cbd,61,calibration:sham,normal,baseline,role_aggregate,20,128,32,middle,True,True,0,20,40,"{""2"": 20}",0,20,0,20,129
results\d6_r2_formal\raw_r1\boot_01\batch_20260920T083836.161012Z_46d9044d.json.gz,20260920T083836.161012Z_46d9044d,4,812b4ab4-a286-4405-9614-20804cdb1ca4,d6r2_812b4ab4-a286-4405-9614-20804cdb1ca4_9701_24913cbd,62,calibration:unloaded,normal,baseline,role_aggregate,20,128,32,middle,True,True,0,20,40,"{""2"": 20}",0,20,0,20,129
results\d6_r2_formal\raw_r1\boot_01\batch_20260920T083838.623337Z_9fff2f53.json.gz,20260920T083838.623337Z_9fff2f53,4,812b4ab4-a286-4405-9614-20804cdb1ca4,d6r2_812b4ab4-a286-4405-9614-20804cdb1ca4_9701_24913cbd,63,calibration:sham,normal,baseline,role_aggregate,20,128,32,middle,True,True,0,20,40,"{""2"": 20}",0,20,0,20,129
results\d6_r2_formal\raw_r1\boot_01\batch_20260920T083847.259197Z_6e8bf61f.json.gz,20260920T083847.259197Z_6e8bf61f,4,812b4ab4-a286-4405-9614-20804cdb1ca4,d6r2_812b4ab4-a286-4405-9614-20804cdb1ca4_9701_24913cbd,64,calibration:sham,normal,cpu,role_aggregate,20,128,32,middle,True,True,0,20,40,"{""2"": 20}",0,20,0,20,129
results\d6_r2_formal\raw_r1\boot_01\batch_20260920T083855.907303Z_597fda46.json.gz,20260920T083855.907303Z_597fda46,4,812b4ab4-a286-4405-9614-20804cdb1ca4,d6r2_812b4ab4-a286-4405-9614-20804cdb1ca4_9701_24913cbd,65,calibration:sham,normal,cpu,role_aggregate,20,128,32,middle,True,True,0,20,40,"{""2"": 20}",0,20,0,20,129
results\d6_r2_formal\raw_r1\boot_01\batch_20260920T083858.387390Z_771891d5.json.gz,20260920T083858.387390Z_771891d5,4,812b4ab4-a286-4405-9614-20804cdb1ca4,d6r2_812b4ab4-a286-4405-9614-20804cdb1ca4_9701_24913cbd,66,calibration:unloaded,normal,baseline,role_aggregate,20,128,32,middle,True,True,0,20,40,"{""2"": 20}",0,20,0,20,129
results\d6_r2_formal\raw_r1\boot_01\batch_20260920T083900.878302Z_7731e27f.json.gz,20260920T083900.878302Z_7731e27f,4,812b4ab4-a286-4405-9614-20804cdb1ca4,d6r2_812b4ab4-a286-4405-9614-20804cdb1ca4_9701_24913cbd,67,calibration:unloaded,normal,baseline,role_aggregate,20,128,32,middle,True,True,0,20,40,"{""2"": 20}",0,20,0,20,129
results\d6_r2_formal\raw_r1\boot_01\batch_20260920T083903.195681Z_8d187585.json.gz,20260920T083903.195681Z_8d187585,4,812b4ab4-a286-4405-9614-20804cdb1ca4,d6r2_812b4ab4-a286-4405-9614-20804cdb1ca4_9701_24913cbd,68,calibration:sham,normal,baseline,role_aggregate,20,128,32,middle,True,True,0,20,40,"{""2"": 20}",0,20,0,20,129
results\d6_r2_formal\raw_r1\boot_01\batch_20260920T083911.791631Z_8e0ce12a.json.gz,20260920T083911.791631Z_8e0ce12a,4,812b4ab4-a286-4405-9614-20804cdb1ca4,d6r2_812b4ab4-a286-4405-9614-20804cdb1ca4_9701_24913cbd,69,calibration:unloaded,normal,cpu,role_aggregate,20,128,32,middle,True,True,0,20,40,"{""2"": 20}",0,20,0,20,129
results\d6_r2_formal\raw_r1\boot_01\batch_20260920T083920.227266Z_9973979e.json.gz,20260920T083920.227266Z_9973979e,4,812b4ab4-a286-4405-9614-20804cdb1ca4,d6r2_812b4ab4-a286-4405-9614-20804cdb1ca4_9701_24913cbd,70,calibration:unloaded,normal,cpu,role_aggregate,20,128,32,middle,True,True,0,20,40,"{""2"": 20}",0,20,0,20,129
results\d6_r2_formal\raw_r1\boot_01\batch_20260920T083928.577858Z_95b18c19.json.gz,20260920T083928.577858Z_95b18c19,4,812b4ab4-a286-4405-9614-20804cdb1ca4,d6r2_812b4ab4-a286-4405-9614-20804cdb1ca4_9701_24913cbd,71,calibration:unloaded,normal,cpu,role_aggregate,20,128,32,middle,True,True,0,20,40,"{""2"": 20}",0,20,0,20,129
results\d6_r2_formal\raw_r1\boot_01\batch_20260920T083930.886754Z_02b2766b.json.gz,20260920T083930.886754Z_02b2766b,4,812b4ab4-a286-4405-9614-20804cdb1ca4,d6r2_812b4ab4-a286-4405-9614-20804cdb1ca4_9701_24913cbd,72,calibration:unloaded,normal,baseline,role_aggregate,20,128,32,middle,True,True,0,20,40,"{""2"": 20}",0,20,0,20,129
results\d6_r2_formal\raw_r1\boot_01\batch_20260920T083939.351802Z_2d3222cb.json.gz,20260920T083939.351802Z_2d3222cb,4,812b4ab4-a286-4405-9614-20804cdb1ca4,d6r2_812b4ab4-a286-4405-9614-20804cdb1ca4_9701_24913cbd,73,calibration:unloaded,normal,cpu,role_aggregate,20,128,32,middle,True,True,0,20,40,"{""2"": 20}",0,20,0,20,129
results\d6_r2_formal\raw_r1\boot_01\batch_20260920T083941.772660Z_5a73135c.json.gz,20260920T083941.772660Z_5a73135c,4,812b4ab4-a286-4405-9614-20804cdb1ca4,d6r2_812b4ab4-a286-4405-9614-20804cdb1ca4_9701_24913cbd,74,calibration:unloaded,normal,baseline,role_aggregate,20,128,32,middle,True,True,0,20,40,"{""2"": 20}",0,20,0,20,129
results\d6_r2_formal\raw_r1\boot_01\batch_20260920T083944.160436Z_b6c1bdc7.json.gz,20260920T083944.160436Z_b6c1bdc7,4,812b4ab4-a286-4405-9614-20804cdb1ca4,d6r2_812b4ab4-a286-4405-9614-20804cdb1ca4_9701_24913cbd,75,calibration:unloaded,normal,baseline,role_aggregate,20,128,32,middle,True,True,0,20,40,"{""2"": 20}",0,20,0,20,129
results\d6_r2_formal\raw_r1\boot_01\batch_20260920T083952.547601Z_e38005b9.json.gz,20260920T083952.547601Z_e38005b9,4,812b4ab4-a286-4405-9614-20804cdb1ca4,d6r2_812b4ab4-a286-4405-9614-20804cdb1ca4_9701_24913cbd,76,calibration:unloaded,normal,cpu,role_aggregate,20,128,32,middle,True,True,0,20,40,"{""2"": 20}",0,20,0,20,129
results\d6_r2_formal\raw_r1\boot_01\batch_20260920T084000.932362Z_e2d57752.json.gz,20260920T084000.932362Z_e2d57752,4,812b4ab4-a286-4405-9614-20804cdb1ca4,d6r2_812b4ab4-a286-4405-9614-20804cdb1ca4_9701_24913cbd,77,calibration:sham,normal,cpu,role_aggregate,20,128,32,middle,True,True,0,20,40,"{""2"": 20}",0,20,0,20,129
results\d6_r2_formal\raw_r1\boot_01\batch_20260920T084009.312324Z_00fe72ed.json.gz,20260920T084009.312324Z_00fe72ed,4,812b4ab4-a286-4405-9614-20804cdb1ca4,d6r2_812b4ab4-a286-4405-9614-20804cdb1ca4_9701_24913cbd,78,calibration:unloaded,normal,cpu,role_aggregate,20,128,32,middle,True,True,0,20,40,"{""2"": 20}",0,20,0,20,129
results\d6_r2_formal\raw_r1\boot_01\batch_20260920T084017.729410Z_ede0103c.json.gz,20260920T084017.729410Z_ede0103c,4,812b4ab4-a286-4405-9614-20804cdb1ca4,d6r2_812b4ab4-a286-4405-9614-20804cdb1ca4_9701_24913cbd,79,calibration:unloaded,normal,cpu,role_aggregate,20,128,32,middle,True,True,0,20,40,"{""2"": 20}",0,20,0,20,129
results\d6_r2_formal\raw_r1\boot_01\batch_20260920T084020.152008Z_ce83b35d.json.gz,20260920T084020.152008Z_ce83b35d,4,812b4ab4-a286-4405-9614-20804cdb1ca4,d6r2_812b4ab4-a286-4405-9614-20804cdb1ca4_9701_24913cbd,80,calibration:sham,normal,baseline,role_aggregate,20,128,32,middle,True,True,0,20,40,"{""2"": 20}",0,20,0,20,129
results\d6_r2_formal\raw_r1\boot_01\batch_20260920T084028.744511Z_74b48faf.json.gz,20260920T084028.744511Z_74b48faf,4,812b4ab4-a286-4405-9614-20804cdb1ca4,d6r2_812b4ab4-a286-4405-9614-20804cdb1ca4_9701_24913cbd,81,calibration:unloaded,normal,cpu,role_aggregate,20,128,32,middle,True,True,0,20,40,"{""2"": 20}",0,20,0,20,129
results\d6_r2_formal\raw_r1\boot_01\batch_20260920T084037.222373Z_e4526261.json.gz,20260920T084037.222373Z_e4526261,4,812b4ab4-a286-4405-9614-20804cdb1ca4,d6r2_812b4ab4-a286-4405-9614-20804cdb1ca4_9701_24913cbd,82,calibration:sham,normal,cpu,role_aggregate,20,128,32,middle,True,True,0,20,40,"{""2"": 20}",0,20,0,20,129
results\d6_r2_formal\raw_r1\boot_01\batch_20260920T084039.553540Z_ae59769a.json.gz,20260920T084039.553540Z_ae59769a,4,812b4ab4-a286-4405-9614-20804cdb1ca4,d6r2_812b4ab4-a286-4405-9614-20804cdb1ca4_9701_24913cbd,83,calibration:sham,normal,baseline,role_aggregate,20,128,32,middle,True,True,0,20,40,"{""2"": 20}",0,20,0,20,129
results\d6_r2_formal\raw_r1\boot_01\batch_20260920T084048.192633Z_30373071.json.gz,20260920T084048.192633Z_30373071,4,812b4ab4-a286-4405-9614-20804cdb1ca4,d6r2_812b4ab4-a286-4405-9614-20804cdb1ca4_9701_24913cbd,84,calibration:unloaded,normal,cpu,role_aggregate,20,128,32,middle,True,True,0,20,40,"{""2"": 20}",0,20,0,20,129
results\d6_r2_formal\raw_r1\boot_01\batch_20260920T084050.664222Z_2474f4b5.json.gz,20260920T084050.664222Z_2474f4b5,4,812b4ab4-a286-4405-9614-20804cdb1ca4,d6r2_812b4ab4-a286-4405-9614-20804cdb1ca4_9701_24913cbd,85,calibration:sham,normal,baseline,role_aggregate,20,128,32,middle,True,True,0,20,40,"{""2"": 20}",0,20,0,20,129
results\d6_r2_formal\raw_r1\boot_01\batch_20260920T084053.124255Z_3b7f275c.json.gz,20260920T084053.124255Z_3b7f275c,4,812b4ab4-a286-4405-9614-20804cdb1ca4,d6r2_812b4ab4-a286-4405-9614-20804cdb1ca4_9701_24913cbd,86,calibration:sham,normal,baseline,role_aggregate,20,128,32,middle,True,True,0,20,40,"{""2"": 20}",0,20,0,20,129
results\d6_r2_formal\raw_r1\boot_01\batch_20260920T084055.507285Z_ee52c2c5.json.gz,20260920T084055.507285Z_ee52c2c5,4,812b4ab4-a286-4405-9614-20804cdb1ca4,d6r2_812b4ab4-a286-4405-9614-20804cdb1ca4_9701_24913cbd,87,calibration:unloaded,normal,baseline,role_aggregate,20,128,32,middle,True,True,0,20,40,"{""2"": 20}",0,20,0,20,129
results\d6_r2_formal\raw_r1\boot_01\batch_20260920T084103.953300Z_90ffacf8.json.gz,20260920T084103.953300Z_90ffacf8,4,812b4ab4-a286-4405-9614-20804cdb1ca4,d6r2_812b4ab4-a286-4405-9614-20804cdb1ca4_9701_24913cbd,88,calibration:sham,normal,cpu,role_aggregate,20,128,32,middle,True,True,0,20,40,"{""2"": 20}",0,20,0,20,129
results\d6_r2_formal\raw_r1\boot_01\batch_20260920T084106.455734Z_bd41a05d.json.gz,20260920T084106.455734Z_bd41a05d,4,812b4ab4-a286-4405-9614-20804cdb1ca4,d6r2_812b4ab4-a286-4405-9614-20804cdb1ca4_9701_24913cbd,89,calibration:unloaded,normal,baseline,role_aggregate,20,128,32,middle,True,True,0,20,40,"{""2"": 20}",0,20,0,20,129
results\d6_r2_formal\raw_r1\boot_01\batch_20260920T084109.173301Z_43945c6a.json.gz,20260920T084109.173301Z_43945c6a,4,812b4ab4-a286-4405-9614-20804cdb1ca4,d6r2_812b4ab4-a286-4405-9614-20804cdb1ca4_9701_24913cbd,90,calibration:sham,normal,baseline,role_aggregate,20,128,32,middle,True,True,0,20,40,"{""2"": 20}",0,20,0,20,129
results\d6_r2_formal\raw_r1\boot_01\batch_20260920T084117.839701Z_a5223b2f.json.gz,20260920T084117.839701Z_a5223b2f,4,812b4ab4-a286-4405-9614-20804cdb1ca4,d6r2_812b4ab4-a286-4405-9614-20804cdb1ca4_9701_24913cbd,91,calibration:sham,normal,cpu,role_aggregate,20,128,32,middle,True,True,0,20,40,"{""2"": 20}",0,20,0,20,129
results\d6_r2_formal\raw_r1\boot_01\batch_20260920T084120.263967Z_da193fb5.json.gz,20260920T084120.263967Z_da193fb5,4,812b4ab4-a286-4405-9614-20804cdb1ca4,d6r2_812b4ab4-a286-4405-9614-20804cdb1ca4_9701_24913cbd,92,calibration:unloaded,normal,baseline,role_aggregate,20,128,32,middle,True,True,0,20,40,"{""2"": 20}",0,20,0,20,129
results\d6_r2_formal\raw_r1\boot_01\batch_20260920T084128.863381Z_ae0333ff.json.gz,20260920T084128.863381Z_ae0333ff,4,812b4ab4-a286-4405-9614-20804cdb1ca4,d6r2_812b4ab4-a286-4405-9614-20804cdb1ca4_9701_24913cbd,93,calibration:sham,normal,cpu,role_aggregate,20,128,32,middle,True,True,0,20,40,"{""2"": 20}",0,20,0,20,129
results\d6_r2_formal\raw_r1\boot_01\batch_20260920T084137.568380Z_dc93ce71.json.gz,20260920T084137.568380Z_dc93ce71,4,812b4ab4-a286-4405-9614-20804cdb1ca4,d6r2_812b4ab4-a286-4405-9614-20804cdb1ca4_9701_24913cbd,94,calibration:unloaded,normal,cpu,role_aggregate,20,128,32,middle,True,True,0,20,40,"{""2"": 20}",0,20,0,20,129
results\d6_r2_formal\raw_r1\boot_01\batch_20260920T084139.887646Z_3a1a70a4.json.gz,20260920T084139.887646Z_3a1a70a4,4,812b4ab4-a286-4405-9614-20804cdb1ca4,d6r2_812b4ab4-a286-4405-9614-20804cdb1ca4_9701_24913cbd,95,calibration:unloaded,normal,baseline,role_aggregate,20,128,32,middle,True,True,0,20,40,"{""2"": 20}",0,20,0,20,129
results\d6_r2_formal\raw_r1\boot_01\batch_20260920T084142.243370Z_dddc75af.json.gz,20260920T084142.243370Z_dddc75af,4,812b4ab4-a286-4405-9614-20804cdb1ca4,d6r2_812b4ab4-a286-4405-9614-20804cdb1ca4_9701_24913cbd,96,calibration:unloaded,normal,baseline,role_aggregate,20,128,32,middle,True,True,0,20,40,"{""2"": 20}",0,20,0,20,129
results\d6_r2_formal\raw_r1\boot_01\batch_20260920T084150.697347Z_6ef4cd84.json.gz,20260920T084150.697347Z_6ef4cd84,4,812b4ab4-a286-4405-9614-20804cdb1ca4,d6r2_812b4ab4-a286-4405-9614-20804cdb1ca4_9701_24913cbd,97,calibration:sham,normal,cpu,role_aggregate,20,128,32,middle,True,True,0,20,40,"{""2"": 20}",0,20,0,20,129
results\d6_r2_formal\raw_r1\boot_01\batch_20260920T084159.178670Z_7300db63.json.gz,20260920T084159.178670Z_7300db63,4,812b4ab4-a286-4405-9614-20804cdb1ca4,d6r2_812b4ab4-a286-4405-9614-20804cdb1ca4_9701_24913cbd,98,calibration:sham,normal,cpu,role_aggregate,20,128,32,middle,True,True,0,20,40,"{""2"": 20}",0,20,0,20,129
results\d6_r2_formal\raw_r1\boot_01\batch_20260920T084207.639659Z_c3a15355.json.gz,20260920T084207.639659Z_c3a15355,4,812b4ab4-a286-4405-9614-20804cdb1ca4,d6r2_812b4ab4-a286-4405-9614-20804cdb1ca4_9701_24913cbd,99,calibration:unloaded,normal,cpu,role_aggregate,20,128,32,middle,True,True,0,20,40,"{""2"": 20}",0,20,0,20,129
results\d6_r2_formal\raw_r1\boot_01\batch_20260920T084210.077223Z_e7a4f185.json.gz,20260920T084210.077223Z_e7a4f185,4,812b4ab4-a286-4405-9614-20804cdb1ca4,d6r2_812b4ab4-a286-4405-9614-20804cdb1ca4_9701_24913cbd,100,test:unloaded,normal,baseline,role_aggregate,20,128,32,middle,True,True,0,20,40,"{""2"": 20}",0,20,0,20,129
results\d6_r2_formal\raw_r1\boot_01\batch_20260920T084212.368596Z_c909ac6e.json.gz,20260920T084212.368596Z_c909ac6e,4,812b4ab4-a286-4405-9614-20804cdb1ca4,d6r2_812b4ab4-a286-4405-9614-20804cdb1ca4_9701_24913cbd,101,test:unloaded,normal,baseline,role_aggregate,20,128,32,middle,True,True,0,20,40,"{""2"": 20}",0,20,0,20,129
results\d6_r2_formal\raw_r1\boot_01\batch_20260920T084214.691183Z_341861fa.json.gz,20260920T084214.691183Z_341861fa,4,812b4ab4-a286-4405-9614-20804cdb1ca4,d6r2_812b4ab4-a286-4405-9614-20804cdb1ca4_9701_24913cbd,102,test:unloaded,normal,baseline,role_aggregate,20,128,32,middle,True,True,0,20,40,"{""2"": 20}",0,20,0,20,129
results\d6_r2_formal\raw_r1\boot_01\batch_20260920T084217.102400Z_603bb009.json.gz,20260920T084217.102400Z_603bb009,4,812b4ab4-a286-4405-9614-20804cdb1ca4,d6r2_812b4ab4-a286-4405-9614-20804cdb1ca4_9701_24913cbd,103,test:unloaded,normal,baseline,role_aggregate,20,128,32,middle,True,True,0,20,40,"{""2"": 20}",0,20,0,20,129
results\d6_r2_formal\raw_r1\boot_01\batch_20260920T084219.597431Z_4078d828.json.gz,20260920T084219.597431Z_4078d828,4,812b4ab4-a286-4405-9614-20804cdb1ca4,d6r2_812b4ab4-a286-4405-9614-20804cdb1ca4_9701_24913cbd,104,test:unloaded,normal,baseline,role_aggregate,20,128,32,middle,True,True,0,20,40,"{""2"": 20}",0,20,0,20,129
results\d6_r2_formal\raw_r1\boot_01\batch_20260920T084221.905534Z_2a7b1b0d.json.gz,20260920T084221.905534Z_2a7b1b0d,4,812b4ab4-a286-4405-9614-20804cdb1ca4,d6r2_812b4ab4-a286-4405-9614-20804cdb1ca4_9701_24913cbd,105,test:unloaded,normal,baseline,role_aggregate,20,128,32,middle,True,True,0,20,40,"{""2"": 20}",0,20,0,20,129
results\d6_r2_formal\raw_r1\boot_01\batch_20260920T084224.176440Z_8b3b1ddc.json.gz,20260920T084224.176440Z_8b3b1ddc,4,812b4ab4-a286-4405-9614-20804cdb1ca4,d6r2_812b4ab4-a286-4405-9614-20804cdb1ca4_9701_24913cbd,106,test:unloaded,normal,baseline,role_aggregate,20,128,32,middle,True,True,0,20,40,"{""2"": 20}",0,20,0,20,129
results\d6_r2_formal\raw_r1\boot_01\batch_20260920T084226.521567Z_0a61ec37.json.gz,20260920T084226.521567Z_0a61ec37,4,812b4ab4-a286-4405-9614-20804cdb1ca4,d6r2_812b4ab4-a286-4405-9614-20804cdb1ca4_9701_24913cbd,107,test:unloaded,normal,baseline,role_aggregate,20,128,32,middle,True,True,0,20,40,"{""2"": 20}",0,20,0,20,129
results\d6_r2_formal\raw_r1\boot_01\batch_20260920T084228.920625Z_05ba5257.json.gz,20260920T084228.920625Z_05ba5257,4,812b4ab4-a286-4405-9614-20804cdb1ca4,d6r2_812b4ab4-a286-4405-9614-20804cdb1ca4_9701_24913cbd,108,test:unloaded,normal,baseline,role_aggregate,20,128,32,middle,True,True,0,20,40,"{""2"": 20}",0,20,0,20,129
results\d6_r2_formal\raw_r1\boot_01\batch_20260920T084231.364664Z_55a520af.json.gz,20260920T084231.364664Z_55a520af,4,812b4ab4-a286-4405-9614-20804cdb1ca4,d6r2_812b4ab4-a286-4405-9614-20804cdb1ca4_9701_24913cbd,109,test:unloaded,normal,baseline,role_aggregate,20,128,32,middle,True,True,0,20,40,"{""2"": 20}",0,20,0,20,129
results\d6_r2_formal\raw_r1\boot_01\batch_20260920T084233.637812Z_2fa1ab9f.json.gz,20260920T084233.637812Z_2fa1ab9f,4,812b4ab4-a286-4405-9614-20804cdb1ca4,d6r2_812b4ab4-a286-4405-9614-20804cdb1ca4_9701_24913cbd,110,test:unloaded,normal,baseline,role_aggregate,20,128,32,middle,True,True,0,20,40,"{""2"": 20}",0,20,0,20,129
results\d6_r2_formal\raw_r1\boot_01\batch_20260920T084235.871238Z_62b0453e.json.gz,20260920T084235.871238Z_62b0453e,4,812b4ab4-a286-4405-9614-20804cdb1ca4,d6r2_812b4ab4-a286-4405-9614-20804cdb1ca4_9701_24913cbd,111,test:unloaded,normal,baseline,role_aggregate,20,128,32,middle,True,True,0,20,40,"{""2"": 20}",0,20,0,20,129
results\d6_r2_formal\raw_r1\boot_01\batch_20260920T084238.132678Z_892890c6.json.gz,20260920T084238.132678Z_892890c6,4,812b4ab4-a286-4405-9614-20804cdb1ca4,d6r2_812b4ab4-a286-4405-9614-20804cdb1ca4_9701_24913cbd,112,test:unloaded,normal,baseline,role_aggregate,20,128,32,middle,True,True,0,20,40,"{""2"": 20}",0,20,0,20,129
results\d6_r2_formal\raw_r1\boot_01\batch_20260920T084240.376075Z_5c9a9c16.json.gz,20260920T084240.376075Z_5c9a9c16,4,812b4ab4-a286-4405-9614-20804cdb1ca4,d6r2_812b4ab4-a286-4405-9614-20804cdb1ca4_9701_24913cbd,113,test:unloaded,normal,baseline,role_aggregate,20,128,32,middle,True,True,0,20,40,"{""2"": 20}",0,20,0,20,129
results\d6_r2_formal\raw_r1\boot_01\batch_20260920T084242.651249Z_524e7f44.json.gz,20260920T084242.651249Z_524e7f44,4,812b4ab4-a286-4405-9614-20804cdb1ca4,d6r2_812b4ab4-a286-4405-9614-20804cdb1ca4_9701_24913cbd,114,test:unloaded,normal,baseline,role_aggregate,20,128,32,middle,True,True,0,20,40,"{""2"": 20}",0,20,0,20,129
results\d6_r2_formal\raw_r1\boot_01\batch_20260920T084245.016462Z_227574dd.json.gz,20260920T084245.016462Z_227574dd,4,812b4ab4-a286-4405-9614-20804cdb1ca4,d6r2_812b4ab4-a286-4405-9614-20804cdb1ca4_9701_24913cbd,115,test:unloaded,normal,baseline,role_aggregate,20,128,32,middle,True,True,0,20,40,"{""2"": 20}",0,20,0,20,129
results\d6_r2_formal\raw_r1\boot_01\batch_20260920T084247.294676Z_adfd64f4.json.gz,20260920T084247.294676Z_adfd64f4,4,812b4ab4-a286-4405-9614-20804cdb1ca4,d6r2_812b4ab4-a286-4405-9614-20804cdb1ca4_9701_24913cbd,116,test:unloaded,normal,baseline,role_aggregate,20,128,32,middle,True,True,0,20,40,"{""2"": 20}",0,20,0,20,129
results\d6_r2_formal\raw_r1\boot_01\batch_20260920T084249.526789Z_567f1fe0.json.gz,20260920T084249.526789Z_567f1fe0,4,812b4ab4-a286-4405-9614-20804cdb1ca4,d6r2_812b4ab4-a286-4405-9614-20804cdb1ca4_9701_24913cbd,117,test:unloaded,normal,baseline,role_aggregate,20,128,32,middle,True,True,0,20,40,"{""2"": 20}",0,20,0,20,129
results\d6_r2_formal\raw_r1\boot_01\batch_20260920T084251.866195Z_f7b4e815.json.gz,20260920T084251.866195Z_f7b4e815,4,812b4ab4-a286-4405-9614-20804cdb1ca4,d6r2_812b4ab4-a286-4405-9614-20804cdb1ca4_9701_24913cbd,118,test:unloaded,normal,baseline,role_aggregate,20,128,32,middle,True,True,0,20,40,"{""2"": 20}",0,20,0,20,129
results\d6_r2_formal\raw_r1\boot_01\batch_20260920T084254.143458Z_77f363ff.json.gz,20260920T084254.143458Z_77f363ff,4,812b4ab4-a286-4405-9614-20804cdb1ca4,d6r2_812b4ab4-a286-4405-9614-20804cdb1ca4_9701_24913cbd,119,test:unloaded,normal,baseline,role_aggregate,20,128,32,middle,True,True,0,20,40,"{""2"": 20}",0,20,0,20,129
results\d6_r2_formal\raw_r1\boot_01\batch_20260920T084302.630512Z_ff62e46c.json.gz,20260920T084302.630512Z_ff62e46c,4,812b4ab4-a286-4405-9614-20804cdb1ca4,d6r2_812b4ab4-a286-4405-9614-20804cdb1ca4_9701_24913cbd,120,test:unloaded,normal,cpu,role_aggregate,20,128,32,middle,True,True,0,20,40,"{""2"": 20}",0,20,0,20,129
results\d6_r2_formal\raw_r1\boot_01\batch_20260920T084311.054717Z_9da6468c.json.gz,20260920T084311.054717Z_9da6468c,4,812b4ab4-a286-4405-9614-20804cdb1ca4,d6r2_812b4ab4-a286-4405-9614-20804cdb1ca4_9701_24913cbd,121,test:unloaded,normal,cpu,role_aggregate,20,128,32,middle,True,True,0,20,40,"{""2"": 20}",0,20,0,20,129
results\d6_r2_formal\raw_r1\boot_01\batch_20260920T084319.339258Z_fe3473f3.json.gz,20260920T084319.339258Z_fe3473f3,4,812b4ab4-a286-4405-9614-20804cdb1ca4,d6r2_812b4ab4-a286-4405-9614-20804cdb1ca4_9701_24913cbd,122,test:unloaded,normal,cpu,role_aggregate,20,128,32,middle,True,True,0,20,40,"{""2"": 20}",0,20,0,20,129
results\d6_r2_formal\raw_r1\boot_01\batch_20260920T084327.662792Z_e2c1b563.json.gz,20260920T084327.662792Z_e2c1b563,4,812b4ab4-a286-4405-9614-20804cdb1ca4,d6r2_812b4ab4-a286-4405-9614-20804cdb1ca4_9701_24913cbd,123,test:unloaded,normal,cpu,role_aggregate,20,128,32,middle,True,True,0,20,40,"{""2"": 20}",0,20,0,20,129
results\d6_r2_formal\raw_r1\boot_01\batch_20260920T084336.197752Z_9f0050c0.json.gz,20260920T084336.197752Z_9f0050c0,4,812b4ab4-a286-4405-9614-20804cdb1ca4,d6r2_812b4ab4-a286-4405-9614-20804cdb1ca4_9701_24913cbd,124,test:unloaded,normal,cpu,role_aggregate,20,128,32,middle,True,True,0,20,40,"{""2"": 20}",0,20,0,20,129
results\d6_r2_formal\raw_r1\boot_01\batch_20260920T084344.543294Z_3735ad7e.json.gz,20260920T084344.543294Z_3735ad7e,4,812b4ab4-a286-4405-9614-20804cdb1ca4,d6r2_812b4ab4-a286-4405-9614-20804cdb1ca4_9701_24913cbd,125,test:unloaded,normal,cpu,role_aggregate,20,128,32,middle,True,True,0,20,40,"{""2"": 20}",0,20,0,20,129
results\d6_r2_formal\raw_r1\boot_01\batch_20260920T084352.871781Z_3b40f549.json.gz,20260920T084352.871781Z_3b40f549,4,812b4ab4-a286-4405-9614-20804cdb1ca4,d6r2_812b4ab4-a286-4405-9614-20804cdb1ca4_9701_24913cbd,126,test:unloaded,normal,cpu,role_aggregate,20,128,32,middle,True,True,0,20,40,"{""2"": 20}",0,20,0,20,129
results\d6_r2_formal\raw_r1\boot_01\batch_20260920T084401.139394Z_e5bfdb4d.json.gz,20260920T084401.139394Z_e5bfdb4d,4,812b4ab4-a286-4405-9614-20804cdb1ca4,d6r2_812b4ab4-a286-4405-9614-20804cdb1ca4_9701_24913cbd,127,test:unloaded,normal,cpu,role_aggregate,20,128,32,middle,True,True,0,20,40,"{""2"": 20}",0,20,0,20,129
results\d6_r2_formal\raw_r1\boot_01\batch_20260920T084409.372371Z_af7d0aee.json.gz,20260920T084409.372371Z_af7d0aee,4,812b4ab4-a286-4405-9614-20804cdb1ca4,d6r2_812b4ab4-a286-4405-9614-20804cdb1ca4_9701_24913cbd,128,test:unloaded,normal,cpu,role_aggregate,20,128,32,middle,True,True,0,20,40,"{""2"": 20}",0,20,0,20,129
results\d6_r2_formal\raw_r1\boot_01\batch_20260920T084417.796408Z_b9ba0591.json.gz,20260920T084417.796408Z_b9ba0591,4,812b4ab4-a286-4405-9614-20804cdb1ca4,d6r2_812b4ab4-a286-4405-9614-20804cdb1ca4_9701_24913cbd,129,test:unloaded,normal,cpu,role_aggregate,20,128,32,middle,True,True,0,20,40,"{""2"": 20}",0,20,0,20,129
results\d6_r2_formal\raw_r1\boot_01\batch_20260920T084426.268859Z_fbaab28e.json.gz,20260920T084426.268859Z_fbaab28e,4,812b4ab4-a286-4405-9614-20804cdb1ca4,d6r2_812b4ab4-a286-4405-9614-20804cdb1ca4_9701_24913cbd,130,test:unloaded,normal,cpu,role_aggregate,20,128,32,middle,True,True,0,20,40,"{""2"": 20}",0,20,0,20,129
results\d6_r2_formal\raw_r1\boot_01\batch_20260920T084434.742635Z_a4e4ae42.json.gz,20260920T084434.742635Z_a4e4ae42,4,812b4ab4-a286-4405-9614-20804cdb1ca4,d6r2_812b4ab4-a286-4405-9614-20804cdb1ca4_9701_24913cbd,131,test:unloaded,normal,cpu,role_aggregate,20,128,32,middle,True,True,0,20,40,"{""2"": 20}",0,20,0,20,129
results\d6_r2_formal\raw_r1\boot_01\batch_20260920T084443.214559Z_e4bc530e.json.gz,20260920T084443.214559Z_e4bc530e,4,812b4ab4-a286-4405-9614-20804cdb1ca4,d6r2_812b4ab4-a286-4405-9614-20804cdb1ca4_9701_24913cbd,132,test:unloaded,normal,cpu,role_aggregate,20,128,32,middle,True,True,0,20,40,"{""2"": 20}",0,20,0,20,129
results\d6_r2_formal\raw_r1\boot_01\batch_20260920T084451.627374Z_7c9ceffd.json.gz,20260920T084451.627374Z_7c9ceffd,4,812b4ab4-a286-4405-9614-20804cdb1ca4,d6r2_812b4ab4-a286-4405-9614-20804cdb1ca4_9701_24913cbd,133,test:unloaded,normal,cpu,role_aggregate,20,128,32,middle,True,True,0,20,40,"{""2"": 20}",0,20,0,20,129
results\d6_r2_formal\raw_r1\boot_01\batch_20260920T084459.978373Z_eb7a7b4b.json.gz,20260920T084459.978373Z_eb7a7b4b,4,812b4ab4-a286-4405-9614-20804cdb1ca4,d6r2_812b4ab4-a286-4405-9614-20804cdb1ca4_9701_24913cbd,134,test:unloaded,normal,cpu,role_aggregate,20,128,32,middle,True,True,0,20,40,"{""2"": 20}",0,20,0,20,129
results\d6_r2_formal\raw_r1\boot_01\batch_20260920T084508.419744Z_e220dd59.json.gz,20260920T084508.419744Z_e220dd59,4,812b4ab4-a286-4405-9614-20804cdb1ca4,d6r2_812b4ab4-a286-4405-9614-20804cdb1ca4_9701_24913cbd,135,test:unloaded,normal,cpu,role_aggregate,20,128,32,middle,True,True,0,20,40,"{""2"": 20}",0,20,0,20,129
results\d6_r2_formal\raw_r1\boot_01\batch_20260920T084516.755308Z_9a112b94.json.gz,20260920T084516.755308Z_9a112b94,4,812b4ab4-a286-4405-9614-20804cdb1ca4,d6r2_812b4ab4-a286-4405-9614-20804cdb1ca4_9701_24913cbd,136,test:unloaded,normal,cpu,role_aggregate,20,128,32,middle,True,True,0,20,40,"{""2"": 20}",0,20,0,20,129
results\d6_r2_formal\raw_r1\boot_01\batch_20260920T084525.287752Z_73ef3eb1.json.gz,20260920T084525.287752Z_73ef3eb1,4,812b4ab4-a286-4405-9614-20804cdb1ca4,d6r2_812b4ab4-a286-4405-9614-20804cdb1ca4_9701_24913cbd,137,test:unloaded,normal,cpu,role_aggregate,20,128,32,middle,True,True,0,20,40,"{""2"": 20}",0,20,0,20,129
results\d6_r2_formal\raw_r1\boot_01\batch_20260920T084533.596315Z_765c53a9.json.gz,20260920T084533.596315Z_765c53a9,4,812b4ab4-a286-4405-9614-20804cdb1ca4,d6r2_812b4ab4-a286-4405-9614-20804cdb1ca4_9701_24913cbd,138,test:unloaded,normal,cpu,role_aggregate,20,128,32,middle,True,True,0,20,40,"{""2"": 20}",0,20,0,20,129
results\d6_r2_formal\raw_r1\boot_01\batch_20260920T084541.950679Z_d560465a.json.gz,20260920T084541.950679Z_d560465a,4,812b4ab4-a286-4405-9614-20804cdb1ca4,d6r2_812b4ab4-a286-4405-9614-20804cdb1ca4_9701_24913cbd,139,test:unloaded,normal,cpu,role_aggregate,20,128,32,middle,True,True,0,20,40,"{""2"": 20}",0,20,0,20,129
results\d6_r2_formal\raw_r1\boot_01\batch_20260920T084550.261696Z_9a46456a.json.gz,20260920T084550.261696Z_9a46456a,4,812b4ab4-a286-4405-9614-20804cdb1ca4,d6r2_812b4ab4-a286-4405-9614-20804cdb1ca4_9701_24913cbd,140,test:unloaded,normal,cpu,role_aggregate,20,128,32,middle,True,True,0,20,40,"{""2"": 20}",0,20,0,20,129
results\d6_r2_formal\raw_r1\boot_01\batch_20260920T084558.591718Z_43f611c1.json.gz,20260920T084558.591718Z_43f611c1,4,812b4ab4-a286-4405-9614-20804cdb1ca4,d6r2_812b4ab4-a286-4405-9614-20804cdb1ca4_9701_24913cbd,141,test:unloaded,normal,cpu,role_aggregate,20,128,32,middle,True,True,0,20,40,"{""2"": 20}",0,20,0,20,129
results\d6_r2_formal\raw_r1\boot_01\batch_20260920T084607.022798Z_acd83c2d.json.gz,20260920T084607.022798Z_acd83c2d,4,812b4ab4-a286-4405-9614-20804cdb1ca4,d6r2_812b4ab4-a286-4405-9614-20804cdb1ca4_9701_24913cbd,142,test:unloaded,normal,cpu,role_aggregate,20,128,32,middle,True,True,0,20,40,"{""2"": 20}",0,20,0,20,129
results\d6_r2_formal\raw_r1\boot_01\batch_20260920T084615.627284Z_bdfe8806.json.gz,20260920T084615.627284Z_bdfe8806,4,812b4ab4-a286-4405-9614-20804cdb1ca4,d6r2_812b4ab4-a286-4405-9614-20804cdb1ca4_9701_24913cbd,143,test:unloaded,normal,cpu,role_aggregate,20,128,32,middle,True,True,0,20,40,"{""2"": 20}",0,20,0,20,129
results\d6_r2_formal\raw_r1\boot_01\batch_20260920T084624.252494Z_41c4a924.json.gz,20260920T084624.252494Z_41c4a924,4,812b4ab4-a286-4405-9614-20804cdb1ca4,d6r2_812b4ab4-a286-4405-9614-20804cdb1ca4_9701_24913cbd,144,test:unloaded,normal,cpu,role_aggregate,20,128,32,middle,True,True,0,20,40,"{""2"": 20}",0,20,0,20,129
results\d6_r2_formal\raw_r1\boot_01\batch_20260920T084632.692277Z_9242dbdd.json.gz,20260920T084632.692277Z_9242dbdd,4,812b4ab4-a286-4405-9614-20804cdb1ca4,d6r2_812b4ab4-a286-4405-9614-20804cdb1ca4_9701_24913cbd,145,test:unloaded,normal,cpu,role_aggregate,20,128,32,middle,True,True,0,20,40,"{""2"": 20}",0,20,0,20,129
results\d6_r2_formal\raw_r1\boot_01\batch_20260920T084641.114395Z_cfbfdd17.json.gz,20260920T084641.114395Z_cfbfdd17,4,812b4ab4-a286-4405-9614-20804cdb1ca4,d6r2_812b4ab4-a286-4405-9614-20804cdb1ca4_9701_24913cbd,146,test:unloaded,normal,cpu,role_aggregate,20,128,32,middle,True,True,0,20,40,"{""2"": 20}",0,20,0,20,129
results\d6_r2_formal\raw_r1\boot_01\batch_20260920T084649.488740Z_6b6bb49f.json.gz,20260920T084649.488740Z_6b6bb49f,4,812b4ab4-a286-4405-9614-20804cdb1ca4,d6r2_812b4ab4-a286-4405-9614-20804cdb1ca4_9701_24913cbd,147,test:unloaded,normal,cpu,role_aggregate,20,128,32,middle,True,True,0,20,40,"{""2"": 20}",0,20,0,20,129
results\d6_r2_formal\raw_r1\boot_01\batch_20260920T084657.915310Z_d055bd01.json.gz,20260920T084657.915310Z_d055bd01,4,812b4ab4-a286-4405-9614-20804cdb1ca4,d6r2_812b4ab4-a286-4405-9614-20804cdb1ca4_9701_24913cbd,148,test:unloaded,normal,cpu,role_aggregate,20,128,32,middle,True,True,0,20,40,"{""2"": 20}",0,20,0,20,129
results\d6_r2_formal\raw_r1\boot_01\batch_20260920T084706.456332Z_31946465.json.gz,20260920T084706.456332Z_31946465,4,812b4ab4-a286-4405-9614-20804cdb1ca4,d6r2_812b4ab4-a286-4405-9614-20804cdb1ca4_9701_24913cbd,149,test:unloaded,normal,cpu,role_aggregate,20,128,32,middle,True,True,0,20,40,"{""2"": 20}",0,20,0,20,129
results\d6_r2_formal\raw_r1\boot_01\batch_20260920T084714.833593Z_3576c6bc.json.gz,20260920T084714.833593Z_3576c6bc,4,812b4ab4-a286-4405-9614-20804cdb1ca4,d6r2_812b4ab4-a286-4405-9614-20804cdb1ca4_9701_24913cbd,150,test:unloaded,normal,cpu,role_aggregate,20,128,32,middle,True,True,0,20,40,"{""2"": 20}",0,20,0,20,129
results\d6_r2_formal\raw_r1\boot_01\batch_20260920T084723.218786Z_039e6d3b.json.gz,20260920T084723.218786Z_039e6d3b,4,812b4ab4-a286-4405-9614-20804cdb1ca4,d6r2_812b4ab4-a286-4405-9614-20804cdb1ca4_9701_24913cbd,151,test:unloaded,normal,cpu,role_aggregate,20,128,32,middle,True,True,0,20,40,"{""2"": 20}",0,20,0,20,129
results\d6_r2_formal\raw_r1\boot_01\batch_20260920T084731.607405Z_f95f6153.json.gz,20260920T084731.607405Z_f95f6153,4,812b4ab4-a286-4405-9614-20804cdb1ca4,d6r2_812b4ab4-a286-4405-9614-20804cdb1ca4_9701_24913cbd,152,test:unloaded,normal,cpu,role_aggregate,20,128,32,middle,True,True,0,20,40,"{""2"": 20}",0,20,0,20,129
results\d6_r2_formal\raw_r1\boot_01\batch_20260920T084739.968458Z_f61cd953.json.gz,20260920T084739.968458Z_f61cd953,4,812b4ab4-a286-4405-9614-20804cdb1ca4,d6r2_812b4ab4-a286-4405-9614-20804cdb1ca4_9701_24913cbd,153,test:unloaded,normal,cpu,role_aggregate,20,128,32,middle,True,True,0,20,40,"{""2"": 20}",0,20,0,20,129
results\d6_r2_formal\raw_r1\boot_01\batch_20260920T084748.364791Z_1412c66d.json.gz,20260920T084748.364791Z_1412c66d,4,812b4ab4-a286-4405-9614-20804cdb1ca4,d6r2_812b4ab4-a286-4405-9614-20804cdb1ca4_9701_24913cbd,154,test:unloaded,normal,cpu,role_aggregate,20,128,32,middle,True,True,0,20,40,"{""2"": 20}",0,20,0,20,129
results\d6_r2_formal\raw_r1\boot_01\batch_20260920T084756.781398Z_67fcf9e1.json.gz,20260920T084756.781398Z_67fcf9e1,4,812b4ab4-a286-4405-9614-20804cdb1ca4,d6r2_812b4ab4-a286-4405-9614-20804cdb1ca4_9701_24913cbd,155,test:unloaded,normal,cpu,role_aggregate,20,128,32,middle,True,True,0,20,40,"{""2"": 20}",0,20,0,20,129
results\d6_r2_formal\raw_r1\boot_01\batch_20260920T084805.047335Z_d44f1adb.json.gz,20260920T084805.047335Z_d44f1adb,4,812b4ab4-a286-4405-9614-20804cdb1ca4,d6r2_812b4ab4-a286-4405-9614-20804cdb1ca4_9701_24913cbd,156,test:unloaded,normal,cpu,role_aggregate,20,128,32,middle,True,True,0,20,40,"{""2"": 20}",0,20,0,20,129
results\d6_r2_formal\raw_r1\boot_01\batch_20260920T084813.417392Z_2319ddb1.json.gz,20260920T084813.417392Z_2319ddb1,4,812b4ab4-a286-4405-9614-20804cdb1ca4,d6r2_812b4ab4-a286-4405-9614-20804cdb1ca4_9701_24913cbd,157,test:unloaded,normal,cpu,role_aggregate,20,128,32,middle,True,True,0,20,40,"{""2"": 20}",0,20,0,20,129
results\d6_r2_formal\raw_r1\boot_01\batch_20260920T084821.880615Z_76d3ad17.json.gz,20260920T084821.880615Z_76d3ad17,4,812b4ab4-a286-4405-9614-20804cdb1ca4,d6r2_812b4ab4-a286-4405-9614-20804cdb1ca4_9701_24913cbd,158,test:unloaded,normal,cpu,role_aggregate,20,128,32,middle,True,True,0,20,40,"{""2"": 20}",0,20,0,20,129
results\d6_r2_formal\raw_r1\boot_01\batch_20260920T084830.186415Z_b441ea50.json.gz,20260920T084830.186415Z_b441ea50,4,812b4ab4-a286-4405-9614-20804cdb1ca4,d6r2_812b4ab4-a286-4405-9614-20804cdb1ca4_9701_24913cbd,159,test:unloaded,normal,cpu,role_aggregate,20,128,32,middle,True,True,0,20,40,"{""2"": 20}",0,20,0,20,129
results\d6_r2_formal\raw_r1\boot_01\batch_20260920T084833.656327Z_972b2233.json.gz,20260920T084833.656327Z_972b2233,4,812b4ab4-a286-4405-9614-20804cdb1ca4,d6r2_812b4ab4-a286-4405-9614-20804cdb1ca4_9701_24913cbd,160,test:unloaded,normal,memory,role_aggregate,20,128,32,middle,True,True,0,20,40,"{""2"": 20}",0,20,0,20,129
results\d6_r2_formal\raw_r1\boot_01\batch_20260920T084837.048626Z_2e8a27b6.json.gz,20260920T084837.048626Z_2e8a27b6,4,812b4ab4-a286-4405-9614-20804cdb1ca4,d6r2_812b4ab4-a286-4405-9614-20804cdb1ca4_9701_24913cbd,161,test:unloaded,normal,memory,role_aggregate,20,128,32,middle,True,True,0,20,40,"{""2"": 20}",0,20,0,20,129
results\d6_r2_formal\raw_r1\boot_01\batch_20260920T084840.455368Z_8f17c358.json.gz,20260920T084840.455368Z_8f17c358,4,812b4ab4-a286-4405-9614-20804cdb1ca4,d6r2_812b4ab4-a286-4405-9614-20804cdb1ca4_9701_24913cbd,162,test:unloaded,normal,memory,role_aggregate,20,128,32,middle,True,True,0,20,40,"{""2"": 20}",0,20,0,20,129
results\d6_r2_formal\raw_r1\boot_01\batch_20260920T084843.872598Z_57919c76.json.gz,20260920T084843.872598Z_57919c76,4,812b4ab4-a286-4405-9614-20804cdb1ca4,d6r2_812b4ab4-a286-4405-9614-20804cdb1ca4_9701_24913cbd,163,test:unloaded,normal,memory,role_aggregate,20,128,32,middle,True,True,0,20,40,"{""2"": 20}",0,20,0,20,129
results\d6_r2_formal\raw_r1\boot_01\batch_20260920T084847.211689Z_8b38fac9.json.gz,20260920T084847.211689Z_8b38fac9,4,812b4ab4-a286-4405-9614-20804cdb1ca4,d6r2_812b4ab4-a286-4405-9614-20804cdb1ca4_9701_24913cbd,164,test:unloaded,normal,memory,role_aggregate,20,128,32,middle,True,True,0,20,40,"{""2"": 20}",0,20,0,20,129
results\d6_r2_formal\raw_r1\boot_01\batch_20260920T084850.568636Z_340edf7c.json.gz,20260920T084850.568636Z_340edf7c,4,812b4ab4-a286-4405-9614-20804cdb1ca4,d6r2_812b4ab4-a286-4405-9614-20804cdb1ca4_9701_24913cbd,165,test:unloaded,normal,memory,role_aggregate,20,128,32,middle,True,True,0,20,40,"{""2"": 20}",0,20,0,20,129
results\d6_r2_formal\raw_r1\boot_01\batch_20260920T084853.894230Z_fd6a30d4.json.gz,20260920T084853.894230Z_fd6a30d4,4,812b4ab4-a286-4405-9614-20804cdb1ca4,d6r2_812b4ab4-a286-4405-9614-20804cdb1ca4_9701_24913cbd,166,test:unloaded,normal,memory,role_aggregate,20,128,32,middle,True,True,0,20,40,"{""2"": 20}",0,20,0,20,129
results\d6_r2_formal\raw_r1\boot_01\batch_20260920T084857.278691Z_3343a74a.json.gz,20260920T084857.278691Z_3343a74a,4,812b4ab4-a286-4405-9614-20804cdb1ca4,d6r2_812b4ab4-a286-4405-9614-20804cdb1ca4_9701_24913cbd,167,test:unloaded,normal,memory,role_aggregate,20,128,32,middle,True,True,0,20,40,"{""2"": 20}",0,20,0,20,129
results\d6_r2_formal\raw_r1\boot_01\batch_20260920T084900.591385Z_d6a90d5c.json.gz,20260920T084900.591385Z_d6a90d5c,4,812b4ab4-a286-4405-9614-20804cdb1ca4,d6r2_812b4ab4-a286-4405-9614-20804cdb1ca4_9701_24913cbd,168,test:unloaded,normal,memory,role_aggregate,20,128,32,middle,True,True,0,20,40,"{""2"": 20}",0,20,0,20,129
results\d6_r2_formal\raw_r1\boot_01\batch_20260920T084904.001483Z_f3a9cd6c.json.gz,20260920T084904.001483Z_f3a9cd6c,4,812b4ab4-a286-4405-9614-20804cdb1ca4,d6r2_812b4ab4-a286-4405-9614-20804cdb1ca4_9701_24913cbd,169,test:unloaded,normal,memory,role_aggregate,20,128,32,middle,True,True,0,20,40,"{""2"": 20}",0,20,0,20,129
results\d6_r2_formal\raw_r1\boot_01\batch_20260920T084907.307334Z_727f3586.json.gz,20260920T084907.307334Z_727f3586,4,812b4ab4-a286-4405-9614-20804cdb1ca4,d6r2_812b4ab4-a286-4405-9614-20804cdb1ca4_9701_24913cbd,170,test:unloaded,normal,memory,role_aggregate,20,128,32,middle,True,True,0,20,40,"{""2"": 20}",0,20,0,20,129
results\d6_r2_formal\raw_r1\boot_01\batch_20260920T084910.696623Z_d1ba344c.json.gz,20260920T084910.696623Z_d1ba344c,4,812b4ab4-a286-4405-9614-20804cdb1ca4,d6r2_812b4ab4-a286-4405-9614-20804cdb1ca4_9701_24913cbd,171,test:unloaded,normal,memory,role_aggregate,20,128,32,middle,True,True,0,20,40,"{""2"": 20}",0,20,0,20,129
results\d6_r2_formal\raw_r1\boot_01\batch_20260920T084914.119367Z_02f6c798.json.gz,20260920T084914.119367Z_02f6c798,4,812b4ab4-a286-4405-9614-20804cdb1ca4,d6r2_812b4ab4-a286-4405-9614-20804cdb1ca4_9701_24913cbd,172,test:unloaded,normal,memory,role_aggregate,20,128,32,middle,True,True,0,20,40,"{""2"": 20}",0,20,0,20,129
results\d6_r2_formal\raw_r1\boot_01\batch_20260920T084917.507771Z_c3ae7770.json.gz,20260920T084917.507771Z_c3ae7770,4,812b4ab4-a286-4405-9614-20804cdb1ca4,d6r2_812b4ab4-a286-4405-9614-20804cdb1ca4_9701_24913cbd,173,test:unloaded,normal,memory,role_aggregate,20,128,32,middle,True,True,0,20,40,"{""2"": 20}",0,20,0,20,129
results\d6_r2_formal\raw_r1\boot_01\batch_20260920T084921.042223Z_0b449fb5.json.gz,20260920T084921.042223Z_0b449fb5,4,812b4ab4-a286-4405-9614-20804cdb1ca4,d6r2_812b4ab4-a286-4405-9614-20804cdb1ca4_9701_24913cbd,174,test:unloaded,normal,memory,role_aggregate,20,128,32,middle,True,True,0,20,40,"{""2"": 20}",0,20,0,20,129
results\d6_r2_formal\raw_r1\boot_01\batch_20260920T084924.418350Z_68debd89.json.gz,20260920T084924.418350Z_68debd89,4,812b4ab4-a286-4405-9614-20804cdb1ca4,d6r2_812b4ab4-a286-4405-9614-20804cdb1ca4_9701_24913cbd,175,test:unloaded,normal,memory,role_aggregate,20,128,32,middle,True,True,0,20,40,"{""2"": 20}",0,20,0,20,129
results\d6_r2_formal\raw_r1\boot_01\batch_20260920T084927.716829Z_d43749e0.json.gz,20260920T084927.716829Z_d43749e0,4,812b4ab4-a286-4405-9614-20804cdb1ca4,d6r2_812b4ab4-a286-4405-9614-20804cdb1ca4_9701_24913cbd,176,test:unloaded,normal,memory,role_aggregate,20,128,32,middle,True,True,0,20,40,"{""2"": 20}",0,20,0,20,129
results\d6_r2_formal\raw_r1\boot_01\batch_20260920T084931.014821Z_52ac7f24.json.gz,20260920T084931.014821Z_52ac7f24,4,812b4ab4-a286-4405-9614-20804cdb1ca4,d6r2_812b4ab4-a286-4405-9614-20804cdb1ca4_9701_24913cbd,177,test:unloaded,normal,memory,role_aggregate,20,128,32,middle,True,True,0,20,40,"{""2"": 20}",0,20,0,20,129
results\d6_r2_formal\raw_r1\boot_01\batch_20260920T084934.375364Z_6cfcc710.json.gz,20260920T084934.375364Z_6cfcc710,4,812b4ab4-a286-4405-9614-20804cdb1ca4,d6r2_812b4ab4-a286-4405-9614-20804cdb1ca4_9701_24913cbd,178,test:unloaded,normal,memory,role_aggregate,20,128,32,middle,True,True,0,20,40,"{""2"": 20}",0,20,0,20,129
results\d6_r2_formal\raw_r1\boot_01\batch_20260920T084937.732526Z_e9530a31.json.gz,20260920T084937.732526Z_e9530a31,4,812b4ab4-a286-4405-9614-20804cdb1ca4,d6r2_812b4ab4-a286-4405-9614-20804cdb1ca4_9701_24913cbd,179,test:unloaded,normal,memory,role_aggregate,20,128,32,middle,True,True,0,20,40,"{""2"": 20}",0,20,0,20,129
results\d6_r2_formal\raw_r1\boot_01\batch_20260920T084941.008680Z_341322de.json.gz,20260920T084941.008680Z_341322de,4,812b4ab4-a286-4405-9614-20804cdb1ca4,d6r2_812b4ab4-a286-4405-9614-20804cdb1ca4_9701_24913cbd,180,test:unloaded,normal,memory,role_aggregate,20,128,32,middle,True,True,0,20,40,"{""2"": 20}",0,20,0,20,129
results\d6_r2_formal\raw_r1\boot_01\batch_20260920T084944.415370Z_39941753.json.gz,20260920T084944.415370Z_39941753,4,812b4ab4-a286-4405-9614-20804cdb1ca4,d6r2_812b4ab4-a286-4405-9614-20804cdb1ca4_9701_24913cbd,181,test:unloaded,normal,memory,role_aggregate,20,128,32,middle,True,True,0,20,40,"{""2"": 20}",0,20,0,20,129
results\d6_r2_formal\raw_r1\boot_01\batch_20260920T084947.641784Z_55b523b1.json.gz,20260920T084947.641784Z_55b523b1,4,812b4ab4-a286-4405-9614-20804cdb1ca4,d6r2_812b4ab4-a286-4405-9614-20804cdb1ca4_9701_24913cbd,182,test:unloaded,normal,memory,role_aggregate,20,128,32,middle,True,True,0,20,40,"{""2"": 20}",0,20,0,20,129
results\d6_r2_formal\raw_r1\boot_01\batch_20260920T084950.834328Z_a7123af6.json.gz,20260920T084950.834328Z_a7123af6,4,812b4ab4-a286-4405-9614-20804cdb1ca4,d6r2_812b4ab4-a286-4405-9614-20804cdb1ca4_9701_24913cbd,183,test:unloaded,normal,memory,role_aggregate,20,128,32,middle,True,True,0,20,40,"{""2"": 20}",0,20,0,20,129
results\d6_r2_formal\raw_r1\boot_01\batch_20260920T084954.165443Z_4c487882.json.gz,20260920T084954.165443Z_4c487882,4,812b4ab4-a286-4405-9614-20804cdb1ca4,d6r2_812b4ab4-a286-4405-9614-20804cdb1ca4_9701_24913cbd,184,test:unloaded,normal,memory,role_aggregate,20,128,32,middle,True,True,0,20,40,"{""2"": 20}",0,20,0,20,129
results\d6_r2_formal\raw_r1\boot_01\batch_20260920T084957.481791Z_3c1563b3.json.gz,20260920T084957.481791Z_3c1563b3,4,812b4ab4-a286-4405-9614-20804cdb1ca4,d6r2_812b4ab4-a286-4405-9614-20804cdb1ca4_9701_24913cbd,185,test:unloaded,normal,memory,role_aggregate,20,128,32,middle,True,True,0,20,40,"{""2"": 20}",0,20,0,20,129
results\d6_r2_formal\raw_r1\boot_01\batch_20260920T085000.848412Z_bae7cea4.json.gz,20260920T085000.848412Z_bae7cea4,4,812b4ab4-a286-4405-9614-20804cdb1ca4,d6r2_812b4ab4-a286-4405-9614-20804cdb1ca4_9701_24913cbd,186,test:unloaded,normal,memory,role_aggregate,20,128,32,middle,True,True,0,20,40,"{""2"": 20}",0,20,0,20,129
results\d6_r2_formal\raw_r1\boot_01\batch_20260920T085004.138758Z_9c0c2df5.json.gz,20260920T085004.138758Z_9c0c2df5,4,812b4ab4-a286-4405-9614-20804cdb1ca4,d6r2_812b4ab4-a286-4405-9614-20804cdb1ca4_9701_24913cbd,187,test:unloaded,normal,memory,role_aggregate,20,128,32,middle,True,True,0,20,40,"{""2"": 20}",0,20,0,20,129
results\d6_r2_formal\raw_r1\boot_01\batch_20260920T085007.436367Z_62247c4e.json.gz,20260920T085007.436367Z_62247c4e,4,812b4ab4-a286-4405-9614-20804cdb1ca4,d6r2_812b4ab4-a286-4405-9614-20804cdb1ca4_9701_24913cbd,188,test:unloaded,normal,memory,role_aggregate,20,128,32,middle,True,True,0,20,40,"{""2"": 20}",0,20,0,20,129
results\d6_r2_formal\raw_r1\boot_01\batch_20260920T085010.784304Z_aa425fd8.json.gz,20260920T085010.784304Z_aa425fd8,4,812b4ab4-a286-4405-9614-20804cdb1ca4,d6r2_812b4ab4-a286-4405-9614-20804cdb1ca4_9701_24913cbd,189,test:unloaded,normal,memory,role_aggregate,20,128,32,middle,True,True,0,20,40,"{""2"": 20}",0,20,0,20,129
results\d6_r2_formal\raw_r1\boot_01\batch_20260920T085014.251710Z_a69a6eff.json.gz,20260920T085014.251710Z_a69a6eff,4,812b4ab4-a286-4405-9614-20804cdb1ca4,d6r2_812b4ab4-a286-4405-9614-20804cdb1ca4_9701_24913cbd,190,test:unloaded,normal,memory,role_aggregate,20,128,32,middle,True,True,0,20,40,"{""2"": 20}",0,20,0,20,129
results\d6_r2_formal\raw_r1\boot_01\batch_20260920T085017.649235Z_576f0484.json.gz,20260920T085017.649235Z_576f0484,4,812b4ab4-a286-4405-9614-20804cdb1ca4,d6r2_812b4ab4-a286-4405-9614-20804cdb1ca4_9701_24913cbd,191,test:unloaded,normal,memory,role_aggregate,20,128,32,middle,True,True,0,20,40,"{""2"": 20}",0,20,0,20,129
results\d6_r2_formal\raw_r1\boot_01\batch_20260920T085021.306415Z_4f8a942a.json.gz,20260920T085021.306415Z_4f8a942a,4,812b4ab4-a286-4405-9614-20804cdb1ca4,d6r2_812b4ab4-a286-4405-9614-20804cdb1ca4_9701_24913cbd,192,test:unloaded,normal,memory,role_aggregate,20,128,32,middle,True,True,0,20,40,"{""2"": 20}",0,20,0,20,129
results\d6_r2_formal\raw_r1\boot_01\batch_20260920T085024.639510Z_a9887995.json.gz,20260920T085024.639510Z_a9887995,4,812b4ab4-a286-4405-9614-20804cdb1ca4,d6r2_812b4ab4-a286-4405-9614-20804cdb1ca4_9701_24913cbd,193,test:unloaded,normal,memory,role_aggregate,20,128,32,middle,True,True,0,20,40,"{""2"": 20}",0,20,0,20,129
results\d6_r2_formal\raw_r1\boot_01\batch_20260920T085027.969256Z_30649feb.json.gz,20260920T085027.969256Z_30649feb,4,812b4ab4-a286-4405-9614-20804cdb1ca4,d6r2_812b4ab4-a286-4405-9614-20804cdb1ca4_9701_24913cbd,194,test:unloaded,normal,memory,role_aggregate,20,128,32,middle,True,True,0,20,40,"{""2"": 20}",0,20,0,20,129
results\d6_r2_formal\raw_r1\boot_01\batch_20260920T085031.297495Z_11c1cc5d.json.gz,20260920T085031.297495Z_11c1cc5d,4,812b4ab4-a286-4405-9614-20804cdb1ca4,d6r2_812b4ab4-a286-4405-9614-20804cdb1ca4_9701_24913cbd,195,test:unloaded,normal,memory,role_aggregate,20,128,32,middle,True,True,0,20,40,"{""2"": 20}",0,20,0,20,129
results\d6_r2_formal\raw_r1\boot_01\batch_20260920T085034.711469Z_c0d0c7e4.json.gz,20260920T085034.711469Z_c0d0c7e4,4,812b4ab4-a286-4405-9614-20804cdb1ca4,d6r2_812b4ab4-a286-4405-9614-20804cdb1ca4_9701_24913cbd,196,test:unloaded,normal,memory,role_aggregate,20,128,32,middle,True,True,0,20,40,"{""2"": 20}",0,20,0,20,129
results\d6_r2_formal\raw_r1\boot_01\batch_20260920T085038.077702Z_6038c780.json.gz,20260920T085038.077702Z_6038c780,4,812b4ab4-a286-4405-9614-20804cdb1ca4,d6r2_812b4ab4-a286-4405-9614-20804cdb1ca4_9701_24913cbd,197,test:unloaded,normal,memory,role_aggregate,20,128,32,middle,True,True,0,20,40,"{""2"": 20}",0,20,0,20,129
results\d6_r2_formal\raw_r1\boot_01\batch_20260920T085041.393609Z_ea3a9bfa.json.gz,20260920T085041.393609Z_ea3a9bfa,4,812b4ab4-a286-4405-9614-20804cdb1ca4,d6r2_812b4ab4-a286-4405-9614-20804cdb1ca4_9701_24913cbd,198,test:unloaded,normal,memory,role_aggregate,20,128,32,middle,True,True,0,20,40,"{""2"": 20}",0,20,0,20,129
results\d6_r2_formal\raw_r1\boot_01\batch_20260920T085044.897700Z_27d6e86b.json.gz,20260920T085044.897700Z_27d6e86b,4,812b4ab4-a286-4405-9614-20804cdb1ca4,d6r2_812b4ab4-a286-4405-9614-20804cdb1ca4_9701_24913cbd,199,test:unloaded,normal,memory,role_aggregate,20,128,32,middle,True,True,0,20,40,"{""2"": 20}",0,20,0,20,129
results\d6_r2_formal\raw_r1\boot_01\batch_20260920T085053.259705Z_da4adab5.json.gz,20260920T085053.259705Z_da4adab5,4,812b4ab4-a286-4405-9614-20804cdb1ca4,d6r2_812b4ab4-a286-4405-9614-20804cdb1ca4_9701_24913cbd,200,test:unloaded,normal,mixed,role_aggregate,20,128,32,middle,True,True,0,20,40,"{""2"": 20}",0,20,0,20,129
results\d6_r2_formal\raw_r1\boot_01\batch_20260920T085101.662566Z_1c118950.json.gz,20260920T085101.662566Z_1c118950,4,812b4ab4-a286-4405-9614-20804cdb1ca4,d6r2_812b4ab4-a286-4405-9614-20804cdb1ca4_9701_24913cbd,201,test:unloaded,normal,mixed,role_aggregate,20,128,32,middle,True,True,0,20,40,"{""2"": 20}",0,20,0,20,129
results\d6_r2_formal\raw_r1\boot_01\batch_20260920T085110.045365Z_311c89ae.json.gz,20260920T085110.045365Z_311c89ae,4,812b4ab4-a286-4405-9614-20804cdb1ca4,d6r2_812b4ab4-a286-4405-9614-20804cdb1ca4_9701_24913cbd,202,test:unloaded,normal,mixed,role_aggregate,20,128,32,middle,True,True,0,20,40,"{""2"": 20}",0,20,0,20,129
results\d6_r2_formal\raw_r1\boot_01\batch_20260920T085118.537401Z_94cacbf4.json.gz,20260920T085118.537401Z_94cacbf4,4,812b4ab4-a286-4405-9614-20804cdb1ca4,d6r2_812b4ab4-a286-4405-9614-20804cdb1ca4_9701_24913cbd,203,test:unloaded,normal,mixed,role_aggregate,20,128,32,middle,True,True,0,20,40,"{""2"": 20}",0,20,0,20,129
results\d6_r2_formal\raw_r1\boot_01\batch_20260920T085126.976705Z_0db218d9.json.gz,20260920T085126.976705Z_0db218d9,4,812b4ab4-a286-4405-9614-20804cdb1ca4,d6r2_812b4ab4-a286-4405-9614-20804cdb1ca4_9701_24913cbd,204,test:unloaded,normal,mixed,role_aggregate,20,128,32,middle,True,True,0,20,40,"{""2"": 20}",0,20,0,20,129
results\d6_r2_formal\raw_r1\boot_01\batch_20260920T085135.616352Z_541d73da.json.gz,20260920T085135.616352Z_541d73da,4,812b4ab4-a286-4405-9614-20804cdb1ca4,d6r2_812b4ab4-a286-4405-9614-20804cdb1ca4_9701_24913cbd,205,test:unloaded,normal,mixed,role_aggregate,20,128,32,middle,True,True,0,20,40,"{""2"": 20}",0,20,0,20,129
results\d6_r2_formal\raw_r1\boot_01\batch_20260920T085143.969790Z_7c6f40da.json.gz,20260920T085143.969790Z_7c6f40da,4,812b4ab4-a286-4405-9614-20804cdb1ca4,d6r2_812b4ab4-a286-4405-9614-20804cdb1ca4_9701_24913cbd,206,test:unloaded,normal,mixed,role_aggregate,20,128,32,middle,True,True,0,20,40,"{""2"": 20}",0,20,0,20,129
results\d6_r2_formal\raw_r1\boot_01\batch_20260920T085152.382682Z_12019ee1.json.gz,20260920T085152.382682Z_12019ee1,4,812b4ab4-a286-4405-9614-20804cdb1ca4,d6r2_812b4ab4-a286-4405-9614-20804cdb1ca4_9701_24913cbd,207,test:unloaded,normal,mixed,role_aggregate,20,128,32,middle,True,True,0,20,40,"{""2"": 20}",0,20,0,20,129
results\d6_r2_formal\raw_r1\boot_01\batch_20260920T085200.808625Z_28cf95ec.json.gz,20260920T085200.808625Z_28cf95ec,4,812b4ab4-a286-4405-9614-20804cdb1ca4,d6r2_812b4ab4-a286-4405-9614-20804cdb1ca4_9701_24913cbd,208,test:unloaded,normal,mixed,role_aggregate,20,128,32,middle,True,True,0,20,40,"{""2"": 20}",0,20,0,20,129
results\d6_r2_formal\raw_r1\boot_01\batch_20260920T085209.057808Z_4db96a3a.json.gz,20260920T085209.057808Z_4db96a3a,4,812b4ab4-a286-4405-9614-20804cdb1ca4,d6r2_812b4ab4-a286-4405-9614-20804cdb1ca4_9701_24913cbd,209,test:unloaded,normal,mixed,role_aggregate,20,128,32,middle,True,True,0,20,40,"{""2"": 20}",0,20,0,20,129
results\d6_r2_formal\raw_r1\boot_01\batch_20260920T085217.514641Z_8789a9b7.json.gz,20260920T085217.514641Z_8789a9b7,4,812b4ab4-a286-4405-9614-20804cdb1ca4,d6r2_812b4ab4-a286-4405-9614-20804cdb1ca4_9701_24913cbd,210,test:unloaded,normal,mixed,role_aggregate,20,128,32,middle,True,True,0,20,40,"{""2"": 20}",0,20,0,20,129
results\d6_r2_formal\raw_r1\boot_01\batch_20260920T085225.997263Z_f99de17b.json.gz,20260920T085225.997263Z_f99de17b,4,812b4ab4-a286-4405-9614-20804cdb1ca4,d6r2_812b4ab4-a286-4405-9614-20804cdb1ca4_9701_24913cbd,211,test:unloaded,normal,mixed,role_aggregate,20,128,32,middle,True,True,0,20,40,"{""2"": 20}",0,20,0,20,129
results\d6_r2_formal\raw_r1\boot_01\batch_20260920T085234.364642Z_cbe49234.json.gz,20260920T085234.364642Z_cbe49234,4,812b4ab4-a286-4405-9614-20804cdb1ca4,d6r2_812b4ab4-a286-4405-9614-20804cdb1ca4_9701_24913cbd,212,test:unloaded,normal,mixed,role_aggregate,20,128,32,middle,True,True,0,20,40,"{""2"": 20}",0,20,0,20,129
results\d6_r2_formal\raw_r1\boot_01\batch_20260920T085242.687533Z_4e72c4cc.json.gz,20260920T085242.687533Z_4e72c4cc,4,812b4ab4-a286-4405-9614-20804cdb1ca4,d6r2_812b4ab4-a286-4405-9614-20804cdb1ca4_9701_24913cbd,213,test:unloaded,normal,mixed,role_aggregate,20,128,32,middle,True,True,0,20,40,"{""2"": 20}",0,20,0,20,129
results\d6_r2_formal\raw_r1\boot_01\batch_20260920T085251.156349Z_3018a69b.json.gz,20260920T085251.156349Z_3018a69b,4,812b4ab4-a286-4405-9614-20804cdb1ca4,d6r2_812b4ab4-a286-4405-9614-20804cdb1ca4_9701_24913cbd,214,test:unloaded,normal,mixed,role_aggregate,20,128,32,middle,True,True,0,20,40,"{""2"": 20}",0,20,0,20,129
results\d6_r2_formal\raw_r1\boot_01\batch_20260920T085259.571773Z_68da671f.json.gz,20260920T085259.571773Z_68da671f,4,812b4ab4-a286-4405-9614-20804cdb1ca4,d6r2_812b4ab4-a286-4405-9614-20804cdb1ca4_9701_24913cbd,215,test:unloaded,normal,mixed,role_aggregate,20,128,32,middle,True,True,0,20,40,"{""2"": 20}",0,20,0,20,129
results\d6_r2_formal\raw_r1\boot_01\batch_20260920T085308.002136Z_836b2a00.json.gz,20260920T085308.002136Z_836b2a00,4,812b4ab4-a286-4405-9614-20804cdb1ca4,d6r2_812b4ab4-a286-4405-9614-20804cdb1ca4_9701_24913cbd,216,test:unloaded,normal,mixed,role_aggregate,20,128,32,middle,True,True,0,20,40,"{""2"": 20}",0,20,0,20,129
results\d6_r2_formal\raw_r1\boot_01\batch_20260920T085316.461259Z_14f0d342.json.gz,20260920T085316.461259Z_14f0d342,4,812b4ab4-a286-4405-9614-20804cdb1ca4,d6r2_812b4ab4-a286-4405-9614-20804cdb1ca4_9701_24913cbd,217,test:unloaded,normal,mixed,role_aggregate,20,128,32,middle,True,True,0,20,40,"{""2"": 20}",0,20,0,20,129
results\d6_r2_formal\raw_r1\boot_01\batch_20260920T085324.872199Z_802126e9.json.gz,20260920T085324.872199Z_802126e9,4,812b4ab4-a286-4405-9614-20804cdb1ca4,d6r2_812b4ab4-a286-4405-9614-20804cdb1ca4_9701_24913cbd,218,test:unloaded,normal,mixed,role_aggregate,20,128,32,middle,True,True,0,20,40,"{""2"": 20}",0,20,0,20,129
results\d6_r2_formal\raw_r1\boot_01\batch_20260920T085333.356803Z_c51a4ef4.json.gz,20260920T085333.356803Z_c51a4ef4,4,812b4ab4-a286-4405-9614-20804cdb1ca4,d6r2_812b4ab4-a286-4405-9614-20804cdb1ca4_9701_24913cbd,219,test:unloaded,normal,mixed,role_aggregate,20,128,32,middle,True,True,0,20,40,"{""2"": 20}",0,20,0,20,129
results\d6_r2_formal\raw_r1\boot_01\batch_20260920T085341.774708Z_873b6901.json.gz,20260920T085341.774708Z_873b6901,4,812b4ab4-a286-4405-9614-20804cdb1ca4,d6r2_812b4ab4-a286-4405-9614-20804cdb1ca4_9701_24913cbd,220,test:unloaded,normal,mixed,role_aggregate,20,128,32,middle,True,True,0,20,40,"{""2"": 20}",0,20,0,20,129
results\d6_r2_formal\raw_r1\boot_01\batch_20260920T085350.248604Z_c65f57c1.json.gz,20260920T085350.248604Z_c65f57c1,4,812b4ab4-a286-4405-9614-20804cdb1ca4,d6r2_812b4ab4-a286-4405-9614-20804cdb1ca4_9701_24913cbd,221,test:unloaded,normal,mixed,role_aggregate,20,128,32,middle,True,True,0,20,40,"{""2"": 20}",0,20,0,20,129
results\d6_r2_formal\raw_r1\boot_01\batch_20260920T085358.507343Z_ece93245.json.gz,20260920T085358.507343Z_ece93245,4,812b4ab4-a286-4405-9614-20804cdb1ca4,d6r2_812b4ab4-a286-4405-9614-20804cdb1ca4_9701_24913cbd,222,test:unloaded,normal,mixed,role_aggregate,20,128,32,middle,True,True,0,20,40,"{""2"": 20}",0,20,0,20,129
results\d6_r2_formal\raw_r1\boot_01\batch_20260920T085406.918523Z_b08bfa4e.json.gz,20260920T085406.918523Z_b08bfa4e,4,812b4ab4-a286-4405-9614-20804cdb1ca4,d6r2_812b4ab4-a286-4405-9614-20804cdb1ca4_9701_24913cbd,223,test:unloaded,normal,mixed,role_aggregate,20,128,32,middle,True,True,0,20,40,"{""2"": 20}",0,20,0,20,129
results\d6_r2_formal\raw_r1\boot_01\batch_20260920T085415.460365Z_cdad03a7.json.gz,20260920T085415.460365Z_cdad03a7,4,812b4ab4-a286-4405-9614-20804cdb1ca4,d6r2_812b4ab4-a286-4405-9614-20804cdb1ca4_9701_24913cbd,224,test:unloaded,normal,mixed,role_aggregate,20,128,32,middle,True,True,0,20,40,"{""2"": 20}",0,20,0,20,129
results\d6_r2_formal\raw_r1\boot_01\batch_20260920T085423.937321Z_bae6bf1a.json.gz,20260920T085423.937321Z_bae6bf1a,4,812b4ab4-a286-4405-9614-20804cdb1ca4,d6r2_812b4ab4-a286-4405-9614-20804cdb1ca4_9701_24913cbd,225,test:unloaded,normal,mixed,role_aggregate,20,128,32,middle,True,True,0,20,40,"{""2"": 20}",0,20,0,20,129
results\d6_r2_formal\raw_r1\boot_01\batch_20260920T085432.369619Z_69ba53e6.json.gz,20260920T085432.369619Z_69ba53e6,4,812b4ab4-a286-4405-9614-20804cdb1ca4,d6r2_812b4ab4-a286-4405-9614-20804cdb1ca4_9701_24913cbd,226,test:unloaded,normal,mixed,role_aggregate,20,128,32,middle,True,True,0,20,40,"{""2"": 20}",0,20,0,20,129
results\d6_r2_formal\raw_r1\boot_01\batch_20260920T085440.999509Z_d92b944b.json.gz,20260920T085440.999509Z_d92b944b,4,812b4ab4-a286-4405-9614-20804cdb1ca4,d6r2_812b4ab4-a286-4405-9614-20804cdb1ca4_9701_24913cbd,227,test:unloaded,normal,mixed,role_aggregate,20,128,32,middle,True,True,0,20,40,"{""2"": 20}",0,20,0,20,129
results\d6_r2_formal\raw_r1\boot_01\batch_20260920T085449.770246Z_8678c7da.json.gz,20260920T085449.770246Z_8678c7da,4,812b4ab4-a286-4405-9614-20804cdb1ca4,d6r2_812b4ab4-a286-4405-9614-20804cdb1ca4_9701_24913cbd,228,test:unloaded,normal,mixed,role_aggregate,20,128,32,middle,True,True,0,20,40,"{""2"": 20}",0,20,0,20,129
results\d6_r2_formal\raw_r1\boot_01\batch_20260920T085458.373815Z_c99993f8.json.gz,20260920T085458.373815Z_c99993f8,4,812b4ab4-a286-4405-9614-20804cdb1ca4,d6r2_812b4ab4-a286-4405-9614-20804cdb1ca4_9701_24913cbd,229,test:unloaded,normal,mixed,role_aggregate,20,128,32,middle,True,True,0,20,40,"{""2"": 20}",0,20,0,20,129
results\d6_r2_formal\raw_r1\boot_01\batch_20260920T085507.645315Z_04480dbc.json.gz,20260920T085507.645315Z_04480dbc,4,812b4ab4-a286-4405-9614-20804cdb1ca4,d6r2_812b4ab4-a286-4405-9614-20804cdb1ca4_9701_24913cbd,230,test:unloaded,normal,mixed,role_aggregate,20,128,32,middle,True,True,0,20,40,"{""2"": 20}",0,20,0,20,129
results\d6_r2_formal\raw_r1\boot_01\batch_20260920T085516.200785Z_b1d308b3.json.gz,20260920T085516.200785Z_b1d308b3,4,812b4ab4-a286-4405-9614-20804cdb1ca4,d6r2_812b4ab4-a286-4405-9614-20804cdb1ca4_9701_24913cbd,231,test:unloaded,normal,mixed,role_aggregate,20,128,32,middle,True,True,0,20,40,"{""2"": 20}",0,20,0,20,129
results\d6_r2_formal\raw_r1\boot_01\batch_20260920T085524.595845Z_33bd6c86.json.gz,20260920T085524.595845Z_33bd6c86,4,812b4ab4-a286-4405-9614-20804cdb1ca4,d6r2_812b4ab4-a286-4405-9614-20804cdb1ca4_9701_24913cbd,232,test:unloaded,normal,mixed,role_aggregate,20,128,32,middle,True,True,0,20,40,"{""2"": 20}",0,20,0,20,129
results\d6_r2_formal\raw_r1\boot_01\batch_20260920T085533.689322Z_65e8d142.json.gz,20260920T085533.689322Z_65e8d142,4,812b4ab4-a286-4405-9614-20804cdb1ca4,d6r2_812b4ab4-a286-4405-9614-20804cdb1ca4_9701_24913cbd,233,test:unloaded,normal,mixed,role_aggregate,20,128,32,middle,True,True,0,20,40,"{""2"": 20}",0,20,0,20,129
results\d6_r2_formal\raw_r1\boot_01\batch_20260920T085542.189764Z_6579ba2a.json.gz,20260920T085542.189764Z_6579ba2a,4,812b4ab4-a286-4405-9614-20804cdb1ca4,d6r2_812b4ab4-a286-4405-9614-20804cdb1ca4_9701_24913cbd,234,test:unloaded,normal,mixed,role_aggregate,20,128,32,middle,True,True,0,20,40,"{""2"": 20}",0,20,0,20,129
results\d6_r2_formal\raw_r1\boot_01\batch_20260920T085550.950722Z_57c1df42.json.gz,20260920T085550.950722Z_57c1df42,4,812b4ab4-a286-4405-9614-20804cdb1ca4,d6r2_812b4ab4-a286-4405-9614-20804cdb1ca4_9701_24913cbd,235,test:unloaded,normal,mixed,role_aggregate,20,128,32,middle,True,True,0,20,40,"{""2"": 20}",0,20,0,20,129
results\d6_r2_formal\raw_r1\boot_01\batch_20260920T085559.803592Z_ed511883.json.gz,20260920T085559.803592Z_ed511883,4,812b4ab4-a286-4405-9614-20804cdb1ca4,d6r2_812b4ab4-a286-4405-9614-20804cdb1ca4_9701_24913cbd,236,test:unloaded,normal,mixed,role_aggregate,20,128,32,middle,True,True,0,20,40,"{""2"": 20}",0,20,0,20,129
results\d6_r2_formal\raw_r1\boot_01\batch_20260920T085608.261690Z_f4aa1a5a.json.gz,20260920T085608.261690Z_f4aa1a5a,4,812b4ab4-a286-4405-9614-20804cdb1ca4,d6r2_812b4ab4-a286-4405-9614-20804cdb1ca4_9701_24913cbd,237,test:unloaded,normal,mixed,role_aggregate,20,128,32,middle,True,True,0,20,40,"{""2"": 20}",0,20,0,20,129
results\d6_r2_formal\raw_r1\boot_01\batch_20260920T085617.156520Z_b2127ef3.json.gz,20260920T085617.156520Z_b2127ef3,4,812b4ab4-a286-4405-9614-20804cdb1ca4,d6r2_812b4ab4-a286-4405-9614-20804cdb1ca4_9701_24913cbd,238,test:unloaded,normal,mixed,role_aggregate,20,128,32,middle,True,True,0,20,40,"{""2"": 20}",0,20,0,20,129
results\d6_r2_formal\raw_r1\boot_01\batch_20260920T085625.668253Z_1511c5d2.json.gz,20260920T085625.668253Z_1511c5d2,4,812b4ab4-a286-4405-9614-20804cdb1ca4,d6r2_812b4ab4-a286-4405-9614-20804cdb1ca4_9701_24913cbd,239,test:unloaded,normal,mixed,role_aggregate,20,128,32,middle,True,True,0,20,40,"{""2"": 20}",0,20,0,20,129
results\d6_r2_formal\raw_r1\boot_01\batch_20260920T085628.037642Z_29d4294d.json.gz,20260920T085628.037642Z_29d4294d,4,812b4ab4-a286-4405-9614-20804cdb1ca4,d6r2_812b4ab4-a286-4405-9614-20804cdb1ca4_9701_24913cbd,240,test:hiding,rootkit,baseline,role_aggregate,20,128,32,middle,True,True,0,20,40,"{""2"": 20}",0,20,0,0,
results\d6_r2_formal\raw_r1\boot_01\batch_20260920T085631.038639Z_81d34a23.json.gz,20260920T085631.038639Z_81d34a23,4,812b4ab4-a286-4405-9614-20804cdb1ca4,d6r2_812b4ab4-a286-4405-9614-20804cdb1ca4_9701_24913cbd,241,test:hiding,rootkit,baseline,role_aggregate,20,128,32,middle,True,True,0,20,40,"{""2"": 20}",0,20,0,0,
results\d6_r2_formal\raw_r1\boot_01\batch_20260920T085634.035567Z_9f977237.json.gz,20260920T085634.035567Z_9f977237,4,812b4ab4-a286-4405-9614-20804cdb1ca4,d6r2_812b4ab4-a286-4405-9614-20804cdb1ca4_9701_24913cbd,242,test:hiding,rootkit,baseline,role_aggregate,20,128,32,middle,True,True,0,20,40,"{""2"": 20}",0,20,0,0,
results\d6_r2_formal\raw_r1\boot_01\batch_20260920T085637.209664Z_8e65e2c9.json.gz,20260920T085637.209664Z_8e65e2c9,4,812b4ab4-a286-4405-9614-20804cdb1ca4,d6r2_812b4ab4-a286-4405-9614-20804cdb1ca4_9701_24913cbd,243,test:hiding,rootkit,baseline,role_aggregate,20,128,32,middle,True,True,0,20,40,"{""2"": 20}",0,20,0,0,
results\d6_r2_formal\raw_r1\boot_01\batch_20260920T085640.176337Z_fe51d305.json.gz,20260920T085640.176337Z_fe51d305,4,812b4ab4-a286-4405-9614-20804cdb1ca4,d6r2_812b4ab4-a286-4405-9614-20804cdb1ca4_9701_24913cbd,244,test:hiding,rootkit,baseline,role_aggregate,20,128,32,middle,True,True,0,20,40,"{""2"": 20}",0,20,0,0,
results\d6_r2_formal\raw_r1\boot_01\batch_20260920T085643.157912Z_a1dd6b6f.json.gz,20260920T085643.157912Z_a1dd6b6f,4,812b4ab4-a286-4405-9614-20804cdb1ca4,d6r2_812b4ab4-a286-4405-9614-20804cdb1ca4_9701_24913cbd,245,test:hiding,rootkit,baseline,role_aggregate,20,128,32,middle,True,True,0,20,40,"{""2"": 20}",0,20,0,0,
results\d6_r2_formal\raw_r1\boot_01\batch_20260920T085646.535768Z_bf6b59f2.json.gz,20260920T085646.535768Z_bf6b59f2,4,812b4ab4-a286-4405-9614-20804cdb1ca4,d6r2_812b4ab4-a286-4405-9614-20804cdb1ca4_9701_24913cbd,246,test:hiding,rootkit,baseline,role_aggregate,20,128,32,middle,True,True,0,20,40,"{""2"": 20}",0,20,0,0,
results\d6_r2_formal\raw_r1\boot_01\batch_20260920T085649.584632Z_dc35a418.json.gz,20260920T085649.584632Z_dc35a418,4,812b4ab4-a286-4405-9614-20804cdb1ca4,d6r2_812b4ab4-a286-4405-9614-20804cdb1ca4_9701_24913cbd,247,test:hiding,rootkit,baseline,role_aggregate,20,128,32,middle,True,True,0,20,40,"{""2"": 20}",0,20,0,0,
results\d6_r2_formal\raw_r1\boot_01\batch_20260920T085652.942289Z_d36f4933.json.gz,20260920T085652.942289Z_d36f4933,4,812b4ab4-a286-4405-9614-20804cdb1ca4,d6r2_812b4ab4-a286-4405-9614-20804cdb1ca4_9701_24913cbd,248,test:hiding,rootkit,baseline,role_aggregate,20,128,32,middle,True,True,0,20,40,"{""2"": 20}",0,20,0,0,
results\d6_r2_formal\raw_r1\boot_01\batch_20260920T085655.996564Z_88d9a0e2.json.gz,20260920T085655.996564Z_88d9a0e2,4,812b4ab4-a286-4405-9614-20804cdb1ca4,d6r2_812b4ab4-a286-4405-9614-20804cdb1ca4_9701_24913cbd,249,test:hiding,rootkit,baseline,role_aggregate,20,128,32,middle,True,True,0,20,40,"{""2"": 20}",0,20,0,0,
results\d6_r2_formal\raw_r1\boot_01\batch_20260920T085659.214701Z_e0f12e2d.json.gz,20260920T085659.214701Z_e0f12e2d,4,812b4ab4-a286-4405-9614-20804cdb1ca4,d6r2_812b4ab4-a286-4405-9614-20804cdb1ca4_9701_24913cbd,250,test:hiding,rootkit,baseline,role_aggregate,20,128,32,middle,True,True,0,20,40,"{""2"": 20}",0,20,0,0,
results\d6_r2_formal\raw_r1\boot_01\batch_20260920T085702.154776Z_670fcef1.json.gz,20260920T085702.154776Z_670fcef1,4,812b4ab4-a286-4405-9614-20804cdb1ca4,d6r2_812b4ab4-a286-4405-9614-20804cdb1ca4_9701_24913cbd,251,test:hiding,rootkit,baseline,role_aggregate,20,128,32,middle,True,True,0,20,40,"{""2"": 20}",0,20,0,0,
results\d6_r2_formal\raw_r1\boot_01\batch_20260920T085705.224381Z_ca74bac4.json.gz,20260920T085705.224381Z_ca74bac4,4,812b4ab4-a286-4405-9614-20804cdb1ca4,d6r2_812b4ab4-a286-4405-9614-20804cdb1ca4_9701_24913cbd,252,test:hiding,rootkit,baseline,role_aggregate,20,128,32,middle,True,True,0,20,40,"{""2"": 20}",0,20,0,0,
results\d6_r2_formal\raw_r1\boot_01\batch_20260920T085708.245084Z_561e33dc.json.gz,20260920T085708.245084Z_561e33dc,4,812b4ab4-a286-4405-9614-20804cdb1ca4,d6r2_812b4ab4-a286-4405-9614-20804cdb1ca4_9701_24913cbd,253,test:hiding,rootkit,baseline,role_aggregate,20,128,32,middle,True,True,0,20,40,"{""2"": 20}",0,20,0,0,
results\d6_r2_formal\raw_r1\boot_01\batch_20260920T085711.121482Z_de062ef6.json.gz,20260920T085711.121482Z_de062ef6,4,812b4ab4-a286-4405-9614-20804cdb1ca4,d6r2_812b4ab4-a286-4405-9614-20804cdb1ca4_9701_24913cbd,254,test:hiding,rootkit,baseline,role_aggregate,20,128,32,middle,True,True,0,20,40,"{""2"": 20}",0,20,0,0,
results\d6_r2_formal\raw_r1\boot_01\batch_20260920T085714.125293Z_efa83df4.json.gz,20260920T085714.125293Z_efa83df4,4,812b4ab4-a286-4405-9614-20804cdb1ca4,d6r2_812b4ab4-a286-4405-9614-20804cdb1ca4_9701_24913cbd,255,test:hiding,rootkit,baseline,role_aggregate,20,128,32,middle,True,True,0,20,40,"{""2"": 20}",0,20,0,0,
results\d6_r2_formal\raw_r1\boot_01\batch_20260920T085717.108455Z_62a65533.json.gz,20260920T085717.108455Z_62a65533,4,812b4ab4-a286-4405-9614-20804cdb1ca4,d6r2_812b4ab4-a286-4405-9614-20804cdb1ca4_9701_24913cbd,256,test:hiding,rootkit,baseline,role_aggregate,20,128,32,middle,True,True,0,20,40,"{""2"": 20}",0,20,0,0,
results\d6_r2_formal\raw_r1\boot_01\batch_20260920T085720.038623Z_7be62679.json.gz,20260920T085720.038623Z_7be62679,4,812b4ab4-a286-4405-9614-20804cdb1ca4,d6r2_812b4ab4-a286-4405-9614-20804cdb1ca4_9701_24913cbd,257,test:hiding,rootkit,baseline,role_aggregate,20,128,32,middle,True,True,0,20,40,"{""2"": 20}",0,20,0,0,
results\d6_r2_formal\raw_r1\boot_01\batch_20260920T085722.955551Z_eaad0e07.json.gz,20260920T085722.955551Z_eaad0e07,4,812b4ab4-a286-4405-9614-20804cdb1ca4,d6r2_812b4ab4-a286-4405-9614-20804cdb1ca4_9701_24913cbd,258,test:hiding,rootkit,baseline,role_aggregate,20,128,32,middle,True,True,0,20,40,"{""2"": 20}",0,20,0,0,
results\d6_r2_formal\raw_r1\boot_01\batch_20260920T085725.905442Z_8bbb0454.json.gz,20260920T085725.905442Z_8bbb0454,4,812b4ab4-a286-4405-9614-20804cdb1ca4,d6r2_812b4ab4-a286-4405-9614-20804cdb1ca4_9701_24913cbd,259,test:hiding,rootkit,baseline,role_aggregate,20,128,32,middle,True,True,0,20,40,"{""2"": 20}",0,20,0,0,
results\d6_r2_formal\raw_r1\boot_01\batch_20260920T085728.880421Z_1f1b102c.json.gz,20260920T085728.880421Z_1f1b102c,4,812b4ab4-a286-4405-9614-20804cdb1ca4,d6r2_812b4ab4-a286-4405-9614-20804cdb1ca4_9701_24913cbd,260,test:hiding,rootkit,baseline,role_aggregate,20,128,32,middle,True,True,0,20,40,"{""2"": 20}",0,20,0,0,
results\d6_r2_formal\raw_r1\boot_01\batch_20260920T085731.757359Z_d6e75a23.json.gz,20260920T085731.757359Z_d6e75a23,4,812b4ab4-a286-4405-9614-20804cdb1ca4,d6r2_812b4ab4-a286-4405-9614-20804cdb1ca4_9701_24913cbd,261,test:hiding,rootkit,baseline,role_aggregate,20,128,32,middle,True,True,0,20,40,"{""2"": 20}",0,20,0,0,
results\d6_r2_formal\raw_r1\boot_01\batch_20260920T085734.664466Z_6293fbd6.json.gz,20260920T085734.664466Z_6293fbd6,4,812b4ab4-a286-4405-9614-20804cdb1ca4,d6r2_812b4ab4-a286-4405-9614-20804cdb1ca4_9701_24913cbd,262,test:hiding,rootkit,baseline,role_aggregate,20,128,32,middle,True,True,0,20,40,"{""2"": 20}",0,20,0,0,
results\d6_r2_formal\raw_r1\boot_01\batch_20260920T085737.574268Z_0aa61c52.json.gz,20260920T085737.574268Z_0aa61c52,4,812b4ab4-a286-4405-9614-20804cdb1ca4,d6r2_812b4ab4-a286-4405-9614-20804cdb1ca4_9701_24913cbd,263,test:hiding,rootkit,baseline,role_aggregate,20,128,32,middle,True,True,0,20,40,"{""2"": 20}",0,20,0,0,
results\d6_r2_formal\raw_r1\boot_01\batch_20260920T085740.466689Z_0ce4f92f.json.gz,20260920T085740.466689Z_0ce4f92f,4,812b4ab4-a286-4405-9614-20804cdb1ca4,d6r2_812b4ab4-a286-4405-9614-20804cdb1ca4_9701_24913cbd,264,test:hiding,rootkit,baseline,role_aggregate,20,128,32,middle,True,True,0,20,40,"{""2"": 20}",0,20,0,0,
results\d6_r2_formal\raw_r1\boot_01\batch_20260920T085743.411670Z_33799b0e.json.gz,20260920T085743.411670Z_33799b0e,4,812b4ab4-a286-4405-9614-20804cdb1ca4,d6r2_812b4ab4-a286-4405-9614-20804cdb1ca4_9701_24913cbd,265,test:hiding,rootkit,baseline,role_aggregate,20,128,32,middle,True,True,0,20,40,"{""2"": 20}",0,20,0,0,
results\d6_r2_formal\raw_r1\boot_01\batch_20260920T085746.451232Z_bc24181b.json.gz,20260920T085746.451232Z_bc24181b,4,812b4ab4-a286-4405-9614-20804cdb1ca4,d6r2_812b4ab4-a286-4405-9614-20804cdb1ca4_9701_24913cbd,266,test:hiding,rootkit,baseline,role_aggregate,20,128,32,middle,True,True,0,20,40,"{""2"": 20}",0,20,0,0,
results\d6_r2_formal\raw_r1\boot_01\batch_20260920T085749.528555Z_581b3c67.json.gz,20260920T085749.528555Z_581b3c67,4,812b4ab4-a286-4405-9614-20804cdb1ca4,d6r2_812b4ab4-a286-4405-9614-20804cdb1ca4_9701_24913cbd,267,test:hiding,rootkit,baseline,role_aggregate,20,128,32,middle,True,True,0,20,40,"{""2"": 20}",0,20,0,0,
results\d6_r2_formal\raw_r1\boot_01\batch_20260920T085752.465607Z_1d8424a4.json.gz,20260920T085752.465607Z_1d8424a4,4,812b4ab4-a286-4405-9614-20804cdb1ca4,d6r2_812b4ab4-a286-4405-9614-20804cdb1ca4_9701_24913cbd,268,test:hiding,rootkit,baseline,role_aggregate,20,128,32,middle,True,True,0,20,40,"{""2"": 20}",0,20,0,0,
results\d6_r2_formal\raw_r1\boot_01\batch_20260920T085755.355466Z_acfb2035.json.gz,20260920T085755.355466Z_acfb2035,4,812b4ab4-a286-4405-9614-20804cdb1ca4,d6r2_812b4ab4-a286-4405-9614-20804cdb1ca4_9701_24913cbd,269,test:hiding,rootkit,baseline,role_aggregate,20,128,32,middle,True,True,0,20,40,"{""2"": 20}",0,20,0,0,
results\d6_r2_formal\raw_r1\boot_01\batch_20260920T085758.340492Z_1d4c96c4.json.gz,20260920T085758.340492Z_1d4c96c4,4,812b4ab4-a286-4405-9614-20804cdb1ca4,d6r2_812b4ab4-a286-4405-9614-20804cdb1ca4_9701_24913cbd,270,test:hiding,rootkit,baseline,role_aggregate,20,128,32,middle,True,True,0,20,40,"{""2"": 20}",0,20,0,0,
results\d6_r2_formal\raw_r1\boot_01\batch_20260920T085801.359667Z_4e5715fc.json.gz,20260920T085801.359667Z_4e5715fc,4,812b4ab4-a286-4405-9614-20804cdb1ca4,d6r2_812b4ab4-a286-4405-9614-20804cdb1ca4_9701_24913cbd,271,test:hiding,rootkit,baseline,role_aggregate,20,128,32,middle,True,True,0,20,40,"{""2"": 20}",0,20,0,0,
results\d6_r2_formal\raw_r1\boot_01\batch_20260920T085804.340345Z_6313c42a.json.gz,20260920T085804.340345Z_6313c42a,4,812b4ab4-a286-4405-9614-20804cdb1ca4,d6r2_812b4ab4-a286-4405-9614-20804cdb1ca4_9701_24913cbd,272,test:hiding,rootkit,baseline,role_aggregate,20,128,32,middle,True,True,0,20,40,"{""2"": 20}",0,20,0,0,
results\d6_r2_formal\raw_r1\boot_01\batch_20260920T085807.472627Z_0aa46b61.json.gz,20260920T085807.472627Z_0aa46b61,4,812b4ab4-a286-4405-9614-20804cdb1ca4,d6r2_812b4ab4-a286-4405-9614-20804cdb1ca4_9701_24913cbd,273,test:hiding,rootkit,baseline,role_aggregate,20,128,32,middle,True,True,0,20,40,"{""2"": 20}",0,20,0,0,
results\d6_r2_formal\raw_r1\boot_01\batch_20260920T085810.637318Z_49229e44.json.gz,20260920T085810.637318Z_49229e44,4,812b4ab4-a286-4405-9614-20804cdb1ca4,d6r2_812b4ab4-a286-4405-9614-20804cdb1ca4_9701_24913cbd,274,test:hiding,rootkit,baseline,role_aggregate,20,128,32,middle,True,True,0,20,40,"{""2"": 20}",0,20,0,0,
results\d6_r2_formal\raw_r1\boot_01\batch_20260920T085813.843598Z_18e38af5.json.gz,20260920T085813.843598Z_18e38af5,4,812b4ab4-a286-4405-9614-20804cdb1ca4,d6r2_812b4ab4-a286-4405-9614-20804cdb1ca4_9701_24913cbd,275,test:hiding,rootkit,baseline,role_aggregate,20,128,32,middle,True,True,0,20,40,"{""2"": 20}",0,20,0,0,
results\d6_r2_formal\raw_r1\boot_01\batch_20260920T085816.906327Z_4e780a8c.json.gz,20260920T085816.906327Z_4e780a8c,4,812b4ab4-a286-4405-9614-20804cdb1ca4,d6r2_812b4ab4-a286-4405-9614-20804cdb1ca4_9701_24913cbd,276,test:hiding,rootkit,baseline,role_aggregate,20,128,32,middle,True,True,0,20,40,"{""2"": 20}",0,20,0,0,
results\d6_r2_formal\raw_r1\boot_01\batch_20260920T085820.078131Z_ef9c5d21.json.gz,20260920T085820.078131Z_ef9c5d21,4,812b4ab4-a286-4405-9614-20804cdb1ca4,d6r2_812b4ab4-a286-4405-9614-20804cdb1ca4_9701_24913cbd,277,test:hiding,rootkit,baseline,role_aggregate,20,128,32,middle,True,True,0,20,40,"{""2"": 20}",0,20,0,0,
results\d6_r2_formal\raw_r1\boot_01\batch_20260920T085823.227248Z_64fc7e1c.json.gz,20260920T085823.227248Z_64fc7e1c,4,812b4ab4-a286-4405-9614-20804cdb1ca4,d6r2_812b4ab4-a286-4405-9614-20804cdb1ca4_9701_24913cbd,278,test:hiding,rootkit,baseline,role_aggregate,20,128,32,middle,True,True,0,20,40,"{""2"": 20}",0,20,0,0,
results\d6_r2_formal\raw_r1\boot_01\batch_20260920T085826.444691Z_f8a68b58.json.gz,20260920T085826.444691Z_f8a68b58,4,812b4ab4-a286-4405-9614-20804cdb1ca4,d6r2_812b4ab4-a286-4405-9614-20804cdb1ca4_9701_24913cbd,279,test:hiding,rootkit,baseline,role_aggregate,20,128,32,middle,True,True,0,20,40,"{""2"": 20}",0,20,0,0,
results\d6_r2_formal\raw_r1\boot_01\batch_20260920T085835.739964Z_3df2128a.json.gz,20260920T085835.739964Z_3df2128a,4,812b4ab4-a286-4405-9614-20804cdb1ca4,d6r2_812b4ab4-a286-4405-9614-20804cdb1ca4_9701_24913cbd,280,test:hiding,rootkit,cpu,role_aggregate,20,128,32,middle,True,True,0,20,40,"{""2"": 20}",0,20,0,0,
results\d6_r2_formal\raw_r1\boot_01\batch_20260920T085844.946527Z_b412c055.json.gz,20260920T085844.946527Z_b412c055,4,812b4ab4-a286-4405-9614-20804cdb1ca4,d6r2_812b4ab4-a286-4405-9614-20804cdb1ca4_9701_24913cbd,281,test:hiding,rootkit,cpu,role_aggregate,20,128,32,middle,True,True,0,20,40,"{""2"": 20}",0,20,0,0,
results\d6_r2_formal\raw_r1\boot_01\batch_20260920T085854.122291Z_d961a829.json.gz,20260920T085854.122291Z_d961a829,4,812b4ab4-a286-4405-9614-20804cdb1ca4,d6r2_812b4ab4-a286-4405-9614-20804cdb1ca4_9701_24913cbd,282,test:hiding,rootkit,cpu,role_aggregate,20,128,32,middle,True,True,0,20,40,"{""2"": 20}",0,20,0,0,
results\d6_r2_formal\raw_r1\boot_01\batch_20260920T085903.342727Z_204698ec.json.gz,20260920T085903.342727Z_204698ec,4,812b4ab4-a286-4405-9614-20804cdb1ca4,d6r2_812b4ab4-a286-4405-9614-20804cdb1ca4_9701_24913cbd,283,test:hiding,rootkit,cpu,role_aggregate,20,128,32,middle,True,True,0,20,40,"{""2"": 20}",0,20,0,0,
results\d6_r2_formal\raw_r1\boot_01\batch_20260920T085912.587777Z_839c5383.json.gz,20260920T085912.587777Z_839c5383,4,812b4ab4-a286-4405-9614-20804cdb1ca4,d6r2_812b4ab4-a286-4405-9614-20804cdb1ca4_9701_24913cbd,284,test:hiding,rootkit,cpu,role_aggregate,20,128,32,middle,True,True,0,20,40,"{""2"": 20}",0,20,0,0,
results\d6_r2_formal\raw_r1\boot_01\batch_20260920T085921.664668Z_686fe458.json.gz,20260920T085921.664668Z_686fe458,4,812b4ab4-a286-4405-9614-20804cdb1ca4,d6r2_812b4ab4-a286-4405-9614-20804cdb1ca4_9701_24913cbd,285,test:hiding,rootkit,cpu,role_aggregate,20,128,32,middle,True,True,0,20,40,"{""2"": 20}",0,20,0,0,
results\d6_r2_formal\raw_r1\boot_01\batch_20260920T085930.732790Z_1013350d.json.gz,20260920T085930.732790Z_1013350d,4,812b4ab4-a286-4405-9614-20804cdb1ca4,d6r2_812b4ab4-a286-4405-9614-20804cdb1ca4_9701_24913cbd,286,test:hiding,rootkit,cpu,role_aggregate,20,128,32,middle,True,True,0,20,40,"{""2"": 20}",0,20,0,0,
results\d6_r2_formal\raw_r1\boot_01\batch_20260920T085939.707570Z_6833c28f.json.gz,20260920T085939.707570Z_6833c28f,4,812b4ab4-a286-4405-9614-20804cdb1ca4,d6r2_812b4ab4-a286-4405-9614-20804cdb1ca4_9701_24913cbd,287,test:hiding,rootkit,cpu,role_aggregate,20,128,32,middle,True,True,0,20,40,"{""2"": 20}",0,20,0,0,
results\d6_r2_formal\raw_r1\boot_01\batch_20260920T085948.860421Z_64db6394.json.gz,20260920T085948.860421Z_64db6394,4,812b4ab4-a286-4405-9614-20804cdb1ca4,d6r2_812b4ab4-a286-4405-9614-20804cdb1ca4_9701_24913cbd,288,test:hiding,rootkit,cpu,role_aggregate,20,128,32,middle,True,True,0,20,40,"{""2"": 20}",0,20,0,0,
results\d6_r2_formal\raw_r1\boot_01\batch_20260920T085957.944054Z_86832ec0.json.gz,20260920T085957.944054Z_86832ec0,4,812b4ab4-a286-4405-9614-20804cdb1ca4,d6r2_812b4ab4-a286-4405-9614-20804cdb1ca4_9701_24913cbd,289,test:hiding,rootkit,cpu,role_aggregate,20,128,32,middle,True,True,0,20,40,"{""2"": 20}",0,20,0,0,
results\d6_r2_formal\raw_r1\boot_01\batch_20260920T090006.998432Z_a5b8ad7c.json.gz,20260920T090006.998432Z_a5b8ad7c,4,812b4ab4-a286-4405-9614-20804cdb1ca4,d6r2_812b4ab4-a286-4405-9614-20804cdb1ca4_9701_24913cbd,290,test:hiding,rootkit,cpu,role_aggregate,20,128,32,middle,True,True,0,20,40,"{""2"": 20}",0,20,0,0,
results\d6_r2_formal\raw_r1\boot_01\batch_20260920T090016.230484Z_5c1cbbbb.json.gz,20260920T090016.230484Z_5c1cbbbb,4,812b4ab4-a286-4405-9614-20804cdb1ca4,d6r2_812b4ab4-a286-4405-9614-20804cdb1ca4_9701_24913cbd,291,test:hiding,rootkit,cpu,role_aggregate,20,128,32,middle,True,True,0,20,40,"{""2"": 20}",0,20,0,0,
results\d6_r2_formal\raw_r1\boot_01\batch_20260920T090025.578662Z_1fa5d8a8.json.gz,20260920T090025.578662Z_1fa5d8a8,4,812b4ab4-a286-4405-9614-20804cdb1ca4,d6r2_812b4ab4-a286-4405-9614-20804cdb1ca4_9701_24913cbd,292,test:hiding,rootkit,cpu,role_aggregate,20,128,32,middle,True,True,0,20,40,"{""2"": 20}",0,20,0,0,
results\d6_r2_formal\raw_r1\boot_01\batch_20260920T090034.813610Z_0da7700e.json.gz,20260920T090034.813610Z_0da7700e,4,812b4ab4-a286-4405-9614-20804cdb1ca4,d6r2_812b4ab4-a286-4405-9614-20804cdb1ca4_9701_24913cbd,293,test:hiding,rootkit,cpu,role_aggregate,20,128,32,middle,True,True,0,20,40,"{""2"": 20}",0,20,0,0,
results\d6_r2_formal\raw_r1\boot_01\batch_20260920T090044.165685Z_ca3bf908.json.gz,20260920T090044.165685Z_ca3bf908,4,812b4ab4-a286-4405-9614-20804cdb1ca4,d6r2_812b4ab4-a286-4405-9614-20804cdb1ca4_9701_24913cbd,294,test:hiding,rootkit,cpu,role_aggregate,20,128,32,middle,True,True,0,20,40,"{""2"": 20}",0,20,0,0,
results\d6_r2_formal\raw_r1\boot_01\batch_20260920T090053.229522Z_9b694cc2.json.gz,20260920T090053.229522Z_9b694cc2,4,812b4ab4-a286-4405-9614-20804cdb1ca4,d6r2_812b4ab4-a286-4405-9614-20804cdb1ca4_9701_24913cbd,295,test:hiding,rootkit,cpu,role_aggregate,20,128,32,middle,True,True,0,20,40,"{""2"": 20}",0,20,0,0,
results\d6_r2_formal\raw_r1\boot_01\batch_20260920T090102.544365Z_34752d8a.json.gz,20260920T090102.544365Z_34752d8a,4,812b4ab4-a286-4405-9614-20804cdb1ca4,d6r2_812b4ab4-a286-4405-9614-20804cdb1ca4_9701_24913cbd,296,test:hiding,rootkit,cpu,role_aggregate,20,128,32,middle,True,True,0,20,40,"{""2"": 20}",0,20,0,0,
results\d6_r2_formal\raw_r1\boot_01\batch_20260920T090111.554399Z_653d4287.json.gz,20260920T090111.554399Z_653d4287,4,812b4ab4-a286-4405-9614-20804cdb1ca4,d6r2_812b4ab4-a286-4405-9614-20804cdb1ca4_9701_24913cbd,297,test:hiding,rootkit,cpu,role_aggregate,20,128,32,middle,True,True,0,20,40,"{""2"": 20}",0,20,0,0,
results\d6_r2_formal\raw_r1\boot_01\batch_20260920T090120.782067Z_6cb40e9e.json.gz,20260920T090120.782067Z_6cb40e9e,4,812b4ab4-a286-4405-9614-20804cdb1ca4,d6r2_812b4ab4-a286-4405-9614-20804cdb1ca4_9701_24913cbd,298,test:hiding,rootkit,cpu,role_aggregate,20,128,32,middle,True,True,0,20,40,"{""2"": 20}",0,20,0,0,
results\d6_r2_formal\raw_r1\boot_01\batch_20260920T090129.914669Z_b254cbf0.json.gz,20260920T090129.914669Z_b254cbf0,4,812b4ab4-a286-4405-9614-20804cdb1ca4,d6r2_812b4ab4-a286-4405-9614-20804cdb1ca4_9701_24913cbd,299,test:hiding,rootkit,cpu,role_aggregate,20,128,32,middle,True,True,0,20,40,"{""2"": 20}",0,20,0,0,
results\d6_r2_formal\raw_r1\boot_01\batch_20260920T090138.820475Z_1d9a6aad.json.gz,20260920T090138.820475Z_1d9a6aad,4,812b4ab4-a286-4405-9614-20804cdb1ca4,d6r2_812b4ab4-a286-4405-9614-20804cdb1ca4_9701_24913cbd,300,test:hiding,rootkit,cpu,role_aggregate,20,128,32,middle,True,True,0,20,40,"{""2"": 20}",0,20,0,0,
results\d6_r2_formal\raw_r1\boot_01\batch_20260920T090148.045624Z_de692cda.json.gz,20260920T090148.045624Z_de692cda,4,812b4ab4-a286-4405-9614-20804cdb1ca4,d6r2_812b4ab4-a286-4405-9614-20804cdb1ca4_9701_24913cbd,301,test:hiding,rootkit,cpu,role_aggregate,20,128,32,middle,True,True,0,20,40,"{""2"": 20}",0,20,0,0,
results\d6_r2_formal\raw_r1\boot_01\batch_20260920T090157.096704Z_1a52f938.json.gz,20260920T090157.096704Z_1a52f938,4,812b4ab4-a286-4405-9614-20804cdb1ca4,d6r2_812b4ab4-a286-4405-9614-20804cdb1ca4_9701_24913cbd,302,test:hiding,rootkit,cpu,role_aggregate,20,128,32,middle,True,True,0,20,40,"{""2"": 20}",0,20,0,0,
results\d6_r2_formal\raw_r1\boot_01\batch_20260920T090206.216657Z_2354f859.json.gz,20260920T090206.216657Z_2354f859,4,812b4ab4-a286-4405-9614-20804cdb1ca4,d6r2_812b4ab4-a286-4405-9614-20804cdb1ca4_9701_24913cbd,303,test:hiding,rootkit,cpu,role_aggregate,20,128,32,middle,True,True,0,20,40,"{""2"": 20}",0,20,0,0,
results\d6_r2_formal\raw_r1\boot_01\batch_20260920T090215.297725Z_b1b801c8.json.gz,20260920T090215.297725Z_b1b801c8,4,812b4ab4-a286-4405-9614-20804cdb1ca4,d6r2_812b4ab4-a286-4405-9614-20804cdb1ca4_9701_24913cbd,304,test:hiding,rootkit,cpu,role_aggregate,20,128,32,middle,True,True,0,20,40,"{""2"": 20}",0,20,0,0,
results\d6_r2_formal\raw_r1\boot_01\batch_20260920T090224.366773Z_c86126b3.json.gz,20260920T090224.366773Z_c86126b3,4,812b4ab4-a286-4405-9614-20804cdb1ca4,d6r2_812b4ab4-a286-4405-9614-20804cdb1ca4_9701_24913cbd,305,test:hiding,rootkit,cpu,role_aggregate,20,128,32,middle,True,True,0,20,40,"{""2"": 20}",0,20,0,0,
results\d6_r2_formal\raw_r1\boot_01\batch_20260920T090233.616330Z_cfc35941.json.gz,20260920T090233.616330Z_cfc35941,4,812b4ab4-a286-4405-9614-20804cdb1ca4,d6r2_812b4ab4-a286-4405-9614-20804cdb1ca4_9701_24913cbd,306,test:hiding,rootkit,cpu,role_aggregate,20,128,32,middle,True,True,0,20,40,"{""2"": 20}",0,20,0,0,
results\d6_r2_formal\raw_r1\boot_01\batch_20260920T090242.696392Z_e940d178.json.gz,20260920T090242.696392Z_e940d178,4,812b4ab4-a286-4405-9614-20804cdb1ca4,d6r2_812b4ab4-a286-4405-9614-20804cdb1ca4_9701_24913cbd,307,test:hiding,rootkit,cpu,role_aggregate,20,128,32,middle,True,True,0,20,40,"{""2"": 20}",0,20,0,0,
results\d6_r2_formal\raw_r1\boot_01\batch_20260920T090251.832427Z_de1b1981.json.gz,20260920T090251.832427Z_de1b1981,4,812b4ab4-a286-4405-9614-20804cdb1ca4,d6r2_812b4ab4-a286-4405-9614-20804cdb1ca4_9701_24913cbd,308,test:hiding,rootkit,cpu,role_aggregate,20,128,32,middle,True,True,0,20,40,"{""2"": 20}",0,20,0,0,
results\d6_r2_formal\raw_r1\boot_01\batch_20260920T090300.852433Z_2a975698.json.gz,20260920T090300.852433Z_2a975698,4,812b4ab4-a286-4405-9614-20804cdb1ca4,d6r2_812b4ab4-a286-4405-9614-20804cdb1ca4_9701_24913cbd,309,test:hiding,rootkit,cpu,role_aggregate,20,128,32,middle,True,True,0,20,40,"{""2"": 20}",0,20,0,0,
results\d6_r2_formal\raw_r1\boot_01\batch_20260920T090309.999290Z_ecc2062a.json.gz,20260920T090309.999290Z_ecc2062a,4,812b4ab4-a286-4405-9614-20804cdb1ca4,d6r2_812b4ab4-a286-4405-9614-20804cdb1ca4_9701_24913cbd,310,test:hiding,rootkit,cpu,role_aggregate,20,128,32,middle,True,True,0,20,40,"{""2"": 20}",0,20,0,0,
results\d6_r2_formal\raw_r1\boot_01\batch_20260920T090318.947751Z_b657e331.json.gz,20260920T090318.947751Z_b657e331,4,812b4ab4-a286-4405-9614-20804cdb1ca4,d6r2_812b4ab4-a286-4405-9614-20804cdb1ca4_9701_24913cbd,311,test:hiding,rootkit,cpu,role_aggregate,20,128,32,middle,True,True,0,20,40,"{""2"": 20}",0,20,0,0,
results\d6_r2_formal\raw_r1\boot_01\batch_20260920T090328.121301Z_78476120.json.gz,20260920T090328.121301Z_78476120,4,812b4ab4-a286-4405-9614-20804cdb1ca4,d6r2_812b4ab4-a286-4405-9614-20804cdb1ca4_9701_24913cbd,312,test:hiding,rootkit,cpu,role_aggregate,20,128,32,middle,True,True,0,20,40,"{""2"": 20}",0,20,0,0,
results\d6_r2_formal\raw_r1\boot_01\batch_20260920T090337.171536Z_12d55427.json.gz,20260920T090337.171536Z_12d55427,4,812b4ab4-a286-4405-9614-20804cdb1ca4,d6r2_812b4ab4-a286-4405-9614-20804cdb1ca4_9701_24913cbd,313,test:hiding,rootkit,cpu,role_aggregate,20,128,32,middle,True,True,0,20,40,"{""2"": 20}",0,20,0,0,
results\d6_r2_formal\raw_r1\boot_01\batch_20260920T090346.149237Z_9966fefd.json.gz,20260920T090346.149237Z_9966fefd,4,812b4ab4-a286-4405-9614-20804cdb1ca4,d6r2_812b4ab4-a286-4405-9614-20804cdb1ca4_9701_24913cbd,314,test:hiding,rootkit,cpu,role_aggregate,20,128,32,middle,True,True,0,20,40,"{""2"": 20}",0,20,0,0,
results\d6_r2_formal\raw_r1\boot_01\batch_20260920T090355.176358Z_59901adf.json.gz,20260920T090355.176358Z_59901adf,4,812b4ab4-a286-4405-9614-20804cdb1ca4,d6r2_812b4ab4-a286-4405-9614-20804cdb1ca4_9701_24913cbd,315,test:hiding,rootkit,cpu,role_aggregate,20,128,32,middle,True,True,0,20,40,"{""2"": 20}",0,20,0,0,
results\d6_r2_formal\raw_r1\boot_01\batch_20260920T090404.097585Z_54071f21.json.gz,20260920T090404.097585Z_54071f21,4,812b4ab4-a286-4405-9614-20804cdb1ca4,d6r2_812b4ab4-a286-4405-9614-20804cdb1ca4_9701_24913cbd,316,test:hiding,rootkit,cpu,role_aggregate,20,128,32,middle,True,True,0,20,40,"{""2"": 20}",0,20,0,0,
results\d6_r2_formal\raw_r1\boot_01\batch_20260920T090413.204443Z_65d35383.json.gz,20260920T090413.204443Z_65d35383,4,812b4ab4-a286-4405-9614-20804cdb1ca4,d6r2_812b4ab4-a286-4405-9614-20804cdb1ca4_9701_24913cbd,317,test:hiding,rootkit,cpu,role_aggregate,20,128,32,middle,True,True,0,20,40,"{""2"": 20}",0,20,0,0,
results\d6_r2_formal\raw_r1\boot_01\batch_20260920T090422.383485Z_b0227962.json.gz,20260920T090422.383485Z_b0227962,4,812b4ab4-a286-4405-9614-20804cdb1ca4,d6r2_812b4ab4-a286-4405-9614-20804cdb1ca4_9701_24913cbd,318,test:hiding,rootkit,cpu,role_aggregate,20,128,32,middle,True,True,0,20,40,"{""2"": 20}",0,20,0,0,
results\d6_r2_formal\raw_r1\boot_01\batch_20260920T090431.406678Z_741e4601.json.gz,20260920T090431.406678Z_741e4601,4,812b4ab4-a286-4405-9614-20804cdb1ca4,d6r2_812b4ab4-a286-4405-9614-20804cdb1ca4_9701_24913cbd,319,test:hiding,rootkit,cpu,role_aggregate,20,128,32,middle,True,True,0,20,40,"{""2"": 20}",0,20,0,0,
results\d6_r2_formal\raw_r1\boot_01\batch_20260920T090435.381568Z_2210f33e.json.gz,20260920T090435.381568Z_2210f33e,4,812b4ab4-a286-4405-9614-20804cdb1ca4,d6r2_812b4ab4-a286-4405-9614-20804cdb1ca4_9701_24913cbd,320,test:hiding,rootkit,memory,role_aggregate,20,128,32,middle,True,True,0,20,40,"{""2"": 20}",0,20,0,0,
results\d6_r2_formal\raw_r1\boot_01\batch_20260920T090439.427709Z_2389bf0c.json.gz,20260920T090439.427709Z_2389bf0c,4,812b4ab4-a286-4405-9614-20804cdb1ca4,d6r2_812b4ab4-a286-4405-9614-20804cdb1ca4_9701_24913cbd,321,test:hiding,rootkit,memory,role_aggregate,20,128,32,middle,True,True,0,20,40,"{""2"": 20}",0,20,0,0,
results\d6_r2_formal\raw_r1\boot_01\batch_20260920T090443.548236Z_2d948e00.json.gz,20260920T090443.548236Z_2d948e00,4,812b4ab4-a286-4405-9614-20804cdb1ca4,d6r2_812b4ab4-a286-4405-9614-20804cdb1ca4_9701_24913cbd,322,test:hiding,rootkit,memory,role_aggregate,20,128,32,middle,True,True,0,20,40,"{""2"": 20}",0,20,0,0,
results\d6_r2_formal\raw_r1\boot_01\batch_20260920T090447.519286Z_51c338f8.json.gz,20260920T090447.519286Z_51c338f8,4,812b4ab4-a286-4405-9614-20804cdb1ca4,d6r2_812b4ab4-a286-4405-9614-20804cdb1ca4_9701_24913cbd,323,test:hiding,rootkit,memory,role_aggregate,20,128,32,middle,True,True,0,20,40,"{""2"": 20}",0,20,0,0,
results\d6_r2_formal\raw_r1\boot_01\batch_20260920T090451.535698Z_e848e76c.json.gz,20260920T090451.535698Z_e848e76c,4,812b4ab4-a286-4405-9614-20804cdb1ca4,d6r2_812b4ab4-a286-4405-9614-20804cdb1ca4_9701_24913cbd,324,test:hiding,rootkit,memory,role_aggregate,20,128,32,middle,True,True,0,20,40,"{""2"": 20}",0,20,0,0,
results\d6_r2_formal\raw_r1\boot_01\batch_20260920T090455.479480Z_cc73efe4.json.gz,20260920T090455.479480Z_cc73efe4,4,812b4ab4-a286-4405-9614-20804cdb1ca4,d6r2_812b4ab4-a286-4405-9614-20804cdb1ca4_9701_24913cbd,325,test:hiding,rootkit,memory,role_aggregate,20,128,32,middle,True,True,0,20,40,"{""2"": 20}",0,20,0,0,
results\d6_r2_formal\raw_r1\boot_01\batch_20260920T090459.347511Z_c59f8c2b.json.gz,20260920T090459.347511Z_c59f8c2b,4,812b4ab4-a286-4405-9614-20804cdb1ca4,d6r2_812b4ab4-a286-4405-9614-20804cdb1ca4_9701_24913cbd,326,test:hiding,rootkit,memory,role_aggregate,20,128,32,middle,True,True,0,20,40,"{""2"": 20}",0,20,0,0,
results\d6_r2_formal\raw_r1\boot_01\batch_20260920T090503.350721Z_b9d4faeb.json.gz,20260920T090503.350721Z_b9d4faeb,4,812b4ab4-a286-4405-9614-20804cdb1ca4,d6r2_812b4ab4-a286-4405-9614-20804cdb1ca4_9701_24913cbd,327,test:hiding,rootkit,memory,role_aggregate,20,128,32,middle,True,True,0,20,40,"{""2"": 20}",0,20,0,0,
results\d6_r2_formal\raw_r1\boot_01\batch_20260920T090507.329633Z_8276ddfe.json.gz,20260920T090507.329633Z_8276ddfe,4,812b4ab4-a286-4405-9614-20804cdb1ca4,d6r2_812b4ab4-a286-4405-9614-20804cdb1ca4_9701_24913cbd,328,test:hiding,rootkit,memory,role_aggregate,20,128,32,middle,True,True,0,20,40,"{""2"": 20}",0,20,0,0,
results\d6_r2_formal\raw_r1\boot_01\batch_20260920T090511.364647Z_e07b253d.json.gz,20260920T090511.364647Z_e07b253d,4,812b4ab4-a286-4405-9614-20804cdb1ca4,d6r2_812b4ab4-a286-4405-9614-20804cdb1ca4_9701_24913cbd,329,test:hiding,rootkit,memory,role_aggregate,20,128,32,middle,True,True,0,20,40,"{""2"": 20}",0,20,0,0,
results\d6_r2_formal\raw_r1\boot_01\batch_20260920T090515.274359Z_d3731987.json.gz,20260920T090515.274359Z_d3731987,4,812b4ab4-a286-4405-9614-20804cdb1ca4,d6r2_812b4ab4-a286-4405-9614-20804cdb1ca4_9701_24913cbd,330,test:hiding,rootkit,memory,role_aggregate,20,128,32,middle,True,True,0,20,40,"{""2"": 20}",0,20,0,0,
results\d6_r2_formal\raw_r1\boot_01\batch_20260920T090519.162179Z_caf3aab3.json.gz,20260920T090519.162179Z_caf3aab3,4,812b4ab4-a286-4405-9614-20804cdb1ca4,d6r2_812b4ab4-a286-4405-9614-20804cdb1ca4_9701_24913cbd,331,test:hiding,rootkit,memory,role_aggregate,20,128,32,middle,True,True,0,20,40,"{""2"": 20}",0,20,0,0,
results\d6_r2_formal\raw_r1\boot_01\batch_20260920T090523.250780Z_7c69fc2c.json.gz,20260920T090523.250780Z_7c69fc2c,4,812b4ab4-a286-4405-9614-20804cdb1ca4,d6r2_812b4ab4-a286-4405-9614-20804cdb1ca4_9701_24913cbd,332,test:hiding,rootkit,memory,role_aggregate,20,128,32,middle,True,True,0,20,40,"{""2"": 20}",0,20,0,0,
results\d6_r2_formal\raw_r1\boot_01\batch_20260920T090527.231383Z_4c7b8a41.json.gz,20260920T090527.231383Z_4c7b8a41,4,812b4ab4-a286-4405-9614-20804cdb1ca4,d6r2_812b4ab4-a286-4405-9614-20804cdb1ca4_9701_24913cbd,333,test:hiding,rootkit,memory,role_aggregate,20,128,32,middle,True,True,0,20,40,"{""2"": 20}",0,20,0,0,
results\d6_r2_formal\raw_r1\boot_01\batch_20260920T090531.267369Z_c939925f.json.gz,20260920T090531.267369Z_c939925f,4,812b4ab4-a286-4405-9614-20804cdb1ca4,d6r2_812b4ab4-a286-4405-9614-20804cdb1ca4_9701_24913cbd,334,test:hiding,rootkit,memory,role_aggregate,20,128,32,middle,True,True,0,20,40,"{""2"": 20}",0,20,0,0,
results\d6_r2_formal\raw_r1\boot_01\batch_20260920T090535.243450Z_bd736b07.json.gz,20260920T090535.243450Z_bd736b07,4,812b4ab4-a286-4405-9614-20804cdb1ca4,d6r2_812b4ab4-a286-4405-9614-20804cdb1ca4_9701_24913cbd,335,test:hiding,rootkit,memory,role_aggregate,20,128,32,middle,True,True,0,20,40,"{""2"": 20}",0,20,0,0,
results\d6_r2_formal\raw_r1\boot_01\batch_20260920T090539.250391Z_cdd11f59.json.gz,20260920T090539.250391Z_cdd11f59,4,812b4ab4-a286-4405-9614-20804cdb1ca4,d6r2_812b4ab4-a286-4405-9614-20804cdb1ca4_9701_24913cbd,336,test:hiding,rootkit,memory,role_aggregate,20,128,32,middle,True,True,0,20,40,"{""2"": 20}",0,20,0,0,
results\d6_r2_formal\raw_r1\boot_01\batch_20260920T090543.292418Z_ee754be9.json.gz,20260920T090543.292418Z_ee754be9,4,812b4ab4-a286-4405-9614-20804cdb1ca4,d6r2_812b4ab4-a286-4405-9614-20804cdb1ca4_9701_24913cbd,337,test:hiding,rootkit,memory,role_aggregate,20,128,32,middle,True,True,0,20,40,"{""2"": 20}",0,20,0,0,
results\d6_r2_formal\raw_r1\boot_01\batch_20260920T090547.318551Z_76828f7a.json.gz,20260920T090547.318551Z_76828f7a,4,812b4ab4-a286-4405-9614-20804cdb1ca4,d6r2_812b4ab4-a286-4405-9614-20804cdb1ca4_9701_24913cbd,338,test:hiding,rootkit,memory,role_aggregate,20,128,32,middle,True,True,0,20,40,"{""2"": 20}",0,20,0,0,
results\d6_r2_formal\raw_r1\boot_01\batch_20260920T090551.321717Z_66b67ed2.json.gz,20260920T090551.321717Z_66b67ed2,4,812b4ab4-a286-4405-9614-20804cdb1ca4,d6r2_812b4ab4-a286-4405-9614-20804cdb1ca4_9701_24913cbd,339,test:hiding,rootkit,memory,role_aggregate,20,128,32,middle,True,True,0,20,40,"{""2"": 20}",0,20,0,0,
results\d6_r2_formal\raw_r1\boot_01\batch_20260920T090555.242782Z_1c538f5e.json.gz,20260920T090555.242782Z_1c538f5e,4,812b4ab4-a286-4405-9614-20804cdb1ca4,d6r2_812b4ab4-a286-4405-9614-20804cdb1ca4_9701_24913cbd,340,test:hiding,rootkit,memory,role_aggregate,20,128,32,middle,True,True,0,20,40,"{""2"": 20}",0,20,0,0,
results\d6_r2_formal\raw_r1\boot_01\batch_20260920T090559.192737Z_000a0bb5.json.gz,20260920T090559.192737Z_000a0bb5,4,812b4ab4-a286-4405-9614-20804cdb1ca4,d6r2_812b4ab4-a286-4405-9614-20804cdb1ca4_9701_24913cbd,341,test:hiding,rootkit,memory,role_aggregate,20,128,32,middle,True,True,0,20,40,"{""2"": 20}",0,20,0,0,
results\d6_r2_formal\raw_r1\boot_01\batch_20260920T090603.200568Z_7785e52a.json.gz,20260920T090603.200568Z_7785e52a,4,812b4ab4-a286-4405-9614-20804cdb1ca4,d6r2_812b4ab4-a286-4405-9614-20804cdb1ca4_9701_24913cbd,342,test:hiding,rootkit,memory,role_aggregate,20,128,32,middle,True,True,0,20,40,"{""2"": 20}",0,20,0,0,
results\d6_r2_formal\raw_r1\boot_01\batch_20260920T090607.057391Z_04ca30bf.json.gz,20260920T090607.057391Z_04ca30bf,4,812b4ab4-a286-4405-9614-20804cdb1ca4,d6r2_812b4ab4-a286-4405-9614-20804cdb1ca4_9701_24913cbd,343,test:hiding,rootkit,memory,role_aggregate,20,128,32,middle,True,True,0,20,40,"{""2"": 20}",0,20,0,0,
results\d6_r2_formal\raw_r1\boot_01\batch_20260920T090611.109703Z_b8ec8886.json.gz,20260920T090611.109703Z_b8ec8886,4,812b4ab4-a286-4405-9614-20804cdb1ca4,d6r2_812b4ab4-a286-4405-9614-20804cdb1ca4_9701_24913cbd,344,test:hiding,rootkit,memory,role_aggregate,20,128,32,middle,True,True,0,20,40,"{""2"": 20}",0,20,0,0,
results\d6_r2_formal\raw_r1\boot_01\batch_20260920T090615.077436Z_b0b5bf60.json.gz,20260920T090615.077436Z_b0b5bf60,4,812b4ab4-a286-4405-9614-20804cdb1ca4,d6r2_812b4ab4-a286-4405-9614-20804cdb1ca4_9701_24913cbd,345,test:hiding,rootkit,memory,role_aggregate,20,128,32,middle,True,True,0,20,40,"{""2"": 20}",0,20,0,0,
results\d6_r2_formal\raw_r1\boot_01\batch_20260920T090618.990356Z_a14cfd00.json.gz,20260920T090618.990356Z_a14cfd00,4,812b4ab4-a286-4405-9614-20804cdb1ca4,d6r2_812b4ab4-a286-4405-9614-20804cdb1ca4_9701_24913cbd,346,test:hiding,rootkit,memory,role_aggregate,20,128,32,middle,True,True,0,20,40,"{""2"": 20}",0,20,0,0,
results\d6_r2_formal\raw_r1\boot_01\batch_20260920T090623.104663Z_34a1a38a.json.gz,20260920T090623.104663Z_34a1a38a,4,812b4ab4-a286-4405-9614-20804cdb1ca4,d6r2_812b4ab4-a286-4405-9614-20804cdb1ca4_9701_24913cbd,347,test:hiding,rootkit,memory,role_aggregate,20,128,32,middle,True,True,0,20,40,"{""2"": 20}",0,20,0,0,
results\d6_r2_formal\raw_r1\boot_01\batch_20260920T090627.108205Z_84f2ed54.json.gz,20260920T090627.108205Z_84f2ed54,4,812b4ab4-a286-4405-9614-20804cdb1ca4,d6r2_812b4ab4-a286-4405-9614-20804cdb1ca4_9701_24913cbd,348,test:hiding,rootkit,memory,role_aggregate,20,128,32,middle,True,True,0,20,40,"{""2"": 20}",0,20,0,0,
results\d6_r2_formal\raw_r1\boot_01\batch_20260920T090631.126472Z_7bddc4a0.json.gz,20260920T090631.126472Z_7bddc4a0,4,812b4ab4-a286-4405-9614-20804cdb1ca4,d6r2_812b4ab4-a286-4405-9614-20804cdb1ca4_9701_24913cbd,349,test:hiding,rootkit,memory,role_aggregate,20,128,32,middle,True,True,0,20,40,"{""2"": 20}",0,20,0,0,
results\d6_r2_formal\raw_r1\boot_01\batch_20260920T090635.137625Z_03039c6b.json.gz,20260920T090635.137625Z_03039c6b,4,812b4ab4-a286-4405-9614-20804cdb1ca4,d6r2_812b4ab4-a286-4405-9614-20804cdb1ca4_9701_24913cbd,350,test:hiding,rootkit,memory,role_aggregate,20,128,32,middle,True,True,0,20,40,"{""2"": 20}",0,20,0,0,
results\d6_r2_formal\raw_r1\boot_01\batch_20260920T090639.133682Z_1ca1e026.json.gz,20260920T090639.133682Z_1ca1e026,4,812b4ab4-a286-4405-9614-20804cdb1ca4,d6r2_812b4ab4-a286-4405-9614-20804cdb1ca4_9701_24913cbd,351,test:hiding,rootkit,memory,role_aggregate,20,128,32,middle,True,True,0,20,40,"{""2"": 20}",0,20,0,0,
results\d6_r2_formal\raw_r1\boot_01\batch_20260920T090643.143577Z_a0959717.json.gz,20260920T090643.143577Z_a0959717,4,812b4ab4-a286-4405-9614-20804cdb1ca4,d6r2_812b4ab4-a286-4405-9614-20804cdb1ca4_9701_24913cbd,352,test:hiding,rootkit,memory,role_aggregate,20,128,32,middle,True,True,0,20,40,"{""2"": 20}",0,20,0,0,
results\d6_r2_formal\raw_r1\boot_01\batch_20260920T090647.273410Z_1b494620.json.gz,20260920T090647.273410Z_1b494620,4,812b4ab4-a286-4405-9614-20804cdb1ca4,d6r2_812b4ab4-a286-4405-9614-20804cdb1ca4_9701_24913cbd,353,test:hiding,rootkit,memory,role_aggregate,20,128,32,middle,True,True,0,20,40,"{""2"": 20}",0,20,0,0,
results\d6_r2_formal\raw_r1\boot_01\batch_20260920T090651.348387Z_108367bf.json.gz,20260920T090651.348387Z_108367bf,4,812b4ab4-a286-4405-9614-20804cdb1ca4,d6r2_812b4ab4-a286-4405-9614-20804cdb1ca4_9701_24913cbd,354,test:hiding,rootkit,memory,role_aggregate,20,128,32,middle,True,True,0,20,40,"{""2"": 20}",0,20,0,0,
results\d6_r2_formal\raw_r1\boot_01\batch_20260920T090655.462702Z_9600874e.json.gz,20260920T090655.462702Z_9600874e,4,812b4ab4-a286-4405-9614-20804cdb1ca4,d6r2_812b4ab4-a286-4405-9614-20804cdb1ca4_9701_24913cbd,355,test:hiding,rootkit,memory,role_aggregate,20,128,32,middle,True,True,0,20,40,"{""2"": 20}",0,20,0,0,
results\d6_r2_formal\raw_r1\boot_01\batch_20260920T090659.504312Z_f850e10f.json.gz,20260920T090659.504312Z_f850e10f,4,812b4ab4-a286-4405-9614-20804cdb1ca4,d6r2_812b4ab4-a286-4405-9614-20804cdb1ca4_9701_24913cbd,356,test:hiding,rootkit,memory,role_aggregate,20,128,32,middle,True,True,0,20,40,"{""2"": 20}",0,20,0,0,
results\d6_r2_formal\raw_r1\boot_01\batch_20260920T090703.545973Z_cd8db826.json.gz,20260920T090703.545973Z_cd8db826,4,812b4ab4-a286-4405-9614-20804cdb1ca4,d6r2_812b4ab4-a286-4405-9614-20804cdb1ca4_9701_24913cbd,357,test:hiding,rootkit,memory,role_aggregate,20,128,32,middle,True,True,0,20,40,"{""2"": 20}",0,20,0,0,
results\d6_r2_formal\raw_r1\boot_01\batch_20260920T090707.583436Z_658e7e6a.json.gz,20260920T090707.583436Z_658e7e6a,4,812b4ab4-a286-4405-9614-20804cdb1ca4,d6r2_812b4ab4-a286-4405-9614-20804cdb1ca4_9701_24913cbd,358,test:hiding,rootkit,memory,role_aggregate,20,128,32,middle,True,True,0,20,40,"{""2"": 20}",0,20,0,0,
results\d6_r2_formal\raw_r1\boot_01\batch_20260920T090711.473446Z_230ae09f.json.gz,20260920T090711.473446Z_230ae09f,4,812b4ab4-a286-4405-9614-20804cdb1ca4,d6r2_812b4ab4-a286-4405-9614-20804cdb1ca4_9701_24913cbd,359,test:hiding,rootkit,memory,role_aggregate,20,128,32,middle,True,True,0,20,40,"{""2"": 20}",0,20,0,0,
results\d6_r2_formal\raw_r1\boot_01\batch_20260920T090720.512315Z_5dd100e0.json.gz,20260920T090720.512315Z_5dd100e0,4,812b4ab4-a286-4405-9614-20804cdb1ca4,d6r2_812b4ab4-a286-4405-9614-20804cdb1ca4_9701_24913cbd,360,test:hiding,rootkit,mixed,role_aggregate,20,128,32,middle,True,True,0,20,40,"{""2"": 20}",0,20,0,0,
results\d6_r2_formal\raw_r1\boot_01\batch_20260920T090729.666636Z_35ed3210.json.gz,20260920T090729.666636Z_35ed3210,4,812b4ab4-a286-4405-9614-20804cdb1ca4,d6r2_812b4ab4-a286-4405-9614-20804cdb1ca4_9701_24913cbd,361,test:hiding,rootkit,mixed,role_aggregate,20,128,32,middle,True,True,0,20,40,"{""2"": 20}",0,20,0,0,
results\d6_r2_formal\raw_r1\boot_01\batch_20260920T090738.695408Z_56dc06ab.json.gz,20260920T090738.695408Z_56dc06ab,4,812b4ab4-a286-4405-9614-20804cdb1ca4,d6r2_812b4ab4-a286-4405-9614-20804cdb1ca4_9701_24913cbd,362,test:hiding,rootkit,mixed,role_aggregate,20,128,32,middle,True,True,0,20,40,"{""2"": 20}",0,20,0,0,
results\d6_r2_formal\raw_r1\boot_01\batch_20260920T090747.691303Z_7d8b2a7a.json.gz,20260920T090747.691303Z_7d8b2a7a,4,812b4ab4-a286-4405-9614-20804cdb1ca4,d6r2_812b4ab4-a286-4405-9614-20804cdb1ca4_9701_24913cbd,363,test:hiding,rootkit,mixed,role_aggregate,20,128,32,middle,True,True,0,20,40,"{""2"": 20}",0,20,0,0,
results\d6_r2_formal\raw_r1\boot_01\batch_20260920T090756.783189Z_2746afb2.json.gz,20260920T090756.783189Z_2746afb2,4,812b4ab4-a286-4405-9614-20804cdb1ca4,d6r2_812b4ab4-a286-4405-9614-20804cdb1ca4_9701_24913cbd,364,test:hiding,rootkit,mixed,role_aggregate,20,128,32,middle,True,True,0,20,40,"{""2"": 20}",0,20,0,0,
results\d6_r2_formal\raw_r1\boot_01\batch_20260920T090805.840684Z_c228812d.json.gz,20260920T090805.840684Z_c228812d,4,812b4ab4-a286-4405-9614-20804cdb1ca4,d6r2_812b4ab4-a286-4405-9614-20804cdb1ca4_9701_24913cbd,365,test:hiding,rootkit,mixed,role_aggregate,20,128,32,middle,True,True,0,20,40,"{""2"": 20}",0,20,0,0,
results\d6_r2_formal\raw_r1\boot_01\batch_20260920T090815.059275Z_34c232e9.json.gz,20260920T090815.059275Z_34c232e9,4,812b4ab4-a286-4405-9614-20804cdb1ca4,d6r2_812b4ab4-a286-4405-9614-20804cdb1ca4_9701_24913cbd,366,test:hiding,rootkit,mixed,role_aggregate,20,128,32,middle,True,True,0,20,40,"{""2"": 20}",0,20,0,0,
results\d6_r2_formal\raw_r1\boot_01\batch_20260920T090824.141501Z_c047fd64.json.gz,20260920T090824.141501Z_c047fd64,4,812b4ab4-a286-4405-9614-20804cdb1ca4,d6r2_812b4ab4-a286-4405-9614-20804cdb1ca4_9701_24913cbd,367,test:hiding,rootkit,mixed,role_aggregate,20,128,32,middle,True,True,0,20,40,"{""2"": 20}",0,20,0,0,
results\d6_r2_formal\raw_r1\boot_01\batch_20260920T090833.204576Z_27247212.json.gz,20260920T090833.204576Z_27247212,4,812b4ab4-a286-4405-9614-20804cdb1ca4,d6r2_812b4ab4-a286-4405-9614-20804cdb1ca4_9701_24913cbd,368,test:hiding,rootkit,mixed,role_aggregate,20,128,32,middle,True,True,0,20,40,"{""2"": 20}",0,20,0,0,
results\d6_r2_formal\raw_r1\boot_01\batch_20260920T090842.500260Z_c5e6f7b3.json.gz,20260920T090842.500260Z_c5e6f7b3,4,812b4ab4-a286-4405-9614-20804cdb1ca4,d6r2_812b4ab4-a286-4405-9614-20804cdb1ca4_9701_24913cbd,369,test:hiding,rootkit,mixed,role_aggregate,20,128,32,middle,True,True,0,20,40,"{""2"": 20}",0,20,0,0,
results\d6_r2_formal\raw_r1\boot_01\batch_20260920T090851.639363Z_09e26236.json.gz,20260920T090851.639363Z_09e26236,4,812b4ab4-a286-4405-9614-20804cdb1ca4,d6r2_812b4ab4-a286-4405-9614-20804cdb1ca4_9701_24913cbd,370,test:hiding,rootkit,mixed,role_aggregate,20,128,32,middle,True,True,0,20,40,"{""2"": 20}",0,20,0,0,
results\d6_r2_formal\raw_r1\boot_01\batch_20260920T090900.857636Z_e90a7918.json.gz,20260920T090900.857636Z_e90a7918,4,812b4ab4-a286-4405-9614-20804cdb1ca4,d6r2_812b4ab4-a286-4405-9614-20804cdb1ca4_9701_24913cbd,371,test:hiding,rootkit,mixed,role_aggregate,20,128,32,middle,True,True,0,20,40,"{""2"": 20}",0,20,0,0,
results\d6_r2_formal\raw_r1\boot_01\batch_20260920T090909.810443Z_8f23d8ab.json.gz,20260920T090909.810443Z_8f23d8ab,4,812b4ab4-a286-4405-9614-20804cdb1ca4,d6r2_812b4ab4-a286-4405-9614-20804cdb1ca4_9701_24913cbd,372,test:hiding,rootkit,mixed,role_aggregate,20,128,32,middle,True,True,0,20,40,"{""2"": 20}",0,20,0,0,
results\d6_r2_formal\raw_r1\boot_01\batch_20260920T090919.518746Z_41d5c9a8.json.gz,20260920T090919.518746Z_41d5c9a8,4,812b4ab4-a286-4405-9614-20804cdb1ca4,d6r2_812b4ab4-a286-4405-9614-20804cdb1ca4_9701_24913cbd,373,test:hiding,rootkit,mixed,role_aggregate,20,128,32,middle,True,True,0,20,40,"{""2"": 20}",0,20,0,0,
results\d6_r2_formal\raw_r1\boot_01\batch_20260920T090928.901377Z_d16d6ab2.json.gz,20260920T090928.901377Z_d16d6ab2,4,812b4ab4-a286-4405-9614-20804cdb1ca4,d6r2_812b4ab4-a286-4405-9614-20804cdb1ca4_9701_24913cbd,374,test:hiding,rootkit,mixed,role_aggregate,20,128,32,middle,True,True,0,20,40,"{""2"": 20}",0,20,0,0,
results\d6_r2_formal\raw_r1\boot_01\batch_20260920T090938.359232Z_6e4aede2.json.gz,20260920T090938.359232Z_6e4aede2,4,812b4ab4-a286-4405-9614-20804cdb1ca4,d6r2_812b4ab4-a286-4405-9614-20804cdb1ca4_9701_24913cbd,375,test:hiding,rootkit,mixed,role_aggregate,20,128,32,middle,True,True,0,20,40,"{""2"": 20}",0,20,0,0,
results\d6_r2_formal\raw_r1\boot_01\batch_20260920T090947.520302Z_3ac6ece9.json.gz,20260920T090947.520302Z_3ac6ece9,4,812b4ab4-a286-4405-9614-20804cdb1ca4,d6r2_812b4ab4-a286-4405-9614-20804cdb1ca4_9701_24913cbd,376,test:hiding,rootkit,mixed,role_aggregate,20,128,32,middle,True,True,0,20,40,"{""2"": 20}",0,20,0,0,
results\d6_r2_formal\raw_r1\boot_01\batch_20260920T090956.401286Z_fee4c770.json.gz,20260920T090956.401286Z_fee4c770,4,812b4ab4-a286-4405-9614-20804cdb1ca4,d6r2_812b4ab4-a286-4405-9614-20804cdb1ca4_9701_24913cbd,377,test:hiding,rootkit,mixed,role_aggregate,20,128,32,middle,True,True,0,20,40,"{""2"": 20}",0,20,0,0,
results\d6_r2_formal\raw_r1\boot_01\batch_20260920T091005.387304Z_b407fbba.json.gz,20260920T091005.387304Z_b407fbba,4,812b4ab4-a286-4405-9614-20804cdb1ca4,d6r2_812b4ab4-a286-4405-9614-20804cdb1ca4_9701_24913cbd,378,test:hiding,rootkit,mixed,role_aggregate,20,128,32,middle,True,True,0,20,40,"{""2"": 20}",0,20,0,0,
results\d6_r2_formal\raw_r1\boot_01\batch_20260920T091014.506767Z_138bcda4.json.gz,20260920T091014.506767Z_138bcda4,4,812b4ab4-a286-4405-9614-20804cdb1ca4,d6r2_812b4ab4-a286-4405-9614-20804cdb1ca4_9701_24913cbd,379,test:hiding,rootkit,mixed,role_aggregate,20,128,32,middle,True,True,0,20,40,"{""2"": 20}",0,20,0,0,
results\d6_r2_formal\raw_r1\boot_01\batch_20260920T091023.636303Z_ed5825c2.json.gz,20260920T091023.636303Z_ed5825c2,4,812b4ab4-a286-4405-9614-20804cdb1ca4,d6r2_812b4ab4-a286-4405-9614-20804cdb1ca4_9701_24913cbd,380,test:hiding,rootkit,mixed,role_aggregate,20,128,32,middle,True,True,0,20,40,"{""2"": 20}",0,20,0,0,
results\d6_r2_formal\raw_r1\boot_01\batch_20260920T091032.698602Z_53c6691c.json.gz,20260920T091032.698602Z_53c6691c,4,812b4ab4-a286-4405-9614-20804cdb1ca4,d6r2_812b4ab4-a286-4405-9614-20804cdb1ca4_9701_24913cbd,381,test:hiding,rootkit,mixed,role_aggregate,20,128,32,middle,True,True,0,20,40,"{""2"": 20}",0,20,0,0,
results\d6_r2_formal\raw_r1\boot_01\batch_20260920T091041.786685Z_88bc9719.json.gz,20260920T091041.786685Z_88bc9719,4,812b4ab4-a286-4405-9614-20804cdb1ca4,d6r2_812b4ab4-a286-4405-9614-20804cdb1ca4_9701_24913cbd,382,test:hiding,rootkit,mixed,role_aggregate,20,128,32,middle,True,True,0,20,40,"{""2"": 20}",0,20,0,0,
results\d6_r2_formal\raw_r1\boot_01\batch_20260920T091050.978478Z_7dc43820.json.gz,20260920T091050.978478Z_7dc43820,4,812b4ab4-a286-4405-9614-20804cdb1ca4,d6r2_812b4ab4-a286-4405-9614-20804cdb1ca4_9701_24913cbd,383,test:hiding,rootkit,mixed,role_aggregate,20,128,32,middle,True,True,0,20,40,"{""2"": 20}",0,20,0,0,
results\d6_r2_formal\raw_r1\boot_01\batch_20260920T091100.088258Z_045b0192.json.gz,20260920T091100.088258Z_045b0192,4,812b4ab4-a286-4405-9614-20804cdb1ca4,d6r2_812b4ab4-a286-4405-9614-20804cdb1ca4_9701_24913cbd,384,test:hiding,rootkit,mixed,role_aggregate,20,128,32,middle,True,True,0,20,40,"{""2"": 20}",0,20,0,0,
results\d6_r2_formal\raw_r1\boot_01\batch_20260920T091108.981508Z_d3cc584f.json.gz,20260920T091108.981508Z_d3cc584f,4,812b4ab4-a286-4405-9614-20804cdb1ca4,d6r2_812b4ab4-a286-4405-9614-20804cdb1ca4_9701_24913cbd,385,test:hiding,rootkit,mixed,role_aggregate,20,128,32,middle,True,True,0,20,40,"{""2"": 20}",0,20,0,0,
results\d6_r2_formal\raw_r1\boot_01\batch_20260920T091118.091585Z_71ded020.json.gz,20260920T091118.091585Z_71ded020,4,812b4ab4-a286-4405-9614-20804cdb1ca4,d6r2_812b4ab4-a286-4405-9614-20804cdb1ca4_9701_24913cbd,386,test:hiding,rootkit,mixed,role_aggregate,20,128,32,middle,True,True,0,20,40,"{""2"": 20}",0,20,0,0,
results\d6_r2_formal\raw_r1\boot_01\batch_20260920T091127.144218Z_a016e68d.json.gz,20260920T091127.144218Z_a016e68d,4,812b4ab4-a286-4405-9614-20804cdb1ca4,d6r2_812b4ab4-a286-4405-9614-20804cdb1ca4_9701_24913cbd,387,test:hiding,rootkit,mixed,role_aggregate,20,128,32,middle,True,True,0,20,40,"{""2"": 20}",0,20,0,0,
results\d6_r2_formal\raw_r1\boot_01\batch_20260920T091136.460353Z_fb4e6244.json.gz,20260920T091136.460353Z_fb4e6244,4,812b4ab4-a286-4405-9614-20804cdb1ca4,d6r2_812b4ab4-a286-4405-9614-20804cdb1ca4_9701_24913cbd,388,test:hiding,rootkit,mixed,role_aggregate,20,128,32,middle,True,True,0,20,40,"{""2"": 20}",0,20,0,0,
results\d6_r2_formal\raw_r1\boot_01\batch_20260920T091145.603318Z_b451ae46.json.gz,20260920T091145.603318Z_b451ae46,4,812b4ab4-a286-4405-9614-20804cdb1ca4,d6r2_812b4ab4-a286-4405-9614-20804cdb1ca4_9701_24913cbd,389,test:hiding,rootkit,mixed,role_aggregate,20,128,32,middle,True,True,0,20,40,"{""2"": 20}",0,20,0,0,
results\d6_r2_formal\raw_r1\boot_01\batch_20260920T091154.632661Z_5c95bb60.json.gz,20260920T091154.632661Z_5c95bb60,4,812b4ab4-a286-4405-9614-20804cdb1ca4,d6r2_812b4ab4-a286-4405-9614-20804cdb1ca4_9701_24913cbd,390,test:hiding,rootkit,mixed,role_aggregate,20,128,32,middle,True,True,0,20,40,"{""2"": 20}",0,20,0,0,
results\d6_r2_formal\raw_r1\boot_01\batch_20260920T091203.582263Z_d1548bf2.json.gz,20260920T091203.582263Z_d1548bf2,4,812b4ab4-a286-4405-9614-20804cdb1ca4,d6r2_812b4ab4-a286-4405-9614-20804cdb1ca4_9701_24913cbd,391,test:hiding,rootkit,mixed,role_aggregate,20,128,32,middle,True,True,0,20,40,"{""2"": 20}",0,20,0,0,
results\d6_r2_formal\raw_r1\boot_01\batch_20260920T091212.565656Z_04e42ff3.json.gz,20260920T091212.565656Z_04e42ff3,4,812b4ab4-a286-4405-9614-20804cdb1ca4,d6r2_812b4ab4-a286-4405-9614-20804cdb1ca4_9701_24913cbd,392,test:hiding,rootkit,mixed,role_aggregate,20,128,32,middle,True,True,0,20,40,"{""2"": 20}",0,20,0,0,
results\d6_r2_formal\raw_r1\boot_01\batch_20260920T091221.672763Z_1b03c82b.json.gz,20260920T091221.672763Z_1b03c82b,4,812b4ab4-a286-4405-9614-20804cdb1ca4,d6r2_812b4ab4-a286-4405-9614-20804cdb1ca4_9701_24913cbd,393,test:hiding,rootkit,mixed,role_aggregate,20,128,32,middle,True,True,0,20,40,"{""2"": 20}",0,20,0,0,
results\d6_r2_formal\raw_r1\boot_01\batch_20260920T091230.708660Z_0148fc9c.json.gz,20260920T091230.708660Z_0148fc9c,4,812b4ab4-a286-4405-9614-20804cdb1ca4,d6r2_812b4ab4-a286-4405-9614-20804cdb1ca4_9701_24913cbd,394,test:hiding,rootkit,mixed,role_aggregate,20,128,32,middle,True,True,0,20,40,"{""2"": 20}",0,20,0,0,
results\d6_r2_formal\raw_r1\boot_01\batch_20260920T091239.820782Z_d637d5db.json.gz,20260920T091239.820782Z_d637d5db,4,812b4ab4-a286-4405-9614-20804cdb1ca4,d6r2_812b4ab4-a286-4405-9614-20804cdb1ca4_9701_24913cbd,395,test:hiding,rootkit,mixed,role_aggregate,20,128,32,middle,True,True,0,20,40,"{""2"": 20}",0,20,0,0,
results\d6_r2_formal\raw_r1\boot_01\batch_20260920T091248.922849Z_b67ece06.json.gz,20260920T091248.922849Z_b67ece06,4,812b4ab4-a286-4405-9614-20804cdb1ca4,d6r2_812b4ab4-a286-4405-9614-20804cdb1ca4_9701_24913cbd,396,test:hiding,rootkit,mixed,role_aggregate,20,128,32,middle,True,True,0,20,40,"{""2"": 20}",0,20,0,0,
results\d6_r2_formal\raw_r1\boot_01\batch_20260920T091258.044247Z_f887d383.json.gz,20260920T091258.044247Z_f887d383,4,812b4ab4-a286-4405-9614-20804cdb1ca4,d6r2_812b4ab4-a286-4405-9614-20804cdb1ca4_9701_24913cbd,397,test:hiding,rootkit,mixed,role_aggregate,20,128,32,middle,True,True,0,20,40,"{""2"": 20}",0,20,0,0,
results\d6_r2_formal\raw_r1\boot_01\batch_20260920T091307.057311Z_10dfdfbf.json.gz,20260920T091307.057311Z_10dfdfbf,4,812b4ab4-a286-4405-9614-20804cdb1ca4,d6r2_812b4ab4-a286-4405-9614-20804cdb1ca4_9701_24913cbd,398,test:hiding,rootkit,mixed,role_aggregate,20,128,32,middle,True,True,0,20,40,"{""2"": 20}",0,20,0,0,
results\d6_r2_formal\raw_r1\boot_01\batch_20260920T091316.118770Z_f104e25c.json.gz,20260920T091316.118770Z_f104e25c,4,812b4ab4-a286-4405-9614-20804cdb1ca4,d6r2_812b4ab4-a286-4405-9614-20804cdb1ca4_9701_24913cbd,399,test:hiding,rootkit,mixed,role_aggregate,20,128,32,middle,True,True,0,20,40,"{""2"": 20}",0,20,0,0,
results\d6_r2_formal\raw_r1\boot_01\batch_20260920T091319.037512Z_824d8822.json.gz,20260920T091319.037512Z_824d8822,4,812b4ab4-a286-4405-9614-20804cdb1ca4,d6r2_812b4ab4-a286-4405-9614-20804cdb1ca4_9701_24913cbd,400,test:unloaded,normal,baseline,role_aggregate,20,128,32,middle,True,True,0,20,40,"{""2"": 20}",0,20,0,20,129
results\d6_r2_formal\raw_r1\boot_01\batch_20260920T091321.314533Z_2425259f.json.gz,20260920T091321.314533Z_2425259f,4,812b4ab4-a286-4405-9614-20804cdb1ca4,d6r2_812b4ab4-a286-4405-9614-20804cdb1ca4_9701_24913cbd,401,test:unloaded,normal,baseline,role_aggregate,20,128,32,middle,True,True,0,20,40,"{""2"": 20}",0,20,0,20,129
results\d6_r2_formal\raw_r1\boot_01\batch_20260920T091323.677328Z_b56679ca.json.gz,20260920T091323.677328Z_b56679ca,4,812b4ab4-a286-4405-9614-20804cdb1ca4,d6r2_812b4ab4-a286-4405-9614-20804cdb1ca4_9701_24913cbd,402,test:unloaded,normal,baseline,role_aggregate,20,128,32,middle,True,True,0,20,40,"{""2"": 20}",0,20,0,20,129
results\d6_r2_formal\raw_r1\boot_01\batch_20260920T091325.974380Z_373d1fc8.json.gz,20260920T091325.974380Z_373d1fc8,4,812b4ab4-a286-4405-9614-20804cdb1ca4,d6r2_812b4ab4-a286-4405-9614-20804cdb1ca4_9701_24913cbd,403,test:unloaded,normal,baseline,role_aggregate,20,128,32,middle,True,True,0,20,40,"{""2"": 20}",0,20,0,20,129
results\d6_r2_formal\raw_r1\boot_01\batch_20260920T091328.459339Z_b628afe7.json.gz,20260920T091328.459339Z_b628afe7,4,812b4ab4-a286-4405-9614-20804cdb1ca4,d6r2_812b4ab4-a286-4405-9614-20804cdb1ca4_9701_24913cbd,404,test:unloaded,normal,baseline,role_aggregate,20,128,32,middle,True,True,0,20,40,"{""2"": 20}",0,20,0,20,129
results\d6_r2_formal\raw_r1\boot_01\batch_20260920T091330.801002Z_f73df245.json.gz,20260920T091330.801002Z_f73df245,4,812b4ab4-a286-4405-9614-20804cdb1ca4,d6r2_812b4ab4-a286-4405-9614-20804cdb1ca4_9701_24913cbd,405,test:unloaded,normal,baseline,role_aggregate,20,128,32,middle,True,True,0,20,40,"{""2"": 20}",0,20,0,20,129
results\d6_r2_formal\raw_r1\boot_01\batch_20260920T091333.031329Z_58d75b81.json.gz,20260920T091333.031329Z_58d75b81,4,812b4ab4-a286-4405-9614-20804cdb1ca4,d6r2_812b4ab4-a286-4405-9614-20804cdb1ca4_9701_24913cbd,406,test:unloaded,normal,baseline,role_aggregate,20,128,32,middle,True,True,0,20,40,"{""2"": 20}",0,20,0,20,129
results\d6_r2_formal\raw_r1\boot_01\batch_20260920T091335.370321Z_a3d2fce1.json.gz,20260920T091335.370321Z_a3d2fce1,4,812b4ab4-a286-4405-9614-20804cdb1ca4,d6r2_812b4ab4-a286-4405-9614-20804cdb1ca4_9701_24913cbd,407,test:unloaded,normal,baseline,role_aggregate,20,128,32,middle,True,True,0,20,40,"{""2"": 20}",0,20,0,20,129
results\d6_r2_formal\raw_r1\boot_01\batch_20260920T091337.786828Z_29509a43.json.gz,20260920T091337.786828Z_29509a43,4,812b4ab4-a286-4405-9614-20804cdb1ca4,d6r2_812b4ab4-a286-4405-9614-20804cdb1ca4_9701_24913cbd,408,test:unloaded,normal,baseline,role_aggregate,20,128,32,middle,True,True,0,20,40,"{""2"": 20}",0,20,0,20,129
results\d6_r2_formal\raw_r1\boot_01\batch_20260920T091340.486359Z_2513009d.json.gz,20260920T091340.486359Z_2513009d,4,812b4ab4-a286-4405-9614-20804cdb1ca4,d6r2_812b4ab4-a286-4405-9614-20804cdb1ca4_9701_24913cbd,409,test:unloaded,normal,baseline,role_aggregate,20,128,32,middle,True,True,0,20,40,"{""2"": 20}",0,20,0,20,129
results\d6_r2_formal\raw_r1\boot_01\batch_20260920T091342.772727Z_5db4eebf.json.gz,20260920T091342.772727Z_5db4eebf,4,812b4ab4-a286-4405-9614-20804cdb1ca4,d6r2_812b4ab4-a286-4405-9614-20804cdb1ca4_9701_24913cbd,410,test:unloaded,normal,baseline,role_aggregate,20,128,32,middle,True,True,0,20,40,"{""2"": 20}",0,20,0,20,129
results\d6_r2_formal\raw_r1\boot_01\batch_20260920T091345.061618Z_ac51610c.json.gz,20260920T091345.061618Z_ac51610c,4,812b4ab4-a286-4405-9614-20804cdb1ca4,d6r2_812b4ab4-a286-4405-9614-20804cdb1ca4_9701_24913cbd,411,test:unloaded,normal,baseline,role_aggregate,20,128,32,middle,True,True,0,20,40,"{""2"": 20}",0,20,0,20,129
results\d6_r2_formal\raw_r1\boot_01\batch_20260920T091347.433371Z_4b40914c.json.gz,20260920T091347.433371Z_4b40914c,4,812b4ab4-a286-4405-9614-20804cdb1ca4,d6r2_812b4ab4-a286-4405-9614-20804cdb1ca4_9701_24913cbd,412,test:unloaded,normal,baseline,role_aggregate,20,128,32,middle,True,True,0,20,40,"{""2"": 20}",0,20,0,20,129
results\d6_r2_formal\raw_r1\boot_01\batch_20260920T091349.770356Z_3f803b51.json.gz,20260920T091349.770356Z_3f803b51,4,812b4ab4-a286-4405-9614-20804cdb1ca4,d6r2_812b4ab4-a286-4405-9614-20804cdb1ca4_9701_24913cbd,413,test:unloaded,normal,baseline,role_aggregate,20,128,32,middle,True,True,0,20,40,"{""2"": 20}",0,20,0,20,129
results\d6_r2_formal\raw_r1\boot_01\batch_20260920T091352.095335Z_c86b5a4e.json.gz,20260920T091352.095335Z_c86b5a4e,4,812b4ab4-a286-4405-9614-20804cdb1ca4,d6r2_812b4ab4-a286-4405-9614-20804cdb1ca4_9701_24913cbd,414,test:unloaded,normal,baseline,role_aggregate,20,128,32,middle,True,True,0,20,40,"{""2"": 20}",0,20,0,20,129
results\d6_r2_formal\raw_r1\boot_01\batch_20260920T091354.436323Z_8eb683bf.json.gz,20260920T091354.436323Z_8eb683bf,4,812b4ab4-a286-4405-9614-20804cdb1ca4,d6r2_812b4ab4-a286-4405-9614-20804cdb1ca4_9701_24913cbd,415,test:unloaded,normal,baseline,role_aggregate,20,128,32,middle,True,True,0,20,40,"{""2"": 20}",0,20,0,20,129
results\d6_r2_formal\raw_r1\boot_01\batch_20260920T091356.704515Z_e3e9e5c5.json.gz,20260920T091356.704515Z_e3e9e5c5,4,812b4ab4-a286-4405-9614-20804cdb1ca4,d6r2_812b4ab4-a286-4405-9614-20804cdb1ca4_9701_24913cbd,416,test:unloaded,normal,baseline,role_aggregate,20,128,32,middle,True,True,0,20,40,"{""2"": 20}",0,20,0,20,129
results\d6_r2_formal\raw_r1\boot_01\batch_20260920T091358.942373Z_4d3f518d.json.gz,20260920T091358.942373Z_4d3f518d,4,812b4ab4-a286-4405-9614-20804cdb1ca4,d6r2_812b4ab4-a286-4405-9614-20804cdb1ca4_9701_24913cbd,417,test:unloaded,normal,baseline,role_aggregate,20,128,32,middle,True,True,0,20,40,"{""2"": 20}",0,20,0,20,129
results\d6_r2_formal\raw_r1\boot_01\batch_20260920T091401.174532Z_3298fb2f.json.gz,20260920T091401.174532Z_3298fb2f,4,812b4ab4-a286-4405-9614-20804cdb1ca4,d6r2_812b4ab4-a286-4405-9614-20804cdb1ca4_9701_24913cbd,418,test:unloaded,normal,baseline,role_aggregate,20,128,32,middle,True,True,0,20,40,"{""2"": 20}",0,20,0,20,129
results\d6_r2_formal\raw_r1\boot_01\batch_20260920T091403.402749Z_d224a820.json.gz,20260920T091403.402749Z_d224a820,4,812b4ab4-a286-4405-9614-20804cdb1ca4,d6r2_812b4ab4-a286-4405-9614-20804cdb1ca4_9701_24913cbd,419,test:unloaded,normal,baseline,role_aggregate,20,128,32,middle,True,True,0,20,40,"{""2"": 20}",0,20,0,20,129
results\d6_r2_formal\raw_r1\boot_01\batch_20260920T091405.636371Z_e67036c9.json.gz,20260920T091405.636371Z_e67036c9,4,812b4ab4-a286-4405-9614-20804cdb1ca4,d6r2_812b4ab4-a286-4405-9614-20804cdb1ca4_9701_24913cbd,420,test:unloaded,normal,baseline,role_aggregate,20,128,32,middle,True,True,0,20,40,"{""2"": 20}",0,20,0,20,129
results\d6_r2_formal\raw_r1\boot_01\batch_20260920T091407.951820Z_e8856603.json.gz,20260920T091407.951820Z_e8856603,4,812b4ab4-a286-4405-9614-20804cdb1ca4,d6r2_812b4ab4-a286-4405-9614-20804cdb1ca4_9701_24913cbd,421,test:unloaded,normal,baseline,role_aggregate,20,128,32,middle,True,True,0,20,40,"{""2"": 20}",0,20,0,20,129
results\d6_r2_formal\raw_r1\boot_01\batch_20260920T091410.238342Z_b230228b.json.gz,20260920T091410.238342Z_b230228b,4,812b4ab4-a286-4405-9614-20804cdb1ca4,d6r2_812b4ab4-a286-4405-9614-20804cdb1ca4_9701_24913cbd,422,test:unloaded,normal,baseline,role_aggregate,20,128,32,middle,True,True,0,20,40,"{""2"": 20}",0,20,0,20,129
results\d6_r2_formal\raw_r1\boot_01\batch_20260920T091412.520268Z_2af2c6de.json.gz,20260920T091412.520268Z_2af2c6de,4,812b4ab4-a286-4405-9614-20804cdb1ca4,d6r2_812b4ab4-a286-4405-9614-20804cdb1ca4_9701_24913cbd,423,test:unloaded,normal,baseline,role_aggregate,20,128,32,middle,True,True,0,20,40,"{""2"": 20}",0,20,0,20,129
results\d6_r2_formal\raw_r1\boot_01\batch_20260920T091414.943834Z_c69218a1.json.gz,20260920T091414.943834Z_c69218a1,4,812b4ab4-a286-4405-9614-20804cdb1ca4,d6r2_812b4ab4-a286-4405-9614-20804cdb1ca4_9701_24913cbd,424,test:unloaded,normal,baseline,role_aggregate,20,128,32,middle,True,True,0,20,40,"{""2"": 20}",0,20,0,20,129
results\d6_r2_formal\raw_r1\boot_01\batch_20260920T091417.479438Z_7501d8f8.json.gz,20260920T091417.479438Z_7501d8f8,4,812b4ab4-a286-4405-9614-20804cdb1ca4,d6r2_812b4ab4-a286-4405-9614-20804cdb1ca4_9701_24913cbd,425,test:unloaded,normal,baseline,role_aggregate,20,128,32,middle,True,True,0,20,40,"{""2"": 20}",0,20,0,20,129
results\d6_r2_formal\raw_r1\boot_01\batch_20260920T091419.930410Z_0642cd7f.json.gz,20260920T091419.930410Z_0642cd7f,4,812b4ab4-a286-4405-9614-20804cdb1ca4,d6r2_812b4ab4-a286-4405-9614-20804cdb1ca4_9701_24913cbd,426,test:unloaded,normal,baseline,role_aggregate,20,128,32,middle,True,True,0,20,40,"{""2"": 20}",0,20,0,20,129
results\d6_r2_formal\raw_r1\boot_01\batch_20260920T091422.213343Z_26df8470.json.gz,20260920T091422.213343Z_26df8470,4,812b4ab4-a286-4405-9614-20804cdb1ca4,d6r2_812b4ab4-a286-4405-9614-20804cdb1ca4_9701_24913cbd,427,test:unloaded,normal,baseline,role_aggregate,20,128,32,middle,True,True,0,20,40,"{""2"": 20}",0,20,0,20,129
results\d6_r2_formal\raw_r1\boot_01\batch_20260920T091424.523757Z_ae3d76bc.json.gz,20260920T091424.523757Z_ae3d76bc,4,812b4ab4-a286-4405-9614-20804cdb1ca4,d6r2_812b4ab4-a286-4405-9614-20804cdb1ca4_9701_24913cbd,428,test:unloaded,normal,baseline,role_aggregate,20,128,32,middle,True,True,0,20,40,"{""2"": 20}",0,20,0,20,129
results\d6_r2_formal\raw_r1\boot_01\batch_20260920T091426.778867Z_36a55a2f.json.gz,20260920T091426.778867Z_36a55a2f,4,812b4ab4-a286-4405-9614-20804cdb1ca4,d6r2_812b4ab4-a286-4405-9614-20804cdb1ca4_9701_24913cbd,429,test:unloaded,normal,baseline,role_aggregate,20,128,32,middle,True,True,0,20,40,"{""2"": 20}",0,20,0,20,129
results\d6_r2_formal\raw_r1\boot_01\batch_20260920T091429.892680Z_88915ce4.json.gz,20260920T091429.892680Z_88915ce4,4,812b4ab4-a286-4405-9614-20804cdb1ca4,d6r2_812b4ab4-a286-4405-9614-20804cdb1ca4_9701_24913cbd,430,test:unloaded,normal,baseline,role_aggregate,20,128,32,middle,True,True,0,20,40,"{""2"": 20}",0,20,0,20,129
results\d6_r2_formal\raw_r1\boot_01\batch_20260920T091432.645555Z_ab1a97c1.json.gz,20260920T091432.645555Z_ab1a97c1,4,812b4ab4-a286-4405-9614-20804cdb1ca4,d6r2_812b4ab4-a286-4405-9614-20804cdb1ca4_9701_24913cbd,431,test:unloaded,normal,baseline,role_aggregate,20,128,32,middle,True,True,0,20,40,"{""2"": 20}",0,20,0,20,129
results\d6_r2_formal\raw_r1\boot_01\batch_20260920T091434.821320Z_57134589.json.gz,20260920T091434.821320Z_57134589,4,812b4ab4-a286-4405-9614-20804cdb1ca4,d6r2_812b4ab4-a286-4405-9614-20804cdb1ca4_9701_24913cbd,432,test:unloaded,normal,baseline,role_aggregate,20,128,32,middle,True,True,0,20,40,"{""2"": 20}",0,20,0,20,129
results\d6_r2_formal\raw_r1\boot_01\batch_20260920T091436.901404Z_2b7b2353.json.gz,20260920T091436.901404Z_2b7b2353,4,812b4ab4-a286-4405-9614-20804cdb1ca4,d6r2_812b4ab4-a286-4405-9614-20804cdb1ca4_9701_24913cbd,433,test:unloaded,normal,baseline,role_aggregate,20,128,32,middle,True,True,0,20,40,"{""2"": 20}",0,20,0,20,129
results\d6_r2_formal\raw_r1\boot_01\batch_20260920T091439.250799Z_0bc05ad0.json.gz,20260920T091439.250799Z_0bc05ad0,4,812b4ab4-a286-4405-9614-20804cdb1ca4,d6r2_812b4ab4-a286-4405-9614-20804cdb1ca4_9701_24913cbd,434,test:unloaded,normal,baseline,role_aggregate,20,128,32,middle,True,True,0,20,40,"{""2"": 20}",0,20,0,20,129
results\d6_r2_formal\raw_r1\boot_01\batch_20260920T091441.654172Z_7b498595.json.gz,20260920T091441.654172Z_7b498595,4,812b4ab4-a286-4405-9614-20804cdb1ca4,d6r2_812b4ab4-a286-4405-9614-20804cdb1ca4_9701_24913cbd,435,test:unloaded,normal,baseline,role_aggregate,20,128,32,middle,True,True,0,20,40,"{""2"": 20}",0,20,0,20,129
results\d6_r2_formal\raw_r1\boot_01\batch_20260920T091443.365753Z_b2a8d2fc.json.gz,20260920T091443.365753Z_b2a8d2fc,4,812b4ab4-a286-4405-9614-20804cdb1ca4,d6r2_812b4ab4-a286-4405-9614-20804cdb1ca4_9701_24913cbd,436,test:unloaded,normal,baseline,role_aggregate,20,128,32,middle,True,True,0,20,40,"{""2"": 20}",0,20,0,20,129
results\d6_r2_formal\raw_r1\boot_01\batch_20260920T091444.110633Z_8186e0a2.json.gz,20260920T091444.110633Z_8186e0a2,4,812b4ab4-a286-4405-9614-20804cdb1ca4,d6r2_812b4ab4-a286-4405-9614-20804cdb1ca4_9701_24913cbd,437,test:unloaded,normal,baseline,role_aggregate,20,128,32,middle,True,True,0,20,40,"{""2"": 20}",0,20,0,20,129
results\d6_r2_formal\raw_r1\boot_01\batch_20260920T091445.386154Z_eff96f7b.json.gz,20260920T091445.386154Z_eff96f7b,4,812b4ab4-a286-4405-9614-20804cdb1ca4,d6r2_812b4ab4-a286-4405-9614-20804cdb1ca4_9701_24913cbd,438,test:unloaded,normal,baseline,role_aggregate,20,128,32,middle,True,True,0,20,40,"{""2"": 20}",0,20,0,20,129
results\d6_r2_formal\raw_r1\boot_01\batch_20260920T091447.743592Z_39a84f38.json.gz,20260920T091447.743592Z_39a84f38,4,812b4ab4-a286-4405-9614-20804cdb1ca4,d6r2_812b4ab4-a286-4405-9614-20804cdb1ca4_9701_24913cbd,439,test:unloaded,normal,baseline,role_aggregate,20,128,32,middle,True,True,0,20,40,"{""2"": 20}",0,20,0,20,129
results\d6_r2_formal\raw_r1\boot_01\batch_20260920T091450.209304Z_921eb871.json.gz,20260920T091450.209304Z_921eb871,4,812b4ab4-a286-4405-9614-20804cdb1ca4,d6r2_812b4ab4-a286-4405-9614-20804cdb1ca4_9701_24913cbd,440,test:sham,normal,baseline,role_aggregate,20,128,32,middle,True,True,0,20,40,"{""2"": 20}",0,20,0,20,129
results\d6_r2_formal\raw_r1\boot_01\batch_20260920T091453.320643Z_c2aa5b29.json.gz,20260920T091453.320643Z_c2aa5b29,4,812b4ab4-a286-4405-9614-20804cdb1ca4,d6r2_812b4ab4-a286-4405-9614-20804cdb1ca4_9701_24913cbd,441,test:sham,normal,baseline,role_aggregate,20,128,32,middle,True,True,0,20,40,"{""2"": 20}",0,20,0,20,129
results\d6_r2_formal\raw_r1\boot_01\batch_20260920T091455.663468Z_15adbcbf.json.gz,20260920T091455.663468Z_15adbcbf,4,812b4ab4-a286-4405-9614-20804cdb1ca4,d6r2_812b4ab4-a286-4405-9614-20804cdb1ca4_9701_24913cbd,442,test:sham,normal,baseline,role_aggregate,20,128,32,middle,True,True,0,20,40,"{""2"": 20}",0,20,0,20,129
results\d6_r2_formal\raw_r1\boot_01\batch_20260920T091458.349224Z_adab56ce.json.gz,20260920T091458.349224Z_adab56ce,4,812b4ab4-a286-4405-9614-20804cdb1ca4,d6r2_812b4ab4-a286-4405-9614-20804cdb1ca4_9701_24913cbd,443,test:sham,normal,baseline,role_aggregate,20,128,32,middle,True,True,0,20,40,"{""2"": 20}",0,20,0,20,129
results\d6_r2_formal\raw_r1\boot_01\batch_20260920T091500.429107Z_0cb86a19.json.gz,20260920T091500.429107Z_0cb86a19,4,812b4ab4-a286-4405-9614-20804cdb1ca4,d6r2_812b4ab4-a286-4405-9614-20804cdb1ca4_9701_24913cbd,444,test:sham,normal,baseline,role_aggregate,20,128,32,middle,True,True,0,20,40,"{""2"": 20}",0,20,0,20,129
results\d6_r2_formal\raw_r1\boot_01\batch_20260920T091502.463285Z_6e9506e4.json.gz,20260920T091502.463285Z_6e9506e4,4,812b4ab4-a286-4405-9614-20804cdb1ca4,d6r2_812b4ab4-a286-4405-9614-20804cdb1ca4_9701_24913cbd,445,test:sham,normal,baseline,role_aggregate,20,128,32,middle,True,True,0,20,40,"{""2"": 20}",0,20,0,20,129
results\d6_r2_formal\raw_r1\boot_01\batch_20260920T091504.496378Z_6a934794.json.gz,20260920T091504.496378Z_6a934794,4,812b4ab4-a286-4405-9614-20804cdb1ca4,d6r2_812b4ab4-a286-4405-9614-20804cdb1ca4_9701_24913cbd,446,test:sham,normal,baseline,role_aggregate,20,128,32,middle,True,True,0,20,40,"{""2"": 20}",0,20,0,20,129
results\d6_r2_formal\raw_r1\boot_01\batch_20260920T091506.551306Z_bd5666e1.json.gz,20260920T091506.551306Z_bd5666e1,4,812b4ab4-a286-4405-9614-20804cdb1ca4,d6r2_812b4ab4-a286-4405-9614-20804cdb1ca4_9701_24913cbd,447,test:sham,normal,baseline,role_aggregate,20,128,32,middle,True,True,0,20,40,"{""2"": 20}",0,20,0,20,129
results\d6_r2_formal\raw_r1\boot_01\batch_20260920T091508.679799Z_32f20610.json.gz,20260920T091508.679799Z_32f20610,4,812b4ab4-a286-4405-9614-20804cdb1ca4,d6r2_812b4ab4-a286-4405-9614-20804cdb1ca4_9701_24913cbd,448,test:sham,normal,baseline,role_aggregate,20,128,32,middle,True,True,0,20,40,"{""2"": 20}",0,20,0,20,129
results\d6_r2_formal\raw_r1\boot_01\batch_20260920T091510.802301Z_c8455264.json.gz,20260920T091510.802301Z_c8455264,4,812b4ab4-a286-4405-9614-20804cdb1ca4,d6r2_812b4ab4-a286-4405-9614-20804cdb1ca4_9701_24913cbd,449,test:sham,normal,baseline,role_aggregate,20,128,32,middle,True,True,0,20,40,"{""2"": 20}",0,20,0,20,129
results\d6_r2_formal\raw_r1\boot_01\batch_20260920T091519.049462Z_6215857c.json.gz,20260920T091519.049462Z_6215857c,4,812b4ab4-a286-4405-9614-20804cdb1ca4,d6r2_812b4ab4-a286-4405-9614-20804cdb1ca4_9701_24913cbd,450,test:sham,normal,cpu,role_aggregate,20,128,32,middle,True,True,0,20,40,"{""2"": 20}",0,20,0,20,129
results\d6_r2_formal\raw_r1\boot_01\batch_20260920T091527.333588Z_e0bb1568.json.gz,20260920T091527.333588Z_e0bb1568,4,812b4ab4-a286-4405-9614-20804cdb1ca4,d6r2_812b4ab4-a286-4405-9614-20804cdb1ca4_9701_24913cbd,451,test:sham,normal,cpu,role_aggregate,20,128,32,middle,True,True,0,20,40,"{""2"": 20}",0,20,0,20,129
results\d6_r2_formal\raw_r1\boot_01\batch_20260920T091535.616327Z_186bca29.json.gz,20260920T091535.616327Z_186bca29,4,812b4ab4-a286-4405-9614-20804cdb1ca4,d6r2_812b4ab4-a286-4405-9614-20804cdb1ca4_9701_24913cbd,452,test:sham,normal,cpu,role_aggregate,20,128,32,middle,True,True,0,20,40,"{""2"": 20}",0,20,0,20,129
results\d6_r2_formal\raw_r1\boot_01\batch_20260920T091543.873739Z_e0129aac.json.gz,20260920T091543.873739Z_e0129aac,4,812b4ab4-a286-4405-9614-20804cdb1ca4,d6r2_812b4ab4-a286-4405-9614-20804cdb1ca4_9701_24913cbd,453,test:sham,normal,cpu,role_aggregate,20,128,32,middle,True,True,0,20,40,"{""2"": 20}",0,20,0,20,129
results\d6_r2_formal\raw_r1\boot_01\batch_20260920T091552.217642Z_969f4734.json.gz,20260920T091552.217642Z_969f4734,4,812b4ab4-a286-4405-9614-20804cdb1ca4,d6r2_812b4ab4-a286-4405-9614-20804cdb1ca4_9701_24913cbd,454,test:sham,normal,cpu,role_aggregate,20,128,32,middle,True,True,0,20,40,"{""2"": 20}",0,20,0,20,129
results\d6_r2_formal\raw_r1\boot_01\batch_20260920T091600.508357Z_193ce6fe.json.gz,20260920T091600.508357Z_193ce6fe,4,812b4ab4-a286-4405-9614-20804cdb1ca4,d6r2_812b4ab4-a286-4405-9614-20804cdb1ca4_9701_24913cbd,455,test:sham,normal,cpu,role_aggregate,20,128,32,middle,True,True,0,20,40,"{""2"": 20}",0,20,0,20,129
results\d6_r2_formal\raw_r1\boot_01\batch_20260920T091608.684378Z_cd3f54b5.json.gz,20260920T091608.684378Z_cd3f54b5,4,812b4ab4-a286-4405-9614-20804cdb1ca4,d6r2_812b4ab4-a286-4405-9614-20804cdb1ca4_9701_24913cbd,456,test:sham,normal,cpu,role_aggregate,20,128,32,middle,True,True,0,20,40,"{""2"": 20}",0,20,0,20,129
results\d6_r2_formal\raw_r1\boot_01\batch_20260920T091616.915573Z_95e25f9b.json.gz,20260920T091616.915573Z_95e25f9b,4,812b4ab4-a286-4405-9614-20804cdb1ca4,d6r2_812b4ab4-a286-4405-9614-20804cdb1ca4_9701_24913cbd,457,test:sham,normal,cpu,role_aggregate,20,128,32,middle,True,True,0,20,40,"{""2"": 20}",0,20,0,20,129
results\d6_r2_formal\raw_r1\boot_01\batch_20260920T091625.177596Z_4a9cecae.json.gz,20260920T091625.177596Z_4a9cecae,4,812b4ab4-a286-4405-9614-20804cdb1ca4,d6r2_812b4ab4-a286-4405-9614-20804cdb1ca4_9701_24913cbd,458,test:sham,normal,cpu,role_aggregate,20,128,32,middle,True,True,0,20,40,"{""2"": 20}",0,20,0,20,129
results\d6_r2_formal\raw_r1\boot_01\batch_20260920T091633.449482Z_63b2bbfa.json.gz,20260920T091633.449482Z_63b2bbfa,4,812b4ab4-a286-4405-9614-20804cdb1ca4,d6r2_812b4ab4-a286-4405-9614-20804cdb1ca4_9701_24913cbd,459,test:sham,normal,cpu,role_aggregate,20,128,32,middle,True,True,0,20,40,"{""2"": 20}",0,20,0,20,129
results\d6_r2_formal\raw_r1\boot_02\batch_20260920T091657.114589Z_3cb0c932.json.gz,20260920T091657.114589Z_3cb0c932,4,b9d1d4a9-5661-4a35-aec7-79b6fdaa703b,d6r2_b9d1d4a9-5661-4a35-aec7-79b6fdaa703b_9702_fd1dfd48,0,calibration:sham,normal,baseline,role_aggregate,20,128,32,middle,True,True,0,20,40,"{""2"": 20}",0,20,0,20,129
results\d6_r2_formal\raw_r1\boot_02\batch_20260920T091705.377826Z_433e611d.json.gz,20260920T091705.377826Z_433e611d,4,b9d1d4a9-5661-4a35-aec7-79b6fdaa703b,d6r2_b9d1d4a9-5661-4a35-aec7-79b6fdaa703b_9702_fd1dfd48,1,calibration:sham,normal,cpu,role_aggregate,20,128,32,middle,True,True,0,20,40,"{""2"": 20}",0,20,0,20,129
results\d6_r2_formal\raw_r1\boot_02\batch_20260920T091713.605688Z_20371422.json.gz,20260920T091713.605688Z_20371422,4,b9d1d4a9-5661-4a35-aec7-79b6fdaa703b,d6r2_b9d1d4a9-5661-4a35-aec7-79b6fdaa703b_9702_fd1dfd48,2,calibration:unloaded,normal,cpu,role_aggregate,20,128,32,middle,True,True,0,20,40,"{""2"": 20}",0,20,0,20,129
results\d6_r2_formal\raw_r1\boot_02\batch_20260920T091715.597552Z_e901c2f3.json.gz,20260920T091715.597552Z_e901c2f3,4,b9d1d4a9-5661-4a35-aec7-79b6fdaa703b,d6r2_b9d1d4a9-5661-4a35-aec7-79b6fdaa703b_9702_fd1dfd48,3,calibration:unloaded,normal,baseline,role_aggregate,20,128,32,middle,True,True,0,20,40,"{""2"": 20}",0,20,0,20,129
results\d6_r2_formal\raw_r1\boot_02\batch_20260920T091723.835369Z_1c0943f5.json.gz,20260920T091723.835369Z_1c0943f5,4,b9d1d4a9-5661-4a35-aec7-79b6fdaa703b,d6r2_b9d1d4a9-5661-4a35-aec7-79b6fdaa703b_9702_fd1dfd48,4,calibration:sham,normal,cpu,role_aggregate,20,128,32,middle,True,True,0,20,40,"{""2"": 20}",0,20,0,20,129
results\d6_r2_formal\raw_r1\boot_02\batch_20260920T091732.090532Z_b71f3f04.json.gz,20260920T091732.090532Z_b71f3f04,4,b9d1d4a9-5661-4a35-aec7-79b6fdaa703b,d6r2_b9d1d4a9-5661-4a35-aec7-79b6fdaa703b_9702_fd1dfd48,5,calibration:unloaded,normal,cpu,role_aggregate,20,128,32,middle,True,True,0,20,40,"{""2"": 20}",0,20,0,20,129
results\d6_r2_formal\raw_r1\boot_02\batch_20260920T091740.307337Z_1d918c2a.json.gz,20260920T091740.307337Z_1d918c2a,4,b9d1d4a9-5661-4a35-aec7-79b6fdaa703b,d6r2_b9d1d4a9-5661-4a35-aec7-79b6fdaa703b_9702_fd1dfd48,6,calibration:sham,normal,cpu,role_aggregate,20,128,32,middle,True,True,0,20,40,"{""2"": 20}",0,20,0,20,129
results\d6_r2_formal\raw_r1\boot_02\batch_20260920T091748.548577Z_2b0193d6.json.gz,20260920T091748.548577Z_2b0193d6,4,b9d1d4a9-5661-4a35-aec7-79b6fdaa703b,d6r2_b9d1d4a9-5661-4a35-aec7-79b6fdaa703b_9702_fd1dfd48,7,calibration:unloaded,normal,cpu,role_aggregate,20,128,32,middle,True,True,0,20,40,"{""2"": 20}",0,20,0,20,129
results\d6_r2_formal\raw_r1\boot_02\batch_20260920T091756.748525Z_5f9b5257.json.gz,20260920T091756.748525Z_5f9b5257,4,b9d1d4a9-5661-4a35-aec7-79b6fdaa703b,d6r2_b9d1d4a9-5661-4a35-aec7-79b6fdaa703b_9702_fd1dfd48,8,calibration:unloaded,normal,cpu,role_aggregate,20,128,32,middle,True,True,0,20,40,"{""2"": 20}",0,20,0,20,129
results\d6_r2_formal\raw_r1\boot_02\batch_20260920T091758.821375Z_c50e5f6b.json.gz,20260920T091758.821375Z_c50e5f6b,4,b9d1d4a9-5661-4a35-aec7-79b6fdaa703b,d6r2_b9d1d4a9-5661-4a35-aec7-79b6fdaa703b_9702_fd1dfd48,9,calibration:sham,normal,baseline,role_aggregate,20,128,32,middle,True,True,0,20,40,"{""2"": 20}",0,20,0,20,129
results\d6_r2_formal\raw_r1\boot_02\batch_20260920T091800.945853Z_2030ed70.json.gz,20260920T091800.945853Z_2030ed70,4,b9d1d4a9-5661-4a35-aec7-79b6fdaa703b,d6r2_b9d1d4a9-5661-4a35-aec7-79b6fdaa703b_9702_fd1dfd48,10,calibration:sham,normal,baseline,role_aggregate,20,128,32,middle,True,True,0,20,40,"{""2"": 20}",0,20,0,20,129
results\d6_r2_formal\raw_r1\boot_02\batch_20260920T091803.013325Z_66be9416.json.gz,20260920T091803.013325Z_66be9416,4,b9d1d4a9-5661-4a35-aec7-79b6fdaa703b,d6r2_b9d1d4a9-5661-4a35-aec7-79b6fdaa703b_9702_fd1dfd48,11,calibration:sham,normal,baseline,role_aggregate,20,128,32,middle,True,True,0,20,40,"{""2"": 20}",0,20,0,20,129
results\d6_r2_formal\raw_r1\boot_02\batch_20260920T091811.317673Z_6682f5e4.json.gz,20260920T091811.317673Z_6682f5e4,4,b9d1d4a9-5661-4a35-aec7-79b6fdaa703b,d6r2_b9d1d4a9-5661-4a35-aec7-79b6fdaa703b_9702_fd1dfd48,12,calibration:sham,normal,cpu,role_aggregate,20,128,32,middle,True,True,0,20,40,"{""2"": 20}",0,20,0,20,129
results\d6_r2_formal\raw_r1\boot_02\batch_20260920T091813.352381Z_41c22bc8.json.gz,20260920T091813.352381Z_41c22bc8,4,b9d1d4a9-5661-4a35-aec7-79b6fdaa703b,d6r2_b9d1d4a9-5661-4a35-aec7-79b6fdaa703b_9702_fd1dfd48,13,calibration:unloaded,normal,baseline,role_aggregate,20,128,32,middle,True,True,0,20,40,"{""2"": 20}",0,20,0,20,129
results\d6_r2_formal\raw_r1\boot_02\batch_20260920T091821.495389Z_ba24ddc8.json.gz,20260920T091821.495389Z_ba24ddc8,4,b9d1d4a9-5661-4a35-aec7-79b6fdaa703b,d6r2_b9d1d4a9-5661-4a35-aec7-79b6fdaa703b_9702_fd1dfd48,14,calibration:unloaded,normal,cpu,role_aggregate,20,128,32,middle,True,True,0,20,40,"{""2"": 20}",0,20,0,20,129
results\d6_r2_formal\raw_r1\boot_02\batch_20260920T091823.547686Z_35d617d8.json.gz,20260920T091823.547686Z_35d617d8,4,b9d1d4a9-5661-4a35-aec7-79b6fdaa703b,d6r2_b9d1d4a9-5661-4a35-aec7-79b6fdaa703b_9702_fd1dfd48,15,calibration:unloaded,normal,baseline,role_aggregate,20,128,32,middle,True,True,0,20,40,"{""2"": 20}",0,20,0,20,129
results\d6_r2_formal\raw_r1\boot_02\batch_20260920T091825.627365Z_35a93f31.json.gz,20260920T091825.627365Z_35a93f31,4,b9d1d4a9-5661-4a35-aec7-79b6fdaa703b,d6r2_b9d1d4a9-5661-4a35-aec7-79b6fdaa703b_9702_fd1dfd48,16,calibration:sham,normal,baseline,role_aggregate,20,128,32,middle,True,True,0,20,40,"{""2"": 20}",0,20,0,20,129
results\d6_r2_formal\raw_r1\boot_02\batch_20260920T091827.690550Z_88584f92.json.gz,20260920T091827.690550Z_88584f92,4,b9d1d4a9-5661-4a35-aec7-79b6fdaa703b,d6r2_b9d1d4a9-5661-4a35-aec7-79b6fdaa703b_9702_fd1dfd48,17,calibration:unloaded,normal,baseline,role_aggregate,20,128,32,middle,True,True,0,20,40,"{""2"": 20}",0,20,0,20,129
results\d6_r2_formal\raw_r1\boot_02\batch_20260920T091829.779836Z_9a422155.json.gz,20260920T091829.779836Z_9a422155,4,b9d1d4a9-5661-4a35-aec7-79b6fdaa703b,d6r2_b9d1d4a9-5661-4a35-aec7-79b6fdaa703b_9702_fd1dfd48,18,calibration:sham,normal,baseline,role_aggregate,20,128,32,middle,True,True,0,20,40,"{""2"": 20}",0,20,0,20,129
results\d6_r2_formal\raw_r1\boot_02\batch_20260920T091838.076410Z_06a8d05d.json.gz,20260920T091838.076410Z_06a8d05d,4,b9d1d4a9-5661-4a35-aec7-79b6fdaa703b,d6r2_b9d1d4a9-5661-4a35-aec7-79b6fdaa703b_9702_fd1dfd48,19,calibration:sham,normal,cpu,role_aggregate,20,128,32,middle,True,True,0,20,40,"{""2"": 20}",0,20,0,20,129
results\d6_r2_formal\raw_r1\boot_02\batch_20260920T091846.290385Z_c442435e.json.gz,20260920T091846.290385Z_c442435e,4,b9d1d4a9-5661-4a35-aec7-79b6fdaa703b,d6r2_b9d1d4a9-5661-4a35-aec7-79b6fdaa703b_9702_fd1dfd48,20,calibration:unloaded,normal,cpu,role_aggregate,20,128,32,middle,True,True,0,20,40,"{""2"": 20}",0,20,0,20,129
results\d6_r2_formal\raw_r1\boot_02\batch_20260920T091854.416543Z_71c53765.json.gz,20260920T091854.416543Z_71c53765,4,b9d1d4a9-5661-4a35-aec7-79b6fdaa703b,d6r2_b9d1d4a9-5661-4a35-aec7-79b6fdaa703b_9702_fd1dfd48,21,calibration:unloaded,normal,cpu,role_aggregate,20,128,32,middle,True,True,0,20,40,"{""2"": 20}",0,20,0,20,129
results\d6_r2_formal\raw_r1\boot_02\batch_20260920T091902.607312Z_6434e972.json.gz,20260920T091902.607312Z_6434e972,4,b9d1d4a9-5661-4a35-aec7-79b6fdaa703b,d6r2_b9d1d4a9-5661-4a35-aec7-79b6fdaa703b_9702_fd1dfd48,22,calibration:unloaded,normal,cpu,role_aggregate,20,128,32,middle,True,True,0,20,40,"{""2"": 20}",0,20,0,20,129
results\d6_r2_formal\raw_r1\boot_02\batch_20260920T091904.591539Z_4b588587.json.gz,20260920T091904.591539Z_4b588587,4,b9d1d4a9-5661-4a35-aec7-79b6fdaa703b,d6r2_b9d1d4a9-5661-4a35-aec7-79b6fdaa703b_9702_fd1dfd48,23,calibration:sham,normal,baseline,role_aggregate,20,128,32,middle,True,True,0,20,40,"{""2"": 20}",0,20,0,20,129
results\d6_r2_formal\raw_r1\boot_02\batch_20260920T091906.644607Z_7f037dd9.json.gz,20260920T091906.644607Z_7f037dd9,4,b9d1d4a9-5661-4a35-aec7-79b6fdaa703b,d6r2_b9d1d4a9-5661-4a35-aec7-79b6fdaa703b_9702_fd1dfd48,24,calibration:sham,normal,baseline,role_aggregate,20,128,32,middle,True,True,0,20,40,"{""2"": 20}",0,20,0,20,129
results\d6_r2_formal\raw_r1\boot_02\batch_20260920T091914.954287Z_10b72863.json.gz,20260920T091914.954287Z_10b72863,4,b9d1d4a9-5661-4a35-aec7-79b6fdaa703b,d6r2_b9d1d4a9-5661-4a35-aec7-79b6fdaa703b_9702_fd1dfd48,25,calibration:sham,normal,cpu,role_aggregate,20,128,32,middle,True,True,0,20,40,"{""2"": 20}",0,20,0,20,129
results\d6_r2_formal\raw_r1\boot_02\batch_20260920T091917.036829Z_fd49bee7.json.gz,20260920T091917.036829Z_fd49bee7,4,b9d1d4a9-5661-4a35-aec7-79b6fdaa703b,d6r2_b9d1d4a9-5661-4a35-aec7-79b6fdaa703b_9702_fd1dfd48,26,calibration:unloaded,normal,baseline,role_aggregate,20,128,32,middle,True,True,0,20,40,"{""2"": 20}",0,20,0,20,129
results\d6_r2_formal\raw_r1\boot_02\batch_20260920T091925.189495Z_24bdb81e.json.gz,20260920T091925.189495Z_24bdb81e,4,b9d1d4a9-5661-4a35-aec7-79b6fdaa703b,d6r2_b9d1d4a9-5661-4a35-aec7-79b6fdaa703b_9702_fd1dfd48,27,calibration:sham,normal,cpu,role_aggregate,20,128,32,middle,True,True,0,20,40,"{""2"": 20}",0,20,0,20,129
results\d6_r2_formal\raw_r1\boot_02\batch_20260920T091933.425707Z_d9c9b1bd.json.gz,20260920T091933.425707Z_d9c9b1bd,4,b9d1d4a9-5661-4a35-aec7-79b6fdaa703b,d6r2_b9d1d4a9-5661-4a35-aec7-79b6fdaa703b_9702_fd1dfd48,28,calibration:sham,normal,cpu,role_aggregate,20,128,32,middle,True,True,0,20,40,"{""2"": 20}",0,20,0,20,129
results\d6_r2_formal\raw_r1\boot_02\batch_20260920T091941.727804Z_9844d426.json.gz,20260920T091941.727804Z_9844d426,4,b9d1d4a9-5661-4a35-aec7-79b6fdaa703b,d6r2_b9d1d4a9-5661-4a35-aec7-79b6fdaa703b_9702_fd1dfd48,29,calibration:unloaded,normal,cpu,role_aggregate,20,128,32,middle,True,True,0,20,40,"{""2"": 20}",0,20,0,20,129
results\d6_r2_formal\raw_r1\boot_02\batch_20260920T091950.118299Z_e56cbc23.json.gz,20260920T091950.118299Z_e56cbc23,4,b9d1d4a9-5661-4a35-aec7-79b6fdaa703b,d6r2_b9d1d4a9-5661-4a35-aec7-79b6fdaa703b_9702_fd1dfd48,30,calibration:sham,normal,cpu,role_aggregate,20,128,32,middle,True,True,0,20,40,"{""2"": 20}",0,20,0,20,129
results\d6_r2_formal\raw_r1\boot_02\batch_20260920T091958.451346Z_f049ba13.json.gz,20260920T091958.451346Z_f049ba13,4,b9d1d4a9-5661-4a35-aec7-79b6fdaa703b,d6r2_b9d1d4a9-5661-4a35-aec7-79b6fdaa703b_9702_fd1dfd48,31,calibration:sham,normal,cpu,role_aggregate,20,128,32,middle,True,True,0,20,40,"{""2"": 20}",0,20,0,20,129
results\d6_r2_formal\raw_r1\boot_02\batch_20260920T092000.570392Z_c8971f40.json.gz,20260920T092000.570392Z_c8971f40,4,b9d1d4a9-5661-4a35-aec7-79b6fdaa703b,d6r2_b9d1d4a9-5661-4a35-aec7-79b6fdaa703b_9702_fd1dfd48,32,calibration:sham,normal,baseline,role_aggregate,20,128,32,middle,True,True,0,20,40,"{""2"": 20}",0,20,0,20,129
results\d6_r2_formal\raw_r1\boot_02\batch_20260920T092008.823376Z_a2869750.json.gz,20260920T092008.823376Z_a2869750,4,b9d1d4a9-5661-4a35-aec7-79b6fdaa703b,d6r2_b9d1d4a9-5661-4a35-aec7-79b6fdaa703b_9702_fd1dfd48,33,calibration:unloaded,normal,cpu,role_aggregate,20,128,32,middle,True,True,0,20,40,"{""2"": 20}",0,20,0,20,129
results\d6_r2_formal\raw_r1\boot_02\batch_20260920T092016.972713Z_af367a5c.json.gz,20260920T092016.972713Z_af367a5c,4,b9d1d4a9-5661-4a35-aec7-79b6fdaa703b,d6r2_b9d1d4a9-5661-4a35-aec7-79b6fdaa703b_9702_fd1dfd48,34,calibration:sham,normal,cpu,role_aggregate,20,128,32,middle,True,True,0,20,40,"{""2"": 20}",0,20,0,20,129
results\d6_r2_formal\raw_r1\boot_02\batch_20260920T092019.050742Z_632a0137.json.gz,20260920T092019.050742Z_632a0137,4,b9d1d4a9-5661-4a35-aec7-79b6fdaa703b,d6r2_b9d1d4a9-5661-4a35-aec7-79b6fdaa703b_9702_fd1dfd48,35,calibration:unloaded,normal,baseline,role_aggregate,20,128,32,middle,True,True,0,20,40,"{""2"": 20}",0,20,0,20,129
results\d6_r2_formal\raw_r1\boot_02\batch_20260920T092021.089580Z_aa742be1.json.gz,20260920T092021.089580Z_aa742be1,4,b9d1d4a9-5661-4a35-aec7-79b6fdaa703b,d6r2_b9d1d4a9-5661-4a35-aec7-79b6fdaa703b_9702_fd1dfd48,36,calibration:unloaded,normal,baseline,role_aggregate,20,128,32,middle,True,True,0,20,40,"{""2"": 20}",0,20,0,20,129
results\d6_r2_formal\raw_r1\boot_02\batch_20260920T092023.102305Z_53476032.json.gz,20260920T092023.102305Z_53476032,4,b9d1d4a9-5661-4a35-aec7-79b6fdaa703b,d6r2_b9d1d4a9-5661-4a35-aec7-79b6fdaa703b_9702_fd1dfd48,37,calibration:unloaded,normal,baseline,role_aggregate,20,128,32,middle,True,True,0,20,40,"{""2"": 20}",0,20,0,20,129
results\d6_r2_formal\raw_r1\boot_02\batch_20260920T092025.186688Z_bf2bcd61.json.gz,20260920T092025.186688Z_bf2bcd61,4,b9d1d4a9-5661-4a35-aec7-79b6fdaa703b,d6r2_b9d1d4a9-5661-4a35-aec7-79b6fdaa703b_9702_fd1dfd48,38,calibration:sham,normal,baseline,role_aggregate,20,128,32,middle,True,True,0,20,40,"{""2"": 20}",0,20,0,20,129
results\d6_r2_formal\raw_r1\boot_02\batch_20260920T092027.302407Z_e12e5a36.json.gz,20260920T092027.302407Z_e12e5a36,4,b9d1d4a9-5661-4a35-aec7-79b6fdaa703b,d6r2_b9d1d4a9-5661-4a35-aec7-79b6fdaa703b_9702_fd1dfd48,39,calibration:unloaded,normal,baseline,role_aggregate,20,128,32,middle,True,True,0,20,40,"{""2"": 20}",0,20,0,20,129
results\d6_r2_formal\raw_r1\boot_02\batch_20260920T092029.343712Z_d154d9cd.json.gz,20260920T092029.343712Z_d154d9cd,4,b9d1d4a9-5661-4a35-aec7-79b6fdaa703b,d6r2_b9d1d4a9-5661-4a35-aec7-79b6fdaa703b_9702_fd1dfd48,40,calibration:unloaded,normal,baseline,role_aggregate,20,128,32,middle,True,True,0,20,40,"{""2"": 20}",0,20,0,20,129
results\d6_r2_formal\raw_r1\boot_02\batch_20260920T092031.438537Z_e5a7df18.json.gz,20260920T092031.438537Z_e5a7df18,4,b9d1d4a9-5661-4a35-aec7-79b6fdaa703b,d6r2_b9d1d4a9-5661-4a35-aec7-79b6fdaa703b_9702_fd1dfd48,41,calibration:sham,normal,baseline,role_aggregate,20,128,32,middle,True,True,0,20,40,"{""2"": 20}",0,20,0,20,129
results\d6_r2_formal\raw_r1\boot_02\batch_20260920T092033.545407Z_d186c18a.json.gz,20260920T092033.545407Z_d186c18a,4,b9d1d4a9-5661-4a35-aec7-79b6fdaa703b,d6r2_b9d1d4a9-5661-4a35-aec7-79b6fdaa703b_9702_fd1dfd48,42,calibration:unloaded,normal,baseline,role_aggregate,20,128,32,middle,True,True,0,20,40,"{""2"": 20}",0,20,0,20,129
results\d6_r2_formal\raw_r1\boot_02\batch_20260920T092041.737809Z_3680963c.json.gz,20260920T092041.737809Z_3680963c,4,b9d1d4a9-5661-4a35-aec7-79b6fdaa703b,d6r2_b9d1d4a9-5661-4a35-aec7-79b6fdaa703b_9702_fd1dfd48,43,calibration:unloaded,normal,cpu,role_aggregate,20,128,32,middle,True,True,0,20,40,"{""2"": 20}",0,20,0,20,129
results\d6_r2_formal\raw_r1\boot_02\batch_20260920T092049.950395Z_e0cb5123.json.gz,20260920T092049.950395Z_e0cb5123,4,b9d1d4a9-5661-4a35-aec7-79b6fdaa703b,d6r2_b9d1d4a9-5661-4a35-aec7-79b6fdaa703b_9702_fd1dfd48,44,calibration:sham,normal,cpu,role_aggregate,20,128,32,middle,True,True,0,20,40,"{""2"": 20}",0,20,0,20,129
results\d6_r2_formal\raw_r1\boot_02\batch_20260920T092058.137355Z_10fbccb5.json.gz,20260920T092058.137355Z_10fbccb5,4,b9d1d4a9-5661-4a35-aec7-79b6fdaa703b,d6r2_b9d1d4a9-5661-4a35-aec7-79b6fdaa703b_9702_fd1dfd48,45,calibration:unloaded,normal,cpu,role_aggregate,20,128,32,middle,True,True,0,20,40,"{""2"": 20}",0,20,0,20,129
results\d6_r2_formal\raw_r1\boot_02\batch_20260920T092106.314454Z_74cc3278.json.gz,20260920T092106.314454Z_74cc3278,4,b9d1d4a9-5661-4a35-aec7-79b6fdaa703b,d6r2_b9d1d4a9-5661-4a35-aec7-79b6fdaa703b_9702_fd1dfd48,46,calibration:sham,normal,cpu,role_aggregate,20,128,32,middle,True,True,0,20,40,"{""2"": 20}",0,20,0,20,129
results\d6_r2_formal\raw_r1\boot_02\batch_20260920T092108.398615Z_8d29bb1d.json.gz,20260920T092108.398615Z_8d29bb1d,4,b9d1d4a9-5661-4a35-aec7-79b6fdaa703b,d6r2_b9d1d4a9-5661-4a35-aec7-79b6fdaa703b_9702_fd1dfd48,47,calibration:unloaded,normal,baseline,role_aggregate,20,128,32,middle,True,True,0,20,40,"{""2"": 20}",0,20,0,20,129
results\d6_r2_formal\raw_r1\boot_02\batch_20260920T092110.532426Z_3e8fab2b.json.gz,20260920T092110.532426Z_3e8fab2b,4,b9d1d4a9-5661-4a35-aec7-79b6fdaa703b,d6r2_b9d1d4a9-5661-4a35-aec7-79b6fdaa703b_9702_fd1dfd48,48,calibration:unloaded,normal,baseline,role_aggregate,20,128,32,middle,True,True,0,20,40,"{""2"": 20}",0,20,0,20,129
results\d6_r2_formal\raw_r1\boot_02\batch_20260920T092118.803720Z_6e7a70dc.json.gz,20260920T092118.803720Z_6e7a70dc,4,b9d1d4a9-5661-4a35-aec7-79b6fdaa703b,d6r2_b9d1d4a9-5661-4a35-aec7-79b6fdaa703b_9702_fd1dfd48,49,calibration:unloaded,normal,cpu,role_aggregate,20,128,32,middle,True,True,0,20,40,"{""2"": 20}",0,20,0,20,129
results\d6_r2_formal\raw_r1\boot_02\batch_20260920T092120.928580Z_728a2bbd.json.gz,20260920T092120.928580Z_728a2bbd,4,b9d1d4a9-5661-4a35-aec7-79b6fdaa703b,d6r2_b9d1d4a9-5661-4a35-aec7-79b6fdaa703b_9702_fd1dfd48,50,calibration:sham,normal,baseline,role_aggregate,20,128,32,middle,True,True,0,20,40,"{""2"": 20}",0,20,0,20,129
results\d6_r2_formal\raw_r1\boot_02\batch_20260920T092129.240532Z_144c59ff.json.gz,20260920T092129.240532Z_144c59ff,4,b9d1d4a9-5661-4a35-aec7-79b6fdaa703b,d6r2_b9d1d4a9-5661-4a35-aec7-79b6fdaa703b_9702_fd1dfd48,51,calibration:unloaded,normal,cpu,role_aggregate,20,128,32,middle,True,True,0,20,40,"{""2"": 20}",0,20,0,20,129
results\d6_r2_formal\raw_r1\boot_02\batch_20260920T092131.359542Z_29b79723.json.gz,20260920T092131.359542Z_29b79723,4,b9d1d4a9-5661-4a35-aec7-79b6fdaa703b,d6r2_b9d1d4a9-5661-4a35-aec7-79b6fdaa703b_9702_fd1dfd48,52,calibration:sham,normal,baseline,role_aggregate,20,128,32,middle,True,True,0,20,40,"{""2"": 20}",0,20,0,20,129
results\d6_r2_formal\raw_r1\boot_02\batch_20260920T092133.545651Z_1b9e9ffb.json.gz,20260920T092133.545651Z_1b9e9ffb,4,b9d1d4a9-5661-4a35-aec7-79b6fdaa703b,d6r2_b9d1d4a9-5661-4a35-aec7-79b6fdaa703b_9702_fd1dfd48,53,calibration:sham,normal,baseline,role_aggregate,20,128,32,middle,True,True,0,20,40,"{""2"": 20}",0,20,0,20,129
results\d6_r2_formal\raw_r1\boot_02\batch_20260920T092141.882369Z_2c3a25d6.json.gz,20260920T092141.882369Z_2c3a25d6,4,b9d1d4a9-5661-4a35-aec7-79b6fdaa703b,d6r2_b9d1d4a9-5661-4a35-aec7-79b6fdaa703b_9702_fd1dfd48,54,calibration:unloaded,normal,cpu,role_aggregate,20,128,32,middle,True,True,0,20,40,"{""2"": 20}",0,20,0,20,129
results\d6_r2_formal\raw_r1\boot_02\batch_20260920T092150.096666Z_58b0f95f.json.gz,20260920T092150.096666Z_58b0f95f,4,b9d1d4a9-5661-4a35-aec7-79b6fdaa703b,d6r2_b9d1d4a9-5661-4a35-aec7-79b6fdaa703b_9702_fd1dfd48,55,calibration:unloaded,normal,cpu,role_aggregate,20,128,32,middle,True,True,0,20,40,"{""2"": 20}",0,20,0,20,129
results\d6_r2_formal\raw_r1\boot_02\batch_20260920T092158.312542Z_0352164d.json.gz,20260920T092158.312542Z_0352164d,4,b9d1d4a9-5661-4a35-aec7-79b6fdaa703b,d6r2_b9d1d4a9-5661-4a35-aec7-79b6fdaa703b_9702_fd1dfd48,56,calibration:unloaded,normal,cpu,role_aggregate,20,128,32,middle,True,True,0,20,40,"{""2"": 20}",0,20,0,20,129
results\d6_r2_formal\raw_r1\boot_02\batch_20260920T092206.468490Z_1a7d4113.json.gz,20260920T092206.468490Z_1a7d4113,4,b9d1d4a9-5661-4a35-aec7-79b6fdaa703b,d6r2_b9d1d4a9-5661-4a35-aec7-79b6fdaa703b_9702_fd1dfd48,57,calibration:unloaded,normal,cpu,role_aggregate,20,128,32,middle,True,True,0,20,40,"{""2"": 20}",0,20,0,20,129
results\d6_r2_formal\raw_r1\boot_02\batch_20260920T092214.724553Z_8c5804b3.json.gz,20260920T092214.724553Z_8c5804b3,4,b9d1d4a9-5661-4a35-aec7-79b6fdaa703b,d6r2_b9d1d4a9-5661-4a35-aec7-79b6fdaa703b_9702_fd1dfd48,58,calibration:unloaded,normal,cpu,role_aggregate,20,128,32,middle,True,True,0,20,40,"{""2"": 20}",0,20,0,20,129
results\d6_r2_formal\raw_r1\boot_02\batch_20260920T092222.967376Z_e98bf151.json.gz,20260920T092222.967376Z_e98bf151,4,b9d1d4a9-5661-4a35-aec7-79b6fdaa703b,d6r2_b9d1d4a9-5661-4a35-aec7-79b6fdaa703b_9702_fd1dfd48,59,calibration:sham,normal,cpu,role_aggregate,20,128,32,middle,True,True,0,20,40,"{""2"": 20}",0,20,0,20,129
results\d6_r2_formal\raw_r1\boot_02\batch_20260920T092225.114615Z_a76af502.json.gz,20260920T092225.114615Z_a76af502,4,b9d1d4a9-5661-4a35-aec7-79b6fdaa703b,d6r2_b9d1d4a9-5661-4a35-aec7-79b6fdaa703b_9702_fd1dfd48,60,calibration:sham,normal,baseline,role_aggregate,20,128,32,middle,True,True,0,20,40,"{""2"": 20}",0,20,0,20,129
results\d6_r2_formal\raw_r1\boot_02\batch_20260920T092233.358306Z_eb404ac5.json.gz,20260920T092233.358306Z_eb404ac5,4,b9d1d4a9-5661-4a35-aec7-79b6fdaa703b,d6r2_b9d1d4a9-5661-4a35-aec7-79b6fdaa703b_9702_fd1dfd48,61,calibration:sham,normal,cpu,role_aggregate,20,128,32,middle,True,True,0,20,40,"{""2"": 20}",0,20,0,20,129
results\d6_r2_formal\raw_r1\boot_02\batch_20260920T092235.411395Z_d74ed78b.json.gz,20260920T092235.411395Z_d74ed78b,4,b9d1d4a9-5661-4a35-aec7-79b6fdaa703b,d6r2_b9d1d4a9-5661-4a35-aec7-79b6fdaa703b_9702_fd1dfd48,62,calibration:unloaded,normal,baseline,role_aggregate,20,128,32,middle,True,True,0,20,40,"{""2"": 20}",0,20,0,20,129
results\d6_r2_formal\raw_r1\boot_02\batch_20260920T092237.453549Z_fda189b7.json.gz,20260920T092237.453549Z_fda189b7,4,b9d1d4a9-5661-4a35-aec7-79b6fdaa703b,d6r2_b9d1d4a9-5661-4a35-aec7-79b6fdaa703b_9702_fd1dfd48,63,calibration:sham,normal,baseline,role_aggregate,20,128,32,middle,True,True,0,20,40,"{""2"": 20}",0,20,0,20,129
results\d6_r2_formal\raw_r1\boot_02\batch_20260920T092239.470431Z_7ac5e930.json.gz,20260920T092239.470431Z_7ac5e930,4,b9d1d4a9-5661-4a35-aec7-79b6fdaa703b,d6r2_b9d1d4a9-5661-4a35-aec7-79b6fdaa703b_9702_fd1dfd48,64,calibration:unloaded,normal,baseline,role_aggregate,20,128,32,middle,True,True,0,20,40,"{""2"": 20}",0,20,0,20,129
results\d6_r2_formal\raw_r1\boot_02\batch_20260920T092241.482605Z_cb905833.json.gz,20260920T092241.482605Z_cb905833,4,b9d1d4a9-5661-4a35-aec7-79b6fdaa703b,d6r2_b9d1d4a9-5661-4a35-aec7-79b6fdaa703b_9702_fd1dfd48,65,calibration:sham,normal,baseline,role_aggregate,20,128,32,middle,True,True,0,20,40,"{""2"": 20}",0,20,0,20,129
results\d6_r2_formal\raw_r1\boot_02\batch_20260920T092243.508378Z_f79cd36b.json.gz,20260920T092243.508378Z_f79cd36b,4,b9d1d4a9-5661-4a35-aec7-79b6fdaa703b,d6r2_b9d1d4a9-5661-4a35-aec7-79b6fdaa703b_9702_fd1dfd48,66,calibration:sham,normal,baseline,role_aggregate,20,128,32,middle,True,True,0,20,40,"{""2"": 20}",0,20,0,20,129
results\d6_r2_formal\raw_r1\boot_02\batch_20260920T092245.529631Z_88740ed6.json.gz,20260920T092245.529631Z_88740ed6,4,b9d1d4a9-5661-4a35-aec7-79b6fdaa703b,d6r2_b9d1d4a9-5661-4a35-aec7-79b6fdaa703b_9702_fd1dfd48,67,calibration:unloaded,normal,baseline,role_aggregate,20,128,32,middle,True,True,0,20,40,"{""2"": 20}",0,20,0,20,129
results\d6_r2_formal\raw_r1\boot_02\batch_20260920T092253.662584Z_1c64b300.json.gz,20260920T092253.662584Z_1c64b300,4,b9d1d4a9-5661-4a35-aec7-79b6fdaa703b,d6r2_b9d1d4a9-5661-4a35-aec7-79b6fdaa703b_9702_fd1dfd48,68,calibration:unloaded,normal,cpu,role_aggregate,20,128,32,middle,True,True,0,20,40,"{""2"": 20}",0,20,0,20,129
results\d6_r2_formal\raw_r1\boot_02\batch_20260920T092255.659367Z_8d886d9c.json.gz,20260920T092255.659367Z_8d886d9c,4,b9d1d4a9-5661-4a35-aec7-79b6fdaa703b,d6r2_b9d1d4a9-5661-4a35-aec7-79b6fdaa703b_9702_fd1dfd48,69,calibration:unloaded,normal,baseline,role_aggregate,20,128,32,middle,True,True,0,20,40,"{""2"": 20}",0,20,0,20,129
results\d6_r2_formal\raw_r1\boot_02\batch_20260920T092257.700577Z_945913f2.json.gz,20260920T092257.700577Z_945913f2,4,b9d1d4a9-5661-4a35-aec7-79b6fdaa703b,d6r2_b9d1d4a9-5661-4a35-aec7-79b6fdaa703b_9702_fd1dfd48,70,calibration:sham,normal,baseline,role_aggregate,20,128,32,middle,True,True,0,20,40,"{""2"": 20}",0,20,0,20,129
results\d6_r2_formal\raw_r1\boot_02\batch_20260920T092259.806617Z_38e185ea.json.gz,20260920T092259.806617Z_38e185ea,4,b9d1d4a9-5661-4a35-aec7-79b6fdaa703b,d6r2_b9d1d4a9-5661-4a35-aec7-79b6fdaa703b_9702_fd1dfd48,71,calibration:sham,normal,baseline,role_aggregate,20,128,32,middle,True,True,0,20,40,"{""2"": 20}",0,20,0,20,129
results\d6_r2_formal\raw_r1\boot_02\batch_20260920T092308.024360Z_eeab9151.json.gz,20260920T092308.024360Z_eeab9151,4,b9d1d4a9-5661-4a35-aec7-79b6fdaa703b,d6r2_b9d1d4a9-5661-4a35-aec7-79b6fdaa703b_9702_fd1dfd48,72,calibration:sham,normal,cpu,role_aggregate,20,128,32,middle,True,True,0,20,40,"{""2"": 20}",0,20,0,20,129
results\d6_r2_formal\raw_r1\boot_02\batch_20260920T092316.256712Z_36958383.json.gz,20260920T092316.256712Z_36958383,4,b9d1d4a9-5661-4a35-aec7-79b6fdaa703b,d6r2_b9d1d4a9-5661-4a35-aec7-79b6fdaa703b_9702_fd1dfd48,73,calibration:unloaded,normal,cpu,role_aggregate,20,128,32,middle,True,True,0,20,40,"{""2"": 20}",0,20,0,20,129
results\d6_r2_formal\raw_r1\boot_02\batch_20260920T092318.309334Z_cfa30137.json.gz,20260920T092318.309334Z_cfa30137,4,b9d1d4a9-5661-4a35-aec7-79b6fdaa703b,d6r2_b9d1d4a9-5661-4a35-aec7-79b6fdaa703b_9702_fd1dfd48,74,calibration:unloaded,normal,baseline,role_aggregate,20,128,32,middle,True,True,0,20,40,"{""2"": 20}",0,20,0,20,129
results\d6_r2_formal\raw_r1\boot_02\batch_20260920T092320.326617Z_cbefb6e1.json.gz,20260920T092320.326617Z_cbefb6e1,4,b9d1d4a9-5661-4a35-aec7-79b6fdaa703b,d6r2_b9d1d4a9-5661-4a35-aec7-79b6fdaa703b_9702_fd1dfd48,75,calibration:sham,normal,baseline,role_aggregate,20,128,32,middle,True,True,0,20,40,"{""2"": 20}",0,20,0,20,129
results\d6_r2_formal\raw_r1\boot_02\batch_20260920T092328.605419Z_6b80ddcd.json.gz,20260920T092328.605419Z_6b80ddcd,4,b9d1d4a9-5661-4a35-aec7-79b6fdaa703b,d6r2_b9d1d4a9-5661-4a35-aec7-79b6fdaa703b_9702_fd1dfd48,76,calibration:sham,normal,cpu,role_aggregate,20,128,32,middle,True,True,0,20,40,"{""2"": 20}",0,20,0,20,129
results\d6_r2_formal\raw_r1\boot_02\batch_20260920T092336.926479Z_140b405b.json.gz,20260920T092336.926479Z_140b405b,4,b9d1d4a9-5661-4a35-aec7-79b6fdaa703b,d6r2_b9d1d4a9-5661-4a35-aec7-79b6fdaa703b_9702_fd1dfd48,77,calibration:sham,normal,cpu,role_aggregate,20,128,32,middle,True,True,0,20,40,"{""2"": 20}",0,20,0,20,129
results\d6_r2_formal\raw_r1\boot_02\batch_20260920T092339.023269Z_b9355f77.json.gz,20260920T092339.023269Z_b9355f77,4,b9d1d4a9-5661-4a35-aec7-79b6fdaa703b,d6r2_b9d1d4a9-5661-4a35-aec7-79b6fdaa703b_9702_fd1dfd48,78,calibration:sham,normal,baseline,role_aggregate,20,128,32,middle,True,True,0,20,40,"{""2"": 20}",0,20,0,20,129
results\d6_r2_formal\raw_r1\boot_02\batch_20260920T092341.182690Z_d219ae48.json.gz,20260920T092341.182690Z_d219ae48,4,b9d1d4a9-5661-4a35-aec7-79b6fdaa703b,d6r2_b9d1d4a9-5661-4a35-aec7-79b6fdaa703b_9702_fd1dfd48,79,calibration:unloaded,normal,baseline,role_aggregate,20,128,32,middle,True,True,0,20,40,"{""2"": 20}",0,20,0,20,129
results\d6_r2_formal\raw_r1\boot_02\batch_20260920T092349.411661Z_684211fa.json.gz,20260920T092349.411661Z_684211fa,4,b9d1d4a9-5661-4a35-aec7-79b6fdaa703b,d6r2_b9d1d4a9-5661-4a35-aec7-79b6fdaa703b_9702_fd1dfd48,80,calibration:sham,normal,cpu,role_aggregate,20,128,32,middle,True,True,0,20,40,"{""2"": 20}",0,20,0,20,129
results\d6_r2_formal\raw_r1\boot_02\batch_20260920T092357.674601Z_df005c19.json.gz,20260920T092357.674601Z_df005c19,4,b9d1d4a9-5661-4a35-aec7-79b6fdaa703b,d6r2_b9d1d4a9-5661-4a35-aec7-79b6fdaa703b_9702_fd1dfd48,81,calibration:sham,normal,cpu,role_aggregate,20,128,32,middle,True,True,0,20,40,"{""2"": 20}",0,20,0,20,129
results\d6_r2_formal\raw_r1\boot_02\batch_20260920T092405.952651Z_4d00f696.json.gz,20260920T092405.952651Z_4d00f696,4,b9d1d4a9-5661-4a35-aec7-79b6fdaa703b,d6r2_b9d1d4a9-5661-4a35-aec7-79b6fdaa703b_9702_fd1dfd48,82,calibration:sham,normal,cpu,role_aggregate,20,128,32,middle,True,True,0,20,40,"{""2"": 20}",0,20,0,20,129
results\d6_r2_formal\raw_r1\boot_02\batch_20260920T092408.053427Z_84cc7137.json.gz,20260920T092408.053427Z_84cc7137,4,b9d1d4a9-5661-4a35-aec7-79b6fdaa703b,d6r2_b9d1d4a9-5661-4a35-aec7-79b6fdaa703b_9702_fd1dfd48,83,calibration:sham,normal,baseline,role_aggregate,20,128,32,middle,True,True,0,20,40,"{""2"": 20}",0,20,0,20,129
results\d6_r2_formal\raw_r1\boot_02\batch_20260920T092410.109365Z_7626dac0.json.gz,20260920T092410.109365Z_7626dac0,4,b9d1d4a9-5661-4a35-aec7-79b6fdaa703b,d6r2_b9d1d4a9-5661-4a35-aec7-79b6fdaa703b_9702_fd1dfd48,84,calibration:unloaded,normal,baseline,role_aggregate,20,128,32,middle,True,True,0,20,40,"{""2"": 20}",0,20,0,20,129
results\d6_r2_formal\raw_r1\boot_02\batch_20260920T092412.160324Z_df4ab749.json.gz,20260920T092412.160324Z_df4ab749,4,b9d1d4a9-5661-4a35-aec7-79b6fdaa703b,d6r2_b9d1d4a9-5661-4a35-aec7-79b6fdaa703b_9702_fd1dfd48,85,calibration:unloaded,normal,baseline,role_aggregate,20,128,32,middle,True,True,0,20,40,"{""2"": 20}",0,20,0,20,129
results\d6_r2_formal\raw_r1\boot_02\batch_20260920T092414.164290Z_bcade15f.json.gz,20260920T092414.164290Z_bcade15f,4,b9d1d4a9-5661-4a35-aec7-79b6fdaa703b,d6r2_b9d1d4a9-5661-4a35-aec7-79b6fdaa703b_9702_fd1dfd48,86,calibration:unloaded,normal,baseline,role_aggregate,20,128,32,middle,True,True,0,20,40,"{""2"": 20}",0,20,0,20,129
results\d6_r2_formal\raw_r1\boot_02\batch_20260920T092416.244405Z_0eb39a78.json.gz,20260920T092416.244405Z_0eb39a78,4,b9d1d4a9-5661-4a35-aec7-79b6fdaa703b,d6r2_b9d1d4a9-5661-4a35-aec7-79b6fdaa703b_9702_fd1dfd48,87,calibration:unloaded,normal,baseline,role_aggregate,20,128,32,middle,True,True,0,20,40,"{""2"": 20}",0,20,0,20,129
results\d6_r2_formal\raw_r1\boot_02\batch_20260920T092424.432686Z_8ee784ca.json.gz,20260920T092424.432686Z_8ee784ca,4,b9d1d4a9-5661-4a35-aec7-79b6fdaa703b,d6r2_b9d1d4a9-5661-4a35-aec7-79b6fdaa703b_9702_fd1dfd48,88,calibration:unloaded,normal,cpu,role_aggregate,20,128,32,middle,True,True,0,20,40,"{""2"": 20}",0,20,0,20,129
results\d6_r2_formal\raw_r1\boot_02\batch_20260920T092432.706565Z_fd28cbbd.json.gz,20260920T092432.706565Z_fd28cbbd,4,b9d1d4a9-5661-4a35-aec7-79b6fdaa703b,d6r2_b9d1d4a9-5661-4a35-aec7-79b6fdaa703b_9702_fd1dfd48,89,calibration:sham,normal,cpu,role_aggregate,20,128,32,middle,True,True,0,20,40,"{""2"": 20}",0,20,0,20,129
results\d6_r2_formal\raw_r1\boot_02\batch_20260920T092434.778451Z_d281ad35.json.gz,20260920T092434.778451Z_d281ad35,4,b9d1d4a9-5661-4a35-aec7-79b6fdaa703b,d6r2_b9d1d4a9-5661-4a35-aec7-79b6fdaa703b_9702_fd1dfd48,90,calibration:unloaded,normal,baseline,role_aggregate,20,128,32,middle,True,True,0,20,40,"{""2"": 20}",0,20,0,20,129
results\d6_r2_formal\raw_r1\boot_02\batch_20260920T092443.030644Z_ae6e6501.json.gz,20260920T092443.030644Z_ae6e6501,4,b9d1d4a9-5661-4a35-aec7-79b6fdaa703b,d6r2_b9d1d4a9-5661-4a35-aec7-79b6fdaa703b_9702_fd1dfd48,91,calibration:sham,normal,cpu,role_aggregate,20,128,32,middle,True,True,0,20,40,"{""2"": 20}",0,20,0,20,129
results\d6_r2_formal\raw_r1\boot_02\batch_20260920T092445.183829Z_7fd70349.json.gz,20260920T092445.183829Z_7fd70349,4,b9d1d4a9-5661-4a35-aec7-79b6fdaa703b,d6r2_b9d1d4a9-5661-4a35-aec7-79b6fdaa703b_9702_fd1dfd48,92,calibration:sham,normal,baseline,role_aggregate,20,128,32,middle,True,True,0,20,40,"{""2"": 20}",0,20,0,20,129
results\d6_r2_formal\raw_r1\boot_02\batch_20260920T092447.237386Z_653cb8fd.json.gz,20260920T092447.237386Z_653cb8fd,4,b9d1d4a9-5661-4a35-aec7-79b6fdaa703b,d6r2_b9d1d4a9-5661-4a35-aec7-79b6fdaa703b_9702_fd1dfd48,93,calibration:sham,normal,baseline,role_aggregate,20,128,32,middle,True,True,0,20,40,"{""2"": 20}",0,20,0,20,129
results\d6_r2_formal\raw_r1\boot_02\batch_20260920T092455.521299Z_f0f214f8.json.gz,20260920T092455.521299Z_f0f214f8,4,b9d1d4a9-5661-4a35-aec7-79b6fdaa703b,d6r2_b9d1d4a9-5661-4a35-aec7-79b6fdaa703b_9702_fd1dfd48,94,calibration:unloaded,normal,cpu,role_aggregate,20,128,32,middle,True,True,0,20,40,"{""2"": 20}",0,20,0,20,129
results\d6_r2_formal\raw_r1\boot_02\batch_20260920T092457.538339Z_c2f2eda7.json.gz,20260920T092457.538339Z_c2f2eda7,4,b9d1d4a9-5661-4a35-aec7-79b6fdaa703b,d6r2_b9d1d4a9-5661-4a35-aec7-79b6fdaa703b_9702_fd1dfd48,95,calibration:unloaded,normal,baseline,role_aggregate,20,128,32,middle,True,True,0,20,40,"{""2"": 20}",0,20,0,20,129
results\d6_r2_formal\raw_r1\boot_02\batch_20260920T092505.699384Z_ee17ec98.json.gz,20260920T092505.699384Z_ee17ec98,4,b9d1d4a9-5661-4a35-aec7-79b6fdaa703b,d6r2_b9d1d4a9-5661-4a35-aec7-79b6fdaa703b_9702_fd1dfd48,96,calibration:unloaded,normal,cpu,role_aggregate,20,128,32,middle,True,True,0,20,40,"{""2"": 20}",0,20,0,20,129
results\d6_r2_formal\raw_r1\boot_02\batch_20260920T092513.945389Z_e3845cc4.json.gz,20260920T092513.945389Z_e3845cc4,4,b9d1d4a9-5661-4a35-aec7-79b6fdaa703b,d6r2_b9d1d4a9-5661-4a35-aec7-79b6fdaa703b_9702_fd1dfd48,97,calibration:sham,normal,cpu,role_aggregate,20,128,32,middle,True,True,0,20,40,"{""2"": 20}",0,20,0,20,129
results\d6_r2_formal\raw_r1\boot_02\batch_20260920T092522.220491Z_9a877ace.json.gz,20260920T092522.220491Z_9a877ace,4,b9d1d4a9-5661-4a35-aec7-79b6fdaa703b,d6r2_b9d1d4a9-5661-4a35-aec7-79b6fdaa703b_9702_fd1dfd48,98,calibration:sham,normal,cpu,role_aggregate,20,128,32,middle,True,True,0,20,40,"{""2"": 20}",0,20,0,20,129
results\d6_r2_formal\raw_r1\boot_02\batch_20260920T092530.495591Z_77502670.json.gz,20260920T092530.495591Z_77502670,4,b9d1d4a9-5661-4a35-aec7-79b6fdaa703b,d6r2_b9d1d4a9-5661-4a35-aec7-79b6fdaa703b_9702_fd1dfd48,99,calibration:unloaded,normal,cpu,role_aggregate,20,128,32,middle,True,True,0,20,40,"{""2"": 20}",0,20,0,20,129
results\d6_r2_formal\raw_r1\boot_02\batch_20260920T092538.658557Z_6cd6e3ef.json.gz,20260920T092538.658557Z_6cd6e3ef,4,b9d1d4a9-5661-4a35-aec7-79b6fdaa703b,d6r2_b9d1d4a9-5661-4a35-aec7-79b6fdaa703b_9702_fd1dfd48,100,test:unloaded,normal,mixed,role_aggregate,20,128,32,middle,True,True,0,20,40,"{""2"": 20}",0,20,0,20,129
results\d6_r2_formal\raw_r1\boot_02\batch_20260920T092546.838622Z_1764f4ef.json.gz,20260920T092546.838622Z_1764f4ef,4,b9d1d4a9-5661-4a35-aec7-79b6fdaa703b,d6r2_b9d1d4a9-5661-4a35-aec7-79b6fdaa703b_9702_fd1dfd48,101,test:unloaded,normal,mixed,role_aggregate,20,128,32,middle,True,True,0,20,40,"{""2"": 20}",0,20,0,20,129
results\d6_r2_formal\raw_r1\boot_02\batch_20260920T092555.057587Z_ff625b28.json.gz,20260920T092555.057587Z_ff625b28,4,b9d1d4a9-5661-4a35-aec7-79b6fdaa703b,d6r2_b9d1d4a9-5661-4a35-aec7-79b6fdaa703b_9702_fd1dfd48,102,test:unloaded,normal,mixed,role_aggregate,20,128,32,middle,True,True,0,20,40,"{""2"": 20}",0,20,0,20,129
results\d6_r2_formal\raw_r1\boot_02\batch_20260920T092603.295380Z_d28876eb.json.gz,20260920T092603.295380Z_d28876eb,4,b9d1d4a9-5661-4a35-aec7-79b6fdaa703b,d6r2_b9d1d4a9-5661-4a35-aec7-79b6fdaa703b_9702_fd1dfd48,103,test:unloaded,normal,mixed,role_aggregate,20,128,32,middle,True,True,0,20,40,"{""2"": 20}",0,20,0,20,129
results\d6_r2_formal\raw_r1\boot_02\batch_20260920T092611.467726Z_58aa0295.json.gz,20260920T092611.467726Z_58aa0295,4,b9d1d4a9-5661-4a35-aec7-79b6fdaa703b,d6r2_b9d1d4a9-5661-4a35-aec7-79b6fdaa703b_9702_fd1dfd48,104,test:unloaded,normal,mixed,role_aggregate,20,128,32,middle,True,True,0,20,40,"{""2"": 20}",0,20,0,20,129
results\d6_r2_formal\raw_r1\boot_02\batch_20260920T092619.690583Z_675afe6e.json.gz,20260920T092619.690583Z_675afe6e,4,b9d1d4a9-5661-4a35-aec7-79b6fdaa703b,d6r2_b9d1d4a9-5661-4a35-aec7-79b6fdaa703b_9702_fd1dfd48,105,test:unloaded,normal,mixed,role_aggregate,20,128,32,middle,True,True,0,20,40,"{""2"": 20}",0,20,0,20,129
results\d6_r2_formal\raw_r1\boot_02\batch_20260920T092627.932603Z_ce4b8c0a.json.gz,20260920T092627.932603Z_ce4b8c0a,4,b9d1d4a9-5661-4a35-aec7-79b6fdaa703b,d6r2_b9d1d4a9-5661-4a35-aec7-79b6fdaa703b_9702_fd1dfd48,106,test:unloaded,normal,mixed,role_aggregate,20,128,32,middle,True,True,0,20,40,"{""2"": 20}",0,20,0,20,129
results\d6_r2_formal\raw_r1\boot_02\batch_20260920T092636.189283Z_c1da5d38.json.gz,20260920T092636.189283Z_c1da5d38,4,b9d1d4a9-5661-4a35-aec7-79b6fdaa703b,d6r2_b9d1d4a9-5661-4a35-aec7-79b6fdaa703b_9702_fd1dfd48,107,test:unloaded,normal,mixed,role_aggregate,20,128,32,middle,True,True,0,20,40,"{""2"": 20}",0,20,0,20,129
results\d6_r2_formal\raw_r1\boot_02\batch_20260920T092644.325621Z_207de154.json.gz,20260920T092644.325621Z_207de154,4,b9d1d4a9-5661-4a35-aec7-79b6fdaa703b,d6r2_b9d1d4a9-5661-4a35-aec7-79b6fdaa703b_9702_fd1dfd48,108,test:unloaded,normal,mixed,role_aggregate,20,128,32,middle,True,True,0,20,40,"{""2"": 20}",0,20,0,20,129
results\d6_r2_formal\raw_r1\boot_02\batch_20260920T092652.479674Z_363c4123.json.gz,20260920T092652.479674Z_363c4123,4,b9d1d4a9-5661-4a35-aec7-79b6fdaa703b,d6r2_b9d1d4a9-5661-4a35-aec7-79b6fdaa703b_9702_fd1dfd48,109,test:unloaded,normal,mixed,role_aggregate,20,128,32,middle,True,True,0,20,40,"{""2"": 20}",0,20,0,20,129
results\d6_r2_formal\raw_r1\boot_02\batch_20260920T092700.634325Z_6300a946.json.gz,20260920T092700.634325Z_6300a946,4,b9d1d4a9-5661-4a35-aec7-79b6fdaa703b,d6r2_b9d1d4a9-5661-4a35-aec7-79b6fdaa703b_9702_fd1dfd48,110,test:unloaded,normal,mixed,role_aggregate,20,128,32,middle,True,True,0,20,40,"{""2"": 20}",0,20,0,20,129
results\d6_r2_formal\raw_r1\boot_02\batch_20260920T092708.848788Z_ed32c9fd.json.gz,20260920T092708.848788Z_ed32c9fd,4,b9d1d4a9-5661-4a35-aec7-79b6fdaa703b,d6r2_b9d1d4a9-5661-4a35-aec7-79b6fdaa703b_9702_fd1dfd48,111,test:unloaded,normal,mixed,role_aggregate,20,128,32,middle,True,True,0,20,40,"{""2"": 20}",0,20,0,20,129
results\d6_r2_formal\raw_r1\boot_02\batch_20260920T092717.119685Z_3eecc265.json.gz,20260920T092717.119685Z_3eecc265,4,b9d1d4a9-5661-4a35-aec7-79b6fdaa703b,d6r2_b9d1d4a9-5661-4a35-aec7-79b6fdaa703b_9702_fd1dfd48,112,test:unloaded,normal,mixed,role_aggregate,20,128,32,middle,True,True,0,20,40,"{""2"": 20}",0,20,0,20,129
results\d6_r2_formal\raw_r1\boot_02\batch_20260920T092725.356545Z_b52b4611.json.gz,20260920T092725.356545Z_b52b4611,4,b9d1d4a9-5661-4a35-aec7-79b6fdaa703b,d6r2_b9d1d4a9-5661-4a35-aec7-79b6fdaa703b_9702_fd1dfd48,113,test:unloaded,normal,mixed,role_aggregate,20,128,32,middle,True,True,0,20,40,"{""2"": 20}",0,20,0,20,129
results\d6_r2_formal\raw_r1\boot_02\batch_20260920T092733.559641Z_131c5004.json.gz,20260920T092733.559641Z_131c5004,4,b9d1d4a9-5661-4a35-aec7-79b6fdaa703b,d6r2_b9d1d4a9-5661-4a35-aec7-79b6fdaa703b_9702_fd1dfd48,114,test:unloaded,normal,mixed,role_aggregate,20,128,32,middle,True,True,0,20,40,"{""2"": 20}",0,20,0,20,129
results\d6_r2_formal\raw_r1\boot_02\batch_20260920T092741.879508Z_406e34f6.json.gz,20260920T092741.879508Z_406e34f6,4,b9d1d4a9-5661-4a35-aec7-79b6fdaa703b,d6r2_b9d1d4a9-5661-4a35-aec7-79b6fdaa703b_9702_fd1dfd48,115,test:unloaded,normal,mixed,role_aggregate,20,128,32,middle,True,True,0,20,40,"{""2"": 20}",0,20,0,20,129
results\d6_r2_formal\raw_r1\boot_02\batch_20260920T092750.226562Z_994aa79e.json.gz,20260920T092750.226562Z_994aa79e,4,b9d1d4a9-5661-4a35-aec7-79b6fdaa703b,d6r2_b9d1d4a9-5661-4a35-aec7-79b6fdaa703b_9702_fd1dfd48,116,test:unloaded,normal,mixed,role_aggregate,20,128,32,middle,True,True,0,20,40,"{""2"": 20}",0,20,0,20,129
results\d6_r2_formal\raw_r1\boot_02\batch_20260920T092758.463642Z_e33f7280.json.gz,20260920T092758.463642Z_e33f7280,4,b9d1d4a9-5661-4a35-aec7-79b6fdaa703b,d6r2_b9d1d4a9-5661-4a35-aec7-79b6fdaa703b_9702_fd1dfd48,117,test:unloaded,normal,mixed,role_aggregate,20,128,32,middle,True,True,0,20,40,"{""2"": 20}",0,20,0,20,129
results\d6_r2_formal\raw_r1\boot_02\batch_20260920T092806.647509Z_e1fe9ece.json.gz,20260920T092806.647509Z_e1fe9ece,4,b9d1d4a9-5661-4a35-aec7-79b6fdaa703b,d6r2_b9d1d4a9-5661-4a35-aec7-79b6fdaa703b_9702_fd1dfd48,118,test:unloaded,normal,mixed,role_aggregate,20,128,32,middle,True,True,0,20,40,"{""2"": 20}",0,20,0,20,129
results\d6_r2_formal\raw_r1\boot_02\batch_20260920T092814.914541Z_4b7272b0.json.gz,20260920T092814.914541Z_4b7272b0,4,b9d1d4a9-5661-4a35-aec7-79b6fdaa703b,d6r2_b9d1d4a9-5661-4a35-aec7-79b6fdaa703b_9702_fd1dfd48,119,test:unloaded,normal,mixed,role_aggregate,20,128,32,middle,True,True,0,20,40,"{""2"": 20}",0,20,0,20,129
results\d6_r2_formal\raw_r1\boot_02\batch_20260920T092823.114525Z_63f75c68.json.gz,20260920T092823.114525Z_63f75c68,4,b9d1d4a9-5661-4a35-aec7-79b6fdaa703b,d6r2_b9d1d4a9-5661-4a35-aec7-79b6fdaa703b_9702_fd1dfd48,120,test:unloaded,normal,mixed,role_aggregate,20,128,32,middle,True,True,0,20,40,"{""2"": 20}",0,20,0,20,129
results\d6_r2_formal\raw_r1\boot_02\batch_20260920T092831.329637Z_3ffb8344.json.gz,20260920T092831.329637Z_3ffb8344,4,b9d1d4a9-5661-4a35-aec7-79b6fdaa703b,d6r2_b9d1d4a9-5661-4a35-aec7-79b6fdaa703b_9702_fd1dfd48,121,test:unloaded,normal,mixed,role_aggregate,20,128,32,middle,True,True,0,20,40,"{""2"": 20}",0,20,0,20,129
results\d6_r2_formal\raw_r1\boot_02\batch_20260920T092839.550368Z_8b067228.json.gz,20260920T092839.550368Z_8b067228,4,b9d1d4a9-5661-4a35-aec7-79b6fdaa703b,d6r2_b9d1d4a9-5661-4a35-aec7-79b6fdaa703b_9702_fd1dfd48,122,test:unloaded,normal,mixed,role_aggregate,20,128,32,middle,True,True,0,20,40,"{""2"": 20}",0,20,0,20,129
results\d6_r2_formal\raw_r1\boot_02\batch_20260920T092847.762626Z_479e4da7.json.gz,20260920T092847.762626Z_479e4da7,4,b9d1d4a9-5661-4a35-aec7-79b6fdaa703b,d6r2_b9d1d4a9-5661-4a35-aec7-79b6fdaa703b_9702_fd1dfd48,123,test:unloaded,normal,mixed,role_aggregate,20,128,32,middle,True,True,0,20,40,"{""2"": 20}",0,20,0,20,129
results\d6_r2_formal\raw_r1\boot_02\batch_20260920T092855.918000Z_5fe3043b.json.gz,20260920T092855.918000Z_5fe3043b,4,b9d1d4a9-5661-4a35-aec7-79b6fdaa703b,d6r2_b9d1d4a9-5661-4a35-aec7-79b6fdaa703b_9702_fd1dfd48,124,test:unloaded,normal,mixed,role_aggregate,20,128,32,middle,True,True,0,20,40,"{""2"": 20}",0,20,0,20,129
results\d6_r2_formal\raw_r1\boot_02\batch_20260920T092904.092565Z_9512945e.json.gz,20260920T092904.092565Z_9512945e,4,b9d1d4a9-5661-4a35-aec7-79b6fdaa703b,d6r2_b9d1d4a9-5661-4a35-aec7-79b6fdaa703b_9702_fd1dfd48,125,test:unloaded,normal,mixed,role_aggregate,20,128,32,middle,True,True,0,20,40,"{""2"": 20}",0,20,0,20,129
results\d6_r2_formal\raw_r1\boot_02\batch_20260920T092912.315565Z_fd5b6f9b.json.gz,20260920T092912.315565Z_fd5b6f9b,4,b9d1d4a9-5661-4a35-aec7-79b6fdaa703b,d6r2_b9d1d4a9-5661-4a35-aec7-79b6fdaa703b_9702_fd1dfd48,126,test:unloaded,normal,mixed,role_aggregate,20,128,32,middle,True,True,0,20,40,"{""2"": 20}",0,20,0,20,129
results\d6_r2_formal\raw_r1\boot_02\batch_20260920T092920.469494Z_b7cd950a.json.gz,20260920T092920.469494Z_b7cd950a,4,b9d1d4a9-5661-4a35-aec7-79b6fdaa703b,d6r2_b9d1d4a9-5661-4a35-aec7-79b6fdaa703b_9702_fd1dfd48,127,test:unloaded,normal,mixed,role_aggregate,20,128,32,middle,True,True,0,20,40,"{""2"": 20}",0,20,0,20,129
results\d6_r2_formal\raw_r1\boot_02\batch_20260920T092928.698599Z_b7238020.json.gz,20260920T092928.698599Z_b7238020,4,b9d1d4a9-5661-4a35-aec7-79b6fdaa703b,d6r2_b9d1d4a9-5661-4a35-aec7-79b6fdaa703b_9702_fd1dfd48,128,test:unloaded,normal,mixed,role_aggregate,20,128,32,middle,True,True,0,20,40,"{""2"": 20}",0,20,0,20,129
results\d6_r2_formal\raw_r1\boot_02\batch_20260920T092936.954699Z_42afaca4.json.gz,20260920T092936.954699Z_42afaca4,4,b9d1d4a9-5661-4a35-aec7-79b6fdaa703b,d6r2_b9d1d4a9-5661-4a35-aec7-79b6fdaa703b_9702_fd1dfd48,129,test:unloaded,normal,mixed,role_aggregate,20,128,32,middle,True,True,0,20,40,"{""2"": 20}",0,20,0,20,129
results\d6_r2_formal\raw_r1\boot_02\batch_20260920T092945.152531Z_6751af8a.json.gz,20260920T092945.152531Z_6751af8a,4,b9d1d4a9-5661-4a35-aec7-79b6fdaa703b,d6r2_b9d1d4a9-5661-4a35-aec7-79b6fdaa703b_9702_fd1dfd48,130,test:unloaded,normal,mixed,role_aggregate,20,128,32,middle,True,True,0,20,40,"{""2"": 20}",0,20,0,20,129
results\d6_r2_formal\raw_r1\boot_02\batch_20260920T092953.403542Z_532dfeb4.json.gz,20260920T092953.403542Z_532dfeb4,4,b9d1d4a9-5661-4a35-aec7-79b6fdaa703b,d6r2_b9d1d4a9-5661-4a35-aec7-79b6fdaa703b_9702_fd1dfd48,131,test:unloaded,normal,mixed,role_aggregate,20,128,32,middle,True,True,0,20,40,"{""2"": 20}",0,20,0,20,129
results\d6_r2_formal\raw_r1\boot_02\batch_20260920T093001.687420Z_79d78b96.json.gz,20260920T093001.687420Z_79d78b96,4,b9d1d4a9-5661-4a35-aec7-79b6fdaa703b,d6r2_b9d1d4a9-5661-4a35-aec7-79b6fdaa703b_9702_fd1dfd48,132,test:unloaded,normal,mixed,role_aggregate,20,128,32,middle,True,True,0,20,40,"{""2"": 20}",0,20,0,20,129
results\d6_r2_formal\raw_r1\boot_02\batch_20260920T093010.061509Z_74b83f60.json.gz,20260920T093010.061509Z_74b83f60,4,b9d1d4a9-5661-4a35-aec7-79b6fdaa703b,d6r2_b9d1d4a9-5661-4a35-aec7-79b6fdaa703b_9702_fd1dfd48,133,test:unloaded,normal,mixed,role_aggregate,20,128,32,middle,True,True,0,20,40,"{""2"": 20}",0,20,0,20,129
results\d6_r2_formal\raw_r1\boot_02\batch_20260920T093018.315537Z_3f51be6e.json.gz,20260920T093018.315537Z_3f51be6e,4,b9d1d4a9-5661-4a35-aec7-79b6fdaa703b,d6r2_b9d1d4a9-5661-4a35-aec7-79b6fdaa703b_9702_fd1dfd48,134,test:unloaded,normal,mixed,role_aggregate,20,128,32,middle,True,True,0,20,40,"{""2"": 20}",0,20,0,20,129
results\d6_r2_formal\raw_r1\boot_02\batch_20260920T093026.514722Z_c845d80a.json.gz,20260920T093026.514722Z_c845d80a,4,b9d1d4a9-5661-4a35-aec7-79b6fdaa703b,d6r2_b9d1d4a9-5661-4a35-aec7-79b6fdaa703b_9702_fd1dfd48,135,test:unloaded,normal,mixed,role_aggregate,20,128,32,middle,True,True,0,20,40,"{""2"": 20}",0,20,0,20,129
results\d6_r2_formal\raw_r1\boot_02\batch_20260920T093034.775637Z_563ad7dd.json.gz,20260920T093034.775637Z_563ad7dd,4,b9d1d4a9-5661-4a35-aec7-79b6fdaa703b,d6r2_b9d1d4a9-5661-4a35-aec7-79b6fdaa703b_9702_fd1dfd48,136,test:unloaded,normal,mixed,role_aggregate,20,128,32,middle,True,True,0,20,40,"{""2"": 20}",0,20,0,20,129
results\d6_r2_formal\raw_r1\boot_02\batch_20260920T093042.963649Z_7f488375.json.gz,20260920T093042.963649Z_7f488375,4,b9d1d4a9-5661-4a35-aec7-79b6fdaa703b,d6r2_b9d1d4a9-5661-4a35-aec7-79b6fdaa703b_9702_fd1dfd48,137,test:unloaded,normal,mixed,role_aggregate,20,128,32,middle,True,True,0,20,40,"{""2"": 20}",0,20,0,20,129
results\d6_r2_formal\raw_r1\boot_02\batch_20260920T093051.110511Z_3ed8cb0a.json.gz,20260920T093051.110511Z_3ed8cb0a,4,b9d1d4a9-5661-4a35-aec7-79b6fdaa703b,d6r2_b9d1d4a9-5661-4a35-aec7-79b6fdaa703b_9702_fd1dfd48,138,test:unloaded,normal,mixed,role_aggregate,20,128,32,middle,True,True,0,20,40,"{""2"": 20}",0,20,0,20,129
results\d6_r2_formal\raw_r1\boot_02\batch_20260920T093059.242412Z_39b5b8ed.json.gz,20260920T093059.242412Z_39b5b8ed,4,b9d1d4a9-5661-4a35-aec7-79b6fdaa703b,d6r2_b9d1d4a9-5661-4a35-aec7-79b6fdaa703b_9702_fd1dfd48,139,test:unloaded,normal,mixed,role_aggregate,20,128,32,middle,True,True,0,20,40,"{""2"": 20}",0,20,0,20,129
results\d6_r2_formal\raw_r1\boot_02\batch_20260920T093102.321400Z_ca8ead7a.json.gz,20260920T093102.321400Z_ca8ead7a,4,b9d1d4a9-5661-4a35-aec7-79b6fdaa703b,d6r2_b9d1d4a9-5661-4a35-aec7-79b6fdaa703b_9702_fd1dfd48,140,test:unloaded,normal,memory,role_aggregate,20,128,32,middle,True,True,0,20,40,"{""2"": 20}",0,20,0,20,129
results\d6_r2_formal\raw_r1\boot_02\batch_20260920T093105.400343Z_be3bc298.json.gz,20260920T093105.400343Z_be3bc298,4,b9d1d4a9-5661-4a35-aec7-79b6fdaa703b,d6r2_b9d1d4a9-5661-4a35-aec7-79b6fdaa703b_9702_fd1dfd48,141,test:unloaded,normal,memory,role_aggregate,20,128,32,middle,True,True,0,20,40,"{""2"": 20}",0,20,0,20,129
results\d6_r2_formal\raw_r1\boot_02\batch_20260920T093108.507644Z_98a50a64.json.gz,20260920T093108.507644Z_98a50a64,4,b9d1d4a9-5661-4a35-aec7-79b6fdaa703b,d6r2_b9d1d4a9-5661-4a35-aec7-79b6fdaa703b_9702_fd1dfd48,142,test:unloaded,normal,memory,role_aggregate,20,128,32,middle,True,True,0,20,40,"{""2"": 20}",0,20,0,20,129
results\d6_r2_formal\raw_r1\boot_02\batch_20260920T093111.666387Z_18890aee.json.gz,20260920T093111.666387Z_18890aee,4,b9d1d4a9-5661-4a35-aec7-79b6fdaa703b,d6r2_b9d1d4a9-5661-4a35-aec7-79b6fdaa703b_9702_fd1dfd48,143,test:unloaded,normal,memory,role_aggregate,20,128,32,middle,True,True,0,20,40,"{""2"": 20}",0,20,0,20,129
results\d6_r2_formal\raw_r1\boot_02\batch_20260920T093114.792390Z_6a7c9c43.json.gz,20260920T093114.792390Z_6a7c9c43,4,b9d1d4a9-5661-4a35-aec7-79b6fdaa703b,d6r2_b9d1d4a9-5661-4a35-aec7-79b6fdaa703b_9702_fd1dfd48,144,test:unloaded,normal,memory,role_aggregate,20,128,32,middle,True,True,0,20,40,"{""2"": 20}",0,20,0,20,129
results\d6_r2_formal\raw_r1\boot_02\batch_20260920T093117.943564Z_5668a0dc.json.gz,20260920T093117.943564Z_5668a0dc,4,b9d1d4a9-5661-4a35-aec7-79b6fdaa703b,d6r2_b9d1d4a9-5661-4a35-aec7-79b6fdaa703b_9702_fd1dfd48,145,test:unloaded,normal,memory,role_aggregate,20,128,32,middle,True,True,0,20,40,"{""2"": 20}",0,20,0,20,129
results\d6_r2_formal\raw_r1\boot_02\batch_20260920T093121.106572Z_ce983586.json.gz,20260920T093121.106572Z_ce983586,4,b9d1d4a9-5661-4a35-aec7-79b6fdaa703b,d6r2_b9d1d4a9-5661-4a35-aec7-79b6fdaa703b_9702_fd1dfd48,146,test:unloaded,normal,memory,role_aggregate,20,128,32,middle,True,True,0,20,40,"{""2"": 20}",0,20,0,20,129
results\d6_r2_formal\raw_r1\boot_02\batch_20260920T093124.264373Z_5121848a.json.gz,20260920T093124.264373Z_5121848a,4,b9d1d4a9-5661-4a35-aec7-79b6fdaa703b,d6r2_b9d1d4a9-5661-4a35-aec7-79b6fdaa703b_9702_fd1dfd48,147,test:unloaded,normal,memory,role_aggregate,20,128,32,middle,True,True,0,20,40,"{""2"": 20}",0,20,0,20,129
results\d6_r2_formal\raw_r1\boot_02\batch_20260920T093127.410701Z_02abe793.json.gz,20260920T093127.410701Z_02abe793,4,b9d1d4a9-5661-4a35-aec7-79b6fdaa703b,d6r2_b9d1d4a9-5661-4a35-aec7-79b6fdaa703b_9702_fd1dfd48,148,test:unloaded,normal,memory,role_aggregate,20,128,32,middle,True,True,0,20,40,"{""2"": 20}",0,20,0,20,129
results\d6_r2_formal\raw_r1\boot_02\batch_20260920T093130.586375Z_8efe8fb5.json.gz,20260920T093130.586375Z_8efe8fb5,4,b9d1d4a9-5661-4a35-aec7-79b6fdaa703b,d6r2_b9d1d4a9-5661-4a35-aec7-79b6fdaa703b_9702_fd1dfd48,149,test:unloaded,normal,memory,role_aggregate,20,128,32,middle,True,True,0,20,40,"{""2"": 20}",0,20,0,20,129
results\d6_r2_formal\raw_r1\boot_02\batch_20260920T093133.711344Z_4f856399.json.gz,20260920T093133.711344Z_4f856399,4,b9d1d4a9-5661-4a35-aec7-79b6fdaa703b,d6r2_b9d1d4a9-5661-4a35-aec7-79b6fdaa703b_9702_fd1dfd48,150,test:unloaded,normal,memory,role_aggregate,20,128,32,middle,True,True,0,20,40,"{""2"": 20}",0,20,0,20,129
results\d6_r2_formal\raw_r1\boot_02\batch_20260920T093136.812302Z_66c7604f.json.gz,20260920T093136.812302Z_66c7604f,4,b9d1d4a9-5661-4a35-aec7-79b6fdaa703b,d6r2_b9d1d4a9-5661-4a35-aec7-79b6fdaa703b_9702_fd1dfd48,151,test:unloaded,normal,memory,role_aggregate,20,128,32,middle,True,True,0,20,40,"{""2"": 20}",0,20,0,20,129
results\d6_r2_formal\raw_r1\boot_02\batch_20260920T093139.966494Z_03542419.json.gz,20260920T093139.966494Z_03542419,4,b9d1d4a9-5661-4a35-aec7-79b6fdaa703b,d6r2_b9d1d4a9-5661-4a35-aec7-79b6fdaa703b_9702_fd1dfd48,152,test:unloaded,normal,memory,role_aggregate,20,128,32,middle,True,True,0,20,40,"{""2"": 20}",0,20,0,20,129
results\d6_r2_formal\raw_r1\boot_02\batch_20260920T093143.118417Z_60939564.json.gz,20260920T093143.118417Z_60939564,4,b9d1d4a9-5661-4a35-aec7-79b6fdaa703b,d6r2_b9d1d4a9-5661-4a35-aec7-79b6fdaa703b_9702_fd1dfd48,153,test:unloaded,normal,memory,role_aggregate,20,128,32,middle,True,True,0,20,40,"{""2"": 20}",0,20,0,20,129
results\d6_r2_formal\raw_r1\boot_02\batch_20260920T093146.244370Z_29d49196.json.gz,20260920T093146.244370Z_29d49196,4,b9d1d4a9-5661-4a35-aec7-79b6fdaa703b,d6r2_b9d1d4a9-5661-4a35-aec7-79b6fdaa703b_9702_fd1dfd48,154,test:unloaded,normal,memory,role_aggregate,20,128,32,middle,True,True,0,20,40,"{""2"": 20}",0,20,0,20,129
results\d6_r2_formal\raw_r1\boot_02\batch_20260920T093149.334612Z_42038c7f.json.gz,20260920T093149.334612Z_42038c7f,4,b9d1d4a9-5661-4a35-aec7-79b6fdaa703b,d6r2_b9d1d4a9-5661-4a35-aec7-79b6fdaa703b_9702_fd1dfd48,155,test:unloaded,normal,memory,role_aggregate,20,128,32,middle,True,True,0,20,40,"{""2"": 20}",0,20,0,20,129
results\d6_r2_formal\raw_r1\boot_02\batch_20260920T093152.401654Z_5781eafd.json.gz,20260920T093152.401654Z_5781eafd,4,b9d1d4a9-5661-4a35-aec7-79b6fdaa703b,d6r2_b9d1d4a9-5661-4a35-aec7-79b6fdaa703b_9702_fd1dfd48,156,test:unloaded,normal,memory,role_aggregate,20,128,32,middle,True,True,0,20,40,"{""2"": 20}",0,20,0,20,129
results\d6_r2_formal\raw_r1\boot_02\batch_20260920T093155.501400Z_b4e41f3e.json.gz,20260920T093155.501400Z_b4e41f3e,4,b9d1d4a9-5661-4a35-aec7-79b6fdaa703b,d6r2_b9d1d4a9-5661-4a35-aec7-79b6fdaa703b_9702_fd1dfd48,157,test:unloaded,normal,memory,role_aggregate,20,128,32,middle,True,True,0,20,40,"{""2"": 20}",0,20,0,20,129
results\d6_r2_formal\raw_r1\boot_02\batch_20260920T093158.574558Z_1456c0de.json.gz,20260920T093158.574558Z_1456c0de,4,b9d1d4a9-5661-4a35-aec7-79b6fdaa703b,d6r2_b9d1d4a9-5661-4a35-aec7-79b6fdaa703b_9702_fd1dfd48,158,test:unloaded,normal,memory,role_aggregate,20,128,32,middle,True,True,0,20,40,"{""2"": 20}",0,20,0,20,129
results\d6_r2_formal\raw_r1\boot_02\batch_20260920T093201.581403Z_fee9372e.json.gz,20260920T093201.581403Z_fee9372e,4,b9d1d4a9-5661-4a35-aec7-79b6fdaa703b,d6r2_b9d1d4a9-5661-4a35-aec7-79b6fdaa703b_9702_fd1dfd48,159,test:unloaded,normal,memory,role_aggregate,20,128,32,middle,True,True,0,20,40,"{""2"": 20}",0,20,0,20,129
results\d6_r2_formal\raw_r1\boot_02\batch_20260920T093204.586560Z_17ccaafe.json.gz,20260920T093204.586560Z_17ccaafe,4,b9d1d4a9-5661-4a35-aec7-79b6fdaa703b,d6r2_b9d1d4a9-5661-4a35-aec7-79b6fdaa703b_9702_fd1dfd48,160,test:unloaded,normal,memory,role_aggregate,20,128,32,middle,True,True,0,20,40,"{""2"": 20}",0,20,0,20,129
results\d6_r2_formal\raw_r1\boot_02\batch_20260920T093207.656411Z_c24fbcd8.json.gz,20260920T093207.656411Z_c24fbcd8,4,b9d1d4a9-5661-4a35-aec7-79b6fdaa703b,d6r2_b9d1d4a9-5661-4a35-aec7-79b6fdaa703b_9702_fd1dfd48,161,test:unloaded,normal,memory,role_aggregate,20,128,32,middle,True,True,0,20,40,"{""2"": 20}",0,20,0,20,129
results\d6_r2_formal\raw_r1\boot_02\batch_20260920T093210.702381Z_31b9ec2a.json.gz,20260920T093210.702381Z_31b9ec2a,4,b9d1d4a9-5661-4a35-aec7-79b6fdaa703b,d6r2_b9d1d4a9-5661-4a35-aec7-79b6fdaa703b_9702_fd1dfd48,162,test:unloaded,normal,memory,role_aggregate,20,128,32,middle,True,True,0,20,40,"{""2"": 20}",0,20,0,20,129
results\d6_r2_formal\raw_r1\boot_02\batch_20260920T093213.751635Z_6cd86c32.json.gz,20260920T093213.751635Z_6cd86c32,4,b9d1d4a9-5661-4a35-aec7-79b6fdaa703b,d6r2_b9d1d4a9-5661-4a35-aec7-79b6fdaa703b_9702_fd1dfd48,163,test:unloaded,normal,memory,role_aggregate,20,128,32,middle,True,True,0,20,40,"{""2"": 20}",0,20,0,20,129
results\d6_r2_formal\raw_r1\boot_02\batch_20260920T093216.756600Z_91139fae.json.gz,20260920T093216.756600Z_91139fae,4,b9d1d4a9-5661-4a35-aec7-79b6fdaa703b,d6r2_b9d1d4a9-5661-4a35-aec7-79b6fdaa703b_9702_fd1dfd48,164,test:unloaded,normal,memory,role_aggregate,20,128,32,middle,True,True,0,20,40,"{""2"": 20}",0,20,0,20,129
results\d6_r2_formal\raw_r1\boot_02\batch_20260920T093219.916367Z_beca318d.json.gz,20260920T093219.916367Z_beca318d,4,b9d1d4a9-5661-4a35-aec7-79b6fdaa703b,d6r2_b9d1d4a9-5661-4a35-aec7-79b6fdaa703b_9702_fd1dfd48,165,test:unloaded,normal,memory,role_aggregate,20,128,32,middle,True,True,0,20,40,"{""2"": 20}",0,20,0,20,129
results\d6_r2_formal\raw_r1\boot_02\batch_20260920T093222.969667Z_80067959.json.gz,20260920T093222.969667Z_80067959,4,b9d1d4a9-5661-4a35-aec7-79b6fdaa703b,d6r2_b9d1d4a9-5661-4a35-aec7-79b6fdaa703b_9702_fd1dfd48,166,test:unloaded,normal,memory,role_aggregate,20,128,32,middle,True,True,0,20,40,"{""2"": 20}",0,20,0,20,129
results\d6_r2_formal\raw_r1\boot_02\batch_20260920T093226.011590Z_352c026d.json.gz,20260920T093226.011590Z_352c026d,4,b9d1d4a9-5661-4a35-aec7-79b6fdaa703b,d6r2_b9d1d4a9-5661-4a35-aec7-79b6fdaa703b_9702_fd1dfd48,167,test:unloaded,normal,memory,role_aggregate,20,128,32,middle,True,True,0,20,40,"{""2"": 20}",0,20,0,20,129
results\d6_r2_formal\raw_r1\boot_02\batch_20260920T093229.060368Z_3b6bc27d.json.gz,20260920T093229.060368Z_3b6bc27d,4,b9d1d4a9-5661-4a35-aec7-79b6fdaa703b,d6r2_b9d1d4a9-5661-4a35-aec7-79b6fdaa703b_9702_fd1dfd48,168,test:unloaded,normal,memory,role_aggregate,20,128,32,middle,True,True,0,20,40,"{""2"": 20}",0,20,0,20,129
results\d6_r2_formal\raw_r1\boot_02\batch_20260920T093232.087328Z_fbfd63d3.json.gz,20260920T093232.087328Z_fbfd63d3,4,b9d1d4a9-5661-4a35-aec7-79b6fdaa703b,d6r2_b9d1d4a9-5661-4a35-aec7-79b6fdaa703b_9702_fd1dfd48,169,test:unloaded,normal,memory,role_aggregate,20,128,32,middle,True,True,0,20,40,"{""2"": 20}",0,20,0,20,129
results\d6_r2_formal\raw_r1\boot_02\batch_20260920T093235.127297Z_5ff90b10.json.gz,20260920T093235.127297Z_5ff90b10,4,b9d1d4a9-5661-4a35-aec7-79b6fdaa703b,d6r2_b9d1d4a9-5661-4a35-aec7-79b6fdaa703b_9702_fd1dfd48,170,test:unloaded,normal,memory,role_aggregate,20,128,32,middle,True,True,0,20,40,"{""2"": 20}",0,20,0,20,129
results\d6_r2_formal\raw_r1\boot_02\batch_20260920T093238.149359Z_f9edbf18.json.gz,20260920T093238.149359Z_f9edbf18,4,b9d1d4a9-5661-4a35-aec7-79b6fdaa703b,d6r2_b9d1d4a9-5661-4a35-aec7-79b6fdaa703b_9702_fd1dfd48,171,test:unloaded,normal,memory,role_aggregate,20,128,32,middle,True,True,0,20,40,"{""2"": 20}",0,20,0,20,129
results\d6_r2_formal\raw_r1\boot_02\batch_20260920T093241.159484Z_fb9f3930.json.gz,20260920T093241.159484Z_fb9f3930,4,b9d1d4a9-5661-4a35-aec7-79b6fdaa703b,d6r2_b9d1d4a9-5661-4a35-aec7-79b6fdaa703b_9702_fd1dfd48,172,test:unloaded,normal,memory,role_aggregate,20,128,32,middle,True,True,0,20,40,"{""2"": 20}",0,20,0,20,129
results\d6_r2_formal\raw_r1\boot_02\batch_20260920T093244.220608Z_c3ec9d6f.json.gz,20260920T093244.220608Z_c3ec9d6f,4,b9d1d4a9-5661-4a35-aec7-79b6fdaa703b,d6r2_b9d1d4a9-5661-4a35-aec7-79b6fdaa703b_9702_fd1dfd48,173,test:unloaded,normal,memory,role_aggregate,20,128,32,middle,True,True,0,20,40,"{""2"": 20}",0,20,0,20,129
results\d6_r2_formal\raw_r1\boot_02\batch_20260920T093247.292330Z_573d6a1f.json.gz,20260920T093247.292330Z_573d6a1f,4,b9d1d4a9-5661-4a35-aec7-79b6fdaa703b,d6r2_b9d1d4a9-5661-4a35-aec7-79b6fdaa703b_9702_fd1dfd48,174,test:unloaded,normal,memory,role_aggregate,20,128,32,middle,True,True,0,20,40,"{""2"": 20}",0,20,0,20,129
results\d6_r2_formal\raw_r1\boot_02\batch_20260920T093250.291517Z_a5d511b7.json.gz,20260920T093250.291517Z_a5d511b7,4,b9d1d4a9-5661-4a35-aec7-79b6fdaa703b,d6r2_b9d1d4a9-5661-4a35-aec7-79b6fdaa703b_9702_fd1dfd48,175,test:unloaded,normal,memory,role_aggregate,20,128,32,middle,True,True,0,20,40,"{""2"": 20}",0,20,0,20,129
results\d6_r2_formal\raw_r1\boot_02\batch_20260920T093253.325692Z_f94e40b6.json.gz,20260920T093253.325692Z_f94e40b6,4,b9d1d4a9-5661-4a35-aec7-79b6fdaa703b,d6r2_b9d1d4a9-5661-4a35-aec7-79b6fdaa703b_9702_fd1dfd48,176,test:unloaded,normal,memory,role_aggregate,20,128,32,middle,True,True,0,20,40,"{""2"": 20}",0,20,0,20,129
results\d6_r2_formal\raw_r1\boot_02\batch_20260920T093256.369397Z_07d8e5ca.json.gz,20260920T093256.369397Z_07d8e5ca,4,b9d1d4a9-5661-4a35-aec7-79b6fdaa703b,d6r2_b9d1d4a9-5661-4a35-aec7-79b6fdaa703b_9702_fd1dfd48,177,test:unloaded,normal,memory,role_aggregate,20,128,32,middle,True,True,0,20,40,"{""2"": 20}",0,20,0,20,129
results\d6_r2_formal\raw_r1\boot_02\batch_20260920T093259.397567Z_c18de74a.json.gz,20260920T093259.397567Z_c18de74a,4,b9d1d4a9-5661-4a35-aec7-79b6fdaa703b,d6r2_b9d1d4a9-5661-4a35-aec7-79b6fdaa703b_9702_fd1dfd48,178,test:unloaded,normal,memory,role_aggregate,20,128,32,middle,True,True,0,20,40,"{""2"": 20}",0,20,0,20,129
results\d6_r2_formal\raw_r1\boot_02\batch_20260920T093302.391444Z_bbdd2699.json.gz,20260920T093302.391444Z_bbdd2699,4,b9d1d4a9-5661-4a35-aec7-79b6fdaa703b,d6r2_b9d1d4a9-5661-4a35-aec7-79b6fdaa703b_9702_fd1dfd48,179,test:unloaded,normal,memory,role_aggregate,20,128,32,middle,True,True,0,20,40,"{""2"": 20}",0,20,0,20,129
results\d6_r2_formal\raw_r1\boot_02\batch_20260920T093310.628318Z_eee0cc83.json.gz,20260920T093310.628318Z_eee0cc83,4,b9d1d4a9-5661-4a35-aec7-79b6fdaa703b,d6r2_b9d1d4a9-5661-4a35-aec7-79b6fdaa703b_9702_fd1dfd48,180,test:hiding,rootkit,cpu,role_aggregate,20,128,32,middle,True,True,0,20,40,"{""2"": 20}",0,20,0,0,
results\d6_r2_formal\raw_r1\boot_02\batch_20260920T093319.309741Z_54a35b6e.json.gz,20260920T093319.309741Z_54a35b6e,4,b9d1d4a9-5661-4a35-aec7-79b6fdaa703b,d6r2_b9d1d4a9-5661-4a35-aec7-79b6fdaa703b_9702_fd1dfd48,181,test:hiding,rootkit,cpu,role_aggregate,20,128,32,middle,True,True,0,20,40,"{""2"": 20}",0,20,0,0,
results\d6_r2_formal\raw_r1\boot_02\batch_20260920T093328.044684Z_1ca2b485.json.gz,20260920T093328.044684Z_1ca2b485,4,b9d1d4a9-5661-4a35-aec7-79b6fdaa703b,d6r2_b9d1d4a9-5661-4a35-aec7-79b6fdaa703b_9702_fd1dfd48,182,test:hiding,rootkit,cpu,role_aggregate,20,128,32,middle,True,True,0,20,40,"{""2"": 20}",0,20,0,0,
results\d6_r2_formal\raw_r1\boot_02\batch_20260920T093336.773563Z_3caf979a.json.gz,20260920T093336.773563Z_3caf979a,4,b9d1d4a9-5661-4a35-aec7-79b6fdaa703b,d6r2_b9d1d4a9-5661-4a35-aec7-79b6fdaa703b_9702_fd1dfd48,183,test:hiding,rootkit,cpu,role_aggregate,20,128,32,middle,True,True,0,20,40,"{""2"": 20}",0,20,0,0,
results\d6_r2_formal\raw_r1\boot_02\batch_20260920T093345.455415Z_ce49a56b.json.gz,20260920T093345.455415Z_ce49a56b,4,b9d1d4a9-5661-4a35-aec7-79b6fdaa703b,d6r2_b9d1d4a9-5661-4a35-aec7-79b6fdaa703b_9702_fd1dfd48,184,test:hiding,rootkit,cpu,role_aggregate,20,128,32,middle,True,True,0,20,40,"{""2"": 20}",0,20,0,0,
results\d6_r2_formal\raw_r1\boot_02\batch_20260920T093354.188615Z_10135995.json.gz,20260920T093354.188615Z_10135995,4,b9d1d4a9-5661-4a35-aec7-79b6fdaa703b,d6r2_b9d1d4a9-5661-4a35-aec7-79b6fdaa703b_9702_fd1dfd48,185,test:hiding,rootkit,cpu,role_aggregate,20,128,32,middle,True,True,0,20,40,"{""2"": 20}",0,20,0,0,
results\d6_r2_formal\raw_r1\boot_02\batch_20260920T093402.918368Z_68710119.json.gz,20260920T093402.918368Z_68710119,4,b9d1d4a9-5661-4a35-aec7-79b6fdaa703b,d6r2_b9d1d4a9-5661-4a35-aec7-79b6fdaa703b_9702_fd1dfd48,186,test:hiding,rootkit,cpu,role_aggregate,20,128,32,middle,True,True,0,20,40,"{""2"": 20}",0,20,0,0,
results\d6_r2_formal\raw_r1\boot_02\batch_20260920T093411.619304Z_7ed3bcd1.json.gz,20260920T093411.619304Z_7ed3bcd1,4,b9d1d4a9-5661-4a35-aec7-79b6fdaa703b,d6r2_b9d1d4a9-5661-4a35-aec7-79b6fdaa703b_9702_fd1dfd48,187,test:hiding,rootkit,cpu,role_aggregate,20,128,32,middle,True,True,0,20,40,"{""2"": 20}",0,20,0,0,
results\d6_r2_formal\raw_r1\boot_02\batch_20260920T093420.380509Z_d145fa82.json.gz,20260920T093420.380509Z_d145fa82,4,b9d1d4a9-5661-4a35-aec7-79b6fdaa703b,d6r2_b9d1d4a9-5661-4a35-aec7-79b6fdaa703b_9702_fd1dfd48,188,test:hiding,rootkit,cpu,role_aggregate,20,128,32,middle,True,True,0,20,40,"{""2"": 20}",0,20,0,0,
results\d6_r2_formal\raw_r1\boot_02\batch_20260920T093429.103389Z_93118e0a.json.gz,20260920T093429.103389Z_93118e0a,4,b9d1d4a9-5661-4a35-aec7-79b6fdaa703b,d6r2_b9d1d4a9-5661-4a35-aec7-79b6fdaa703b_9702_fd1dfd48,189,test:hiding,rootkit,cpu,role_aggregate,20,128,32,middle,True,True,0,20,40,"{""2"": 20}",0,20,0,0,
results\d6_r2_formal\raw_r1\boot_02\batch_20260920T093437.846351Z_cc7145d0.json.gz,20260920T093437.846351Z_cc7145d0,4,b9d1d4a9-5661-4a35-aec7-79b6fdaa703b,d6r2_b9d1d4a9-5661-4a35-aec7-79b6fdaa703b_9702_fd1dfd48,190,test:hiding,rootkit,cpu,role_aggregate,20,128,32,middle,True,True,0,20,40,"{""2"": 20}",0,20,0,0,
results\d6_r2_formal\raw_r1\boot_02\batch_20260920T093446.553680Z_32aa2816.json.gz,20260920T093446.553680Z_32aa2816,4,b9d1d4a9-5661-4a35-aec7-79b6fdaa703b,d6r2_b9d1d4a9-5661-4a35-aec7-79b6fdaa703b_9702_fd1dfd48,191,test:hiding,rootkit,cpu,role_aggregate,20,128,32,middle,True,True,0,20,40,"{""2"": 20}",0,20,0,0,
results\d6_r2_formal\raw_r1\boot_02\batch_20260920T093455.279314Z_b467ccb6.json.gz,20260920T093455.279314Z_b467ccb6,4,b9d1d4a9-5661-4a35-aec7-79b6fdaa703b,d6r2_b9d1d4a9-5661-4a35-aec7-79b6fdaa703b_9702_fd1dfd48,192,test:hiding,rootkit,cpu,role_aggregate,20,128,32,middle,True,True,0,20,40,"{""2"": 20}",0,20,0,0,
results\d6_r2_formal\raw_r1\boot_02\batch_20260920T093504.056714Z_a95a2ba6.json.gz,20260920T093504.056714Z_a95a2ba6,4,b9d1d4a9-5661-4a35-aec7-79b6fdaa703b,d6r2_b9d1d4a9-5661-4a35-aec7-79b6fdaa703b_9702_fd1dfd48,193,test:hiding,rootkit,cpu,role_aggregate,20,128,32,middle,True,True,0,20,40,"{""2"": 20}",0,20,0,0,
results\d6_r2_formal\raw_r1\boot_02\batch_20260920T093512.827334Z_9a7b7471.json.gz,20260920T093512.827334Z_9a7b7471,4,b9d1d4a9-5661-4a35-aec7-79b6fdaa703b,d6r2_b9d1d4a9-5661-4a35-aec7-79b6fdaa703b_9702_fd1dfd48,194,test:hiding,rootkit,cpu,role_aggregate,20,128,32,middle,True,True,0,20,40,"{""2"": 20}",0,20,0,0,
results\d6_r2_formal\raw_r1\boot_02\batch_20260920T093521.608297Z_ec6aef28.json.gz,20260920T093521.608297Z_ec6aef28,4,b9d1d4a9-5661-4a35-aec7-79b6fdaa703b,d6r2_b9d1d4a9-5661-4a35-aec7-79b6fdaa703b_9702_fd1dfd48,195,test:hiding,rootkit,cpu,role_aggregate,20,128,32,middle,True,True,0,20,40,"{""2"": 20}",0,20,0,0,
results\d6_r2_formal\raw_r1\boot_02\batch_20260920T093530.293632Z_13f88cd1.json.gz,20260920T093530.293632Z_13f88cd1,4,b9d1d4a9-5661-4a35-aec7-79b6fdaa703b,d6r2_b9d1d4a9-5661-4a35-aec7-79b6fdaa703b_9702_fd1dfd48,196,test:hiding,rootkit,cpu,role_aggregate,20,128,32,middle,True,True,0,20,40,"{""2"": 20}",0,20,0,0,
results\d6_r2_formal\raw_r1\boot_02\batch_20260920T093539.029575Z_7de847e3.json.gz,20260920T093539.029575Z_7de847e3,4,b9d1d4a9-5661-4a35-aec7-79b6fdaa703b,d6r2_b9d1d4a9-5661-4a35-aec7-79b6fdaa703b_9702_fd1dfd48,197,test:hiding,rootkit,cpu,role_aggregate,20,128,32,middle,True,True,0,20,40,"{""2"": 20}",0,20,0,0,
results\d6_r2_formal\raw_r1\boot_02\batch_20260920T093547.776597Z_e552bee2.json.gz,20260920T093547.776597Z_e552bee2,4,b9d1d4a9-5661-4a35-aec7-79b6fdaa703b,d6r2_b9d1d4a9-5661-4a35-aec7-79b6fdaa703b_9702_fd1dfd48,198,test:hiding,rootkit,cpu,role_aggregate,20,128,32,middle,True,True,0,20,40,"{""2"": 20}",0,20,0,0,
results\d6_r2_formal\raw_r1\boot_02\batch_20260920T093556.481409Z_582ad320.json.gz,20260920T093556.481409Z_582ad320,4,b9d1d4a9-5661-4a35-aec7-79b6fdaa703b,d6r2_b9d1d4a9-5661-4a35-aec7-79b6fdaa703b_9702_fd1dfd48,199,test:hiding,rootkit,cpu,role_aggregate,20,128,32,middle,True,True,0,20,40,"{""2"": 20}",0,20,0,0,
results\d6_r2_formal\raw_r1\boot_02\batch_20260920T093605.246640Z_6a862836.json.gz,20260920T093605.246640Z_6a862836,4,b9d1d4a9-5661-4a35-aec7-79b6fdaa703b,d6r2_b9d1d4a9-5661-4a35-aec7-79b6fdaa703b_9702_fd1dfd48,200,test:hiding,rootkit,cpu,role_aggregate,20,128,32,middle,True,True,0,20,40,"{""2"": 20}",0,20,0,0,
results\d6_r2_formal\raw_r1\boot_02\batch_20260920T093613.917472Z_5c45899e.json.gz,20260920T093613.917472Z_5c45899e,4,b9d1d4a9-5661-4a35-aec7-79b6fdaa703b,d6r2_b9d1d4a9-5661-4a35-aec7-79b6fdaa703b_9702_fd1dfd48,201,test:hiding,rootkit,cpu,role_aggregate,20,128,32,middle,True,True,0,20,40,"{""2"": 20}",0,20,0,0,
results\d6_r2_formal\raw_r1\boot_02\batch_20260920T093622.646715Z_ebfcad5f.json.gz,20260920T093622.646715Z_ebfcad5f,4,b9d1d4a9-5661-4a35-aec7-79b6fdaa703b,d6r2_b9d1d4a9-5661-4a35-aec7-79b6fdaa703b_9702_fd1dfd48,202,test:hiding,rootkit,cpu,role_aggregate,20,128,32,middle,True,True,0,20,40,"{""2"": 20}",0,20,0,0,
results\d6_r2_formal\raw_r1\boot_02\batch_20260920T093631.375332Z_ae85e5ed.json.gz,20260920T093631.375332Z_ae85e5ed,4,b9d1d4a9-5661-4a35-aec7-79b6fdaa703b,d6r2_b9d1d4a9-5661-4a35-aec7-79b6fdaa703b_9702_fd1dfd48,203,test:hiding,rootkit,cpu,role_aggregate,20,128,32,middle,True,True,0,20,40,"{""2"": 20}",0,20,0,0,
results\d6_r2_formal\raw_r1\boot_02\batch_20260920T093640.117469Z_8b1dd018.json.gz,20260920T093640.117469Z_8b1dd018,4,b9d1d4a9-5661-4a35-aec7-79b6fdaa703b,d6r2_b9d1d4a9-5661-4a35-aec7-79b6fdaa703b_9702_fd1dfd48,204,test:hiding,rootkit,cpu,role_aggregate,20,128,32,middle,True,True,0,20,40,"{""2"": 20}",0,20,0,0,
results\d6_r2_formal\raw_r1\boot_02\batch_20260920T093648.861616Z_f63c2f44.json.gz,20260920T093648.861616Z_f63c2f44,4,b9d1d4a9-5661-4a35-aec7-79b6fdaa703b,d6r2_b9d1d4a9-5661-4a35-aec7-79b6fdaa703b_9702_fd1dfd48,205,test:hiding,rootkit,cpu,role_aggregate,20,128,32,middle,True,True,0,20,40,"{""2"": 20}",0,20,0,0,
results\d6_r2_formal\raw_r1\boot_02\batch_20260920T093657.600623Z_1310e38e.json.gz,20260920T093657.600623Z_1310e38e,4,b9d1d4a9-5661-4a35-aec7-79b6fdaa703b,d6r2_b9d1d4a9-5661-4a35-aec7-79b6fdaa703b_9702_fd1dfd48,206,test:hiding,rootkit,cpu,role_aggregate,20,128,32,middle,True,True,0,20,40,"{""2"": 20}",0,20,0,0,
results\d6_r2_formal\raw_r1\boot_02\batch_20260920T093706.367642Z_6bd31089.json.gz,20260920T093706.367642Z_6bd31089,4,b9d1d4a9-5661-4a35-aec7-79b6fdaa703b,d6r2_b9d1d4a9-5661-4a35-aec7-79b6fdaa703b_9702_fd1dfd48,207,test:hiding,rootkit,cpu,role_aggregate,20,128,32,middle,True,True,0,20,40,"{""2"": 20}",0,20,0,0,
results\d6_r2_formal\raw_r1\boot_02\batch_20260920T093715.110292Z_c21101bb.json.gz,20260920T093715.110292Z_c21101bb,4,b9d1d4a9-5661-4a35-aec7-79b6fdaa703b,d6r2_b9d1d4a9-5661-4a35-aec7-79b6fdaa703b_9702_fd1dfd48,208,test:hiding,rootkit,cpu,role_aggregate,20,128,32,middle,True,True,0,20,40,"{""2"": 20}",0,20,0,0,
results\d6_r2_formal\raw_r1\boot_02\batch_20260920T093723.849311Z_5b19e373.json.gz,20260920T093723.849311Z_5b19e373,4,b9d1d4a9-5661-4a35-aec7-79b6fdaa703b,d6r2_b9d1d4a9-5661-4a35-aec7-79b6fdaa703b_9702_fd1dfd48,209,test:hiding,rootkit,cpu,role_aggregate,20,128,32,middle,True,True,0,20,40,"{""2"": 20}",0,20,0,0,
results\d6_r2_formal\raw_r1\boot_02\batch_20260920T093732.584300Z_99dc9abc.json.gz,20260920T093732.584300Z_99dc9abc,4,b9d1d4a9-5661-4a35-aec7-79b6fdaa703b,d6r2_b9d1d4a9-5661-4a35-aec7-79b6fdaa703b_9702_fd1dfd48,210,test:hiding,rootkit,cpu,role_aggregate,20,128,32,middle,True,True,0,20,40,"{""2"": 20}",0,20,0,0,
results\d6_r2_formal\raw_r1\boot_02\batch_20260920T093741.294303Z_057f01d0.json.gz,20260920T093741.294303Z_057f01d0,4,b9d1d4a9-5661-4a35-aec7-79b6fdaa703b,d6r2_b9d1d4a9-5661-4a35-aec7-79b6fdaa703b_9702_fd1dfd48,211,test:hiding,rootkit,cpu,role_aggregate,20,128,32,middle,True,True,0,20,40,"{""2"": 20}",0,20,0,0,
results\d6_r2_formal\raw_r1\boot_02\batch_20260920T093750.037363Z_2f9de8d7.json.gz,20260920T093750.037363Z_2f9de8d7,4,b9d1d4a9-5661-4a35-aec7-79b6fdaa703b,d6r2_b9d1d4a9-5661-4a35-aec7-79b6fdaa703b_9702_fd1dfd48,212,test:hiding,rootkit,cpu,role_aggregate,20,128,32,middle,True,True,0,20,40,"{""2"": 20}",0,20,0,0,
results\d6_r2_formal\raw_r1\boot_02\batch_20260920T093758.744301Z_cf7e4fb4.json.gz,20260920T093758.744301Z_cf7e4fb4,4,b9d1d4a9-5661-4a35-aec7-79b6fdaa703b,d6r2_b9d1d4a9-5661-4a35-aec7-79b6fdaa703b_9702_fd1dfd48,213,test:hiding,rootkit,cpu,role_aggregate,20,128,32,middle,True,True,0,20,40,"{""2"": 20}",0,20,0,0,
results\d6_r2_formal\raw_r1\boot_02\batch_20260920T093807.475575Z_e387d59b.json.gz,20260920T093807.475575Z_e387d59b,4,b9d1d4a9-5661-4a35-aec7-79b6fdaa703b,d6r2_b9d1d4a9-5661-4a35-aec7-79b6fdaa703b_9702_fd1dfd48,214,test:hiding,rootkit,cpu,role_aggregate,20,128,32,middle,True,True,0,20,40,"{""2"": 20}",0,20,0,0,
results\d6_r2_formal\raw_r1\boot_02\batch_20260920T093816.222396Z_773a59c6.json.gz,20260920T093816.222396Z_773a59c6,4,b9d1d4a9-5661-4a35-aec7-79b6fdaa703b,d6r2_b9d1d4a9-5661-4a35-aec7-79b6fdaa703b_9702_fd1dfd48,215,test:hiding,rootkit,cpu,role_aggregate,20,128,32,middle,True,True,0,20,40,"{""2"": 20}",0,20,0,0,
results\d6_r2_formal\raw_r1\boot_02\batch_20260920T093824.981600Z_2aa8bdd1.json.gz,20260920T093824.981600Z_2aa8bdd1,4,b9d1d4a9-5661-4a35-aec7-79b6fdaa703b,d6r2_b9d1d4a9-5661-4a35-aec7-79b6fdaa703b_9702_fd1dfd48,216,test:hiding,rootkit,cpu,role_aggregate,20,128,32,middle,True,True,0,20,40,"{""2"": 20}",0,20,0,0,
results\d6_r2_formal\raw_r1\boot_02\batch_20260920T093833.741541Z_517c5397.json.gz,20260920T093833.741541Z_517c5397,4,b9d1d4a9-5661-4a35-aec7-79b6fdaa703b,d6r2_b9d1d4a9-5661-4a35-aec7-79b6fdaa703b_9702_fd1dfd48,217,test:hiding,rootkit,cpu,role_aggregate,20,128,32,middle,True,True,0,20,40,"{""2"": 20}",0,20,0,0,
results\d6_r2_formal\raw_r1\boot_02\batch_20260920T093842.442304Z_3fc56b72.json.gz,20260920T093842.442304Z_3fc56b72,4,b9d1d4a9-5661-4a35-aec7-79b6fdaa703b,d6r2_b9d1d4a9-5661-4a35-aec7-79b6fdaa703b_9702_fd1dfd48,218,test:hiding,rootkit,cpu,role_aggregate,20,128,32,middle,True,True,0,20,40,"{""2"": 20}",0,20,0,0,
results\d6_r2_formal\raw_r1\boot_02\batch_20260920T093851.150305Z_0793a82a.json.gz,20260920T093851.150305Z_0793a82a,4,b9d1d4a9-5661-4a35-aec7-79b6fdaa703b,d6r2_b9d1d4a9-5661-4a35-aec7-79b6fdaa703b_9702_fd1dfd48,219,test:hiding,rootkit,cpu,role_aggregate,20,128,32,middle,True,True,0,20,40,"{""2"": 20}",0,20,0,0,
results\d6_r2_formal\raw_r1\boot_02\batch_20260920T093854.760321Z_b9128b18.json.gz,20260920T093854.760321Z_b9128b18,4,b9d1d4a9-5661-4a35-aec7-79b6fdaa703b,d6r2_b9d1d4a9-5661-4a35-aec7-79b6fdaa703b_9702_fd1dfd48,220,test:hiding,rootkit,memory,role_aggregate,20,128,32,middle,True,True,0,20,40,"{""2"": 20}",0,20,0,0,
results\d6_r2_formal\raw_r1\boot_02\batch_20260920T093858.402601Z_a293802a.json.gz,20260920T093858.402601Z_a293802a,4,b9d1d4a9-5661-4a35-aec7-79b6fdaa703b,d6r2_b9d1d4a9-5661-4a35-aec7-79b6fdaa703b_9702_fd1dfd48,221,test:hiding,rootkit,memory,role_aggregate,20,128,32,middle,True,True,0,20,40,"{""2"": 20}",0,20,0,0,
results\d6_r2_formal\raw_r1\boot_02\batch_20260920T093902.039369Z_8c03e8c9.json.gz,20260920T093902.039369Z_8c03e8c9,4,b9d1d4a9-5661-4a35-aec7-79b6fdaa703b,d6r2_b9d1d4a9-5661-4a35-aec7-79b6fdaa703b_9702_fd1dfd48,222,test:hiding,rootkit,memory,role_aggregate,20,128,32,middle,True,True,0,20,40,"{""2"": 20}",0,20,0,0,
results\d6_r2_formal\raw_r1\boot_02\batch_20260920T093905.703658Z_0c51682e.json.gz,20260920T093905.703658Z_0c51682e,4,b9d1d4a9-5661-4a35-aec7-79b6fdaa703b,d6r2_b9d1d4a9-5661-4a35-aec7-79b6fdaa703b_9702_fd1dfd48,223,test:hiding,rootkit,memory,role_aggregate,20,128,32,middle,True,True,0,20,40,"{""2"": 20}",0,20,0,0,
results\d6_r2_formal\raw_r1\boot_02\batch_20260920T093909.361402Z_7791c66e.json.gz,20260920T093909.361402Z_7791c66e,4,b9d1d4a9-5661-4a35-aec7-79b6fdaa703b,d6r2_b9d1d4a9-5661-4a35-aec7-79b6fdaa703b_9702_fd1dfd48,224,test:hiding,rootkit,memory,role_aggregate,20,128,32,middle,True,True,0,20,40,"{""2"": 20}",0,20,0,0,
results\d6_r2_formal\raw_r1\boot_02\batch_20260920T093913.005370Z_4c668864.json.gz,20260920T093913.005370Z_4c668864,4,b9d1d4a9-5661-4a35-aec7-79b6fdaa703b,d6r2_b9d1d4a9-5661-4a35-aec7-79b6fdaa703b_9702_fd1dfd48,225,test:hiding,rootkit,memory,role_aggregate,20,128,32,middle,True,True,0,20,40,"{""2"": 20}",0,20,0,0,
results\d6_r2_formal\raw_r1\boot_02\batch_20260920T093916.634710Z_ca06b1db.json.gz,20260920T093916.634710Z_ca06b1db,4,b9d1d4a9-5661-4a35-aec7-79b6fdaa703b,d6r2_b9d1d4a9-5661-4a35-aec7-79b6fdaa703b_9702_fd1dfd48,226,test:hiding,rootkit,memory,role_aggregate,20,128,32,middle,True,True,0,20,40,"{""2"": 20}",0,20,0,0,
results\d6_r2_formal\raw_r1\boot_02\batch_20260920T093920.266559Z_e51a96c5.json.gz,20260920T093920.266559Z_e51a96c5,4,b9d1d4a9-5661-4a35-aec7-79b6fdaa703b,d6r2_b9d1d4a9-5661-4a35-aec7-79b6fdaa703b_9702_fd1dfd48,227,test:hiding,rootkit,memory,role_aggregate,20,128,32,middle,True,True,0,20,40,"{""2"": 20}",0,20,0,0,
results\d6_r2_formal\raw_r1\boot_02\batch_20260920T093923.927497Z_d375d2a9.json.gz,20260920T093923.927497Z_d375d2a9,4,b9d1d4a9-5661-4a35-aec7-79b6fdaa703b,d6r2_b9d1d4a9-5661-4a35-aec7-79b6fdaa703b_9702_fd1dfd48,228,test:hiding,rootkit,memory,role_aggregate,20,128,32,middle,True,True,0,20,40,"{""2"": 20}",0,20,0,0,
results\d6_r2_formal\raw_r1\boot_02\batch_20260920T093927.564521Z_0dd4e983.json.gz,20260920T093927.564521Z_0dd4e983,4,b9d1d4a9-5661-4a35-aec7-79b6fdaa703b,d6r2_b9d1d4a9-5661-4a35-aec7-79b6fdaa703b_9702_fd1dfd48,229,test:hiding,rootkit,memory,role_aggregate,20,128,32,middle,True,True,0,20,40,"{""2"": 20}",0,20,0,0,
results\d6_r2_formal\raw_r1\boot_02\batch_20260920T093931.227625Z_78bd9219.json.gz,20260920T093931.227625Z_78bd9219,4,b9d1d4a9-5661-4a35-aec7-79b6fdaa703b,d6r2_b9d1d4a9-5661-4a35-aec7-79b6fdaa703b_9702_fd1dfd48,230,test:hiding,rootkit,memory,role_aggregate,20,128,32,middle,True,True,0,20,40,"{""2"": 20}",0,20,0,0,
results\d6_r2_formal\raw_r1\boot_02\batch_20260920T093934.909522Z_dc403ff2.json.gz,20260920T093934.909522Z_dc403ff2,4,b9d1d4a9-5661-4a35-aec7-79b6fdaa703b,d6r2_b9d1d4a9-5661-4a35-aec7-79b6fdaa703b_9702_fd1dfd48,231,test:hiding,rootkit,memory,role_aggregate,20,128,32,middle,True,True,0,20,40,"{""2"": 20}",0,20,0,0,
results\d6_r2_formal\raw_r1\boot_02\batch_20260920T093938.602450Z_75420e3c.json.gz,20260920T093938.602450Z_75420e3c,4,b9d1d4a9-5661-4a35-aec7-79b6fdaa703b,d6r2_b9d1d4a9-5661-4a35-aec7-79b6fdaa703b_9702_fd1dfd48,232,test:hiding,rootkit,memory,role_aggregate,20,128,32,middle,True,True,0,20,40,"{""2"": 20}",0,20,0,0,
results\d6_r2_formal\raw_r1\boot_02\batch_20260920T093942.316126Z_03f3bdd6.json.gz,20260920T093942.316126Z_03f3bdd6,4,b9d1d4a9-5661-4a35-aec7-79b6fdaa703b,d6r2_b9d1d4a9-5661-4a35-aec7-79b6fdaa703b_9702_fd1dfd48,233,test:hiding,rootkit,memory,role_aggregate,20,128,32,middle,True,True,0,20,40,"{""2"": 20}",0,20,0,0,
results\d6_r2_formal\raw_r1\boot_02\batch_20260920T093946.401532Z_815c0ce1.json.gz,20260920T093946.401532Z_815c0ce1,4,b9d1d4a9-5661-4a35-aec7-79b6fdaa703b,d6r2_b9d1d4a9-5661-4a35-aec7-79b6fdaa703b_9702_fd1dfd48,234,test:hiding,rootkit,memory,role_aggregate,20,128,32,middle,True,True,0,20,40,"{""2"": 20}",0,20,0,0,
results\d6_r2_formal\raw_r1\boot_02\batch_20260920T093950.342245Z_9fcf3601.json.gz,20260920T093950.342245Z_9fcf3601,4,b9d1d4a9-5661-4a35-aec7-79b6fdaa703b,d6r2_b9d1d4a9-5661-4a35-aec7-79b6fdaa703b_9702_fd1dfd48,235,test:hiding,rootkit,memory,role_aggregate,20,128,32,middle,True,True,0,20,40,"{""2"": 20}",0,20,0,0,
results\d6_r2_formal\raw_r1\boot_02\batch_20260920T093954.389385Z_885962c2.json.gz,20260920T093954.389385Z_885962c2,4,b9d1d4a9-5661-4a35-aec7-79b6fdaa703b,d6r2_b9d1d4a9-5661-4a35-aec7-79b6fdaa703b_9702_fd1dfd48,236,test:hiding,rootkit,memory,role_aggregate,20,128,32,middle,True,True,0,20,40,"{""2"": 20}",0,20,0,0,
results\d6_r2_formal\raw_r1\boot_02\batch_20260920T093958.674090Z_082b3cf3.json.gz,20260920T093958.674090Z_082b3cf3,4,b9d1d4a9-5661-4a35-aec7-79b6fdaa703b,d6r2_b9d1d4a9-5661-4a35-aec7-79b6fdaa703b_9702_fd1dfd48,237,test:hiding,rootkit,memory,role_aggregate,20,128,32,middle,True,True,0,20,40,"{""2"": 20}",0,20,0,0,
results\d6_r2_formal\raw_r1\boot_02\batch_20260920T094003.009448Z_6aa3c833.json.gz,20260920T094003.009448Z_6aa3c833,4,b9d1d4a9-5661-4a35-aec7-79b6fdaa703b,d6r2_b9d1d4a9-5661-4a35-aec7-79b6fdaa703b_9702_fd1dfd48,238,test:hiding,rootkit,memory,role_aggregate,20,128,32,middle,True,True,0,20,40,"{""2"": 20}",0,20,0,0,
results\d6_r2_formal\raw_r1\boot_02\batch_20260920T094006.726497Z_9572cf80.json.gz,20260920T094006.726497Z_9572cf80,4,b9d1d4a9-5661-4a35-aec7-79b6fdaa703b,d6r2_b9d1d4a9-5661-4a35-aec7-79b6fdaa703b_9702_fd1dfd48,239,test:hiding,rootkit,memory,role_aggregate,20,128,32,middle,True,True,0,20,40,"{""2"": 20}",0,20,0,0,
results\d6_r2_formal\raw_r1\boot_02\batch_20260920T094010.404314Z_83179cc5.json.gz,20260920T094010.404314Z_83179cc5,4,b9d1d4a9-5661-4a35-aec7-79b6fdaa703b,d6r2_b9d1d4a9-5661-4a35-aec7-79b6fdaa703b_9702_fd1dfd48,240,test:hiding,rootkit,memory,role_aggregate,20,128,32,middle,True,True,0,20,40,"{""2"": 20}",0,20,0,0,
results\d6_r2_formal\raw_r1\boot_02\batch_20260920T094014.050321Z_8d17c355.json.gz,20260920T094014.050321Z_8d17c355,4,b9d1d4a9-5661-4a35-aec7-79b6fdaa703b,d6r2_b9d1d4a9-5661-4a35-aec7-79b6fdaa703b_9702_fd1dfd48,241,test:hiding,rootkit,memory,role_aggregate,20,128,32,middle,True,True,0,20,40,"{""2"": 20}",0,20,0,0,
results\d6_r2_formal\raw_r1\boot_02\batch_20260920T094017.652539Z_64c53ad9.json.gz,20260920T094017.652539Z_64c53ad9,4,b9d1d4a9-5661-4a35-aec7-79b6fdaa703b,d6r2_b9d1d4a9-5661-4a35-aec7-79b6fdaa703b_9702_fd1dfd48,242,test:hiding,rootkit,memory,role_aggregate,20,128,32,middle,True,True,0,20,40,"{""2"": 20}",0,20,0,0,
results\d6_r2_formal\raw_r1\boot_02\batch_20260920T094021.306728Z_b59cecd7.json.gz,20260920T094021.306728Z_b59cecd7,4,b9d1d4a9-5661-4a35-aec7-79b6fdaa703b,d6r2_b9d1d4a9-5661-4a35-aec7-79b6fdaa703b_9702_fd1dfd48,243,test:hiding,rootkit,memory,role_aggregate,20,128,32,middle,True,True,0,20,40,"{""2"": 20}",0,20,0,0,
results\d6_r2_formal\raw_r1\boot_02\batch_20260920T094024.916611Z_883e8122.json.gz,20260920T094024.916611Z_883e8122,4,b9d1d4a9-5661-4a35-aec7-79b6fdaa703b,d6r2_b9d1d4a9-5661-4a35-aec7-79b6fdaa703b_9702_fd1dfd48,244,test:hiding,rootkit,memory,role_aggregate,20,128,32,middle,True,True,0,20,40,"{""2"": 20}",0,20,0,0,
results\d6_r2_formal\raw_r1\boot_02\batch_20260920T094028.533533Z_14341913.json.gz,20260920T094028.533533Z_14341913,4,b9d1d4a9-5661-4a35-aec7-79b6fdaa703b,d6r2_b9d1d4a9-5661-4a35-aec7-79b6fdaa703b_9702_fd1dfd48,245,test:hiding,rootkit,memory,role_aggregate,20,128,32,middle,True,True,0,20,40,"{""2"": 20}",0,20,0,0,
results\d6_r2_formal\raw_r1\boot_02\batch_20260920T094032.207331Z_a4fdb4a5.json.gz,20260920T094032.207331Z_a4fdb4a5,4,b9d1d4a9-5661-4a35-aec7-79b6fdaa703b,d6r2_b9d1d4a9-5661-4a35-aec7-79b6fdaa703b_9702_fd1dfd48,246,test:hiding,rootkit,memory,role_aggregate,20,128,32,middle,True,True,0,20,40,"{""2"": 20}",0,20,0,0,
results\d6_r2_formal\raw_r1\boot_02\batch_20260920T094035.851559Z_51781486.json.gz,20260920T094035.851559Z_51781486,4,b9d1d4a9-5661-4a35-aec7-79b6fdaa703b,d6r2_b9d1d4a9-5661-4a35-aec7-79b6fdaa703b_9702_fd1dfd48,247,test:hiding,rootkit,memory,role_aggregate,20,128,32,middle,True,True,0,20,40,"{""2"": 20}",0,20,0,0,
results\d6_r2_formal\raw_r1\boot_02\batch_20260920T094039.501612Z_bb18f0f5.json.gz,20260920T094039.501612Z_bb18f0f5,4,b9d1d4a9-5661-4a35-aec7-79b6fdaa703b,d6r2_b9d1d4a9-5661-4a35-aec7-79b6fdaa703b_9702_fd1dfd48,248,test:hiding,rootkit,memory,role_aggregate,20,128,32,middle,True,True,0,20,40,"{""2"": 20}",0,20,0,0,
results\d6_r2_formal\raw_r1\boot_02\batch_20260920T094043.209480Z_381279fa.json.gz,20260920T094043.209480Z_381279fa,4,b9d1d4a9-5661-4a35-aec7-79b6fdaa703b,d6r2_b9d1d4a9-5661-4a35-aec7-79b6fdaa703b_9702_fd1dfd48,249,test:hiding,rootkit,memory,role_aggregate,20,128,32,middle,True,True,0,20,40,"{""2"": 20}",0,20,0,0,
results\d6_r2_formal\raw_r1\boot_02\batch_20260920T094046.855571Z_e5f005e0.json.gz,20260920T094046.855571Z_e5f005e0,4,b9d1d4a9-5661-4a35-aec7-79b6fdaa703b,d6r2_b9d1d4a9-5661-4a35-aec7-79b6fdaa703b_9702_fd1dfd48,250,test:hiding,rootkit,memory,role_aggregate,20,128,32,middle,True,True,0,20,40,"{""2"": 20}",0,20,0,0,
results\d6_r2_formal\raw_r1\boot_02\batch_20260920T094050.508402Z_0016ce19.json.gz,20260920T094050.508402Z_0016ce19,4,b9d1d4a9-5661-4a35-aec7-79b6fdaa703b,d6r2_b9d1d4a9-5661-4a35-aec7-79b6fdaa703b_9702_fd1dfd48,251,test:hiding,rootkit,memory,role_aggregate,20,128,32,middle,True,True,0,20,40,"{""2"": 20}",0,20,0,0,
results\d6_r2_formal\raw_r1\boot_02\batch_20260920T094054.105451Z_fc20d3ad.json.gz,20260920T094054.105451Z_fc20d3ad,4,b9d1d4a9-5661-4a35-aec7-79b6fdaa703b,d6r2_b9d1d4a9-5661-4a35-aec7-79b6fdaa703b_9702_fd1dfd48,252,test:hiding,rootkit,memory,role_aggregate,20,128,32,middle,True,True,0,20,40,"{""2"": 20}",0,20,0,0,
results\d6_r2_formal\raw_r1\boot_02\batch_20260920T094057.727265Z_fce5f3e4.json.gz,20260920T094057.727265Z_fce5f3e4,4,b9d1d4a9-5661-4a35-aec7-79b6fdaa703b,d6r2_b9d1d4a9-5661-4a35-aec7-79b6fdaa703b_9702_fd1dfd48,253,test:hiding,rootkit,memory,role_aggregate,20,128,32,middle,True,True,0,20,40,"{""2"": 20}",0,20,0,0,
results\d6_r2_formal\raw_r1\boot_02\batch_20260920T094101.565401Z_3bcb2852.json.gz,20260920T094101.565401Z_3bcb2852,4,b9d1d4a9-5661-4a35-aec7-79b6fdaa703b,d6r2_b9d1d4a9-5661-4a35-aec7-79b6fdaa703b_9702_fd1dfd48,254,test:hiding,rootkit,memory,role_aggregate,20,128,32,middle,True,True,0,20,40,"{""2"": 20}",0,20,0,0,
results\d6_r2_formal\raw_r1\boot_02\batch_20260920T094105.241348Z_53ecca52.json.gz,20260920T094105.241348Z_53ecca52,4,b9d1d4a9-5661-4a35-aec7-79b6fdaa703b,d6r2_b9d1d4a9-5661-4a35-aec7-79b6fdaa703b_9702_fd1dfd48,255,test:hiding,rootkit,memory,role_aggregate,20,128,32,middle,True,True,0,20,40,"{""2"": 20}",0,20,0,0,
results\d6_r2_formal\raw_r1\boot_02\batch_20260920T094108.907494Z_a3b3def4.json.gz,20260920T094108.907494Z_a3b3def4,4,b9d1d4a9-5661-4a35-aec7-79b6fdaa703b,d6r2_b9d1d4a9-5661-4a35-aec7-79b6fdaa703b_9702_fd1dfd48,256,test:hiding,rootkit,memory,role_aggregate,20,128,32,middle,True,True,0,20,40,"{""2"": 20}",0,20,0,0,
results\d6_r2_formal\raw_r1\boot_02\batch_20260920T094112.573281Z_3cc0343b.json.gz,20260920T094112.573281Z_3cc0343b,4,b9d1d4a9-5661-4a35-aec7-79b6fdaa703b,d6r2_b9d1d4a9-5661-4a35-aec7-79b6fdaa703b_9702_fd1dfd48,257,test:hiding,rootkit,memory,role_aggregate,20,128,32,middle,True,True,0,20,40,"{""2"": 20}",0,20,0,0,
results\d6_r2_formal\raw_r1\boot_02\batch_20260920T094116.164343Z_3f6aa933.json.gz,20260920T094116.164343Z_3f6aa933,4,b9d1d4a9-5661-4a35-aec7-79b6fdaa703b,d6r2_b9d1d4a9-5661-4a35-aec7-79b6fdaa703b_9702_fd1dfd48,258,test:hiding,rootkit,memory,role_aggregate,20,128,32,middle,True,True,0,20,40,"{""2"": 20}",0,20,0,0,
results\d6_r2_formal\raw_r1\boot_02\batch_20260920T094119.840468Z_442d878f.json.gz,20260920T094119.840468Z_442d878f,4,b9d1d4a9-5661-4a35-aec7-79b6fdaa703b,d6r2_b9d1d4a9-5661-4a35-aec7-79b6fdaa703b_9702_fd1dfd48,259,test:hiding,rootkit,memory,role_aggregate,20,128,32,middle,True,True,0,20,40,"{""2"": 20}",0,20,0,0,
results\d6_r2_formal\raw_r1\boot_02\batch_20260920T094128.650707Z_b8f1f922.json.gz,20260920T094128.650707Z_b8f1f922,4,b9d1d4a9-5661-4a35-aec7-79b6fdaa703b,d6r2_b9d1d4a9-5661-4a35-aec7-79b6fdaa703b_9702_fd1dfd48,260,test:hiding,rootkit,mixed,role_aggregate,20,128,32,middle,True,True,0,20,40,"{""2"": 20}",0,20,0,0,
results\d6_r2_formal\raw_r1\boot_02\batch_20260920T094137.476656Z_95721166.json.gz,20260920T094137.476656Z_95721166,4,b9d1d4a9-5661-4a35-aec7-79b6fdaa703b,d6r2_b9d1d4a9-5661-4a35-aec7-79b6fdaa703b_9702_fd1dfd48,261,test:hiding,rootkit,mixed,role_aggregate,20,128,32,middle,True,True,0,20,40,"{""2"": 20}",0,20,0,0,
results\d6_r2_formal\raw_r1\boot_02\batch_20260920T094146.247592Z_95345405.json.gz,20260920T094146.247592Z_95345405,4,b9d1d4a9-5661-4a35-aec7-79b6fdaa703b,d6r2_b9d1d4a9-5661-4a35-aec7-79b6fdaa703b_9702_fd1dfd48,262,test:hiding,rootkit,mixed,role_aggregate,20,128,32,middle,True,True,0,20,40,"{""2"": 20}",0,20,0,0,
results\d6_r2_formal\raw_r1\boot_02\batch_20260920T094155.175527Z_b9a5c9b4.json.gz,20260920T094155.175527Z_b9a5c9b4,4,b9d1d4a9-5661-4a35-aec7-79b6fdaa703b,d6r2_b9d1d4a9-5661-4a35-aec7-79b6fdaa703b_9702_fd1dfd48,263,test:hiding,rootkit,mixed,role_aggregate,20,128,32,middle,True,True,0,20,40,"{""2"": 20}",0,20,0,0,
results\d6_r2_formal\raw_r1\boot_02\batch_20260920T094203.949518Z_1e2f8bc5.json.gz,20260920T094203.949518Z_1e2f8bc5,4,b9d1d4a9-5661-4a35-aec7-79b6fdaa703b,d6r2_b9d1d4a9-5661-4a35-aec7-79b6fdaa703b_9702_fd1dfd48,264,test:hiding,rootkit,mixed,role_aggregate,20,128,32,middle,True,True,0,20,40,"{""2"": 20}",0,20,0,0,
results\d6_r2_formal\raw_r1\boot_02\batch_20260920T094212.814571Z_e068b54b.json.gz,20260920T094212.814571Z_e068b54b,4,b9d1d4a9-5661-4a35-aec7-79b6fdaa703b,d6r2_b9d1d4a9-5661-4a35-aec7-79b6fdaa703b_9702_fd1dfd48,265,test:hiding,rootkit,mixed,role_aggregate,20,128,32,middle,True,True,0,20,40,"{""2"": 20}",0,20,0,0,
results\d6_r2_formal\raw_r1\boot_02\batch_20260920T094221.544454Z_f9314cb7.json.gz,20260920T094221.544454Z_f9314cb7,4,b9d1d4a9-5661-4a35-aec7-79b6fdaa703b,d6r2_b9d1d4a9-5661-4a35-aec7-79b6fdaa703b_9702_fd1dfd48,266,test:hiding,rootkit,mixed,role_aggregate,20,128,32,middle,True,True,0,20,40,"{""2"": 20}",0,20,0,0,
results\d6_r2_formal\raw_r1\boot_02\batch_20260920T094230.365538Z_3ef393a1.json.gz,20260920T094230.365538Z_3ef393a1,4,b9d1d4a9-5661-4a35-aec7-79b6fdaa703b,d6r2_b9d1d4a9-5661-4a35-aec7-79b6fdaa703b_9702_fd1dfd48,267,test:hiding,rootkit,mixed,role_aggregate,20,128,32,middle,True,True,0,20,40,"{""2"": 20}",0,20,0,0,
results\d6_r2_formal\raw_r1\boot_02\batch_20260920T094239.270439Z_1f119b1c.json.gz,20260920T094239.270439Z_1f119b1c,4,b9d1d4a9-5661-4a35-aec7-79b6fdaa703b,d6r2_b9d1d4a9-5661-4a35-aec7-79b6fdaa703b_9702_fd1dfd48,268,test:hiding,rootkit,mixed,role_aggregate,20,128,32,middle,True,True,0,20,40,"{""2"": 20}",0,20,0,0,
results\d6_r2_formal\raw_r1\boot_02\batch_20260920T094248.156497Z_5cca45da.json.gz,20260920T094248.156497Z_5cca45da,4,b9d1d4a9-5661-4a35-aec7-79b6fdaa703b,d6r2_b9d1d4a9-5661-4a35-aec7-79b6fdaa703b_9702_fd1dfd48,269,test:hiding,rootkit,mixed,role_aggregate,20,128,32,middle,True,True,0,20,40,"{""2"": 20}",0,20,0,0,
results\d6_r2_formal\raw_r1\boot_02\batch_20260920T094257.011569Z_aefaa544.json.gz,20260920T094257.011569Z_aefaa544,4,b9d1d4a9-5661-4a35-aec7-79b6fdaa703b,d6r2_b9d1d4a9-5661-4a35-aec7-79b6fdaa703b_9702_fd1dfd48,270,test:hiding,rootkit,mixed,role_aggregate,20,128,32,middle,True,True,0,20,40,"{""2"": 20}",0,20,0,0,
results\d6_r2_formal\raw_r1\boot_02\batch_20260920T094305.873614Z_2be41d7a.json.gz,20260920T094305.873614Z_2be41d7a,4,b9d1d4a9-5661-4a35-aec7-79b6fdaa703b,d6r2_b9d1d4a9-5661-4a35-aec7-79b6fdaa703b_9702_fd1dfd48,271,test:hiding,rootkit,mixed,role_aggregate,20,128,32,middle,True,True,0,20,40,"{""2"": 20}",0,20,0,0,
results\d6_r2_formal\raw_r1\boot_02\batch_20260920T094314.769345Z_e8a31161.json.gz,20260920T094314.769345Z_e8a31161,4,b9d1d4a9-5661-4a35-aec7-79b6fdaa703b,d6r2_b9d1d4a9-5661-4a35-aec7-79b6fdaa703b_9702_fd1dfd48,272,test:hiding,rootkit,mixed,role_aggregate,20,128,32,middle,True,True,0,20,40,"{""2"": 20}",0,20,0,0,
results\d6_r2_formal\raw_r1\boot_02\batch_20260920T094323.548859Z_e9c1290a.json.gz,20260920T094323.548859Z_e9c1290a,4,b9d1d4a9-5661-4a35-aec7-79b6fdaa703b,d6r2_b9d1d4a9-5661-4a35-aec7-79b6fdaa703b_9702_fd1dfd48,273,test:hiding,rootkit,mixed,role_aggregate,20,128,32,middle,True,True,0,20,40,"{""2"": 20}",0,20,0,0,
results\d6_r2_formal\raw_r1\boot_02\batch_20260920T094332.400746Z_1dae3a62.json.gz,20260920T094332.400746Z_1dae3a62,4,b9d1d4a9-5661-4a35-aec7-79b6fdaa703b,d6r2_b9d1d4a9-5661-4a35-aec7-79b6fdaa703b_9702_fd1dfd48,274,test:hiding,rootkit,mixed,role_aggregate,20,128,32,middle,True,True,0,20,40,"{""2"": 20}",0,20,0,0,
results\d6_r2_formal\raw_r1\boot_02\batch_20260920T094341.127672Z_a11705c0.json.gz,20260920T094341.127672Z_a11705c0,4,b9d1d4a9-5661-4a35-aec7-79b6fdaa703b,d6r2_b9d1d4a9-5661-4a35-aec7-79b6fdaa703b_9702_fd1dfd48,275,test:hiding,rootkit,mixed,role_aggregate,20,128,32,middle,True,True,0,20,40,"{""2"": 20}",0,20,0,0,
results\d6_r2_formal\raw_r1\boot_02\batch_20260920T094349.951310Z_8bcf0169.json.gz,20260920T094349.951310Z_8bcf0169,4,b9d1d4a9-5661-4a35-aec7-79b6fdaa703b,d6r2_b9d1d4a9-5661-4a35-aec7-79b6fdaa703b_9702_fd1dfd48,276,test:hiding,rootkit,mixed,role_aggregate,20,128,32,middle,True,True,0,20,40,"{""2"": 20}",0,20,0,0,
results\d6_r2_formal\raw_r1\boot_02\batch_20260920T094358.660600Z_5afdb3ed.json.gz,20260920T094358.660600Z_5afdb3ed,4,b9d1d4a9-5661-4a35-aec7-79b6fdaa703b,d6r2_b9d1d4a9-5661-4a35-aec7-79b6fdaa703b_9702_fd1dfd48,277,test:hiding,rootkit,mixed,role_aggregate,20,128,32,middle,True,True,0,20,40,"{""2"": 20}",0,20,0,0,
results\d6_r2_formal\raw_r1\boot_02\batch_20260920T094407.623428Z_abb89548.json.gz,20260920T094407.623428Z_abb89548,4,b9d1d4a9-5661-4a35-aec7-79b6fdaa703b,d6r2_b9d1d4a9-5661-4a35-aec7-79b6fdaa703b_9702_fd1dfd48,278,test:hiding,rootkit,mixed,role_aggregate,20,128,32,middle,True,True,0,20,40,"{""2"": 20}",0,20,0,0,
results\d6_r2_formal\raw_r1\boot_02\batch_20260920T094416.359330Z_9501c8a9.json.gz,20260920T094416.359330Z_9501c8a9,4,b9d1d4a9-5661-4a35-aec7-79b6fdaa703b,d6r2_b9d1d4a9-5661-4a35-aec7-79b6fdaa703b_9702_fd1dfd48,279,test:hiding,rootkit,mixed,role_aggregate,20,128,32,middle,True,True,0,20,40,"{""2"": 20}",0,20,0,0,
results\d6_r2_formal\raw_r1\boot_02\batch_20260920T094425.115480Z_3cedfc90.json.gz,20260920T094425.115480Z_3cedfc90,4,b9d1d4a9-5661-4a35-aec7-79b6fdaa703b,d6r2_b9d1d4a9-5661-4a35-aec7-79b6fdaa703b_9702_fd1dfd48,280,test:hiding,rootkit,mixed,role_aggregate,20,128,32,middle,True,True,0,20,40,"{""2"": 20}",0,20,0,0,
results\d6_r2_formal\raw_r1\boot_02\batch_20260920T094434.249309Z_45ab5015.json.gz,20260920T094434.249309Z_45ab5015,4,b9d1d4a9-5661-4a35-aec7-79b6fdaa703b,d6r2_b9d1d4a9-5661-4a35-aec7-79b6fdaa703b_9702_fd1dfd48,281,test:hiding,rootkit,mixed,role_aggregate,20,128,32,middle,True,True,0,20,40,"{""2"": 20}",0,20,0,0,
results\d6_r2_formal\raw_r1\boot_02\batch_20260920T094442.986531Z_3ca320b6.json.gz,20260920T094442.986531Z_3ca320b6,4,b9d1d4a9-5661-4a35-aec7-79b6fdaa703b,d6r2_b9d1d4a9-5661-4a35-aec7-79b6fdaa703b_9702_fd1dfd48,282,test:hiding,rootkit,mixed,role_aggregate,20,128,32,middle,True,True,0,20,40,"{""2"": 20}",0,20,0,0,
results\d6_r2_formal\raw_r1\boot_02\batch_20260920T094451.841584Z_0d6da5d5.json.gz,20260920T094451.841584Z_0d6da5d5,4,b9d1d4a9-5661-4a35-aec7-79b6fdaa703b,d6r2_b9d1d4a9-5661-4a35-aec7-79b6fdaa703b_9702_fd1dfd48,283,test:hiding,rootkit,mixed,role_aggregate,20,128,32,middle,True,True,0,20,40,"{""2"": 20}",0,20,0,0,
results\d6_r2_formal\raw_r1\boot_02\batch_20260920T094500.719431Z_d06dd44d.json.gz,20260920T094500.719431Z_d06dd44d,4,b9d1d4a9-5661-4a35-aec7-79b6fdaa703b,d6r2_b9d1d4a9-5661-4a35-aec7-79b6fdaa703b_9702_fd1dfd48,284,test:hiding,rootkit,mixed,role_aggregate,20,128,32,middle,True,True,0,20,40,"{""2"": 20}",0,20,0,0,
results\d6_r2_formal\raw_r1\boot_02\batch_20260920T094509.452194Z_723af5b0.json.gz,20260920T094509.452194Z_723af5b0,4,b9d1d4a9-5661-4a35-aec7-79b6fdaa703b,d6r2_b9d1d4a9-5661-4a35-aec7-79b6fdaa703b_9702_fd1dfd48,285,test:hiding,rootkit,mixed,role_aggregate,20,128,32,middle,True,True,0,20,40,"{""2"": 20}",0,20,0,0,
results\d6_r2_formal\raw_r1\boot_02\batch_20260920T094518.303395Z_488d5a6c.json.gz,20260920T094518.303395Z_488d5a6c,4,b9d1d4a9-5661-4a35-aec7-79b6fdaa703b,d6r2_b9d1d4a9-5661-4a35-aec7-79b6fdaa703b_9702_fd1dfd48,286,test:hiding,rootkit,mixed,role_aggregate,20,128,32,middle,True,True,0,20,40,"{""2"": 20}",0,20,0,0,
results\d6_r2_formal\raw_r1\boot_02\batch_20260920T094527.273708Z_e4415de5.json.gz,20260920T094527.273708Z_e4415de5,4,b9d1d4a9-5661-4a35-aec7-79b6fdaa703b,d6r2_b9d1d4a9-5661-4a35-aec7-79b6fdaa703b_9702_fd1dfd48,287,test:hiding,rootkit,mixed,role_aggregate,20,128,32,middle,True,True,0,20,40,"{""2"": 20}",0,20,0,0,
results\d6_r2_formal\raw_r1\boot_02\batch_20260920T094536.261523Z_508fd931.json.gz,20260920T094536.261523Z_508fd931,4,b9d1d4a9-5661-4a35-aec7-79b6fdaa703b,d6r2_b9d1d4a9-5661-4a35-aec7-79b6fdaa703b_9702_fd1dfd48,288,test:hiding,rootkit,mixed,role_aggregate,20,128,32,middle,True,True,0,20,40,"{""2"": 20}",0,20,0,0,
results\d6_r2_formal\raw_r1\boot_02\batch_20260920T094545.003739Z_475722b1.json.gz,20260920T094545.003739Z_475722b1,4,b9d1d4a9-5661-4a35-aec7-79b6fdaa703b,d6r2_b9d1d4a9-5661-4a35-aec7-79b6fdaa703b_9702_fd1dfd48,289,test:hiding,rootkit,mixed,role_aggregate,20,128,32,middle,True,True,0,20,40,"{""2"": 20}",0,20,0,0,
results\d6_r2_formal\raw_r1\boot_02\batch_20260920T094553.927552Z_e2316bed.json.gz,20260920T094553.927552Z_e2316bed,4,b9d1d4a9-5661-4a35-aec7-79b6fdaa703b,d6r2_b9d1d4a9-5661-4a35-aec7-79b6fdaa703b_9702_fd1dfd48,290,test:hiding,rootkit,mixed,role_aggregate,20,128,32,middle,True,True,0,20,40,"{""2"": 20}",0,20,0,0,
results\d6_r2_formal\raw_r1\boot_02\batch_20260920T094602.804475Z_3c4e7d3a.json.gz,20260920T094602.804475Z_3c4e7d3a,4,b9d1d4a9-5661-4a35-aec7-79b6fdaa703b,d6r2_b9d1d4a9-5661-4a35-aec7-79b6fdaa703b_9702_fd1dfd48,291,test:hiding,rootkit,mixed,role_aggregate,20,128,32,middle,True,True,0,20,40,"{""2"": 20}",0,20,0,0,
results\d6_r2_formal\raw_r1\boot_02\batch_20260920T094611.607588Z_310a639c.json.gz,20260920T094611.607588Z_310a639c,4,b9d1d4a9-5661-4a35-aec7-79b6fdaa703b,d6r2_b9d1d4a9-5661-4a35-aec7-79b6fdaa703b_9702_fd1dfd48,292,test:hiding,rootkit,mixed,role_aggregate,20,128,32,middle,True,True,0,20,40,"{""2"": 20}",0,20,0,0,
results\d6_r2_formal\raw_r1\boot_02\batch_20260920T094620.398328Z_8138f50d.json.gz,20260920T094620.398328Z_8138f50d,4,b9d1d4a9-5661-4a35-aec7-79b6fdaa703b,d6r2_b9d1d4a9-5661-4a35-aec7-79b6fdaa703b_9702_fd1dfd48,293,test:hiding,rootkit,mixed,role_aggregate,20,128,32,middle,True,True,0,20,40,"{""2"": 20}",0,20,0,0,
results\d6_r2_formal\raw_r1\boot_02\batch_20260920T094629.124365Z_bdef3d70.json.gz,20260920T094629.124365Z_bdef3d70,4,b9d1d4a9-5661-4a35-aec7-79b6fdaa703b,d6r2_b9d1d4a9-5661-4a35-aec7-79b6fdaa703b_9702_fd1dfd48,294,test:hiding,rootkit,mixed,role_aggregate,20,128,32,middle,True,True,0,20,40,"{""2"": 20}",0,20,0,0,
results\d6_r2_formal\raw_r1\boot_02\batch_20260920T094637.977600Z_d5309233.json.gz,20260920T094637.977600Z_d5309233,4,b9d1d4a9-5661-4a35-aec7-79b6fdaa703b,d6r2_b9d1d4a9-5661-4a35-aec7-79b6fdaa703b_9702_fd1dfd48,295,test:hiding,rootkit,mixed,role_aggregate,20,128,32,middle,True,True,0,20,40,"{""2"": 20}",0,20,0,0,
results\d6_r2_formal\raw_r1\boot_02\batch_20260920T094646.809473Z_8fa1515b.json.gz,20260920T094646.809473Z_8fa1515b,4,b9d1d4a9-5661-4a35-aec7-79b6fdaa703b,d6r2_b9d1d4a9-5661-4a35-aec7-79b6fdaa703b_9702_fd1dfd48,296,test:hiding,rootkit,mixed,role_aggregate,20,128,32,middle,True,True,0,20,40,"{""2"": 20}",0,20,0,0,
results\d6_r2_formal\raw_r1\boot_02\batch_20260920T094655.601740Z_44d8b9f1.json.gz,20260920T094655.601740Z_44d8b9f1,4,b9d1d4a9-5661-4a35-aec7-79b6fdaa703b,d6r2_b9d1d4a9-5661-4a35-aec7-79b6fdaa703b_9702_fd1dfd48,297,test:hiding,rootkit,mixed,role_aggregate,20,128,32,middle,True,True,0,20,40,"{""2"": 20}",0,20,0,0,
results\d6_r2_formal\raw_r1\boot_02\batch_20260920T094704.287591Z_260f8c11.json.gz,20260920T094704.287591Z_260f8c11,4,b9d1d4a9-5661-4a35-aec7-79b6fdaa703b,d6r2_b9d1d4a9-5661-4a35-aec7-79b6fdaa703b_9702_fd1dfd48,298,test:hiding,rootkit,mixed,role_aggregate,20,128,32,middle,True,True,0,20,40,"{""2"": 20}",0,20,0,0,
results\d6_r2_formal\raw_r1\boot_02\batch_20260920T094713.209584Z_b1526405.json.gz,20260920T094713.209584Z_b1526405,4,b9d1d4a9-5661-4a35-aec7-79b6fdaa703b,d6r2_b9d1d4a9-5661-4a35-aec7-79b6fdaa703b_9702_fd1dfd48,299,test:hiding,rootkit,mixed,role_aggregate,20,128,32,middle,True,True,0,20,40,"{""2"": 20}",0,20,0,0,
results\d6_r2_formal\raw_r1\boot_02\batch_20260920T094715.998292Z_771af0af.json.gz,20260920T094715.998292Z_771af0af,4,b9d1d4a9-5661-4a35-aec7-79b6fdaa703b,d6r2_b9d1d4a9-5661-4a35-aec7-79b6fdaa703b_9702_fd1dfd48,300,test:hiding,rootkit,baseline,role_aggregate,20,128,32,middle,True,True,0,20,40,"{""2"": 20}",0,20,0,0,
results\d6_r2_formal\raw_r1\boot_02\batch_20260920T094718.529314Z_39968161.json.gz,20260920T094718.529314Z_39968161,4,b9d1d4a9-5661-4a35-aec7-79b6fdaa703b,d6r2_b9d1d4a9-5661-4a35-aec7-79b6fdaa703b_9702_fd1dfd48,301,test:hiding,rootkit,baseline,role_aggregate,20,128,32,middle,True,True,0,20,40,"{""2"": 20}",0,20,0,0,
results\d6_r2_formal\raw_r1\boot_02\batch_20260920T094721.117626Z_a888906e.json.gz,20260920T094721.117626Z_a888906e,4,b9d1d4a9-5661-4a35-aec7-79b6fdaa703b,d6r2_b9d1d4a9-5661-4a35-aec7-79b6fdaa703b_9702_fd1dfd48,302,test:hiding,rootkit,baseline,role_aggregate,20,128,32,middle,True,True,0,20,40,"{""2"": 20}",0,20,0,0,
results\d6_r2_formal\raw_r1\boot_02\batch_20260920T094723.660381Z_04ae3cdf.json.gz,20260920T094723.660381Z_04ae3cdf,4,b9d1d4a9-5661-4a35-aec7-79b6fdaa703b,d6r2_b9d1d4a9-5661-4a35-aec7-79b6fdaa703b_9702_fd1dfd48,303,test:hiding,rootkit,baseline,role_aggregate,20,128,32,middle,True,True,0,20,40,"{""2"": 20}",0,20,0,0,
results\d6_r2_formal\raw_r1\boot_02\batch_20260920T094726.211353Z_380f2aed.json.gz,20260920T094726.211353Z_380f2aed,4,b9d1d4a9-5661-4a35-aec7-79b6fdaa703b,d6r2_b9d1d4a9-5661-4a35-aec7-79b6fdaa703b_9702_fd1dfd48,304,test:hiding,rootkit,baseline,role_aggregate,20,128,32,middle,True,True,0,20,40,"{""2"": 20}",0,20,0,0,
results\d6_r2_formal\raw_r1\boot_02\batch_20260920T094728.738472Z_97b78b92.json.gz,20260920T094728.738472Z_97b78b92,4,b9d1d4a9-5661-4a35-aec7-79b6fdaa703b,d6r2_b9d1d4a9-5661-4a35-aec7-79b6fdaa703b_9702_fd1dfd48,305,test:hiding,rootkit,baseline,role_aggregate,20,128,32,middle,True,True,0,20,40,"{""2"": 20}",0,20,0,0,
results\d6_r2_formal\raw_r1\boot_02\batch_20260920T094731.249340Z_e0592464.json.gz,20260920T094731.249340Z_e0592464,4,b9d1d4a9-5661-4a35-aec7-79b6fdaa703b,d6r2_b9d1d4a9-5661-4a35-aec7-79b6fdaa703b_9702_fd1dfd48,306,test:hiding,rootkit,baseline,role_aggregate,20,128,32,middle,True,True,0,20,40,"{""2"": 20}",0,20,0,0,
results\d6_r2_formal\raw_r1\boot_02\batch_20260920T094733.824370Z_4640e4c0.json.gz,20260920T094733.824370Z_4640e4c0,4,b9d1d4a9-5661-4a35-aec7-79b6fdaa703b,d6r2_b9d1d4a9-5661-4a35-aec7-79b6fdaa703b_9702_fd1dfd48,307,test:hiding,rootkit,baseline,role_aggregate,20,128,32,middle,True,True,0,20,40,"{""2"": 20}",0,20,0,0,
results\d6_r2_formal\raw_r1\boot_02\batch_20260920T094736.407500Z_0b949b8f.json.gz,20260920T094736.407500Z_0b949b8f,4,b9d1d4a9-5661-4a35-aec7-79b6fdaa703b,d6r2_b9d1d4a9-5661-4a35-aec7-79b6fdaa703b_9702_fd1dfd48,308,test:hiding,rootkit,baseline,role_aggregate,20,128,32,middle,True,True,0,20,40,"{""2"": 20}",0,20,0,0,
results\d6_r2_formal\raw_r1\boot_02\batch_20260920T094738.931499Z_9558376b.json.gz,20260920T094738.931499Z_9558376b,4,b9d1d4a9-5661-4a35-aec7-79b6fdaa703b,d6r2_b9d1d4a9-5661-4a35-aec7-79b6fdaa703b_9702_fd1dfd48,309,test:hiding,rootkit,baseline,role_aggregate,20,128,32,middle,True,True,0,20,40,"{""2"": 20}",0,20,0,0,
results\d6_r2_formal\raw_r1\boot_02\batch_20260920T094741.454322Z_d5162e50.json.gz,20260920T094741.454322Z_d5162e50,4,b9d1d4a9-5661-4a35-aec7-79b6fdaa703b,d6r2_b9d1d4a9-5661-4a35-aec7-79b6fdaa703b_9702_fd1dfd48,310,test:hiding,rootkit,baseline,role_aggregate,20,128,32,middle,True,True,0,20,40,"{""2"": 20}",0,20,0,0,
results\d6_r2_formal\raw_r1\boot_02\batch_20260920T094744.013417Z_19299814.json.gz,20260920T094744.013417Z_19299814,4,b9d1d4a9-5661-4a35-aec7-79b6fdaa703b,d6r2_b9d1d4a9-5661-4a35-aec7-79b6fdaa703b_9702_fd1dfd48,311,test:hiding,rootkit,baseline,role_aggregate,20,128,32,middle,True,True,0,20,40,"{""2"": 20}",0,20,0,0,
results\d6_r2_formal\raw_r1\boot_02\batch_20260920T094746.562314Z_c7de9f7b.json.gz,20260920T094746.562314Z_c7de9f7b,4,b9d1d4a9-5661-4a35-aec7-79b6fdaa703b,d6r2_b9d1d4a9-5661-4a35-aec7-79b6fdaa703b_9702_fd1dfd48,312,test:hiding,rootkit,baseline,role_aggregate,20,128,32,middle,True,True,0,20,40,"{""2"": 20}",0,20,0,0,
results\d6_r2_formal\raw_r1\boot_02\batch_20260920T094749.124332Z_6e337602.json.gz,20260920T094749.124332Z_6e337602,4,b9d1d4a9-5661-4a35-aec7-79b6fdaa703b,d6r2_b9d1d4a9-5661-4a35-aec7-79b6fdaa703b_9702_fd1dfd48,313,test:hiding,rootkit,baseline,role_aggregate,20,128,32,middle,True,True,0,20,40,"{""2"": 20}",0,20,0,0,
results\d6_r2_formal\raw_r1\boot_02\batch_20260920T094751.692351Z_646a74a6.json.gz,20260920T094751.692351Z_646a74a6,4,b9d1d4a9-5661-4a35-aec7-79b6fdaa703b,d6r2_b9d1d4a9-5661-4a35-aec7-79b6fdaa703b_9702_fd1dfd48,314,test:hiding,rootkit,baseline,role_aggregate,20,128,32,middle,True,True,0,20,40,"{""2"": 20}",0,20,0,0,
results\d6_r2_formal\raw_r1\boot_02\batch_20260920T094754.304454Z_ad676e32.json.gz,20260920T094754.304454Z_ad676e32,4,b9d1d4a9-5661-4a35-aec7-79b6fdaa703b,d6r2_b9d1d4a9-5661-4a35-aec7-79b6fdaa703b_9702_fd1dfd48,315,test:hiding,rootkit,baseline,role_aggregate,20,128,32,middle,True,True,0,20,40,"{""2"": 20}",0,20,0,0,
results\d6_r2_formal\raw_r1\boot_02\batch_20260920T094756.893518Z_9be318b5.json.gz,20260920T094756.893518Z_9be318b5,4,b9d1d4a9-5661-4a35-aec7-79b6fdaa703b,d6r2_b9d1d4a9-5661-4a35-aec7-79b6fdaa703b_9702_fd1dfd48,316,test:hiding,rootkit,baseline,role_aggregate,20,128,32,middle,True,True,0,20,40,"{""2"": 20}",0,20,0,0,
results\d6_r2_formal\raw_r1\boot_02\batch_20260920T094759.412524Z_4d074952.json.gz,20260920T094759.412524Z_4d074952,4,b9d1d4a9-5661-4a35-aec7-79b6fdaa703b,d6r2_b9d1d4a9-5661-4a35-aec7-79b6fdaa703b_9702_fd1dfd48,317,test:hiding,rootkit,baseline,role_aggregate,20,128,32,middle,True,True,0,20,40,"{""2"": 20}",0,20,0,0,
results\d6_r2_formal\raw_r1\boot_02\batch_20260920T094801.971699Z_2995f5ae.json.gz,20260920T094801.971699Z_2995f5ae,4,b9d1d4a9-5661-4a35-aec7-79b6fdaa703b,d6r2_b9d1d4a9-5661-4a35-aec7-79b6fdaa703b_9702_fd1dfd48,318,test:hiding,rootkit,baseline,role_aggregate,20,128,32,middle,True,True,0,20,40,"{""2"": 20}",0,20,0,0,
results\d6_r2_formal\raw_r1\boot_02\batch_20260920T094804.493321Z_70da4b37.json.gz,20260920T094804.493321Z_70da4b37,4,b9d1d4a9-5661-4a35-aec7-79b6fdaa703b,d6r2_b9d1d4a9-5661-4a35-aec7-79b6fdaa703b_9702_fd1dfd48,319,test:hiding,rootkit,baseline,role_aggregate,20,128,32,middle,True,True,0,20,40,"{""2"": 20}",0,20,0,0,
results\d6_r2_formal\raw_r1\boot_02\batch_20260920T094807.075296Z_2cc673b4.json.gz,20260920T094807.075296Z_2cc673b4,4,b9d1d4a9-5661-4a35-aec7-79b6fdaa703b,d6r2_b9d1d4a9-5661-4a35-aec7-79b6fdaa703b_9702_fd1dfd48,320,test:hiding,rootkit,baseline,role_aggregate,20,128,32,middle,True,True,0,20,40,"{""2"": 20}",0,20,0,0,
results\d6_r2_formal\raw_r1\boot_02\batch_20260920T094809.639558Z_a413ad47.json.gz,20260920T094809.639558Z_a413ad47,4,b9d1d4a9-5661-4a35-aec7-79b6fdaa703b,d6r2_b9d1d4a9-5661-4a35-aec7-79b6fdaa703b_9702_fd1dfd48,321,test:hiding,rootkit,baseline,role_aggregate,20,128,32,middle,True,True,0,20,40,"{""2"": 20}",0,20,0,0,
results\d6_r2_formal\raw_r1\boot_02\batch_20260920T094812.221539Z_c65871a9.json.gz,20260920T094812.221539Z_c65871a9,4,b9d1d4a9-5661-4a35-aec7-79b6fdaa703b,d6r2_b9d1d4a9-5661-4a35-aec7-79b6fdaa703b_9702_fd1dfd48,322,test:hiding,rootkit,baseline,role_aggregate,20,128,32,middle,True,True,0,20,40,"{""2"": 20}",0,20,0,0,
results\d6_r2_formal\raw_r1\boot_02\batch_20260920T094814.808320Z_6f3fbeaf.json.gz,20260920T094814.808320Z_6f3fbeaf,4,b9d1d4a9-5661-4a35-aec7-79b6fdaa703b,d6r2_b9d1d4a9-5661-4a35-aec7-79b6fdaa703b_9702_fd1dfd48,323,test:hiding,rootkit,baseline,role_aggregate,20,128,32,middle,True,True,0,20,40,"{""2"": 20}",0,20,0,0,
results\d6_r2_formal\raw_r1\boot_02\batch_20260920T094817.380374Z_060c1291.json.gz,20260920T094817.380374Z_060c1291,4,b9d1d4a9-5661-4a35-aec7-79b6fdaa703b,d6r2_b9d1d4a9-5661-4a35-aec7-79b6fdaa703b_9702_fd1dfd48,324,test:hiding,rootkit,baseline,role_aggregate,20,128,32,middle,True,True,0,20,40,"{""2"": 20}",0,20,0,0,
results\d6_r2_formal\raw_r1\boot_02\batch_20260920T094819.993358Z_dac4d371.json.gz,20260920T094819.993358Z_dac4d371,4,b9d1d4a9-5661-4a35-aec7-79b6fdaa703b,d6r2_b9d1d4a9-5661-4a35-aec7-79b6fdaa703b_9702_fd1dfd48,325,test:hiding,rootkit,baseline,role_aggregate,20,128,32,middle,True,True,0,20,40,"{""2"": 20}",0,20,0,0,
results\d6_r2_formal\raw_r1\boot_02\batch_20260920T094822.552296Z_bb66c3d1.json.gz,20260920T094822.552296Z_bb66c3d1,4,b9d1d4a9-5661-4a35-aec7-79b6fdaa703b,d6r2_b9d1d4a9-5661-4a35-aec7-79b6fdaa703b_9702_fd1dfd48,326,test:hiding,rootkit,baseline,role_aggregate,20,128,32,middle,True,True,0,20,40,"{""2"": 20}",0,20,0,0,
results\d6_r2_formal\raw_r1\boot_02\batch_20260920T094825.155347Z_89c703a3.json.gz,20260920T094825.155347Z_89c703a3,4,b9d1d4a9-5661-4a35-aec7-79b6fdaa703b,d6r2_b9d1d4a9-5661-4a35-aec7-79b6fdaa703b_9702_fd1dfd48,327,test:hiding,rootkit,baseline,role_aggregate,20,128,32,middle,True,True,0,20,40,"{""2"": 20}",0,20,0,0,
results\d6_r2_formal\raw_r1\boot_02\batch_20260920T094827.685357Z_cb958de1.json.gz,20260920T094827.685357Z_cb958de1,4,b9d1d4a9-5661-4a35-aec7-79b6fdaa703b,d6r2_b9d1d4a9-5661-4a35-aec7-79b6fdaa703b_9702_fd1dfd48,328,test:hiding,rootkit,baseline,role_aggregate,20,128,32,middle,True,True,0,20,40,"{""2"": 20}",0,20,0,0,
results\d6_r2_formal\raw_r1\boot_02\batch_20260920T094830.241586Z_4d686ace.json.gz,20260920T094830.241586Z_4d686ace,4,b9d1d4a9-5661-4a35-aec7-79b6fdaa703b,d6r2_b9d1d4a9-5661-4a35-aec7-79b6fdaa703b_9702_fd1dfd48,329,test:hiding,rootkit,baseline,role_aggregate,20,128,32,middle,True,True,0,20,40,"{""2"": 20}",0,20,0,0,
results\d6_r2_formal\raw_r1\boot_02\batch_20260920T094832.781587Z_f67291ca.json.gz,20260920T094832.781587Z_f67291ca,4,b9d1d4a9-5661-4a35-aec7-79b6fdaa703b,d6r2_b9d1d4a9-5661-4a35-aec7-79b6fdaa703b_9702_fd1dfd48,330,test:hiding,rootkit,baseline,role_aggregate,20,128,32,middle,True,True,0,20,40,"{""2"": 20}",0,20,0,0,
results\d6_r2_formal\raw_r1\boot_02\batch_20260920T094835.343402Z_433c2888.json.gz,20260920T094835.343402Z_433c2888,4,b9d1d4a9-5661-4a35-aec7-79b6fdaa703b,d6r2_b9d1d4a9-5661-4a35-aec7-79b6fdaa703b_9702_fd1dfd48,331,test:hiding,rootkit,baseline,role_aggregate,20,128,32,middle,True,True,0,20,40,"{""2"": 20}",0,20,0,0,
results\d6_r2_formal\raw_r1\boot_02\batch_20260920T094837.913683Z_70ddd491.json.gz,20260920T094837.913683Z_70ddd491,4,b9d1d4a9-5661-4a35-aec7-79b6fdaa703b,d6r2_b9d1d4a9-5661-4a35-aec7-79b6fdaa703b_9702_fd1dfd48,332,test:hiding,rootkit,baseline,role_aggregate,20,128,32,middle,True,True,0,20,40,"{""2"": 20}",0,20,0,0,
results\d6_r2_formal\raw_r1\boot_02\batch_20260920T094840.496543Z_3a1f6787.json.gz,20260920T094840.496543Z_3a1f6787,4,b9d1d4a9-5661-4a35-aec7-79b6fdaa703b,d6r2_b9d1d4a9-5661-4a35-aec7-79b6fdaa703b_9702_fd1dfd48,333,test:hiding,rootkit,baseline,role_aggregate,20,128,32,middle,True,True,0,20,40,"{""2"": 20}",0,20,0,0,
results\d6_r2_formal\raw_r1\boot_02\batch_20260920T094843.055387Z_44318852.json.gz,20260920T094843.055387Z_44318852,4,b9d1d4a9-5661-4a35-aec7-79b6fdaa703b,d6r2_b9d1d4a9-5661-4a35-aec7-79b6fdaa703b_9702_fd1dfd48,334,test:hiding,rootkit,baseline,role_aggregate,20,128,32,middle,True,True,0,20,40,"{""2"": 20}",0,20,0,0,
results\d6_r2_formal\raw_r1\boot_02\batch_20260920T094845.625320Z_82bf8ff5.json.gz,20260920T094845.625320Z_82bf8ff5,4,b9d1d4a9-5661-4a35-aec7-79b6fdaa703b,d6r2_b9d1d4a9-5661-4a35-aec7-79b6fdaa703b_9702_fd1dfd48,335,test:hiding,rootkit,baseline,role_aggregate,20,128,32,middle,True,True,0,20,40,"{""2"": 20}",0,20,0,0,
results\d6_r2_formal\raw_r1\boot_02\batch_20260920T094848.186327Z_0ed3b82f.json.gz,20260920T094848.186327Z_0ed3b82f,4,b9d1d4a9-5661-4a35-aec7-79b6fdaa703b,d6r2_b9d1d4a9-5661-4a35-aec7-79b6fdaa703b_9702_fd1dfd48,336,test:hiding,rootkit,baseline,role_aggregate,20,128,32,middle,True,True,0,20,40,"{""2"": 20}",0,20,0,0,
results\d6_r2_formal\raw_r1\boot_02\batch_20260920T094850.746313Z_d266deea.json.gz,20260920T094850.746313Z_d266deea,4,b9d1d4a9-5661-4a35-aec7-79b6fdaa703b,d6r2_b9d1d4a9-5661-4a35-aec7-79b6fdaa703b_9702_fd1dfd48,337,test:hiding,rootkit,baseline,role_aggregate,20,128,32,middle,True,True,0,20,40,"{""2"": 20}",0,20,0,0,
results\d6_r2_formal\raw_r1\boot_02\batch_20260920T094853.273315Z_9d19e3f0.json.gz,20260920T094853.273315Z_9d19e3f0,4,b9d1d4a9-5661-4a35-aec7-79b6fdaa703b,d6r2_b9d1d4a9-5661-4a35-aec7-79b6fdaa703b_9702_fd1dfd48,338,test:hiding,rootkit,baseline,role_aggregate,20,128,32,middle,True,True,0,20,40,"{""2"": 20}",0,20,0,0,
results\d6_r2_formal\raw_r1\boot_02\batch_20260920T094855.870364Z_bacae545.json.gz,20260920T094855.870364Z_bacae545,4,b9d1d4a9-5661-4a35-aec7-79b6fdaa703b,d6r2_b9d1d4a9-5661-4a35-aec7-79b6fdaa703b_9702_fd1dfd48,339,test:hiding,rootkit,baseline,role_aggregate,20,128,32,middle,True,True,0,20,40,"{""2"": 20}",0,20,0,0,
results\d6_r2_formal\raw_r1\boot_02\batch_20260920T094858.328407Z_e092e881.json.gz,20260920T094858.328407Z_e092e881,4,b9d1d4a9-5661-4a35-aec7-79b6fdaa703b,d6r2_b9d1d4a9-5661-4a35-aec7-79b6fdaa703b_9702_fd1dfd48,340,test:unloaded,normal,baseline,role_aggregate,20,128,32,middle,True,True,0,20,40,"{""2"": 20}",0,20,0,20,129
results\d6_r2_formal\raw_r1\boot_02\batch_20260920T094900.375334Z_07f56dfe.json.gz,20260920T094900.375334Z_07f56dfe,4,b9d1d4a9-5661-4a35-aec7-79b6fdaa703b,d6r2_b9d1d4a9-5661-4a35-aec7-79b6fdaa703b_9702_fd1dfd48,341,test:unloaded,normal,baseline,role_aggregate,20,128,32,middle,True,True,0,20,40,"{""2"": 20}",0,20,0,20,129
results\d6_r2_formal\raw_r1\boot_02\batch_20260920T094902.352371Z_c592822c.json.gz,20260920T094902.352371Z_c592822c,4,b9d1d4a9-5661-4a35-aec7-79b6fdaa703b,d6r2_b9d1d4a9-5661-4a35-aec7-79b6fdaa703b_9702_fd1dfd48,342,test:unloaded,normal,baseline,role_aggregate,20,128,32,middle,True,True,0,20,40,"{""2"": 20}",0,20,0,20,129
results\d6_r2_formal\raw_r1\boot_02\batch_20260920T094904.314574Z_02907aa3.json.gz,20260920T094904.314574Z_02907aa3,4,b9d1d4a9-5661-4a35-aec7-79b6fdaa703b,d6r2_b9d1d4a9-5661-4a35-aec7-79b6fdaa703b_9702_fd1dfd48,343,test:unloaded,normal,baseline,role_aggregate,20,128,32,middle,True,True,0,20,40,"{""2"": 20}",0,20,0,20,129
results\d6_r2_formal\raw_r1\boot_02\batch_20260920T094906.302277Z_f11e80a5.json.gz,20260920T094906.302277Z_f11e80a5,4,b9d1d4a9-5661-4a35-aec7-79b6fdaa703b,d6r2_b9d1d4a9-5661-4a35-aec7-79b6fdaa703b_9702_fd1dfd48,344,test:unloaded,normal,baseline,role_aggregate,20,128,32,middle,True,True,0,20,40,"{""2"": 20}",0,20,0,20,129
results\d6_r2_formal\raw_r1\boot_02\batch_20260920T094908.254600Z_c4b2bb7a.json.gz,20260920T094908.254600Z_c4b2bb7a,4,b9d1d4a9-5661-4a35-aec7-79b6fdaa703b,d6r2_b9d1d4a9-5661-4a35-aec7-79b6fdaa703b_9702_fd1dfd48,345,test:unloaded,normal,baseline,role_aggregate,20,128,32,middle,True,True,0,20,40,"{""2"": 20}",0,20,0,20,129
results\d6_r2_formal\raw_r1\boot_02\batch_20260920T094910.196691Z_12640cd0.json.gz,20260920T094910.196691Z_12640cd0,4,b9d1d4a9-5661-4a35-aec7-79b6fdaa703b,d6r2_b9d1d4a9-5661-4a35-aec7-79b6fdaa703b_9702_fd1dfd48,346,test:unloaded,normal,baseline,role_aggregate,20,128,32,middle,True,True,0,20,40,"{""2"": 20}",0,20,0,20,129
results\d6_r2_formal\raw_r1\boot_02\batch_20260920T094912.133571Z_4b75f9d1.json.gz,20260920T094912.133571Z_4b75f9d1,4,b9d1d4a9-5661-4a35-aec7-79b6fdaa703b,d6r2_b9d1d4a9-5661-4a35-aec7-79b6fdaa703b_9702_fd1dfd48,347,test:unloaded,normal,baseline,role_aggregate,20,128,32,middle,True,True,0,20,40,"{""2"": 20}",0,20,0,20,129
results\d6_r2_formal\raw_r1\boot_02\batch_20260920T094914.046545Z_00e9a3be.json.gz,20260920T094914.046545Z_00e9a3be,4,b9d1d4a9-5661-4a35-aec7-79b6fdaa703b,d6r2_b9d1d4a9-5661-4a35-aec7-79b6fdaa703b_9702_fd1dfd48,348,test:unloaded,normal,baseline,role_aggregate,20,128,32,middle,True,True,0,20,40,"{""2"": 20}",0,20,0,20,129
results\d6_r2_formal\raw_r1\boot_02\batch_20260920T094915.993653Z_0aba94c0.json.gz,20260920T094915.993653Z_0aba94c0,4,b9d1d4a9-5661-4a35-aec7-79b6fdaa703b,d6r2_b9d1d4a9-5661-4a35-aec7-79b6fdaa703b_9702_fd1dfd48,349,test:unloaded,normal,baseline,role_aggregate,20,128,32,middle,True,True,0,20,40,"{""2"": 20}",0,20,0,20,129
results\d6_r2_formal\raw_r1\boot_02\batch_20260920T094917.963715Z_c14b12d4.json.gz,20260920T094917.963715Z_c14b12d4,4,b9d1d4a9-5661-4a35-aec7-79b6fdaa703b,d6r2_b9d1d4a9-5661-4a35-aec7-79b6fdaa703b_9702_fd1dfd48,350,test:unloaded,normal,baseline,role_aggregate,20,128,32,middle,True,True,0,20,40,"{""2"": 20}",0,20,0,20,129
results\d6_r2_formal\raw_r1\boot_02\batch_20260920T094919.922736Z_0f7050e3.json.gz,20260920T094919.922736Z_0f7050e3,4,b9d1d4a9-5661-4a35-aec7-79b6fdaa703b,d6r2_b9d1d4a9-5661-4a35-aec7-79b6fdaa703b_9702_fd1dfd48,351,test:unloaded,normal,baseline,role_aggregate,20,128,32,middle,True,True,0,20,40,"{""2"": 20}",0,20,0,20,129
results\d6_r2_formal\raw_r1\boot_02\batch_20260920T094921.889641Z_f9cb2d63.json.gz,20260920T094921.889641Z_f9cb2d63,4,b9d1d4a9-5661-4a35-aec7-79b6fdaa703b,d6r2_b9d1d4a9-5661-4a35-aec7-79b6fdaa703b_9702_fd1dfd48,352,test:unloaded,normal,baseline,role_aggregate,20,128,32,middle,True,True,0,20,40,"{""2"": 20}",0,20,0,20,129
results\d6_r2_formal\raw_r1\boot_02\batch_20260920T094923.874365Z_1aea37db.json.gz,20260920T094923.874365Z_1aea37db,4,b9d1d4a9-5661-4a35-aec7-79b6fdaa703b,d6r2_b9d1d4a9-5661-4a35-aec7-79b6fdaa703b_9702_fd1dfd48,353,test:unloaded,normal,baseline,role_aggregate,20,128,32,middle,True,True,0,20,40,"{""2"": 20}",0,20,0,20,129
results\d6_r2_formal\raw_r1\boot_02\batch_20260920T094925.818580Z_8c06ce85.json.gz,20260920T094925.818580Z_8c06ce85,4,b9d1d4a9-5661-4a35-aec7-79b6fdaa703b,d6r2_b9d1d4a9-5661-4a35-aec7-79b6fdaa703b_9702_fd1dfd48,354,test:unloaded,normal,baseline,role_aggregate,20,128,32,middle,True,True,0,20,40,"{""2"": 20}",0,20,0,20,129
results\d6_r2_formal\raw_r1\boot_02\batch_20260920T094927.787688Z_a7deaf55.json.gz,20260920T094927.787688Z_a7deaf55,4,b9d1d4a9-5661-4a35-aec7-79b6fdaa703b,d6r2_b9d1d4a9-5661-4a35-aec7-79b6fdaa703b_9702_fd1dfd48,355,test:unloaded,normal,baseline,role_aggregate,20,128,32,middle,True,True,0,20,40,"{""2"": 20}",0,20,0,20,129
results\d6_r2_formal\raw_r1\boot_02\batch_20260920T094929.768276Z_20d1aada.json.gz,20260920T094929.768276Z_20d1aada,4,b9d1d4a9-5661-4a35-aec7-79b6fdaa703b,d6r2_b9d1d4a9-5661-4a35-aec7-79b6fdaa703b_9702_fd1dfd48,356,test:unloaded,normal,baseline,role_aggregate,20,128,32,middle,True,True,0,20,40,"{""2"": 20}",0,20,0,20,129
results\d6_r2_formal\raw_r1\boot_02\batch_20260920T094931.691646Z_46c9a3d5.json.gz,20260920T094931.691646Z_46c9a3d5,4,b9d1d4a9-5661-4a35-aec7-79b6fdaa703b,d6r2_b9d1d4a9-5661-4a35-aec7-79b6fdaa703b_9702_fd1dfd48,357,test:unloaded,normal,baseline,role_aggregate,20,128,32,middle,True,True,0,20,40,"{""2"": 20}",0,20,0,20,129
results\d6_r2_formal\raw_r1\boot_02\batch_20260920T094933.679597Z_5e0c8763.json.gz,20260920T094933.679597Z_5e0c8763,4,b9d1d4a9-5661-4a35-aec7-79b6fdaa703b,d6r2_b9d1d4a9-5661-4a35-aec7-79b6fdaa703b_9702_fd1dfd48,358,test:unloaded,normal,baseline,role_aggregate,20,128,32,middle,True,True,0,20,40,"{""2"": 20}",0,20,0,20,129
results\d6_r2_formal\raw_r1\boot_02\batch_20260920T094935.664318Z_741c3388.json.gz,20260920T094935.664318Z_741c3388,4,b9d1d4a9-5661-4a35-aec7-79b6fdaa703b,d6r2_b9d1d4a9-5661-4a35-aec7-79b6fdaa703b_9702_fd1dfd48,359,test:unloaded,normal,baseline,role_aggregate,20,128,32,middle,True,True,0,20,40,"{""2"": 20}",0,20,0,20,129
results\d6_r2_formal\raw_r1\boot_02\batch_20260920T094937.636594Z_3b24b15b.json.gz,20260920T094937.636594Z_3b24b15b,4,b9d1d4a9-5661-4a35-aec7-79b6fdaa703b,d6r2_b9d1d4a9-5661-4a35-aec7-79b6fdaa703b_9702_fd1dfd48,360,test:unloaded,normal,baseline,role_aggregate,20,128,32,middle,True,True,0,20,40,"{""2"": 20}",0,20,0,20,129
results\d6_r2_formal\raw_r1\boot_02\batch_20260920T094939.612637Z_b2b6637b.json.gz,20260920T094939.612637Z_b2b6637b,4,b9d1d4a9-5661-4a35-aec7-79b6fdaa703b,d6r2_b9d1d4a9-5661-4a35-aec7-79b6fdaa703b_9702_fd1dfd48,361,test:unloaded,normal,baseline,role_aggregate,20,128,32,middle,True,True,0,20,40,"{""2"": 20}",0,20,0,20,129
results\d6_r2_formal\raw_r1\boot_02\batch_20260920T094941.580278Z_a058094f.json.gz,20260920T094941.580278Z_a058094f,4,b9d1d4a9-5661-4a35-aec7-79b6fdaa703b,d6r2_b9d1d4a9-5661-4a35-aec7-79b6fdaa703b_9702_fd1dfd48,362,test:unloaded,normal,baseline,role_aggregate,20,128,32,middle,True,True,0,20,40,"{""2"": 20}",0,20,0,20,129
results\d6_r2_formal\raw_r1\boot_02\batch_20260920T094943.494480Z_0d2e2bac.json.gz,20260920T094943.494480Z_0d2e2bac,4,b9d1d4a9-5661-4a35-aec7-79b6fdaa703b,d6r2_b9d1d4a9-5661-4a35-aec7-79b6fdaa703b_9702_fd1dfd48,363,test:unloaded,normal,baseline,role_aggregate,20,128,32,middle,True,True,0,20,40,"{""2"": 20}",0,20,0,20,129
results\d6_r2_formal\raw_r1\boot_02\batch_20260920T094945.443419Z_b815d5ac.json.gz,20260920T094945.443419Z_b815d5ac,4,b9d1d4a9-5661-4a35-aec7-79b6fdaa703b,d6r2_b9d1d4a9-5661-4a35-aec7-79b6fdaa703b_9702_fd1dfd48,364,test:unloaded,normal,baseline,role_aggregate,20,128,32,middle,True,True,0,20,40,"{""2"": 20}",0,20,0,20,129
results\d6_r2_formal\raw_r1\boot_02\batch_20260920T094947.372590Z_f5c69b69.json.gz,20260920T094947.372590Z_f5c69b69,4,b9d1d4a9-5661-4a35-aec7-79b6fdaa703b,d6r2_b9d1d4a9-5661-4a35-aec7-79b6fdaa703b_9702_fd1dfd48,365,test:unloaded,normal,baseline,role_aggregate,20,128,32,middle,True,True,0,20,40,"{""2"": 20}",0,20,0,20,129
results\d6_r2_formal\raw_r1\boot_02\batch_20260920T094949.250296Z_ad4d7daa.json.gz,20260920T094949.250296Z_ad4d7daa,4,b9d1d4a9-5661-4a35-aec7-79b6fdaa703b,d6r2_b9d1d4a9-5661-4a35-aec7-79b6fdaa703b_9702_fd1dfd48,366,test:unloaded,normal,baseline,role_aggregate,20,128,32,middle,True,True,0,20,40,"{""2"": 20}",0,20,0,20,129
results\d6_r2_formal\raw_r1\boot_02\batch_20260920T094951.129457Z_3f4be3a0.json.gz,20260920T094951.129457Z_3f4be3a0,4,b9d1d4a9-5661-4a35-aec7-79b6fdaa703b,d6r2_b9d1d4a9-5661-4a35-aec7-79b6fdaa703b_9702_fd1dfd48,367,test:unloaded,normal,baseline,role_aggregate,20,128,32,middle,True,True,0,20,40,"{""2"": 20}",0,20,0,20,129
results\d6_r2_formal\raw_r1\boot_02\batch_20260920T094952.974626Z_a98fbe10.json.gz,20260920T094952.974626Z_a98fbe10,4,b9d1d4a9-5661-4a35-aec7-79b6fdaa703b,d6r2_b9d1d4a9-5661-4a35-aec7-79b6fdaa703b_9702_fd1dfd48,368,test:unloaded,normal,baseline,role_aggregate,20,128,32,middle,True,True,0,20,40,"{""2"": 20}",0,20,0,20,129
results\d6_r2_formal\raw_r1\boot_02\batch_20260920T094954.917601Z_91956f53.json.gz,20260920T094954.917601Z_91956f53,4,b9d1d4a9-5661-4a35-aec7-79b6fdaa703b,d6r2_b9d1d4a9-5661-4a35-aec7-79b6fdaa703b_9702_fd1dfd48,369,test:unloaded,normal,baseline,role_aggregate,20,128,32,middle,True,True,0,20,40,"{""2"": 20}",0,20,0,20,129
results\d6_r2_formal\raw_r1\boot_02\batch_20260920T094956.830210Z_efca9ec0.json.gz,20260920T094956.830210Z_efca9ec0,4,b9d1d4a9-5661-4a35-aec7-79b6fdaa703b,d6r2_b9d1d4a9-5661-4a35-aec7-79b6fdaa703b_9702_fd1dfd48,370,test:unloaded,normal,baseline,role_aggregate,20,128,32,middle,True,True,0,20,40,"{""2"": 20}",0,20,0,20,129
results\d6_r2_formal\raw_r1\boot_02\batch_20260920T094958.691344Z_f316b13c.json.gz,20260920T094958.691344Z_f316b13c,4,b9d1d4a9-5661-4a35-aec7-79b6fdaa703b,d6r2_b9d1d4a9-5661-4a35-aec7-79b6fdaa703b_9702_fd1dfd48,371,test:unloaded,normal,baseline,role_aggregate,20,128,32,middle,True,True,0,20,40,"{""2"": 20}",0,20,0,20,129
results\d6_r2_formal\raw_r1\boot_02\batch_20260920T095000.555455Z_7717e7d9.json.gz,20260920T095000.555455Z_7717e7d9,4,b9d1d4a9-5661-4a35-aec7-79b6fdaa703b,d6r2_b9d1d4a9-5661-4a35-aec7-79b6fdaa703b_9702_fd1dfd48,372,test:unloaded,normal,baseline,role_aggregate,20,128,32,middle,True,True,0,20,40,"{""2"": 20}",0,20,0,20,129
results\d6_r2_formal\raw_r1\boot_02\batch_20260920T095002.443873Z_bdb6194f.json.gz,20260920T095002.443873Z_bdb6194f,4,b9d1d4a9-5661-4a35-aec7-79b6fdaa703b,d6r2_b9d1d4a9-5661-4a35-aec7-79b6fdaa703b_9702_fd1dfd48,373,test:unloaded,normal,baseline,role_aggregate,20,128,32,middle,True,True,0,20,40,"{""2"": 20}",0,20,0,20,129
results\d6_r2_formal\raw_r1\boot_02\batch_20260920T095004.405718Z_1b797fa3.json.gz,20260920T095004.405718Z_1b797fa3,4,b9d1d4a9-5661-4a35-aec7-79b6fdaa703b,d6r2_b9d1d4a9-5661-4a35-aec7-79b6fdaa703b_9702_fd1dfd48,374,test:unloaded,normal,baseline,role_aggregate,20,128,32,middle,True,True,0,20,40,"{""2"": 20}",0,20,0,20,129
results\d6_r2_formal\raw_r1\boot_02\batch_20260920T095006.362536Z_f3a06c74.json.gz,20260920T095006.362536Z_f3a06c74,4,b9d1d4a9-5661-4a35-aec7-79b6fdaa703b,d6r2_b9d1d4a9-5661-4a35-aec7-79b6fdaa703b_9702_fd1dfd48,375,test:unloaded,normal,baseline,role_aggregate,20,128,32,middle,True,True,0,20,40,"{""2"": 20}",0,20,0,20,129
results\d6_r2_formal\raw_r1\boot_02\batch_20260920T095008.309338Z_2808c926.json.gz,20260920T095008.309338Z_2808c926,4,b9d1d4a9-5661-4a35-aec7-79b6fdaa703b,d6r2_b9d1d4a9-5661-4a35-aec7-79b6fdaa703b_9702_fd1dfd48,376,test:unloaded,normal,baseline,role_aggregate,20,128,32,middle,True,True,0,20,40,"{""2"": 20}",0,20,0,20,129
results\d6_r2_formal\raw_r1\boot_02\batch_20260920T095010.244330Z_f7a6a85d.json.gz,20260920T095010.244330Z_f7a6a85d,4,b9d1d4a9-5661-4a35-aec7-79b6fdaa703b,d6r2_b9d1d4a9-5661-4a35-aec7-79b6fdaa703b_9702_fd1dfd48,377,test:unloaded,normal,baseline,role_aggregate,20,128,32,middle,True,True,0,20,40,"{""2"": 20}",0,20,0,20,129
results\d6_r2_formal\raw_r1\boot_02\batch_20260920T095012.169307Z_d8b758f4.json.gz,20260920T095012.169307Z_d8b758f4,4,b9d1d4a9-5661-4a35-aec7-79b6fdaa703b,d6r2_b9d1d4a9-5661-4a35-aec7-79b6fdaa703b_9702_fd1dfd48,378,test:unloaded,normal,baseline,role_aggregate,20,128,32,middle,True,True,0,20,40,"{""2"": 20}",0,20,0,20,129
results\d6_r2_formal\raw_r1\boot_02\batch_20260920T095014.094302Z_10e7f627.json.gz,20260920T095014.094302Z_10e7f627,4,b9d1d4a9-5661-4a35-aec7-79b6fdaa703b,d6r2_b9d1d4a9-5661-4a35-aec7-79b6fdaa703b_9702_fd1dfd48,379,test:unloaded,normal,baseline,role_aggregate,20,128,32,middle,True,True,0,20,40,"{""2"": 20}",0,20,0,20,129
results\d6_r2_formal\raw_r1\boot_02\batch_20260920T095022.183606Z_58db0af1.json.gz,20260920T095022.183606Z_58db0af1,4,b9d1d4a9-5661-4a35-aec7-79b6fdaa703b,d6r2_b9d1d4a9-5661-4a35-aec7-79b6fdaa703b_9702_fd1dfd48,380,test:sham,normal,cpu,role_aggregate,20,128,32,middle,True,True,0,20,40,"{""2"": 20}",0,20,0,20,129
results\d6_r2_formal\raw_r1\boot_02\batch_20260920T095032.632859Z_8ffc58dc.json.gz,20260920T095032.632859Z_8ffc58dc,4,b9d1d4a9-5661-4a35-aec7-79b6fdaa703b,d6r2_b9d1d4a9-5661-4a35-aec7-79b6fdaa703b_9702_fd1dfd48,381,test:sham,normal,cpu,role_aggregate,20,128,32,middle,True,True,0,20,40,"{""2"": 20}",0,20,0,20,129
results\d6_r2_formal\raw_r1\boot_02\batch_20260920T095041.099328Z_97004013.json.gz,20260920T095041.099328Z_97004013,4,b9d1d4a9-5661-4a35-aec7-79b6fdaa703b,d6r2_b9d1d4a9-5661-4a35-aec7-79b6fdaa703b_9702_fd1dfd48,382,test:sham,normal,cpu,role_aggregate,20,128,32,middle,True,True,0,20,40,"{""2"": 20}",0,20,0,20,129
results\d6_r2_formal\raw_r1\boot_02\batch_20260920T095049.450347Z_fe6f3399.json.gz,20260920T095049.450347Z_fe6f3399,4,b9d1d4a9-5661-4a35-aec7-79b6fdaa703b,d6r2_b9d1d4a9-5661-4a35-aec7-79b6fdaa703b_9702_fd1dfd48,383,test:sham,normal,cpu,role_aggregate,20,128,32,middle,True,True,0,20,40,"{""2"": 20}",0,20,0,20,129
results\d6_r2_formal\raw_r1\boot_02\batch_20260920T095057.809695Z_029f7f29.json.gz,20260920T095057.809695Z_029f7f29,4,b9d1d4a9-5661-4a35-aec7-79b6fdaa703b,d6r2_b9d1d4a9-5661-4a35-aec7-79b6fdaa703b_9702_fd1dfd48,384,test:sham,normal,cpu,role_aggregate,20,128,32,middle,True,True,0,20,40,"{""2"": 20}",0,20,0,20,129
results\d6_r2_formal\raw_r1\boot_02\batch_20260920T095106.178316Z_3b2bc0fc.json.gz,20260920T095106.178316Z_3b2bc0fc,4,b9d1d4a9-5661-4a35-aec7-79b6fdaa703b,d6r2_b9d1d4a9-5661-4a35-aec7-79b6fdaa703b_9702_fd1dfd48,385,test:sham,normal,cpu,role_aggregate,20,128,32,middle,True,True,0,20,40,"{""2"": 20}",0,20,0,20,129
results\d6_r2_formal\raw_r1\boot_02\batch_20260920T095114.400638Z_baf29bdf.json.gz,20260920T095114.400638Z_baf29bdf,4,b9d1d4a9-5661-4a35-aec7-79b6fdaa703b,d6r2_b9d1d4a9-5661-4a35-aec7-79b6fdaa703b_9702_fd1dfd48,386,test:sham,normal,cpu,role_aggregate,20,128,32,middle,True,True,0,20,40,"{""2"": 20}",0,20,0,20,129
results\d6_r2_formal\raw_r1\boot_02\batch_20260920T095122.609347Z_b9a3badf.json.gz,20260920T095122.609347Z_b9a3badf,4,b9d1d4a9-5661-4a35-aec7-79b6fdaa703b,d6r2_b9d1d4a9-5661-4a35-aec7-79b6fdaa703b_9702_fd1dfd48,387,test:sham,normal,cpu,role_aggregate,20,128,32,middle,True,True,0,20,40,"{""2"": 20}",0,20,0,20,129
results\d6_r2_formal\raw_r1\boot_02\batch_20260920T095130.799531Z_c9af8ef6.json.gz,20260920T095130.799531Z_c9af8ef6,4,b9d1d4a9-5661-4a35-aec7-79b6fdaa703b,d6r2_b9d1d4a9-5661-4a35-aec7-79b6fdaa703b_9702_fd1dfd48,388,test:sham,normal,cpu,role_aggregate,20,128,32,middle,True,True,0,20,40,"{""2"": 20}",0,20,0,20,129
results\d6_r2_formal\raw_r1\boot_02\batch_20260920T095138.957472Z_6fe4cd55.json.gz,20260920T095138.957472Z_6fe4cd55,4,b9d1d4a9-5661-4a35-aec7-79b6fdaa703b,d6r2_b9d1d4a9-5661-4a35-aec7-79b6fdaa703b_9702_fd1dfd48,389,test:sham,normal,cpu,role_aggregate,20,128,32,middle,True,True,0,20,40,"{""2"": 20}",0,20,0,20,129
results\d6_r2_formal\raw_r1\boot_02\batch_20260920T095141.107638Z_a77d2c34.json.gz,20260920T095141.107638Z_a77d2c34,4,b9d1d4a9-5661-4a35-aec7-79b6fdaa703b,d6r2_b9d1d4a9-5661-4a35-aec7-79b6fdaa703b_9702_fd1dfd48,390,test:sham,normal,baseline,role_aggregate,20,128,32,middle,True,True,0,20,40,"{""2"": 20}",0,20,0,20,129
results\d6_r2_formal\raw_r1\boot_02\batch_20260920T095143.167292Z_2277b49b.json.gz,20260920T095143.167292Z_2277b49b,4,b9d1d4a9-5661-4a35-aec7-79b6fdaa703b,d6r2_b9d1d4a9-5661-4a35-aec7-79b6fdaa703b_9702_fd1dfd48,391,test:sham,normal,baseline,role_aggregate,20,128,32,middle,True,True,0,20,40,"{""2"": 20}",0,20,0,20,129
results\d6_r2_formal\raw_r1\boot_02\batch_20260920T095145.300638Z_f03be58d.json.gz,20260920T095145.300638Z_f03be58d,4,b9d1d4a9-5661-4a35-aec7-79b6fdaa703b,d6r2_b9d1d4a9-5661-4a35-aec7-79b6fdaa703b_9702_fd1dfd48,392,test:sham,normal,baseline,role_aggregate,20,128,32,middle,True,True,0,20,40,"{""2"": 20}",0,20,0,20,129
results\d6_r2_formal\raw_r1\boot_02\batch_20260920T095147.434305Z_e5812b0d.json.gz,20260920T095147.434305Z_e5812b0d,4,b9d1d4a9-5661-4a35-aec7-79b6fdaa703b,d6r2_b9d1d4a9-5661-4a35-aec7-79b6fdaa703b_9702_fd1dfd48,393,test:sham,normal,baseline,role_aggregate,20,128,32,middle,True,True,0,20,40,"{""2"": 20}",0,20,0,20,129
results\d6_r2_formal\raw_r1\boot_02\batch_20260920T095149.480481Z_db3d58c3.json.gz,20260920T095149.480481Z_db3d58c3,4,b9d1d4a9-5661-4a35-aec7-79b6fdaa703b,d6r2_b9d1d4a9-5661-4a35-aec7-79b6fdaa703b_9702_fd1dfd48,394,test:sham,normal,baseline,role_aggregate,20,128,32,middle,True,True,0,20,40,"{""2"": 20}",0,20,0,20,129
results\d6_r2_formal\raw_r1\boot_02\batch_20260920T095151.561332Z_21893ebb.json.gz,20260920T095151.561332Z_21893ebb,4,b9d1d4a9-5661-4a35-aec7-79b6fdaa703b,d6r2_b9d1d4a9-5661-4a35-aec7-79b6fdaa703b_9702_fd1dfd48,395,test:sham,normal,baseline,role_aggregate,20,128,32,middle,True,True,0,20,40,"{""2"": 20}",0,20,0,20,129
results\d6_r2_formal\raw_r1\boot_02\batch_20260920T095153.636446Z_8c7d12dc.json.gz,20260920T095153.636446Z_8c7d12dc,4,b9d1d4a9-5661-4a35-aec7-79b6fdaa703b,d6r2_b9d1d4a9-5661-4a35-aec7-79b6fdaa703b_9702_fd1dfd48,396,test:sham,normal,baseline,role_aggregate,20,128,32,middle,True,True,0,20,40,"{""2"": 20}",0,20,0,20,129
results\d6_r2_formal\raw_r1\boot_02\batch_20260920T095155.727301Z_cd749613.json.gz,20260920T095155.727301Z_cd749613,4,b9d1d4a9-5661-4a35-aec7-79b6fdaa703b,d6r2_b9d1d4a9-5661-4a35-aec7-79b6fdaa703b_9702_fd1dfd48,397,test:sham,normal,baseline,role_aggregate,20,128,32,middle,True,True,0,20,40,"{""2"": 20}",0,20,0,20,129
results\d6_r2_formal\raw_r1\boot_02\batch_20260920T095157.856590Z_c3e3d5d2.json.gz,20260920T095157.856590Z_c3e3d5d2,4,b9d1d4a9-5661-4a35-aec7-79b6fdaa703b,d6r2_b9d1d4a9-5661-4a35-aec7-79b6fdaa703b_9702_fd1dfd48,398,test:sham,normal,baseline,role_aggregate,20,128,32,middle,True,True,0,20,40,"{""2"": 20}",0,20,0,20,129
results\d6_r2_formal\raw_r1\boot_02\batch_20260920T095159.939288Z_39e51612.json.gz,20260920T095159.939288Z_39e51612,4,b9d1d4a9-5661-4a35-aec7-79b6fdaa703b,d6r2_b9d1d4a9-5661-4a35-aec7-79b6fdaa703b_9702_fd1dfd48,399,test:sham,normal,baseline,role_aggregate,20,128,32,middle,True,True,0,20,40,"{""2"": 20}",0,20,0,20,129
results\d6_r2_formal\raw_r1\boot_02\batch_20260920T095208.159642Z_592655d6.json.gz,20260920T095208.159642Z_592655d6,4,b9d1d4a9-5661-4a35-aec7-79b6fdaa703b,d6r2_b9d1d4a9-5661-4a35-aec7-79b6fdaa703b_9702_fd1dfd48,400,test:unloaded,normal,cpu,role_aggregate,20,128,32,middle,True,True,0,20,40,"{""2"": 20}",0,20,0,20,129
results\d6_r2_formal\raw_r1\boot_02\batch_20260920T095216.266681Z_678cd472.json.gz,20260920T095216.266681Z_678cd472,4,b9d1d4a9-5661-4a35-aec7-79b6fdaa703b,d6r2_b9d1d4a9-5661-4a35-aec7-79b6fdaa703b_9702_fd1dfd48,401,test:unloaded,normal,cpu,role_aggregate,20,128,32,middle,True,True,0,20,40,"{""2"": 20}",0,20,0,20,129
results\d6_r2_formal\raw_r1\boot_02\batch_20260920T095224.427377Z_13525366.json.gz,20260920T095224.427377Z_13525366,4,b9d1d4a9-5661-4a35-aec7-79b6fdaa703b,d6r2_b9d1d4a9-5661-4a35-aec7-79b6fdaa703b_9702_fd1dfd48,402,test:unloaded,normal,cpu,role_aggregate,20,128,32,middle,True,True,0,20,40,"{""2"": 20}",0,20,0,20,129
results\d6_r2_formal\raw_r1\boot_02\batch_20260920T095232.460674Z_d349676f.json.gz,20260920T095232.460674Z_d349676f,4,b9d1d4a9-5661-4a35-aec7-79b6fdaa703b,d6r2_b9d1d4a9-5661-4a35-aec7-79b6fdaa703b_9702_fd1dfd48,403,test:unloaded,normal,cpu,role_aggregate,20,128,32,middle,True,True,0,20,40,"{""2"": 20}",0,20,0,20,129
results\d6_r2_formal\raw_r1\boot_02\batch_20260920T095240.413535Z_eabd44eb.json.gz,20260920T095240.413535Z_eabd44eb,4,b9d1d4a9-5661-4a35-aec7-79b6fdaa703b,d6r2_b9d1d4a9-5661-4a35-aec7-79b6fdaa703b_9702_fd1dfd48,404,test:unloaded,normal,cpu,role_aggregate,20,128,32,middle,True,True,0,20,40,"{""2"": 20}",0,20,0,20,129
results\d6_r2_formal\raw_r1\boot_02\batch_20260920T095248.451345Z_9b99ddd8.json.gz,20260920T095248.451345Z_9b99ddd8,4,b9d1d4a9-5661-4a35-aec7-79b6fdaa703b,d6r2_b9d1d4a9-5661-4a35-aec7-79b6fdaa703b_9702_fd1dfd48,405,test:unloaded,normal,cpu,role_aggregate,20,128,32,middle,True,True,0,20,40,"{""2"": 20}",0,20,0,20,129
results\d6_r2_formal\raw_r1\boot_02\batch_20260920T095256.517319Z_7997527b.json.gz,20260920T095256.517319Z_7997527b,4,b9d1d4a9-5661-4a35-aec7-79b6fdaa703b,d6r2_b9d1d4a9-5661-4a35-aec7-79b6fdaa703b_9702_fd1dfd48,406,test:unloaded,normal,cpu,role_aggregate,20,128,32,middle,True,True,0,20,40,"{""2"": 20}",0,20,0,20,129
results\d6_r2_formal\raw_r1\boot_02\batch_20260920T095304.593286Z_7e0674f4.json.gz,20260920T095304.593286Z_7e0674f4,4,b9d1d4a9-5661-4a35-aec7-79b6fdaa703b,d6r2_b9d1d4a9-5661-4a35-aec7-79b6fdaa703b_9702_fd1dfd48,407,test:unloaded,normal,cpu,role_aggregate,20,128,32,middle,True,True,0,20,40,"{""2"": 20}",0,20,0,20,129
results\d6_r2_formal\raw_r1\boot_02\batch_20260920T095312.613325Z_87c39eaf.json.gz,20260920T095312.613325Z_87c39eaf,4,b9d1d4a9-5661-4a35-aec7-79b6fdaa703b,d6r2_b9d1d4a9-5661-4a35-aec7-79b6fdaa703b_9702_fd1dfd48,408,test:unloaded,normal,cpu,role_aggregate,20,128,32,middle,True,True,0,20,40,"{""2"": 20}",0,20,0,20,129
results\d6_r2_formal\raw_r1\boot_02\batch_20260920T095320.676507Z_0aaef5e8.json.gz,20260920T095320.676507Z_0aaef5e8,4,b9d1d4a9-5661-4a35-aec7-79b6fdaa703b,d6r2_b9d1d4a9-5661-4a35-aec7-79b6fdaa703b_9702_fd1dfd48,409,test:unloaded,normal,cpu,role_aggregate,20,128,32,middle,True,True,0,20,40,"{""2"": 20}",0,20,0,20,129
results\d6_r2_formal\raw_r1\boot_02\batch_20260920T095328.713405Z_679d0058.json.gz,20260920T095328.713405Z_679d0058,4,b9d1d4a9-5661-4a35-aec7-79b6fdaa703b,d6r2_b9d1d4a9-5661-4a35-aec7-79b6fdaa703b_9702_fd1dfd48,410,test:unloaded,normal,cpu,role_aggregate,20,128,32,middle,True,True,0,20,40,"{""2"": 20}",0,20,0,20,129
results\d6_r2_formal\raw_r1\boot_02\batch_20260920T095336.835603Z_135e3a44.json.gz,20260920T095336.835603Z_135e3a44,4,b9d1d4a9-5661-4a35-aec7-79b6fdaa703b,d6r2_b9d1d4a9-5661-4a35-aec7-79b6fdaa703b_9702_fd1dfd48,411,test:unloaded,normal,cpu,role_aggregate,20,128,32,middle,True,True,0,20,40,"{""2"": 20}",0,20,0,20,129
results\d6_r2_formal\raw_r1\boot_02\batch_20260920T095345.187610Z_e24e57ef.json.gz,20260920T095345.187610Z_e24e57ef,4,b9d1d4a9-5661-4a35-aec7-79b6fdaa703b,d6r2_b9d1d4a9-5661-4a35-aec7-79b6fdaa703b_9702_fd1dfd48,412,test:unloaded,normal,cpu,role_aggregate,20,128,32,middle,True,True,0,20,40,"{""2"": 20}",0,20,0,20,129
results\d6_r2_formal\raw_r1\boot_02\batch_20260920T095353.320533Z_838854df.json.gz,20260920T095353.320533Z_838854df,4,b9d1d4a9-5661-4a35-aec7-79b6fdaa703b,d6r2_b9d1d4a9-5661-4a35-aec7-79b6fdaa703b_9702_fd1dfd48,413,test:unloaded,normal,cpu,role_aggregate,20,128,32,middle,True,True,0,20,40,"{""2"": 20}",0,20,0,20,129
results\d6_r2_formal\raw_r1\boot_02\batch_20260920T095401.529695Z_100aa57b.json.gz,20260920T095401.529695Z_100aa57b,4,b9d1d4a9-5661-4a35-aec7-79b6fdaa703b,d6r2_b9d1d4a9-5661-4a35-aec7-79b6fdaa703b_9702_fd1dfd48,414,test:unloaded,normal,cpu,role_aggregate,20,128,32,middle,True,True,0,20,40,"{""2"": 20}",0,20,0,20,129
results\d6_r2_formal\raw_r1\boot_02\batch_20260920T095409.569599Z_d6dc7cd0.json.gz,20260920T095409.569599Z_d6dc7cd0,4,b9d1d4a9-5661-4a35-aec7-79b6fdaa703b,d6r2_b9d1d4a9-5661-4a35-aec7-79b6fdaa703b_9702_fd1dfd48,415,test:unloaded,normal,cpu,role_aggregate,20,128,32,middle,True,True,0,20,40,"{""2"": 20}",0,20,0,20,129
results\d6_r2_formal\raw_r1\boot_02\batch_20260920T095417.624565Z_b1b1e789.json.gz,20260920T095417.624565Z_b1b1e789,4,b9d1d4a9-5661-4a35-aec7-79b6fdaa703b,d6r2_b9d1d4a9-5661-4a35-aec7-79b6fdaa703b_9702_fd1dfd48,416,test:unloaded,normal,cpu,role_aggregate,20,128,32,middle,True,True,0,20,40,"{""2"": 20}",0,20,0,20,129
results\d6_r2_formal\raw_r1\boot_02\batch_20260920T095425.636593Z_b3844c80.json.gz,20260920T095425.636593Z_b3844c80,4,b9d1d4a9-5661-4a35-aec7-79b6fdaa703b,d6r2_b9d1d4a9-5661-4a35-aec7-79b6fdaa703b_9702_fd1dfd48,417,test:unloaded,normal,cpu,role_aggregate,20,128,32,middle,True,True,0,20,40,"{""2"": 20}",0,20,0,20,129
results\d6_r2_formal\raw_r1\boot_02\batch_20260920T095433.687644Z_72ee8b39.json.gz,20260920T095433.687644Z_72ee8b39,4,b9d1d4a9-5661-4a35-aec7-79b6fdaa703b,d6r2_b9d1d4a9-5661-4a35-aec7-79b6fdaa703b_9702_fd1dfd48,418,test:unloaded,normal,cpu,role_aggregate,20,128,32,middle,True,True,0,20,40,"{""2"": 20}",0,20,0,20,129
results\d6_r2_formal\raw_r1\boot_02\batch_20260920T095441.753796Z_125dc5c4.json.gz,20260920T095441.753796Z_125dc5c4,4,b9d1d4a9-5661-4a35-aec7-79b6fdaa703b,d6r2_b9d1d4a9-5661-4a35-aec7-79b6fdaa703b_9702_fd1dfd48,419,test:unloaded,normal,cpu,role_aggregate,20,128,32,middle,True,True,0,20,40,"{""2"": 20}",0,20,0,20,129
results\d6_r2_formal\raw_r1\boot_02\batch_20260920T095449.805246Z_a482ba96.json.gz,20260920T095449.805246Z_a482ba96,4,b9d1d4a9-5661-4a35-aec7-79b6fdaa703b,d6r2_b9d1d4a9-5661-4a35-aec7-79b6fdaa703b_9702_fd1dfd48,420,test:unloaded,normal,cpu,role_aggregate,20,128,32,middle,True,True,0,20,40,"{""2"": 20}",0,20,0,20,129
results\d6_r2_formal\raw_r1\boot_02\batch_20260920T095457.857316Z_1082ba03.json.gz,20260920T095457.857316Z_1082ba03,4,b9d1d4a9-5661-4a35-aec7-79b6fdaa703b,d6r2_b9d1d4a9-5661-4a35-aec7-79b6fdaa703b_9702_fd1dfd48,421,test:unloaded,normal,cpu,role_aggregate,20,128,32,middle,True,True,0,20,40,"{""2"": 20}",0,20,0,20,129
results\d6_r2_formal\raw_r1\boot_02\batch_20260920T095505.963537Z_6bc5e5cc.json.gz,20260920T095505.963537Z_6bc5e5cc,4,b9d1d4a9-5661-4a35-aec7-79b6fdaa703b,d6r2_b9d1d4a9-5661-4a35-aec7-79b6fdaa703b_9702_fd1dfd48,422,test:unloaded,normal,cpu,role_aggregate,20,128,32,middle,True,True,0,20,40,"{""2"": 20}",0,20,0,20,129
results\d6_r2_formal\raw_r1\boot_02\batch_20260920T095513.992261Z_b61f8601.json.gz,20260920T095513.992261Z_b61f8601,4,b9d1d4a9-5661-4a35-aec7-79b6fdaa703b,d6r2_b9d1d4a9-5661-4a35-aec7-79b6fdaa703b_9702_fd1dfd48,423,test:unloaded,normal,cpu,role_aggregate,20,128,32,middle,True,True,0,20,40,"{""2"": 20}",0,20,0,20,129
results\d6_r2_formal\raw_r1\boot_02\batch_20260920T095522.021631Z_551fedbc.json.gz,20260920T095522.021631Z_551fedbc,4,b9d1d4a9-5661-4a35-aec7-79b6fdaa703b,d6r2_b9d1d4a9-5661-4a35-aec7-79b6fdaa703b_9702_fd1dfd48,424,test:unloaded,normal,cpu,role_aggregate,20,128,32,middle,True,True,0,20,40,"{""2"": 20}",0,20,0,20,129
results\d6_r2_formal\raw_r1\boot_02\batch_20260920T095530.090369Z_93c5bafc.json.gz,20260920T095530.090369Z_93c5bafc,4,b9d1d4a9-5661-4a35-aec7-79b6fdaa703b,d6r2_b9d1d4a9-5661-4a35-aec7-79b6fdaa703b_9702_fd1dfd48,425,test:unloaded,normal,cpu,role_aggregate,20,128,32,middle,True,True,0,20,40,"{""2"": 20}",0,20,0,20,129
results\d6_r2_formal\raw_r1\boot_02\batch_20260920T095538.165621Z_99ce7262.json.gz,20260920T095538.165621Z_99ce7262,4,b9d1d4a9-5661-4a35-aec7-79b6fdaa703b,d6r2_b9d1d4a9-5661-4a35-aec7-79b6fdaa703b_9702_fd1dfd48,426,test:unloaded,normal,cpu,role_aggregate,20,128,32,middle,True,True,0,20,40,"{""2"": 20}",0,20,0,20,129
results\d6_r2_formal\raw_r1\boot_02\batch_20260920T095546.202534Z_0f2920d3.json.gz,20260920T095546.202534Z_0f2920d3,4,b9d1d4a9-5661-4a35-aec7-79b6fdaa703b,d6r2_b9d1d4a9-5661-4a35-aec7-79b6fdaa703b_9702_fd1dfd48,427,test:unloaded,normal,cpu,role_aggregate,20,128,32,middle,True,True,0,20,40,"{""2"": 20}",0,20,0,20,129
results\d6_r2_formal\raw_r1\boot_02\batch_20260920T095554.268325Z_eb4b12ba.json.gz,20260920T095554.268325Z_eb4b12ba,4,b9d1d4a9-5661-4a35-aec7-79b6fdaa703b,d6r2_b9d1d4a9-5661-4a35-aec7-79b6fdaa703b_9702_fd1dfd48,428,test:unloaded,normal,cpu,role_aggregate,20,128,32,middle,True,True,0,20,40,"{""2"": 20}",0,20,0,20,129
results\d6_r2_formal\raw_r1\boot_02\batch_20260920T095602.319062Z_047129fe.json.gz,20260920T095602.319062Z_047129fe,4,b9d1d4a9-5661-4a35-aec7-79b6fdaa703b,d6r2_b9d1d4a9-5661-4a35-aec7-79b6fdaa703b_9702_fd1dfd48,429,test:unloaded,normal,cpu,role_aggregate,20,128,32,middle,True,True,0,20,40,"{""2"": 20}",0,20,0,20,129
results\d6_r2_formal\raw_r1\boot_02\batch_20260920T095610.409540Z_9f79cdc9.json.gz,20260920T095610.409540Z_9f79cdc9,4,b9d1d4a9-5661-4a35-aec7-79b6fdaa703b,d6r2_b9d1d4a9-5661-4a35-aec7-79b6fdaa703b_9702_fd1dfd48,430,test:unloaded,normal,cpu,role_aggregate,20,128,32,middle,True,True,0,20,40,"{""2"": 20}",0,20,0,20,129
results\d6_r2_formal\raw_r1\boot_02\batch_20260920T095618.480341Z_b4466417.json.gz,20260920T095618.480341Z_b4466417,4,b9d1d4a9-5661-4a35-aec7-79b6fdaa703b,d6r2_b9d1d4a9-5661-4a35-aec7-79b6fdaa703b_9702_fd1dfd48,431,test:unloaded,normal,cpu,role_aggregate,20,128,32,middle,True,True,0,20,40,"{""2"": 20}",0,20,0,20,129
results\d6_r2_formal\raw_r1\boot_02\batch_20260920T095626.522628Z_126d1f47.json.gz,20260920T095626.522628Z_126d1f47,4,b9d1d4a9-5661-4a35-aec7-79b6fdaa703b,d6r2_b9d1d4a9-5661-4a35-aec7-79b6fdaa703b_9702_fd1dfd48,432,test:unloaded,normal,cpu,role_aggregate,20,128,32,middle,True,True,0,20,40,"{""2"": 20}",0,20,0,20,129
results\d6_r2_formal\raw_r1\boot_02\batch_20260920T095634.584817Z_d1ba7a62.json.gz,20260920T095634.584817Z_d1ba7a62,4,b9d1d4a9-5661-4a35-aec7-79b6fdaa703b,d6r2_b9d1d4a9-5661-4a35-aec7-79b6fdaa703b_9702_fd1dfd48,433,test:unloaded,normal,cpu,role_aggregate,20,128,32,middle,True,True,0,20,40,"{""2"": 20}",0,20,0,20,129
results\d6_r2_formal\raw_r1\boot_02\batch_20260920T095642.602423Z_242587d5.json.gz,20260920T095642.602423Z_242587d5,4,b9d1d4a9-5661-4a35-aec7-79b6fdaa703b,d6r2_b9d1d4a9-5661-4a35-aec7-79b6fdaa703b_9702_fd1dfd48,434,test:unloaded,normal,cpu,role_aggregate,20,128,32,middle,True,True,0,20,40,"{""2"": 20}",0,20,0,20,129
results\d6_r2_formal\raw_r1\boot_02\batch_20260920T095650.669354Z_64ca5cd8.json.gz,20260920T095650.669354Z_64ca5cd8,4,b9d1d4a9-5661-4a35-aec7-79b6fdaa703b,d6r2_b9d1d4a9-5661-4a35-aec7-79b6fdaa703b_9702_fd1dfd48,435,test:unloaded,normal,cpu,role_aggregate,20,128,32,middle,True,True,0,20,40,"{""2"": 20}",0,20,0,20,129
results\d6_r2_formal\raw_r1\boot_02\batch_20260920T095658.730344Z_3cc27d8d.json.gz,20260920T095658.730344Z_3cc27d8d,4,b9d1d4a9-5661-4a35-aec7-79b6fdaa703b,d6r2_b9d1d4a9-5661-4a35-aec7-79b6fdaa703b_9702_fd1dfd48,436,test:unloaded,normal,cpu,role_aggregate,20,128,32,middle,True,True,0,20,40,"{""2"": 20}",0,20,0,20,129
results\d6_r2_formal\raw_r1\boot_02\batch_20260920T095706.854324Z_6a2ac273.json.gz,20260920T095706.854324Z_6a2ac273,4,b9d1d4a9-5661-4a35-aec7-79b6fdaa703b,d6r2_b9d1d4a9-5661-4a35-aec7-79b6fdaa703b_9702_fd1dfd48,437,test:unloaded,normal,cpu,role_aggregate,20,128,32,middle,True,True,0,20,40,"{""2"": 20}",0,20,0,20,129
results\d6_r2_formal\raw_r1\boot_02\batch_20260920T095714.884591Z_fa7aaba9.json.gz,20260920T095714.884591Z_fa7aaba9,4,b9d1d4a9-5661-4a35-aec7-79b6fdaa703b,d6r2_b9d1d4a9-5661-4a35-aec7-79b6fdaa703b_9702_fd1dfd48,438,test:unloaded,normal,cpu,role_aggregate,20,128,32,middle,True,True,0,20,40,"{""2"": 20}",0,20,0,20,129
results\d6_r2_formal\raw_r1\boot_02\batch_20260920T095723.006539Z_dffee45c.json.gz,20260920T095723.006539Z_dffee45c,4,b9d1d4a9-5661-4a35-aec7-79b6fdaa703b,d6r2_b9d1d4a9-5661-4a35-aec7-79b6fdaa703b_9702_fd1dfd48,439,test:unloaded,normal,cpu,role_aggregate,20,128,32,middle,True,True,0,20,40,"{""2"": 20}",0,20,0,20,129
results\d6_r2_formal\raw_r1\boot_02\batch_20260920T095724.934411Z_2b902344.json.gz,20260920T095724.934411Z_2b902344,4,b9d1d4a9-5661-4a35-aec7-79b6fdaa703b,d6r2_b9d1d4a9-5661-4a35-aec7-79b6fdaa703b_9702_fd1dfd48,440,test:unloaded,normal,baseline,role_aggregate,20,128,32,middle,True,True,0,20,40,"{""2"": 20}",0,20,0,20,129
results\d6_r2_formal\raw_r1\boot_02\batch_20260920T095726.951693Z_8b154c96.json.gz,20260920T095726.951693Z_8b154c96,4,b9d1d4a9-5661-4a35-aec7-79b6fdaa703b,d6r2_b9d1d4a9-5661-4a35-aec7-79b6fdaa703b_9702_fd1dfd48,441,test:unloaded,normal,baseline,role_aggregate,20,128,32,middle,True,True,0,20,40,"{""2"": 20}",0,20,0,20,129
results\d6_r2_formal\raw_r1\boot_02\batch_20260920T095729.018559Z_8bf09e55.json.gz,20260920T095729.018559Z_8bf09e55,4,b9d1d4a9-5661-4a35-aec7-79b6fdaa703b,d6r2_b9d1d4a9-5661-4a35-aec7-79b6fdaa703b_9702_fd1dfd48,442,test:unloaded,normal,baseline,role_aggregate,20,128,32,middle,True,True,0,20,40,"{""2"": 20}",0,20,0,20,129
results\d6_r2_formal\raw_r1\boot_02\batch_20260920T095731.151356Z_c264dc74.json.gz,20260920T095731.151356Z_c264dc74,4,b9d1d4a9-5661-4a35-aec7-79b6fdaa703b,d6r2_b9d1d4a9-5661-4a35-aec7-79b6fdaa703b_9702_fd1dfd48,443,test:unloaded,normal,baseline,role_aggregate,20,128,32,middle,True,True,0,20,40,"{""2"": 20}",0,20,0,20,129
results\d6_r2_formal\raw_r1\boot_02\batch_20260920T095733.026013Z_ae85cffe.json.gz,20260920T095733.026013Z_ae85cffe,4,b9d1d4a9-5661-4a35-aec7-79b6fdaa703b,d6r2_b9d1d4a9-5661-4a35-aec7-79b6fdaa703b_9702_fd1dfd48,444,test:unloaded,normal,baseline,role_aggregate,20,128,32,middle,True,True,0,20,40,"{""2"": 20}",0,20,0,20,129
results\d6_r2_formal\raw_r1\boot_02\batch_20260920T095734.926535Z_aee30b2a.json.gz,20260920T095734.926535Z_aee30b2a,4,b9d1d4a9-5661-4a35-aec7-79b6fdaa703b,d6r2_b9d1d4a9-5661-4a35-aec7-79b6fdaa703b_9702_fd1dfd48,445,test:unloaded,normal,baseline,role_aggregate,20,128,32,middle,True,True,0,20,40,"{""2"": 20}",0,20,0,20,129
results\d6_r2_formal\raw_r1\boot_02\batch_20260920T095736.796417Z_6f1d5318.json.gz,20260920T095736.796417Z_6f1d5318,4,b9d1d4a9-5661-4a35-aec7-79b6fdaa703b,d6r2_b9d1d4a9-5661-4a35-aec7-79b6fdaa703b_9702_fd1dfd48,446,test:unloaded,normal,baseline,role_aggregate,20,128,32,middle,True,True,0,20,40,"{""2"": 20}",0,20,0,20,129
results\d6_r2_formal\raw_r1\boot_02\batch_20260920T095738.672695Z_94b805be.json.gz,20260920T095738.672695Z_94b805be,4,b9d1d4a9-5661-4a35-aec7-79b6fdaa703b,d6r2_b9d1d4a9-5661-4a35-aec7-79b6fdaa703b_9702_fd1dfd48,447,test:unloaded,normal,baseline,role_aggregate,20,128,32,middle,True,True,0,20,40,"{""2"": 20}",0,20,0,20,129
results\d6_r2_formal\raw_r1\boot_02\batch_20260920T095740.573379Z_fb3bb4ec.json.gz,20260920T095740.573379Z_fb3bb4ec,4,b9d1d4a9-5661-4a35-aec7-79b6fdaa703b,d6r2_b9d1d4a9-5661-4a35-aec7-79b6fdaa703b_9702_fd1dfd48,448,test:unloaded,normal,baseline,role_aggregate,20,128,32,middle,True,True,0,20,40,"{""2"": 20}",0,20,0,20,129
results\d6_r2_formal\raw_r1\boot_02\batch_20260920T095742.497673Z_19234113.json.gz,20260920T095742.497673Z_19234113,4,b9d1d4a9-5661-4a35-aec7-79b6fdaa703b,d6r2_b9d1d4a9-5661-4a35-aec7-79b6fdaa703b_9702_fd1dfd48,449,test:unloaded,normal,baseline,role_aggregate,20,128,32,middle,True,True,0,20,40,"{""2"": 20}",0,20,0,20,129
results\d6_r2_formal\raw_r1\boot_02\batch_20260920T095744.372850Z_0f1e4aa6.json.gz,20260920T095744.372850Z_0f1e4aa6,4,b9d1d4a9-5661-4a35-aec7-79b6fdaa703b,d6r2_b9d1d4a9-5661-4a35-aec7-79b6fdaa703b_9702_fd1dfd48,450,test:unloaded,normal,baseline,role_aggregate,20,128,32,middle,True,True,0,20,40,"{""2"": 20}",0,20,0,20,129
results\d6_r2_formal\raw_r1\boot_02\batch_20260920T095746.272601Z_4b34174a.json.gz,20260920T095746.272601Z_4b34174a,4,b9d1d4a9-5661-4a35-aec7-79b6fdaa703b,d6r2_b9d1d4a9-5661-4a35-aec7-79b6fdaa703b_9702_fd1dfd48,451,test:unloaded,normal,baseline,role_aggregate,20,128,32,middle,True,True,0,20,40,"{""2"": 20}",0,20,0,20,129
results\d6_r2_formal\raw_r1\boot_02\batch_20260920T095748.161183Z_dfd6d19d.json.gz,20260920T095748.161183Z_dfd6d19d,4,b9d1d4a9-5661-4a35-aec7-79b6fdaa703b,d6r2_b9d1d4a9-5661-4a35-aec7-79b6fdaa703b_9702_fd1dfd48,452,test:unloaded,normal,baseline,role_aggregate,20,128,32,middle,True,True,0,20,40,"{""2"": 20}",0,20,0,20,129
results\d6_r2_formal\raw_r1\boot_02\batch_20260920T095750.030435Z_1b5d321f.json.gz,20260920T095750.030435Z_1b5d321f,4,b9d1d4a9-5661-4a35-aec7-79b6fdaa703b,d6r2_b9d1d4a9-5661-4a35-aec7-79b6fdaa703b_9702_fd1dfd48,453,test:unloaded,normal,baseline,role_aggregate,20,128,32,middle,True,True,0,20,40,"{""2"": 20}",0,20,0,20,129
results\d6_r2_formal\raw_r1\boot_02\batch_20260920T095751.889623Z_75cde0cd.json.gz,20260920T095751.889623Z_75cde0cd,4,b9d1d4a9-5661-4a35-aec7-79b6fdaa703b,d6r2_b9d1d4a9-5661-4a35-aec7-79b6fdaa703b_9702_fd1dfd48,454,test:unloaded,normal,baseline,role_aggregate,20,128,32,middle,True,True,0,20,40,"{""2"": 20}",0,20,0,20,129
results\d6_r2_formal\raw_r1\boot_02\batch_20260920T095753.867357Z_0a7aa005.json.gz,20260920T095753.867357Z_0a7aa005,4,b9d1d4a9-5661-4a35-aec7-79b6fdaa703b,d6r2_b9d1d4a9-5661-4a35-aec7-79b6fdaa703b_9702_fd1dfd48,455,test:unloaded,normal,baseline,role_aggregate,20,128,32,middle,True,True,0,20,40,"{""2"": 20}",0,20,0,20,129
results\d6_r2_formal\raw_r1\boot_02\batch_20260920T095755.743525Z_eb04a484.json.gz,20260920T095755.743525Z_eb04a484,4,b9d1d4a9-5661-4a35-aec7-79b6fdaa703b,d6r2_b9d1d4a9-5661-4a35-aec7-79b6fdaa703b_9702_fd1dfd48,456,test:unloaded,normal,baseline,role_aggregate,20,128,32,middle,True,True,0,20,40,"{""2"": 20}",0,20,0,20,129
results\d6_r2_formal\raw_r1\boot_02\batch_20260920T095757.592571Z_ad712c5c.json.gz,20260920T095757.592571Z_ad712c5c,4,b9d1d4a9-5661-4a35-aec7-79b6fdaa703b,d6r2_b9d1d4a9-5661-4a35-aec7-79b6fdaa703b_9702_fd1dfd48,457,test:unloaded,normal,baseline,role_aggregate,20,128,32,middle,True,True,0,20,40,"{""2"": 20}",0,20,0,20,129
results\d6_r2_formal\raw_r1\boot_02\batch_20260920T095759.488688Z_a2deaf5e.json.gz,20260920T095759.488688Z_a2deaf5e,4,b9d1d4a9-5661-4a35-aec7-79b6fdaa703b,d6r2_b9d1d4a9-5661-4a35-aec7-79b6fdaa703b_9702_fd1dfd48,458,test:unloaded,normal,baseline,role_aggregate,20,128,32,middle,True,True,0,20,40,"{""2"": 20}",0,20,0,20,129
results\d6_r2_formal\raw_r1\boot_02\batch_20260920T095801.421218Z_7d2be9aa.json.gz,20260920T095801.421218Z_7d2be9aa,4,b9d1d4a9-5661-4a35-aec7-79b6fdaa703b,d6r2_b9d1d4a9-5661-4a35-aec7-79b6fdaa703b_9702_fd1dfd48,459,test:unloaded,normal,baseline,role_aggregate,20,128,32,middle,True,True,0,20,40,"{""2"": 20}",0,20,0,20,129
results\d6_r2_formal\raw_r1\boot_03\batch_20260920T095826.831274Z_b7d9d68d.json.gz,20260920T095826.831274Z_b7d9d68d,4,e1275f44-59b6-41ca-8780-f54220a9a565,d6r2_e1275f44-59b6-41ca-8780-f54220a9a565_9703_66867d38,0,calibration:sham,normal,cpu,role_aggregate,20,128,32,middle,True,True,0,20,40,"{""2"": 20}",0,20,0,20,129
results\d6_r2_formal\raw_r1\boot_03\batch_20260920T095834.924848Z_8d6b26f3.json.gz,20260920T095834.924848Z_8d6b26f3,4,e1275f44-59b6-41ca-8780-f54220a9a565,d6r2_e1275f44-59b6-41ca-8780-f54220a9a565_9703_66867d38,1,calibration:sham,normal,cpu,role_aggregate,20,128,32,middle,True,True,0,20,40,"{""2"": 20}",0,20,0,20,129
results\d6_r2_formal\raw_r1\boot_03\batch_20260920T095842.970663Z_42c982c9.json.gz,20260920T095842.970663Z_42c982c9,4,e1275f44-59b6-41ca-8780-f54220a9a565,d6r2_e1275f44-59b6-41ca-8780-f54220a9a565_9703_66867d38,2,calibration:sham,normal,cpu,role_aggregate,20,128,32,middle,True,True,0,20,40,"{""2"": 20}",0,20,0,20,129
results\d6_r2_formal\raw_r1\boot_03\batch_20260920T095844.878558Z_42cce000.json.gz,20260920T095844.878558Z_42cce000,4,e1275f44-59b6-41ca-8780-f54220a9a565,d6r2_e1275f44-59b6-41ca-8780-f54220a9a565_9703_66867d38,3,calibration:sham,normal,baseline,role_aggregate,20,128,32,middle,True,True,0,20,40,"{""2"": 20}",0,20,0,20,129
results\d6_r2_formal\raw_r1\boot_03\batch_20260920T095846.819267Z_61ce64da.json.gz,20260920T095846.819267Z_61ce64da,4,e1275f44-59b6-41ca-8780-f54220a9a565,d6r2_e1275f44-59b6-41ca-8780-f54220a9a565_9703_66867d38,4,calibration:unloaded,normal,baseline,role_aggregate,20,128,32,middle,True,True,0,20,40,"{""2"": 20}",0,20,0,20,129
results\d6_r2_formal\raw_r1\boot_03\batch_20260920T095848.762563Z_ccd80d25.json.gz,20260920T095848.762563Z_ccd80d25,4,e1275f44-59b6-41ca-8780-f54220a9a565,d6r2_e1275f44-59b6-41ca-8780-f54220a9a565_9703_66867d38,5,calibration:unloaded,normal,baseline,role_aggregate,20,128,32,middle,True,True,0,20,40,"{""2"": 20}",0,20,0,20,129
results\d6_r2_formal\raw_r1\boot_03\batch_20260920T095850.694423Z_dc5f39ba.json.gz,20260920T095850.694423Z_dc5f39ba,4,e1275f44-59b6-41ca-8780-f54220a9a565,d6r2_e1275f44-59b6-41ca-8780-f54220a9a565_9703_66867d38,6,calibration:sham,normal,baseline,role_aggregate,20,128,32,middle,True,True,0,20,40,"{""2"": 20}",0,20,0,20,129
results\d6_r2_formal\raw_r1\boot_03\batch_20260920T095858.738377Z_52b26bfe.json.gz,20260920T095858.738377Z_52b26bfe,4,e1275f44-59b6-41ca-8780-f54220a9a565,d6r2_e1275f44-59b6-41ca-8780-f54220a9a565_9703_66867d38,7,calibration:unloaded,normal,cpu,role_aggregate,20,128,32,middle,True,True,0,20,40,"{""2"": 20}",0,20,0,20,129
results\d6_r2_formal\raw_r1\boot_03\batch_20260920T095906.761704Z_5293b227.json.gz,20260920T095906.761704Z_5293b227,4,e1275f44-59b6-41ca-8780-f54220a9a565,d6r2_e1275f44-59b6-41ca-8780-f54220a9a565_9703_66867d38,8,calibration:unloaded,normal,cpu,role_aggregate,20,128,32,middle,True,True,0,20,40,"{""2"": 20}",0,20,0,20,129
results\d6_r2_formal\raw_r1\boot_03\batch_20260920T095908.641319Z_081f7cd9.json.gz,20260920T095908.641319Z_081f7cd9,4,e1275f44-59b6-41ca-8780-f54220a9a565,d6r2_e1275f44-59b6-41ca-8780-f54220a9a565_9703_66867d38,9,calibration:unloaded,normal,baseline,role_aggregate,20,128,32,middle,True,True,0,20,40,"{""2"": 20}",0,20,0,20,129
results\d6_r2_formal\raw_r1\boot_03\batch_20260920T095910.569901Z_0a9dbabf.json.gz,20260920T095910.569901Z_0a9dbabf,4,e1275f44-59b6-41ca-8780-f54220a9a565,d6r2_e1275f44-59b6-41ca-8780-f54220a9a565_9703_66867d38,10,calibration:sham,normal,baseline,role_aggregate,20,128,32,middle,True,True,0,20,40,"{""2"": 20}",0,20,0,20,129
results\d6_r2_formal\raw_r1\boot_03\batch_20260920T095912.625311Z_f3550008.json.gz,20260920T095912.625311Z_f3550008,4,e1275f44-59b6-41ca-8780-f54220a9a565,d6r2_e1275f44-59b6-41ca-8780-f54220a9a565_9703_66867d38,11,calibration:sham,normal,baseline,role_aggregate,20,128,32,middle,True,True,0,20,40,"{""2"": 20}",0,20,0,20,129
results\d6_r2_formal\raw_r1\boot_03\batch_20260920T095920.721880Z_421796e6.json.gz,20260920T095920.721880Z_421796e6,4,e1275f44-59b6-41ca-8780-f54220a9a565,d6r2_e1275f44-59b6-41ca-8780-f54220a9a565_9703_66867d38,12,calibration:sham,normal,cpu,role_aggregate,20,128,32,middle,True,True,0,20,40,"{""2"": 20}",0,20,0,20,129
results\d6_r2_formal\raw_r1\boot_03\batch_20260920T095922.663037Z_2b9e30c1.json.gz,20260920T095922.663037Z_2b9e30c1,4,e1275f44-59b6-41ca-8780-f54220a9a565,d6r2_e1275f44-59b6-41ca-8780-f54220a9a565_9703_66867d38,13,calibration:sham,normal,baseline,role_aggregate,20,128,32,middle,True,True,0,20,40,"{""2"": 20}",0,20,0,20,129
results\d6_r2_formal\raw_r1\boot_03\batch_20260920T095924.568661Z_ae8f3c25.json.gz,20260920T095924.568661Z_ae8f3c25,4,e1275f44-59b6-41ca-8780-f54220a9a565,d6r2_e1275f44-59b6-41ca-8780-f54220a9a565_9703_66867d38,14,calibration:unloaded,normal,baseline,role_aggregate,20,128,32,middle,True,True,0,20,40,"{""2"": 20}",0,20,0,20,129
results\d6_r2_formal\raw_r1\boot_03\batch_20260920T095932.643674Z_182cb1d4.json.gz,20260920T095932.643674Z_182cb1d4,4,e1275f44-59b6-41ca-8780-f54220a9a565,d6r2_e1275f44-59b6-41ca-8780-f54220a9a565_9703_66867d38,15,calibration:sham,normal,cpu,role_aggregate,20,128,32,middle,True,True,0,20,40,"{""2"": 20}",0,20,0,20,129
results\d6_r2_formal\raw_r1\boot_03\batch_20260920T095940.736370Z_84199692.json.gz,20260920T095940.736370Z_84199692,4,e1275f44-59b6-41ca-8780-f54220a9a565,d6r2_e1275f44-59b6-41ca-8780-f54220a9a565_9703_66867d38,16,calibration:unloaded,normal,cpu,role_aggregate,20,128,32,middle,True,True,0,20,40,"{""2"": 20}",0,20,0,20,129
results\d6_r2_formal\raw_r1\boot_03\batch_20260920T095942.617388Z_da87425c.json.gz,20260920T095942.617388Z_da87425c,4,e1275f44-59b6-41ca-8780-f54220a9a565,d6r2_e1275f44-59b6-41ca-8780-f54220a9a565_9703_66867d38,17,calibration:unloaded,normal,baseline,role_aggregate,20,128,32,middle,True,True,0,20,40,"{""2"": 20}",0,20,0,20,129
results\d6_r2_formal\raw_r1\boot_03\batch_20260920T095950.628249Z_c45cccab.json.gz,20260920T095950.628249Z_c45cccab,4,e1275f44-59b6-41ca-8780-f54220a9a565,d6r2_e1275f44-59b6-41ca-8780-f54220a9a565_9703_66867d38,18,calibration:unloaded,normal,cpu,role_aggregate,20,128,32,middle,True,True,0,20,40,"{""2"": 20}",0,20,0,20,129
results\d6_r2_formal\raw_r1\boot_03\batch_20260920T095952.486957Z_1dd1b548.json.gz,20260920T095952.486957Z_1dd1b548,4,e1275f44-59b6-41ca-8780-f54220a9a565,d6r2_e1275f44-59b6-41ca-8780-f54220a9a565_9703_66867d38,19,calibration:unloaded,normal,baseline,role_aggregate,20,128,32,middle,True,True,0,20,40,"{""2"": 20}",0,20,0,20,129
results\d6_r2_formal\raw_r1\boot_03\batch_20260920T100000.562195Z_aee378fc.json.gz,20260920T100000.562195Z_aee378fc,4,e1275f44-59b6-41ca-8780-f54220a9a565,d6r2_e1275f44-59b6-41ca-8780-f54220a9a565_9703_66867d38,20,calibration:sham,normal,cpu,role_aggregate,20,128,32,middle,True,True,0,20,40,"{""2"": 20}",0,20,0,20,129
results\d6_r2_formal\raw_r1\boot_03\batch_20260920T100008.623499Z_c8aaf2df.json.gz,20260920T100008.623499Z_c8aaf2df,4,e1275f44-59b6-41ca-8780-f54220a9a565,d6r2_e1275f44-59b6-41ca-8780-f54220a9a565_9703_66867d38,21,calibration:unloaded,normal,cpu,role_aggregate,20,128,32,middle,True,True,0,20,40,"{""2"": 20}",0,20,0,20,129
results\d6_r2_formal\raw_r1\boot_03\batch_20260920T100010.510643Z_6fef8edf.json.gz,20260920T100010.510643Z_6fef8edf,4,e1275f44-59b6-41ca-8780-f54220a9a565,d6r2_e1275f44-59b6-41ca-8780-f54220a9a565_9703_66867d38,22,calibration:sham,normal,baseline,role_aggregate,20,128,32,middle,True,True,0,20,40,"{""2"": 20}",0,20,0,20,129
results\d6_r2_formal\raw_r1\boot_03\batch_20260920T100012.442874Z_992a8ed8.json.gz,20260920T100012.442874Z_992a8ed8,4,e1275f44-59b6-41ca-8780-f54220a9a565,d6r2_e1275f44-59b6-41ca-8780-f54220a9a565_9703_66867d38,23,calibration:unloaded,normal,baseline,role_aggregate,20,128,32,middle,True,True,0,20,40,"{""2"": 20}",0,20,0,20,129
results\d6_r2_formal\raw_r1\boot_03\batch_20260920T100020.428248Z_f52afa25.json.gz,20260920T100020.428248Z_f52afa25,4,e1275f44-59b6-41ca-8780-f54220a9a565,d6r2_e1275f44-59b6-41ca-8780-f54220a9a565_9703_66867d38,24,calibration:unloaded,normal,cpu,role_aggregate,20,128,32,middle,True,True,0,20,40,"{""2"": 20}",0,20,0,20,129
results\d6_r2_formal\raw_r1\boot_03\batch_20260920T100022.299978Z_2abbb194.json.gz,20260920T100022.299978Z_2abbb194,4,e1275f44-59b6-41ca-8780-f54220a9a565,d6r2_e1275f44-59b6-41ca-8780-f54220a9a565_9703_66867d38,25,calibration:sham,normal,baseline,role_aggregate,20,128,32,middle,True,True,0,20,40,"{""2"": 20}",0,20,0,20,129
results\d6_r2_formal\raw_r1\boot_03\batch_20260920T100024.208359Z_568a2a78.json.gz,20260920T100024.208359Z_568a2a78,4,e1275f44-59b6-41ca-8780-f54220a9a565,d6r2_e1275f44-59b6-41ca-8780-f54220a9a565_9703_66867d38,26,calibration:sham,normal,baseline,role_aggregate,20,128,32,middle,True,True,0,20,40,"{""2"": 20}",0,20,0,20,129
results\d6_r2_formal\raw_r1\boot_03\batch_20260920T100032.251102Z_29f7e207.json.gz,20260920T100032.251102Z_29f7e207,4,e1275f44-59b6-41ca-8780-f54220a9a565,d6r2_e1275f44-59b6-41ca-8780-f54220a9a565_9703_66867d38,27,calibration:sham,normal,cpu,role_aggregate,20,128,32,middle,True,True,0,20,40,"{""2"": 20}",0,20,0,20,129
results\d6_r2_formal\raw_r1\boot_03\batch_20260920T100040.299098Z_af58b6bd.json.gz,20260920T100040.299098Z_af58b6bd,4,e1275f44-59b6-41ca-8780-f54220a9a565,d6r2_e1275f44-59b6-41ca-8780-f54220a9a565_9703_66867d38,28,calibration:unloaded,normal,cpu,role_aggregate,20,128,32,middle,True,True,0,20,40,"{""2"": 20}",0,20,0,20,129
results\d6_r2_formal\raw_r1\boot_03\batch_20260920T100048.318914Z_33d20cf1.json.gz,20260920T100048.318914Z_33d20cf1,4,e1275f44-59b6-41ca-8780-f54220a9a565,d6r2_e1275f44-59b6-41ca-8780-f54220a9a565_9703_66867d38,29,calibration:sham,normal,cpu,role_aggregate,20,128,32,middle,True,True,0,20,40,"{""2"": 20}",0,20,0,20,129
results\d6_r2_formal\raw_r1\boot_03\batch_20260920T100056.401114Z_d382375d.json.gz,20260920T100056.401114Z_d382375d,4,e1275f44-59b6-41ca-8780-f54220a9a565,d6r2_e1275f44-59b6-41ca-8780-f54220a9a565_9703_66867d38,30,calibration:unloaded,normal,cpu,role_aggregate,20,128,32,middle,True,True,0,20,40,"{""2"": 20}",0,20,0,20,129
results\d6_r2_formal\raw_r1\boot_03\batch_20260920T100104.419250Z_22d03bf4.json.gz,20260920T100104.419250Z_22d03bf4,4,e1275f44-59b6-41ca-8780-f54220a9a565,d6r2_e1275f44-59b6-41ca-8780-f54220a9a565_9703_66867d38,31,calibration:sham,normal,cpu,role_aggregate,20,128,32,middle,True,True,0,20,40,"{""2"": 20}",0,20,0,20,129
results\d6_r2_formal\raw_r1\boot_03\batch_20260920T100106.376839Z_094d3777.json.gz,20260920T100106.376839Z_094d3777,4,e1275f44-59b6-41ca-8780-f54220a9a565,d6r2_e1275f44-59b6-41ca-8780-f54220a9a565_9703_66867d38,32,calibration:unloaded,normal,baseline,role_aggregate,20,128,32,middle,True,True,0,20,40,"{""2"": 20}",0,20,0,20,129
results\d6_r2_formal\raw_r1\boot_03\batch_20260920T100108.307626Z_b6b28958.json.gz,20260920T100108.307626Z_b6b28958,4,e1275f44-59b6-41ca-8780-f54220a9a565,d6r2_e1275f44-59b6-41ca-8780-f54220a9a565_9703_66867d38,33,calibration:sham,normal,baseline,role_aggregate,20,128,32,middle,True,True,0,20,40,"{""2"": 20}",0,20,0,20,129
results\d6_r2_formal\raw_r1\boot_03\batch_20260920T100116.425005Z_3761f2a7.json.gz,20260920T100116.425005Z_3761f2a7,4,e1275f44-59b6-41ca-8780-f54220a9a565,d6r2_e1275f44-59b6-41ca-8780-f54220a9a565_9703_66867d38,34,calibration:sham,normal,cpu,role_aggregate,20,128,32,middle,True,True,0,20,40,"{""2"": 20}",0,20,0,20,129
results\d6_r2_formal\raw_r1\boot_03\batch_20260920T100118.331280Z_a08b3c1b.json.gz,20260920T100118.331280Z_a08b3c1b,4,e1275f44-59b6-41ca-8780-f54220a9a565,d6r2_e1275f44-59b6-41ca-8780-f54220a9a565_9703_66867d38,35,calibration:unloaded,normal,baseline,role_aggregate,20,128,32,middle,True,True,0,20,40,"{""2"": 20}",0,20,0,20,129
results\d6_r2_formal\raw_r1\boot_03\batch_20260920T100126.322125Z_672a3112.json.gz,20260920T100126.322125Z_672a3112,4,e1275f44-59b6-41ca-8780-f54220a9a565,d6r2_e1275f44-59b6-41ca-8780-f54220a9a565_9703_66867d38,36,calibration:unloaded,normal,cpu,role_aggregate,20,128,32,middle,True,True,0,20,40,"{""2"": 20}",0,20,0,20,129
results\d6_r2_formal\raw_r1\boot_03\batch_20260920T100134.361007Z_88c0cd21.json.gz,20260920T100134.361007Z_88c0cd21,4,e1275f44-59b6-41ca-8780-f54220a9a565,d6r2_e1275f44-59b6-41ca-8780-f54220a9a565_9703_66867d38,37,calibration:unloaded,normal,cpu,role_aggregate,20,128,32,middle,True,True,0,20,40,"{""2"": 20}",0,20,0,20,129
results\d6_r2_formal\raw_r1\boot_03\batch_20260920T100136.231222Z_52e46261.json.gz,20260920T100136.231222Z_52e46261,4,e1275f44-59b6-41ca-8780-f54220a9a565,d6r2_e1275f44-59b6-41ca-8780-f54220a9a565_9703_66867d38,38,calibration:unloaded,normal,baseline,role_aggregate,20,128,32,middle,True,True,0,20,40,"{""2"": 20}",0,20,0,20,129
results\d6_r2_formal\raw_r1\boot_03\batch_20260920T100144.247003Z_260931df.json.gz,20260920T100144.247003Z_260931df,4,e1275f44-59b6-41ca-8780-f54220a9a565,d6r2_e1275f44-59b6-41ca-8780-f54220a9a565_9703_66867d38,39,calibration:unloaded,normal,cpu,role_aggregate,20,128,32,middle,True,True,0,20,40,"{""2"": 20}",0,20,0,20,129
results\d6_r2_formal\raw_r1\boot_03\batch_20260920T100152.276896Z_1fb5bb39.json.gz,20260920T100152.276896Z_1fb5bb39,4,e1275f44-59b6-41ca-8780-f54220a9a565,d6r2_e1275f44-59b6-41ca-8780-f54220a9a565_9703_66867d38,40,calibration:unloaded,normal,cpu,role_aggregate,20,128,32,middle,True,True,0,20,40,"{""2"": 20}",0,20,0,20,129
results\d6_r2_formal\raw_r1\boot_03\batch_20260920T100154.164545Z_f286a6e1.json.gz,20260920T100154.164545Z_f286a6e1,4,e1275f44-59b6-41ca-8780-f54220a9a565,d6r2_e1275f44-59b6-41ca-8780-f54220a9a565_9703_66867d38,41,calibration:unloaded,normal,baseline,role_aggregate,20,128,32,middle,True,True,0,20,40,"{""2"": 20}",0,20,0,20,129
results\d6_r2_formal\raw_r1\boot_03\batch_20260920T100202.234713Z_140f1783.json.gz,20260920T100202.234713Z_140f1783,4,e1275f44-59b6-41ca-8780-f54220a9a565,d6r2_e1275f44-59b6-41ca-8780-f54220a9a565_9703_66867d38,42,calibration:sham,normal,cpu,role_aggregate,20,128,32,middle,True,True,0,20,40,"{""2"": 20}",0,20,0,20,129
results\d6_r2_formal\raw_r1\boot_03\batch_20260920T100204.200865Z_6ac197c8.json.gz,20260920T100204.200865Z_6ac197c8,4,e1275f44-59b6-41ca-8780-f54220a9a565,d6r2_e1275f44-59b6-41ca-8780-f54220a9a565_9703_66867d38,43,calibration:sham,normal,baseline,role_aggregate,20,128,32,middle,True,True,0,20,40,"{""2"": 20}",0,20,0,20,129
results\d6_r2_formal\raw_r1\boot_03\batch_20260920T100206.234921Z_47e8d382.json.gz,20260920T100206.234921Z_47e8d382,4,e1275f44-59b6-41ca-8780-f54220a9a565,d6r2_e1275f44-59b6-41ca-8780-f54220a9a565_9703_66867d38,44,calibration:sham,normal,baseline,role_aggregate,20,128,32,middle,True,True,0,20,40,"{""2"": 20}",0,20,0,20,129
results\d6_r2_formal\raw_r1\boot_03\batch_20260920T100208.195848Z_99905553.json.gz,20260920T100208.195848Z_99905553,4,e1275f44-59b6-41ca-8780-f54220a9a565,d6r2_e1275f44-59b6-41ca-8780-f54220a9a565_9703_66867d38,45,calibration:sham,normal,baseline,role_aggregate,20,128,32,middle,True,True,0,20,40,"{""2"": 20}",0,20,0,20,129
results\d6_r2_formal\raw_r1\boot_03\batch_20260920T100210.129998Z_f061a275.json.gz,20260920T100210.129998Z_f061a275,4,e1275f44-59b6-41ca-8780-f54220a9a565,d6r2_e1275f44-59b6-41ca-8780-f54220a9a565_9703_66867d38,46,calibration:unloaded,normal,baseline,role_aggregate,20,128,32,middle,True,True,0,20,40,"{""2"": 20}",0,20,0,20,129
results\d6_r2_formal\raw_r1\boot_03\batch_20260920T100211.998837Z_bec4ceab.json.gz,20260920T100211.998837Z_bec4ceab,4,e1275f44-59b6-41ca-8780-f54220a9a565,d6r2_e1275f44-59b6-41ca-8780-f54220a9a565_9703_66867d38,47,calibration:sham,normal,baseline,role_aggregate,20,128,32,middle,True,True,0,20,40,"{""2"": 20}",0,20,0,20,129
results\d6_r2_formal\raw_r1\boot_03\batch_20260920T100220.074822Z_e06c2c2c.json.gz,20260920T100220.074822Z_e06c2c2c,4,e1275f44-59b6-41ca-8780-f54220a9a565,d6r2_e1275f44-59b6-41ca-8780-f54220a9a565_9703_66867d38,48,calibration:unloaded,normal,cpu,role_aggregate,20,128,32,middle,True,True,0,20,40,"{""2"": 20}",0,20,0,20,129
results\d6_r2_formal\raw_r1\boot_03\batch_20260920T100228.104958Z_c0d757b0.json.gz,20260920T100228.104958Z_c0d757b0,4,e1275f44-59b6-41ca-8780-f54220a9a565,d6r2_e1275f44-59b6-41ca-8780-f54220a9a565_9703_66867d38,49,calibration:unloaded,normal,cpu,role_aggregate,20,128,32,middle,True,True,0,20,40,"{""2"": 20}",0,20,0,20,129
results\d6_r2_formal\raw_r1\boot_03\batch_20260920T100236.104088Z_c5eefd4a.json.gz,20260920T100236.104088Z_c5eefd4a,4,e1275f44-59b6-41ca-8780-f54220a9a565,d6r2_e1275f44-59b6-41ca-8780-f54220a9a565_9703_66867d38,50,calibration:sham,normal,cpu,role_aggregate,20,128,32,middle,True,True,0,20,40,"{""2"": 20}",0,20,0,20,129
results\d6_r2_formal\raw_r1\boot_03\batch_20260920T100238.115990Z_ce826180.json.gz,20260920T100238.115990Z_ce826180,4,e1275f44-59b6-41ca-8780-f54220a9a565,d6r2_e1275f44-59b6-41ca-8780-f54220a9a565_9703_66867d38,51,calibration:sham,normal,baseline,role_aggregate,20,128,32,middle,True,True,0,20,40,"{""2"": 20}",0,20,0,20,129
results\d6_r2_formal\raw_r1\boot_03\batch_20260920T100246.215745Z_ac74df73.json.gz,20260920T100246.215745Z_ac74df73,4,e1275f44-59b6-41ca-8780-f54220a9a565,d6r2_e1275f44-59b6-41ca-8780-f54220a9a565_9703_66867d38,52,calibration:unloaded,normal,cpu,role_aggregate,20,128,32,middle,True,True,0,20,40,"{""2"": 20}",0,20,0,20,129
results\d6_r2_formal\raw_r1\boot_03\batch_20260920T100254.262906Z_5e861385.json.gz,20260920T100254.262906Z_5e861385,4,e1275f44-59b6-41ca-8780-f54220a9a565,d6r2_e1275f44-59b6-41ca-8780-f54220a9a565_9703_66867d38,53,calibration:sham,normal,cpu,role_aggregate,20,128,32,middle,True,True,0,20,40,"{""2"": 20}",0,20,0,20,129
results\d6_r2_formal\raw_r1\boot_03\batch_20260920T100302.356358Z_f32eeaee.json.gz,20260920T100302.356358Z_f32eeaee,4,e1275f44-59b6-41ca-8780-f54220a9a565,d6r2_e1275f44-59b6-41ca-8780-f54220a9a565_9703_66867d38,54,calibration:sham,normal,cpu,role_aggregate,20,128,32,middle,True,True,0,20,40,"{""2"": 20}",0,20,0,20,129
results\d6_r2_formal\raw_r1\boot_03\batch_20260920T100310.417001Z_181c1eff.json.gz,20260920T100310.417001Z_181c1eff,4,e1275f44-59b6-41ca-8780-f54220a9a565,d6r2_e1275f44-59b6-41ca-8780-f54220a9a565_9703_66867d38,55,calibration:unloaded,normal,cpu,role_aggregate,20,128,32,middle,True,True,0,20,40,"{""2"": 20}",0,20,0,20,129
results\d6_r2_formal\raw_r1\boot_03\batch_20260920T100318.486023Z_f814e502.json.gz,20260920T100318.486023Z_f814e502,4,e1275f44-59b6-41ca-8780-f54220a9a565,d6r2_e1275f44-59b6-41ca-8780-f54220a9a565_9703_66867d38,56,calibration:sham,normal,cpu,role_aggregate,20,128,32,middle,True,True,0,20,40,"{""2"": 20}",0,20,0,20,129
results\d6_r2_formal\raw_r1\boot_03\batch_20260920T100320.383831Z_c349c8f5.json.gz,20260920T100320.383831Z_c349c8f5,4,e1275f44-59b6-41ca-8780-f54220a9a565,d6r2_e1275f44-59b6-41ca-8780-f54220a9a565_9703_66867d38,57,calibration:unloaded,normal,baseline,role_aggregate,20,128,32,middle,True,True,0,20,40,"{""2"": 20}",0,20,0,20,129
results\d6_r2_formal\raw_r1\boot_03\batch_20260920T100328.424287Z_564a23e8.json.gz,20260920T100328.424287Z_564a23e8,4,e1275f44-59b6-41ca-8780-f54220a9a565,d6r2_e1275f44-59b6-41ca-8780-f54220a9a565_9703_66867d38,58,calibration:sham,normal,cpu,role_aggregate,20,128,32,middle,True,True,0,20,40,"{""2"": 20}",0,20,0,20,129
results\d6_r2_formal\raw_r1\boot_03\batch_20260920T100336.490369Z_51c4417a.json.gz,20260920T100336.490369Z_51c4417a,4,e1275f44-59b6-41ca-8780-f54220a9a565,d6r2_e1275f44-59b6-41ca-8780-f54220a9a565_9703_66867d38,59,calibration:unloaded,normal,cpu,role_aggregate,20,128,32,middle,True,True,0,20,40,"{""2"": 20}",0,20,0,20,129
results\d6_r2_formal\raw_r1\boot_03\batch_20260920T100338.414850Z_531d6866.json.gz,20260920T100338.414850Z_531d6866,4,e1275f44-59b6-41ca-8780-f54220a9a565,d6r2_e1275f44-59b6-41ca-8780-f54220a9a565_9703_66867d38,60,calibration:sham,normal,baseline,role_aggregate,20,128,32,middle,True,True,0,20,40,"{""2"": 20}",0,20,0,20,129
results\d6_r2_formal\raw_r1\boot_03\batch_20260920T100340.285838Z_2c5c4cca.json.gz,20260920T100340.285838Z_2c5c4cca,4,e1275f44-59b6-41ca-8780-f54220a9a565,d6r2_e1275f44-59b6-41ca-8780-f54220a9a565_9703_66867d38,61,calibration:unloaded,normal,baseline,role_aggregate,20,128,32,middle,True,True,0,20,40,"{""2"": 20}",0,20,0,20,129
results\d6_r2_formal\raw_r1\boot_03\batch_20260920T100348.345014Z_ea3abace.json.gz,20260920T100348.345014Z_ea3abace,4,e1275f44-59b6-41ca-8780-f54220a9a565,d6r2_e1275f44-59b6-41ca-8780-f54220a9a565_9703_66867d38,62,calibration:unloaded,normal,cpu,role_aggregate,20,128,32,middle,True,True,0,20,40,"{""2"": 20}",0,20,0,20,129
results\d6_r2_formal\raw_r1\boot_03\batch_20260920T100356.360280Z_4996d454.json.gz,20260920T100356.360280Z_4996d454,4,e1275f44-59b6-41ca-8780-f54220a9a565,d6r2_e1275f44-59b6-41ca-8780-f54220a9a565_9703_66867d38,63,calibration:unloaded,normal,cpu,role_aggregate,20,128,32,middle,True,True,0,20,40,"{""2"": 20}",0,20,0,20,129
results\d6_r2_formal\raw_r1\boot_03\batch_20260920T100358.247920Z_8b28088e.json.gz,20260920T100358.247920Z_8b28088e,4,e1275f44-59b6-41ca-8780-f54220a9a565,d6r2_e1275f44-59b6-41ca-8780-f54220a9a565_9703_66867d38,64,calibration:unloaded,normal,baseline,role_aggregate,20,128,32,middle,True,True,0,20,40,"{""2"": 20}",0,20,0,20,129
results\d6_r2_formal\raw_r1\boot_03\batch_20260920T100406.303164Z_4218e4ac.json.gz,20260920T100406.303164Z_4218e4ac,4,e1275f44-59b6-41ca-8780-f54220a9a565,d6r2_e1275f44-59b6-41ca-8780-f54220a9a565_9703_66867d38,65,calibration:sham,normal,cpu,role_aggregate,20,128,32,middle,True,True,0,20,40,"{""2"": 20}",0,20,0,20,129
results\d6_r2_formal\raw_r1\boot_03\batch_20260920T100414.360872Z_cb580357.json.gz,20260920T100414.360872Z_cb580357,4,e1275f44-59b6-41ca-8780-f54220a9a565,d6r2_e1275f44-59b6-41ca-8780-f54220a9a565_9703_66867d38,66,calibration:unloaded,normal,cpu,role_aggregate,20,128,32,middle,True,True,0,20,40,"{""2"": 20}",0,20,0,20,129
results\d6_r2_formal\raw_r1\boot_03\batch_20260920T100416.249975Z_0b48277d.json.gz,20260920T100416.249975Z_0b48277d,4,e1275f44-59b6-41ca-8780-f54220a9a565,d6r2_e1275f44-59b6-41ca-8780-f54220a9a565_9703_66867d38,67,calibration:sham,normal,baseline,role_aggregate,20,128,32,middle,True,True,0,20,40,"{""2"": 20}",0,20,0,20,129
results\d6_r2_formal\raw_r1\boot_03\batch_20260920T100424.372754Z_b44e65b8.json.gz,20260920T100424.372754Z_b44e65b8,4,e1275f44-59b6-41ca-8780-f54220a9a565,d6r2_e1275f44-59b6-41ca-8780-f54220a9a565_9703_66867d38,68,calibration:unloaded,normal,cpu,role_aggregate,20,128,32,middle,True,True,0,20,40,"{""2"": 20}",0,20,0,20,129
results\d6_r2_formal\raw_r1\boot_03\batch_20260920T100426.239116Z_dc9ade6d.json.gz,20260920T100426.239116Z_dc9ade6d,4,e1275f44-59b6-41ca-8780-f54220a9a565,d6r2_e1275f44-59b6-41ca-8780-f54220a9a565_9703_66867d38,69,calibration:unloaded,normal,baseline,role_aggregate,20,128,32,middle,True,True,0,20,40,"{""2"": 20}",0,20,0,20,129
results\d6_r2_formal\raw_r1\boot_03\batch_20260920T100434.285504Z_7f2e9d9e.json.gz,20260920T100434.285504Z_7f2e9d9e,4,e1275f44-59b6-41ca-8780-f54220a9a565,d6r2_e1275f44-59b6-41ca-8780-f54220a9a565_9703_66867d38,70,calibration:sham,normal,cpu,role_aggregate,20,128,32,middle,True,True,0,20,40,"{""2"": 20}",0,20,0,20,129
results\d6_r2_formal\raw_r1\boot_03\batch_20260920T100436.234580Z_7cb993e7.json.gz,20260920T100436.234580Z_7cb993e7,4,e1275f44-59b6-41ca-8780-f54220a9a565,d6r2_e1275f44-59b6-41ca-8780-f54220a9a565_9703_66867d38,71,calibration:sham,normal,baseline,role_aggregate,20,128,32,middle,True,True,0,20,40,"{""2"": 20}",0,20,0,20,129
results\d6_r2_formal\raw_r1\boot_03\batch_20260920T100444.341818Z_af6fe0a1.json.gz,20260920T100444.341818Z_af6fe0a1,4,e1275f44-59b6-41ca-8780-f54220a9a565,d6r2_e1275f44-59b6-41ca-8780-f54220a9a565_9703_66867d38,72,calibration:sham,normal,cpu,role_aggregate,20,128,32,middle,True,True,0,20,40,"{""2"": 20}",0,20,0,20,129
results\d6_r2_formal\raw_r1\boot_03\batch_20260920T100452.419498Z_e27575b5.json.gz,20260920T100452.419498Z_e27575b5,4,e1275f44-59b6-41ca-8780-f54220a9a565,d6r2_e1275f44-59b6-41ca-8780-f54220a9a565_9703_66867d38,73,calibration:unloaded,normal,cpu,role_aggregate,20,128,32,middle,True,True,0,20,40,"{""2"": 20}",0,20,0,20,129
results\d6_r2_formal\raw_r1\boot_03\batch_20260920T100454.314848Z_efe4d422.json.gz,20260920T100454.314848Z_efe4d422,4,e1275f44-59b6-41ca-8780-f54220a9a565,d6r2_e1275f44-59b6-41ca-8780-f54220a9a565_9703_66867d38,74,calibration:sham,normal,baseline,role_aggregate,20,128,32,middle,True,True,0,20,40,"{""2"": 20}",0,20,0,20,129
results\d6_r2_formal\raw_r1\boot_03\batch_20260920T100456.215221Z_d7ab7000.json.gz,20260920T100456.215221Z_d7ab7000,4,e1275f44-59b6-41ca-8780-f54220a9a565,d6r2_e1275f44-59b6-41ca-8780-f54220a9a565_9703_66867d38,75,calibration:unloaded,normal,baseline,role_aggregate,20,128,32,middle,True,True,0,20,40,"{""2"": 20}",0,20,0,20,129
results\d6_r2_formal\raw_r1\boot_03\batch_20260920T100504.253665Z_3a779b8d.json.gz,20260920T100504.253665Z_3a779b8d,4,e1275f44-59b6-41ca-8780-f54220a9a565,d6r2_e1275f44-59b6-41ca-8780-f54220a9a565_9703_66867d38,76,calibration:unloaded,normal,cpu,role_aggregate,20,128,32,middle,True,True,0,20,40,"{""2"": 20}",0,20,0,20,129
results\d6_r2_formal\raw_r1\boot_03\batch_20260920T100506.180908Z_72d9d091.json.gz,20260920T100506.180908Z_72d9d091,4,e1275f44-59b6-41ca-8780-f54220a9a565,d6r2_e1275f44-59b6-41ca-8780-f54220a9a565_9703_66867d38,77,calibration:sham,normal,baseline,role_aggregate,20,128,32,middle,True,True,0,20,40,"{""2"": 20}",0,20,0,20,129
results\d6_r2_formal\raw_r1\boot_03\batch_20260920T100514.596153Z_e28d5022.json.gz,20260920T100514.596153Z_e28d5022,4,e1275f44-59b6-41ca-8780-f54220a9a565,d6r2_e1275f44-59b6-41ca-8780-f54220a9a565_9703_66867d38,78,calibration:sham,normal,cpu,role_aggregate,20,128,32,middle,True,True,0,20,40,"{""2"": 20}",0,20,0,20,129
results\d6_r2_formal\raw_r1\boot_03\batch_20260920T100522.973842Z_5ff7f739.json.gz,20260920T100522.973842Z_5ff7f739,4,e1275f44-59b6-41ca-8780-f54220a9a565,d6r2_e1275f44-59b6-41ca-8780-f54220a9a565_9703_66867d38,79,calibration:unloaded,normal,cpu,role_aggregate,20,128,32,middle,True,True,0,20,40,"{""2"": 20}",0,20,0,20,129
results\d6_r2_formal\raw_r1\boot_03\batch_20260920T100524.973611Z_69ff1400.json.gz,20260920T100524.973611Z_69ff1400,4,e1275f44-59b6-41ca-8780-f54220a9a565,d6r2_e1275f44-59b6-41ca-8780-f54220a9a565_9703_66867d38,80,calibration:sham,normal,baseline,role_aggregate,20,128,32,middle,True,True,0,20,40,"{""2"": 20}",0,20,0,20,129
results\d6_r2_formal\raw_r1\boot_03\batch_20260920T100533.216764Z_6288dec6.json.gz,20260920T100533.216764Z_6288dec6,4,e1275f44-59b6-41ca-8780-f54220a9a565,d6r2_e1275f44-59b6-41ca-8780-f54220a9a565_9703_66867d38,81,calibration:sham,normal,cpu,role_aggregate,20,128,32,middle,True,True,0,20,40,"{""2"": 20}",0,20,0,20,129
results\d6_r2_formal\raw_r1\boot_03\batch_20260920T100535.389011Z_b3720b98.json.gz,20260920T100535.389011Z_b3720b98,4,e1275f44-59b6-41ca-8780-f54220a9a565,d6r2_e1275f44-59b6-41ca-8780-f54220a9a565_9703_66867d38,82,calibration:unloaded,normal,baseline,role_aggregate,20,128,32,middle,True,True,0,20,40,"{""2"": 20}",0,20,0,20,129
results\d6_r2_formal\raw_r1\boot_03\batch_20260920T100543.559103Z_e7e392bd.json.gz,20260920T100543.559103Z_e7e392bd,4,e1275f44-59b6-41ca-8780-f54220a9a565,d6r2_e1275f44-59b6-41ca-8780-f54220a9a565_9703_66867d38,83,calibration:unloaded,normal,cpu,role_aggregate,20,128,32,middle,True,True,0,20,40,"{""2"": 20}",0,20,0,20,129
results\d6_r2_formal\raw_r1\boot_03\batch_20260920T100552.241598Z_7a7eaf6f.json.gz,20260920T100552.241598Z_7a7eaf6f,4,e1275f44-59b6-41ca-8780-f54220a9a565,d6r2_e1275f44-59b6-41ca-8780-f54220a9a565_9703_66867d38,84,calibration:sham,normal,cpu,role_aggregate,20,128,32,middle,True,True,0,20,40,"{""2"": 20}",0,20,0,20,129
results\d6_r2_formal\raw_r1\boot_03\batch_20260920T100556.873185Z_db3fde1f.json.gz,20260920T100556.873185Z_db3fde1f,4,e1275f44-59b6-41ca-8780-f54220a9a565,d6r2_e1275f44-59b6-41ca-8780-f54220a9a565_9703_66867d38,85,calibration:unloaded,normal,baseline,role_aggregate,20,128,32,middle,True,True,0,20,40,"{""2"": 20}",0,20,0,20,129
results\d6_r2_formal\raw_r1\boot_03\batch_20260920T100559.807293Z_85e69462.json.gz,20260920T100559.807293Z_85e69462,4,e1275f44-59b6-41ca-8780-f54220a9a565,d6r2_e1275f44-59b6-41ca-8780-f54220a9a565_9703_66867d38,86,calibration:unloaded,normal,baseline,role_aggregate,20,128,32,middle,True,True,0,20,40,"{""2"": 20}",0,20,0,20,129
results\d6_r2_formal\raw_r1\boot_03\batch_20260920T100603.287221Z_ed77a330.json.gz,20260920T100603.287221Z_ed77a330,4,e1275f44-59b6-41ca-8780-f54220a9a565,d6r2_e1275f44-59b6-41ca-8780-f54220a9a565_9703_66867d38,87,calibration:unloaded,normal,baseline,role_aggregate,20,128,32,middle,True,True,0,20,40,"{""2"": 20}",0,20,0,20,129
results\d6_r2_formal\raw_r1\boot_03\batch_20260920T100605.601300Z_6e99863f.json.gz,20260920T100605.601300Z_6e99863f,4,e1275f44-59b6-41ca-8780-f54220a9a565,d6r2_e1275f44-59b6-41ca-8780-f54220a9a565_9703_66867d38,88,calibration:sham,normal,baseline,role_aggregate,20,128,32,middle,True,True,0,20,40,"{""2"": 20}",0,20,0,20,129
results\d6_r2_formal\raw_r1\boot_03\batch_20260920T100614.256405Z_115b3326.json.gz,20260920T100614.256405Z_115b3326,4,e1275f44-59b6-41ca-8780-f54220a9a565,d6r2_e1275f44-59b6-41ca-8780-f54220a9a565_9703_66867d38,89,calibration:sham,normal,cpu,role_aggregate,20,128,32,middle,True,True,0,20,40,"{""2"": 20}",0,20,0,20,129
results\d6_r2_formal\raw_r1\boot_03\batch_20260920T100617.109254Z_5b091292.json.gz,20260920T100617.109254Z_5b091292,4,e1275f44-59b6-41ca-8780-f54220a9a565,d6r2_e1275f44-59b6-41ca-8780-f54220a9a565_9703_66867d38,90,calibration:unloaded,normal,baseline,role_aggregate,20,128,32,middle,True,True,0,20,40,"{""2"": 20}",0,20,0,20,129
results\d6_r2_formal\raw_r1\boot_03\batch_20260920T100619.275074Z_ed5b5931.json.gz,20260920T100619.275074Z_ed5b5931,4,e1275f44-59b6-41ca-8780-f54220a9a565,d6r2_e1275f44-59b6-41ca-8780-f54220a9a565_9703_66867d38,91,calibration:sham,normal,baseline,role_aggregate,20,128,32,middle,True,True,0,20,40,"{""2"": 20}",0,20,0,20,129
results\d6_r2_formal\raw_r1\boot_03\batch_20260920T100621.491025Z_3434650d.json.gz,20260920T100621.491025Z_3434650d,4,e1275f44-59b6-41ca-8780-f54220a9a565,d6r2_e1275f44-59b6-41ca-8780-f54220a9a565_9703_66867d38,92,calibration:sham,normal,baseline,role_aggregate,20,128,32,middle,True,True,0,20,40,"{""2"": 20}",0,20,0,20,129
results\d6_r2_formal\raw_r1\boot_03\batch_20260920T100623.753755Z_277620bd.json.gz,20260920T100623.753755Z_277620bd,4,e1275f44-59b6-41ca-8780-f54220a9a565,d6r2_e1275f44-59b6-41ca-8780-f54220a9a565_9703_66867d38,93,calibration:unloaded,normal,baseline,role_aggregate,20,128,32,middle,True,True,0,20,40,"{""2"": 20}",0,20,0,20,129
results\d6_r2_formal\raw_r1\boot_03\batch_20260920T100626.377308Z_d7bc6f11.json.gz,20260920T100626.377308Z_d7bc6f11,4,e1275f44-59b6-41ca-8780-f54220a9a565,d6r2_e1275f44-59b6-41ca-8780-f54220a9a565_9703_66867d38,94,calibration:unloaded,normal,baseline,role_aggregate,20,128,32,middle,True,True,0,20,40,"{""2"": 20}",0,20,0,20,129
results\d6_r2_formal\raw_r1\boot_03\batch_20260920T100634.960794Z_1beb371e.json.gz,20260920T100634.960794Z_1beb371e,4,e1275f44-59b6-41ca-8780-f54220a9a565,d6r2_e1275f44-59b6-41ca-8780-f54220a9a565_9703_66867d38,95,calibration:sham,normal,cpu,role_aggregate,20,128,32,middle,True,True,0,20,40,"{""2"": 20}",0,20,0,20,129
results\d6_r2_formal\raw_r1\boot_03\batch_20260920T100638.455609Z_29758004.json.gz,20260920T100638.455609Z_29758004,4,e1275f44-59b6-41ca-8780-f54220a9a565,d6r2_e1275f44-59b6-41ca-8780-f54220a9a565_9703_66867d38,96,calibration:sham,normal,baseline,role_aggregate,20,128,32,middle,True,True,0,20,40,"{""2"": 20}",0,20,0,20,129
results\d6_r2_formal\raw_r1\boot_03\batch_20260920T100641.164048Z_dde95668.json.gz,20260920T100641.164048Z_dde95668,4,e1275f44-59b6-41ca-8780-f54220a9a565,d6r2_e1275f44-59b6-41ca-8780-f54220a9a565_9703_66867d38,97,calibration:unloaded,normal,baseline,role_aggregate,20,128,32,middle,True,True,0,20,40,"{""2"": 20}",0,20,0,20,129
results\d6_r2_formal\raw_r1\boot_03\batch_20260920T100649.883068Z_b9ff3455.json.gz,20260920T100649.883068Z_b9ff3455,4,e1275f44-59b6-41ca-8780-f54220a9a565,d6r2_e1275f44-59b6-41ca-8780-f54220a9a565_9703_66867d38,98,calibration:sham,normal,cpu,role_aggregate,20,128,32,middle,True,True,0,20,40,"{""2"": 20}",0,20,0,20,129
results\d6_r2_formal\raw_r1\boot_03\batch_20260920T100652.269056Z_9d2b88e1.json.gz,20260920T100652.269056Z_9d2b88e1,4,e1275f44-59b6-41ca-8780-f54220a9a565,d6r2_e1275f44-59b6-41ca-8780-f54220a9a565_9703_66867d38,99,calibration:sham,normal,baseline,role_aggregate,20,128,32,middle,True,True,0,20,40,"{""2"": 20}",0,20,0,20,129
results\d6_r2_formal\raw_r1\boot_03\batch_20260920T100655.679444Z_303852e0.json.gz,20260920T100655.679444Z_303852e0,4,e1275f44-59b6-41ca-8780-f54220a9a565,d6r2_e1275f44-59b6-41ca-8780-f54220a9a565_9703_66867d38,100,test:hiding,rootkit,memory,role_aggregate,20,128,32,middle,True,True,0,20,40,"{""2"": 20}",0,20,0,0,
results\d6_r2_formal\raw_r1\boot_03\batch_20260920T100659.546134Z_6ecce69f.json.gz,20260920T100659.546134Z_6ecce69f,4,e1275f44-59b6-41ca-8780-f54220a9a565,d6r2_e1275f44-59b6-41ca-8780-f54220a9a565_9703_66867d38,101,test:hiding,rootkit,memory,role_aggregate,20,128,32,middle,True,True,0,20,40,"{""2"": 20}",0,20,0,0,
results\d6_r2_formal\raw_r1\boot_03\batch_20260920T100703.432947Z_4747eb6c.json.gz,20260920T100703.432947Z_4747eb6c,4,e1275f44-59b6-41ca-8780-f54220a9a565,d6r2_e1275f44-59b6-41ca-8780-f54220a9a565_9703_66867d38,102,test:hiding,rootkit,memory,role_aggregate,20,128,32,middle,True,True,0,20,40,"{""2"": 20}",0,20,0,0,
results\d6_r2_formal\raw_r1\boot_03\batch_20260920T100707.210770Z_89d2a32d.json.gz,20260920T100707.210770Z_89d2a32d,4,e1275f44-59b6-41ca-8780-f54220a9a565,d6r2_e1275f44-59b6-41ca-8780-f54220a9a565_9703_66867d38,103,test:hiding,rootkit,memory,role_aggregate,20,128,32,middle,True,True,0,20,40,"{""2"": 20}",0,20,0,0,
results\d6_r2_formal\raw_r1\boot_03\batch_20260920T100710.955029Z_f1bafd05.json.gz,20260920T100710.955029Z_f1bafd05,4,e1275f44-59b6-41ca-8780-f54220a9a565,d6r2_e1275f44-59b6-41ca-8780-f54220a9a565_9703_66867d38,104,test:hiding,rootkit,memory,role_aggregate,20,128,32,middle,True,True,0,20,40,"{""2"": 20}",0,20,0,0,
results\d6_r2_formal\raw_r1\boot_03\batch_20260920T100714.703189Z_bd9a529e.json.gz,20260920T100714.703189Z_bd9a529e,4,e1275f44-59b6-41ca-8780-f54220a9a565,d6r2_e1275f44-59b6-41ca-8780-f54220a9a565_9703_66867d38,105,test:hiding,rootkit,memory,role_aggregate,20,128,32,middle,True,True,0,20,40,"{""2"": 20}",0,20,0,0,
results\d6_r2_formal\raw_r1\boot_03\batch_20260920T100718.409402Z_f3ff7bf5.json.gz,20260920T100718.409402Z_f3ff7bf5,4,e1275f44-59b6-41ca-8780-f54220a9a565,d6r2_e1275f44-59b6-41ca-8780-f54220a9a565_9703_66867d38,106,test:hiding,rootkit,memory,role_aggregate,20,128,32,middle,True,True,0,20,40,"{""2"": 20}",0,20,0,0,
results\d6_r2_formal\raw_r1\boot_03\batch_20260920T100722.182024Z_1f06d5da.json.gz,20260920T100722.182024Z_1f06d5da,4,e1275f44-59b6-41ca-8780-f54220a9a565,d6r2_e1275f44-59b6-41ca-8780-f54220a9a565_9703_66867d38,107,test:hiding,rootkit,memory,role_aggregate,20,128,32,middle,True,True,0,20,40,"{""2"": 20}",0,20,0,0,
results\d6_r2_formal\raw_r1\boot_03\batch_20260920T100725.994925Z_9786a35d.json.gz,20260920T100725.994925Z_9786a35d,4,e1275f44-59b6-41ca-8780-f54220a9a565,d6r2_e1275f44-59b6-41ca-8780-f54220a9a565_9703_66867d38,108,test:hiding,rootkit,memory,role_aggregate,20,128,32,middle,True,True,0,20,40,"{""2"": 20}",0,20,0,0,
results\d6_r2_formal\raw_r1\boot_03\batch_20260920T100729.950802Z_5928deed.json.gz,20260920T100729.950802Z_5928deed,4,e1275f44-59b6-41ca-8780-f54220a9a565,d6r2_e1275f44-59b6-41ca-8780-f54220a9a565_9703_66867d38,109,test:hiding,rootkit,memory,role_aggregate,20,128,32,middle,True,True,0,20,40,"{""2"": 20}",0,20,0,0,
results\d6_r2_formal\raw_r1\boot_03\batch_20260920T100734.297239Z_7518e8c7.json.gz,20260920T100734.297239Z_7518e8c7,4,e1275f44-59b6-41ca-8780-f54220a9a565,d6r2_e1275f44-59b6-41ca-8780-f54220a9a565_9703_66867d38,110,test:hiding,rootkit,memory,role_aggregate,20,128,32,middle,True,True,0,20,40,"{""2"": 20}",0,20,0,0,
results\d6_r2_formal\raw_r1\boot_03\batch_20260920T100738.434862Z_8efa8dc3.json.gz,20260920T100738.434862Z_8efa8dc3,4,e1275f44-59b6-41ca-8780-f54220a9a565,d6r2_e1275f44-59b6-41ca-8780-f54220a9a565_9703_66867d38,111,test:hiding,rootkit,memory,role_aggregate,20,128,32,middle,True,True,0,20,40,"{""2"": 20}",0,20,0,0,
results\d6_r2_formal\raw_r1\boot_03\batch_20260920T100742.975574Z_3edb1dde.json.gz,20260920T100742.975574Z_3edb1dde,4,e1275f44-59b6-41ca-8780-f54220a9a565,d6r2_e1275f44-59b6-41ca-8780-f54220a9a565_9703_66867d38,112,test:hiding,rootkit,memory,role_aggregate,20,128,32,middle,True,True,0,20,40,"{""2"": 20}",0,20,0,0,
results\d6_r2_formal\raw_r1\boot_03\batch_20260920T100746.922830Z_1ac771ac.json.gz,20260920T100746.922830Z_1ac771ac,4,e1275f44-59b6-41ca-8780-f54220a9a565,d6r2_e1275f44-59b6-41ca-8780-f54220a9a565_9703_66867d38,113,test:hiding,rootkit,memory,role_aggregate,20,128,32,middle,True,True,0,20,40,"{""2"": 20}",0,20,0,0,
results\d6_r2_formal\raw_r1\boot_03\batch_20260920T100750.745052Z_e6d07481.json.gz,20260920T100750.745052Z_e6d07481,4,e1275f44-59b6-41ca-8780-f54220a9a565,d6r2_e1275f44-59b6-41ca-8780-f54220a9a565_9703_66867d38,114,test:hiding,rootkit,memory,role_aggregate,20,128,32,middle,True,True,0,20,40,"{""2"": 20}",0,20,0,0,
results\d6_r2_formal\raw_r1\boot_03\batch_20260920T100754.634338Z_c9ceff10.json.gz,20260920T100754.634338Z_c9ceff10,4,e1275f44-59b6-41ca-8780-f54220a9a565,d6r2_e1275f44-59b6-41ca-8780-f54220a9a565_9703_66867d38,115,test:hiding,rootkit,memory,role_aggregate,20,128,32,middle,True,True,0,20,40,"{""2"": 20}",0,20,0,0,
results\d6_r2_formal\raw_r1\boot_03\batch_20260920T100758.664088Z_3a8a48a5.json.gz,20260920T100758.664088Z_3a8a48a5,4,e1275f44-59b6-41ca-8780-f54220a9a565,d6r2_e1275f44-59b6-41ca-8780-f54220a9a565_9703_66867d38,116,test:hiding,rootkit,memory,role_aggregate,20,128,32,middle,True,True,0,20,40,"{""2"": 20}",0,20,0,0,
results\d6_r2_formal\raw_r1\boot_03\batch_20260920T100802.558260Z_4e652af0.json.gz,20260920T100802.558260Z_4e652af0,4,e1275f44-59b6-41ca-8780-f54220a9a565,d6r2_e1275f44-59b6-41ca-8780-f54220a9a565_9703_66867d38,117,test:hiding,rootkit,memory,role_aggregate,20,128,32,middle,True,True,0,20,40,"{""2"": 20}",0,20,0,0,
results\d6_r2_formal\raw_r1\boot_03\batch_20260920T100806.457892Z_c84daabc.json.gz,20260920T100806.457892Z_c84daabc,4,e1275f44-59b6-41ca-8780-f54220a9a565,d6r2_e1275f44-59b6-41ca-8780-f54220a9a565_9703_66867d38,118,test:hiding,rootkit,memory,role_aggregate,20,128,32,middle,True,True,0,20,40,"{""2"": 20}",0,20,0,0,
results\d6_r2_formal\raw_r1\boot_03\batch_20260920T100810.424231Z_48e983a2.json.gz,20260920T100810.424231Z_48e983a2,4,e1275f44-59b6-41ca-8780-f54220a9a565,d6r2_e1275f44-59b6-41ca-8780-f54220a9a565_9703_66867d38,119,test:hiding,rootkit,memory,role_aggregate,20,128,32,middle,True,True,0,20,40,"{""2"": 20}",0,20,0,0,
results\d6_r2_formal\raw_r1\boot_03\batch_20260920T100814.281211Z_dede2d76.json.gz,20260920T100814.281211Z_dede2d76,4,e1275f44-59b6-41ca-8780-f54220a9a565,d6r2_e1275f44-59b6-41ca-8780-f54220a9a565_9703_66867d38,120,test:hiding,rootkit,memory,role_aggregate,20,128,32,middle,True,True,0,20,40,"{""2"": 20}",0,20,0,0,
results\d6_r2_formal\raw_r1\boot_03\batch_20260920T100818.115235Z_425135a4.json.gz,20260920T100818.115235Z_425135a4,4,e1275f44-59b6-41ca-8780-f54220a9a565,d6r2_e1275f44-59b6-41ca-8780-f54220a9a565_9703_66867d38,121,test:hiding,rootkit,memory,role_aggregate,20,128,32,middle,True,True,0,20,40,"{""2"": 20}",0,20,0,0,
results\d6_r2_formal\raw_r1\boot_03\batch_20260920T100822.042062Z_2fbeb967.json.gz,20260920T100822.042062Z_2fbeb967,4,e1275f44-59b6-41ca-8780-f54220a9a565,d6r2_e1275f44-59b6-41ca-8780-f54220a9a565_9703_66867d38,122,test:hiding,rootkit,memory,role_aggregate,20,128,32,middle,True,True,0,20,40,"{""2"": 20}",0,20,0,0,
results\d6_r2_formal\raw_r1\boot_03\batch_20260920T100825.920159Z_bdba6738.json.gz,20260920T100825.920159Z_bdba6738,4,e1275f44-59b6-41ca-8780-f54220a9a565,d6r2_e1275f44-59b6-41ca-8780-f54220a9a565_9703_66867d38,123,test:hiding,rootkit,memory,role_aggregate,20,128,32,middle,True,True,0,20,40,"{""2"": 20}",0,20,0,0,
results\d6_r2_formal\raw_r1\boot_03\batch_20260920T100829.826983Z_cf69cc56.json.gz,20260920T100829.826983Z_cf69cc56,4,e1275f44-59b6-41ca-8780-f54220a9a565,d6r2_e1275f44-59b6-41ca-8780-f54220a9a565_9703_66867d38,124,test:hiding,rootkit,memory,role_aggregate,20,128,32,middle,True,True,0,20,40,"{""2"": 20}",0,20,0,0,
results\d6_r2_formal\raw_r1\boot_03\batch_20260920T100833.914207Z_8700bd84.json.gz,20260920T100833.914207Z_8700bd84,4,e1275f44-59b6-41ca-8780-f54220a9a565,d6r2_e1275f44-59b6-41ca-8780-f54220a9a565_9703_66867d38,125,test:hiding,rootkit,memory,role_aggregate,20,128,32,middle,True,True,0,20,40,"{""2"": 20}",0,20,0,0,
results\d6_r2_formal\raw_r1\boot_03\batch_20260920T100837.813877Z_8c7fba6a.json.gz,20260920T100837.813877Z_8c7fba6a,4,e1275f44-59b6-41ca-8780-f54220a9a565,d6r2_e1275f44-59b6-41ca-8780-f54220a9a565_9703_66867d38,126,test:hiding,rootkit,memory,role_aggregate,20,128,32,middle,True,True,0,20,40,"{""2"": 20}",0,20,0,0,
results\d6_r2_formal\raw_r1\boot_03\batch_20260920T100841.845148Z_7f3477bc.json.gz,20260920T100841.845148Z_7f3477bc,4,e1275f44-59b6-41ca-8780-f54220a9a565,d6r2_e1275f44-59b6-41ca-8780-f54220a9a565_9703_66867d38,127,test:hiding,rootkit,memory,role_aggregate,20,128,32,middle,True,True,0,20,40,"{""2"": 20}",0,20,0,0,
results\d6_r2_formal\raw_r1\boot_03\batch_20260920T100845.758118Z_9bf4b6c7.json.gz,20260920T100845.758118Z_9bf4b6c7,4,e1275f44-59b6-41ca-8780-f54220a9a565,d6r2_e1275f44-59b6-41ca-8780-f54220a9a565_9703_66867d38,128,test:hiding,rootkit,memory,role_aggregate,20,128,32,middle,True,True,0,20,40,"{""2"": 20}",0,20,0,0,
results\d6_r2_formal\raw_r1\boot_03\batch_20260920T100851.294308Z_a2c86c83.json.gz,20260920T100851.294308Z_a2c86c83,4,e1275f44-59b6-41ca-8780-f54220a9a565,d6r2_e1275f44-59b6-41ca-8780-f54220a9a565_9703_66867d38,129,test:hiding,rootkit,memory,role_aggregate,20,128,32,middle,True,True,0,20,40,"{""2"": 20}",0,20,0,0,
results\d6_r2_formal\raw_r1\boot_03\batch_20260920T100857.093866Z_270f28c8.json.gz,20260920T100857.093866Z_270f28c8,4,e1275f44-59b6-41ca-8780-f54220a9a565,d6r2_e1275f44-59b6-41ca-8780-f54220a9a565_9703_66867d38,130,test:hiding,rootkit,memory,role_aggregate,20,128,32,middle,True,True,0,20,40,"{""2"": 20}",0,20,0,0,
results\d6_r2_formal\raw_r1\boot_03\batch_20260920T100902.606254Z_bec6c9e0.json.gz,20260920T100902.606254Z_bec6c9e0,4,e1275f44-59b6-41ca-8780-f54220a9a565,d6r2_e1275f44-59b6-41ca-8780-f54220a9a565_9703_66867d38,131,test:hiding,rootkit,memory,role_aggregate,20,128,32,middle,True,True,0,20,40,"{""2"": 20}",0,20,0,0,
results\d6_r2_formal\raw_r1\boot_03\batch_20260920T100908.089589Z_a0b2ac48.json.gz,20260920T100908.089589Z_a0b2ac48,4,e1275f44-59b6-41ca-8780-f54220a9a565,d6r2_e1275f44-59b6-41ca-8780-f54220a9a565_9703_66867d38,132,test:hiding,rootkit,memory,role_aggregate,20,128,32,middle,True,True,0,20,40,"{""2"": 20}",0,20,0,0,
results\d6_r2_formal\raw_r1\boot_03\batch_20260920T100914.270608Z_fee3c5d4.json.gz,20260920T100914.270608Z_fee3c5d4,4,e1275f44-59b6-41ca-8780-f54220a9a565,d6r2_e1275f44-59b6-41ca-8780-f54220a9a565_9703_66867d38,133,test:hiding,rootkit,memory,role_aggregate,20,128,32,middle,True,True,0,20,40,"{""2"": 20}",0,20,0,0,
results\d6_r2_formal\raw_r1\boot_03\batch_20260920T100920.346308Z_f87a54ba.json.gz,20260920T100920.346308Z_f87a54ba,4,e1275f44-59b6-41ca-8780-f54220a9a565,d6r2_e1275f44-59b6-41ca-8780-f54220a9a565_9703_66867d38,134,test:hiding,rootkit,memory,role_aggregate,20,128,32,middle,True,True,0,20,40,"{""2"": 20}",0,20,0,0,
results\d6_r2_formal\raw_r1\boot_03\batch_20260920T100926.074384Z_f20ca1b1.json.gz,20260920T100926.074384Z_f20ca1b1,4,e1275f44-59b6-41ca-8780-f54220a9a565,d6r2_e1275f44-59b6-41ca-8780-f54220a9a565_9703_66867d38,135,test:hiding,rootkit,memory,role_aggregate,20,128,32,middle,True,True,0,20,40,"{""2"": 20}",0,20,0,0,
results\d6_r2_formal\raw_r1\boot_03\batch_20260920T100932.138273Z_36f9a83f.json.gz,20260920T100932.138273Z_36f9a83f,4,e1275f44-59b6-41ca-8780-f54220a9a565,d6r2_e1275f44-59b6-41ca-8780-f54220a9a565_9703_66867d38,136,test:hiding,rootkit,memory,role_aggregate,20,128,32,middle,True,True,0,20,40,"{""2"": 20}",0,20,0,0,
results\d6_r2_formal\raw_r1\boot_03\batch_20260920T100935.718949Z_c8d783ae.json.gz,20260920T100935.718949Z_c8d783ae,4,e1275f44-59b6-41ca-8780-f54220a9a565,d6r2_e1275f44-59b6-41ca-8780-f54220a9a565_9703_66867d38,137,test:hiding,rootkit,memory,role_aggregate,20,128,32,middle,True,True,0,20,40,"{""2"": 20}",0,20,0,0,
results\d6_r2_formal\raw_r1\boot_03\batch_20260920T100939.253599Z_8802b4ec.json.gz,20260920T100939.253599Z_8802b4ec,4,e1275f44-59b6-41ca-8780-f54220a9a565,d6r2_e1275f44-59b6-41ca-8780-f54220a9a565_9703_66867d38,138,test:hiding,rootkit,memory,role_aggregate,20,128,32,middle,True,True,0,20,40,"{""2"": 20}",0,20,0,0,
results\d6_r2_formal\raw_r1\boot_03\batch_20260920T100942.788233Z_bd074d35.json.gz,20260920T100942.788233Z_bd074d35,4,e1275f44-59b6-41ca-8780-f54220a9a565,d6r2_e1275f44-59b6-41ca-8780-f54220a9a565_9703_66867d38,139,test:hiding,rootkit,memory,role_aggregate,20,128,32,middle,True,True,0,20,40,"{""2"": 20}",0,20,0,0,
results\d6_r2_formal\raw_r1\boot_03\batch_20260920T100951.471095Z_d9e3cda6.json.gz,20260920T100951.471095Z_d9e3cda6,4,e1275f44-59b6-41ca-8780-f54220a9a565,d6r2_e1275f44-59b6-41ca-8780-f54220a9a565_9703_66867d38,140,test:hiding,rootkit,mixed,role_aggregate,20,128,32,middle,True,True,0,20,40,"{""2"": 20}",0,20,0,0,
results\d6_r2_formal\raw_r1\boot_03\batch_20260920T101000.203395Z_d9940216.json.gz,20260920T101000.203395Z_d9940216,4,e1275f44-59b6-41ca-8780-f54220a9a565,d6r2_e1275f44-59b6-41ca-8780-f54220a9a565_9703_66867d38,141,test:hiding,rootkit,mixed,role_aggregate,20,128,32,middle,True,True,0,20,40,"{""2"": 20}",0,20,0,0,
results\d6_r2_formal\raw_r1\boot_03\batch_20260920T101008.833071Z_a3db440e.json.gz,20260920T101008.833071Z_a3db440e,4,e1275f44-59b6-41ca-8780-f54220a9a565,d6r2_e1275f44-59b6-41ca-8780-f54220a9a565_9703_66867d38,142,test:hiding,rootkit,mixed,role_aggregate,20,128,32,middle,True,True,0,20,40,"{""2"": 20}",0,20,0,0,
results\d6_r2_formal\raw_r1\boot_03\batch_20260920T101017.480798Z_9a3b537b.json.gz,20260920T101017.480798Z_9a3b537b,4,e1275f44-59b6-41ca-8780-f54220a9a565,d6r2_e1275f44-59b6-41ca-8780-f54220a9a565_9703_66867d38,143,test:hiding,rootkit,mixed,role_aggregate,20,128,32,middle,True,True,0,20,40,"{""2"": 20}",0,20,0,0,
results\d6_r2_formal\raw_r1\boot_03\batch_20260920T101026.129809Z_f0804126.json.gz,20260920T101026.129809Z_f0804126,4,e1275f44-59b6-41ca-8780-f54220a9a565,d6r2_e1275f44-59b6-41ca-8780-f54220a9a565_9703_66867d38,144,test:hiding,rootkit,mixed,role_aggregate,20,128,32,middle,True,True,0,20,40,"{""2"": 20}",0,20,0,0,
results\d6_r2_formal\raw_r1\boot_03\batch_20260920T101035.182840Z_cfc9614f.json.gz,20260920T101035.182840Z_cfc9614f,4,e1275f44-59b6-41ca-8780-f54220a9a565,d6r2_e1275f44-59b6-41ca-8780-f54220a9a565_9703_66867d38,145,test:hiding,rootkit,mixed,role_aggregate,20,128,32,middle,True,True,0,20,40,"{""2"": 20}",0,20,0,0,
results\d6_r2_formal\raw_r1\boot_03\batch_20260920T101043.773084Z_f6ffa46b.json.gz,20260920T101043.773084Z_f6ffa46b,4,e1275f44-59b6-41ca-8780-f54220a9a565,d6r2_e1275f44-59b6-41ca-8780-f54220a9a565_9703_66867d38,146,test:hiding,rootkit,mixed,role_aggregate,20,128,32,middle,True,True,0,20,40,"{""2"": 20}",0,20,0,0,
results\d6_r2_formal\raw_r1\boot_03\batch_20260920T101052.451188Z_e21b634d.json.gz,20260920T101052.451188Z_e21b634d,4,e1275f44-59b6-41ca-8780-f54220a9a565,d6r2_e1275f44-59b6-41ca-8780-f54220a9a565_9703_66867d38,147,test:hiding,rootkit,mixed,role_aggregate,20,128,32,middle,True,True,0,20,40,"{""2"": 20}",0,20,0,0,
results\d6_r2_formal\raw_r1\boot_03\batch_20260920T101101.049338Z_b74e94e8.json.gz,20260920T101101.049338Z_b74e94e8,4,e1275f44-59b6-41ca-8780-f54220a9a565,d6r2_e1275f44-59b6-41ca-8780-f54220a9a565_9703_66867d38,148,test:hiding,rootkit,mixed,role_aggregate,20,128,32,middle,True,True,0,20,40,"{""2"": 20}",0,20,0,0,
results\d6_r2_formal\raw_r1\boot_03\batch_20260920T101109.674791Z_f1ccdfdc.json.gz,20260920T101109.674791Z_f1ccdfdc,4,e1275f44-59b6-41ca-8780-f54220a9a565,d6r2_e1275f44-59b6-41ca-8780-f54220a9a565_9703_66867d38,149,test:hiding,rootkit,mixed,role_aggregate,20,128,32,middle,True,True,0,20,40,"{""2"": 20}",0,20,0,0,
results\d6_r2_formal\raw_r1\boot_03\batch_20260920T101118.250201Z_d879ab36.json.gz,20260920T101118.250201Z_d879ab36,4,e1275f44-59b6-41ca-8780-f54220a9a565,d6r2_e1275f44-59b6-41ca-8780-f54220a9a565_9703_66867d38,150,test:hiding,rootkit,mixed,role_aggregate,20,128,32,middle,True,True,0,20,40,"{""2"": 20}",0,20,0,0,
results\d6_r2_formal\raw_r1\boot_03\batch_20260920T101126.881042Z_0b0e6a12.json.gz,20260920T101126.881042Z_0b0e6a12,4,e1275f44-59b6-41ca-8780-f54220a9a565,d6r2_e1275f44-59b6-41ca-8780-f54220a9a565_9703_66867d38,151,test:hiding,rootkit,mixed,role_aggregate,20,128,32,middle,True,True,0,20,40,"{""2"": 20}",0,20,0,0,
results\d6_r2_formal\raw_r1\boot_03\batch_20260920T101135.493933Z_bbc56934.json.gz,20260920T101135.493933Z_bbc56934,4,e1275f44-59b6-41ca-8780-f54220a9a565,d6r2_e1275f44-59b6-41ca-8780-f54220a9a565_9703_66867d38,152,test:hiding,rootkit,mixed,role_aggregate,20,128,32,middle,True,True,0,20,40,"{""2"": 20}",0,20,0,0,
results\d6_r2_formal\raw_r1\boot_03\batch_20260920T101144.102168Z_93fedcfd.json.gz,20260920T101144.102168Z_93fedcfd,4,e1275f44-59b6-41ca-8780-f54220a9a565,d6r2_e1275f44-59b6-41ca-8780-f54220a9a565_9703_66867d38,153,test:hiding,rootkit,mixed,role_aggregate,20,128,32,middle,True,True,0,20,40,"{""2"": 20}",0,20,0,0,
results\d6_r2_formal\raw_r1\boot_03\batch_20260920T101152.700113Z_e7533392.json.gz,20260920T101152.700113Z_e7533392,4,e1275f44-59b6-41ca-8780-f54220a9a565,d6r2_e1275f44-59b6-41ca-8780-f54220a9a565_9703_66867d38,154,test:hiding,rootkit,mixed,role_aggregate,20,128,32,middle,True,True,0,20,40,"{""2"": 20}",0,20,0,0,
results\d6_r2_formal\raw_r1\boot_03\batch_20260920T101201.297568Z_33cf2867.json.gz,20260920T101201.297568Z_33cf2867,4,e1275f44-59b6-41ca-8780-f54220a9a565,d6r2_e1275f44-59b6-41ca-8780-f54220a9a565_9703_66867d38,155,test:hiding,rootkit,mixed,role_aggregate,20,128,32,middle,True,True,0,20,40,"{""2"": 20}",0,20,0,0,
results\d6_r2_formal\raw_r1\boot_03\batch_20260920T101209.921812Z_623757f1.json.gz,20260920T101209.921812Z_623757f1,4,e1275f44-59b6-41ca-8780-f54220a9a565,d6r2_e1275f44-59b6-41ca-8780-f54220a9a565_9703_66867d38,156,test:hiding,rootkit,mixed,role_aggregate,20,128,32,middle,True,True,0,20,40,"{""2"": 20}",0,20,0,0,
results\d6_r2_formal\raw_r1\boot_03\batch_20260920T101218.571793Z_d8bfa9ee.json.gz,20260920T101218.571793Z_d8bfa9ee,4,e1275f44-59b6-41ca-8780-f54220a9a565,d6r2_e1275f44-59b6-41ca-8780-f54220a9a565_9703_66867d38,157,test:hiding,rootkit,mixed,role_aggregate,20,128,32,middle,True,True,0,20,40,"{""2"": 20}",0,20,0,0,
results\d6_r2_formal\raw_r1\boot_03\batch_20260920T101227.142830Z_341b14fa.json.gz,20260920T101227.142830Z_341b14fa,4,e1275f44-59b6-41ca-8780-f54220a9a565,d6r2_e1275f44-59b6-41ca-8780-f54220a9a565_9703_66867d38,158,test:hiding,rootkit,mixed,role_aggregate,20,128,32,middle,True,True,0,20,40,"{""2"": 20}",0,20,0,0,
results\d6_r2_formal\raw_r1\boot_03\batch_20260920T101235.973232Z_e808bb62.json.gz,20260920T101235.973232Z_e808bb62,4,e1275f44-59b6-41ca-8780-f54220a9a565,d6r2_e1275f44-59b6-41ca-8780-f54220a9a565_9703_66867d38,159,test:hiding,rootkit,mixed,role_aggregate,20,128,32,middle,True,True,0,20,40,"{""2"": 20}",0,20,0,0,
results\d6_r2_formal\raw_r1\boot_03\batch_20260920T101244.692210Z_b6ec0697.json.gz,20260920T101244.692210Z_b6ec0697,4,e1275f44-59b6-41ca-8780-f54220a9a565,d6r2_e1275f44-59b6-41ca-8780-f54220a9a565_9703_66867d38,160,test:hiding,rootkit,mixed,role_aggregate,20,128,32,middle,True,True,0,20,40,"{""2"": 20}",0,20,0,0,
results\d6_r2_formal\raw_r1\boot_03\batch_20260920T101253.366236Z_ea624a5a.json.gz,20260920T101253.366236Z_ea624a5a,4,e1275f44-59b6-41ca-8780-f54220a9a565,d6r2_e1275f44-59b6-41ca-8780-f54220a9a565_9703_66867d38,161,test:hiding,rootkit,mixed,role_aggregate,20,128,32,middle,True,True,0,20,40,"{""2"": 20}",0,20,0,0,
results\d6_r2_formal\raw_r1\boot_03\batch_20260920T101302.035156Z_3080d881.json.gz,20260920T101302.035156Z_3080d881,4,e1275f44-59b6-41ca-8780-f54220a9a565,d6r2_e1275f44-59b6-41ca-8780-f54220a9a565_9703_66867d38,162,test:hiding,rootkit,mixed,role_aggregate,20,128,32,middle,True,True,0,20,40,"{""2"": 20}",0,20,0,0,
results\d6_r2_formal\raw_r1\boot_03\batch_20260920T101310.863000Z_97fac652.json.gz,20260920T101310.863000Z_97fac652,4,e1275f44-59b6-41ca-8780-f54220a9a565,d6r2_e1275f44-59b6-41ca-8780-f54220a9a565_9703_66867d38,163,test:hiding,rootkit,mixed,role_aggregate,20,128,32,middle,True,True,0,20,40,"{""2"": 20}",0,20,0,0,
results\d6_r2_formal\raw_r1\boot_03\batch_20260920T101319.490130Z_45956106.json.gz,20260920T101319.490130Z_45956106,4,e1275f44-59b6-41ca-8780-f54220a9a565,d6r2_e1275f44-59b6-41ca-8780-f54220a9a565_9703_66867d38,164,test:hiding,rootkit,mixed,role_aggregate,20,128,32,middle,True,True,0,20,40,"{""2"": 20}",0,20,0,0,
results\d6_r2_formal\raw_r1\boot_03\batch_20260920T101328.166762Z_c4708182.json.gz,20260920T101328.166762Z_c4708182,4,e1275f44-59b6-41ca-8780-f54220a9a565,d6r2_e1275f44-59b6-41ca-8780-f54220a9a565_9703_66867d38,165,test:hiding,rootkit,mixed,role_aggregate,20,128,32,middle,True,True,0,20,40,"{""2"": 20}",0,20,0,0,
results\d6_r2_formal\raw_r1\boot_03\batch_20260920T101336.832349Z_51aae069.json.gz,20260920T101336.832349Z_51aae069,4,e1275f44-59b6-41ca-8780-f54220a9a565,d6r2_e1275f44-59b6-41ca-8780-f54220a9a565_9703_66867d38,166,test:hiding,rootkit,mixed,role_aggregate,20,128,32,middle,True,True,0,20,40,"{""2"": 20}",0,20,0,0,
results\d6_r2_formal\raw_r1\boot_03\batch_20260920T101345.484940Z_90dc2ac1.json.gz,20260920T101345.484940Z_90dc2ac1,4,e1275f44-59b6-41ca-8780-f54220a9a565,d6r2_e1275f44-59b6-41ca-8780-f54220a9a565_9703_66867d38,167,test:hiding,rootkit,mixed,role_aggregate,20,128,32,middle,True,True,0,20,40,"{""2"": 20}",0,20,0,0,
results\d6_r2_formal\raw_r1\boot_03\batch_20260920T101354.158107Z_61f109d1.json.gz,20260920T101354.158107Z_61f109d1,4,e1275f44-59b6-41ca-8780-f54220a9a565,d6r2_e1275f44-59b6-41ca-8780-f54220a9a565_9703_66867d38,168,test:hiding,rootkit,mixed,role_aggregate,20,128,32,middle,True,True,0,20,40,"{""2"": 20}",0,20,0,0,
results\d6_r2_formal\raw_r1\boot_03\batch_20260920T101402.774084Z_fa4bb0ab.json.gz,20260920T101402.774084Z_fa4bb0ab,4,e1275f44-59b6-41ca-8780-f54220a9a565,d6r2_e1275f44-59b6-41ca-8780-f54220a9a565_9703_66867d38,169,test:hiding,rootkit,mixed,role_aggregate,20,128,32,middle,True,True,0,20,40,"{""2"": 20}",0,20,0,0,
results\d6_r2_formal\raw_r1\boot_03\batch_20260920T101411.464624Z_7cad5093.json.gz,20260920T101411.464624Z_7cad5093,4,e1275f44-59b6-41ca-8780-f54220a9a565,d6r2_e1275f44-59b6-41ca-8780-f54220a9a565_9703_66867d38,170,test:hiding,rootkit,mixed,role_aggregate,20,128,32,middle,True,True,0,20,40,"{""2"": 20}",0,20,0,0,
results\d6_r2_formal\raw_r1\boot_03\batch_20260920T101420.117868Z_e1178ce5.json.gz,20260920T101420.117868Z_e1178ce5,4,e1275f44-59b6-41ca-8780-f54220a9a565,d6r2_e1275f44-59b6-41ca-8780-f54220a9a565_9703_66867d38,171,test:hiding,rootkit,mixed,role_aggregate,20,128,32,middle,True,True,0,20,40,"{""2"": 20}",0,20,0,0,
results\d6_r2_formal\raw_r1\boot_03\batch_20260920T101428.767817Z_7d8befed.json.gz,20260920T101428.767817Z_7d8befed,4,e1275f44-59b6-41ca-8780-f54220a9a565,d6r2_e1275f44-59b6-41ca-8780-f54220a9a565_9703_66867d38,172,test:hiding,rootkit,mixed,role_aggregate,20,128,32,middle,True,True,0,20,40,"{""2"": 20}",0,20,0,0,
results\d6_r2_formal\raw_r1\boot_03\batch_20260920T101437.970526Z_c70147cf.json.gz,20260920T101437.970526Z_c70147cf,4,e1275f44-59b6-41ca-8780-f54220a9a565,d6r2_e1275f44-59b6-41ca-8780-f54220a9a565_9703_66867d38,173,test:hiding,rootkit,mixed,role_aggregate,20,128,32,middle,True,True,0,20,40,"{""2"": 20}",0,20,0,0,
results\d6_r2_formal\raw_r1\boot_03\batch_20260920T101446.762203Z_322ba911.json.gz,20260920T101446.762203Z_322ba911,4,e1275f44-59b6-41ca-8780-f54220a9a565,d6r2_e1275f44-59b6-41ca-8780-f54220a9a565_9703_66867d38,174,test:hiding,rootkit,mixed,role_aggregate,20,128,32,middle,True,True,0,20,40,"{""2"": 20}",0,20,0,0,
results\d6_r2_formal\raw_r1\boot_03\batch_20260920T101455.687043Z_4c7019cb.json.gz,20260920T101455.687043Z_4c7019cb,4,e1275f44-59b6-41ca-8780-f54220a9a565,d6r2_e1275f44-59b6-41ca-8780-f54220a9a565_9703_66867d38,175,test:hiding,rootkit,mixed,role_aggregate,20,128,32,middle,True,True,0,20,40,"{""2"": 20}",0,20,0,0,
results\d6_r2_formal\raw_r1\boot_03\batch_20260920T101504.460942Z_7773402f.json.gz,20260920T101504.460942Z_7773402f,4,e1275f44-59b6-41ca-8780-f54220a9a565,d6r2_e1275f44-59b6-41ca-8780-f54220a9a565_9703_66867d38,176,test:hiding,rootkit,mixed,role_aggregate,20,128,32,middle,True,True,0,20,40,"{""2"": 20}",0,20,0,0,
results\d6_r2_formal\raw_r1\boot_03\batch_20260920T101513.197967Z_cb37ad25.json.gz,20260920T101513.197967Z_cb37ad25,4,e1275f44-59b6-41ca-8780-f54220a9a565,d6r2_e1275f44-59b6-41ca-8780-f54220a9a565_9703_66867d38,177,test:hiding,rootkit,mixed,role_aggregate,20,128,32,middle,True,True,0,20,40,"{""2"": 20}",0,20,0,0,
results\d6_r2_formal\raw_r1\boot_03\batch_20260920T101521.895711Z_658b0d7e.json.gz,20260920T101521.895711Z_658b0d7e,4,e1275f44-59b6-41ca-8780-f54220a9a565,d6r2_e1275f44-59b6-41ca-8780-f54220a9a565_9703_66867d38,178,test:hiding,rootkit,mixed,role_aggregate,20,128,32,middle,True,True,0,20,40,"{""2"": 20}",0,20,0,0,
results\d6_r2_formal\raw_r1\boot_03\batch_20260920T101530.525728Z_bfee6d25.json.gz,20260920T101530.525728Z_bfee6d25,4,e1275f44-59b6-41ca-8780-f54220a9a565,d6r2_e1275f44-59b6-41ca-8780-f54220a9a565_9703_66867d38,179,test:hiding,rootkit,mixed,role_aggregate,20,128,32,middle,True,True,0,20,40,"{""2"": 20}",0,20,0,0,
results\d6_r2_formal\raw_r1\boot_03\batch_20260920T101533.006874Z_75bbfa71.json.gz,20260920T101533.006874Z_75bbfa71,4,e1275f44-59b6-41ca-8780-f54220a9a565,d6r2_e1275f44-59b6-41ca-8780-f54220a9a565_9703_66867d38,180,test:hiding,rootkit,baseline,role_aggregate,20,128,32,middle,True,True,0,20,40,"{""2"": 20}",0,20,0,0,
results\d6_r2_formal\raw_r1\boot_03\batch_20260920T101535.537212Z_9b7c1c58.json.gz,20260920T101535.537212Z_9b7c1c58,4,e1275f44-59b6-41ca-8780-f54220a9a565,d6r2_e1275f44-59b6-41ca-8780-f54220a9a565_9703_66867d38,181,test:hiding,rootkit,baseline,role_aggregate,20,128,32,middle,True,True,0,20,40,"{""2"": 20}",0,20,0,0,
results\d6_r2_formal\raw_r1\boot_03\batch_20260920T101538.001977Z_9840c536.json.gz,20260920T101538.001977Z_9840c536,4,e1275f44-59b6-41ca-8780-f54220a9a565,d6r2_e1275f44-59b6-41ca-8780-f54220a9a565_9703_66867d38,182,test:hiding,rootkit,baseline,role_aggregate,20,128,32,middle,True,True,0,20,40,"{""2"": 20}",0,20,0,0,
results\d6_r2_formal\raw_r1\boot_03\batch_20260920T101540.447886Z_c3159619.json.gz,20260920T101540.447886Z_c3159619,4,e1275f44-59b6-41ca-8780-f54220a9a565,d6r2_e1275f44-59b6-41ca-8780-f54220a9a565_9703_66867d38,183,test:hiding,rootkit,baseline,role_aggregate,20,128,32,middle,True,True,0,20,40,"{""2"": 20}",0,20,0,0,
results\d6_r2_formal\raw_r1\boot_03\batch_20260920T101542.899996Z_19edc103.json.gz,20260920T101542.899996Z_19edc103,4,e1275f44-59b6-41ca-8780-f54220a9a565,d6r2_e1275f44-59b6-41ca-8780-f54220a9a565_9703_66867d38,184,test:hiding,rootkit,baseline,role_aggregate,20,128,32,middle,True,True,0,20,40,"{""2"": 20}",0,20,0,0,
results\d6_r2_formal\raw_r1\boot_03\batch_20260920T101545.364098Z_e32b4895.json.gz,20260920T101545.364098Z_e32b4895,4,e1275f44-59b6-41ca-8780-f54220a9a565,d6r2_e1275f44-59b6-41ca-8780-f54220a9a565_9703_66867d38,185,test:hiding,rootkit,baseline,role_aggregate,20,128,32,middle,True,True,0,20,40,"{""2"": 20}",0,20,0,0,
results\d6_r2_formal\raw_r1\boot_03\batch_20260920T101547.955074Z_85c27bcb.json.gz,20260920T101547.955074Z_85c27bcb,4,e1275f44-59b6-41ca-8780-f54220a9a565,d6r2_e1275f44-59b6-41ca-8780-f54220a9a565_9703_66867d38,186,test:hiding,rootkit,baseline,role_aggregate,20,128,32,middle,True,True,0,20,40,"{""2"": 20}",0,20,0,0,
results\d6_r2_formal\raw_r1\boot_03\batch_20260920T101550.539839Z_be10d465.json.gz,20260920T101550.539839Z_be10d465,4,e1275f44-59b6-41ca-8780-f54220a9a565,d6r2_e1275f44-59b6-41ca-8780-f54220a9a565_9703_66867d38,187,test:hiding,rootkit,baseline,role_aggregate,20,128,32,middle,True,True,0,20,40,"{""2"": 20}",0,20,0,0,
results\d6_r2_formal\raw_r1\boot_03\batch_20260920T101552.990192Z_e90e3715.json.gz,20260920T101552.990192Z_e90e3715,4,e1275f44-59b6-41ca-8780-f54220a9a565,d6r2_e1275f44-59b6-41ca-8780-f54220a9a565_9703_66867d38,188,test:hiding,rootkit,baseline,role_aggregate,20,128,32,middle,True,True,0,20,40,"{""2"": 20}",0,20,0,0,
results\d6_r2_formal\raw_r1\boot_03\batch_20260920T101555.427888Z_e4b6d124.json.gz,20260920T101555.427888Z_e4b6d124,4,e1275f44-59b6-41ca-8780-f54220a9a565,d6r2_e1275f44-59b6-41ca-8780-f54220a9a565_9703_66867d38,189,test:hiding,rootkit,baseline,role_aggregate,20,128,32,middle,True,True,0,20,40,"{""2"": 20}",0,20,0,0,
results\d6_r2_formal\raw_r1\boot_03\batch_20260920T101557.948899Z_0be14aef.json.gz,20260920T101557.948899Z_0be14aef,4,e1275f44-59b6-41ca-8780-f54220a9a565,d6r2_e1275f44-59b6-41ca-8780-f54220a9a565_9703_66867d38,190,test:hiding,rootkit,baseline,role_aggregate,20,128,32,middle,True,True,0,20,40,"{""2"": 20}",0,20,0,0,
results\d6_r2_formal\raw_r1\boot_03\batch_20260920T101600.533830Z_de3e80f6.json.gz,20260920T101600.533830Z_de3e80f6,4,e1275f44-59b6-41ca-8780-f54220a9a565,d6r2_e1275f44-59b6-41ca-8780-f54220a9a565_9703_66867d38,191,test:hiding,rootkit,baseline,role_aggregate,20,128,32,middle,True,True,0,20,40,"{""2"": 20}",0,20,0,0,
results\d6_r2_formal\raw_r1\boot_03\batch_20260920T101603.112285Z_f40f0cd5.json.gz,20260920T101603.112285Z_f40f0cd5,4,e1275f44-59b6-41ca-8780-f54220a9a565,d6r2_e1275f44-59b6-41ca-8780-f54220a9a565_9703_66867d38,192,test:hiding,rootkit,baseline,role_aggregate,20,128,32,middle,True,True,0,20,40,"{""2"": 20}",0,20,0,0,
results\d6_r2_formal\raw_r1\boot_03\batch_20260920T101605.658821Z_fe861eef.json.gz,20260920T101605.658821Z_fe861eef,4,e1275f44-59b6-41ca-8780-f54220a9a565,d6r2_e1275f44-59b6-41ca-8780-f54220a9a565_9703_66867d38,193,test:hiding,rootkit,baseline,role_aggregate,20,128,32,middle,True,True,0,20,40,"{""2"": 20}",0,20,0,0,
results\d6_r2_formal\raw_r1\boot_03\batch_20260920T101608.138222Z_69d0205f.json.gz,20260920T101608.138222Z_69d0205f,4,e1275f44-59b6-41ca-8780-f54220a9a565,d6r2_e1275f44-59b6-41ca-8780-f54220a9a565_9703_66867d38,194,test:hiding,rootkit,baseline,role_aggregate,20,128,32,middle,True,True,0,20,40,"{""2"": 20}",0,20,0,0,
results\d6_r2_formal\raw_r1\boot_03\batch_20260920T101610.595962Z_32679045.json.gz,20260920T101610.595962Z_32679045,4,e1275f44-59b6-41ca-8780-f54220a9a565,d6r2_e1275f44-59b6-41ca-8780-f54220a9a565_9703_66867d38,195,test:hiding,rootkit,baseline,role_aggregate,20,128,32,middle,True,True,0,20,40,"{""2"": 20}",0,20,0,0,
results\d6_r2_formal\raw_r1\boot_03\batch_20260920T101613.065972Z_de2e4a9b.json.gz,20260920T101613.065972Z_de2e4a9b,4,e1275f44-59b6-41ca-8780-f54220a9a565,d6r2_e1275f44-59b6-41ca-8780-f54220a9a565_9703_66867d38,196,test:hiding,rootkit,baseline,role_aggregate,20,128,32,middle,True,True,0,20,40,"{""2"": 20}",0,20,0,0,
results\d6_r2_formal\raw_r1\boot_03\batch_20260920T101615.532992Z_4e791798.json.gz,20260920T101615.532992Z_4e791798,4,e1275f44-59b6-41ca-8780-f54220a9a565,d6r2_e1275f44-59b6-41ca-8780-f54220a9a565_9703_66867d38,197,test:hiding,rootkit,baseline,role_aggregate,20,128,32,middle,True,True,0,20,40,"{""2"": 20}",0,20,0,0,
results\d6_r2_formal\raw_r1\boot_03\batch_20260920T101618.003992Z_cca75ed9.json.gz,20260920T101618.003992Z_cca75ed9,4,e1275f44-59b6-41ca-8780-f54220a9a565,d6r2_e1275f44-59b6-41ca-8780-f54220a9a565_9703_66867d38,198,test:hiding,rootkit,baseline,role_aggregate,20,128,32,middle,True,True,0,20,40,"{""2"": 20}",0,20,0,0,
results\d6_r2_formal\raw_r1\boot_03\batch_20260920T101620.446253Z_30b89f93.json.gz,20260920T101620.446253Z_30b89f93,4,e1275f44-59b6-41ca-8780-f54220a9a565,d6r2_e1275f44-59b6-41ca-8780-f54220a9a565_9703_66867d38,199,test:hiding,rootkit,baseline,role_aggregate,20,128,32,middle,True,True,0,20,40,"{""2"": 20}",0,20,0,0,
results\d6_r2_formal\raw_r1\boot_03\batch_20260920T101622.960199Z_4d2e5c65.json.gz,20260920T101622.960199Z_4d2e5c65,4,e1275f44-59b6-41ca-8780-f54220a9a565,d6r2_e1275f44-59b6-41ca-8780-f54220a9a565_9703_66867d38,200,test:hiding,rootkit,baseline,role_aggregate,20,128,32,middle,True,True,0,20,40,"{""2"": 20}",0,20,0,0,
results\d6_r2_formal\raw_r1\boot_03\batch_20260920T101625.434954Z_ce866ae3.json.gz,20260920T101625.434954Z_ce866ae3,4,e1275f44-59b6-41ca-8780-f54220a9a565,d6r2_e1275f44-59b6-41ca-8780-f54220a9a565_9703_66867d38,201,test:hiding,rootkit,baseline,role_aggregate,20,128,32,middle,True,True,0,20,40,"{""2"": 20}",0,20,0,0,
results\d6_r2_formal\raw_r1\boot_03\batch_20260920T101627.934960Z_f3f9cab2.json.gz,20260920T101627.934960Z_f3f9cab2,4,e1275f44-59b6-41ca-8780-f54220a9a565,d6r2_e1275f44-59b6-41ca-8780-f54220a9a565_9703_66867d38,202,test:hiding,rootkit,baseline,role_aggregate,20,128,32,middle,True,True,0,20,40,"{""2"": 20}",0,20,0,0,
results\d6_r2_formal\raw_r1\boot_03\batch_20260920T101630.394791Z_7d8abcd1.json.gz,20260920T101630.394791Z_7d8abcd1,4,e1275f44-59b6-41ca-8780-f54220a9a565,d6r2_e1275f44-59b6-41ca-8780-f54220a9a565_9703_66867d38,203,test:hiding,rootkit,baseline,role_aggregate,20,128,32,middle,True,True,0,20,40,"{""2"": 20}",0,20,0,0,
results\d6_r2_formal\raw_r1\boot_03\batch_20260920T101632.868855Z_a40c80c3.json.gz,20260920T101632.868855Z_a40c80c3,4,e1275f44-59b6-41ca-8780-f54220a9a565,d6r2_e1275f44-59b6-41ca-8780-f54220a9a565_9703_66867d38,204,test:hiding,rootkit,baseline,role_aggregate,20,128,32,middle,True,True,0,20,40,"{""2"": 20}",0,20,0,0,
results\d6_r2_formal\raw_r1\boot_03\batch_20260920T101635.357929Z_f51bd0fd.json.gz,20260920T101635.357929Z_f51bd0fd,4,e1275f44-59b6-41ca-8780-f54220a9a565,d6r2_e1275f44-59b6-41ca-8780-f54220a9a565_9703_66867d38,205,test:hiding,rootkit,baseline,role_aggregate,20,128,32,middle,True,True,0,20,40,"{""2"": 20}",0,20,0,0,
results\d6_r2_formal\raw_r1\boot_03\batch_20260920T101637.824005Z_68c649b1.json.gz,20260920T101637.824005Z_68c649b1,4,e1275f44-59b6-41ca-8780-f54220a9a565,d6r2_e1275f44-59b6-41ca-8780-f54220a9a565_9703_66867d38,206,test:hiding,rootkit,baseline,role_aggregate,20,128,32,middle,True,True,0,20,40,"{""2"": 20}",0,20,0,0,
results\d6_r2_formal\raw_r1\boot_03\batch_20260920T101640.264962Z_b4c0cb9a.json.gz,20260920T101640.264962Z_b4c0cb9a,4,e1275f44-59b6-41ca-8780-f54220a9a565,d6r2_e1275f44-59b6-41ca-8780-f54220a9a565_9703_66867d38,207,test:hiding,rootkit,baseline,role_aggregate,20,128,32,middle,True,True,0,20,40,"{""2"": 20}",0,20,0,0,
results\d6_r2_formal\raw_r1\boot_03\batch_20260920T101642.733122Z_06df7cd1.json.gz,20260920T101642.733122Z_06df7cd1,4,e1275f44-59b6-41ca-8780-f54220a9a565,d6r2_e1275f44-59b6-41ca-8780-f54220a9a565_9703_66867d38,208,test:hiding,rootkit,baseline,role_aggregate,20,128,32,middle,True,True,0,20,40,"{""2"": 20}",0,20,0,0,
results\d6_r2_formal\raw_r1\boot_03\batch_20260920T101645.213994Z_015f5d93.json.gz,20260920T101645.213994Z_015f5d93,4,e1275f44-59b6-41ca-8780-f54220a9a565,d6r2_e1275f44-59b6-41ca-8780-f54220a9a565_9703_66867d38,209,test:hiding,rootkit,baseline,role_aggregate,20,128,32,middle,True,True,0,20,40,"{""2"": 20}",0,20,0,0,
results\d6_r2_formal\raw_r1\boot_03\batch_20260920T101647.703911Z_0eb9f6c1.json.gz,20260920T101647.703911Z_0eb9f6c1,4,e1275f44-59b6-41ca-8780-f54220a9a565,d6r2_e1275f44-59b6-41ca-8780-f54220a9a565_9703_66867d38,210,test:hiding,rootkit,baseline,role_aggregate,20,128,32,middle,True,True,0,20,40,"{""2"": 20}",0,20,0,0,
results\d6_r2_formal\raw_r1\boot_03\batch_20260920T101650.170944Z_cb48e668.json.gz,20260920T101650.170944Z_cb48e668,4,e1275f44-59b6-41ca-8780-f54220a9a565,d6r2_e1275f44-59b6-41ca-8780-f54220a9a565_9703_66867d38,211,test:hiding,rootkit,baseline,role_aggregate,20,128,32,middle,True,True,0,20,40,"{""2"": 20}",0,20,0,0,
results\d6_r2_formal\raw_r1\boot_03\batch_20260920T101652.677247Z_fc221a12.json.gz,20260920T101652.677247Z_fc221a12,4,e1275f44-59b6-41ca-8780-f54220a9a565,d6r2_e1275f44-59b6-41ca-8780-f54220a9a565_9703_66867d38,212,test:hiding,rootkit,baseline,role_aggregate,20,128,32,middle,True,True,0,20,40,"{""2"": 20}",0,20,0,0,
results\d6_r2_formal\raw_r1\boot_03\batch_20260920T101655.142970Z_962240b3.json.gz,20260920T101655.142970Z_962240b3,4,e1275f44-59b6-41ca-8780-f54220a9a565,d6r2_e1275f44-59b6-41ca-8780-f54220a9a565_9703_66867d38,213,test:hiding,rootkit,baseline,role_aggregate,20,128,32,middle,True,True,0,20,40,"{""2"": 20}",0,20,0,0,
results\d6_r2_formal\raw_r1\boot_03\batch_20260920T101657.623748Z_a84e6697.json.gz,20260920T101657.623748Z_a84e6697,4,e1275f44-59b6-41ca-8780-f54220a9a565,d6r2_e1275f44-59b6-41ca-8780-f54220a9a565_9703_66867d38,214,test:hiding,rootkit,baseline,role_aggregate,20,128,32,middle,True,True,0,20,40,"{""2"": 20}",0,20,0,0,
results\d6_r2_formal\raw_r1\boot_03\batch_20260920T101700.340935Z_8c7ac35e.json.gz,20260920T101700.340935Z_8c7ac35e,4,e1275f44-59b6-41ca-8780-f54220a9a565,d6r2_e1275f44-59b6-41ca-8780-f54220a9a565_9703_66867d38,215,test:hiding,rootkit,baseline,role_aggregate,20,128,32,middle,True,True,0,20,40,"{""2"": 20}",0,20,0,0,
results\d6_r2_formal\raw_r1\boot_03\batch_20260920T101703.043221Z_5f819962.json.gz,20260920T101703.043221Z_5f819962,4,e1275f44-59b6-41ca-8780-f54220a9a565,d6r2_e1275f44-59b6-41ca-8780-f54220a9a565_9703_66867d38,216,test:hiding,rootkit,baseline,role_aggregate,20,128,32,middle,True,True,0,20,40,"{""2"": 20}",0,20,0,0,
results\d6_r2_formal\raw_r1\boot_03\batch_20260920T101705.519939Z_6a24be37.json.gz,20260920T101705.519939Z_6a24be37,4,e1275f44-59b6-41ca-8780-f54220a9a565,d6r2_e1275f44-59b6-41ca-8780-f54220a9a565_9703_66867d38,217,test:hiding,rootkit,baseline,role_aggregate,20,128,32,middle,True,True,0,20,40,"{""2"": 20}",0,20,0,0,
results\d6_r2_formal\raw_r1\boot_03\batch_20260920T101708.047049Z_03199c64.json.gz,20260920T101708.047049Z_03199c64,4,e1275f44-59b6-41ca-8780-f54220a9a565,d6r2_e1275f44-59b6-41ca-8780-f54220a9a565_9703_66867d38,218,test:hiding,rootkit,baseline,role_aggregate,20,128,32,middle,True,True,0,20,40,"{""2"": 20}",0,20,0,0,
results\d6_r2_formal\raw_r1\boot_03\batch_20260920T101710.706088Z_08459493.json.gz,20260920T101710.706088Z_08459493,4,e1275f44-59b6-41ca-8780-f54220a9a565,d6r2_e1275f44-59b6-41ca-8780-f54220a9a565_9703_66867d38,219,test:hiding,rootkit,baseline,role_aggregate,20,128,32,middle,True,True,0,20,40,"{""2"": 20}",0,20,0,0,
results\d6_r2_formal\raw_r1\boot_03\batch_20260920T101719.521180Z_558dfb4a.json.gz,20260920T101719.521180Z_558dfb4a,4,e1275f44-59b6-41ca-8780-f54220a9a565,d6r2_e1275f44-59b6-41ca-8780-f54220a9a565_9703_66867d38,220,test:hiding,rootkit,cpu,role_aggregate,20,128,32,middle,True,True,0,20,40,"{""2"": 20}",0,20,0,0,
results\d6_r2_formal\raw_r1\boot_03\batch_20260920T101728.236091Z_f2c7ee1b.json.gz,20260920T101728.236091Z_f2c7ee1b,4,e1275f44-59b6-41ca-8780-f54220a9a565,d6r2_e1275f44-59b6-41ca-8780-f54220a9a565_9703_66867d38,221,test:hiding,rootkit,cpu,role_aggregate,20,128,32,middle,True,True,0,20,40,"{""2"": 20}",0,20,0,0,
results\d6_r2_formal\raw_r1\boot_03\batch_20260920T101736.941499Z_8dbf5e4f.json.gz,20260920T101736.941499Z_8dbf5e4f,4,e1275f44-59b6-41ca-8780-f54220a9a565,d6r2_e1275f44-59b6-41ca-8780-f54220a9a565_9703_66867d38,222,test:hiding,rootkit,cpu,role_aggregate,20,128,32,middle,True,True,0,20,40,"{""2"": 20}",0,20,0,0,
results\d6_r2_formal\raw_r1\boot_03\batch_20260920T101745.608944Z_dcb5aff9.json.gz,20260920T101745.608944Z_dcb5aff9,4,e1275f44-59b6-41ca-8780-f54220a9a565,d6r2_e1275f44-59b6-41ca-8780-f54220a9a565_9703_66867d38,223,test:hiding,rootkit,cpu,role_aggregate,20,128,32,middle,True,True,0,20,40,"{""2"": 20}",0,20,0,0,
results\d6_r2_formal\raw_r1\boot_03\batch_20260920T101754.253848Z_3d39b275.json.gz,20260920T101754.253848Z_3d39b275,4,e1275f44-59b6-41ca-8780-f54220a9a565,d6r2_e1275f44-59b6-41ca-8780-f54220a9a565_9703_66867d38,224,test:hiding,rootkit,cpu,role_aggregate,20,128,32,middle,True,True,0,20,40,"{""2"": 20}",0,20,0,0,
results\d6_r2_formal\raw_r1\boot_03\batch_20260920T101802.875235Z_9037d0aa.json.gz,20260920T101802.875235Z_9037d0aa,4,e1275f44-59b6-41ca-8780-f54220a9a565,d6r2_e1275f44-59b6-41ca-8780-f54220a9a565_9703_66867d38,225,test:hiding,rootkit,cpu,role_aggregate,20,128,32,middle,True,True,0,20,40,"{""2"": 20}",0,20,0,0,
results\d6_r2_formal\raw_r1\boot_03\batch_20260920T101811.510233Z_90168370.json.gz,20260920T101811.510233Z_90168370,4,e1275f44-59b6-41ca-8780-f54220a9a565,d6r2_e1275f44-59b6-41ca-8780-f54220a9a565_9703_66867d38,226,test:hiding,rootkit,cpu,role_aggregate,20,128,32,middle,True,True,0,20,40,"{""2"": 20}",0,20,0,0,
results\d6_r2_formal\raw_r1\boot_03\batch_20260920T101820.164192Z_e3dc4332.json.gz,20260920T101820.164192Z_e3dc4332,4,e1275f44-59b6-41ca-8780-f54220a9a565,d6r2_e1275f44-59b6-41ca-8780-f54220a9a565_9703_66867d38,227,test:hiding,rootkit,cpu,role_aggregate,20,128,32,middle,True,True,0,20,40,"{""2"": 20}",0,20,0,0,
results\d6_r2_formal\raw_r1\boot_03\batch_20260920T101828.846879Z_9c438151.json.gz,20260920T101828.846879Z_9c438151,4,e1275f44-59b6-41ca-8780-f54220a9a565,d6r2_e1275f44-59b6-41ca-8780-f54220a9a565_9703_66867d38,228,test:hiding,rootkit,cpu,role_aggregate,20,128,32,middle,True,True,0,20,40,"{""2"": 20}",0,20,0,0,
results\d6_r2_formal\raw_r1\boot_03\batch_20260920T101837.498302Z_880e4d9f.json.gz,20260920T101837.498302Z_880e4d9f,4,e1275f44-59b6-41ca-8780-f54220a9a565,d6r2_e1275f44-59b6-41ca-8780-f54220a9a565_9703_66867d38,229,test:hiding,rootkit,cpu,role_aggregate,20,128,32,middle,True,True,0,20,40,"{""2"": 20}",0,20,0,0,
results\d6_r2_formal\raw_r1\boot_03\batch_20260920T101846.088941Z_678b2c26.json.gz,20260920T101846.088941Z_678b2c26,4,e1275f44-59b6-41ca-8780-f54220a9a565,d6r2_e1275f44-59b6-41ca-8780-f54220a9a565_9703_66867d38,230,test:hiding,rootkit,cpu,role_aggregate,20,128,32,middle,True,True,0,20,40,"{""2"": 20}",0,20,0,0,
results\d6_r2_formal\raw_r1\boot_03\batch_20260920T101854.710102Z_1d702d7a.json.gz,20260920T101854.710102Z_1d702d7a,4,e1275f44-59b6-41ca-8780-f54220a9a565,d6r2_e1275f44-59b6-41ca-8780-f54220a9a565_9703_66867d38,231,test:hiding,rootkit,cpu,role_aggregate,20,128,32,middle,True,True,0,20,40,"{""2"": 20}",0,20,0,0,
results\d6_r2_formal\raw_r1\boot_03\batch_20260920T101903.403923Z_73b34044.json.gz,20260920T101903.403923Z_73b34044,4,e1275f44-59b6-41ca-8780-f54220a9a565,d6r2_e1275f44-59b6-41ca-8780-f54220a9a565_9703_66867d38,232,test:hiding,rootkit,cpu,role_aggregate,20,128,32,middle,True,True,0,20,40,"{""2"": 20}",0,20,0,0,
results\d6_r2_formal\raw_r1\boot_03\batch_20260920T101912.018755Z_b0df74fb.json.gz,20260920T101912.018755Z_b0df74fb,4,e1275f44-59b6-41ca-8780-f54220a9a565,d6r2_e1275f44-59b6-41ca-8780-f54220a9a565_9703_66867d38,233,test:hiding,rootkit,cpu,role_aggregate,20,128,32,middle,True,True,0,20,40,"{""2"": 20}",0,20,0,0,
results\d6_r2_formal\raw_r1\boot_03\batch_20260920T101920.673871Z_d9e222d7.json.gz,20260920T101920.673871Z_d9e222d7,4,e1275f44-59b6-41ca-8780-f54220a9a565,d6r2_e1275f44-59b6-41ca-8780-f54220a9a565_9703_66867d38,234,test:hiding,rootkit,cpu,role_aggregate,20,128,32,middle,True,True,0,20,40,"{""2"": 20}",0,20,0,0,
results\d6_r2_formal\raw_r1\boot_03\batch_20260920T101929.353255Z_f4e592ee.json.gz,20260920T101929.353255Z_f4e592ee,4,e1275f44-59b6-41ca-8780-f54220a9a565,d6r2_e1275f44-59b6-41ca-8780-f54220a9a565_9703_66867d38,235,test:hiding,rootkit,cpu,role_aggregate,20,128,32,middle,True,True,0,20,40,"{""2"": 20}",0,20,0,0,
results\d6_r2_formal\raw_r1\boot_03\batch_20260920T101938.012404Z_fdb06647.json.gz,20260920T101938.012404Z_fdb06647,4,e1275f44-59b6-41ca-8780-f54220a9a565,d6r2_e1275f44-59b6-41ca-8780-f54220a9a565_9703_66867d38,236,test:hiding,rootkit,cpu,role_aggregate,20,128,32,middle,True,True,0,20,40,"{""2"": 20}",0,20,0,0,
results\d6_r2_formal\raw_r1\boot_03\batch_20260920T101946.712136Z_612d2ac5.json.gz,20260920T101946.712136Z_612d2ac5,4,e1275f44-59b6-41ca-8780-f54220a9a565,d6r2_e1275f44-59b6-41ca-8780-f54220a9a565_9703_66867d38,237,test:hiding,rootkit,cpu,role_aggregate,20,128,32,middle,True,True,0,20,40,"{""2"": 20}",0,20,0,0,
results\d6_r2_formal\raw_r1\boot_03\batch_20260920T101955.364627Z_ddd00ec2.json.gz,20260920T101955.364627Z_ddd00ec2,4,e1275f44-59b6-41ca-8780-f54220a9a565,d6r2_e1275f44-59b6-41ca-8780-f54220a9a565_9703_66867d38,238,test:hiding,rootkit,cpu,role_aggregate,20,128,32,middle,True,True,0,20,40,"{""2"": 20}",0,20,0,0,
results\d6_r2_formal\raw_r1\boot_03\batch_20260920T102004.000049Z_1f81294d.json.gz,20260920T102004.000049Z_1f81294d,4,e1275f44-59b6-41ca-8780-f54220a9a565,d6r2_e1275f44-59b6-41ca-8780-f54220a9a565_9703_66867d38,239,test:hiding,rootkit,cpu,role_aggregate,20,128,32,middle,True,True,0,20,40,"{""2"": 20}",0,20,0,0,
results\d6_r2_formal\raw_r1\boot_03\batch_20260920T102012.630894Z_144a6cba.json.gz,20260920T102012.630894Z_144a6cba,4,e1275f44-59b6-41ca-8780-f54220a9a565,d6r2_e1275f44-59b6-41ca-8780-f54220a9a565_9703_66867d38,240,test:hiding,rootkit,cpu,role_aggregate,20,128,32,middle,True,True,0,20,40,"{""2"": 20}",0,20,0,0,
results\d6_r2_formal\raw_r1\boot_03\batch_20260920T102021.278020Z_2e8e9181.json.gz,20260920T102021.278020Z_2e8e9181,4,e1275f44-59b6-41ca-8780-f54220a9a565,d6r2_e1275f44-59b6-41ca-8780-f54220a9a565_9703_66867d38,241,test:hiding,rootkit,cpu,role_aggregate,20,128,32,middle,True,True,0,20,40,"{""2"": 20}",0,20,0,0,
results\d6_r2_formal\raw_r1\boot_03\batch_20260920T102029.913943Z_aceb7efc.json.gz,20260920T102029.913943Z_aceb7efc,4,e1275f44-59b6-41ca-8780-f54220a9a565,d6r2_e1275f44-59b6-41ca-8780-f54220a9a565_9703_66867d38,242,test:hiding,rootkit,cpu,role_aggregate,20,128,32,middle,True,True,0,20,40,"{""2"": 20}",0,20,0,0,
results\d6_r2_formal\raw_r1\boot_03\batch_20260920T102038.551337Z_a20562f5.json.gz,20260920T102038.551337Z_a20562f5,4,e1275f44-59b6-41ca-8780-f54220a9a565,d6r2_e1275f44-59b6-41ca-8780-f54220a9a565_9703_66867d38,243,test:hiding,rootkit,cpu,role_aggregate,20,128,32,middle,True,True,0,20,40,"{""2"": 20}",0,20,0,0,
results\d6_r2_formal\raw_r1\boot_03\batch_20260920T102047.174508Z_3510c0d5.json.gz,20260920T102047.174508Z_3510c0d5,4,e1275f44-59b6-41ca-8780-f54220a9a565,d6r2_e1275f44-59b6-41ca-8780-f54220a9a565_9703_66867d38,244,test:hiding,rootkit,cpu,role_aggregate,20,128,32,middle,True,True,0,20,40,"{""2"": 20}",0,20,0,0,
results\d6_r2_formal\raw_r1\boot_03\batch_20260920T102055.793974Z_561d3eb6.json.gz,20260920T102055.793974Z_561d3eb6,4,e1275f44-59b6-41ca-8780-f54220a9a565,d6r2_e1275f44-59b6-41ca-8780-f54220a9a565_9703_66867d38,245,test:hiding,rootkit,cpu,role_aggregate,20,128,32,middle,True,True,0,20,40,"{""2"": 20}",0,20,0,0,
results\d6_r2_formal\raw_r1\boot_03\batch_20260920T102104.410167Z_a2627fb4.json.gz,20260920T102104.410167Z_a2627fb4,4,e1275f44-59b6-41ca-8780-f54220a9a565,d6r2_e1275f44-59b6-41ca-8780-f54220a9a565_9703_66867d38,246,test:hiding,rootkit,cpu,role_aggregate,20,128,32,middle,True,True,0,20,40,"{""2"": 20}",0,20,0,0,
results\d6_r2_formal\raw_r1\boot_03\batch_20260920T102113.059364Z_922e1ae2.json.gz,20260920T102113.059364Z_922e1ae2,4,e1275f44-59b6-41ca-8780-f54220a9a565,d6r2_e1275f44-59b6-41ca-8780-f54220a9a565_9703_66867d38,247,test:hiding,rootkit,cpu,role_aggregate,20,128,32,middle,True,True,0,20,40,"{""2"": 20}",0,20,0,0,
results\d6_r2_formal\raw_r1\boot_03\batch_20260920T102121.700013Z_0491ebf7.json.gz,20260920T102121.700013Z_0491ebf7,4,e1275f44-59b6-41ca-8780-f54220a9a565,d6r2_e1275f44-59b6-41ca-8780-f54220a9a565_9703_66867d38,248,test:hiding,rootkit,cpu,role_aggregate,20,128,32,middle,True,True,0,20,40,"{""2"": 20}",0,20,0,0,
results\d6_r2_formal\raw_r1\boot_03\batch_20260920T102130.369313Z_53747914.json.gz,20260920T102130.369313Z_53747914,4,e1275f44-59b6-41ca-8780-f54220a9a565,d6r2_e1275f44-59b6-41ca-8780-f54220a9a565_9703_66867d38,249,test:hiding,rootkit,cpu,role_aggregate,20,128,32,middle,True,True,0,20,40,"{""2"": 20}",0,20,0,0,
results\d6_r2_formal\raw_r1\boot_03\batch_20260920T102139.030900Z_e62a6a0f.json.gz,20260920T102139.030900Z_e62a6a0f,4,e1275f44-59b6-41ca-8780-f54220a9a565,d6r2_e1275f44-59b6-41ca-8780-f54220a9a565_9703_66867d38,250,test:hiding,rootkit,cpu,role_aggregate,20,128,32,middle,True,True,0,20,40,"{""2"": 20}",0,20,0,0,
results\d6_r2_formal\raw_r1\boot_03\batch_20260920T102147.687214Z_c8375365.json.gz,20260920T102147.687214Z_c8375365,4,e1275f44-59b6-41ca-8780-f54220a9a565,d6r2_e1275f44-59b6-41ca-8780-f54220a9a565_9703_66867d38,251,test:hiding,rootkit,cpu,role_aggregate,20,128,32,middle,True,True,0,20,40,"{""2"": 20}",0,20,0,0,
results\d6_r2_formal\raw_r1\boot_03\batch_20260920T102156.325455Z_161ded57.json.gz,20260920T102156.325455Z_161ded57,4,e1275f44-59b6-41ca-8780-f54220a9a565,d6r2_e1275f44-59b6-41ca-8780-f54220a9a565_9703_66867d38,252,test:hiding,rootkit,cpu,role_aggregate,20,128,32,middle,True,True,0,20,40,"{""2"": 20}",0,20,0,0,
results\d6_r2_formal\raw_r1\boot_03\batch_20260920T102205.002420Z_ce58c8d7.json.gz,20260920T102205.002420Z_ce58c8d7,4,e1275f44-59b6-41ca-8780-f54220a9a565,d6r2_e1275f44-59b6-41ca-8780-f54220a9a565_9703_66867d38,253,test:hiding,rootkit,cpu,role_aggregate,20,128,32,middle,True,True,0,20,40,"{""2"": 20}",0,20,0,0,
results\d6_r2_formal\raw_r1\boot_03\batch_20260920T102213.636110Z_9454137b.json.gz,20260920T102213.636110Z_9454137b,4,e1275f44-59b6-41ca-8780-f54220a9a565,d6r2_e1275f44-59b6-41ca-8780-f54220a9a565_9703_66867d38,254,test:hiding,rootkit,cpu,role_aggregate,20,128,32,middle,True,True,0,20,40,"{""2"": 20}",0,20,0,0,
results\d6_r2_formal\raw_r1\boot_03\batch_20260920T102222.309921Z_9dc30902.json.gz,20260920T102222.309921Z_9dc30902,4,e1275f44-59b6-41ca-8780-f54220a9a565,d6r2_e1275f44-59b6-41ca-8780-f54220a9a565_9703_66867d38,255,test:hiding,rootkit,cpu,role_aggregate,20,128,32,middle,True,True,0,20,40,"{""2"": 20}",0,20,0,0,
results\d6_r2_formal\raw_r1\boot_03\batch_20260920T102230.965114Z_84bb1e2b.json.gz,20260920T102230.965114Z_84bb1e2b,4,e1275f44-59b6-41ca-8780-f54220a9a565,d6r2_e1275f44-59b6-41ca-8780-f54220a9a565_9703_66867d38,256,test:hiding,rootkit,cpu,role_aggregate,20,128,32,middle,True,True,0,20,40,"{""2"": 20}",0,20,0,0,
results\d6_r2_formal\raw_r1\boot_03\batch_20260920T102239.808294Z_2700863d.json.gz,20260920T102239.808294Z_2700863d,4,e1275f44-59b6-41ca-8780-f54220a9a565,d6r2_e1275f44-59b6-41ca-8780-f54220a9a565_9703_66867d38,257,test:hiding,rootkit,cpu,role_aggregate,20,128,32,middle,True,True,0,20,40,"{""2"": 20}",0,20,0,0,
results\d6_r2_formal\raw_r1\boot_03\batch_20260920T102248.435199Z_71df386a.json.gz,20260920T102248.435199Z_71df386a,4,e1275f44-59b6-41ca-8780-f54220a9a565,d6r2_e1275f44-59b6-41ca-8780-f54220a9a565_9703_66867d38,258,test:hiding,rootkit,cpu,role_aggregate,20,128,32,middle,True,True,0,20,40,"{""2"": 20}",0,20,0,0,
results\d6_r2_formal\raw_r1\boot_03\batch_20260920T102257.128250Z_d410c623.json.gz,20260920T102257.128250Z_d410c623,4,e1275f44-59b6-41ca-8780-f54220a9a565,d6r2_e1275f44-59b6-41ca-8780-f54220a9a565_9703_66867d38,259,test:hiding,rootkit,cpu,role_aggregate,20,128,32,middle,True,True,0,20,40,"{""2"": 20}",0,20,0,0,
results\d6_r2_formal\raw_r1\boot_03\batch_20260920T102259.573813Z_20a60357.json.gz,20260920T102259.573813Z_20a60357,4,e1275f44-59b6-41ca-8780-f54220a9a565,d6r2_e1275f44-59b6-41ca-8780-f54220a9a565_9703_66867d38,260,test:unloaded,normal,baseline,role_aggregate,20,128,32,middle,True,True,0,20,40,"{""2"": 20}",0,20,0,20,129
results\d6_r2_formal\raw_r1\boot_03\batch_20260920T102301.457974Z_b5c47965.json.gz,20260920T102301.457974Z_b5c47965,4,e1275f44-59b6-41ca-8780-f54220a9a565,d6r2_e1275f44-59b6-41ca-8780-f54220a9a565_9703_66867d38,261,test:unloaded,normal,baseline,role_aggregate,20,128,32,middle,True,True,0,20,40,"{""2"": 20}",0,20,0,20,129
results\d6_r2_formal\raw_r1\boot_03\batch_20260920T102303.328268Z_d93daea5.json.gz,20260920T102303.328268Z_d93daea5,4,e1275f44-59b6-41ca-8780-f54220a9a565,d6r2_e1275f44-59b6-41ca-8780-f54220a9a565_9703_66867d38,262,test:unloaded,normal,baseline,role_aggregate,20,128,32,middle,True,True,0,20,40,"{""2"": 20}",0,20,0,20,129
results\d6_r2_formal\raw_r1\boot_03\batch_20260920T102305.242558Z_a84787b4.json.gz,20260920T102305.242558Z_a84787b4,4,e1275f44-59b6-41ca-8780-f54220a9a565,d6r2_e1275f44-59b6-41ca-8780-f54220a9a565_9703_66867d38,263,test:unloaded,normal,baseline,role_aggregate,20,128,32,middle,True,True,0,20,40,"{""2"": 20}",0,20,0,20,129
results\d6_r2_formal\raw_r1\boot_03\batch_20260920T102307.144945Z_8c47c1ce.json.gz,20260920T102307.144945Z_8c47c1ce,4,e1275f44-59b6-41ca-8780-f54220a9a565,d6r2_e1275f44-59b6-41ca-8780-f54220a9a565_9703_66867d38,264,test:unloaded,normal,baseline,role_aggregate,20,128,32,middle,True,True,0,20,40,"{""2"": 20}",0,20,0,20,129
results\d6_r2_formal\raw_r1\boot_03\batch_20260920T102309.020227Z_287061a5.json.gz,20260920T102309.020227Z_287061a5,4,e1275f44-59b6-41ca-8780-f54220a9a565,d6r2_e1275f44-59b6-41ca-8780-f54220a9a565_9703_66867d38,265,test:unloaded,normal,baseline,role_aggregate,20,128,32,middle,True,True,0,20,40,"{""2"": 20}",0,20,0,20,129
results\d6_r2_formal\raw_r1\boot_03\batch_20260920T102310.932392Z_0bf7a292.json.gz,20260920T102310.932392Z_0bf7a292,4,e1275f44-59b6-41ca-8780-f54220a9a565,d6r2_e1275f44-59b6-41ca-8780-f54220a9a565_9703_66867d38,266,test:unloaded,normal,baseline,role_aggregate,20,128,32,middle,True,True,0,20,40,"{""2"": 20}",0,20,0,20,129
results\d6_r2_formal\raw_r1\boot_03\batch_20260920T102312.827787Z_7393d735.json.gz,20260920T102312.827787Z_7393d735,4,e1275f44-59b6-41ca-8780-f54220a9a565,d6r2_e1275f44-59b6-41ca-8780-f54220a9a565_9703_66867d38,267,test:unloaded,normal,baseline,role_aggregate,20,128,32,middle,True,True,0,20,40,"{""2"": 20}",0,20,0,20,129
results\d6_r2_formal\raw_r1\boot_03\batch_20260920T102314.707199Z_b9de2d89.json.gz,20260920T102314.707199Z_b9de2d89,4,e1275f44-59b6-41ca-8780-f54220a9a565,d6r2_e1275f44-59b6-41ca-8780-f54220a9a565_9703_66867d38,268,test:unloaded,normal,baseline,role_aggregate,20,128,32,middle,True,True,0,20,40,"{""2"": 20}",0,20,0,20,129
results\d6_r2_formal\raw_r1\boot_03\batch_20260920T102316.574598Z_687f0673.json.gz,20260920T102316.574598Z_687f0673,4,e1275f44-59b6-41ca-8780-f54220a9a565,d6r2_e1275f44-59b6-41ca-8780-f54220a9a565_9703_66867d38,269,test:unloaded,normal,baseline,role_aggregate,20,128,32,middle,True,True,0,20,40,"{""2"": 20}",0,20,0,20,129
results\d6_r2_formal\raw_r1\boot_03\batch_20260920T102318.459240Z_242a0914.json.gz,20260920T102318.459240Z_242a0914,4,e1275f44-59b6-41ca-8780-f54220a9a565,d6r2_e1275f44-59b6-41ca-8780-f54220a9a565_9703_66867d38,270,test:unloaded,normal,baseline,role_aggregate,20,128,32,middle,True,True,0,20,40,"{""2"": 20}",0,20,0,20,129
results\d6_r2_formal\raw_r1\boot_03\batch_20260920T102320.370829Z_789d6f38.json.gz,20260920T102320.370829Z_789d6f38,4,e1275f44-59b6-41ca-8780-f54220a9a565,d6r2_e1275f44-59b6-41ca-8780-f54220a9a565_9703_66867d38,271,test:unloaded,normal,baseline,role_aggregate,20,128,32,middle,True,True,0,20,40,"{""2"": 20}",0,20,0,20,129
results\d6_r2_formal\raw_r1\boot_03\batch_20260920T102322.275957Z_a40aea89.json.gz,20260920T102322.275957Z_a40aea89,4,e1275f44-59b6-41ca-8780-f54220a9a565,d6r2_e1275f44-59b6-41ca-8780-f54220a9a565_9703_66867d38,272,test:unloaded,normal,baseline,role_aggregate,20,128,32,middle,True,True,0,20,40,"{""2"": 20}",0,20,0,20,129
results\d6_r2_formal\raw_r1\boot_03\batch_20260920T102324.164976Z_526e31ba.json.gz,20260920T102324.164976Z_526e31ba,4,e1275f44-59b6-41ca-8780-f54220a9a565,d6r2_e1275f44-59b6-41ca-8780-f54220a9a565_9703_66867d38,273,test:unloaded,normal,baseline,role_aggregate,20,128,32,middle,True,True,0,20,40,"{""2"": 20}",0,20,0,20,129
results\d6_r2_formal\raw_r1\boot_03\batch_20260920T102326.079223Z_b12cdd64.json.gz,20260920T102326.079223Z_b12cdd64,4,e1275f44-59b6-41ca-8780-f54220a9a565,d6r2_e1275f44-59b6-41ca-8780-f54220a9a565_9703_66867d38,274,test:unloaded,normal,baseline,role_aggregate,20,128,32,middle,True,True,0,20,40,"{""2"": 20}",0,20,0,20,129
results\d6_r2_formal\raw_r1\boot_03\batch_20260920T102327.971257Z_33bad71b.json.gz,20260920T102327.971257Z_33bad71b,4,e1275f44-59b6-41ca-8780-f54220a9a565,d6r2_e1275f44-59b6-41ca-8780-f54220a9a565_9703_66867d38,275,test:unloaded,normal,baseline,role_aggregate,20,128,32,middle,True,True,0,20,40,"{""2"": 20}",0,20,0,20,129
results\d6_r2_formal\raw_r1\boot_03\batch_20260920T102329.859882Z_dc3cb65d.json.gz,20260920T102329.859882Z_dc3cb65d,4,e1275f44-59b6-41ca-8780-f54220a9a565,d6r2_e1275f44-59b6-41ca-8780-f54220a9a565_9703_66867d38,276,test:unloaded,normal,baseline,role_aggregate,20,128,32,middle,True,True,0,20,40,"{""2"": 20}",0,20,0,20,129
results\d6_r2_formal\raw_r1\boot_03\batch_20260920T102331.774449Z_fa60557d.json.gz,20260920T102331.774449Z_fa60557d,4,e1275f44-59b6-41ca-8780-f54220a9a565,d6r2_e1275f44-59b6-41ca-8780-f54220a9a565_9703_66867d38,277,test:unloaded,normal,baseline,role_aggregate,20,128,32,middle,True,True,0,20,40,"{""2"": 20}",0,20,0,20,129
results\d6_r2_formal\raw_r1\boot_03\batch_20260920T102333.641069Z_158f2a64.json.gz,20260920T102333.641069Z_158f2a64,4,e1275f44-59b6-41ca-8780-f54220a9a565,d6r2_e1275f44-59b6-41ca-8780-f54220a9a565_9703_66867d38,278,test:unloaded,normal,baseline,role_aggregate,20,128,32,middle,True,True,0,20,40,"{""2"": 20}",0,20,0,20,129
results\d6_r2_formal\raw_r1\boot_03\batch_20260920T102335.533571Z_a411b1b6.json.gz,20260920T102335.533571Z_a411b1b6,4,e1275f44-59b6-41ca-8780-f54220a9a565,d6r2_e1275f44-59b6-41ca-8780-f54220a9a565_9703_66867d38,279,test:unloaded,normal,baseline,role_aggregate,20,128,32,middle,True,True,0,20,40,"{""2"": 20}",0,20,0,20,129
results\d6_r2_formal\raw_r1\boot_03\batch_20260920T102337.415579Z_689b7b4f.json.gz,20260920T102337.415579Z_689b7b4f,4,e1275f44-59b6-41ca-8780-f54220a9a565,d6r2_e1275f44-59b6-41ca-8780-f54220a9a565_9703_66867d38,280,test:unloaded,normal,baseline,role_aggregate,20,128,32,middle,True,True,0,20,40,"{""2"": 20}",0,20,0,20,129
results\d6_r2_formal\raw_r1\boot_03\batch_20260920T102339.334575Z_a0430175.json.gz,20260920T102339.334575Z_a0430175,4,e1275f44-59b6-41ca-8780-f54220a9a565,d6r2_e1275f44-59b6-41ca-8780-f54220a9a565_9703_66867d38,281,test:unloaded,normal,baseline,role_aggregate,20,128,32,middle,True,True,0,20,40,"{""2"": 20}",0,20,0,20,129
results\d6_r2_formal\raw_r1\boot_03\batch_20260920T102341.266935Z_0c7cb1e1.json.gz,20260920T102341.266935Z_0c7cb1e1,4,e1275f44-59b6-41ca-8780-f54220a9a565,d6r2_e1275f44-59b6-41ca-8780-f54220a9a565_9703_66867d38,282,test:unloaded,normal,baseline,role_aggregate,20,128,32,middle,True,True,0,20,40,"{""2"": 20}",0,20,0,20,129
results\d6_r2_formal\raw_r1\boot_03\batch_20260920T102343.169287Z_675b6757.json.gz,20260920T102343.169287Z_675b6757,4,e1275f44-59b6-41ca-8780-f54220a9a565,d6r2_e1275f44-59b6-41ca-8780-f54220a9a565_9703_66867d38,283,test:unloaded,normal,baseline,role_aggregate,20,128,32,middle,True,True,0,20,40,"{""2"": 20}",0,20,0,20,129
results\d6_r2_formal\raw_r1\boot_03\batch_20260920T102345.031918Z_4d83e89b.json.gz,20260920T102345.031918Z_4d83e89b,4,e1275f44-59b6-41ca-8780-f54220a9a565,d6r2_e1275f44-59b6-41ca-8780-f54220a9a565_9703_66867d38,284,test:unloaded,normal,baseline,role_aggregate,20,128,32,middle,True,True,0,20,40,"{""2"": 20}",0,20,0,20,129
results\d6_r2_formal\raw_r1\boot_03\batch_20260920T102346.881539Z_e69409b4.json.gz,20260920T102346.881539Z_e69409b4,4,e1275f44-59b6-41ca-8780-f54220a9a565,d6r2_e1275f44-59b6-41ca-8780-f54220a9a565_9703_66867d38,285,test:unloaded,normal,baseline,role_aggregate,20,128,32,middle,True,True,0,20,40,"{""2"": 20}",0,20,0,20,129
results\d6_r2_formal\raw_r1\boot_03\batch_20260920T102348.756980Z_eaa927ab.json.gz,20260920T102348.756980Z_eaa927ab,4,e1275f44-59b6-41ca-8780-f54220a9a565,d6r2_e1275f44-59b6-41ca-8780-f54220a9a565_9703_66867d38,286,test:unloaded,normal,baseline,role_aggregate,20,128,32,middle,True,True,0,20,40,"{""2"": 20}",0,20,0,20,129
results\d6_r2_formal\raw_r1\boot_03\batch_20260920T102350.645292Z_668b9e70.json.gz,20260920T102350.645292Z_668b9e70,4,e1275f44-59b6-41ca-8780-f54220a9a565,d6r2_e1275f44-59b6-41ca-8780-f54220a9a565_9703_66867d38,287,test:unloaded,normal,baseline,role_aggregate,20,128,32,middle,True,True,0,20,40,"{""2"": 20}",0,20,0,20,129
results\d6_r2_formal\raw_r1\boot_03\batch_20260920T102352.513454Z_09ed1609.json.gz,20260920T102352.513454Z_09ed1609,4,e1275f44-59b6-41ca-8780-f54220a9a565,d6r2_e1275f44-59b6-41ca-8780-f54220a9a565_9703_66867d38,288,test:unloaded,normal,baseline,role_aggregate,20,128,32,middle,True,True,0,20,40,"{""2"": 20}",0,20,0,20,129
results\d6_r2_formal\raw_r1\boot_03\batch_20260920T102354.382867Z_ffcdc138.json.gz,20260920T102354.382867Z_ffcdc138,4,e1275f44-59b6-41ca-8780-f54220a9a565,d6r2_e1275f44-59b6-41ca-8780-f54220a9a565_9703_66867d38,289,test:unloaded,normal,baseline,role_aggregate,20,128,32,middle,True,True,0,20,40,"{""2"": 20}",0,20,0,20,129
results\d6_r2_formal\raw_r1\boot_03\batch_20260920T102356.294567Z_409f48d8.json.gz,20260920T102356.294567Z_409f48d8,4,e1275f44-59b6-41ca-8780-f54220a9a565,d6r2_e1275f44-59b6-41ca-8780-f54220a9a565_9703_66867d38,290,test:unloaded,normal,baseline,role_aggregate,20,128,32,middle,True,True,0,20,40,"{""2"": 20}",0,20,0,20,129
results\d6_r2_formal\raw_r1\boot_03\batch_20260920T102358.194323Z_5754c274.json.gz,20260920T102358.194323Z_5754c274,4,e1275f44-59b6-41ca-8780-f54220a9a565,d6r2_e1275f44-59b6-41ca-8780-f54220a9a565_9703_66867d38,291,test:unloaded,normal,baseline,role_aggregate,20,128,32,middle,True,True,0,20,40,"{""2"": 20}",0,20,0,20,129
results\d6_r2_formal\raw_r1\boot_03\batch_20260920T102400.106267Z_16fb7710.json.gz,20260920T102400.106267Z_16fb7710,4,e1275f44-59b6-41ca-8780-f54220a9a565,d6r2_e1275f44-59b6-41ca-8780-f54220a9a565_9703_66867d38,292,test:unloaded,normal,baseline,role_aggregate,20,128,32,middle,True,True,0,20,40,"{""2"": 20}",0,20,0,20,129
results\d6_r2_formal\raw_r1\boot_03\batch_20260920T102401.989611Z_75e8910e.json.gz,20260920T102401.989611Z_75e8910e,4,e1275f44-59b6-41ca-8780-f54220a9a565,d6r2_e1275f44-59b6-41ca-8780-f54220a9a565_9703_66867d38,293,test:unloaded,normal,baseline,role_aggregate,20,128,32,middle,True,True,0,20,40,"{""2"": 20}",0,20,0,20,129
results\d6_r2_formal\raw_r1\boot_03\batch_20260920T102403.889550Z_ba1c9615.json.gz,20260920T102403.889550Z_ba1c9615,4,e1275f44-59b6-41ca-8780-f54220a9a565,d6r2_e1275f44-59b6-41ca-8780-f54220a9a565_9703_66867d38,294,test:unloaded,normal,baseline,role_aggregate,20,128,32,middle,True,True,0,20,40,"{""2"": 20}",0,20,0,20,129
results\d6_r2_formal\raw_r1\boot_03\batch_20260920T102405.778098Z_90c317d8.json.gz,20260920T102405.778098Z_90c317d8,4,e1275f44-59b6-41ca-8780-f54220a9a565,d6r2_e1275f44-59b6-41ca-8780-f54220a9a565_9703_66867d38,295,test:unloaded,normal,baseline,role_aggregate,20,128,32,middle,True,True,0,20,40,"{""2"": 20}",0,20,0,20,129
results\d6_r2_formal\raw_r1\boot_03\batch_20260920T102407.666349Z_61294da5.json.gz,20260920T102407.666349Z_61294da5,4,e1275f44-59b6-41ca-8780-f54220a9a565,d6r2_e1275f44-59b6-41ca-8780-f54220a9a565_9703_66867d38,296,test:unloaded,normal,baseline,role_aggregate,20,128,32,middle,True,True,0,20,40,"{""2"": 20}",0,20,0,20,129
results\d6_r2_formal\raw_r1\boot_03\batch_20260920T102409.514975Z_6eb6733f.json.gz,20260920T102409.514975Z_6eb6733f,4,e1275f44-59b6-41ca-8780-f54220a9a565,d6r2_e1275f44-59b6-41ca-8780-f54220a9a565_9703_66867d38,297,test:unloaded,normal,baseline,role_aggregate,20,128,32,middle,True,True,0,20,40,"{""2"": 20}",0,20,0,20,129
results\d6_r2_formal\raw_r1\boot_03\batch_20260920T102411.388404Z_10fc531c.json.gz,20260920T102411.388404Z_10fc531c,4,e1275f44-59b6-41ca-8780-f54220a9a565,d6r2_e1275f44-59b6-41ca-8780-f54220a9a565_9703_66867d38,298,test:unloaded,normal,baseline,role_aggregate,20,128,32,middle,True,True,0,20,40,"{""2"": 20}",0,20,0,20,129
results\d6_r2_formal\raw_r1\boot_03\batch_20260920T102413.327223Z_8bc5548e.json.gz,20260920T102413.327223Z_8bc5548e,4,e1275f44-59b6-41ca-8780-f54220a9a565,d6r2_e1275f44-59b6-41ca-8780-f54220a9a565_9703_66867d38,299,test:unloaded,normal,baseline,role_aggregate,20,128,32,middle,True,True,0,20,40,"{""2"": 20}",0,20,0,20,129
results\d6_r2_formal\raw_r1\boot_03\batch_20260920T102415.231013Z_34a0ca65.json.gz,20260920T102415.231013Z_34a0ca65,4,e1275f44-59b6-41ca-8780-f54220a9a565,d6r2_e1275f44-59b6-41ca-8780-f54220a9a565_9703_66867d38,300,test:sham,normal,baseline,role_aggregate,20,128,32,middle,True,True,0,20,40,"{""2"": 20}",0,20,0,20,129
results\d6_r2_formal\raw_r1\boot_03\batch_20260920T102417.219241Z_4afb5153.json.gz,20260920T102417.219241Z_4afb5153,4,e1275f44-59b6-41ca-8780-f54220a9a565,d6r2_e1275f44-59b6-41ca-8780-f54220a9a565_9703_66867d38,301,test:sham,normal,baseline,role_aggregate,20,128,32,middle,True,True,0,20,40,"{""2"": 20}",0,20,0,20,129
results\d6_r2_formal\raw_r1\boot_03\batch_20260920T102419.169012Z_9843dbb2.json.gz,20260920T102419.169012Z_9843dbb2,4,e1275f44-59b6-41ca-8780-f54220a9a565,d6r2_e1275f44-59b6-41ca-8780-f54220a9a565_9703_66867d38,302,test:sham,normal,baseline,role_aggregate,20,128,32,middle,True,True,0,20,40,"{""2"": 20}",0,20,0,20,129
results\d6_r2_formal\raw_r1\boot_03\batch_20260920T102421.084952Z_0766baf6.json.gz,20260920T102421.084952Z_0766baf6,4,e1275f44-59b6-41ca-8780-f54220a9a565,d6r2_e1275f44-59b6-41ca-8780-f54220a9a565_9703_66867d38,303,test:sham,normal,baseline,role_aggregate,20,128,32,middle,True,True,0,20,40,"{""2"": 20}",0,20,0,20,129
results\d6_r2_formal\raw_r1\boot_03\batch_20260920T102422.983408Z_4316507a.json.gz,20260920T102422.983408Z_4316507a,4,e1275f44-59b6-41ca-8780-f54220a9a565,d6r2_e1275f44-59b6-41ca-8780-f54220a9a565_9703_66867d38,304,test:sham,normal,baseline,role_aggregate,20,128,32,middle,True,True,0,20,40,"{""2"": 20}",0,20,0,20,129
results\d6_r2_formal\raw_r1\boot_03\batch_20260920T102424.881644Z_cd076f1a.json.gz,20260920T102424.881644Z_cd076f1a,4,e1275f44-59b6-41ca-8780-f54220a9a565,d6r2_e1275f44-59b6-41ca-8780-f54220a9a565_9703_66867d38,305,test:sham,normal,baseline,role_aggregate,20,128,32,middle,True,True,0,20,40,"{""2"": 20}",0,20,0,20,129
results\d6_r2_formal\raw_r1\boot_03\batch_20260920T102426.791381Z_ba50b34c.json.gz,20260920T102426.791381Z_ba50b34c,4,e1275f44-59b6-41ca-8780-f54220a9a565,d6r2_e1275f44-59b6-41ca-8780-f54220a9a565_9703_66867d38,306,test:sham,normal,baseline,role_aggregate,20,128,32,middle,True,True,0,20,40,"{""2"": 20}",0,20,0,20,129
results\d6_r2_formal\raw_r1\boot_03\batch_20260920T102428.732107Z_b450162b.json.gz,20260920T102428.732107Z_b450162b,4,e1275f44-59b6-41ca-8780-f54220a9a565,d6r2_e1275f44-59b6-41ca-8780-f54220a9a565_9703_66867d38,307,test:sham,normal,baseline,role_aggregate,20,128,32,middle,True,True,0,20,40,"{""2"": 20}",0,20,0,20,129
results\d6_r2_formal\raw_r1\boot_03\batch_20260920T102430.680029Z_5cab6f7f.json.gz,20260920T102430.680029Z_5cab6f7f,4,e1275f44-59b6-41ca-8780-f54220a9a565,d6r2_e1275f44-59b6-41ca-8780-f54220a9a565_9703_66867d38,308,test:sham,normal,baseline,role_aggregate,20,128,32,middle,True,True,0,20,40,"{""2"": 20}",0,20,0,20,129
results\d6_r2_formal\raw_r1\boot_03\batch_20260920T102432.621261Z_b484f515.json.gz,20260920T102432.621261Z_b484f515,4,e1275f44-59b6-41ca-8780-f54220a9a565,d6r2_e1275f44-59b6-41ca-8780-f54220a9a565_9703_66867d38,309,test:sham,normal,baseline,role_aggregate,20,128,32,middle,True,True,0,20,40,"{""2"": 20}",0,20,0,20,129
results\d6_r2_formal\raw_r1\boot_03\batch_20260920T102440.715154Z_2e43219c.json.gz,20260920T102440.715154Z_2e43219c,4,e1275f44-59b6-41ca-8780-f54220a9a565,d6r2_e1275f44-59b6-41ca-8780-f54220a9a565_9703_66867d38,310,test:sham,normal,cpu,role_aggregate,20,128,32,middle,True,True,0,20,40,"{""2"": 20}",0,20,0,20,129
results\d6_r2_formal\raw_r1\boot_03\batch_20260920T102448.826950Z_119421e9.json.gz,20260920T102448.826950Z_119421e9,4,e1275f44-59b6-41ca-8780-f54220a9a565,d6r2_e1275f44-59b6-41ca-8780-f54220a9a565_9703_66867d38,311,test:sham,normal,cpu,role_aggregate,20,128,32,middle,True,True,0,20,40,"{""2"": 20}",0,20,0,20,129
results\d6_r2_formal\raw_r1\boot_03\batch_20260920T102456.893283Z_39d248e3.json.gz,20260920T102456.893283Z_39d248e3,4,e1275f44-59b6-41ca-8780-f54220a9a565,d6r2_e1275f44-59b6-41ca-8780-f54220a9a565_9703_66867d38,312,test:sham,normal,cpu,role_aggregate,20,128,32,middle,True,True,0,20,40,"{""2"": 20}",0,20,0,20,129
results\d6_r2_formal\raw_r1\boot_03\batch_20260920T102504.980327Z_b85d1ad5.json.gz,20260920T102504.980327Z_b85d1ad5,4,e1275f44-59b6-41ca-8780-f54220a9a565,d6r2_e1275f44-59b6-41ca-8780-f54220a9a565_9703_66867d38,313,test:sham,normal,cpu,role_aggregate,20,128,32,middle,True,True,0,20,40,"{""2"": 20}",0,20,0,20,129
results\d6_r2_formal\raw_r1\boot_03\batch_20260920T102513.062372Z_b05ed105.json.gz,20260920T102513.062372Z_b05ed105,4,e1275f44-59b6-41ca-8780-f54220a9a565,d6r2_e1275f44-59b6-41ca-8780-f54220a9a565_9703_66867d38,314,test:sham,normal,cpu,role_aggregate,20,128,32,middle,True,True,0,20,40,"{""2"": 20}",0,20,0,20,129
results\d6_r2_formal\raw_r1\boot_03\batch_20260920T102521.186592Z_d342bb1e.json.gz,20260920T102521.186592Z_d342bb1e,4,e1275f44-59b6-41ca-8780-f54220a9a565,d6r2_e1275f44-59b6-41ca-8780-f54220a9a565_9703_66867d38,315,test:sham,normal,cpu,role_aggregate,20,128,32,middle,True,True,0,20,40,"{""2"": 20}",0,20,0,20,129
results\d6_r2_formal\raw_r1\boot_03\batch_20260920T102529.252975Z_5f9b89df.json.gz,20260920T102529.252975Z_5f9b89df,4,e1275f44-59b6-41ca-8780-f54220a9a565,d6r2_e1275f44-59b6-41ca-8780-f54220a9a565_9703_66867d38,316,test:sham,normal,cpu,role_aggregate,20,128,32,middle,True,True,0,20,40,"{""2"": 20}",0,20,0,20,129
results\d6_r2_formal\raw_r1\boot_03\batch_20260920T102537.360929Z_36103cd4.json.gz,20260920T102537.360929Z_36103cd4,4,e1275f44-59b6-41ca-8780-f54220a9a565,d6r2_e1275f44-59b6-41ca-8780-f54220a9a565_9703_66867d38,317,test:sham,normal,cpu,role_aggregate,20,128,32,middle,True,True,0,20,40,"{""2"": 20}",0,20,0,20,129
results\d6_r2_formal\raw_r1\boot_03\batch_20260920T102545.437280Z_7542ba99.json.gz,20260920T102545.437280Z_7542ba99,4,e1275f44-59b6-41ca-8780-f54220a9a565,d6r2_e1275f44-59b6-41ca-8780-f54220a9a565_9703_66867d38,318,test:sham,normal,cpu,role_aggregate,20,128,32,middle,True,True,0,20,40,"{""2"": 20}",0,20,0,20,129
results\d6_r2_formal\raw_r1\boot_03\batch_20260920T102553.562915Z_97eb1f62.json.gz,20260920T102553.562915Z_97eb1f62,4,e1275f44-59b6-41ca-8780-f54220a9a565,d6r2_e1275f44-59b6-41ca-8780-f54220a9a565_9703_66867d38,319,test:sham,normal,cpu,role_aggregate,20,128,32,middle,True,True,0,20,40,"{""2"": 20}",0,20,0,20,129
results\d6_r2_formal\raw_r1\boot_03\batch_20260920T102555.469621Z_2de94aec.json.gz,20260920T102555.469621Z_2de94aec,4,e1275f44-59b6-41ca-8780-f54220a9a565,d6r2_e1275f44-59b6-41ca-8780-f54220a9a565_9703_66867d38,320,test:unloaded,normal,baseline,role_aggregate,20,128,32,middle,True,True,0,20,40,"{""2"": 20}",0,20,0,20,129
results\d6_r2_formal\raw_r1\boot_03\batch_20260920T102557.363038Z_328f5383.json.gz,20260920T102557.363038Z_328f5383,4,e1275f44-59b6-41ca-8780-f54220a9a565,d6r2_e1275f44-59b6-41ca-8780-f54220a9a565_9703_66867d38,321,test:unloaded,normal,baseline,role_aggregate,20,128,32,middle,True,True,0,20,40,"{""2"": 20}",0,20,0,20,129
results\d6_r2_formal\raw_r1\boot_03\batch_20260920T102559.250375Z_2c55a290.json.gz,20260920T102559.250375Z_2c55a290,4,e1275f44-59b6-41ca-8780-f54220a9a565,d6r2_e1275f44-59b6-41ca-8780-f54220a9a565_9703_66867d38,322,test:unloaded,normal,baseline,role_aggregate,20,128,32,middle,True,True,0,20,40,"{""2"": 20}",0,20,0,20,129
results\d6_r2_formal\raw_r1\boot_03\batch_20260920T102601.117559Z_88aa942e.json.gz,20260920T102601.117559Z_88aa942e,4,e1275f44-59b6-41ca-8780-f54220a9a565,d6r2_e1275f44-59b6-41ca-8780-f54220a9a565_9703_66867d38,323,test:unloaded,normal,baseline,role_aggregate,20,128,32,middle,True,True,0,20,40,"{""2"": 20}",0,20,0,20,129
results\d6_r2_formal\raw_r1\boot_03\batch_20260920T102603.009001Z_13456e33.json.gz,20260920T102603.009001Z_13456e33,4,e1275f44-59b6-41ca-8780-f54220a9a565,d6r2_e1275f44-59b6-41ca-8780-f54220a9a565_9703_66867d38,324,test:unloaded,normal,baseline,role_aggregate,20,128,32,middle,True,True,0,20,40,"{""2"": 20}",0,20,0,20,129
results\d6_r2_formal\raw_r1\boot_03\batch_20260920T102604.907989Z_6c422573.json.gz,20260920T102604.907989Z_6c422573,4,e1275f44-59b6-41ca-8780-f54220a9a565,d6r2_e1275f44-59b6-41ca-8780-f54220a9a565_9703_66867d38,325,test:unloaded,normal,baseline,role_aggregate,20,128,32,middle,True,True,0,20,40,"{""2"": 20}",0,20,0,20,129
results\d6_r2_formal\raw_r1\boot_03\batch_20260920T102606.844341Z_8dfaf15e.json.gz,20260920T102606.844341Z_8dfaf15e,4,e1275f44-59b6-41ca-8780-f54220a9a565,d6r2_e1275f44-59b6-41ca-8780-f54220a9a565_9703_66867d38,326,test:unloaded,normal,baseline,role_aggregate,20,128,32,middle,True,True,0,20,40,"{""2"": 20}",0,20,0,20,129
results\d6_r2_formal\raw_r1\boot_03\batch_20260920T102608.716800Z_072646f4.json.gz,20260920T102608.716800Z_072646f4,4,e1275f44-59b6-41ca-8780-f54220a9a565,d6r2_e1275f44-59b6-41ca-8780-f54220a9a565_9703_66867d38,327,test:unloaded,normal,baseline,role_aggregate,20,128,32,middle,True,True,0,20,40,"{""2"": 20}",0,20,0,20,129
results\d6_r2_formal\raw_r1\boot_03\batch_20260920T102610.619569Z_9ef4d943.json.gz,20260920T102610.619569Z_9ef4d943,4,e1275f44-59b6-41ca-8780-f54220a9a565,d6r2_e1275f44-59b6-41ca-8780-f54220a9a565_9703_66867d38,328,test:unloaded,normal,baseline,role_aggregate,20,128,32,middle,True,True,0,20,40,"{""2"": 20}",0,20,0,20,129
results\d6_r2_formal\raw_r1\boot_03\batch_20260920T102612.512954Z_ccb145fc.json.gz,20260920T102612.512954Z_ccb145fc,4,e1275f44-59b6-41ca-8780-f54220a9a565,d6r2_e1275f44-59b6-41ca-8780-f54220a9a565_9703_66867d38,329,test:unloaded,normal,baseline,role_aggregate,20,128,32,middle,True,True,0,20,40,"{""2"": 20}",0,20,0,20,129
results\d6_r2_formal\raw_r1\boot_03\batch_20260920T102614.433483Z_29ade3b6.json.gz,20260920T102614.433483Z_29ade3b6,4,e1275f44-59b6-41ca-8780-f54220a9a565,d6r2_e1275f44-59b6-41ca-8780-f54220a9a565_9703_66867d38,330,test:unloaded,normal,baseline,role_aggregate,20,128,32,middle,True,True,0,20,40,"{""2"": 20}",0,20,0,20,129
results\d6_r2_formal\raw_r1\boot_03\batch_20260920T102616.297223Z_93503016.json.gz,20260920T102616.297223Z_93503016,4,e1275f44-59b6-41ca-8780-f54220a9a565,d6r2_e1275f44-59b6-41ca-8780-f54220a9a565_9703_66867d38,331,test:unloaded,normal,baseline,role_aggregate,20,128,32,middle,True,True,0,20,40,"{""2"": 20}",0,20,0,20,129
results\d6_r2_formal\raw_r1\boot_03\batch_20260920T102618.164304Z_ee96cdec.json.gz,20260920T102618.164304Z_ee96cdec,4,e1275f44-59b6-41ca-8780-f54220a9a565,d6r2_e1275f44-59b6-41ca-8780-f54220a9a565_9703_66867d38,332,test:unloaded,normal,baseline,role_aggregate,20,128,32,middle,True,True,0,20,40,"{""2"": 20}",0,20,0,20,129
results\d6_r2_formal\raw_r1\boot_03\batch_20260920T102620.045238Z_16d6bd83.json.gz,20260920T102620.045238Z_16d6bd83,4,e1275f44-59b6-41ca-8780-f54220a9a565,d6r2_e1275f44-59b6-41ca-8780-f54220a9a565_9703_66867d38,333,test:unloaded,normal,baseline,role_aggregate,20,128,32,middle,True,True,0,20,40,"{""2"": 20}",0,20,0,20,129
results\d6_r2_formal\raw_r1\boot_03\batch_20260920T102621.929176Z_c904cd1a.json.gz,20260920T102621.929176Z_c904cd1a,4,e1275f44-59b6-41ca-8780-f54220a9a565,d6r2_e1275f44-59b6-41ca-8780-f54220a9a565_9703_66867d38,334,test:unloaded,normal,baseline,role_aggregate,20,128,32,middle,True,True,0,20,40,"{""2"": 20}",0,20,0,20,129
results\d6_r2_formal\raw_r1\boot_03\batch_20260920T102623.891230Z_91a0b644.json.gz,20260920T102623.891230Z_91a0b644,4,e1275f44-59b6-41ca-8780-f54220a9a565,d6r2_e1275f44-59b6-41ca-8780-f54220a9a565_9703_66867d38,335,test:unloaded,normal,baseline,role_aggregate,20,128,32,middle,True,True,0,20,40,"{""2"": 20}",0,20,0,20,129
results\d6_r2_formal\raw_r1\boot_03\batch_20260920T102625.814394Z_902c7884.json.gz,20260920T102625.814394Z_902c7884,4,e1275f44-59b6-41ca-8780-f54220a9a565,d6r2_e1275f44-59b6-41ca-8780-f54220a9a565_9703_66867d38,336,test:unloaded,normal,baseline,role_aggregate,20,128,32,middle,True,True,0,20,40,"{""2"": 20}",0,20,0,20,129
results\d6_r2_formal\raw_r1\boot_03\batch_20260920T102627.686363Z_e1ab2fd1.json.gz,20260920T102627.686363Z_e1ab2fd1,4,e1275f44-59b6-41ca-8780-f54220a9a565,d6r2_e1275f44-59b6-41ca-8780-f54220a9a565_9703_66867d38,337,test:unloaded,normal,baseline,role_aggregate,20,128,32,middle,True,True,0,20,40,"{""2"": 20}",0,20,0,20,129
results\d6_r2_formal\raw_r1\boot_03\batch_20260920T102629.560614Z_63974494.json.gz,20260920T102629.560614Z_63974494,4,e1275f44-59b6-41ca-8780-f54220a9a565,d6r2_e1275f44-59b6-41ca-8780-f54220a9a565_9703_66867d38,338,test:unloaded,normal,baseline,role_aggregate,20,128,32,middle,True,True,0,20,40,"{""2"": 20}",0,20,0,20,129
results\d6_r2_formal\raw_r1\boot_03\batch_20260920T102631.436165Z_1468d85f.json.gz,20260920T102631.436165Z_1468d85f,4,e1275f44-59b6-41ca-8780-f54220a9a565,d6r2_e1275f44-59b6-41ca-8780-f54220a9a565_9703_66867d38,339,test:unloaded,normal,baseline,role_aggregate,20,128,32,middle,True,True,0,20,40,"{""2"": 20}",0,20,0,20,129
results\d6_r2_formal\raw_r1\boot_03\batch_20260920T102639.503163Z_f10a09de.json.gz,20260920T102639.503163Z_f10a09de,4,e1275f44-59b6-41ca-8780-f54220a9a565,d6r2_e1275f44-59b6-41ca-8780-f54220a9a565_9703_66867d38,340,test:unloaded,normal,cpu,role_aggregate,20,128,32,middle,True,True,0,20,40,"{""2"": 20}",0,20,0,20,129
results\d6_r2_formal\raw_r1\boot_03\batch_20260920T102647.522113Z_0ddb37bd.json.gz,20260920T102647.522113Z_0ddb37bd,4,e1275f44-59b6-41ca-8780-f54220a9a565,d6r2_e1275f44-59b6-41ca-8780-f54220a9a565_9703_66867d38,341,test:unloaded,normal,cpu,role_aggregate,20,128,32,middle,True,True,0,20,40,"{""2"": 20}",0,20,0,20,129
results\d6_r2_formal\raw_r1\boot_03\batch_20260920T102655.583653Z_f34ba354.json.gz,20260920T102655.583653Z_f34ba354,4,e1275f44-59b6-41ca-8780-f54220a9a565,d6r2_e1275f44-59b6-41ca-8780-f54220a9a565_9703_66867d38,342,test:unloaded,normal,cpu,role_aggregate,20,128,32,middle,True,True,0,20,40,"{""2"": 20}",0,20,0,20,129
results\d6_r2_formal\raw_r1\boot_03\batch_20260920T102703.624689Z_236b84fb.json.gz,20260920T102703.624689Z_236b84fb,4,e1275f44-59b6-41ca-8780-f54220a9a565,d6r2_e1275f44-59b6-41ca-8780-f54220a9a565_9703_66867d38,343,test:unloaded,normal,cpu,role_aggregate,20,128,32,middle,True,True,0,20,40,"{""2"": 20}",0,20,0,20,129
results\d6_r2_formal\raw_r1\boot_03\batch_20260920T102711.649973Z_5f7250b8.json.gz,20260920T102711.649973Z_5f7250b8,4,e1275f44-59b6-41ca-8780-f54220a9a565,d6r2_e1275f44-59b6-41ca-8780-f54220a9a565_9703_66867d38,344,test:unloaded,normal,cpu,role_aggregate,20,128,32,middle,True,True,0,20,40,"{""2"": 20}",0,20,0,20,129
results\d6_r2_formal\raw_r1\boot_03\batch_20260920T102719.732812Z_8369e874.json.gz,20260920T102719.732812Z_8369e874,4,e1275f44-59b6-41ca-8780-f54220a9a565,d6r2_e1275f44-59b6-41ca-8780-f54220a9a565_9703_66867d38,345,test:unloaded,normal,cpu,role_aggregate,20,128,32,middle,True,True,0,20,40,"{""2"": 20}",0,20,0,20,129
results\d6_r2_formal\raw_r1\boot_03\batch_20260920T102727.799376Z_1d0e9a19.json.gz,20260920T102727.799376Z_1d0e9a19,4,e1275f44-59b6-41ca-8780-f54220a9a565,d6r2_e1275f44-59b6-41ca-8780-f54220a9a565_9703_66867d38,346,test:unloaded,normal,cpu,role_aggregate,20,128,32,middle,True,True,0,20,40,"{""2"": 20}",0,20,0,20,129
results\d6_r2_formal\raw_r1\boot_03\batch_20260920T102735.901082Z_704588a3.json.gz,20260920T102735.901082Z_704588a3,4,e1275f44-59b6-41ca-8780-f54220a9a565,d6r2_e1275f44-59b6-41ca-8780-f54220a9a565_9703_66867d38,347,test:unloaded,normal,cpu,role_aggregate,20,128,32,middle,True,True,0,20,40,"{""2"": 20}",0,20,0,20,129
results\d6_r2_formal\raw_r1\boot_03\batch_20260920T102743.922840Z_f7da563e.json.gz,20260920T102743.922840Z_f7da563e,4,e1275f44-59b6-41ca-8780-f54220a9a565,d6r2_e1275f44-59b6-41ca-8780-f54220a9a565_9703_66867d38,348,test:unloaded,normal,cpu,role_aggregate,20,128,32,middle,True,True,0,20,40,"{""2"": 20}",0,20,0,20,129
results\d6_r2_formal\raw_r1\boot_03\batch_20260920T102751.928929Z_32e0ea0a.json.gz,20260920T102751.928929Z_32e0ea0a,4,e1275f44-59b6-41ca-8780-f54220a9a565,d6r2_e1275f44-59b6-41ca-8780-f54220a9a565_9703_66867d38,349,test:unloaded,normal,cpu,role_aggregate,20,128,32,middle,True,True,0,20,40,"{""2"": 20}",0,20,0,20,129
results\d6_r2_formal\raw_r1\boot_03\batch_20260920T102759.950356Z_8ab22f7e.json.gz,20260920T102759.950356Z_8ab22f7e,4,e1275f44-59b6-41ca-8780-f54220a9a565,d6r2_e1275f44-59b6-41ca-8780-f54220a9a565_9703_66867d38,350,test:unloaded,normal,cpu,role_aggregate,20,128,32,middle,True,True,0,20,40,"{""2"": 20}",0,20,0,20,129
results\d6_r2_formal\raw_r1\boot_03\batch_20260920T102807.941732Z_0cf33156.json.gz,20260920T102807.941732Z_0cf33156,4,e1275f44-59b6-41ca-8780-f54220a9a565,d6r2_e1275f44-59b6-41ca-8780-f54220a9a565_9703_66867d38,351,test:unloaded,normal,cpu,role_aggregate,20,128,32,middle,True,True,0,20,40,"{""2"": 20}",0,20,0,20,129
results\d6_r2_formal\raw_r1\boot_03\batch_20260920T102815.964069Z_90d7ce6f.json.gz,20260920T102815.964069Z_90d7ce6f,4,e1275f44-59b6-41ca-8780-f54220a9a565,d6r2_e1275f44-59b6-41ca-8780-f54220a9a565_9703_66867d38,352,test:unloaded,normal,cpu,role_aggregate,20,128,32,middle,True,True,0,20,40,"{""2"": 20}",0,20,0,20,129
results\d6_r2_formal\raw_r1\boot_03\batch_20260920T102824.001930Z_1e1dd311.json.gz,20260920T102824.001930Z_1e1dd311,4,e1275f44-59b6-41ca-8780-f54220a9a565,d6r2_e1275f44-59b6-41ca-8780-f54220a9a565_9703_66867d38,353,test:unloaded,normal,cpu,role_aggregate,20,128,32,middle,True,True,0,20,40,"{""2"": 20}",0,20,0,20,129
results\d6_r2_formal\raw_r1\boot_03\batch_20260920T102832.088335Z_fe572c24.json.gz,20260920T102832.088335Z_fe572c24,4,e1275f44-59b6-41ca-8780-f54220a9a565,d6r2_e1275f44-59b6-41ca-8780-f54220a9a565_9703_66867d38,354,test:unloaded,normal,cpu,role_aggregate,20,128,32,middle,True,True,0,20,40,"{""2"": 20}",0,20,0,20,129
results\d6_r2_formal\raw_r1\boot_03\batch_20260920T102840.182489Z_e7fe6eda.json.gz,20260920T102840.182489Z_e7fe6eda,4,e1275f44-59b6-41ca-8780-f54220a9a565,d6r2_e1275f44-59b6-41ca-8780-f54220a9a565_9703_66867d38,355,test:unloaded,normal,cpu,role_aggregate,20,128,32,middle,True,True,0,20,40,"{""2"": 20}",0,20,0,20,129
results\d6_r2_formal\raw_r1\boot_03\batch_20260920T102848.162144Z_31d0ea1f.json.gz,20260920T102848.162144Z_31d0ea1f,4,e1275f44-59b6-41ca-8780-f54220a9a565,d6r2_e1275f44-59b6-41ca-8780-f54220a9a565_9703_66867d38,356,test:unloaded,normal,cpu,role_aggregate,20,128,32,middle,True,True,0,20,40,"{""2"": 20}",0,20,0,20,129
results\d6_r2_formal\raw_r1\boot_03\batch_20260920T102856.187248Z_eb244564.json.gz,20260920T102856.187248Z_eb244564,4,e1275f44-59b6-41ca-8780-f54220a9a565,d6r2_e1275f44-59b6-41ca-8780-f54220a9a565_9703_66867d38,357,test:unloaded,normal,cpu,role_aggregate,20,128,32,middle,True,True,0,20,40,"{""2"": 20}",0,20,0,20,129
results\d6_r2_formal\raw_r1\boot_03\batch_20260920T102904.198130Z_ab27355c.json.gz,20260920T102904.198130Z_ab27355c,4,e1275f44-59b6-41ca-8780-f54220a9a565,d6r2_e1275f44-59b6-41ca-8780-f54220a9a565_9703_66867d38,358,test:unloaded,normal,cpu,role_aggregate,20,128,32,middle,True,True,0,20,40,"{""2"": 20}",0,20,0,20,129
results\d6_r2_formal\raw_r1\boot_03\batch_20260920T102912.208810Z_c277c256.json.gz,20260920T102912.208810Z_c277c256,4,e1275f44-59b6-41ca-8780-f54220a9a565,d6r2_e1275f44-59b6-41ca-8780-f54220a9a565_9703_66867d38,359,test:unloaded,normal,cpu,role_aggregate,20,128,32,middle,True,True,0,20,40,"{""2"": 20}",0,20,0,20,129
results\d6_r2_formal\raw_r1\boot_03\batch_20260920T102920.272499Z_4cf009b1.json.gz,20260920T102920.272499Z_4cf009b1,4,e1275f44-59b6-41ca-8780-f54220a9a565,d6r2_e1275f44-59b6-41ca-8780-f54220a9a565_9703_66867d38,360,test:unloaded,normal,cpu,role_aggregate,20,128,32,middle,True,True,0,20,40,"{""2"": 20}",0,20,0,20,129
results\d6_r2_formal\raw_r1\boot_03\batch_20260920T102928.297237Z_ad49a44e.json.gz,20260920T102928.297237Z_ad49a44e,4,e1275f44-59b6-41ca-8780-f54220a9a565,d6r2_e1275f44-59b6-41ca-8780-f54220a9a565_9703_66867d38,361,test:unloaded,normal,cpu,role_aggregate,20,128,32,middle,True,True,0,20,40,"{""2"": 20}",0,20,0,20,129
results\d6_r2_formal\raw_r1\boot_03\batch_20260920T102936.323710Z_5475aac1.json.gz,20260920T102936.323710Z_5475aac1,4,e1275f44-59b6-41ca-8780-f54220a9a565,d6r2_e1275f44-59b6-41ca-8780-f54220a9a565_9703_66867d38,362,test:unloaded,normal,cpu,role_aggregate,20,128,32,middle,True,True,0,20,40,"{""2"": 20}",0,20,0,20,129
results\d6_r2_formal\raw_r1\boot_03\batch_20260920T102944.324163Z_79f3f220.json.gz,20260920T102944.324163Z_79f3f220,4,e1275f44-59b6-41ca-8780-f54220a9a565,d6r2_e1275f44-59b6-41ca-8780-f54220a9a565_9703_66867d38,363,test:unloaded,normal,cpu,role_aggregate,20,128,32,middle,True,True,0,20,40,"{""2"": 20}",0,20,0,20,129
results\d6_r2_formal\raw_r1\boot_03\batch_20260920T102952.351579Z_42d2a61a.json.gz,20260920T102952.351579Z_42d2a61a,4,e1275f44-59b6-41ca-8780-f54220a9a565,d6r2_e1275f44-59b6-41ca-8780-f54220a9a565_9703_66867d38,364,test:unloaded,normal,cpu,role_aggregate,20,128,32,middle,True,True,0,20,40,"{""2"": 20}",0,20,0,20,129
results\d6_r2_formal\raw_r1\boot_03\batch_20260920T103000.438348Z_2a02ab33.json.gz,20260920T103000.438348Z_2a02ab33,4,e1275f44-59b6-41ca-8780-f54220a9a565,d6r2_e1275f44-59b6-41ca-8780-f54220a9a565_9703_66867d38,365,test:unloaded,normal,cpu,role_aggregate,20,128,32,middle,True,True,0,20,40,"{""2"": 20}",0,20,0,20,129
results\d6_r2_formal\raw_r1\boot_03\batch_20260920T103008.513838Z_fabc27f6.json.gz,20260920T103008.513838Z_fabc27f6,4,e1275f44-59b6-41ca-8780-f54220a9a565,d6r2_e1275f44-59b6-41ca-8780-f54220a9a565_9703_66867d38,366,test:unloaded,normal,cpu,role_aggregate,20,128,32,middle,True,True,0,20,40,"{""2"": 20}",0,20,0,20,129
results\d6_r2_formal\raw_r1\boot_03\batch_20260920T103016.581147Z_e689b386.json.gz,20260920T103016.581147Z_e689b386,4,e1275f44-59b6-41ca-8780-f54220a9a565,d6r2_e1275f44-59b6-41ca-8780-f54220a9a565_9703_66867d38,367,test:unloaded,normal,cpu,role_aggregate,20,128,32,middle,True,True,0,20,40,"{""2"": 20}",0,20,0,20,129
results\d6_r2_formal\raw_r1\boot_03\batch_20260920T103024.649146Z_2bc7db03.json.gz,20260920T103024.649146Z_2bc7db03,4,e1275f44-59b6-41ca-8780-f54220a9a565,d6r2_e1275f44-59b6-41ca-8780-f54220a9a565_9703_66867d38,368,test:unloaded,normal,cpu,role_aggregate,20,128,32,middle,True,True,0,20,40,"{""2"": 20}",0,20,0,20,129
results\d6_r2_formal\raw_r1\boot_03\batch_20260920T103032.663601Z_14e8725d.json.gz,20260920T103032.663601Z_14e8725d,4,e1275f44-59b6-41ca-8780-f54220a9a565,d6r2_e1275f44-59b6-41ca-8780-f54220a9a565_9703_66867d38,369,test:unloaded,normal,cpu,role_aggregate,20,128,32,middle,True,True,0,20,40,"{""2"": 20}",0,20,0,20,129
results\d6_r2_formal\raw_r1\boot_03\batch_20260920T103040.693489Z_7afafb40.json.gz,20260920T103040.693489Z_7afafb40,4,e1275f44-59b6-41ca-8780-f54220a9a565,d6r2_e1275f44-59b6-41ca-8780-f54220a9a565_9703_66867d38,370,test:unloaded,normal,cpu,role_aggregate,20,128,32,middle,True,True,0,20,40,"{""2"": 20}",0,20,0,20,129
results\d6_r2_formal\raw_r1\boot_03\batch_20260920T103048.748351Z_41d99bfb.json.gz,20260920T103048.748351Z_41d99bfb,4,e1275f44-59b6-41ca-8780-f54220a9a565,d6r2_e1275f44-59b6-41ca-8780-f54220a9a565_9703_66867d38,371,test:unloaded,normal,cpu,role_aggregate,20,128,32,middle,True,True,0,20,40,"{""2"": 20}",0,20,0,20,129
results\d6_r2_formal\raw_r1\boot_03\batch_20260920T103056.762358Z_339c3b8a.json.gz,20260920T103056.762358Z_339c3b8a,4,e1275f44-59b6-41ca-8780-f54220a9a565,d6r2_e1275f44-59b6-41ca-8780-f54220a9a565_9703_66867d38,372,test:unloaded,normal,cpu,role_aggregate,20,128,32,middle,True,True,0,20,40,"{""2"": 20}",0,20,0,20,129
results\d6_r2_formal\raw_r1\boot_03\batch_20260920T103104.771845Z_003acdcd.json.gz,20260920T103104.771845Z_003acdcd,4,e1275f44-59b6-41ca-8780-f54220a9a565,d6r2_e1275f44-59b6-41ca-8780-f54220a9a565_9703_66867d38,373,test:unloaded,normal,cpu,role_aggregate,20,128,32,middle,True,True,0,20,40,"{""2"": 20}",0,20,0,20,129
results\d6_r2_formal\raw_r1\boot_03\batch_20260920T103112.841998Z_358a2f54.json.gz,20260920T103112.841998Z_358a2f54,4,e1275f44-59b6-41ca-8780-f54220a9a565,d6r2_e1275f44-59b6-41ca-8780-f54220a9a565_9703_66867d38,374,test:unloaded,normal,cpu,role_aggregate,20,128,32,middle,True,True,0,20,40,"{""2"": 20}",0,20,0,20,129
results\d6_r2_formal\raw_r1\boot_03\batch_20260920T103120.879066Z_5bde4943.json.gz,20260920T103120.879066Z_5bde4943,4,e1275f44-59b6-41ca-8780-f54220a9a565,d6r2_e1275f44-59b6-41ca-8780-f54220a9a565_9703_66867d38,375,test:unloaded,normal,cpu,role_aggregate,20,128,32,middle,True,True,0,20,40,"{""2"": 20}",0,20,0,20,129
results\d6_r2_formal\raw_r1\boot_03\batch_20260920T103128.934957Z_63922191.json.gz,20260920T103128.934957Z_63922191,4,e1275f44-59b6-41ca-8780-f54220a9a565,d6r2_e1275f44-59b6-41ca-8780-f54220a9a565_9703_66867d38,376,test:unloaded,normal,cpu,role_aggregate,20,128,32,middle,True,True,0,20,40,"{""2"": 20}",0,20,0,20,129
results\d6_r2_formal\raw_r1\boot_03\batch_20260920T103136.903025Z_2b01c49f.json.gz,20260920T103136.903025Z_2b01c49f,4,e1275f44-59b6-41ca-8780-f54220a9a565,d6r2_e1275f44-59b6-41ca-8780-f54220a9a565_9703_66867d38,377,test:unloaded,normal,cpu,role_aggregate,20,128,32,middle,True,True,0,20,40,"{""2"": 20}",0,20,0,20,129
results\d6_r2_formal\raw_r1\boot_03\batch_20260920T103144.984394Z_9e9ad161.json.gz,20260920T103144.984394Z_9e9ad161,4,e1275f44-59b6-41ca-8780-f54220a9a565,d6r2_e1275f44-59b6-41ca-8780-f54220a9a565_9703_66867d38,378,test:unloaded,normal,cpu,role_aggregate,20,128,32,middle,True,True,0,20,40,"{""2"": 20}",0,20,0,20,129
results\d6_r2_formal\raw_r1\boot_03\batch_20260920T103153.134998Z_a3a04c74.json.gz,20260920T103153.134998Z_a3a04c74,4,e1275f44-59b6-41ca-8780-f54220a9a565,d6r2_e1275f44-59b6-41ca-8780-f54220a9a565_9703_66867d38,379,test:unloaded,normal,cpu,role_aggregate,20,128,32,middle,True,True,0,20,40,"{""2"": 20}",0,20,0,20,129
results\d6_r2_formal\raw_r1\boot_03\batch_20260920T103156.070042Z_2af04fef.json.gz,20260920T103156.070042Z_2af04fef,4,e1275f44-59b6-41ca-8780-f54220a9a565,d6r2_e1275f44-59b6-41ca-8780-f54220a9a565_9703_66867d38,380,test:unloaded,normal,memory,role_aggregate,20,128,32,middle,True,True,0,20,40,"{""2"": 20}",0,20,0,20,129
results\d6_r2_formal\raw_r1\boot_03\batch_20260920T103158.968415Z_68e5df01.json.gz,20260920T103158.968415Z_68e5df01,4,e1275f44-59b6-41ca-8780-f54220a9a565,d6r2_e1275f44-59b6-41ca-8780-f54220a9a565_9703_66867d38,381,test:unloaded,normal,memory,role_aggregate,20,128,32,middle,True,True,0,20,40,"{""2"": 20}",0,20,0,20,129
results\d6_r2_formal\raw_r1\boot_03\batch_20260920T103201.876730Z_d0e39856.json.gz,20260920T103201.876730Z_d0e39856,4,e1275f44-59b6-41ca-8780-f54220a9a565,d6r2_e1275f44-59b6-41ca-8780-f54220a9a565_9703_66867d38,382,test:unloaded,normal,memory,role_aggregate,20,128,32,middle,True,True,0,20,40,"{""2"": 20}",0,20,0,20,129
results\d6_r2_formal\raw_r1\boot_03\batch_20260920T103204.835109Z_9bfae54a.json.gz,20260920T103204.835109Z_9bfae54a,4,e1275f44-59b6-41ca-8780-f54220a9a565,d6r2_e1275f44-59b6-41ca-8780-f54220a9a565_9703_66867d38,383,test:unloaded,normal,memory,role_aggregate,20,128,32,middle,True,True,0,20,40,"{""2"": 20}",0,20,0,20,129
results\d6_r2_formal\raw_r1\boot_03\batch_20260920T103207.735039Z_f2107542.json.gz,20260920T103207.735039Z_f2107542,4,e1275f44-59b6-41ca-8780-f54220a9a565,d6r2_e1275f44-59b6-41ca-8780-f54220a9a565_9703_66867d38,384,test:unloaded,normal,memory,role_aggregate,20,128,32,middle,True,True,0,20,40,"{""2"": 20}",0,20,0,20,129
results\d6_r2_formal\raw_r1\boot_03\batch_20260920T103210.680562Z_be0508c1.json.gz,20260920T103210.680562Z_be0508c1,4,e1275f44-59b6-41ca-8780-f54220a9a565,d6r2_e1275f44-59b6-41ca-8780-f54220a9a565_9703_66867d38,385,test:unloaded,normal,memory,role_aggregate,20,128,32,middle,True,True,0,20,40,"{""2"": 20}",0,20,0,20,129
results\d6_r2_formal\raw_r1\boot_03\batch_20260920T103213.596680Z_53a24514.json.gz,20260920T103213.596680Z_53a24514,4,e1275f44-59b6-41ca-8780-f54220a9a565,d6r2_e1275f44-59b6-41ca-8780-f54220a9a565_9703_66867d38,386,test:unloaded,normal,memory,role_aggregate,20,128,32,middle,True,True,0,20,40,"{""2"": 20}",0,20,0,20,129
results\d6_r2_formal\raw_r1\boot_03\batch_20260920T103216.522506Z_e5b0fb29.json.gz,20260920T103216.522506Z_e5b0fb29,4,e1275f44-59b6-41ca-8780-f54220a9a565,d6r2_e1275f44-59b6-41ca-8780-f54220a9a565_9703_66867d38,387,test:unloaded,normal,memory,role_aggregate,20,128,32,middle,True,True,0,20,40,"{""2"": 20}",0,20,0,20,129
results\d6_r2_formal\raw_r1\boot_03\batch_20260920T103219.443506Z_821d4656.json.gz,20260920T103219.443506Z_821d4656,4,e1275f44-59b6-41ca-8780-f54220a9a565,d6r2_e1275f44-59b6-41ca-8780-f54220a9a565_9703_66867d38,388,test:unloaded,normal,memory,role_aggregate,20,128,32,middle,True,True,0,20,40,"{""2"": 20}",0,20,0,20,129
results\d6_r2_formal\raw_r1\boot_03\batch_20260920T103222.366006Z_a6026e1d.json.gz,20260920T103222.366006Z_a6026e1d,4,e1275f44-59b6-41ca-8780-f54220a9a565,d6r2_e1275f44-59b6-41ca-8780-f54220a9a565_9703_66867d38,389,test:unloaded,normal,memory,role_aggregate,20,128,32,middle,True,True,0,20,40,"{""2"": 20}",0,20,0,20,129
results\d6_r2_formal\raw_r1\boot_03\batch_20260920T103225.259846Z_00fcc560.json.gz,20260920T103225.259846Z_00fcc560,4,e1275f44-59b6-41ca-8780-f54220a9a565,d6r2_e1275f44-59b6-41ca-8780-f54220a9a565_9703_66867d38,390,test:unloaded,normal,memory,role_aggregate,20,128,32,middle,True,True,0,20,40,"{""2"": 20}",0,20,0,20,129
results\d6_r2_formal\raw_r1\boot_03\batch_20260920T103228.168827Z_88531285.json.gz,20260920T103228.168827Z_88531285,4,e1275f44-59b6-41ca-8780-f54220a9a565,d6r2_e1275f44-59b6-41ca-8780-f54220a9a565_9703_66867d38,391,test:unloaded,normal,memory,role_aggregate,20,128,32,middle,True,True,0,20,40,"{""2"": 20}",0,20,0,20,129
results\d6_r2_formal\raw_r1\boot_03\batch_20260920T103231.074928Z_de4ab987.json.gz,20260920T103231.074928Z_de4ab987,4,e1275f44-59b6-41ca-8780-f54220a9a565,d6r2_e1275f44-59b6-41ca-8780-f54220a9a565_9703_66867d38,392,test:unloaded,normal,memory,role_aggregate,20,128,32,middle,True,True,0,20,40,"{""2"": 20}",0,20,0,20,129
results\d6_r2_formal\raw_r1\boot_03\batch_20260920T103233.960614Z_f3c8a39f.json.gz,20260920T103233.960614Z_f3c8a39f,4,e1275f44-59b6-41ca-8780-f54220a9a565,d6r2_e1275f44-59b6-41ca-8780-f54220a9a565_9703_66867d38,393,test:unloaded,normal,memory,role_aggregate,20,128,32,middle,True,True,0,20,40,"{""2"": 20}",0,20,0,20,129
results\d6_r2_formal\raw_r1\boot_03\batch_20260920T103236.916716Z_e5d2320c.json.gz,20260920T103236.916716Z_e5d2320c,4,e1275f44-59b6-41ca-8780-f54220a9a565,d6r2_e1275f44-59b6-41ca-8780-f54220a9a565_9703_66867d38,394,test:unloaded,normal,memory,role_aggregate,20,128,32,middle,True,True,0,20,40,"{""2"": 20}",0,20,0,20,129
results\d6_r2_formal\raw_r1\boot_03\batch_20260920T103239.835533Z_9a7ff08c.json.gz,20260920T103239.835533Z_9a7ff08c,4,e1275f44-59b6-41ca-8780-f54220a9a565,d6r2_e1275f44-59b6-41ca-8780-f54220a9a565_9703_66867d38,395,test:unloaded,normal,memory,role_aggregate,20,128,32,middle,True,True,0,20,40,"{""2"": 20}",0,20,0,20,129
results\d6_r2_formal\raw_r1\boot_03\batch_20260920T103242.769990Z_033ec02a.json.gz,20260920T103242.769990Z_033ec02a,4,e1275f44-59b6-41ca-8780-f54220a9a565,d6r2_e1275f44-59b6-41ca-8780-f54220a9a565_9703_66867d38,396,test:unloaded,normal,memory,role_aggregate,20,128,32,middle,True,True,0,20,40,"{""2"": 20}",0,20,0,20,129
results\d6_r2_formal\raw_r1\boot_03\batch_20260920T103245.715051Z_8fef20ab.json.gz,20260920T103245.715051Z_8fef20ab,4,e1275f44-59b6-41ca-8780-f54220a9a565,d6r2_e1275f44-59b6-41ca-8780-f54220a9a565_9703_66867d38,397,test:unloaded,normal,memory,role_aggregate,20,128,32,middle,True,True,0,20,40,"{""2"": 20}",0,20,0,20,129
results\d6_r2_formal\raw_r1\boot_03\batch_20260920T103248.625950Z_2325007b.json.gz,20260920T103248.625950Z_2325007b,4,e1275f44-59b6-41ca-8780-f54220a9a565,d6r2_e1275f44-59b6-41ca-8780-f54220a9a565_9703_66867d38,398,test:unloaded,normal,memory,role_aggregate,20,128,32,middle,True,True,0,20,40,"{""2"": 20}",0,20,0,20,129
results\d6_r2_formal\raw_r1\boot_03\batch_20260920T103251.563488Z_5b1962eb.json.gz,20260920T103251.563488Z_5b1962eb,4,e1275f44-59b6-41ca-8780-f54220a9a565,d6r2_e1275f44-59b6-41ca-8780-f54220a9a565_9703_66867d38,399,test:unloaded,normal,memory,role_aggregate,20,128,32,middle,True,True,0,20,40,"{""2"": 20}",0,20,0,20,129
results\d6_r2_formal\raw_r1\boot_03\batch_20260920T103254.465184Z_2ef82503.json.gz,20260920T103254.465184Z_2ef82503,4,e1275f44-59b6-41ca-8780-f54220a9a565,d6r2_e1275f44-59b6-41ca-8780-f54220a9a565_9703_66867d38,400,test:unloaded,normal,memory,role_aggregate,20,128,32,middle,True,True,0,20,40,"{""2"": 20}",0,20,0,20,129
results\d6_r2_formal\raw_r1\boot_03\batch_20260920T103257.342845Z_1df9bb94.json.gz,20260920T103257.342845Z_1df9bb94,4,e1275f44-59b6-41ca-8780-f54220a9a565,d6r2_e1275f44-59b6-41ca-8780-f54220a9a565_9703_66867d38,401,test:unloaded,normal,memory,role_aggregate,20,128,32,middle,True,True,0,20,40,"{""2"": 20}",0,20,0,20,129
results\d6_r2_formal\raw_r1\boot_03\batch_20260920T103300.265023Z_c4122eae.json.gz,20260920T103300.265023Z_c4122eae,4,e1275f44-59b6-41ca-8780-f54220a9a565,d6r2_e1275f44-59b6-41ca-8780-f54220a9a565_9703_66867d38,402,test:unloaded,normal,memory,role_aggregate,20,128,32,middle,True,True,0,20,40,"{""2"": 20}",0,20,0,20,129
results\d6_r2_formal\raw_r1\boot_03\batch_20260920T103303.162408Z_a1e93a95.json.gz,20260920T103303.162408Z_a1e93a95,4,e1275f44-59b6-41ca-8780-f54220a9a565,d6r2_e1275f44-59b6-41ca-8780-f54220a9a565_9703_66867d38,403,test:unloaded,normal,memory,role_aggregate,20,128,32,middle,True,True,0,20,40,"{""2"": 20}",0,20,0,20,129
results\d6_r2_formal\raw_r1\boot_03\batch_20260920T103306.105833Z_f5bfa080.json.gz,20260920T103306.105833Z_f5bfa080,4,e1275f44-59b6-41ca-8780-f54220a9a565,d6r2_e1275f44-59b6-41ca-8780-f54220a9a565_9703_66867d38,404,test:unloaded,normal,memory,role_aggregate,20,128,32,middle,True,True,0,20,40,"{""2"": 20}",0,20,0,20,129
results\d6_r2_formal\raw_r1\boot_03\batch_20260920T103309.039079Z_5281731b.json.gz,20260920T103309.039079Z_5281731b,4,e1275f44-59b6-41ca-8780-f54220a9a565,d6r2_e1275f44-59b6-41ca-8780-f54220a9a565_9703_66867d38,405,test:unloaded,normal,memory,role_aggregate,20,128,32,middle,True,True,0,20,40,"{""2"": 20}",0,20,0,20,129
results\d6_r2_formal\raw_r1\boot_03\batch_20260920T103311.984294Z_8027521c.json.gz,20260920T103311.984294Z_8027521c,4,e1275f44-59b6-41ca-8780-f54220a9a565,d6r2_e1275f44-59b6-41ca-8780-f54220a9a565_9703_66867d38,406,test:unloaded,normal,memory,role_aggregate,20,128,32,middle,True,True,0,20,40,"{""2"": 20}",0,20,0,20,129
results\d6_r2_formal\raw_r1\boot_03\batch_20260920T103314.920493Z_bac57951.json.gz,20260920T103314.920493Z_bac57951,4,e1275f44-59b6-41ca-8780-f54220a9a565,d6r2_e1275f44-59b6-41ca-8780-f54220a9a565_9703_66867d38,407,test:unloaded,normal,memory,role_aggregate,20,128,32,middle,True,True,0,20,40,"{""2"": 20}",0,20,0,20,129
results\d6_r2_formal\raw_r1\boot_03\batch_20260920T103317.847596Z_e039bdd8.json.gz,20260920T103317.847596Z_e039bdd8,4,e1275f44-59b6-41ca-8780-f54220a9a565,d6r2_e1275f44-59b6-41ca-8780-f54220a9a565_9703_66867d38,408,test:unloaded,normal,memory,role_aggregate,20,128,32,middle,True,True,0,20,40,"{""2"": 20}",0,20,0,20,129
results\d6_r2_formal\raw_r1\boot_03\batch_20260920T103320.764507Z_ddd831c9.json.gz,20260920T103320.764507Z_ddd831c9,4,e1275f44-59b6-41ca-8780-f54220a9a565,d6r2_e1275f44-59b6-41ca-8780-f54220a9a565_9703_66867d38,409,test:unloaded,normal,memory,role_aggregate,20,128,32,middle,True,True,0,20,40,"{""2"": 20}",0,20,0,20,129
results\d6_r2_formal\raw_r1\boot_03\batch_20260920T103323.726512Z_3964ece9.json.gz,20260920T103323.726512Z_3964ece9,4,e1275f44-59b6-41ca-8780-f54220a9a565,d6r2_e1275f44-59b6-41ca-8780-f54220a9a565_9703_66867d38,410,test:unloaded,normal,memory,role_aggregate,20,128,32,middle,True,True,0,20,40,"{""2"": 20}",0,20,0,20,129
results\d6_r2_formal\raw_r1\boot_03\batch_20260920T103326.702303Z_3b77a8a6.json.gz,20260920T103326.702303Z_3b77a8a6,4,e1275f44-59b6-41ca-8780-f54220a9a565,d6r2_e1275f44-59b6-41ca-8780-f54220a9a565_9703_66867d38,411,test:unloaded,normal,memory,role_aggregate,20,128,32,middle,True,True,0,20,40,"{""2"": 20}",0,20,0,20,129
results\d6_r2_formal\raw_r1\boot_03\batch_20260920T103329.627101Z_429ace01.json.gz,20260920T103329.627101Z_429ace01,4,e1275f44-59b6-41ca-8780-f54220a9a565,d6r2_e1275f44-59b6-41ca-8780-f54220a9a565_9703_66867d38,412,test:unloaded,normal,memory,role_aggregate,20,128,32,middle,True,True,0,20,40,"{""2"": 20}",0,20,0,20,129
results\d6_r2_formal\raw_r1\boot_03\batch_20260920T103332.579848Z_271b3006.json.gz,20260920T103332.579848Z_271b3006,4,e1275f44-59b6-41ca-8780-f54220a9a565,d6r2_e1275f44-59b6-41ca-8780-f54220a9a565_9703_66867d38,413,test:unloaded,normal,memory,role_aggregate,20,128,32,middle,True,True,0,20,40,"{""2"": 20}",0,20,0,20,129
results\d6_r2_formal\raw_r1\boot_03\batch_20260920T103335.509316Z_855455fe.json.gz,20260920T103335.509316Z_855455fe,4,e1275f44-59b6-41ca-8780-f54220a9a565,d6r2_e1275f44-59b6-41ca-8780-f54220a9a565_9703_66867d38,414,test:unloaded,normal,memory,role_aggregate,20,128,32,middle,True,True,0,20,40,"{""2"": 20}",0,20,0,20,129
results\d6_r2_formal\raw_r1\boot_03\batch_20260920T103338.408004Z_fd083705.json.gz,20260920T103338.408004Z_fd083705,4,e1275f44-59b6-41ca-8780-f54220a9a565,d6r2_e1275f44-59b6-41ca-8780-f54220a9a565_9703_66867d38,415,test:unloaded,normal,memory,role_aggregate,20,128,32,middle,True,True,0,20,40,"{""2"": 20}",0,20,0,20,129
results\d6_r2_formal\raw_r1\boot_03\batch_20260920T103341.300848Z_0c4eead2.json.gz,20260920T103341.300848Z_0c4eead2,4,e1275f44-59b6-41ca-8780-f54220a9a565,d6r2_e1275f44-59b6-41ca-8780-f54220a9a565_9703_66867d38,416,test:unloaded,normal,memory,role_aggregate,20,128,32,middle,True,True,0,20,40,"{""2"": 20}",0,20,0,20,129
results\d6_r2_formal\raw_r1\boot_03\batch_20260920T103344.221714Z_e0dc278f.json.gz,20260920T103344.221714Z_e0dc278f,4,e1275f44-59b6-41ca-8780-f54220a9a565,d6r2_e1275f44-59b6-41ca-8780-f54220a9a565_9703_66867d38,417,test:unloaded,normal,memory,role_aggregate,20,128,32,middle,True,True,0,20,40,"{""2"": 20}",0,20,0,20,129
results\d6_r2_formal\raw_r1\boot_03\batch_20260920T103347.141234Z_0d39250a.json.gz,20260920T103347.141234Z_0d39250a,4,e1275f44-59b6-41ca-8780-f54220a9a565,d6r2_e1275f44-59b6-41ca-8780-f54220a9a565_9703_66867d38,418,test:unloaded,normal,memory,role_aggregate,20,128,32,middle,True,True,0,20,40,"{""2"": 20}",0,20,0,20,129
results\d6_r2_formal\raw_r1\boot_03\batch_20260920T103350.062621Z_017b7b38.json.gz,20260920T103350.062621Z_017b7b38,4,e1275f44-59b6-41ca-8780-f54220a9a565,d6r2_e1275f44-59b6-41ca-8780-f54220a9a565_9703_66867d38,419,test:unloaded,normal,memory,role_aggregate,20,128,32,middle,True,True,0,20,40,"{""2"": 20}",0,20,0,20,129
results\d6_r2_formal\raw_r1\boot_03\batch_20260920T103358.098248Z_6b69d950.json.gz,20260920T103358.098248Z_6b69d950,4,e1275f44-59b6-41ca-8780-f54220a9a565,d6r2_e1275f44-59b6-41ca-8780-f54220a9a565_9703_66867d38,420,test:unloaded,normal,mixed,role_aggregate,20,128,32,middle,True,True,0,20,40,"{""2"": 20}",0,20,0,20,129
results\d6_r2_formal\raw_r1\boot_03\batch_20260920T103406.137208Z_a1b8712d.json.gz,20260920T103406.137208Z_a1b8712d,4,e1275f44-59b6-41ca-8780-f54220a9a565,d6r2_e1275f44-59b6-41ca-8780-f54220a9a565_9703_66867d38,421,test:unloaded,normal,mixed,role_aggregate,20,128,32,middle,True,True,0,20,40,"{""2"": 20}",0,20,0,20,129
results\d6_r2_formal\raw_r1\boot_03\batch_20260920T103414.141410Z_0700e259.json.gz,20260920T103414.141410Z_0700e259,4,e1275f44-59b6-41ca-8780-f54220a9a565,d6r2_e1275f44-59b6-41ca-8780-f54220a9a565_9703_66867d38,422,test:unloaded,normal,mixed,role_aggregate,20,128,32,middle,True,True,0,20,40,"{""2"": 20}",0,20,0,20,129
results\d6_r2_formal\raw_r1\boot_03\batch_20260920T103422.199194Z_7565c820.json.gz,20260920T103422.199194Z_7565c820,4,e1275f44-59b6-41ca-8780-f54220a9a565,d6r2_e1275f44-59b6-41ca-8780-f54220a9a565_9703_66867d38,423,test:unloaded,normal,mixed,role_aggregate,20,128,32,middle,True,True,0,20,40,"{""2"": 20}",0,20,0,20,129
results\d6_r2_formal\raw_r1\boot_03\batch_20260920T103430.203759Z_61fe8fc2.json.gz,20260920T103430.203759Z_61fe8fc2,4,e1275f44-59b6-41ca-8780-f54220a9a565,d6r2_e1275f44-59b6-41ca-8780-f54220a9a565_9703_66867d38,424,test:unloaded,normal,mixed,role_aggregate,20,128,32,middle,True,True,0,20,40,"{""2"": 20}",0,20,0,20,129
results\d6_r2_formal\raw_r1\boot_03\batch_20260920T103438.302691Z_b222f97f.json.gz,20260920T103438.302691Z_b222f97f,4,e1275f44-59b6-41ca-8780-f54220a9a565,d6r2_e1275f44-59b6-41ca-8780-f54220a9a565_9703_66867d38,425,test:unloaded,normal,mixed,role_aggregate,20,128,32,middle,True,True,0,20,40,"{""2"": 20}",0,20,0,20,129
results\d6_r2_formal\raw_r1\boot_03\batch_20260920T103446.328312Z_f3e2ba6e.json.gz,20260920T103446.328312Z_f3e2ba6e,4,e1275f44-59b6-41ca-8780-f54220a9a565,d6r2_e1275f44-59b6-41ca-8780-f54220a9a565_9703_66867d38,426,test:unloaded,normal,mixed,role_aggregate,20,128,32,middle,True,True,0,20,40,"{""2"": 20}",0,20,0,20,129
results\d6_r2_formal\raw_r1\boot_03\batch_20260920T103454.370007Z_bb5de48c.json.gz,20260920T103454.370007Z_bb5de48c,4,e1275f44-59b6-41ca-8780-f54220a9a565,d6r2_e1275f44-59b6-41ca-8780-f54220a9a565_9703_66867d38,427,test:unloaded,normal,mixed,role_aggregate,20,128,32,middle,True,True,0,20,40,"{""2"": 20}",0,20,0,20,129
results\d6_r2_formal\raw_r1\boot_03\batch_20260920T103502.394072Z_341f417e.json.gz,20260920T103502.394072Z_341f417e,4,e1275f44-59b6-41ca-8780-f54220a9a565,d6r2_e1275f44-59b6-41ca-8780-f54220a9a565_9703_66867d38,428,test:unloaded,normal,mixed,role_aggregate,20,128,32,middle,True,True,0,20,40,"{""2"": 20}",0,20,0,20,129
results\d6_r2_formal\raw_r1\boot_03\batch_20260920T103510.459582Z_a193b932.json.gz,20260920T103510.459582Z_a193b932,4,e1275f44-59b6-41ca-8780-f54220a9a565,d6r2_e1275f44-59b6-41ca-8780-f54220a9a565_9703_66867d38,429,test:unloaded,normal,mixed,role_aggregate,20,128,32,middle,True,True,0,20,40,"{""2"": 20}",0,20,0,20,129
results\d6_r2_formal\raw_r1\boot_03\batch_20260920T103518.478234Z_8b7f18e8.json.gz,20260920T103518.478234Z_8b7f18e8,4,e1275f44-59b6-41ca-8780-f54220a9a565,d6r2_e1275f44-59b6-41ca-8780-f54220a9a565_9703_66867d38,430,test:unloaded,normal,mixed,role_aggregate,20,128,32,middle,True,True,0,20,40,"{""2"": 20}",0,20,0,20,129
results\d6_r2_formal\raw_r1\boot_03\batch_20260920T103526.530517Z_b435d093.json.gz,20260920T103526.530517Z_b435d093,4,e1275f44-59b6-41ca-8780-f54220a9a565,d6r2_e1275f44-59b6-41ca-8780-f54220a9a565_9703_66867d38,431,test:unloaded,normal,mixed,role_aggregate,20,128,32,middle,True,True,0,20,40,"{""2"": 20}",0,20,0,20,129
results\d6_r2_formal\raw_r1\boot_03\batch_20260920T103534.569889Z_26742897.json.gz,20260920T103534.569889Z_26742897,4,e1275f44-59b6-41ca-8780-f54220a9a565,d6r2_e1275f44-59b6-41ca-8780-f54220a9a565_9703_66867d38,432,test:unloaded,normal,mixed,role_aggregate,20,128,32,middle,True,True,0,20,40,"{""2"": 20}",0,20,0,20,129
results\d6_r2_formal\raw_r1\boot_03\batch_20260920T103542.620322Z_25a8f5f8.json.gz,20260920T103542.620322Z_25a8f5f8,4,e1275f44-59b6-41ca-8780-f54220a9a565,d6r2_e1275f44-59b6-41ca-8780-f54220a9a565_9703_66867d38,433,test:unloaded,normal,mixed,role_aggregate,20,128,32,middle,True,True,0,20,40,"{""2"": 20}",0,20,0,20,129
results\d6_r2_formal\raw_r1\boot_03\batch_20260920T103550.664600Z_eece4930.json.gz,20260920T103550.664600Z_eece4930,4,e1275f44-59b6-41ca-8780-f54220a9a565,d6r2_e1275f44-59b6-41ca-8780-f54220a9a565_9703_66867d38,434,test:unloaded,normal,mixed,role_aggregate,20,128,32,middle,True,True,0,20,40,"{""2"": 20}",0,20,0,20,129
results\d6_r2_formal\raw_r1\boot_03\batch_20260920T103558.713394Z_53b8814b.json.gz,20260920T103558.713394Z_53b8814b,4,e1275f44-59b6-41ca-8780-f54220a9a565,d6r2_e1275f44-59b6-41ca-8780-f54220a9a565_9703_66867d38,435,test:unloaded,normal,mixed,role_aggregate,20,128,32,middle,True,True,0,20,40,"{""2"": 20}",0,20,0,20,129
results\d6_r2_formal\raw_r1\boot_03\batch_20260920T103606.705976Z_d31eaa9d.json.gz,20260920T103606.705976Z_d31eaa9d,4,e1275f44-59b6-41ca-8780-f54220a9a565,d6r2_e1275f44-59b6-41ca-8780-f54220a9a565_9703_66867d38,436,test:unloaded,normal,mixed,role_aggregate,20,128,32,middle,True,True,0,20,40,"{""2"": 20}",0,20,0,20,129
results\d6_r2_formal\raw_r1\boot_03\batch_20260920T103614.743243Z_b7c01452.json.gz,20260920T103614.743243Z_b7c01452,4,e1275f44-59b6-41ca-8780-f54220a9a565,d6r2_e1275f44-59b6-41ca-8780-f54220a9a565_9703_66867d38,437,test:unloaded,normal,mixed,role_aggregate,20,128,32,middle,True,True,0,20,40,"{""2"": 20}",0,20,0,20,129
results\d6_r2_formal\raw_r1\boot_03\batch_20260920T103622.769861Z_b620fe6d.json.gz,20260920T103622.769861Z_b620fe6d,4,e1275f44-59b6-41ca-8780-f54220a9a565,d6r2_e1275f44-59b6-41ca-8780-f54220a9a565_9703_66867d38,438,test:unloaded,normal,mixed,role_aggregate,20,128,32,middle,True,True,0,20,40,"{""2"": 20}",0,20,0,20,129
results\d6_r2_formal\raw_r1\boot_03\batch_20260920T103630.804170Z_90d0483c.json.gz,20260920T103630.804170Z_90d0483c,4,e1275f44-59b6-41ca-8780-f54220a9a565,d6r2_e1275f44-59b6-41ca-8780-f54220a9a565_9703_66867d38,439,test:unloaded,normal,mixed,role_aggregate,20,128,32,middle,True,True,0,20,40,"{""2"": 20}",0,20,0,20,129
results\d6_r2_formal\raw_r1\boot_03\batch_20260920T103638.890583Z_3a11bad6.json.gz,20260920T103638.890583Z_3a11bad6,4,e1275f44-59b6-41ca-8780-f54220a9a565,d6r2_e1275f44-59b6-41ca-8780-f54220a9a565_9703_66867d38,440,test:unloaded,normal,mixed,role_aggregate,20,128,32,middle,True,True,0,20,40,"{""2"": 20}",0,20,0,20,129
results\d6_r2_formal\raw_r1\boot_03\batch_20260920T103646.887373Z_d2e3dd37.json.gz,20260920T103646.887373Z_d2e3dd37,4,e1275f44-59b6-41ca-8780-f54220a9a565,d6r2_e1275f44-59b6-41ca-8780-f54220a9a565_9703_66867d38,441,test:unloaded,normal,mixed,role_aggregate,20,128,32,middle,True,True,0,20,40,"{""2"": 20}",0,20,0,20,129
results\d6_r2_formal\raw_r1\boot_03\batch_20260920T103654.995181Z_14f16391.json.gz,20260920T103654.995181Z_14f16391,4,e1275f44-59b6-41ca-8780-f54220a9a565,d6r2_e1275f44-59b6-41ca-8780-f54220a9a565_9703_66867d38,442,test:unloaded,normal,mixed,role_aggregate,20,128,32,middle,True,True,0,20,40,"{""2"": 20}",0,20,0,20,129
results\d6_r2_formal\raw_r1\boot_03\batch_20260920T103703.049194Z_55cc765f.json.gz,20260920T103703.049194Z_55cc765f,4,e1275f44-59b6-41ca-8780-f54220a9a565,d6r2_e1275f44-59b6-41ca-8780-f54220a9a565_9703_66867d38,443,test:unloaded,normal,mixed,role_aggregate,20,128,32,middle,True,True,0,20,40,"{""2"": 20}",0,20,0,20,129
results\d6_r2_formal\raw_r1\boot_03\batch_20260920T103711.043190Z_c8a00aed.json.gz,20260920T103711.043190Z_c8a00aed,4,e1275f44-59b6-41ca-8780-f54220a9a565,d6r2_e1275f44-59b6-41ca-8780-f54220a9a565_9703_66867d38,444,test:unloaded,normal,mixed,role_aggregate,20,128,32,middle,True,True,0,20,40,"{""2"": 20}",0,20,0,20,129
results\d6_r2_formal\raw_r1\boot_03\batch_20260920T103719.051184Z_69c6cd18.json.gz,20260920T103719.051184Z_69c6cd18,4,e1275f44-59b6-41ca-8780-f54220a9a565,d6r2_e1275f44-59b6-41ca-8780-f54220a9a565_9703_66867d38,445,test:unloaded,normal,mixed,role_aggregate,20,128,32,middle,True,True,0,20,40,"{""2"": 20}",0,20,0,20,129
results\d6_r2_formal\raw_r1\boot_03\batch_20260920T103727.140769Z_ec54c3c6.json.gz,20260920T103727.140769Z_ec54c3c6,4,e1275f44-59b6-41ca-8780-f54220a9a565,d6r2_e1275f44-59b6-41ca-8780-f54220a9a565_9703_66867d38,446,test:unloaded,normal,mixed,role_aggregate,20,128,32,middle,True,True,0,20,40,"{""2"": 20}",0,20,0,20,129
results\d6_r2_formal\raw_r1\boot_03\batch_20260920T103735.187873Z_49748d56.json.gz,20260920T103735.187873Z_49748d56,4,e1275f44-59b6-41ca-8780-f54220a9a565,d6r2_e1275f44-59b6-41ca-8780-f54220a9a565_9703_66867d38,447,test:unloaded,normal,mixed,role_aggregate,20,128,32,middle,True,True,0,20,40,"{""2"": 20}",0,20,0,20,129
results\d6_r2_formal\raw_r1\boot_03\batch_20260920T103743.201594Z_a46e0073.json.gz,20260920T103743.201594Z_a46e0073,4,e1275f44-59b6-41ca-8780-f54220a9a565,d6r2_e1275f44-59b6-41ca-8780-f54220a9a565_9703_66867d38,448,test:unloaded,normal,mixed,role_aggregate,20,128,32,middle,True,True,0,20,40,"{""2"": 20}",0,20,0,20,129
results\d6_r2_formal\raw_r1\boot_03\batch_20260920T103751.357279Z_5fa68b74.json.gz,20260920T103751.357279Z_5fa68b74,4,e1275f44-59b6-41ca-8780-f54220a9a565,d6r2_e1275f44-59b6-41ca-8780-f54220a9a565_9703_66867d38,449,test:unloaded,normal,mixed,role_aggregate,20,128,32,middle,True,True,0,20,40,"{""2"": 20}",0,20,0,20,129
results\d6_r2_formal\raw_r1\boot_03\batch_20260920T103759.372311Z_f555daa2.json.gz,20260920T103759.372311Z_f555daa2,4,e1275f44-59b6-41ca-8780-f54220a9a565,d6r2_e1275f44-59b6-41ca-8780-f54220a9a565_9703_66867d38,450,test:unloaded,normal,mixed,role_aggregate,20,128,32,middle,True,True,0,20,40,"{""2"": 20}",0,20,0,20,129
results\d6_r2_formal\raw_r1\boot_03\batch_20260920T103807.376947Z_39a3674b.json.gz,20260920T103807.376947Z_39a3674b,4,e1275f44-59b6-41ca-8780-f54220a9a565,d6r2_e1275f44-59b6-41ca-8780-f54220a9a565_9703_66867d38,451,test:unloaded,normal,mixed,role_aggregate,20,128,32,middle,True,True,0,20,40,"{""2"": 20}",0,20,0,20,129
results\d6_r2_formal\raw_r1\boot_03\batch_20260920T103815.420727Z_b03e54cb.json.gz,20260920T103815.420727Z_b03e54cb,4,e1275f44-59b6-41ca-8780-f54220a9a565,d6r2_e1275f44-59b6-41ca-8780-f54220a9a565_9703_66867d38,452,test:unloaded,normal,mixed,role_aggregate,20,128,32,middle,True,True,0,20,40,"{""2"": 20}",0,20,0,20,129
results\d6_r2_formal\raw_r1\boot_03\batch_20260920T103823.497544Z_587f753d.json.gz,20260920T103823.497544Z_587f753d,4,e1275f44-59b6-41ca-8780-f54220a9a565,d6r2_e1275f44-59b6-41ca-8780-f54220a9a565_9703_66867d38,453,test:unloaded,normal,mixed,role_aggregate,20,128,32,middle,True,True,0,20,40,"{""2"": 20}",0,20,0,20,129
results\d6_r2_formal\raw_r1\boot_03\batch_20260920T103831.509351Z_913737c0.json.gz,20260920T103831.509351Z_913737c0,4,e1275f44-59b6-41ca-8780-f54220a9a565,d6r2_e1275f44-59b6-41ca-8780-f54220a9a565_9703_66867d38,454,test:unloaded,normal,mixed,role_aggregate,20,128,32,middle,True,True,0,20,40,"{""2"": 20}",0,20,0,20,129
results\d6_r2_formal\raw_r1\boot_03\batch_20260920T103839.625995Z_b2d7ec42.json.gz,20260920T103839.625995Z_b2d7ec42,4,e1275f44-59b6-41ca-8780-f54220a9a565,d6r2_e1275f44-59b6-41ca-8780-f54220a9a565_9703_66867d38,455,test:unloaded,normal,mixed,role_aggregate,20,128,32,middle,True,True,0,20,40,"{""2"": 20}",0,20,0,20,129
results\d6_r2_formal\raw_r1\boot_03\batch_20260920T103847.643731Z_6f3151f6.json.gz,20260920T103847.643731Z_6f3151f6,4,e1275f44-59b6-41ca-8780-f54220a9a565,d6r2_e1275f44-59b6-41ca-8780-f54220a9a565_9703_66867d38,456,test:unloaded,normal,mixed,role_aggregate,20,128,32,middle,True,True,0,20,40,"{""2"": 20}",0,20,0,20,129
results\d6_r2_formal\raw_r1\boot_03\batch_20260920T103855.687162Z_d25a2eea.json.gz,20260920T103855.687162Z_d25a2eea,4,e1275f44-59b6-41ca-8780-f54220a9a565,d6r2_e1275f44-59b6-41ca-8780-f54220a9a565_9703_66867d38,457,test:unloaded,normal,mixed,role_aggregate,20,128,32,middle,True,True,0,20,40,"{""2"": 20}",0,20,0,20,129
results\d6_r2_formal\raw_r1\boot_03\batch_20260920T103903.742292Z_98a2a820.json.gz,20260920T103903.742292Z_98a2a820,4,e1275f44-59b6-41ca-8780-f54220a9a565,d6r2_e1275f44-59b6-41ca-8780-f54220a9a565_9703_66867d38,458,test:unloaded,normal,mixed,role_aggregate,20,128,32,middle,True,True,0,20,40,"{""2"": 20}",0,20,0,20,129
results\d6_r2_formal\raw_r1\boot_03\batch_20260920T103911.767356Z_b9b3762e.json.gz,20260920T103911.767356Z_b9b3762e,4,e1275f44-59b6-41ca-8780-f54220a9a565,d6r2_e1275f44-59b6-41ca-8780-f54220a9a565_9703_66867d38,459,test:unloaded,normal,mixed,role_aggregate,20,128,32,middle,True,True,0,20,40,"{""2"": 20}",0,20,0,20,129
results\d6_r2_formal\raw_r1\boot_04\batch_20260920T103931.121909Z_f70ce8e2.json.gz,20260920T103931.121909Z_f70ce8e2,4,1e673d62-53d4-4be9-b2cd-fb83808bb286,d6r2_1e673d62-53d4-4be9-b2cd-fb83808bb286_9704_1fbb17c4,0,calibration:unloaded,normal,baseline,role_aggregate,20,128,32,middle,True,True,0,20,40,"{""2"": 20}",0,20,0,20,129
results\d6_r2_formal\raw_r1\boot_04\batch_20260920T103939.163462Z_eecb5a93.json.gz,20260920T103939.163462Z_eecb5a93,4,1e673d62-53d4-4be9-b2cd-fb83808bb286,d6r2_1e673d62-53d4-4be9-b2cd-fb83808bb286_9704_1fbb17c4,1,calibration:unloaded,normal,cpu,role_aggregate,20,128,32,middle,True,True,0,20,40,"{""2"": 20}",0,20,0,20,129
results\d6_r2_formal\raw_r1\boot_04\batch_20260920T103941.044667Z_7ac0a642.json.gz,20260920T103941.044667Z_7ac0a642,4,1e673d62-53d4-4be9-b2cd-fb83808bb286,d6r2_1e673d62-53d4-4be9-b2cd-fb83808bb286_9704_1fbb17c4,2,calibration:unloaded,normal,baseline,role_aggregate,20,128,32,middle,True,True,0,20,40,"{""2"": 20}",0,20,0,20,129
results\d6_r2_formal\raw_r1\boot_04\batch_20260920T103949.057577Z_73daaa0a.json.gz,20260920T103949.057577Z_73daaa0a,4,1e673d62-53d4-4be9-b2cd-fb83808bb286,d6r2_1e673d62-53d4-4be9-b2cd-fb83808bb286_9704_1fbb17c4,3,calibration:sham,normal,cpu,role_aggregate,20,128,32,middle,True,True,0,20,40,"{""2"": 20}",0,20,0,20,129
results\d6_r2_formal\raw_r1\boot_04\batch_20260920T103951.012543Z_2b91a1e3.json.gz,20260920T103951.012543Z_2b91a1e3,4,1e673d62-53d4-4be9-b2cd-fb83808bb286,d6r2_1e673d62-53d4-4be9-b2cd-fb83808bb286_9704_1fbb17c4,4,calibration:sham,normal,baseline,role_aggregate,20,128,32,middle,True,True,0,20,40,"{""2"": 20}",0,20,0,20,129
results\d6_r2_formal\raw_r1\boot_04\batch_20260920T103959.059501Z_76f9e87d.json.gz,20260920T103959.059501Z_76f9e87d,4,1e673d62-53d4-4be9-b2cd-fb83808bb286,d6r2_1e673d62-53d4-4be9-b2cd-fb83808bb286_9704_1fbb17c4,5,calibration:unloaded,normal,cpu,role_aggregate,20,128,32,middle,True,True,0,20,40,"{""2"": 20}",0,20,0,20,129
results\d6_r2_formal\raw_r1\boot_04\batch_20260920T104000.938286Z_13305f9c.json.gz,20260920T104000.938286Z_13305f9c,4,1e673d62-53d4-4be9-b2cd-fb83808bb286,d6r2_1e673d62-53d4-4be9-b2cd-fb83808bb286_9704_1fbb17c4,6,calibration:sham,normal,baseline,role_aggregate,20,128,32,middle,True,True,0,20,40,"{""2"": 20}",0,20,0,20,129
results\d6_r2_formal\raw_r1\boot_04\batch_20260920T104009.042613Z_c959daa8.json.gz,20260920T104009.042613Z_c959daa8,4,1e673d62-53d4-4be9-b2cd-fb83808bb286,d6r2_1e673d62-53d4-4be9-b2cd-fb83808bb286_9704_1fbb17c4,7,calibration:unloaded,normal,cpu,role_aggregate,20,128,32,middle,True,True,0,20,40,"{""2"": 20}",0,20,0,20,129
results\d6_r2_formal\raw_r1\boot_04\batch_20260920T104010.944706Z_177ef81d.json.gz,20260920T104010.944706Z_177ef81d,4,1e673d62-53d4-4be9-b2cd-fb83808bb286,d6r2_1e673d62-53d4-4be9-b2cd-fb83808bb286_9704_1fbb17c4,8,calibration:sham,normal,baseline,role_aggregate,20,128,32,middle,True,True,0,20,40,"{""2"": 20}",0,20,0,20,129
results\d6_r2_formal\raw_r1\boot_04\batch_20260920T104012.901457Z_ddf617b5.json.gz,20260920T104012.901457Z_ddf617b5,4,1e673d62-53d4-4be9-b2cd-fb83808bb286,d6r2_1e673d62-53d4-4be9-b2cd-fb83808bb286_9704_1fbb17c4,9,calibration:sham,normal,baseline,role_aggregate,20,128,32,middle,True,True,0,20,40,"{""2"": 20}",0,20,0,20,129
results\d6_r2_formal\raw_r1\boot_04\batch_20260920T104020.983021Z_775627a0.json.gz,20260920T104020.983021Z_775627a0,4,1e673d62-53d4-4be9-b2cd-fb83808bb286,d6r2_1e673d62-53d4-4be9-b2cd-fb83808bb286_9704_1fbb17c4,10,calibration:unloaded,normal,cpu,role_aggregate,20,128,32,middle,True,True,0,20,40,"{""2"": 20}",0,20,0,20,129
results\d6_r2_formal\raw_r1\boot_04\batch_20260920T104029.082866Z_2b5cb2b3.json.gz,20260920T104029.082866Z_2b5cb2b3,4,1e673d62-53d4-4be9-b2cd-fb83808bb286,d6r2_1e673d62-53d4-4be9-b2cd-fb83808bb286_9704_1fbb17c4,11,calibration:sham,normal,cpu,role_aggregate,20,128,32,middle,True,True,0,20,40,"{""2"": 20}",0,20,0,20,129
results\d6_r2_formal\raw_r1\boot_04\batch_20260920T104037.184441Z_0a3ac7f9.json.gz,20260920T104037.184441Z_0a3ac7f9,4,1e673d62-53d4-4be9-b2cd-fb83808bb286,d6r2_1e673d62-53d4-4be9-b2cd-fb83808bb286_9704_1fbb17c4,12,calibration:sham,normal,cpu,role_aggregate,20,128,32,middle,True,True,0,20,40,"{""2"": 20}",0,20,0,20,129
results\d6_r2_formal\raw_r1\boot_04\batch_20260920T104045.216534Z_0bc4e38e.json.gz,20260920T104045.216534Z_0bc4e38e,4,1e673d62-53d4-4be9-b2cd-fb83808bb286,d6r2_1e673d62-53d4-4be9-b2cd-fb83808bb286_9704_1fbb17c4,13,calibration:sham,normal,cpu,role_aggregate,20,128,32,middle,True,True,0,20,40,"{""2"": 20}",0,20,0,20,129
results\d6_r2_formal\raw_r1\boot_04\batch_20260920T104053.399620Z_aaddbf11.json.gz,20260920T104053.399620Z_aaddbf11,4,1e673d62-53d4-4be9-b2cd-fb83808bb286,d6r2_1e673d62-53d4-4be9-b2cd-fb83808bb286_9704_1fbb17c4,14,calibration:unloaded,normal,cpu,role_aggregate,20,128,32,middle,True,True,0,20,40,"{""2"": 20}",0,20,0,20,129
results\d6_r2_formal\raw_r1\boot_04\batch_20260920T104101.768849Z_62728552.json.gz,20260920T104101.768849Z_62728552,4,1e673d62-53d4-4be9-b2cd-fb83808bb286,d6r2_1e673d62-53d4-4be9-b2cd-fb83808bb286_9704_1fbb17c4,15,calibration:sham,normal,cpu,role_aggregate,20,128,32,middle,True,True,0,20,40,"{""2"": 20}",0,20,0,20,129
results\d6_r2_formal\raw_r1\boot_04\batch_20260920T104109.938883Z_90a12ca5.json.gz,20260920T104109.938883Z_90a12ca5,4,1e673d62-53d4-4be9-b2cd-fb83808bb286,d6r2_1e673d62-53d4-4be9-b2cd-fb83808bb286_9704_1fbb17c4,16,calibration:unloaded,normal,cpu,role_aggregate,20,128,32,middle,True,True,0,20,40,"{""2"": 20}",0,20,0,20,129
results\d6_r2_formal\raw_r1\boot_04\batch_20260920T104111.880872Z_97bbe28b.json.gz,20260920T104111.880872Z_97bbe28b,4,1e673d62-53d4-4be9-b2cd-fb83808bb286,d6r2_1e673d62-53d4-4be9-b2cd-fb83808bb286_9704_1fbb17c4,17,calibration:unloaded,normal,baseline,role_aggregate,20,128,32,middle,True,True,0,20,40,"{""2"": 20}",0,20,0,20,129
results\d6_r2_formal\raw_r1\boot_04\batch_20260920T104120.016669Z_ed277f69.json.gz,20260920T104120.016669Z_ed277f69,4,1e673d62-53d4-4be9-b2cd-fb83808bb286,d6r2_1e673d62-53d4-4be9-b2cd-fb83808bb286_9704_1fbb17c4,18,calibration:unloaded,normal,cpu,role_aggregate,20,128,32,middle,True,True,0,20,40,"{""2"": 20}",0,20,0,20,129
results\d6_r2_formal\raw_r1\boot_04\batch_20260920T104122.011355Z_ca5a133b.json.gz,20260920T104122.011355Z_ca5a133b,4,1e673d62-53d4-4be9-b2cd-fb83808bb286,d6r2_1e673d62-53d4-4be9-b2cd-fb83808bb286_9704_1fbb17c4,19,calibration:sham,normal,baseline,role_aggregate,20,128,32,middle,True,True,0,20,40,"{""2"": 20}",0,20,0,20,129
results\d6_r2_formal\raw_r1\boot_04\batch_20260920T104130.329594Z_793e0711.json.gz,20260920T104130.329594Z_793e0711,4,1e673d62-53d4-4be9-b2cd-fb83808bb286,d6r2_1e673d62-53d4-4be9-b2cd-fb83808bb286_9704_1fbb17c4,20,calibration:sham,normal,cpu,role_aggregate,20,128,32,middle,True,True,0,20,40,"{""2"": 20}",0,20,0,20,129
results\d6_r2_formal\raw_r1\boot_04\batch_20260920T104132.271873Z_caf46b42.json.gz,20260920T104132.271873Z_caf46b42,4,1e673d62-53d4-4be9-b2cd-fb83808bb286,d6r2_1e673d62-53d4-4be9-b2cd-fb83808bb286_9704_1fbb17c4,21,calibration:unloaded,normal,baseline,role_aggregate,20,128,32,middle,True,True,0,20,40,"{""2"": 20}",0,20,0,20,129
results\d6_r2_formal\raw_r1\boot_04\batch_20260920T104140.388086Z_4f990386.json.gz,20260920T104140.388086Z_4f990386,4,1e673d62-53d4-4be9-b2cd-fb83808bb286,d6r2_1e673d62-53d4-4be9-b2cd-fb83808bb286_9704_1fbb17c4,22,calibration:unloaded,normal,cpu,role_aggregate,20,128,32,middle,True,True,0,20,40,"{""2"": 20}",0,20,0,20,129
results\d6_r2_formal\raw_r1\boot_04\batch_20260920T104148.461810Z_029844e2.json.gz,20260920T104148.461810Z_029844e2,4,1e673d62-53d4-4be9-b2cd-fb83808bb286,d6r2_1e673d62-53d4-4be9-b2cd-fb83808bb286_9704_1fbb17c4,23,calibration:unloaded,normal,cpu,role_aggregate,20,128,32,middle,True,True,0,20,40,"{""2"": 20}",0,20,0,20,129
results\d6_r2_formal\raw_r1\boot_04\batch_20260920T104156.484747Z_96e9f93b.json.gz,20260920T104156.484747Z_96e9f93b,4,1e673d62-53d4-4be9-b2cd-fb83808bb286,d6r2_1e673d62-53d4-4be9-b2cd-fb83808bb286_9704_1fbb17c4,24,calibration:unloaded,normal,cpu,role_aggregate,20,128,32,middle,True,True,0,20,40,"{""2"": 20}",0,20,0,20,129
results\d6_r2_formal\raw_r1\boot_04\batch_20260920T104158.408659Z_bed46b9b.json.gz,20260920T104158.408659Z_bed46b9b,4,1e673d62-53d4-4be9-b2cd-fb83808bb286,d6r2_1e673d62-53d4-4be9-b2cd-fb83808bb286_9704_1fbb17c4,25,calibration:unloaded,normal,baseline,role_aggregate,20,128,32,middle,True,True,0,20,40,"{""2"": 20}",0,20,0,20,129
results\d6_r2_formal\raw_r1\boot_04\batch_20260920T104200.313818Z_ed18e09c.json.gz,20260920T104200.313818Z_ed18e09c,4,1e673d62-53d4-4be9-b2cd-fb83808bb286,d6r2_1e673d62-53d4-4be9-b2cd-fb83808bb286_9704_1fbb17c4,26,calibration:sham,normal,baseline,role_aggregate,20,128,32,middle,True,True,0,20,40,"{""2"": 20}",0,20,0,20,129
results\d6_r2_formal\raw_r1\boot_04\batch_20260920T104202.299019Z_ba41aea7.json.gz,20260920T104202.299019Z_ba41aea7,4,1e673d62-53d4-4be9-b2cd-fb83808bb286,d6r2_1e673d62-53d4-4be9-b2cd-fb83808bb286_9704_1fbb17c4,27,calibration:unloaded,normal,baseline,role_aggregate,20,128,32,middle,True,True,0,20,40,"{""2"": 20}",0,20,0,20,129
results\d6_r2_formal\raw_r1\boot_04\batch_20260920T104210.312995Z_aa858f50.json.gz,20260920T104210.312995Z_aa858f50,4,1e673d62-53d4-4be9-b2cd-fb83808bb286,d6r2_1e673d62-53d4-4be9-b2cd-fb83808bb286_9704_1fbb17c4,28,calibration:unloaded,normal,cpu,role_aggregate,20,128,32,middle,True,True,0,20,40,"{""2"": 20}",0,20,0,20,129
results\d6_r2_formal\raw_r1\boot_04\batch_20260920T104218.359020Z_2c329707.json.gz,20260920T104218.359020Z_2c329707,4,1e673d62-53d4-4be9-b2cd-fb83808bb286,d6r2_1e673d62-53d4-4be9-b2cd-fb83808bb286_9704_1fbb17c4,29,calibration:sham,normal,cpu,role_aggregate,20,128,32,middle,True,True,0,20,40,"{""2"": 20}",0,20,0,20,129
results\d6_r2_formal\raw_r1\boot_04\batch_20260920T104220.254911Z_df7a3d2b.json.gz,20260920T104220.254911Z_df7a3d2b,4,1e673d62-53d4-4be9-b2cd-fb83808bb286,d6r2_1e673d62-53d4-4be9-b2cd-fb83808bb286_9704_1fbb17c4,30,calibration:unloaded,normal,baseline,role_aggregate,20,128,32,middle,True,True,0,20,40,"{""2"": 20}",0,20,0,20,129
results\d6_r2_formal\raw_r1\boot_04\batch_20260920T104228.331687Z_d190d59b.json.gz,20260920T104228.331687Z_d190d59b,4,1e673d62-53d4-4be9-b2cd-fb83808bb286,d6r2_1e673d62-53d4-4be9-b2cd-fb83808bb286_9704_1fbb17c4,31,calibration:sham,normal,cpu,role_aggregate,20,128,32,middle,True,True,0,20,40,"{""2"": 20}",0,20,0,20,129
results\d6_r2_formal\raw_r1\boot_04\batch_20260920T104230.327626Z_2ef7adb9.json.gz,20260920T104230.327626Z_2ef7adb9,4,1e673d62-53d4-4be9-b2cd-fb83808bb286,d6r2_1e673d62-53d4-4be9-b2cd-fb83808bb286_9704_1fbb17c4,32,calibration:unloaded,normal,baseline,role_aggregate,20,128,32,middle,True,True,0,20,40,"{""2"": 20}",0,20,0,20,129
results\d6_r2_formal\raw_r1\boot_04\batch_20260920T104238.461729Z_31cf930f.json.gz,20260920T104238.461729Z_31cf930f,4,1e673d62-53d4-4be9-b2cd-fb83808bb286,d6r2_1e673d62-53d4-4be9-b2cd-fb83808bb286_9704_1fbb17c4,33,calibration:sham,normal,cpu,role_aggregate,20,128,32,middle,True,True,0,20,40,"{""2"": 20}",0,20,0,20,129
results\d6_r2_formal\raw_r1\boot_04\batch_20260920T104240.453876Z_52ce6e78.json.gz,20260920T104240.453876Z_52ce6e78,4,1e673d62-53d4-4be9-b2cd-fb83808bb286,d6r2_1e673d62-53d4-4be9-b2cd-fb83808bb286_9704_1fbb17c4,34,calibration:sham,normal,baseline,role_aggregate,20,128,32,middle,True,True,0,20,40,"{""2"": 20}",0,20,0,20,129
results\d6_r2_formal\raw_r1\boot_04\batch_20260920T104248.546822Z_71e93c8d.json.gz,20260920T104248.546822Z_71e93c8d,4,1e673d62-53d4-4be9-b2cd-fb83808bb286,d6r2_1e673d62-53d4-4be9-b2cd-fb83808bb286_9704_1fbb17c4,35,calibration:unloaded,normal,cpu,role_aggregate,20,128,32,middle,True,True,0,20,40,"{""2"": 20}",0,20,0,20,129
results\d6_r2_formal\raw_r1\boot_04\batch_20260920T104256.550750Z_047ca94f.json.gz,20260920T104256.550750Z_047ca94f,4,1e673d62-53d4-4be9-b2cd-fb83808bb286,d6r2_1e673d62-53d4-4be9-b2cd-fb83808bb286_9704_1fbb17c4,36,calibration:unloaded,normal,cpu,role_aggregate,20,128,32,middle,True,True,0,20,40,"{""2"": 20}",0,20,0,20,129
results\d6_r2_formal\raw_r1\boot_04\batch_20260920T104258.465983Z_ebc7c5c6.json.gz,20260920T104258.465983Z_ebc7c5c6,4,1e673d62-53d4-4be9-b2cd-fb83808bb286,d6r2_1e673d62-53d4-4be9-b2cd-fb83808bb286_9704_1fbb17c4,37,calibration:sham,normal,baseline,role_aggregate,20,128,32,middle,True,True,0,20,40,"{""2"": 20}",0,20,0,20,129
results\d6_r2_formal\raw_r1\boot_04\batch_20260920T104300.399957Z_315599a7.json.gz,20260920T104300.399957Z_315599a7,4,1e673d62-53d4-4be9-b2cd-fb83808bb286,d6r2_1e673d62-53d4-4be9-b2cd-fb83808bb286_9704_1fbb17c4,38,calibration:sham,normal,baseline,role_aggregate,20,128,32,middle,True,True,0,20,40,"{""2"": 20}",0,20,0,20,129
results\d6_r2_formal\raw_r1\boot_04\batch_20260920T104308.486890Z_5adc0e53.json.gz,20260920T104308.486890Z_5adc0e53,4,1e673d62-53d4-4be9-b2cd-fb83808bb286,d6r2_1e673d62-53d4-4be9-b2cd-fb83808bb286_9704_1fbb17c4,39,calibration:sham,normal,cpu,role_aggregate,20,128,32,middle,True,True,0,20,40,"{""2"": 20}",0,20,0,20,129
results\d6_r2_formal\raw_r1\boot_04\batch_20260920T104316.577692Z_096e155b.json.gz,20260920T104316.577692Z_096e155b,4,1e673d62-53d4-4be9-b2cd-fb83808bb286,d6r2_1e673d62-53d4-4be9-b2cd-fb83808bb286_9704_1fbb17c4,40,calibration:sham,normal,cpu,role_aggregate,20,128,32,middle,True,True,0,20,40,"{""2"": 20}",0,20,0,20,129
results\d6_r2_formal\raw_r1\boot_04\batch_20260920T104318.514702Z_cb12d231.json.gz,20260920T104318.514702Z_cb12d231,4,1e673d62-53d4-4be9-b2cd-fb83808bb286,d6r2_1e673d62-53d4-4be9-b2cd-fb83808bb286_9704_1fbb17c4,41,calibration:unloaded,normal,baseline,role_aggregate,20,128,32,middle,True,True,0,20,40,"{""2"": 20}",0,20,0,20,129
results\d6_r2_formal\raw_r1\boot_04\batch_20260920T104320.375588Z_b6aedbe4.json.gz,20260920T104320.375588Z_b6aedbe4,4,1e673d62-53d4-4be9-b2cd-fb83808bb286,d6r2_1e673d62-53d4-4be9-b2cd-fb83808bb286_9704_1fbb17c4,42,calibration:unloaded,normal,baseline,role_aggregate,20,128,32,middle,True,True,0,20,40,"{""2"": 20}",0,20,0,20,129
results\d6_r2_formal\raw_r1\boot_04\batch_20260920T104328.438844Z_a441b0f8.json.gz,20260920T104328.438844Z_a441b0f8,4,1e673d62-53d4-4be9-b2cd-fb83808bb286,d6r2_1e673d62-53d4-4be9-b2cd-fb83808bb286_9704_1fbb17c4,43,calibration:unloaded,normal,cpu,role_aggregate,20,128,32,middle,True,True,0,20,40,"{""2"": 20}",0,20,0,20,129
results\d6_r2_formal\raw_r1\boot_04\batch_20260920T104330.319525Z_67f0c595.json.gz,20260920T104330.319525Z_67f0c595,4,1e673d62-53d4-4be9-b2cd-fb83808bb286,d6r2_1e673d62-53d4-4be9-b2cd-fb83808bb286_9704_1fbb17c4,44,calibration:unloaded,normal,baseline,role_aggregate,20,128,32,middle,True,True,0,20,40,"{""2"": 20}",0,20,0,20,129
results\d6_r2_formal\raw_r1\boot_04\batch_20260920T104332.203905Z_3ecea9e0.json.gz,20260920T104332.203905Z_3ecea9e0,4,1e673d62-53d4-4be9-b2cd-fb83808bb286,d6r2_1e673d62-53d4-4be9-b2cd-fb83808bb286_9704_1fbb17c4,45,calibration:unloaded,normal,baseline,role_aggregate,20,128,32,middle,True,True,0,20,40,"{""2"": 20}",0,20,0,20,129
results\d6_r2_formal\raw_r1\boot_04\batch_20260920T104334.141829Z_19ad1821.json.gz,20260920T104334.141829Z_19ad1821,4,1e673d62-53d4-4be9-b2cd-fb83808bb286,d6r2_1e673d62-53d4-4be9-b2cd-fb83808bb286_9704_1fbb17c4,46,calibration:sham,normal,baseline,role_aggregate,20,128,32,middle,True,True,0,20,40,"{""2"": 20}",0,20,0,20,129
results\d6_r2_formal\raw_r1\boot_04\batch_20260920T104336.089685Z_0bfbfb24.json.gz,20260920T104336.089685Z_0bfbfb24,4,1e673d62-53d4-4be9-b2cd-fb83808bb286,d6r2_1e673d62-53d4-4be9-b2cd-fb83808bb286_9704_1fbb17c4,47,calibration:unloaded,normal,baseline,role_aggregate,20,128,32,middle,True,True,0,20,40,"{""2"": 20}",0,20,0,20,129
results\d6_r2_formal\raw_r1\boot_04\batch_20260920T104344.164595Z_5d51c895.json.gz,20260920T104344.164595Z_5d51c895,4,1e673d62-53d4-4be9-b2cd-fb83808bb286,d6r2_1e673d62-53d4-4be9-b2cd-fb83808bb286_9704_1fbb17c4,48,calibration:sham,normal,cpu,role_aggregate,20,128,32,middle,True,True,0,20,40,"{""2"": 20}",0,20,0,20,129
results\d6_r2_formal\raw_r1\boot_04\batch_20260920T104346.116660Z_c90121f3.json.gz,20260920T104346.116660Z_c90121f3,4,1e673d62-53d4-4be9-b2cd-fb83808bb286,d6r2_1e673d62-53d4-4be9-b2cd-fb83808bb286_9704_1fbb17c4,49,calibration:sham,normal,baseline,role_aggregate,20,128,32,middle,True,True,0,20,40,"{""2"": 20}",0,20,0,20,129
results\d6_r2_formal\raw_r1\boot_04\batch_20260920T104348.095546Z_e4ba7813.json.gz,20260920T104348.095546Z_e4ba7813,4,1e673d62-53d4-4be9-b2cd-fb83808bb286,d6r2_1e673d62-53d4-4be9-b2cd-fb83808bb286_9704_1fbb17c4,50,calibration:unloaded,normal,baseline,role_aggregate,20,128,32,middle,True,True,0,20,40,"{""2"": 20}",0,20,0,20,129
results\d6_r2_formal\raw_r1\boot_04\batch_20260920T104356.133733Z_b2ba87c4.json.gz,20260920T104356.133733Z_b2ba87c4,4,1e673d62-53d4-4be9-b2cd-fb83808bb286,d6r2_1e673d62-53d4-4be9-b2cd-fb83808bb286_9704_1fbb17c4,51,calibration:unloaded,normal,cpu,role_aggregate,20,128,32,middle,True,True,0,20,40,"{""2"": 20}",0,20,0,20,129
results\d6_r2_formal\raw_r1\boot_04\batch_20260920T104404.236468Z_2dc4ab75.json.gz,20260920T104404.236468Z_2dc4ab75,4,1e673d62-53d4-4be9-b2cd-fb83808bb286,d6r2_1e673d62-53d4-4be9-b2cd-fb83808bb286_9704_1fbb17c4,52,calibration:sham,normal,cpu,role_aggregate,20,128,32,middle,True,True,0,20,40,"{""2"": 20}",0,20,0,20,129
results\d6_r2_formal\raw_r1\boot_04\batch_20260920T104406.212165Z_55e7e437.json.gz,20260920T104406.212165Z_55e7e437,4,1e673d62-53d4-4be9-b2cd-fb83808bb286,d6r2_1e673d62-53d4-4be9-b2cd-fb83808bb286_9704_1fbb17c4,53,calibration:sham,normal,baseline,role_aggregate,20,128,32,middle,True,True,0,20,40,"{""2"": 20}",0,20,0,20,129
results\d6_r2_formal\raw_r1\boot_04\batch_20260920T104414.278079Z_b114f4cf.json.gz,20260920T104414.278079Z_b114f4cf,4,1e673d62-53d4-4be9-b2cd-fb83808bb286,d6r2_1e673d62-53d4-4be9-b2cd-fb83808bb286_9704_1fbb17c4,54,calibration:unloaded,normal,cpu,role_aggregate,20,128,32,middle,True,True,0,20,40,"{""2"": 20}",0,20,0,20,129
results\d6_r2_formal\raw_r1\boot_04\batch_20260920T104422.376926Z_dc351a55.json.gz,20260920T104422.376926Z_dc351a55,4,1e673d62-53d4-4be9-b2cd-fb83808bb286,d6r2_1e673d62-53d4-4be9-b2cd-fb83808bb286_9704_1fbb17c4,55,calibration:sham,normal,cpu,role_aggregate,20,128,32,middle,True,True,0,20,40,"{""2"": 20}",0,20,0,20,129
results\d6_r2_formal\raw_r1\boot_04\batch_20260920T104430.525533Z_61644c25.json.gz,20260920T104430.525533Z_61644c25,4,1e673d62-53d4-4be9-b2cd-fb83808bb286,d6r2_1e673d62-53d4-4be9-b2cd-fb83808bb286_9704_1fbb17c4,56,calibration:sham,normal,cpu,role_aggregate,20,128,32,middle,True,True,0,20,40,"{""2"": 20}",0,20,0,20,129
results\d6_r2_formal\raw_r1\boot_04\batch_20260920T104438.581493Z_7b1bd99f.json.gz,20260920T104438.581493Z_7b1bd99f,4,1e673d62-53d4-4be9-b2cd-fb83808bb286,d6r2_1e673d62-53d4-4be9-b2cd-fb83808bb286_9704_1fbb17c4,57,calibration:unloaded,normal,cpu,role_aggregate,20,128,32,middle,True,True,0,20,40,"{""2"": 20}",0,20,0,20,129
results\d6_r2_formal\raw_r1\boot_04\batch_20260920T104446.573458Z_511363ea.json.gz,20260920T104446.573458Z_511363ea,4,1e673d62-53d4-4be9-b2cd-fb83808bb286,d6r2_1e673d62-53d4-4be9-b2cd-fb83808bb286_9704_1fbb17c4,58,calibration:unloaded,normal,cpu,role_aggregate,20,128,32,middle,True,True,0,20,40,"{""2"": 20}",0,20,0,20,129
results\d6_r2_formal\raw_r1\boot_04\batch_20260920T104448.459574Z_ccdd0b67.json.gz,20260920T104448.459574Z_ccdd0b67,4,1e673d62-53d4-4be9-b2cd-fb83808bb286,d6r2_1e673d62-53d4-4be9-b2cd-fb83808bb286_9704_1fbb17c4,59,calibration:sham,normal,baseline,role_aggregate,20,128,32,middle,True,True,0,20,40,"{""2"": 20}",0,20,0,20,129
results\d6_r2_formal\raw_r1\boot_04\batch_20260920T104450.345876Z_83c9830a.json.gz,20260920T104450.345876Z_83c9830a,4,1e673d62-53d4-4be9-b2cd-fb83808bb286,d6r2_1e673d62-53d4-4be9-b2cd-fb83808bb286_9704_1fbb17c4,60,calibration:unloaded,normal,baseline,role_aggregate,20,128,32,middle,True,True,0,20,40,"{""2"": 20}",0,20,0,20,129
results\d6_r2_formal\raw_r1\boot_04\batch_20260920T104452.246628Z_84082c12.json.gz,20260920T104452.246628Z_84082c12,4,1e673d62-53d4-4be9-b2cd-fb83808bb286,d6r2_1e673d62-53d4-4be9-b2cd-fb83808bb286_9704_1fbb17c4,61,calibration:sham,normal,baseline,role_aggregate,20,128,32,middle,True,True,0,20,40,"{""2"": 20}",0,20,0,20,129
results\d6_r2_formal\raw_r1\boot_04\batch_20260920T104500.220292Z_b143b240.json.gz,20260920T104500.220292Z_b143b240,4,1e673d62-53d4-4be9-b2cd-fb83808bb286,d6r2_1e673d62-53d4-4be9-b2cd-fb83808bb286_9704_1fbb17c4,62,calibration:unloaded,normal,cpu,role_aggregate,20,128,32,middle,True,True,0,20,40,"{""2"": 20}",0,20,0,20,129
results\d6_r2_formal\raw_r1\boot_04\batch_20260920T104502.094367Z_76ecbd7a.json.gz,20260920T104502.094367Z_76ecbd7a,4,1e673d62-53d4-4be9-b2cd-fb83808bb286,d6r2_1e673d62-53d4-4be9-b2cd-fb83808bb286_9704_1fbb17c4,63,calibration:sham,normal,baseline,role_aggregate,20,128,32,middle,True,True,0,20,40,"{""2"": 20}",0,20,0,20,129
results\d6_r2_formal\raw_r1\boot_04\batch_20260920T104504.027951Z_47059997.json.gz,20260920T104504.027951Z_47059997,4,1e673d62-53d4-4be9-b2cd-fb83808bb286,d6r2_1e673d62-53d4-4be9-b2cd-fb83808bb286_9704_1fbb17c4,64,calibration:sham,normal,baseline,role_aggregate,20,128,32,middle,True,True,0,20,40,"{""2"": 20}",0,20,0,20,129
results\d6_r2_formal\raw_r1\boot_04\batch_20260920T104512.101425Z_6ca9e4f5.json.gz,20260920T104512.101425Z_6ca9e4f5,4,1e673d62-53d4-4be9-b2cd-fb83808bb286,d6r2_1e673d62-53d4-4be9-b2cd-fb83808bb286_9704_1fbb17c4,65,calibration:sham,normal,cpu,role_aggregate,20,128,32,middle,True,True,0,20,40,"{""2"": 20}",0,20,0,20,129
results\d6_r2_formal\raw_r1\boot_04\batch_20260920T104514.202889Z_533a04f5.json.gz,20260920T104514.202889Z_533a04f5,4,1e673d62-53d4-4be9-b2cd-fb83808bb286,d6r2_1e673d62-53d4-4be9-b2cd-fb83808bb286_9704_1fbb17c4,66,calibration:sham,normal,baseline,role_aggregate,20,128,32,middle,True,True,0,20,40,"{""2"": 20}",0,20,0,20,129
results\d6_r2_formal\raw_r1\boot_04\batch_20260920T104516.167286Z_616fd476.json.gz,20260920T104516.167286Z_616fd476,4,1e673d62-53d4-4be9-b2cd-fb83808bb286,d6r2_1e673d62-53d4-4be9-b2cd-fb83808bb286_9704_1fbb17c4,67,calibration:sham,normal,baseline,role_aggregate,20,128,32,middle,True,True,0,20,40,"{""2"": 20}",0,20,0,20,129
results\d6_r2_formal\raw_r1\boot_04\batch_20260920T104524.367913Z_83466819.json.gz,20260920T104524.367913Z_83466819,4,1e673d62-53d4-4be9-b2cd-fb83808bb286,d6r2_1e673d62-53d4-4be9-b2cd-fb83808bb286_9704_1fbb17c4,68,calibration:sham,normal,cpu,role_aggregate,20,128,32,middle,True,True,0,20,40,"{""2"": 20}",0,20,0,20,129
results\d6_r2_formal\raw_r1\boot_04\batch_20260920T104526.315404Z_fa14c410.json.gz,20260920T104526.315404Z_fa14c410,4,1e673d62-53d4-4be9-b2cd-fb83808bb286,d6r2_1e673d62-53d4-4be9-b2cd-fb83808bb286_9704_1fbb17c4,69,calibration:sham,normal,baseline,role_aggregate,20,128,32,middle,True,True,0,20,40,"{""2"": 20}",0,20,0,20,129
results\d6_r2_formal\raw_r1\boot_04\batch_20260920T104534.427258Z_363a2c0e.json.gz,20260920T104534.427258Z_363a2c0e,4,1e673d62-53d4-4be9-b2cd-fb83808bb286,d6r2_1e673d62-53d4-4be9-b2cd-fb83808bb286_9704_1fbb17c4,70,calibration:sham,normal,cpu,role_aggregate,20,128,32,middle,True,True,0,20,40,"{""2"": 20}",0,20,0,20,129
results\d6_r2_formal\raw_r1\boot_04\batch_20260920T104542.505888Z_5d5fd8b3.json.gz,20260920T104542.505888Z_5d5fd8b3,4,1e673d62-53d4-4be9-b2cd-fb83808bb286,d6r2_1e673d62-53d4-4be9-b2cd-fb83808bb286_9704_1fbb17c4,71,calibration:unloaded,normal,cpu,role_aggregate,20,128,32,middle,True,True,0,20,40,"{""2"": 20}",0,20,0,20,129
results\d6_r2_formal\raw_r1\boot_04\batch_20260920T104550.590080Z_4dcc4d80.json.gz,20260920T104550.590080Z_4dcc4d80,4,1e673d62-53d4-4be9-b2cd-fb83808bb286,d6r2_1e673d62-53d4-4be9-b2cd-fb83808bb286_9704_1fbb17c4,72,calibration:unloaded,normal,cpu,role_aggregate,20,128,32,middle,True,True,0,20,40,"{""2"": 20}",0,20,0,20,129
results\d6_r2_formal\raw_r1\boot_04\batch_20260920T104558.658642Z_75389778.json.gz,20260920T104558.658642Z_75389778,4,1e673d62-53d4-4be9-b2cd-fb83808bb286,d6r2_1e673d62-53d4-4be9-b2cd-fb83808bb286_9704_1fbb17c4,73,calibration:sham,normal,cpu,role_aggregate,20,128,32,middle,True,True,0,20,40,"{""2"": 20}",0,20,0,20,129
results\d6_r2_formal\raw_r1\boot_04\batch_20260920T104600.608602Z_f58dafca.json.gz,20260920T104600.608602Z_f58dafca,4,1e673d62-53d4-4be9-b2cd-fb83808bb286,d6r2_1e673d62-53d4-4be9-b2cd-fb83808bb286_9704_1fbb17c4,74,calibration:unloaded,normal,baseline,role_aggregate,20,128,32,middle,True,True,0,20,40,"{""2"": 20}",0,20,0,20,129
results\d6_r2_formal\raw_r1\boot_04\batch_20260920T104608.686827Z_7b909282.json.gz,20260920T104608.686827Z_7b909282,4,1e673d62-53d4-4be9-b2cd-fb83808bb286,d6r2_1e673d62-53d4-4be9-b2cd-fb83808bb286_9704_1fbb17c4,75,calibration:unloaded,normal,cpu,role_aggregate,20,128,32,middle,True,True,0,20,40,"{""2"": 20}",0,20,0,20,129
results\d6_r2_formal\raw_r1\boot_04\batch_20260920T104610.602899Z_4fb87bc1.json.gz,20260920T104610.602899Z_4fb87bc1,4,1e673d62-53d4-4be9-b2cd-fb83808bb286,d6r2_1e673d62-53d4-4be9-b2cd-fb83808bb286_9704_1fbb17c4,76,calibration:sham,normal,baseline,role_aggregate,20,128,32,middle,True,True,0,20,40,"{""2"": 20}",0,20,0,20,129
results\d6_r2_formal\raw_r1\boot_04\batch_20260920T104612.511259Z_0de28846.json.gz,20260920T104612.511259Z_0de28846,4,1e673d62-53d4-4be9-b2cd-fb83808bb286,d6r2_1e673d62-53d4-4be9-b2cd-fb83808bb286_9704_1fbb17c4,77,calibration:unloaded,normal,baseline,role_aggregate,20,128,32,middle,True,True,0,20,40,"{""2"": 20}",0,20,0,20,129
results\d6_r2_formal\raw_r1\boot_04\batch_20260920T104620.525047Z_b9f7d67f.json.gz,20260920T104620.525047Z_b9f7d67f,4,1e673d62-53d4-4be9-b2cd-fb83808bb286,d6r2_1e673d62-53d4-4be9-b2cd-fb83808bb286_9704_1fbb17c4,78,calibration:unloaded,normal,cpu,role_aggregate,20,128,32,middle,True,True,0,20,40,"{""2"": 20}",0,20,0,20,129
results\d6_r2_formal\raw_r1\boot_04\batch_20260920T104622.381666Z_27078779.json.gz,20260920T104622.381666Z_27078779,4,1e673d62-53d4-4be9-b2cd-fb83808bb286,d6r2_1e673d62-53d4-4be9-b2cd-fb83808bb286_9704_1fbb17c4,79,calibration:unloaded,normal,baseline,role_aggregate,20,128,32,middle,True,True,0,20,40,"{""2"": 20}",0,20,0,20,129
results\d6_r2_formal\raw_r1\boot_04\batch_20260920T104624.355534Z_e34ed7e9.json.gz,20260920T104624.355534Z_e34ed7e9,4,1e673d62-53d4-4be9-b2cd-fb83808bb286,d6r2_1e673d62-53d4-4be9-b2cd-fb83808bb286_9704_1fbb17c4,80,calibration:sham,normal,baseline,role_aggregate,20,128,32,middle,True,True,0,20,40,"{""2"": 20}",0,20,0,20,129
results\d6_r2_formal\raw_r1\boot_04\batch_20260920T104632.434931Z_9cc79083.json.gz,20260920T104632.434931Z_9cc79083,4,1e673d62-53d4-4be9-b2cd-fb83808bb286,d6r2_1e673d62-53d4-4be9-b2cd-fb83808bb286_9704_1fbb17c4,81,calibration:sham,normal,cpu,role_aggregate,20,128,32,middle,True,True,0,20,40,"{""2"": 20}",0,20,0,20,129
results\d6_r2_formal\raw_r1\boot_04\batch_20260920T104634.358389Z_03680afb.json.gz,20260920T104634.358389Z_03680afb,4,1e673d62-53d4-4be9-b2cd-fb83808bb286,d6r2_1e673d62-53d4-4be9-b2cd-fb83808bb286_9704_1fbb17c4,82,calibration:unloaded,normal,baseline,role_aggregate,20,128,32,middle,True,True,0,20,40,"{""2"": 20}",0,20,0,20,129
results\d6_r2_formal\raw_r1\boot_04\batch_20260920T104636.264623Z_ecfa9eab.json.gz,20260920T104636.264623Z_ecfa9eab,4,1e673d62-53d4-4be9-b2cd-fb83808bb286,d6r2_1e673d62-53d4-4be9-b2cd-fb83808bb286_9704_1fbb17c4,83,calibration:unloaded,normal,baseline,role_aggregate,20,128,32,middle,True,True,0,20,40,"{""2"": 20}",0,20,0,20,129
results\d6_r2_formal\raw_r1\boot_04\batch_20260920T104644.259857Z_177a27c4.json.gz,20260920T104644.259857Z_177a27c4,4,1e673d62-53d4-4be9-b2cd-fb83808bb286,d6r2_1e673d62-53d4-4be9-b2cd-fb83808bb286_9704_1fbb17c4,84,calibration:sham,normal,cpu,role_aggregate,20,128,32,middle,True,True,0,20,40,"{""2"": 20}",0,20,0,20,129
results\d6_r2_formal\raw_r1\boot_04\batch_20260920T104652.380469Z_e54bcae1.json.gz,20260920T104652.380469Z_e54bcae1,4,1e673d62-53d4-4be9-b2cd-fb83808bb286,d6r2_1e673d62-53d4-4be9-b2cd-fb83808bb286_9704_1fbb17c4,85,calibration:sham,normal,cpu,role_aggregate,20,128,32,middle,True,True,0,20,40,"{""2"": 20}",0,20,0,20,129
results\d6_r2_formal\raw_r1\boot_04\batch_20260920T104700.424359Z_b7140a7f.json.gz,20260920T104700.424359Z_b7140a7f,4,1e673d62-53d4-4be9-b2cd-fb83808bb286,d6r2_1e673d62-53d4-4be9-b2cd-fb83808bb286_9704_1fbb17c4,86,calibration:unloaded,normal,cpu,role_aggregate,20,128,32,middle,True,True,0,20,40,"{""2"": 20}",0,20,0,20,129
results\d6_r2_formal\raw_r1\boot_04\batch_20260920T104708.409764Z_0943c8ab.json.gz,20260920T104708.409764Z_0943c8ab,4,1e673d62-53d4-4be9-b2cd-fb83808bb286,d6r2_1e673d62-53d4-4be9-b2cd-fb83808bb286_9704_1fbb17c4,87,calibration:unloaded,normal,cpu,role_aggregate,20,128,32,middle,True,True,0,20,40,"{""2"": 20}",0,20,0,20,129
results\d6_r2_formal\raw_r1\boot_04\batch_20260920T104710.280225Z_beb889a1.json.gz,20260920T104710.280225Z_beb889a1,4,1e673d62-53d4-4be9-b2cd-fb83808bb286,d6r2_1e673d62-53d4-4be9-b2cd-fb83808bb286_9704_1fbb17c4,88,calibration:unloaded,normal,baseline,role_aggregate,20,128,32,middle,True,True,0,20,40,"{""2"": 20}",0,20,0,20,129
results\d6_r2_formal\raw_r1\boot_04\batch_20260920T104712.175029Z_07350e6c.json.gz,20260920T104712.175029Z_07350e6c,4,1e673d62-53d4-4be9-b2cd-fb83808bb286,d6r2_1e673d62-53d4-4be9-b2cd-fb83808bb286_9704_1fbb17c4,89,calibration:sham,normal,baseline,role_aggregate,20,128,32,middle,True,True,0,20,40,"{""2"": 20}",0,20,0,20,129
results\d6_r2_formal\raw_r1\boot_04\batch_20260920T104714.136742Z_5be6f0de.json.gz,20260920T104714.136742Z_5be6f0de,4,1e673d62-53d4-4be9-b2cd-fb83808bb286,d6r2_1e673d62-53d4-4be9-b2cd-fb83808bb286_9704_1fbb17c4,90,calibration:unloaded,normal,baseline,role_aggregate,20,128,32,middle,True,True,0,20,40,"{""2"": 20}",0,20,0,20,129
results\d6_r2_formal\raw_r1\boot_04\batch_20260920T104722.179854Z_70aa9689.json.gz,20260920T104722.179854Z_70aa9689,4,1e673d62-53d4-4be9-b2cd-fb83808bb286,d6r2_1e673d62-53d4-4be9-b2cd-fb83808bb286_9704_1fbb17c4,91,calibration:sham,normal,cpu,role_aggregate,20,128,32,middle,True,True,0,20,40,"{""2"": 20}",0,20,0,20,129
results\d6_r2_formal\raw_r1\boot_04\batch_20260920T104724.144916Z_acf1fa4f.json.gz,20260920T104724.144916Z_acf1fa4f,4,1e673d62-53d4-4be9-b2cd-fb83808bb286,d6r2_1e673d62-53d4-4be9-b2cd-fb83808bb286_9704_1fbb17c4,92,calibration:unloaded,normal,baseline,role_aggregate,20,128,32,middle,True,True,0,20,40,"{""2"": 20}",0,20,0,20,129
results\d6_r2_formal\raw_r1\boot_04\batch_20260920T104726.049199Z_8b39f53c.json.gz,20260920T104726.049199Z_8b39f53c,4,1e673d62-53d4-4be9-b2cd-fb83808bb286,d6r2_1e673d62-53d4-4be9-b2cd-fb83808bb286_9704_1fbb17c4,93,calibration:sham,normal,baseline,role_aggregate,20,128,32,middle,True,True,0,20,40,"{""2"": 20}",0,20,0,20,129
results\d6_r2_formal\raw_r1\boot_04\batch_20260920T104728.019936Z_d9c38fb2.json.gz,20260920T104728.019936Z_d9c38fb2,4,1e673d62-53d4-4be9-b2cd-fb83808bb286,d6r2_1e673d62-53d4-4be9-b2cd-fb83808bb286_9704_1fbb17c4,94,calibration:unloaded,normal,baseline,role_aggregate,20,128,32,middle,True,True,0,20,40,"{""2"": 20}",0,20,0,20,129
results\d6_r2_formal\raw_r1\boot_04\batch_20260920T104736.068798Z_db7986e3.json.gz,20260920T104736.068798Z_db7986e3,4,1e673d62-53d4-4be9-b2cd-fb83808bb286,d6r2_1e673d62-53d4-4be9-b2cd-fb83808bb286_9704_1fbb17c4,95,calibration:sham,normal,cpu,role_aggregate,20,128,32,middle,True,True,0,20,40,"{""2"": 20}",0,20,0,20,129
results\d6_r2_formal\raw_r1\boot_04\batch_20260920T104738.073950Z_431873a5.json.gz,20260920T104738.073950Z_431873a5,4,1e673d62-53d4-4be9-b2cd-fb83808bb286,d6r2_1e673d62-53d4-4be9-b2cd-fb83808bb286_9704_1fbb17c4,96,calibration:sham,normal,baseline,role_aggregate,20,128,32,middle,True,True,0,20,40,"{""2"": 20}",0,20,0,20,129
results\d6_r2_formal\raw_r1\boot_04\batch_20260920T104739.969494Z_efcc45c9.json.gz,20260920T104739.969494Z_efcc45c9,4,1e673d62-53d4-4be9-b2cd-fb83808bb286,d6r2_1e673d62-53d4-4be9-b2cd-fb83808bb286_9704_1fbb17c4,97,calibration:unloaded,normal,baseline,role_aggregate,20,128,32,middle,True,True,0,20,40,"{""2"": 20}",0,20,0,20,129
results\d6_r2_formal\raw_r1\boot_04\batch_20260920T104741.860626Z_748142cd.json.gz,20260920T104741.860626Z_748142cd,4,1e673d62-53d4-4be9-b2cd-fb83808bb286,d6r2_1e673d62-53d4-4be9-b2cd-fb83808bb286_9704_1fbb17c4,98,calibration:sham,normal,baseline,role_aggregate,20,128,32,middle,True,True,0,20,40,"{""2"": 20}",0,20,0,20,129
results\d6_r2_formal\raw_r1\boot_04\batch_20260920T104749.936851Z_166b7cb9.json.gz,20260920T104749.936851Z_166b7cb9,4,1e673d62-53d4-4be9-b2cd-fb83808bb286,d6r2_1e673d62-53d4-4be9-b2cd-fb83808bb286_9704_1fbb17c4,99,calibration:sham,normal,cpu,role_aggregate,20,128,32,middle,True,True,0,20,40,"{""2"": 20}",0,20,0,20,129
results\d6_r2_formal\raw_r1\boot_04\batch_20260920T104751.902655Z_10affd45.json.gz,20260920T104751.902655Z_10affd45,4,1e673d62-53d4-4be9-b2cd-fb83808bb286,d6r2_1e673d62-53d4-4be9-b2cd-fb83808bb286_9704_1fbb17c4,100,test:unloaded,normal,baseline,role_aggregate,20,128,32,middle,True,True,0,20,40,"{""2"": 20}",0,20,0,20,129
results\d6_r2_formal\raw_r1\boot_04\batch_20260920T104753.765633Z_8201acb9.json.gz,20260920T104753.765633Z_8201acb9,4,1e673d62-53d4-4be9-b2cd-fb83808bb286,d6r2_1e673d62-53d4-4be9-b2cd-fb83808bb286_9704_1fbb17c4,101,test:unloaded,normal,baseline,role_aggregate,20,128,32,middle,True,True,0,20,40,"{""2"": 20}",0,20,0,20,129
results\d6_r2_formal\raw_r1\boot_04\batch_20260920T104755.657609Z_f5dc2dcd.json.gz,20260920T104755.657609Z_f5dc2dcd,4,1e673d62-53d4-4be9-b2cd-fb83808bb286,d6r2_1e673d62-53d4-4be9-b2cd-fb83808bb286_9704_1fbb17c4,102,test:unloaded,normal,baseline,role_aggregate,20,128,32,middle,True,True,0,20,40,"{""2"": 20}",0,20,0,20,129
results\d6_r2_formal\raw_r1\boot_04\batch_20260920T104757.539633Z_425b57dc.json.gz,20260920T104757.539633Z_425b57dc,4,1e673d62-53d4-4be9-b2cd-fb83808bb286,d6r2_1e673d62-53d4-4be9-b2cd-fb83808bb286_9704_1fbb17c4,103,test:unloaded,normal,baseline,role_aggregate,20,128,32,middle,True,True,0,20,40,"{""2"": 20}",0,20,0,20,129
results\d6_r2_formal\raw_r1\boot_04\batch_20260920T104759.381478Z_4f917701.json.gz,20260920T104759.381478Z_4f917701,4,1e673d62-53d4-4be9-b2cd-fb83808bb286,d6r2_1e673d62-53d4-4be9-b2cd-fb83808bb286_9704_1fbb17c4,104,test:unloaded,normal,baseline,role_aggregate,20,128,32,middle,True,True,0,20,40,"{""2"": 20}",0,20,0,20,129
results\d6_r2_formal\raw_r1\boot_04\batch_20260920T104801.248199Z_fb47dbb5.json.gz,20260920T104801.248199Z_fb47dbb5,4,1e673d62-53d4-4be9-b2cd-fb83808bb286,d6r2_1e673d62-53d4-4be9-b2cd-fb83808bb286_9704_1fbb17c4,105,test:unloaded,normal,baseline,role_aggregate,20,128,32,middle,True,True,0,20,40,"{""2"": 20}",0,20,0,20,129
results\d6_r2_formal\raw_r1\boot_04\batch_20260920T104803.103766Z_271c25b1.json.gz,20260920T104803.103766Z_271c25b1,4,1e673d62-53d4-4be9-b2cd-fb83808bb286,d6r2_1e673d62-53d4-4be9-b2cd-fb83808bb286_9704_1fbb17c4,106,test:unloaded,normal,baseline,role_aggregate,20,128,32,middle,True,True,0,20,40,"{""2"": 20}",0,20,0,20,129
results\d6_r2_formal\raw_r1\boot_04\batch_20260920T104804.998580Z_ebf453de.json.gz,20260920T104804.998580Z_ebf453de,4,1e673d62-53d4-4be9-b2cd-fb83808bb286,d6r2_1e673d62-53d4-4be9-b2cd-fb83808bb286_9704_1fbb17c4,107,test:unloaded,normal,baseline,role_aggregate,20,128,32,middle,True,True,0,20,40,"{""2"": 20}",0,20,0,20,129
results\d6_r2_formal\raw_r1\boot_04\batch_20260920T104806.826830Z_65444388.json.gz,20260920T104806.826830Z_65444388,4,1e673d62-53d4-4be9-b2cd-fb83808bb286,d6r2_1e673d62-53d4-4be9-b2cd-fb83808bb286_9704_1fbb17c4,108,test:unloaded,normal,baseline,role_aggregate,20,128,32,middle,True,True,0,20,40,"{""2"": 20}",0,20,0,20,129
results\d6_r2_formal\raw_r1\boot_04\batch_20260920T104808.731585Z_40150feb.json.gz,20260920T104808.731585Z_40150feb,4,1e673d62-53d4-4be9-b2cd-fb83808bb286,d6r2_1e673d62-53d4-4be9-b2cd-fb83808bb286_9704_1fbb17c4,109,test:unloaded,normal,baseline,role_aggregate,20,128,32,middle,True,True,0,20,40,"{""2"": 20}",0,20,0,20,129
results\d6_r2_formal\raw_r1\boot_04\batch_20260920T104810.637923Z_d856b3b1.json.gz,20260920T104810.637923Z_d856b3b1,4,1e673d62-53d4-4be9-b2cd-fb83808bb286,d6r2_1e673d62-53d4-4be9-b2cd-fb83808bb286_9704_1fbb17c4,110,test:unloaded,normal,baseline,role_aggregate,20,128,32,middle,True,True,0,20,40,"{""2"": 20}",0,20,0,20,129
results\d6_r2_formal\raw_r1\boot_04\batch_20260920T104812.561307Z_a37084ee.json.gz,20260920T104812.561307Z_a37084ee,4,1e673d62-53d4-4be9-b2cd-fb83808bb286,d6r2_1e673d62-53d4-4be9-b2cd-fb83808bb286_9704_1fbb17c4,111,test:unloaded,normal,baseline,role_aggregate,20,128,32,middle,True,True,0,20,40,"{""2"": 20}",0,20,0,20,129
results\d6_r2_formal\raw_r1\boot_04\batch_20260920T104814.431802Z_12d66fa4.json.gz,20260920T104814.431802Z_12d66fa4,4,1e673d62-53d4-4be9-b2cd-fb83808bb286,d6r2_1e673d62-53d4-4be9-b2cd-fb83808bb286_9704_1fbb17c4,112,test:unloaded,normal,baseline,role_aggregate,20,128,32,middle,True,True,0,20,40,"{""2"": 20}",0,20,0,20,129
results\d6_r2_formal\raw_r1\boot_04\batch_20260920T104816.283758Z_accb6061.json.gz,20260920T104816.283758Z_accb6061,4,1e673d62-53d4-4be9-b2cd-fb83808bb286,d6r2_1e673d62-53d4-4be9-b2cd-fb83808bb286_9704_1fbb17c4,113,test:unloaded,normal,baseline,role_aggregate,20,128,32,middle,True,True,0,20,40,"{""2"": 20}",0,20,0,20,129
results\d6_r2_formal\raw_r1\boot_04\batch_20260920T104818.202036Z_e8eeb729.json.gz,20260920T104818.202036Z_e8eeb729,4,1e673d62-53d4-4be9-b2cd-fb83808bb286,d6r2_1e673d62-53d4-4be9-b2cd-fb83808bb286_9704_1fbb17c4,114,test:unloaded,normal,baseline,role_aggregate,20,128,32,middle,True,True,0,20,40,"{""2"": 20}",0,20,0,20,129
results\d6_r2_formal\raw_r1\boot_04\batch_20260920T104820.085869Z_3c0c8b9f.json.gz,20260920T104820.085869Z_3c0c8b9f,4,1e673d62-53d4-4be9-b2cd-fb83808bb286,d6r2_1e673d62-53d4-4be9-b2cd-fb83808bb286_9704_1fbb17c4,115,test:unloaded,normal,baseline,role_aggregate,20,128,32,middle,True,True,0,20,40,"{""2"": 20}",0,20,0,20,129
results\d6_r2_formal\raw_r1\boot_04\batch_20260920T104821.980946Z_86288513.json.gz,20260920T104821.980946Z_86288513,4,1e673d62-53d4-4be9-b2cd-fb83808bb286,d6r2_1e673d62-53d4-4be9-b2cd-fb83808bb286_9704_1fbb17c4,116,test:unloaded,normal,baseline,role_aggregate,20,128,32,middle,True,True,0,20,40,"{""2"": 20}",0,20,0,20,129
results\d6_r2_formal\raw_r1\boot_04\batch_20260920T104823.884041Z_d868903a.json.gz,20260920T104823.884041Z_d868903a,4,1e673d62-53d4-4be9-b2cd-fb83808bb286,d6r2_1e673d62-53d4-4be9-b2cd-fb83808bb286_9704_1fbb17c4,117,test:unloaded,normal,baseline,role_aggregate,20,128,32,middle,True,True,0,20,40,"{""2"": 20}",0,20,0,20,129
results\d6_r2_formal\raw_r1\boot_04\batch_20260920T104825.800706Z_91417375.json.gz,20260920T104825.800706Z_91417375,4,1e673d62-53d4-4be9-b2cd-fb83808bb286,d6r2_1e673d62-53d4-4be9-b2cd-fb83808bb286_9704_1fbb17c4,118,test:unloaded,normal,baseline,role_aggregate,20,128,32,middle,True,True,0,20,40,"{""2"": 20}",0,20,0,20,129
results\d6_r2_formal\raw_r1\boot_04\batch_20260920T104827.688727Z_61e3b368.json.gz,20260920T104827.688727Z_61e3b368,4,1e673d62-53d4-4be9-b2cd-fb83808bb286,d6r2_1e673d62-53d4-4be9-b2cd-fb83808bb286_9704_1fbb17c4,119,test:unloaded,normal,baseline,role_aggregate,20,128,32,middle,True,True,0,20,40,"{""2"": 20}",0,20,0,20,129
results\d6_r2_formal\raw_r1\boot_04\batch_20260920T104829.577889Z_26f074d4.json.gz,20260920T104829.577889Z_26f074d4,4,1e673d62-53d4-4be9-b2cd-fb83808bb286,d6r2_1e673d62-53d4-4be9-b2cd-fb83808bb286_9704_1fbb17c4,120,test:unloaded,normal,baseline,role_aggregate,20,128,32,middle,True,True,0,20,40,"{""2"": 20}",0,20,0,20,129
results\d6_r2_formal\raw_r1\boot_04\batch_20260920T104831.471580Z_a24476a1.json.gz,20260920T104831.471580Z_a24476a1,4,1e673d62-53d4-4be9-b2cd-fb83808bb286,d6r2_1e673d62-53d4-4be9-b2cd-fb83808bb286_9704_1fbb17c4,121,test:unloaded,normal,baseline,role_aggregate,20,128,32,middle,True,True,0,20,40,"{""2"": 20}",0,20,0,20,129
results\d6_r2_formal\raw_r1\boot_04\batch_20260920T104833.345225Z_82036e0b.json.gz,20260920T104833.345225Z_82036e0b,4,1e673d62-53d4-4be9-b2cd-fb83808bb286,d6r2_1e673d62-53d4-4be9-b2cd-fb83808bb286_9704_1fbb17c4,122,test:unloaded,normal,baseline,role_aggregate,20,128,32,middle,True,True,0,20,40,"{""2"": 20}",0,20,0,20,129
results\d6_r2_formal\raw_r1\boot_04\batch_20260920T104835.221698Z_7b58d616.json.gz,20260920T104835.221698Z_7b58d616,4,1e673d62-53d4-4be9-b2cd-fb83808bb286,d6r2_1e673d62-53d4-4be9-b2cd-fb83808bb286_9704_1fbb17c4,123,test:unloaded,normal,baseline,role_aggregate,20,128,32,middle,True,True,0,20,40,"{""2"": 20}",0,20,0,20,129
results\d6_r2_formal\raw_r1\boot_04\batch_20260920T104837.076576Z_ae9a24b8.json.gz,20260920T104837.076576Z_ae9a24b8,4,1e673d62-53d4-4be9-b2cd-fb83808bb286,d6r2_1e673d62-53d4-4be9-b2cd-fb83808bb286_9704_1fbb17c4,124,test:unloaded,normal,baseline,role_aggregate,20,128,32,middle,True,True,0,20,40,"{""2"": 20}",0,20,0,20,129
results\d6_r2_formal\raw_r1\boot_04\batch_20260920T104838.938795Z_3de62b3f.json.gz,20260920T104838.938795Z_3de62b3f,4,1e673d62-53d4-4be9-b2cd-fb83808bb286,d6r2_1e673d62-53d4-4be9-b2cd-fb83808bb286_9704_1fbb17c4,125,test:unloaded,normal,baseline,role_aggregate,20,128,32,middle,True,True,0,20,40,"{""2"": 20}",0,20,0,20,129
results\d6_r2_formal\raw_r1\boot_04\batch_20260920T104840.782904Z_caae6590.json.gz,20260920T104840.782904Z_caae6590,4,1e673d62-53d4-4be9-b2cd-fb83808bb286,d6r2_1e673d62-53d4-4be9-b2cd-fb83808bb286_9704_1fbb17c4,126,test:unloaded,normal,baseline,role_aggregate,20,128,32,middle,True,True,0,20,40,"{""2"": 20}",0,20,0,20,129
results\d6_r2_formal\raw_r1\boot_04\batch_20260920T104842.660277Z_62c11788.json.gz,20260920T104842.660277Z_62c11788,4,1e673d62-53d4-4be9-b2cd-fb83808bb286,d6r2_1e673d62-53d4-4be9-b2cd-fb83808bb286_9704_1fbb17c4,127,test:unloaded,normal,baseline,role_aggregate,20,128,32,middle,True,True,0,20,40,"{""2"": 20}",0,20,0,20,129
results\d6_r2_formal\raw_r1\boot_04\batch_20260920T104844.552609Z_8f1ead51.json.gz,20260920T104844.552609Z_8f1ead51,4,1e673d62-53d4-4be9-b2cd-fb83808bb286,d6r2_1e673d62-53d4-4be9-b2cd-fb83808bb286_9704_1fbb17c4,128,test:unloaded,normal,baseline,role_aggregate,20,128,32,middle,True,True,0,20,40,"{""2"": 20}",0,20,0,20,129
results\d6_r2_formal\raw_r1\boot_04\batch_20260920T104846.443228Z_d1ded7c6.json.gz,20260920T104846.443228Z_d1ded7c6,4,1e673d62-53d4-4be9-b2cd-fb83808bb286,d6r2_1e673d62-53d4-4be9-b2cd-fb83808bb286_9704_1fbb17c4,129,test:unloaded,normal,baseline,role_aggregate,20,128,32,middle,True,True,0,20,40,"{""2"": 20}",0,20,0,20,129
results\d6_r2_formal\raw_r1\boot_04\batch_20260920T104848.319275Z_1cdfa7b8.json.gz,20260920T104848.319275Z_1cdfa7b8,4,1e673d62-53d4-4be9-b2cd-fb83808bb286,d6r2_1e673d62-53d4-4be9-b2cd-fb83808bb286_9704_1fbb17c4,130,test:unloaded,normal,baseline,role_aggregate,20,128,32,middle,True,True,0,20,40,"{""2"": 20}",0,20,0,20,129
results\d6_r2_formal\raw_r1\boot_04\batch_20260920T104850.164690Z_eacdb6d7.json.gz,20260920T104850.164690Z_eacdb6d7,4,1e673d62-53d4-4be9-b2cd-fb83808bb286,d6r2_1e673d62-53d4-4be9-b2cd-fb83808bb286_9704_1fbb17c4,131,test:unloaded,normal,baseline,role_aggregate,20,128,32,middle,True,True,0,20,40,"{""2"": 20}",0,20,0,20,129
results\d6_r2_formal\raw_r1\boot_04\batch_20260920T104852.048982Z_8b29e52e.json.gz,20260920T104852.048982Z_8b29e52e,4,1e673d62-53d4-4be9-b2cd-fb83808bb286,d6r2_1e673d62-53d4-4be9-b2cd-fb83808bb286_9704_1fbb17c4,132,test:unloaded,normal,baseline,role_aggregate,20,128,32,middle,True,True,0,20,40,"{""2"": 20}",0,20,0,20,129
results\d6_r2_formal\raw_r1\boot_04\batch_20260920T104853.928638Z_605bb9dc.json.gz,20260920T104853.928638Z_605bb9dc,4,1e673d62-53d4-4be9-b2cd-fb83808bb286,d6r2_1e673d62-53d4-4be9-b2cd-fb83808bb286_9704_1fbb17c4,133,test:unloaded,normal,baseline,role_aggregate,20,128,32,middle,True,True,0,20,40,"{""2"": 20}",0,20,0,20,129
results\d6_r2_formal\raw_r1\boot_04\batch_20260920T104855.775795Z_4d3b3735.json.gz,20260920T104855.775795Z_4d3b3735,4,1e673d62-53d4-4be9-b2cd-fb83808bb286,d6r2_1e673d62-53d4-4be9-b2cd-fb83808bb286_9704_1fbb17c4,134,test:unloaded,normal,baseline,role_aggregate,20,128,32,middle,True,True,0,20,40,"{""2"": 20}",0,20,0,20,129
results\d6_r2_formal\raw_r1\boot_04\batch_20260920T104857.680612Z_dc16eed9.json.gz,20260920T104857.680612Z_dc16eed9,4,1e673d62-53d4-4be9-b2cd-fb83808bb286,d6r2_1e673d62-53d4-4be9-b2cd-fb83808bb286_9704_1fbb17c4,135,test:unloaded,normal,baseline,role_aggregate,20,128,32,middle,True,True,0,20,40,"{""2"": 20}",0,20,0,20,129
results\d6_r2_formal\raw_r1\boot_04\batch_20260920T104859.541960Z_fec6aec9.json.gz,20260920T104859.541960Z_fec6aec9,4,1e673d62-53d4-4be9-b2cd-fb83808bb286,d6r2_1e673d62-53d4-4be9-b2cd-fb83808bb286_9704_1fbb17c4,136,test:unloaded,normal,baseline,role_aggregate,20,128,32,middle,True,True,0,20,40,"{""2"": 20}",0,20,0,20,129
results\d6_r2_formal\raw_r1\boot_04\batch_20260920T104901.409811Z_f25ab1d1.json.gz,20260920T104901.409811Z_f25ab1d1,4,1e673d62-53d4-4be9-b2cd-fb83808bb286,d6r2_1e673d62-53d4-4be9-b2cd-fb83808bb286_9704_1fbb17c4,137,test:unloaded,normal,baseline,role_aggregate,20,128,32,middle,True,True,0,20,40,"{""2"": 20}",0,20,0,20,129
results\d6_r2_formal\raw_r1\boot_04\batch_20260920T104903.313479Z_4f37cab7.json.gz,20260920T104903.313479Z_4f37cab7,4,1e673d62-53d4-4be9-b2cd-fb83808bb286,d6r2_1e673d62-53d4-4be9-b2cd-fb83808bb286_9704_1fbb17c4,138,test:unloaded,normal,baseline,role_aggregate,20,128,32,middle,True,True,0,20,40,"{""2"": 20}",0,20,0,20,129
results\d6_r2_formal\raw_r1\boot_04\batch_20260920T104905.183298Z_572155aa.json.gz,20260920T104905.183298Z_572155aa,4,1e673d62-53d4-4be9-b2cd-fb83808bb286,d6r2_1e673d62-53d4-4be9-b2cd-fb83808bb286_9704_1fbb17c4,139,test:unloaded,normal,baseline,role_aggregate,20,128,32,middle,True,True,0,20,40,"{""2"": 20}",0,20,0,20,129
results\d6_r2_formal\raw_r1\boot_04\batch_20260920T104913.194031Z_833d48df.json.gz,20260920T104913.194031Z_833d48df,4,1e673d62-53d4-4be9-b2cd-fb83808bb286,d6r2_1e673d62-53d4-4be9-b2cd-fb83808bb286_9704_1fbb17c4,140,test:sham,normal,cpu,role_aggregate,20,128,32,middle,True,True,0,20,40,"{""2"": 20}",0,20,0,20,129
results\d6_r2_formal\raw_r1\boot_04\batch_20260920T104921.338797Z_e6e9374c.json.gz,20260920T104921.338797Z_e6e9374c,4,1e673d62-53d4-4be9-b2cd-fb83808bb286,d6r2_1e673d62-53d4-4be9-b2cd-fb83808bb286_9704_1fbb17c4,141,test:sham,normal,cpu,role_aggregate,20,128,32,middle,True,True,0,20,40,"{""2"": 20}",0,20,0,20,129
results\d6_r2_formal\raw_r1\boot_04\batch_20260920T104929.435708Z_d76a7609.json.gz,20260920T104929.435708Z_d76a7609,4,1e673d62-53d4-4be9-b2cd-fb83808bb286,d6r2_1e673d62-53d4-4be9-b2cd-fb83808bb286_9704_1fbb17c4,142,test:sham,normal,cpu,role_aggregate,20,128,32,middle,True,True,0,20,40,"{""2"": 20}",0,20,0,20,129
results\d6_r2_formal\raw_r1\boot_04\batch_20260920T104937.569629Z_ba5c0bce.json.gz,20260920T104937.569629Z_ba5c0bce,4,1e673d62-53d4-4be9-b2cd-fb83808bb286,d6r2_1e673d62-53d4-4be9-b2cd-fb83808bb286_9704_1fbb17c4,143,test:sham,normal,cpu,role_aggregate,20,128,32,middle,True,True,0,20,40,"{""2"": 20}",0,20,0,20,129
results\d6_r2_formal\raw_r1\boot_04\batch_20260920T104945.651522Z_beded954.json.gz,20260920T104945.651522Z_beded954,4,1e673d62-53d4-4be9-b2cd-fb83808bb286,d6r2_1e673d62-53d4-4be9-b2cd-fb83808bb286_9704_1fbb17c4,144,test:sham,normal,cpu,role_aggregate,20,128,32,middle,True,True,0,20,40,"{""2"": 20}",0,20,0,20,129
results\d6_r2_formal\raw_r1\boot_04\batch_20260920T104953.719559Z_755e7eda.json.gz,20260920T104953.719559Z_755e7eda,4,1e673d62-53d4-4be9-b2cd-fb83808bb286,d6r2_1e673d62-53d4-4be9-b2cd-fb83808bb286_9704_1fbb17c4,145,test:sham,normal,cpu,role_aggregate,20,128,32,middle,True,True,0,20,40,"{""2"": 20}",0,20,0,20,129
results\d6_r2_formal\raw_r1\boot_04\batch_20260920T105001.823265Z_a656304b.json.gz,20260920T105001.823265Z_a656304b,4,1e673d62-53d4-4be9-b2cd-fb83808bb286,d6r2_1e673d62-53d4-4be9-b2cd-fb83808bb286_9704_1fbb17c4,146,test:sham,normal,cpu,role_aggregate,20,128,32,middle,True,True,0,20,40,"{""2"": 20}",0,20,0,20,129
results\d6_r2_formal\raw_r1\boot_04\batch_20260920T105009.900982Z_11c0950e.json.gz,20260920T105009.900982Z_11c0950e,4,1e673d62-53d4-4be9-b2cd-fb83808bb286,d6r2_1e673d62-53d4-4be9-b2cd-fb83808bb286_9704_1fbb17c4,147,test:sham,normal,cpu,role_aggregate,20,128,32,middle,True,True,0,20,40,"{""2"": 20}",0,20,0,20,129
results\d6_r2_formal\raw_r1\boot_04\batch_20260920T105018.056151Z_f9af4914.json.gz,20260920T105018.056151Z_f9af4914,4,1e673d62-53d4-4be9-b2cd-fb83808bb286,d6r2_1e673d62-53d4-4be9-b2cd-fb83808bb286_9704_1fbb17c4,148,test:sham,normal,cpu,role_aggregate,20,128,32,middle,True,True,0,20,40,"{""2"": 20}",0,20,0,20,129
results\d6_r2_formal\raw_r1\boot_04\batch_20260920T105026.214755Z_cb91545b.json.gz,20260920T105026.214755Z_cb91545b,4,1e673d62-53d4-4be9-b2cd-fb83808bb286,d6r2_1e673d62-53d4-4be9-b2cd-fb83808bb286_9704_1fbb17c4,149,test:sham,normal,cpu,role_aggregate,20,128,32,middle,True,True,0,20,40,"{""2"": 20}",0,20,0,20,129
results\d6_r2_formal\raw_r1\boot_04\batch_20260920T105028.177263Z_d7026984.json.gz,20260920T105028.177263Z_d7026984,4,1e673d62-53d4-4be9-b2cd-fb83808bb286,d6r2_1e673d62-53d4-4be9-b2cd-fb83808bb286_9704_1fbb17c4,150,test:sham,normal,baseline,role_aggregate,20,128,32,middle,True,True,0,20,40,"{""2"": 20}",0,20,0,20,129
results\d6_r2_formal\raw_r1\boot_04\batch_20260920T105030.128012Z_5742f27e.json.gz,20260920T105030.128012Z_5742f27e,4,1e673d62-53d4-4be9-b2cd-fb83808bb286,d6r2_1e673d62-53d4-4be9-b2cd-fb83808bb286_9704_1fbb17c4,151,test:sham,normal,baseline,role_aggregate,20,128,32,middle,True,True,0,20,40,"{""2"": 20}",0,20,0,20,129
results\d6_r2_formal\raw_r1\boot_04\batch_20260920T105032.069613Z_3736d4a1.json.gz,20260920T105032.069613Z_3736d4a1,4,1e673d62-53d4-4be9-b2cd-fb83808bb286,d6r2_1e673d62-53d4-4be9-b2cd-fb83808bb286_9704_1fbb17c4,152,test:sham,normal,baseline,role_aggregate,20,128,32,middle,True,True,0,20,40,"{""2"": 20}",0,20,0,20,129
results\d6_r2_formal\raw_r1\boot_04\batch_20260920T105034.067610Z_1abbe491.json.gz,20260920T105034.067610Z_1abbe491,4,1e673d62-53d4-4be9-b2cd-fb83808bb286,d6r2_1e673d62-53d4-4be9-b2cd-fb83808bb286_9704_1fbb17c4,153,test:sham,normal,baseline,role_aggregate,20,128,32,middle,True,True,0,20,40,"{""2"": 20}",0,20,0,20,129
results\d6_r2_formal\raw_r1\boot_04\batch_20260920T105035.998789Z_49dc1528.json.gz,20260920T105035.998789Z_49dc1528,4,1e673d62-53d4-4be9-b2cd-fb83808bb286,d6r2_1e673d62-53d4-4be9-b2cd-fb83808bb286_9704_1fbb17c4,154,test:sham,normal,baseline,role_aggregate,20,128,32,middle,True,True,0,20,40,"{""2"": 20}",0,20,0,20,129
results\d6_r2_formal\raw_r1\boot_04\batch_20260920T105037.923571Z_9638c127.json.gz,20260920T105037.923571Z_9638c127,4,1e673d62-53d4-4be9-b2cd-fb83808bb286,d6r2_1e673d62-53d4-4be9-b2cd-fb83808bb286_9704_1fbb17c4,155,test:sham,normal,baseline,role_aggregate,20,128,32,middle,True,True,0,20,40,"{""2"": 20}",0,20,0,20,129
results\d6_r2_formal\raw_r1\boot_04\batch_20260920T105039.874969Z_f1309a5c.json.gz,20260920T105039.874969Z_f1309a5c,4,1e673d62-53d4-4be9-b2cd-fb83808bb286,d6r2_1e673d62-53d4-4be9-b2cd-fb83808bb286_9704_1fbb17c4,156,test:sham,normal,baseline,role_aggregate,20,128,32,middle,True,True,0,20,40,"{""2"": 20}",0,20,0,20,129
results\d6_r2_formal\raw_r1\boot_04\batch_20260920T105041.804592Z_fbc96272.json.gz,20260920T105041.804592Z_fbc96272,4,1e673d62-53d4-4be9-b2cd-fb83808bb286,d6r2_1e673d62-53d4-4be9-b2cd-fb83808bb286_9704_1fbb17c4,157,test:sham,normal,baseline,role_aggregate,20,128,32,middle,True,True,0,20,40,"{""2"": 20}",0,20,0,20,129
results\d6_r2_formal\raw_r1\boot_04\batch_20260920T105043.720310Z_5e813a50.json.gz,20260920T105043.720310Z_5e813a50,4,1e673d62-53d4-4be9-b2cd-fb83808bb286,d6r2_1e673d62-53d4-4be9-b2cd-fb83808bb286_9704_1fbb17c4,158,test:sham,normal,baseline,role_aggregate,20,128,32,middle,True,True,0,20,40,"{""2"": 20}",0,20,0,20,129
results\d6_r2_formal\raw_r1\boot_04\batch_20260920T105045.667679Z_3a7638f4.json.gz,20260920T105045.667679Z_3a7638f4,4,1e673d62-53d4-4be9-b2cd-fb83808bb286,d6r2_1e673d62-53d4-4be9-b2cd-fb83808bb286_9704_1fbb17c4,159,test:sham,normal,baseline,role_aggregate,20,128,32,middle,True,True,0,20,40,"{""2"": 20}",0,20,0,20,129
results\d6_r2_formal\raw_r1\boot_04\batch_20260920T105053.754614Z_8a017216.json.gz,20260920T105053.754614Z_8a017216,4,1e673d62-53d4-4be9-b2cd-fb83808bb286,d6r2_1e673d62-53d4-4be9-b2cd-fb83808bb286_9704_1fbb17c4,160,test:unloaded,normal,cpu,role_aggregate,20,128,32,middle,True,True,0,20,40,"{""2"": 20}",0,20,0,20,129
results\d6_r2_formal\raw_r1\boot_04\batch_20260920T105101.738186Z_8efa90fd.json.gz,20260920T105101.738186Z_8efa90fd,4,1e673d62-53d4-4be9-b2cd-fb83808bb286,d6r2_1e673d62-53d4-4be9-b2cd-fb83808bb286_9704_1fbb17c4,161,test:unloaded,normal,cpu,role_aggregate,20,128,32,middle,True,True,0,20,40,"{""2"": 20}",0,20,0,20,129
results\d6_r2_formal\raw_r1\boot_04\batch_20260920T105109.791781Z_2fa40ee6.json.gz,20260920T105109.791781Z_2fa40ee6,4,1e673d62-53d4-4be9-b2cd-fb83808bb286,d6r2_1e673d62-53d4-4be9-b2cd-fb83808bb286_9704_1fbb17c4,162,test:unloaded,normal,cpu,role_aggregate,20,128,32,middle,True,True,0,20,40,"{""2"": 20}",0,20,0,20,129
results\d6_r2_formal\raw_r1\boot_04\batch_20260920T105117.889829Z_70bfce14.json.gz,20260920T105117.889829Z_70bfce14,4,1e673d62-53d4-4be9-b2cd-fb83808bb286,d6r2_1e673d62-53d4-4be9-b2cd-fb83808bb286_9704_1fbb17c4,163,test:unloaded,normal,cpu,role_aggregate,20,128,32,middle,True,True,0,20,40,"{""2"": 20}",0,20,0,20,129
results\d6_r2_formal\raw_r1\boot_04\batch_20260920T105125.905733Z_f6835f6c.json.gz,20260920T105125.905733Z_f6835f6c,4,1e673d62-53d4-4be9-b2cd-fb83808bb286,d6r2_1e673d62-53d4-4be9-b2cd-fb83808bb286_9704_1fbb17c4,164,test:unloaded,normal,cpu,role_aggregate,20,128,32,middle,True,True,0,20,40,"{""2"": 20}",0,20,0,20,129
results\d6_r2_formal\raw_r1\boot_04\batch_20260920T105133.985810Z_39d6c1f3.json.gz,20260920T105133.985810Z_39d6c1f3,4,1e673d62-53d4-4be9-b2cd-fb83808bb286,d6r2_1e673d62-53d4-4be9-b2cd-fb83808bb286_9704_1fbb17c4,165,test:unloaded,normal,cpu,role_aggregate,20,128,32,middle,True,True,0,20,40,"{""2"": 20}",0,20,0,20,129
results\d6_r2_formal\raw_r1\boot_04\batch_20260920T105142.031598Z_a20299be.json.gz,20260920T105142.031598Z_a20299be,4,1e673d62-53d4-4be9-b2cd-fb83808bb286,d6r2_1e673d62-53d4-4be9-b2cd-fb83808bb286_9704_1fbb17c4,166,test:unloaded,normal,cpu,role_aggregate,20,128,32,middle,True,True,0,20,40,"{""2"": 20}",0,20,0,20,129
results\d6_r2_formal\raw_r1\boot_04\batch_20260920T105150.085638Z_8d8a0275.json.gz,20260920T105150.085638Z_8d8a0275,4,1e673d62-53d4-4be9-b2cd-fb83808bb286,d6r2_1e673d62-53d4-4be9-b2cd-fb83808bb286_9704_1fbb17c4,167,test:unloaded,normal,cpu,role_aggregate,20,128,32,middle,True,True,0,20,40,"{""2"": 20}",0,20,0,20,129
results\d6_r2_formal\raw_r1\boot_04\batch_20260920T105158.139818Z_a096f3d8.json.gz,20260920T105158.139818Z_a096f3d8,4,1e673d62-53d4-4be9-b2cd-fb83808bb286,d6r2_1e673d62-53d4-4be9-b2cd-fb83808bb286_9704_1fbb17c4,168,test:unloaded,normal,cpu,role_aggregate,20,128,32,middle,True,True,0,20,40,"{""2"": 20}",0,20,0,20,129
results\d6_r2_formal\raw_r1\boot_04\batch_20260920T105206.181855Z_5d756101.json.gz,20260920T105206.181855Z_5d756101,4,1e673d62-53d4-4be9-b2cd-fb83808bb286,d6r2_1e673d62-53d4-4be9-b2cd-fb83808bb286_9704_1fbb17c4,169,test:unloaded,normal,cpu,role_aggregate,20,128,32,middle,True,True,0,20,40,"{""2"": 20}",0,20,0,20,129
results\d6_r2_formal\raw_r1\boot_04\batch_20260920T105214.208838Z_8c17f039.json.gz,20260920T105214.208838Z_8c17f039,4,1e673d62-53d4-4be9-b2cd-fb83808bb286,d6r2_1e673d62-53d4-4be9-b2cd-fb83808bb286_9704_1fbb17c4,170,test:unloaded,normal,cpu,role_aggregate,20,128,32,middle,True,True,0,20,40,"{""2"": 20}",0,20,0,20,129
results\d6_r2_formal\raw_r1\boot_04\batch_20260920T105222.223940Z_18d3316c.json.gz,20260920T105222.223940Z_18d3316c,4,1e673d62-53d4-4be9-b2cd-fb83808bb286,d6r2_1e673d62-53d4-4be9-b2cd-fb83808bb286_9704_1fbb17c4,171,test:unloaded,normal,cpu,role_aggregate,20,128,32,middle,True,True,0,20,40,"{""2"": 20}",0,20,0,20,129
results\d6_r2_formal\raw_r1\boot_04\batch_20260920T105230.284493Z_8194432d.json.gz,20260920T105230.284493Z_8194432d,4,1e673d62-53d4-4be9-b2cd-fb83808bb286,d6r2_1e673d62-53d4-4be9-b2cd-fb83808bb286_9704_1fbb17c4,172,test:unloaded,normal,cpu,role_aggregate,20,128,32,middle,True,True,0,20,40,"{""2"": 20}",0,20,0,20,129
results\d6_r2_formal\raw_r1\boot_04\batch_20260920T105238.303667Z_1098b2b2.json.gz,20260920T105238.303667Z_1098b2b2,4,1e673d62-53d4-4be9-b2cd-fb83808bb286,d6r2_1e673d62-53d4-4be9-b2cd-fb83808bb286_9704_1fbb17c4,173,test:unloaded,normal,cpu,role_aggregate,20,128,32,middle,True,True,0,20,40,"{""2"": 20}",0,20,0,20,129
results\d6_r2_formal\raw_r1\boot_04\batch_20260920T105246.291020Z_0ed1d431.json.gz,20260920T105246.291020Z_0ed1d431,4,1e673d62-53d4-4be9-b2cd-fb83808bb286,d6r2_1e673d62-53d4-4be9-b2cd-fb83808bb286_9704_1fbb17c4,174,test:unloaded,normal,cpu,role_aggregate,20,128,32,middle,True,True,0,20,40,"{""2"": 20}",0,20,0,20,129
results\d6_r2_formal\raw_r1\boot_04\batch_20260920T105254.351151Z_98217700.json.gz,20260920T105254.351151Z_98217700,4,1e673d62-53d4-4be9-b2cd-fb83808bb286,d6r2_1e673d62-53d4-4be9-b2cd-fb83808bb286_9704_1fbb17c4,175,test:unloaded,normal,cpu,role_aggregate,20,128,32,middle,True,True,0,20,40,"{""2"": 20}",0,20,0,20,129
results\d6_r2_formal\raw_r1\boot_04\batch_20260920T105302.338946Z_7591a50e.json.gz,20260920T105302.338946Z_7591a50e,4,1e673d62-53d4-4be9-b2cd-fb83808bb286,d6r2_1e673d62-53d4-4be9-b2cd-fb83808bb286_9704_1fbb17c4,176,test:unloaded,normal,cpu,role_aggregate,20,128,32,middle,True,True,0,20,40,"{""2"": 20}",0,20,0,20,129
results\d6_r2_formal\raw_r1\boot_04\batch_20260920T105310.330805Z_b67ce8e2.json.gz,20260920T105310.330805Z_b67ce8e2,4,1e673d62-53d4-4be9-b2cd-fb83808bb286,d6r2_1e673d62-53d4-4be9-b2cd-fb83808bb286_9704_1fbb17c4,177,test:unloaded,normal,cpu,role_aggregate,20,128,32,middle,True,True,0,20,40,"{""2"": 20}",0,20,0,20,129
results\d6_r2_formal\raw_r1\boot_04\batch_20260920T105318.325810Z_dd423f2d.json.gz,20260920T105318.325810Z_dd423f2d,4,1e673d62-53d4-4be9-b2cd-fb83808bb286,d6r2_1e673d62-53d4-4be9-b2cd-fb83808bb286_9704_1fbb17c4,178,test:unloaded,normal,cpu,role_aggregate,20,128,32,middle,True,True,0,20,40,"{""2"": 20}",0,20,0,20,129
results\d6_r2_formal\raw_r1\boot_04\batch_20260920T105326.342197Z_5776ead9.json.gz,20260920T105326.342197Z_5776ead9,4,1e673d62-53d4-4be9-b2cd-fb83808bb286,d6r2_1e673d62-53d4-4be9-b2cd-fb83808bb286_9704_1fbb17c4,179,test:unloaded,normal,cpu,role_aggregate,20,128,32,middle,True,True,0,20,40,"{""2"": 20}",0,20,0,20,129
results\d6_r2_formal\raw_r1\boot_04\batch_20260920T105334.399211Z_e53dd0ef.json.gz,20260920T105334.399211Z_e53dd0ef,4,1e673d62-53d4-4be9-b2cd-fb83808bb286,d6r2_1e673d62-53d4-4be9-b2cd-fb83808bb286_9704_1fbb17c4,180,test:unloaded,normal,cpu,role_aggregate,20,128,32,middle,True,True,0,20,40,"{""2"": 20}",0,20,0,20,129
results\d6_r2_formal\raw_r1\boot_04\batch_20260920T105342.458292Z_086792da.json.gz,20260920T105342.458292Z_086792da,4,1e673d62-53d4-4be9-b2cd-fb83808bb286,d6r2_1e673d62-53d4-4be9-b2cd-fb83808bb286_9704_1fbb17c4,181,test:unloaded,normal,cpu,role_aggregate,20,128,32,middle,True,True,0,20,40,"{""2"": 20}",0,20,0,20,129
results\d6_r2_formal\raw_r1\boot_04\batch_20260920T105350.496536Z_941ff7db.json.gz,20260920T105350.496536Z_941ff7db,4,1e673d62-53d4-4be9-b2cd-fb83808bb286,d6r2_1e673d62-53d4-4be9-b2cd-fb83808bb286_9704_1fbb17c4,182,test:unloaded,normal,cpu,role_aggregate,20,128,32,middle,True,True,0,20,40,"{""2"": 20}",0,20,0,20,129
results\d6_r2_formal\raw_r1\boot_04\batch_20260920T105358.536612Z_9c170380.json.gz,20260920T105358.536612Z_9c170380,4,1e673d62-53d4-4be9-b2cd-fb83808bb286,d6r2_1e673d62-53d4-4be9-b2cd-fb83808bb286_9704_1fbb17c4,183,test:unloaded,normal,cpu,role_aggregate,20,128,32,middle,True,True,0,20,40,"{""2"": 20}",0,20,0,20,129
results\d6_r2_formal\raw_r1\boot_04\batch_20260920T105406.541860Z_917e2212.json.gz,20260920T105406.541860Z_917e2212,4,1e673d62-53d4-4be9-b2cd-fb83808bb286,d6r2_1e673d62-53d4-4be9-b2cd-fb83808bb286_9704_1fbb17c4,184,test:unloaded,normal,cpu,role_aggregate,20,128,32,middle,True,True,0,20,40,"{""2"": 20}",0,20,0,20,129
results\d6_r2_formal\raw_r1\boot_04\batch_20260920T105414.563962Z_00c2f7d8.json.gz,20260920T105414.563962Z_00c2f7d8,4,1e673d62-53d4-4be9-b2cd-fb83808bb286,d6r2_1e673d62-53d4-4be9-b2cd-fb83808bb286_9704_1fbb17c4,185,test:unloaded,normal,cpu,role_aggregate,20,128,32,middle,True,True,0,20,40,"{""2"": 20}",0,20,0,20,129
results\d6_r2_formal\raw_r1\boot_04\batch_20260920T105422.593058Z_e1acd651.json.gz,20260920T105422.593058Z_e1acd651,4,1e673d62-53d4-4be9-b2cd-fb83808bb286,d6r2_1e673d62-53d4-4be9-b2cd-fb83808bb286_9704_1fbb17c4,186,test:unloaded,normal,cpu,role_aggregate,20,128,32,middle,True,True,0,20,40,"{""2"": 20}",0,20,0,20,129
results\d6_r2_formal\raw_r1\boot_04\batch_20260920T105430.608195Z_3d824090.json.gz,20260920T105430.608195Z_3d824090,4,1e673d62-53d4-4be9-b2cd-fb83808bb286,d6r2_1e673d62-53d4-4be9-b2cd-fb83808bb286_9704_1fbb17c4,187,test:unloaded,normal,cpu,role_aggregate,20,128,32,middle,True,True,0,20,40,"{""2"": 20}",0,20,0,20,129
results\d6_r2_formal\raw_r1\boot_04\batch_20260920T105438.648403Z_f5421581.json.gz,20260920T105438.648403Z_f5421581,4,1e673d62-53d4-4be9-b2cd-fb83808bb286,d6r2_1e673d62-53d4-4be9-b2cd-fb83808bb286_9704_1fbb17c4,188,test:unloaded,normal,cpu,role_aggregate,20,128,32,middle,True,True,0,20,40,"{""2"": 20}",0,20,0,20,129
results\d6_r2_formal\raw_r1\boot_04\batch_20260920T105446.696949Z_60069243.json.gz,20260920T105446.696949Z_60069243,4,1e673d62-53d4-4be9-b2cd-fb83808bb286,d6r2_1e673d62-53d4-4be9-b2cd-fb83808bb286_9704_1fbb17c4,189,test:unloaded,normal,cpu,role_aggregate,20,128,32,middle,True,True,0,20,40,"{""2"": 20}",0,20,0,20,129
results\d6_r2_formal\raw_r1\boot_04\batch_20260920T105454.710812Z_bc942cb5.json.gz,20260920T105454.710812Z_bc942cb5,4,1e673d62-53d4-4be9-b2cd-fb83808bb286,d6r2_1e673d62-53d4-4be9-b2cd-fb83808bb286_9704_1fbb17c4,190,test:unloaded,normal,cpu,role_aggregate,20,128,32,middle,True,True,0,20,40,"{""2"": 20}",0,20,0,20,129
results\d6_r2_formal\raw_r1\boot_04\batch_20260920T105502.755736Z_fd3cc01c.json.gz,20260920T105502.755736Z_fd3cc01c,4,1e673d62-53d4-4be9-b2cd-fb83808bb286,d6r2_1e673d62-53d4-4be9-b2cd-fb83808bb286_9704_1fbb17c4,191,test:unloaded,normal,cpu,role_aggregate,20,128,32,middle,True,True,0,20,40,"{""2"": 20}",0,20,0,20,129
results\d6_r2_formal\raw_r1\boot_04\batch_20260920T105510.781933Z_1ecbc944.json.gz,20260920T105510.781933Z_1ecbc944,4,1e673d62-53d4-4be9-b2cd-fb83808bb286,d6r2_1e673d62-53d4-4be9-b2cd-fb83808bb286_9704_1fbb17c4,192,test:unloaded,normal,cpu,role_aggregate,20,128,32,middle,True,True,0,20,40,"{""2"": 20}",0,20,0,20,129
results\d6_r2_formal\raw_r1\boot_04\batch_20260920T105518.830646Z_446caca2.json.gz,20260920T105518.830646Z_446caca2,4,1e673d62-53d4-4be9-b2cd-fb83808bb286,d6r2_1e673d62-53d4-4be9-b2cd-fb83808bb286_9704_1fbb17c4,193,test:unloaded,normal,cpu,role_aggregate,20,128,32,middle,True,True,0,20,40,"{""2"": 20}",0,20,0,20,129
results\d6_r2_formal\raw_r1\boot_04\batch_20260920T105526.923926Z_3efcf093.json.gz,20260920T105526.923926Z_3efcf093,4,1e673d62-53d4-4be9-b2cd-fb83808bb286,d6r2_1e673d62-53d4-4be9-b2cd-fb83808bb286_9704_1fbb17c4,194,test:unloaded,normal,cpu,role_aggregate,20,128,32,middle,True,True,0,20,40,"{""2"": 20}",0,20,0,20,129
results\d6_r2_formal\raw_r1\boot_04\batch_20260920T105534.967819Z_a7580546.json.gz,20260920T105534.967819Z_a7580546,4,1e673d62-53d4-4be9-b2cd-fb83808bb286,d6r2_1e673d62-53d4-4be9-b2cd-fb83808bb286_9704_1fbb17c4,195,test:unloaded,normal,cpu,role_aggregate,20,128,32,middle,True,True,0,20,40,"{""2"": 20}",0,20,0,20,129
results\d6_r2_formal\raw_r1\boot_04\batch_20260920T105543.022707Z_41c5b6a1.json.gz,20260920T105543.022707Z_41c5b6a1,4,1e673d62-53d4-4be9-b2cd-fb83808bb286,d6r2_1e673d62-53d4-4be9-b2cd-fb83808bb286_9704_1fbb17c4,196,test:unloaded,normal,cpu,role_aggregate,20,128,32,middle,True,True,0,20,40,"{""2"": 20}",0,20,0,20,129
results\d6_r2_formal\raw_r1\boot_04\batch_20260920T105550.998603Z_7d4d43cd.json.gz,20260920T105550.998603Z_7d4d43cd,4,1e673d62-53d4-4be9-b2cd-fb83808bb286,d6r2_1e673d62-53d4-4be9-b2cd-fb83808bb286_9704_1fbb17c4,197,test:unloaded,normal,cpu,role_aggregate,20,128,32,middle,True,True,0,20,40,"{""2"": 20}",0,20,0,20,129
results\d6_r2_formal\raw_r1\boot_04\batch_20260920T105558.984815Z_b176b18c.json.gz,20260920T105558.984815Z_b176b18c,4,1e673d62-53d4-4be9-b2cd-fb83808bb286,d6r2_1e673d62-53d4-4be9-b2cd-fb83808bb286_9704_1fbb17c4,198,test:unloaded,normal,cpu,role_aggregate,20,128,32,middle,True,True,0,20,40,"{""2"": 20}",0,20,0,20,129
results\d6_r2_formal\raw_r1\boot_04\batch_20260920T105607.020998Z_6bbd8355.json.gz,20260920T105607.020998Z_6bbd8355,4,1e673d62-53d4-4be9-b2cd-fb83808bb286,d6r2_1e673d62-53d4-4be9-b2cd-fb83808bb286_9704_1fbb17c4,199,test:unloaded,normal,cpu,role_aggregate,20,128,32,middle,True,True,0,20,40,"{""2"": 20}",0,20,0,20,129
results\d6_r2_formal\raw_r1\boot_04\batch_20260920T105608.882538Z_7d9bc971.json.gz,20260920T105608.882538Z_7d9bc971,4,1e673d62-53d4-4be9-b2cd-fb83808bb286,d6r2_1e673d62-53d4-4be9-b2cd-fb83808bb286_9704_1fbb17c4,200,test:unloaded,normal,baseline,role_aggregate,20,128,32,middle,True,True,0,20,40,"{""2"": 20}",0,20,0,20,129
results\d6_r2_formal\raw_r1\boot_04\batch_20260920T105610.770095Z_c3c1cbe8.json.gz,20260920T105610.770095Z_c3c1cbe8,4,1e673d62-53d4-4be9-b2cd-fb83808bb286,d6r2_1e673d62-53d4-4be9-b2cd-fb83808bb286_9704_1fbb17c4,201,test:unloaded,normal,baseline,role_aggregate,20,128,32,middle,True,True,0,20,40,"{""2"": 20}",0,20,0,20,129
results\d6_r2_formal\raw_r1\boot_04\batch_20260920T105612.661764Z_e567cea5.json.gz,20260920T105612.661764Z_e567cea5,4,1e673d62-53d4-4be9-b2cd-fb83808bb286,d6r2_1e673d62-53d4-4be9-b2cd-fb83808bb286_9704_1fbb17c4,202,test:unloaded,normal,baseline,role_aggregate,20,128,32,middle,True,True,0,20,40,"{""2"": 20}",0,20,0,20,129
results\d6_r2_formal\raw_r1\boot_04\batch_20260920T105614.526864Z_74c9cb0d.json.gz,20260920T105614.526864Z_74c9cb0d,4,1e673d62-53d4-4be9-b2cd-fb83808bb286,d6r2_1e673d62-53d4-4be9-b2cd-fb83808bb286_9704_1fbb17c4,203,test:unloaded,normal,baseline,role_aggregate,20,128,32,middle,True,True,0,20,40,"{""2"": 20}",0,20,0,20,129
results\d6_r2_formal\raw_r1\boot_04\batch_20260920T105616.414234Z_176a5fed.json.gz,20260920T105616.414234Z_176a5fed,4,1e673d62-53d4-4be9-b2cd-fb83808bb286,d6r2_1e673d62-53d4-4be9-b2cd-fb83808bb286_9704_1fbb17c4,204,test:unloaded,normal,baseline,role_aggregate,20,128,32,middle,True,True,0,20,40,"{""2"": 20}",0,20,0,20,129
results\d6_r2_formal\raw_r1\boot_04\batch_20260920T105618.278847Z_370ae008.json.gz,20260920T105618.278847Z_370ae008,4,1e673d62-53d4-4be9-b2cd-fb83808bb286,d6r2_1e673d62-53d4-4be9-b2cd-fb83808bb286_9704_1fbb17c4,205,test:unloaded,normal,baseline,role_aggregate,20,128,32,middle,True,True,0,20,40,"{""2"": 20}",0,20,0,20,129
results\d6_r2_formal\raw_r1\boot_04\batch_20260920T105620.137908Z_ecd21d34.json.gz,20260920T105620.137908Z_ecd21d34,4,1e673d62-53d4-4be9-b2cd-fb83808bb286,d6r2_1e673d62-53d4-4be9-b2cd-fb83808bb286_9704_1fbb17c4,206,test:unloaded,normal,baseline,role_aggregate,20,128,32,middle,True,True,0,20,40,"{""2"": 20}",0,20,0,20,129
results\d6_r2_formal\raw_r1\boot_04\batch_20260920T105622.053582Z_8b5e6c64.json.gz,20260920T105622.053582Z_8b5e6c64,4,1e673d62-53d4-4be9-b2cd-fb83808bb286,d6r2_1e673d62-53d4-4be9-b2cd-fb83808bb286_9704_1fbb17c4,207,test:unloaded,normal,baseline,role_aggregate,20,128,32,middle,True,True,0,20,40,"{""2"": 20}",0,20,0,20,129
results\d6_r2_formal\raw_r1\boot_04\batch_20260920T105623.912475Z_ccebe77a.json.gz,20260920T105623.912475Z_ccebe77a,4,1e673d62-53d4-4be9-b2cd-fb83808bb286,d6r2_1e673d62-53d4-4be9-b2cd-fb83808bb286_9704_1fbb17c4,208,test:unloaded,normal,baseline,role_aggregate,20,128,32,middle,True,True,0,20,40,"{""2"": 20}",0,20,0,20,129
results\d6_r2_formal\raw_r1\boot_04\batch_20260920T105625.797404Z_94356f20.json.gz,20260920T105625.797404Z_94356f20,4,1e673d62-53d4-4be9-b2cd-fb83808bb286,d6r2_1e673d62-53d4-4be9-b2cd-fb83808bb286_9704_1fbb17c4,209,test:unloaded,normal,baseline,role_aggregate,20,128,32,middle,True,True,0,20,40,"{""2"": 20}",0,20,0,20,129
results\d6_r2_formal\raw_r1\boot_04\batch_20260920T105627.673236Z_53db7f19.json.gz,20260920T105627.673236Z_53db7f19,4,1e673d62-53d4-4be9-b2cd-fb83808bb286,d6r2_1e673d62-53d4-4be9-b2cd-fb83808bb286_9704_1fbb17c4,210,test:unloaded,normal,baseline,role_aggregate,20,128,32,middle,True,True,0,20,40,"{""2"": 20}",0,20,0,20,129
results\d6_r2_formal\raw_r1\boot_04\batch_20260920T105629.594343Z_e379eb8b.json.gz,20260920T105629.594343Z_e379eb8b,4,1e673d62-53d4-4be9-b2cd-fb83808bb286,d6r2_1e673d62-53d4-4be9-b2cd-fb83808bb286_9704_1fbb17c4,211,test:unloaded,normal,baseline,role_aggregate,20,128,32,middle,True,True,0,20,40,"{""2"": 20}",0,20,0,20,129
results\d6_r2_formal\raw_r1\boot_04\batch_20260920T105631.445704Z_1704e467.json.gz,20260920T105631.445704Z_1704e467,4,1e673d62-53d4-4be9-b2cd-fb83808bb286,d6r2_1e673d62-53d4-4be9-b2cd-fb83808bb286_9704_1fbb17c4,212,test:unloaded,normal,baseline,role_aggregate,20,128,32,middle,True,True,0,20,40,"{""2"": 20}",0,20,0,20,129
results\d6_r2_formal\raw_r1\boot_04\batch_20260920T105633.340560Z_80fa2e0f.json.gz,20260920T105633.340560Z_80fa2e0f,4,1e673d62-53d4-4be9-b2cd-fb83808bb286,d6r2_1e673d62-53d4-4be9-b2cd-fb83808bb286_9704_1fbb17c4,213,test:unloaded,normal,baseline,role_aggregate,20,128,32,middle,True,True,0,20,40,"{""2"": 20}",0,20,0,20,129
results\d6_r2_formal\raw_r1\boot_04\batch_20260920T105635.243809Z_baf7d7c7.json.gz,20260920T105635.243809Z_baf7d7c7,4,1e673d62-53d4-4be9-b2cd-fb83808bb286,d6r2_1e673d62-53d4-4be9-b2cd-fb83808bb286_9704_1fbb17c4,214,test:unloaded,normal,baseline,role_aggregate,20,128,32,middle,True,True,0,20,40,"{""2"": 20}",0,20,0,20,129
results\d6_r2_formal\raw_r1\boot_04\batch_20260920T105637.095620Z_b9f590af.json.gz,20260920T105637.095620Z_b9f590af,4,1e673d62-53d4-4be9-b2cd-fb83808bb286,d6r2_1e673d62-53d4-4be9-b2cd-fb83808bb286_9704_1fbb17c4,215,test:unloaded,normal,baseline,role_aggregate,20,128,32,middle,True,True,0,20,40,"{""2"": 20}",0,20,0,20,129
results\d6_r2_formal\raw_r1\boot_04\batch_20260920T105638.936591Z_b052cbaf.json.gz,20260920T105638.936591Z_b052cbaf,4,1e673d62-53d4-4be9-b2cd-fb83808bb286,d6r2_1e673d62-53d4-4be9-b2cd-fb83808bb286_9704_1fbb17c4,216,test:unloaded,normal,baseline,role_aggregate,20,128,32,middle,True,True,0,20,40,"{""2"": 20}",0,20,0,20,129
results\d6_r2_formal\raw_r1\boot_04\batch_20260920T105640.816710Z_3521b4f9.json.gz,20260920T105640.816710Z_3521b4f9,4,1e673d62-53d4-4be9-b2cd-fb83808bb286,d6r2_1e673d62-53d4-4be9-b2cd-fb83808bb286_9704_1fbb17c4,217,test:unloaded,normal,baseline,role_aggregate,20,128,32,middle,True,True,0,20,40,"{""2"": 20}",0,20,0,20,129
results\d6_r2_formal\raw_r1\boot_04\batch_20260920T105642.681964Z_0bc5a365.json.gz,20260920T105642.681964Z_0bc5a365,4,1e673d62-53d4-4be9-b2cd-fb83808bb286,d6r2_1e673d62-53d4-4be9-b2cd-fb83808bb286_9704_1fbb17c4,218,test:unloaded,normal,baseline,role_aggregate,20,128,32,middle,True,True,0,20,40,"{""2"": 20}",0,20,0,20,129
results\d6_r2_formal\raw_r1\boot_04\batch_20260920T105644.583904Z_e240def5.json.gz,20260920T105644.583904Z_e240def5,4,1e673d62-53d4-4be9-b2cd-fb83808bb286,d6r2_1e673d62-53d4-4be9-b2cd-fb83808bb286_9704_1fbb17c4,219,test:unloaded,normal,baseline,role_aggregate,20,128,32,middle,True,True,0,20,40,"{""2"": 20}",0,20,0,20,129
results\d6_r2_formal\raw_r1\boot_04\batch_20260920T105652.605059Z_35c1dc17.json.gz,20260920T105652.605059Z_35c1dc17,4,1e673d62-53d4-4be9-b2cd-fb83808bb286,d6r2_1e673d62-53d4-4be9-b2cd-fb83808bb286_9704_1fbb17c4,220,test:unloaded,normal,mixed,role_aggregate,20,128,32,middle,True,True,0,20,40,"{""2"": 20}",0,20,0,20,129
results\d6_r2_formal\raw_r1\boot_04\batch_20260920T105700.621913Z_0dd09dbb.json.gz,20260920T105700.621913Z_0dd09dbb,4,1e673d62-53d4-4be9-b2cd-fb83808bb286,d6r2_1e673d62-53d4-4be9-b2cd-fb83808bb286_9704_1fbb17c4,221,test:unloaded,normal,mixed,role_aggregate,20,128,32,middle,True,True,0,20,40,"{""2"": 20}",0,20,0,20,129
results\d6_r2_formal\raw_r1\boot_04\batch_20260920T105708.660952Z_65dfcb92.json.gz,20260920T105708.660952Z_65dfcb92,4,1e673d62-53d4-4be9-b2cd-fb83808bb286,d6r2_1e673d62-53d4-4be9-b2cd-fb83808bb286_9704_1fbb17c4,222,test:unloaded,normal,mixed,role_aggregate,20,128,32,middle,True,True,0,20,40,"{""2"": 20}",0,20,0,20,129
results\d6_r2_formal\raw_r1\boot_04\batch_20260920T105716.670675Z_0ed76132.json.gz,20260920T105716.670675Z_0ed76132,4,1e673d62-53d4-4be9-b2cd-fb83808bb286,d6r2_1e673d62-53d4-4be9-b2cd-fb83808bb286_9704_1fbb17c4,223,test:unloaded,normal,mixed,role_aggregate,20,128,32,middle,True,True,0,20,40,"{""2"": 20}",0,20,0,20,129
results\d6_r2_formal\raw_r1\boot_04\batch_20260920T105724.727748Z_efe2d95c.json.gz,20260920T105724.727748Z_efe2d95c,4,1e673d62-53d4-4be9-b2cd-fb83808bb286,d6r2_1e673d62-53d4-4be9-b2cd-fb83808bb286_9704_1fbb17c4,224,test:unloaded,normal,mixed,role_aggregate,20,128,32,middle,True,True,0,20,40,"{""2"": 20}",0,20,0,20,129
results\d6_r2_formal\raw_r1\boot_04\batch_20260920T105732.817001Z_5d602aa9.json.gz,20260920T105732.817001Z_5d602aa9,4,1e673d62-53d4-4be9-b2cd-fb83808bb286,d6r2_1e673d62-53d4-4be9-b2cd-fb83808bb286_9704_1fbb17c4,225,test:unloaded,normal,mixed,role_aggregate,20,128,32,middle,True,True,0,20,40,"{""2"": 20}",0,20,0,20,129
results\d6_r2_formal\raw_r1\boot_04\batch_20260920T105740.826430Z_cc7795e0.json.gz,20260920T105740.826430Z_cc7795e0,4,1e673d62-53d4-4be9-b2cd-fb83808bb286,d6r2_1e673d62-53d4-4be9-b2cd-fb83808bb286_9704_1fbb17c4,226,test:unloaded,normal,mixed,role_aggregate,20,128,32,middle,True,True,0,20,40,"{""2"": 20}",0,20,0,20,129
results\d6_r2_formal\raw_r1\boot_04\batch_20260920T105748.859603Z_f7c1e24e.json.gz,20260920T105748.859603Z_f7c1e24e,4,1e673d62-53d4-4be9-b2cd-fb83808bb286,d6r2_1e673d62-53d4-4be9-b2cd-fb83808bb286_9704_1fbb17c4,227,test:unloaded,normal,mixed,role_aggregate,20,128,32,middle,True,True,0,20,40,"{""2"": 20}",0,20,0,20,129
results\d6_r2_formal\raw_r1\boot_04\batch_20260920T105756.899680Z_46c9a7ba.json.gz,20260920T105756.899680Z_46c9a7ba,4,1e673d62-53d4-4be9-b2cd-fb83808bb286,d6r2_1e673d62-53d4-4be9-b2cd-fb83808bb286_9704_1fbb17c4,228,test:unloaded,normal,mixed,role_aggregate,20,128,32,middle,True,True,0,20,40,"{""2"": 20}",0,20,0,20,129
results\d6_r2_formal\raw_r1\boot_04\batch_20260920T105804.957610Z_22d9bf57.json.gz,20260920T105804.957610Z_22d9bf57,4,1e673d62-53d4-4be9-b2cd-fb83808bb286,d6r2_1e673d62-53d4-4be9-b2cd-fb83808bb286_9704_1fbb17c4,229,test:unloaded,normal,mixed,role_aggregate,20,128,32,middle,True,True,0,20,40,"{""2"": 20}",0,20,0,20,129
results\d6_r2_formal\raw_r1\boot_04\batch_20260920T105812.976928Z_bff71bb5.json.gz,20260920T105812.976928Z_bff71bb5,4,1e673d62-53d4-4be9-b2cd-fb83808bb286,d6r2_1e673d62-53d4-4be9-b2cd-fb83808bb286_9704_1fbb17c4,230,test:unloaded,normal,mixed,role_aggregate,20,128,32,middle,True,True,0,20,40,"{""2"": 20}",0,20,0,20,129
results\d6_r2_formal\raw_r1\boot_04\batch_20260920T105821.018778Z_ba720a7d.json.gz,20260920T105821.018778Z_ba720a7d,4,1e673d62-53d4-4be9-b2cd-fb83808bb286,d6r2_1e673d62-53d4-4be9-b2cd-fb83808bb286_9704_1fbb17c4,231,test:unloaded,normal,mixed,role_aggregate,20,128,32,middle,True,True,0,20,40,"{""2"": 20}",0,20,0,20,129
results\d6_r2_formal\raw_r1\boot_04\batch_20260920T105829.103333Z_04fa65a8.json.gz,20260920T105829.103333Z_04fa65a8,4,1e673d62-53d4-4be9-b2cd-fb83808bb286,d6r2_1e673d62-53d4-4be9-b2cd-fb83808bb286_9704_1fbb17c4,232,test:unloaded,normal,mixed,role_aggregate,20,128,32,middle,True,True,0,20,40,"{""2"": 20}",0,20,0,20,129
results\d6_r2_formal\raw_r1\boot_04\batch_20260920T105837.133539Z_a88ba801.json.gz,20260920T105837.133539Z_a88ba801,4,1e673d62-53d4-4be9-b2cd-fb83808bb286,d6r2_1e673d62-53d4-4be9-b2cd-fb83808bb286_9704_1fbb17c4,233,test:unloaded,normal,mixed,role_aggregate,20,128,32,middle,True,True,0,20,40,"{""2"": 20}",0,20,0,20,129
results\d6_r2_formal\raw_r1\boot_04\batch_20260920T105845.255651Z_e4faa6c6.json.gz,20260920T105845.255651Z_e4faa6c6,4,1e673d62-53d4-4be9-b2cd-fb83808bb286,d6r2_1e673d62-53d4-4be9-b2cd-fb83808bb286_9704_1fbb17c4,234,test:unloaded,normal,mixed,role_aggregate,20,128,32,middle,True,True,0,20,40,"{""2"": 20}",0,20,0,20,129
results\d6_r2_formal\raw_r1\boot_04\batch_20260920T105853.264713Z_9b59e813.json.gz,20260920T105853.264713Z_9b59e813,4,1e673d62-53d4-4be9-b2cd-fb83808bb286,d6r2_1e673d62-53d4-4be9-b2cd-fb83808bb286_9704_1fbb17c4,235,test:unloaded,normal,mixed,role_aggregate,20,128,32,middle,True,True,0,20,40,"{""2"": 20}",0,20,0,20,129
results\d6_r2_formal\raw_r1\boot_04\batch_20260920T105901.296402Z_19e4ab6d.json.gz,20260920T105901.296402Z_19e4ab6d,4,1e673d62-53d4-4be9-b2cd-fb83808bb286,d6r2_1e673d62-53d4-4be9-b2cd-fb83808bb286_9704_1fbb17c4,236,test:unloaded,normal,mixed,role_aggregate,20,128,32,middle,True,True,0,20,40,"{""2"": 20}",0,20,0,20,129
results\d6_r2_formal\raw_r1\boot_04\batch_20260920T105909.365495Z_e188902a.json.gz,20260920T105909.365495Z_e188902a,4,1e673d62-53d4-4be9-b2cd-fb83808bb286,d6r2_1e673d62-53d4-4be9-b2cd-fb83808bb286_9704_1fbb17c4,237,test:unloaded,normal,mixed,role_aggregate,20,128,32,middle,True,True,0,20,40,"{""2"": 20}",0,20,0,20,129
results\d6_r2_formal\raw_r1\boot_04\batch_20260920T105917.427692Z_e9c7f940.json.gz,20260920T105917.427692Z_e9c7f940,4,1e673d62-53d4-4be9-b2cd-fb83808bb286,d6r2_1e673d62-53d4-4be9-b2cd-fb83808bb286_9704_1fbb17c4,238,test:unloaded,normal,mixed,role_aggregate,20,128,32,middle,True,True,0,20,40,"{""2"": 20}",0,20,0,20,129
results\d6_r2_formal\raw_r1\boot_04\batch_20260920T105925.473888Z_29eb7008.json.gz,20260920T105925.473888Z_29eb7008,4,1e673d62-53d4-4be9-b2cd-fb83808bb286,d6r2_1e673d62-53d4-4be9-b2cd-fb83808bb286_9704_1fbb17c4,239,test:unloaded,normal,mixed,role_aggregate,20,128,32,middle,True,True,0,20,40,"{""2"": 20}",0,20,0,20,129
results\d6_r2_formal\raw_r1\boot_04\batch_20260920T105933.498097Z_6d019f9b.json.gz,20260920T105933.498097Z_6d019f9b,4,1e673d62-53d4-4be9-b2cd-fb83808bb286,d6r2_1e673d62-53d4-4be9-b2cd-fb83808bb286_9704_1fbb17c4,240,test:unloaded,normal,mixed,role_aggregate,20,128,32,middle,True,True,0,20,40,"{""2"": 20}",0,20,0,20,129
results\d6_r2_formal\raw_r1\boot_04\batch_20260920T105941.541584Z_c96d9579.json.gz,20260920T105941.541584Z_c96d9579,4,1e673d62-53d4-4be9-b2cd-fb83808bb286,d6r2_1e673d62-53d4-4be9-b2cd-fb83808bb286_9704_1fbb17c4,241,test:unloaded,normal,mixed,role_aggregate,20,128,32,middle,True,True,0,20,40,"{""2"": 20}",0,20,0,20,129
results\d6_r2_formal\raw_r1\boot_04\batch_20260920T105949.607623Z_1c1518c6.json.gz,20260920T105949.607623Z_1c1518c6,4,1e673d62-53d4-4be9-b2cd-fb83808bb286,d6r2_1e673d62-53d4-4be9-b2cd-fb83808bb286_9704_1fbb17c4,242,test:unloaded,normal,mixed,role_aggregate,20,128,32,middle,True,True,0,20,40,"{""2"": 20}",0,20,0,20,129
results\d6_r2_formal\raw_r1\boot_04\batch_20260920T105957.611746Z_97069955.json.gz,20260920T105957.611746Z_97069955,4,1e673d62-53d4-4be9-b2cd-fb83808bb286,d6r2_1e673d62-53d4-4be9-b2cd-fb83808bb286_9704_1fbb17c4,243,test:unloaded,normal,mixed,role_aggregate,20,128,32,middle,True,True,0,20,40,"{""2"": 20}",0,20,0,20,129
results\d6_r2_formal\raw_r1\boot_04\batch_20260920T110005.663038Z_4bcf9739.json.gz,20260920T110005.663038Z_4bcf9739,4,1e673d62-53d4-4be9-b2cd-fb83808bb286,d6r2_1e673d62-53d4-4be9-b2cd-fb83808bb286_9704_1fbb17c4,244,test:unloaded,normal,mixed,role_aggregate,20,128,32,middle,True,True,0,20,40,"{""2"": 20}",0,20,0,20,129
results\d6_r2_formal\raw_r1\boot_04\batch_20260920T110013.691782Z_f4577f70.json.gz,20260920T110013.691782Z_f4577f70,4,1e673d62-53d4-4be9-b2cd-fb83808bb286,d6r2_1e673d62-53d4-4be9-b2cd-fb83808bb286_9704_1fbb17c4,245,test:unloaded,normal,mixed,role_aggregate,20,128,32,middle,True,True,0,20,40,"{""2"": 20}",0,20,0,20,129
results\d6_r2_formal\raw_r1\boot_04\batch_20260920T110021.760873Z_ab36b7a9.json.gz,20260920T110021.760873Z_ab36b7a9,4,1e673d62-53d4-4be9-b2cd-fb83808bb286,d6r2_1e673d62-53d4-4be9-b2cd-fb83808bb286_9704_1fbb17c4,246,test:unloaded,normal,mixed,role_aggregate,20,128,32,middle,True,True,0,20,40,"{""2"": 20}",0,20,0,20,129
results\d6_r2_formal\raw_r1\boot_04\batch_20260920T110029.769617Z_9d53a5ee.json.gz,20260920T110029.769617Z_9d53a5ee,4,1e673d62-53d4-4be9-b2cd-fb83808bb286,d6r2_1e673d62-53d4-4be9-b2cd-fb83808bb286_9704_1fbb17c4,247,test:unloaded,normal,mixed,role_aggregate,20,128,32,middle,True,True,0,20,40,"{""2"": 20}",0,20,0,20,129
results\d6_r2_formal\raw_r1\boot_04\batch_20260920T110037.830492Z_94e1ad0a.json.gz,20260920T110037.830492Z_94e1ad0a,4,1e673d62-53d4-4be9-b2cd-fb83808bb286,d6r2_1e673d62-53d4-4be9-b2cd-fb83808bb286_9704_1fbb17c4,248,test:unloaded,normal,mixed,role_aggregate,20,128,32,middle,True,True,0,20,40,"{""2"": 20}",0,20,0,20,129
results\d6_r2_formal\raw_r1\boot_04\batch_20260920T110045.825078Z_7023aeff.json.gz,20260920T110045.825078Z_7023aeff,4,1e673d62-53d4-4be9-b2cd-fb83808bb286,d6r2_1e673d62-53d4-4be9-b2cd-fb83808bb286_9704_1fbb17c4,249,test:unloaded,normal,mixed,role_aggregate,20,128,32,middle,True,True,0,20,40,"{""2"": 20}",0,20,0,20,129
results\d6_r2_formal\raw_r1\boot_04\batch_20260920T110053.861581Z_87c3fe14.json.gz,20260920T110053.861581Z_87c3fe14,4,1e673d62-53d4-4be9-b2cd-fb83808bb286,d6r2_1e673d62-53d4-4be9-b2cd-fb83808bb286_9704_1fbb17c4,250,test:unloaded,normal,mixed,role_aggregate,20,128,32,middle,True,True,0,20,40,"{""2"": 20}",0,20,0,20,129
results\d6_r2_formal\raw_r1\boot_04\batch_20260920T110101.946594Z_3903ce6c.json.gz,20260920T110101.946594Z_3903ce6c,4,1e673d62-53d4-4be9-b2cd-fb83808bb286,d6r2_1e673d62-53d4-4be9-b2cd-fb83808bb286_9704_1fbb17c4,251,test:unloaded,normal,mixed,role_aggregate,20,128,32,middle,True,True,0,20,40,"{""2"": 20}",0,20,0,20,129
results\d6_r2_formal\raw_r1\boot_04\batch_20260920T110110.000188Z_b0e22491.json.gz,20260920T110110.000188Z_b0e22491,4,1e673d62-53d4-4be9-b2cd-fb83808bb286,d6r2_1e673d62-53d4-4be9-b2cd-fb83808bb286_9704_1fbb17c4,252,test:unloaded,normal,mixed,role_aggregate,20,128,32,middle,True,True,0,20,40,"{""2"": 20}",0,20,0,20,129
results\d6_r2_formal\raw_r1\boot_04\batch_20260920T110118.031433Z_d1e10e35.json.gz,20260920T110118.031433Z_d1e10e35,4,1e673d62-53d4-4be9-b2cd-fb83808bb286,d6r2_1e673d62-53d4-4be9-b2cd-fb83808bb286_9704_1fbb17c4,253,test:unloaded,normal,mixed,role_aggregate,20,128,32,middle,True,True,0,20,40,"{""2"": 20}",0,20,0,20,129
results\d6_r2_formal\raw_r1\boot_04\batch_20260920T110126.076994Z_29f82393.json.gz,20260920T110126.076994Z_29f82393,4,1e673d62-53d4-4be9-b2cd-fb83808bb286,d6r2_1e673d62-53d4-4be9-b2cd-fb83808bb286_9704_1fbb17c4,254,test:unloaded,normal,mixed,role_aggregate,20,128,32,middle,True,True,0,20,40,"{""2"": 20}",0,20,0,20,129
results\d6_r2_formal\raw_r1\boot_04\batch_20260920T110134.147611Z_4297b617.json.gz,20260920T110134.147611Z_4297b617,4,1e673d62-53d4-4be9-b2cd-fb83808bb286,d6r2_1e673d62-53d4-4be9-b2cd-fb83808bb286_9704_1fbb17c4,255,test:unloaded,normal,mixed,role_aggregate,20,128,32,middle,True,True,0,20,40,"{""2"": 20}",0,20,0,20,129
results\d6_r2_formal\raw_r1\boot_04\batch_20260920T110142.189684Z_6dd75d7d.json.gz,20260920T110142.189684Z_6dd75d7d,4,1e673d62-53d4-4be9-b2cd-fb83808bb286,d6r2_1e673d62-53d4-4be9-b2cd-fb83808bb286_9704_1fbb17c4,256,test:unloaded,normal,mixed,role_aggregate,20,128,32,middle,True,True,0,20,40,"{""2"": 20}",0,20,0,20,129
results\d6_r2_formal\raw_r1\boot_04\batch_20260920T110150.270093Z_f2ebe59e.json.gz,20260920T110150.270093Z_f2ebe59e,4,1e673d62-53d4-4be9-b2cd-fb83808bb286,d6r2_1e673d62-53d4-4be9-b2cd-fb83808bb286_9704_1fbb17c4,257,test:unloaded,normal,mixed,role_aggregate,20,128,32,middle,True,True,0,20,40,"{""2"": 20}",0,20,0,20,129
results\d6_r2_formal\raw_r1\boot_04\batch_20260920T110158.302660Z_e91983fe.json.gz,20260920T110158.302660Z_e91983fe,4,1e673d62-53d4-4be9-b2cd-fb83808bb286,d6r2_1e673d62-53d4-4be9-b2cd-fb83808bb286_9704_1fbb17c4,258,test:unloaded,normal,mixed,role_aggregate,20,128,32,middle,True,True,0,20,40,"{""2"": 20}",0,20,0,20,129
results\d6_r2_formal\raw_r1\boot_04\batch_20260920T110206.289602Z_12d03553.json.gz,20260920T110206.289602Z_12d03553,4,1e673d62-53d4-4be9-b2cd-fb83808bb286,d6r2_1e673d62-53d4-4be9-b2cd-fb83808bb286_9704_1fbb17c4,259,test:unloaded,normal,mixed,role_aggregate,20,128,32,middle,True,True,0,20,40,"{""2"": 20}",0,20,0,20,129
results\d6_r2_formal\raw_r1\boot_04\batch_20260920T110209.206347Z_e64bcb5c.json.gz,20260920T110209.206347Z_e64bcb5c,4,1e673d62-53d4-4be9-b2cd-fb83808bb286,d6r2_1e673d62-53d4-4be9-b2cd-fb83808bb286_9704_1fbb17c4,260,test:unloaded,normal,memory,role_aggregate,20,128,32,middle,True,True,0,20,40,"{""2"": 20}",0,20,0,20,129
results\d6_r2_formal\raw_r1\boot_04\batch_20260920T110212.102905Z_25cd53d6.json.gz,20260920T110212.102905Z_25cd53d6,4,1e673d62-53d4-4be9-b2cd-fb83808bb286,d6r2_1e673d62-53d4-4be9-b2cd-fb83808bb286_9704_1fbb17c4,261,test:unloaded,normal,memory,role_aggregate,20,128,32,middle,True,True,0,20,40,"{""2"": 20}",0,20,0,20,129
results\d6_r2_formal\raw_r1\boot_04\batch_20260920T110215.041690Z_3e42ce8a.json.gz,20260920T110215.041690Z_3e42ce8a,4,1e673d62-53d4-4be9-b2cd-fb83808bb286,d6r2_1e673d62-53d4-4be9-b2cd-fb83808bb286_9704_1fbb17c4,262,test:unloaded,normal,memory,role_aggregate,20,128,32,middle,True,True,0,20,40,"{""2"": 20}",0,20,0,20,129
results\d6_r2_formal\raw_r1\boot_04\batch_20260920T110217.965074Z_e801c435.json.gz,20260920T110217.965074Z_e801c435,4,1e673d62-53d4-4be9-b2cd-fb83808bb286,d6r2_1e673d62-53d4-4be9-b2cd-fb83808bb286_9704_1fbb17c4,263,test:unloaded,normal,memory,role_aggregate,20,128,32,middle,True,True,0,20,40,"{""2"": 20}",0,20,0,20,129
results\d6_r2_formal\raw_r1\boot_04\batch_20260920T110220.895423Z_071709f3.json.gz,20260920T110220.895423Z_071709f3,4,1e673d62-53d4-4be9-b2cd-fb83808bb286,d6r2_1e673d62-53d4-4be9-b2cd-fb83808bb286_9704_1fbb17c4,264,test:unloaded,normal,memory,role_aggregate,20,128,32,middle,True,True,0,20,40,"{""2"": 20}",0,20,0,20,129
results\d6_r2_formal\raw_r1\boot_04\batch_20260920T110223.807290Z_856f072c.json.gz,20260920T110223.807290Z_856f072c,4,1e673d62-53d4-4be9-b2cd-fb83808bb286,d6r2_1e673d62-53d4-4be9-b2cd-fb83808bb286_9704_1fbb17c4,265,test:unloaded,normal,memory,role_aggregate,20,128,32,middle,True,True,0,20,40,"{""2"": 20}",0,20,0,20,129
results\d6_r2_formal\raw_r1\boot_04\batch_20260920T110226.737587Z_5cc982bf.json.gz,20260920T110226.737587Z_5cc982bf,4,1e673d62-53d4-4be9-b2cd-fb83808bb286,d6r2_1e673d62-53d4-4be9-b2cd-fb83808bb286_9704_1fbb17c4,266,test:unloaded,normal,memory,role_aggregate,20,128,32,middle,True,True,0,20,40,"{""2"": 20}",0,20,0,20,129
results\d6_r2_formal\raw_r1\boot_04\batch_20260920T110229.669709Z_0f0d6975.json.gz,20260920T110229.669709Z_0f0d6975,4,1e673d62-53d4-4be9-b2cd-fb83808bb286,d6r2_1e673d62-53d4-4be9-b2cd-fb83808bb286_9704_1fbb17c4,267,test:unloaded,normal,memory,role_aggregate,20,128,32,middle,True,True,0,20,40,"{""2"": 20}",0,20,0,20,129
results\d6_r2_formal\raw_r1\boot_04\batch_20260920T110232.603815Z_ea1d778d.json.gz,20260920T110232.603815Z_ea1d778d,4,1e673d62-53d4-4be9-b2cd-fb83808bb286,d6r2_1e673d62-53d4-4be9-b2cd-fb83808bb286_9704_1fbb17c4,268,test:unloaded,normal,memory,role_aggregate,20,128,32,middle,True,True,0,20,40,"{""2"": 20}",0,20,0,20,129
results\d6_r2_formal\raw_r1\boot_04\batch_20260920T110235.518422Z_49a5fbe8.json.gz,20260920T110235.518422Z_49a5fbe8,4,1e673d62-53d4-4be9-b2cd-fb83808bb286,d6r2_1e673d62-53d4-4be9-b2cd-fb83808bb286_9704_1fbb17c4,269,test:unloaded,normal,memory,role_aggregate,20,128,32,middle,True,True,0,20,40,"{""2"": 20}",0,20,0,20,129
results\d6_r2_formal\raw_r1\boot_04\batch_20260920T110238.441961Z_d208dcd3.json.gz,20260920T110238.441961Z_d208dcd3,4,1e673d62-53d4-4be9-b2cd-fb83808bb286,d6r2_1e673d62-53d4-4be9-b2cd-fb83808bb286_9704_1fbb17c4,270,test:unloaded,normal,memory,role_aggregate,20,128,32,middle,True,True,0,20,40,"{""2"": 20}",0,20,0,20,129
results\d6_r2_formal\raw_r1\boot_04\batch_20260920T110241.375042Z_95a630e6.json.gz,20260920T110241.375042Z_95a630e6,4,1e673d62-53d4-4be9-b2cd-fb83808bb286,d6r2_1e673d62-53d4-4be9-b2cd-fb83808bb286_9704_1fbb17c4,271,test:unloaded,normal,memory,role_aggregate,20,128,32,middle,True,True,0,20,40,"{""2"": 20}",0,20,0,20,129
results\d6_r2_formal\raw_r1\boot_04\batch_20260920T110244.307935Z_3a2b378e.json.gz,20260920T110244.307935Z_3a2b378e,4,1e673d62-53d4-4be9-b2cd-fb83808bb286,d6r2_1e673d62-53d4-4be9-b2cd-fb83808bb286_9704_1fbb17c4,272,test:unloaded,normal,memory,role_aggregate,20,128,32,middle,True,True,0,20,40,"{""2"": 20}",0,20,0,20,129
results\d6_r2_formal\raw_r1\boot_04\batch_20260920T110247.193715Z_b7df70a7.json.gz,20260920T110247.193715Z_b7df70a7,4,1e673d62-53d4-4be9-b2cd-fb83808bb286,d6r2_1e673d62-53d4-4be9-b2cd-fb83808bb286_9704_1fbb17c4,273,test:unloaded,normal,memory,role_aggregate,20,128,32,middle,True,True,0,20,40,"{""2"": 20}",0,20,0,20,129
results\d6_r2_formal\raw_r1\boot_04\batch_20260920T110250.111292Z_a97e3603.json.gz,20260920T110250.111292Z_a97e3603,4,1e673d62-53d4-4be9-b2cd-fb83808bb286,d6r2_1e673d62-53d4-4be9-b2cd-fb83808bb286_9704_1fbb17c4,274,test:unloaded,normal,memory,role_aggregate,20,128,32,middle,True,True,0,20,40,"{""2"": 20}",0,20,0,20,129
results\d6_r2_formal\raw_r1\boot_04\batch_20260920T110253.013552Z_15e1aa76.json.gz,20260920T110253.013552Z_15e1aa76,4,1e673d62-53d4-4be9-b2cd-fb83808bb286,d6r2_1e673d62-53d4-4be9-b2cd-fb83808bb286_9704_1fbb17c4,275,test:unloaded,normal,memory,role_aggregate,20,128,32,middle,True,True,0,20,40,"{""2"": 20}",0,20,0,20,129
results\d6_r2_formal\raw_r1\boot_04\batch_20260920T110255.935350Z_ca221ada.json.gz,20260920T110255.935350Z_ca221ada,4,1e673d62-53d4-4be9-b2cd-fb83808bb286,d6r2_1e673d62-53d4-4be9-b2cd-fb83808bb286_9704_1fbb17c4,276,test:unloaded,normal,memory,role_aggregate,20,128,32,middle,True,True,0,20,40,"{""2"": 20}",0,20,0,20,129
results\d6_r2_formal\raw_r1\boot_04\batch_20260920T110258.858196Z_06a37f4a.json.gz,20260920T110258.858196Z_06a37f4a,4,1e673d62-53d4-4be9-b2cd-fb83808bb286,d6r2_1e673d62-53d4-4be9-b2cd-fb83808bb286_9704_1fbb17c4,277,test:unloaded,normal,memory,role_aggregate,20,128,32,middle,True,True,0,20,40,"{""2"": 20}",0,20,0,20,129
results\d6_r2_formal\raw_r1\boot_04\batch_20260920T110301.844497Z_6c7a5650.json.gz,20260920T110301.844497Z_6c7a5650,4,1e673d62-53d4-4be9-b2cd-fb83808bb286,d6r2_1e673d62-53d4-4be9-b2cd-fb83808bb286_9704_1fbb17c4,278,test:unloaded,normal,memory,role_aggregate,20,128,32,middle,True,True,0,20,40,"{""2"": 20}",0,20,0,20,129
results\d6_r2_formal\raw_r1\boot_04\batch_20260920T110304.781552Z_709b28a4.json.gz,20260920T110304.781552Z_709b28a4,4,1e673d62-53d4-4be9-b2cd-fb83808bb286,d6r2_1e673d62-53d4-4be9-b2cd-fb83808bb286_9704_1fbb17c4,279,test:unloaded,normal,memory,role_aggregate,20,128,32,middle,True,True,0,20,40,"{""2"": 20}",0,20,0,20,129
results\d6_r2_formal\raw_r1\boot_04\batch_20260920T110307.776862Z_1b03c1d9.json.gz,20260920T110307.776862Z_1b03c1d9,4,1e673d62-53d4-4be9-b2cd-fb83808bb286,d6r2_1e673d62-53d4-4be9-b2cd-fb83808bb286_9704_1fbb17c4,280,test:unloaded,normal,memory,role_aggregate,20,128,32,middle,True,True,0,20,40,"{""2"": 20}",0,20,0,20,129
results\d6_r2_formal\raw_r1\boot_04\batch_20260920T110310.695177Z_16257d7b.json.gz,20260920T110310.695177Z_16257d7b,4,1e673d62-53d4-4be9-b2cd-fb83808bb286,d6r2_1e673d62-53d4-4be9-b2cd-fb83808bb286_9704_1fbb17c4,281,test:unloaded,normal,memory,role_aggregate,20,128,32,middle,True,True,0,20,40,"{""2"": 20}",0,20,0,20,129
results\d6_r2_formal\raw_r1\boot_04\batch_20260920T110313.646820Z_1925ff1a.json.gz,20260920T110313.646820Z_1925ff1a,4,1e673d62-53d4-4be9-b2cd-fb83808bb286,d6r2_1e673d62-53d4-4be9-b2cd-fb83808bb286_9704_1fbb17c4,282,test:unloaded,normal,memory,role_aggregate,20,128,32,middle,True,True,0,20,40,"{""2"": 20}",0,20,0,20,129
results\d6_r2_formal\raw_r1\boot_04\batch_20260920T110316.531378Z_3a4e8e57.json.gz,20260920T110316.531378Z_3a4e8e57,4,1e673d62-53d4-4be9-b2cd-fb83808bb286,d6r2_1e673d62-53d4-4be9-b2cd-fb83808bb286_9704_1fbb17c4,283,test:unloaded,normal,memory,role_aggregate,20,128,32,middle,True,True,0,20,40,"{""2"": 20}",0,20,0,20,129
results\d6_r2_formal\raw_r1\boot_04\batch_20260920T110319.428958Z_ad944713.json.gz,20260920T110319.428958Z_ad944713,4,1e673d62-53d4-4be9-b2cd-fb83808bb286,d6r2_1e673d62-53d4-4be9-b2cd-fb83808bb286_9704_1fbb17c4,284,test:unloaded,normal,memory,role_aggregate,20,128,32,middle,True,True,0,20,40,"{""2"": 20}",0,20,0,20,129
results\d6_r2_formal\raw_r1\boot_04\batch_20260920T110322.328505Z_1ab6b4a8.json.gz,20260920T110322.328505Z_1ab6b4a8,4,1e673d62-53d4-4be9-b2cd-fb83808bb286,d6r2_1e673d62-53d4-4be9-b2cd-fb83808bb286_9704_1fbb17c4,285,test:unloaded,normal,memory,role_aggregate,20,128,32,middle,True,True,0,20,40,"{""2"": 20}",0,20,0,20,129
results\d6_r2_formal\raw_r1\boot_04\batch_20260920T110325.245696Z_63714f24.json.gz,20260920T110325.245696Z_63714f24,4,1e673d62-53d4-4be9-b2cd-fb83808bb286,d6r2_1e673d62-53d4-4be9-b2cd-fb83808bb286_9704_1fbb17c4,286,test:unloaded,normal,memory,role_aggregate,20,128,32,middle,True,True,0,20,40,"{""2"": 20}",0,20,0,20,129
results\d6_r2_formal\raw_r1\boot_04\batch_20260920T110328.147260Z_740d4673.json.gz,20260920T110328.147260Z_740d4673,4,1e673d62-53d4-4be9-b2cd-fb83808bb286,d6r2_1e673d62-53d4-4be9-b2cd-fb83808bb286_9704_1fbb17c4,287,test:unloaded,normal,memory,role_aggregate,20,128,32,middle,True,True,0,20,40,"{""2"": 20}",0,20,0,20,129
results\d6_r2_formal\raw_r1\boot_04\batch_20260920T110331.066891Z_8292594d.json.gz,20260920T110331.066891Z_8292594d,4,1e673d62-53d4-4be9-b2cd-fb83808bb286,d6r2_1e673d62-53d4-4be9-b2cd-fb83808bb286_9704_1fbb17c4,288,test:unloaded,normal,memory,role_aggregate,20,128,32,middle,True,True,0,20,40,"{""2"": 20}",0,20,0,20,129
results\d6_r2_formal\raw_r1\boot_04\batch_20260920T110334.005712Z_dc18e708.json.gz,20260920T110334.005712Z_dc18e708,4,1e673d62-53d4-4be9-b2cd-fb83808bb286,d6r2_1e673d62-53d4-4be9-b2cd-fb83808bb286_9704_1fbb17c4,289,test:unloaded,normal,memory,role_aggregate,20,128,32,middle,True,True,0,20,40,"{""2"": 20}",0,20,0,20,129
results\d6_r2_formal\raw_r1\boot_04\batch_20260920T110336.980190Z_4db43040.json.gz,20260920T110336.980190Z_4db43040,4,1e673d62-53d4-4be9-b2cd-fb83808bb286,d6r2_1e673d62-53d4-4be9-b2cd-fb83808bb286_9704_1fbb17c4,290,test:unloaded,normal,memory,role_aggregate,20,128,32,middle,True,True,0,20,40,"{""2"": 20}",0,20,0,20,129
results\d6_r2_formal\raw_r1\boot_04\batch_20260920T110339.874839Z_8c2229a0.json.gz,20260920T110339.874839Z_8c2229a0,4,1e673d62-53d4-4be9-b2cd-fb83808bb286,d6r2_1e673d62-53d4-4be9-b2cd-fb83808bb286_9704_1fbb17c4,291,test:unloaded,normal,memory,role_aggregate,20,128,32,middle,True,True,0,20,40,"{""2"": 20}",0,20,0,20,129
results\d6_r2_formal\raw_r1\boot_04\batch_20260920T110342.777807Z_00ccb79b.json.gz,20260920T110342.777807Z_00ccb79b,4,1e673d62-53d4-4be9-b2cd-fb83808bb286,d6r2_1e673d62-53d4-4be9-b2cd-fb83808bb286_9704_1fbb17c4,292,test:unloaded,normal,memory,role_aggregate,20,128,32,middle,True,True,0,20,40,"{""2"": 20}",0,20,0,20,129
results\d6_r2_formal\raw_r1\boot_04\batch_20260920T110345.704012Z_2408c83c.json.gz,20260920T110345.704012Z_2408c83c,4,1e673d62-53d4-4be9-b2cd-fb83808bb286,d6r2_1e673d62-53d4-4be9-b2cd-fb83808bb286_9704_1fbb17c4,293,test:unloaded,normal,memory,role_aggregate,20,128,32,middle,True,True,0,20,40,"{""2"": 20}",0,20,0,20,129
results\d6_r2_formal\raw_r1\boot_04\batch_20260920T110348.619665Z_be9d9f93.json.gz,20260920T110348.619665Z_be9d9f93,4,1e673d62-53d4-4be9-b2cd-fb83808bb286,d6r2_1e673d62-53d4-4be9-b2cd-fb83808bb286_9704_1fbb17c4,294,test:unloaded,normal,memory,role_aggregate,20,128,32,middle,True,True,0,20,40,"{""2"": 20}",0,20,0,20,129
results\d6_r2_formal\raw_r1\boot_04\batch_20260920T110351.526909Z_8c8e6c0c.json.gz,20260920T110351.526909Z_8c8e6c0c,4,1e673d62-53d4-4be9-b2cd-fb83808bb286,d6r2_1e673d62-53d4-4be9-b2cd-fb83808bb286_9704_1fbb17c4,295,test:unloaded,normal,memory,role_aggregate,20,128,32,middle,True,True,0,20,40,"{""2"": 20}",0,20,0,20,129
results\d6_r2_formal\raw_r1\boot_04\batch_20260920T110354.423916Z_9bb3cc47.json.gz,20260920T110354.423916Z_9bb3cc47,4,1e673d62-53d4-4be9-b2cd-fb83808bb286,d6r2_1e673d62-53d4-4be9-b2cd-fb83808bb286_9704_1fbb17c4,296,test:unloaded,normal,memory,role_aggregate,20,128,32,middle,True,True,0,20,40,"{""2"": 20}",0,20,0,20,129
results\d6_r2_formal\raw_r1\boot_04\batch_20260920T110357.333062Z_8270b386.json.gz,20260920T110357.333062Z_8270b386,4,1e673d62-53d4-4be9-b2cd-fb83808bb286,d6r2_1e673d62-53d4-4be9-b2cd-fb83808bb286_9704_1fbb17c4,297,test:unloaded,normal,memory,role_aggregate,20,128,32,middle,True,True,0,20,40,"{""2"": 20}",0,20,0,20,129
results\d6_r2_formal\raw_r1\boot_04\batch_20260920T110400.289532Z_392ed79e.json.gz,20260920T110400.289532Z_392ed79e,4,1e673d62-53d4-4be9-b2cd-fb83808bb286,d6r2_1e673d62-53d4-4be9-b2cd-fb83808bb286_9704_1fbb17c4,298,test:unloaded,normal,memory,role_aggregate,20,128,32,middle,True,True,0,20,40,"{""2"": 20}",0,20,0,20,129
results\d6_r2_formal\raw_r1\boot_04\batch_20260920T110403.193170Z_a12e5513.json.gz,20260920T110403.193170Z_a12e5513,4,1e673d62-53d4-4be9-b2cd-fb83808bb286,d6r2_1e673d62-53d4-4be9-b2cd-fb83808bb286_9704_1fbb17c4,299,test:unloaded,normal,memory,role_aggregate,20,128,32,middle,True,True,0,20,40,"{""2"": 20}",0,20,0,20,129
results\d6_r2_formal\raw_r1\boot_04\batch_20260920T110411.300156Z_d897e3f5.json.gz,20260920T110411.300156Z_d897e3f5,4,1e673d62-53d4-4be9-b2cd-fb83808bb286,d6r2_1e673d62-53d4-4be9-b2cd-fb83808bb286_9704_1fbb17c4,300,test:hiding,rootkit,mixed,role_aggregate,20,128,32,middle,True,True,0,20,40,"{""2"": 20}",0,20,0,0,
results\d6_r2_formal\raw_r1\boot_04\batch_20260920T110419.932920Z_b605a738.json.gz,20260920T110419.932920Z_b605a738,4,1e673d62-53d4-4be9-b2cd-fb83808bb286,d6r2_1e673d62-53d4-4be9-b2cd-fb83808bb286_9704_1fbb17c4,301,test:hiding,rootkit,mixed,role_aggregate,20,128,32,middle,True,True,0,20,40,"{""2"": 20}",0,20,0,0,
results\d6_r2_formal\raw_r1\boot_04\batch_20260920T110428.640690Z_1fd396f7.json.gz,20260920T110428.640690Z_1fd396f7,4,1e673d62-53d4-4be9-b2cd-fb83808bb286,d6r2_1e673d62-53d4-4be9-b2cd-fb83808bb286_9704_1fbb17c4,302,test:hiding,rootkit,mixed,role_aggregate,20,128,32,middle,True,True,0,20,40,"{""2"": 20}",0,20,0,0,
results\d6_r2_formal\raw_r1\boot_04\batch_20260920T110437.296616Z_20cd43c3.json.gz,20260920T110437.296616Z_20cd43c3,4,1e673d62-53d4-4be9-b2cd-fb83808bb286,d6r2_1e673d62-53d4-4be9-b2cd-fb83808bb286_9704_1fbb17c4,303,test:hiding,rootkit,mixed,role_aggregate,20,128,32,middle,True,True,0,20,40,"{""2"": 20}",0,20,0,0,
results\d6_r2_formal\raw_r1\boot_04\batch_20260920T110445.931750Z_b2fb5aba.json.gz,20260920T110445.931750Z_b2fb5aba,4,1e673d62-53d4-4be9-b2cd-fb83808bb286,d6r2_1e673d62-53d4-4be9-b2cd-fb83808bb286_9704_1fbb17c4,304,test:hiding,rootkit,mixed,role_aggregate,20,128,32,middle,True,True,0,20,40,"{""2"": 20}",0,20,0,0,
results\d6_r2_formal\raw_r1\boot_04\batch_20260920T110454.620266Z_7c2b7cd4.json.gz,20260920T110454.620266Z_7c2b7cd4,4,1e673d62-53d4-4be9-b2cd-fb83808bb286,d6r2_1e673d62-53d4-4be9-b2cd-fb83808bb286_9704_1fbb17c4,305,test:hiding,rootkit,mixed,role_aggregate,20,128,32,middle,True,True,0,20,40,"{""2"": 20}",0,20,0,0,
results\d6_r2_formal\raw_r1\boot_04\batch_20260920T110503.254469Z_ba24faf9.json.gz,20260920T110503.254469Z_ba24faf9,4,1e673d62-53d4-4be9-b2cd-fb83808bb286,d6r2_1e673d62-53d4-4be9-b2cd-fb83808bb286_9704_1fbb17c4,306,test:hiding,rootkit,mixed,role_aggregate,20,128,32,middle,True,True,0,20,40,"{""2"": 20}",0,20,0,0,
results\d6_r2_formal\raw_r1\boot_04\batch_20260920T110511.900239Z_0518a46e.json.gz,20260920T110511.900239Z_0518a46e,4,1e673d62-53d4-4be9-b2cd-fb83808bb286,d6r2_1e673d62-53d4-4be9-b2cd-fb83808bb286_9704_1fbb17c4,307,test:hiding,rootkit,mixed,role_aggregate,20,128,32,middle,True,True,0,20,40,"{""2"": 20}",0,20,0,0,
results\d6_r2_formal\raw_r1\boot_04\batch_20260920T110520.565069Z_6d29b2e3.json.gz,20260920T110520.565069Z_6d29b2e3,4,1e673d62-53d4-4be9-b2cd-fb83808bb286,d6r2_1e673d62-53d4-4be9-b2cd-fb83808bb286_9704_1fbb17c4,308,test:hiding,rootkit,mixed,role_aggregate,20,128,32,middle,True,True,0,20,40,"{""2"": 20}",0,20,0,0,
results\d6_r2_formal\raw_r1\boot_04\batch_20260920T110529.213675Z_7dee74af.json.gz,20260920T110529.213675Z_7dee74af,4,1e673d62-53d4-4be9-b2cd-fb83808bb286,d6r2_1e673d62-53d4-4be9-b2cd-fb83808bb286_9704_1fbb17c4,309,test:hiding,rootkit,mixed,role_aggregate,20,128,32,middle,True,True,0,20,40,"{""2"": 20}",0,20,0,0,
results\d6_r2_formal\raw_r1\boot_04\batch_20260920T110537.904500Z_8ad2a6f8.json.gz,20260920T110537.904500Z_8ad2a6f8,4,1e673d62-53d4-4be9-b2cd-fb83808bb286,d6r2_1e673d62-53d4-4be9-b2cd-fb83808bb286_9704_1fbb17c4,310,test:hiding,rootkit,mixed,role_aggregate,20,128,32,middle,True,True,0,20,40,"{""2"": 20}",0,20,0,0,
results\d6_r2_formal\raw_r1\boot_04\batch_20260920T110546.557602Z_d15fd73a.json.gz,20260920T110546.557602Z_d15fd73a,4,1e673d62-53d4-4be9-b2cd-fb83808bb286,d6r2_1e673d62-53d4-4be9-b2cd-fb83808bb286_9704_1fbb17c4,311,test:hiding,rootkit,mixed,role_aggregate,20,128,32,middle,True,True,0,20,40,"{""2"": 20}",0,20,0,0,
results\d6_r2_formal\raw_r1\boot_04\batch_20260920T110555.236599Z_27650674.json.gz,20260920T110555.236599Z_27650674,4,1e673d62-53d4-4be9-b2cd-fb83808bb286,d6r2_1e673d62-53d4-4be9-b2cd-fb83808bb286_9704_1fbb17c4,312,test:hiding,rootkit,mixed,role_aggregate,20,128,32,middle,True,True,0,20,40,"{""2"": 20}",0,20,0,0,
results\d6_r2_formal\raw_r1\boot_04\batch_20260920T110603.858851Z_70fc47ed.json.gz,20260920T110603.858851Z_70fc47ed,4,1e673d62-53d4-4be9-b2cd-fb83808bb286,d6r2_1e673d62-53d4-4be9-b2cd-fb83808bb286_9704_1fbb17c4,313,test:hiding,rootkit,mixed,role_aggregate,20,128,32,middle,True,True,0,20,40,"{""2"": 20}",0,20,0,0,
results\d6_r2_formal\raw_r1\boot_04\batch_20260920T110612.526554Z_90a3a56b.json.gz,20260920T110612.526554Z_90a3a56b,4,1e673d62-53d4-4be9-b2cd-fb83808bb286,d6r2_1e673d62-53d4-4be9-b2cd-fb83808bb286_9704_1fbb17c4,314,test:hiding,rootkit,mixed,role_aggregate,20,128,32,middle,True,True,0,20,40,"{""2"": 20}",0,20,0,0,
results\d6_r2_formal\raw_r1\boot_04\batch_20260920T110621.176868Z_f41e9e1f.json.gz,20260920T110621.176868Z_f41e9e1f,4,1e673d62-53d4-4be9-b2cd-fb83808bb286,d6r2_1e673d62-53d4-4be9-b2cd-fb83808bb286_9704_1fbb17c4,315,test:hiding,rootkit,mixed,role_aggregate,20,128,32,middle,True,True,0,20,40,"{""2"": 20}",0,20,0,0,
results\d6_r2_formal\raw_r1\boot_04\batch_20260920T110629.817591Z_475dc98c.json.gz,20260920T110629.817591Z_475dc98c,4,1e673d62-53d4-4be9-b2cd-fb83808bb286,d6r2_1e673d62-53d4-4be9-b2cd-fb83808bb286_9704_1fbb17c4,316,test:hiding,rootkit,mixed,role_aggregate,20,128,32,middle,True,True,0,20,40,"{""2"": 20}",0,20,0,0,
results\d6_r2_formal\raw_r1\boot_04\batch_20260920T110638.456674Z_3ac4b309.json.gz,20260920T110638.456674Z_3ac4b309,4,1e673d62-53d4-4be9-b2cd-fb83808bb286,d6r2_1e673d62-53d4-4be9-b2cd-fb83808bb286_9704_1fbb17c4,317,test:hiding,rootkit,mixed,role_aggregate,20,128,32,middle,True,True,0,20,40,"{""2"": 20}",0,20,0,0,
results\d6_r2_formal\raw_r1\boot_04\batch_20260920T110647.168916Z_5d12f99a.json.gz,20260920T110647.168916Z_5d12f99a,4,1e673d62-53d4-4be9-b2cd-fb83808bb286,d6r2_1e673d62-53d4-4be9-b2cd-fb83808bb286_9704_1fbb17c4,318,test:hiding,rootkit,mixed,role_aggregate,20,128,32,middle,True,True,0,20,40,"{""2"": 20}",0,20,0,0,
results\d6_r2_formal\raw_r1\boot_04\batch_20260920T110655.839622Z_b837ecc1.json.gz,20260920T110655.839622Z_b837ecc1,4,1e673d62-53d4-4be9-b2cd-fb83808bb286,d6r2_1e673d62-53d4-4be9-b2cd-fb83808bb286_9704_1fbb17c4,319,test:hiding,rootkit,mixed,role_aggregate,20,128,32,middle,True,True,0,20,40,"{""2"": 20}",0,20,0,0,
results\d6_r2_formal\raw_r1\boot_04\batch_20260920T110704.493155Z_969a0e10.json.gz,20260920T110704.493155Z_969a0e10,4,1e673d62-53d4-4be9-b2cd-fb83808bb286,d6r2_1e673d62-53d4-4be9-b2cd-fb83808bb286_9704_1fbb17c4,320,test:hiding,rootkit,mixed,role_aggregate,20,128,32,middle,True,True,0,20,40,"{""2"": 20}",0,20,0,0,
results\d6_r2_formal\raw_r1\boot_04\batch_20260920T110713.144470Z_676ecc51.json.gz,20260920T110713.144470Z_676ecc51,4,1e673d62-53d4-4be9-b2cd-fb83808bb286,d6r2_1e673d62-53d4-4be9-b2cd-fb83808bb286_9704_1fbb17c4,321,test:hiding,rootkit,mixed,role_aggregate,20,128,32,middle,True,True,0,20,40,"{""2"": 20}",0,20,0,0,
results\d6_r2_formal\raw_r1\boot_04\batch_20260920T110721.765476Z_f9217444.json.gz,20260920T110721.765476Z_f9217444,4,1e673d62-53d4-4be9-b2cd-fb83808bb286,d6r2_1e673d62-53d4-4be9-b2cd-fb83808bb286_9704_1fbb17c4,322,test:hiding,rootkit,mixed,role_aggregate,20,128,32,middle,True,True,0,20,40,"{""2"": 20}",0,20,0,0,
results\d6_r2_formal\raw_r1\boot_04\batch_20260920T110730.579686Z_1483762b.json.gz,20260920T110730.579686Z_1483762b,4,1e673d62-53d4-4be9-b2cd-fb83808bb286,d6r2_1e673d62-53d4-4be9-b2cd-fb83808bb286_9704_1fbb17c4,323,test:hiding,rootkit,mixed,role_aggregate,20,128,32,middle,True,True,0,20,40,"{""2"": 20}",0,20,0,0,
results\d6_r2_formal\raw_r1\boot_04\batch_20260920T110739.300657Z_cabdb429.json.gz,20260920T110739.300657Z_cabdb429,4,1e673d62-53d4-4be9-b2cd-fb83808bb286,d6r2_1e673d62-53d4-4be9-b2cd-fb83808bb286_9704_1fbb17c4,324,test:hiding,rootkit,mixed,role_aggregate,20,128,32,middle,True,True,0,20,40,"{""2"": 20}",0,20,0,0,
results\d6_r2_formal\raw_r1\boot_04\batch_20260920T110748.006881Z_1f2c8214.json.gz,20260920T110748.006881Z_1f2c8214,4,1e673d62-53d4-4be9-b2cd-fb83808bb286,d6r2_1e673d62-53d4-4be9-b2cd-fb83808bb286_9704_1fbb17c4,325,test:hiding,rootkit,mixed,role_aggregate,20,128,32,middle,True,True,0,20,40,"{""2"": 20}",0,20,0,0,
results\d6_r2_formal\raw_r1\boot_04\batch_20260920T110756.662333Z_32fb497f.json.gz,20260920T110756.662333Z_32fb497f,4,1e673d62-53d4-4be9-b2cd-fb83808bb286,d6r2_1e673d62-53d4-4be9-b2cd-fb83808bb286_9704_1fbb17c4,326,test:hiding,rootkit,mixed,role_aggregate,20,128,32,middle,True,True,0,20,40,"{""2"": 20}",0,20,0,0,
results\d6_r2_formal\raw_r1\boot_04\batch_20260920T110805.319069Z_01555708.json.gz,20260920T110805.319069Z_01555708,4,1e673d62-53d4-4be9-b2cd-fb83808bb286,d6r2_1e673d62-53d4-4be9-b2cd-fb83808bb286_9704_1fbb17c4,327,test:hiding,rootkit,mixed,role_aggregate,20,128,32,middle,True,True,0,20,40,"{""2"": 20}",0,20,0,0,
results\d6_r2_formal\raw_r1\boot_04\batch_20260920T110813.939681Z_ce74207d.json.gz,20260920T110813.939681Z_ce74207d,4,1e673d62-53d4-4be9-b2cd-fb83808bb286,d6r2_1e673d62-53d4-4be9-b2cd-fb83808bb286_9704_1fbb17c4,328,test:hiding,rootkit,mixed,role_aggregate,20,128,32,middle,True,True,0,20,40,"{""2"": 20}",0,20,0,0,
results\d6_r2_formal\raw_r1\boot_04\batch_20260920T110822.580280Z_2e620233.json.gz,20260920T110822.580280Z_2e620233,4,1e673d62-53d4-4be9-b2cd-fb83808bb286,d6r2_1e673d62-53d4-4be9-b2cd-fb83808bb286_9704_1fbb17c4,329,test:hiding,rootkit,mixed,role_aggregate,20,128,32,middle,True,True,0,20,40,"{""2"": 20}",0,20,0,0,
results\d6_r2_formal\raw_r1\boot_04\batch_20260920T110831.220571Z_d9e433d9.json.gz,20260920T110831.220571Z_d9e433d9,4,1e673d62-53d4-4be9-b2cd-fb83808bb286,d6r2_1e673d62-53d4-4be9-b2cd-fb83808bb286_9704_1fbb17c4,330,test:hiding,rootkit,mixed,role_aggregate,20,128,32,middle,True,True,0,20,40,"{""2"": 20}",0,20,0,0,
results\d6_r2_formal\raw_r1\boot_04\batch_20260920T110839.832095Z_fb50abbc.json.gz,20260920T110839.832095Z_fb50abbc,4,1e673d62-53d4-4be9-b2cd-fb83808bb286,d6r2_1e673d62-53d4-4be9-b2cd-fb83808bb286_9704_1fbb17c4,331,test:hiding,rootkit,mixed,role_aggregate,20,128,32,middle,True,True,0,20,40,"{""2"": 20}",0,20,0,0,
results\d6_r2_formal\raw_r1\boot_04\batch_20260920T110848.467022Z_cf41116d.json.gz,20260920T110848.467022Z_cf41116d,4,1e673d62-53d4-4be9-b2cd-fb83808bb286,d6r2_1e673d62-53d4-4be9-b2cd-fb83808bb286_9704_1fbb17c4,332,test:hiding,rootkit,mixed,role_aggregate,20,128,32,middle,True,True,0,20,40,"{""2"": 20}",0,20,0,0,
results\d6_r2_formal\raw_r1\boot_04\batch_20260920T110857.065138Z_53aedbbe.json.gz,20260920T110857.065138Z_53aedbbe,4,1e673d62-53d4-4be9-b2cd-fb83808bb286,d6r2_1e673d62-53d4-4be9-b2cd-fb83808bb286_9704_1fbb17c4,333,test:hiding,rootkit,mixed,role_aggregate,20,128,32,middle,True,True,0,20,40,"{""2"": 20}",0,20,0,0,
results\d6_r2_formal\raw_r1\boot_04\batch_20260920T110905.678307Z_ba23000c.json.gz,20260920T110905.678307Z_ba23000c,4,1e673d62-53d4-4be9-b2cd-fb83808bb286,d6r2_1e673d62-53d4-4be9-b2cd-fb83808bb286_9704_1fbb17c4,334,test:hiding,rootkit,mixed,role_aggregate,20,128,32,middle,True,True,0,20,40,"{""2"": 20}",0,20,0,0,
results\d6_r2_formal\raw_r1\boot_04\batch_20260920T110914.373041Z_08e95d4a.json.gz,20260920T110914.373041Z_08e95d4a,4,1e673d62-53d4-4be9-b2cd-fb83808bb286,d6r2_1e673d62-53d4-4be9-b2cd-fb83808bb286_9704_1fbb17c4,335,test:hiding,rootkit,mixed,role_aggregate,20,128,32,middle,True,True,0,20,40,"{""2"": 20}",0,20,0,0,
results\d6_r2_formal\raw_r1\boot_04\batch_20260920T110923.049608Z_a0ab6d23.json.gz,20260920T110923.049608Z_a0ab6d23,4,1e673d62-53d4-4be9-b2cd-fb83808bb286,d6r2_1e673d62-53d4-4be9-b2cd-fb83808bb286_9704_1fbb17c4,336,test:hiding,rootkit,mixed,role_aggregate,20,128,32,middle,True,True,0,20,40,"{""2"": 20}",0,20,0,0,
results\d6_r2_formal\raw_r1\boot_04\batch_20260920T110931.707737Z_ec9d7ce1.json.gz,20260920T110931.707737Z_ec9d7ce1,4,1e673d62-53d4-4be9-b2cd-fb83808bb286,d6r2_1e673d62-53d4-4be9-b2cd-fb83808bb286_9704_1fbb17c4,337,test:hiding,rootkit,mixed,role_aggregate,20,128,32,middle,True,True,0,20,40,"{""2"": 20}",0,20,0,0,
results\d6_r2_formal\raw_r1\boot_04\batch_20260920T110940.335647Z_12495adb.json.gz,20260920T110940.335647Z_12495adb,4,1e673d62-53d4-4be9-b2cd-fb83808bb286,d6r2_1e673d62-53d4-4be9-b2cd-fb83808bb286_9704_1fbb17c4,338,test:hiding,rootkit,mixed,role_aggregate,20,128,32,middle,True,True,0,20,40,"{""2"": 20}",0,20,0,0,
results\d6_r2_formal\raw_r1\boot_04\batch_20260920T110949.003857Z_98330a80.json.gz,20260920T110949.003857Z_98330a80,4,1e673d62-53d4-4be9-b2cd-fb83808bb286,d6r2_1e673d62-53d4-4be9-b2cd-fb83808bb286_9704_1fbb17c4,339,test:hiding,rootkit,mixed,role_aggregate,20,128,32,middle,True,True,0,20,40,"{""2"": 20}",0,20,0,0,
results\d6_r2_formal\raw_r1\boot_04\batch_20260920T110951.525241Z_b1cbe9c1.json.gz,20260920T110951.525241Z_b1cbe9c1,4,1e673d62-53d4-4be9-b2cd-fb83808bb286,d6r2_1e673d62-53d4-4be9-b2cd-fb83808bb286_9704_1fbb17c4,340,test:hiding,rootkit,baseline,role_aggregate,20,128,32,middle,True,True,0,20,40,"{""2"": 20}",0,20,0,0,
results\d6_r2_formal\raw_r1\boot_04\batch_20260920T110954.010667Z_a6245901.json.gz,20260920T110954.010667Z_a6245901,4,1e673d62-53d4-4be9-b2cd-fb83808bb286,d6r2_1e673d62-53d4-4be9-b2cd-fb83808bb286_9704_1fbb17c4,341,test:hiding,rootkit,baseline,role_aggregate,20,128,32,middle,True,True,0,20,40,"{""2"": 20}",0,20,0,0,
results\d6_r2_formal\raw_r1\boot_04\batch_20260920T110956.475981Z_66d4913a.json.gz,20260920T110956.475981Z_66d4913a,4,1e673d62-53d4-4be9-b2cd-fb83808bb286,d6r2_1e673d62-53d4-4be9-b2cd-fb83808bb286_9704_1fbb17c4,342,test:hiding,rootkit,baseline,role_aggregate,20,128,32,middle,True,True,0,20,40,"{""2"": 20}",0,20,0,0,
results\d6_r2_formal\raw_r1\boot_04\batch_20260920T110958.965033Z_7466e697.json.gz,20260920T110958.965033Z_7466e697,4,1e673d62-53d4-4be9-b2cd-fb83808bb286,d6r2_1e673d62-53d4-4be9-b2cd-fb83808bb286_9704_1fbb17c4,343,test:hiding,rootkit,baseline,role_aggregate,20,128,32,middle,True,True,0,20,40,"{""2"": 20}",0,20,0,0,
results\d6_r2_formal\raw_r1\boot_04\batch_20260920T111001.509045Z_647911a4.json.gz,20260920T111001.509045Z_647911a4,4,1e673d62-53d4-4be9-b2cd-fb83808bb286,d6r2_1e673d62-53d4-4be9-b2cd-fb83808bb286_9704_1fbb17c4,344,test:hiding,rootkit,baseline,role_aggregate,20,128,32,middle,True,True,0,20,40,"{""2"": 20}",0,20,0,0,
results\d6_r2_formal\raw_r1\boot_04\batch_20260920T111004.024791Z_bfdd94d9.json.gz,20260920T111004.024791Z_bfdd94d9,4,1e673d62-53d4-4be9-b2cd-fb83808bb286,d6r2_1e673d62-53d4-4be9-b2cd-fb83808bb286_9704_1fbb17c4,345,test:hiding,rootkit,baseline,role_aggregate,20,128,32,middle,True,True,0,20,40,"{""2"": 20}",0,20,0,0,
results\d6_r2_formal\raw_r1\boot_04\batch_20260920T111006.549038Z_00d00732.json.gz,20260920T111006.549038Z_00d00732,4,1e673d62-53d4-4be9-b2cd-fb83808bb286,d6r2_1e673d62-53d4-4be9-b2cd-fb83808bb286_9704_1fbb17c4,346,test:hiding,rootkit,baseline,role_aggregate,20,128,32,middle,True,True,0,20,40,"{""2"": 20}",0,20,0,0,
results\d6_r2_formal\raw_r1\boot_04\batch_20260920T111009.090927Z_763a6334.json.gz,20260920T111009.090927Z_763a6334,4,1e673d62-53d4-4be9-b2cd-fb83808bb286,d6r2_1e673d62-53d4-4be9-b2cd-fb83808bb286_9704_1fbb17c4,347,test:hiding,rootkit,baseline,role_aggregate,20,128,32,middle,True,True,0,20,40,"{""2"": 20}",0,20,0,0,
results\d6_r2_formal\raw_r1\boot_04\batch_20260920T111011.602085Z_9f583eb2.json.gz,20260920T111011.602085Z_9f583eb2,4,1e673d62-53d4-4be9-b2cd-fb83808bb286,d6r2_1e673d62-53d4-4be9-b2cd-fb83808bb286_9704_1fbb17c4,348,test:hiding,rootkit,baseline,role_aggregate,20,128,32,middle,True,True,0,20,40,"{""2"": 20}",0,20,0,0,
results\d6_r2_formal\raw_r1\boot_04\batch_20260920T111014.050509Z_9b54f3ee.json.gz,20260920T111014.050509Z_9b54f3ee,4,1e673d62-53d4-4be9-b2cd-fb83808bb286,d6r2_1e673d62-53d4-4be9-b2cd-fb83808bb286_9704_1fbb17c4,349,test:hiding,rootkit,baseline,role_aggregate,20,128,32,middle,True,True,0,20,40,"{""2"": 20}",0,20,0,0,
results\d6_r2_formal\raw_r1\boot_04\batch_20260920T111016.573913Z_4d8bbcf3.json.gz,20260920T111016.573913Z_4d8bbcf3,4,1e673d62-53d4-4be9-b2cd-fb83808bb286,d6r2_1e673d62-53d4-4be9-b2cd-fb83808bb286_9704_1fbb17c4,350,test:hiding,rootkit,baseline,role_aggregate,20,128,32,middle,True,True,0,20,40,"{""2"": 20}",0,20,0,0,
results\d6_r2_formal\raw_r1\boot_04\batch_20260920T111019.104606Z_18afb534.json.gz,20260920T111019.104606Z_18afb534,4,1e673d62-53d4-4be9-b2cd-fb83808bb286,d6r2_1e673d62-53d4-4be9-b2cd-fb83808bb286_9704_1fbb17c4,351,test:hiding,rootkit,baseline,role_aggregate,20,128,32,middle,True,True,0,20,40,"{""2"": 20}",0,20,0,0,
results\d6_r2_formal\raw_r1\boot_04\batch_20260920T111021.646909Z_f528a7e3.json.gz,20260920T111021.646909Z_f528a7e3,4,1e673d62-53d4-4be9-b2cd-fb83808bb286,d6r2_1e673d62-53d4-4be9-b2cd-fb83808bb286_9704_1fbb17c4,352,test:hiding,rootkit,baseline,role_aggregate,20,128,32,middle,True,True,0,20,40,"{""2"": 20}",0,20,0,0,
results\d6_r2_formal\raw_r1\boot_04\batch_20260920T111024.122705Z_8b39a195.json.gz,20260920T111024.122705Z_8b39a195,4,1e673d62-53d4-4be9-b2cd-fb83808bb286,d6r2_1e673d62-53d4-4be9-b2cd-fb83808bb286_9704_1fbb17c4,353,test:hiding,rootkit,baseline,role_aggregate,20,128,32,middle,True,True,0,20,40,"{""2"": 20}",0,20,0,0,
results\d6_r2_formal\raw_r1\boot_04\batch_20260920T111026.603726Z_0220c6a7.json.gz,20260920T111026.603726Z_0220c6a7,4,1e673d62-53d4-4be9-b2cd-fb83808bb286,d6r2_1e673d62-53d4-4be9-b2cd-fb83808bb286_9704_1fbb17c4,354,test:hiding,rootkit,baseline,role_aggregate,20,128,32,middle,True,True,0,20,40,"{""2"": 20}",0,20,0,0,
results\d6_r2_formal\raw_r1\boot_04\batch_20260920T111029.053808Z_e54281c0.json.gz,20260920T111029.053808Z_e54281c0,4,1e673d62-53d4-4be9-b2cd-fb83808bb286,d6r2_1e673d62-53d4-4be9-b2cd-fb83808bb286_9704_1fbb17c4,355,test:hiding,rootkit,baseline,role_aggregate,20,128,32,middle,True,True,0,20,40,"{""2"": 20}",0,20,0,0,
results\d6_r2_formal\raw_r1\boot_04\batch_20260920T111031.566016Z_f116d899.json.gz,20260920T111031.566016Z_f116d899,4,1e673d62-53d4-4be9-b2cd-fb83808bb286,d6r2_1e673d62-53d4-4be9-b2cd-fb83808bb286_9704_1fbb17c4,356,test:hiding,rootkit,baseline,role_aggregate,20,128,32,middle,True,True,0,20,40,"{""2"": 20}",0,20,0,0,
results\d6_r2_formal\raw_r1\boot_04\batch_20260920T111034.086575Z_eb8bb669.json.gz,20260920T111034.086575Z_eb8bb669,4,1e673d62-53d4-4be9-b2cd-fb83808bb286,d6r2_1e673d62-53d4-4be9-b2cd-fb83808bb286_9704_1fbb17c4,357,test:hiding,rootkit,baseline,role_aggregate,20,128,32,middle,True,True,0,20,40,"{""2"": 20}",0,20,0,0,
results\d6_r2_formal\raw_r1\boot_04\batch_20260920T111036.584705Z_d9f00971.json.gz,20260920T111036.584705Z_d9f00971,4,1e673d62-53d4-4be9-b2cd-fb83808bb286,d6r2_1e673d62-53d4-4be9-b2cd-fb83808bb286_9704_1fbb17c4,358,test:hiding,rootkit,baseline,role_aggregate,20,128,32,middle,True,True,0,20,40,"{""2"": 20}",0,20,0,0,
results\d6_r2_formal\raw_r1\boot_04\batch_20260920T111039.113611Z_e2ae188d.json.gz,20260920T111039.113611Z_e2ae188d,4,1e673d62-53d4-4be9-b2cd-fb83808bb286,d6r2_1e673d62-53d4-4be9-b2cd-fb83808bb286_9704_1fbb17c4,359,test:hiding,rootkit,baseline,role_aggregate,20,128,32,middle,True,True,0,20,40,"{""2"": 20}",0,20,0,0,
results\d6_r2_formal\raw_r1\boot_04\batch_20260920T111041.580990Z_8e96aba8.json.gz,20260920T111041.580990Z_8e96aba8,4,1e673d62-53d4-4be9-b2cd-fb83808bb286,d6r2_1e673d62-53d4-4be9-b2cd-fb83808bb286_9704_1fbb17c4,360,test:hiding,rootkit,baseline,role_aggregate,20,128,32,middle,True,True,0,20,40,"{""2"": 20}",0,20,0,0,
results\d6_r2_formal\raw_r1\boot_04\batch_20260920T111044.075892Z_ecaf4b13.json.gz,20260920T111044.075892Z_ecaf4b13,4,1e673d62-53d4-4be9-b2cd-fb83808bb286,d6r2_1e673d62-53d4-4be9-b2cd-fb83808bb286_9704_1fbb17c4,361,test:hiding,rootkit,baseline,role_aggregate,20,128,32,middle,True,True,0,20,40,"{""2"": 20}",0,20,0,0,
results\d6_r2_formal\raw_r1\boot_04\batch_20260920T111046.633688Z_73da3ff5.json.gz,20260920T111046.633688Z_73da3ff5,4,1e673d62-53d4-4be9-b2cd-fb83808bb286,d6r2_1e673d62-53d4-4be9-b2cd-fb83808bb286_9704_1fbb17c4,362,test:hiding,rootkit,baseline,role_aggregate,20,128,32,middle,True,True,0,20,40,"{""2"": 20}",0,20,0,0,
results\d6_r2_formal\raw_r1\boot_04\batch_20260920T111049.135501Z_a0761ca5.json.gz,20260920T111049.135501Z_a0761ca5,4,1e673d62-53d4-4be9-b2cd-fb83808bb286,d6r2_1e673d62-53d4-4be9-b2cd-fb83808bb286_9704_1fbb17c4,363,test:hiding,rootkit,baseline,role_aggregate,20,128,32,middle,True,True,0,20,40,"{""2"": 20}",0,20,0,0,
results\d6_r2_formal\raw_r1\boot_04\batch_20260920T111051.640914Z_260352c8.json.gz,20260920T111051.640914Z_260352c8,4,1e673d62-53d4-4be9-b2cd-fb83808bb286,d6r2_1e673d62-53d4-4be9-b2cd-fb83808bb286_9704_1fbb17c4,364,test:hiding,rootkit,baseline,role_aggregate,20,128,32,middle,True,True,0,20,40,"{""2"": 20}",0,20,0,0,
results\d6_r2_formal\raw_r1\boot_04\batch_20260920T111054.150080Z_1f8aa28c.json.gz,20260920T111054.150080Z_1f8aa28c,4,1e673d62-53d4-4be9-b2cd-fb83808bb286,d6r2_1e673d62-53d4-4be9-b2cd-fb83808bb286_9704_1fbb17c4,365,test:hiding,rootkit,baseline,role_aggregate,20,128,32,middle,True,True,0,20,40,"{""2"": 20}",0,20,0,0,
results\d6_r2_formal\raw_r1\boot_04\batch_20260920T111056.629740Z_5859976c.json.gz,20260920T111056.629740Z_5859976c,4,1e673d62-53d4-4be9-b2cd-fb83808bb286,d6r2_1e673d62-53d4-4be9-b2cd-fb83808bb286_9704_1fbb17c4,366,test:hiding,rootkit,baseline,role_aggregate,20,128,32,middle,True,True,0,20,40,"{""2"": 20}",0,20,0,0,
results\d6_r2_formal\raw_r1\boot_04\batch_20260920T111059.131558Z_ba135ca6.json.gz,20260920T111059.131558Z_ba135ca6,4,1e673d62-53d4-4be9-b2cd-fb83808bb286,d6r2_1e673d62-53d4-4be9-b2cd-fb83808bb286_9704_1fbb17c4,367,test:hiding,rootkit,baseline,role_aggregate,20,128,32,middle,True,True,0,20,40,"{""2"": 20}",0,20,0,0,
results\d6_r2_formal\raw_r1\boot_04\batch_20260920T111101.659070Z_3c05b492.json.gz,20260920T111101.659070Z_3c05b492,4,1e673d62-53d4-4be9-b2cd-fb83808bb286,d6r2_1e673d62-53d4-4be9-b2cd-fb83808bb286_9704_1fbb17c4,368,test:hiding,rootkit,baseline,role_aggregate,20,128,32,middle,True,True,0,20,40,"{""2"": 20}",0,20,0,0,
results\d6_r2_formal\raw_r1\boot_04\batch_20260920T111104.162922Z_e9378737.json.gz,20260920T111104.162922Z_e9378737,4,1e673d62-53d4-4be9-b2cd-fb83808bb286,d6r2_1e673d62-53d4-4be9-b2cd-fb83808bb286_9704_1fbb17c4,369,test:hiding,rootkit,baseline,role_aggregate,20,128,32,middle,True,True,0,20,40,"{""2"": 20}",0,20,0,0,
results\d6_r2_formal\raw_r1\boot_04\batch_20260920T111106.645352Z_a56a36ae.json.gz,20260920T111106.645352Z_a56a36ae,4,1e673d62-53d4-4be9-b2cd-fb83808bb286,d6r2_1e673d62-53d4-4be9-b2cd-fb83808bb286_9704_1fbb17c4,370,test:hiding,rootkit,baseline,role_aggregate,20,128,32,middle,True,True,0,20,40,"{""2"": 20}",0,20,0,0,
results\d6_r2_formal\raw_r1\boot_04\batch_20260920T111109.096680Z_36034228.json.gz,20260920T111109.096680Z_36034228,4,1e673d62-53d4-4be9-b2cd-fb83808bb286,d6r2_1e673d62-53d4-4be9-b2cd-fb83808bb286_9704_1fbb17c4,371,test:hiding,rootkit,baseline,role_aggregate,20,128,32,middle,True,True,0,20,40,"{""2"": 20}",0,20,0,0,
results\d6_r2_formal\raw_r1\boot_04\batch_20260920T111111.589257Z_4a0713a6.json.gz,20260920T111111.589257Z_4a0713a6,4,1e673d62-53d4-4be9-b2cd-fb83808bb286,d6r2_1e673d62-53d4-4be9-b2cd-fb83808bb286_9704_1fbb17c4,372,test:hiding,rootkit,baseline,role_aggregate,20,128,32,middle,True,True,0,20,40,"{""2"": 20}",0,20,0,0,
results\d6_r2_formal\raw_r1\boot_04\batch_20260920T111114.070865Z_7ab4c5f8.json.gz,20260920T111114.070865Z_7ab4c5f8,4,1e673d62-53d4-4be9-b2cd-fb83808bb286,d6r2_1e673d62-53d4-4be9-b2cd-fb83808bb286_9704_1fbb17c4,373,test:hiding,rootkit,baseline,role_aggregate,20,128,32,middle,True,True,0,20,40,"{""2"": 20}",0,20,0,0,
results\d6_r2_formal\raw_r1\boot_04\batch_20260920T111116.495088Z_b90e5588.json.gz,20260920T111116.495088Z_b90e5588,4,1e673d62-53d4-4be9-b2cd-fb83808bb286,d6r2_1e673d62-53d4-4be9-b2cd-fb83808bb286_9704_1fbb17c4,374,test:hiding,rootkit,baseline,role_aggregate,20,128,32,middle,True,True,0,20,40,"{""2"": 20}",0,20,0,0,
results\d6_r2_formal\raw_r1\boot_04\batch_20260920T111118.997068Z_0ed53ebb.json.gz,20260920T111118.997068Z_0ed53ebb,4,1e673d62-53d4-4be9-b2cd-fb83808bb286,d6r2_1e673d62-53d4-4be9-b2cd-fb83808bb286_9704_1fbb17c4,375,test:hiding,rootkit,baseline,role_aggregate,20,128,32,middle,True,True,0,20,40,"{""2"": 20}",0,20,0,0,
results\d6_r2_formal\raw_r1\boot_04\batch_20260920T111121.505020Z_6f4d982c.json.gz,20260920T111121.505020Z_6f4d982c,4,1e673d62-53d4-4be9-b2cd-fb83808bb286,d6r2_1e673d62-53d4-4be9-b2cd-fb83808bb286_9704_1fbb17c4,376,test:hiding,rootkit,baseline,role_aggregate,20,128,32,middle,True,True,0,20,40,"{""2"": 20}",0,20,0,0,
results\d6_r2_formal\raw_r1\boot_04\batch_20260920T111123.946910Z_e638f6b8.json.gz,20260920T111123.946910Z_e638f6b8,4,1e673d62-53d4-4be9-b2cd-fb83808bb286,d6r2_1e673d62-53d4-4be9-b2cd-fb83808bb286_9704_1fbb17c4,377,test:hiding,rootkit,baseline,role_aggregate,20,128,32,middle,True,True,0,20,40,"{""2"": 20}",0,20,0,0,
results\d6_r2_formal\raw_r1\boot_04\batch_20260920T111126.460957Z_f62bd194.json.gz,20260920T111126.460957Z_f62bd194,4,1e673d62-53d4-4be9-b2cd-fb83808bb286,d6r2_1e673d62-53d4-4be9-b2cd-fb83808bb286_9704_1fbb17c4,378,test:hiding,rootkit,baseline,role_aggregate,20,128,32,middle,True,True,0,20,40,"{""2"": 20}",0,20,0,0,
results\d6_r2_formal\raw_r1\boot_04\batch_20260920T111128.912612Z_97002920.json.gz,20260920T111128.912612Z_97002920,4,1e673d62-53d4-4be9-b2cd-fb83808bb286,d6r2_1e673d62-53d4-4be9-b2cd-fb83808bb286_9704_1fbb17c4,379,test:hiding,rootkit,baseline,role_aggregate,20,128,32,middle,True,True,0,20,40,"{""2"": 20}",0,20,0,0,
results\d6_r2_formal\raw_r1\boot_04\batch_20260920T111137.557901Z_3d106ad6.json.gz,20260920T111137.557901Z_3d106ad6,4,1e673d62-53d4-4be9-b2cd-fb83808bb286,d6r2_1e673d62-53d4-4be9-b2cd-fb83808bb286_9704_1fbb17c4,380,test:hiding,rootkit,cpu,role_aggregate,20,128,32,middle,True,True,0,20,40,"{""2"": 20}",0,20,0,0,
results\d6_r2_formal\raw_r1\boot_04\batch_20260920T111146.222488Z_ccd8487b.json.gz,20260920T111146.222488Z_ccd8487b,4,1e673d62-53d4-4be9-b2cd-fb83808bb286,d6r2_1e673d62-53d4-4be9-b2cd-fb83808bb286_9704_1fbb17c4,381,test:hiding,rootkit,cpu,role_aggregate,20,128,32,middle,True,True,0,20,40,"{""2"": 20}",0,20,0,0,
results\d6_r2_formal\raw_r1\boot_04\batch_20260920T111154.987019Z_567813e6.json.gz,20260920T111154.987019Z_567813e6,4,1e673d62-53d4-4be9-b2cd-fb83808bb286,d6r2_1e673d62-53d4-4be9-b2cd-fb83808bb286_9704_1fbb17c4,382,test:hiding,rootkit,cpu,role_aggregate,20,128,32,middle,True,True,0,20,40,"{""2"": 20}",0,20,0,0,
results\d6_r2_formal\raw_r1\boot_04\batch_20260920T111203.784466Z_7952dfeb.json.gz,20260920T111203.784466Z_7952dfeb,4,1e673d62-53d4-4be9-b2cd-fb83808bb286,d6r2_1e673d62-53d4-4be9-b2cd-fb83808bb286_9704_1fbb17c4,383,test:hiding,rootkit,cpu,role_aggregate,20,128,32,middle,True,True,0,20,40,"{""2"": 20}",0,20,0,0,
results\d6_r2_formal\raw_r1\boot_04\batch_20260920T111212.739904Z_61e7bb62.json.gz,20260920T111212.739904Z_61e7bb62,4,1e673d62-53d4-4be9-b2cd-fb83808bb286,d6r2_1e673d62-53d4-4be9-b2cd-fb83808bb286_9704_1fbb17c4,384,test:hiding,rootkit,cpu,role_aggregate,20,128,32,middle,True,True,0,20,40,"{""2"": 20}",0,20,0,0,
results\d6_r2_formal\raw_r1\boot_04\batch_20260920T111221.510629Z_465807bd.json.gz,20260920T111221.510629Z_465807bd,4,1e673d62-53d4-4be9-b2cd-fb83808bb286,d6r2_1e673d62-53d4-4be9-b2cd-fb83808bb286_9704_1fbb17c4,385,test:hiding,rootkit,cpu,role_aggregate,20,128,32,middle,True,True,0,20,40,"{""2"": 20}",0,20,0,0,
results\d6_r2_formal\raw_r1\boot_04\batch_20260920T111230.339227Z_64acc188.json.gz,20260920T111230.339227Z_64acc188,4,1e673d62-53d4-4be9-b2cd-fb83808bb286,d6r2_1e673d62-53d4-4be9-b2cd-fb83808bb286_9704_1fbb17c4,386,test:hiding,rootkit,cpu,role_aggregate,20,128,32,middle,True,True,0,20,40,"{""2"": 20}",0,20,0,0,
results\d6_r2_formal\raw_r1\boot_04\batch_20260920T111239.165552Z_2f1be85e.json.gz,20260920T111239.165552Z_2f1be85e,4,1e673d62-53d4-4be9-b2cd-fb83808bb286,d6r2_1e673d62-53d4-4be9-b2cd-fb83808bb286_9704_1fbb17c4,387,test:hiding,rootkit,cpu,role_aggregate,20,128,32,middle,True,True,0,20,40,"{""2"": 20}",0,20,0,0,
results\d6_r2_formal\raw_r1\boot_04\batch_20260920T111247.825966Z_a0dd9614.json.gz,20260920T111247.825966Z_a0dd9614,4,1e673d62-53d4-4be9-b2cd-fb83808bb286,d6r2_1e673d62-53d4-4be9-b2cd-fb83808bb286_9704_1fbb17c4,388,test:hiding,rootkit,cpu,role_aggregate,20,128,32,middle,True,True,0,20,40,"{""2"": 20}",0,20,0,0,
results\d6_r2_formal\raw_r1\boot_04\batch_20260920T111256.447947Z_7e9edaba.json.gz,20260920T111256.447947Z_7e9edaba,4,1e673d62-53d4-4be9-b2cd-fb83808bb286,d6r2_1e673d62-53d4-4be9-b2cd-fb83808bb286_9704_1fbb17c4,389,test:hiding,rootkit,cpu,role_aggregate,20,128,32,middle,True,True,0,20,40,"{""2"": 20}",0,20,0,0,
results\d6_r2_formal\raw_r1\boot_04\batch_20260920T111305.062183Z_540cf6db.json.gz,20260920T111305.062183Z_540cf6db,4,1e673d62-53d4-4be9-b2cd-fb83808bb286,d6r2_1e673d62-53d4-4be9-b2cd-fb83808bb286_9704_1fbb17c4,390,test:hiding,rootkit,cpu,role_aggregate,20,128,32,middle,True,True,0,20,40,"{""2"": 20}",0,20,0,0,
results\d6_r2_formal\raw_r1\boot_04\batch_20260920T111313.657712Z_24a0788b.json.gz,20260920T111313.657712Z_24a0788b,4,1e673d62-53d4-4be9-b2cd-fb83808bb286,d6r2_1e673d62-53d4-4be9-b2cd-fb83808bb286_9704_1fbb17c4,391,test:hiding,rootkit,cpu,role_aggregate,20,128,32,middle,True,True,0,20,40,"{""2"": 20}",0,20,0,0,
results\d6_r2_formal\raw_r1\boot_04\batch_20260920T111322.330740Z_3b79de2f.json.gz,20260920T111322.330740Z_3b79de2f,4,1e673d62-53d4-4be9-b2cd-fb83808bb286,d6r2_1e673d62-53d4-4be9-b2cd-fb83808bb286_9704_1fbb17c4,392,test:hiding,rootkit,cpu,role_aggregate,20,128,32,middle,True,True,0,20,40,"{""2"": 20}",0,20,0,0,
results\d6_r2_formal\raw_r1\boot_04\batch_20260920T111330.954488Z_798987fe.json.gz,20260920T111330.954488Z_798987fe,4,1e673d62-53d4-4be9-b2cd-fb83808bb286,d6r2_1e673d62-53d4-4be9-b2cd-fb83808bb286_9704_1fbb17c4,393,test:hiding,rootkit,cpu,role_aggregate,20,128,32,middle,True,True,0,20,40,"{""2"": 20}",0,20,0,0,
results\d6_r2_formal\raw_r1\boot_04\batch_20260920T111339.572175Z_d3e2305a.json.gz,20260920T111339.572175Z_d3e2305a,4,1e673d62-53d4-4be9-b2cd-fb83808bb286,d6r2_1e673d62-53d4-4be9-b2cd-fb83808bb286_9704_1fbb17c4,394,test:hiding,rootkit,cpu,role_aggregate,20,128,32,middle,True,True,0,20,40,"{""2"": 20}",0,20,0,0,
results\d6_r2_formal\raw_r1\boot_04\batch_20260920T111348.184922Z_dcb072d3.json.gz,20260920T111348.184922Z_dcb072d3,4,1e673d62-53d4-4be9-b2cd-fb83808bb286,d6r2_1e673d62-53d4-4be9-b2cd-fb83808bb286_9704_1fbb17c4,395,test:hiding,rootkit,cpu,role_aggregate,20,128,32,middle,True,True,0,20,40,"{""2"": 20}",0,20,0,0,
results\d6_r2_formal\raw_r1\boot_04\batch_20260920T111356.814573Z_a4bd0da1.json.gz,20260920T111356.814573Z_a4bd0da1,4,1e673d62-53d4-4be9-b2cd-fb83808bb286,d6r2_1e673d62-53d4-4be9-b2cd-fb83808bb286_9704_1fbb17c4,396,test:hiding,rootkit,cpu,role_aggregate,20,128,32,middle,True,True,0,20,40,"{""2"": 20}",0,20,0,0,
results\d6_r2_formal\raw_r1\boot_04\batch_20260920T111405.449699Z_88449f6b.json.gz,20260920T111405.449699Z_88449f6b,4,1e673d62-53d4-4be9-b2cd-fb83808bb286,d6r2_1e673d62-53d4-4be9-b2cd-fb83808bb286_9704_1fbb17c4,397,test:hiding,rootkit,cpu,role_aggregate,20,128,32,middle,True,True,0,20,40,"{""2"": 20}",0,20,0,0,
results\d6_r2_formal\raw_r1\boot_04\batch_20260920T111414.079958Z_135d469d.json.gz,20260920T111414.079958Z_135d469d,4,1e673d62-53d4-4be9-b2cd-fb83808bb286,d6r2_1e673d62-53d4-4be9-b2cd-fb83808bb286_9704_1fbb17c4,398,test:hiding,rootkit,cpu,role_aggregate,20,128,32,middle,True,True,0,20,40,"{""2"": 20}",0,20,0,0,
results\d6_r2_formal\raw_r1\boot_04\batch_20260920T111422.734759Z_f38077ec.json.gz,20260920T111422.734759Z_f38077ec,4,1e673d62-53d4-4be9-b2cd-fb83808bb286,d6r2_1e673d62-53d4-4be9-b2cd-fb83808bb286_9704_1fbb17c4,399,test:hiding,rootkit,cpu,role_aggregate,20,128,32,middle,True,True,0,20,40,"{""2"": 20}",0,20,0,0,
results\d6_r2_formal\raw_r1\boot_04\batch_20260920T111431.337597Z_cf8f4155.json.gz,20260920T111431.337597Z_cf8f4155,4,1e673d62-53d4-4be9-b2cd-fb83808bb286,d6r2_1e673d62-53d4-4be9-b2cd-fb83808bb286_9704_1fbb17c4,400,test:hiding,rootkit,cpu,role_aggregate,20,128,32,middle,True,True,0,20,40,"{""2"": 20}",0,20,0,0,
results\d6_r2_formal\raw_r1\boot_04\batch_20260920T111440.016322Z_db0ddb06.json.gz,20260920T111440.016322Z_db0ddb06,4,1e673d62-53d4-4be9-b2cd-fb83808bb286,d6r2_1e673d62-53d4-4be9-b2cd-fb83808bb286_9704_1fbb17c4,401,test:hiding,rootkit,cpu,role_aggregate,20,128,32,middle,True,True,0,20,40,"{""2"": 20}",0,20,0,0,
results\d6_r2_formal\raw_r1\boot_04\batch_20260920T111448.648402Z_6ee2bed7.json.gz,20260920T111448.648402Z_6ee2bed7,4,1e673d62-53d4-4be9-b2cd-fb83808bb286,d6r2_1e673d62-53d4-4be9-b2cd-fb83808bb286_9704_1fbb17c4,402,test:hiding,rootkit,cpu,role_aggregate,20,128,32,middle,True,True,0,20,40,"{""2"": 20}",0,20,0,0,
results\d6_r2_formal\raw_r1\boot_04\batch_20260920T111457.276635Z_3f2c46c8.json.gz,20260920T111457.276635Z_3f2c46c8,4,1e673d62-53d4-4be9-b2cd-fb83808bb286,d6r2_1e673d62-53d4-4be9-b2cd-fb83808bb286_9704_1fbb17c4,403,test:hiding,rootkit,cpu,role_aggregate,20,128,32,middle,True,True,0,20,40,"{""2"": 20}",0,20,0,0,
results\d6_r2_formal\raw_r1\boot_04\batch_20260920T111506.009013Z_208377d1.json.gz,20260920T111506.009013Z_208377d1,4,1e673d62-53d4-4be9-b2cd-fb83808bb286,d6r2_1e673d62-53d4-4be9-b2cd-fb83808bb286_9704_1fbb17c4,404,test:hiding,rootkit,cpu,role_aggregate,20,128,32,middle,True,True,0,20,40,"{""2"": 20}",0,20,0,0,
results\d6_r2_formal\raw_r1\boot_04\batch_20260920T111514.684907Z_673f31a6.json.gz,20260920T111514.684907Z_673f31a6,4,1e673d62-53d4-4be9-b2cd-fb83808bb286,d6r2_1e673d62-53d4-4be9-b2cd-fb83808bb286_9704_1fbb17c4,405,test:hiding,rootkit,cpu,role_aggregate,20,128,32,middle,True,True,0,20,40,"{""2"": 20}",0,20,0,0,
results\d6_r2_formal\raw_r1\boot_04\batch_20260920T111523.287935Z_829e8fa8.json.gz,20260920T111523.287935Z_829e8fa8,4,1e673d62-53d4-4be9-b2cd-fb83808bb286,d6r2_1e673d62-53d4-4be9-b2cd-fb83808bb286_9704_1fbb17c4,406,test:hiding,rootkit,cpu,role_aggregate,20,128,32,middle,True,True,0,20,40,"{""2"": 20}",0,20,0,0,
results\d6_r2_formal\raw_r1\boot_04\batch_20260920T111531.971729Z_0171f79c.json.gz,20260920T111531.971729Z_0171f79c,4,1e673d62-53d4-4be9-b2cd-fb83808bb286,d6r2_1e673d62-53d4-4be9-b2cd-fb83808bb286_9704_1fbb17c4,407,test:hiding,rootkit,cpu,role_aggregate,20,128,32,middle,True,True,0,20,40,"{""2"": 20}",0,20,0,0,
results\d6_r2_formal\raw_r1\boot_04\batch_20260920T111540.621268Z_8f22661b.json.gz,20260920T111540.621268Z_8f22661b,4,1e673d62-53d4-4be9-b2cd-fb83808bb286,d6r2_1e673d62-53d4-4be9-b2cd-fb83808bb286_9704_1fbb17c4,408,test:hiding,rootkit,cpu,role_aggregate,20,128,32,middle,True,True,0,20,40,"{""2"": 20}",0,20,0,0,
results\d6_r2_formal\raw_r1\boot_04\batch_20260920T111549.273255Z_18b400ce.json.gz,20260920T111549.273255Z_18b400ce,4,1e673d62-53d4-4be9-b2cd-fb83808bb286,d6r2_1e673d62-53d4-4be9-b2cd-fb83808bb286_9704_1fbb17c4,409,test:hiding,rootkit,cpu,role_aggregate,20,128,32,middle,True,True,0,20,40,"{""2"": 20}",0,20,0,0,
results\d6_r2_formal\raw_r1\boot_04\batch_20260920T111557.858454Z_8c1d5817.json.gz,20260920T111557.858454Z_8c1d5817,4,1e673d62-53d4-4be9-b2cd-fb83808bb286,d6r2_1e673d62-53d4-4be9-b2cd-fb83808bb286_9704_1fbb17c4,410,test:hiding,rootkit,cpu,role_aggregate,20,128,32,middle,True,True,0,20,40,"{""2"": 20}",0,20,0,0,
results\d6_r2_formal\raw_r1\boot_04\batch_20260920T111606.475887Z_9e6b6158.json.gz,20260920T111606.475887Z_9e6b6158,4,1e673d62-53d4-4be9-b2cd-fb83808bb286,d6r2_1e673d62-53d4-4be9-b2cd-fb83808bb286_9704_1fbb17c4,411,test:hiding,rootkit,cpu,role_aggregate,20,128,32,middle,True,True,0,20,40,"{""2"": 20}",0,20,0,0,
results\d6_r2_formal\raw_r1\boot_04\batch_20260920T111615.135808Z_52f7ab89.json.gz,20260920T111615.135808Z_52f7ab89,4,1e673d62-53d4-4be9-b2cd-fb83808bb286,d6r2_1e673d62-53d4-4be9-b2cd-fb83808bb286_9704_1fbb17c4,412,test:hiding,rootkit,cpu,role_aggregate,20,128,32,middle,True,True,0,20,40,"{""2"": 20}",0,20,0,0,
results\d6_r2_formal\raw_r1\boot_04\batch_20260920T111623.784637Z_6105bcd2.json.gz,20260920T111623.784637Z_6105bcd2,4,1e673d62-53d4-4be9-b2cd-fb83808bb286,d6r2_1e673d62-53d4-4be9-b2cd-fb83808bb286_9704_1fbb17c4,413,test:hiding,rootkit,cpu,role_aggregate,20,128,32,middle,True,True,0,20,40,"{""2"": 20}",0,20,0,0,
results\d6_r2_formal\raw_r1\boot_04\batch_20260920T111632.434091Z_baecb982.json.gz,20260920T111632.434091Z_baecb982,4,1e673d62-53d4-4be9-b2cd-fb83808bb286,d6r2_1e673d62-53d4-4be9-b2cd-fb83808bb286_9704_1fbb17c4,414,test:hiding,rootkit,cpu,role_aggregate,20,128,32,middle,True,True,0,20,40,"{""2"": 20}",0,20,0,0,
results\d6_r2_formal\raw_r1\boot_04\batch_20260920T111641.087681Z_18521840.json.gz,20260920T111641.087681Z_18521840,4,1e673d62-53d4-4be9-b2cd-fb83808bb286,d6r2_1e673d62-53d4-4be9-b2cd-fb83808bb286_9704_1fbb17c4,415,test:hiding,rootkit,cpu,role_aggregate,20,128,32,middle,True,True,0,20,40,"{""2"": 20}",0,20,0,0,
results\d6_r2_formal\raw_r1\boot_04\batch_20260920T111649.690982Z_7c536c38.json.gz,20260920T111649.690982Z_7c536c38,4,1e673d62-53d4-4be9-b2cd-fb83808bb286,d6r2_1e673d62-53d4-4be9-b2cd-fb83808bb286_9704_1fbb17c4,416,test:hiding,rootkit,cpu,role_aggregate,20,128,32,middle,True,True,0,20,40,"{""2"": 20}",0,20,0,0,
results\d6_r2_formal\raw_r1\boot_04\batch_20260920T111658.297803Z_46fcf906.json.gz,20260920T111658.297803Z_46fcf906,4,1e673d62-53d4-4be9-b2cd-fb83808bb286,d6r2_1e673d62-53d4-4be9-b2cd-fb83808bb286_9704_1fbb17c4,417,test:hiding,rootkit,cpu,role_aggregate,20,128,32,middle,True,True,0,20,40,"{""2"": 20}",0,20,0,0,
results\d6_r2_formal\raw_r1\boot_04\batch_20260920T111706.943865Z_5c55e871.json.gz,20260920T111706.943865Z_5c55e871,4,1e673d62-53d4-4be9-b2cd-fb83808bb286,d6r2_1e673d62-53d4-4be9-b2cd-fb83808bb286_9704_1fbb17c4,418,test:hiding,rootkit,cpu,role_aggregate,20,128,32,middle,True,True,0,20,40,"{""2"": 20}",0,20,0,0,
results\d6_r2_formal\raw_r1\boot_04\batch_20260920T111715.610714Z_d1bbe3e3.json.gz,20260920T111715.610714Z_d1bbe3e3,4,1e673d62-53d4-4be9-b2cd-fb83808bb286,d6r2_1e673d62-53d4-4be9-b2cd-fb83808bb286_9704_1fbb17c4,419,test:hiding,rootkit,cpu,role_aggregate,20,128,32,middle,True,True,0,20,40,"{""2"": 20}",0,20,0,0,
results\d6_r2_formal\raw_r1\boot_04\batch_20260920T111719.217992Z_fcfe0d7b.json.gz,20260920T111719.217992Z_fcfe0d7b,4,1e673d62-53d4-4be9-b2cd-fb83808bb286,d6r2_1e673d62-53d4-4be9-b2cd-fb83808bb286_9704_1fbb17c4,420,test:hiding,rootkit,memory,role_aggregate,20,128,32,middle,True,True,0,20,40,"{""2"": 20}",0,20,0,0,
results\d6_r2_formal\raw_r1\boot_04\batch_20260920T111722.766715Z_aae0f351.json.gz,20260920T111722.766715Z_aae0f351,4,1e673d62-53d4-4be9-b2cd-fb83808bb286,d6r2_1e673d62-53d4-4be9-b2cd-fb83808bb286_9704_1fbb17c4,421,test:hiding,rootkit,memory,role_aggregate,20,128,32,middle,True,True,0,20,40,"{""2"": 20}",0,20,0,0,
results\d6_r2_formal\raw_r1\boot_04\batch_20260920T111726.301683Z_ad766e2a.json.gz,20260920T111726.301683Z_ad766e2a,4,1e673d62-53d4-4be9-b2cd-fb83808bb286,d6r2_1e673d62-53d4-4be9-b2cd-fb83808bb286_9704_1fbb17c4,422,test:hiding,rootkit,memory,role_aggregate,20,128,32,middle,True,True,0,20,40,"{""2"": 20}",0,20,0,0,
results\d6_r2_formal\raw_r1\boot_04\batch_20260920T111729.805822Z_3ec81162.json.gz,20260920T111729.805822Z_3ec81162,4,1e673d62-53d4-4be9-b2cd-fb83808bb286,d6r2_1e673d62-53d4-4be9-b2cd-fb83808bb286_9704_1fbb17c4,423,test:hiding,rootkit,memory,role_aggregate,20,128,32,middle,True,True,0,20,40,"{""2"": 20}",0,20,0,0,
results\d6_r2_formal\raw_r1\boot_04\batch_20260920T111733.319674Z_59de65dd.json.gz,20260920T111733.319674Z_59de65dd,4,1e673d62-53d4-4be9-b2cd-fb83808bb286,d6r2_1e673d62-53d4-4be9-b2cd-fb83808bb286_9704_1fbb17c4,424,test:hiding,rootkit,memory,role_aggregate,20,128,32,middle,True,True,0,20,40,"{""2"": 20}",0,20,0,0,
results\d6_r2_formal\raw_r1\boot_04\batch_20260920T111736.874719Z_1979f666.json.gz,20260920T111736.874719Z_1979f666,4,1e673d62-53d4-4be9-b2cd-fb83808bb286,d6r2_1e673d62-53d4-4be9-b2cd-fb83808bb286_9704_1fbb17c4,425,test:hiding,rootkit,memory,role_aggregate,20,128,32,middle,True,True,0,20,40,"{""2"": 20}",0,20,0,0,
results\d6_r2_formal\raw_r1\boot_04\batch_20260920T111740.392822Z_08385e1a.json.gz,20260920T111740.392822Z_08385e1a,4,1e673d62-53d4-4be9-b2cd-fb83808bb286,d6r2_1e673d62-53d4-4be9-b2cd-fb83808bb286_9704_1fbb17c4,426,test:hiding,rootkit,memory,role_aggregate,20,128,32,middle,True,True,0,20,40,"{""2"": 20}",0,20,0,0,
results\d6_r2_formal\raw_r1\boot_04\batch_20260920T111743.934602Z_679495fb.json.gz,20260920T111743.934602Z_679495fb,4,1e673d62-53d4-4be9-b2cd-fb83808bb286,d6r2_1e673d62-53d4-4be9-b2cd-fb83808bb286_9704_1fbb17c4,427,test:hiding,rootkit,memory,role_aggregate,20,128,32,middle,True,True,0,20,40,"{""2"": 20}",0,20,0,0,
results\d6_r2_formal\raw_r1\boot_04\batch_20260920T111747.485863Z_33fb6802.json.gz,20260920T111747.485863Z_33fb6802,4,1e673d62-53d4-4be9-b2cd-fb83808bb286,d6r2_1e673d62-53d4-4be9-b2cd-fb83808bb286_9704_1fbb17c4,428,test:hiding,rootkit,memory,role_aggregate,20,128,32,middle,True,True,0,20,40,"{""2"": 20}",0,20,0,0,
results\d6_r2_formal\raw_r1\boot_04\batch_20260920T111751.010720Z_091ed82e.json.gz,20260920T111751.010720Z_091ed82e,4,1e673d62-53d4-4be9-b2cd-fb83808bb286,d6r2_1e673d62-53d4-4be9-b2cd-fb83808bb286_9704_1fbb17c4,429,test:hiding,rootkit,memory,role_aggregate,20,128,32,middle,True,True,0,20,40,"{""2"": 20}",0,20,0,0,
results\d6_r2_formal\raw_r1\boot_04\batch_20260920T111754.533551Z_6a205188.json.gz,20260920T111754.533551Z_6a205188,4,1e673d62-53d4-4be9-b2cd-fb83808bb286,d6r2_1e673d62-53d4-4be9-b2cd-fb83808bb286_9704_1fbb17c4,430,test:hiding,rootkit,memory,role_aggregate,20,128,32,middle,True,True,0,20,40,"{""2"": 20}",0,20,0,0,
results\d6_r2_formal\raw_r1\boot_04\batch_20260920T111758.058366Z_e8ca1e32.json.gz,20260920T111758.058366Z_e8ca1e32,4,1e673d62-53d4-4be9-b2cd-fb83808bb286,d6r2_1e673d62-53d4-4be9-b2cd-fb83808bb286_9704_1fbb17c4,431,test:hiding,rootkit,memory,role_aggregate,20,128,32,middle,True,True,0,20,40,"{""2"": 20}",0,20,0,0,
results\d6_r2_formal\raw_r1\boot_04\batch_20260920T111801.589883Z_41d9af4b.json.gz,20260920T111801.589883Z_41d9af4b,4,1e673d62-53d4-4be9-b2cd-fb83808bb286,d6r2_1e673d62-53d4-4be9-b2cd-fb83808bb286_9704_1fbb17c4,432,test:hiding,rootkit,memory,role_aggregate,20,128,32,middle,True,True,0,20,40,"{""2"": 20}",0,20,0,0,
results\d6_r2_formal\raw_r1\boot_04\batch_20260920T111805.097785Z_633cafb3.json.gz,20260920T111805.097785Z_633cafb3,4,1e673d62-53d4-4be9-b2cd-fb83808bb286,d6r2_1e673d62-53d4-4be9-b2cd-fb83808bb286_9704_1fbb17c4,433,test:hiding,rootkit,memory,role_aggregate,20,128,32,middle,True,True,0,20,40,"{""2"": 20}",0,20,0,0,
results\d6_r2_formal\raw_r1\boot_04\batch_20260920T111808.601982Z_b7851b22.json.gz,20260920T111808.601982Z_b7851b22,4,1e673d62-53d4-4be9-b2cd-fb83808bb286,d6r2_1e673d62-53d4-4be9-b2cd-fb83808bb286_9704_1fbb17c4,434,test:hiding,rootkit,memory,role_aggregate,20,128,32,middle,True,True,0,20,40,"{""2"": 20}",0,20,0,0,
results\d6_r2_formal\raw_r1\boot_04\batch_20260920T111812.122940Z_a43b5dce.json.gz,20260920T111812.122940Z_a43b5dce,4,1e673d62-53d4-4be9-b2cd-fb83808bb286,d6r2_1e673d62-53d4-4be9-b2cd-fb83808bb286_9704_1fbb17c4,435,test:hiding,rootkit,memory,role_aggregate,20,128,32,middle,True,True,0,20,40,"{""2"": 20}",0,20,0,0,
results\d6_r2_formal\raw_r1\boot_04\batch_20260920T111815.653399Z_6109efe1.json.gz,20260920T111815.653399Z_6109efe1,4,1e673d62-53d4-4be9-b2cd-fb83808bb286,d6r2_1e673d62-53d4-4be9-b2cd-fb83808bb286_9704_1fbb17c4,436,test:hiding,rootkit,memory,role_aggregate,20,128,32,middle,True,True,0,20,40,"{""2"": 20}",0,20,0,0,
results\d6_r2_formal\raw_r1\boot_04\batch_20260920T111819.146558Z_1d1ad85c.json.gz,20260920T111819.146558Z_1d1ad85c,4,1e673d62-53d4-4be9-b2cd-fb83808bb286,d6r2_1e673d62-53d4-4be9-b2cd-fb83808bb286_9704_1fbb17c4,437,test:hiding,rootkit,memory,role_aggregate,20,128,32,middle,True,True,0,20,40,"{""2"": 20}",0,20,0,0,
results\d6_r2_formal\raw_r1\boot_04\batch_20260920T111822.670298Z_81474cf6.json.gz,20260920T111822.670298Z_81474cf6,4,1e673d62-53d4-4be9-b2cd-fb83808bb286,d6r2_1e673d62-53d4-4be9-b2cd-fb83808bb286_9704_1fbb17c4,438,test:hiding,rootkit,memory,role_aggregate,20,128,32,middle,True,True,0,20,40,"{""2"": 20}",0,20,0,0,
results\d6_r2_formal\raw_r1\boot_04\batch_20260920T111826.184099Z_846e952a.json.gz,20260920T111826.184099Z_846e952a,4,1e673d62-53d4-4be9-b2cd-fb83808bb286,d6r2_1e673d62-53d4-4be9-b2cd-fb83808bb286_9704_1fbb17c4,439,test:hiding,rootkit,memory,role_aggregate,20,128,32,middle,True,True,0,20,40,"{""2"": 20}",0,20,0,0,
results\d6_r2_formal\raw_r1\boot_04\batch_20260920T111829.732679Z_d8e94390.json.gz,20260920T111829.732679Z_d8e94390,4,1e673d62-53d4-4be9-b2cd-fb83808bb286,d6r2_1e673d62-53d4-4be9-b2cd-fb83808bb286_9704_1fbb17c4,440,test:hiding,rootkit,memory,role_aggregate,20,128,32,middle,True,True,0,20,40,"{""2"": 20}",0,20,0,0,
results\d6_r2_formal\raw_r1\boot_04\batch_20260920T111833.277397Z_12cf7a4a.json.gz,20260920T111833.277397Z_12cf7a4a,4,1e673d62-53d4-4be9-b2cd-fb83808bb286,d6r2_1e673d62-53d4-4be9-b2cd-fb83808bb286_9704_1fbb17c4,441,test:hiding,rootkit,memory,role_aggregate,20,128,32,middle,True,True,0,20,40,"{""2"": 20}",0,20,0,0,
results\d6_r2_formal\raw_r1\boot_04\batch_20260920T111836.896575Z_746940bb.json.gz,20260920T111836.896575Z_746940bb,4,1e673d62-53d4-4be9-b2cd-fb83808bb286,d6r2_1e673d62-53d4-4be9-b2cd-fb83808bb286_9704_1fbb17c4,442,test:hiding,rootkit,memory,role_aggregate,20,128,32,middle,True,True,0,20,40,"{""2"": 20}",0,20,0,0,
results\d6_r2_formal\raw_r1\boot_04\batch_20260920T111840.425599Z_39dadccc.json.gz,20260920T111840.425599Z_39dadccc,4,1e673d62-53d4-4be9-b2cd-fb83808bb286,d6r2_1e673d62-53d4-4be9-b2cd-fb83808bb286_9704_1fbb17c4,443,test:hiding,rootkit,memory,role_aggregate,20,128,32,middle,True,True,0,20,40,"{""2"": 20}",0,20,0,0,
results\d6_r2_formal\raw_r1\boot_04\batch_20260920T111843.993646Z_7c7686cd.json.gz,20260920T111843.993646Z_7c7686cd,4,1e673d62-53d4-4be9-b2cd-fb83808bb286,d6r2_1e673d62-53d4-4be9-b2cd-fb83808bb286_9704_1fbb17c4,444,test:hiding,rootkit,memory,role_aggregate,20,128,32,middle,True,True,0,20,40,"{""2"": 20}",0,20,0,0,
results\d6_r2_formal\raw_r1\boot_04\batch_20260920T111847.513757Z_8c41a9b1.json.gz,20260920T111847.513757Z_8c41a9b1,4,1e673d62-53d4-4be9-b2cd-fb83808bb286,d6r2_1e673d62-53d4-4be9-b2cd-fb83808bb286_9704_1fbb17c4,445,test:hiding,rootkit,memory,role_aggregate,20,128,32,middle,True,True,0,20,40,"{""2"": 20}",0,20,0,0,
results\d6_r2_formal\raw_r1\boot_04\batch_20260920T111851.062691Z_9319af06.json.gz,20260920T111851.062691Z_9319af06,4,1e673d62-53d4-4be9-b2cd-fb83808bb286,d6r2_1e673d62-53d4-4be9-b2cd-fb83808bb286_9704_1fbb17c4,446,test:hiding,rootkit,memory,role_aggregate,20,128,32,middle,True,True,0,20,40,"{""2"": 20}",0,20,0,0,
results\d6_r2_formal\raw_r1\boot_04\batch_20260920T111854.650521Z_da60a9d0.json.gz,20260920T111854.650521Z_da60a9d0,4,1e673d62-53d4-4be9-b2cd-fb83808bb286,d6r2_1e673d62-53d4-4be9-b2cd-fb83808bb286_9704_1fbb17c4,447,test:hiding,rootkit,memory,role_aggregate,20,128,32,middle,True,True,0,20,40,"{""2"": 20}",0,20,0,0,
results\d6_r2_formal\raw_r1\boot_04\batch_20260920T111858.242687Z_8279db03.json.gz,20260920T111858.242687Z_8279db03,4,1e673d62-53d4-4be9-b2cd-fb83808bb286,d6r2_1e673d62-53d4-4be9-b2cd-fb83808bb286_9704_1fbb17c4,448,test:hiding,rootkit,memory,role_aggregate,20,128,32,middle,True,True,0,20,40,"{""2"": 20}",0,20,0,0,
results\d6_r2_formal\raw_r1\boot_04\batch_20260920T111901.852563Z_edb896b2.json.gz,20260920T111901.852563Z_edb896b2,4,1e673d62-53d4-4be9-b2cd-fb83808bb286,d6r2_1e673d62-53d4-4be9-b2cd-fb83808bb286_9704_1fbb17c4,449,test:hiding,rootkit,memory,role_aggregate,20,128,32,middle,True,True,0,20,40,"{""2"": 20}",0,20,0,0,
results\d6_r2_formal\raw_r1\boot_04\batch_20260920T111905.430474Z_1e6f374c.json.gz,20260920T111905.430474Z_1e6f374c,4,1e673d62-53d4-4be9-b2cd-fb83808bb286,d6r2_1e673d62-53d4-4be9-b2cd-fb83808bb286_9704_1fbb17c4,450,test:hiding,rootkit,memory,role_aggregate,20,128,32,middle,True,True,0,20,40,"{""2"": 20}",0,20,0,0,
results\d6_r2_formal\raw_r1\boot_04\batch_20260920T111908.964936Z_c931ab43.json.gz,20260920T111908.964936Z_c931ab43,4,1e673d62-53d4-4be9-b2cd-fb83808bb286,d6r2_1e673d62-53d4-4be9-b2cd-fb83808bb286_9704_1fbb17c4,451,test:hiding,rootkit,memory,role_aggregate,20,128,32,middle,True,True,0,20,40,"{""2"": 20}",0,20,0,0,
results\d6_r2_formal\raw_r1\boot_04\batch_20260920T111912.590985Z_cb3cc771.json.gz,20260920T111912.590985Z_cb3cc771,4,1e673d62-53d4-4be9-b2cd-fb83808bb286,d6r2_1e673d62-53d4-4be9-b2cd-fb83808bb286_9704_1fbb17c4,452,test:hiding,rootkit,memory,role_aggregate,20,128,32,middle,True,True,0,20,40,"{""2"": 20}",0,20,0,0,
results\d6_r2_formal\raw_r1\boot_04\batch_20260920T111916.107637Z_6778ddc8.json.gz,20260920T111916.107637Z_6778ddc8,4,1e673d62-53d4-4be9-b2cd-fb83808bb286,d6r2_1e673d62-53d4-4be9-b2cd-fb83808bb286_9704_1fbb17c4,453,test:hiding,rootkit,memory,role_aggregate,20,128,32,middle,True,True,0,20,40,"{""2"": 20}",0,20,0,0,
results\d6_r2_formal\raw_r1\boot_04\batch_20260920T111919.642741Z_b9576347.json.gz,20260920T111919.642741Z_b9576347,4,1e673d62-53d4-4be9-b2cd-fb83808bb286,d6r2_1e673d62-53d4-4be9-b2cd-fb83808bb286_9704_1fbb17c4,454,test:hiding,rootkit,memory,role_aggregate,20,128,32,middle,True,True,0,20,40,"{""2"": 20}",0,20,0,0,
results\d6_r2_formal\raw_r1\boot_04\batch_20260920T111923.111707Z_944ea6f6.json.gz,20260920T111923.111707Z_944ea6f6,4,1e673d62-53d4-4be9-b2cd-fb83808bb286,d6r2_1e673d62-53d4-4be9-b2cd-fb83808bb286_9704_1fbb17c4,455,test:hiding,rootkit,memory,role_aggregate,20,128,32,middle,True,True,0,20,40,"{""2"": 20}",0,20,0,0,
results\d6_r2_formal\raw_r1\boot_04\batch_20260920T111926.629770Z_543e2b7f.json.gz,20260920T111926.629770Z_543e2b7f,4,1e673d62-53d4-4be9-b2cd-fb83808bb286,d6r2_1e673d62-53d4-4be9-b2cd-fb83808bb286_9704_1fbb17c4,456,test:hiding,rootkit,memory,role_aggregate,20,128,32,middle,True,True,0,20,40,"{""2"": 20}",0,20,0,0,
results\d6_r2_formal\raw_r1\boot_04\batch_20260920T111930.163804Z_d51daaf3.json.gz,20260920T111930.163804Z_d51daaf3,4,1e673d62-53d4-4be9-b2cd-fb83808bb286,d6r2_1e673d62-53d4-4be9-b2cd-fb83808bb286_9704_1fbb17c4,457,test:hiding,rootkit,memory,role_aggregate,20,128,32,middle,True,True,0,20,40,"{""2"": 20}",0,20,0,0,
results\d6_r2_formal\raw_r1\boot_04\batch_20260920T111933.679626Z_62227d91.json.gz,20260920T111933.679626Z_62227d91,4,1e673d62-53d4-4be9-b2cd-fb83808bb286,d6r2_1e673d62-53d4-4be9-b2cd-fb83808bb286_9704_1fbb17c4,458,test:hiding,rootkit,memory,role_aggregate,20,128,32,middle,True,True,0,20,40,"{""2"": 20}",0,20,0,0,
results\d6_r2_formal\raw_r1\boot_04\batch_20260920T111937.202490Z_fb1182e9.json.gz,20260920T111937.202490Z_fb1182e9,4,1e673d62-53d4-4be9-b2cd-fb83808bb286,d6r2_1e673d62-53d4-4be9-b2cd-fb83808bb286_9704_1fbb17c4,459,test:hiding,rootkit,memory,role_aggregate,20,128,32,middle,True,True,0,20,40,"{""2"": 20}",0,20,0,0,
results\d6_r2_formal\raw_r1\boot_05\batch_20260920T111957.004291Z_58a3b00c.json.gz,20260920T111957.004291Z_58a3b00c,4,887cfd6d-64b0-4141-9ca7-6b525ab747d9,d6r2_887cfd6d-64b0-4141-9ca7-6b525ab747d9_9705_b0ed3801,0,calibration:unloaded,normal,baseline,role_aggregate,20,128,32,middle,True,True,0,20,40,"{""2"": 20}",0,20,0,20,129
results\d6_r2_formal\raw_r1\boot_05\batch_20260920T112005.059780Z_bd9ecb80.json.gz,20260920T112005.059780Z_bd9ecb80,4,887cfd6d-64b0-4141-9ca7-6b525ab747d9,d6r2_887cfd6d-64b0-4141-9ca7-6b525ab747d9_9705_b0ed3801,1,calibration:unloaded,normal,cpu,role_aggregate,20,128,32,middle,True,True,0,20,40,"{""2"": 20}",0,20,0,20,129
results\d6_r2_formal\raw_r1\boot_05\batch_20260920T112006.911973Z_a8fe963d.json.gz,20260920T112006.911973Z_a8fe963d,4,887cfd6d-64b0-4141-9ca7-6b525ab747d9,d6r2_887cfd6d-64b0-4141-9ca7-6b525ab747d9_9705_b0ed3801,2,calibration:unloaded,normal,baseline,role_aggregate,20,128,32,middle,True,True,0,20,40,"{""2"": 20}",0,20,0,20,129
results\d6_r2_formal\raw_r1\boot_05\batch_20260920T112014.930093Z_80363cf7.json.gz,20260920T112014.930093Z_80363cf7,4,887cfd6d-64b0-4141-9ca7-6b525ab747d9,d6r2_887cfd6d-64b0-4141-9ca7-6b525ab747d9_9705_b0ed3801,3,calibration:sham,normal,cpu,role_aggregate,20,128,32,middle,True,True,0,20,40,"{""2"": 20}",0,20,0,20,129
results\d6_r2_formal\raw_r1\boot_05\batch_20260920T112016.832868Z_b565eb6f.json.gz,20260920T112016.832868Z_b565eb6f,4,887cfd6d-64b0-4141-9ca7-6b525ab747d9,d6r2_887cfd6d-64b0-4141-9ca7-6b525ab747d9_9705_b0ed3801,4,calibration:sham,normal,baseline,role_aggregate,20,128,32,middle,True,True,0,20,40,"{""2"": 20}",0,20,0,20,129
results\d6_r2_formal\raw_r1\boot_05\batch_20260920T112018.733838Z_86760328.json.gz,20260920T112018.733838Z_86760328,4,887cfd6d-64b0-4141-9ca7-6b525ab747d9,d6r2_887cfd6d-64b0-4141-9ca7-6b525ab747d9_9705_b0ed3801,5,calibration:sham,normal,baseline,role_aggregate,20,128,32,middle,True,True,0,20,40,"{""2"": 20}",0,20,0,20,129
results\d6_r2_formal\raw_r1\boot_05\batch_20260920T112020.660799Z_d757e98d.json.gz,20260920T112020.660799Z_d757e98d,4,887cfd6d-64b0-4141-9ca7-6b525ab747d9,d6r2_887cfd6d-64b0-4141-9ca7-6b525ab747d9_9705_b0ed3801,6,calibration:sham,normal,baseline,role_aggregate,20,128,32,middle,True,True,0,20,40,"{""2"": 20}",0,20,0,20,129
results\d6_r2_formal\raw_r1\boot_05\batch_20260920T112022.605041Z_81e2b4dc.json.gz,20260920T112022.605041Z_81e2b4dc,4,887cfd6d-64b0-4141-9ca7-6b525ab747d9,d6r2_887cfd6d-64b0-4141-9ca7-6b525ab747d9_9705_b0ed3801,7,calibration:unloaded,normal,baseline,role_aggregate,20,128,32,middle,True,True,0,20,40,"{""2"": 20}",0,20,0,20,129
results\d6_r2_formal\raw_r1\boot_05\batch_20260920T112024.489055Z_a383762a.json.gz,20260920T112024.489055Z_a383762a,4,887cfd6d-64b0-4141-9ca7-6b525ab747d9,d6r2_887cfd6d-64b0-4141-9ca7-6b525ab747d9_9705_b0ed3801,8,calibration:sham,normal,baseline,role_aggregate,20,128,32,middle,True,True,0,20,40,"{""2"": 20}",0,20,0,20,129
results\d6_r2_formal\raw_r1\boot_05\batch_20260920T112026.406960Z_6afa827f.json.gz,20260920T112026.406960Z_6afa827f,4,887cfd6d-64b0-4141-9ca7-6b525ab747d9,d6r2_887cfd6d-64b0-4141-9ca7-6b525ab747d9_9705_b0ed3801,9,calibration:unloaded,normal,baseline,role_aggregate,20,128,32,middle,True,True,0,20,40,"{""2"": 20}",0,20,0,20,129
results\d6_r2_formal\raw_r1\boot_05\batch_20260920T112034.503739Z_4a7ef2e2.json.gz,20260920T112034.503739Z_4a7ef2e2,4,887cfd6d-64b0-4141-9ca7-6b525ab747d9,d6r2_887cfd6d-64b0-4141-9ca7-6b525ab747d9_9705_b0ed3801,10,calibration:sham,normal,cpu,role_aggregate,20,128,32,middle,True,True,0,20,40,"{""2"": 20}",0,20,0,20,129
results\d6_r2_formal\raw_r1\boot_05\batch_20260920T112042.548788Z_b5d1aa02.json.gz,20260920T112042.548788Z_b5d1aa02,4,887cfd6d-64b0-4141-9ca7-6b525ab747d9,d6r2_887cfd6d-64b0-4141-9ca7-6b525ab747d9_9705_b0ed3801,11,calibration:sham,normal,cpu,role_aggregate,20,128,32,middle,True,True,0,20,40,"{""2"": 20}",0,20,0,20,129
results\d6_r2_formal\raw_r1\boot_05\batch_20260920T112050.641784Z_cc831682.json.gz,20260920T112050.641784Z_cc831682,4,887cfd6d-64b0-4141-9ca7-6b525ab747d9,d6r2_887cfd6d-64b0-4141-9ca7-6b525ab747d9_9705_b0ed3801,12,calibration:unloaded,normal,cpu,role_aggregate,20,128,32,middle,True,True,0,20,40,"{""2"": 20}",0,20,0,20,129
results\d6_r2_formal\raw_r1\boot_05\batch_20260920T112058.652930Z_8c8a067c.json.gz,20260920T112058.652930Z_8c8a067c,4,887cfd6d-64b0-4141-9ca7-6b525ab747d9,d6r2_887cfd6d-64b0-4141-9ca7-6b525ab747d9_9705_b0ed3801,13,calibration:unloaded,normal,cpu,role_aggregate,20,128,32,middle,True,True,0,20,40,"{""2"": 20}",0,20,0,20,129
results\d6_r2_formal\raw_r1\boot_05\batch_20260920T112100.488906Z_d58d67c8.json.gz,20260920T112100.488906Z_d58d67c8,4,887cfd6d-64b0-4141-9ca7-6b525ab747d9,d6r2_887cfd6d-64b0-4141-9ca7-6b525ab747d9_9705_b0ed3801,14,calibration:unloaded,normal,baseline,role_aggregate,20,128,32,middle,True,True,0,20,40,"{""2"": 20}",0,20,0,20,129
results\d6_r2_formal\raw_r1\boot_05\batch_20260920T112102.352203Z_18186f5c.json.gz,20260920T112102.352203Z_18186f5c,4,887cfd6d-64b0-4141-9ca7-6b525ab747d9,d6r2_887cfd6d-64b0-4141-9ca7-6b525ab747d9_9705_b0ed3801,15,calibration:unloaded,normal,baseline,role_aggregate,20,128,32,middle,True,True,0,20,40,"{""2"": 20}",0,20,0,20,129
results\d6_r2_formal\raw_r1\boot_05\batch_20260920T112104.214939Z_087fc99d.json.gz,20260920T112104.214939Z_087fc99d,4,887cfd6d-64b0-4141-9ca7-6b525ab747d9,d6r2_887cfd6d-64b0-4141-9ca7-6b525ab747d9_9705_b0ed3801,16,calibration:sham,normal,baseline,role_aggregate,20,128,32,middle,True,True,0,20,40,"{""2"": 20}",0,20,0,20,129
results\d6_r2_formal\raw_r1\boot_05\batch_20260920T112106.086972Z_73d9d00d.json.gz,20260920T112106.086972Z_73d9d00d,4,887cfd6d-64b0-4141-9ca7-6b525ab747d9,d6r2_887cfd6d-64b0-4141-9ca7-6b525ab747d9_9705_b0ed3801,17,calibration:unloaded,normal,baseline,role_aggregate,20,128,32,middle,True,True,0,20,40,"{""2"": 20}",0,20,0,20,129
results\d6_r2_formal\raw_r1\boot_05\batch_20260920T112114.104922Z_8b96d07d.json.gz,20260920T112114.104922Z_8b96d07d,4,887cfd6d-64b0-4141-9ca7-6b525ab747d9,d6r2_887cfd6d-64b0-4141-9ca7-6b525ab747d9_9705_b0ed3801,18,calibration:unloaded,normal,cpu,role_aggregate,20,128,32,middle,True,True,0,20,40,"{""2"": 20}",0,20,0,20,129
results\d6_r2_formal\raw_r1\boot_05\batch_20260920T112115.951194Z_97dd0470.json.gz,20260920T112115.951194Z_97dd0470,4,887cfd6d-64b0-4141-9ca7-6b525ab747d9,d6r2_887cfd6d-64b0-4141-9ca7-6b525ab747d9_9705_b0ed3801,19,calibration:unloaded,normal,baseline,role_aggregate,20,128,32,middle,True,True,0,20,40,"{""2"": 20}",0,20,0,20,129
results\d6_r2_formal\raw_r1\boot_05\batch_20260920T112124.024929Z_be1ed5bd.json.gz,20260920T112124.024929Z_be1ed5bd,4,887cfd6d-64b0-4141-9ca7-6b525ab747d9,d6r2_887cfd6d-64b0-4141-9ca7-6b525ab747d9_9705_b0ed3801,20,calibration:sham,normal,cpu,role_aggregate,20,128,32,middle,True,True,0,20,40,"{""2"": 20}",0,20,0,20,129
results\d6_r2_formal\raw_r1\boot_05\batch_20260920T112132.084988Z_5bdd9c99.json.gz,20260920T112132.084988Z_5bdd9c99,4,887cfd6d-64b0-4141-9ca7-6b525ab747d9,d6r2_887cfd6d-64b0-4141-9ca7-6b525ab747d9_9705_b0ed3801,21,calibration:unloaded,normal,cpu,role_aggregate,20,128,32,middle,True,True,0,20,40,"{""2"": 20}",0,20,0,20,129
results\d6_r2_formal\raw_r1\boot_05\batch_20260920T112140.132181Z_0f07bf73.json.gz,20260920T112140.132181Z_0f07bf73,4,887cfd6d-64b0-4141-9ca7-6b525ab747d9,d6r2_887cfd6d-64b0-4141-9ca7-6b525ab747d9_9705_b0ed3801,22,calibration:sham,normal,cpu,role_aggregate,20,128,32,middle,True,True,0,20,40,"{""2"": 20}",0,20,0,20,129
results\d6_r2_formal\raw_r1\boot_05\batch_20260920T112148.284894Z_83066834.json.gz,20260920T112148.284894Z_83066834,4,887cfd6d-64b0-4141-9ca7-6b525ab747d9,d6r2_887cfd6d-64b0-4141-9ca7-6b525ab747d9_9705_b0ed3801,23,calibration:sham,normal,cpu,role_aggregate,20,128,32,middle,True,True,0,20,40,"{""2"": 20}",0,20,0,20,129
results\d6_r2_formal\raw_r1\boot_05\batch_20260920T112156.348827Z_542b2df9.json.gz,20260920T112156.348827Z_542b2df9,4,887cfd6d-64b0-4141-9ca7-6b525ab747d9,d6r2_887cfd6d-64b0-4141-9ca7-6b525ab747d9_9705_b0ed3801,24,calibration:unloaded,normal,cpu,role_aggregate,20,128,32,middle,True,True,0,20,40,"{""2"": 20}",0,20,0,20,129
results\d6_r2_formal\raw_r1\boot_05\batch_20260920T112204.383823Z_c51dd0c6.json.gz,20260920T112204.383823Z_c51dd0c6,4,887cfd6d-64b0-4141-9ca7-6b525ab747d9,d6r2_887cfd6d-64b0-4141-9ca7-6b525ab747d9_9705_b0ed3801,25,calibration:unloaded,normal,cpu,role_aggregate,20,128,32,middle,True,True,0,20,40,"{""2"": 20}",0,20,0,20,129
results\d6_r2_formal\raw_r1\boot_05\batch_20260920T112212.387946Z_7197c614.json.gz,20260920T112212.387946Z_7197c614,4,887cfd6d-64b0-4141-9ca7-6b525ab747d9,d6r2_887cfd6d-64b0-4141-9ca7-6b525ab747d9_9705_b0ed3801,26,calibration:unloaded,normal,cpu,role_aggregate,20,128,32,middle,True,True,0,20,40,"{""2"": 20}",0,20,0,20,129
results\d6_r2_formal\raw_r1\boot_05\batch_20260920T112214.252925Z_e9be05cf.json.gz,20260920T112214.252925Z_e9be05cf,4,887cfd6d-64b0-4141-9ca7-6b525ab747d9,d6r2_887cfd6d-64b0-4141-9ca7-6b525ab747d9_9705_b0ed3801,27,calibration:unloaded,normal,baseline,role_aggregate,20,128,32,middle,True,True,0,20,40,"{""2"": 20}",0,20,0,20,129
results\d6_r2_formal\raw_r1\boot_05\batch_20260920T112216.104889Z_c0d2dc53.json.gz,20260920T112216.104889Z_c0d2dc53,4,887cfd6d-64b0-4141-9ca7-6b525ab747d9,d6r2_887cfd6d-64b0-4141-9ca7-6b525ab747d9_9705_b0ed3801,28,calibration:unloaded,normal,baseline,role_aggregate,20,128,32,middle,True,True,0,20,40,"{""2"": 20}",0,20,0,20,129
results\d6_r2_formal\raw_r1\boot_05\batch_20260920T112224.126988Z_ab820d2a.json.gz,20260920T112224.126988Z_ab820d2a,4,887cfd6d-64b0-4141-9ca7-6b525ab747d9,d6r2_887cfd6d-64b0-4141-9ca7-6b525ab747d9_9705_b0ed3801,29,calibration:sham,normal,cpu,role_aggregate,20,128,32,middle,True,True,0,20,40,"{""2"": 20}",0,20,0,20,129
results\d6_r2_formal\raw_r1\boot_05\batch_20260920T112226.061228Z_b194f820.json.gz,20260920T112226.061228Z_b194f820,4,887cfd6d-64b0-4141-9ca7-6b525ab747d9,d6r2_887cfd6d-64b0-4141-9ca7-6b525ab747d9_9705_b0ed3801,30,calibration:sham,normal,baseline,role_aggregate,20,128,32,middle,True,True,0,20,40,"{""2"": 20}",0,20,0,20,129
results\d6_r2_formal\raw_r1\boot_05\batch_20260920T112234.122946Z_cb55e08c.json.gz,20260920T112234.122946Z_cb55e08c,4,887cfd6d-64b0-4141-9ca7-6b525ab747d9,d6r2_887cfd6d-64b0-4141-9ca7-6b525ab747d9_9705_b0ed3801,31,calibration:sham,normal,cpu,role_aggregate,20,128,32,middle,True,True,0,20,40,"{""2"": 20}",0,20,0,20,129
results\d6_r2_formal\raw_r1\boot_05\batch_20260920T112242.167188Z_911edbe8.json.gz,20260920T112242.167188Z_911edbe8,4,887cfd6d-64b0-4141-9ca7-6b525ab747d9,d6r2_887cfd6d-64b0-4141-9ca7-6b525ab747d9_9705_b0ed3801,32,calibration:sham,normal,cpu,role_aggregate,20,128,32,middle,True,True,0,20,40,"{""2"": 20}",0,20,0,20,129
results\d6_r2_formal\raw_r1\boot_05\batch_20260920T112250.232961Z_197d140a.json.gz,20260920T112250.232961Z_197d140a,4,887cfd6d-64b0-4141-9ca7-6b525ab747d9,d6r2_887cfd6d-64b0-4141-9ca7-6b525ab747d9_9705_b0ed3801,33,calibration:unloaded,normal,cpu,role_aggregate,20,128,32,middle,True,True,0,20,40,"{""2"": 20}",0,20,0,20,129
results\d6_r2_formal\raw_r1\boot_05\batch_20260920T112258.269290Z_38fe1b10.json.gz,20260920T112258.269290Z_38fe1b10,4,887cfd6d-64b0-4141-9ca7-6b525ab747d9,d6r2_887cfd6d-64b0-4141-9ca7-6b525ab747d9_9705_b0ed3801,34,calibration:unloaded,normal,cpu,role_aggregate,20,128,32,middle,True,True,0,20,40,"{""2"": 20}",0,20,0,20,129
results\d6_r2_formal\raw_r1\boot_05\batch_20260920T112306.317934Z_8dcacf1f.json.gz,20260920T112306.317934Z_8dcacf1f,4,887cfd6d-64b0-4141-9ca7-6b525ab747d9,d6r2_887cfd6d-64b0-4141-9ca7-6b525ab747d9_9705_b0ed3801,35,calibration:sham,normal,cpu,role_aggregate,20,128,32,middle,True,True,0,20,40,"{""2"": 20}",0,20,0,20,129
results\d6_r2_formal\raw_r1\boot_05\batch_20260920T112308.202971Z_23efccdf.json.gz,20260920T112308.202971Z_23efccdf,4,887cfd6d-64b0-4141-9ca7-6b525ab747d9,d6r2_887cfd6d-64b0-4141-9ca7-6b525ab747d9_9705_b0ed3801,36,calibration:unloaded,normal,baseline,role_aggregate,20,128,32,middle,True,True,0,20,40,"{""2"": 20}",0,20,0,20,129
results\d6_r2_formal\raw_r1\boot_05\batch_20260920T112316.178234Z_022cc4ff.json.gz,20260920T112316.178234Z_022cc4ff,4,887cfd6d-64b0-4141-9ca7-6b525ab747d9,d6r2_887cfd6d-64b0-4141-9ca7-6b525ab747d9_9705_b0ed3801,37,calibration:unloaded,normal,cpu,role_aggregate,20,128,32,middle,True,True,0,20,40,"{""2"": 20}",0,20,0,20,129
results\d6_r2_formal\raw_r1\boot_05\batch_20260920T112324.290186Z_23ffb9ab.json.gz,20260920T112324.290186Z_23ffb9ab,4,887cfd6d-64b0-4141-9ca7-6b525ab747d9,d6r2_887cfd6d-64b0-4141-9ca7-6b525ab747d9_9705_b0ed3801,38,calibration:sham,normal,cpu,role_aggregate,20,128,32,middle,True,True,0,20,40,"{""2"": 20}",0,20,0,20,129
results\d6_r2_formal\raw_r1\boot_05\batch_20260920T112332.418402Z_95a16147.json.gz,20260920T112332.418402Z_95a16147,4,887cfd6d-64b0-4141-9ca7-6b525ab747d9,d6r2_887cfd6d-64b0-4141-9ca7-6b525ab747d9_9705_b0ed3801,39,calibration:unloaded,normal,cpu,role_aggregate,20,128,32,middle,True,True,0,20,40,"{""2"": 20}",0,20,0,20,129
results\d6_r2_formal\raw_r1\boot_05\batch_20260920T112334.423845Z_0c9c0ef7.json.gz,20260920T112334.423845Z_0c9c0ef7,4,887cfd6d-64b0-4141-9ca7-6b525ab747d9,d6r2_887cfd6d-64b0-4141-9ca7-6b525ab747d9_9705_b0ed3801,40,calibration:sham,normal,baseline,role_aggregate,20,128,32,middle,True,True,0,20,40,"{""2"": 20}",0,20,0,20,129
results\d6_r2_formal\raw_r1\boot_05\batch_20260920T112336.338979Z_0c405f53.json.gz,20260920T112336.338979Z_0c405f53,4,887cfd6d-64b0-4141-9ca7-6b525ab747d9,d6r2_887cfd6d-64b0-4141-9ca7-6b525ab747d9_9705_b0ed3801,41,calibration:unloaded,normal,baseline,role_aggregate,20,128,32,middle,True,True,0,20,40,"{""2"": 20}",0,20,0,20,129
results\d6_r2_formal\raw_r1\boot_05\batch_20260920T112338.257227Z_6079c9c0.json.gz,20260920T112338.257227Z_6079c9c0,4,887cfd6d-64b0-4141-9ca7-6b525ab747d9,d6r2_887cfd6d-64b0-4141-9ca7-6b525ab747d9_9705_b0ed3801,42,calibration:unloaded,normal,baseline,role_aggregate,20,128,32,middle,True,True,0,20,40,"{""2"": 20}",0,20,0,20,129
results\d6_r2_formal\raw_r1\boot_05\batch_20260920T112346.278208Z_b2e5f088.json.gz,20260920T112346.278208Z_b2e5f088,4,887cfd6d-64b0-4141-9ca7-6b525ab747d9,d6r2_887cfd6d-64b0-4141-9ca7-6b525ab747d9_9705_b0ed3801,43,calibration:unloaded,normal,cpu,role_aggregate,20,128,32,middle,True,True,0,20,40,"{""2"": 20}",0,20,0,20,129
results\d6_r2_formal\raw_r1\boot_05\batch_20260920T112354.293988Z_1873ed3b.json.gz,20260920T112354.293988Z_1873ed3b,4,887cfd6d-64b0-4141-9ca7-6b525ab747d9,d6r2_887cfd6d-64b0-4141-9ca7-6b525ab747d9_9705_b0ed3801,44,calibration:unloaded,normal,cpu,role_aggregate,20,128,32,middle,True,True,0,20,40,"{""2"": 20}",0,20,0,20,129
results\d6_r2_formal\raw_r1\boot_05\batch_20260920T112402.387848Z_168ed121.json.gz,20260920T112402.387848Z_168ed121,4,887cfd6d-64b0-4141-9ca7-6b525ab747d9,d6r2_887cfd6d-64b0-4141-9ca7-6b525ab747d9_9705_b0ed3801,45,calibration:sham,normal,cpu,role_aggregate,20,128,32,middle,True,True,0,20,40,"{""2"": 20}",0,20,0,20,129
results\d6_r2_formal\raw_r1\boot_05\batch_20260920T112404.341438Z_8f84b7d7.json.gz,20260920T112404.341438Z_8f84b7d7,4,887cfd6d-64b0-4141-9ca7-6b525ab747d9,d6r2_887cfd6d-64b0-4141-9ca7-6b525ab747d9_9705_b0ed3801,46,calibration:unloaded,normal,baseline,role_aggregate,20,128,32,middle,True,True,0,20,40,"{""2"": 20}",0,20,0,20,129
results\d6_r2_formal\raw_r1\boot_05\batch_20260920T112406.235218Z_4262c9b7.json.gz,20260920T112406.235218Z_4262c9b7,4,887cfd6d-64b0-4141-9ca7-6b525ab747d9,d6r2_887cfd6d-64b0-4141-9ca7-6b525ab747d9_9705_b0ed3801,47,calibration:unloaded,normal,baseline,role_aggregate,20,128,32,middle,True,True,0,20,40,"{""2"": 20}",0,20,0,20,129
results\d6_r2_formal\raw_r1\boot_05\batch_20260920T112414.321081Z_77183140.json.gz,20260920T112414.321081Z_77183140,4,887cfd6d-64b0-4141-9ca7-6b525ab747d9,d6r2_887cfd6d-64b0-4141-9ca7-6b525ab747d9_9705_b0ed3801,48,calibration:sham,normal,cpu,role_aggregate,20,128,32,middle,True,True,0,20,40,"{""2"": 20}",0,20,0,20,129
results\d6_r2_formal\raw_r1\boot_05\batch_20260920T112422.358348Z_5c47e30f.json.gz,20260920T112422.358348Z_5c47e30f,4,887cfd6d-64b0-4141-9ca7-6b525ab747d9,d6r2_887cfd6d-64b0-4141-9ca7-6b525ab747d9_9705_b0ed3801,49,calibration:sham,normal,cpu,role_aggregate,20,128,32,middle,True,True,0,20,40,"{""2"": 20}",0,20,0,20,129
results\d6_r2_formal\raw_r1\boot_05\batch_20260920T112430.482271Z_1e1c5540.json.gz,20260920T112430.482271Z_1e1c5540,4,887cfd6d-64b0-4141-9ca7-6b525ab747d9,d6r2_887cfd6d-64b0-4141-9ca7-6b525ab747d9_9705_b0ed3801,50,calibration:unloaded,normal,cpu,role_aggregate,20,128,32,middle,True,True,0,20,40,"{""2"": 20}",0,20,0,20,129
results\d6_r2_formal\raw_r1\boot_05\batch_20260920T112432.466840Z_79262c2f.json.gz,20260920T112432.466840Z_79262c2f,4,887cfd6d-64b0-4141-9ca7-6b525ab747d9,d6r2_887cfd6d-64b0-4141-9ca7-6b525ab747d9_9705_b0ed3801,51,calibration:sham,normal,baseline,role_aggregate,20,128,32,middle,True,True,0,20,40,"{""2"": 20}",0,20,0,20,129
results\d6_r2_formal\raw_r1\boot_05\batch_20260920T112434.380883Z_f04a4226.json.gz,20260920T112434.380883Z_f04a4226,4,887cfd6d-64b0-4141-9ca7-6b525ab747d9,d6r2_887cfd6d-64b0-4141-9ca7-6b525ab747d9_9705_b0ed3801,52,calibration:unloaded,normal,baseline,role_aggregate,20,128,32,middle,True,True,0,20,40,"{""2"": 20}",0,20,0,20,129
results\d6_r2_formal\raw_r1\boot_05\batch_20260920T112436.317827Z_888fb43b.json.gz,20260920T112436.317827Z_888fb43b,4,887cfd6d-64b0-4141-9ca7-6b525ab747d9,d6r2_887cfd6d-64b0-4141-9ca7-6b525ab747d9_9705_b0ed3801,53,calibration:sham,normal,baseline,role_aggregate,20,128,32,middle,True,True,0,20,40,"{""2"": 20}",0,20,0,20,129
results\d6_r2_formal\raw_r1\boot_05\batch_20260920T112438.277949Z_2fb48463.json.gz,20260920T112438.277949Z_2fb48463,4,887cfd6d-64b0-4141-9ca7-6b525ab747d9,d6r2_887cfd6d-64b0-4141-9ca7-6b525ab747d9_9705_b0ed3801,54,calibration:unloaded,normal,baseline,role_aggregate,20,128,32,middle,True,True,0,20,40,"{""2"": 20}",0,20,0,20,129
results\d6_r2_formal\raw_r1\boot_05\batch_20260920T112446.374904Z_a13357ae.json.gz,20260920T112446.374904Z_a13357ae,4,887cfd6d-64b0-4141-9ca7-6b525ab747d9,d6r2_887cfd6d-64b0-4141-9ca7-6b525ab747d9_9705_b0ed3801,55,calibration:sham,normal,cpu,role_aggregate,20,128,32,middle,True,True,0,20,40,"{""2"": 20}",0,20,0,20,129
results\d6_r2_formal\raw_r1\boot_05\batch_20260920T112454.515878Z_e6985806.json.gz,20260920T112454.515878Z_e6985806,4,887cfd6d-64b0-4141-9ca7-6b525ab747d9,d6r2_887cfd6d-64b0-4141-9ca7-6b525ab747d9_9705_b0ed3801,56,calibration:unloaded,normal,cpu,role_aggregate,20,128,32,middle,True,True,0,20,40,"{""2"": 20}",0,20,0,20,129
results\d6_r2_formal\raw_r1\boot_05\batch_20260920T112502.634795Z_54e42877.json.gz,20260920T112502.634795Z_54e42877,4,887cfd6d-64b0-4141-9ca7-6b525ab747d9,d6r2_887cfd6d-64b0-4141-9ca7-6b525ab747d9_9705_b0ed3801,57,calibration:sham,normal,cpu,role_aggregate,20,128,32,middle,True,True,0,20,40,"{""2"": 20}",0,20,0,20,129
results\d6_r2_formal\raw_r1\boot_05\batch_20260920T112504.592311Z_bb822af6.json.gz,20260920T112504.592311Z_bb822af6,4,887cfd6d-64b0-4141-9ca7-6b525ab747d9,d6r2_887cfd6d-64b0-4141-9ca7-6b525ab747d9_9705_b0ed3801,58,calibration:sham,normal,baseline,role_aggregate,20,128,32,middle,True,True,0,20,40,"{""2"": 20}",0,20,0,20,129
results\d6_r2_formal\raw_r1\boot_05\batch_20260920T112506.530102Z_0a0cad84.json.gz,20260920T112506.530102Z_0a0cad84,4,887cfd6d-64b0-4141-9ca7-6b525ab747d9,d6r2_887cfd6d-64b0-4141-9ca7-6b525ab747d9_9705_b0ed3801,59,calibration:sham,normal,baseline,role_aggregate,20,128,32,middle,True,True,0,20,40,"{""2"": 20}",0,20,0,20,129
results\d6_r2_formal\raw_r1\boot_05\batch_20260920T112508.476850Z_2cabb434.json.gz,20260920T112508.476850Z_2cabb434,4,887cfd6d-64b0-4141-9ca7-6b525ab747d9,d6r2_887cfd6d-64b0-4141-9ca7-6b525ab747d9_9705_b0ed3801,60,calibration:unloaded,normal,baseline,role_aggregate,20,128,32,middle,True,True,0,20,40,"{""2"": 20}",0,20,0,20,129
results\d6_r2_formal\raw_r1\boot_05\batch_20260920T112516.600072Z_7355e150.json.gz,20260920T112516.600072Z_7355e150,4,887cfd6d-64b0-4141-9ca7-6b525ab747d9,d6r2_887cfd6d-64b0-4141-9ca7-6b525ab747d9_9705_b0ed3801,61,calibration:sham,normal,cpu,role_aggregate,20,128,32,middle,True,True,0,20,40,"{""2"": 20}",0,20,0,20,129
results\d6_r2_formal\raw_r1\boot_05\batch_20260920T112524.682387Z_c5899e9d.json.gz,20260920T112524.682387Z_c5899e9d,4,887cfd6d-64b0-4141-9ca7-6b525ab747d9,d6r2_887cfd6d-64b0-4141-9ca7-6b525ab747d9_9705_b0ed3801,62,calibration:sham,normal,cpu,role_aggregate,20,128,32,middle,True,True,0,20,40,"{""2"": 20}",0,20,0,20,129
results\d6_r2_formal\raw_r1\boot_05\batch_20260920T112526.652379Z_765c18c0.json.gz,20260920T112526.652379Z_765c18c0,4,887cfd6d-64b0-4141-9ca7-6b525ab747d9,d6r2_887cfd6d-64b0-4141-9ca7-6b525ab747d9_9705_b0ed3801,63,calibration:sham,normal,baseline,role_aggregate,20,128,32,middle,True,True,0,20,40,"{""2"": 20}",0,20,0,20,129
results\d6_r2_formal\raw_r1\boot_05\batch_20260920T112528.637862Z_08719af9.json.gz,20260920T112528.637862Z_08719af9,4,887cfd6d-64b0-4141-9ca7-6b525ab747d9,d6r2_887cfd6d-64b0-4141-9ca7-6b525ab747d9_9705_b0ed3801,64,calibration:sham,normal,baseline,role_aggregate,20,128,32,middle,True,True,0,20,40,"{""2"": 20}",0,20,0,20,129
results\d6_r2_formal\raw_r1\boot_05\batch_20260920T112536.729846Z_b70cbdf8.json.gz,20260920T112536.729846Z_b70cbdf8,4,887cfd6d-64b0-4141-9ca7-6b525ab747d9,d6r2_887cfd6d-64b0-4141-9ca7-6b525ab747d9_9705_b0ed3801,65,calibration:sham,normal,cpu,role_aggregate,20,128,32,middle,True,True,0,20,40,"{""2"": 20}",0,20,0,20,129
results\d6_r2_formal\raw_r1\boot_05\batch_20260920T112538.678335Z_edce6016.json.gz,20260920T112538.678335Z_edce6016,4,887cfd6d-64b0-4141-9ca7-6b525ab747d9,d6r2_887cfd6d-64b0-4141-9ca7-6b525ab747d9_9705_b0ed3801,66,calibration:sham,normal,baseline,role_aggregate,20,128,32,middle,True,True,0,20,40,"{""2"": 20}",0,20,0,20,129
results\d6_r2_formal\raw_r1\boot_05\batch_20260920T112540.615859Z_e43ae8bf.json.gz,20260920T112540.615859Z_e43ae8bf,4,887cfd6d-64b0-4141-9ca7-6b525ab747d9,d6r2_887cfd6d-64b0-4141-9ca7-6b525ab747d9_9705_b0ed3801,67,calibration:sham,normal,baseline,role_aggregate,20,128,32,middle,True,True,0,20,40,"{""2"": 20}",0,20,0,20,129
results\d6_r2_formal\raw_r1\boot_05\batch_20260920T112542.614002Z_a56f64a4.json.gz,20260920T112542.614002Z_a56f64a4,4,887cfd6d-64b0-4141-9ca7-6b525ab747d9,d6r2_887cfd6d-64b0-4141-9ca7-6b525ab747d9_9705_b0ed3801,68,calibration:unloaded,normal,baseline,role_aggregate,20,128,32,middle,True,True,0,20,40,"{""2"": 20}",0,20,0,20,129
results\d6_r2_formal\raw_r1\boot_05\batch_20260920T112544.530664Z_2f79ced5.json.gz,20260920T112544.530664Z_2f79ced5,4,887cfd6d-64b0-4141-9ca7-6b525ab747d9,d6r2_887cfd6d-64b0-4141-9ca7-6b525ab747d9_9705_b0ed3801,69,calibration:sham,normal,baseline,role_aggregate,20,128,32,middle,True,True,0,20,40,"{""2"": 20}",0,20,0,20,129
results\d6_r2_formal\raw_r1\boot_05\batch_20260920T112546.451193Z_3cc597a6.json.gz,20260920T112546.451193Z_3cc597a6,4,887cfd6d-64b0-4141-9ca7-6b525ab747d9,d6r2_887cfd6d-64b0-4141-9ca7-6b525ab747d9_9705_b0ed3801,70,calibration:sham,normal,baseline,role_aggregate,20,128,32,middle,True,True,0,20,40,"{""2"": 20}",0,20,0,20,129
results\d6_r2_formal\raw_r1\boot_05\batch_20260920T112554.533849Z_437450ec.json.gz,20260920T112554.533849Z_437450ec,4,887cfd6d-64b0-4141-9ca7-6b525ab747d9,d6r2_887cfd6d-64b0-4141-9ca7-6b525ab747d9_9705_b0ed3801,71,calibration:unloaded,normal,cpu,role_aggregate,20,128,32,middle,True,True,0,20,40,"{""2"": 20}",0,20,0,20,129
results\d6_r2_formal\raw_r1\boot_05\batch_20260920T112602.589787Z_cf3db977.json.gz,20260920T112602.589787Z_cf3db977,4,887cfd6d-64b0-4141-9ca7-6b525ab747d9,d6r2_887cfd6d-64b0-4141-9ca7-6b525ab747d9_9705_b0ed3801,72,calibration:unloaded,normal,cpu,role_aggregate,20,128,32,middle,True,True,0,20,40,"{""2"": 20}",0,20,0,20,129
results\d6_r2_formal\raw_r1\boot_05\batch_20260920T112610.615182Z_7589e641.json.gz,20260920T112610.615182Z_7589e641,4,887cfd6d-64b0-4141-9ca7-6b525ab747d9,d6r2_887cfd6d-64b0-4141-9ca7-6b525ab747d9_9705_b0ed3801,73,calibration:sham,normal,cpu,role_aggregate,20,128,32,middle,True,True,0,20,40,"{""2"": 20}",0,20,0,20,129
results\d6_r2_formal\raw_r1\boot_05\batch_20260920T112612.613943Z_8bd6d1d8.json.gz,20260920T112612.613943Z_8bd6d1d8,4,887cfd6d-64b0-4141-9ca7-6b525ab747d9,d6r2_887cfd6d-64b0-4141-9ca7-6b525ab747d9_9705_b0ed3801,74,calibration:sham,normal,baseline,role_aggregate,20,128,32,middle,True,True,0,20,40,"{""2"": 20}",0,20,0,20,129
results\d6_r2_formal\raw_r1\boot_05\batch_20260920T112614.539305Z_48b2cd85.json.gz,20260920T112614.539305Z_48b2cd85,4,887cfd6d-64b0-4141-9ca7-6b525ab747d9,d6r2_887cfd6d-64b0-4141-9ca7-6b525ab747d9_9705_b0ed3801,75,calibration:unloaded,normal,baseline,role_aggregate,20,128,32,middle,True,True,0,20,40,"{""2"": 20}",0,20,0,20,129
results\d6_r2_formal\raw_r1\boot_05\batch_20260920T112622.584976Z_511deca2.json.gz,20260920T112622.584976Z_511deca2,4,887cfd6d-64b0-4141-9ca7-6b525ab747d9,d6r2_887cfd6d-64b0-4141-9ca7-6b525ab747d9_9705_b0ed3801,76,calibration:sham,normal,cpu,role_aggregate,20,128,32,middle,True,True,0,20,40,"{""2"": 20}",0,20,0,20,129
results\d6_r2_formal\raw_r1\boot_05\batch_20260920T112624.511557Z_7f905110.json.gz,20260920T112624.511557Z_7f905110,4,887cfd6d-64b0-4141-9ca7-6b525ab747d9,d6r2_887cfd6d-64b0-4141-9ca7-6b525ab747d9_9705_b0ed3801,77,calibration:sham,normal,baseline,role_aggregate,20,128,32,middle,True,True,0,20,40,"{""2"": 20}",0,20,0,20,129
results\d6_r2_formal\raw_r1\boot_05\batch_20260920T112626.446051Z_21f0721b.json.gz,20260920T112626.446051Z_21f0721b,4,887cfd6d-64b0-4141-9ca7-6b525ab747d9,d6r2_887cfd6d-64b0-4141-9ca7-6b525ab747d9_9705_b0ed3801,78,calibration:unloaded,normal,baseline,role_aggregate,20,128,32,middle,True,True,0,20,40,"{""2"": 20}",0,20,0,20,129
results\d6_r2_formal\raw_r1\boot_05\batch_20260920T112628.408092Z_50f7b964.json.gz,20260920T112628.408092Z_50f7b964,4,887cfd6d-64b0-4141-9ca7-6b525ab747d9,d6r2_887cfd6d-64b0-4141-9ca7-6b525ab747d9_9705_b0ed3801,79,calibration:sham,normal,baseline,role_aggregate,20,128,32,middle,True,True,0,20,40,"{""2"": 20}",0,20,0,20,129
results\d6_r2_formal\raw_r1\boot_05\batch_20260920T112630.310718Z_ab651e22.json.gz,20260920T112630.310718Z_ab651e22,4,887cfd6d-64b0-4141-9ca7-6b525ab747d9,d6r2_887cfd6d-64b0-4141-9ca7-6b525ab747d9_9705_b0ed3801,80,calibration:unloaded,normal,baseline,role_aggregate,20,128,32,middle,True,True,0,20,40,"{""2"": 20}",0,20,0,20,129
results\d6_r2_formal\raw_r1\boot_05\batch_20260920T112632.266305Z_1f914e28.json.gz,20260920T112632.266305Z_1f914e28,4,887cfd6d-64b0-4141-9ca7-6b525ab747d9,d6r2_887cfd6d-64b0-4141-9ca7-6b525ab747d9_9705_b0ed3801,81,calibration:sham,normal,baseline,role_aggregate,20,128,32,middle,True,True,0,20,40,"{""2"": 20}",0,20,0,20,129
results\d6_r2_formal\raw_r1\boot_05\batch_20260920T112634.217837Z_964d6cf5.json.gz,20260920T112634.217837Z_964d6cf5,4,887cfd6d-64b0-4141-9ca7-6b525ab747d9,d6r2_887cfd6d-64b0-4141-9ca7-6b525ab747d9_9705_b0ed3801,82,calibration:sham,normal,baseline,role_aggregate,20,128,32,middle,True,True,0,20,40,"{""2"": 20}",0,20,0,20,129
results\d6_r2_formal\raw_r1\boot_05\batch_20260920T112642.321903Z_14dce289.json.gz,20260920T112642.321903Z_14dce289,4,887cfd6d-64b0-4141-9ca7-6b525ab747d9,d6r2_887cfd6d-64b0-4141-9ca7-6b525ab747d9_9705_b0ed3801,83,calibration:unloaded,normal,cpu,role_aggregate,20,128,32,middle,True,True,0,20,40,"{""2"": 20}",0,20,0,20,129
results\d6_r2_formal\raw_r1\boot_05\batch_20260920T112650.352683Z_48c05ef4.json.gz,20260920T112650.352683Z_48c05ef4,4,887cfd6d-64b0-4141-9ca7-6b525ab747d9,d6r2_887cfd6d-64b0-4141-9ca7-6b525ab747d9_9705_b0ed3801,84,calibration:sham,normal,cpu,role_aggregate,20,128,32,middle,True,True,0,20,40,"{""2"": 20}",0,20,0,20,129
results\d6_r2_formal\raw_r1\boot_05\batch_20260920T112658.414314Z_4a916c8a.json.gz,20260920T112658.414314Z_4a916c8a,4,887cfd6d-64b0-4141-9ca7-6b525ab747d9,d6r2_887cfd6d-64b0-4141-9ca7-6b525ab747d9_9705_b0ed3801,85,calibration:unloaded,normal,cpu,role_aggregate,20,128,32,middle,True,True,0,20,40,"{""2"": 20}",0,20,0,20,129
results\d6_r2_formal\raw_r1\boot_05\batch_20260920T112700.376013Z_038abccd.json.gz,20260920T112700.376013Z_038abccd,4,887cfd6d-64b0-4141-9ca7-6b525ab747d9,d6r2_887cfd6d-64b0-4141-9ca7-6b525ab747d9_9705_b0ed3801,86,calibration:sham,normal,baseline,role_aggregate,20,128,32,middle,True,True,0,20,40,"{""2"": 20}",0,20,0,20,129
results\d6_r2_formal\raw_r1\boot_05\batch_20260920T112702.318295Z_4c7c7564.json.gz,20260920T112702.318295Z_4c7c7564,4,887cfd6d-64b0-4141-9ca7-6b525ab747d9,d6r2_887cfd6d-64b0-4141-9ca7-6b525ab747d9_9705_b0ed3801,87,calibration:unloaded,normal,baseline,role_aggregate,20,128,32,middle,True,True,0,20,40,"{""2"": 20}",0,20,0,20,129
results\d6_r2_formal\raw_r1\boot_05\batch_20260920T112710.353570Z_403f7689.json.gz,20260920T112710.353570Z_403f7689,4,887cfd6d-64b0-4141-9ca7-6b525ab747d9,d6r2_887cfd6d-64b0-4141-9ca7-6b525ab747d9_9705_b0ed3801,88,calibration:sham,normal,cpu,role_aggregate,20,128,32,middle,True,True,0,20,40,"{""2"": 20}",0,20,0,20,129
results\d6_r2_formal\raw_r1\boot_05\batch_20260920T112712.339762Z_a3097980.json.gz,20260920T112712.339762Z_a3097980,4,887cfd6d-64b0-4141-9ca7-6b525ab747d9,d6r2_887cfd6d-64b0-4141-9ca7-6b525ab747d9_9705_b0ed3801,89,calibration:sham,normal,baseline,role_aggregate,20,128,32,middle,True,True,0,20,40,"{""2"": 20}",0,20,0,20,129
results\d6_r2_formal\raw_r1\boot_05\batch_20260920T112714.336411Z_18cfaa49.json.gz,20260920T112714.336411Z_18cfaa49,4,887cfd6d-64b0-4141-9ca7-6b525ab747d9,d6r2_887cfd6d-64b0-4141-9ca7-6b525ab747d9_9705_b0ed3801,90,calibration:sham,normal,baseline,role_aggregate,20,128,32,middle,True,True,0,20,40,"{""2"": 20}",0,20,0,20,129
results\d6_r2_formal\raw_r1\boot_05\batch_20260920T112716.256087Z_8dc7b682.json.gz,20260920T112716.256087Z_8dc7b682,4,887cfd6d-64b0-4141-9ca7-6b525ab747d9,d6r2_887cfd6d-64b0-4141-9ca7-6b525ab747d9_9705_b0ed3801,91,calibration:unloaded,normal,baseline,role_aggregate,20,128,32,middle,True,True,0,20,40,"{""2"": 20}",0,20,0,20,129
results\d6_r2_formal\raw_r1\boot_05\batch_20260920T112718.189140Z_096a66b0.json.gz,20260920T112718.189140Z_096a66b0,4,887cfd6d-64b0-4141-9ca7-6b525ab747d9,d6r2_887cfd6d-64b0-4141-9ca7-6b525ab747d9_9705_b0ed3801,92,calibration:unloaded,normal,baseline,role_aggregate,20,128,32,middle,True,True,0,20,40,"{""2"": 20}",0,20,0,20,129
results\d6_r2_formal\raw_r1\boot_05\batch_20260920T112726.221803Z_7241df01.json.gz,20260920T112726.221803Z_7241df01,4,887cfd6d-64b0-4141-9ca7-6b525ab747d9,d6r2_887cfd6d-64b0-4141-9ca7-6b525ab747d9_9705_b0ed3801,93,calibration:unloaded,normal,cpu,role_aggregate,20,128,32,middle,True,True,0,20,40,"{""2"": 20}",0,20,0,20,129
results\d6_r2_formal\raw_r1\boot_05\batch_20260920T112734.232150Z_3575649d.json.gz,20260920T112734.232150Z_3575649d,4,887cfd6d-64b0-4141-9ca7-6b525ab747d9,d6r2_887cfd6d-64b0-4141-9ca7-6b525ab747d9_9705_b0ed3801,94,calibration:unloaded,normal,cpu,role_aggregate,20,128,32,middle,True,True,0,20,40,"{""2"": 20}",0,20,0,20,129
results\d6_r2_formal\raw_r1\boot_05\batch_20260920T112742.338319Z_582bfb67.json.gz,20260920T112742.338319Z_582bfb67,4,887cfd6d-64b0-4141-9ca7-6b525ab747d9,d6r2_887cfd6d-64b0-4141-9ca7-6b525ab747d9_9705_b0ed3801,95,calibration:unloaded,normal,cpu,role_aggregate,20,128,32,middle,True,True,0,20,40,"{""2"": 20}",0,20,0,20,129
results\d6_r2_formal\raw_r1\boot_05\batch_20260920T112750.380251Z_5c28b132.json.gz,20260920T112750.380251Z_5c28b132,4,887cfd6d-64b0-4141-9ca7-6b525ab747d9,d6r2_887cfd6d-64b0-4141-9ca7-6b525ab747d9_9705_b0ed3801,96,calibration:sham,normal,cpu,role_aggregate,20,128,32,middle,True,True,0,20,40,"{""2"": 20}",0,20,0,20,129
results\d6_r2_formal\raw_r1\boot_05\batch_20260920T112758.440278Z_e07cd25e.json.gz,20260920T112758.440278Z_e07cd25e,4,887cfd6d-64b0-4141-9ca7-6b525ab747d9,d6r2_887cfd6d-64b0-4141-9ca7-6b525ab747d9_9705_b0ed3801,97,calibration:unloaded,normal,cpu,role_aggregate,20,128,32,middle,True,True,0,20,40,"{""2"": 20}",0,20,0,20,129
results\d6_r2_formal\raw_r1\boot_05\batch_20260920T112806.521995Z_4f06242b.json.gz,20260920T112806.521995Z_4f06242b,4,887cfd6d-64b0-4141-9ca7-6b525ab747d9,d6r2_887cfd6d-64b0-4141-9ca7-6b525ab747d9_9705_b0ed3801,98,calibration:sham,normal,cpu,role_aggregate,20,128,32,middle,True,True,0,20,40,"{""2"": 20}",0,20,0,20,129
results\d6_r2_formal\raw_r1\boot_05\batch_20260920T112814.598401Z_77ac84a2.json.gz,20260920T112814.598401Z_77ac84a2,4,887cfd6d-64b0-4141-9ca7-6b525ab747d9,d6r2_887cfd6d-64b0-4141-9ca7-6b525ab747d9_9705_b0ed3801,99,calibration:unloaded,normal,cpu,role_aggregate,20,128,32,middle,True,True,0,20,40,"{""2"": 20}",0,20,0,20,129
results\d6_r2_formal\raw_r1\boot_05\batch_20260920T112816.478761Z_221eb3ff.json.gz,20260920T112816.478761Z_221eb3ff,4,887cfd6d-64b0-4141-9ca7-6b525ab747d9,d6r2_887cfd6d-64b0-4141-9ca7-6b525ab747d9_9705_b0ed3801,100,test:sham,normal,baseline,role_aggregate,20,128,32,middle,True,True,0,20,40,"{""2"": 20}",0,20,0,20,129
results\d6_r2_formal\raw_r1\boot_05\batch_20260920T112818.445744Z_9b6f04cb.json.gz,20260920T112818.445744Z_9b6f04cb,4,887cfd6d-64b0-4141-9ca7-6b525ab747d9,d6r2_887cfd6d-64b0-4141-9ca7-6b525ab747d9_9705_b0ed3801,101,test:sham,normal,baseline,role_aggregate,20,128,32,middle,True,True,0,20,40,"{""2"": 20}",0,20,0,20,129
results\d6_r2_formal\raw_r1\boot_05\batch_20260920T112820.374267Z_b91a4d62.json.gz,20260920T112820.374267Z_b91a4d62,4,887cfd6d-64b0-4141-9ca7-6b525ab747d9,d6r2_887cfd6d-64b0-4141-9ca7-6b525ab747d9_9705_b0ed3801,102,test:sham,normal,baseline,role_aggregate,20,128,32,middle,True,True,0,20,40,"{""2"": 20}",0,20,0,20,129
results\d6_r2_formal\raw_r1\boot_05\batch_20260920T112822.303098Z_4aa34ced.json.gz,20260920T112822.303098Z_4aa34ced,4,887cfd6d-64b0-4141-9ca7-6b525ab747d9,d6r2_887cfd6d-64b0-4141-9ca7-6b525ab747d9_9705_b0ed3801,103,test:sham,normal,baseline,role_aggregate,20,128,32,middle,True,True,0,20,40,"{""2"": 20}",0,20,0,20,129
results\d6_r2_formal\raw_r1\boot_05\batch_20260920T112824.255696Z_be249ce1.json.gz,20260920T112824.255696Z_be249ce1,4,887cfd6d-64b0-4141-9ca7-6b525ab747d9,d6r2_887cfd6d-64b0-4141-9ca7-6b525ab747d9_9705_b0ed3801,104,test:sham,normal,baseline,role_aggregate,20,128,32,middle,True,True,0,20,40,"{""2"": 20}",0,20,0,20,129
results\d6_r2_formal\raw_r1\boot_05\batch_20260920T112826.173360Z_338c9b41.json.gz,20260920T112826.173360Z_338c9b41,4,887cfd6d-64b0-4141-9ca7-6b525ab747d9,d6r2_887cfd6d-64b0-4141-9ca7-6b525ab747d9_9705_b0ed3801,105,test:sham,normal,baseline,role_aggregate,20,128,32,middle,True,True,0,20,40,"{""2"": 20}",0,20,0,20,129
results\d6_r2_formal\raw_r1\boot_05\batch_20260920T112828.143925Z_15ef7db6.json.gz,20260920T112828.143925Z_15ef7db6,4,887cfd6d-64b0-4141-9ca7-6b525ab747d9,d6r2_887cfd6d-64b0-4141-9ca7-6b525ab747d9_9705_b0ed3801,106,test:sham,normal,baseline,role_aggregate,20,128,32,middle,True,True,0,20,40,"{""2"": 20}",0,20,0,20,129
results\d6_r2_formal\raw_r1\boot_05\batch_20260920T112830.070064Z_a2bae3e4.json.gz,20260920T112830.070064Z_a2bae3e4,4,887cfd6d-64b0-4141-9ca7-6b525ab747d9,d6r2_887cfd6d-64b0-4141-9ca7-6b525ab747d9_9705_b0ed3801,107,test:sham,normal,baseline,role_aggregate,20,128,32,middle,True,True,0,20,40,"{""2"": 20}",0,20,0,20,129
results\d6_r2_formal\raw_r1\boot_05\batch_20260920T112832.005754Z_bbbfb71a.json.gz,20260920T112832.005754Z_bbbfb71a,4,887cfd6d-64b0-4141-9ca7-6b525ab747d9,d6r2_887cfd6d-64b0-4141-9ca7-6b525ab747d9_9705_b0ed3801,108,test:sham,normal,baseline,role_aggregate,20,128,32,middle,True,True,0,20,40,"{""2"": 20}",0,20,0,20,129
results\d6_r2_formal\raw_r1\boot_05\batch_20260920T112833.963200Z_d580979a.json.gz,20260920T112833.963200Z_d580979a,4,887cfd6d-64b0-4141-9ca7-6b525ab747d9,d6r2_887cfd6d-64b0-4141-9ca7-6b525ab747d9_9705_b0ed3801,109,test:sham,normal,baseline,role_aggregate,20,128,32,middle,True,True,0,20,40,"{""2"": 20}",0,20,0,20,129
results\d6_r2_formal\raw_r1\boot_05\batch_20260920T112842.056090Z_2fb90723.json.gz,20260920T112842.056090Z_2fb90723,4,887cfd6d-64b0-4141-9ca7-6b525ab747d9,d6r2_887cfd6d-64b0-4141-9ca7-6b525ab747d9_9705_b0ed3801,110,test:sham,normal,cpu,role_aggregate,20,128,32,middle,True,True,0,20,40,"{""2"": 20}",0,20,0,20,129
results\d6_r2_formal\raw_r1\boot_05\batch_20260920T112850.099746Z_6476b842.json.gz,20260920T112850.099746Z_6476b842,4,887cfd6d-64b0-4141-9ca7-6b525ab747d9,d6r2_887cfd6d-64b0-4141-9ca7-6b525ab747d9_9705_b0ed3801,111,test:sham,normal,cpu,role_aggregate,20,128,32,middle,True,True,0,20,40,"{""2"": 20}",0,20,0,20,129
results\d6_r2_formal\raw_r1\boot_05\batch_20260920T112858.148888Z_978b5705.json.gz,20260920T112858.148888Z_978b5705,4,887cfd6d-64b0-4141-9ca7-6b525ab747d9,d6r2_887cfd6d-64b0-4141-9ca7-6b525ab747d9_9705_b0ed3801,112,test:sham,normal,cpu,role_aggregate,20,128,32,middle,True,True,0,20,40,"{""2"": 20}",0,20,0,20,129
results\d6_r2_formal\raw_r1\boot_05\batch_20260920T112906.204167Z_7cc573f4.json.gz,20260920T112906.204167Z_7cc573f4,4,887cfd6d-64b0-4141-9ca7-6b525ab747d9,d6r2_887cfd6d-64b0-4141-9ca7-6b525ab747d9_9705_b0ed3801,113,test:sham,normal,cpu,role_aggregate,20,128,32,middle,True,True,0,20,40,"{""2"": 20}",0,20,0,20,129
results\d6_r2_formal\raw_r1\boot_05\batch_20260920T112914.287654Z_6934e961.json.gz,20260920T112914.287654Z_6934e961,4,887cfd6d-64b0-4141-9ca7-6b525ab747d9,d6r2_887cfd6d-64b0-4141-9ca7-6b525ab747d9_9705_b0ed3801,114,test:sham,normal,cpu,role_aggregate,20,128,32,middle,True,True,0,20,40,"{""2"": 20}",0,20,0,20,129
results\d6_r2_formal\raw_r1\boot_05\batch_20260920T112922.384344Z_ff02541a.json.gz,20260920T112922.384344Z_ff02541a,4,887cfd6d-64b0-4141-9ca7-6b525ab747d9,d6r2_887cfd6d-64b0-4141-9ca7-6b525ab747d9_9705_b0ed3801,115,test:sham,normal,cpu,role_aggregate,20,128,32,middle,True,True,0,20,40,"{""2"": 20}",0,20,0,20,129
results\d6_r2_formal\raw_r1\boot_05\batch_20260920T112930.471279Z_4eabf844.json.gz,20260920T112930.471279Z_4eabf844,4,887cfd6d-64b0-4141-9ca7-6b525ab747d9,d6r2_887cfd6d-64b0-4141-9ca7-6b525ab747d9_9705_b0ed3801,116,test:sham,normal,cpu,role_aggregate,20,128,32,middle,True,True,0,20,40,"{""2"": 20}",0,20,0,20,129
results\d6_r2_formal\raw_r1\boot_05\batch_20260920T112938.617344Z_953f8e0b.json.gz,20260920T112938.617344Z_953f8e0b,4,887cfd6d-64b0-4141-9ca7-6b525ab747d9,d6r2_887cfd6d-64b0-4141-9ca7-6b525ab747d9_9705_b0ed3801,117,test:sham,normal,cpu,role_aggregate,20,128,32,middle,True,True,0,20,40,"{""2"": 20}",0,20,0,20,129
results\d6_r2_formal\raw_r1\boot_05\batch_20260920T112946.647084Z_bbe802c5.json.gz,20260920T112946.647084Z_bbe802c5,4,887cfd6d-64b0-4141-9ca7-6b525ab747d9,d6r2_887cfd6d-64b0-4141-9ca7-6b525ab747d9_9705_b0ed3801,118,test:sham,normal,cpu,role_aggregate,20,128,32,middle,True,True,0,20,40,"{""2"": 20}",0,20,0,20,129
results\d6_r2_formal\raw_r1\boot_05\batch_20260920T112954.727972Z_d07bfeb0.json.gz,20260920T112954.727972Z_d07bfeb0,4,887cfd6d-64b0-4141-9ca7-6b525ab747d9,d6r2_887cfd6d-64b0-4141-9ca7-6b525ab747d9_9705_b0ed3801,119,test:sham,normal,cpu,role_aggregate,20,128,32,middle,True,True,0,20,40,"{""2"": 20}",0,20,0,20,129
results\d6_r2_formal\raw_r1\boot_05\batch_20260920T112956.791033Z_e95862cd.json.gz,20260920T112956.791033Z_e95862cd,4,887cfd6d-64b0-4141-9ca7-6b525ab747d9,d6r2_887cfd6d-64b0-4141-9ca7-6b525ab747d9_9705_b0ed3801,120,test:unloaded,normal,baseline,role_aggregate,20,128,32,middle,True,True,0,20,40,"{""2"": 20}",0,20,0,20,129
results\d6_r2_formal\raw_r1\boot_05\batch_20260920T112958.645197Z_e4de63da.json.gz,20260920T112958.645197Z_e4de63da,4,887cfd6d-64b0-4141-9ca7-6b525ab747d9,d6r2_887cfd6d-64b0-4141-9ca7-6b525ab747d9_9705_b0ed3801,121,test:unloaded,normal,baseline,role_aggregate,20,128,32,middle,True,True,0,20,40,"{""2"": 20}",0,20,0,20,129
results\d6_r2_formal\raw_r1\boot_05\batch_20260920T113000.509127Z_17db6b2e.json.gz,20260920T113000.509127Z_17db6b2e,4,887cfd6d-64b0-4141-9ca7-6b525ab747d9,d6r2_887cfd6d-64b0-4141-9ca7-6b525ab747d9_9705_b0ed3801,122,test:unloaded,normal,baseline,role_aggregate,20,128,32,middle,True,True,0,20,40,"{""2"": 20}",0,20,0,20,129
results\d6_r2_formal\raw_r1\boot_05\batch_20260920T113002.433363Z_fddbb08f.json.gz,20260920T113002.433363Z_fddbb08f,4,887cfd6d-64b0-4141-9ca7-6b525ab747d9,d6r2_887cfd6d-64b0-4141-9ca7-6b525ab747d9_9705_b0ed3801,123,test:unloaded,normal,baseline,role_aggregate,20,128,32,middle,True,True,0,20,40,"{""2"": 20}",0,20,0,20,129
results\d6_r2_formal\raw_r1\boot_05\batch_20260920T113004.333992Z_055232d3.json.gz,20260920T113004.333992Z_055232d3,4,887cfd6d-64b0-4141-9ca7-6b525ab747d9,d6r2_887cfd6d-64b0-4141-9ca7-6b525ab747d9_9705_b0ed3801,124,test:unloaded,normal,baseline,role_aggregate,20,128,32,middle,True,True,0,20,40,"{""2"": 20}",0,20,0,20,129
results\d6_r2_formal\raw_r1\boot_05\batch_20260920T113006.205325Z_aa3801aa.json.gz,20260920T113006.205325Z_aa3801aa,4,887cfd6d-64b0-4141-9ca7-6b525ab747d9,d6r2_887cfd6d-64b0-4141-9ca7-6b525ab747d9_9705_b0ed3801,125,test:unloaded,normal,baseline,role_aggregate,20,128,32,middle,True,True,0,20,40,"{""2"": 20}",0,20,0,20,129
results\d6_r2_formal\raw_r1\boot_05\batch_20260920T113008.099992Z_d9ba00e1.json.gz,20260920T113008.099992Z_d9ba00e1,4,887cfd6d-64b0-4141-9ca7-6b525ab747d9,d6r2_887cfd6d-64b0-4141-9ca7-6b525ab747d9_9705_b0ed3801,126,test:unloaded,normal,baseline,role_aggregate,20,128,32,middle,True,True,0,20,40,"{""2"": 20}",0,20,0,20,129
results\d6_r2_formal\raw_r1\boot_05\batch_20260920T113010.025604Z_fb08863a.json.gz,20260920T113010.025604Z_fb08863a,4,887cfd6d-64b0-4141-9ca7-6b525ab747d9,d6r2_887cfd6d-64b0-4141-9ca7-6b525ab747d9_9705_b0ed3801,127,test:unloaded,normal,baseline,role_aggregate,20,128,32,middle,True,True,0,20,40,"{""2"": 20}",0,20,0,20,129
results\d6_r2_formal\raw_r1\boot_05\batch_20260920T113011.930582Z_f0cba79c.json.gz,20260920T113011.930582Z_f0cba79c,4,887cfd6d-64b0-4141-9ca7-6b525ab747d9,d6r2_887cfd6d-64b0-4141-9ca7-6b525ab747d9_9705_b0ed3801,128,test:unloaded,normal,baseline,role_aggregate,20,128,32,middle,True,True,0,20,40,"{""2"": 20}",0,20,0,20,129
results\d6_r2_formal\raw_r1\boot_05\batch_20260920T113013.806727Z_1df3523f.json.gz,20260920T113013.806727Z_1df3523f,4,887cfd6d-64b0-4141-9ca7-6b525ab747d9,d6r2_887cfd6d-64b0-4141-9ca7-6b525ab747d9_9705_b0ed3801,129,test:unloaded,normal,baseline,role_aggregate,20,128,32,middle,True,True,0,20,40,"{""2"": 20}",0,20,0,20,129
results\d6_r2_formal\raw_r1\boot_05\batch_20260920T113015.682909Z_a0e1ba4b.json.gz,20260920T113015.682909Z_a0e1ba4b,4,887cfd6d-64b0-4141-9ca7-6b525ab747d9,d6r2_887cfd6d-64b0-4141-9ca7-6b525ab747d9_9705_b0ed3801,130,test:unloaded,normal,baseline,role_aggregate,20,128,32,middle,True,True,0,20,40,"{""2"": 20}",0,20,0,20,129
results\d6_r2_formal\raw_r1\boot_05\batch_20260920T113017.565000Z_d6e2e834.json.gz,20260920T113017.565000Z_d6e2e834,4,887cfd6d-64b0-4141-9ca7-6b525ab747d9,d6r2_887cfd6d-64b0-4141-9ca7-6b525ab747d9_9705_b0ed3801,131,test:unloaded,normal,baseline,role_aggregate,20,128,32,middle,True,True,0,20,40,"{""2"": 20}",0,20,0,20,129
results\d6_r2_formal\raw_r1\boot_05\batch_20260920T113019.457305Z_839c4560.json.gz,20260920T113019.457305Z_839c4560,4,887cfd6d-64b0-4141-9ca7-6b525ab747d9,d6r2_887cfd6d-64b0-4141-9ca7-6b525ab747d9_9705_b0ed3801,132,test:unloaded,normal,baseline,role_aggregate,20,128,32,middle,True,True,0,20,40,"{""2"": 20}",0,20,0,20,129
results\d6_r2_formal\raw_r1\boot_05\batch_20260920T113021.293453Z_5ebf9d25.json.gz,20260920T113021.293453Z_5ebf9d25,4,887cfd6d-64b0-4141-9ca7-6b525ab747d9,d6r2_887cfd6d-64b0-4141-9ca7-6b525ab747d9_9705_b0ed3801,133,test:unloaded,normal,baseline,role_aggregate,20,128,32,middle,True,True,0,20,40,"{""2"": 20}",0,20,0,20,129
results\d6_r2_formal\raw_r1\boot_05\batch_20260920T113023.189831Z_ec4f59b8.json.gz,20260920T113023.189831Z_ec4f59b8,4,887cfd6d-64b0-4141-9ca7-6b525ab747d9,d6r2_887cfd6d-64b0-4141-9ca7-6b525ab747d9_9705_b0ed3801,134,test:unloaded,normal,baseline,role_aggregate,20,128,32,middle,True,True,0,20,40,"{""2"": 20}",0,20,0,20,129
results\d6_r2_formal\raw_r1\boot_05\batch_20260920T113025.090540Z_df157ca5.json.gz,20260920T113025.090540Z_df157ca5,4,887cfd6d-64b0-4141-9ca7-6b525ab747d9,d6r2_887cfd6d-64b0-4141-9ca7-6b525ab747d9_9705_b0ed3801,135,test:unloaded,normal,baseline,role_aggregate,20,128,32,middle,True,True,0,20,40,"{""2"": 20}",0,20,0,20,129
results\d6_r2_formal\raw_r1\boot_05\batch_20260920T113027.014985Z_bd17a637.json.gz,20260920T113027.014985Z_bd17a637,4,887cfd6d-64b0-4141-9ca7-6b525ab747d9,d6r2_887cfd6d-64b0-4141-9ca7-6b525ab747d9_9705_b0ed3801,136,test:unloaded,normal,baseline,role_aggregate,20,128,32,middle,True,True,0,20,40,"{""2"": 20}",0,20,0,20,129
results\d6_r2_formal\raw_r1\boot_05\batch_20260920T113028.886305Z_961b7290.json.gz,20260920T113028.886305Z_961b7290,4,887cfd6d-64b0-4141-9ca7-6b525ab747d9,d6r2_887cfd6d-64b0-4141-9ca7-6b525ab747d9_9705_b0ed3801,137,test:unloaded,normal,baseline,role_aggregate,20,128,32,middle,True,True,0,20,40,"{""2"": 20}",0,20,0,20,129
results\d6_r2_formal\raw_r1\boot_05\batch_20260920T113030.764257Z_40f45711.json.gz,20260920T113030.764257Z_40f45711,4,887cfd6d-64b0-4141-9ca7-6b525ab747d9,d6r2_887cfd6d-64b0-4141-9ca7-6b525ab747d9_9705_b0ed3801,138,test:unloaded,normal,baseline,role_aggregate,20,128,32,middle,True,True,0,20,40,"{""2"": 20}",0,20,0,20,129
results\d6_r2_formal\raw_r1\boot_05\batch_20260920T113032.641916Z_54b5caea.json.gz,20260920T113032.641916Z_54b5caea,4,887cfd6d-64b0-4141-9ca7-6b525ab747d9,d6r2_887cfd6d-64b0-4141-9ca7-6b525ab747d9_9705_b0ed3801,139,test:unloaded,normal,baseline,role_aggregate,20,128,32,middle,True,True,0,20,40,"{""2"": 20}",0,20,0,20,129
results\d6_r2_formal\raw_r1\boot_05\batch_20260920T113040.683398Z_c08d76ae.json.gz,20260920T113040.683398Z_c08d76ae,4,887cfd6d-64b0-4141-9ca7-6b525ab747d9,d6r2_887cfd6d-64b0-4141-9ca7-6b525ab747d9_9705_b0ed3801,140,test:unloaded,normal,cpu,role_aggregate,20,128,32,middle,True,True,0,20,40,"{""2"": 20}",0,20,0,20,129
results\d6_r2_formal\raw_r1\boot_05\batch_20260920T113048.717243Z_bd56ccf4.json.gz,20260920T113048.717243Z_bd56ccf4,4,887cfd6d-64b0-4141-9ca7-6b525ab747d9,d6r2_887cfd6d-64b0-4141-9ca7-6b525ab747d9_9705_b0ed3801,141,test:unloaded,normal,cpu,role_aggregate,20,128,32,middle,True,True,0,20,40,"{""2"": 20}",0,20,0,20,129
results\d6_r2_formal\raw_r1\boot_05\batch_20260920T113056.786901Z_08d1b430.json.gz,20260920T113056.786901Z_08d1b430,4,887cfd6d-64b0-4141-9ca7-6b525ab747d9,d6r2_887cfd6d-64b0-4141-9ca7-6b525ab747d9_9705_b0ed3801,142,test:unloaded,normal,cpu,role_aggregate,20,128,32,middle,True,True,0,20,40,"{""2"": 20}",0,20,0,20,129
results\d6_r2_formal\raw_r1\boot_05\batch_20260920T113104.779159Z_9cb0efa9.json.gz,20260920T113104.779159Z_9cb0efa9,4,887cfd6d-64b0-4141-9ca7-6b525ab747d9,d6r2_887cfd6d-64b0-4141-9ca7-6b525ab747d9_9705_b0ed3801,143,test:unloaded,normal,cpu,role_aggregate,20,128,32,middle,True,True,0,20,40,"{""2"": 20}",0,20,0,20,129
results\d6_r2_formal\raw_r1\boot_05\batch_20260920T113112.843344Z_494af3c5.json.gz,20260920T113112.843344Z_494af3c5,4,887cfd6d-64b0-4141-9ca7-6b525ab747d9,d6r2_887cfd6d-64b0-4141-9ca7-6b525ab747d9_9705_b0ed3801,144,test:unloaded,normal,cpu,role_aggregate,20,128,32,middle,True,True,0,20,40,"{""2"": 20}",0,20,0,20,129
results\d6_r2_formal\raw_r1\boot_05\batch_20260920T113120.902608Z_632c92d0.json.gz,20260920T113120.902608Z_632c92d0,4,887cfd6d-64b0-4141-9ca7-6b525ab747d9,d6r2_887cfd6d-64b0-4141-9ca7-6b525ab747d9_9705_b0ed3801,145,test:unloaded,normal,cpu,role_aggregate,20,128,32,middle,True,True,0,20,40,"{""2"": 20}",0,20,0,20,129
results\d6_r2_formal\raw_r1\boot_05\batch_20260920T113128.939004Z_c64b67b5.json.gz,20260920T113128.939004Z_c64b67b5,4,887cfd6d-64b0-4141-9ca7-6b525ab747d9,d6r2_887cfd6d-64b0-4141-9ca7-6b525ab747d9_9705_b0ed3801,146,test:unloaded,normal,cpu,role_aggregate,20,128,32,middle,True,True,0,20,40,"{""2"": 20}",0,20,0,20,129
results\d6_r2_formal\raw_r1\boot_05\batch_20260920T113136.978086Z_f61e93dc.json.gz,20260920T113136.978086Z_f61e93dc,4,887cfd6d-64b0-4141-9ca7-6b525ab747d9,d6r2_887cfd6d-64b0-4141-9ca7-6b525ab747d9_9705_b0ed3801,147,test:unloaded,normal,cpu,role_aggregate,20,128,32,middle,True,True,0,20,40,"{""2"": 20}",0,20,0,20,129
results\d6_r2_formal\raw_r1\boot_05\batch_20260920T113145.009810Z_7dfbbef8.json.gz,20260920T113145.009810Z_7dfbbef8,4,887cfd6d-64b0-4141-9ca7-6b525ab747d9,d6r2_887cfd6d-64b0-4141-9ca7-6b525ab747d9_9705_b0ed3801,148,test:unloaded,normal,cpu,role_aggregate,20,128,32,middle,True,True,0,20,40,"{""2"": 20}",0,20,0,20,129
results\d6_r2_formal\raw_r1\boot_05\batch_20260920T113153.033926Z_ad7bb29a.json.gz,20260920T113153.033926Z_ad7bb29a,4,887cfd6d-64b0-4141-9ca7-6b525ab747d9,d6r2_887cfd6d-64b0-4141-9ca7-6b525ab747d9_9705_b0ed3801,149,test:unloaded,normal,cpu,role_aggregate,20,128,32,middle,True,True,0,20,40,"{""2"": 20}",0,20,0,20,129
results\d6_r2_formal\raw_r1\boot_05\batch_20260920T113201.009897Z_307a65d0.json.gz,20260920T113201.009897Z_307a65d0,4,887cfd6d-64b0-4141-9ca7-6b525ab747d9,d6r2_887cfd6d-64b0-4141-9ca7-6b525ab747d9_9705_b0ed3801,150,test:unloaded,normal,cpu,role_aggregate,20,128,32,middle,True,True,0,20,40,"{""2"": 20}",0,20,0,20,129
results\d6_r2_formal\raw_r1\boot_05\batch_20260920T113209.007817Z_3a97318c.json.gz,20260920T113209.007817Z_3a97318c,4,887cfd6d-64b0-4141-9ca7-6b525ab747d9,d6r2_887cfd6d-64b0-4141-9ca7-6b525ab747d9_9705_b0ed3801,151,test:unloaded,normal,cpu,role_aggregate,20,128,32,middle,True,True,0,20,40,"{""2"": 20}",0,20,0,20,129
results\d6_r2_formal\raw_r1\boot_05\batch_20260920T113217.007587Z_d5a480b1.json.gz,20260920T113217.007587Z_d5a480b1,4,887cfd6d-64b0-4141-9ca7-6b525ab747d9,d6r2_887cfd6d-64b0-4141-9ca7-6b525ab747d9_9705_b0ed3801,152,test:unloaded,normal,cpu,role_aggregate,20,128,32,middle,True,True,0,20,40,"{""2"": 20}",0,20,0,20,129
results\d6_r2_formal\raw_r1\boot_05\batch_20260920T113224.982649Z_f7e0e61a.json.gz,20260920T113224.982649Z_f7e0e61a,4,887cfd6d-64b0-4141-9ca7-6b525ab747d9,d6r2_887cfd6d-64b0-4141-9ca7-6b525ab747d9_9705_b0ed3801,153,test:unloaded,normal,cpu,role_aggregate,20,128,32,middle,True,True,0,20,40,"{""2"": 20}",0,20,0,20,129
results\d6_r2_formal\raw_r1\boot_05\batch_20260920T113233.019322Z_87c7ada2.json.gz,20260920T113233.019322Z_87c7ada2,4,887cfd6d-64b0-4141-9ca7-6b525ab747d9,d6r2_887cfd6d-64b0-4141-9ca7-6b525ab747d9_9705_b0ed3801,154,test:unloaded,normal,cpu,role_aggregate,20,128,32,middle,True,True,0,20,40,"{""2"": 20}",0,20,0,20,129
results\d6_r2_formal\raw_r1\boot_05\batch_20260920T113241.011775Z_03f0b551.json.gz,20260920T113241.011775Z_03f0b551,4,887cfd6d-64b0-4141-9ca7-6b525ab747d9,d6r2_887cfd6d-64b0-4141-9ca7-6b525ab747d9_9705_b0ed3801,155,test:unloaded,normal,cpu,role_aggregate,20,128,32,middle,True,True,0,20,40,"{""2"": 20}",0,20,0,20,129
results\d6_r2_formal\raw_r1\boot_05\batch_20260920T113249.054399Z_dde728e8.json.gz,20260920T113249.054399Z_dde728e8,4,887cfd6d-64b0-4141-9ca7-6b525ab747d9,d6r2_887cfd6d-64b0-4141-9ca7-6b525ab747d9_9705_b0ed3801,156,test:unloaded,normal,cpu,role_aggregate,20,128,32,middle,True,True,0,20,40,"{""2"": 20}",0,20,0,20,129
results\d6_r2_formal\raw_r1\boot_05\batch_20260920T113257.057126Z_e7ea97f1.json.gz,20260920T113257.057126Z_e7ea97f1,4,887cfd6d-64b0-4141-9ca7-6b525ab747d9,d6r2_887cfd6d-64b0-4141-9ca7-6b525ab747d9_9705_b0ed3801,157,test:unloaded,normal,cpu,role_aggregate,20,128,32,middle,True,True,0,20,40,"{""2"": 20}",0,20,0,20,129
results\d6_r2_formal\raw_r1\boot_05\batch_20260920T113305.093837Z_65d4d426.json.gz,20260920T113305.093837Z_65d4d426,4,887cfd6d-64b0-4141-9ca7-6b525ab747d9,d6r2_887cfd6d-64b0-4141-9ca7-6b525ab747d9_9705_b0ed3801,158,test:unloaded,normal,cpu,role_aggregate,20,128,32,middle,True,True,0,20,40,"{""2"": 20}",0,20,0,20,129
results\d6_r2_formal\raw_r1\boot_05\batch_20260920T113313.123937Z_cfb3ce2e.json.gz,20260920T113313.123937Z_cfb3ce2e,4,887cfd6d-64b0-4141-9ca7-6b525ab747d9,d6r2_887cfd6d-64b0-4141-9ca7-6b525ab747d9_9705_b0ed3801,159,test:unloaded,normal,cpu,role_aggregate,20,128,32,middle,True,True,0,20,40,"{""2"": 20}",0,20,0,20,129
results\d6_r2_formal\raw_r1\boot_05\batch_20260920T113321.203621Z_2866074c.json.gz,20260920T113321.203621Z_2866074c,4,887cfd6d-64b0-4141-9ca7-6b525ab747d9,d6r2_887cfd6d-64b0-4141-9ca7-6b525ab747d9_9705_b0ed3801,160,test:unloaded,normal,cpu,role_aggregate,20,128,32,middle,True,True,0,20,40,"{""2"": 20}",0,20,0,20,129
results\d6_r2_formal\raw_r1\boot_05\batch_20260920T113329.242429Z_a5c77946.json.gz,20260920T113329.242429Z_a5c77946,4,887cfd6d-64b0-4141-9ca7-6b525ab747d9,d6r2_887cfd6d-64b0-4141-9ca7-6b525ab747d9_9705_b0ed3801,161,test:unloaded,normal,cpu,role_aggregate,20,128,32,middle,True,True,0,20,40,"{""2"": 20}",0,20,0,20,129
results\d6_r2_formal\raw_r1\boot_05\batch_20260920T113337.291887Z_ce20da01.json.gz,20260920T113337.291887Z_ce20da01,4,887cfd6d-64b0-4141-9ca7-6b525ab747d9,d6r2_887cfd6d-64b0-4141-9ca7-6b525ab747d9_9705_b0ed3801,162,test:unloaded,normal,cpu,role_aggregate,20,128,32,middle,True,True,0,20,40,"{""2"": 20}",0,20,0,20,129
results\d6_r2_formal\raw_r1\boot_05\batch_20260920T113345.328222Z_675c4a48.json.gz,20260920T113345.328222Z_675c4a48,4,887cfd6d-64b0-4141-9ca7-6b525ab747d9,d6r2_887cfd6d-64b0-4141-9ca7-6b525ab747d9_9705_b0ed3801,163,test:unloaded,normal,cpu,role_aggregate,20,128,32,middle,True,True,0,20,40,"{""2"": 20}",0,20,0,20,129
results\d6_r2_formal\raw_r1\boot_05\batch_20260920T113353.350158Z_ee7c2c7b.json.gz,20260920T113353.350158Z_ee7c2c7b,4,887cfd6d-64b0-4141-9ca7-6b525ab747d9,d6r2_887cfd6d-64b0-4141-9ca7-6b525ab747d9_9705_b0ed3801,164,test:unloaded,normal,cpu,role_aggregate,20,128,32,middle,True,True,0,20,40,"{""2"": 20}",0,20,0,20,129
results\d6_r2_formal\raw_r1\boot_05\batch_20260920T113401.390120Z_76493ef3.json.gz,20260920T113401.390120Z_76493ef3,4,887cfd6d-64b0-4141-9ca7-6b525ab747d9,d6r2_887cfd6d-64b0-4141-9ca7-6b525ab747d9_9705_b0ed3801,165,test:unloaded,normal,cpu,role_aggregate,20,128,32,middle,True,True,0,20,40,"{""2"": 20}",0,20,0,20,129
results\d6_r2_formal\raw_r1\boot_05\batch_20260920T113409.476842Z_65162f85.json.gz,20260920T113409.476842Z_65162f85,4,887cfd6d-64b0-4141-9ca7-6b525ab747d9,d6r2_887cfd6d-64b0-4141-9ca7-6b525ab747d9_9705_b0ed3801,166,test:unloaded,normal,cpu,role_aggregate,20,128,32,middle,True,True,0,20,40,"{""2"": 20}",0,20,0,20,129
results\d6_r2_formal\raw_r1\boot_05\batch_20260920T113417.506424Z_4dc0ee75.json.gz,20260920T113417.506424Z_4dc0ee75,4,887cfd6d-64b0-4141-9ca7-6b525ab747d9,d6r2_887cfd6d-64b0-4141-9ca7-6b525ab747d9_9705_b0ed3801,167,test:unloaded,normal,cpu,role_aggregate,20,128,32,middle,True,True,0,20,40,"{""2"": 20}",0,20,0,20,129
results\d6_r2_formal\raw_r1\boot_05\batch_20260920T113425.506249Z_20432da4.json.gz,20260920T113425.506249Z_20432da4,4,887cfd6d-64b0-4141-9ca7-6b525ab747d9,d6r2_887cfd6d-64b0-4141-9ca7-6b525ab747d9_9705_b0ed3801,168,test:unloaded,normal,cpu,role_aggregate,20,128,32,middle,True,True,0,20,40,"{""2"": 20}",0,20,0,20,129
results\d6_r2_formal\raw_r1\boot_05\batch_20260920T113433.541991Z_2d66ea47.json.gz,20260920T113433.541991Z_2d66ea47,4,887cfd6d-64b0-4141-9ca7-6b525ab747d9,d6r2_887cfd6d-64b0-4141-9ca7-6b525ab747d9_9705_b0ed3801,169,test:unloaded,normal,cpu,role_aggregate,20,128,32,middle,True,True,0,20,40,"{""2"": 20}",0,20,0,20,129
results\d6_r2_formal\raw_r1\boot_05\batch_20260920T113441.585111Z_425cc3c8.json.gz,20260920T113441.585111Z_425cc3c8,4,887cfd6d-64b0-4141-9ca7-6b525ab747d9,d6r2_887cfd6d-64b0-4141-9ca7-6b525ab747d9_9705_b0ed3801,170,test:unloaded,normal,cpu,role_aggregate,20,128,32,middle,True,True,0,20,40,"{""2"": 20}",0,20,0,20,129
results\d6_r2_formal\raw_r1\boot_05\batch_20260920T113449.639990Z_6edba5a5.json.gz,20260920T113449.639990Z_6edba5a5,4,887cfd6d-64b0-4141-9ca7-6b525ab747d9,d6r2_887cfd6d-64b0-4141-9ca7-6b525ab747d9_9705_b0ed3801,171,test:unloaded,normal,cpu,role_aggregate,20,128,32,middle,True,True,0,20,40,"{""2"": 20}",0,20,0,20,129
results\d6_r2_formal\raw_r1\boot_05\batch_20260920T113457.674836Z_caec6c75.json.gz,20260920T113457.674836Z_caec6c75,4,887cfd6d-64b0-4141-9ca7-6b525ab747d9,d6r2_887cfd6d-64b0-4141-9ca7-6b525ab747d9_9705_b0ed3801,172,test:unloaded,normal,cpu,role_aggregate,20,128,32,middle,True,True,0,20,40,"{""2"": 20}",0,20,0,20,129
results\d6_r2_formal\raw_r1\boot_05\batch_20260920T113505.690122Z_70a01d1f.json.gz,20260920T113505.690122Z_70a01d1f,4,887cfd6d-64b0-4141-9ca7-6b525ab747d9,d6r2_887cfd6d-64b0-4141-9ca7-6b525ab747d9_9705_b0ed3801,173,test:unloaded,normal,cpu,role_aggregate,20,128,32,middle,True,True,0,20,40,"{""2"": 20}",0,20,0,20,129
results\d6_r2_formal\raw_r1\boot_05\batch_20260920T113513.718853Z_7e9a5c30.json.gz,20260920T113513.718853Z_7e9a5c30,4,887cfd6d-64b0-4141-9ca7-6b525ab747d9,d6r2_887cfd6d-64b0-4141-9ca7-6b525ab747d9_9705_b0ed3801,174,test:unloaded,normal,cpu,role_aggregate,20,128,32,middle,True,True,0,20,40,"{""2"": 20}",0,20,0,20,129
results\d6_r2_formal\raw_r1\boot_05\batch_20260920T113521.787420Z_25cdf399.json.gz,20260920T113521.787420Z_25cdf399,4,887cfd6d-64b0-4141-9ca7-6b525ab747d9,d6r2_887cfd6d-64b0-4141-9ca7-6b525ab747d9_9705_b0ed3801,175,test:unloaded,normal,cpu,role_aggregate,20,128,32,middle,True,True,0,20,40,"{""2"": 20}",0,20,0,20,129
results\d6_r2_formal\raw_r1\boot_05\batch_20260920T113529.779333Z_840fef18.json.gz,20260920T113529.779333Z_840fef18,4,887cfd6d-64b0-4141-9ca7-6b525ab747d9,d6r2_887cfd6d-64b0-4141-9ca7-6b525ab747d9_9705_b0ed3801,176,test:unloaded,normal,cpu,role_aggregate,20,128,32,middle,True,True,0,20,40,"{""2"": 20}",0,20,0,20,129
results\d6_r2_formal\raw_r1\boot_05\batch_20260920T113537.860290Z_06006125.json.gz,20260920T113537.860290Z_06006125,4,887cfd6d-64b0-4141-9ca7-6b525ab747d9,d6r2_887cfd6d-64b0-4141-9ca7-6b525ab747d9_9705_b0ed3801,177,test:unloaded,normal,cpu,role_aggregate,20,128,32,middle,True,True,0,20,40,"{""2"": 20}",0,20,0,20,129
results\d6_r2_formal\raw_r1\boot_05\batch_20260920T113545.893014Z_3286bac6.json.gz,20260920T113545.893014Z_3286bac6,4,887cfd6d-64b0-4141-9ca7-6b525ab747d9,d6r2_887cfd6d-64b0-4141-9ca7-6b525ab747d9_9705_b0ed3801,178,test:unloaded,normal,cpu,role_aggregate,20,128,32,middle,True,True,0,20,40,"{""2"": 20}",0,20,0,20,129
results\d6_r2_formal\raw_r1\boot_05\batch_20260920T113553.884033Z_64f264ef.json.gz,20260920T113553.884033Z_64f264ef,4,887cfd6d-64b0-4141-9ca7-6b525ab747d9,d6r2_887cfd6d-64b0-4141-9ca7-6b525ab747d9_9705_b0ed3801,179,test:unloaded,normal,cpu,role_aggregate,20,128,32,middle,True,True,0,20,40,"{""2"": 20}",0,20,0,20,129
results\d6_r2_formal\raw_r1\boot_05\batch_20260920T113556.812819Z_91e48a98.json.gz,20260920T113556.812819Z_91e48a98,4,887cfd6d-64b0-4141-9ca7-6b525ab747d9,d6r2_887cfd6d-64b0-4141-9ca7-6b525ab747d9_9705_b0ed3801,180,test:unloaded,normal,memory,role_aggregate,20,128,32,middle,True,True,0,20,40,"{""2"": 20}",0,20,0,20,129
results\d6_r2_formal\raw_r1\boot_05\batch_20260920T113559.739065Z_77eecc79.json.gz,20260920T113559.739065Z_77eecc79,4,887cfd6d-64b0-4141-9ca7-6b525ab747d9,d6r2_887cfd6d-64b0-4141-9ca7-6b525ab747d9_9705_b0ed3801,181,test:unloaded,normal,memory,role_aggregate,20,128,32,middle,True,True,0,20,40,"{""2"": 20}",0,20,0,20,129
results\d6_r2_formal\raw_r1\boot_05\batch_20260920T113602.655280Z_f5beb87a.json.gz,20260920T113602.655280Z_f5beb87a,4,887cfd6d-64b0-4141-9ca7-6b525ab747d9,d6r2_887cfd6d-64b0-4141-9ca7-6b525ab747d9_9705_b0ed3801,182,test:unloaded,normal,memory,role_aggregate,20,128,32,middle,True,True,0,20,40,"{""2"": 20}",0,20,0,20,129
results\d6_r2_formal\raw_r1\boot_05\batch_20260920T113605.592625Z_ac18af3d.json.gz,20260920T113605.592625Z_ac18af3d,4,887cfd6d-64b0-4141-9ca7-6b525ab747d9,d6r2_887cfd6d-64b0-4141-9ca7-6b525ab747d9_9705_b0ed3801,183,test:unloaded,normal,memory,role_aggregate,20,128,32,middle,True,True,0,20,40,"{""2"": 20}",0,20,0,20,129
results\d6_r2_formal\raw_r1\boot_05\batch_20260920T113608.567006Z_08163bd7.json.gz,20260920T113608.567006Z_08163bd7,4,887cfd6d-64b0-4141-9ca7-6b525ab747d9,d6r2_887cfd6d-64b0-4141-9ca7-6b525ab747d9_9705_b0ed3801,184,test:unloaded,normal,memory,role_aggregate,20,128,32,middle,True,True,0,20,40,"{""2"": 20}",0,20,0,20,129
results\d6_r2_formal\raw_r1\boot_05\batch_20260920T113611.520141Z_e4f8f70a.json.gz,20260920T113611.520141Z_e4f8f70a,4,887cfd6d-64b0-4141-9ca7-6b525ab747d9,d6r2_887cfd6d-64b0-4141-9ca7-6b525ab747d9_9705_b0ed3801,185,test:unloaded,normal,memory,role_aggregate,20,128,32,middle,True,True,0,20,40,"{""2"": 20}",0,20,0,20,129
results\d6_r2_formal\raw_r1\boot_05\batch_20260920T113614.479805Z_6c5e4f88.json.gz,20260920T113614.479805Z_6c5e4f88,4,887cfd6d-64b0-4141-9ca7-6b525ab747d9,d6r2_887cfd6d-64b0-4141-9ca7-6b525ab747d9_9705_b0ed3801,186,test:unloaded,normal,memory,role_aggregate,20,128,32,middle,True,True,0,20,40,"{""2"": 20}",0,20,0,20,129
results\d6_r2_formal\raw_r1\boot_05\batch_20260920T113617.397703Z_8ff04a5b.json.gz,20260920T113617.397703Z_8ff04a5b,4,887cfd6d-64b0-4141-9ca7-6b525ab747d9,d6r2_887cfd6d-64b0-4141-9ca7-6b525ab747d9_9705_b0ed3801,187,test:unloaded,normal,memory,role_aggregate,20,128,32,middle,True,True,0,20,40,"{""2"": 20}",0,20,0,20,129
results\d6_r2_formal\raw_r1\boot_05\batch_20260920T113620.296610Z_d1707fe0.json.gz,20260920T113620.296610Z_d1707fe0,4,887cfd6d-64b0-4141-9ca7-6b525ab747d9,d6r2_887cfd6d-64b0-4141-9ca7-6b525ab747d9_9705_b0ed3801,188,test:unloaded,normal,memory,role_aggregate,20,128,32,middle,True,True,0,20,40,"{""2"": 20}",0,20,0,20,129
results\d6_r2_formal\raw_r1\boot_05\batch_20260920T113623.228986Z_f87a5a6f.json.gz,20260920T113623.228986Z_f87a5a6f,4,887cfd6d-64b0-4141-9ca7-6b525ab747d9,d6r2_887cfd6d-64b0-4141-9ca7-6b525ab747d9_9705_b0ed3801,189,test:unloaded,normal,memory,role_aggregate,20,128,32,middle,True,True,0,20,40,"{""2"": 20}",0,20,0,20,129
results\d6_r2_formal\raw_r1\boot_05\batch_20260920T113626.145937Z_59190098.json.gz,20260920T113626.145937Z_59190098,4,887cfd6d-64b0-4141-9ca7-6b525ab747d9,d6r2_887cfd6d-64b0-4141-9ca7-6b525ab747d9_9705_b0ed3801,190,test:unloaded,normal,memory,role_aggregate,20,128,32,middle,True,True,0,20,40,"{""2"": 20}",0,20,0,20,129
results\d6_r2_formal\raw_r1\boot_05\batch_20260920T113629.075594Z_1844e675.json.gz,20260920T113629.075594Z_1844e675,4,887cfd6d-64b0-4141-9ca7-6b525ab747d9,d6r2_887cfd6d-64b0-4141-9ca7-6b525ab747d9_9705_b0ed3801,191,test:unloaded,normal,memory,role_aggregate,20,128,32,middle,True,True,0,20,40,"{""2"": 20}",0,20,0,20,129
results\d6_r2_formal\raw_r1\boot_05\batch_20260920T113631.996357Z_55b02b28.json.gz,20260920T113631.996357Z_55b02b28,4,887cfd6d-64b0-4141-9ca7-6b525ab747d9,d6r2_887cfd6d-64b0-4141-9ca7-6b525ab747d9_9705_b0ed3801,192,test:unloaded,normal,memory,role_aggregate,20,128,32,middle,True,True,0,20,40,"{""2"": 20}",0,20,0,20,129
results\d6_r2_formal\raw_r1\boot_05\batch_20260920T113634.917300Z_1280ae05.json.gz,20260920T113634.917300Z_1280ae05,4,887cfd6d-64b0-4141-9ca7-6b525ab747d9,d6r2_887cfd6d-64b0-4141-9ca7-6b525ab747d9_9705_b0ed3801,193,test:unloaded,normal,memory,role_aggregate,20,128,32,middle,True,True,0,20,40,"{""2"": 20}",0,20,0,20,129
results\d6_r2_formal\raw_r1\boot_05\batch_20260920T113637.833344Z_4fac757b.json.gz,20260920T113637.833344Z_4fac757b,4,887cfd6d-64b0-4141-9ca7-6b525ab747d9,d6r2_887cfd6d-64b0-4141-9ca7-6b525ab747d9_9705_b0ed3801,194,test:unloaded,normal,memory,role_aggregate,20,128,32,middle,True,True,0,20,40,"{""2"": 20}",0,20,0,20,129
results\d6_r2_formal\raw_r1\boot_05\batch_20260920T113640.751329Z_aedfc7c2.json.gz,20260920T113640.751329Z_aedfc7c2,4,887cfd6d-64b0-4141-9ca7-6b525ab747d9,d6r2_887cfd6d-64b0-4141-9ca7-6b525ab747d9_9705_b0ed3801,195,test:unloaded,normal,memory,role_aggregate,20,128,32,middle,True,True,0,20,40,"{""2"": 20}",0,20,0,20,129
results\d6_r2_formal\raw_r1\boot_05\batch_20260920T113643.641808Z_8a83d723.json.gz,20260920T113643.641808Z_8a83d723,4,887cfd6d-64b0-4141-9ca7-6b525ab747d9,d6r2_887cfd6d-64b0-4141-9ca7-6b525ab747d9_9705_b0ed3801,196,test:unloaded,normal,memory,role_aggregate,20,128,32,middle,True,True,0,20,40,"{""2"": 20}",0,20,0,20,129
results\d6_r2_formal\raw_r1\boot_05\batch_20260920T113646.553892Z_cfc43a75.json.gz,20260920T113646.553892Z_cfc43a75,4,887cfd6d-64b0-4141-9ca7-6b525ab747d9,d6r2_887cfd6d-64b0-4141-9ca7-6b525ab747d9_9705_b0ed3801,197,test:unloaded,normal,memory,role_aggregate,20,128,32,middle,True,True,0,20,40,"{""2"": 20}",0,20,0,20,129
results\d6_r2_formal\raw_r1\boot_05\batch_20260920T113649.429300Z_a53771e1.json.gz,20260920T113649.429300Z_a53771e1,4,887cfd6d-64b0-4141-9ca7-6b525ab747d9,d6r2_887cfd6d-64b0-4141-9ca7-6b525ab747d9_9705_b0ed3801,198,test:unloaded,normal,memory,role_aggregate,20,128,32,middle,True,True,0,20,40,"{""2"": 20}",0,20,0,20,129
results\d6_r2_formal\raw_r1\boot_05\batch_20260920T113652.342758Z_876423ba.json.gz,20260920T113652.342758Z_876423ba,4,887cfd6d-64b0-4141-9ca7-6b525ab747d9,d6r2_887cfd6d-64b0-4141-9ca7-6b525ab747d9_9705_b0ed3801,199,test:unloaded,normal,memory,role_aggregate,20,128,32,middle,True,True,0,20,40,"{""2"": 20}",0,20,0,20,129
results\d6_r2_formal\raw_r1\boot_05\batch_20260920T113655.224028Z_d99ecd39.json.gz,20260920T113655.224028Z_d99ecd39,4,887cfd6d-64b0-4141-9ca7-6b525ab747d9,d6r2_887cfd6d-64b0-4141-9ca7-6b525ab747d9_9705_b0ed3801,200,test:unloaded,normal,memory,role_aggregate,20,128,32,middle,True,True,0,20,40,"{""2"": 20}",0,20,0,20,129
results\d6_r2_formal\raw_r1\boot_05\batch_20260920T113658.138019Z_9616e880.json.gz,20260920T113658.138019Z_9616e880,4,887cfd6d-64b0-4141-9ca7-6b525ab747d9,d6r2_887cfd6d-64b0-4141-9ca7-6b525ab747d9_9705_b0ed3801,201,test:unloaded,normal,memory,role_aggregate,20,128,32,middle,True,True,0,20,40,"{""2"": 20}",0,20,0,20,129
results\d6_r2_formal\raw_r1\boot_05\batch_20260920T113701.067196Z_a6ba093e.json.gz,20260920T113701.067196Z_a6ba093e,4,887cfd6d-64b0-4141-9ca7-6b525ab747d9,d6r2_887cfd6d-64b0-4141-9ca7-6b525ab747d9_9705_b0ed3801,202,test:unloaded,normal,memory,role_aggregate,20,128,32,middle,True,True,0,20,40,"{""2"": 20}",0,20,0,20,129
results\d6_r2_formal\raw_r1\boot_05\batch_20260920T113703.997289Z_9a3bbe9f.json.gz,20260920T113703.997289Z_9a3bbe9f,4,887cfd6d-64b0-4141-9ca7-6b525ab747d9,d6r2_887cfd6d-64b0-4141-9ca7-6b525ab747d9_9705_b0ed3801,203,test:unloaded,normal,memory,role_aggregate,20,128,32,middle,True,True,0,20,40,"{""2"": 20}",0,20,0,20,129
results\d6_r2_formal\raw_r1\boot_05\batch_20260920T113706.916865Z_0bd57bec.json.gz,20260920T113706.916865Z_0bd57bec,4,887cfd6d-64b0-4141-9ca7-6b525ab747d9,d6r2_887cfd6d-64b0-4141-9ca7-6b525ab747d9_9705_b0ed3801,204,test:unloaded,normal,memory,role_aggregate,20,128,32,middle,True,True,0,20,40,"{""2"": 20}",0,20,0,20,129
results\d6_r2_formal\raw_r1\boot_05\batch_20260920T113709.862898Z_b38fddeb.json.gz,20260920T113709.862898Z_b38fddeb,4,887cfd6d-64b0-4141-9ca7-6b525ab747d9,d6r2_887cfd6d-64b0-4141-9ca7-6b525ab747d9_9705_b0ed3801,205,test:unloaded,normal,memory,role_aggregate,20,128,32,middle,True,True,0,20,40,"{""2"": 20}",0,20,0,20,129
results\d6_r2_formal\raw_r1\boot_05\batch_20260920T113712.806147Z_ffd8ff49.json.gz,20260920T113712.806147Z_ffd8ff49,4,887cfd6d-64b0-4141-9ca7-6b525ab747d9,d6r2_887cfd6d-64b0-4141-9ca7-6b525ab747d9_9705_b0ed3801,206,test:unloaded,normal,memory,role_aggregate,20,128,32,middle,True,True,0,20,40,"{""2"": 20}",0,20,0,20,129
results\d6_r2_formal\raw_r1\boot_05\batch_20260920T113715.737985Z_f8e6e67f.json.gz,20260920T113715.737985Z_f8e6e67f,4,887cfd6d-64b0-4141-9ca7-6b525ab747d9,d6r2_887cfd6d-64b0-4141-9ca7-6b525ab747d9_9705_b0ed3801,207,test:unloaded,normal,memory,role_aggregate,20,128,32,middle,True,True,0,20,40,"{""2"": 20}",0,20,0,20,129
results\d6_r2_formal\raw_r1\boot_05\batch_20260920T113718.689966Z_b4dd5b99.json.gz,20260920T113718.689966Z_b4dd5b99,4,887cfd6d-64b0-4141-9ca7-6b525ab747d9,d6r2_887cfd6d-64b0-4141-9ca7-6b525ab747d9_9705_b0ed3801,208,test:unloaded,normal,memory,role_aggregate,20,128,32,middle,True,True,0,20,40,"{""2"": 20}",0,20,0,20,129
results\d6_r2_formal\raw_r1\boot_05\batch_20260920T113721.622483Z_14711c9b.json.gz,20260920T113721.622483Z_14711c9b,4,887cfd6d-64b0-4141-9ca7-6b525ab747d9,d6r2_887cfd6d-64b0-4141-9ca7-6b525ab747d9_9705_b0ed3801,209,test:unloaded,normal,memory,role_aggregate,20,128,32,middle,True,True,0,20,40,"{""2"": 20}",0,20,0,20,129
results\d6_r2_formal\raw_r1\boot_05\batch_20260920T113724.547389Z_b2111caf.json.gz,20260920T113724.547389Z_b2111caf,4,887cfd6d-64b0-4141-9ca7-6b525ab747d9,d6r2_887cfd6d-64b0-4141-9ca7-6b525ab747d9_9705_b0ed3801,210,test:unloaded,normal,memory,role_aggregate,20,128,32,middle,True,True,0,20,40,"{""2"": 20}",0,20,0,20,129
results\d6_r2_formal\raw_r1\boot_05\batch_20260920T113727.503370Z_10f56bf6.json.gz,20260920T113727.503370Z_10f56bf6,4,887cfd6d-64b0-4141-9ca7-6b525ab747d9,d6r2_887cfd6d-64b0-4141-9ca7-6b525ab747d9_9705_b0ed3801,211,test:unloaded,normal,memory,role_aggregate,20,128,32,middle,True,True,0,20,40,"{""2"": 20}",0,20,0,20,129
results\d6_r2_formal\raw_r1\boot_05\batch_20260920T113730.503871Z_c2ee538b.json.gz,20260920T113730.503871Z_c2ee538b,4,887cfd6d-64b0-4141-9ca7-6b525ab747d9,d6r2_887cfd6d-64b0-4141-9ca7-6b525ab747d9_9705_b0ed3801,212,test:unloaded,normal,memory,role_aggregate,20,128,32,middle,True,True,0,20,40,"{""2"": 20}",0,20,0,20,129
results\d6_r2_formal\raw_r1\boot_05\batch_20260920T113733.476332Z_2051ca14.json.gz,20260920T113733.476332Z_2051ca14,4,887cfd6d-64b0-4141-9ca7-6b525ab747d9,d6r2_887cfd6d-64b0-4141-9ca7-6b525ab747d9_9705_b0ed3801,213,test:unloaded,normal,memory,role_aggregate,20,128,32,middle,True,True,0,20,40,"{""2"": 20}",0,20,0,20,129
results\d6_r2_formal\raw_r1\boot_05\batch_20260920T113736.405017Z_e6a9e91d.json.gz,20260920T113736.405017Z_e6a9e91d,4,887cfd6d-64b0-4141-9ca7-6b525ab747d9,d6r2_887cfd6d-64b0-4141-9ca7-6b525ab747d9_9705_b0ed3801,214,test:unloaded,normal,memory,role_aggregate,20,128,32,middle,True,True,0,20,40,"{""2"": 20}",0,20,0,20,129
results\d6_r2_formal\raw_r1\boot_05\batch_20260920T113739.336987Z_ed5d6c67.json.gz,20260920T113739.336987Z_ed5d6c67,4,887cfd6d-64b0-4141-9ca7-6b525ab747d9,d6r2_887cfd6d-64b0-4141-9ca7-6b525ab747d9_9705_b0ed3801,215,test:unloaded,normal,memory,role_aggregate,20,128,32,middle,True,True,0,20,40,"{""2"": 20}",0,20,0,20,129
results\d6_r2_formal\raw_r1\boot_05\batch_20260920T113742.229070Z_f112873c.json.gz,20260920T113742.229070Z_f112873c,4,887cfd6d-64b0-4141-9ca7-6b525ab747d9,d6r2_887cfd6d-64b0-4141-9ca7-6b525ab747d9_9705_b0ed3801,216,test:unloaded,normal,memory,role_aggregate,20,128,32,middle,True,True,0,20,40,"{""2"": 20}",0,20,0,20,129
results\d6_r2_formal\raw_r1\boot_05\batch_20260920T113745.183912Z_38e0dcbe.json.gz,20260920T113745.183912Z_38e0dcbe,4,887cfd6d-64b0-4141-9ca7-6b525ab747d9,d6r2_887cfd6d-64b0-4141-9ca7-6b525ab747d9_9705_b0ed3801,217,test:unloaded,normal,memory,role_aggregate,20,128,32,middle,True,True,0,20,40,"{""2"": 20}",0,20,0,20,129
results\d6_r2_formal\raw_r1\boot_05\batch_20260920T113748.091536Z_0a81b856.json.gz,20260920T113748.091536Z_0a81b856,4,887cfd6d-64b0-4141-9ca7-6b525ab747d9,d6r2_887cfd6d-64b0-4141-9ca7-6b525ab747d9_9705_b0ed3801,218,test:unloaded,normal,memory,role_aggregate,20,128,32,middle,True,True,0,20,40,"{""2"": 20}",0,20,0,20,129
results\d6_r2_formal\raw_r1\boot_05\batch_20260920T113751.031095Z_b80a6256.json.gz,20260920T113751.031095Z_b80a6256,4,887cfd6d-64b0-4141-9ca7-6b525ab747d9,d6r2_887cfd6d-64b0-4141-9ca7-6b525ab747d9_9705_b0ed3801,219,test:unloaded,normal,memory,role_aggregate,20,128,32,middle,True,True,0,20,40,"{""2"": 20}",0,20,0,20,129
results\d6_r2_formal\raw_r1\boot_05\batch_20260920T113759.122392Z_c77fa19b.json.gz,20260920T113759.122392Z_c77fa19b,4,887cfd6d-64b0-4141-9ca7-6b525ab747d9,d6r2_887cfd6d-64b0-4141-9ca7-6b525ab747d9_9705_b0ed3801,220,test:unloaded,normal,mixed,role_aggregate,20,128,32,middle,True,True,0,20,40,"{""2"": 20}",0,20,0,20,129
results\d6_r2_formal\raw_r1\boot_05\batch_20260920T113807.156302Z_fa01ed46.json.gz,20260920T113807.156302Z_fa01ed46,4,887cfd6d-64b0-4141-9ca7-6b525ab747d9,d6r2_887cfd6d-64b0-4141-9ca7-6b525ab747d9_9705_b0ed3801,221,test:unloaded,normal,mixed,role_aggregate,20,128,32,middle,True,True,0,20,40,"{""2"": 20}",0,20,0,20,129
results\d6_r2_formal\raw_r1\boot_05\batch_20260920T113815.221732Z_b8880aec.json.gz,20260920T113815.221732Z_b8880aec,4,887cfd6d-64b0-4141-9ca7-6b525ab747d9,d6r2_887cfd6d-64b0-4141-9ca7-6b525ab747d9_9705_b0ed3801,222,test:unloaded,normal,mixed,role_aggregate,20,128,32,middle,True,True,0,20,40,"{""2"": 20}",0,20,0,20,129
results\d6_r2_formal\raw_r1\boot_05\batch_20260920T113823.318888Z_e9bacfa0.json.gz,20260920T113823.318888Z_e9bacfa0,4,887cfd6d-64b0-4141-9ca7-6b525ab747d9,d6r2_887cfd6d-64b0-4141-9ca7-6b525ab747d9_9705_b0ed3801,223,test:unloaded,normal,mixed,role_aggregate,20,128,32,middle,True,True,0,20,40,"{""2"": 20}",0,20,0,20,129
results\d6_r2_formal\raw_r1\boot_05\batch_20260920T113831.337150Z_58bc4e49.json.gz,20260920T113831.337150Z_58bc4e49,4,887cfd6d-64b0-4141-9ca7-6b525ab747d9,d6r2_887cfd6d-64b0-4141-9ca7-6b525ab747d9_9705_b0ed3801,224,test:unloaded,normal,mixed,role_aggregate,20,128,32,middle,True,True,0,20,40,"{""2"": 20}",0,20,0,20,129
results\d6_r2_formal\raw_r1\boot_05\batch_20260920T113839.356205Z_07f25753.json.gz,20260920T113839.356205Z_07f25753,4,887cfd6d-64b0-4141-9ca7-6b525ab747d9,d6r2_887cfd6d-64b0-4141-9ca7-6b525ab747d9_9705_b0ed3801,225,test:unloaded,normal,mixed,role_aggregate,20,128,32,middle,True,True,0,20,40,"{""2"": 20}",0,20,0,20,129
results\d6_r2_formal\raw_r1\boot_05\batch_20260920T113847.393253Z_ea71987e.json.gz,20260920T113847.393253Z_ea71987e,4,887cfd6d-64b0-4141-9ca7-6b525ab747d9,d6r2_887cfd6d-64b0-4141-9ca7-6b525ab747d9_9705_b0ed3801,226,test:unloaded,normal,mixed,role_aggregate,20,128,32,middle,True,True,0,20,40,"{""2"": 20}",0,20,0,20,129
results\d6_r2_formal\raw_r1\boot_05\batch_20260920T113855.426936Z_c800c190.json.gz,20260920T113855.426936Z_c800c190,4,887cfd6d-64b0-4141-9ca7-6b525ab747d9,d6r2_887cfd6d-64b0-4141-9ca7-6b525ab747d9_9705_b0ed3801,227,test:unloaded,normal,mixed,role_aggregate,20,128,32,middle,True,True,0,20,40,"{""2"": 20}",0,20,0,20,129
results\d6_r2_formal\raw_r1\boot_05\batch_20260920T113903.475841Z_cd7cb129.json.gz,20260920T113903.475841Z_cd7cb129,4,887cfd6d-64b0-4141-9ca7-6b525ab747d9,d6r2_887cfd6d-64b0-4141-9ca7-6b525ab747d9_9705_b0ed3801,228,test:unloaded,normal,mixed,role_aggregate,20,128,32,middle,True,True,0,20,40,"{""2"": 20}",0,20,0,20,129
results\d6_r2_formal\raw_r1\boot_05\batch_20260920T113911.530287Z_96555574.json.gz,20260920T113911.530287Z_96555574,4,887cfd6d-64b0-4141-9ca7-6b525ab747d9,d6r2_887cfd6d-64b0-4141-9ca7-6b525ab747d9_9705_b0ed3801,229,test:unloaded,normal,mixed,role_aggregate,20,128,32,middle,True,True,0,20,40,"{""2"": 20}",0,20,0,20,129
results\d6_r2_formal\raw_r1\boot_05\batch_20260920T113919.568270Z_3cb03b5e.json.gz,20260920T113919.568270Z_3cb03b5e,4,887cfd6d-64b0-4141-9ca7-6b525ab747d9,d6r2_887cfd6d-64b0-4141-9ca7-6b525ab747d9_9705_b0ed3801,230,test:unloaded,normal,mixed,role_aggregate,20,128,32,middle,True,True,0,20,40,"{""2"": 20}",0,20,0,20,129
results\d6_r2_formal\raw_r1\boot_05\batch_20260920T113927.581997Z_d6a78196.json.gz,20260920T113927.581997Z_d6a78196,4,887cfd6d-64b0-4141-9ca7-6b525ab747d9,d6r2_887cfd6d-64b0-4141-9ca7-6b525ab747d9_9705_b0ed3801,231,test:unloaded,normal,mixed,role_aggregate,20,128,32,middle,True,True,0,20,40,"{""2"": 20}",0,20,0,20,129
results\d6_r2_formal\raw_r1\boot_05\batch_20260920T113935.582251Z_9e9d4ddb.json.gz,20260920T113935.582251Z_9e9d4ddb,4,887cfd6d-64b0-4141-9ca7-6b525ab747d9,d6r2_887cfd6d-64b0-4141-9ca7-6b525ab747d9_9705_b0ed3801,232,test:unloaded,normal,mixed,role_aggregate,20,128,32,middle,True,True,0,20,40,"{""2"": 20}",0,20,0,20,129
results\d6_r2_formal\raw_r1\boot_05\batch_20260920T113943.613937Z_f9360791.json.gz,20260920T113943.613937Z_f9360791,4,887cfd6d-64b0-4141-9ca7-6b525ab747d9,d6r2_887cfd6d-64b0-4141-9ca7-6b525ab747d9_9705_b0ed3801,233,test:unloaded,normal,mixed,role_aggregate,20,128,32,middle,True,True,0,20,40,"{""2"": 20}",0,20,0,20,129
results\d6_r2_formal\raw_r1\boot_05\batch_20260920T113951.688513Z_5581ee33.json.gz,20260920T113951.688513Z_5581ee33,4,887cfd6d-64b0-4141-9ca7-6b525ab747d9,d6r2_887cfd6d-64b0-4141-9ca7-6b525ab747d9_9705_b0ed3801,234,test:unloaded,normal,mixed,role_aggregate,20,128,32,middle,True,True,0,20,40,"{""2"": 20}",0,20,0,20,129
results\d6_r2_formal\raw_r1\boot_05\batch_20260920T113959.727987Z_f36cd00c.json.gz,20260920T113959.727987Z_f36cd00c,4,887cfd6d-64b0-4141-9ca7-6b525ab747d9,d6r2_887cfd6d-64b0-4141-9ca7-6b525ab747d9_9705_b0ed3801,235,test:unloaded,normal,mixed,role_aggregate,20,128,32,middle,True,True,0,20,40,"{""2"": 20}",0,20,0,20,129
results\d6_r2_formal\raw_r1\boot_05\batch_20260920T114007.919801Z_ffce89a9.json.gz,20260920T114007.919801Z_ffce89a9,4,887cfd6d-64b0-4141-9ca7-6b525ab747d9,d6r2_887cfd6d-64b0-4141-9ca7-6b525ab747d9_9705_b0ed3801,236,test:unloaded,normal,mixed,role_aggregate,20,128,32,middle,True,True,0,20,40,"{""2"": 20}",0,20,0,20,129
results\d6_r2_formal\raw_r1\boot_05\batch_20260920T114015.998561Z_410f4cd9.json.gz,20260920T114015.998561Z_410f4cd9,4,887cfd6d-64b0-4141-9ca7-6b525ab747d9,d6r2_887cfd6d-64b0-4141-9ca7-6b525ab747d9_9705_b0ed3801,237,test:unloaded,normal,mixed,role_aggregate,20,128,32,middle,True,True,0,20,40,"{""2"": 20}",0,20,0,20,129
results\d6_r2_formal\raw_r1\boot_05\batch_20260920T114024.044124Z_18862276.json.gz,20260920T114024.044124Z_18862276,4,887cfd6d-64b0-4141-9ca7-6b525ab747d9,d6r2_887cfd6d-64b0-4141-9ca7-6b525ab747d9_9705_b0ed3801,238,test:unloaded,normal,mixed,role_aggregate,20,128,32,middle,True,True,0,20,40,"{""2"": 20}",0,20,0,20,129
results\d6_r2_formal\raw_r1\boot_05\batch_20260920T114032.122329Z_0acbb5d7.json.gz,20260920T114032.122329Z_0acbb5d7,4,887cfd6d-64b0-4141-9ca7-6b525ab747d9,d6r2_887cfd6d-64b0-4141-9ca7-6b525ab747d9_9705_b0ed3801,239,test:unloaded,normal,mixed,role_aggregate,20,128,32,middle,True,True,0,20,40,"{""2"": 20}",0,20,0,20,129
results\d6_r2_formal\raw_r1\boot_05\batch_20260920T114040.169261Z_c3b791e3.json.gz,20260920T114040.169261Z_c3b791e3,4,887cfd6d-64b0-4141-9ca7-6b525ab747d9,d6r2_887cfd6d-64b0-4141-9ca7-6b525ab747d9_9705_b0ed3801,240,test:unloaded,normal,mixed,role_aggregate,20,128,32,middle,True,True,0,20,40,"{""2"": 20}",0,20,0,20,129
results\d6_r2_formal\raw_r1\boot_05\batch_20260920T114048.199797Z_79af7474.json.gz,20260920T114048.199797Z_79af7474,4,887cfd6d-64b0-4141-9ca7-6b525ab747d9,d6r2_887cfd6d-64b0-4141-9ca7-6b525ab747d9_9705_b0ed3801,241,test:unloaded,normal,mixed,role_aggregate,20,128,32,middle,True,True,0,20,40,"{""2"": 20}",0,20,0,20,129
results\d6_r2_formal\raw_r1\boot_05\batch_20260920T114056.210272Z_30dcb35a.json.gz,20260920T114056.210272Z_30dcb35a,4,887cfd6d-64b0-4141-9ca7-6b525ab747d9,d6r2_887cfd6d-64b0-4141-9ca7-6b525ab747d9_9705_b0ed3801,242,test:unloaded,normal,mixed,role_aggregate,20,128,32,middle,True,True,0,20,40,"{""2"": 20}",0,20,0,20,129
results\d6_r2_formal\raw_r1\boot_05\batch_20260920T114104.284383Z_8572f692.json.gz,20260920T114104.284383Z_8572f692,4,887cfd6d-64b0-4141-9ca7-6b525ab747d9,d6r2_887cfd6d-64b0-4141-9ca7-6b525ab747d9_9705_b0ed3801,243,test:unloaded,normal,mixed,role_aggregate,20,128,32,middle,True,True,0,20,40,"{""2"": 20}",0,20,0,20,129
results\d6_r2_formal\raw_r1\boot_05\batch_20260920T114112.311110Z_05128719.json.gz,20260920T114112.311110Z_05128719,4,887cfd6d-64b0-4141-9ca7-6b525ab747d9,d6r2_887cfd6d-64b0-4141-9ca7-6b525ab747d9_9705_b0ed3801,244,test:unloaded,normal,mixed,role_aggregate,20,128,32,middle,True,True,0,20,40,"{""2"": 20}",0,20,0,20,129
results\d6_r2_formal\raw_r1\boot_05\batch_20260920T114120.330301Z_0250f723.json.gz,20260920T114120.330301Z_0250f723,4,887cfd6d-64b0-4141-9ca7-6b525ab747d9,d6r2_887cfd6d-64b0-4141-9ca7-6b525ab747d9_9705_b0ed3801,245,test:unloaded,normal,mixed,role_aggregate,20,128,32,middle,True,True,0,20,40,"{""2"": 20}",0,20,0,20,129
results\d6_r2_formal\raw_r1\boot_05\batch_20260920T114128.347060Z_a97f19c4.json.gz,20260920T114128.347060Z_a97f19c4,4,887cfd6d-64b0-4141-9ca7-6b525ab747d9,d6r2_887cfd6d-64b0-4141-9ca7-6b525ab747d9_9705_b0ed3801,246,test:unloaded,normal,mixed,role_aggregate,20,128,32,middle,True,True,0,20,40,"{""2"": 20}",0,20,0,20,129
results\d6_r2_formal\raw_r1\boot_05\batch_20260920T114136.386010Z_993c5b82.json.gz,20260920T114136.386010Z_993c5b82,4,887cfd6d-64b0-4141-9ca7-6b525ab747d9,d6r2_887cfd6d-64b0-4141-9ca7-6b525ab747d9_9705_b0ed3801,247,test:unloaded,normal,mixed,role_aggregate,20,128,32,middle,True,True,0,20,40,"{""2"": 20}",0,20,0,20,129
results\d6_r2_formal\raw_r1\boot_05\batch_20260920T114144.453801Z_42f4024e.json.gz,20260920T114144.453801Z_42f4024e,4,887cfd6d-64b0-4141-9ca7-6b525ab747d9,d6r2_887cfd6d-64b0-4141-9ca7-6b525ab747d9_9705_b0ed3801,248,test:unloaded,normal,mixed,role_aggregate,20,128,32,middle,True,True,0,20,40,"{""2"": 20}",0,20,0,20,129
results\d6_r2_formal\raw_r1\boot_05\batch_20260920T114152.489397Z_d7f37f54.json.gz,20260920T114152.489397Z_d7f37f54,4,887cfd6d-64b0-4141-9ca7-6b525ab747d9,d6r2_887cfd6d-64b0-4141-9ca7-6b525ab747d9_9705_b0ed3801,249,test:unloaded,normal,mixed,role_aggregate,20,128,32,middle,True,True,0,20,40,"{""2"": 20}",0,20,0,20,129
results\d6_r2_formal\raw_r1\boot_05\batch_20260920T114200.590247Z_75d0a6ce.json.gz,20260920T114200.590247Z_75d0a6ce,4,887cfd6d-64b0-4141-9ca7-6b525ab747d9,d6r2_887cfd6d-64b0-4141-9ca7-6b525ab747d9_9705_b0ed3801,250,test:unloaded,normal,mixed,role_aggregate,20,128,32,middle,True,True,0,20,40,"{""2"": 20}",0,20,0,20,129
results\d6_r2_formal\raw_r1\boot_05\batch_20260920T114208.648785Z_5cbd46f1.json.gz,20260920T114208.648785Z_5cbd46f1,4,887cfd6d-64b0-4141-9ca7-6b525ab747d9,d6r2_887cfd6d-64b0-4141-9ca7-6b525ab747d9_9705_b0ed3801,251,test:unloaded,normal,mixed,role_aggregate,20,128,32,middle,True,True,0,20,40,"{""2"": 20}",0,20,0,20,129
results\d6_r2_formal\raw_r1\boot_05\batch_20260920T114216.712028Z_3d8fa7c3.json.gz,20260920T114216.712028Z_3d8fa7c3,4,887cfd6d-64b0-4141-9ca7-6b525ab747d9,d6r2_887cfd6d-64b0-4141-9ca7-6b525ab747d9_9705_b0ed3801,252,test:unloaded,normal,mixed,role_aggregate,20,128,32,middle,True,True,0,20,40,"{""2"": 20}",0,20,0,20,129
results\d6_r2_formal\raw_r1\boot_05\batch_20260920T114224.774187Z_9210fb8f.json.gz,20260920T114224.774187Z_9210fb8f,4,887cfd6d-64b0-4141-9ca7-6b525ab747d9,d6r2_887cfd6d-64b0-4141-9ca7-6b525ab747d9_9705_b0ed3801,253,test:unloaded,normal,mixed,role_aggregate,20,128,32,middle,True,True,0,20,40,"{""2"": 20}",0,20,0,20,129
results\d6_r2_formal\raw_r1\boot_05\batch_20260920T114232.787818Z_67b48740.json.gz,20260920T114232.787818Z_67b48740,4,887cfd6d-64b0-4141-9ca7-6b525ab747d9,d6r2_887cfd6d-64b0-4141-9ca7-6b525ab747d9_9705_b0ed3801,254,test:unloaded,normal,mixed,role_aggregate,20,128,32,middle,True,True,0,20,40,"{""2"": 20}",0,20,0,20,129
results\d6_r2_formal\raw_r1\boot_05\batch_20260920T114240.827995Z_f346e78a.json.gz,20260920T114240.827995Z_f346e78a,4,887cfd6d-64b0-4141-9ca7-6b525ab747d9,d6r2_887cfd6d-64b0-4141-9ca7-6b525ab747d9_9705_b0ed3801,255,test:unloaded,normal,mixed,role_aggregate,20,128,32,middle,True,True,0,20,40,"{""2"": 20}",0,20,0,20,129
results\d6_r2_formal\raw_r1\boot_05\batch_20260920T114248.953097Z_c6859806.json.gz,20260920T114248.953097Z_c6859806,4,887cfd6d-64b0-4141-9ca7-6b525ab747d9,d6r2_887cfd6d-64b0-4141-9ca7-6b525ab747d9_9705_b0ed3801,256,test:unloaded,normal,mixed,role_aggregate,20,128,32,middle,True,True,0,20,40,"{""2"": 20}",0,20,0,20,129
results\d6_r2_formal\raw_r1\boot_05\batch_20260920T114257.110321Z_dcf5b7ba.json.gz,20260920T114257.110321Z_dcf5b7ba,4,887cfd6d-64b0-4141-9ca7-6b525ab747d9,d6r2_887cfd6d-64b0-4141-9ca7-6b525ab747d9_9705_b0ed3801,257,test:unloaded,normal,mixed,role_aggregate,20,128,32,middle,True,True,0,20,40,"{""2"": 20}",0,20,0,20,129
results\d6_r2_formal\raw_r1\boot_05\batch_20260920T114305.298847Z_cbead857.json.gz,20260920T114305.298847Z_cbead857,4,887cfd6d-64b0-4141-9ca7-6b525ab747d9,d6r2_887cfd6d-64b0-4141-9ca7-6b525ab747d9_9705_b0ed3801,258,test:unloaded,normal,mixed,role_aggregate,20,128,32,middle,True,True,0,20,40,"{""2"": 20}",0,20,0,20,129
results\d6_r2_formal\raw_r1\boot_05\batch_20260920T114313.473049Z_4cb665da.json.gz,20260920T114313.473049Z_4cb665da,4,887cfd6d-64b0-4141-9ca7-6b525ab747d9,d6r2_887cfd6d-64b0-4141-9ca7-6b525ab747d9_9705_b0ed3801,259,test:unloaded,normal,mixed,role_aggregate,20,128,32,middle,True,True,0,20,40,"{""2"": 20}",0,20,0,20,129
results\d6_r2_formal\raw_r1\boot_05\batch_20260920T114315.475062Z_bbe482d2.json.gz,20260920T114315.475062Z_bbe482d2,4,887cfd6d-64b0-4141-9ca7-6b525ab747d9,d6r2_887cfd6d-64b0-4141-9ca7-6b525ab747d9_9705_b0ed3801,260,test:hiding,rootkit,baseline,role_aggregate,20,128,32,middle,True,True,0,20,40,"{""2"": 20}",0,20,0,0,
results\d6_r2_formal\raw_r1\boot_05\batch_20260920T114317.962123Z_7e1dfa28.json.gz,20260920T114317.962123Z_7e1dfa28,4,887cfd6d-64b0-4141-9ca7-6b525ab747d9,d6r2_887cfd6d-64b0-4141-9ca7-6b525ab747d9_9705_b0ed3801,261,test:hiding,rootkit,baseline,role_aggregate,20,128,32,middle,True,True,0,20,40,"{""2"": 20}",0,20,0,0,
results\d6_r2_formal\raw_r1\boot_05\batch_20260920T114320.581590Z_856dd830.json.gz,20260920T114320.581590Z_856dd830,4,887cfd6d-64b0-4141-9ca7-6b525ab747d9,d6r2_887cfd6d-64b0-4141-9ca7-6b525ab747d9_9705_b0ed3801,262,test:hiding,rootkit,baseline,role_aggregate,20,128,32,middle,True,True,0,20,40,"{""2"": 20}",0,20,0,0,
results\d6_r2_formal\raw_r1\boot_05\batch_20260920T114323.054246Z_6b57f33e.json.gz,20260920T114323.054246Z_6b57f33e,4,887cfd6d-64b0-4141-9ca7-6b525ab747d9,d6r2_887cfd6d-64b0-4141-9ca7-6b525ab747d9_9705_b0ed3801,263,test:hiding,rootkit,baseline,role_aggregate,20,128,32,middle,True,True,0,20,40,"{""2"": 20}",0,20,0,0,
results\d6_r2_formal\raw_r1\boot_05\batch_20260920T114325.571032Z_f4752762.json.gz,20260920T114325.571032Z_f4752762,4,887cfd6d-64b0-4141-9ca7-6b525ab747d9,d6r2_887cfd6d-64b0-4141-9ca7-6b525ab747d9_9705_b0ed3801,264,test:hiding,rootkit,baseline,role_aggregate,20,128,32,middle,True,True,0,20,40,"{""2"": 20}",0,20,0,0,
results\d6_r2_formal\raw_r1\boot_05\batch_20260920T114328.059343Z_1c6ab204.json.gz,20260920T114328.059343Z_1c6ab204,4,887cfd6d-64b0-4141-9ca7-6b525ab747d9,d6r2_887cfd6d-64b0-4141-9ca7-6b525ab747d9_9705_b0ed3801,265,test:hiding,rootkit,baseline,role_aggregate,20,128,32,middle,True,True,0,20,40,"{""2"": 20}",0,20,0,0,
results\d6_r2_formal\raw_r1\boot_05\batch_20260920T114330.527042Z_af754616.json.gz,20260920T114330.527042Z_af754616,4,887cfd6d-64b0-4141-9ca7-6b525ab747d9,d6r2_887cfd6d-64b0-4141-9ca7-6b525ab747d9_9705_b0ed3801,266,test:hiding,rootkit,baseline,role_aggregate,20,128,32,middle,True,True,0,20,40,"{""2"": 20}",0,20,0,0,
results\d6_r2_formal\raw_r1\boot_05\batch_20260920T114333.045942Z_ce14ef3f.json.gz,20260920T114333.045942Z_ce14ef3f,4,887cfd6d-64b0-4141-9ca7-6b525ab747d9,d6r2_887cfd6d-64b0-4141-9ca7-6b525ab747d9_9705_b0ed3801,267,test:hiding,rootkit,baseline,role_aggregate,20,128,32,middle,True,True,0,20,40,"{""2"": 20}",0,20,0,0,
results\d6_r2_formal\raw_r1\boot_05\batch_20260920T114335.544228Z_d212299e.json.gz,20260920T114335.544228Z_d212299e,4,887cfd6d-64b0-4141-9ca7-6b525ab747d9,d6r2_887cfd6d-64b0-4141-9ca7-6b525ab747d9_9705_b0ed3801,268,test:hiding,rootkit,baseline,role_aggregate,20,128,32,middle,True,True,0,20,40,"{""2"": 20}",0,20,0,0,
results\d6_r2_formal\raw_r1\boot_05\batch_20260920T114338.025645Z_abd32dd1.json.gz,20260920T114338.025645Z_abd32dd1,4,887cfd6d-64b0-4141-9ca7-6b525ab747d9,d6r2_887cfd6d-64b0-4141-9ca7-6b525ab747d9_9705_b0ed3801,269,test:hiding,rootkit,baseline,role_aggregate,20,128,32,middle,True,True,0,20,40,"{""2"": 20}",0,20,0,0,
results\d6_r2_formal\raw_r1\boot_05\batch_20260920T114340.526026Z_10e79782.json.gz,20260920T114340.526026Z_10e79782,4,887cfd6d-64b0-4141-9ca7-6b525ab747d9,d6r2_887cfd6d-64b0-4141-9ca7-6b525ab747d9_9705_b0ed3801,270,test:hiding,rootkit,baseline,role_aggregate,20,128,32,middle,True,True,0,20,40,"{""2"": 20}",0,20,0,0,
results\d6_r2_formal\raw_r1\boot_05\batch_20260920T114342.981029Z_aae01d8b.json.gz,20260920T114342.981029Z_aae01d8b,4,887cfd6d-64b0-4141-9ca7-6b525ab747d9,d6r2_887cfd6d-64b0-4141-9ca7-6b525ab747d9_9705_b0ed3801,271,test:hiding,rootkit,baseline,role_aggregate,20,128,32,middle,True,True,0,20,40,"{""2"": 20}",0,20,0,0,
results\d6_r2_formal\raw_r1\boot_05\batch_20260920T114345.453314Z_5bacc9fb.json.gz,20260920T114345.453314Z_5bacc9fb,4,887cfd6d-64b0-4141-9ca7-6b525ab747d9,d6r2_887cfd6d-64b0-4141-9ca7-6b525ab747d9_9705_b0ed3801,272,test:hiding,rootkit,baseline,role_aggregate,20,128,32,middle,True,True,0,20,40,"{""2"": 20}",0,20,0,0,
results\d6_r2_formal\raw_r1\boot_05\batch_20260920T114347.943900Z_af7b8d18.json.gz,20260920T114347.943900Z_af7b8d18,4,887cfd6d-64b0-4141-9ca7-6b525ab747d9,d6r2_887cfd6d-64b0-4141-9ca7-6b525ab747d9_9705_b0ed3801,273,test:hiding,rootkit,baseline,role_aggregate,20,128,32,middle,True,True,0,20,40,"{""2"": 20}",0,20,0,0,
results\d6_r2_formal\raw_r1\boot_05\batch_20260920T114350.492079Z_06e4d7e3.json.gz,20260920T114350.492079Z_06e4d7e3,4,887cfd6d-64b0-4141-9ca7-6b525ab747d9,d6r2_887cfd6d-64b0-4141-9ca7-6b525ab747d9_9705_b0ed3801,274,test:hiding,rootkit,baseline,role_aggregate,20,128,32,middle,True,True,0,20,40,"{""2"": 20}",0,20,0,0,
results\d6_r2_formal\raw_r1\boot_05\batch_20260920T114352.985676Z_dab9ca1b.json.gz,20260920T114352.985676Z_dab9ca1b,4,887cfd6d-64b0-4141-9ca7-6b525ab747d9,d6r2_887cfd6d-64b0-4141-9ca7-6b525ab747d9_9705_b0ed3801,275,test:hiding,rootkit,baseline,role_aggregate,20,128,32,middle,True,True,0,20,40,"{""2"": 20}",0,20,0,0,
results\d6_r2_formal\raw_r1\boot_05\batch_20260920T114355.464418Z_41231b01.json.gz,20260920T114355.464418Z_41231b01,4,887cfd6d-64b0-4141-9ca7-6b525ab747d9,d6r2_887cfd6d-64b0-4141-9ca7-6b525ab747d9_9705_b0ed3801,276,test:hiding,rootkit,baseline,role_aggregate,20,128,32,middle,True,True,0,20,40,"{""2"": 20}",0,20,0,0,
results\d6_r2_formal\raw_r1\boot_05\batch_20260920T114357.955014Z_6a6bffa5.json.gz,20260920T114357.955014Z_6a6bffa5,4,887cfd6d-64b0-4141-9ca7-6b525ab747d9,d6r2_887cfd6d-64b0-4141-9ca7-6b525ab747d9_9705_b0ed3801,277,test:hiding,rootkit,baseline,role_aggregate,20,128,32,middle,True,True,0,20,40,"{""2"": 20}",0,20,0,0,
results\d6_r2_formal\raw_r1\boot_05\batch_20260920T114400.457919Z_401c53b9.json.gz,20260920T114400.457919Z_401c53b9,4,887cfd6d-64b0-4141-9ca7-6b525ab747d9,d6r2_887cfd6d-64b0-4141-9ca7-6b525ab747d9_9705_b0ed3801,278,test:hiding,rootkit,baseline,role_aggregate,20,128,32,middle,True,True,0,20,40,"{""2"": 20}",0,20,0,0,
results\d6_r2_formal\raw_r1\boot_05\batch_20260920T114402.915781Z_3bf453fe.json.gz,20260920T114402.915781Z_3bf453fe,4,887cfd6d-64b0-4141-9ca7-6b525ab747d9,d6r2_887cfd6d-64b0-4141-9ca7-6b525ab747d9_9705_b0ed3801,279,test:hiding,rootkit,baseline,role_aggregate,20,128,32,middle,True,True,0,20,40,"{""2"": 20}",0,20,0,0,
results\d6_r2_formal\raw_r1\boot_05\batch_20260920T114405.328280Z_6ae10956.json.gz,20260920T114405.328280Z_6ae10956,4,887cfd6d-64b0-4141-9ca7-6b525ab747d9,d6r2_887cfd6d-64b0-4141-9ca7-6b525ab747d9_9705_b0ed3801,280,test:hiding,rootkit,baseline,role_aggregate,20,128,32,middle,True,True,0,20,40,"{""2"": 20}",0,20,0,0,
results\d6_r2_formal\raw_r1\boot_05\batch_20260920T114407.782630Z_ea846a01.json.gz,20260920T114407.782630Z_ea846a01,4,887cfd6d-64b0-4141-9ca7-6b525ab747d9,d6r2_887cfd6d-64b0-4141-9ca7-6b525ab747d9_9705_b0ed3801,281,test:hiding,rootkit,baseline,role_aggregate,20,128,32,middle,True,True,0,20,40,"{""2"": 20}",0,20,0,0,
results\d6_r2_formal\raw_r1\boot_05\batch_20260920T114410.255658Z_c62881b1.json.gz,20260920T114410.255658Z_c62881b1,4,887cfd6d-64b0-4141-9ca7-6b525ab747d9,d6r2_887cfd6d-64b0-4141-9ca7-6b525ab747d9_9705_b0ed3801,282,test:hiding,rootkit,baseline,role_aggregate,20,128,32,middle,True,True,0,20,40,"{""2"": 20}",0,20,0,0,
results\d6_r2_formal\raw_r1\boot_05\batch_20260920T114412.733933Z_b78a317e.json.gz,20260920T114412.733933Z_b78a317e,4,887cfd6d-64b0-4141-9ca7-6b525ab747d9,d6r2_887cfd6d-64b0-4141-9ca7-6b525ab747d9_9705_b0ed3801,283,test:hiding,rootkit,baseline,role_aggregate,20,128,32,middle,True,True,0,20,40,"{""2"": 20}",0,20,0,0,
results\d6_r2_formal\raw_r1\boot_05\batch_20260920T114415.261906Z_6c153feb.json.gz,20260920T114415.261906Z_6c153feb,4,887cfd6d-64b0-4141-9ca7-6b525ab747d9,d6r2_887cfd6d-64b0-4141-9ca7-6b525ab747d9_9705_b0ed3801,284,test:hiding,rootkit,baseline,role_aggregate,20,128,32,middle,True,True,0,20,40,"{""2"": 20}",0,20,0,0,
results\d6_r2_formal\raw_r1\boot_05\batch_20260920T114417.744245Z_f2e0cded.json.gz,20260920T114417.744245Z_f2e0cded,4,887cfd6d-64b0-4141-9ca7-6b525ab747d9,d6r2_887cfd6d-64b0-4141-9ca7-6b525ab747d9_9705_b0ed3801,285,test:hiding,rootkit,baseline,role_aggregate,20,128,32,middle,True,True,0,20,40,"{""2"": 20}",0,20,0,0,
results\d6_r2_formal\raw_r1\boot_05\batch_20260920T114420.224312Z_01acbd5e.json.gz,20260920T114420.224312Z_01acbd5e,4,887cfd6d-64b0-4141-9ca7-6b525ab747d9,d6r2_887cfd6d-64b0-4141-9ca7-6b525ab747d9_9705_b0ed3801,286,test:hiding,rootkit,baseline,role_aggregate,20,128,32,middle,True,True,0,20,40,"{""2"": 20}",0,20,0,0,
results\d6_r2_formal\raw_r1\boot_05\batch_20260920T114422.723293Z_df95478f.json.gz,20260920T114422.723293Z_df95478f,4,887cfd6d-64b0-4141-9ca7-6b525ab747d9,d6r2_887cfd6d-64b0-4141-9ca7-6b525ab747d9_9705_b0ed3801,287,test:hiding,rootkit,baseline,role_aggregate,20,128,32,middle,True,True,0,20,40,"{""2"": 20}",0,20,0,0,
results\d6_r2_formal\raw_r1\boot_05\batch_20260920T114425.194104Z_d5c8e2e0.json.gz,20260920T114425.194104Z_d5c8e2e0,4,887cfd6d-64b0-4141-9ca7-6b525ab747d9,d6r2_887cfd6d-64b0-4141-9ca7-6b525ab747d9_9705_b0ed3801,288,test:hiding,rootkit,baseline,role_aggregate,20,128,32,middle,True,True,0,20,40,"{""2"": 20}",0,20,0,0,
results\d6_r2_formal\raw_r1\boot_05\batch_20260920T114427.707018Z_c308825c.json.gz,20260920T114427.707018Z_c308825c,4,887cfd6d-64b0-4141-9ca7-6b525ab747d9,d6r2_887cfd6d-64b0-4141-9ca7-6b525ab747d9_9705_b0ed3801,289,test:hiding,rootkit,baseline,role_aggregate,20,128,32,middle,True,True,0,20,40,"{""2"": 20}",0,20,0,0,
results\d6_r2_formal\raw_r1\boot_05\batch_20260920T114430.235317Z_0702762c.json.gz,20260920T114430.235317Z_0702762c,4,887cfd6d-64b0-4141-9ca7-6b525ab747d9,d6r2_887cfd6d-64b0-4141-9ca7-6b525ab747d9_9705_b0ed3801,290,test:hiding,rootkit,baseline,role_aggregate,20,128,32,middle,True,True,0,20,40,"{""2"": 20}",0,20,0,0,
results\d6_r2_formal\raw_r1\boot_05\batch_20260920T114432.715271Z_5c1c666b.json.gz,20260920T114432.715271Z_5c1c666b,4,887cfd6d-64b0-4141-9ca7-6b525ab747d9,d6r2_887cfd6d-64b0-4141-9ca7-6b525ab747d9_9705_b0ed3801,291,test:hiding,rootkit,baseline,role_aggregate,20,128,32,middle,True,True,0,20,40,"{""2"": 20}",0,20,0,0,
results\d6_r2_formal\raw_r1\boot_05\batch_20260920T114435.189122Z_c7ffd3bc.json.gz,20260920T114435.189122Z_c7ffd3bc,4,887cfd6d-64b0-4141-9ca7-6b525ab747d9,d6r2_887cfd6d-64b0-4141-9ca7-6b525ab747d9_9705_b0ed3801,292,test:hiding,rootkit,baseline,role_aggregate,20,128,32,middle,True,True,0,20,40,"{""2"": 20}",0,20,0,0,
results\d6_r2_formal\raw_r1\boot_05\batch_20260920T114437.718975Z_c30365ba.json.gz,20260920T114437.718975Z_c30365ba,4,887cfd6d-64b0-4141-9ca7-6b525ab747d9,d6r2_887cfd6d-64b0-4141-9ca7-6b525ab747d9_9705_b0ed3801,293,test:hiding,rootkit,baseline,role_aggregate,20,128,32,middle,True,True,0,20,40,"{""2"": 20}",0,20,0,0,
results\d6_r2_formal\raw_r1\boot_05\batch_20260920T114440.157110Z_788c61b6.json.gz,20260920T114440.157110Z_788c61b6,4,887cfd6d-64b0-4141-9ca7-6b525ab747d9,d6r2_887cfd6d-64b0-4141-9ca7-6b525ab747d9_9705_b0ed3801,294,test:hiding,rootkit,baseline,role_aggregate,20,128,32,middle,True,True,0,20,40,"{""2"": 20}",0,20,0,0,
results\d6_r2_formal\raw_r1\boot_05\batch_20260920T114442.654141Z_34ff6b02.json.gz,20260920T114442.654141Z_34ff6b02,4,887cfd6d-64b0-4141-9ca7-6b525ab747d9,d6r2_887cfd6d-64b0-4141-9ca7-6b525ab747d9_9705_b0ed3801,295,test:hiding,rootkit,baseline,role_aggregate,20,128,32,middle,True,True,0,20,40,"{""2"": 20}",0,20,0,0,
results\d6_r2_formal\raw_r1\boot_05\batch_20260920T114445.093899Z_0546c669.json.gz,20260920T114445.093899Z_0546c669,4,887cfd6d-64b0-4141-9ca7-6b525ab747d9,d6r2_887cfd6d-64b0-4141-9ca7-6b525ab747d9_9705_b0ed3801,296,test:hiding,rootkit,baseline,role_aggregate,20,128,32,middle,True,True,0,20,40,"{""2"": 20}",0,20,0,0,
results\d6_r2_formal\raw_r1\boot_05\batch_20260920T114447.592250Z_e77b570c.json.gz,20260920T114447.592250Z_e77b570c,4,887cfd6d-64b0-4141-9ca7-6b525ab747d9,d6r2_887cfd6d-64b0-4141-9ca7-6b525ab747d9_9705_b0ed3801,297,test:hiding,rootkit,baseline,role_aggregate,20,128,32,middle,True,True,0,20,40,"{""2"": 20}",0,20,0,0,
results\d6_r2_formal\raw_r1\boot_05\batch_20260920T114450.043596Z_c0126590.json.gz,20260920T114450.043596Z_c0126590,4,887cfd6d-64b0-4141-9ca7-6b525ab747d9,d6r2_887cfd6d-64b0-4141-9ca7-6b525ab747d9_9705_b0ed3801,298,test:hiding,rootkit,baseline,role_aggregate,20,128,32,middle,True,True,0,20,40,"{""2"": 20}",0,20,0,0,
results\d6_r2_formal\raw_r1\boot_05\batch_20260920T114452.484998Z_26457181.json.gz,20260920T114452.484998Z_26457181,4,887cfd6d-64b0-4141-9ca7-6b525ab747d9,d6r2_887cfd6d-64b0-4141-9ca7-6b525ab747d9_9705_b0ed3801,299,test:hiding,rootkit,baseline,role_aggregate,20,128,32,middle,True,True,0,20,40,"{""2"": 20}",0,20,0,0,
results\d6_r2_formal\raw_r1\boot_05\batch_20260920T114501.102126Z_f0d7e294.json.gz,20260920T114501.102126Z_f0d7e294,4,887cfd6d-64b0-4141-9ca7-6b525ab747d9,d6r2_887cfd6d-64b0-4141-9ca7-6b525ab747d9_9705_b0ed3801,300,test:hiding,rootkit,cpu,role_aggregate,20,128,32,middle,True,True,0,20,40,"{""2"": 20}",0,20,0,0,
results\d6_r2_formal\raw_r1\boot_05\batch_20260920T114509.782659Z_a3c32eb5.json.gz,20260920T114509.782659Z_a3c32eb5,4,887cfd6d-64b0-4141-9ca7-6b525ab747d9,d6r2_887cfd6d-64b0-4141-9ca7-6b525ab747d9_9705_b0ed3801,301,test:hiding,rootkit,cpu,role_aggregate,20,128,32,middle,True,True,0,20,40,"{""2"": 20}",0,20,0,0,
results\d6_r2_formal\raw_r1\boot_05\batch_20260920T114518.397644Z_e7530395.json.gz,20260920T114518.397644Z_e7530395,4,887cfd6d-64b0-4141-9ca7-6b525ab747d9,d6r2_887cfd6d-64b0-4141-9ca7-6b525ab747d9_9705_b0ed3801,302,test:hiding,rootkit,cpu,role_aggregate,20,128,32,middle,True,True,0,20,40,"{""2"": 20}",0,20,0,0,
results\d6_r2_formal\raw_r1\boot_05\batch_20260920T114527.019948Z_a73ff9d6.json.gz,20260920T114527.019948Z_a73ff9d6,4,887cfd6d-64b0-4141-9ca7-6b525ab747d9,d6r2_887cfd6d-64b0-4141-9ca7-6b525ab747d9_9705_b0ed3801,303,test:hiding,rootkit,cpu,role_aggregate,20,128,32,middle,True,True,0,20,40,"{""2"": 20}",0,20,0,0,
results\d6_r2_formal\raw_r1\boot_05\batch_20260920T114535.658384Z_2acadbcc.json.gz,20260920T114535.658384Z_2acadbcc,4,887cfd6d-64b0-4141-9ca7-6b525ab747d9,d6r2_887cfd6d-64b0-4141-9ca7-6b525ab747d9_9705_b0ed3801,304,test:hiding,rootkit,cpu,role_aggregate,20,128,32,middle,True,True,0,20,40,"{""2"": 20}",0,20,0,0,
results\d6_r2_formal\raw_r1\boot_05\batch_20260920T114544.308189Z_3d8f67cf.json.gz,20260920T114544.308189Z_3d8f67cf,4,887cfd6d-64b0-4141-9ca7-6b525ab747d9,d6r2_887cfd6d-64b0-4141-9ca7-6b525ab747d9_9705_b0ed3801,305,test:hiding,rootkit,cpu,role_aggregate,20,128,32,middle,True,True,0,20,40,"{""2"": 20}",0,20,0,0,
results\d6_r2_formal\raw_r1\boot_05\batch_20260920T114553.005625Z_b21a5350.json.gz,20260920T114553.005625Z_b21a5350,4,887cfd6d-64b0-4141-9ca7-6b525ab747d9,d6r2_887cfd6d-64b0-4141-9ca7-6b525ab747d9_9705_b0ed3801,306,test:hiding,rootkit,cpu,role_aggregate,20,128,32,middle,True,True,0,20,40,"{""2"": 20}",0,20,0,0,
results\d6_r2_formal\raw_r1\boot_05\batch_20260920T114601.722575Z_f23f2bbc.json.gz,20260920T114601.722575Z_f23f2bbc,4,887cfd6d-64b0-4141-9ca7-6b525ab747d9,d6r2_887cfd6d-64b0-4141-9ca7-6b525ab747d9_9705_b0ed3801,307,test:hiding,rootkit,cpu,role_aggregate,20,128,32,middle,True,True,0,20,40,"{""2"": 20}",0,20,0,0,
results\d6_r2_formal\raw_r1\boot_05\batch_20260920T114610.359053Z_826f7112.json.gz,20260920T114610.359053Z_826f7112,4,887cfd6d-64b0-4141-9ca7-6b525ab747d9,d6r2_887cfd6d-64b0-4141-9ca7-6b525ab747d9_9705_b0ed3801,308,test:hiding,rootkit,cpu,role_aggregate,20,128,32,middle,True,True,0,20,40,"{""2"": 20}",0,20,0,0,
results\d6_r2_formal\raw_r1\boot_05\batch_20260920T114618.999810Z_99692859.json.gz,20260920T114618.999810Z_99692859,4,887cfd6d-64b0-4141-9ca7-6b525ab747d9,d6r2_887cfd6d-64b0-4141-9ca7-6b525ab747d9_9705_b0ed3801,309,test:hiding,rootkit,cpu,role_aggregate,20,128,32,middle,True,True,0,20,40,"{""2"": 20}",0,20,0,0,
results\d6_r2_formal\raw_r1\boot_05\batch_20260920T114627.631912Z_2e0ee2fb.json.gz,20260920T114627.631912Z_2e0ee2fb,4,887cfd6d-64b0-4141-9ca7-6b525ab747d9,d6r2_887cfd6d-64b0-4141-9ca7-6b525ab747d9_9705_b0ed3801,310,test:hiding,rootkit,cpu,role_aggregate,20,128,32,middle,True,True,0,20,40,"{""2"": 20}",0,20,0,0,
results\d6_r2_formal\raw_r1\boot_05\batch_20260920T114636.301077Z_b9028f3a.json.gz,20260920T114636.301077Z_b9028f3a,4,887cfd6d-64b0-4141-9ca7-6b525ab747d9,d6r2_887cfd6d-64b0-4141-9ca7-6b525ab747d9_9705_b0ed3801,311,test:hiding,rootkit,cpu,role_aggregate,20,128,32,middle,True,True,0,20,40,"{""2"": 20}",0,20,0,0,
results\d6_r2_formal\raw_r1\boot_05\batch_20260920T114644.970230Z_068cfb55.json.gz,20260920T114644.970230Z_068cfb55,4,887cfd6d-64b0-4141-9ca7-6b525ab747d9,d6r2_887cfd6d-64b0-4141-9ca7-6b525ab747d9_9705_b0ed3801,312,test:hiding,rootkit,cpu,role_aggregate,20,128,32,middle,True,True,0,20,40,"{""2"": 20}",0,20,0,0,
results\d6_r2_formal\raw_r1\boot_05\batch_20260920T114653.613428Z_3843f237.json.gz,20260920T114653.613428Z_3843f237,4,887cfd6d-64b0-4141-9ca7-6b525ab747d9,d6r2_887cfd6d-64b0-4141-9ca7-6b525ab747d9_9705_b0ed3801,313,test:hiding,rootkit,cpu,role_aggregate,20,128,32,middle,True,True,0,20,40,"{""2"": 20}",0,20,0,0,
results\d6_r2_formal\raw_r1\boot_05\batch_20260920T114702.221648Z_98da515a.json.gz,20260920T114702.221648Z_98da515a,4,887cfd6d-64b0-4141-9ca7-6b525ab747d9,d6r2_887cfd6d-64b0-4141-9ca7-6b525ab747d9_9705_b0ed3801,314,test:hiding,rootkit,cpu,role_aggregate,20,128,32,middle,True,True,0,20,40,"{""2"": 20}",0,20,0,0,
results\d6_r2_formal\raw_r1\boot_05\batch_20260920T114710.847233Z_aeaaac26.json.gz,20260920T114710.847233Z_aeaaac26,4,887cfd6d-64b0-4141-9ca7-6b525ab747d9,d6r2_887cfd6d-64b0-4141-9ca7-6b525ab747d9_9705_b0ed3801,315,test:hiding,rootkit,cpu,role_aggregate,20,128,32,middle,True,True,0,20,40,"{""2"": 20}",0,20,0,0,
results\d6_r2_formal\raw_r1\boot_05\batch_20260920T114719.478389Z_4a494be2.json.gz,20260920T114719.478389Z_4a494be2,4,887cfd6d-64b0-4141-9ca7-6b525ab747d9,d6r2_887cfd6d-64b0-4141-9ca7-6b525ab747d9_9705_b0ed3801,316,test:hiding,rootkit,cpu,role_aggregate,20,128,32,middle,True,True,0,20,40,"{""2"": 20}",0,20,0,0,
results\d6_r2_formal\raw_r1\boot_05\batch_20260920T114728.083928Z_d16824ad.json.gz,20260920T114728.083928Z_d16824ad,4,887cfd6d-64b0-4141-9ca7-6b525ab747d9,d6r2_887cfd6d-64b0-4141-9ca7-6b525ab747d9_9705_b0ed3801,317,test:hiding,rootkit,cpu,role_aggregate,20,128,32,middle,True,True,0,20,40,"{""2"": 20}",0,20,0,0,
results\d6_r2_formal\raw_r1\boot_05\batch_20260920T114736.715542Z_07ec1b05.json.gz,20260920T114736.715542Z_07ec1b05,4,887cfd6d-64b0-4141-9ca7-6b525ab747d9,d6r2_887cfd6d-64b0-4141-9ca7-6b525ab747d9_9705_b0ed3801,318,test:hiding,rootkit,cpu,role_aggregate,20,128,32,middle,True,True,0,20,40,"{""2"": 20}",0,20,0,0,
results\d6_r2_formal\raw_r1\boot_05\batch_20260920T114745.478862Z_67b7d20b.json.gz,20260920T114745.478862Z_67b7d20b,4,887cfd6d-64b0-4141-9ca7-6b525ab747d9,d6r2_887cfd6d-64b0-4141-9ca7-6b525ab747d9_9705_b0ed3801,319,test:hiding,rootkit,cpu,role_aggregate,20,128,32,middle,True,True,0,20,40,"{""2"": 20}",0,20,0,0,
results\d6_r2_formal\raw_r1\boot_05\batch_20260920T114754.134945Z_d34153f5.json.gz,20260920T114754.134945Z_d34153f5,4,887cfd6d-64b0-4141-9ca7-6b525ab747d9,d6r2_887cfd6d-64b0-4141-9ca7-6b525ab747d9_9705_b0ed3801,320,test:hiding,rootkit,cpu,role_aggregate,20,128,32,middle,True,True,0,20,40,"{""2"": 20}",0,20,0,0,
results\d6_r2_formal\raw_r1\boot_05\batch_20260920T114802.794154Z_28a2ebb6.json.gz,20260920T114802.794154Z_28a2ebb6,4,887cfd6d-64b0-4141-9ca7-6b525ab747d9,d6r2_887cfd6d-64b0-4141-9ca7-6b525ab747d9_9705_b0ed3801,321,test:hiding,rootkit,cpu,role_aggregate,20,128,32,middle,True,True,0,20,40,"{""2"": 20}",0,20,0,0,
results\d6_r2_formal\raw_r1\boot_05\batch_20260920T114811.435518Z_b5d538e6.json.gz,20260920T114811.435518Z_b5d538e6,4,887cfd6d-64b0-4141-9ca7-6b525ab747d9,d6r2_887cfd6d-64b0-4141-9ca7-6b525ab747d9_9705_b0ed3801,322,test:hiding,rootkit,cpu,role_aggregate,20,128,32,middle,True,True,0,20,40,"{""2"": 20}",0,20,0,0,
results\d6_r2_formal\raw_r1\boot_05\batch_20260920T114820.025847Z_77a23a43.json.gz,20260920T114820.025847Z_77a23a43,4,887cfd6d-64b0-4141-9ca7-6b525ab747d9,d6r2_887cfd6d-64b0-4141-9ca7-6b525ab747d9_9705_b0ed3801,323,test:hiding,rootkit,cpu,role_aggregate,20,128,32,middle,True,True,0,20,40,"{""2"": 20}",0,20,0,0,
results\d6_r2_formal\raw_r1\boot_05\batch_20260920T114828.711001Z_61e36ad8.json.gz,20260920T114828.711001Z_61e36ad8,4,887cfd6d-64b0-4141-9ca7-6b525ab747d9,d6r2_887cfd6d-64b0-4141-9ca7-6b525ab747d9_9705_b0ed3801,324,test:hiding,rootkit,cpu,role_aggregate,20,128,32,middle,True,True,0,20,40,"{""2"": 20}",0,20,0,0,
results\d6_r2_formal\raw_r1\boot_05\batch_20260920T114837.346882Z_15d6c883.json.gz,20260920T114837.346882Z_15d6c883,4,887cfd6d-64b0-4141-9ca7-6b525ab747d9,d6r2_887cfd6d-64b0-4141-9ca7-6b525ab747d9_9705_b0ed3801,325,test:hiding,rootkit,cpu,role_aggregate,20,128,32,middle,True,True,0,20,40,"{""2"": 20}",0,20,0,0,
results\d6_r2_formal\raw_r1\boot_05\batch_20260920T114846.011942Z_b60b0999.json.gz,20260920T114846.011942Z_b60b0999,4,887cfd6d-64b0-4141-9ca7-6b525ab747d9,d6r2_887cfd6d-64b0-4141-9ca7-6b525ab747d9_9705_b0ed3801,326,test:hiding,rootkit,cpu,role_aggregate,20,128,32,middle,True,True,0,20,40,"{""2"": 20}",0,20,0,0,
results\d6_r2_formal\raw_r1\boot_05\batch_20260920T114854.644959Z_e8dc7ef4.json.gz,20260920T114854.644959Z_e8dc7ef4,4,887cfd6d-64b0-4141-9ca7-6b525ab747d9,d6r2_887cfd6d-64b0-4141-9ca7-6b525ab747d9_9705_b0ed3801,327,test:hiding,rootkit,cpu,role_aggregate,20,128,32,middle,True,True,0,20,40,"{""2"": 20}",0,20,0,0,
results\d6_r2_formal\raw_r1\boot_05\batch_20260920T114903.212581Z_149e3554.json.gz,20260920T114903.212581Z_149e3554,4,887cfd6d-64b0-4141-9ca7-6b525ab747d9,d6r2_887cfd6d-64b0-4141-9ca7-6b525ab747d9_9705_b0ed3801,328,test:hiding,rootkit,cpu,role_aggregate,20,128,32,middle,True,True,0,20,40,"{""2"": 20}",0,20,0,0,
results\d6_r2_formal\raw_r1\boot_05\batch_20260920T114911.825252Z_dab232dd.json.gz,20260920T114911.825252Z_dab232dd,4,887cfd6d-64b0-4141-9ca7-6b525ab747d9,d6r2_887cfd6d-64b0-4141-9ca7-6b525ab747d9_9705_b0ed3801,329,test:hiding,rootkit,cpu,role_aggregate,20,128,32,middle,True,True,0,20,40,"{""2"": 20}",0,20,0,0,
results\d6_r2_formal\raw_r1\boot_05\batch_20260920T114920.473065Z_78f9ec54.json.gz,20260920T114920.473065Z_78f9ec54,4,887cfd6d-64b0-4141-9ca7-6b525ab747d9,d6r2_887cfd6d-64b0-4141-9ca7-6b525ab747d9_9705_b0ed3801,330,test:hiding,rootkit,cpu,role_aggregate,20,128,32,middle,True,True,0,20,40,"{""2"": 20}",0,20,0,0,
results\d6_r2_formal\raw_r1\boot_05\batch_20260920T114929.082135Z_63ce103d.json.gz,20260920T114929.082135Z_63ce103d,4,887cfd6d-64b0-4141-9ca7-6b525ab747d9,d6r2_887cfd6d-64b0-4141-9ca7-6b525ab747d9_9705_b0ed3801,331,test:hiding,rootkit,cpu,role_aggregate,20,128,32,middle,True,True,0,20,40,"{""2"": 20}",0,20,0,0,
results\d6_r2_formal\raw_r1\boot_05\batch_20260920T114937.724925Z_464f294f.json.gz,20260920T114937.724925Z_464f294f,4,887cfd6d-64b0-4141-9ca7-6b525ab747d9,d6r2_887cfd6d-64b0-4141-9ca7-6b525ab747d9_9705_b0ed3801,332,test:hiding,rootkit,cpu,role_aggregate,20,128,32,middle,True,True,0,20,40,"{""2"": 20}",0,20,0,0,
results\d6_r2_formal\raw_r1\boot_05\batch_20260920T114946.486012Z_6d423039.json.gz,20260920T114946.486012Z_6d423039,4,887cfd6d-64b0-4141-9ca7-6b525ab747d9,d6r2_887cfd6d-64b0-4141-9ca7-6b525ab747d9_9705_b0ed3801,333,test:hiding,rootkit,cpu,role_aggregate,20,128,32,middle,True,True,0,20,40,"{""2"": 20}",0,20,0,0,
results\d6_r2_formal\raw_r1\boot_05\batch_20260920T114955.127245Z_dd0f215c.json.gz,20260920T114955.127245Z_dd0f215c,4,887cfd6d-64b0-4141-9ca7-6b525ab747d9,d6r2_887cfd6d-64b0-4141-9ca7-6b525ab747d9_9705_b0ed3801,334,test:hiding,rootkit,cpu,role_aggregate,20,128,32,middle,True,True,0,20,40,"{""2"": 20}",0,20,0,0,
results\d6_r2_formal\raw_r1\boot_05\batch_20260920T115003.773243Z_e554bb0e.json.gz,20260920T115003.773243Z_e554bb0e,4,887cfd6d-64b0-4141-9ca7-6b525ab747d9,d6r2_887cfd6d-64b0-4141-9ca7-6b525ab747d9_9705_b0ed3801,335,test:hiding,rootkit,cpu,role_aggregate,20,128,32,middle,True,True,0,20,40,"{""2"": 20}",0,20,0,0,
results\d6_r2_formal\raw_r1\boot_05\batch_20260920T115012.505151Z_ed9bcc0f.json.gz,20260920T115012.505151Z_ed9bcc0f,4,887cfd6d-64b0-4141-9ca7-6b525ab747d9,d6r2_887cfd6d-64b0-4141-9ca7-6b525ab747d9_9705_b0ed3801,336,test:hiding,rootkit,cpu,role_aggregate,20,128,32,middle,True,True,0,20,40,"{""2"": 20}",0,20,0,0,
results\d6_r2_formal\raw_r1\boot_05\batch_20260920T115021.129403Z_4203c311.json.gz,20260920T115021.129403Z_4203c311,4,887cfd6d-64b0-4141-9ca7-6b525ab747d9,d6r2_887cfd6d-64b0-4141-9ca7-6b525ab747d9_9705_b0ed3801,337,test:hiding,rootkit,cpu,role_aggregate,20,128,32,middle,True,True,0,20,40,"{""2"": 20}",0,20,0,0,
results\d6_r2_formal\raw_r1\boot_05\batch_20260920T115029.757694Z_895a7d7a.json.gz,20260920T115029.757694Z_895a7d7a,4,887cfd6d-64b0-4141-9ca7-6b525ab747d9,d6r2_887cfd6d-64b0-4141-9ca7-6b525ab747d9_9705_b0ed3801,338,test:hiding,rootkit,cpu,role_aggregate,20,128,32,middle,True,True,0,20,40,"{""2"": 20}",0,20,0,0,
results\d6_r2_formal\raw_r1\boot_05\batch_20260920T115038.434877Z_38bc5e39.json.gz,20260920T115038.434877Z_38bc5e39,4,887cfd6d-64b0-4141-9ca7-6b525ab747d9,d6r2_887cfd6d-64b0-4141-9ca7-6b525ab747d9_9705_b0ed3801,339,test:hiding,rootkit,cpu,role_aggregate,20,128,32,middle,True,True,0,20,40,"{""2"": 20}",0,20,0,0,
results\d6_r2_formal\raw_r1\boot_05\batch_20260920T115041.943713Z_0580e6f6.json.gz,20260920T115041.943713Z_0580e6f6,4,887cfd6d-64b0-4141-9ca7-6b525ab747d9,d6r2_887cfd6d-64b0-4141-9ca7-6b525ab747d9_9705_b0ed3801,340,test:hiding,rootkit,memory,role_aggregate,20,128,32,middle,True,True,0,20,40,"{""2"": 20}",0,20,0,0,
results\d6_r2_formal\raw_r1\boot_05\batch_20260920T115045.524014Z_b00b8fbb.json.gz,20260920T115045.524014Z_b00b8fbb,4,887cfd6d-64b0-4141-9ca7-6b525ab747d9,d6r2_887cfd6d-64b0-4141-9ca7-6b525ab747d9_9705_b0ed3801,341,test:hiding,rootkit,memory,role_aggregate,20,128,32,middle,True,True,0,20,40,"{""2"": 20}",0,20,0,0,
results\d6_r2_formal\raw_r1\boot_05\batch_20260920T115049.063294Z_1c3ce929.json.gz,20260920T115049.063294Z_1c3ce929,4,887cfd6d-64b0-4141-9ca7-6b525ab747d9,d6r2_887cfd6d-64b0-4141-9ca7-6b525ab747d9_9705_b0ed3801,342,test:hiding,rootkit,memory,role_aggregate,20,128,32,middle,True,True,0,20,40,"{""2"": 20}",0,20,0,0,
results\d6_r2_formal\raw_r1\boot_05\batch_20260920T115052.542312Z_df80d0ba.json.gz,20260920T115052.542312Z_df80d0ba,4,887cfd6d-64b0-4141-9ca7-6b525ab747d9,d6r2_887cfd6d-64b0-4141-9ca7-6b525ab747d9_9705_b0ed3801,343,test:hiding,rootkit,memory,role_aggregate,20,128,32,middle,True,True,0,20,40,"{""2"": 20}",0,20,0,0,
results\d6_r2_formal\raw_r1\boot_05\batch_20260920T115056.101044Z_79d1bdc5.json.gz,20260920T115056.101044Z_79d1bdc5,4,887cfd6d-64b0-4141-9ca7-6b525ab747d9,d6r2_887cfd6d-64b0-4141-9ca7-6b525ab747d9_9705_b0ed3801,344,test:hiding,rootkit,memory,role_aggregate,20,128,32,middle,True,True,0,20,40,"{""2"": 20}",0,20,0,0,
results\d6_r2_formal\raw_r1\boot_05\batch_20260920T115059.617980Z_80edd0b8.json.gz,20260920T115059.617980Z_80edd0b8,4,887cfd6d-64b0-4141-9ca7-6b525ab747d9,d6r2_887cfd6d-64b0-4141-9ca7-6b525ab747d9_9705_b0ed3801,345,test:hiding,rootkit,memory,role_aggregate,20,128,32,middle,True,True,0,20,40,"{""2"": 20}",0,20,0,0,
results\d6_r2_formal\raw_r1\boot_05\batch_20260920T115103.136928Z_494e6226.json.gz,20260920T115103.136928Z_494e6226,4,887cfd6d-64b0-4141-9ca7-6b525ab747d9,d6r2_887cfd6d-64b0-4141-9ca7-6b525ab747d9_9705_b0ed3801,346,test:hiding,rootkit,memory,role_aggregate,20,128,32,middle,True,True,0,20,40,"{""2"": 20}",0,20,0,0,
results\d6_r2_formal\raw_r1\boot_05\batch_20260920T115106.728997Z_2e1083ed.json.gz,20260920T115106.728997Z_2e1083ed,4,887cfd6d-64b0-4141-9ca7-6b525ab747d9,d6r2_887cfd6d-64b0-4141-9ca7-6b525ab747d9_9705_b0ed3801,347,test:hiding,rootkit,memory,role_aggregate,20,128,32,middle,True,True,0,20,40,"{""2"": 20}",0,20,0,0,
results\d6_r2_formal\raw_r1\boot_05\batch_20260920T115110.222642Z_709e7e14.json.gz,20260920T115110.222642Z_709e7e14,4,887cfd6d-64b0-4141-9ca7-6b525ab747d9,d6r2_887cfd6d-64b0-4141-9ca7-6b525ab747d9_9705_b0ed3801,348,test:hiding,rootkit,memory,role_aggregate,20,128,32,middle,True,True,0,20,40,"{""2"": 20}",0,20,0,0,
results\d6_r2_formal\raw_r1\boot_05\batch_20260920T115113.715541Z_f9fdfea2.json.gz,20260920T115113.715541Z_f9fdfea2,4,887cfd6d-64b0-4141-9ca7-6b525ab747d9,d6r2_887cfd6d-64b0-4141-9ca7-6b525ab747d9_9705_b0ed3801,349,test:hiding,rootkit,memory,role_aggregate,20,128,32,middle,True,True,0,20,40,"{""2"": 20}",0,20,0,0,
results\d6_r2_formal\raw_r1\boot_05\batch_20260920T115117.287302Z_96a484e0.json.gz,20260920T115117.287302Z_96a484e0,4,887cfd6d-64b0-4141-9ca7-6b525ab747d9,d6r2_887cfd6d-64b0-4141-9ca7-6b525ab747d9_9705_b0ed3801,350,test:hiding,rootkit,memory,role_aggregate,20,128,32,middle,True,True,0,20,40,"{""2"": 20}",0,20,0,0,
results\d6_r2_formal\raw_r1\boot_05\batch_20260920T115120.840319Z_30a841f1.json.gz,20260920T115120.840319Z_30a841f1,4,887cfd6d-64b0-4141-9ca7-6b525ab747d9,d6r2_887cfd6d-64b0-4141-9ca7-6b525ab747d9_9705_b0ed3801,351,test:hiding,rootkit,memory,role_aggregate,20,128,32,middle,True,True,0,20,40,"{""2"": 20}",0,20,0,0,
results\d6_r2_formal\raw_r1\boot_05\batch_20260920T115124.347224Z_ec7ad328.json.gz,20260920T115124.347224Z_ec7ad328,4,887cfd6d-64b0-4141-9ca7-6b525ab747d9,d6r2_887cfd6d-64b0-4141-9ca7-6b525ab747d9_9705_b0ed3801,352,test:hiding,rootkit,memory,role_aggregate,20,128,32,middle,True,True,0,20,40,"{""2"": 20}",0,20,0,0,
results\d6_r2_formal\raw_r1\boot_05\batch_20260920T115127.897512Z_28d7c54f.json.gz,20260920T115127.897512Z_28d7c54f,4,887cfd6d-64b0-4141-9ca7-6b525ab747d9,d6r2_887cfd6d-64b0-4141-9ca7-6b525ab747d9_9705_b0ed3801,353,test:hiding,rootkit,memory,role_aggregate,20,128,32,middle,True,True,0,20,40,"{""2"": 20}",0,20,0,0,
results\d6_r2_formal\raw_r1\boot_05\batch_20260920T115131.425419Z_6797ff1a.json.gz,20260920T115131.425419Z_6797ff1a,4,887cfd6d-64b0-4141-9ca7-6b525ab747d9,d6r2_887cfd6d-64b0-4141-9ca7-6b525ab747d9_9705_b0ed3801,354,test:hiding,rootkit,memory,role_aggregate,20,128,32,middle,True,True,0,20,40,"{""2"": 20}",0,20,0,0,
results\d6_r2_formal\raw_r1\boot_05\batch_20260920T115134.933969Z_9bbeb62c.json.gz,20260920T115134.933969Z_9bbeb62c,4,887cfd6d-64b0-4141-9ca7-6b525ab747d9,d6r2_887cfd6d-64b0-4141-9ca7-6b525ab747d9_9705_b0ed3801,355,test:hiding,rootkit,memory,role_aggregate,20,128,32,middle,True,True,0,20,40,"{""2"": 20}",0,20,0,0,
results\d6_r2_formal\raw_r1\boot_05\batch_20260920T115138.438079Z_76e7d225.json.gz,20260920T115138.438079Z_76e7d225,4,887cfd6d-64b0-4141-9ca7-6b525ab747d9,d6r2_887cfd6d-64b0-4141-9ca7-6b525ab747d9_9705_b0ed3801,356,test:hiding,rootkit,memory,role_aggregate,20,128,32,middle,True,True,0,20,40,"{""2"": 20}",0,20,0,0,
results\d6_r2_formal\raw_r1\boot_05\batch_20260920T115142.001059Z_30b4e08d.json.gz,20260920T115142.001059Z_30b4e08d,4,887cfd6d-64b0-4141-9ca7-6b525ab747d9,d6r2_887cfd6d-64b0-4141-9ca7-6b525ab747d9_9705_b0ed3801,357,test:hiding,rootkit,memory,role_aggregate,20,128,32,middle,True,True,0,20,40,"{""2"": 20}",0,20,0,0,
results\d6_r2_formal\raw_r1\boot_05\batch_20260920T115145.511899Z_fc56e5c6.json.gz,20260920T115145.511899Z_fc56e5c6,4,887cfd6d-64b0-4141-9ca7-6b525ab747d9,d6r2_887cfd6d-64b0-4141-9ca7-6b525ab747d9_9705_b0ed3801,358,test:hiding,rootkit,memory,role_aggregate,20,128,32,middle,True,True,0,20,40,"{""2"": 20}",0,20,0,0,
results\d6_r2_formal\raw_r1\boot_05\batch_20260920T115149.033946Z_e4a43db7.json.gz,20260920T115149.033946Z_e4a43db7,4,887cfd6d-64b0-4141-9ca7-6b525ab747d9,d6r2_887cfd6d-64b0-4141-9ca7-6b525ab747d9_9705_b0ed3801,359,test:hiding,rootkit,memory,role_aggregate,20,128,32,middle,True,True,0,20,40,"{""2"": 20}",0,20,0,0,
results\d6_r2_formal\raw_r1\boot_05\batch_20260920T115152.572962Z_1ed74169.json.gz,20260920T115152.572962Z_1ed74169,4,887cfd6d-64b0-4141-9ca7-6b525ab747d9,d6r2_887cfd6d-64b0-4141-9ca7-6b525ab747d9_9705_b0ed3801,360,test:hiding,rootkit,memory,role_aggregate,20,128,32,middle,True,True,0,20,40,"{""2"": 20}",0,20,0,0,
results\d6_r2_formal\raw_r1\boot_05\batch_20260920T115156.041419Z_0315f56a.json.gz,20260920T115156.041419Z_0315f56a,4,887cfd6d-64b0-4141-9ca7-6b525ab747d9,d6r2_887cfd6d-64b0-4141-9ca7-6b525ab747d9_9705_b0ed3801,361,test:hiding,rootkit,memory,role_aggregate,20,128,32,middle,True,True,0,20,40,"{""2"": 20}",0,20,0,0,
results\d6_r2_formal\raw_r1\boot_05\batch_20260920T115159.582966Z_f141b385.json.gz,20260920T115159.582966Z_f141b385,4,887cfd6d-64b0-4141-9ca7-6b525ab747d9,d6r2_887cfd6d-64b0-4141-9ca7-6b525ab747d9_9705_b0ed3801,362,test:hiding,rootkit,memory,role_aggregate,20,128,32,middle,True,True,0,20,40,"{""2"": 20}",0,20,0,0,
results\d6_r2_formal\raw_r1\boot_05\batch_20260920T115203.073875Z_63128719.json.gz,20260920T115203.073875Z_63128719,4,887cfd6d-64b0-4141-9ca7-6b525ab747d9,d6r2_887cfd6d-64b0-4141-9ca7-6b525ab747d9_9705_b0ed3801,363,test:hiding,rootkit,memory,role_aggregate,20,128,32,middle,True,True,0,20,40,"{""2"": 20}",0,20,0,0,
results\d6_r2_formal\raw_r1\boot_05\batch_20260920T115206.610367Z_47bd33d1.json.gz,20260920T115206.610367Z_47bd33d1,4,887cfd6d-64b0-4141-9ca7-6b525ab747d9,d6r2_887cfd6d-64b0-4141-9ca7-6b525ab747d9_9705_b0ed3801,364,test:hiding,rootkit,memory,role_aggregate,20,128,32,middle,True,True,0,20,40,"{""2"": 20}",0,20,0,0,
results\d6_r2_formal\raw_r1\boot_05\batch_20260920T115210.140169Z_70a004ce.json.gz,20260920T115210.140169Z_70a004ce,4,887cfd6d-64b0-4141-9ca7-6b525ab747d9,d6r2_887cfd6d-64b0-4141-9ca7-6b525ab747d9_9705_b0ed3801,365,test:hiding,rootkit,memory,role_aggregate,20,128,32,middle,True,True,0,20,40,"{""2"": 20}",0,20,0,0,
results\d6_r2_formal\raw_r1\boot_05\batch_20260920T115213.637152Z_d979724d.json.gz,20260920T115213.637152Z_d979724d,4,887cfd6d-64b0-4141-9ca7-6b525ab747d9,d6r2_887cfd6d-64b0-4141-9ca7-6b525ab747d9_9705_b0ed3801,366,test:hiding,rootkit,memory,role_aggregate,20,128,32,middle,True,True,0,20,40,"{""2"": 20}",0,20,0,0,
results\d6_r2_formal\raw_r1\boot_05\batch_20260920T115217.154658Z_bf33125a.json.gz,20260920T115217.154658Z_bf33125a,4,887cfd6d-64b0-4141-9ca7-6b525ab747d9,d6r2_887cfd6d-64b0-4141-9ca7-6b525ab747d9_9705_b0ed3801,367,test:hiding,rootkit,memory,role_aggregate,20,128,32,middle,True,True,0,20,40,"{""2"": 20}",0,20,0,0,
results\d6_r2_formal\raw_r1\boot_05\batch_20260920T115220.696276Z_63806c93.json.gz,20260920T115220.696276Z_63806c93,4,887cfd6d-64b0-4141-9ca7-6b525ab747d9,d6r2_887cfd6d-64b0-4141-9ca7-6b525ab747d9_9705_b0ed3801,368,test:hiding,rootkit,memory,role_aggregate,20,128,32,middle,True,True,0,20,40,"{""2"": 20}",0,20,0,0,
results\d6_r2_formal\raw_r1\boot_05\batch_20260920T115224.178046Z_fe5af2d1.json.gz,20260920T115224.178046Z_fe5af2d1,4,887cfd6d-64b0-4141-9ca7-6b525ab747d9,d6r2_887cfd6d-64b0-4141-9ca7-6b525ab747d9_9705_b0ed3801,369,test:hiding,rootkit,memory,role_aggregate,20,128,32,middle,True,True,0,20,40,"{""2"": 20}",0,20,0,0,
results\d6_r2_formal\raw_r1\boot_05\batch_20260920T115227.705020Z_cfa64dc9.json.gz,20260920T115227.705020Z_cfa64dc9,4,887cfd6d-64b0-4141-9ca7-6b525ab747d9,d6r2_887cfd6d-64b0-4141-9ca7-6b525ab747d9_9705_b0ed3801,370,test:hiding,rootkit,memory,role_aggregate,20,128,32,middle,True,True,0,20,40,"{""2"": 20}",0,20,0,0,
results\d6_r2_formal\raw_r1\boot_05\batch_20260920T115231.211425Z_4640b15b.json.gz,20260920T115231.211425Z_4640b15b,4,887cfd6d-64b0-4141-9ca7-6b525ab747d9,d6r2_887cfd6d-64b0-4141-9ca7-6b525ab747d9_9705_b0ed3801,371,test:hiding,rootkit,memory,role_aggregate,20,128,32,middle,True,True,0,20,40,"{""2"": 20}",0,20,0,0,
results\d6_r2_formal\raw_r1\boot_05\batch_20260920T115234.729886Z_37b1c322.json.gz,20260920T115234.729886Z_37b1c322,4,887cfd6d-64b0-4141-9ca7-6b525ab747d9,d6r2_887cfd6d-64b0-4141-9ca7-6b525ab747d9_9705_b0ed3801,372,test:hiding,rootkit,memory,role_aggregate,20,128,32,middle,True,True,0,20,40,"{""2"": 20}",0,20,0,0,
results\d6_r2_formal\raw_r1\boot_05\batch_20260920T115238.269641Z_61e27153.json.gz,20260920T115238.269641Z_61e27153,4,887cfd6d-64b0-4141-9ca7-6b525ab747d9,d6r2_887cfd6d-64b0-4141-9ca7-6b525ab747d9_9705_b0ed3801,373,test:hiding,rootkit,memory,role_aggregate,20,128,32,middle,True,True,0,20,40,"{""2"": 20}",0,20,0,0,
results\d6_r2_formal\raw_r1\boot_05\batch_20260920T115241.766293Z_7e1e112c.json.gz,20260920T115241.766293Z_7e1e112c,4,887cfd6d-64b0-4141-9ca7-6b525ab747d9,d6r2_887cfd6d-64b0-4141-9ca7-6b525ab747d9_9705_b0ed3801,374,test:hiding,rootkit,memory,role_aggregate,20,128,32,middle,True,True,0,20,40,"{""2"": 20}",0,20,0,0,
results\d6_r2_formal\raw_r1\boot_05\batch_20260920T115245.270929Z_6a9f1b09.json.gz,20260920T115245.270929Z_6a9f1b09,4,887cfd6d-64b0-4141-9ca7-6b525ab747d9,d6r2_887cfd6d-64b0-4141-9ca7-6b525ab747d9_9705_b0ed3801,375,test:hiding,rootkit,memory,role_aggregate,20,128,32,middle,True,True,0,20,40,"{""2"": 20}",0,20,0,0,
results\d6_r2_formal\raw_r1\boot_05\batch_20260920T115248.799141Z_f909c23d.json.gz,20260920T115248.799141Z_f909c23d,4,887cfd6d-64b0-4141-9ca7-6b525ab747d9,d6r2_887cfd6d-64b0-4141-9ca7-6b525ab747d9_9705_b0ed3801,376,test:hiding,rootkit,memory,role_aggregate,20,128,32,middle,True,True,0,20,40,"{""2"": 20}",0,20,0,0,
results\d6_r2_formal\raw_r1\boot_05\batch_20260920T115252.282554Z_3f196cec.json.gz,20260920T115252.282554Z_3f196cec,4,887cfd6d-64b0-4141-9ca7-6b525ab747d9,d6r2_887cfd6d-64b0-4141-9ca7-6b525ab747d9_9705_b0ed3801,377,test:hiding,rootkit,memory,role_aggregate,20,128,32,middle,True,True,0,20,40,"{""2"": 20}",0,20,0,0,
results\d6_r2_formal\raw_r1\boot_05\batch_20260920T115255.787427Z_d5f75cfb.json.gz,20260920T115255.787427Z_d5f75cfb,4,887cfd6d-64b0-4141-9ca7-6b525ab747d9,d6r2_887cfd6d-64b0-4141-9ca7-6b525ab747d9_9705_b0ed3801,378,test:hiding,rootkit,memory,role_aggregate,20,128,32,middle,True,True,0,20,40,"{""2"": 20}",0,20,0,0,
results\d6_r2_formal\raw_r1\boot_05\batch_20260920T115259.296665Z_56fff30d.json.gz,20260920T115259.296665Z_56fff30d,4,887cfd6d-64b0-4141-9ca7-6b525ab747d9,d6r2_887cfd6d-64b0-4141-9ca7-6b525ab747d9_9705_b0ed3801,379,test:hiding,rootkit,memory,role_aggregate,20,128,32,middle,True,True,0,20,40,"{""2"": 20}",0,20,0,0,
results\d6_r2_formal\raw_r1\boot_05\batch_20260920T115307.917300Z_b2149d6e.json.gz,20260920T115307.917300Z_b2149d6e,4,887cfd6d-64b0-4141-9ca7-6b525ab747d9,d6r2_887cfd6d-64b0-4141-9ca7-6b525ab747d9_9705_b0ed3801,380,test:hiding,rootkit,mixed,role_aggregate,20,128,32,middle,True,True,0,20,40,"{""2"": 20}",0,20,0,0,
results\d6_r2_formal\raw_r1\boot_05\batch_20260920T115316.560023Z_61f4e068.json.gz,20260920T115316.560023Z_61f4e068,4,887cfd6d-64b0-4141-9ca7-6b525ab747d9,d6r2_887cfd6d-64b0-4141-9ca7-6b525ab747d9_9705_b0ed3801,381,test:hiding,rootkit,mixed,role_aggregate,20,128,32,middle,True,True,0,20,40,"{""2"": 20}",0,20,0,0,
results\d6_r2_formal\raw_r1\boot_05\batch_20260920T115325.226284Z_200baf7e.json.gz,20260920T115325.226284Z_200baf7e,4,887cfd6d-64b0-4141-9ca7-6b525ab747d9,d6r2_887cfd6d-64b0-4141-9ca7-6b525ab747d9_9705_b0ed3801,382,test:hiding,rootkit,mixed,role_aggregate,20,128,32,middle,True,True,0,20,40,"{""2"": 20}",0,20,0,0,
results\d6_r2_formal\raw_r1\boot_05\batch_20260920T115333.870213Z_946b81d4.json.gz,20260920T115333.870213Z_946b81d4,4,887cfd6d-64b0-4141-9ca7-6b525ab747d9,d6r2_887cfd6d-64b0-4141-9ca7-6b525ab747d9_9705_b0ed3801,383,test:hiding,rootkit,mixed,role_aggregate,20,128,32,middle,True,True,0,20,40,"{""2"": 20}",0,20,0,0,
results\d6_r2_formal\raw_r1\boot_05\batch_20260920T115342.502895Z_d01c0a93.json.gz,20260920T115342.502895Z_d01c0a93,4,887cfd6d-64b0-4141-9ca7-6b525ab747d9,d6r2_887cfd6d-64b0-4141-9ca7-6b525ab747d9_9705_b0ed3801,384,test:hiding,rootkit,mixed,role_aggregate,20,128,32,middle,True,True,0,20,40,"{""2"": 20}",0,20,0,0,
results\d6_r2_formal\raw_r1\boot_05\batch_20260920T115351.136412Z_6227b72d.json.gz,20260920T115351.136412Z_6227b72d,4,887cfd6d-64b0-4141-9ca7-6b525ab747d9,d6r2_887cfd6d-64b0-4141-9ca7-6b525ab747d9_9705_b0ed3801,385,test:hiding,rootkit,mixed,role_aggregate,20,128,32,middle,True,True,0,20,40,"{""2"": 20}",0,20,0,0,
results\d6_r2_formal\raw_r1\boot_05\batch_20260920T115359.822152Z_f9d060e3.json.gz,20260920T115359.822152Z_f9d060e3,4,887cfd6d-64b0-4141-9ca7-6b525ab747d9,d6r2_887cfd6d-64b0-4141-9ca7-6b525ab747d9_9705_b0ed3801,386,test:hiding,rootkit,mixed,role_aggregate,20,128,32,middle,True,True,0,20,40,"{""2"": 20}",0,20,0,0,
results\d6_r2_formal\raw_r1\boot_05\batch_20260920T115408.464800Z_8f803ffd.json.gz,20260920T115408.464800Z_8f803ffd,4,887cfd6d-64b0-4141-9ca7-6b525ab747d9,d6r2_887cfd6d-64b0-4141-9ca7-6b525ab747d9_9705_b0ed3801,387,test:hiding,rootkit,mixed,role_aggregate,20,128,32,middle,True,True,0,20,40,"{""2"": 20}",0,20,0,0,
results\d6_r2_formal\raw_r1\boot_05\batch_20260920T115417.170947Z_9a275fa9.json.gz,20260920T115417.170947Z_9a275fa9,4,887cfd6d-64b0-4141-9ca7-6b525ab747d9,d6r2_887cfd6d-64b0-4141-9ca7-6b525ab747d9_9705_b0ed3801,388,test:hiding,rootkit,mixed,role_aggregate,20,128,32,middle,True,True,0,20,40,"{""2"": 20}",0,20,0,0,
results\d6_r2_formal\raw_r1\boot_05\batch_20260920T115425.806346Z_e7662320.json.gz,20260920T115425.806346Z_e7662320,4,887cfd6d-64b0-4141-9ca7-6b525ab747d9,d6r2_887cfd6d-64b0-4141-9ca7-6b525ab747d9_9705_b0ed3801,389,test:hiding,rootkit,mixed,role_aggregate,20,128,32,middle,True,True,0,20,40,"{""2"": 20}",0,20,0,0,
results\d6_r2_formal\raw_r1\boot_05\batch_20260920T115434.448830Z_0dd8837f.json.gz,20260920T115434.448830Z_0dd8837f,4,887cfd6d-64b0-4141-9ca7-6b525ab747d9,d6r2_887cfd6d-64b0-4141-9ca7-6b525ab747d9_9705_b0ed3801,390,test:hiding,rootkit,mixed,role_aggregate,20,128,32,middle,True,True,0,20,40,"{""2"": 20}",0,20,0,0,
results\d6_r2_formal\raw_r1\boot_05\batch_20260920T115443.665288Z_849ba231.json.gz,20260920T115443.665288Z_849ba231,4,887cfd6d-64b0-4141-9ca7-6b525ab747d9,d6r2_887cfd6d-64b0-4141-9ca7-6b525ab747d9_9705_b0ed3801,391,test:hiding,rootkit,mixed,role_aggregate,20,128,32,middle,True,True,0,20,40,"{""2"": 20}",0,20,0,0,
results\d6_r2_formal\raw_r1\boot_05\batch_20260920T115452.772102Z_521a887f.json.gz,20260920T115452.772102Z_521a887f,4,887cfd6d-64b0-4141-9ca7-6b525ab747d9,d6r2_887cfd6d-64b0-4141-9ca7-6b525ab747d9_9705_b0ed3801,392,test:hiding,rootkit,mixed,role_aggregate,20,128,32,middle,True,True,0,20,40,"{""2"": 20}",0,20,0,0,
results\d6_r2_formal\raw_r1\boot_05\batch_20260920T115501.841986Z_66d43a65.json.gz,20260920T115501.841986Z_66d43a65,4,887cfd6d-64b0-4141-9ca7-6b525ab747d9,d6r2_887cfd6d-64b0-4141-9ca7-6b525ab747d9_9705_b0ed3801,393,test:hiding,rootkit,mixed,role_aggregate,20,128,32,middle,True,True,0,20,40,"{""2"": 20}",0,20,0,0,
results\d6_r2_formal\raw_r1\boot_05\batch_20260920T115510.211897Z_aea4e594.json.gz,20260920T115510.211897Z_aea4e594,4,887cfd6d-64b0-4141-9ca7-6b525ab747d9,d6r2_887cfd6d-64b0-4141-9ca7-6b525ab747d9_9705_b0ed3801,394,test:hiding,rootkit,mixed,role_aggregate,20,128,32,middle,True,True,0,20,40,"{""2"": 20}",0,20,0,0,
results\d6_r2_formal\raw_r1\boot_05\batch_20260920T115519.248242Z_0dc24da6.json.gz,20260920T115519.248242Z_0dc24da6,4,887cfd6d-64b0-4141-9ca7-6b525ab747d9,d6r2_887cfd6d-64b0-4141-9ca7-6b525ab747d9_9705_b0ed3801,395,test:hiding,rootkit,mixed,role_aggregate,20,128,32,middle,True,True,0,20,40,"{""2"": 20}",0,20,0,0,
results\d6_r2_formal\raw_r1\boot_05\batch_20260920T115528.228401Z_eb635283.json.gz,20260920T115528.228401Z_eb635283,4,887cfd6d-64b0-4141-9ca7-6b525ab747d9,d6r2_887cfd6d-64b0-4141-9ca7-6b525ab747d9_9705_b0ed3801,396,test:hiding,rootkit,mixed,role_aggregate,20,128,32,middle,True,True,0,20,40,"{""2"": 20}",0,20,0,0,
results\d6_r2_formal\raw_r1\boot_05\batch_20260920T115537.404318Z_30f395c3.json.gz,20260920T115537.404318Z_30f395c3,4,887cfd6d-64b0-4141-9ca7-6b525ab747d9,d6r2_887cfd6d-64b0-4141-9ca7-6b525ab747d9_9705_b0ed3801,397,test:hiding,rootkit,mixed,role_aggregate,20,128,32,middle,True,True,0,20,40,"{""2"": 20}",0,20,0,0,
results\d6_r2_formal\raw_r1\boot_05\batch_20260920T115546.399844Z_7cf47313.json.gz,20260920T115546.399844Z_7cf47313,4,887cfd6d-64b0-4141-9ca7-6b525ab747d9,d6r2_887cfd6d-64b0-4141-9ca7-6b525ab747d9_9705_b0ed3801,398,test:hiding,rootkit,mixed,role_aggregate,20,128,32,middle,True,True,0,20,40,"{""2"": 20}",0,20,0,0,
results\d6_r2_formal\raw_r1\boot_05\batch_20260920T115555.587954Z_c0647a5a.json.gz,20260920T115555.587954Z_c0647a5a,4,887cfd6d-64b0-4141-9ca7-6b525ab747d9,d6r2_887cfd6d-64b0-4141-9ca7-6b525ab747d9_9705_b0ed3801,399,test:hiding,rootkit,mixed,role_aggregate,20,128,32,middle,True,True,0,20,40,"{""2"": 20}",0,20,0,0,
results\d6_r2_formal\raw_r1\boot_05\batch_20260920T115604.801136Z_c529d8de.json.gz,20260920T115604.801136Z_c529d8de,4,887cfd6d-64b0-4141-9ca7-6b525ab747d9,d6r2_887cfd6d-64b0-4141-9ca7-6b525ab747d9_9705_b0ed3801,400,test:hiding,rootkit,mixed,role_aggregate,20,128,32,middle,True,True,0,20,40,"{""2"": 20}",0,20,0,0,
results\d6_r2_formal\raw_r1\boot_05\batch_20260920T115613.895872Z_b4a59fc9.json.gz,20260920T115613.895872Z_b4a59fc9,4,887cfd6d-64b0-4141-9ca7-6b525ab747d9,d6r2_887cfd6d-64b0-4141-9ca7-6b525ab747d9_9705_b0ed3801,401,test:hiding,rootkit,mixed,role_aggregate,20,128,32,middle,True,True,0,20,40,"{""2"": 20}",0,20,0,0,
results\d6_r2_formal\raw_r1\boot_05\batch_20260920T115622.968435Z_e0535aeb.json.gz,20260920T115622.968435Z_e0535aeb,4,887cfd6d-64b0-4141-9ca7-6b525ab747d9,d6r2_887cfd6d-64b0-4141-9ca7-6b525ab747d9_9705_b0ed3801,402,test:hiding,rootkit,mixed,role_aggregate,20,128,32,middle,True,True,0,20,40,"{""2"": 20}",0,20,0,0,
results\d6_r2_formal\raw_r1\boot_05\batch_20260920T115632.090855Z_d013f3ae.json.gz,20260920T115632.090855Z_d013f3ae,4,887cfd6d-64b0-4141-9ca7-6b525ab747d9,d6r2_887cfd6d-64b0-4141-9ca7-6b525ab747d9_9705_b0ed3801,403,test:hiding,rootkit,mixed,role_aggregate,20,128,32,middle,True,True,0,20,40,"{""2"": 20}",0,20,0,0,
results\d6_r2_formal\raw_r1\boot_05\batch_20260920T115641.178164Z_5df9ba61.json.gz,20260920T115641.178164Z_5df9ba61,4,887cfd6d-64b0-4141-9ca7-6b525ab747d9,d6r2_887cfd6d-64b0-4141-9ca7-6b525ab747d9_9705_b0ed3801,404,test:hiding,rootkit,mixed,role_aggregate,20,128,32,middle,True,True,0,20,40,"{""2"": 20}",0,20,0,0,
results\d6_r2_formal\raw_r1\boot_05\batch_20260920T115650.151876Z_742de83a.json.gz,20260920T115650.151876Z_742de83a,4,887cfd6d-64b0-4141-9ca7-6b525ab747d9,d6r2_887cfd6d-64b0-4141-9ca7-6b525ab747d9_9705_b0ed3801,405,test:hiding,rootkit,mixed,role_aggregate,20,128,32,middle,True,True,0,20,40,"{""2"": 20}",0,20,0,0,
results\d6_r2_formal\raw_r1\boot_05\batch_20260920T115659.333215Z_055d054d.json.gz,20260920T115659.333215Z_055d054d,4,887cfd6d-64b0-4141-9ca7-6b525ab747d9,d6r2_887cfd6d-64b0-4141-9ca7-6b525ab747d9_9705_b0ed3801,406,test:hiding,rootkit,mixed,role_aggregate,20,128,32,middle,True,True,0,20,40,"{""2"": 20}",0,20,0,0,
results\d6_r2_formal\raw_r1\boot_05\batch_20260920T115708.378563Z_c2abc1f8.json.gz,20260920T115708.378563Z_c2abc1f8,4,887cfd6d-64b0-4141-9ca7-6b525ab747d9,d6r2_887cfd6d-64b0-4141-9ca7-6b525ab747d9_9705_b0ed3801,407,test:hiding,rootkit,mixed,role_aggregate,20,128,32,middle,True,True,0,20,40,"{""2"": 20}",0,20,0,0,
results\d6_r2_formal\raw_r1\boot_05\batch_20260920T115717.403903Z_9892df48.json.gz,20260920T115717.403903Z_9892df48,4,887cfd6d-64b0-4141-9ca7-6b525ab747d9,d6r2_887cfd6d-64b0-4141-9ca7-6b525ab747d9_9705_b0ed3801,408,test:hiding,rootkit,mixed,role_aggregate,20,128,32,middle,True,True,0,20,40,"{""2"": 20}",0,20,0,0,
results\d6_r2_formal\raw_r1\boot_05\batch_20260920T115726.417404Z_9d5728c9.json.gz,20260920T115726.417404Z_9d5728c9,4,887cfd6d-64b0-4141-9ca7-6b525ab747d9,d6r2_887cfd6d-64b0-4141-9ca7-6b525ab747d9_9705_b0ed3801,409,test:hiding,rootkit,mixed,role_aggregate,20,128,32,middle,True,True,0,20,40,"{""2"": 20}",0,20,0,0,
results\d6_r2_formal\raw_r1\boot_05\batch_20260920T115735.519958Z_3685b012.json.gz,20260920T115735.519958Z_3685b012,4,887cfd6d-64b0-4141-9ca7-6b525ab747d9,d6r2_887cfd6d-64b0-4141-9ca7-6b525ab747d9_9705_b0ed3801,410,test:hiding,rootkit,mixed,role_aggregate,20,128,32,middle,True,True,0,20,40,"{""2"": 20}",0,20,0,0,
results\d6_r2_formal\raw_r1\boot_05\batch_20260920T115744.579032Z_1ed7df64.json.gz,20260920T115744.579032Z_1ed7df64,4,887cfd6d-64b0-4141-9ca7-6b525ab747d9,d6r2_887cfd6d-64b0-4141-9ca7-6b525ab747d9_9705_b0ed3801,411,test:hiding,rootkit,mixed,role_aggregate,20,128,32,middle,True,True,0,20,40,"{""2"": 20}",0,20,0,0,
results\d6_r2_formal\raw_r1\boot_05\batch_20260920T115753.616283Z_bb1bfdf2.json.gz,20260920T115753.616283Z_bb1bfdf2,4,887cfd6d-64b0-4141-9ca7-6b525ab747d9,d6r2_887cfd6d-64b0-4141-9ca7-6b525ab747d9_9705_b0ed3801,412,test:hiding,rootkit,mixed,role_aggregate,20,128,32,middle,True,True,0,20,40,"{""2"": 20}",0,20,0,0,
results\d6_r2_formal\raw_r1\boot_05\batch_20260920T115802.631214Z_915c0f13.json.gz,20260920T115802.631214Z_915c0f13,4,887cfd6d-64b0-4141-9ca7-6b525ab747d9,d6r2_887cfd6d-64b0-4141-9ca7-6b525ab747d9_9705_b0ed3801,413,test:hiding,rootkit,mixed,role_aggregate,20,128,32,middle,True,True,0,20,40,"{""2"": 20}",0,20,0,0,
results\d6_r2_formal\raw_r1\boot_05\batch_20260920T115811.761933Z_ea32c5a2.json.gz,20260920T115811.761933Z_ea32c5a2,4,887cfd6d-64b0-4141-9ca7-6b525ab747d9,d6r2_887cfd6d-64b0-4141-9ca7-6b525ab747d9_9705_b0ed3801,414,test:hiding,rootkit,mixed,role_aggregate,20,128,32,middle,True,True,0,20,40,"{""2"": 20}",0,20,0,0,
results\d6_r2_formal\raw_r1\boot_05\batch_20260920T115820.759960Z_cd5f8f05.json.gz,20260920T115820.759960Z_cd5f8f05,4,887cfd6d-64b0-4141-9ca7-6b525ab747d9,d6r2_887cfd6d-64b0-4141-9ca7-6b525ab747d9_9705_b0ed3801,415,test:hiding,rootkit,mixed,role_aggregate,20,128,32,middle,True,True,0,20,40,"{""2"": 20}",0,20,0,0,
results\d6_r2_formal\raw_r1\boot_05\batch_20260920T115829.813902Z_440ce4a0.json.gz,20260920T115829.813902Z_440ce4a0,4,887cfd6d-64b0-4141-9ca7-6b525ab747d9,d6r2_887cfd6d-64b0-4141-9ca7-6b525ab747d9_9705_b0ed3801,416,test:hiding,rootkit,mixed,role_aggregate,20,128,32,middle,True,True,0,20,40,"{""2"": 20}",0,20,0,0,
results\d6_r2_formal\raw_r1\boot_05\batch_20260920T115838.795973Z_b9c638d3.json.gz,20260920T115838.795973Z_b9c638d3,4,887cfd6d-64b0-4141-9ca7-6b525ab747d9,d6r2_887cfd6d-64b0-4141-9ca7-6b525ab747d9_9705_b0ed3801,417,test:hiding,rootkit,mixed,role_aggregate,20,128,32,middle,True,True,0,20,40,"{""2"": 20}",0,20,0,0,
results\d6_r2_formal\raw_r1\boot_05\batch_20260920T115847.906925Z_9a2e8584.json.gz,20260920T115847.906925Z_9a2e8584,4,887cfd6d-64b0-4141-9ca7-6b525ab747d9,d6r2_887cfd6d-64b0-4141-9ca7-6b525ab747d9_9705_b0ed3801,418,test:hiding,rootkit,mixed,role_aggregate,20,128,32,middle,True,True,0,20,40,"{""2"": 20}",0,20,0,0,
results\d6_r2_formal\raw_r1\boot_05\batch_20260920T115857.085247Z_b2b87f01.json.gz,20260920T115857.085247Z_b2b87f01,4,887cfd6d-64b0-4141-9ca7-6b525ab747d9,d6r2_887cfd6d-64b0-4141-9ca7-6b525ab747d9_9705_b0ed3801,419,test:hiding,rootkit,mixed,role_aggregate,20,128,32,middle,True,True,0,20,40,"{""2"": 20}",0,20,0,0,
results\d6_r2_formal\raw_r1\boot_05\batch_20260920T115859.936905Z_a018909b.json.gz,20260920T115859.936905Z_a018909b,4,887cfd6d-64b0-4141-9ca7-6b525ab747d9,d6r2_887cfd6d-64b0-4141-9ca7-6b525ab747d9_9705_b0ed3801,420,test:unloaded,normal,baseline,role_aggregate,20,128,32,middle,True,True,0,20,40,"{""2"": 20}",0,20,0,20,129
results\d6_r2_formal\raw_r1\boot_05\batch_20260920T115902.277912Z_9f3a67b6.json.gz,20260920T115902.277912Z_9f3a67b6,4,887cfd6d-64b0-4141-9ca7-6b525ab747d9,d6r2_887cfd6d-64b0-4141-9ca7-6b525ab747d9_9705_b0ed3801,421,test:unloaded,normal,baseline,role_aggregate,20,128,32,middle,True,True,0,20,40,"{""2"": 20}",0,20,0,20,129
results\d6_r2_formal\raw_r1\boot_05\batch_20260920T115904.676871Z_064cd368.json.gz,20260920T115904.676871Z_064cd368,4,887cfd6d-64b0-4141-9ca7-6b525ab747d9,d6r2_887cfd6d-64b0-4141-9ca7-6b525ab747d9_9705_b0ed3801,422,test:unloaded,normal,baseline,role_aggregate,20,128,32,middle,True,True,0,20,40,"{""2"": 20}",0,20,0,20,129
results\d6_r2_formal\raw_r1\boot_05\batch_20260920T115907.491794Z_613e9b11.json.gz,20260920T115907.491794Z_613e9b11,4,887cfd6d-64b0-4141-9ca7-6b525ab747d9,d6r2_887cfd6d-64b0-4141-9ca7-6b525ab747d9_9705_b0ed3801,423,test:unloaded,normal,baseline,role_aggregate,20,128,32,middle,True,True,0,20,40,"{""2"": 20}",0,20,0,20,129
results\d6_r2_formal\raw_r1\boot_05\batch_20260920T115909.782089Z_9a1e81c5.json.gz,20260920T115909.782089Z_9a1e81c5,4,887cfd6d-64b0-4141-9ca7-6b525ab747d9,d6r2_887cfd6d-64b0-4141-9ca7-6b525ab747d9_9705_b0ed3801,424,test:unloaded,normal,baseline,role_aggregate,20,128,32,middle,True,True,0,20,40,"{""2"": 20}",0,20,0,20,129
results\d6_r2_formal\raw_r1\boot_05\batch_20260920T115912.140916Z_a99f3c47.json.gz,20260920T115912.140916Z_a99f3c47,4,887cfd6d-64b0-4141-9ca7-6b525ab747d9,d6r2_887cfd6d-64b0-4141-9ca7-6b525ab747d9_9705_b0ed3801,425,test:unloaded,normal,baseline,role_aggregate,20,128,32,middle,True,True,0,20,40,"{""2"": 20}",0,20,0,20,129
results\d6_r2_formal\raw_r1\boot_05\batch_20260920T115914.477898Z_715f2b6d.json.gz,20260920T115914.477898Z_715f2b6d,4,887cfd6d-64b0-4141-9ca7-6b525ab747d9,d6r2_887cfd6d-64b0-4141-9ca7-6b525ab747d9_9705_b0ed3801,426,test:unloaded,normal,baseline,role_aggregate,20,128,32,middle,True,True,0,20,40,"{""2"": 20}",0,20,0,20,129
results\d6_r2_formal\raw_r1\boot_05\batch_20260920T115916.748895Z_88dfdbed.json.gz,20260920T115916.748895Z_88dfdbed,4,887cfd6d-64b0-4141-9ca7-6b525ab747d9,d6r2_887cfd6d-64b0-4141-9ca7-6b525ab747d9_9705_b0ed3801,427,test:unloaded,normal,baseline,role_aggregate,20,128,32,middle,True,True,0,20,40,"{""2"": 20}",0,20,0,20,129
results\d6_r2_formal\raw_r1\boot_05\batch_20260920T115919.091215Z_946a3197.json.gz,20260920T115919.091215Z_946a3197,4,887cfd6d-64b0-4141-9ca7-6b525ab747d9,d6r2_887cfd6d-64b0-4141-9ca7-6b525ab747d9_9705_b0ed3801,428,test:unloaded,normal,baseline,role_aggregate,20,128,32,middle,True,True,0,20,40,"{""2"": 20}",0,20,0,20,129
results\d6_r2_formal\raw_r1\boot_05\batch_20260920T115921.403945Z_8e12d558.json.gz,20260920T115921.403945Z_8e12d558,4,887cfd6d-64b0-4141-9ca7-6b525ab747d9,d6r2_887cfd6d-64b0-4141-9ca7-6b525ab747d9_9705_b0ed3801,429,test:unloaded,normal,baseline,role_aggregate,20,128,32,middle,True,True,0,20,40,"{""2"": 20}",0,20,0,20,129
results\d6_r2_formal\raw_r1\boot_05\batch_20260920T115923.714161Z_6770e6c4.json.gz,20260920T115923.714161Z_6770e6c4,4,887cfd6d-64b0-4141-9ca7-6b525ab747d9,d6r2_887cfd6d-64b0-4141-9ca7-6b525ab747d9_9705_b0ed3801,430,test:unloaded,normal,baseline,role_aggregate,20,128,32,middle,True,True,0,20,40,"{""2"": 20}",0,20,0,20,129
results\d6_r2_formal\raw_r1\boot_05\batch_20260920T115926.008131Z_8ba49225.json.gz,20260920T115926.008131Z_8ba49225,4,887cfd6d-64b0-4141-9ca7-6b525ab747d9,d6r2_887cfd6d-64b0-4141-9ca7-6b525ab747d9_9705_b0ed3801,431,test:unloaded,normal,baseline,role_aggregate,20,128,32,middle,True,True,0,20,40,"{""2"": 20}",0,20,0,20,129
results\d6_r2_formal\raw_r1\boot_05\batch_20260920T115928.338199Z_2c82d827.json.gz,20260920T115928.338199Z_2c82d827,4,887cfd6d-64b0-4141-9ca7-6b525ab747d9,d6r2_887cfd6d-64b0-4141-9ca7-6b525ab747d9_9705_b0ed3801,432,test:unloaded,normal,baseline,role_aggregate,20,128,32,middle,True,True,0,20,40,"{""2"": 20}",0,20,0,20,129
results\d6_r2_formal\raw_r1\boot_05\batch_20260920T115930.616907Z_c8a9012c.json.gz,20260920T115930.616907Z_c8a9012c,4,887cfd6d-64b0-4141-9ca7-6b525ab747d9,d6r2_887cfd6d-64b0-4141-9ca7-6b525ab747d9_9705_b0ed3801,433,test:unloaded,normal,baseline,role_aggregate,20,128,32,middle,True,True,0,20,40,"{""2"": 20}",0,20,0,20,129
results\d6_r2_formal\raw_r1\boot_05\batch_20260920T115932.869054Z_1bd0f54c.json.gz,20260920T115932.869054Z_1bd0f54c,4,887cfd6d-64b0-4141-9ca7-6b525ab747d9,d6r2_887cfd6d-64b0-4141-9ca7-6b525ab747d9_9705_b0ed3801,434,test:unloaded,normal,baseline,role_aggregate,20,128,32,middle,True,True,0,20,40,"{""2"": 20}",0,20,0,20,129
results\d6_r2_formal\raw_r1\boot_05\batch_20260920T115935.448326Z_cc142fc5.json.gz,20260920T115935.448326Z_cc142fc5,4,887cfd6d-64b0-4141-9ca7-6b525ab747d9,d6r2_887cfd6d-64b0-4141-9ca7-6b525ab747d9_9705_b0ed3801,435,test:unloaded,normal,baseline,role_aggregate,20,128,32,middle,True,True,0,20,40,"{""2"": 20}",0,20,0,20,129
results\d6_r2_formal\raw_r1\boot_05\batch_20260920T115938.257941Z_c0291558.json.gz,20260920T115938.257941Z_c0291558,4,887cfd6d-64b0-4141-9ca7-6b525ab747d9,d6r2_887cfd6d-64b0-4141-9ca7-6b525ab747d9_9705_b0ed3801,436,test:unloaded,normal,baseline,role_aggregate,20,128,32,middle,True,True,0,20,40,"{""2"": 20}",0,20,0,20,129
results\d6_r2_formal\raw_r1\boot_05\batch_20260920T115940.872339Z_4e45cb72.json.gz,20260920T115940.872339Z_4e45cb72,4,887cfd6d-64b0-4141-9ca7-6b525ab747d9,d6r2_887cfd6d-64b0-4141-9ca7-6b525ab747d9_9705_b0ed3801,437,test:unloaded,normal,baseline,role_aggregate,20,128,32,middle,True,True,0,20,40,"{""2"": 20}",0,20,0,20,129
results\d6_r2_formal\raw_r1\boot_05\batch_20260920T115943.483101Z_3847afee.json.gz,20260920T115943.483101Z_3847afee,4,887cfd6d-64b0-4141-9ca7-6b525ab747d9,d6r2_887cfd6d-64b0-4141-9ca7-6b525ab747d9_9705_b0ed3801,438,test:unloaded,normal,baseline,role_aggregate,20,128,32,middle,True,True,0,20,40,"{""2"": 20}",0,20,0,20,129
results\d6_r2_formal\raw_r1\boot_05\batch_20260920T115946.031025Z_980de350.json.gz,20260920T115946.031025Z_980de350,4,887cfd6d-64b0-4141-9ca7-6b525ab747d9,d6r2_887cfd6d-64b0-4141-9ca7-6b525ab747d9_9705_b0ed3801,439,test:unloaded,normal,baseline,role_aggregate,20,128,32,middle,True,True,0,20,40,"{""2"": 20}",0,20,0,20,129
results\d6_r2_formal\raw_r1\boot_05\batch_20260920T115948.533106Z_3f0ecdc6.json.gz,20260920T115948.533106Z_3f0ecdc6,4,887cfd6d-64b0-4141-9ca7-6b525ab747d9,d6r2_887cfd6d-64b0-4141-9ca7-6b525ab747d9_9705_b0ed3801,440,test:unloaded,normal,baseline,role_aggregate,20,128,32,middle,True,True,0,20,40,"{""2"": 20}",0,20,0,20,129
results\d6_r2_formal\raw_r1\boot_05\batch_20260920T115951.056685Z_1e0f0b32.json.gz,20260920T115951.056685Z_1e0f0b32,4,887cfd6d-64b0-4141-9ca7-6b525ab747d9,d6r2_887cfd6d-64b0-4141-9ca7-6b525ab747d9_9705_b0ed3801,441,test:unloaded,normal,baseline,role_aggregate,20,128,32,middle,True,True,0,20,40,"{""2"": 20}",0,20,0,20,129
results\d6_r2_formal\raw_r1\boot_05\batch_20260920T115953.603447Z_9edb94aa.json.gz,20260920T115953.603447Z_9edb94aa,4,887cfd6d-64b0-4141-9ca7-6b525ab747d9,d6r2_887cfd6d-64b0-4141-9ca7-6b525ab747d9_9705_b0ed3801,442,test:unloaded,normal,baseline,role_aggregate,20,128,32,middle,True,True,0,20,40,"{""2"": 20}",0,20,0,20,129
results\d6_r2_formal\raw_r1\boot_05\batch_20260920T115956.026991Z_df3e7692.json.gz,20260920T115956.026991Z_df3e7692,4,887cfd6d-64b0-4141-9ca7-6b525ab747d9,d6r2_887cfd6d-64b0-4141-9ca7-6b525ab747d9_9705_b0ed3801,443,test:unloaded,normal,baseline,role_aggregate,20,128,32,middle,True,True,0,20,40,"{""2"": 20}",0,20,0,20,129
results\d6_r2_formal\raw_r1\boot_05\batch_20260920T115958.656236Z_1fee3658.json.gz,20260920T115958.656236Z_1fee3658,4,887cfd6d-64b0-4141-9ca7-6b525ab747d9,d6r2_887cfd6d-64b0-4141-9ca7-6b525ab747d9_9705_b0ed3801,444,test:unloaded,normal,baseline,role_aggregate,20,128,32,middle,True,True,0,20,40,"{""2"": 20}",0,20,0,20,129
results\d6_r2_formal\raw_r1\boot_05\batch_20260920T120001.029329Z_5de9f7de.json.gz,20260920T120001.029329Z_5de9f7de,4,887cfd6d-64b0-4141-9ca7-6b525ab747d9,d6r2_887cfd6d-64b0-4141-9ca7-6b525ab747d9_9705_b0ed3801,445,test:unloaded,normal,baseline,role_aggregate,20,128,32,middle,True,True,0,20,40,"{""2"": 20}",0,20,0,20,129
results\d6_r2_formal\raw_r1\boot_05\batch_20260920T120003.293417Z_f28fcb19.json.gz,20260920T120003.293417Z_f28fcb19,4,887cfd6d-64b0-4141-9ca7-6b525ab747d9,d6r2_887cfd6d-64b0-4141-9ca7-6b525ab747d9_9705_b0ed3801,446,test:unloaded,normal,baseline,role_aggregate,20,128,32,middle,True,True,0,20,40,"{""2"": 20}",0,20,0,20,129
results\d6_r2_formal\raw_r1\boot_05\batch_20260920T120005.586131Z_ec6a8202.json.gz,20260920T120005.586131Z_ec6a8202,4,887cfd6d-64b0-4141-9ca7-6b525ab747d9,d6r2_887cfd6d-64b0-4141-9ca7-6b525ab747d9_9705_b0ed3801,447,test:unloaded,normal,baseline,role_aggregate,20,128,32,middle,True,True,0,20,40,"{""2"": 20}",0,20,0,20,129
results\d6_r2_formal\raw_r1\boot_05\batch_20260920T120008.095077Z_4d279be7.json.gz,20260920T120008.095077Z_4d279be7,4,887cfd6d-64b0-4141-9ca7-6b525ab747d9,d6r2_887cfd6d-64b0-4141-9ca7-6b525ab747d9_9705_b0ed3801,448,test:unloaded,normal,baseline,role_aggregate,20,128,32,middle,True,True,0,20,40,"{""2"": 20}",0,20,0,20,129
results\d6_r2_formal\raw_r1\boot_05\batch_20260920T120010.615872Z_da84d901.json.gz,20260920T120010.615872Z_da84d901,4,887cfd6d-64b0-4141-9ca7-6b525ab747d9,d6r2_887cfd6d-64b0-4141-9ca7-6b525ab747d9_9705_b0ed3801,449,test:unloaded,normal,baseline,role_aggregate,20,128,32,middle,True,True,0,20,40,"{""2"": 20}",0,20,0,20,129
results\d6_r2_formal\raw_r1\boot_05\batch_20260920T120013.106214Z_035d789c.json.gz,20260920T120013.106214Z_035d789c,4,887cfd6d-64b0-4141-9ca7-6b525ab747d9,d6r2_887cfd6d-64b0-4141-9ca7-6b525ab747d9_9705_b0ed3801,450,test:unloaded,normal,baseline,role_aggregate,20,128,32,middle,True,True,0,20,40,"{""2"": 20}",0,20,0,20,129
results\d6_r2_formal\raw_r1\boot_05\batch_20260920T120015.512163Z_e727a7c7.json.gz,20260920T120015.512163Z_e727a7c7,4,887cfd6d-64b0-4141-9ca7-6b525ab747d9,d6r2_887cfd6d-64b0-4141-9ca7-6b525ab747d9_9705_b0ed3801,451,test:unloaded,normal,baseline,role_aggregate,20,128,32,middle,True,True,0,20,40,"{""2"": 20}",0,20,0,20,129
results\d6_r2_formal\raw_r1\boot_05\batch_20260920T120017.912295Z_beca726a.json.gz,20260920T120017.912295Z_beca726a,4,887cfd6d-64b0-4141-9ca7-6b525ab747d9,d6r2_887cfd6d-64b0-4141-9ca7-6b525ab747d9_9705_b0ed3801,452,test:unloaded,normal,baseline,role_aggregate,20,128,32,middle,True,True,0,20,40,"{""2"": 20}",0,20,0,20,129
results\d6_r2_formal\raw_r1\boot_05\batch_20260920T120020.252109Z_701d0cf7.json.gz,20260920T120020.252109Z_701d0cf7,4,887cfd6d-64b0-4141-9ca7-6b525ab747d9,d6r2_887cfd6d-64b0-4141-9ca7-6b525ab747d9_9705_b0ed3801,453,test:unloaded,normal,baseline,role_aggregate,20,128,32,middle,True,True,0,20,40,"{""2"": 20}",0,20,0,20,129
results\d6_r2_formal\raw_r1\boot_05\batch_20260920T120022.640788Z_cd012e07.json.gz,20260920T120022.640788Z_cd012e07,4,887cfd6d-64b0-4141-9ca7-6b525ab747d9,d6r2_887cfd6d-64b0-4141-9ca7-6b525ab747d9_9705_b0ed3801,454,test:unloaded,normal,baseline,role_aggregate,20,128,32,middle,True,True,0,20,40,"{""2"": 20}",0,20,0,20,129
results\d6_r2_formal\raw_r1\boot_05\batch_20260920T120025.010277Z_c49b1f06.json.gz,20260920T120025.010277Z_c49b1f06,4,887cfd6d-64b0-4141-9ca7-6b525ab747d9,d6r2_887cfd6d-64b0-4141-9ca7-6b525ab747d9_9705_b0ed3801,455,test:unloaded,normal,baseline,role_aggregate,20,128,32,middle,True,True,0,20,40,"{""2"": 20}",0,20,0,20,129
results\d6_r2_formal\raw_r1\boot_05\batch_20260920T120027.461423Z_d4979316.json.gz,20260920T120027.461423Z_d4979316,4,887cfd6d-64b0-4141-9ca7-6b525ab747d9,d6r2_887cfd6d-64b0-4141-9ca7-6b525ab747d9_9705_b0ed3801,456,test:unloaded,normal,baseline,role_aggregate,20,128,32,middle,True,True,0,20,40,"{""2"": 20}",0,20,0,20,129
results\d6_r2_formal\raw_r1\boot_05\batch_20260920T120029.822175Z_15e21114.json.gz,20260920T120029.822175Z_15e21114,4,887cfd6d-64b0-4141-9ca7-6b525ab747d9,d6r2_887cfd6d-64b0-4141-9ca7-6b525ab747d9_9705_b0ed3801,457,test:unloaded,normal,baseline,role_aggregate,20,128,32,middle,True,True,0,20,40,"{""2"": 20}",0,20,0,20,129
results\d6_r2_formal\raw_r1\boot_05\batch_20260920T120032.213190Z_5c0158e1.json.gz,20260920T120032.213190Z_5c0158e1,4,887cfd6d-64b0-4141-9ca7-6b525ab747d9,d6r2_887cfd6d-64b0-4141-9ca7-6b525ab747d9_9705_b0ed3801,458,test:unloaded,normal,baseline,role_aggregate,20,128,32,middle,True,True,0,20,40,"{""2"": 20}",0,20,0,20,129
results\d6_r2_formal\raw_r1\boot_05\batch_20260920T120034.530172Z_587a5ceb.json.gz,20260920T120034.530172Z_587a5ceb,4,887cfd6d-64b0-4141-9ca7-6b525ab747d9,d6r2_887cfd6d-64b0-4141-9ca7-6b525ab747d9_9705_b0ed3801,459,test:unloaded,normal,baseline,role_aggregate,20,128,32,middle,True,True,0,20,40,"{""2"": 20}",0,20,0,20,129
