boot_id,method,position,segment,state,condition,context_stratum,security_alert,operational_alert,alert,accepted_update,window_attack_fraction
b7600d17-1e0b-43ba-96cd-edb4c442fe93,fixed,48,normal_pre,unloaded,baseline,low,False,False,False,False,0.0
b7600d17-1e0b-43ba-96cd-edb4c442fe93,fixed,49,normal_pre,unloaded,baseline,low,False,False,False,False,0.0
b7600d17-1e0b-43ba-96cd-edb4c442fe93,fixed,50,normal_pre,unloaded,baseline,low,False,True,True,False,0.0
b7600d17-1e0b-43ba-96cd-edb4c442fe93,fixed,51,normal_pre,unloaded,baseline,low,False,False,False,False,0.0
b7600d17-1e0b-43ba-96cd-edb4c442fe93,fixed,52,normal_pre,unloaded,baseline,low,False,False,False,False,0.0
b7600d17-1e0b-43ba-96cd-edb4c442fe93,fixed,53,normal_pre,unloaded,baseline,low,False,False,False,False,0.0
b7600d17-1e0b-43ba-96cd-edb4c442fe93,fixed,54,normal_pre,unloaded,baseline,low,False,False,False,False,0.0
b7600d17-1e0b-43ba-96cd-edb4c442fe93,fixed,55,normal_pre,unloaded,baseline,low,False,False,False,False,0.0
b7600d17-1e0b-43ba-96cd-edb4c442fe93,fixed,56,normal_pre,unloaded,baseline,low,False,False,False,False,0.0
b7600d17-1e0b-43ba-96cd-edb4c442fe93,fixed,57,normal_pre,unloaded,baseline,low,False,False,False,False,0.0
b7600d17-1e0b-43ba-96cd-edb4c442fe93,fixed,58,normal_pre,unloaded,baseline,low,False,False,False,False,0.0
b7600d17-1e0b-43ba-96cd-edb4c442fe93,fixed,59,normal_pre,unloaded,baseline,low,False,False,False,False,0.0
b7600d17-1e0b-43ba-96cd-edb4c442fe93,fixed,60,normal_pre,unloaded,baseline,low,False,False,False,False,0.0
b7600d17-1e0b-43ba-96cd-edb4c442fe93,fixed,61,normal_pre,unloaded,baseline,low,False,False,False,False,0.0
b7600d17-1e0b-43ba-96cd-edb4c442fe93,fixed,62,normal_pre,unloaded,baseline,low,False,False,False,False,0.0
b7600d17-1e0b-43ba-96cd-edb4c442fe93,fixed,63,normal_pre,unloaded,baseline,low,False,True,True,False,0.0
b7600d17-1e0b-43ba-96cd-edb4c442fe93,fixed,64,normal_pre,unloaded,baseline,low,False,False,False,False,0.0
b7600d17-1e0b-43ba-96cd-edb4c442fe93,fixed,65,normal_pre,unloaded,baseline,low,False,False,False,False,0.0
b7600d17-1e0b-43ba-96cd-edb4c442fe93,fixed,66,normal_pre,unloaded,baseline,low,False,False,False,False,0.0
b7600d17-1e0b-43ba-96cd-edb4c442fe93,fixed,67,normal_pre,unloaded,baseline,low,False,False,False,False,0.0
b7600d17-1e0b-43ba-96cd-edb4c442fe93,fixed,68,benign_cpu_unseen,unloaded,cpu,high,False,False,False,False,0.0
b7600d17-1e0b-43ba-96cd-edb4c442fe93,fixed,69,benign_cpu_unseen,unloaded,cpu,high,False,False,False,False,0.0
b7600d17-1e0b-43ba-96cd-edb4c442fe93,fixed,70,benign_cpu_unseen,unloaded,cpu,high,False,True,True,False,0.0
b7600d17-1e0b-43ba-96cd-edb4c442fe93,fixed,71,benign_cpu_unseen,unloaded,cpu,high,False,True,True,False,0.0
b7600d17-1e0b-43ba-96cd-edb4c442fe93,fixed,72,benign_cpu_unseen,unloaded,cpu,high,False,True,True,False,0.0
b7600d17-1e0b-43ba-96cd-edb4c442fe93,fixed,73,benign_cpu_unseen,unloaded,cpu,high,False,False,False,False,0.0
b7600d17-1e0b-43ba-96cd-edb4c442fe93,fixed,74,benign_cpu_unseen,unloaded,cpu,high,False,False,False,False,0.0
b7600d17-1e0b-43ba-96cd-edb4c442fe93,fixed,75,benign_cpu_unseen,unloaded,cpu,high,False,False,False,False,0.0
b7600d17-1e0b-43ba-96cd-edb4c442fe93,fixed,76,benign_cpu_unseen,unloaded,cpu,high,False,True,True,False,0.0
b7600d17-1e0b-43ba-96cd-edb4c442fe93,fixed,77,benign_cpu_unseen,unloaded,cpu,high,False,True,True,False,0.0
b7600d17-1e0b-43ba-96cd-edb4c442fe93,fixed,78,benign_cpu_unseen,unloaded,cpu,high,False,False,False,False,0.0
b7600d17-1e0b-43ba-96cd-edb4c442fe93,fixed,79,benign_cpu_unseen,unloaded,cpu,high,False,True,True,False,0.0
b7600d17-1e0b-43ba-96cd-edb4c442fe93,fixed,80,benign_cpu_unseen,unloaded,cpu,high,False,True,True,False,0.0
b7600d17-1e0b-43ba-96cd-edb4c442fe93,fixed,81,benign_cpu_unseen,unloaded,cpu,high,False,True,True,False,0.0
b7600d17-1e0b-43ba-96cd-edb4c442fe93,fixed,82,benign_cpu_unseen,unloaded,cpu,high,False,True,True,False,0.0
b7600d17-1e0b-43ba-96cd-edb4c442fe93,fixed,83,benign_cpu_unseen,unloaded,cpu,high,False,False,False,False,0.0
b7600d17-1e0b-43ba-96cd-edb4c442fe93,fixed,84,benign_cpu_unseen,unloaded,cpu,high,False,True,True,False,0.0
b7600d17-1e0b-43ba-96cd-edb4c442fe93,fixed,85,benign_cpu_unseen,unloaded,cpu,high,False,True,True,False,0.0
b7600d17-1e0b-43ba-96cd-edb4c442fe93,fixed,86,benign_cpu_unseen,unloaded,cpu,high,False,False,False,False,0.0
b7600d17-1e0b-43ba-96cd-edb4c442fe93,fixed,87,benign_cpu_unseen,unloaded,cpu,high,False,True,True,False,0.0
b7600d17-1e0b-43ba-96cd-edb4c442fe93,fixed,88,benign_cpu_unseen,unloaded,cpu,high,False,True,True,False,0.0
b7600d17-1e0b-43ba-96cd-edb4c442fe93,fixed,89,benign_cpu_unseen,unloaded,cpu,high,False,True,True,False,0.0
b7600d17-1e0b-43ba-96cd-edb4c442fe93,fixed,90,benign_cpu_unseen,unloaded,cpu,high,False,True,True,False,0.0
b7600d17-1e0b-43ba-96cd-edb4c442fe93,fixed,91,benign_cpu_unseen,unloaded,cpu,high,False,False,False,False,0.0
b7600d17-1e0b-43ba-96cd-edb4c442fe93,fixed,92,benign_cpu_unseen,unloaded,cpu,high,False,True,True,False,0.0
b7600d17-1e0b-43ba-96cd-edb4c442fe93,fixed,93,benign_cpu_unseen,unloaded,cpu,high,False,False,False,False,0.0
b7600d17-1e0b-43ba-96cd-edb4c442fe93,fixed,94,benign_cpu_unseen,unloaded,cpu,high,False,True,True,False,0.0
b7600d17-1e0b-43ba-96cd-edb4c442fe93,fixed,95,benign_cpu_unseen,unloaded,cpu,high,False,False,False,False,0.0
b7600d17-1e0b-43ba-96cd-edb4c442fe93,fixed,96,benign_cpu_unseen,unloaded,cpu,high,False,True,True,False,0.0
b7600d17-1e0b-43ba-96cd-edb4c442fe93,fixed,97,benign_cpu_unseen,unloaded,cpu,high,False,True,True,False,0.0
b7600d17-1e0b-43ba-96cd-edb4c442fe93,fixed,98,benign_cpu_unseen,unloaded,cpu,high,False,False,False,False,0.0
b7600d17-1e0b-43ba-96cd-edb4c442fe93,fixed,99,benign_cpu_unseen,unloaded,cpu,high,False,True,True,False,0.0
b7600d17-1e0b-43ba-96cd-edb4c442fe93,fixed,100,benign_cpu_unseen,unloaded,cpu,high,False,False,False,False,0.0
b7600d17-1e0b-43ba-96cd-edb4c442fe93,fixed,101,benign_cpu_unseen,unloaded,cpu,high,False,True,True,False,0.0
b7600d17-1e0b-43ba-96cd-edb4c442fe93,fixed,102,benign_cpu_unseen,unloaded,cpu,high,False,True,True,False,0.0
b7600d17-1e0b-43ba-96cd-edb4c442fe93,fixed,103,benign_cpu_unseen,unloaded,cpu,high,False,True,True,False,0.0
b7600d17-1e0b-43ba-96cd-edb4c442fe93,fixed,104,benign_cpu_unseen,unloaded,cpu,high,False,True,True,False,0.0
b7600d17-1e0b-43ba-96cd-edb4c442fe93,fixed,105,benign_cpu_unseen,unloaded,cpu,high,False,True,True,False,0.0
b7600d17-1e0b-43ba-96cd-edb4c442fe93,fixed,106,benign_cpu_unseen,unloaded,cpu,high,False,True,True,False,0.0
b7600d17-1e0b-43ba-96cd-edb4c442fe93,fixed,107,benign_cpu_unseen,unloaded,cpu,high,False,False,False,False,0.0
b7600d17-1e0b-43ba-96cd-edb4c442fe93,fixed,108,benign_memory_unseen,unloaded,memory,low,False,False,False,False,0.0
b7600d17-1e0b-43ba-96cd-edb4c442fe93,fixed,109,benign_memory_unseen,unloaded,memory,low,False,False,False,False,0.0
b7600d17-1e0b-43ba-96cd-edb4c442fe93,fixed,110,benign_memory_unseen,unloaded,memory,low,False,False,False,False,0.0
b7600d17-1e0b-43ba-96cd-edb4c442fe93,fixed,111,benign_memory_unseen,unloaded,memory,low,False,False,False,False,0.0
b7600d17-1e0b-43ba-96cd-edb4c442fe93,fixed,112,benign_memory_unseen,unloaded,memory,low,False,False,False,False,0.0
b7600d17-1e0b-43ba-96cd-edb4c442fe93,fixed,113,benign_memory_unseen,unloaded,memory,low,False,False,False,False,0.0
b7600d17-1e0b-43ba-96cd-edb4c442fe93,fixed,114,benign_memory_unseen,unloaded,memory,low,False,False,False,False,0.0
b7600d17-1e0b-43ba-96cd-edb4c442fe93,fixed,115,benign_memory_unseen,unloaded,memory,low,False,True,True,False,0.0
b7600d17-1e0b-43ba-96cd-edb4c442fe93,fixed,116,benign_memory_unseen,unloaded,memory,low,False,True,True,False,0.0
b7600d17-1e0b-43ba-96cd-edb4c442fe93,fixed,117,benign_memory_unseen,unloaded,memory,low,False,True,True,False,0.0
b7600d17-1e0b-43ba-96cd-edb4c442fe93,fixed,118,benign_memory_unseen,unloaded,memory,low,False,True,True,False,0.0
b7600d17-1e0b-43ba-96cd-edb4c442fe93,fixed,119,benign_memory_unseen,unloaded,memory,low,False,True,True,False,0.0
b7600d17-1e0b-43ba-96cd-edb4c442fe93,fixed,120,benign_memory_unseen,unloaded,memory,low,False,True,True,False,0.0
b7600d17-1e0b-43ba-96cd-edb4c442fe93,fixed,121,benign_memory_unseen,unloaded,memory,low,False,False,False,False,0.0
b7600d17-1e0b-43ba-96cd-edb4c442fe93,fixed,122,benign_memory_unseen,unloaded,memory,low,False,False,False,False,0.0
b7600d17-1e0b-43ba-96cd-edb4c442fe93,fixed,123,benign_memory_unseen,unloaded,memory,low,False,True,True,False,0.0
b7600d17-1e0b-43ba-96cd-edb4c442fe93,fixed,124,benign_memory_unseen,unloaded,memory,low,False,False,False,False,0.0
b7600d17-1e0b-43ba-96cd-edb4c442fe93,fixed,125,benign_memory_unseen,unloaded,memory,low,False,False,False,False,0.0
b7600d17-1e0b-43ba-96cd-edb4c442fe93,fixed,126,benign_memory_unseen,unloaded,memory,low,False,True,True,False,0.0
b7600d17-1e0b-43ba-96cd-edb4c442fe93,fixed,127,benign_memory_unseen,unloaded,memory,low,False,False,False,False,0.0
b7600d17-1e0b-43ba-96cd-edb4c442fe93,fixed,128,benign_memory_unseen,unloaded,memory,low,False,True,True,False,0.0
b7600d17-1e0b-43ba-96cd-edb4c442fe93,fixed,129,benign_memory_unseen,unloaded,memory,low,False,False,False,False,0.0
b7600d17-1e0b-43ba-96cd-edb4c442fe93,fixed,130,benign_memory_unseen,unloaded,memory,low,False,True,True,False,0.0
b7600d17-1e0b-43ba-96cd-edb4c442fe93,fixed,131,benign_memory_unseen,unloaded,memory,low,False,False,False,False,0.0
b7600d17-1e0b-43ba-96cd-edb4c442fe93,fixed,132,benign_memory_unseen,unloaded,memory,low,False,True,True,False,0.0
b7600d17-1e0b-43ba-96cd-edb4c442fe93,fixed,133,benign_memory_unseen,unloaded,memory,low,False,True,True,False,0.0
b7600d17-1e0b-43ba-96cd-edb4c442fe93,fixed,134,benign_memory_unseen,unloaded,memory,low,False,False,False,False,0.0
b7600d17-1e0b-43ba-96cd-edb4c442fe93,fixed,135,benign_memory_unseen,unloaded,memory,low,False,True,True,False,0.0
b7600d17-1e0b-43ba-96cd-edb4c442fe93,fixed,136,benign_memory_unseen,unloaded,memory,low,False,True,True,False,0.0
b7600d17-1e0b-43ba-96cd-edb4c442fe93,fixed,137,benign_memory_unseen,unloaded,memory,low,False,True,True,False,0.0
b7600d17-1e0b-43ba-96cd-edb4c442fe93,fixed,138,benign_memory_unseen,unloaded,memory,low,False,False,False,False,0.0
b7600d17-1e0b-43ba-96cd-edb4c442fe93,fixed,139,benign_memory_unseen,unloaded,memory,low,False,True,True,False,0.0
b7600d17-1e0b-43ba-96cd-edb4c442fe93,fixed,140,benign_memory_unseen,unloaded,memory,low,False,False,False,False,0.0
b7600d17-1e0b-43ba-96cd-edb4c442fe93,fixed,141,benign_memory_unseen,unloaded,memory,low,False,False,False,False,0.0
b7600d17-1e0b-43ba-96cd-edb4c442fe93,fixed,142,benign_memory_unseen,unloaded,memory,low,False,False,False,False,0.0
b7600d17-1e0b-43ba-96cd-edb4c442fe93,fixed,143,benign_memory_unseen,unloaded,memory,low,False,False,False,False,0.0
b7600d17-1e0b-43ba-96cd-edb4c442fe93,fixed,144,benign_memory_unseen,unloaded,memory,low,False,False,False,False,0.0
b7600d17-1e0b-43ba-96cd-edb4c442fe93,fixed,145,benign_memory_unseen,unloaded,memory,low,False,False,False,False,0.0
b7600d17-1e0b-43ba-96cd-edb4c442fe93,fixed,146,benign_memory_unseen,unloaded,memory,low,False,False,False,False,0.0
b7600d17-1e0b-43ba-96cd-edb4c442fe93,fixed,147,benign_memory_unseen,unloaded,memory,low,False,True,True,False,0.0
b7600d17-1e0b-43ba-96cd-edb4c442fe93,fixed,148,benign_mixed_unseen,unloaded,mixed,high,False,True,True,False,0.0
b7600d17-1e0b-43ba-96cd-edb4c442fe93,fixed,149,benign_mixed_unseen,unloaded,mixed,high,False,True,True,False,0.0
b7600d17-1e0b-43ba-96cd-edb4c442fe93,fixed,150,benign_mixed_unseen,unloaded,mixed,high,False,True,True,False,0.0
b7600d17-1e0b-43ba-96cd-edb4c442fe93,fixed,151,benign_mixed_unseen,unloaded,mixed,high,False,True,True,False,0.0
b7600d17-1e0b-43ba-96cd-edb4c442fe93,fixed,152,benign_mixed_unseen,unloaded,mixed,high,False,False,False,False,0.0
b7600d17-1e0b-43ba-96cd-edb4c442fe93,fixed,153,benign_mixed_unseen,unloaded,mixed,high,False,True,True,False,0.0
b7600d17-1e0b-43ba-96cd-edb4c442fe93,fixed,154,benign_mixed_unseen,unloaded,mixed,high,False,True,True,False,0.0
b7600d17-1e0b-43ba-96cd-edb4c442fe93,fixed,155,benign_mixed_unseen,unloaded,mixed,high,False,False,False,False,0.0
b7600d17-1e0b-43ba-96cd-edb4c442fe93,fixed,156,benign_mixed_unseen,unloaded,mixed,high,False,True,True,False,0.0
b7600d17-1e0b-43ba-96cd-edb4c442fe93,fixed,157,benign_mixed_unseen,unloaded,mixed,high,False,True,True,False,0.0
b7600d17-1e0b-43ba-96cd-edb4c442fe93,fixed,158,benign_mixed_unseen,unloaded,mixed,high,False,True,True,False,0.0
b7600d17-1e0b-43ba-96cd-edb4c442fe93,fixed,159,benign_mixed_unseen,unloaded,mixed,high,False,True,True,False,0.0
b7600d17-1e0b-43ba-96cd-edb4c442fe93,fixed,160,benign_mixed_unseen,unloaded,mixed,high,False,True,True,False,0.0
b7600d17-1e0b-43ba-96cd-edb4c442fe93,fixed,161,benign_mixed_unseen,unloaded,mixed,high,False,True,True,False,0.0
b7600d17-1e0b-43ba-96cd-edb4c442fe93,fixed,162,benign_mixed_unseen,unloaded,mixed,high,False,False,False,False,0.0
b7600d17-1e0b-43ba-96cd-edb4c442fe93,fixed,163,benign_mixed_unseen,unloaded,mixed,high,False,True,True,False,0.0
b7600d17-1e0b-43ba-96cd-edb4c442fe93,fixed,164,benign_mixed_unseen,unloaded,mixed,high,False,True,True,False,0.0
b7600d17-1e0b-43ba-96cd-edb4c442fe93,fixed,165,benign_mixed_unseen,unloaded,mixed,high,False,False,False,False,0.0
b7600d17-1e0b-43ba-96cd-edb4c442fe93,fixed,166,benign_mixed_unseen,unloaded,mixed,high,False,True,True,False,0.0
b7600d17-1e0b-43ba-96cd-edb4c442fe93,fixed,167,benign_mixed_unseen,unloaded,mixed,high,False,False,False,False,0.0
b7600d17-1e0b-43ba-96cd-edb4c442fe93,fixed,168,benign_mixed_unseen,unloaded,mixed,high,False,True,True,False,0.0
b7600d17-1e0b-43ba-96cd-edb4c442fe93,fixed,169,benign_mixed_unseen,unloaded,mixed,high,False,True,True,False,0.0
b7600d17-1e0b-43ba-96cd-edb4c442fe93,fixed,170,benign_mixed_unseen,unloaded,mixed,high,False,True,True,False,0.0
b7600d17-1e0b-43ba-96cd-edb4c442fe93,fixed,171,benign_mixed_unseen,unloaded,mixed,high,False,True,True,False,0.0
b7600d17-1e0b-43ba-96cd-edb4c442fe93,fixed,172,benign_mixed_unseen,unloaded,mixed,high,False,True,True,False,0.0
b7600d17-1e0b-43ba-96cd-edb4c442fe93,fixed,173,benign_mixed_unseen,unloaded,mixed,high,False,True,True,False,0.0
b7600d17-1e0b-43ba-96cd-edb4c442fe93,fixed,174,benign_mixed_unseen,unloaded,mixed,high,False,True,True,False,0.0
b7600d17-1e0b-43ba-96cd-edb4c442fe93,fixed,175,benign_mixed_unseen,unloaded,mixed,high,False,True,True,False,0.0
b7600d17-1e0b-43ba-96cd-edb4c442fe93,fixed,176,benign_mixed_unseen,unloaded,mixed,high,False,True,True,False,0.0
b7600d17-1e0b-43ba-96cd-edb4c442fe93,fixed,177,benign_mixed_unseen,unloaded,mixed,high,False,True,True,False,0.0
b7600d17-1e0b-43ba-96cd-edb4c442fe93,fixed,178,benign_mixed_unseen,unloaded,mixed,high,False,True,True,False,0.0
b7600d17-1e0b-43ba-96cd-edb4c442fe93,fixed,179,benign_mixed_unseen,unloaded,mixed,high,False,True,True,False,0.0
b7600d17-1e0b-43ba-96cd-edb4c442fe93,fixed,180,benign_mixed_unseen,unloaded,mixed,high,False,True,True,False,0.0
b7600d17-1e0b-43ba-96cd-edb4c442fe93,fixed,181,benign_mixed_unseen,unloaded,mixed,high,False,False,False,False,0.0
b7600d17-1e0b-43ba-96cd-edb4c442fe93,fixed,182,benign_mixed_unseen,unloaded,mixed,high,False,True,True,False,0.0
b7600d17-1e0b-43ba-96cd-edb4c442fe93,fixed,183,benign_mixed_unseen,unloaded,mixed,high,False,True,True,False,0.0
b7600d17-1e0b-43ba-96cd-edb4c442fe93,fixed,184,benign_mixed_unseen,unloaded,mixed,high,False,True,True,False,0.0
b7600d17-1e0b-43ba-96cd-edb4c442fe93,fixed,185,benign_mixed_unseen,unloaded,mixed,high,False,True,True,False,0.0
b7600d17-1e0b-43ba-96cd-edb4c442fe93,fixed,186,benign_mixed_unseen,unloaded,mixed,high,False,True,True,False,0.0
b7600d17-1e0b-43ba-96cd-edb4c442fe93,fixed,187,benign_mixed_unseen,unloaded,mixed,high,False,True,True,False,0.0
b7600d17-1e0b-43ba-96cd-edb4c442fe93,fixed,188,normal_recovery_1,unloaded,baseline,low,False,False,False,False,0.0
b7600d17-1e0b-43ba-96cd-edb4c442fe93,fixed,189,normal_recovery_1,unloaded,baseline,low,False,False,False,False,0.0
b7600d17-1e0b-43ba-96cd-edb4c442fe93,fixed,190,normal_recovery_1,unloaded,baseline,low,False,False,False,False,0.0
b7600d17-1e0b-43ba-96cd-edb4c442fe93,fixed,191,normal_recovery_1,unloaded,baseline,low,False,False,False,False,0.0
b7600d17-1e0b-43ba-96cd-edb4c442fe93,fixed,192,normal_recovery_1,unloaded,baseline,low,False,False,False,False,0.0
b7600d17-1e0b-43ba-96cd-edb4c442fe93,fixed,193,normal_recovery_1,unloaded,baseline,low,False,False,False,False,0.0
b7600d17-1e0b-43ba-96cd-edb4c442fe93,fixed,194,normal_recovery_1,unloaded,baseline,low,False,False,False,False,0.0
b7600d17-1e0b-43ba-96cd-edb4c442fe93,fixed,195,normal_recovery_1,unloaded,baseline,low,False,False,False,False,0.0
b7600d17-1e0b-43ba-96cd-edb4c442fe93,fixed,196,normal_recovery_1,unloaded,baseline,low,False,False,False,False,0.0
b7600d17-1e0b-43ba-96cd-edb4c442fe93,fixed,197,normal_recovery_1,unloaded,baseline,low,False,False,False,False,0.0
b7600d17-1e0b-43ba-96cd-edb4c442fe93,fixed,198,normal_recovery_1,unloaded,baseline,low,False,False,False,False,0.0
b7600d17-1e0b-43ba-96cd-edb4c442fe93,fixed,199,normal_recovery_1,unloaded,baseline,low,False,False,False,False,0.0
b7600d17-1e0b-43ba-96cd-edb4c442fe93,fixed,200,normal_recovery_1,unloaded,baseline,low,False,False,False,False,0.0
b7600d17-1e0b-43ba-96cd-edb4c442fe93,fixed,201,normal_recovery_1,unloaded,baseline,low,False,False,False,False,0.0
b7600d17-1e0b-43ba-96cd-edb4c442fe93,fixed,202,normal_recovery_1,unloaded,baseline,low,False,False,False,False,0.0
b7600d17-1e0b-43ba-96cd-edb4c442fe93,fixed,203,normal_recovery_1,unloaded,baseline,low,False,False,False,False,0.0
b7600d17-1e0b-43ba-96cd-edb4c442fe93,fixed,204,normal_recovery_1,unloaded,baseline,low,False,False,False,False,0.0
b7600d17-1e0b-43ba-96cd-edb4c442fe93,fixed,205,normal_recovery_1,unloaded,baseline,low,False,False,False,False,0.0
b7600d17-1e0b-43ba-96cd-edb4c442fe93,fixed,206,normal_recovery_1,unloaded,baseline,low,False,False,False,False,0.0
b7600d17-1e0b-43ba-96cd-edb4c442fe93,fixed,207,normal_recovery_1,unloaded,baseline,low,False,True,True,False,0.0
b7600d17-1e0b-43ba-96cd-edb4c442fe93,fixed,208,attack_baseline,hiding,baseline,low,True,True,True,False,0.0
b7600d17-1e0b-43ba-96cd-edb4c442fe93,fixed,209,attack_baseline,hiding,baseline,low,True,True,True,False,0.0
b7600d17-1e0b-43ba-96cd-edb4c442fe93,fixed,210,attack_baseline,hiding,baseline,low,True,True,True,False,0.0
b7600d17-1e0b-43ba-96cd-edb4c442fe93,fixed,211,attack_baseline,hiding,baseline,low,True,True,True,False,0.0
b7600d17-1e0b-43ba-96cd-edb4c442fe93,fixed,212,attack_baseline,hiding,baseline,low,True,True,True,False,0.0
b7600d17-1e0b-43ba-96cd-edb4c442fe93,fixed,213,attack_baseline,hiding,baseline,low,True,True,True,False,0.0
b7600d17-1e0b-43ba-96cd-edb4c442fe93,fixed,214,attack_baseline,hiding,baseline,low,True,True,True,False,0.0
b7600d17-1e0b-43ba-96cd-edb4c442fe93,fixed,215,attack_baseline,hiding,baseline,low,True,True,True,False,0.0
b7600d17-1e0b-43ba-96cd-edb4c442fe93,fixed,216,attack_baseline,hiding,baseline,low,True,True,True,False,0.0
b7600d17-1e0b-43ba-96cd-edb4c442fe93,fixed,217,attack_baseline,hiding,baseline,low,True,True,True,False,0.0
b7600d17-1e0b-43ba-96cd-edb4c442fe93,fixed,218,attack_baseline,hiding,baseline,low,True,True,True,False,0.0
b7600d17-1e0b-43ba-96cd-edb4c442fe93,fixed,219,attack_baseline,hiding,baseline,low,True,True,True,False,0.0
b7600d17-1e0b-43ba-96cd-edb4c442fe93,fixed,220,attack_baseline,hiding,baseline,low,True,True,True,False,0.0
b7600d17-1e0b-43ba-96cd-edb4c442fe93,fixed,221,attack_baseline,hiding,baseline,low,True,True,True,False,0.0
b7600d17-1e0b-43ba-96cd-edb4c442fe93,fixed,222,attack_baseline,hiding,baseline,low,True,True,True,False,0.0
b7600d17-1e0b-43ba-96cd-edb4c442fe93,fixed,223,attack_baseline,hiding,baseline,low,True,True,True,False,0.0
b7600d17-1e0b-43ba-96cd-edb4c442fe93,fixed,224,attack_baseline,hiding,baseline,low,True,True,True,False,0.0
b7600d17-1e0b-43ba-96cd-edb4c442fe93,fixed,225,attack_baseline,hiding,baseline,low,True,True,True,False,0.0
b7600d17-1e0b-43ba-96cd-edb4c442fe93,fixed,226,attack_baseline,hiding,baseline,low,True,True,True,False,0.0
b7600d17-1e0b-43ba-96cd-edb4c442fe93,fixed,227,attack_baseline,hiding,baseline,low,True,True,True,False,0.0
b7600d17-1e0b-43ba-96cd-edb4c442fe93,fixed,228,attack_baseline,hiding,baseline,low,True,True,True,False,0.0
b7600d17-1e0b-43ba-96cd-edb4c442fe93,fixed,229,attack_baseline,hiding,baseline,low,True,True,True,False,0.0
b7600d17-1e0b-43ba-96cd-edb4c442fe93,fixed,230,attack_baseline,hiding,baseline,low,True,True,True,False,0.0
b7600d17-1e0b-43ba-96cd-edb4c442fe93,fixed,231,attack_baseline,hiding,baseline,low,True,True,True,False,0.0
b7600d17-1e0b-43ba-96cd-edb4c442fe93,fixed,232,attack_baseline,hiding,baseline,low,True,True,True,False,0.0
b7600d17-1e0b-43ba-96cd-edb4c442fe93,fixed,233,attack_baseline,hiding,baseline,low,True,True,True,False,0.0
b7600d17-1e0b-43ba-96cd-edb4c442fe93,fixed,234,attack_baseline,hiding,baseline,low,True,True,True,False,0.0
b7600d17-1e0b-43ba-96cd-edb4c442fe93,fixed,235,attack_baseline,hiding,baseline,low,True,True,True,False,0.0
b7600d17-1e0b-43ba-96cd-edb4c442fe93,fixed,236,attack_baseline,hiding,baseline,low,True,True,True,False,0.0
b7600d17-1e0b-43ba-96cd-edb4c442fe93,fixed,237,attack_baseline,hiding,baseline,low,True,True,True,False,0.0
b7600d17-1e0b-43ba-96cd-edb4c442fe93,fixed,238,attack_baseline,hiding,baseline,low,True,True,True,False,0.0
b7600d17-1e0b-43ba-96cd-edb4c442fe93,fixed,239,attack_baseline,hiding,baseline,low,True,True,True,False,0.0
b7600d17-1e0b-43ba-96cd-edb4c442fe93,fixed,240,attack_baseline,hiding,baseline,low,True,True,True,False,0.0
b7600d17-1e0b-43ba-96cd-edb4c442fe93,fixed,241,attack_baseline,hiding,baseline,low,True,True,True,False,0.0
b7600d17-1e0b-43ba-96cd-edb4c442fe93,fixed,242,attack_baseline,hiding,baseline,low,True,True,True,False,0.0
b7600d17-1e0b-43ba-96cd-edb4c442fe93,fixed,243,attack_baseline,hiding,baseline,low,True,True,True,False,0.0
b7600d17-1e0b-43ba-96cd-edb4c442fe93,fixed,244,attack_baseline,hiding,baseline,low,True,True,True,False,0.0
b7600d17-1e0b-43ba-96cd-edb4c442fe93,fixed,245,attack_baseline,hiding,baseline,low,True,True,True,False,0.0
b7600d17-1e0b-43ba-96cd-edb4c442fe93,fixed,246,attack_baseline,hiding,baseline,low,True,True,True,False,0.0
b7600d17-1e0b-43ba-96cd-edb4c442fe93,fixed,247,attack_baseline,hiding,baseline,low,True,True,True,False,0.0
b7600d17-1e0b-43ba-96cd-edb4c442fe93,fixed,248,attack_cpu,hiding,cpu,high,True,True,True,False,0.0
b7600d17-1e0b-43ba-96cd-edb4c442fe93,fixed,249,attack_cpu,hiding,cpu,high,True,True,True,False,0.0
b7600d17-1e0b-43ba-96cd-edb4c442fe93,fixed,250,attack_cpu,hiding,cpu,high,True,True,True,False,0.0
b7600d17-1e0b-43ba-96cd-edb4c442fe93,fixed,251,attack_cpu,hiding,cpu,high,True,True,True,False,0.0
b7600d17-1e0b-43ba-96cd-edb4c442fe93,fixed,252,attack_cpu,hiding,cpu,high,True,True,True,False,0.0
b7600d17-1e0b-43ba-96cd-edb4c442fe93,fixed,253,attack_cpu,hiding,cpu,high,True,True,True,False,0.0
b7600d17-1e0b-43ba-96cd-edb4c442fe93,fixed,254,attack_cpu,hiding,cpu,high,False,True,True,False,0.0
b7600d17-1e0b-43ba-96cd-edb4c442fe93,fixed,255,attack_cpu,hiding,cpu,high,True,True,True,False,0.0
b7600d17-1e0b-43ba-96cd-edb4c442fe93,fixed,256,attack_cpu,hiding,cpu,high,True,True,True,False,0.0
b7600d17-1e0b-43ba-96cd-edb4c442fe93,fixed,257,attack_cpu,hiding,cpu,high,True,True,True,False,0.0
b7600d17-1e0b-43ba-96cd-edb4c442fe93,fixed,258,attack_cpu,hiding,cpu,high,True,True,True,False,0.0
b7600d17-1e0b-43ba-96cd-edb4c442fe93,fixed,259,attack_cpu,hiding,cpu,high,True,True,True,False,0.0
b7600d17-1e0b-43ba-96cd-edb4c442fe93,fixed,260,attack_cpu,hiding,cpu,high,True,True,True,False,0.0
b7600d17-1e0b-43ba-96cd-edb4c442fe93,fixed,261,attack_cpu,hiding,cpu,high,True,True,True,False,0.0
b7600d17-1e0b-43ba-96cd-edb4c442fe93,fixed,262,attack_cpu,hiding,cpu,high,True,True,True,False,0.0
b7600d17-1e0b-43ba-96cd-edb4c442fe93,fixed,263,attack_cpu,hiding,cpu,high,True,True,True,False,0.0
b7600d17-1e0b-43ba-96cd-edb4c442fe93,fixed,264,attack_cpu,hiding,cpu,high,True,True,True,False,0.0
b7600d17-1e0b-43ba-96cd-edb4c442fe93,fixed,265,attack_cpu,hiding,cpu,high,True,True,True,False,0.0
b7600d17-1e0b-43ba-96cd-edb4c442fe93,fixed,266,attack_cpu,hiding,cpu,high,False,True,True,False,0.0
b7600d17-1e0b-43ba-96cd-edb4c442fe93,fixed,267,attack_cpu,hiding,cpu,high,True,True,True,False,0.0
b7600d17-1e0b-43ba-96cd-edb4c442fe93,fixed,268,attack_cpu,hiding,cpu,high,True,True,True,False,0.0
b7600d17-1e0b-43ba-96cd-edb4c442fe93,fixed,269,attack_cpu,hiding,cpu,high,True,True,True,False,0.0
b7600d17-1e0b-43ba-96cd-edb4c442fe93,fixed,270,attack_cpu,hiding,cpu,high,True,True,True,False,0.0
b7600d17-1e0b-43ba-96cd-edb4c442fe93,fixed,271,attack_cpu,hiding,cpu,high,True,True,True,False,0.0
b7600d17-1e0b-43ba-96cd-edb4c442fe93,fixed,272,attack_cpu,hiding,cpu,high,True,True,True,False,0.0
b7600d17-1e0b-43ba-96cd-edb4c442fe93,fixed,273,attack_cpu,hiding,cpu,high,True,True,True,False,0.0
b7600d17-1e0b-43ba-96cd-edb4c442fe93,fixed,274,attack_cpu,hiding,cpu,high,True,True,True,False,0.0
b7600d17-1e0b-43ba-96cd-edb4c442fe93,fixed,275,attack_cpu,hiding,cpu,high,False,True,True,False,0.0
b7600d17-1e0b-43ba-96cd-edb4c442fe93,fixed,276,attack_cpu,hiding,cpu,high,True,True,True,False,0.0
b7600d17-1e0b-43ba-96cd-edb4c442fe93,fixed,277,attack_cpu,hiding,cpu,high,False,True,True,False,0.0
b7600d17-1e0b-43ba-96cd-edb4c442fe93,fixed,278,attack_cpu,hiding,cpu,high,True,True,True,False,0.0
b7600d17-1e0b-43ba-96cd-edb4c442fe93,fixed,279,attack_cpu,hiding,cpu,high,True,True,True,False,0.0
b7600d17-1e0b-43ba-96cd-edb4c442fe93,fixed,280,attack_cpu,hiding,cpu,high,True,True,True,False,0.0
b7600d17-1e0b-43ba-96cd-edb4c442fe93,fixed,281,attack_cpu,hiding,cpu,high,True,True,True,False,0.0
b7600d17-1e0b-43ba-96cd-edb4c442fe93,fixed,282,attack_cpu,hiding,cpu,high,True,True,True,False,0.0
b7600d17-1e0b-43ba-96cd-edb4c442fe93,fixed,283,attack_cpu,hiding,cpu,high,True,True,True,False,0.0
b7600d17-1e0b-43ba-96cd-edb4c442fe93,fixed,284,attack_cpu,hiding,cpu,high,True,True,True,False,0.0
b7600d17-1e0b-43ba-96cd-edb4c442fe93,fixed,285,attack_cpu,hiding,cpu,high,True,True,True,False,0.0
b7600d17-1e0b-43ba-96cd-edb4c442fe93,fixed,286,attack_cpu,hiding,cpu,high,True,True,True,False,0.0
b7600d17-1e0b-43ba-96cd-edb4c442fe93,fixed,287,attack_cpu,hiding,cpu,high,True,True,True,False,0.0
b7600d17-1e0b-43ba-96cd-edb4c442fe93,fixed,288,attack_memory_unseen,hiding,memory,low,True,True,True,False,0.0
b7600d17-1e0b-43ba-96cd-edb4c442fe93,fixed,289,attack_memory_unseen,hiding,memory,low,True,True,True,False,0.0
b7600d17-1e0b-43ba-96cd-edb4c442fe93,fixed,290,attack_memory_unseen,hiding,memory,low,True,True,True,False,0.0
b7600d17-1e0b-43ba-96cd-edb4c442fe93,fixed,291,attack_memory_unseen,hiding,memory,low,True,True,True,False,0.0
b7600d17-1e0b-43ba-96cd-edb4c442fe93,fixed,292,attack_memory_unseen,hiding,memory,low,True,True,True,False,0.0
b7600d17-1e0b-43ba-96cd-edb4c442fe93,fixed,293,attack_memory_unseen,hiding,memory,low,True,True,True,False,0.0
b7600d17-1e0b-43ba-96cd-edb4c442fe93,fixed,294,attack_memory_unseen,hiding,memory,low,True,True,True,False,0.0
b7600d17-1e0b-43ba-96cd-edb4c442fe93,fixed,295,attack_memory_unseen,hiding,memory,low,True,True,True,False,0.0
b7600d17-1e0b-43ba-96cd-edb4c442fe93,fixed,296,attack_memory_unseen,hiding,memory,low,True,True,True,False,0.0
b7600d17-1e0b-43ba-96cd-edb4c442fe93,fixed,297,attack_memory_unseen,hiding,memory,low,True,True,True,False,0.0
b7600d17-1e0b-43ba-96cd-edb4c442fe93,fixed,298,attack_memory_unseen,hiding,memory,low,True,True,True,False,0.0
b7600d17-1e0b-43ba-96cd-edb4c442fe93,fixed,299,attack_memory_unseen,hiding,memory,low,True,True,True,False,0.0
b7600d17-1e0b-43ba-96cd-edb4c442fe93,fixed,300,attack_memory_unseen,hiding,memory,low,True,True,True,False,0.0
b7600d17-1e0b-43ba-96cd-edb4c442fe93,fixed,301,attack_memory_unseen,hiding,memory,low,True,True,True,False,0.0
b7600d17-1e0b-43ba-96cd-edb4c442fe93,fixed,302,attack_memory_unseen,hiding,memory,low,True,True,True,False,0.0
b7600d17-1e0b-43ba-96cd-edb4c442fe93,fixed,303,attack_memory_unseen,hiding,memory,low,True,True,True,False,0.0
b7600d17-1e0b-43ba-96cd-edb4c442fe93,fixed,304,attack_memory_unseen,hiding,memory,low,True,True,True,False,0.0
b7600d17-1e0b-43ba-96cd-edb4c442fe93,fixed,305,attack_memory_unseen,hiding,memory,low,True,True,True,False,0.0
b7600d17-1e0b-43ba-96cd-edb4c442fe93,fixed,306,attack_memory_unseen,hiding,memory,low,True,True,True,False,0.0
b7600d17-1e0b-43ba-96cd-edb4c442fe93,fixed,307,attack_memory_unseen,hiding,memory,low,True,True,True,False,0.0
b7600d17-1e0b-43ba-96cd-edb4c442fe93,fixed,308,attack_memory_unseen,hiding,memory,low,True,True,True,False,0.0
b7600d17-1e0b-43ba-96cd-edb4c442fe93,fixed,309,attack_memory_unseen,hiding,memory,low,True,True,True,False,0.0
b7600d17-1e0b-43ba-96cd-edb4c442fe93,fixed,310,attack_memory_unseen,hiding,memory,low,True,True,True,False,0.0
b7600d17-1e0b-43ba-96cd-edb4c442fe93,fixed,311,attack_memory_unseen,hiding,memory,low,True,True,True,False,0.0
b7600d17-1e0b-43ba-96cd-edb4c442fe93,fixed,312,attack_memory_unseen,hiding,memory,low,True,True,True,False,0.0
b7600d17-1e0b-43ba-96cd-edb4c442fe93,fixed,313,attack_memory_unseen,hiding,memory,low,True,True,True,False,0.0
b7600d17-1e0b-43ba-96cd-edb4c442fe93,fixed,314,attack_memory_unseen,hiding,memory,low,True,True,True,False,0.0
b7600d17-1e0b-43ba-96cd-edb4c442fe93,fixed,315,attack_memory_unseen,hiding,memory,low,True,True,True,False,0.0
b7600d17-1e0b-43ba-96cd-edb4c442fe93,fixed,316,attack_memory_unseen,hiding,memory,low,True,True,True,False,0.0
b7600d17-1e0b-43ba-96cd-edb4c442fe93,fixed,317,attack_memory_unseen,hiding,memory,low,True,True,True,False,0.0
b7600d17-1e0b-43ba-96cd-edb4c442fe93,fixed,318,attack_memory_unseen,hiding,memory,low,True,True,True,False,0.0
b7600d17-1e0b-43ba-96cd-edb4c442fe93,fixed,319,attack_memory_unseen,hiding,memory,low,True,True,True,False,0.0
b7600d17-1e0b-43ba-96cd-edb4c442fe93,fixed,320,attack_memory_unseen,hiding,memory,low,True,True,True,False,0.0
b7600d17-1e0b-43ba-96cd-edb4c442fe93,fixed,321,attack_memory_unseen,hiding,memory,low,True,True,True,False,0.0
b7600d17-1e0b-43ba-96cd-edb4c442fe93,fixed,322,attack_memory_unseen,hiding,memory,low,True,True,True,False,0.0
b7600d17-1e0b-43ba-96cd-edb4c442fe93,fixed,323,attack_memory_unseen,hiding,memory,low,True,True,True,False,0.0
b7600d17-1e0b-43ba-96cd-edb4c442fe93,fixed,324,attack_memory_unseen,hiding,memory,low,True,True,True,False,0.0
b7600d17-1e0b-43ba-96cd-edb4c442fe93,fixed,325,attack_memory_unseen,hiding,memory,low,True,True,True,False,0.0
b7600d17-1e0b-43ba-96cd-edb4c442fe93,fixed,326,attack_memory_unseen,hiding,memory,low,True,True,True,False,0.0
b7600d17-1e0b-43ba-96cd-edb4c442fe93,fixed,327,attack_memory_unseen,hiding,memory,low,True,True,True,False,0.0
b7600d17-1e0b-43ba-96cd-edb4c442fe93,fixed,328,attack_mixed_unseen,hiding,mixed,high,True,True,True,False,0.0
b7600d17-1e0b-43ba-96cd-edb4c442fe93,fixed,329,attack_mixed_unseen,hiding,mixed,high,True,True,True,False,0.0
b7600d17-1e0b-43ba-96cd-edb4c442fe93,fixed,330,attack_mixed_unseen,hiding,mixed,high,True,True,True,False,0.0
b7600d17-1e0b-43ba-96cd-edb4c442fe93,fixed,331,attack_mixed_unseen,hiding,mixed,high,True,True,True,False,0.0
b7600d17-1e0b-43ba-96cd-edb4c442fe93,fixed,332,attack_mixed_unseen,hiding,mixed,high,True,True,True,False,0.0
b7600d17-1e0b-43ba-96cd-edb4c442fe93,fixed,333,attack_mixed_unseen,hiding,mixed,high,True,True,True,False,0.0
b7600d17-1e0b-43ba-96cd-edb4c442fe93,fixed,334,attack_mixed_unseen,hiding,mixed,high,True,True,True,False,0.0
b7600d17-1e0b-43ba-96cd-edb4c442fe93,fixed,335,attack_mixed_unseen,hiding,mixed,high,True,True,True,False,0.0
b7600d17-1e0b-43ba-96cd-edb4c442fe93,fixed,336,attack_mixed_unseen,hiding,mixed,high,True,True,True,False,0.0
b7600d17-1e0b-43ba-96cd-edb4c442fe93,fixed,337,attack_mixed_unseen,hiding,mixed,high,True,True,True,False,0.0
b7600d17-1e0b-43ba-96cd-edb4c442fe93,fixed,338,attack_mixed_unseen,hiding,mixed,high,True,True,True,False,0.0
b7600d17-1e0b-43ba-96cd-edb4c442fe93,fixed,339,attack_mixed_unseen,hiding,mixed,high,True,True,True,False,0.0
b7600d17-1e0b-43ba-96cd-edb4c442fe93,fixed,340,attack_mixed_unseen,hiding,mixed,high,True,True,True,False,0.0
b7600d17-1e0b-43ba-96cd-edb4c442fe93,fixed,341,attack_mixed_unseen,hiding,mixed,high,True,True,True,False,0.0
b7600d17-1e0b-43ba-96cd-edb4c442fe93,fixed,342,attack_mixed_unseen,hiding,mixed,high,True,True,True,False,0.0
b7600d17-1e0b-43ba-96cd-edb4c442fe93,fixed,343,attack_mixed_unseen,hiding,mixed,high,True,True,True,False,0.0
b7600d17-1e0b-43ba-96cd-edb4c442fe93,fixed,344,attack_mixed_unseen,hiding,mixed,high,True,True,True,False,0.0
b7600d17-1e0b-43ba-96cd-edb4c442fe93,fixed,345,attack_mixed_unseen,hiding,mixed,high,False,True,True,False,0.0
b7600d17-1e0b-43ba-96cd-edb4c442fe93,fixed,346,attack_mixed_unseen,hiding,mixed,high,True,True,True,False,0.0
b7600d17-1e0b-43ba-96cd-edb4c442fe93,fixed,347,attack_mixed_unseen,hiding,mixed,high,True,True,True,False,0.0
b7600d17-1e0b-43ba-96cd-edb4c442fe93,fixed,348,attack_mixed_unseen,hiding,mixed,high,True,True,True,False,0.0
b7600d17-1e0b-43ba-96cd-edb4c442fe93,fixed,349,attack_mixed_unseen,hiding,mixed,high,True,True,True,False,0.0
b7600d17-1e0b-43ba-96cd-edb4c442fe93,fixed,350,attack_mixed_unseen,hiding,mixed,high,True,True,True,False,0.0
b7600d17-1e0b-43ba-96cd-edb4c442fe93,fixed,351,attack_mixed_unseen,hiding,mixed,high,True,True,True,False,0.0
b7600d17-1e0b-43ba-96cd-edb4c442fe93,fixed,352,attack_mixed_unseen,hiding,mixed,high,True,True,True,False,0.0
b7600d17-1e0b-43ba-96cd-edb4c442fe93,fixed,353,attack_mixed_unseen,hiding,mixed,high,True,True,True,False,0.0
b7600d17-1e0b-43ba-96cd-edb4c442fe93,fixed,354,attack_mixed_unseen,hiding,mixed,high,True,True,True,False,0.0
b7600d17-1e0b-43ba-96cd-edb4c442fe93,fixed,355,attack_mixed_unseen,hiding,mixed,high,True,True,True,False,0.0
b7600d17-1e0b-43ba-96cd-edb4c442fe93,fixed,356,attack_mixed_unseen,hiding,mixed,high,True,True,True,False,0.0
b7600d17-1e0b-43ba-96cd-edb4c442fe93,fixed,357,attack_mixed_unseen,hiding,mixed,high,True,True,True,False,0.0
b7600d17-1e0b-43ba-96cd-edb4c442fe93,fixed,358,attack_mixed_unseen,hiding,mixed,high,True,True,True,False,0.0
b7600d17-1e0b-43ba-96cd-edb4c442fe93,fixed,359,attack_mixed_unseen,hiding,mixed,high,True,True,True,False,0.0
b7600d17-1e0b-43ba-96cd-edb4c442fe93,fixed,360,attack_mixed_unseen,hiding,mixed,high,False,True,True,False,0.0
b7600d17-1e0b-43ba-96cd-edb4c442fe93,fixed,361,attack_mixed_unseen,hiding,mixed,high,True,True,True,False,0.0
b7600d17-1e0b-43ba-96cd-edb4c442fe93,fixed,362,attack_mixed_unseen,hiding,mixed,high,True,True,True,False,0.0
b7600d17-1e0b-43ba-96cd-edb4c442fe93,fixed,363,attack_mixed_unseen,hiding,mixed,high,True,True,True,False,0.0
b7600d17-1e0b-43ba-96cd-edb4c442fe93,fixed,364,attack_mixed_unseen,hiding,mixed,high,True,True,True,False,0.0
b7600d17-1e0b-43ba-96cd-edb4c442fe93,fixed,365,attack_mixed_unseen,hiding,mixed,high,True,True,True,False,0.0
b7600d17-1e0b-43ba-96cd-edb4c442fe93,fixed,366,attack_mixed_unseen,hiding,mixed,high,True,True,True,False,0.0
b7600d17-1e0b-43ba-96cd-edb4c442fe93,fixed,367,attack_mixed_unseen,hiding,mixed,high,True,True,True,False,0.0
b7600d17-1e0b-43ba-96cd-edb4c442fe93,fixed,368,normal_recovery_2,unloaded,baseline,low,False,False,False,False,0.0
b7600d17-1e0b-43ba-96cd-edb4c442fe93,fixed,369,normal_recovery_2,unloaded,baseline,low,False,True,True,False,0.0
b7600d17-1e0b-43ba-96cd-edb4c442fe93,fixed,370,normal_recovery_2,unloaded,baseline,low,False,False,False,False,0.0
b7600d17-1e0b-43ba-96cd-edb4c442fe93,fixed,371,normal_recovery_2,unloaded,baseline,low,False,False,False,False,0.0
b7600d17-1e0b-43ba-96cd-edb4c442fe93,fixed,372,normal_recovery_2,unloaded,baseline,low,False,False,False,False,0.0
b7600d17-1e0b-43ba-96cd-edb4c442fe93,fixed,373,normal_recovery_2,unloaded,baseline,low,False,False,False,False,0.0
b7600d17-1e0b-43ba-96cd-edb4c442fe93,fixed,374,normal_recovery_2,unloaded,baseline,low,False,False,False,False,0.0
b7600d17-1e0b-43ba-96cd-edb4c442fe93,fixed,375,normal_recovery_2,unloaded,baseline,low,False,False,False,False,0.0
b7600d17-1e0b-43ba-96cd-edb4c442fe93,fixed,376,normal_recovery_2,unloaded,baseline,low,False,False,False,False,0.0
b7600d17-1e0b-43ba-96cd-edb4c442fe93,fixed,377,normal_recovery_2,unloaded,baseline,low,False,False,False,False,0.0
b7600d17-1e0b-43ba-96cd-edb4c442fe93,fixed,378,normal_recovery_2,unloaded,baseline,low,False,False,False,False,0.0
b7600d17-1e0b-43ba-96cd-edb4c442fe93,fixed,379,normal_recovery_2,unloaded,baseline,low,False,False,False,False,0.0
b7600d17-1e0b-43ba-96cd-edb4c442fe93,fixed,380,normal_recovery_2,unloaded,baseline,low,False,False,False,False,0.0
b7600d17-1e0b-43ba-96cd-edb4c442fe93,fixed,381,normal_recovery_2,unloaded,baseline,low,False,False,False,False,0.0
b7600d17-1e0b-43ba-96cd-edb4c442fe93,fixed,382,normal_recovery_2,unloaded,baseline,low,False,False,False,False,0.0
b7600d17-1e0b-43ba-96cd-edb4c442fe93,fixed,383,normal_recovery_2,unloaded,baseline,low,False,False,False,False,0.0
b7600d17-1e0b-43ba-96cd-edb4c442fe93,fixed,384,normal_recovery_2,unloaded,baseline,low,False,False,False,False,0.0
b7600d17-1e0b-43ba-96cd-edb4c442fe93,fixed,385,normal_recovery_2,unloaded,baseline,low,False,False,False,False,0.0
b7600d17-1e0b-43ba-96cd-edb4c442fe93,fixed,386,normal_recovery_2,unloaded,baseline,low,False,False,False,False,0.0
b7600d17-1e0b-43ba-96cd-edb4c442fe93,fixed,387,normal_recovery_2,unloaded,baseline,low,False,False,False,False,0.0
b7600d17-1e0b-43ba-96cd-edb4c442fe93,fixed,388,sham_negative_baseline,sham,baseline,low,False,True,True,False,0.0
b7600d17-1e0b-43ba-96cd-edb4c442fe93,fixed,389,sham_negative_baseline,sham,baseline,low,False,True,True,False,0.0
b7600d17-1e0b-43ba-96cd-edb4c442fe93,fixed,390,sham_negative_baseline,sham,baseline,low,False,True,True,False,0.0
b7600d17-1e0b-43ba-96cd-edb4c442fe93,fixed,391,sham_negative_baseline,sham,baseline,low,False,True,True,False,0.0
b7600d17-1e0b-43ba-96cd-edb4c442fe93,fixed,392,sham_negative_baseline,sham,baseline,low,False,False,False,False,0.0
b7600d17-1e0b-43ba-96cd-edb4c442fe93,fixed,393,sham_negative_baseline,sham,baseline,low,False,True,True,False,0.0
b7600d17-1e0b-43ba-96cd-edb4c442fe93,fixed,394,sham_negative_baseline,sham,baseline,low,False,True,True,False,0.0
b7600d17-1e0b-43ba-96cd-edb4c442fe93,fixed,395,sham_negative_baseline,sham,baseline,low,False,False,False,False,0.0
b7600d17-1e0b-43ba-96cd-edb4c442fe93,fixed,396,sham_negative_baseline,sham,baseline,low,False,False,False,False,0.0
b7600d17-1e0b-43ba-96cd-edb4c442fe93,fixed,397,sham_negative_baseline,sham,baseline,low,False,False,False,False,0.0
b7600d17-1e0b-43ba-96cd-edb4c442fe93,fixed,398,sham_negative_cpu,sham,cpu,high,False,True,True,False,0.0
b7600d17-1e0b-43ba-96cd-edb4c442fe93,fixed,399,sham_negative_cpu,sham,cpu,high,False,True,True,False,0.0
b7600d17-1e0b-43ba-96cd-edb4c442fe93,fixed,400,sham_negative_cpu,sham,cpu,high,False,True,True,False,0.0
b7600d17-1e0b-43ba-96cd-edb4c442fe93,fixed,401,sham_negative_cpu,sham,cpu,high,False,True,True,False,0.0
b7600d17-1e0b-43ba-96cd-edb4c442fe93,fixed,402,sham_negative_cpu,sham,cpu,high,False,True,True,False,0.0
b7600d17-1e0b-43ba-96cd-edb4c442fe93,fixed,403,sham_negative_cpu,sham,cpu,high,False,True,True,False,0.0
b7600d17-1e0b-43ba-96cd-edb4c442fe93,fixed,404,sham_negative_cpu,sham,cpu,high,False,True,True,False,0.0
b7600d17-1e0b-43ba-96cd-edb4c442fe93,fixed,405,sham_negative_cpu,sham,cpu,high,False,True,True,False,0.0
b7600d17-1e0b-43ba-96cd-edb4c442fe93,fixed,406,sham_negative_cpu,sham,cpu,high,False,True,True,False,0.0
b7600d17-1e0b-43ba-96cd-edb4c442fe93,fixed,407,sham_negative_cpu,sham,cpu,high,False,True,True,False,0.0
b7600d17-1e0b-43ba-96cd-edb4c442fe93,blind,48,normal_pre,unloaded,baseline,low,False,False,False,True,0.0
b7600d17-1e0b-43ba-96cd-edb4c442fe93,blind,49,normal_pre,unloaded,baseline,low,False,False,False,True,0.0
b7600d17-1e0b-43ba-96cd-edb4c442fe93,blind,50,normal_pre,unloaded,baseline,low,False,True,True,True,0.0
b7600d17-1e0b-43ba-96cd-edb4c442fe93,blind,51,normal_pre,unloaded,baseline,low,False,False,False,True,0.0
b7600d17-1e0b-43ba-96cd-edb4c442fe93,blind,52,normal_pre,unloaded,baseline,low,False,False,False,True,0.0
b7600d17-1e0b-43ba-96cd-edb4c442fe93,blind,53,normal_pre,unloaded,baseline,low,False,False,False,True,0.0
b7600d17-1e0b-43ba-96cd-edb4c442fe93,blind,54,normal_pre,unloaded,baseline,low,False,False,False,True,0.0
b7600d17-1e0b-43ba-96cd-edb4c442fe93,blind,55,normal_pre,unloaded,baseline,low,False,False,False,True,0.0
b7600d17-1e0b-43ba-96cd-edb4c442fe93,blind,56,normal_pre,unloaded,baseline,low,False,False,False,True,0.0
b7600d17-1e0b-43ba-96cd-edb4c442fe93,blind,57,normal_pre,unloaded,baseline,low,False,False,False,True,0.0
b7600d17-1e0b-43ba-96cd-edb4c442fe93,blind,58,normal_pre,unloaded,baseline,low,False,False,False,True,0.0
b7600d17-1e0b-43ba-96cd-edb4c442fe93,blind,59,normal_pre,unloaded,baseline,low,False,False,False,True,0.0
b7600d17-1e0b-43ba-96cd-edb4c442fe93,blind,60,normal_pre,unloaded,baseline,low,False,False,False,True,0.0
b7600d17-1e0b-43ba-96cd-edb4c442fe93,blind,61,normal_pre,unloaded,baseline,low,False,False,False,True,0.0
b7600d17-1e0b-43ba-96cd-edb4c442fe93,blind,62,normal_pre,unloaded,baseline,low,False,False,False,True,0.0
b7600d17-1e0b-43ba-96cd-edb4c442fe93,blind,63,normal_pre,unloaded,baseline,low,False,False,False,True,0.0
b7600d17-1e0b-43ba-96cd-edb4c442fe93,blind,64,normal_pre,unloaded,baseline,low,False,False,False,True,0.0
b7600d17-1e0b-43ba-96cd-edb4c442fe93,blind,65,normal_pre,unloaded,baseline,low,False,False,False,True,0.0
b7600d17-1e0b-43ba-96cd-edb4c442fe93,blind,66,normal_pre,unloaded,baseline,low,False,False,False,True,0.0
b7600d17-1e0b-43ba-96cd-edb4c442fe93,blind,67,normal_pre,unloaded,baseline,low,False,False,False,True,0.0
b7600d17-1e0b-43ba-96cd-edb4c442fe93,blind,68,benign_cpu_unseen,unloaded,cpu,high,False,False,False,True,0.0
b7600d17-1e0b-43ba-96cd-edb4c442fe93,blind,69,benign_cpu_unseen,unloaded,cpu,high,False,False,False,True,0.0
b7600d17-1e0b-43ba-96cd-edb4c442fe93,blind,70,benign_cpu_unseen,unloaded,cpu,high,False,False,False,True,0.0
b7600d17-1e0b-43ba-96cd-edb4c442fe93,blind,71,benign_cpu_unseen,unloaded,cpu,high,False,False,False,True,0.0
b7600d17-1e0b-43ba-96cd-edb4c442fe93,blind,72,benign_cpu_unseen,unloaded,cpu,high,False,False,False,True,0.0
b7600d17-1e0b-43ba-96cd-edb4c442fe93,blind,73,benign_cpu_unseen,unloaded,cpu,high,False,False,False,True,0.0
b7600d17-1e0b-43ba-96cd-edb4c442fe93,blind,74,benign_cpu_unseen,unloaded,cpu,high,False,False,False,True,0.0
b7600d17-1e0b-43ba-96cd-edb4c442fe93,blind,75,benign_cpu_unseen,unloaded,cpu,high,False,False,False,True,0.0
b7600d17-1e0b-43ba-96cd-edb4c442fe93,blind,76,benign_cpu_unseen,unloaded,cpu,high,False,True,True,True,0.0
b7600d17-1e0b-43ba-96cd-edb4c442fe93,blind,77,benign_cpu_unseen,unloaded,cpu,high,False,False,False,True,0.0
b7600d17-1e0b-43ba-96cd-edb4c442fe93,blind,78,benign_cpu_unseen,unloaded,cpu,high,False,False,False,True,0.0
b7600d17-1e0b-43ba-96cd-edb4c442fe93,blind,79,benign_cpu_unseen,unloaded,cpu,high,False,False,False,True,0.0
b7600d17-1e0b-43ba-96cd-edb4c442fe93,blind,80,benign_cpu_unseen,unloaded,cpu,high,False,False,False,True,0.0
b7600d17-1e0b-43ba-96cd-edb4c442fe93,blind,81,benign_cpu_unseen,unloaded,cpu,high,False,False,False,True,0.0
b7600d17-1e0b-43ba-96cd-edb4c442fe93,blind,82,benign_cpu_unseen,unloaded,cpu,high,False,False,False,True,0.0
b7600d17-1e0b-43ba-96cd-edb4c442fe93,blind,83,benign_cpu_unseen,unloaded,cpu,high,False,False,False,True,0.0
b7600d17-1e0b-43ba-96cd-edb4c442fe93,blind,84,benign_cpu_unseen,unloaded,cpu,high,False,False,False,True,0.0
b7600d17-1e0b-43ba-96cd-edb4c442fe93,blind,85,benign_cpu_unseen,unloaded,cpu,high,False,False,False,True,0.0
b7600d17-1e0b-43ba-96cd-edb4c442fe93,blind,86,benign_cpu_unseen,unloaded,cpu,high,False,False,False,True,0.0
b7600d17-1e0b-43ba-96cd-edb4c442fe93,blind,87,benign_cpu_unseen,unloaded,cpu,high,False,False,False,True,0.0
b7600d17-1e0b-43ba-96cd-edb4c442fe93,blind,88,benign_cpu_unseen,unloaded,cpu,high,False,False,False,True,0.0
b7600d17-1e0b-43ba-96cd-edb4c442fe93,blind,89,benign_cpu_unseen,unloaded,cpu,high,False,False,False,True,0.0
b7600d17-1e0b-43ba-96cd-edb4c442fe93,blind,90,benign_cpu_unseen,unloaded,cpu,high,False,False,False,True,0.0
b7600d17-1e0b-43ba-96cd-edb4c442fe93,blind,91,benign_cpu_unseen,unloaded,cpu,high,False,False,False,True,0.0
b7600d17-1e0b-43ba-96cd-edb4c442fe93,blind,92,benign_cpu_unseen,unloaded,cpu,high,False,False,False,True,0.0
b7600d17-1e0b-43ba-96cd-edb4c442fe93,blind,93,benign_cpu_unseen,unloaded,cpu,high,False,False,False,True,0.0
b7600d17-1e0b-43ba-96cd-edb4c442fe93,blind,94,benign_cpu_unseen,unloaded,cpu,high,False,False,False,True,0.0
b7600d17-1e0b-43ba-96cd-edb4c442fe93,blind,95,benign_cpu_unseen,unloaded,cpu,high,False,False,False,True,0.0
b7600d17-1e0b-43ba-96cd-edb4c442fe93,blind,96,benign_cpu_unseen,unloaded,cpu,high,False,False,False,True,0.0
b7600d17-1e0b-43ba-96cd-edb4c442fe93,blind,97,benign_cpu_unseen,unloaded,cpu,high,False,False,False,True,0.0
b7600d17-1e0b-43ba-96cd-edb4c442fe93,blind,98,benign_cpu_unseen,unloaded,cpu,high,False,False,False,True,0.0
b7600d17-1e0b-43ba-96cd-edb4c442fe93,blind,99,benign_cpu_unseen,unloaded,cpu,high,False,False,False,True,0.0
b7600d17-1e0b-43ba-96cd-edb4c442fe93,blind,100,benign_cpu_unseen,unloaded,cpu,high,False,False,False,True,0.0
b7600d17-1e0b-43ba-96cd-edb4c442fe93,blind,101,benign_cpu_unseen,unloaded,cpu,high,False,False,False,True,0.0
b7600d17-1e0b-43ba-96cd-edb4c442fe93,blind,102,benign_cpu_unseen,unloaded,cpu,high,False,False,False,True,0.0
b7600d17-1e0b-43ba-96cd-edb4c442fe93,blind,103,benign_cpu_unseen,unloaded,cpu,high,False,False,False,True,0.0
b7600d17-1e0b-43ba-96cd-edb4c442fe93,blind,104,benign_cpu_unseen,unloaded,cpu,high,False,False,False,True,0.0
b7600d17-1e0b-43ba-96cd-edb4c442fe93,blind,105,benign_cpu_unseen,unloaded,cpu,high,False,False,False,True,0.0
b7600d17-1e0b-43ba-96cd-edb4c442fe93,blind,106,benign_cpu_unseen,unloaded,cpu,high,False,False,False,True,0.0
b7600d17-1e0b-43ba-96cd-edb4c442fe93,blind,107,benign_cpu_unseen,unloaded,cpu,high,False,False,False,True,0.0
b7600d17-1e0b-43ba-96cd-edb4c442fe93,blind,108,benign_memory_unseen,unloaded,memory,low,False,False,False,True,0.0
b7600d17-1e0b-43ba-96cd-edb4c442fe93,blind,109,benign_memory_unseen,unloaded,memory,low,False,False,False,True,0.0
b7600d17-1e0b-43ba-96cd-edb4c442fe93,blind,110,benign_memory_unseen,unloaded,memory,low,False,False,False,True,0.0
b7600d17-1e0b-43ba-96cd-edb4c442fe93,blind,111,benign_memory_unseen,unloaded,memory,low,False,False,False,True,0.0
b7600d17-1e0b-43ba-96cd-edb4c442fe93,blind,112,benign_memory_unseen,unloaded,memory,low,False,False,False,True,0.0
b7600d17-1e0b-43ba-96cd-edb4c442fe93,blind,113,benign_memory_unseen,unloaded,memory,low,False,False,False,True,0.0
b7600d17-1e0b-43ba-96cd-edb4c442fe93,blind,114,benign_memory_unseen,unloaded,memory,low,False,False,False,True,0.0
b7600d17-1e0b-43ba-96cd-edb4c442fe93,blind,115,benign_memory_unseen,unloaded,memory,low,False,False,False,True,0.0
b7600d17-1e0b-43ba-96cd-edb4c442fe93,blind,116,benign_memory_unseen,unloaded,memory,low,False,False,False,True,0.0
b7600d17-1e0b-43ba-96cd-edb4c442fe93,blind,117,benign_memory_unseen,unloaded,memory,low,False,False,False,True,0.0
b7600d17-1e0b-43ba-96cd-edb4c442fe93,blind,118,benign_memory_unseen,unloaded,memory,low,False,False,False,True,0.0
b7600d17-1e0b-43ba-96cd-edb4c442fe93,blind,119,benign_memory_unseen,unloaded,memory,low,False,False,False,True,0.0
b7600d17-1e0b-43ba-96cd-edb4c442fe93,blind,120,benign_memory_unseen,unloaded,memory,low,False,False,False,True,0.0
b7600d17-1e0b-43ba-96cd-edb4c442fe93,blind,121,benign_memory_unseen,unloaded,memory,low,False,False,False,True,0.0
b7600d17-1e0b-43ba-96cd-edb4c442fe93,blind,122,benign_memory_unseen,unloaded,memory,low,False,False,False,True,0.0
b7600d17-1e0b-43ba-96cd-edb4c442fe93,blind,123,benign_memory_unseen,unloaded,memory,low,False,False,False,True,0.0
b7600d17-1e0b-43ba-96cd-edb4c442fe93,blind,124,benign_memory_unseen,unloaded,memory,low,False,False,False,True,0.0
b7600d17-1e0b-43ba-96cd-edb4c442fe93,blind,125,benign_memory_unseen,unloaded,memory,low,False,False,False,True,0.0
b7600d17-1e0b-43ba-96cd-edb4c442fe93,blind,126,benign_memory_unseen,unloaded,memory,low,False,False,False,True,0.0
b7600d17-1e0b-43ba-96cd-edb4c442fe93,blind,127,benign_memory_unseen,unloaded,memory,low,False,False,False,True,0.0
b7600d17-1e0b-43ba-96cd-edb4c442fe93,blind,128,benign_memory_unseen,unloaded,memory,low,False,True,True,True,0.0
b7600d17-1e0b-43ba-96cd-edb4c442fe93,blind,129,benign_memory_unseen,unloaded,memory,low,False,False,False,True,0.0
b7600d17-1e0b-43ba-96cd-edb4c442fe93,blind,130,benign_memory_unseen,unloaded,memory,low,False,False,False,True,0.0
b7600d17-1e0b-43ba-96cd-edb4c442fe93,blind,131,benign_memory_unseen,unloaded,memory,low,False,False,False,True,0.0
b7600d17-1e0b-43ba-96cd-edb4c442fe93,blind,132,benign_memory_unseen,unloaded,memory,low,False,False,False,True,0.0
b7600d17-1e0b-43ba-96cd-edb4c442fe93,blind,133,benign_memory_unseen,unloaded,memory,low,False,False,False,True,0.0
b7600d17-1e0b-43ba-96cd-edb4c442fe93,blind,134,benign_memory_unseen,unloaded,memory,low,False,False,False,True,0.0
b7600d17-1e0b-43ba-96cd-edb4c442fe93,blind,135,benign_memory_unseen,unloaded,memory,low,False,False,False,True,0.0
b7600d17-1e0b-43ba-96cd-edb4c442fe93,blind,136,benign_memory_unseen,unloaded,memory,low,False,False,False,True,0.0
b7600d17-1e0b-43ba-96cd-edb4c442fe93,blind,137,benign_memory_unseen,unloaded,memory,low,False,False,False,True,0.0
b7600d17-1e0b-43ba-96cd-edb4c442fe93,blind,138,benign_memory_unseen,unloaded,memory,low,False,False,False,True,0.0
b7600d17-1e0b-43ba-96cd-edb4c442fe93,blind,139,benign_memory_unseen,unloaded,memory,low,False,False,False,True,0.0
b7600d17-1e0b-43ba-96cd-edb4c442fe93,blind,140,benign_memory_unseen,unloaded,memory,low,False,False,False,True,0.0
b7600d17-1e0b-43ba-96cd-edb4c442fe93,blind,141,benign_memory_unseen,unloaded,memory,low,False,False,False,True,0.0
b7600d17-1e0b-43ba-96cd-edb4c442fe93,blind,142,benign_memory_unseen,unloaded,memory,low,False,False,False,True,0.0
b7600d17-1e0b-43ba-96cd-edb4c442fe93,blind,143,benign_memory_unseen,unloaded,memory,low,False,False,False,True,0.0
b7600d17-1e0b-43ba-96cd-edb4c442fe93,blind,144,benign_memory_unseen,unloaded,memory,low,False,False,False,True,0.0
b7600d17-1e0b-43ba-96cd-edb4c442fe93,blind,145,benign_memory_unseen,unloaded,memory,low,False,False,False,True,0.0
b7600d17-1e0b-43ba-96cd-edb4c442fe93,blind,146,benign_memory_unseen,unloaded,memory,low,False,False,False,True,0.0
b7600d17-1e0b-43ba-96cd-edb4c442fe93,blind,147,benign_memory_unseen,unloaded,memory,low,False,False,False,True,0.0
b7600d17-1e0b-43ba-96cd-edb4c442fe93,blind,148,benign_mixed_unseen,unloaded,mixed,high,False,False,False,True,0.0
b7600d17-1e0b-43ba-96cd-edb4c442fe93,blind,149,benign_mixed_unseen,unloaded,mixed,high,False,False,False,True,0.0
b7600d17-1e0b-43ba-96cd-edb4c442fe93,blind,150,benign_mixed_unseen,unloaded,mixed,high,False,False,False,True,0.0
b7600d17-1e0b-43ba-96cd-edb4c442fe93,blind,151,benign_mixed_unseen,unloaded,mixed,high,False,False,False,True,0.0
b7600d17-1e0b-43ba-96cd-edb4c442fe93,blind,152,benign_mixed_unseen,unloaded,mixed,high,False,False,False,True,0.0
b7600d17-1e0b-43ba-96cd-edb4c442fe93,blind,153,benign_mixed_unseen,unloaded,mixed,high,False,False,False,True,0.0
b7600d17-1e0b-43ba-96cd-edb4c442fe93,blind,154,benign_mixed_unseen,unloaded,mixed,high,False,False,False,True,0.0
b7600d17-1e0b-43ba-96cd-edb4c442fe93,blind,155,benign_mixed_unseen,unloaded,mixed,high,False,False,False,True,0.0
b7600d17-1e0b-43ba-96cd-edb4c442fe93,blind,156,benign_mixed_unseen,unloaded,mixed,high,False,False,False,True,0.0
b7600d17-1e0b-43ba-96cd-edb4c442fe93,blind,157,benign_mixed_unseen,unloaded,mixed,high,False,False,False,True,0.0
b7600d17-1e0b-43ba-96cd-edb4c442fe93,blind,158,benign_mixed_unseen,unloaded,mixed,high,False,False,False,True,0.0
b7600d17-1e0b-43ba-96cd-edb4c442fe93,blind,159,benign_mixed_unseen,unloaded,mixed,high,False,False,False,True,0.0
b7600d17-1e0b-43ba-96cd-edb4c442fe93,blind,160,benign_mixed_unseen,unloaded,mixed,high,False,False,False,True,0.0
b7600d17-1e0b-43ba-96cd-edb4c442fe93,blind,161,benign_mixed_unseen,unloaded,mixed,high,False,False,False,True,0.0
b7600d17-1e0b-43ba-96cd-edb4c442fe93,blind,162,benign_mixed_unseen,unloaded,mixed,high,False,False,False,True,0.0
b7600d17-1e0b-43ba-96cd-edb4c442fe93,blind,163,benign_mixed_unseen,unloaded,mixed,high,False,True,True,True,0.0
b7600d17-1e0b-43ba-96cd-edb4c442fe93,blind,164,benign_mixed_unseen,unloaded,mixed,high,False,False,False,True,0.0
b7600d17-1e0b-43ba-96cd-edb4c442fe93,blind,165,benign_mixed_unseen,unloaded,mixed,high,False,False,False,True,0.0
b7600d17-1e0b-43ba-96cd-edb4c442fe93,blind,166,benign_mixed_unseen,unloaded,mixed,high,False,False,False,True,0.0
b7600d17-1e0b-43ba-96cd-edb4c442fe93,blind,167,benign_mixed_unseen,unloaded,mixed,high,False,False,False,True,0.0
b7600d17-1e0b-43ba-96cd-edb4c442fe93,blind,168,benign_mixed_unseen,unloaded,mixed,high,False,False,False,True,0.0
b7600d17-1e0b-43ba-96cd-edb4c442fe93,blind,169,benign_mixed_unseen,unloaded,mixed,high,False,False,False,True,0.0
b7600d17-1e0b-43ba-96cd-edb4c442fe93,blind,170,benign_mixed_unseen,unloaded,mixed,high,False,False,False,True,0.0
b7600d17-1e0b-43ba-96cd-edb4c442fe93,blind,171,benign_mixed_unseen,unloaded,mixed,high,False,False,False,True,0.0
b7600d17-1e0b-43ba-96cd-edb4c442fe93,blind,172,benign_mixed_unseen,unloaded,mixed,high,False,False,False,True,0.0
b7600d17-1e0b-43ba-96cd-edb4c442fe93,blind,173,benign_mixed_unseen,unloaded,mixed,high,False,False,False,True,0.0
b7600d17-1e0b-43ba-96cd-edb4c442fe93,blind,174,benign_mixed_unseen,unloaded,mixed,high,False,False,False,True,0.0
b7600d17-1e0b-43ba-96cd-edb4c442fe93,blind,175,benign_mixed_unseen,unloaded,mixed,high,False,False,False,True,0.0
b7600d17-1e0b-43ba-96cd-edb4c442fe93,blind,176,benign_mixed_unseen,unloaded,mixed,high,False,False,False,True,0.0
b7600d17-1e0b-43ba-96cd-edb4c442fe93,blind,177,benign_mixed_unseen,unloaded,mixed,high,False,False,False,True,0.0
b7600d17-1e0b-43ba-96cd-edb4c442fe93,blind,178,benign_mixed_unseen,unloaded,mixed,high,False,False,False,True,0.0
b7600d17-1e0b-43ba-96cd-edb4c442fe93,blind,179,benign_mixed_unseen,unloaded,mixed,high,False,False,False,True,0.0
b7600d17-1e0b-43ba-96cd-edb4c442fe93,blind,180,benign_mixed_unseen,unloaded,mixed,high,False,False,False,True,0.0
b7600d17-1e0b-43ba-96cd-edb4c442fe93,blind,181,benign_mixed_unseen,unloaded,mixed,high,False,False,False,True,0.0
b7600d17-1e0b-43ba-96cd-edb4c442fe93,blind,182,benign_mixed_unseen,unloaded,mixed,high,False,False,False,True,0.0
b7600d17-1e0b-43ba-96cd-edb4c442fe93,blind,183,benign_mixed_unseen,unloaded,mixed,high,False,False,False,True,0.0
b7600d17-1e0b-43ba-96cd-edb4c442fe93,blind,184,benign_mixed_unseen,unloaded,mixed,high,False,False,False,True,0.0
b7600d17-1e0b-43ba-96cd-edb4c442fe93,blind,185,benign_mixed_unseen,unloaded,mixed,high,False,False,False,True,0.0
b7600d17-1e0b-43ba-96cd-edb4c442fe93,blind,186,benign_mixed_unseen,unloaded,mixed,high,False,False,False,True,0.0
b7600d17-1e0b-43ba-96cd-edb4c442fe93,blind,187,benign_mixed_unseen,unloaded,mixed,high,False,False,False,True,0.0
b7600d17-1e0b-43ba-96cd-edb4c442fe93,blind,188,normal_recovery_1,unloaded,baseline,low,False,False,False,True,0.0
b7600d17-1e0b-43ba-96cd-edb4c442fe93,blind,189,normal_recovery_1,unloaded,baseline,low,False,False,False,True,0.0
b7600d17-1e0b-43ba-96cd-edb4c442fe93,blind,190,normal_recovery_1,unloaded,baseline,low,False,False,False,True,0.0
b7600d17-1e0b-43ba-96cd-edb4c442fe93,blind,191,normal_recovery_1,unloaded,baseline,low,False,False,False,True,0.0
b7600d17-1e0b-43ba-96cd-edb4c442fe93,blind,192,normal_recovery_1,unloaded,baseline,low,False,False,False,True,0.0
b7600d17-1e0b-43ba-96cd-edb4c442fe93,blind,193,normal_recovery_1,unloaded,baseline,low,False,False,False,True,0.0
b7600d17-1e0b-43ba-96cd-edb4c442fe93,blind,194,normal_recovery_1,unloaded,baseline,low,False,False,False,True,0.0
b7600d17-1e0b-43ba-96cd-edb4c442fe93,blind,195,normal_recovery_1,unloaded,baseline,low,False,False,False,True,0.0
b7600d17-1e0b-43ba-96cd-edb4c442fe93,blind,196,normal_recovery_1,unloaded,baseline,low,False,False,False,True,0.0
b7600d17-1e0b-43ba-96cd-edb4c442fe93,blind,197,normal_recovery_1,unloaded,baseline,low,False,False,False,True,0.0
b7600d17-1e0b-43ba-96cd-edb4c442fe93,blind,198,normal_recovery_1,unloaded,baseline,low,False,False,False,True,0.0
b7600d17-1e0b-43ba-96cd-edb4c442fe93,blind,199,normal_recovery_1,unloaded,baseline,low,False,False,False,True,0.0
b7600d17-1e0b-43ba-96cd-edb4c442fe93,blind,200,normal_recovery_1,unloaded,baseline,low,False,False,False,True,0.0
b7600d17-1e0b-43ba-96cd-edb4c442fe93,blind,201,normal_recovery_1,unloaded,baseline,low,False,False,False,True,0.0
b7600d17-1e0b-43ba-96cd-edb4c442fe93,blind,202,normal_recovery_1,unloaded,baseline,low,False,False,False,True,0.0
b7600d17-1e0b-43ba-96cd-edb4c442fe93,blind,203,normal_recovery_1,unloaded,baseline,low,False,False,False,True,0.0
b7600d17-1e0b-43ba-96cd-edb4c442fe93,blind,204,normal_recovery_1,unloaded,baseline,low,False,False,False,True,0.0
b7600d17-1e0b-43ba-96cd-edb4c442fe93,blind,205,normal_recovery_1,unloaded,baseline,low,False,False,False,True,0.0
b7600d17-1e0b-43ba-96cd-edb4c442fe93,blind,206,normal_recovery_1,unloaded,baseline,low,False,False,False,True,0.0
b7600d17-1e0b-43ba-96cd-edb4c442fe93,blind,207,normal_recovery_1,unloaded,baseline,low,False,False,False,True,0.0
b7600d17-1e0b-43ba-96cd-edb4c442fe93,blind,208,attack_baseline,hiding,baseline,low,True,True,True,True,0.05
b7600d17-1e0b-43ba-96cd-edb4c442fe93,blind,209,attack_baseline,hiding,baseline,low,True,True,True,True,0.1
b7600d17-1e0b-43ba-96cd-edb4c442fe93,blind,210,attack_baseline,hiding,baseline,low,True,True,True,True,0.15
b7600d17-1e0b-43ba-96cd-edb4c442fe93,blind,211,attack_baseline,hiding,baseline,low,True,True,True,True,0.2
b7600d17-1e0b-43ba-96cd-edb4c442fe93,blind,212,attack_baseline,hiding,baseline,low,True,True,True,True,0.25
b7600d17-1e0b-43ba-96cd-edb4c442fe93,blind,213,attack_baseline,hiding,baseline,low,True,True,True,True,0.3
b7600d17-1e0b-43ba-96cd-edb4c442fe93,blind,214,attack_baseline,hiding,baseline,low,True,True,True,True,0.35
b7600d17-1e0b-43ba-96cd-edb4c442fe93,blind,215,attack_baseline,hiding,baseline,low,True,True,True,True,0.4
b7600d17-1e0b-43ba-96cd-edb4c442fe93,blind,216,attack_baseline,hiding,baseline,low,True,True,True,True,0.45
b7600d17-1e0b-43ba-96cd-edb4c442fe93,blind,217,attack_baseline,hiding,baseline,low,True,True,True,True,0.5
b7600d17-1e0b-43ba-96cd-edb4c442fe93,blind,218,attack_baseline,hiding,baseline,low,True,True,True,True,0.55
b7600d17-1e0b-43ba-96cd-edb4c442fe93,blind,219,attack_baseline,hiding,baseline,low,True,True,True,True,0.6
b7600d17-1e0b-43ba-96cd-edb4c442fe93,blind,220,attack_baseline,hiding,baseline,low,True,True,True,True,0.65
b7600d17-1e0b-43ba-96cd-edb4c442fe93,blind,221,attack_baseline,hiding,baseline,low,True,True,True,True,0.7
b7600d17-1e0b-43ba-96cd-edb4c442fe93,blind,222,attack_baseline,hiding,baseline,low,True,True,True,True,0.75
b7600d17-1e0b-43ba-96cd-edb4c442fe93,blind,223,attack_baseline,hiding,baseline,low,True,False,False,True,0.8
b7600d17-1e0b-43ba-96cd-edb4c442fe93,blind,224,attack_baseline,hiding,baseline,low,True,False,False,True,0.85
b7600d17-1e0b-43ba-96cd-edb4c442fe93,blind,225,attack_baseline,hiding,baseline,low,True,False,False,True,0.9
b7600d17-1e0b-43ba-96cd-edb4c442fe93,blind,226,attack_baseline,hiding,baseline,low,True,True,True,True,0.95
b7600d17-1e0b-43ba-96cd-edb4c442fe93,blind,227,attack_baseline,hiding,baseline,low,True,False,False,True,1.0
b7600d17-1e0b-43ba-96cd-edb4c442fe93,blind,228,attack_baseline,hiding,baseline,low,True,False,False,True,1.0
b7600d17-1e0b-43ba-96cd-edb4c442fe93,blind,229,attack_baseline,hiding,baseline,low,True,False,False,True,1.0
b7600d17-1e0b-43ba-96cd-edb4c442fe93,blind,230,attack_baseline,hiding,baseline,low,True,False,False,True,1.0
b7600d17-1e0b-43ba-96cd-edb4c442fe93,blind,231,attack_baseline,hiding,baseline,low,True,False,False,True,1.0
b7600d17-1e0b-43ba-96cd-edb4c442fe93,blind,232,attack_baseline,hiding,baseline,low,True,False,False,True,1.0
b7600d17-1e0b-43ba-96cd-edb4c442fe93,blind,233,attack_baseline,hiding,baseline,low,True,False,False,True,1.0
b7600d17-1e0b-43ba-96cd-edb4c442fe93,blind,234,attack_baseline,hiding,baseline,low,True,False,False,True,1.0
b7600d17-1e0b-43ba-96cd-edb4c442fe93,blind,235,attack_baseline,hiding,baseline,low,True,False,False,True,1.0
b7600d17-1e0b-43ba-96cd-edb4c442fe93,blind,236,attack_baseline,hiding,baseline,low,True,False,False,True,1.0
b7600d17-1e0b-43ba-96cd-edb4c442fe93,blind,237,attack_baseline,hiding,baseline,low,True,False,False,True,1.0
b7600d17-1e0b-43ba-96cd-edb4c442fe93,blind,238,attack_baseline,hiding,baseline,low,True,False,False,True,1.0
b7600d17-1e0b-43ba-96cd-edb4c442fe93,blind,239,attack_baseline,hiding,baseline,low,True,False,False,True,1.0
b7600d17-1e0b-43ba-96cd-edb4c442fe93,blind,240,attack_baseline,hiding,baseline,low,True,False,False,True,1.0
b7600d17-1e0b-43ba-96cd-edb4c442fe93,blind,241,attack_baseline,hiding,baseline,low,True,False,False,True,1.0
b7600d17-1e0b-43ba-96cd-edb4c442fe93,blind,242,attack_baseline,hiding,baseline,low,True,True,True,True,1.0
b7600d17-1e0b-43ba-96cd-edb4c442fe93,blind,243,attack_baseline,hiding,baseline,low,True,False,False,True,1.0
b7600d17-1e0b-43ba-96cd-edb4c442fe93,blind,244,attack_baseline,hiding,baseline,low,True,False,False,True,1.0
b7600d17-1e0b-43ba-96cd-edb4c442fe93,blind,245,attack_baseline,hiding,baseline,low,True,False,False,True,1.0
b7600d17-1e0b-43ba-96cd-edb4c442fe93,blind,246,attack_baseline,hiding,baseline,low,True,False,False,True,1.0
b7600d17-1e0b-43ba-96cd-edb4c442fe93,blind,247,attack_baseline,hiding,baseline,low,True,False,False,True,1.0
b7600d17-1e0b-43ba-96cd-edb4c442fe93,blind,248,attack_cpu,hiding,cpu,high,True,False,False,True,1.0
b7600d17-1e0b-43ba-96cd-edb4c442fe93,blind,249,attack_cpu,hiding,cpu,high,True,False,False,True,1.0
b7600d17-1e0b-43ba-96cd-edb4c442fe93,blind,250,attack_cpu,hiding,cpu,high,True,False,False,True,1.0
b7600d17-1e0b-43ba-96cd-edb4c442fe93,blind,251,attack_cpu,hiding,cpu,high,True,False,False,True,1.0
b7600d17-1e0b-43ba-96cd-edb4c442fe93,blind,252,attack_cpu,hiding,cpu,high,True,False,False,True,1.0
b7600d17-1e0b-43ba-96cd-edb4c442fe93,blind,253,attack_cpu,hiding,cpu,high,True,True,True,True,1.0
b7600d17-1e0b-43ba-96cd-edb4c442fe93,blind,254,attack_cpu,hiding,cpu,high,False,False,False,True,1.0
b7600d17-1e0b-43ba-96cd-edb4c442fe93,blind,255,attack_cpu,hiding,cpu,high,True,False,False,True,1.0
b7600d17-1e0b-43ba-96cd-edb4c442fe93,blind,256,attack_cpu,hiding,cpu,high,True,False,False,True,1.0
b7600d17-1e0b-43ba-96cd-edb4c442fe93,blind,257,attack_cpu,hiding,cpu,high,True,True,True,True,1.0
b7600d17-1e0b-43ba-96cd-edb4c442fe93,blind,258,attack_cpu,hiding,cpu,high,True,False,False,True,1.0
b7600d17-1e0b-43ba-96cd-edb4c442fe93,blind,259,attack_cpu,hiding,cpu,high,True,False,False,True,1.0
b7600d17-1e0b-43ba-96cd-edb4c442fe93,blind,260,attack_cpu,hiding,cpu,high,True,False,False,True,1.0
b7600d17-1e0b-43ba-96cd-edb4c442fe93,blind,261,attack_cpu,hiding,cpu,high,True,False,False,True,1.0
b7600d17-1e0b-43ba-96cd-edb4c442fe93,blind,262,attack_cpu,hiding,cpu,high,True,False,False,True,1.0
b7600d17-1e0b-43ba-96cd-edb4c442fe93,blind,263,attack_cpu,hiding,cpu,high,True,False,False,True,1.0
b7600d17-1e0b-43ba-96cd-edb4c442fe93,blind,264,attack_cpu,hiding,cpu,high,True,False,False,True,1.0
b7600d17-1e0b-43ba-96cd-edb4c442fe93,blind,265,attack_cpu,hiding,cpu,high,True,False,False,True,1.0
b7600d17-1e0b-43ba-96cd-edb4c442fe93,blind,266,attack_cpu,hiding,cpu,high,False,False,False,True,1.0
b7600d17-1e0b-43ba-96cd-edb4c442fe93,blind,267,attack_cpu,hiding,cpu,high,True,True,True,True,1.0
b7600d17-1e0b-43ba-96cd-edb4c442fe93,blind,268,attack_cpu,hiding,cpu,high,True,False,False,True,1.0
b7600d17-1e0b-43ba-96cd-edb4c442fe93,blind,269,attack_cpu,hiding,cpu,high,True,False,False,True,1.0
b7600d17-1e0b-43ba-96cd-edb4c442fe93,blind,270,attack_cpu,hiding,cpu,high,True,False,False,True,1.0
b7600d17-1e0b-43ba-96cd-edb4c442fe93,blind,271,attack_cpu,hiding,cpu,high,True,False,False,True,1.0
b7600d17-1e0b-43ba-96cd-edb4c442fe93,blind,272,attack_cpu,hiding,cpu,high,True,False,False,True,1.0
b7600d17-1e0b-43ba-96cd-edb4c442fe93,blind,273,attack_cpu,hiding,cpu,high,True,True,True,True,1.0
b7600d17-1e0b-43ba-96cd-edb4c442fe93,blind,274,attack_cpu,hiding,cpu,high,True,False,False,True,1.0
b7600d17-1e0b-43ba-96cd-edb4c442fe93,blind,275,attack_cpu,hiding,cpu,high,False,False,False,True,1.0
b7600d17-1e0b-43ba-96cd-edb4c442fe93,blind,276,attack_cpu,hiding,cpu,high,True,False,False,True,1.0
b7600d17-1e0b-43ba-96cd-edb4c442fe93,blind,277,attack_cpu,hiding,cpu,high,False,False,False,True,1.0
b7600d17-1e0b-43ba-96cd-edb4c442fe93,blind,278,attack_cpu,hiding,cpu,high,True,False,False,True,1.0
b7600d17-1e0b-43ba-96cd-edb4c442fe93,blind,279,attack_cpu,hiding,cpu,high,True,False,False,True,1.0
b7600d17-1e0b-43ba-96cd-edb4c442fe93,blind,280,attack_cpu,hiding,cpu,high,True,False,False,True,1.0
b7600d17-1e0b-43ba-96cd-edb4c442fe93,blind,281,attack_cpu,hiding,cpu,high,True,False,False,True,1.0
b7600d17-1e0b-43ba-96cd-edb4c442fe93,blind,282,attack_cpu,hiding,cpu,high,True,False,False,True,1.0
b7600d17-1e0b-43ba-96cd-edb4c442fe93,blind,283,attack_cpu,hiding,cpu,high,True,False,False,True,1.0
b7600d17-1e0b-43ba-96cd-edb4c442fe93,blind,284,attack_cpu,hiding,cpu,high,True,False,False,True,1.0
b7600d17-1e0b-43ba-96cd-edb4c442fe93,blind,285,attack_cpu,hiding,cpu,high,True,False,False,True,1.0
b7600d17-1e0b-43ba-96cd-edb4c442fe93,blind,286,attack_cpu,hiding,cpu,high,True,False,False,True,1.0
b7600d17-1e0b-43ba-96cd-edb4c442fe93,blind,287,attack_cpu,hiding,cpu,high,True,False,False,True,1.0
b7600d17-1e0b-43ba-96cd-edb4c442fe93,blind,288,attack_memory_unseen,hiding,memory,low,True,False,False,True,1.0
b7600d17-1e0b-43ba-96cd-edb4c442fe93,blind,289,attack_memory_unseen,hiding,memory,low,True,False,False,True,1.0
b7600d17-1e0b-43ba-96cd-edb4c442fe93,blind,290,attack_memory_unseen,hiding,memory,low,True,False,False,True,1.0
b7600d17-1e0b-43ba-96cd-edb4c442fe93,blind,291,attack_memory_unseen,hiding,memory,low,True,False,False,True,1.0
b7600d17-1e0b-43ba-96cd-edb4c442fe93,blind,292,attack_memory_unseen,hiding,memory,low,True,False,False,True,1.0
b7600d17-1e0b-43ba-96cd-edb4c442fe93,blind,293,attack_memory_unseen,hiding,memory,low,True,False,False,True,1.0
b7600d17-1e0b-43ba-96cd-edb4c442fe93,blind,294,attack_memory_unseen,hiding,memory,low,True,False,False,True,1.0
b7600d17-1e0b-43ba-96cd-edb4c442fe93,blind,295,attack_memory_unseen,hiding,memory,low,True,False,False,True,1.0
b7600d17-1e0b-43ba-96cd-edb4c442fe93,blind,296,attack_memory_unseen,hiding,memory,low,True,False,False,True,1.0
b7600d17-1e0b-43ba-96cd-edb4c442fe93,blind,297,attack_memory_unseen,hiding,memory,low,True,False,False,True,1.0
b7600d17-1e0b-43ba-96cd-edb4c442fe93,blind,298,attack_memory_unseen,hiding,memory,low,True,False,False,True,1.0
b7600d17-1e0b-43ba-96cd-edb4c442fe93,blind,299,attack_memory_unseen,hiding,memory,low,True,False,False,True,1.0
b7600d17-1e0b-43ba-96cd-edb4c442fe93,blind,300,attack_memory_unseen,hiding,memory,low,True,False,False,True,1.0
b7600d17-1e0b-43ba-96cd-edb4c442fe93,blind,301,attack_memory_unseen,hiding,memory,low,True,False,False,True,1.0
b7600d17-1e0b-43ba-96cd-edb4c442fe93,blind,302,attack_memory_unseen,hiding,memory,low,True,False,False,True,1.0
b7600d17-1e0b-43ba-96cd-edb4c442fe93,blind,303,attack_memory_unseen,hiding,memory,low,True,False,False,True,1.0
b7600d17-1e0b-43ba-96cd-edb4c442fe93,blind,304,attack_memory_unseen,hiding,memory,low,True,False,False,True,1.0
b7600d17-1e0b-43ba-96cd-edb4c442fe93,blind,305,attack_memory_unseen,hiding,memory,low,True,False,False,True,1.0
b7600d17-1e0b-43ba-96cd-edb4c442fe93,blind,306,attack_memory_unseen,hiding,memory,low,True,False,False,True,1.0
b7600d17-1e0b-43ba-96cd-edb4c442fe93,blind,307,attack_memory_unseen,hiding,memory,low,True,False,False,True,1.0
b7600d17-1e0b-43ba-96cd-edb4c442fe93,blind,308,attack_memory_unseen,hiding,memory,low,True,False,False,True,1.0
b7600d17-1e0b-43ba-96cd-edb4c442fe93,blind,309,attack_memory_unseen,hiding,memory,low,True,False,False,True,1.0
b7600d17-1e0b-43ba-96cd-edb4c442fe93,blind,310,attack_memory_unseen,hiding,memory,low,True,False,False,True,1.0
b7600d17-1e0b-43ba-96cd-edb4c442fe93,blind,311,attack_memory_unseen,hiding,memory,low,True,False,False,True,1.0
b7600d17-1e0b-43ba-96cd-edb4c442fe93,blind,312,attack_memory_unseen,hiding,memory,low,True,False,False,True,1.0
b7600d17-1e0b-43ba-96cd-edb4c442fe93,blind,313,attack_memory_unseen,hiding,memory,low,True,False,False,True,1.0
b7600d17-1e0b-43ba-96cd-edb4c442fe93,blind,314,attack_memory_unseen,hiding,memory,low,True,False,False,True,1.0
b7600d17-1e0b-43ba-96cd-edb4c442fe93,blind,315,attack_memory_unseen,hiding,memory,low,True,False,False,True,1.0
b7600d17-1e0b-43ba-96cd-edb4c442fe93,blind,316,attack_memory_unseen,hiding,memory,low,True,True,True,True,1.0
b7600d17-1e0b-43ba-96cd-edb4c442fe93,blind,317,attack_memory_unseen,hiding,memory,low,True,True,True,True,1.0
b7600d17-1e0b-43ba-96cd-edb4c442fe93,blind,318,attack_memory_unseen,hiding,memory,low,True,False,False,True,1.0
b7600d17-1e0b-43ba-96cd-edb4c442fe93,blind,319,attack_memory_unseen,hiding,memory,low,True,False,False,True,1.0
b7600d17-1e0b-43ba-96cd-edb4c442fe93,blind,320,attack_memory_unseen,hiding,memory,low,True,False,False,True,1.0
b7600d17-1e0b-43ba-96cd-edb4c442fe93,blind,321,attack_memory_unseen,hiding,memory,low,True,False,False,True,1.0
b7600d17-1e0b-43ba-96cd-edb4c442fe93,blind,322,attack_memory_unseen,hiding,memory,low,True,False,False,True,1.0
b7600d17-1e0b-43ba-96cd-edb4c442fe93,blind,323,attack_memory_unseen,hiding,memory,low,True,True,True,True,1.0
b7600d17-1e0b-43ba-96cd-edb4c442fe93,blind,324,attack_memory_unseen,hiding,memory,low,True,False,False,True,1.0
b7600d17-1e0b-43ba-96cd-edb4c442fe93,blind,325,attack_memory_unseen,hiding,memory,low,True,True,True,True,1.0
b7600d17-1e0b-43ba-96cd-edb4c442fe93,blind,326,attack_memory_unseen,hiding,memory,low,True,False,False,True,1.0
b7600d17-1e0b-43ba-96cd-edb4c442fe93,blind,327,attack_memory_unseen,hiding,memory,low,True,True,True,True,1.0
b7600d17-1e0b-43ba-96cd-edb4c442fe93,blind,328,attack_mixed_unseen,hiding,mixed,high,True,False,False,True,1.0
b7600d17-1e0b-43ba-96cd-edb4c442fe93,blind,329,attack_mixed_unseen,hiding,mixed,high,True,False,False,True,1.0
b7600d17-1e0b-43ba-96cd-edb4c442fe93,blind,330,attack_mixed_unseen,hiding,mixed,high,True,False,False,True,1.0
b7600d17-1e0b-43ba-96cd-edb4c442fe93,blind,331,attack_mixed_unseen,hiding,mixed,high,True,False,False,True,1.0
b7600d17-1e0b-43ba-96cd-edb4c442fe93,blind,332,attack_mixed_unseen,hiding,mixed,high,True,False,False,True,1.0
b7600d17-1e0b-43ba-96cd-edb4c442fe93,blind,333,attack_mixed_unseen,hiding,mixed,high,True,False,False,True,1.0
b7600d17-1e0b-43ba-96cd-edb4c442fe93,blind,334,attack_mixed_unseen,hiding,mixed,high,True,False,False,True,1.0
b7600d17-1e0b-43ba-96cd-edb4c442fe93,blind,335,attack_mixed_unseen,hiding,mixed,high,True,False,False,True,1.0
b7600d17-1e0b-43ba-96cd-edb4c442fe93,blind,336,attack_mixed_unseen,hiding,mixed,high,True,False,False,True,1.0
b7600d17-1e0b-43ba-96cd-edb4c442fe93,blind,337,attack_mixed_unseen,hiding,mixed,high,True,False,False,True,1.0
b7600d17-1e0b-43ba-96cd-edb4c442fe93,blind,338,attack_mixed_unseen,hiding,mixed,high,True,False,False,True,1.0
b7600d17-1e0b-43ba-96cd-edb4c442fe93,blind,339,attack_mixed_unseen,hiding,mixed,high,True,False,False,True,1.0
b7600d17-1e0b-43ba-96cd-edb4c442fe93,blind,340,attack_mixed_unseen,hiding,mixed,high,True,False,False,True,1.0
b7600d17-1e0b-43ba-96cd-edb4c442fe93,blind,341,attack_mixed_unseen,hiding,mixed,high,True,False,False,True,1.0
b7600d17-1e0b-43ba-96cd-edb4c442fe93,blind,342,attack_mixed_unseen,hiding,mixed,high,True,False,False,True,1.0
b7600d17-1e0b-43ba-96cd-edb4c442fe93,blind,343,attack_mixed_unseen,hiding,mixed,high,True,False,False,True,1.0
b7600d17-1e0b-43ba-96cd-edb4c442fe93,blind,344,attack_mixed_unseen,hiding,mixed,high,True,False,False,True,1.0
b7600d17-1e0b-43ba-96cd-edb4c442fe93,blind,345,attack_mixed_unseen,hiding,mixed,high,False,False,False,True,1.0
b7600d17-1e0b-43ba-96cd-edb4c442fe93,blind,346,attack_mixed_unseen,hiding,mixed,high,True,False,False,True,1.0
b7600d17-1e0b-43ba-96cd-edb4c442fe93,blind,347,attack_mixed_unseen,hiding,mixed,high,True,False,False,True,1.0
b7600d17-1e0b-43ba-96cd-edb4c442fe93,blind,348,attack_mixed_unseen,hiding,mixed,high,True,False,False,True,1.0
b7600d17-1e0b-43ba-96cd-edb4c442fe93,blind,349,attack_mixed_unseen,hiding,mixed,high,True,False,False,True,1.0
b7600d17-1e0b-43ba-96cd-edb4c442fe93,blind,350,attack_mixed_unseen,hiding,mixed,high,True,False,False,True,1.0
b7600d17-1e0b-43ba-96cd-edb4c442fe93,blind,351,attack_mixed_unseen,hiding,mixed,high,True,False,False,True,1.0
b7600d17-1e0b-43ba-96cd-edb4c442fe93,blind,352,attack_mixed_unseen,hiding,mixed,high,True,False,False,True,1.0
b7600d17-1e0b-43ba-96cd-edb4c442fe93,blind,353,attack_mixed_unseen,hiding,mixed,high,True,False,False,True,1.0
b7600d17-1e0b-43ba-96cd-edb4c442fe93,blind,354,attack_mixed_unseen,hiding,mixed,high,True,False,False,True,1.0
b7600d17-1e0b-43ba-96cd-edb4c442fe93,blind,355,attack_mixed_unseen,hiding,mixed,high,True,False,False,True,1.0
b7600d17-1e0b-43ba-96cd-edb4c442fe93,blind,356,attack_mixed_unseen,hiding,mixed,high,True,False,False,True,1.0
b7600d17-1e0b-43ba-96cd-edb4c442fe93,blind,357,attack_mixed_unseen,hiding,mixed,high,True,False,False,True,1.0
b7600d17-1e0b-43ba-96cd-edb4c442fe93,blind,358,attack_mixed_unseen,hiding,mixed,high,True,False,False,True,1.0
b7600d17-1e0b-43ba-96cd-edb4c442fe93,blind,359,attack_mixed_unseen,hiding,mixed,high,True,False,False,True,1.0
b7600d17-1e0b-43ba-96cd-edb4c442fe93,blind,360,attack_mixed_unseen,hiding,mixed,high,False,False,False,True,1.0
b7600d17-1e0b-43ba-96cd-edb4c442fe93,blind,361,attack_mixed_unseen,hiding,mixed,high,True,True,True,True,1.0
b7600d17-1e0b-43ba-96cd-edb4c442fe93,blind,362,attack_mixed_unseen,hiding,mixed,high,True,False,False,True,1.0
b7600d17-1e0b-43ba-96cd-edb4c442fe93,blind,363,attack_mixed_unseen,hiding,mixed,high,True,False,False,True,1.0
b7600d17-1e0b-43ba-96cd-edb4c442fe93,blind,364,attack_mixed_unseen,hiding,mixed,high,True,True,True,True,1.0
b7600d17-1e0b-43ba-96cd-edb4c442fe93,blind,365,attack_mixed_unseen,hiding,mixed,high,True,False,False,True,1.0
b7600d17-1e0b-43ba-96cd-edb4c442fe93,blind,366,attack_mixed_unseen,hiding,mixed,high,True,False,False,True,1.0
b7600d17-1e0b-43ba-96cd-edb4c442fe93,blind,367,attack_mixed_unseen,hiding,mixed,high,True,False,False,True,1.0
b7600d17-1e0b-43ba-96cd-edb4c442fe93,blind,368,normal_recovery_2,unloaded,baseline,low,False,False,False,True,0.95
b7600d17-1e0b-43ba-96cd-edb4c442fe93,blind,369,normal_recovery_2,unloaded,baseline,low,False,False,False,True,0.9
b7600d17-1e0b-43ba-96cd-edb4c442fe93,blind,370,normal_recovery_2,unloaded,baseline,low,False,False,False,True,0.85
b7600d17-1e0b-43ba-96cd-edb4c442fe93,blind,371,normal_recovery_2,unloaded,baseline,low,False,False,False,True,0.8
b7600d17-1e0b-43ba-96cd-edb4c442fe93,blind,372,normal_recovery_2,unloaded,baseline,low,False,False,False,True,0.75
b7600d17-1e0b-43ba-96cd-edb4c442fe93,blind,373,normal_recovery_2,unloaded,baseline,low,False,False,False,True,0.7
b7600d17-1e0b-43ba-96cd-edb4c442fe93,blind,374,normal_recovery_2,unloaded,baseline,low,False,False,False,True,0.65
b7600d17-1e0b-43ba-96cd-edb4c442fe93,blind,375,normal_recovery_2,unloaded,baseline,low,False,False,False,True,0.6
b7600d17-1e0b-43ba-96cd-edb4c442fe93,blind,376,normal_recovery_2,unloaded,baseline,low,False,False,False,True,0.55
b7600d17-1e0b-43ba-96cd-edb4c442fe93,blind,377,normal_recovery_2,unloaded,baseline,low,False,False,False,True,0.5
b7600d17-1e0b-43ba-96cd-edb4c442fe93,blind,378,normal_recovery_2,unloaded,baseline,low,False,False,False,True,0.45
b7600d17-1e0b-43ba-96cd-edb4c442fe93,blind,379,normal_recovery_2,unloaded,baseline,low,False,False,False,True,0.4
b7600d17-1e0b-43ba-96cd-edb4c442fe93,blind,380,normal_recovery_2,unloaded,baseline,low,False,False,False,True,0.35
b7600d17-1e0b-43ba-96cd-edb4c442fe93,blind,381,normal_recovery_2,unloaded,baseline,low,False,False,False,True,0.3
b7600d17-1e0b-43ba-96cd-edb4c442fe93,blind,382,normal_recovery_2,unloaded,baseline,low,False,False,False,True,0.25
b7600d17-1e0b-43ba-96cd-edb4c442fe93,blind,383,normal_recovery_2,unloaded,baseline,low,False,False,False,True,0.2
b7600d17-1e0b-43ba-96cd-edb4c442fe93,blind,384,normal_recovery_2,unloaded,baseline,low,False,False,False,True,0.15
b7600d17-1e0b-43ba-96cd-edb4c442fe93,blind,385,normal_recovery_2,unloaded,baseline,low,False,False,False,True,0.1
b7600d17-1e0b-43ba-96cd-edb4c442fe93,blind,386,normal_recovery_2,unloaded,baseline,low,False,False,False,True,0.05
b7600d17-1e0b-43ba-96cd-edb4c442fe93,blind,387,normal_recovery_2,unloaded,baseline,low,False,False,False,True,0.0
b7600d17-1e0b-43ba-96cd-edb4c442fe93,blind,388,sham_negative_baseline,sham,baseline,low,False,True,True,True,0.0
b7600d17-1e0b-43ba-96cd-edb4c442fe93,blind,389,sham_negative_baseline,sham,baseline,low,False,True,True,True,0.0
b7600d17-1e0b-43ba-96cd-edb4c442fe93,blind,390,sham_negative_baseline,sham,baseline,low,False,True,True,True,0.0
b7600d17-1e0b-43ba-96cd-edb4c442fe93,blind,391,sham_negative_baseline,sham,baseline,low,False,True,True,True,0.0
b7600d17-1e0b-43ba-96cd-edb4c442fe93,blind,392,sham_negative_baseline,sham,baseline,low,False,False,False,True,0.0
b7600d17-1e0b-43ba-96cd-edb4c442fe93,blind,393,sham_negative_baseline,sham,baseline,low,False,True,True,True,0.0
b7600d17-1e0b-43ba-96cd-edb4c442fe93,blind,394,sham_negative_baseline,sham,baseline,low,False,True,True,True,0.0
b7600d17-1e0b-43ba-96cd-edb4c442fe93,blind,395,sham_negative_baseline,sham,baseline,low,False,False,False,True,0.0
b7600d17-1e0b-43ba-96cd-edb4c442fe93,blind,396,sham_negative_baseline,sham,baseline,low,False,False,False,True,0.0
b7600d17-1e0b-43ba-96cd-edb4c442fe93,blind,397,sham_negative_baseline,sham,baseline,low,False,False,False,True,0.0
b7600d17-1e0b-43ba-96cd-edb4c442fe93,blind,398,sham_negative_cpu,sham,cpu,high,False,True,True,True,0.0
b7600d17-1e0b-43ba-96cd-edb4c442fe93,blind,399,sham_negative_cpu,sham,cpu,high,False,True,True,True,0.0
b7600d17-1e0b-43ba-96cd-edb4c442fe93,blind,400,sham_negative_cpu,sham,cpu,high,False,True,True,True,0.0
b7600d17-1e0b-43ba-96cd-edb4c442fe93,blind,401,sham_negative_cpu,sham,cpu,high,False,True,True,True,0.0
b7600d17-1e0b-43ba-96cd-edb4c442fe93,blind,402,sham_negative_cpu,sham,cpu,high,False,True,True,True,0.0
b7600d17-1e0b-43ba-96cd-edb4c442fe93,blind,403,sham_negative_cpu,sham,cpu,high,False,True,True,True,0.0
b7600d17-1e0b-43ba-96cd-edb4c442fe93,blind,404,sham_negative_cpu,sham,cpu,high,False,True,True,True,0.0
b7600d17-1e0b-43ba-96cd-edb4c442fe93,blind,405,sham_negative_cpu,sham,cpu,high,False,True,True,True,0.0
b7600d17-1e0b-43ba-96cd-edb4c442fe93,blind,406,sham_negative_cpu,sham,cpu,high,False,False,False,True,0.0
b7600d17-1e0b-43ba-96cd-edb4c442fe93,blind,407,sham_negative_cpu,sham,cpu,high,False,True,True,True,0.0
b7600d17-1e0b-43ba-96cd-edb4c442fe93,guarded,48,normal_pre,unloaded,baseline,low,False,False,False,True,0.0
b7600d17-1e0b-43ba-96cd-edb4c442fe93,guarded,49,normal_pre,unloaded,baseline,low,False,False,False,True,0.0
b7600d17-1e0b-43ba-96cd-edb4c442fe93,guarded,50,normal_pre,unloaded,baseline,low,False,True,True,True,0.0
b7600d17-1e0b-43ba-96cd-edb4c442fe93,guarded,51,normal_pre,unloaded,baseline,low,False,False,False,True,0.0
b7600d17-1e0b-43ba-96cd-edb4c442fe93,guarded,52,normal_pre,unloaded,baseline,low,False,False,False,True,0.0
b7600d17-1e0b-43ba-96cd-edb4c442fe93,guarded,53,normal_pre,unloaded,baseline,low,False,False,False,True,0.0
b7600d17-1e0b-43ba-96cd-edb4c442fe93,guarded,54,normal_pre,unloaded,baseline,low,False,False,False,True,0.0
b7600d17-1e0b-43ba-96cd-edb4c442fe93,guarded,55,normal_pre,unloaded,baseline,low,False,False,False,True,0.0
b7600d17-1e0b-43ba-96cd-edb4c442fe93,guarded,56,normal_pre,unloaded,baseline,low,False,False,False,True,0.0
b7600d17-1e0b-43ba-96cd-edb4c442fe93,guarded,57,normal_pre,unloaded,baseline,low,False,False,False,True,0.0
b7600d17-1e0b-43ba-96cd-edb4c442fe93,guarded,58,normal_pre,unloaded,baseline,low,False,False,False,True,0.0
b7600d17-1e0b-43ba-96cd-edb4c442fe93,guarded,59,normal_pre,unloaded,baseline,low,False,False,False,True,0.0
b7600d17-1e0b-43ba-96cd-edb4c442fe93,guarded,60,normal_pre,unloaded,baseline,low,False,False,False,True,0.0
b7600d17-1e0b-43ba-96cd-edb4c442fe93,guarded,61,normal_pre,unloaded,baseline,low,False,False,False,True,0.0
b7600d17-1e0b-43ba-96cd-edb4c442fe93,guarded,62,normal_pre,unloaded,baseline,low,False,False,False,True,0.0
b7600d17-1e0b-43ba-96cd-edb4c442fe93,guarded,63,normal_pre,unloaded,baseline,low,False,False,False,True,0.0
b7600d17-1e0b-43ba-96cd-edb4c442fe93,guarded,64,normal_pre,unloaded,baseline,low,False,False,False,True,0.0
b7600d17-1e0b-43ba-96cd-edb4c442fe93,guarded,65,normal_pre,unloaded,baseline,low,False,False,False,True,0.0
b7600d17-1e0b-43ba-96cd-edb4c442fe93,guarded,66,normal_pre,unloaded,baseline,low,False,False,False,True,0.0
b7600d17-1e0b-43ba-96cd-edb4c442fe93,guarded,67,normal_pre,unloaded,baseline,low,False,False,False,True,0.0
b7600d17-1e0b-43ba-96cd-edb4c442fe93,guarded,68,benign_cpu_unseen,unloaded,cpu,high,False,False,False,True,0.0
b7600d17-1e0b-43ba-96cd-edb4c442fe93,guarded,69,benign_cpu_unseen,unloaded,cpu,high,False,False,False,True,0.0
b7600d17-1e0b-43ba-96cd-edb4c442fe93,guarded,70,benign_cpu_unseen,unloaded,cpu,high,False,False,False,True,0.0
b7600d17-1e0b-43ba-96cd-edb4c442fe93,guarded,71,benign_cpu_unseen,unloaded,cpu,high,False,False,False,True,0.0
b7600d17-1e0b-43ba-96cd-edb4c442fe93,guarded,72,benign_cpu_unseen,unloaded,cpu,high,False,False,False,True,0.0
b7600d17-1e0b-43ba-96cd-edb4c442fe93,guarded,73,benign_cpu_unseen,unloaded,cpu,high,False,False,False,True,0.0
b7600d17-1e0b-43ba-96cd-edb4c442fe93,guarded,74,benign_cpu_unseen,unloaded,cpu,high,False,False,False,True,0.0
b7600d17-1e0b-43ba-96cd-edb4c442fe93,guarded,75,benign_cpu_unseen,unloaded,cpu,high,False,False,False,True,0.0
b7600d17-1e0b-43ba-96cd-edb4c442fe93,guarded,76,benign_cpu_unseen,unloaded,cpu,high,False,True,True,True,0.0
b7600d17-1e0b-43ba-96cd-edb4c442fe93,guarded,77,benign_cpu_unseen,unloaded,cpu,high,False,False,False,True,0.0
b7600d17-1e0b-43ba-96cd-edb4c442fe93,guarded,78,benign_cpu_unseen,unloaded,cpu,high,False,False,False,True,0.0
b7600d17-1e0b-43ba-96cd-edb4c442fe93,guarded,79,benign_cpu_unseen,unloaded,cpu,high,False,False,False,True,0.0
b7600d17-1e0b-43ba-96cd-edb4c442fe93,guarded,80,benign_cpu_unseen,unloaded,cpu,high,False,False,False,True,0.0
b7600d17-1e0b-43ba-96cd-edb4c442fe93,guarded,81,benign_cpu_unseen,unloaded,cpu,high,False,False,False,True,0.0
b7600d17-1e0b-43ba-96cd-edb4c442fe93,guarded,82,benign_cpu_unseen,unloaded,cpu,high,False,False,False,True,0.0
b7600d17-1e0b-43ba-96cd-edb4c442fe93,guarded,83,benign_cpu_unseen,unloaded,cpu,high,False,False,False,True,0.0
b7600d17-1e0b-43ba-96cd-edb4c442fe93,guarded,84,benign_cpu_unseen,unloaded,cpu,high,False,False,False,True,0.0
b7600d17-1e0b-43ba-96cd-edb4c442fe93,guarded,85,benign_cpu_unseen,unloaded,cpu,high,False,False,False,True,0.0
b7600d17-1e0b-43ba-96cd-edb4c442fe93,guarded,86,benign_cpu_unseen,unloaded,cpu,high,False,False,False,True,0.0
b7600d17-1e0b-43ba-96cd-edb4c442fe93,guarded,87,benign_cpu_unseen,unloaded,cpu,high,False,False,False,True,0.0
b7600d17-1e0b-43ba-96cd-edb4c442fe93,guarded,88,benign_cpu_unseen,unloaded,cpu,high,False,False,False,True,0.0
b7600d17-1e0b-43ba-96cd-edb4c442fe93,guarded,89,benign_cpu_unseen,unloaded,cpu,high,False,False,False,True,0.0
b7600d17-1e0b-43ba-96cd-edb4c442fe93,guarded,90,benign_cpu_unseen,unloaded,cpu,high,False,False,False,True,0.0
b7600d17-1e0b-43ba-96cd-edb4c442fe93,guarded,91,benign_cpu_unseen,unloaded,cpu,high,False,False,False,True,0.0
b7600d17-1e0b-43ba-96cd-edb4c442fe93,guarded,92,benign_cpu_unseen,unloaded,cpu,high,False,False,False,True,0.0
b7600d17-1e0b-43ba-96cd-edb4c442fe93,guarded,93,benign_cpu_unseen,unloaded,cpu,high,False,False,False,True,0.0
b7600d17-1e0b-43ba-96cd-edb4c442fe93,guarded,94,benign_cpu_unseen,unloaded,cpu,high,False,False,False,True,0.0
b7600d17-1e0b-43ba-96cd-edb4c442fe93,guarded,95,benign_cpu_unseen,unloaded,cpu,high,False,False,False,True,0.0
b7600d17-1e0b-43ba-96cd-edb4c442fe93,guarded,96,benign_cpu_unseen,unloaded,cpu,high,False,False,False,True,0.0
b7600d17-1e0b-43ba-96cd-edb4c442fe93,guarded,97,benign_cpu_unseen,unloaded,cpu,high,False,False,False,True,0.0
b7600d17-1e0b-43ba-96cd-edb4c442fe93,guarded,98,benign_cpu_unseen,unloaded,cpu,high,False,False,False,True,0.0
b7600d17-1e0b-43ba-96cd-edb4c442fe93,guarded,99,benign_cpu_unseen,unloaded,cpu,high,False,False,False,True,0.0
b7600d17-1e0b-43ba-96cd-edb4c442fe93,guarded,100,benign_cpu_unseen,unloaded,cpu,high,False,False,False,True,0.0
b7600d17-1e0b-43ba-96cd-edb4c442fe93,guarded,101,benign_cpu_unseen,unloaded,cpu,high,False,False,False,True,0.0
b7600d17-1e0b-43ba-96cd-edb4c442fe93,guarded,102,benign_cpu_unseen,unloaded,cpu,high,False,False,False,True,0.0
b7600d17-1e0b-43ba-96cd-edb4c442fe93,guarded,103,benign_cpu_unseen,unloaded,cpu,high,False,False,False,True,0.0
b7600d17-1e0b-43ba-96cd-edb4c442fe93,guarded,104,benign_cpu_unseen,unloaded,cpu,high,False,False,False,True,0.0
b7600d17-1e0b-43ba-96cd-edb4c442fe93,guarded,105,benign_cpu_unseen,unloaded,cpu,high,False,False,False,True,0.0
b7600d17-1e0b-43ba-96cd-edb4c442fe93,guarded,106,benign_cpu_unseen,unloaded,cpu,high,False,False,False,True,0.0
b7600d17-1e0b-43ba-96cd-edb4c442fe93,guarded,107,benign_cpu_unseen,unloaded,cpu,high,False,False,False,True,0.0
b7600d17-1e0b-43ba-96cd-edb4c442fe93,guarded,108,benign_memory_unseen,unloaded,memory,low,False,False,False,True,0.0
b7600d17-1e0b-43ba-96cd-edb4c442fe93,guarded,109,benign_memory_unseen,unloaded,memory,low,False,False,False,True,0.0
b7600d17-1e0b-43ba-96cd-edb4c442fe93,guarded,110,benign_memory_unseen,unloaded,memory,low,False,False,False,True,0.0
b7600d17-1e0b-43ba-96cd-edb4c442fe93,guarded,111,benign_memory_unseen,unloaded,memory,low,False,False,False,True,0.0
b7600d17-1e0b-43ba-96cd-edb4c442fe93,guarded,112,benign_memory_unseen,unloaded,memory,low,False,False,False,True,0.0
b7600d17-1e0b-43ba-96cd-edb4c442fe93,guarded,113,benign_memory_unseen,unloaded,memory,low,False,False,False,True,0.0
b7600d17-1e0b-43ba-96cd-edb4c442fe93,guarded,114,benign_memory_unseen,unloaded,memory,low,False,False,False,True,0.0
b7600d17-1e0b-43ba-96cd-edb4c442fe93,guarded,115,benign_memory_unseen,unloaded,memory,low,False,False,False,True,0.0
b7600d17-1e0b-43ba-96cd-edb4c442fe93,guarded,116,benign_memory_unseen,unloaded,memory,low,False,False,False,True,0.0
b7600d17-1e0b-43ba-96cd-edb4c442fe93,guarded,117,benign_memory_unseen,unloaded,memory,low,False,False,False,True,0.0
b7600d17-1e0b-43ba-96cd-edb4c442fe93,guarded,118,benign_memory_unseen,unloaded,memory,low,False,False,False,True,0.0
b7600d17-1e0b-43ba-96cd-edb4c442fe93,guarded,119,benign_memory_unseen,unloaded,memory,low,False,False,False,True,0.0
b7600d17-1e0b-43ba-96cd-edb4c442fe93,guarded,120,benign_memory_unseen,unloaded,memory,low,False,False,False,True,0.0
b7600d17-1e0b-43ba-96cd-edb4c442fe93,guarded,121,benign_memory_unseen,unloaded,memory,low,False,False,False,True,0.0
b7600d17-1e0b-43ba-96cd-edb4c442fe93,guarded,122,benign_memory_unseen,unloaded,memory,low,False,False,False,True,0.0
b7600d17-1e0b-43ba-96cd-edb4c442fe93,guarded,123,benign_memory_unseen,unloaded,memory,low,False,False,False,True,0.0
b7600d17-1e0b-43ba-96cd-edb4c442fe93,guarded,124,benign_memory_unseen,unloaded,memory,low,False,False,False,True,0.0
b7600d17-1e0b-43ba-96cd-edb4c442fe93,guarded,125,benign_memory_unseen,unloaded,memory,low,False,False,False,True,0.0
b7600d17-1e0b-43ba-96cd-edb4c442fe93,guarded,126,benign_memory_unseen,unloaded,memory,low,False,False,False,True,0.0
b7600d17-1e0b-43ba-96cd-edb4c442fe93,guarded,127,benign_memory_unseen,unloaded,memory,low,False,False,False,True,0.0
b7600d17-1e0b-43ba-96cd-edb4c442fe93,guarded,128,benign_memory_unseen,unloaded,memory,low,False,True,True,True,0.0
b7600d17-1e0b-43ba-96cd-edb4c442fe93,guarded,129,benign_memory_unseen,unloaded,memory,low,False,False,False,True,0.0
b7600d17-1e0b-43ba-96cd-edb4c442fe93,guarded,130,benign_memory_unseen,unloaded,memory,low,False,False,False,True,0.0
b7600d17-1e0b-43ba-96cd-edb4c442fe93,guarded,131,benign_memory_unseen,unloaded,memory,low,False,False,False,True,0.0
b7600d17-1e0b-43ba-96cd-edb4c442fe93,guarded,132,benign_memory_unseen,unloaded,memory,low,False,False,False,True,0.0
b7600d17-1e0b-43ba-96cd-edb4c442fe93,guarded,133,benign_memory_unseen,unloaded,memory,low,False,False,False,True,0.0
b7600d17-1e0b-43ba-96cd-edb4c442fe93,guarded,134,benign_memory_unseen,unloaded,memory,low,False,False,False,True,0.0
b7600d17-1e0b-43ba-96cd-edb4c442fe93,guarded,135,benign_memory_unseen,unloaded,memory,low,False,False,False,True,0.0
b7600d17-1e0b-43ba-96cd-edb4c442fe93,guarded,136,benign_memory_unseen,unloaded,memory,low,False,False,False,True,0.0
b7600d17-1e0b-43ba-96cd-edb4c442fe93,guarded,137,benign_memory_unseen,unloaded,memory,low,False,False,False,True,0.0
b7600d17-1e0b-43ba-96cd-edb4c442fe93,guarded,138,benign_memory_unseen,unloaded,memory,low,False,False,False,True,0.0
b7600d17-1e0b-43ba-96cd-edb4c442fe93,guarded,139,benign_memory_unseen,unloaded,memory,low,False,False,False,True,0.0
b7600d17-1e0b-43ba-96cd-edb4c442fe93,guarded,140,benign_memory_unseen,unloaded,memory,low,False,False,False,True,0.0
b7600d17-1e0b-43ba-96cd-edb4c442fe93,guarded,141,benign_memory_unseen,unloaded,memory,low,False,False,False,True,0.0
b7600d17-1e0b-43ba-96cd-edb4c442fe93,guarded,142,benign_memory_unseen,unloaded,memory,low,False,False,False,True,0.0
b7600d17-1e0b-43ba-96cd-edb4c442fe93,guarded,143,benign_memory_unseen,unloaded,memory,low,False,False,False,True,0.0
b7600d17-1e0b-43ba-96cd-edb4c442fe93,guarded,144,benign_memory_unseen,unloaded,memory,low,False,False,False,True,0.0
b7600d17-1e0b-43ba-96cd-edb4c442fe93,guarded,145,benign_memory_unseen,unloaded,memory,low,False,False,False,True,0.0
b7600d17-1e0b-43ba-96cd-edb4c442fe93,guarded,146,benign_memory_unseen,unloaded,memory,low,False,False,False,True,0.0
b7600d17-1e0b-43ba-96cd-edb4c442fe93,guarded,147,benign_memory_unseen,unloaded,memory,low,False,False,False,True,0.0
b7600d17-1e0b-43ba-96cd-edb4c442fe93,guarded,148,benign_mixed_unseen,unloaded,mixed,high,False,False,False,True,0.0
b7600d17-1e0b-43ba-96cd-edb4c442fe93,guarded,149,benign_mixed_unseen,unloaded,mixed,high,False,False,False,True,0.0
b7600d17-1e0b-43ba-96cd-edb4c442fe93,guarded,150,benign_mixed_unseen,unloaded,mixed,high,False,False,False,True,0.0
b7600d17-1e0b-43ba-96cd-edb4c442fe93,guarded,151,benign_mixed_unseen,unloaded,mixed,high,False,False,False,True,0.0
b7600d17-1e0b-43ba-96cd-edb4c442fe93,guarded,152,benign_mixed_unseen,unloaded,mixed,high,False,False,False,True,0.0
b7600d17-1e0b-43ba-96cd-edb4c442fe93,guarded,153,benign_mixed_unseen,unloaded,mixed,high,False,False,False,True,0.0
b7600d17-1e0b-43ba-96cd-edb4c442fe93,guarded,154,benign_mixed_unseen,unloaded,mixed,high,False,False,False,True,0.0
b7600d17-1e0b-43ba-96cd-edb4c442fe93,guarded,155,benign_mixed_unseen,unloaded,mixed,high,False,False,False,True,0.0
b7600d17-1e0b-43ba-96cd-edb4c442fe93,guarded,156,benign_mixed_unseen,unloaded,mixed,high,False,False,False,True,0.0
b7600d17-1e0b-43ba-96cd-edb4c442fe93,guarded,157,benign_mixed_unseen,unloaded,mixed,high,False,False,False,True,0.0
b7600d17-1e0b-43ba-96cd-edb4c442fe93,guarded,158,benign_mixed_unseen,unloaded,mixed,high,False,False,False,True,0.0
b7600d17-1e0b-43ba-96cd-edb4c442fe93,guarded,159,benign_mixed_unseen,unloaded,mixed,high,False,False,False,True,0.0
b7600d17-1e0b-43ba-96cd-edb4c442fe93,guarded,160,benign_mixed_unseen,unloaded,mixed,high,False,False,False,True,0.0
b7600d17-1e0b-43ba-96cd-edb4c442fe93,guarded,161,benign_mixed_unseen,unloaded,mixed,high,False,False,False,True,0.0
b7600d17-1e0b-43ba-96cd-edb4c442fe93,guarded,162,benign_mixed_unseen,unloaded,mixed,high,False,False,False,True,0.0
b7600d17-1e0b-43ba-96cd-edb4c442fe93,guarded,163,benign_mixed_unseen,unloaded,mixed,high,False,True,True,True,0.0
b7600d17-1e0b-43ba-96cd-edb4c442fe93,guarded,164,benign_mixed_unseen,unloaded,mixed,high,False,False,False,True,0.0
b7600d17-1e0b-43ba-96cd-edb4c442fe93,guarded,165,benign_mixed_unseen,unloaded,mixed,high,False,False,False,True,0.0
b7600d17-1e0b-43ba-96cd-edb4c442fe93,guarded,166,benign_mixed_unseen,unloaded,mixed,high,False,False,False,True,0.0
b7600d17-1e0b-43ba-96cd-edb4c442fe93,guarded,167,benign_mixed_unseen,unloaded,mixed,high,False,False,False,True,0.0
b7600d17-1e0b-43ba-96cd-edb4c442fe93,guarded,168,benign_mixed_unseen,unloaded,mixed,high,False,False,False,True,0.0
b7600d17-1e0b-43ba-96cd-edb4c442fe93,guarded,169,benign_mixed_unseen,unloaded,mixed,high,False,False,False,True,0.0
b7600d17-1e0b-43ba-96cd-edb4c442fe93,guarded,170,benign_mixed_unseen,unloaded,mixed,high,False,False,False,True,0.0
b7600d17-1e0b-43ba-96cd-edb4c442fe93,guarded,171,benign_mixed_unseen,unloaded,mixed,high,False,False,False,True,0.0
b7600d17-1e0b-43ba-96cd-edb4c442fe93,guarded,172,benign_mixed_unseen,unloaded,mixed,high,False,False,False,True,0.0
b7600d17-1e0b-43ba-96cd-edb4c442fe93,guarded,173,benign_mixed_unseen,unloaded,mixed,high,False,False,False,True,0.0
b7600d17-1e0b-43ba-96cd-edb4c442fe93,guarded,174,benign_mixed_unseen,unloaded,mixed,high,False,False,False,True,0.0
b7600d17-1e0b-43ba-96cd-edb4c442fe93,guarded,175,benign_mixed_unseen,unloaded,mixed,high,False,False,False,True,0.0
b7600d17-1e0b-43ba-96cd-edb4c442fe93,guarded,176,benign_mixed_unseen,unloaded,mixed,high,False,False,False,True,0.0
b7600d17-1e0b-43ba-96cd-edb4c442fe93,guarded,177,benign_mixed_unseen,unloaded,mixed,high,False,False,False,True,0.0
b7600d17-1e0b-43ba-96cd-edb4c442fe93,guarded,178,benign_mixed_unseen,unloaded,mixed,high,False,False,False,True,0.0
b7600d17-1e0b-43ba-96cd-edb4c442fe93,guarded,179,benign_mixed_unseen,unloaded,mixed,high,False,False,False,True,0.0
b7600d17-1e0b-43ba-96cd-edb4c442fe93,guarded,180,benign_mixed_unseen,unloaded,mixed,high,False,False,False,True,0.0
b7600d17-1e0b-43ba-96cd-edb4c442fe93,guarded,181,benign_mixed_unseen,unloaded,mixed,high,False,False,False,True,0.0
b7600d17-1e0b-43ba-96cd-edb4c442fe93,guarded,182,benign_mixed_unseen,unloaded,mixed,high,False,False,False,True,0.0
b7600d17-1e0b-43ba-96cd-edb4c442fe93,guarded,183,benign_mixed_unseen,unloaded,mixed,high,False,False,False,True,0.0
b7600d17-1e0b-43ba-96cd-edb4c442fe93,guarded,184,benign_mixed_unseen,unloaded,mixed,high,False,False,False,True,0.0
b7600d17-1e0b-43ba-96cd-edb4c442fe93,guarded,185,benign_mixed_unseen,unloaded,mixed,high,False,False,False,True,0.0
b7600d17-1e0b-43ba-96cd-edb4c442fe93,guarded,186,benign_mixed_unseen,unloaded,mixed,high,False,False,False,True,0.0
b7600d17-1e0b-43ba-96cd-edb4c442fe93,guarded,187,benign_mixed_unseen,unloaded,mixed,high,False,False,False,True,0.0
b7600d17-1e0b-43ba-96cd-edb4c442fe93,guarded,188,normal_recovery_1,unloaded,baseline,low,False,False,False,True,0.0
b7600d17-1e0b-43ba-96cd-edb4c442fe93,guarded,189,normal_recovery_1,unloaded,baseline,low,False,False,False,True,0.0
b7600d17-1e0b-43ba-96cd-edb4c442fe93,guarded,190,normal_recovery_1,unloaded,baseline,low,False,False,False,True,0.0
b7600d17-1e0b-43ba-96cd-edb4c442fe93,guarded,191,normal_recovery_1,unloaded,baseline,low,False,False,False,True,0.0
b7600d17-1e0b-43ba-96cd-edb4c442fe93,guarded,192,normal_recovery_1,unloaded,baseline,low,False,False,False,True,0.0
b7600d17-1e0b-43ba-96cd-edb4c442fe93,guarded,193,normal_recovery_1,unloaded,baseline,low,False,False,False,True,0.0
b7600d17-1e0b-43ba-96cd-edb4c442fe93,guarded,194,normal_recovery_1,unloaded,baseline,low,False,False,False,True,0.0
b7600d17-1e0b-43ba-96cd-edb4c442fe93,guarded,195,normal_recovery_1,unloaded,baseline,low,False,False,False,True,0.0
b7600d17-1e0b-43ba-96cd-edb4c442fe93,guarded,196,normal_recovery_1,unloaded,baseline,low,False,False,False,True,0.0
b7600d17-1e0b-43ba-96cd-edb4c442fe93,guarded,197,normal_recovery_1,unloaded,baseline,low,False,False,False,True,0.0
b7600d17-1e0b-43ba-96cd-edb4c442fe93,guarded,198,normal_recovery_1,unloaded,baseline,low,False,False,False,True,0.0
b7600d17-1e0b-43ba-96cd-edb4c442fe93,guarded,199,normal_recovery_1,unloaded,baseline,low,False,False,False,True,0.0
b7600d17-1e0b-43ba-96cd-edb4c442fe93,guarded,200,normal_recovery_1,unloaded,baseline,low,False,False,False,True,0.0
b7600d17-1e0b-43ba-96cd-edb4c442fe93,guarded,201,normal_recovery_1,unloaded,baseline,low,False,False,False,True,0.0
b7600d17-1e0b-43ba-96cd-edb4c442fe93,guarded,202,normal_recovery_1,unloaded,baseline,low,False,False,False,True,0.0
b7600d17-1e0b-43ba-96cd-edb4c442fe93,guarded,203,normal_recovery_1,unloaded,baseline,low,False,False,False,True,0.0
b7600d17-1e0b-43ba-96cd-edb4c442fe93,guarded,204,normal_recovery_1,unloaded,baseline,low,False,False,False,True,0.0
b7600d17-1e0b-43ba-96cd-edb4c442fe93,guarded,205,normal_recovery_1,unloaded,baseline,low,False,False,False,True,0.0
b7600d17-1e0b-43ba-96cd-edb4c442fe93,guarded,206,normal_recovery_1,unloaded,baseline,low,False,False,False,True,0.0
b7600d17-1e0b-43ba-96cd-edb4c442fe93,guarded,207,normal_recovery_1,unloaded,baseline,low,False,False,False,True,0.0
b7600d17-1e0b-43ba-96cd-edb4c442fe93,guarded,208,attack_baseline,hiding,baseline,low,True,True,True,False,0.0
b7600d17-1e0b-43ba-96cd-edb4c442fe93,guarded,209,attack_baseline,hiding,baseline,low,True,True,True,False,0.0
b7600d17-1e0b-43ba-96cd-edb4c442fe93,guarded,210,attack_baseline,hiding,baseline,low,True,True,True,False,0.0
b7600d17-1e0b-43ba-96cd-edb4c442fe93,guarded,211,attack_baseline,hiding,baseline,low,True,True,True,False,0.0
b7600d17-1e0b-43ba-96cd-edb4c442fe93,guarded,212,attack_baseline,hiding,baseline,low,True,True,True,False,0.0
b7600d17-1e0b-43ba-96cd-edb4c442fe93,guarded,213,attack_baseline,hiding,baseline,low,True,True,True,False,0.0
b7600d17-1e0b-43ba-96cd-edb4c442fe93,guarded,214,attack_baseline,hiding,baseline,low,True,True,True,False,0.0
b7600d17-1e0b-43ba-96cd-edb4c442fe93,guarded,215,attack_baseline,hiding,baseline,low,True,True,True,False,0.0
b7600d17-1e0b-43ba-96cd-edb4c442fe93,guarded,216,attack_baseline,hiding,baseline,low,True,True,True,False,0.0
b7600d17-1e0b-43ba-96cd-edb4c442fe93,guarded,217,attack_baseline,hiding,baseline,low,True,True,True,False,0.0
b7600d17-1e0b-43ba-96cd-edb4c442fe93,guarded,218,attack_baseline,hiding,baseline,low,True,True,True,False,0.0
b7600d17-1e0b-43ba-96cd-edb4c442fe93,guarded,219,attack_baseline,hiding,baseline,low,True,True,True,False,0.0
b7600d17-1e0b-43ba-96cd-edb4c442fe93,guarded,220,attack_baseline,hiding,baseline,low,True,True,True,False,0.0
b7600d17-1e0b-43ba-96cd-edb4c442fe93,guarded,221,attack_baseline,hiding,baseline,low,True,True,True,False,0.0
b7600d17-1e0b-43ba-96cd-edb4c442fe93,guarded,222,attack_baseline,hiding,baseline,low,True,True,True,False,0.0
b7600d17-1e0b-43ba-96cd-edb4c442fe93,guarded,223,attack_baseline,hiding,baseline,low,True,True,True,False,0.0
b7600d17-1e0b-43ba-96cd-edb4c442fe93,guarded,224,attack_baseline,hiding,baseline,low,True,True,True,False,0.0
b7600d17-1e0b-43ba-96cd-edb4c442fe93,guarded,225,attack_baseline,hiding,baseline,low,True,True,True,False,0.0
b7600d17-1e0b-43ba-96cd-edb4c442fe93,guarded,226,attack_baseline,hiding,baseline,low,True,True,True,False,0.0
b7600d17-1e0b-43ba-96cd-edb4c442fe93,guarded,227,attack_baseline,hiding,baseline,low,True,True,True,False,0.0
b7600d17-1e0b-43ba-96cd-edb4c442fe93,guarded,228,attack_baseline,hiding,baseline,low,True,True,True,False,0.0
b7600d17-1e0b-43ba-96cd-edb4c442fe93,guarded,229,attack_baseline,hiding,baseline,low,True,True,True,False,0.0
b7600d17-1e0b-43ba-96cd-edb4c442fe93,guarded,230,attack_baseline,hiding,baseline,low,True,True,True,False,0.0
b7600d17-1e0b-43ba-96cd-edb4c442fe93,guarded,231,attack_baseline,hiding,baseline,low,True,True,True,False,0.0
b7600d17-1e0b-43ba-96cd-edb4c442fe93,guarded,232,attack_baseline,hiding,baseline,low,True,True,True,False,0.0
b7600d17-1e0b-43ba-96cd-edb4c442fe93,guarded,233,attack_baseline,hiding,baseline,low,True,True,True,False,0.0
b7600d17-1e0b-43ba-96cd-edb4c442fe93,guarded,234,attack_baseline,hiding,baseline,low,True,True,True,False,0.0
b7600d17-1e0b-43ba-96cd-edb4c442fe93,guarded,235,attack_baseline,hiding,baseline,low,True,True,True,False,0.0
b7600d17-1e0b-43ba-96cd-edb4c442fe93,guarded,236,attack_baseline,hiding,baseline,low,True,True,True,False,0.0
b7600d17-1e0b-43ba-96cd-edb4c442fe93,guarded,237,attack_baseline,hiding,baseline,low,True,True,True,False,0.0
b7600d17-1e0b-43ba-96cd-edb4c442fe93,guarded,238,attack_baseline,hiding,baseline,low,True,True,True,False,0.0
b7600d17-1e0b-43ba-96cd-edb4c442fe93,guarded,239,attack_baseline,hiding,baseline,low,True,True,True,False,0.0
b7600d17-1e0b-43ba-96cd-edb4c442fe93,guarded,240,attack_baseline,hiding,baseline,low,True,True,True,False,0.0
b7600d17-1e0b-43ba-96cd-edb4c442fe93,guarded,241,attack_baseline,hiding,baseline,low,True,True,True,False,0.0
b7600d17-1e0b-43ba-96cd-edb4c442fe93,guarded,242,attack_baseline,hiding,baseline,low,True,True,True,False,0.0
b7600d17-1e0b-43ba-96cd-edb4c442fe93,guarded,243,attack_baseline,hiding,baseline,low,True,True,True,False,0.0
b7600d17-1e0b-43ba-96cd-edb4c442fe93,guarded,244,attack_baseline,hiding,baseline,low,True,True,True,False,0.0
b7600d17-1e0b-43ba-96cd-edb4c442fe93,guarded,245,attack_baseline,hiding,baseline,low,True,True,True,False,0.0
b7600d17-1e0b-43ba-96cd-edb4c442fe93,guarded,246,attack_baseline,hiding,baseline,low,True,True,True,False,0.0
b7600d17-1e0b-43ba-96cd-edb4c442fe93,guarded,247,attack_baseline,hiding,baseline,low,True,True,True,False,0.0
b7600d17-1e0b-43ba-96cd-edb4c442fe93,guarded,248,attack_cpu,hiding,cpu,high,True,True,True,False,0.0
b7600d17-1e0b-43ba-96cd-edb4c442fe93,guarded,249,attack_cpu,hiding,cpu,high,True,True,True,False,0.0
b7600d17-1e0b-43ba-96cd-edb4c442fe93,guarded,250,attack_cpu,hiding,cpu,high,True,True,True,False,0.0
b7600d17-1e0b-43ba-96cd-edb4c442fe93,guarded,251,attack_cpu,hiding,cpu,high,True,True,True,False,0.0
b7600d17-1e0b-43ba-96cd-edb4c442fe93,guarded,252,attack_cpu,hiding,cpu,high,True,True,True,False,0.0
b7600d17-1e0b-43ba-96cd-edb4c442fe93,guarded,253,attack_cpu,hiding,cpu,high,True,True,True,False,0.0
b7600d17-1e0b-43ba-96cd-edb4c442fe93,guarded,254,attack_cpu,hiding,cpu,high,False,True,True,True,0.05
b7600d17-1e0b-43ba-96cd-edb4c442fe93,guarded,255,attack_cpu,hiding,cpu,high,True,True,True,False,0.05
b7600d17-1e0b-43ba-96cd-edb4c442fe93,guarded,256,attack_cpu,hiding,cpu,high,True,True,True,False,0.05
b7600d17-1e0b-43ba-96cd-edb4c442fe93,guarded,257,attack_cpu,hiding,cpu,high,True,True,True,False,0.05
b7600d17-1e0b-43ba-96cd-edb4c442fe93,guarded,258,attack_cpu,hiding,cpu,high,True,True,True,False,0.05
b7600d17-1e0b-43ba-96cd-edb4c442fe93,guarded,259,attack_cpu,hiding,cpu,high,True,True,True,False,0.05
b7600d17-1e0b-43ba-96cd-edb4c442fe93,guarded,260,attack_cpu,hiding,cpu,high,True,True,True,False,0.05
b7600d17-1e0b-43ba-96cd-edb4c442fe93,guarded,261,attack_cpu,hiding,cpu,high,True,True,True,False,0.05
b7600d17-1e0b-43ba-96cd-edb4c442fe93,guarded,262,attack_cpu,hiding,cpu,high,True,True,True,False,0.05
b7600d17-1e0b-43ba-96cd-edb4c442fe93,guarded,263,attack_cpu,hiding,cpu,high,True,True,True,False,0.05
b7600d17-1e0b-43ba-96cd-edb4c442fe93,guarded,264,attack_cpu,hiding,cpu,high,True,True,True,False,0.05
b7600d17-1e0b-43ba-96cd-edb4c442fe93,guarded,265,attack_cpu,hiding,cpu,high,True,True,True,False,0.05
b7600d17-1e0b-43ba-96cd-edb4c442fe93,guarded,266,attack_cpu,hiding,cpu,high,False,True,True,True,0.1
b7600d17-1e0b-43ba-96cd-edb4c442fe93,guarded,267,attack_cpu,hiding,cpu,high,True,True,True,False,0.1
b7600d17-1e0b-43ba-96cd-edb4c442fe93,guarded,268,attack_cpu,hiding,cpu,high,True,True,True,False,0.1
b7600d17-1e0b-43ba-96cd-edb4c442fe93,guarded,269,attack_cpu,hiding,cpu,high,True,True,True,False,0.1
b7600d17-1e0b-43ba-96cd-edb4c442fe93,guarded,270,attack_cpu,hiding,cpu,high,True,True,True,False,0.1
b7600d17-1e0b-43ba-96cd-edb4c442fe93,guarded,271,attack_cpu,hiding,cpu,high,True,True,True,False,0.1
b7600d17-1e0b-43ba-96cd-edb4c442fe93,guarded,272,attack_cpu,hiding,cpu,high,True,True,True,False,0.1
b7600d17-1e0b-43ba-96cd-edb4c442fe93,guarded,273,attack_cpu,hiding,cpu,high,True,True,True,False,0.1
b7600d17-1e0b-43ba-96cd-edb4c442fe93,guarded,274,attack_cpu,hiding,cpu,high,True,True,True,False,0.1
b7600d17-1e0b-43ba-96cd-edb4c442fe93,guarded,275,attack_cpu,hiding,cpu,high,False,True,True,True,0.15
b7600d17-1e0b-43ba-96cd-edb4c442fe93,guarded,276,attack_cpu,hiding,cpu,high,True,True,True,False,0.15
b7600d17-1e0b-43ba-96cd-edb4c442fe93,guarded,277,attack_cpu,hiding,cpu,high,False,True,True,True,0.2
b7600d17-1e0b-43ba-96cd-edb4c442fe93,guarded,278,attack_cpu,hiding,cpu,high,True,True,True,False,0.2
b7600d17-1e0b-43ba-96cd-edb4c442fe93,guarded,279,attack_cpu,hiding,cpu,high,True,True,True,False,0.2
b7600d17-1e0b-43ba-96cd-edb4c442fe93,guarded,280,attack_cpu,hiding,cpu,high,True,True,True,False,0.2
b7600d17-1e0b-43ba-96cd-edb4c442fe93,guarded,281,attack_cpu,hiding,cpu,high,True,True,True,False,0.2
b7600d17-1e0b-43ba-96cd-edb4c442fe93,guarded,282,attack_cpu,hiding,cpu,high,True,True,True,False,0.2
b7600d17-1e0b-43ba-96cd-edb4c442fe93,guarded,283,attack_cpu,hiding,cpu,high,True,True,True,False,0.2
b7600d17-1e0b-43ba-96cd-edb4c442fe93,guarded,284,attack_cpu,hiding,cpu,high,True,True,True,False,0.2
b7600d17-1e0b-43ba-96cd-edb4c442fe93,guarded,285,attack_cpu,hiding,cpu,high,True,True,True,False,0.2
b7600d17-1e0b-43ba-96cd-edb4c442fe93,guarded,286,attack_cpu,hiding,cpu,high,True,True,True,False,0.2
b7600d17-1e0b-43ba-96cd-edb4c442fe93,guarded,287,attack_cpu,hiding,cpu,high,True,True,True,False,0.2
b7600d17-1e0b-43ba-96cd-edb4c442fe93,guarded,288,attack_memory_unseen,hiding,memory,low,True,True,True,False,0.2
b7600d17-1e0b-43ba-96cd-edb4c442fe93,guarded,289,attack_memory_unseen,hiding,memory,low,True,True,True,False,0.2
b7600d17-1e0b-43ba-96cd-edb4c442fe93,guarded,290,attack_memory_unseen,hiding,memory,low,True,True,True,False,0.2
b7600d17-1e0b-43ba-96cd-edb4c442fe93,guarded,291,attack_memory_unseen,hiding,memory,low,True,True,True,False,0.2
b7600d17-1e0b-43ba-96cd-edb4c442fe93,guarded,292,attack_memory_unseen,hiding,memory,low,True,True,True,False,0.2
b7600d17-1e0b-43ba-96cd-edb4c442fe93,guarded,293,attack_memory_unseen,hiding,memory,low,True,True,True,False,0.2
b7600d17-1e0b-43ba-96cd-edb4c442fe93,guarded,294,attack_memory_unseen,hiding,memory,low,True,True,True,False,0.2
b7600d17-1e0b-43ba-96cd-edb4c442fe93,guarded,295,attack_memory_unseen,hiding,memory,low,True,True,True,False,0.2
b7600d17-1e0b-43ba-96cd-edb4c442fe93,guarded,296,attack_memory_unseen,hiding,memory,low,True,True,True,False,0.2
b7600d17-1e0b-43ba-96cd-edb4c442fe93,guarded,297,attack_memory_unseen,hiding,memory,low,True,True,True,False,0.2
b7600d17-1e0b-43ba-96cd-edb4c442fe93,guarded,298,attack_memory_unseen,hiding,memory,low,True,True,True,False,0.2
b7600d17-1e0b-43ba-96cd-edb4c442fe93,guarded,299,attack_memory_unseen,hiding,memory,low,True,True,True,False,0.2
b7600d17-1e0b-43ba-96cd-edb4c442fe93,guarded,300,attack_memory_unseen,hiding,memory,low,True,True,True,False,0.2
b7600d17-1e0b-43ba-96cd-edb4c442fe93,guarded,301,attack_memory_unseen,hiding,memory,low,True,True,True,False,0.2
b7600d17-1e0b-43ba-96cd-edb4c442fe93,guarded,302,attack_memory_unseen,hiding,memory,low,True,True,True,False,0.2
b7600d17-1e0b-43ba-96cd-edb4c442fe93,guarded,303,attack_memory_unseen,hiding,memory,low,True,True,True,False,0.2
b7600d17-1e0b-43ba-96cd-edb4c442fe93,guarded,304,attack_memory_unseen,hiding,memory,low,True,True,True,False,0.2
b7600d17-1e0b-43ba-96cd-edb4c442fe93,guarded,305,attack_memory_unseen,hiding,memory,low,True,True,True,False,0.2
b7600d17-1e0b-43ba-96cd-edb4c442fe93,guarded,306,attack_memory_unseen,hiding,memory,low,True,True,True,False,0.2
b7600d17-1e0b-43ba-96cd-edb4c442fe93,guarded,307,attack_memory_unseen,hiding,memory,low,True,True,True,False,0.2
b7600d17-1e0b-43ba-96cd-edb4c442fe93,guarded,308,attack_memory_unseen,hiding,memory,low,True,True,True,False,0.2
b7600d17-1e0b-43ba-96cd-edb4c442fe93,guarded,309,attack_memory_unseen,hiding,memory,low,True,True,True,False,0.2
b7600d17-1e0b-43ba-96cd-edb4c442fe93,guarded,310,attack_memory_unseen,hiding,memory,low,True,True,True,False,0.2
b7600d17-1e0b-43ba-96cd-edb4c442fe93,guarded,311,attack_memory_unseen,hiding,memory,low,True,True,True,False,0.2
b7600d17-1e0b-43ba-96cd-edb4c442fe93,guarded,312,attack_memory_unseen,hiding,memory,low,True,True,True,False,0.2
b7600d17-1e0b-43ba-96cd-edb4c442fe93,guarded,313,attack_memory_unseen,hiding,memory,low,True,True,True,False,0.2
b7600d17-1e0b-43ba-96cd-edb4c442fe93,guarded,314,attack_memory_unseen,hiding,memory,low,True,True,True,False,0.2
b7600d17-1e0b-43ba-96cd-edb4c442fe93,guarded,315,attack_memory_unseen,hiding,memory,low,True,True,True,False,0.2
b7600d17-1e0b-43ba-96cd-edb4c442fe93,guarded,316,attack_memory_unseen,hiding,memory,low,True,True,True,False,0.2
b7600d17-1e0b-43ba-96cd-edb4c442fe93,guarded,317,attack_memory_unseen,hiding,memory,low,True,True,True,False,0.2
b7600d17-1e0b-43ba-96cd-edb4c442fe93,guarded,318,attack_memory_unseen,hiding,memory,low,True,True,True,False,0.2
b7600d17-1e0b-43ba-96cd-edb4c442fe93,guarded,319,attack_memory_unseen,hiding,memory,low,True,True,True,False,0.2
b7600d17-1e0b-43ba-96cd-edb4c442fe93,guarded,320,attack_memory_unseen,hiding,memory,low,True,True,True,False,0.2
b7600d17-1e0b-43ba-96cd-edb4c442fe93,guarded,321,attack_memory_unseen,hiding,memory,low,True,True,True,False,0.2
b7600d17-1e0b-43ba-96cd-edb4c442fe93,guarded,322,attack_memory_unseen,hiding,memory,low,True,True,True,False,0.2
b7600d17-1e0b-43ba-96cd-edb4c442fe93,guarded,323,attack_memory_unseen,hiding,memory,low,True,True,True,False,0.2
b7600d17-1e0b-43ba-96cd-edb4c442fe93,guarded,324,attack_memory_unseen,hiding,memory,low,True,True,True,False,0.2
b7600d17-1e0b-43ba-96cd-edb4c442fe93,guarded,325,attack_memory_unseen,hiding,memory,low,True,True,True,False,0.2
b7600d17-1e0b-43ba-96cd-edb4c442fe93,guarded,326,attack_memory_unseen,hiding,memory,low,True,True,True,False,0.2
b7600d17-1e0b-43ba-96cd-edb4c442fe93,guarded,327,attack_memory_unseen,hiding,memory,low,True,True,True,False,0.2
b7600d17-1e0b-43ba-96cd-edb4c442fe93,guarded,328,attack_mixed_unseen,hiding,mixed,high,True,True,True,False,0.2
b7600d17-1e0b-43ba-96cd-edb4c442fe93,guarded,329,attack_mixed_unseen,hiding,mixed,high,True,True,True,False,0.2
b7600d17-1e0b-43ba-96cd-edb4c442fe93,guarded,330,attack_mixed_unseen,hiding,mixed,high,True,True,True,False,0.2
b7600d17-1e0b-43ba-96cd-edb4c442fe93,guarded,331,attack_mixed_unseen,hiding,mixed,high,True,True,True,False,0.2
b7600d17-1e0b-43ba-96cd-edb4c442fe93,guarded,332,attack_mixed_unseen,hiding,mixed,high,True,True,True,False,0.2
b7600d17-1e0b-43ba-96cd-edb4c442fe93,guarded,333,attack_mixed_unseen,hiding,mixed,high,True,True,True,False,0.2
b7600d17-1e0b-43ba-96cd-edb4c442fe93,guarded,334,attack_mixed_unseen,hiding,mixed,high,True,True,True,False,0.2
b7600d17-1e0b-43ba-96cd-edb4c442fe93,guarded,335,attack_mixed_unseen,hiding,mixed,high,True,True,True,False,0.2
b7600d17-1e0b-43ba-96cd-edb4c442fe93,guarded,336,attack_mixed_unseen,hiding,mixed,high,True,True,True,False,0.2
b7600d17-1e0b-43ba-96cd-edb4c442fe93,guarded,337,attack_mixed_unseen,hiding,mixed,high,True,True,True,False,0.2
b7600d17-1e0b-43ba-96cd-edb4c442fe93,guarded,338,attack_mixed_unseen,hiding,mixed,high,True,True,True,False,0.2
b7600d17-1e0b-43ba-96cd-edb4c442fe93,guarded,339,attack_mixed_unseen,hiding,mixed,high,True,True,True,False,0.2
b7600d17-1e0b-43ba-96cd-edb4c442fe93,guarded,340,attack_mixed_unseen,hiding,mixed,high,True,True,True,False,0.2
b7600d17-1e0b-43ba-96cd-edb4c442fe93,guarded,341,attack_mixed_unseen,hiding,mixed,high,True,True,True,False,0.2
b7600d17-1e0b-43ba-96cd-edb4c442fe93,guarded,342,attack_mixed_unseen,hiding,mixed,high,True,True,True,False,0.2
b7600d17-1e0b-43ba-96cd-edb4c442fe93,guarded,343,attack_mixed_unseen,hiding,mixed,high,True,True,True,False,0.2
b7600d17-1e0b-43ba-96cd-edb4c442fe93,guarded,344,attack_mixed_unseen,hiding,mixed,high,True,True,True,False,0.2
b7600d17-1e0b-43ba-96cd-edb4c442fe93,guarded,345,attack_mixed_unseen,hiding,mixed,high,False,True,True,True,0.25
b7600d17-1e0b-43ba-96cd-edb4c442fe93,guarded,346,attack_mixed_unseen,hiding,mixed,high,True,True,True,False,0.25
b7600d17-1e0b-43ba-96cd-edb4c442fe93,guarded,347,attack_mixed_unseen,hiding,mixed,high,True,True,True,False,0.25
b7600d17-1e0b-43ba-96cd-edb4c442fe93,guarded,348,attack_mixed_unseen,hiding,mixed,high,True,True,True,False,0.25
b7600d17-1e0b-43ba-96cd-edb4c442fe93,guarded,349,attack_mixed_unseen,hiding,mixed,high,True,True,True,False,0.25
b7600d17-1e0b-43ba-96cd-edb4c442fe93,guarded,350,attack_mixed_unseen,hiding,mixed,high,True,True,True,False,0.25
b7600d17-1e0b-43ba-96cd-edb4c442fe93,guarded,351,attack_mixed_unseen,hiding,mixed,high,True,True,True,False,0.25
b7600d17-1e0b-43ba-96cd-edb4c442fe93,guarded,352,attack_mixed_unseen,hiding,mixed,high,True,True,True,False,0.25
b7600d17-1e0b-43ba-96cd-edb4c442fe93,guarded,353,attack_mixed_unseen,hiding,mixed,high,True,True,True,False,0.25
b7600d17-1e0b-43ba-96cd-edb4c442fe93,guarded,354,attack_mixed_unseen,hiding,mixed,high,True,True,True,False,0.25
b7600d17-1e0b-43ba-96cd-edb4c442fe93,guarded,355,attack_mixed_unseen,hiding,mixed,high,True,True,True,False,0.25
b7600d17-1e0b-43ba-96cd-edb4c442fe93,guarded,356,attack_mixed_unseen,hiding,mixed,high,True,True,True,False,0.25
b7600d17-1e0b-43ba-96cd-edb4c442fe93,guarded,357,attack_mixed_unseen,hiding,mixed,high,True,True,True,False,0.25
b7600d17-1e0b-43ba-96cd-edb4c442fe93,guarded,358,attack_mixed_unseen,hiding,mixed,high,True,True,True,False,0.25
b7600d17-1e0b-43ba-96cd-edb4c442fe93,guarded,359,attack_mixed_unseen,hiding,mixed,high,True,True,True,False,0.25
b7600d17-1e0b-43ba-96cd-edb4c442fe93,guarded,360,attack_mixed_unseen,hiding,mixed,high,False,True,True,True,0.3
b7600d17-1e0b-43ba-96cd-edb4c442fe93,guarded,361,attack_mixed_unseen,hiding,mixed,high,True,True,True,False,0.3
b7600d17-1e0b-43ba-96cd-edb4c442fe93,guarded,362,attack_mixed_unseen,hiding,mixed,high,True,True,True,False,0.3
b7600d17-1e0b-43ba-96cd-edb4c442fe93,guarded,363,attack_mixed_unseen,hiding,mixed,high,True,True,True,False,0.3
b7600d17-1e0b-43ba-96cd-edb4c442fe93,guarded,364,attack_mixed_unseen,hiding,mixed,high,True,True,True,False,0.3
b7600d17-1e0b-43ba-96cd-edb4c442fe93,guarded,365,attack_mixed_unseen,hiding,mixed,high,True,True,True,False,0.3
b7600d17-1e0b-43ba-96cd-edb4c442fe93,guarded,366,attack_mixed_unseen,hiding,mixed,high,True,True,True,False,0.3
b7600d17-1e0b-43ba-96cd-edb4c442fe93,guarded,367,attack_mixed_unseen,hiding,mixed,high,True,True,True,False,0.3
b7600d17-1e0b-43ba-96cd-edb4c442fe93,guarded,368,normal_recovery_2,unloaded,baseline,low,False,False,False,True,0.3
b7600d17-1e0b-43ba-96cd-edb4c442fe93,guarded,369,normal_recovery_2,unloaded,baseline,low,False,True,True,True,0.3
b7600d17-1e0b-43ba-96cd-edb4c442fe93,guarded,370,normal_recovery_2,unloaded,baseline,low,False,False,False,True,0.3
b7600d17-1e0b-43ba-96cd-edb4c442fe93,guarded,371,normal_recovery_2,unloaded,baseline,low,False,False,False,True,0.3
b7600d17-1e0b-43ba-96cd-edb4c442fe93,guarded,372,normal_recovery_2,unloaded,baseline,low,False,False,False,True,0.3
b7600d17-1e0b-43ba-96cd-edb4c442fe93,guarded,373,normal_recovery_2,unloaded,baseline,low,False,False,False,True,0.3
b7600d17-1e0b-43ba-96cd-edb4c442fe93,guarded,374,normal_recovery_2,unloaded,baseline,low,False,False,False,True,0.3
b7600d17-1e0b-43ba-96cd-edb4c442fe93,guarded,375,normal_recovery_2,unloaded,baseline,low,False,False,False,True,0.3
b7600d17-1e0b-43ba-96cd-edb4c442fe93,guarded,376,normal_recovery_2,unloaded,baseline,low,False,False,False,True,0.3
b7600d17-1e0b-43ba-96cd-edb4c442fe93,guarded,377,normal_recovery_2,unloaded,baseline,low,False,False,False,True,0.3
b7600d17-1e0b-43ba-96cd-edb4c442fe93,guarded,378,normal_recovery_2,unloaded,baseline,low,False,False,False,True,0.3
b7600d17-1e0b-43ba-96cd-edb4c442fe93,guarded,379,normal_recovery_2,unloaded,baseline,low,False,False,False,True,0.3
b7600d17-1e0b-43ba-96cd-edb4c442fe93,guarded,380,normal_recovery_2,unloaded,baseline,low,False,False,False,True,0.3
b7600d17-1e0b-43ba-96cd-edb4c442fe93,guarded,381,normal_recovery_2,unloaded,baseline,low,False,False,False,True,0.3
b7600d17-1e0b-43ba-96cd-edb4c442fe93,guarded,382,normal_recovery_2,unloaded,baseline,low,False,False,False,True,0.25
b7600d17-1e0b-43ba-96cd-edb4c442fe93,guarded,383,normal_recovery_2,unloaded,baseline,low,False,False,False,True,0.2
b7600d17-1e0b-43ba-96cd-edb4c442fe93,guarded,384,normal_recovery_2,unloaded,baseline,low,False,False,False,True,0.15
b7600d17-1e0b-43ba-96cd-edb4c442fe93,guarded,385,normal_recovery_2,unloaded,baseline,low,False,False,False,True,0.1
b7600d17-1e0b-43ba-96cd-edb4c442fe93,guarded,386,normal_recovery_2,unloaded,baseline,low,False,False,False,True,0.05
b7600d17-1e0b-43ba-96cd-edb4c442fe93,guarded,387,normal_recovery_2,unloaded,baseline,low,False,False,False,True,0.0
b7600d17-1e0b-43ba-96cd-edb4c442fe93,guarded,388,sham_negative_baseline,sham,baseline,low,False,True,True,True,0.0
b7600d17-1e0b-43ba-96cd-edb4c442fe93,guarded,389,sham_negative_baseline,sham,baseline,low,False,True,True,True,0.0
b7600d17-1e0b-43ba-96cd-edb4c442fe93,guarded,390,sham_negative_baseline,sham,baseline,low,False,True,True,True,0.0
b7600d17-1e0b-43ba-96cd-edb4c442fe93,guarded,391,sham_negative_baseline,sham,baseline,low,False,True,True,True,0.0
b7600d17-1e0b-43ba-96cd-edb4c442fe93,guarded,392,sham_negative_baseline,sham,baseline,low,False,False,False,True,0.0
b7600d17-1e0b-43ba-96cd-edb4c442fe93,guarded,393,sham_negative_baseline,sham,baseline,low,False,True,True,True,0.0
b7600d17-1e0b-43ba-96cd-edb4c442fe93,guarded,394,sham_negative_baseline,sham,baseline,low,False,True,True,True,0.0
b7600d17-1e0b-43ba-96cd-edb4c442fe93,guarded,395,sham_negative_baseline,sham,baseline,low,False,False,False,True,0.0
b7600d17-1e0b-43ba-96cd-edb4c442fe93,guarded,396,sham_negative_baseline,sham,baseline,low,False,False,False,True,0.0
b7600d17-1e0b-43ba-96cd-edb4c442fe93,guarded,397,sham_negative_baseline,sham,baseline,low,False,False,False,True,0.0
b7600d17-1e0b-43ba-96cd-edb4c442fe93,guarded,398,sham_negative_cpu,sham,cpu,high,False,True,True,True,0.0
b7600d17-1e0b-43ba-96cd-edb4c442fe93,guarded,399,sham_negative_cpu,sham,cpu,high,False,True,True,True,0.0
b7600d17-1e0b-43ba-96cd-edb4c442fe93,guarded,400,sham_negative_cpu,sham,cpu,high,False,True,True,True,0.0
b7600d17-1e0b-43ba-96cd-edb4c442fe93,guarded,401,sham_negative_cpu,sham,cpu,high,False,True,True,True,0.0
b7600d17-1e0b-43ba-96cd-edb4c442fe93,guarded,402,sham_negative_cpu,sham,cpu,high,False,True,True,True,0.0
b7600d17-1e0b-43ba-96cd-edb4c442fe93,guarded,403,sham_negative_cpu,sham,cpu,high,False,True,True,True,0.0
b7600d17-1e0b-43ba-96cd-edb4c442fe93,guarded,404,sham_negative_cpu,sham,cpu,high,False,True,True,True,0.0
b7600d17-1e0b-43ba-96cd-edb4c442fe93,guarded,405,sham_negative_cpu,sham,cpu,high,False,True,True,True,0.0
b7600d17-1e0b-43ba-96cd-edb4c442fe93,guarded,406,sham_negative_cpu,sham,cpu,high,False,False,False,True,0.0
b7600d17-1e0b-43ba-96cd-edb4c442fe93,guarded,407,sham_negative_cpu,sham,cpu,high,False,True,True,True,0.0
d9aa7d65-0706-41a8-86e5-68d32ab33683,fixed,48,normal_pre,unloaded,baseline,low,False,False,False,False,0.0
d9aa7d65-0706-41a8-86e5-68d32ab33683,fixed,49,normal_pre,unloaded,baseline,low,False,False,False,False,0.0
d9aa7d65-0706-41a8-86e5-68d32ab33683,fixed,50,normal_pre,unloaded,baseline,low,False,True,True,False,0.0
d9aa7d65-0706-41a8-86e5-68d32ab33683,fixed,51,normal_pre,unloaded,baseline,low,False,False,False,False,0.0
d9aa7d65-0706-41a8-86e5-68d32ab33683,fixed,52,normal_pre,unloaded,baseline,low,False,True,True,False,0.0
d9aa7d65-0706-41a8-86e5-68d32ab33683,fixed,53,normal_pre,unloaded,baseline,low,False,False,False,False,0.0
d9aa7d65-0706-41a8-86e5-68d32ab33683,fixed,54,normal_pre,unloaded,baseline,low,False,False,False,False,0.0
d9aa7d65-0706-41a8-86e5-68d32ab33683,fixed,55,normal_pre,unloaded,baseline,low,False,False,False,False,0.0
d9aa7d65-0706-41a8-86e5-68d32ab33683,fixed,56,normal_pre,unloaded,baseline,low,False,False,False,False,0.0
d9aa7d65-0706-41a8-86e5-68d32ab33683,fixed,57,normal_pre,unloaded,baseline,low,False,False,False,False,0.0
d9aa7d65-0706-41a8-86e5-68d32ab33683,fixed,58,normal_pre,unloaded,baseline,low,False,False,False,False,0.0
d9aa7d65-0706-41a8-86e5-68d32ab33683,fixed,59,normal_pre,unloaded,baseline,low,False,False,False,False,0.0
d9aa7d65-0706-41a8-86e5-68d32ab33683,fixed,60,normal_pre,unloaded,baseline,low,False,False,False,False,0.0
d9aa7d65-0706-41a8-86e5-68d32ab33683,fixed,61,normal_pre,unloaded,baseline,low,False,True,True,False,0.0
d9aa7d65-0706-41a8-86e5-68d32ab33683,fixed,62,normal_pre,unloaded,baseline,low,False,False,False,False,0.0
d9aa7d65-0706-41a8-86e5-68d32ab33683,fixed,63,normal_pre,unloaded,baseline,low,False,False,False,False,0.0
d9aa7d65-0706-41a8-86e5-68d32ab33683,fixed,64,normal_pre,unloaded,baseline,low,False,False,False,False,0.0
d9aa7d65-0706-41a8-86e5-68d32ab33683,fixed,65,normal_pre,unloaded,baseline,low,False,False,False,False,0.0
d9aa7d65-0706-41a8-86e5-68d32ab33683,fixed,66,normal_pre,unloaded,baseline,low,False,False,False,False,0.0
d9aa7d65-0706-41a8-86e5-68d32ab33683,fixed,67,normal_pre,unloaded,baseline,low,False,False,False,False,0.0
d9aa7d65-0706-41a8-86e5-68d32ab33683,fixed,68,benign_cpu_unseen,unloaded,cpu,high,False,True,True,False,0.0
d9aa7d65-0706-41a8-86e5-68d32ab33683,fixed,69,benign_cpu_unseen,unloaded,cpu,high,False,True,True,False,0.0
d9aa7d65-0706-41a8-86e5-68d32ab33683,fixed,70,benign_cpu_unseen,unloaded,cpu,high,False,False,False,False,0.0
d9aa7d65-0706-41a8-86e5-68d32ab33683,fixed,71,benign_cpu_unseen,unloaded,cpu,high,False,True,True,False,0.0
d9aa7d65-0706-41a8-86e5-68d32ab33683,fixed,72,benign_cpu_unseen,unloaded,cpu,high,False,True,True,False,0.0
d9aa7d65-0706-41a8-86e5-68d32ab33683,fixed,73,benign_cpu_unseen,unloaded,cpu,high,False,True,True,False,0.0
d9aa7d65-0706-41a8-86e5-68d32ab33683,fixed,74,benign_cpu_unseen,unloaded,cpu,high,False,True,True,False,0.0
d9aa7d65-0706-41a8-86e5-68d32ab33683,fixed,75,benign_cpu_unseen,unloaded,cpu,high,False,True,True,False,0.0
d9aa7d65-0706-41a8-86e5-68d32ab33683,fixed,76,benign_cpu_unseen,unloaded,cpu,high,False,False,False,False,0.0
d9aa7d65-0706-41a8-86e5-68d32ab33683,fixed,77,benign_cpu_unseen,unloaded,cpu,high,False,True,True,False,0.0
d9aa7d65-0706-41a8-86e5-68d32ab33683,fixed,78,benign_cpu_unseen,unloaded,cpu,high,False,False,False,False,0.0
d9aa7d65-0706-41a8-86e5-68d32ab33683,fixed,79,benign_cpu_unseen,unloaded,cpu,high,False,True,True,False,0.0
d9aa7d65-0706-41a8-86e5-68d32ab33683,fixed,80,benign_cpu_unseen,unloaded,cpu,high,False,True,True,False,0.0
d9aa7d65-0706-41a8-86e5-68d32ab33683,fixed,81,benign_cpu_unseen,unloaded,cpu,high,False,True,True,False,0.0
d9aa7d65-0706-41a8-86e5-68d32ab33683,fixed,82,benign_cpu_unseen,unloaded,cpu,high,False,True,True,False,0.0
d9aa7d65-0706-41a8-86e5-68d32ab33683,fixed,83,benign_cpu_unseen,unloaded,cpu,high,False,False,False,False,0.0
d9aa7d65-0706-41a8-86e5-68d32ab33683,fixed,84,benign_cpu_unseen,unloaded,cpu,high,False,True,True,False,0.0
d9aa7d65-0706-41a8-86e5-68d32ab33683,fixed,85,benign_cpu_unseen,unloaded,cpu,high,False,True,True,False,0.0
d9aa7d65-0706-41a8-86e5-68d32ab33683,fixed,86,benign_cpu_unseen,unloaded,cpu,high,False,True,True,False,0.0
d9aa7d65-0706-41a8-86e5-68d32ab33683,fixed,87,benign_cpu_unseen,unloaded,cpu,high,False,True,True,False,0.0
d9aa7d65-0706-41a8-86e5-68d32ab33683,fixed,88,benign_cpu_unseen,unloaded,cpu,high,False,True,True,False,0.0
d9aa7d65-0706-41a8-86e5-68d32ab33683,fixed,89,benign_cpu_unseen,unloaded,cpu,high,False,False,False,False,0.0
d9aa7d65-0706-41a8-86e5-68d32ab33683,fixed,90,benign_cpu_unseen,unloaded,cpu,high,False,False,False,False,0.0
d9aa7d65-0706-41a8-86e5-68d32ab33683,fixed,91,benign_cpu_unseen,unloaded,cpu,high,False,True,True,False,0.0
d9aa7d65-0706-41a8-86e5-68d32ab33683,fixed,92,benign_cpu_unseen,unloaded,cpu,high,False,True,True,False,0.0
d9aa7d65-0706-41a8-86e5-68d32ab33683,fixed,93,benign_cpu_unseen,unloaded,cpu,high,False,True,True,False,0.0
d9aa7d65-0706-41a8-86e5-68d32ab33683,fixed,94,benign_cpu_unseen,unloaded,cpu,high,False,True,True,False,0.0
d9aa7d65-0706-41a8-86e5-68d32ab33683,fixed,95,benign_cpu_unseen,unloaded,cpu,high,False,False,False,False,0.0
d9aa7d65-0706-41a8-86e5-68d32ab33683,fixed,96,benign_cpu_unseen,unloaded,cpu,high,False,True,True,False,0.0
d9aa7d65-0706-41a8-86e5-68d32ab33683,fixed,97,benign_cpu_unseen,unloaded,cpu,high,False,False,False,False,0.0
d9aa7d65-0706-41a8-86e5-68d32ab33683,fixed,98,benign_cpu_unseen,unloaded,cpu,high,False,True,True,False,0.0
d9aa7d65-0706-41a8-86e5-68d32ab33683,fixed,99,benign_cpu_unseen,unloaded,cpu,high,False,True,True,False,0.0
d9aa7d65-0706-41a8-86e5-68d32ab33683,fixed,100,benign_cpu_unseen,unloaded,cpu,high,False,True,True,False,0.0
d9aa7d65-0706-41a8-86e5-68d32ab33683,fixed,101,benign_cpu_unseen,unloaded,cpu,high,False,True,True,False,0.0
d9aa7d65-0706-41a8-86e5-68d32ab33683,fixed,102,benign_cpu_unseen,unloaded,cpu,high,False,True,True,False,0.0
d9aa7d65-0706-41a8-86e5-68d32ab33683,fixed,103,benign_cpu_unseen,unloaded,cpu,high,False,True,True,False,0.0
d9aa7d65-0706-41a8-86e5-68d32ab33683,fixed,104,benign_cpu_unseen,unloaded,cpu,high,False,True,True,False,0.0
d9aa7d65-0706-41a8-86e5-68d32ab33683,fixed,105,benign_cpu_unseen,unloaded,cpu,high,False,True,True,False,0.0
d9aa7d65-0706-41a8-86e5-68d32ab33683,fixed,106,benign_cpu_unseen,unloaded,cpu,high,False,True,True,False,0.0
d9aa7d65-0706-41a8-86e5-68d32ab33683,fixed,107,benign_cpu_unseen,unloaded,cpu,high,False,True,True,False,0.0
d9aa7d65-0706-41a8-86e5-68d32ab33683,fixed,108,benign_memory_unseen,unloaded,memory,low,False,True,True,False,0.0
d9aa7d65-0706-41a8-86e5-68d32ab33683,fixed,109,benign_memory_unseen,unloaded,memory,low,False,True,True,False,0.0
d9aa7d65-0706-41a8-86e5-68d32ab33683,fixed,110,benign_memory_unseen,unloaded,memory,low,False,False,False,False,0.0
d9aa7d65-0706-41a8-86e5-68d32ab33683,fixed,111,benign_memory_unseen,unloaded,memory,low,False,False,False,False,0.0
d9aa7d65-0706-41a8-86e5-68d32ab33683,fixed,112,benign_memory_unseen,unloaded,memory,low,False,True,True,False,0.0
d9aa7d65-0706-41a8-86e5-68d32ab33683,fixed,113,benign_memory_unseen,unloaded,memory,low,False,True,True,False,0.0
d9aa7d65-0706-41a8-86e5-68d32ab33683,fixed,114,benign_memory_unseen,unloaded,memory,low,False,False,False,False,0.0
d9aa7d65-0706-41a8-86e5-68d32ab33683,fixed,115,benign_memory_unseen,unloaded,memory,low,False,False,False,False,0.0
d9aa7d65-0706-41a8-86e5-68d32ab33683,fixed,116,benign_memory_unseen,unloaded,memory,low,False,False,False,False,0.0
d9aa7d65-0706-41a8-86e5-68d32ab33683,fixed,117,benign_memory_unseen,unloaded,memory,low,False,True,True,False,0.0
d9aa7d65-0706-41a8-86e5-68d32ab33683,fixed,118,benign_memory_unseen,unloaded,memory,low,False,False,False,False,0.0
d9aa7d65-0706-41a8-86e5-68d32ab33683,fixed,119,benign_memory_unseen,unloaded,memory,low,False,True,True,False,0.0
d9aa7d65-0706-41a8-86e5-68d32ab33683,fixed,120,benign_memory_unseen,unloaded,memory,low,False,False,False,False,0.0
d9aa7d65-0706-41a8-86e5-68d32ab33683,fixed,121,benign_memory_unseen,unloaded,memory,low,False,False,False,False,0.0
d9aa7d65-0706-41a8-86e5-68d32ab33683,fixed,122,benign_memory_unseen,unloaded,memory,low,False,True,True,False,0.0
d9aa7d65-0706-41a8-86e5-68d32ab33683,fixed,123,benign_memory_unseen,unloaded,memory,low,False,True,True,False,0.0
d9aa7d65-0706-41a8-86e5-68d32ab33683,fixed,124,benign_memory_unseen,unloaded,memory,low,False,False,False,False,0.0
d9aa7d65-0706-41a8-86e5-68d32ab33683,fixed,125,benign_memory_unseen,unloaded,memory,low,False,True,True,False,0.0
d9aa7d65-0706-41a8-86e5-68d32ab33683,fixed,126,benign_memory_unseen,unloaded,memory,low,False,True,True,False,0.0
d9aa7d65-0706-41a8-86e5-68d32ab33683,fixed,127,benign_memory_unseen,unloaded,memory,low,False,False,False,False,0.0
d9aa7d65-0706-41a8-86e5-68d32ab33683,fixed,128,benign_memory_unseen,unloaded,memory,low,False,False,False,False,0.0
d9aa7d65-0706-41a8-86e5-68d32ab33683,fixed,129,benign_memory_unseen,unloaded,memory,low,False,True,True,False,0.0
d9aa7d65-0706-41a8-86e5-68d32ab33683,fixed,130,benign_memory_unseen,unloaded,memory,low,False,False,False,False,0.0
d9aa7d65-0706-41a8-86e5-68d32ab33683,fixed,131,benign_memory_unseen,unloaded,memory,low,False,False,False,False,0.0
d9aa7d65-0706-41a8-86e5-68d32ab33683,fixed,132,benign_memory_unseen,unloaded,memory,low,False,True,True,False,0.0
d9aa7d65-0706-41a8-86e5-68d32ab33683,fixed,133,benign_memory_unseen,unloaded,memory,low,False,False,False,False,0.0
d9aa7d65-0706-41a8-86e5-68d32ab33683,fixed,134,benign_memory_unseen,unloaded,memory,low,False,False,False,False,0.0
d9aa7d65-0706-41a8-86e5-68d32ab33683,fixed,135,benign_memory_unseen,unloaded,memory,low,False,False,False,False,0.0
d9aa7d65-0706-41a8-86e5-68d32ab33683,fixed,136,benign_memory_unseen,unloaded,memory,low,False,False,False,False,0.0
d9aa7d65-0706-41a8-86e5-68d32ab33683,fixed,137,benign_memory_unseen,unloaded,memory,low,False,True,True,False,0.0
d9aa7d65-0706-41a8-86e5-68d32ab33683,fixed,138,benign_memory_unseen,unloaded,memory,low,False,False,False,False,0.0
d9aa7d65-0706-41a8-86e5-68d32ab33683,fixed,139,benign_memory_unseen,unloaded,memory,low,False,True,True,False,0.0
d9aa7d65-0706-41a8-86e5-68d32ab33683,fixed,140,benign_memory_unseen,unloaded,memory,low,False,True,True,False,0.0
d9aa7d65-0706-41a8-86e5-68d32ab33683,fixed,141,benign_memory_unseen,unloaded,memory,low,False,False,False,False,0.0
d9aa7d65-0706-41a8-86e5-68d32ab33683,fixed,142,benign_memory_unseen,unloaded,memory,low,False,True,True,False,0.0
d9aa7d65-0706-41a8-86e5-68d32ab33683,fixed,143,benign_memory_unseen,unloaded,memory,low,False,False,False,False,0.0
d9aa7d65-0706-41a8-86e5-68d32ab33683,fixed,144,benign_memory_unseen,unloaded,memory,low,False,True,True,False,0.0
d9aa7d65-0706-41a8-86e5-68d32ab33683,fixed,145,benign_memory_unseen,unloaded,memory,low,False,True,True,False,0.0
d9aa7d65-0706-41a8-86e5-68d32ab33683,fixed,146,benign_memory_unseen,unloaded,memory,low,False,True,True,False,0.0
d9aa7d65-0706-41a8-86e5-68d32ab33683,fixed,147,benign_memory_unseen,unloaded,memory,low,False,False,False,False,0.0
d9aa7d65-0706-41a8-86e5-68d32ab33683,fixed,148,benign_mixed_unseen,unloaded,mixed,high,False,True,True,False,0.0
d9aa7d65-0706-41a8-86e5-68d32ab33683,fixed,149,benign_mixed_unseen,unloaded,mixed,high,False,True,True,False,0.0
d9aa7d65-0706-41a8-86e5-68d32ab33683,fixed,150,benign_mixed_unseen,unloaded,mixed,high,False,True,True,False,0.0
d9aa7d65-0706-41a8-86e5-68d32ab33683,fixed,151,benign_mixed_unseen,unloaded,mixed,high,False,True,True,False,0.0
d9aa7d65-0706-41a8-86e5-68d32ab33683,fixed,152,benign_mixed_unseen,unloaded,mixed,high,False,True,True,False,0.0
d9aa7d65-0706-41a8-86e5-68d32ab33683,fixed,153,benign_mixed_unseen,unloaded,mixed,high,False,True,True,False,0.0
d9aa7d65-0706-41a8-86e5-68d32ab33683,fixed,154,benign_mixed_unseen,unloaded,mixed,high,False,True,True,False,0.0
d9aa7d65-0706-41a8-86e5-68d32ab33683,fixed,155,benign_mixed_unseen,unloaded,mixed,high,False,True,True,False,0.0
d9aa7d65-0706-41a8-86e5-68d32ab33683,fixed,156,benign_mixed_unseen,unloaded,mixed,high,False,True,True,False,0.0
d9aa7d65-0706-41a8-86e5-68d32ab33683,fixed,157,benign_mixed_unseen,unloaded,mixed,high,False,True,True,False,0.0
d9aa7d65-0706-41a8-86e5-68d32ab33683,fixed,158,benign_mixed_unseen,unloaded,mixed,high,False,True,True,False,0.0
d9aa7d65-0706-41a8-86e5-68d32ab33683,fixed,159,benign_mixed_unseen,unloaded,mixed,high,False,True,True,False,0.0
d9aa7d65-0706-41a8-86e5-68d32ab33683,fixed,160,benign_mixed_unseen,unloaded,mixed,high,False,True,True,False,0.0
d9aa7d65-0706-41a8-86e5-68d32ab33683,fixed,161,benign_mixed_unseen,unloaded,mixed,high,False,True,True,False,0.0
d9aa7d65-0706-41a8-86e5-68d32ab33683,fixed,162,benign_mixed_unseen,unloaded,mixed,high,False,True,True,False,0.0
d9aa7d65-0706-41a8-86e5-68d32ab33683,fixed,163,benign_mixed_unseen,unloaded,mixed,high,False,True,True,False,0.0
d9aa7d65-0706-41a8-86e5-68d32ab33683,fixed,164,benign_mixed_unseen,unloaded,mixed,high,False,True,True,False,0.0
d9aa7d65-0706-41a8-86e5-68d32ab33683,fixed,165,benign_mixed_unseen,unloaded,mixed,high,False,True,True,False,0.0
d9aa7d65-0706-41a8-86e5-68d32ab33683,fixed,166,benign_mixed_unseen,unloaded,mixed,high,False,True,True,False,0.0
d9aa7d65-0706-41a8-86e5-68d32ab33683,fixed,167,benign_mixed_unseen,unloaded,mixed,high,False,True,True,False,0.0
d9aa7d65-0706-41a8-86e5-68d32ab33683,fixed,168,benign_mixed_unseen,unloaded,mixed,high,False,True,True,False,0.0
d9aa7d65-0706-41a8-86e5-68d32ab33683,fixed,169,benign_mixed_unseen,unloaded,mixed,high,False,True,True,False,0.0
d9aa7d65-0706-41a8-86e5-68d32ab33683,fixed,170,benign_mixed_unseen,unloaded,mixed,high,False,True,True,False,0.0
d9aa7d65-0706-41a8-86e5-68d32ab33683,fixed,171,benign_mixed_unseen,unloaded,mixed,high,False,True,True,False,0.0
d9aa7d65-0706-41a8-86e5-68d32ab33683,fixed,172,benign_mixed_unseen,unloaded,mixed,high,False,True,True,False,0.0
d9aa7d65-0706-41a8-86e5-68d32ab33683,fixed,173,benign_mixed_unseen,unloaded,mixed,high,False,True,True,False,0.0
d9aa7d65-0706-41a8-86e5-68d32ab33683,fixed,174,benign_mixed_unseen,unloaded,mixed,high,False,True,True,False,0.0
d9aa7d65-0706-41a8-86e5-68d32ab33683,fixed,175,benign_mixed_unseen,unloaded,mixed,high,False,True,True,False,0.0
d9aa7d65-0706-41a8-86e5-68d32ab33683,fixed,176,benign_mixed_unseen,unloaded,mixed,high,False,True,True,False,0.0
d9aa7d65-0706-41a8-86e5-68d32ab33683,fixed,177,benign_mixed_unseen,unloaded,mixed,high,False,True,True,False,0.0
d9aa7d65-0706-41a8-86e5-68d32ab33683,fixed,178,benign_mixed_unseen,unloaded,mixed,high,False,True,True,False,0.0
d9aa7d65-0706-41a8-86e5-68d32ab33683,fixed,179,benign_mixed_unseen,unloaded,mixed,high,False,True,True,False,0.0
d9aa7d65-0706-41a8-86e5-68d32ab33683,fixed,180,benign_mixed_unseen,unloaded,mixed,high,False,True,True,False,0.0
d9aa7d65-0706-41a8-86e5-68d32ab33683,fixed,181,benign_mixed_unseen,unloaded,mixed,high,False,True,True,False,0.0
d9aa7d65-0706-41a8-86e5-68d32ab33683,fixed,182,benign_mixed_unseen,unloaded,mixed,high,False,True,True,False,0.0
d9aa7d65-0706-41a8-86e5-68d32ab33683,fixed,183,benign_mixed_unseen,unloaded,mixed,high,False,True,True,False,0.0
d9aa7d65-0706-41a8-86e5-68d32ab33683,fixed,184,benign_mixed_unseen,unloaded,mixed,high,False,False,False,False,0.0
d9aa7d65-0706-41a8-86e5-68d32ab33683,fixed,185,benign_mixed_unseen,unloaded,mixed,high,False,True,True,False,0.0
d9aa7d65-0706-41a8-86e5-68d32ab33683,fixed,186,benign_mixed_unseen,unloaded,mixed,high,False,True,True,False,0.0
d9aa7d65-0706-41a8-86e5-68d32ab33683,fixed,187,benign_mixed_unseen,unloaded,mixed,high,False,True,True,False,0.0
d9aa7d65-0706-41a8-86e5-68d32ab33683,fixed,188,normal_recovery_1,unloaded,baseline,low,False,False,False,False,0.0
d9aa7d65-0706-41a8-86e5-68d32ab33683,fixed,189,normal_recovery_1,unloaded,baseline,low,False,False,False,False,0.0
d9aa7d65-0706-41a8-86e5-68d32ab33683,fixed,190,normal_recovery_1,unloaded,baseline,low,False,False,False,False,0.0
d9aa7d65-0706-41a8-86e5-68d32ab33683,fixed,191,normal_recovery_1,unloaded,baseline,low,False,True,True,False,0.0
d9aa7d65-0706-41a8-86e5-68d32ab33683,fixed,192,normal_recovery_1,unloaded,baseline,low,False,False,False,False,0.0
d9aa7d65-0706-41a8-86e5-68d32ab33683,fixed,193,normal_recovery_1,unloaded,baseline,low,False,False,False,False,0.0
d9aa7d65-0706-41a8-86e5-68d32ab33683,fixed,194,normal_recovery_1,unloaded,baseline,low,False,False,False,False,0.0
d9aa7d65-0706-41a8-86e5-68d32ab33683,fixed,195,normal_recovery_1,unloaded,baseline,low,False,False,False,False,0.0
d9aa7d65-0706-41a8-86e5-68d32ab33683,fixed,196,normal_recovery_1,unloaded,baseline,low,False,True,True,False,0.0
d9aa7d65-0706-41a8-86e5-68d32ab33683,fixed,197,normal_recovery_1,unloaded,baseline,low,False,True,True,False,0.0
d9aa7d65-0706-41a8-86e5-68d32ab33683,fixed,198,normal_recovery_1,unloaded,baseline,low,False,False,False,False,0.0
d9aa7d65-0706-41a8-86e5-68d32ab33683,fixed,199,normal_recovery_1,unloaded,baseline,low,False,False,False,False,0.0
d9aa7d65-0706-41a8-86e5-68d32ab33683,fixed,200,normal_recovery_1,unloaded,baseline,low,False,False,False,False,0.0
d9aa7d65-0706-41a8-86e5-68d32ab33683,fixed,201,normal_recovery_1,unloaded,baseline,low,False,False,False,False,0.0
d9aa7d65-0706-41a8-86e5-68d32ab33683,fixed,202,normal_recovery_1,unloaded,baseline,low,False,False,False,False,0.0
d9aa7d65-0706-41a8-86e5-68d32ab33683,fixed,203,normal_recovery_1,unloaded,baseline,low,False,False,False,False,0.0
d9aa7d65-0706-41a8-86e5-68d32ab33683,fixed,204,normal_recovery_1,unloaded,baseline,low,False,False,False,False,0.0
d9aa7d65-0706-41a8-86e5-68d32ab33683,fixed,205,normal_recovery_1,unloaded,baseline,low,False,False,False,False,0.0
d9aa7d65-0706-41a8-86e5-68d32ab33683,fixed,206,normal_recovery_1,unloaded,baseline,low,False,False,False,False,0.0
d9aa7d65-0706-41a8-86e5-68d32ab33683,fixed,207,normal_recovery_1,unloaded,baseline,low,False,False,False,False,0.0
d9aa7d65-0706-41a8-86e5-68d32ab33683,fixed,208,attack_baseline,hiding,baseline,low,True,True,True,False,0.0
d9aa7d65-0706-41a8-86e5-68d32ab33683,fixed,209,attack_baseline,hiding,baseline,low,True,True,True,False,0.0
d9aa7d65-0706-41a8-86e5-68d32ab33683,fixed,210,attack_baseline,hiding,baseline,low,True,True,True,False,0.0
d9aa7d65-0706-41a8-86e5-68d32ab33683,fixed,211,attack_baseline,hiding,baseline,low,True,True,True,False,0.0
d9aa7d65-0706-41a8-86e5-68d32ab33683,fixed,212,attack_baseline,hiding,baseline,low,True,True,True,False,0.0
d9aa7d65-0706-41a8-86e5-68d32ab33683,fixed,213,attack_baseline,hiding,baseline,low,True,True,True,False,0.0
d9aa7d65-0706-41a8-86e5-68d32ab33683,fixed,214,attack_baseline,hiding,baseline,low,True,True,True,False,0.0
d9aa7d65-0706-41a8-86e5-68d32ab33683,fixed,215,attack_baseline,hiding,baseline,low,True,True,True,False,0.0
d9aa7d65-0706-41a8-86e5-68d32ab33683,fixed,216,attack_baseline,hiding,baseline,low,True,True,True,False,0.0
d9aa7d65-0706-41a8-86e5-68d32ab33683,fixed,217,attack_baseline,hiding,baseline,low,True,True,True,False,0.0
d9aa7d65-0706-41a8-86e5-68d32ab33683,fixed,218,attack_baseline,hiding,baseline,low,True,True,True,False,0.0
d9aa7d65-0706-41a8-86e5-68d32ab33683,fixed,219,attack_baseline,hiding,baseline,low,True,True,True,False,0.0
d9aa7d65-0706-41a8-86e5-68d32ab33683,fixed,220,attack_baseline,hiding,baseline,low,True,True,True,False,0.0
d9aa7d65-0706-41a8-86e5-68d32ab33683,fixed,221,attack_baseline,hiding,baseline,low,True,True,True,False,0.0
d9aa7d65-0706-41a8-86e5-68d32ab33683,fixed,222,attack_baseline,hiding,baseline,low,True,True,True,False,0.0
d9aa7d65-0706-41a8-86e5-68d32ab33683,fixed,223,attack_baseline,hiding,baseline,low,True,True,True,False,0.0
d9aa7d65-0706-41a8-86e5-68d32ab33683,fixed,224,attack_baseline,hiding,baseline,low,True,True,True,False,0.0
d9aa7d65-0706-41a8-86e5-68d32ab33683,fixed,225,attack_baseline,hiding,baseline,low,True,True,True,False,0.0
d9aa7d65-0706-41a8-86e5-68d32ab33683,fixed,226,attack_baseline,hiding,baseline,low,True,True,True,False,0.0
d9aa7d65-0706-41a8-86e5-68d32ab33683,fixed,227,attack_baseline,hiding,baseline,low,True,True,True,False,0.0
d9aa7d65-0706-41a8-86e5-68d32ab33683,fixed,228,attack_baseline,hiding,baseline,low,True,True,True,False,0.0
d9aa7d65-0706-41a8-86e5-68d32ab33683,fixed,229,attack_baseline,hiding,baseline,low,True,True,True,False,0.0
d9aa7d65-0706-41a8-86e5-68d32ab33683,fixed,230,attack_baseline,hiding,baseline,low,True,True,True,False,0.0
d9aa7d65-0706-41a8-86e5-68d32ab33683,fixed,231,attack_baseline,hiding,baseline,low,True,True,True,False,0.0
d9aa7d65-0706-41a8-86e5-68d32ab33683,fixed,232,attack_baseline,hiding,baseline,low,True,True,True,False,0.0
d9aa7d65-0706-41a8-86e5-68d32ab33683,fixed,233,attack_baseline,hiding,baseline,low,True,True,True,False,0.0
d9aa7d65-0706-41a8-86e5-68d32ab33683,fixed,234,attack_baseline,hiding,baseline,low,True,True,True,False,0.0
d9aa7d65-0706-41a8-86e5-68d32ab33683,fixed,235,attack_baseline,hiding,baseline,low,True,True,True,False,0.0
d9aa7d65-0706-41a8-86e5-68d32ab33683,fixed,236,attack_baseline,hiding,baseline,low,True,True,True,False,0.0
d9aa7d65-0706-41a8-86e5-68d32ab33683,fixed,237,attack_baseline,hiding,baseline,low,True,True,True,False,0.0
d9aa7d65-0706-41a8-86e5-68d32ab33683,fixed,238,attack_baseline,hiding,baseline,low,True,True,True,False,0.0
d9aa7d65-0706-41a8-86e5-68d32ab33683,fixed,239,attack_baseline,hiding,baseline,low,True,True,True,False,0.0
d9aa7d65-0706-41a8-86e5-68d32ab33683,fixed,240,attack_baseline,hiding,baseline,low,True,True,True,False,0.0
d9aa7d65-0706-41a8-86e5-68d32ab33683,fixed,241,attack_baseline,hiding,baseline,low,True,True,True,False,0.0
d9aa7d65-0706-41a8-86e5-68d32ab33683,fixed,242,attack_baseline,hiding,baseline,low,True,True,True,False,0.0
d9aa7d65-0706-41a8-86e5-68d32ab33683,fixed,243,attack_baseline,hiding,baseline,low,True,True,True,False,0.0
d9aa7d65-0706-41a8-86e5-68d32ab33683,fixed,244,attack_baseline,hiding,baseline,low,True,True,True,False,0.0
d9aa7d65-0706-41a8-86e5-68d32ab33683,fixed,245,attack_baseline,hiding,baseline,low,True,True,True,False,0.0
d9aa7d65-0706-41a8-86e5-68d32ab33683,fixed,246,attack_baseline,hiding,baseline,low,True,True,True,False,0.0
d9aa7d65-0706-41a8-86e5-68d32ab33683,fixed,247,attack_baseline,hiding,baseline,low,True,True,True,False,0.0
d9aa7d65-0706-41a8-86e5-68d32ab33683,fixed,248,attack_cpu,hiding,cpu,high,True,True,True,False,0.0
d9aa7d65-0706-41a8-86e5-68d32ab33683,fixed,249,attack_cpu,hiding,cpu,high,True,True,True,False,0.0
d9aa7d65-0706-41a8-86e5-68d32ab33683,fixed,250,attack_cpu,hiding,cpu,high,True,True,True,False,0.0
d9aa7d65-0706-41a8-86e5-68d32ab33683,fixed,251,attack_cpu,hiding,cpu,high,True,True,True,False,0.0
d9aa7d65-0706-41a8-86e5-68d32ab33683,fixed,252,attack_cpu,hiding,cpu,high,True,True,True,False,0.0
d9aa7d65-0706-41a8-86e5-68d32ab33683,fixed,253,attack_cpu,hiding,cpu,high,True,True,True,False,0.0
d9aa7d65-0706-41a8-86e5-68d32ab33683,fixed,254,attack_cpu,hiding,cpu,high,True,True,True,False,0.0
d9aa7d65-0706-41a8-86e5-68d32ab33683,fixed,255,attack_cpu,hiding,cpu,high,True,True,True,False,0.0
d9aa7d65-0706-41a8-86e5-68d32ab33683,fixed,256,attack_cpu,hiding,cpu,high,True,True,True,False,0.0
d9aa7d65-0706-41a8-86e5-68d32ab33683,fixed,257,attack_cpu,hiding,cpu,high,True,True,True,False,0.0
d9aa7d65-0706-41a8-86e5-68d32ab33683,fixed,258,attack_cpu,hiding,cpu,high,True,True,True,False,0.0
d9aa7d65-0706-41a8-86e5-68d32ab33683,fixed,259,attack_cpu,hiding,cpu,high,True,True,True,False,0.0
d9aa7d65-0706-41a8-86e5-68d32ab33683,fixed,260,attack_cpu,hiding,cpu,high,True,True,True,False,0.0
d9aa7d65-0706-41a8-86e5-68d32ab33683,fixed,261,attack_cpu,hiding,cpu,high,True,True,True,False,0.0
d9aa7d65-0706-41a8-86e5-68d32ab33683,fixed,262,attack_cpu,hiding,cpu,high,True,True,True,False,0.0
d9aa7d65-0706-41a8-86e5-68d32ab33683,fixed,263,attack_cpu,hiding,cpu,high,True,True,True,False,0.0
d9aa7d65-0706-41a8-86e5-68d32ab33683,fixed,264,attack_cpu,hiding,cpu,high,True,True,True,False,0.0
d9aa7d65-0706-41a8-86e5-68d32ab33683,fixed,265,attack_cpu,hiding,cpu,high,True,True,True,False,0.0
d9aa7d65-0706-41a8-86e5-68d32ab33683,fixed,266,attack_cpu,hiding,cpu,high,True,True,True,False,0.0
d9aa7d65-0706-41a8-86e5-68d32ab33683,fixed,267,attack_cpu,hiding,cpu,high,True,True,True,False,0.0
d9aa7d65-0706-41a8-86e5-68d32ab33683,fixed,268,attack_cpu,hiding,cpu,high,True,True,True,False,0.0
d9aa7d65-0706-41a8-86e5-68d32ab33683,fixed,269,attack_cpu,hiding,cpu,high,True,True,True,False,0.0
d9aa7d65-0706-41a8-86e5-68d32ab33683,fixed,270,attack_cpu,hiding,cpu,high,True,True,True,False,0.0
d9aa7d65-0706-41a8-86e5-68d32ab33683,fixed,271,attack_cpu,hiding,cpu,high,True,True,True,False,0.0
d9aa7d65-0706-41a8-86e5-68d32ab33683,fixed,272,attack_cpu,hiding,cpu,high,True,True,True,False,0.0
d9aa7d65-0706-41a8-86e5-68d32ab33683,fixed,273,attack_cpu,hiding,cpu,high,True,True,True,False,0.0
d9aa7d65-0706-41a8-86e5-68d32ab33683,fixed,274,attack_cpu,hiding,cpu,high,True,True,True,False,0.0
d9aa7d65-0706-41a8-86e5-68d32ab33683,fixed,275,attack_cpu,hiding,cpu,high,True,True,True,False,0.0
d9aa7d65-0706-41a8-86e5-68d32ab33683,fixed,276,attack_cpu,hiding,cpu,high,True,True,True,False,0.0
d9aa7d65-0706-41a8-86e5-68d32ab33683,fixed,277,attack_cpu,hiding,cpu,high,True,True,True,False,0.0
d9aa7d65-0706-41a8-86e5-68d32ab33683,fixed,278,attack_cpu,hiding,cpu,high,True,True,True,False,0.0
d9aa7d65-0706-41a8-86e5-68d32ab33683,fixed,279,attack_cpu,hiding,cpu,high,True,True,True,False,0.0
d9aa7d65-0706-41a8-86e5-68d32ab33683,fixed,280,attack_cpu,hiding,cpu,high,True,True,True,False,0.0
d9aa7d65-0706-41a8-86e5-68d32ab33683,fixed,281,attack_cpu,hiding,cpu,high,True,True,True,False,0.0
d9aa7d65-0706-41a8-86e5-68d32ab33683,fixed,282,attack_cpu,hiding,cpu,high,True,True,True,False,0.0
d9aa7d65-0706-41a8-86e5-68d32ab33683,fixed,283,attack_cpu,hiding,cpu,high,True,True,True,False,0.0
d9aa7d65-0706-41a8-86e5-68d32ab33683,fixed,284,attack_cpu,hiding,cpu,high,True,True,True,False,0.0
d9aa7d65-0706-41a8-86e5-68d32ab33683,fixed,285,attack_cpu,hiding,cpu,high,True,True,True,False,0.0
d9aa7d65-0706-41a8-86e5-68d32ab33683,fixed,286,attack_cpu,hiding,cpu,high,True,True,True,False,0.0
d9aa7d65-0706-41a8-86e5-68d32ab33683,fixed,287,attack_cpu,hiding,cpu,high,True,True,True,False,0.0
d9aa7d65-0706-41a8-86e5-68d32ab33683,fixed,288,attack_memory_unseen,hiding,memory,low,True,True,True,False,0.0
d9aa7d65-0706-41a8-86e5-68d32ab33683,fixed,289,attack_memory_unseen,hiding,memory,low,True,True,True,False,0.0
d9aa7d65-0706-41a8-86e5-68d32ab33683,fixed,290,attack_memory_unseen,hiding,memory,low,True,True,True,False,0.0
d9aa7d65-0706-41a8-86e5-68d32ab33683,fixed,291,attack_memory_unseen,hiding,memory,low,True,True,True,False,0.0
d9aa7d65-0706-41a8-86e5-68d32ab33683,fixed,292,attack_memory_unseen,hiding,memory,low,True,True,True,False,0.0
d9aa7d65-0706-41a8-86e5-68d32ab33683,fixed,293,attack_memory_unseen,hiding,memory,low,True,True,True,False,0.0
d9aa7d65-0706-41a8-86e5-68d32ab33683,fixed,294,attack_memory_unseen,hiding,memory,low,True,True,True,False,0.0
d9aa7d65-0706-41a8-86e5-68d32ab33683,fixed,295,attack_memory_unseen,hiding,memory,low,True,True,True,False,0.0
d9aa7d65-0706-41a8-86e5-68d32ab33683,fixed,296,attack_memory_unseen,hiding,memory,low,True,True,True,False,0.0
d9aa7d65-0706-41a8-86e5-68d32ab33683,fixed,297,attack_memory_unseen,hiding,memory,low,True,True,True,False,0.0
d9aa7d65-0706-41a8-86e5-68d32ab33683,fixed,298,attack_memory_unseen,hiding,memory,low,True,True,True,False,0.0
d9aa7d65-0706-41a8-86e5-68d32ab33683,fixed,299,attack_memory_unseen,hiding,memory,low,True,True,True,False,0.0
d9aa7d65-0706-41a8-86e5-68d32ab33683,fixed,300,attack_memory_unseen,hiding,memory,low,True,True,True,False,0.0
d9aa7d65-0706-41a8-86e5-68d32ab33683,fixed,301,attack_memory_unseen,hiding,memory,low,True,True,True,False,0.0
d9aa7d65-0706-41a8-86e5-68d32ab33683,fixed,302,attack_memory_unseen,hiding,memory,low,True,True,True,False,0.0
d9aa7d65-0706-41a8-86e5-68d32ab33683,fixed,303,attack_memory_unseen,hiding,memory,low,True,True,True,False,0.0
d9aa7d65-0706-41a8-86e5-68d32ab33683,fixed,304,attack_memory_unseen,hiding,memory,low,True,True,True,False,0.0
d9aa7d65-0706-41a8-86e5-68d32ab33683,fixed,305,attack_memory_unseen,hiding,memory,low,True,True,True,False,0.0
d9aa7d65-0706-41a8-86e5-68d32ab33683,fixed,306,attack_memory_unseen,hiding,memory,low,True,True,True,False,0.0
d9aa7d65-0706-41a8-86e5-68d32ab33683,fixed,307,attack_memory_unseen,hiding,memory,low,True,True,True,False,0.0
d9aa7d65-0706-41a8-86e5-68d32ab33683,fixed,308,attack_memory_unseen,hiding,memory,low,True,True,True,False,0.0
d9aa7d65-0706-41a8-86e5-68d32ab33683,fixed,309,attack_memory_unseen,hiding,memory,low,True,True,True,False,0.0
d9aa7d65-0706-41a8-86e5-68d32ab33683,fixed,310,attack_memory_unseen,hiding,memory,low,True,True,True,False,0.0
d9aa7d65-0706-41a8-86e5-68d32ab33683,fixed,311,attack_memory_unseen,hiding,memory,low,True,True,True,False,0.0
d9aa7d65-0706-41a8-86e5-68d32ab33683,fixed,312,attack_memory_unseen,hiding,memory,low,True,True,True,False,0.0
d9aa7d65-0706-41a8-86e5-68d32ab33683,fixed,313,attack_memory_unseen,hiding,memory,low,True,True,True,False,0.0
d9aa7d65-0706-41a8-86e5-68d32ab33683,fixed,314,attack_memory_unseen,hiding,memory,low,True,True,True,False,0.0
d9aa7d65-0706-41a8-86e5-68d32ab33683,fixed,315,attack_memory_unseen,hiding,memory,low,True,True,True,False,0.0
d9aa7d65-0706-41a8-86e5-68d32ab33683,fixed,316,attack_memory_unseen,hiding,memory,low,True,True,True,False,0.0
d9aa7d65-0706-41a8-86e5-68d32ab33683,fixed,317,attack_memory_unseen,hiding,memory,low,True,True,True,False,0.0
d9aa7d65-0706-41a8-86e5-68d32ab33683,fixed,318,attack_memory_unseen,hiding,memory,low,True,True,True,False,0.0
d9aa7d65-0706-41a8-86e5-68d32ab33683,fixed,319,attack_memory_unseen,hiding,memory,low,True,True,True,False,0.0
d9aa7d65-0706-41a8-86e5-68d32ab33683,fixed,320,attack_memory_unseen,hiding,memory,low,True,True,True,False,0.0
d9aa7d65-0706-41a8-86e5-68d32ab33683,fixed,321,attack_memory_unseen,hiding,memory,low,True,True,True,False,0.0
d9aa7d65-0706-41a8-86e5-68d32ab33683,fixed,322,attack_memory_unseen,hiding,memory,low,True,True,True,False,0.0
d9aa7d65-0706-41a8-86e5-68d32ab33683,fixed,323,attack_memory_unseen,hiding,memory,low,True,True,True,False,0.0
d9aa7d65-0706-41a8-86e5-68d32ab33683,fixed,324,attack_memory_unseen,hiding,memory,low,True,True,True,False,0.0
d9aa7d65-0706-41a8-86e5-68d32ab33683,fixed,325,attack_memory_unseen,hiding,memory,low,True,True,True,False,0.0
d9aa7d65-0706-41a8-86e5-68d32ab33683,fixed,326,attack_memory_unseen,hiding,memory,low,True,True,True,False,0.0
d9aa7d65-0706-41a8-86e5-68d32ab33683,fixed,327,attack_memory_unseen,hiding,memory,low,True,True,True,False,0.0
d9aa7d65-0706-41a8-86e5-68d32ab33683,fixed,328,attack_mixed_unseen,hiding,mixed,high,True,True,True,False,0.0
d9aa7d65-0706-41a8-86e5-68d32ab33683,fixed,329,attack_mixed_unseen,hiding,mixed,high,True,True,True,False,0.0
d9aa7d65-0706-41a8-86e5-68d32ab33683,fixed,330,attack_mixed_unseen,hiding,mixed,high,True,True,True,False,0.0
d9aa7d65-0706-41a8-86e5-68d32ab33683,fixed,331,attack_mixed_unseen,hiding,mixed,high,True,True,True,False,0.0
d9aa7d65-0706-41a8-86e5-68d32ab33683,fixed,332,attack_mixed_unseen,hiding,mixed,high,True,True,True,False,0.0
d9aa7d65-0706-41a8-86e5-68d32ab33683,fixed,333,attack_mixed_unseen,hiding,mixed,high,True,True,True,False,0.0
d9aa7d65-0706-41a8-86e5-68d32ab33683,fixed,334,attack_mixed_unseen,hiding,mixed,high,True,True,True,False,0.0
d9aa7d65-0706-41a8-86e5-68d32ab33683,fixed,335,attack_mixed_unseen,hiding,mixed,high,True,True,True,False,0.0
d9aa7d65-0706-41a8-86e5-68d32ab33683,fixed,336,attack_mixed_unseen,hiding,mixed,high,True,True,True,False,0.0
d9aa7d65-0706-41a8-86e5-68d32ab33683,fixed,337,attack_mixed_unseen,hiding,mixed,high,True,True,True,False,0.0
d9aa7d65-0706-41a8-86e5-68d32ab33683,fixed,338,attack_mixed_unseen,hiding,mixed,high,True,True,True,False,0.0
d9aa7d65-0706-41a8-86e5-68d32ab33683,fixed,339,attack_mixed_unseen,hiding,mixed,high,True,True,True,False,0.0
d9aa7d65-0706-41a8-86e5-68d32ab33683,fixed,340,attack_mixed_unseen,hiding,mixed,high,True,True,True,False,0.0
d9aa7d65-0706-41a8-86e5-68d32ab33683,fixed,341,attack_mixed_unseen,hiding,mixed,high,True,True,True,False,0.0
d9aa7d65-0706-41a8-86e5-68d32ab33683,fixed,342,attack_mixed_unseen,hiding,mixed,high,True,True,True,False,0.0
d9aa7d65-0706-41a8-86e5-68d32ab33683,fixed,343,attack_mixed_unseen,hiding,mixed,high,True,True,True,False,0.0
d9aa7d65-0706-41a8-86e5-68d32ab33683,fixed,344,attack_mixed_unseen,hiding,mixed,high,True,True,True,False,0.0
d9aa7d65-0706-41a8-86e5-68d32ab33683,fixed,345,attack_mixed_unseen,hiding,mixed,high,True,True,True,False,0.0
d9aa7d65-0706-41a8-86e5-68d32ab33683,fixed,346,attack_mixed_unseen,hiding,mixed,high,True,True,True,False,0.0
d9aa7d65-0706-41a8-86e5-68d32ab33683,fixed,347,attack_mixed_unseen,hiding,mixed,high,True,True,True,False,0.0
d9aa7d65-0706-41a8-86e5-68d32ab33683,fixed,348,attack_mixed_unseen,hiding,mixed,high,True,True,True,False,0.0
d9aa7d65-0706-41a8-86e5-68d32ab33683,fixed,349,attack_mixed_unseen,hiding,mixed,high,True,True,True,False,0.0
d9aa7d65-0706-41a8-86e5-68d32ab33683,fixed,350,attack_mixed_unseen,hiding,mixed,high,True,True,True,False,0.0
d9aa7d65-0706-41a8-86e5-68d32ab33683,fixed,351,attack_mixed_unseen,hiding,mixed,high,True,True,True,False,0.0
d9aa7d65-0706-41a8-86e5-68d32ab33683,fixed,352,attack_mixed_unseen,hiding,mixed,high,True,True,True,False,0.0
d9aa7d65-0706-41a8-86e5-68d32ab33683,fixed,353,attack_mixed_unseen,hiding,mixed,high,True,True,True,False,0.0
d9aa7d65-0706-41a8-86e5-68d32ab33683,fixed,354,attack_mixed_unseen,hiding,mixed,high,True,True,True,False,0.0
d9aa7d65-0706-41a8-86e5-68d32ab33683,fixed,355,attack_mixed_unseen,hiding,mixed,high,True,True,True,False,0.0
d9aa7d65-0706-41a8-86e5-68d32ab33683,fixed,356,attack_mixed_unseen,hiding,mixed,high,True,True,True,False,0.0
d9aa7d65-0706-41a8-86e5-68d32ab33683,fixed,357,attack_mixed_unseen,hiding,mixed,high,True,True,True,False,0.0
d9aa7d65-0706-41a8-86e5-68d32ab33683,fixed,358,attack_mixed_unseen,hiding,mixed,high,True,True,True,False,0.0
d9aa7d65-0706-41a8-86e5-68d32ab33683,fixed,359,attack_mixed_unseen,hiding,mixed,high,True,True,True,False,0.0
d9aa7d65-0706-41a8-86e5-68d32ab33683,fixed,360,attack_mixed_unseen,hiding,mixed,high,True,True,True,False,0.0
d9aa7d65-0706-41a8-86e5-68d32ab33683,fixed,361,attack_mixed_unseen,hiding,mixed,high,True,True,True,False,0.0
d9aa7d65-0706-41a8-86e5-68d32ab33683,fixed,362,attack_mixed_unseen,hiding,mixed,high,True,True,True,False,0.0
d9aa7d65-0706-41a8-86e5-68d32ab33683,fixed,363,attack_mixed_unseen,hiding,mixed,high,True,True,True,False,0.0
d9aa7d65-0706-41a8-86e5-68d32ab33683,fixed,364,attack_mixed_unseen,hiding,mixed,high,True,True,True,False,0.0
d9aa7d65-0706-41a8-86e5-68d32ab33683,fixed,365,attack_mixed_unseen,hiding,mixed,high,True,True,True,False,0.0
d9aa7d65-0706-41a8-86e5-68d32ab33683,fixed,366,attack_mixed_unseen,hiding,mixed,high,True,True,True,False,0.0
d9aa7d65-0706-41a8-86e5-68d32ab33683,fixed,367,attack_mixed_unseen,hiding,mixed,high,True,True,True,False,0.0
d9aa7d65-0706-41a8-86e5-68d32ab33683,fixed,368,normal_recovery_2,unloaded,baseline,low,False,False,False,False,0.0
d9aa7d65-0706-41a8-86e5-68d32ab33683,fixed,369,normal_recovery_2,unloaded,baseline,low,False,False,False,False,0.0
d9aa7d65-0706-41a8-86e5-68d32ab33683,fixed,370,normal_recovery_2,unloaded,baseline,low,False,False,False,False,0.0
d9aa7d65-0706-41a8-86e5-68d32ab33683,fixed,371,normal_recovery_2,unloaded,baseline,low,False,False,False,False,0.0
d9aa7d65-0706-41a8-86e5-68d32ab33683,fixed,372,normal_recovery_2,unloaded,baseline,low,False,False,False,False,0.0
d9aa7d65-0706-41a8-86e5-68d32ab33683,fixed,373,normal_recovery_2,unloaded,baseline,low,False,False,False,False,0.0
d9aa7d65-0706-41a8-86e5-68d32ab33683,fixed,374,normal_recovery_2,unloaded,baseline,low,False,False,False,False,0.0
d9aa7d65-0706-41a8-86e5-68d32ab33683,fixed,375,normal_recovery_2,unloaded,baseline,low,False,False,False,False,0.0
d9aa7d65-0706-41a8-86e5-68d32ab33683,fixed,376,normal_recovery_2,unloaded,baseline,low,False,False,False,False,0.0
d9aa7d65-0706-41a8-86e5-68d32ab33683,fixed,377,normal_recovery_2,unloaded,baseline,low,False,False,False,False,0.0
d9aa7d65-0706-41a8-86e5-68d32ab33683,fixed,378,normal_recovery_2,unloaded,baseline,low,False,False,False,False,0.0
d9aa7d65-0706-41a8-86e5-68d32ab33683,fixed,379,normal_recovery_2,unloaded,baseline,low,False,False,False,False,0.0
d9aa7d65-0706-41a8-86e5-68d32ab33683,fixed,380,normal_recovery_2,unloaded,baseline,low,False,False,False,False,0.0
d9aa7d65-0706-41a8-86e5-68d32ab33683,fixed,381,normal_recovery_2,unloaded,baseline,low,False,False,False,False,0.0
d9aa7d65-0706-41a8-86e5-68d32ab33683,fixed,382,normal_recovery_2,unloaded,baseline,low,False,False,False,False,0.0
d9aa7d65-0706-41a8-86e5-68d32ab33683,fixed,383,normal_recovery_2,unloaded,baseline,low,False,False,False,False,0.0
d9aa7d65-0706-41a8-86e5-68d32ab33683,fixed,384,normal_recovery_2,unloaded,baseline,low,False,False,False,False,0.0
d9aa7d65-0706-41a8-86e5-68d32ab33683,fixed,385,normal_recovery_2,unloaded,baseline,low,False,False,False,False,0.0
d9aa7d65-0706-41a8-86e5-68d32ab33683,fixed,386,normal_recovery_2,unloaded,baseline,low,False,False,False,False,0.0
d9aa7d65-0706-41a8-86e5-68d32ab33683,fixed,387,normal_recovery_2,unloaded,baseline,low,False,False,False,False,0.0
d9aa7d65-0706-41a8-86e5-68d32ab33683,fixed,388,sham_negative_baseline,sham,baseline,low,False,False,False,False,0.0
d9aa7d65-0706-41a8-86e5-68d32ab33683,fixed,389,sham_negative_baseline,sham,baseline,low,False,False,False,False,0.0
d9aa7d65-0706-41a8-86e5-68d32ab33683,fixed,390,sham_negative_baseline,sham,baseline,low,False,False,False,False,0.0
d9aa7d65-0706-41a8-86e5-68d32ab33683,fixed,391,sham_negative_baseline,sham,baseline,low,True,False,False,False,0.0
d9aa7d65-0706-41a8-86e5-68d32ab33683,fixed,392,sham_negative_baseline,sham,baseline,low,False,False,False,False,0.0
d9aa7d65-0706-41a8-86e5-68d32ab33683,fixed,393,sham_negative_baseline,sham,baseline,low,False,False,False,False,0.0
d9aa7d65-0706-41a8-86e5-68d32ab33683,fixed,394,sham_negative_baseline,sham,baseline,low,False,False,False,False,0.0
d9aa7d65-0706-41a8-86e5-68d32ab33683,fixed,395,sham_negative_baseline,sham,baseline,low,False,True,True,False,0.0
d9aa7d65-0706-41a8-86e5-68d32ab33683,fixed,396,sham_negative_baseline,sham,baseline,low,False,False,False,False,0.0
d9aa7d65-0706-41a8-86e5-68d32ab33683,fixed,397,sham_negative_baseline,sham,baseline,low,False,False,False,False,0.0
d9aa7d65-0706-41a8-86e5-68d32ab33683,fixed,398,sham_negative_cpu,sham,cpu,high,True,True,True,False,0.0
d9aa7d65-0706-41a8-86e5-68d32ab33683,fixed,399,sham_negative_cpu,sham,cpu,high,True,True,True,False,0.0
d9aa7d65-0706-41a8-86e5-68d32ab33683,fixed,400,sham_negative_cpu,sham,cpu,high,False,True,True,False,0.0
d9aa7d65-0706-41a8-86e5-68d32ab33683,fixed,401,sham_negative_cpu,sham,cpu,high,False,True,True,False,0.0
d9aa7d65-0706-41a8-86e5-68d32ab33683,fixed,402,sham_negative_cpu,sham,cpu,high,False,True,True,False,0.0
d9aa7d65-0706-41a8-86e5-68d32ab33683,fixed,403,sham_negative_cpu,sham,cpu,high,True,True,True,False,0.0
d9aa7d65-0706-41a8-86e5-68d32ab33683,fixed,404,sham_negative_cpu,sham,cpu,high,True,True,True,False,0.0
d9aa7d65-0706-41a8-86e5-68d32ab33683,fixed,405,sham_negative_cpu,sham,cpu,high,True,True,True,False,0.0
d9aa7d65-0706-41a8-86e5-68d32ab33683,fixed,406,sham_negative_cpu,sham,cpu,high,True,True,True,False,0.0
d9aa7d65-0706-41a8-86e5-68d32ab33683,fixed,407,sham_negative_cpu,sham,cpu,high,True,True,True,False,0.0
d9aa7d65-0706-41a8-86e5-68d32ab33683,blind,48,normal_pre,unloaded,baseline,low,False,False,False,True,0.0
d9aa7d65-0706-41a8-86e5-68d32ab33683,blind,49,normal_pre,unloaded,baseline,low,False,False,False,True,0.0
d9aa7d65-0706-41a8-86e5-68d32ab33683,blind,50,normal_pre,unloaded,baseline,low,False,True,True,True,0.0
d9aa7d65-0706-41a8-86e5-68d32ab33683,blind,51,normal_pre,unloaded,baseline,low,False,False,False,True,0.0
d9aa7d65-0706-41a8-86e5-68d32ab33683,blind,52,normal_pre,unloaded,baseline,low,False,True,True,True,0.0
d9aa7d65-0706-41a8-86e5-68d32ab33683,blind,53,normal_pre,unloaded,baseline,low,False,False,False,True,0.0
d9aa7d65-0706-41a8-86e5-68d32ab33683,blind,54,normal_pre,unloaded,baseline,low,False,False,False,True,0.0
d9aa7d65-0706-41a8-86e5-68d32ab33683,blind,55,normal_pre,unloaded,baseline,low,False,False,False,True,0.0
d9aa7d65-0706-41a8-86e5-68d32ab33683,blind,56,normal_pre,unloaded,baseline,low,False,False,False,True,0.0
d9aa7d65-0706-41a8-86e5-68d32ab33683,blind,57,normal_pre,unloaded,baseline,low,False,False,False,True,0.0
d9aa7d65-0706-41a8-86e5-68d32ab33683,blind,58,normal_pre,unloaded,baseline,low,False,False,False,True,0.0
d9aa7d65-0706-41a8-86e5-68d32ab33683,blind,59,normal_pre,unloaded,baseline,low,False,False,False,True,0.0
d9aa7d65-0706-41a8-86e5-68d32ab33683,blind,60,normal_pre,unloaded,baseline,low,False,False,False,True,0.0
d9aa7d65-0706-41a8-86e5-68d32ab33683,blind,61,normal_pre,unloaded,baseline,low,False,False,False,True,0.0
d9aa7d65-0706-41a8-86e5-68d32ab33683,blind,62,normal_pre,unloaded,baseline,low,False,False,False,True,0.0
d9aa7d65-0706-41a8-86e5-68d32ab33683,blind,63,normal_pre,unloaded,baseline,low,False,False,False,True,0.0
d9aa7d65-0706-41a8-86e5-68d32ab33683,blind,64,normal_pre,unloaded,baseline,low,False,False,False,True,0.0
d9aa7d65-0706-41a8-86e5-68d32ab33683,blind,65,normal_pre,unloaded,baseline,low,False,False,False,True,0.0
d9aa7d65-0706-41a8-86e5-68d32ab33683,blind,66,normal_pre,unloaded,baseline,low,False,False,False,True,0.0
d9aa7d65-0706-41a8-86e5-68d32ab33683,blind,67,normal_pre,unloaded,baseline,low,False,False,False,True,0.0
d9aa7d65-0706-41a8-86e5-68d32ab33683,blind,68,benign_cpu_unseen,unloaded,cpu,high,False,False,False,True,0.0
d9aa7d65-0706-41a8-86e5-68d32ab33683,blind,69,benign_cpu_unseen,unloaded,cpu,high,False,True,True,True,0.0
d9aa7d65-0706-41a8-86e5-68d32ab33683,blind,70,benign_cpu_unseen,unloaded,cpu,high,False,False,False,True,0.0
d9aa7d65-0706-41a8-86e5-68d32ab33683,blind,71,benign_cpu_unseen,unloaded,cpu,high,False,True,True,True,0.0
d9aa7d65-0706-41a8-86e5-68d32ab33683,blind,72,benign_cpu_unseen,unloaded,cpu,high,False,False,False,True,0.0
d9aa7d65-0706-41a8-86e5-68d32ab33683,blind,73,benign_cpu_unseen,unloaded,cpu,high,False,False,False,True,0.0
d9aa7d65-0706-41a8-86e5-68d32ab33683,blind,74,benign_cpu_unseen,unloaded,cpu,high,False,True,True,True,0.0
d9aa7d65-0706-41a8-86e5-68d32ab33683,blind,75,benign_cpu_unseen,unloaded,cpu,high,False,False,False,True,0.0
d9aa7d65-0706-41a8-86e5-68d32ab33683,blind,76,benign_cpu_unseen,unloaded,cpu,high,False,False,False,True,0.0
d9aa7d65-0706-41a8-86e5-68d32ab33683,blind,77,benign_cpu_unseen,unloaded,cpu,high,False,True,True,True,0.0
d9aa7d65-0706-41a8-86e5-68d32ab33683,blind,78,benign_cpu_unseen,unloaded,cpu,high,False,False,False,True,0.0
d9aa7d65-0706-41a8-86e5-68d32ab33683,blind,79,benign_cpu_unseen,unloaded,cpu,high,False,False,False,True,0.0
d9aa7d65-0706-41a8-86e5-68d32ab33683,blind,80,benign_cpu_unseen,unloaded,cpu,high,False,False,False,True,0.0
d9aa7d65-0706-41a8-86e5-68d32ab33683,blind,81,benign_cpu_unseen,unloaded,cpu,high,False,False,False,True,0.0
d9aa7d65-0706-41a8-86e5-68d32ab33683,blind,82,benign_cpu_unseen,unloaded,cpu,high,False,False,False,True,0.0
d9aa7d65-0706-41a8-86e5-68d32ab33683,blind,83,benign_cpu_unseen,unloaded,cpu,high,False,False,False,True,0.0
d9aa7d65-0706-41a8-86e5-68d32ab33683,blind,84,benign_cpu_unseen,unloaded,cpu,high,False,False,False,True,0.0
d9aa7d65-0706-41a8-86e5-68d32ab33683,blind,85,benign_cpu_unseen,unloaded,cpu,high,False,False,False,True,0.0
d9aa7d65-0706-41a8-86e5-68d32ab33683,blind,86,benign_cpu_unseen,unloaded,cpu,high,False,False,False,True,0.0
d9aa7d65-0706-41a8-86e5-68d32ab33683,blind,87,benign_cpu_unseen,unloaded,cpu,high,False,False,False,True,0.0
d9aa7d65-0706-41a8-86e5-68d32ab33683,blind,88,benign_cpu_unseen,unloaded,cpu,high,False,False,False,True,0.0
d9aa7d65-0706-41a8-86e5-68d32ab33683,blind,89,benign_cpu_unseen,unloaded,cpu,high,False,False,False,True,0.0
d9aa7d65-0706-41a8-86e5-68d32ab33683,blind,90,benign_cpu_unseen,unloaded,cpu,high,False,False,False,True,0.0
d9aa7d65-0706-41a8-86e5-68d32ab33683,blind,91,benign_cpu_unseen,unloaded,cpu,high,False,False,False,True,0.0
d9aa7d65-0706-41a8-86e5-68d32ab33683,blind,92,benign_cpu_unseen,unloaded,cpu,high,False,True,True,True,0.0
d9aa7d65-0706-41a8-86e5-68d32ab33683,blind,93,benign_cpu_unseen,unloaded,cpu,high,False,False,False,True,0.0
d9aa7d65-0706-41a8-86e5-68d32ab33683,blind,94,benign_cpu_unseen,unloaded,cpu,high,False,False,False,True,0.0
d9aa7d65-0706-41a8-86e5-68d32ab33683,blind,95,benign_cpu_unseen,unloaded,cpu,high,False,False,False,True,0.0
d9aa7d65-0706-41a8-86e5-68d32ab33683,blind,96,benign_cpu_unseen,unloaded,cpu,high,False,False,False,True,0.0
d9aa7d65-0706-41a8-86e5-68d32ab33683,blind,97,benign_cpu_unseen,unloaded,cpu,high,False,False,False,True,0.0
d9aa7d65-0706-41a8-86e5-68d32ab33683,blind,98,benign_cpu_unseen,unloaded,cpu,high,False,False,False,True,0.0
d9aa7d65-0706-41a8-86e5-68d32ab33683,blind,99,benign_cpu_unseen,unloaded,cpu,high,False,False,False,True,0.0
d9aa7d65-0706-41a8-86e5-68d32ab33683,blind,100,benign_cpu_unseen,unloaded,cpu,high,False,False,False,True,0.0
d9aa7d65-0706-41a8-86e5-68d32ab33683,blind,101,benign_cpu_unseen,unloaded,cpu,high,False,False,False,True,0.0
d9aa7d65-0706-41a8-86e5-68d32ab33683,blind,102,benign_cpu_unseen,unloaded,cpu,high,False,False,False,True,0.0
d9aa7d65-0706-41a8-86e5-68d32ab33683,blind,103,benign_cpu_unseen,unloaded,cpu,high,False,False,False,True,0.0
d9aa7d65-0706-41a8-86e5-68d32ab33683,blind,104,benign_cpu_unseen,unloaded,cpu,high,False,False,False,True,0.0
d9aa7d65-0706-41a8-86e5-68d32ab33683,blind,105,benign_cpu_unseen,unloaded,cpu,high,False,False,False,True,0.0
d9aa7d65-0706-41a8-86e5-68d32ab33683,blind,106,benign_cpu_unseen,unloaded,cpu,high,False,False,False,True,0.0
d9aa7d65-0706-41a8-86e5-68d32ab33683,blind,107,benign_cpu_unseen,unloaded,cpu,high,False,False,False,True,0.0
d9aa7d65-0706-41a8-86e5-68d32ab33683,blind,108,benign_memory_unseen,unloaded,memory,low,False,False,False,True,0.0
d9aa7d65-0706-41a8-86e5-68d32ab33683,blind,109,benign_memory_unseen,unloaded,memory,low,False,False,False,True,0.0
d9aa7d65-0706-41a8-86e5-68d32ab33683,blind,110,benign_memory_unseen,unloaded,memory,low,False,False,False,True,0.0
d9aa7d65-0706-41a8-86e5-68d32ab33683,blind,111,benign_memory_unseen,unloaded,memory,low,False,False,False,True,0.0
d9aa7d65-0706-41a8-86e5-68d32ab33683,blind,112,benign_memory_unseen,unloaded,memory,low,False,False,False,True,0.0
d9aa7d65-0706-41a8-86e5-68d32ab33683,blind,113,benign_memory_unseen,unloaded,memory,low,False,False,False,True,0.0
d9aa7d65-0706-41a8-86e5-68d32ab33683,blind,114,benign_memory_unseen,unloaded,memory,low,False,False,False,True,0.0
d9aa7d65-0706-41a8-86e5-68d32ab33683,blind,115,benign_memory_unseen,unloaded,memory,low,False,False,False,True,0.0
d9aa7d65-0706-41a8-86e5-68d32ab33683,blind,116,benign_memory_unseen,unloaded,memory,low,False,False,False,True,0.0
d9aa7d65-0706-41a8-86e5-68d32ab33683,blind,117,benign_memory_unseen,unloaded,memory,low,False,True,True,True,0.0
d9aa7d65-0706-41a8-86e5-68d32ab33683,blind,118,benign_memory_unseen,unloaded,memory,low,False,False,False,True,0.0
d9aa7d65-0706-41a8-86e5-68d32ab33683,blind,119,benign_memory_unseen,unloaded,memory,low,False,False,False,True,0.0
d9aa7d65-0706-41a8-86e5-68d32ab33683,blind,120,benign_memory_unseen,unloaded,memory,low,False,False,False,True,0.0
d9aa7d65-0706-41a8-86e5-68d32ab33683,blind,121,benign_memory_unseen,unloaded,memory,low,False,False,False,True,0.0
d9aa7d65-0706-41a8-86e5-68d32ab33683,blind,122,benign_memory_unseen,unloaded,memory,low,False,False,False,True,0.0
d9aa7d65-0706-41a8-86e5-68d32ab33683,blind,123,benign_memory_unseen,unloaded,memory,low,False,False,False,True,0.0
d9aa7d65-0706-41a8-86e5-68d32ab33683,blind,124,benign_memory_unseen,unloaded,memory,low,False,False,False,True,0.0
d9aa7d65-0706-41a8-86e5-68d32ab33683,blind,125,benign_memory_unseen,unloaded,memory,low,False,False,False,True,0.0
d9aa7d65-0706-41a8-86e5-68d32ab33683,blind,126,benign_memory_unseen,unloaded,memory,low,False,False,False,True,0.0
d9aa7d65-0706-41a8-86e5-68d32ab33683,blind,127,benign_memory_unseen,unloaded,memory,low,False,False,False,True,0.0
d9aa7d65-0706-41a8-86e5-68d32ab33683,blind,128,benign_memory_unseen,unloaded,memory,low,False,False,False,True,0.0
d9aa7d65-0706-41a8-86e5-68d32ab33683,blind,129,benign_memory_unseen,unloaded,memory,low,False,False,False,True,0.0
d9aa7d65-0706-41a8-86e5-68d32ab33683,blind,130,benign_memory_unseen,unloaded,memory,low,False,False,False,True,0.0
d9aa7d65-0706-41a8-86e5-68d32ab33683,blind,131,benign_memory_unseen,unloaded,memory,low,False,False,False,True,0.0
d9aa7d65-0706-41a8-86e5-68d32ab33683,blind,132,benign_memory_unseen,unloaded,memory,low,False,False,False,True,0.0
d9aa7d65-0706-41a8-86e5-68d32ab33683,blind,133,benign_memory_unseen,unloaded,memory,low,False,False,False,True,0.0
d9aa7d65-0706-41a8-86e5-68d32ab33683,blind,134,benign_memory_unseen,unloaded,memory,low,False,False,False,True,0.0
d9aa7d65-0706-41a8-86e5-68d32ab33683,blind,135,benign_memory_unseen,unloaded,memory,low,False,False,False,True,0.0
d9aa7d65-0706-41a8-86e5-68d32ab33683,blind,136,benign_memory_unseen,unloaded,memory,low,False,False,False,True,0.0
d9aa7d65-0706-41a8-86e5-68d32ab33683,blind,137,benign_memory_unseen,unloaded,memory,low,False,False,False,True,0.0
d9aa7d65-0706-41a8-86e5-68d32ab33683,blind,138,benign_memory_unseen,unloaded,memory,low,False,False,False,True,0.0
d9aa7d65-0706-41a8-86e5-68d32ab33683,blind,139,benign_memory_unseen,unloaded,memory,low,False,False,False,True,0.0
d9aa7d65-0706-41a8-86e5-68d32ab33683,blind,140,benign_memory_unseen,unloaded,memory,low,False,False,False,True,0.0
d9aa7d65-0706-41a8-86e5-68d32ab33683,blind,141,benign_memory_unseen,unloaded,memory,low,False,False,False,True,0.0
d9aa7d65-0706-41a8-86e5-68d32ab33683,blind,142,benign_memory_unseen,unloaded,memory,low,False,False,False,True,0.0
d9aa7d65-0706-41a8-86e5-68d32ab33683,blind,143,benign_memory_unseen,unloaded,memory,low,False,False,False,True,0.0
d9aa7d65-0706-41a8-86e5-68d32ab33683,blind,144,benign_memory_unseen,unloaded,memory,low,False,False,False,True,0.0
d9aa7d65-0706-41a8-86e5-68d32ab33683,blind,145,benign_memory_unseen,unloaded,memory,low,False,False,False,True,0.0
d9aa7d65-0706-41a8-86e5-68d32ab33683,blind,146,benign_memory_unseen,unloaded,memory,low,False,False,False,True,0.0
d9aa7d65-0706-41a8-86e5-68d32ab33683,blind,147,benign_memory_unseen,unloaded,memory,low,False,False,False,True,0.0
d9aa7d65-0706-41a8-86e5-68d32ab33683,blind,148,benign_mixed_unseen,unloaded,mixed,high,False,True,True,True,0.0
d9aa7d65-0706-41a8-86e5-68d32ab33683,blind,149,benign_mixed_unseen,unloaded,mixed,high,False,False,False,True,0.0
d9aa7d65-0706-41a8-86e5-68d32ab33683,blind,150,benign_mixed_unseen,unloaded,mixed,high,False,False,False,True,0.0
d9aa7d65-0706-41a8-86e5-68d32ab33683,blind,151,benign_mixed_unseen,unloaded,mixed,high,False,False,False,True,0.0
d9aa7d65-0706-41a8-86e5-68d32ab33683,blind,152,benign_mixed_unseen,unloaded,mixed,high,False,False,False,True,0.0
d9aa7d65-0706-41a8-86e5-68d32ab33683,blind,153,benign_mixed_unseen,unloaded,mixed,high,False,False,False,True,0.0
d9aa7d65-0706-41a8-86e5-68d32ab33683,blind,154,benign_mixed_unseen,unloaded,mixed,high,False,True,True,True,0.0
d9aa7d65-0706-41a8-86e5-68d32ab33683,blind,155,benign_mixed_unseen,unloaded,mixed,high,False,False,False,True,0.0
d9aa7d65-0706-41a8-86e5-68d32ab33683,blind,156,benign_mixed_unseen,unloaded,mixed,high,False,False,False,True,0.0
d9aa7d65-0706-41a8-86e5-68d32ab33683,blind,157,benign_mixed_unseen,unloaded,mixed,high,False,False,False,True,0.0
d9aa7d65-0706-41a8-86e5-68d32ab33683,blind,158,benign_mixed_unseen,unloaded,mixed,high,False,False,False,True,0.0
d9aa7d65-0706-41a8-86e5-68d32ab33683,blind,159,benign_mixed_unseen,unloaded,mixed,high,False,False,False,True,0.0
d9aa7d65-0706-41a8-86e5-68d32ab33683,blind,160,benign_mixed_unseen,unloaded,mixed,high,False,False,False,True,0.0
d9aa7d65-0706-41a8-86e5-68d32ab33683,blind,161,benign_mixed_unseen,unloaded,mixed,high,False,False,False,True,0.0
d9aa7d65-0706-41a8-86e5-68d32ab33683,blind,162,benign_mixed_unseen,unloaded,mixed,high,False,False,False,True,0.0
d9aa7d65-0706-41a8-86e5-68d32ab33683,blind,163,benign_mixed_unseen,unloaded,mixed,high,False,False,False,True,0.0
d9aa7d65-0706-41a8-86e5-68d32ab33683,blind,164,benign_mixed_unseen,unloaded,mixed,high,False,False,False,True,0.0
d9aa7d65-0706-41a8-86e5-68d32ab33683,blind,165,benign_mixed_unseen,unloaded,mixed,high,False,False,False,True,0.0
d9aa7d65-0706-41a8-86e5-68d32ab33683,blind,166,benign_mixed_unseen,unloaded,mixed,high,False,False,False,True,0.0
d9aa7d65-0706-41a8-86e5-68d32ab33683,blind,167,benign_mixed_unseen,unloaded,mixed,high,False,False,False,True,0.0
d9aa7d65-0706-41a8-86e5-68d32ab33683,blind,168,benign_mixed_unseen,unloaded,mixed,high,False,False,False,True,0.0
d9aa7d65-0706-41a8-86e5-68d32ab33683,blind,169,benign_mixed_unseen,unloaded,mixed,high,False,False,False,True,0.0
d9aa7d65-0706-41a8-86e5-68d32ab33683,blind,170,benign_mixed_unseen,unloaded,mixed,high,False,False,False,True,0.0
d9aa7d65-0706-41a8-86e5-68d32ab33683,blind,171,benign_mixed_unseen,unloaded,mixed,high,False,False,False,True,0.0
d9aa7d65-0706-41a8-86e5-68d32ab33683,blind,172,benign_mixed_unseen,unloaded,mixed,high,False,False,False,True,0.0
d9aa7d65-0706-41a8-86e5-68d32ab33683,blind,173,benign_mixed_unseen,unloaded,mixed,high,False,False,False,True,0.0
d9aa7d65-0706-41a8-86e5-68d32ab33683,blind,174,benign_mixed_unseen,unloaded,mixed,high,False,False,False,True,0.0
d9aa7d65-0706-41a8-86e5-68d32ab33683,blind,175,benign_mixed_unseen,unloaded,mixed,high,False,False,False,True,0.0
d9aa7d65-0706-41a8-86e5-68d32ab33683,blind,176,benign_mixed_unseen,unloaded,mixed,high,False,False,False,True,0.0
d9aa7d65-0706-41a8-86e5-68d32ab33683,blind,177,benign_mixed_unseen,unloaded,mixed,high,False,False,False,True,0.0
d9aa7d65-0706-41a8-86e5-68d32ab33683,blind,178,benign_mixed_unseen,unloaded,mixed,high,False,False,False,True,0.0
d9aa7d65-0706-41a8-86e5-68d32ab33683,blind,179,benign_mixed_unseen,unloaded,mixed,high,False,False,False,True,0.0
d9aa7d65-0706-41a8-86e5-68d32ab33683,blind,180,benign_mixed_unseen,unloaded,mixed,high,False,False,False,True,0.0
d9aa7d65-0706-41a8-86e5-68d32ab33683,blind,181,benign_mixed_unseen,unloaded,mixed,high,False,False,False,True,0.0
d9aa7d65-0706-41a8-86e5-68d32ab33683,blind,182,benign_mixed_unseen,unloaded,mixed,high,False,False,False,True,0.0
d9aa7d65-0706-41a8-86e5-68d32ab33683,blind,183,benign_mixed_unseen,unloaded,mixed,high,False,True,True,True,0.0
d9aa7d65-0706-41a8-86e5-68d32ab33683,blind,184,benign_mixed_unseen,unloaded,mixed,high,False,False,False,True,0.0
d9aa7d65-0706-41a8-86e5-68d32ab33683,blind,185,benign_mixed_unseen,unloaded,mixed,high,False,False,False,True,0.0
d9aa7d65-0706-41a8-86e5-68d32ab33683,blind,186,benign_mixed_unseen,unloaded,mixed,high,False,False,False,True,0.0
d9aa7d65-0706-41a8-86e5-68d32ab33683,blind,187,benign_mixed_unseen,unloaded,mixed,high,False,False,False,True,0.0
d9aa7d65-0706-41a8-86e5-68d32ab33683,blind,188,normal_recovery_1,unloaded,baseline,low,False,False,False,True,0.0
d9aa7d65-0706-41a8-86e5-68d32ab33683,blind,189,normal_recovery_1,unloaded,baseline,low,False,False,False,True,0.0
d9aa7d65-0706-41a8-86e5-68d32ab33683,blind,190,normal_recovery_1,unloaded,baseline,low,False,False,False,True,0.0
d9aa7d65-0706-41a8-86e5-68d32ab33683,blind,191,normal_recovery_1,unloaded,baseline,low,False,True,True,True,0.0
d9aa7d65-0706-41a8-86e5-68d32ab33683,blind,192,normal_recovery_1,unloaded,baseline,low,False,False,False,True,0.0
d9aa7d65-0706-41a8-86e5-68d32ab33683,blind,193,normal_recovery_1,unloaded,baseline,low,False,False,False,True,0.0
d9aa7d65-0706-41a8-86e5-68d32ab33683,blind,194,normal_recovery_1,unloaded,baseline,low,False,False,False,True,0.0
d9aa7d65-0706-41a8-86e5-68d32ab33683,blind,195,normal_recovery_1,unloaded,baseline,low,False,False,False,True,0.0
d9aa7d65-0706-41a8-86e5-68d32ab33683,blind,196,normal_recovery_1,unloaded,baseline,low,False,True,True,True,0.0
d9aa7d65-0706-41a8-86e5-68d32ab33683,blind,197,normal_recovery_1,unloaded,baseline,low,False,False,False,True,0.0
d9aa7d65-0706-41a8-86e5-68d32ab33683,blind,198,normal_recovery_1,unloaded,baseline,low,False,False,False,True,0.0
d9aa7d65-0706-41a8-86e5-68d32ab33683,blind,199,normal_recovery_1,unloaded,baseline,low,False,False,False,True,0.0
d9aa7d65-0706-41a8-86e5-68d32ab33683,blind,200,normal_recovery_1,unloaded,baseline,low,False,False,False,True,0.0
d9aa7d65-0706-41a8-86e5-68d32ab33683,blind,201,normal_recovery_1,unloaded,baseline,low,False,False,False,True,0.0
d9aa7d65-0706-41a8-86e5-68d32ab33683,blind,202,normal_recovery_1,unloaded,baseline,low,False,False,False,True,0.0
d9aa7d65-0706-41a8-86e5-68d32ab33683,blind,203,normal_recovery_1,unloaded,baseline,low,False,False,False,True,0.0
d9aa7d65-0706-41a8-86e5-68d32ab33683,blind,204,normal_recovery_1,unloaded,baseline,low,False,False,False,True,0.0
d9aa7d65-0706-41a8-86e5-68d32ab33683,blind,205,normal_recovery_1,unloaded,baseline,low,False,False,False,True,0.0
d9aa7d65-0706-41a8-86e5-68d32ab33683,blind,206,normal_recovery_1,unloaded,baseline,low,False,False,False,True,0.0
d9aa7d65-0706-41a8-86e5-68d32ab33683,blind,207,normal_recovery_1,unloaded,baseline,low,False,True,True,True,0.0
d9aa7d65-0706-41a8-86e5-68d32ab33683,blind,208,attack_baseline,hiding,baseline,low,True,True,True,True,0.05
d9aa7d65-0706-41a8-86e5-68d32ab33683,blind,209,attack_baseline,hiding,baseline,low,True,True,True,True,0.1
d9aa7d65-0706-41a8-86e5-68d32ab33683,blind,210,attack_baseline,hiding,baseline,low,True,True,True,True,0.15
d9aa7d65-0706-41a8-86e5-68d32ab33683,blind,211,attack_baseline,hiding,baseline,low,True,True,True,True,0.2
d9aa7d65-0706-41a8-86e5-68d32ab33683,blind,212,attack_baseline,hiding,baseline,low,True,True,True,True,0.25
d9aa7d65-0706-41a8-86e5-68d32ab33683,blind,213,attack_baseline,hiding,baseline,low,True,True,True,True,0.3
d9aa7d65-0706-41a8-86e5-68d32ab33683,blind,214,attack_baseline,hiding,baseline,low,True,True,True,True,0.35
d9aa7d65-0706-41a8-86e5-68d32ab33683,blind,215,attack_baseline,hiding,baseline,low,True,True,True,True,0.4
d9aa7d65-0706-41a8-86e5-68d32ab33683,blind,216,attack_baseline,hiding,baseline,low,True,True,True,True,0.45
d9aa7d65-0706-41a8-86e5-68d32ab33683,blind,217,attack_baseline,hiding,baseline,low,True,True,True,True,0.5
d9aa7d65-0706-41a8-86e5-68d32ab33683,blind,218,attack_baseline,hiding,baseline,low,True,True,True,True,0.55
d9aa7d65-0706-41a8-86e5-68d32ab33683,blind,219,attack_baseline,hiding,baseline,low,True,False,False,True,0.6
d9aa7d65-0706-41a8-86e5-68d32ab33683,blind,220,attack_baseline,hiding,baseline,low,True,True,True,True,0.65
d9aa7d65-0706-41a8-86e5-68d32ab33683,blind,221,attack_baseline,hiding,baseline,low,True,False,False,True,0.7
d9aa7d65-0706-41a8-86e5-68d32ab33683,blind,222,attack_baseline,hiding,baseline,low,True,False,False,True,0.75
d9aa7d65-0706-41a8-86e5-68d32ab33683,blind,223,attack_baseline,hiding,baseline,low,True,False,False,True,0.8
d9aa7d65-0706-41a8-86e5-68d32ab33683,blind,224,attack_baseline,hiding,baseline,low,True,False,False,True,0.85
d9aa7d65-0706-41a8-86e5-68d32ab33683,blind,225,attack_baseline,hiding,baseline,low,True,True,True,True,0.9
d9aa7d65-0706-41a8-86e5-68d32ab33683,blind,226,attack_baseline,hiding,baseline,low,True,True,True,True,0.95
d9aa7d65-0706-41a8-86e5-68d32ab33683,blind,227,attack_baseline,hiding,baseline,low,True,False,False,True,1.0
d9aa7d65-0706-41a8-86e5-68d32ab33683,blind,228,attack_baseline,hiding,baseline,low,True,False,False,True,1.0
d9aa7d65-0706-41a8-86e5-68d32ab33683,blind,229,attack_baseline,hiding,baseline,low,True,False,False,True,1.0
d9aa7d65-0706-41a8-86e5-68d32ab33683,blind,230,attack_baseline,hiding,baseline,low,True,False,False,True,1.0
d9aa7d65-0706-41a8-86e5-68d32ab33683,blind,231,attack_baseline,hiding,baseline,low,True,False,False,True,1.0
d9aa7d65-0706-41a8-86e5-68d32ab33683,blind,232,attack_baseline,hiding,baseline,low,True,False,False,True,1.0
d9aa7d65-0706-41a8-86e5-68d32ab33683,blind,233,attack_baseline,hiding,baseline,low,True,False,False,True,1.0
d9aa7d65-0706-41a8-86e5-68d32ab33683,blind,234,attack_baseline,hiding,baseline,low,True,True,True,True,1.0
d9aa7d65-0706-41a8-86e5-68d32ab33683,blind,235,attack_baseline,hiding,baseline,low,True,False,False,True,1.0
d9aa7d65-0706-41a8-86e5-68d32ab33683,blind,236,attack_baseline,hiding,baseline,low,True,False,False,True,1.0
d9aa7d65-0706-41a8-86e5-68d32ab33683,blind,237,attack_baseline,hiding,baseline,low,True,False,False,True,1.0
d9aa7d65-0706-41a8-86e5-68d32ab33683,blind,238,attack_baseline,hiding,baseline,low,True,False,False,True,1.0
d9aa7d65-0706-41a8-86e5-68d32ab33683,blind,239,attack_baseline,hiding,baseline,low,True,True,True,True,1.0
d9aa7d65-0706-41a8-86e5-68d32ab33683,blind,240,attack_baseline,hiding,baseline,low,True,True,True,True,1.0
d9aa7d65-0706-41a8-86e5-68d32ab33683,blind,241,attack_baseline,hiding,baseline,low,True,True,True,True,1.0
d9aa7d65-0706-41a8-86e5-68d32ab33683,blind,242,attack_baseline,hiding,baseline,low,True,True,True,True,1.0
d9aa7d65-0706-41a8-86e5-68d32ab33683,blind,243,attack_baseline,hiding,baseline,low,True,True,True,True,1.0
d9aa7d65-0706-41a8-86e5-68d32ab33683,blind,244,attack_baseline,hiding,baseline,low,True,True,True,True,1.0
d9aa7d65-0706-41a8-86e5-68d32ab33683,blind,245,attack_baseline,hiding,baseline,low,True,True,True,True,1.0
d9aa7d65-0706-41a8-86e5-68d32ab33683,blind,246,attack_baseline,hiding,baseline,low,True,False,False,True,1.0
d9aa7d65-0706-41a8-86e5-68d32ab33683,blind,247,attack_baseline,hiding,baseline,low,True,False,False,True,1.0
d9aa7d65-0706-41a8-86e5-68d32ab33683,blind,248,attack_cpu,hiding,cpu,high,True,True,True,True,1.0
d9aa7d65-0706-41a8-86e5-68d32ab33683,blind,249,attack_cpu,hiding,cpu,high,True,True,True,True,1.0
d9aa7d65-0706-41a8-86e5-68d32ab33683,blind,250,attack_cpu,hiding,cpu,high,True,True,True,True,1.0
d9aa7d65-0706-41a8-86e5-68d32ab33683,blind,251,attack_cpu,hiding,cpu,high,True,True,True,True,1.0
d9aa7d65-0706-41a8-86e5-68d32ab33683,blind,252,attack_cpu,hiding,cpu,high,True,True,True,True,1.0
d9aa7d65-0706-41a8-86e5-68d32ab33683,blind,253,attack_cpu,hiding,cpu,high,True,True,True,True,1.0
d9aa7d65-0706-41a8-86e5-68d32ab33683,blind,254,attack_cpu,hiding,cpu,high,True,True,True,True,1.0
d9aa7d65-0706-41a8-86e5-68d32ab33683,blind,255,attack_cpu,hiding,cpu,high,True,True,True,True,1.0
d9aa7d65-0706-41a8-86e5-68d32ab33683,blind,256,attack_cpu,hiding,cpu,high,True,True,True,True,1.0
d9aa7d65-0706-41a8-86e5-68d32ab33683,blind,257,attack_cpu,hiding,cpu,high,True,True,True,True,1.0
d9aa7d65-0706-41a8-86e5-68d32ab33683,blind,258,attack_cpu,hiding,cpu,high,True,True,True,True,1.0
d9aa7d65-0706-41a8-86e5-68d32ab33683,blind,259,attack_cpu,hiding,cpu,high,True,False,False,True,1.0
d9aa7d65-0706-41a8-86e5-68d32ab33683,blind,260,attack_cpu,hiding,cpu,high,True,False,False,True,1.0
d9aa7d65-0706-41a8-86e5-68d32ab33683,blind,261,attack_cpu,hiding,cpu,high,True,False,False,True,1.0
d9aa7d65-0706-41a8-86e5-68d32ab33683,blind,262,attack_cpu,hiding,cpu,high,True,False,False,True,1.0
d9aa7d65-0706-41a8-86e5-68d32ab33683,blind,263,attack_cpu,hiding,cpu,high,True,False,False,True,1.0
d9aa7d65-0706-41a8-86e5-68d32ab33683,blind,264,attack_cpu,hiding,cpu,high,True,False,False,True,1.0
d9aa7d65-0706-41a8-86e5-68d32ab33683,blind,265,attack_cpu,hiding,cpu,high,True,False,False,True,1.0
d9aa7d65-0706-41a8-86e5-68d32ab33683,blind,266,attack_cpu,hiding,cpu,high,True,False,False,True,1.0
d9aa7d65-0706-41a8-86e5-68d32ab33683,blind,267,attack_cpu,hiding,cpu,high,True,False,False,True,1.0
d9aa7d65-0706-41a8-86e5-68d32ab33683,blind,268,attack_cpu,hiding,cpu,high,True,True,True,True,1.0
d9aa7d65-0706-41a8-86e5-68d32ab33683,blind,269,attack_cpu,hiding,cpu,high,True,False,False,True,1.0
d9aa7d65-0706-41a8-86e5-68d32ab33683,blind,270,attack_cpu,hiding,cpu,high,True,False,False,True,1.0
d9aa7d65-0706-41a8-86e5-68d32ab33683,blind,271,attack_cpu,hiding,cpu,high,True,False,False,True,1.0
d9aa7d65-0706-41a8-86e5-68d32ab33683,blind,272,attack_cpu,hiding,cpu,high,True,False,False,True,1.0
d9aa7d65-0706-41a8-86e5-68d32ab33683,blind,273,attack_cpu,hiding,cpu,high,True,False,False,True,1.0
d9aa7d65-0706-41a8-86e5-68d32ab33683,blind,274,attack_cpu,hiding,cpu,high,True,False,False,True,1.0
d9aa7d65-0706-41a8-86e5-68d32ab33683,blind,275,attack_cpu,hiding,cpu,high,True,False,False,True,1.0
d9aa7d65-0706-41a8-86e5-68d32ab33683,blind,276,attack_cpu,hiding,cpu,high,True,False,False,True,1.0
d9aa7d65-0706-41a8-86e5-68d32ab33683,blind,277,attack_cpu,hiding,cpu,high,True,False,False,True,1.0
d9aa7d65-0706-41a8-86e5-68d32ab33683,blind,278,attack_cpu,hiding,cpu,high,True,False,False,True,1.0
d9aa7d65-0706-41a8-86e5-68d32ab33683,blind,279,attack_cpu,hiding,cpu,high,True,False,False,True,1.0
d9aa7d65-0706-41a8-86e5-68d32ab33683,blind,280,attack_cpu,hiding,cpu,high,True,False,False,True,1.0
d9aa7d65-0706-41a8-86e5-68d32ab33683,blind,281,attack_cpu,hiding,cpu,high,True,False,False,True,1.0
d9aa7d65-0706-41a8-86e5-68d32ab33683,blind,282,attack_cpu,hiding,cpu,high,True,False,False,True,1.0
d9aa7d65-0706-41a8-86e5-68d32ab33683,blind,283,attack_cpu,hiding,cpu,high,True,False,False,True,1.0
d9aa7d65-0706-41a8-86e5-68d32ab33683,blind,284,attack_cpu,hiding,cpu,high,True,False,False,True,1.0
d9aa7d65-0706-41a8-86e5-68d32ab33683,blind,285,attack_cpu,hiding,cpu,high,True,False,False,True,1.0
d9aa7d65-0706-41a8-86e5-68d32ab33683,blind,286,attack_cpu,hiding,cpu,high,True,False,False,True,1.0
d9aa7d65-0706-41a8-86e5-68d32ab33683,blind,287,attack_cpu,hiding,cpu,high,True,False,False,True,1.0
d9aa7d65-0706-41a8-86e5-68d32ab33683,blind,288,attack_memory_unseen,hiding,memory,low,True,False,False,True,1.0
d9aa7d65-0706-41a8-86e5-68d32ab33683,blind,289,attack_memory_unseen,hiding,memory,low,True,False,False,True,1.0
d9aa7d65-0706-41a8-86e5-68d32ab33683,blind,290,attack_memory_unseen,hiding,memory,low,True,False,False,True,1.0
d9aa7d65-0706-41a8-86e5-68d32ab33683,blind,291,attack_memory_unseen,hiding,memory,low,True,True,True,True,1.0
d9aa7d65-0706-41a8-86e5-68d32ab33683,blind,292,attack_memory_unseen,hiding,memory,low,True,False,False,True,1.0
d9aa7d65-0706-41a8-86e5-68d32ab33683,blind,293,attack_memory_unseen,hiding,memory,low,True,True,True,True,1.0
d9aa7d65-0706-41a8-86e5-68d32ab33683,blind,294,attack_memory_unseen,hiding,memory,low,True,False,False,True,1.0
d9aa7d65-0706-41a8-86e5-68d32ab33683,blind,295,attack_memory_unseen,hiding,memory,low,True,False,False,True,1.0
d9aa7d65-0706-41a8-86e5-68d32ab33683,blind,296,attack_memory_unseen,hiding,memory,low,True,True,True,True,1.0
d9aa7d65-0706-41a8-86e5-68d32ab33683,blind,297,attack_memory_unseen,hiding,memory,low,True,False,False,True,1.0
d9aa7d65-0706-41a8-86e5-68d32ab33683,blind,298,attack_memory_unseen,hiding,memory,low,True,False,False,True,1.0
d9aa7d65-0706-41a8-86e5-68d32ab33683,blind,299,attack_memory_unseen,hiding,memory,low,True,False,False,True,1.0
d9aa7d65-0706-41a8-86e5-68d32ab33683,blind,300,attack_memory_unseen,hiding,memory,low,True,False,False,True,1.0
d9aa7d65-0706-41a8-86e5-68d32ab33683,blind,301,attack_memory_unseen,hiding,memory,low,True,False,False,True,1.0
d9aa7d65-0706-41a8-86e5-68d32ab33683,blind,302,attack_memory_unseen,hiding,memory,low,True,False,False,True,1.0
d9aa7d65-0706-41a8-86e5-68d32ab33683,blind,303,attack_memory_unseen,hiding,memory,low,True,False,False,True,1.0
d9aa7d65-0706-41a8-86e5-68d32ab33683,blind,304,attack_memory_unseen,hiding,memory,low,True,True,True,True,1.0
d9aa7d65-0706-41a8-86e5-68d32ab33683,blind,305,attack_memory_unseen,hiding,memory,low,True,False,False,True,1.0
d9aa7d65-0706-41a8-86e5-68d32ab33683,blind,306,attack_memory_unseen,hiding,memory,low,True,False,False,True,1.0
d9aa7d65-0706-41a8-86e5-68d32ab33683,blind,307,attack_memory_unseen,hiding,memory,low,True,True,True,True,1.0
d9aa7d65-0706-41a8-86e5-68d32ab33683,blind,308,attack_memory_unseen,hiding,memory,low,True,False,False,True,1.0
d9aa7d65-0706-41a8-86e5-68d32ab33683,blind,309,attack_memory_unseen,hiding,memory,low,True,False,False,True,1.0
d9aa7d65-0706-41a8-86e5-68d32ab33683,blind,310,attack_memory_unseen,hiding,memory,low,True,False,False,True,1.0
d9aa7d65-0706-41a8-86e5-68d32ab33683,blind,311,attack_memory_unseen,hiding,memory,low,True,True,True,True,1.0
d9aa7d65-0706-41a8-86e5-68d32ab33683,blind,312,attack_memory_unseen,hiding,memory,low,True,True,True,True,1.0
d9aa7d65-0706-41a8-86e5-68d32ab33683,blind,313,attack_memory_unseen,hiding,memory,low,True,False,False,True,1.0
d9aa7d65-0706-41a8-86e5-68d32ab33683,blind,314,attack_memory_unseen,hiding,memory,low,True,True,True,True,1.0
d9aa7d65-0706-41a8-86e5-68d32ab33683,blind,315,attack_memory_unseen,hiding,memory,low,True,False,False,True,1.0
d9aa7d65-0706-41a8-86e5-68d32ab33683,blind,316,attack_memory_unseen,hiding,memory,low,True,False,False,True,1.0
d9aa7d65-0706-41a8-86e5-68d32ab33683,blind,317,attack_memory_unseen,hiding,memory,low,True,True,True,True,1.0
d9aa7d65-0706-41a8-86e5-68d32ab33683,blind,318,attack_memory_unseen,hiding,memory,low,True,False,False,True,1.0
d9aa7d65-0706-41a8-86e5-68d32ab33683,blind,319,attack_memory_unseen,hiding,memory,low,True,False,False,True,1.0
d9aa7d65-0706-41a8-86e5-68d32ab33683,blind,320,attack_memory_unseen,hiding,memory,low,True,False,False,True,1.0
d9aa7d65-0706-41a8-86e5-68d32ab33683,blind,321,attack_memory_unseen,hiding,memory,low,True,True,True,True,1.0
d9aa7d65-0706-41a8-86e5-68d32ab33683,blind,322,attack_memory_unseen,hiding,memory,low,True,False,False,True,1.0
d9aa7d65-0706-41a8-86e5-68d32ab33683,blind,323,attack_memory_unseen,hiding,memory,low,True,False,False,True,1.0
d9aa7d65-0706-41a8-86e5-68d32ab33683,blind,324,attack_memory_unseen,hiding,memory,low,True,False,False,True,1.0
d9aa7d65-0706-41a8-86e5-68d32ab33683,blind,325,attack_memory_unseen,hiding,memory,low,True,False,False,True,1.0
d9aa7d65-0706-41a8-86e5-68d32ab33683,blind,326,attack_memory_unseen,hiding,memory,low,True,False,False,True,1.0
d9aa7d65-0706-41a8-86e5-68d32ab33683,blind,327,attack_memory_unseen,hiding,memory,low,True,False,False,True,1.0
d9aa7d65-0706-41a8-86e5-68d32ab33683,blind,328,attack_mixed_unseen,hiding,mixed,high,True,True,True,True,1.0
d9aa7d65-0706-41a8-86e5-68d32ab33683,blind,329,attack_mixed_unseen,hiding,mixed,high,True,False,False,True,1.0
d9aa7d65-0706-41a8-86e5-68d32ab33683,blind,330,attack_mixed_unseen,hiding,mixed,high,True,True,True,True,1.0
d9aa7d65-0706-41a8-86e5-68d32ab33683,blind,331,attack_mixed_unseen,hiding,mixed,high,True,True,True,True,1.0
d9aa7d65-0706-41a8-86e5-68d32ab33683,blind,332,attack_mixed_unseen,hiding,mixed,high,True,False,False,True,1.0
d9aa7d65-0706-41a8-86e5-68d32ab33683,blind,333,attack_mixed_unseen,hiding,mixed,high,True,False,False,True,1.0
d9aa7d65-0706-41a8-86e5-68d32ab33683,blind,334,attack_mixed_unseen,hiding,mixed,high,True,False,False,True,1.0
d9aa7d65-0706-41a8-86e5-68d32ab33683,blind,335,attack_mixed_unseen,hiding,mixed,high,True,False,False,True,1.0
d9aa7d65-0706-41a8-86e5-68d32ab33683,blind,336,attack_mixed_unseen,hiding,mixed,high,True,False,False,True,1.0
d9aa7d65-0706-41a8-86e5-68d32ab33683,blind,337,attack_mixed_unseen,hiding,mixed,high,True,False,False,True,1.0
d9aa7d65-0706-41a8-86e5-68d32ab33683,blind,338,attack_mixed_unseen,hiding,mixed,high,True,False,False,True,1.0
d9aa7d65-0706-41a8-86e5-68d32ab33683,blind,339,attack_mixed_unseen,hiding,mixed,high,True,False,False,True,1.0
d9aa7d65-0706-41a8-86e5-68d32ab33683,blind,340,attack_mixed_unseen,hiding,mixed,high,True,False,False,True,1.0
d9aa7d65-0706-41a8-86e5-68d32ab33683,blind,341,attack_mixed_unseen,hiding,mixed,high,True,False,False,True,1.0
d9aa7d65-0706-41a8-86e5-68d32ab33683,blind,342,attack_mixed_unseen,hiding,mixed,high,True,False,False,True,1.0
d9aa7d65-0706-41a8-86e5-68d32ab33683,blind,343,attack_mixed_unseen,hiding,mixed,high,True,False,False,True,1.0
d9aa7d65-0706-41a8-86e5-68d32ab33683,blind,344,attack_mixed_unseen,hiding,mixed,high,True,False,False,True,1.0
d9aa7d65-0706-41a8-86e5-68d32ab33683,blind,345,attack_mixed_unseen,hiding,mixed,high,True,True,True,True,1.0
d9aa7d65-0706-41a8-86e5-68d32ab33683,blind,346,attack_mixed_unseen,hiding,mixed,high,True,False,False,True,1.0
d9aa7d65-0706-41a8-86e5-68d32ab33683,blind,347,attack_mixed_unseen,hiding,mixed,high,True,False,False,True,1.0
d9aa7d65-0706-41a8-86e5-68d32ab33683,blind,348,attack_mixed_unseen,hiding,mixed,high,True,False,False,True,1.0
d9aa7d65-0706-41a8-86e5-68d32ab33683,blind,349,attack_mixed_unseen,hiding,mixed,high,True,False,False,True,1.0
d9aa7d65-0706-41a8-86e5-68d32ab33683,blind,350,attack_mixed_unseen,hiding,mixed,high,True,True,True,True,1.0
d9aa7d65-0706-41a8-86e5-68d32ab33683,blind,351,attack_mixed_unseen,hiding,mixed,high,True,False,False,True,1.0
d9aa7d65-0706-41a8-86e5-68d32ab33683,blind,352,attack_mixed_unseen,hiding,mixed,high,True,False,False,True,1.0
d9aa7d65-0706-41a8-86e5-68d32ab33683,blind,353,attack_mixed_unseen,hiding,mixed,high,True,False,False,True,1.0
d9aa7d65-0706-41a8-86e5-68d32ab33683,blind,354,attack_mixed_unseen,hiding,mixed,high,True,False,False,True,1.0
d9aa7d65-0706-41a8-86e5-68d32ab33683,blind,355,attack_mixed_unseen,hiding,mixed,high,True,False,False,True,1.0
d9aa7d65-0706-41a8-86e5-68d32ab33683,blind,356,attack_mixed_unseen,hiding,mixed,high,True,False,False,True,1.0
d9aa7d65-0706-41a8-86e5-68d32ab33683,blind,357,attack_mixed_unseen,hiding,mixed,high,True,False,False,True,1.0
d9aa7d65-0706-41a8-86e5-68d32ab33683,blind,358,attack_mixed_unseen,hiding,mixed,high,True,False,False,True,1.0
d9aa7d65-0706-41a8-86e5-68d32ab33683,blind,359,attack_mixed_unseen,hiding,mixed,high,True,False,False,True,1.0
d9aa7d65-0706-41a8-86e5-68d32ab33683,blind,360,attack_mixed_unseen,hiding,mixed,high,True,False,False,True,1.0
d9aa7d65-0706-41a8-86e5-68d32ab33683,blind,361,attack_mixed_unseen,hiding,mixed,high,True,False,False,True,1.0
d9aa7d65-0706-41a8-86e5-68d32ab33683,blind,362,attack_mixed_unseen,hiding,mixed,high,True,False,False,True,1.0
d9aa7d65-0706-41a8-86e5-68d32ab33683,blind,363,attack_mixed_unseen,hiding,mixed,high,True,False,False,True,1.0
d9aa7d65-0706-41a8-86e5-68d32ab33683,blind,364,attack_mixed_unseen,hiding,mixed,high,True,False,False,True,1.0
d9aa7d65-0706-41a8-86e5-68d32ab33683,blind,365,attack_mixed_unseen,hiding,mixed,high,True,False,False,True,1.0
d9aa7d65-0706-41a8-86e5-68d32ab33683,blind,366,attack_mixed_unseen,hiding,mixed,high,True,False,False,True,1.0
d9aa7d65-0706-41a8-86e5-68d32ab33683,blind,367,attack_mixed_unseen,hiding,mixed,high,True,False,False,True,1.0
d9aa7d65-0706-41a8-86e5-68d32ab33683,blind,368,normal_recovery_2,unloaded,baseline,low,False,False,False,True,0.95
d9aa7d65-0706-41a8-86e5-68d32ab33683,blind,369,normal_recovery_2,unloaded,baseline,low,False,False,False,True,0.9
d9aa7d65-0706-41a8-86e5-68d32ab33683,blind,370,normal_recovery_2,unloaded,baseline,low,False,False,False,True,0.85
d9aa7d65-0706-41a8-86e5-68d32ab33683,blind,371,normal_recovery_2,unloaded,baseline,low,False,False,False,True,0.8
d9aa7d65-0706-41a8-86e5-68d32ab33683,blind,372,normal_recovery_2,unloaded,baseline,low,False,False,False,True,0.75
d9aa7d65-0706-41a8-86e5-68d32ab33683,blind,373,normal_recovery_2,unloaded,baseline,low,False,False,False,True,0.7
d9aa7d65-0706-41a8-86e5-68d32ab33683,blind,374,normal_recovery_2,unloaded,baseline,low,False,False,False,True,0.65
d9aa7d65-0706-41a8-86e5-68d32ab33683,blind,375,normal_recovery_2,unloaded,baseline,low,False,False,False,True,0.6
d9aa7d65-0706-41a8-86e5-68d32ab33683,blind,376,normal_recovery_2,unloaded,baseline,low,False,False,False,True,0.55
d9aa7d65-0706-41a8-86e5-68d32ab33683,blind,377,normal_recovery_2,unloaded,baseline,low,False,False,False,True,0.5
d9aa7d65-0706-41a8-86e5-68d32ab33683,blind,378,normal_recovery_2,unloaded,baseline,low,False,False,False,True,0.45
d9aa7d65-0706-41a8-86e5-68d32ab33683,blind,379,normal_recovery_2,unloaded,baseline,low,False,False,False,True,0.4
d9aa7d65-0706-41a8-86e5-68d32ab33683,blind,380,normal_recovery_2,unloaded,baseline,low,False,False,False,True,0.35
d9aa7d65-0706-41a8-86e5-68d32ab33683,blind,381,normal_recovery_2,unloaded,baseline,low,False,False,False,True,0.3
d9aa7d65-0706-41a8-86e5-68d32ab33683,blind,382,normal_recovery_2,unloaded,baseline,low,False,False,False,True,0.25
d9aa7d65-0706-41a8-86e5-68d32ab33683,blind,383,normal_recovery_2,unloaded,baseline,low,False,False,False,True,0.2
d9aa7d65-0706-41a8-86e5-68d32ab33683,blind,384,normal_recovery_2,unloaded,baseline,low,False,False,False,True,0.15
d9aa7d65-0706-41a8-86e5-68d32ab33683,blind,385,normal_recovery_2,unloaded,baseline,low,False,False,False,True,0.1
d9aa7d65-0706-41a8-86e5-68d32ab33683,blind,386,normal_recovery_2,unloaded,baseline,low,False,False,False,True,0.05
d9aa7d65-0706-41a8-86e5-68d32ab33683,blind,387,normal_recovery_2,unloaded,baseline,low,False,False,False,True,0.0
d9aa7d65-0706-41a8-86e5-68d32ab33683,blind,388,sham_negative_baseline,sham,baseline,low,False,True,True,True,0.0
d9aa7d65-0706-41a8-86e5-68d32ab33683,blind,389,sham_negative_baseline,sham,baseline,low,False,True,True,True,0.0
d9aa7d65-0706-41a8-86e5-68d32ab33683,blind,390,sham_negative_baseline,sham,baseline,low,False,True,True,True,0.0
d9aa7d65-0706-41a8-86e5-68d32ab33683,blind,391,sham_negative_baseline,sham,baseline,low,True,True,True,True,0.0
d9aa7d65-0706-41a8-86e5-68d32ab33683,blind,392,sham_negative_baseline,sham,baseline,low,False,True,True,True,0.0
d9aa7d65-0706-41a8-86e5-68d32ab33683,blind,393,sham_negative_baseline,sham,baseline,low,False,True,True,True,0.0
d9aa7d65-0706-41a8-86e5-68d32ab33683,blind,394,sham_negative_baseline,sham,baseline,low,False,True,True,True,0.0
d9aa7d65-0706-41a8-86e5-68d32ab33683,blind,395,sham_negative_baseline,sham,baseline,low,False,True,True,True,0.0
d9aa7d65-0706-41a8-86e5-68d32ab33683,blind,396,sham_negative_baseline,sham,baseline,low,False,True,True,True,0.0
d9aa7d65-0706-41a8-86e5-68d32ab33683,blind,397,sham_negative_baseline,sham,baseline,low,False,True,True,True,0.0
d9aa7d65-0706-41a8-86e5-68d32ab33683,blind,398,sham_negative_cpu,sham,cpu,high,True,True,True,True,0.0
d9aa7d65-0706-41a8-86e5-68d32ab33683,blind,399,sham_negative_cpu,sham,cpu,high,True,True,True,True,0.0
d9aa7d65-0706-41a8-86e5-68d32ab33683,blind,400,sham_negative_cpu,sham,cpu,high,False,True,True,True,0.0
d9aa7d65-0706-41a8-86e5-68d32ab33683,blind,401,sham_negative_cpu,sham,cpu,high,False,True,True,True,0.0
d9aa7d65-0706-41a8-86e5-68d32ab33683,blind,402,sham_negative_cpu,sham,cpu,high,False,True,True,True,0.0
d9aa7d65-0706-41a8-86e5-68d32ab33683,blind,403,sham_negative_cpu,sham,cpu,high,True,True,True,True,0.0
d9aa7d65-0706-41a8-86e5-68d32ab33683,blind,404,sham_negative_cpu,sham,cpu,high,True,True,True,True,0.0
d9aa7d65-0706-41a8-86e5-68d32ab33683,blind,405,sham_negative_cpu,sham,cpu,high,True,True,True,True,0.0
d9aa7d65-0706-41a8-86e5-68d32ab33683,blind,406,sham_negative_cpu,sham,cpu,high,True,True,True,True,0.0
d9aa7d65-0706-41a8-86e5-68d32ab33683,blind,407,sham_negative_cpu,sham,cpu,high,True,True,True,True,0.0
d9aa7d65-0706-41a8-86e5-68d32ab33683,guarded,48,normal_pre,unloaded,baseline,low,False,False,False,True,0.0
d9aa7d65-0706-41a8-86e5-68d32ab33683,guarded,49,normal_pre,unloaded,baseline,low,False,False,False,True,0.0
d9aa7d65-0706-41a8-86e5-68d32ab33683,guarded,50,normal_pre,unloaded,baseline,low,False,True,True,True,0.0
d9aa7d65-0706-41a8-86e5-68d32ab33683,guarded,51,normal_pre,unloaded,baseline,low,False,False,False,True,0.0
d9aa7d65-0706-41a8-86e5-68d32ab33683,guarded,52,normal_pre,unloaded,baseline,low,False,True,True,True,0.0
d9aa7d65-0706-41a8-86e5-68d32ab33683,guarded,53,normal_pre,unloaded,baseline,low,False,False,False,True,0.0
d9aa7d65-0706-41a8-86e5-68d32ab33683,guarded,54,normal_pre,unloaded,baseline,low,False,False,False,True,0.0
d9aa7d65-0706-41a8-86e5-68d32ab33683,guarded,55,normal_pre,unloaded,baseline,low,False,False,False,True,0.0
d9aa7d65-0706-41a8-86e5-68d32ab33683,guarded,56,normal_pre,unloaded,baseline,low,False,False,False,True,0.0
d9aa7d65-0706-41a8-86e5-68d32ab33683,guarded,57,normal_pre,unloaded,baseline,low,False,False,False,True,0.0
d9aa7d65-0706-41a8-86e5-68d32ab33683,guarded,58,normal_pre,unloaded,baseline,low,False,False,False,True,0.0
d9aa7d65-0706-41a8-86e5-68d32ab33683,guarded,59,normal_pre,unloaded,baseline,low,False,False,False,True,0.0
d9aa7d65-0706-41a8-86e5-68d32ab33683,guarded,60,normal_pre,unloaded,baseline,low,False,False,False,True,0.0
d9aa7d65-0706-41a8-86e5-68d32ab33683,guarded,61,normal_pre,unloaded,baseline,low,False,False,False,True,0.0
d9aa7d65-0706-41a8-86e5-68d32ab33683,guarded,62,normal_pre,unloaded,baseline,low,False,False,False,True,0.0
d9aa7d65-0706-41a8-86e5-68d32ab33683,guarded,63,normal_pre,unloaded,baseline,low,False,False,False,True,0.0
d9aa7d65-0706-41a8-86e5-68d32ab33683,guarded,64,normal_pre,unloaded,baseline,low,False,False,False,True,0.0
d9aa7d65-0706-41a8-86e5-68d32ab33683,guarded,65,normal_pre,unloaded,baseline,low,False,False,False,True,0.0
d9aa7d65-0706-41a8-86e5-68d32ab33683,guarded,66,normal_pre,unloaded,baseline,low,False,False,False,True,0.0
d9aa7d65-0706-41a8-86e5-68d32ab33683,guarded,67,normal_pre,unloaded,baseline,low,False,False,False,True,0.0
d9aa7d65-0706-41a8-86e5-68d32ab33683,guarded,68,benign_cpu_unseen,unloaded,cpu,high,False,False,False,True,0.0
d9aa7d65-0706-41a8-86e5-68d32ab33683,guarded,69,benign_cpu_unseen,unloaded,cpu,high,False,True,True,True,0.0
d9aa7d65-0706-41a8-86e5-68d32ab33683,guarded,70,benign_cpu_unseen,unloaded,cpu,high,False,False,False,True,0.0
d9aa7d65-0706-41a8-86e5-68d32ab33683,guarded,71,benign_cpu_unseen,unloaded,cpu,high,False,True,True,True,0.0
d9aa7d65-0706-41a8-86e5-68d32ab33683,guarded,72,benign_cpu_unseen,unloaded,cpu,high,False,False,False,True,0.0
d9aa7d65-0706-41a8-86e5-68d32ab33683,guarded,73,benign_cpu_unseen,unloaded,cpu,high,False,False,False,True,0.0
d9aa7d65-0706-41a8-86e5-68d32ab33683,guarded,74,benign_cpu_unseen,unloaded,cpu,high,False,True,True,True,0.0
d9aa7d65-0706-41a8-86e5-68d32ab33683,guarded,75,benign_cpu_unseen,unloaded,cpu,high,False,False,False,True,0.0
d9aa7d65-0706-41a8-86e5-68d32ab33683,guarded,76,benign_cpu_unseen,unloaded,cpu,high,False,False,False,True,0.0
d9aa7d65-0706-41a8-86e5-68d32ab33683,guarded,77,benign_cpu_unseen,unloaded,cpu,high,False,True,True,True,0.0
d9aa7d65-0706-41a8-86e5-68d32ab33683,guarded,78,benign_cpu_unseen,unloaded,cpu,high,False,False,False,True,0.0
d9aa7d65-0706-41a8-86e5-68d32ab33683,guarded,79,benign_cpu_unseen,unloaded,cpu,high,False,False,False,True,0.0
d9aa7d65-0706-41a8-86e5-68d32ab33683,guarded,80,benign_cpu_unseen,unloaded,cpu,high,False,False,False,True,0.0
d9aa7d65-0706-41a8-86e5-68d32ab33683,guarded,81,benign_cpu_unseen,unloaded,cpu,high,False,False,False,True,0.0
d9aa7d65-0706-41a8-86e5-68d32ab33683,guarded,82,benign_cpu_unseen,unloaded,cpu,high,False,False,False,True,0.0
d9aa7d65-0706-41a8-86e5-68d32ab33683,guarded,83,benign_cpu_unseen,unloaded,cpu,high,False,False,False,True,0.0
d9aa7d65-0706-41a8-86e5-68d32ab33683,guarded,84,benign_cpu_unseen,unloaded,cpu,high,False,False,False,True,0.0
d9aa7d65-0706-41a8-86e5-68d32ab33683,guarded,85,benign_cpu_unseen,unloaded,cpu,high,False,False,False,True,0.0
d9aa7d65-0706-41a8-86e5-68d32ab33683,guarded,86,benign_cpu_unseen,unloaded,cpu,high,False,False,False,True,0.0
d9aa7d65-0706-41a8-86e5-68d32ab33683,guarded,87,benign_cpu_unseen,unloaded,cpu,high,False,False,False,True,0.0
d9aa7d65-0706-41a8-86e5-68d32ab33683,guarded,88,benign_cpu_unseen,unloaded,cpu,high,False,False,False,True,0.0
d9aa7d65-0706-41a8-86e5-68d32ab33683,guarded,89,benign_cpu_unseen,unloaded,cpu,high,False,False,False,True,0.0
d9aa7d65-0706-41a8-86e5-68d32ab33683,guarded,90,benign_cpu_unseen,unloaded,cpu,high,False,False,False,True,0.0
d9aa7d65-0706-41a8-86e5-68d32ab33683,guarded,91,benign_cpu_unseen,unloaded,cpu,high,False,False,False,True,0.0
d9aa7d65-0706-41a8-86e5-68d32ab33683,guarded,92,benign_cpu_unseen,unloaded,cpu,high,False,True,True,True,0.0
d9aa7d65-0706-41a8-86e5-68d32ab33683,guarded,93,benign_cpu_unseen,unloaded,cpu,high,False,False,False,True,0.0
d9aa7d65-0706-41a8-86e5-68d32ab33683,guarded,94,benign_cpu_unseen,unloaded,cpu,high,False,False,False,True,0.0
d9aa7d65-0706-41a8-86e5-68d32ab33683,guarded,95,benign_cpu_unseen,unloaded,cpu,high,False,False,False,True,0.0
d9aa7d65-0706-41a8-86e5-68d32ab33683,guarded,96,benign_cpu_unseen,unloaded,cpu,high,False,False,False,True,0.0
d9aa7d65-0706-41a8-86e5-68d32ab33683,guarded,97,benign_cpu_unseen,unloaded,cpu,high,False,False,False,True,0.0
d9aa7d65-0706-41a8-86e5-68d32ab33683,guarded,98,benign_cpu_unseen,unloaded,cpu,high,False,False,False,True,0.0
d9aa7d65-0706-41a8-86e5-68d32ab33683,guarded,99,benign_cpu_unseen,unloaded,cpu,high,False,False,False,True,0.0
d9aa7d65-0706-41a8-86e5-68d32ab33683,guarded,100,benign_cpu_unseen,unloaded,cpu,high,False,False,False,True,0.0
d9aa7d65-0706-41a8-86e5-68d32ab33683,guarded,101,benign_cpu_unseen,unloaded,cpu,high,False,False,False,True,0.0
d9aa7d65-0706-41a8-86e5-68d32ab33683,guarded,102,benign_cpu_unseen,unloaded,cpu,high,False,False,False,True,0.0
d9aa7d65-0706-41a8-86e5-68d32ab33683,guarded,103,benign_cpu_unseen,unloaded,cpu,high,False,False,False,True,0.0
d9aa7d65-0706-41a8-86e5-68d32ab33683,guarded,104,benign_cpu_unseen,unloaded,cpu,high,False,False,False,True,0.0
d9aa7d65-0706-41a8-86e5-68d32ab33683,guarded,105,benign_cpu_unseen,unloaded,cpu,high,False,False,False,True,0.0
d9aa7d65-0706-41a8-86e5-68d32ab33683,guarded,106,benign_cpu_unseen,unloaded,cpu,high,False,False,False,True,0.0
d9aa7d65-0706-41a8-86e5-68d32ab33683,guarded,107,benign_cpu_unseen,unloaded,cpu,high,False,False,False,True,0.0
d9aa7d65-0706-41a8-86e5-68d32ab33683,guarded,108,benign_memory_unseen,unloaded,memory,low,False,False,False,True,0.0
d9aa7d65-0706-41a8-86e5-68d32ab33683,guarded,109,benign_memory_unseen,unloaded,memory,low,False,False,False,True,0.0
d9aa7d65-0706-41a8-86e5-68d32ab33683,guarded,110,benign_memory_unseen,unloaded,memory,low,False,False,False,True,0.0
d9aa7d65-0706-41a8-86e5-68d32ab33683,guarded,111,benign_memory_unseen,unloaded,memory,low,False,False,False,True,0.0
d9aa7d65-0706-41a8-86e5-68d32ab33683,guarded,112,benign_memory_unseen,unloaded,memory,low,False,False,False,True,0.0
d9aa7d65-0706-41a8-86e5-68d32ab33683,guarded,113,benign_memory_unseen,unloaded,memory,low,False,False,False,True,0.0
d9aa7d65-0706-41a8-86e5-68d32ab33683,guarded,114,benign_memory_unseen,unloaded,memory,low,False,False,False,True,0.0
d9aa7d65-0706-41a8-86e5-68d32ab33683,guarded,115,benign_memory_unseen,unloaded,memory,low,False,False,False,True,0.0
d9aa7d65-0706-41a8-86e5-68d32ab33683,guarded,116,benign_memory_unseen,unloaded,memory,low,False,False,False,True,0.0
d9aa7d65-0706-41a8-86e5-68d32ab33683,guarded,117,benign_memory_unseen,unloaded,memory,low,False,True,True,True,0.0
d9aa7d65-0706-41a8-86e5-68d32ab33683,guarded,118,benign_memory_unseen,unloaded,memory,low,False,False,False,True,0.0
d9aa7d65-0706-41a8-86e5-68d32ab33683,guarded,119,benign_memory_unseen,unloaded,memory,low,False,False,False,True,0.0
d9aa7d65-0706-41a8-86e5-68d32ab33683,guarded,120,benign_memory_unseen,unloaded,memory,low,False,False,False,True,0.0
d9aa7d65-0706-41a8-86e5-68d32ab33683,guarded,121,benign_memory_unseen,unloaded,memory,low,False,False,False,True,0.0
d9aa7d65-0706-41a8-86e5-68d32ab33683,guarded,122,benign_memory_unseen,unloaded,memory,low,False,False,False,True,0.0
d9aa7d65-0706-41a8-86e5-68d32ab33683,guarded,123,benign_memory_unseen,unloaded,memory,low,False,False,False,True,0.0
d9aa7d65-0706-41a8-86e5-68d32ab33683,guarded,124,benign_memory_unseen,unloaded,memory,low,False,False,False,True,0.0
d9aa7d65-0706-41a8-86e5-68d32ab33683,guarded,125,benign_memory_unseen,unloaded,memory,low,False,False,False,True,0.0
d9aa7d65-0706-41a8-86e5-68d32ab33683,guarded,126,benign_memory_unseen,unloaded,memory,low,False,False,False,True,0.0
d9aa7d65-0706-41a8-86e5-68d32ab33683,guarded,127,benign_memory_unseen,unloaded,memory,low,False,False,False,True,0.0
d9aa7d65-0706-41a8-86e5-68d32ab33683,guarded,128,benign_memory_unseen,unloaded,memory,low,False,False,False,True,0.0
d9aa7d65-0706-41a8-86e5-68d32ab33683,guarded,129,benign_memory_unseen,unloaded,memory,low,False,False,False,True,0.0
d9aa7d65-0706-41a8-86e5-68d32ab33683,guarded,130,benign_memory_unseen,unloaded,memory,low,False,False,False,True,0.0
d9aa7d65-0706-41a8-86e5-68d32ab33683,guarded,131,benign_memory_unseen,unloaded,memory,low,False,False,False,True,0.0
d9aa7d65-0706-41a8-86e5-68d32ab33683,guarded,132,benign_memory_unseen,unloaded,memory,low,False,False,False,True,0.0
d9aa7d65-0706-41a8-86e5-68d32ab33683,guarded,133,benign_memory_unseen,unloaded,memory,low,False,False,False,True,0.0
d9aa7d65-0706-41a8-86e5-68d32ab33683,guarded,134,benign_memory_unseen,unloaded,memory,low,False,False,False,True,0.0
d9aa7d65-0706-41a8-86e5-68d32ab33683,guarded,135,benign_memory_unseen,unloaded,memory,low,False,False,False,True,0.0
d9aa7d65-0706-41a8-86e5-68d32ab33683,guarded,136,benign_memory_unseen,unloaded,memory,low,False,False,False,True,0.0
d9aa7d65-0706-41a8-86e5-68d32ab33683,guarded,137,benign_memory_unseen,unloaded,memory,low,False,False,False,True,0.0
d9aa7d65-0706-41a8-86e5-68d32ab33683,guarded,138,benign_memory_unseen,unloaded,memory,low,False,False,False,True,0.0
d9aa7d65-0706-41a8-86e5-68d32ab33683,guarded,139,benign_memory_unseen,unloaded,memory,low,False,False,False,True,0.0
d9aa7d65-0706-41a8-86e5-68d32ab33683,guarded,140,benign_memory_unseen,unloaded,memory,low,False,False,False,True,0.0
d9aa7d65-0706-41a8-86e5-68d32ab33683,guarded,141,benign_memory_unseen,unloaded,memory,low,False,False,False,True,0.0
d9aa7d65-0706-41a8-86e5-68d32ab33683,guarded,142,benign_memory_unseen,unloaded,memory,low,False,False,False,True,0.0
d9aa7d65-0706-41a8-86e5-68d32ab33683,guarded,143,benign_memory_unseen,unloaded,memory,low,False,False,False,True,0.0
d9aa7d65-0706-41a8-86e5-68d32ab33683,guarded,144,benign_memory_unseen,unloaded,memory,low,False,False,False,True,0.0
d9aa7d65-0706-41a8-86e5-68d32ab33683,guarded,145,benign_memory_unseen,unloaded,memory,low,False,False,False,True,0.0
d9aa7d65-0706-41a8-86e5-68d32ab33683,guarded,146,benign_memory_unseen,unloaded,memory,low,False,False,False,True,0.0
d9aa7d65-0706-41a8-86e5-68d32ab33683,guarded,147,benign_memory_unseen,unloaded,memory,low,False,False,False,True,0.0
d9aa7d65-0706-41a8-86e5-68d32ab33683,guarded,148,benign_mixed_unseen,unloaded,mixed,high,False,True,True,True,0.0
d9aa7d65-0706-41a8-86e5-68d32ab33683,guarded,149,benign_mixed_unseen,unloaded,mixed,high,False,False,False,True,0.0
d9aa7d65-0706-41a8-86e5-68d32ab33683,guarded,150,benign_mixed_unseen,unloaded,mixed,high,False,False,False,True,0.0
d9aa7d65-0706-41a8-86e5-68d32ab33683,guarded,151,benign_mixed_unseen,unloaded,mixed,high,False,False,False,True,0.0
d9aa7d65-0706-41a8-86e5-68d32ab33683,guarded,152,benign_mixed_unseen,unloaded,mixed,high,False,False,False,True,0.0
d9aa7d65-0706-41a8-86e5-68d32ab33683,guarded,153,benign_mixed_unseen,unloaded,mixed,high,False,False,False,True,0.0
d9aa7d65-0706-41a8-86e5-68d32ab33683,guarded,154,benign_mixed_unseen,unloaded,mixed,high,False,True,True,True,0.0
d9aa7d65-0706-41a8-86e5-68d32ab33683,guarded,155,benign_mixed_unseen,unloaded,mixed,high,False,False,False,True,0.0
d9aa7d65-0706-41a8-86e5-68d32ab33683,guarded,156,benign_mixed_unseen,unloaded,mixed,high,False,False,False,True,0.0
d9aa7d65-0706-41a8-86e5-68d32ab33683,guarded,157,benign_mixed_unseen,unloaded,mixed,high,False,False,False,True,0.0
d9aa7d65-0706-41a8-86e5-68d32ab33683,guarded,158,benign_mixed_unseen,unloaded,mixed,high,False,False,False,True,0.0
d9aa7d65-0706-41a8-86e5-68d32ab33683,guarded,159,benign_mixed_unseen,unloaded,mixed,high,False,False,False,True,0.0
d9aa7d65-0706-41a8-86e5-68d32ab33683,guarded,160,benign_mixed_unseen,unloaded,mixed,high,False,False,False,True,0.0
d9aa7d65-0706-41a8-86e5-68d32ab33683,guarded,161,benign_mixed_unseen,unloaded,mixed,high,False,False,False,True,0.0
d9aa7d65-0706-41a8-86e5-68d32ab33683,guarded,162,benign_mixed_unseen,unloaded,mixed,high,False,False,False,True,0.0
d9aa7d65-0706-41a8-86e5-68d32ab33683,guarded,163,benign_mixed_unseen,unloaded,mixed,high,False,False,False,True,0.0
d9aa7d65-0706-41a8-86e5-68d32ab33683,guarded,164,benign_mixed_unseen,unloaded,mixed,high,False,False,False,True,0.0
d9aa7d65-0706-41a8-86e5-68d32ab33683,guarded,165,benign_mixed_unseen,unloaded,mixed,high,False,False,False,True,0.0
d9aa7d65-0706-41a8-86e5-68d32ab33683,guarded,166,benign_mixed_unseen,unloaded,mixed,high,False,False,False,True,0.0
d9aa7d65-0706-41a8-86e5-68d32ab33683,guarded,167,benign_mixed_unseen,unloaded,mixed,high,False,False,False,True,0.0
d9aa7d65-0706-41a8-86e5-68d32ab33683,guarded,168,benign_mixed_unseen,unloaded,mixed,high,False,False,False,True,0.0
d9aa7d65-0706-41a8-86e5-68d32ab33683,guarded,169,benign_mixed_unseen,unloaded,mixed,high,False,False,False,True,0.0
d9aa7d65-0706-41a8-86e5-68d32ab33683,guarded,170,benign_mixed_unseen,unloaded,mixed,high,False,False,False,True,0.0
d9aa7d65-0706-41a8-86e5-68d32ab33683,guarded,171,benign_mixed_unseen,unloaded,mixed,high,False,False,False,True,0.0
d9aa7d65-0706-41a8-86e5-68d32ab33683,guarded,172,benign_mixed_unseen,unloaded,mixed,high,False,False,False,True,0.0
d9aa7d65-0706-41a8-86e5-68d32ab33683,guarded,173,benign_mixed_unseen,unloaded,mixed,high,False,False,False,True,0.0
d9aa7d65-0706-41a8-86e5-68d32ab33683,guarded,174,benign_mixed_unseen,unloaded,mixed,high,False,False,False,True,0.0
d9aa7d65-0706-41a8-86e5-68d32ab33683,guarded,175,benign_mixed_unseen,unloaded,mixed,high,False,False,False,True,0.0
d9aa7d65-0706-41a8-86e5-68d32ab33683,guarded,176,benign_mixed_unseen,unloaded,mixed,high,False,False,False,True,0.0
d9aa7d65-0706-41a8-86e5-68d32ab33683,guarded,177,benign_mixed_unseen,unloaded,mixed,high,False,False,False,True,0.0
d9aa7d65-0706-41a8-86e5-68d32ab33683,guarded,178,benign_mixed_unseen,unloaded,mixed,high,False,False,False,True,0.0
d9aa7d65-0706-41a8-86e5-68d32ab33683,guarded,179,benign_mixed_unseen,unloaded,mixed,high,False,False,False,True,0.0
d9aa7d65-0706-41a8-86e5-68d32ab33683,guarded,180,benign_mixed_unseen,unloaded,mixed,high,False,False,False,True,0.0
d9aa7d65-0706-41a8-86e5-68d32ab33683,guarded,181,benign_mixed_unseen,unloaded,mixed,high,False,False,False,True,0.0
d9aa7d65-0706-41a8-86e5-68d32ab33683,guarded,182,benign_mixed_unseen,unloaded,mixed,high,False,False,False,True,0.0
d9aa7d65-0706-41a8-86e5-68d32ab33683,guarded,183,benign_mixed_unseen,unloaded,mixed,high,False,True,True,True,0.0
d9aa7d65-0706-41a8-86e5-68d32ab33683,guarded,184,benign_mixed_unseen,unloaded,mixed,high,False,False,False,True,0.0
d9aa7d65-0706-41a8-86e5-68d32ab33683,guarded,185,benign_mixed_unseen,unloaded,mixed,high,False,False,False,True,0.0
d9aa7d65-0706-41a8-86e5-68d32ab33683,guarded,186,benign_mixed_unseen,unloaded,mixed,high,False,False,False,True,0.0
d9aa7d65-0706-41a8-86e5-68d32ab33683,guarded,187,benign_mixed_unseen,unloaded,mixed,high,False,False,False,True,0.0
d9aa7d65-0706-41a8-86e5-68d32ab33683,guarded,188,normal_recovery_1,unloaded,baseline,low,False,False,False,True,0.0
d9aa7d65-0706-41a8-86e5-68d32ab33683,guarded,189,normal_recovery_1,unloaded,baseline,low,False,False,False,True,0.0
d9aa7d65-0706-41a8-86e5-68d32ab33683,guarded,190,normal_recovery_1,unloaded,baseline,low,False,False,False,True,0.0
d9aa7d65-0706-41a8-86e5-68d32ab33683,guarded,191,normal_recovery_1,unloaded,baseline,low,False,True,True,True,0.0
d9aa7d65-0706-41a8-86e5-68d32ab33683,guarded,192,normal_recovery_1,unloaded,baseline,low,False,False,False,True,0.0
d9aa7d65-0706-41a8-86e5-68d32ab33683,guarded,193,normal_recovery_1,unloaded,baseline,low,False,False,False,True,0.0
d9aa7d65-0706-41a8-86e5-68d32ab33683,guarded,194,normal_recovery_1,unloaded,baseline,low,False,False,False,True,0.0
d9aa7d65-0706-41a8-86e5-68d32ab33683,guarded,195,normal_recovery_1,unloaded,baseline,low,False,False,False,True,0.0
d9aa7d65-0706-41a8-86e5-68d32ab33683,guarded,196,normal_recovery_1,unloaded,baseline,low,False,True,True,True,0.0
d9aa7d65-0706-41a8-86e5-68d32ab33683,guarded,197,normal_recovery_1,unloaded,baseline,low,False,False,False,True,0.0
d9aa7d65-0706-41a8-86e5-68d32ab33683,guarded,198,normal_recovery_1,unloaded,baseline,low,False,False,False,True,0.0
d9aa7d65-0706-41a8-86e5-68d32ab33683,guarded,199,normal_recovery_1,unloaded,baseline,low,False,False,False,True,0.0
d9aa7d65-0706-41a8-86e5-68d32ab33683,guarded,200,normal_recovery_1,unloaded,baseline,low,False,False,False,True,0.0
d9aa7d65-0706-41a8-86e5-68d32ab33683,guarded,201,normal_recovery_1,unloaded,baseline,low,False,False,False,True,0.0
d9aa7d65-0706-41a8-86e5-68d32ab33683,guarded,202,normal_recovery_1,unloaded,baseline,low,False,False,False,True,0.0
d9aa7d65-0706-41a8-86e5-68d32ab33683,guarded,203,normal_recovery_1,unloaded,baseline,low,False,False,False,True,0.0
d9aa7d65-0706-41a8-86e5-68d32ab33683,guarded,204,normal_recovery_1,unloaded,baseline,low,False,False,False,True,0.0
d9aa7d65-0706-41a8-86e5-68d32ab33683,guarded,205,normal_recovery_1,unloaded,baseline,low,False,False,False,True,0.0
d9aa7d65-0706-41a8-86e5-68d32ab33683,guarded,206,normal_recovery_1,unloaded,baseline,low,False,False,False,True,0.0
d9aa7d65-0706-41a8-86e5-68d32ab33683,guarded,207,normal_recovery_1,unloaded,baseline,low,False,True,True,True,0.0
d9aa7d65-0706-41a8-86e5-68d32ab33683,guarded,208,attack_baseline,hiding,baseline,low,True,True,True,False,0.0
d9aa7d65-0706-41a8-86e5-68d32ab33683,guarded,209,attack_baseline,hiding,baseline,low,True,True,True,False,0.0
d9aa7d65-0706-41a8-86e5-68d32ab33683,guarded,210,attack_baseline,hiding,baseline,low,True,True,True,False,0.0
d9aa7d65-0706-41a8-86e5-68d32ab33683,guarded,211,attack_baseline,hiding,baseline,low,True,True,True,False,0.0
d9aa7d65-0706-41a8-86e5-68d32ab33683,guarded,212,attack_baseline,hiding,baseline,low,True,True,True,False,0.0
d9aa7d65-0706-41a8-86e5-68d32ab33683,guarded,213,attack_baseline,hiding,baseline,low,True,True,True,False,0.0
d9aa7d65-0706-41a8-86e5-68d32ab33683,guarded,214,attack_baseline,hiding,baseline,low,True,True,True,False,0.0
d9aa7d65-0706-41a8-86e5-68d32ab33683,guarded,215,attack_baseline,hiding,baseline,low,True,True,True,False,0.0
d9aa7d65-0706-41a8-86e5-68d32ab33683,guarded,216,attack_baseline,hiding,baseline,low,True,True,True,False,0.0
d9aa7d65-0706-41a8-86e5-68d32ab33683,guarded,217,attack_baseline,hiding,baseline,low,True,True,True,False,0.0
d9aa7d65-0706-41a8-86e5-68d32ab33683,guarded,218,attack_baseline,hiding,baseline,low,True,True,True,False,0.0
d9aa7d65-0706-41a8-86e5-68d32ab33683,guarded,219,attack_baseline,hiding,baseline,low,True,True,True,False,0.0
d9aa7d65-0706-41a8-86e5-68d32ab33683,guarded,220,attack_baseline,hiding,baseline,low,True,True,True,False,0.0
d9aa7d65-0706-41a8-86e5-68d32ab33683,guarded,221,attack_baseline,hiding,baseline,low,True,True,True,False,0.0
d9aa7d65-0706-41a8-86e5-68d32ab33683,guarded,222,attack_baseline,hiding,baseline,low,True,True,True,False,0.0
d9aa7d65-0706-41a8-86e5-68d32ab33683,guarded,223,attack_baseline,hiding,baseline,low,True,True,True,False,0.0
d9aa7d65-0706-41a8-86e5-68d32ab33683,guarded,224,attack_baseline,hiding,baseline,low,True,True,True,False,0.0
d9aa7d65-0706-41a8-86e5-68d32ab33683,guarded,225,attack_baseline,hiding,baseline,low,True,True,True,False,0.0
d9aa7d65-0706-41a8-86e5-68d32ab33683,guarded,226,attack_baseline,hiding,baseline,low,True,True,True,False,0.0
d9aa7d65-0706-41a8-86e5-68d32ab33683,guarded,227,attack_baseline,hiding,baseline,low,True,True,True,False,0.0
d9aa7d65-0706-41a8-86e5-68d32ab33683,guarded,228,attack_baseline,hiding,baseline,low,True,True,True,False,0.0
d9aa7d65-0706-41a8-86e5-68d32ab33683,guarded,229,attack_baseline,hiding,baseline,low,True,True,True,False,0.0
d9aa7d65-0706-41a8-86e5-68d32ab33683,guarded,230,attack_baseline,hiding,baseline,low,True,True,True,False,0.0
d9aa7d65-0706-41a8-86e5-68d32ab33683,guarded,231,attack_baseline,hiding,baseline,low,True,True,True,False,0.0
d9aa7d65-0706-41a8-86e5-68d32ab33683,guarded,232,attack_baseline,hiding,baseline,low,True,True,True,False,0.0
d9aa7d65-0706-41a8-86e5-68d32ab33683,guarded,233,attack_baseline,hiding,baseline,low,True,True,True,False,0.0
d9aa7d65-0706-41a8-86e5-68d32ab33683,guarded,234,attack_baseline,hiding,baseline,low,True,True,True,False,0.0
d9aa7d65-0706-41a8-86e5-68d32ab33683,guarded,235,attack_baseline,hiding,baseline,low,True,True,True,False,0.0
d9aa7d65-0706-41a8-86e5-68d32ab33683,guarded,236,attack_baseline,hiding,baseline,low,True,True,True,False,0.0
d9aa7d65-0706-41a8-86e5-68d32ab33683,guarded,237,attack_baseline,hiding,baseline,low,True,True,True,False,0.0
d9aa7d65-0706-41a8-86e5-68d32ab33683,guarded,238,attack_baseline,hiding,baseline,low,True,True,True,False,0.0
d9aa7d65-0706-41a8-86e5-68d32ab33683,guarded,239,attack_baseline,hiding,baseline,low,True,True,True,False,0.0
d9aa7d65-0706-41a8-86e5-68d32ab33683,guarded,240,attack_baseline,hiding,baseline,low,True,True,True,False,0.0
d9aa7d65-0706-41a8-86e5-68d32ab33683,guarded,241,attack_baseline,hiding,baseline,low,True,True,True,False,0.0
d9aa7d65-0706-41a8-86e5-68d32ab33683,guarded,242,attack_baseline,hiding,baseline,low,True,True,True,False,0.0
d9aa7d65-0706-41a8-86e5-68d32ab33683,guarded,243,attack_baseline,hiding,baseline,low,True,True,True,False,0.0
d9aa7d65-0706-41a8-86e5-68d32ab33683,guarded,244,attack_baseline,hiding,baseline,low,True,True,True,False,0.0
d9aa7d65-0706-41a8-86e5-68d32ab33683,guarded,245,attack_baseline,hiding,baseline,low,True,True,True,False,0.0
d9aa7d65-0706-41a8-86e5-68d32ab33683,guarded,246,attack_baseline,hiding,baseline,low,True,True,True,False,0.0
d9aa7d65-0706-41a8-86e5-68d32ab33683,guarded,247,attack_baseline,hiding,baseline,low,True,True,True,False,0.0
d9aa7d65-0706-41a8-86e5-68d32ab33683,guarded,248,attack_cpu,hiding,cpu,high,True,True,True,False,0.0
d9aa7d65-0706-41a8-86e5-68d32ab33683,guarded,249,attack_cpu,hiding,cpu,high,True,True,True,False,0.0
d9aa7d65-0706-41a8-86e5-68d32ab33683,guarded,250,attack_cpu,hiding,cpu,high,True,True,True,False,0.0
d9aa7d65-0706-41a8-86e5-68d32ab33683,guarded,251,attack_cpu,hiding,cpu,high,True,True,True,False,0.0
d9aa7d65-0706-41a8-86e5-68d32ab33683,guarded,252,attack_cpu,hiding,cpu,high,True,True,True,False,0.0
d9aa7d65-0706-41a8-86e5-68d32ab33683,guarded,253,attack_cpu,hiding,cpu,high,True,True,True,False,0.0
d9aa7d65-0706-41a8-86e5-68d32ab33683,guarded,254,attack_cpu,hiding,cpu,high,True,True,True,False,0.0
d9aa7d65-0706-41a8-86e5-68d32ab33683,guarded,255,attack_cpu,hiding,cpu,high,True,True,True,False,0.0
d9aa7d65-0706-41a8-86e5-68d32ab33683,guarded,256,attack_cpu,hiding,cpu,high,True,True,True,False,0.0
d9aa7d65-0706-41a8-86e5-68d32ab33683,guarded,257,attack_cpu,hiding,cpu,high,True,True,True,False,0.0
d9aa7d65-0706-41a8-86e5-68d32ab33683,guarded,258,attack_cpu,hiding,cpu,high,True,True,True,False,0.0
d9aa7d65-0706-41a8-86e5-68d32ab33683,guarded,259,attack_cpu,hiding,cpu,high,True,True,True,False,0.0
d9aa7d65-0706-41a8-86e5-68d32ab33683,guarded,260,attack_cpu,hiding,cpu,high,True,True,True,False,0.0
d9aa7d65-0706-41a8-86e5-68d32ab33683,guarded,261,attack_cpu,hiding,cpu,high,True,True,True,False,0.0
d9aa7d65-0706-41a8-86e5-68d32ab33683,guarded,262,attack_cpu,hiding,cpu,high,True,True,True,False,0.0
d9aa7d65-0706-41a8-86e5-68d32ab33683,guarded,263,attack_cpu,hiding,cpu,high,True,True,True,False,0.0
d9aa7d65-0706-41a8-86e5-68d32ab33683,guarded,264,attack_cpu,hiding,cpu,high,True,True,True,False,0.0
d9aa7d65-0706-41a8-86e5-68d32ab33683,guarded,265,attack_cpu,hiding,cpu,high,True,True,True,False,0.0
d9aa7d65-0706-41a8-86e5-68d32ab33683,guarded,266,attack_cpu,hiding,cpu,high,True,True,True,False,0.0
d9aa7d65-0706-41a8-86e5-68d32ab33683,guarded,267,attack_cpu,hiding,cpu,high,True,True,True,False,0.0
d9aa7d65-0706-41a8-86e5-68d32ab33683,guarded,268,attack_cpu,hiding,cpu,high,True,True,True,False,0.0
d9aa7d65-0706-41a8-86e5-68d32ab33683,guarded,269,attack_cpu,hiding,cpu,high,True,True,True,False,0.0
d9aa7d65-0706-41a8-86e5-68d32ab33683,guarded,270,attack_cpu,hiding,cpu,high,True,True,True,False,0.0
d9aa7d65-0706-41a8-86e5-68d32ab33683,guarded,271,attack_cpu,hiding,cpu,high,True,True,True,False,0.0
d9aa7d65-0706-41a8-86e5-68d32ab33683,guarded,272,attack_cpu,hiding,cpu,high,True,True,True,False,0.0
d9aa7d65-0706-41a8-86e5-68d32ab33683,guarded,273,attack_cpu,hiding,cpu,high,True,True,True,False,0.0
d9aa7d65-0706-41a8-86e5-68d32ab33683,guarded,274,attack_cpu,hiding,cpu,high,True,True,True,False,0.0
d9aa7d65-0706-41a8-86e5-68d32ab33683,guarded,275,attack_cpu,hiding,cpu,high,True,True,True,False,0.0
d9aa7d65-0706-41a8-86e5-68d32ab33683,guarded,276,attack_cpu,hiding,cpu,high,True,True,True,False,0.0
d9aa7d65-0706-41a8-86e5-68d32ab33683,guarded,277,attack_cpu,hiding,cpu,high,True,True,True,False,0.0
d9aa7d65-0706-41a8-86e5-68d32ab33683,guarded,278,attack_cpu,hiding,cpu,high,True,True,True,False,0.0
d9aa7d65-0706-41a8-86e5-68d32ab33683,guarded,279,attack_cpu,hiding,cpu,high,True,True,True,False,0.0
d9aa7d65-0706-41a8-86e5-68d32ab33683,guarded,280,attack_cpu,hiding,cpu,high,True,True,True,False,0.0
d9aa7d65-0706-41a8-86e5-68d32ab33683,guarded,281,attack_cpu,hiding,cpu,high,True,True,True,False,0.0
d9aa7d65-0706-41a8-86e5-68d32ab33683,guarded,282,attack_cpu,hiding,cpu,high,True,True,True,False,0.0
d9aa7d65-0706-41a8-86e5-68d32ab33683,guarded,283,attack_cpu,hiding,cpu,high,True,True,True,False,0.0
d9aa7d65-0706-41a8-86e5-68d32ab33683,guarded,284,attack_cpu,hiding,cpu,high,True,True,True,False,0.0
d9aa7d65-0706-41a8-86e5-68d32ab33683,guarded,285,attack_cpu,hiding,cpu,high,True,True,True,False,0.0
d9aa7d65-0706-41a8-86e5-68d32ab33683,guarded,286,attack_cpu,hiding,cpu,high,True,True,True,False,0.0
d9aa7d65-0706-41a8-86e5-68d32ab33683,guarded,287,attack_cpu,hiding,cpu,high,True,True,True,False,0.0
d9aa7d65-0706-41a8-86e5-68d32ab33683,guarded,288,attack_memory_unseen,hiding,memory,low,True,True,True,False,0.0
d9aa7d65-0706-41a8-86e5-68d32ab33683,guarded,289,attack_memory_unseen,hiding,memory,low,True,True,True,False,0.0
d9aa7d65-0706-41a8-86e5-68d32ab33683,guarded,290,attack_memory_unseen,hiding,memory,low,True,True,True,False,0.0
d9aa7d65-0706-41a8-86e5-68d32ab33683,guarded,291,attack_memory_unseen,hiding,memory,low,True,True,True,False,0.0
d9aa7d65-0706-41a8-86e5-68d32ab33683,guarded,292,attack_memory_unseen,hiding,memory,low,True,True,True,False,0.0
d9aa7d65-0706-41a8-86e5-68d32ab33683,guarded,293,attack_memory_unseen,hiding,memory,low,True,True,True,False,0.0
d9aa7d65-0706-41a8-86e5-68d32ab33683,guarded,294,attack_memory_unseen,hiding,memory,low,True,True,True,False,0.0
d9aa7d65-0706-41a8-86e5-68d32ab33683,guarded,295,attack_memory_unseen,hiding,memory,low,True,True,True,False,0.0
d9aa7d65-0706-41a8-86e5-68d32ab33683,guarded,296,attack_memory_unseen,hiding,memory,low,True,True,True,False,0.0
d9aa7d65-0706-41a8-86e5-68d32ab33683,guarded,297,attack_memory_unseen,hiding,memory,low,True,True,True,False,0.0
d9aa7d65-0706-41a8-86e5-68d32ab33683,guarded,298,attack_memory_unseen,hiding,memory,low,True,True,True,False,0.0
d9aa7d65-0706-41a8-86e5-68d32ab33683,guarded,299,attack_memory_unseen,hiding,memory,low,True,True,True,False,0.0
d9aa7d65-0706-41a8-86e5-68d32ab33683,guarded,300,attack_memory_unseen,hiding,memory,low,True,True,True,False,0.0
d9aa7d65-0706-41a8-86e5-68d32ab33683,guarded,301,attack_memory_unseen,hiding,memory,low,True,True,True,False,0.0
d9aa7d65-0706-41a8-86e5-68d32ab33683,guarded,302,attack_memory_unseen,hiding,memory,low,True,True,True,False,0.0
d9aa7d65-0706-41a8-86e5-68d32ab33683,guarded,303,attack_memory_unseen,hiding,memory,low,True,True,True,False,0.0
d9aa7d65-0706-41a8-86e5-68d32ab33683,guarded,304,attack_memory_unseen,hiding,memory,low,True,True,True,False,0.0
d9aa7d65-0706-41a8-86e5-68d32ab33683,guarded,305,attack_memory_unseen,hiding,memory,low,True,True,True,False,0.0
d9aa7d65-0706-41a8-86e5-68d32ab33683,guarded,306,attack_memory_unseen,hiding,memory,low,True,True,True,False,0.0
d9aa7d65-0706-41a8-86e5-68d32ab33683,guarded,307,attack_memory_unseen,hiding,memory,low,True,True,True,False,0.0
d9aa7d65-0706-41a8-86e5-68d32ab33683,guarded,308,attack_memory_unseen,hiding,memory,low,True,True,True,False,0.0
d9aa7d65-0706-41a8-86e5-68d32ab33683,guarded,309,attack_memory_unseen,hiding,memory,low,True,True,True,False,0.0
d9aa7d65-0706-41a8-86e5-68d32ab33683,guarded,310,attack_memory_unseen,hiding,memory,low,True,True,True,False,0.0
d9aa7d65-0706-41a8-86e5-68d32ab33683,guarded,311,attack_memory_unseen,hiding,memory,low,True,True,True,False,0.0
d9aa7d65-0706-41a8-86e5-68d32ab33683,guarded,312,attack_memory_unseen,hiding,memory,low,True,True,True,False,0.0
d9aa7d65-0706-41a8-86e5-68d32ab33683,guarded,313,attack_memory_unseen,hiding,memory,low,True,True,True,False,0.0
d9aa7d65-0706-41a8-86e5-68d32ab33683,guarded,314,attack_memory_unseen,hiding,memory,low,True,True,True,False,0.0
d9aa7d65-0706-41a8-86e5-68d32ab33683,guarded,315,attack_memory_unseen,hiding,memory,low,True,True,True,False,0.0
d9aa7d65-0706-41a8-86e5-68d32ab33683,guarded,316,attack_memory_unseen,hiding,memory,low,True,True,True,False,0.0
d9aa7d65-0706-41a8-86e5-68d32ab33683,guarded,317,attack_memory_unseen,hiding,memory,low,True,True,True,False,0.0
d9aa7d65-0706-41a8-86e5-68d32ab33683,guarded,318,attack_memory_unseen,hiding,memory,low,True,True,True,False,0.0
d9aa7d65-0706-41a8-86e5-68d32ab33683,guarded,319,attack_memory_unseen,hiding,memory,low,True,True,True,False,0.0
d9aa7d65-0706-41a8-86e5-68d32ab33683,guarded,320,attack_memory_unseen,hiding,memory,low,True,True,True,False,0.0
d9aa7d65-0706-41a8-86e5-68d32ab33683,guarded,321,attack_memory_unseen,hiding,memory,low,True,True,True,False,0.0
d9aa7d65-0706-41a8-86e5-68d32ab33683,guarded,322,attack_memory_unseen,hiding,memory,low,True,True,True,False,0.0
d9aa7d65-0706-41a8-86e5-68d32ab33683,guarded,323,attack_memory_unseen,hiding,memory,low,True,True,True,False,0.0
d9aa7d65-0706-41a8-86e5-68d32ab33683,guarded,324,attack_memory_unseen,hiding,memory,low,True,True,True,False,0.0
d9aa7d65-0706-41a8-86e5-68d32ab33683,guarded,325,attack_memory_unseen,hiding,memory,low,True,True,True,False,0.0
d9aa7d65-0706-41a8-86e5-68d32ab33683,guarded,326,attack_memory_unseen,hiding,memory,low,True,True,True,False,0.0
d9aa7d65-0706-41a8-86e5-68d32ab33683,guarded,327,attack_memory_unseen,hiding,memory,low,True,True,True,False,0.0
d9aa7d65-0706-41a8-86e5-68d32ab33683,guarded,328,attack_mixed_unseen,hiding,mixed,high,True,True,True,False,0.0
d9aa7d65-0706-41a8-86e5-68d32ab33683,guarded,329,attack_mixed_unseen,hiding,mixed,high,True,True,True,False,0.0
d9aa7d65-0706-41a8-86e5-68d32ab33683,guarded,330,attack_mixed_unseen,hiding,mixed,high,True,True,True,False,0.0
d9aa7d65-0706-41a8-86e5-68d32ab33683,guarded,331,attack_mixed_unseen,hiding,mixed,high,True,True,True,False,0.0
d9aa7d65-0706-41a8-86e5-68d32ab33683,guarded,332,attack_mixed_unseen,hiding,mixed,high,True,True,True,False,0.0
d9aa7d65-0706-41a8-86e5-68d32ab33683,guarded,333,attack_mixed_unseen,hiding,mixed,high,True,True,True,False,0.0
d9aa7d65-0706-41a8-86e5-68d32ab33683,guarded,334,attack_mixed_unseen,hiding,mixed,high,True,True,True,False,0.0
d9aa7d65-0706-41a8-86e5-68d32ab33683,guarded,335,attack_mixed_unseen,hiding,mixed,high,True,True,True,False,0.0
d9aa7d65-0706-41a8-86e5-68d32ab33683,guarded,336,attack_mixed_unseen,hiding,mixed,high,True,True,True,False,0.0
d9aa7d65-0706-41a8-86e5-68d32ab33683,guarded,337,attack_mixed_unseen,hiding,mixed,high,True,True,True,False,0.0
d9aa7d65-0706-41a8-86e5-68d32ab33683,guarded,338,attack_mixed_unseen,hiding,mixed,high,True,True,True,False,0.0
d9aa7d65-0706-41a8-86e5-68d32ab33683,guarded,339,attack_mixed_unseen,hiding,mixed,high,True,True,True,False,0.0
d9aa7d65-0706-41a8-86e5-68d32ab33683,guarded,340,attack_mixed_unseen,hiding,mixed,high,True,True,True,False,0.0
d9aa7d65-0706-41a8-86e5-68d32ab33683,guarded,341,attack_mixed_unseen,hiding,mixed,high,True,True,True,False,0.0
d9aa7d65-0706-41a8-86e5-68d32ab33683,guarded,342,attack_mixed_unseen,hiding,mixed,high,True,True,True,False,0.0
d9aa7d65-0706-41a8-86e5-68d32ab33683,guarded,343,attack_mixed_unseen,hiding,mixed,high,True,True,True,False,0.0
d9aa7d65-0706-41a8-86e5-68d32ab33683,guarded,344,attack_mixed_unseen,hiding,mixed,high,True,True,True,False,0.0
d9aa7d65-0706-41a8-86e5-68d32ab33683,guarded,345,attack_mixed_unseen,hiding,mixed,high,True,True,True,False,0.0
d9aa7d65-0706-41a8-86e5-68d32ab33683,guarded,346,attack_mixed_unseen,hiding,mixed,high,True,True,True,False,0.0
d9aa7d65-0706-41a8-86e5-68d32ab33683,guarded,347,attack_mixed_unseen,hiding,mixed,high,True,True,True,False,0.0
d9aa7d65-0706-41a8-86e5-68d32ab33683,guarded,348,attack_mixed_unseen,hiding,mixed,high,True,True,True,False,0.0
d9aa7d65-0706-41a8-86e5-68d32ab33683,guarded,349,attack_mixed_unseen,hiding,mixed,high,True,True,True,False,0.0
d9aa7d65-0706-41a8-86e5-68d32ab33683,guarded,350,attack_mixed_unseen,hiding,mixed,high,True,True,True,False,0.0
d9aa7d65-0706-41a8-86e5-68d32ab33683,guarded,351,attack_mixed_unseen,hiding,mixed,high,True,True,True,False,0.0
d9aa7d65-0706-41a8-86e5-68d32ab33683,guarded,352,attack_mixed_unseen,hiding,mixed,high,True,True,True,False,0.0
d9aa7d65-0706-41a8-86e5-68d32ab33683,guarded,353,attack_mixed_unseen,hiding,mixed,high,True,True,True,False,0.0
d9aa7d65-0706-41a8-86e5-68d32ab33683,guarded,354,attack_mixed_unseen,hiding,mixed,high,True,True,True,False,0.0
d9aa7d65-0706-41a8-86e5-68d32ab33683,guarded,355,attack_mixed_unseen,hiding,mixed,high,True,True,True,False,0.0
d9aa7d65-0706-41a8-86e5-68d32ab33683,guarded,356,attack_mixed_unseen,hiding,mixed,high,True,True,True,False,0.0
d9aa7d65-0706-41a8-86e5-68d32ab33683,guarded,357,attack_mixed_unseen,hiding,mixed,high,True,True,True,False,0.0
d9aa7d65-0706-41a8-86e5-68d32ab33683,guarded,358,attack_mixed_unseen,hiding,mixed,high,True,True,True,False,0.0
d9aa7d65-0706-41a8-86e5-68d32ab33683,guarded,359,attack_mixed_unseen,hiding,mixed,high,True,True,True,False,0.0
d9aa7d65-0706-41a8-86e5-68d32ab33683,guarded,360,attack_mixed_unseen,hiding,mixed,high,True,True,True,False,0.0
d9aa7d65-0706-41a8-86e5-68d32ab33683,guarded,361,attack_mixed_unseen,hiding,mixed,high,True,True,True,False,0.0
d9aa7d65-0706-41a8-86e5-68d32ab33683,guarded,362,attack_mixed_unseen,hiding,mixed,high,True,True,True,False,0.0
d9aa7d65-0706-41a8-86e5-68d32ab33683,guarded,363,attack_mixed_unseen,hiding,mixed,high,True,True,True,False,0.0
d9aa7d65-0706-41a8-86e5-68d32ab33683,guarded,364,attack_mixed_unseen,hiding,mixed,high,True,True,True,False,0.0
d9aa7d65-0706-41a8-86e5-68d32ab33683,guarded,365,attack_mixed_unseen,hiding,mixed,high,True,True,True,False,0.0
d9aa7d65-0706-41a8-86e5-68d32ab33683,guarded,366,attack_mixed_unseen,hiding,mixed,high,True,True,True,False,0.0
d9aa7d65-0706-41a8-86e5-68d32ab33683,guarded,367,attack_mixed_unseen,hiding,mixed,high,True,True,True,False,0.0
d9aa7d65-0706-41a8-86e5-68d32ab33683,guarded,368,normal_recovery_2,unloaded,baseline,low,False,False,False,True,0.0
d9aa7d65-0706-41a8-86e5-68d32ab33683,guarded,369,normal_recovery_2,unloaded,baseline,low,False,True,True,True,0.0
d9aa7d65-0706-41a8-86e5-68d32ab33683,guarded,370,normal_recovery_2,unloaded,baseline,low,False,False,False,True,0.0
d9aa7d65-0706-41a8-86e5-68d32ab33683,guarded,371,normal_recovery_2,unloaded,baseline,low,False,True,True,True,0.0
d9aa7d65-0706-41a8-86e5-68d32ab33683,guarded,372,normal_recovery_2,unloaded,baseline,low,False,False,False,True,0.0
d9aa7d65-0706-41a8-86e5-68d32ab33683,guarded,373,normal_recovery_2,unloaded,baseline,low,False,True,True,True,0.0
d9aa7d65-0706-41a8-86e5-68d32ab33683,guarded,374,normal_recovery_2,unloaded,baseline,low,False,False,False,True,0.0
d9aa7d65-0706-41a8-86e5-68d32ab33683,guarded,375,normal_recovery_2,unloaded,baseline,low,False,True,True,True,0.0
d9aa7d65-0706-41a8-86e5-68d32ab33683,guarded,376,normal_recovery_2,unloaded,baseline,low,False,False,False,True,0.0
d9aa7d65-0706-41a8-86e5-68d32ab33683,guarded,377,normal_recovery_2,unloaded,baseline,low,False,True,True,True,0.0
d9aa7d65-0706-41a8-86e5-68d32ab33683,guarded,378,normal_recovery_2,unloaded,baseline,low,False,False,False,True,0.0
d9aa7d65-0706-41a8-86e5-68d32ab33683,guarded,379,normal_recovery_2,unloaded,baseline,low,False,False,False,True,0.0
d9aa7d65-0706-41a8-86e5-68d32ab33683,guarded,380,normal_recovery_2,unloaded,baseline,low,False,False,False,True,0.0
d9aa7d65-0706-41a8-86e5-68d32ab33683,guarded,381,normal_recovery_2,unloaded,baseline,low,False,False,False,True,0.0
d9aa7d65-0706-41a8-86e5-68d32ab33683,guarded,382,normal_recovery_2,unloaded,baseline,low,False,False,False,True,0.0
d9aa7d65-0706-41a8-86e5-68d32ab33683,guarded,383,normal_recovery_2,unloaded,baseline,low,False,False,False,True,0.0
d9aa7d65-0706-41a8-86e5-68d32ab33683,guarded,384,normal_recovery_2,unloaded,baseline,low,False,False,False,True,0.0
d9aa7d65-0706-41a8-86e5-68d32ab33683,guarded,385,normal_recovery_2,unloaded,baseline,low,False,False,False,True,0.0
d9aa7d65-0706-41a8-86e5-68d32ab33683,guarded,386,normal_recovery_2,unloaded,baseline,low,False,False,False,True,0.0
d9aa7d65-0706-41a8-86e5-68d32ab33683,guarded,387,normal_recovery_2,unloaded,baseline,low,False,False,False,True,0.0
d9aa7d65-0706-41a8-86e5-68d32ab33683,guarded,388,sham_negative_baseline,sham,baseline,low,False,True,True,True,0.0
d9aa7d65-0706-41a8-86e5-68d32ab33683,guarded,389,sham_negative_baseline,sham,baseline,low,False,True,True,True,0.0
d9aa7d65-0706-41a8-86e5-68d32ab33683,guarded,390,sham_negative_baseline,sham,baseline,low,False,True,True,True,0.0
d9aa7d65-0706-41a8-86e5-68d32ab33683,guarded,391,sham_negative_baseline,sham,baseline,low,True,True,True,False,0.0
d9aa7d65-0706-41a8-86e5-68d32ab33683,guarded,392,sham_negative_baseline,sham,baseline,low,False,True,True,True,0.0
d9aa7d65-0706-41a8-86e5-68d32ab33683,guarded,393,sham_negative_baseline,sham,baseline,low,False,True,True,True,0.0
d9aa7d65-0706-41a8-86e5-68d32ab33683,guarded,394,sham_negative_baseline,sham,baseline,low,False,True,True,True,0.0
d9aa7d65-0706-41a8-86e5-68d32ab33683,guarded,395,sham_negative_baseline,sham,baseline,low,False,True,True,True,0.0
d9aa7d65-0706-41a8-86e5-68d32ab33683,guarded,396,sham_negative_baseline,sham,baseline,low,False,True,True,True,0.0
d9aa7d65-0706-41a8-86e5-68d32ab33683,guarded,397,sham_negative_baseline,sham,baseline,low,False,True,True,True,0.0
d9aa7d65-0706-41a8-86e5-68d32ab33683,guarded,398,sham_negative_cpu,sham,cpu,high,True,True,True,False,0.0
d9aa7d65-0706-41a8-86e5-68d32ab33683,guarded,399,sham_negative_cpu,sham,cpu,high,True,True,True,False,0.0
d9aa7d65-0706-41a8-86e5-68d32ab33683,guarded,400,sham_negative_cpu,sham,cpu,high,False,True,True,True,0.0
d9aa7d65-0706-41a8-86e5-68d32ab33683,guarded,401,sham_negative_cpu,sham,cpu,high,False,True,True,True,0.0
d9aa7d65-0706-41a8-86e5-68d32ab33683,guarded,402,sham_negative_cpu,sham,cpu,high,False,True,True,True,0.0
d9aa7d65-0706-41a8-86e5-68d32ab33683,guarded,403,sham_negative_cpu,sham,cpu,high,True,True,True,False,0.0
d9aa7d65-0706-41a8-86e5-68d32ab33683,guarded,404,sham_negative_cpu,sham,cpu,high,True,True,True,False,0.0
d9aa7d65-0706-41a8-86e5-68d32ab33683,guarded,405,sham_negative_cpu,sham,cpu,high,True,True,True,False,0.0
d9aa7d65-0706-41a8-86e5-68d32ab33683,guarded,406,sham_negative_cpu,sham,cpu,high,True,True,True,False,0.0
d9aa7d65-0706-41a8-86e5-68d32ab33683,guarded,407,sham_negative_cpu,sham,cpu,high,True,True,True,False,0.0
f7aaa215-6074-4abe-9e1b-80af7b615811,fixed,48,normal_pre,unloaded,baseline,low,False,False,False,False,0.0
f7aaa215-6074-4abe-9e1b-80af7b615811,fixed,49,normal_pre,unloaded,baseline,low,False,False,False,False,0.0
f7aaa215-6074-4abe-9e1b-80af7b615811,fixed,50,normal_pre,unloaded,baseline,low,False,False,False,False,0.0
f7aaa215-6074-4abe-9e1b-80af7b615811,fixed,51,normal_pre,unloaded,baseline,low,False,False,False,False,0.0
f7aaa215-6074-4abe-9e1b-80af7b615811,fixed,52,normal_pre,unloaded,baseline,low,False,False,False,False,0.0
f7aaa215-6074-4abe-9e1b-80af7b615811,fixed,53,normal_pre,unloaded,baseline,low,False,False,False,False,0.0
f7aaa215-6074-4abe-9e1b-80af7b615811,fixed,54,normal_pre,unloaded,baseline,low,False,False,False,False,0.0
f7aaa215-6074-4abe-9e1b-80af7b615811,fixed,55,normal_pre,unloaded,baseline,low,False,False,False,False,0.0
f7aaa215-6074-4abe-9e1b-80af7b615811,fixed,56,normal_pre,unloaded,baseline,low,False,False,False,False,0.0
f7aaa215-6074-4abe-9e1b-80af7b615811,fixed,57,normal_pre,unloaded,baseline,low,False,False,False,False,0.0
f7aaa215-6074-4abe-9e1b-80af7b615811,fixed,58,normal_pre,unloaded,baseline,low,False,False,False,False,0.0
f7aaa215-6074-4abe-9e1b-80af7b615811,fixed,59,normal_pre,unloaded,baseline,low,False,False,False,False,0.0
f7aaa215-6074-4abe-9e1b-80af7b615811,fixed,60,normal_pre,unloaded,baseline,low,False,False,False,False,0.0
f7aaa215-6074-4abe-9e1b-80af7b615811,fixed,61,normal_pre,unloaded,baseline,low,False,False,False,False,0.0
f7aaa215-6074-4abe-9e1b-80af7b615811,fixed,62,normal_pre,unloaded,baseline,low,False,True,True,False,0.0
f7aaa215-6074-4abe-9e1b-80af7b615811,fixed,63,normal_pre,unloaded,baseline,low,False,False,False,False,0.0
f7aaa215-6074-4abe-9e1b-80af7b615811,fixed,64,normal_pre,unloaded,baseline,low,False,False,False,False,0.0
f7aaa215-6074-4abe-9e1b-80af7b615811,fixed,65,normal_pre,unloaded,baseline,low,False,True,True,False,0.0
f7aaa215-6074-4abe-9e1b-80af7b615811,fixed,66,normal_pre,unloaded,baseline,low,False,False,False,False,0.0
f7aaa215-6074-4abe-9e1b-80af7b615811,fixed,67,normal_pre,unloaded,baseline,low,False,False,False,False,0.0
f7aaa215-6074-4abe-9e1b-80af7b615811,fixed,68,benign_cpu_unseen,unloaded,cpu,high,False,True,True,False,0.0
f7aaa215-6074-4abe-9e1b-80af7b615811,fixed,69,benign_cpu_unseen,unloaded,cpu,high,False,True,True,False,0.0
f7aaa215-6074-4abe-9e1b-80af7b615811,fixed,70,benign_cpu_unseen,unloaded,cpu,high,False,True,True,False,0.0
f7aaa215-6074-4abe-9e1b-80af7b615811,fixed,71,benign_cpu_unseen,unloaded,cpu,high,False,True,True,False,0.0
f7aaa215-6074-4abe-9e1b-80af7b615811,fixed,72,benign_cpu_unseen,unloaded,cpu,high,False,True,True,False,0.0
f7aaa215-6074-4abe-9e1b-80af7b615811,fixed,73,benign_cpu_unseen,unloaded,cpu,high,False,True,True,False,0.0
f7aaa215-6074-4abe-9e1b-80af7b615811,fixed,74,benign_cpu_unseen,unloaded,cpu,high,False,True,True,False,0.0
f7aaa215-6074-4abe-9e1b-80af7b615811,fixed,75,benign_cpu_unseen,unloaded,cpu,high,False,True,True,False,0.0
f7aaa215-6074-4abe-9e1b-80af7b615811,fixed,76,benign_cpu_unseen,unloaded,cpu,high,False,True,True,False,0.0
f7aaa215-6074-4abe-9e1b-80af7b615811,fixed,77,benign_cpu_unseen,unloaded,cpu,high,False,True,True,False,0.0
f7aaa215-6074-4abe-9e1b-80af7b615811,fixed,78,benign_cpu_unseen,unloaded,cpu,high,False,True,True,False,0.0
f7aaa215-6074-4abe-9e1b-80af7b615811,fixed,79,benign_cpu_unseen,unloaded,cpu,high,False,True,True,False,0.0
f7aaa215-6074-4abe-9e1b-80af7b615811,fixed,80,benign_cpu_unseen,unloaded,cpu,high,False,True,True,False,0.0
f7aaa215-6074-4abe-9e1b-80af7b615811,fixed,81,benign_cpu_unseen,unloaded,cpu,high,False,True,True,False,0.0
f7aaa215-6074-4abe-9e1b-80af7b615811,fixed,82,benign_cpu_unseen,unloaded,cpu,high,False,True,True,False,0.0
f7aaa215-6074-4abe-9e1b-80af7b615811,fixed,83,benign_cpu_unseen,unloaded,cpu,high,False,True,True,False,0.0
f7aaa215-6074-4abe-9e1b-80af7b615811,fixed,84,benign_cpu_unseen,unloaded,cpu,high,False,True,True,False,0.0
f7aaa215-6074-4abe-9e1b-80af7b615811,fixed,85,benign_cpu_unseen,unloaded,cpu,high,False,True,True,False,0.0
f7aaa215-6074-4abe-9e1b-80af7b615811,fixed,86,benign_cpu_unseen,unloaded,cpu,high,False,True,True,False,0.0
f7aaa215-6074-4abe-9e1b-80af7b615811,fixed,87,benign_cpu_unseen,unloaded,cpu,high,False,True,True,False,0.0
f7aaa215-6074-4abe-9e1b-80af7b615811,fixed,88,benign_cpu_unseen,unloaded,cpu,high,False,True,True,False,0.0
f7aaa215-6074-4abe-9e1b-80af7b615811,fixed,89,benign_cpu_unseen,unloaded,cpu,high,False,True,True,False,0.0
f7aaa215-6074-4abe-9e1b-80af7b615811,fixed,90,benign_cpu_unseen,unloaded,cpu,high,False,True,True,False,0.0
f7aaa215-6074-4abe-9e1b-80af7b615811,fixed,91,benign_cpu_unseen,unloaded,cpu,high,False,True,True,False,0.0
f7aaa215-6074-4abe-9e1b-80af7b615811,fixed,92,benign_cpu_unseen,unloaded,cpu,high,False,True,True,False,0.0
f7aaa215-6074-4abe-9e1b-80af7b615811,fixed,93,benign_cpu_unseen,unloaded,cpu,high,False,True,True,False,0.0
f7aaa215-6074-4abe-9e1b-80af7b615811,fixed,94,benign_cpu_unseen,unloaded,cpu,high,False,True,True,False,0.0
f7aaa215-6074-4abe-9e1b-80af7b615811,fixed,95,benign_cpu_unseen,unloaded,cpu,high,False,True,True,False,0.0
f7aaa215-6074-4abe-9e1b-80af7b615811,fixed,96,benign_cpu_unseen,unloaded,cpu,high,False,True,True,False,0.0
f7aaa215-6074-4abe-9e1b-80af7b615811,fixed,97,benign_cpu_unseen,unloaded,cpu,high,False,True,True,False,0.0
f7aaa215-6074-4abe-9e1b-80af7b615811,fixed,98,benign_cpu_unseen,unloaded,cpu,high,False,True,True,False,0.0
f7aaa215-6074-4abe-9e1b-80af7b615811,fixed,99,benign_cpu_unseen,unloaded,cpu,high,False,True,True,False,0.0
f7aaa215-6074-4abe-9e1b-80af7b615811,fixed,100,benign_cpu_unseen,unloaded,cpu,high,False,True,True,False,0.0
f7aaa215-6074-4abe-9e1b-80af7b615811,fixed,101,benign_cpu_unseen,unloaded,cpu,high,False,True,True,False,0.0
f7aaa215-6074-4abe-9e1b-80af7b615811,fixed,102,benign_cpu_unseen,unloaded,cpu,high,False,True,True,False,0.0
f7aaa215-6074-4abe-9e1b-80af7b615811,fixed,103,benign_cpu_unseen,unloaded,cpu,high,False,True,True,False,0.0
f7aaa215-6074-4abe-9e1b-80af7b615811,fixed,104,benign_cpu_unseen,unloaded,cpu,high,False,True,True,False,0.0
f7aaa215-6074-4abe-9e1b-80af7b615811,fixed,105,benign_cpu_unseen,unloaded,cpu,high,False,True,True,False,0.0
f7aaa215-6074-4abe-9e1b-80af7b615811,fixed,106,benign_cpu_unseen,unloaded,cpu,high,False,True,True,False,0.0
f7aaa215-6074-4abe-9e1b-80af7b615811,fixed,107,benign_cpu_unseen,unloaded,cpu,high,False,True,True,False,0.0
f7aaa215-6074-4abe-9e1b-80af7b615811,fixed,108,benign_memory_unseen,unloaded,memory,low,False,True,True,False,0.0
f7aaa215-6074-4abe-9e1b-80af7b615811,fixed,109,benign_memory_unseen,unloaded,memory,low,False,True,True,False,0.0
f7aaa215-6074-4abe-9e1b-80af7b615811,fixed,110,benign_memory_unseen,unloaded,memory,low,False,True,True,False,0.0
f7aaa215-6074-4abe-9e1b-80af7b615811,fixed,111,benign_memory_unseen,unloaded,memory,low,False,True,True,False,0.0
f7aaa215-6074-4abe-9e1b-80af7b615811,fixed,112,benign_memory_unseen,unloaded,memory,low,False,True,True,False,0.0
f7aaa215-6074-4abe-9e1b-80af7b615811,fixed,113,benign_memory_unseen,unloaded,memory,low,False,True,True,False,0.0
f7aaa215-6074-4abe-9e1b-80af7b615811,fixed,114,benign_memory_unseen,unloaded,memory,low,False,True,True,False,0.0
f7aaa215-6074-4abe-9e1b-80af7b615811,fixed,115,benign_memory_unseen,unloaded,memory,low,False,True,True,False,0.0
f7aaa215-6074-4abe-9e1b-80af7b615811,fixed,116,benign_memory_unseen,unloaded,memory,low,False,True,True,False,0.0
f7aaa215-6074-4abe-9e1b-80af7b615811,fixed,117,benign_memory_unseen,unloaded,memory,low,False,False,False,False,0.0
f7aaa215-6074-4abe-9e1b-80af7b615811,fixed,118,benign_memory_unseen,unloaded,memory,low,False,True,True,False,0.0
f7aaa215-6074-4abe-9e1b-80af7b615811,fixed,119,benign_memory_unseen,unloaded,memory,low,False,True,True,False,0.0
f7aaa215-6074-4abe-9e1b-80af7b615811,fixed,120,benign_memory_unseen,unloaded,memory,low,False,True,True,False,0.0
f7aaa215-6074-4abe-9e1b-80af7b615811,fixed,121,benign_memory_unseen,unloaded,memory,low,False,True,True,False,0.0
f7aaa215-6074-4abe-9e1b-80af7b615811,fixed,122,benign_memory_unseen,unloaded,memory,low,False,False,False,False,0.0
f7aaa215-6074-4abe-9e1b-80af7b615811,fixed,123,benign_memory_unseen,unloaded,memory,low,False,True,True,False,0.0
f7aaa215-6074-4abe-9e1b-80af7b615811,fixed,124,benign_memory_unseen,unloaded,memory,low,False,True,True,False,0.0
f7aaa215-6074-4abe-9e1b-80af7b615811,fixed,125,benign_memory_unseen,unloaded,memory,low,False,True,True,False,0.0
f7aaa215-6074-4abe-9e1b-80af7b615811,fixed,126,benign_memory_unseen,unloaded,memory,low,False,True,True,False,0.0
f7aaa215-6074-4abe-9e1b-80af7b615811,fixed,127,benign_memory_unseen,unloaded,memory,low,False,True,True,False,0.0
f7aaa215-6074-4abe-9e1b-80af7b615811,fixed,128,benign_memory_unseen,unloaded,memory,low,False,True,True,False,0.0
f7aaa215-6074-4abe-9e1b-80af7b615811,fixed,129,benign_memory_unseen,unloaded,memory,low,False,True,True,False,0.0
f7aaa215-6074-4abe-9e1b-80af7b615811,fixed,130,benign_memory_unseen,unloaded,memory,low,False,True,True,False,0.0
f7aaa215-6074-4abe-9e1b-80af7b615811,fixed,131,benign_memory_unseen,unloaded,memory,low,False,True,True,False,0.0
f7aaa215-6074-4abe-9e1b-80af7b615811,fixed,132,benign_memory_unseen,unloaded,memory,low,False,True,True,False,0.0
f7aaa215-6074-4abe-9e1b-80af7b615811,fixed,133,benign_memory_unseen,unloaded,memory,low,False,False,False,False,0.0
f7aaa215-6074-4abe-9e1b-80af7b615811,fixed,134,benign_memory_unseen,unloaded,memory,low,False,True,True,False,0.0
f7aaa215-6074-4abe-9e1b-80af7b615811,fixed,135,benign_memory_unseen,unloaded,memory,low,False,True,True,False,0.0
f7aaa215-6074-4abe-9e1b-80af7b615811,fixed,136,benign_memory_unseen,unloaded,memory,low,False,True,True,False,0.0
f7aaa215-6074-4abe-9e1b-80af7b615811,fixed,137,benign_memory_unseen,unloaded,memory,low,False,False,False,False,0.0
f7aaa215-6074-4abe-9e1b-80af7b615811,fixed,138,benign_memory_unseen,unloaded,memory,low,False,True,True,False,0.0
f7aaa215-6074-4abe-9e1b-80af7b615811,fixed,139,benign_memory_unseen,unloaded,memory,low,False,False,False,False,0.0
f7aaa215-6074-4abe-9e1b-80af7b615811,fixed,140,benign_memory_unseen,unloaded,memory,low,False,True,True,False,0.0
f7aaa215-6074-4abe-9e1b-80af7b615811,fixed,141,benign_memory_unseen,unloaded,memory,low,False,True,True,False,0.0
f7aaa215-6074-4abe-9e1b-80af7b615811,fixed,142,benign_memory_unseen,unloaded,memory,low,False,False,False,False,0.0
f7aaa215-6074-4abe-9e1b-80af7b615811,fixed,143,benign_memory_unseen,unloaded,memory,low,False,True,True,False,0.0
f7aaa215-6074-4abe-9e1b-80af7b615811,fixed,144,benign_memory_unseen,unloaded,memory,low,False,False,False,False,0.0
f7aaa215-6074-4abe-9e1b-80af7b615811,fixed,145,benign_memory_unseen,unloaded,memory,low,False,True,True,False,0.0
f7aaa215-6074-4abe-9e1b-80af7b615811,fixed,146,benign_memory_unseen,unloaded,memory,low,False,True,True,False,0.0
f7aaa215-6074-4abe-9e1b-80af7b615811,fixed,147,benign_memory_unseen,unloaded,memory,low,False,True,True,False,0.0
f7aaa215-6074-4abe-9e1b-80af7b615811,fixed,148,benign_mixed_unseen,unloaded,mixed,high,False,True,True,False,0.0
f7aaa215-6074-4abe-9e1b-80af7b615811,fixed,149,benign_mixed_unseen,unloaded,mixed,high,False,True,True,False,0.0
f7aaa215-6074-4abe-9e1b-80af7b615811,fixed,150,benign_mixed_unseen,unloaded,mixed,high,False,True,True,False,0.0
f7aaa215-6074-4abe-9e1b-80af7b615811,fixed,151,benign_mixed_unseen,unloaded,mixed,high,False,True,True,False,0.0
f7aaa215-6074-4abe-9e1b-80af7b615811,fixed,152,benign_mixed_unseen,unloaded,mixed,high,False,True,True,False,0.0
f7aaa215-6074-4abe-9e1b-80af7b615811,fixed,153,benign_mixed_unseen,unloaded,mixed,high,False,True,True,False,0.0
f7aaa215-6074-4abe-9e1b-80af7b615811,fixed,154,benign_mixed_unseen,unloaded,mixed,high,False,True,True,False,0.0
f7aaa215-6074-4abe-9e1b-80af7b615811,fixed,155,benign_mixed_unseen,unloaded,mixed,high,False,True,True,False,0.0
f7aaa215-6074-4abe-9e1b-80af7b615811,fixed,156,benign_mixed_unseen,unloaded,mixed,high,False,True,True,False,0.0
f7aaa215-6074-4abe-9e1b-80af7b615811,fixed,157,benign_mixed_unseen,unloaded,mixed,high,False,True,True,False,0.0
f7aaa215-6074-4abe-9e1b-80af7b615811,fixed,158,benign_mixed_unseen,unloaded,mixed,high,False,True,True,False,0.0
f7aaa215-6074-4abe-9e1b-80af7b615811,fixed,159,benign_mixed_unseen,unloaded,mixed,high,False,True,True,False,0.0
f7aaa215-6074-4abe-9e1b-80af7b615811,fixed,160,benign_mixed_unseen,unloaded,mixed,high,False,True,True,False,0.0
f7aaa215-6074-4abe-9e1b-80af7b615811,fixed,161,benign_mixed_unseen,unloaded,mixed,high,False,True,True,False,0.0
f7aaa215-6074-4abe-9e1b-80af7b615811,fixed,162,benign_mixed_unseen,unloaded,mixed,high,False,True,True,False,0.0
f7aaa215-6074-4abe-9e1b-80af7b615811,fixed,163,benign_mixed_unseen,unloaded,mixed,high,False,True,True,False,0.0
f7aaa215-6074-4abe-9e1b-80af7b615811,fixed,164,benign_mixed_unseen,unloaded,mixed,high,False,True,True,False,0.0
f7aaa215-6074-4abe-9e1b-80af7b615811,fixed,165,benign_mixed_unseen,unloaded,mixed,high,False,True,True,False,0.0
f7aaa215-6074-4abe-9e1b-80af7b615811,fixed,166,benign_mixed_unseen,unloaded,mixed,high,False,True,True,False,0.0
f7aaa215-6074-4abe-9e1b-80af7b615811,fixed,167,benign_mixed_unseen,unloaded,mixed,high,False,True,True,False,0.0
f7aaa215-6074-4abe-9e1b-80af7b615811,fixed,168,benign_mixed_unseen,unloaded,mixed,high,False,True,True,False,0.0
f7aaa215-6074-4abe-9e1b-80af7b615811,fixed,169,benign_mixed_unseen,unloaded,mixed,high,False,True,True,False,0.0
f7aaa215-6074-4abe-9e1b-80af7b615811,fixed,170,benign_mixed_unseen,unloaded,mixed,high,False,True,True,False,0.0
f7aaa215-6074-4abe-9e1b-80af7b615811,fixed,171,benign_mixed_unseen,unloaded,mixed,high,False,True,True,False,0.0
f7aaa215-6074-4abe-9e1b-80af7b615811,fixed,172,benign_mixed_unseen,unloaded,mixed,high,False,True,True,False,0.0
f7aaa215-6074-4abe-9e1b-80af7b615811,fixed,173,benign_mixed_unseen,unloaded,mixed,high,False,True,True,False,0.0
f7aaa215-6074-4abe-9e1b-80af7b615811,fixed,174,benign_mixed_unseen,unloaded,mixed,high,False,True,True,False,0.0
f7aaa215-6074-4abe-9e1b-80af7b615811,fixed,175,benign_mixed_unseen,unloaded,mixed,high,False,True,True,False,0.0
f7aaa215-6074-4abe-9e1b-80af7b615811,fixed,176,benign_mixed_unseen,unloaded,mixed,high,False,True,True,False,0.0
f7aaa215-6074-4abe-9e1b-80af7b615811,fixed,177,benign_mixed_unseen,unloaded,mixed,high,False,True,True,False,0.0
f7aaa215-6074-4abe-9e1b-80af7b615811,fixed,178,benign_mixed_unseen,unloaded,mixed,high,False,True,True,False,0.0
f7aaa215-6074-4abe-9e1b-80af7b615811,fixed,179,benign_mixed_unseen,unloaded,mixed,high,False,True,True,False,0.0
f7aaa215-6074-4abe-9e1b-80af7b615811,fixed,180,benign_mixed_unseen,unloaded,mixed,high,False,True,True,False,0.0
f7aaa215-6074-4abe-9e1b-80af7b615811,fixed,181,benign_mixed_unseen,unloaded,mixed,high,False,True,True,False,0.0
f7aaa215-6074-4abe-9e1b-80af7b615811,fixed,182,benign_mixed_unseen,unloaded,mixed,high,False,True,True,False,0.0
f7aaa215-6074-4abe-9e1b-80af7b615811,fixed,183,benign_mixed_unseen,unloaded,mixed,high,False,True,True,False,0.0
f7aaa215-6074-4abe-9e1b-80af7b615811,fixed,184,benign_mixed_unseen,unloaded,mixed,high,False,True,True,False,0.0
f7aaa215-6074-4abe-9e1b-80af7b615811,fixed,185,benign_mixed_unseen,unloaded,mixed,high,False,True,True,False,0.0
f7aaa215-6074-4abe-9e1b-80af7b615811,fixed,186,benign_mixed_unseen,unloaded,mixed,high,False,True,True,False,0.0
f7aaa215-6074-4abe-9e1b-80af7b615811,fixed,187,benign_mixed_unseen,unloaded,mixed,high,False,True,True,False,0.0
f7aaa215-6074-4abe-9e1b-80af7b615811,fixed,188,normal_recovery_1,unloaded,baseline,low,False,False,False,False,0.0
f7aaa215-6074-4abe-9e1b-80af7b615811,fixed,189,normal_recovery_1,unloaded,baseline,low,False,False,False,False,0.0
f7aaa215-6074-4abe-9e1b-80af7b615811,fixed,190,normal_recovery_1,unloaded,baseline,low,False,False,False,False,0.0
f7aaa215-6074-4abe-9e1b-80af7b615811,fixed,191,normal_recovery_1,unloaded,baseline,low,False,False,False,False,0.0
f7aaa215-6074-4abe-9e1b-80af7b615811,fixed,192,normal_recovery_1,unloaded,baseline,low,False,False,False,False,0.0
f7aaa215-6074-4abe-9e1b-80af7b615811,fixed,193,normal_recovery_1,unloaded,baseline,low,False,False,False,False,0.0
f7aaa215-6074-4abe-9e1b-80af7b615811,fixed,194,normal_recovery_1,unloaded,baseline,low,False,True,True,False,0.0
f7aaa215-6074-4abe-9e1b-80af7b615811,fixed,195,normal_recovery_1,unloaded,baseline,low,False,False,False,False,0.0
f7aaa215-6074-4abe-9e1b-80af7b615811,fixed,196,normal_recovery_1,unloaded,baseline,low,False,False,False,False,0.0
f7aaa215-6074-4abe-9e1b-80af7b615811,fixed,197,normal_recovery_1,unloaded,baseline,low,False,False,False,False,0.0
f7aaa215-6074-4abe-9e1b-80af7b615811,fixed,198,normal_recovery_1,unloaded,baseline,low,False,False,False,False,0.0
f7aaa215-6074-4abe-9e1b-80af7b615811,fixed,199,normal_recovery_1,unloaded,baseline,low,False,False,False,False,0.0
f7aaa215-6074-4abe-9e1b-80af7b615811,fixed,200,normal_recovery_1,unloaded,baseline,low,False,False,False,False,0.0
f7aaa215-6074-4abe-9e1b-80af7b615811,fixed,201,normal_recovery_1,unloaded,baseline,low,False,False,False,False,0.0
f7aaa215-6074-4abe-9e1b-80af7b615811,fixed,202,normal_recovery_1,unloaded,baseline,low,False,False,False,False,0.0
f7aaa215-6074-4abe-9e1b-80af7b615811,fixed,203,normal_recovery_1,unloaded,baseline,low,False,False,False,False,0.0
f7aaa215-6074-4abe-9e1b-80af7b615811,fixed,204,normal_recovery_1,unloaded,baseline,low,False,True,True,False,0.0
f7aaa215-6074-4abe-9e1b-80af7b615811,fixed,205,normal_recovery_1,unloaded,baseline,low,False,True,True,False,0.0
f7aaa215-6074-4abe-9e1b-80af7b615811,fixed,206,normal_recovery_1,unloaded,baseline,low,False,True,True,False,0.0
f7aaa215-6074-4abe-9e1b-80af7b615811,fixed,207,normal_recovery_1,unloaded,baseline,low,False,False,False,False,0.0
f7aaa215-6074-4abe-9e1b-80af7b615811,fixed,208,attack_baseline,hiding,baseline,low,True,True,True,False,0.0
f7aaa215-6074-4abe-9e1b-80af7b615811,fixed,209,attack_baseline,hiding,baseline,low,True,True,True,False,0.0
f7aaa215-6074-4abe-9e1b-80af7b615811,fixed,210,attack_baseline,hiding,baseline,low,True,True,True,False,0.0
f7aaa215-6074-4abe-9e1b-80af7b615811,fixed,211,attack_baseline,hiding,baseline,low,True,True,True,False,0.0
f7aaa215-6074-4abe-9e1b-80af7b615811,fixed,212,attack_baseline,hiding,baseline,low,True,True,True,False,0.0
f7aaa215-6074-4abe-9e1b-80af7b615811,fixed,213,attack_baseline,hiding,baseline,low,True,True,True,False,0.0
f7aaa215-6074-4abe-9e1b-80af7b615811,fixed,214,attack_baseline,hiding,baseline,low,True,True,True,False,0.0
f7aaa215-6074-4abe-9e1b-80af7b615811,fixed,215,attack_baseline,hiding,baseline,low,True,True,True,False,0.0
f7aaa215-6074-4abe-9e1b-80af7b615811,fixed,216,attack_baseline,hiding,baseline,low,True,True,True,False,0.0
f7aaa215-6074-4abe-9e1b-80af7b615811,fixed,217,attack_baseline,hiding,baseline,low,True,True,True,False,0.0
f7aaa215-6074-4abe-9e1b-80af7b615811,fixed,218,attack_baseline,hiding,baseline,low,True,True,True,False,0.0
f7aaa215-6074-4abe-9e1b-80af7b615811,fixed,219,attack_baseline,hiding,baseline,low,True,True,True,False,0.0
f7aaa215-6074-4abe-9e1b-80af7b615811,fixed,220,attack_baseline,hiding,baseline,low,True,True,True,False,0.0
f7aaa215-6074-4abe-9e1b-80af7b615811,fixed,221,attack_baseline,hiding,baseline,low,True,True,True,False,0.0
f7aaa215-6074-4abe-9e1b-80af7b615811,fixed,222,attack_baseline,hiding,baseline,low,True,True,True,False,0.0
f7aaa215-6074-4abe-9e1b-80af7b615811,fixed,223,attack_baseline,hiding,baseline,low,True,True,True,False,0.0
f7aaa215-6074-4abe-9e1b-80af7b615811,fixed,224,attack_baseline,hiding,baseline,low,True,True,True,False,0.0
f7aaa215-6074-4abe-9e1b-80af7b615811,fixed,225,attack_baseline,hiding,baseline,low,True,True,True,False,0.0
f7aaa215-6074-4abe-9e1b-80af7b615811,fixed,226,attack_baseline,hiding,baseline,low,True,True,True,False,0.0
f7aaa215-6074-4abe-9e1b-80af7b615811,fixed,227,attack_baseline,hiding,baseline,low,True,True,True,False,0.0
f7aaa215-6074-4abe-9e1b-80af7b615811,fixed,228,attack_baseline,hiding,baseline,low,True,True,True,False,0.0
f7aaa215-6074-4abe-9e1b-80af7b615811,fixed,229,attack_baseline,hiding,baseline,low,True,True,True,False,0.0
f7aaa215-6074-4abe-9e1b-80af7b615811,fixed,230,attack_baseline,hiding,baseline,low,True,True,True,False,0.0
f7aaa215-6074-4abe-9e1b-80af7b615811,fixed,231,attack_baseline,hiding,baseline,low,True,True,True,False,0.0
f7aaa215-6074-4abe-9e1b-80af7b615811,fixed,232,attack_baseline,hiding,baseline,low,True,True,True,False,0.0
f7aaa215-6074-4abe-9e1b-80af7b615811,fixed,233,attack_baseline,hiding,baseline,low,True,True,True,False,0.0
f7aaa215-6074-4abe-9e1b-80af7b615811,fixed,234,attack_baseline,hiding,baseline,low,False,True,True,False,0.0
f7aaa215-6074-4abe-9e1b-80af7b615811,fixed,235,attack_baseline,hiding,baseline,low,True,True,True,False,0.0
f7aaa215-6074-4abe-9e1b-80af7b615811,fixed,236,attack_baseline,hiding,baseline,low,True,True,True,False,0.0
f7aaa215-6074-4abe-9e1b-80af7b615811,fixed,237,attack_baseline,hiding,baseline,low,True,True,True,False,0.0
f7aaa215-6074-4abe-9e1b-80af7b615811,fixed,238,attack_baseline,hiding,baseline,low,True,True,True,False,0.0
f7aaa215-6074-4abe-9e1b-80af7b615811,fixed,239,attack_baseline,hiding,baseline,low,True,True,True,False,0.0
f7aaa215-6074-4abe-9e1b-80af7b615811,fixed,240,attack_baseline,hiding,baseline,low,True,True,True,False,0.0
f7aaa215-6074-4abe-9e1b-80af7b615811,fixed,241,attack_baseline,hiding,baseline,low,True,True,True,False,0.0
f7aaa215-6074-4abe-9e1b-80af7b615811,fixed,242,attack_baseline,hiding,baseline,low,True,True,True,False,0.0
f7aaa215-6074-4abe-9e1b-80af7b615811,fixed,243,attack_baseline,hiding,baseline,low,True,True,True,False,0.0
f7aaa215-6074-4abe-9e1b-80af7b615811,fixed,244,attack_baseline,hiding,baseline,low,True,True,True,False,0.0
f7aaa215-6074-4abe-9e1b-80af7b615811,fixed,245,attack_baseline,hiding,baseline,low,True,True,True,False,0.0
f7aaa215-6074-4abe-9e1b-80af7b615811,fixed,246,attack_baseline,hiding,baseline,low,True,True,True,False,0.0
f7aaa215-6074-4abe-9e1b-80af7b615811,fixed,247,attack_baseline,hiding,baseline,low,True,True,True,False,0.0
f7aaa215-6074-4abe-9e1b-80af7b615811,fixed,248,attack_cpu,hiding,cpu,high,True,True,True,False,0.0
f7aaa215-6074-4abe-9e1b-80af7b615811,fixed,249,attack_cpu,hiding,cpu,high,True,True,True,False,0.0
f7aaa215-6074-4abe-9e1b-80af7b615811,fixed,250,attack_cpu,hiding,cpu,high,True,True,True,False,0.0
f7aaa215-6074-4abe-9e1b-80af7b615811,fixed,251,attack_cpu,hiding,cpu,high,True,True,True,False,0.0
f7aaa215-6074-4abe-9e1b-80af7b615811,fixed,252,attack_cpu,hiding,cpu,high,True,True,True,False,0.0
f7aaa215-6074-4abe-9e1b-80af7b615811,fixed,253,attack_cpu,hiding,cpu,high,True,True,True,False,0.0
f7aaa215-6074-4abe-9e1b-80af7b615811,fixed,254,attack_cpu,hiding,cpu,high,True,True,True,False,0.0
f7aaa215-6074-4abe-9e1b-80af7b615811,fixed,255,attack_cpu,hiding,cpu,high,True,True,True,False,0.0
f7aaa215-6074-4abe-9e1b-80af7b615811,fixed,256,attack_cpu,hiding,cpu,high,True,True,True,False,0.0
f7aaa215-6074-4abe-9e1b-80af7b615811,fixed,257,attack_cpu,hiding,cpu,high,True,True,True,False,0.0
f7aaa215-6074-4abe-9e1b-80af7b615811,fixed,258,attack_cpu,hiding,cpu,high,True,True,True,False,0.0
f7aaa215-6074-4abe-9e1b-80af7b615811,fixed,259,attack_cpu,hiding,cpu,high,True,True,True,False,0.0
f7aaa215-6074-4abe-9e1b-80af7b615811,fixed,260,attack_cpu,hiding,cpu,high,True,True,True,False,0.0
f7aaa215-6074-4abe-9e1b-80af7b615811,fixed,261,attack_cpu,hiding,cpu,high,True,True,True,False,0.0
f7aaa215-6074-4abe-9e1b-80af7b615811,fixed,262,attack_cpu,hiding,cpu,high,True,True,True,False,0.0
f7aaa215-6074-4abe-9e1b-80af7b615811,fixed,263,attack_cpu,hiding,cpu,high,True,True,True,False,0.0
f7aaa215-6074-4abe-9e1b-80af7b615811,fixed,264,attack_cpu,hiding,cpu,high,True,True,True,False,0.0
f7aaa215-6074-4abe-9e1b-80af7b615811,fixed,265,attack_cpu,hiding,cpu,high,True,True,True,False,0.0
f7aaa215-6074-4abe-9e1b-80af7b615811,fixed,266,attack_cpu,hiding,cpu,high,True,True,True,False,0.0
f7aaa215-6074-4abe-9e1b-80af7b615811,fixed,267,attack_cpu,hiding,cpu,high,True,True,True,False,0.0
f7aaa215-6074-4abe-9e1b-80af7b615811,fixed,268,attack_cpu,hiding,cpu,high,True,True,True,False,0.0
f7aaa215-6074-4abe-9e1b-80af7b615811,fixed,269,attack_cpu,hiding,cpu,high,True,True,True,False,0.0
f7aaa215-6074-4abe-9e1b-80af7b615811,fixed,270,attack_cpu,hiding,cpu,high,True,True,True,False,0.0
f7aaa215-6074-4abe-9e1b-80af7b615811,fixed,271,attack_cpu,hiding,cpu,high,True,True,True,False,0.0
f7aaa215-6074-4abe-9e1b-80af7b615811,fixed,272,attack_cpu,hiding,cpu,high,True,True,True,False,0.0
f7aaa215-6074-4abe-9e1b-80af7b615811,fixed,273,attack_cpu,hiding,cpu,high,True,True,True,False,0.0
f7aaa215-6074-4abe-9e1b-80af7b615811,fixed,274,attack_cpu,hiding,cpu,high,True,True,True,False,0.0
f7aaa215-6074-4abe-9e1b-80af7b615811,fixed,275,attack_cpu,hiding,cpu,high,True,True,True,False,0.0
f7aaa215-6074-4abe-9e1b-80af7b615811,fixed,276,attack_cpu,hiding,cpu,high,True,True,True,False,0.0
f7aaa215-6074-4abe-9e1b-80af7b615811,fixed,277,attack_cpu,hiding,cpu,high,True,True,True,False,0.0
f7aaa215-6074-4abe-9e1b-80af7b615811,fixed,278,attack_cpu,hiding,cpu,high,True,True,True,False,0.0
f7aaa215-6074-4abe-9e1b-80af7b615811,fixed,279,attack_cpu,hiding,cpu,high,True,True,True,False,0.0
f7aaa215-6074-4abe-9e1b-80af7b615811,fixed,280,attack_cpu,hiding,cpu,high,True,True,True,False,0.0
f7aaa215-6074-4abe-9e1b-80af7b615811,fixed,281,attack_cpu,hiding,cpu,high,True,True,True,False,0.0
f7aaa215-6074-4abe-9e1b-80af7b615811,fixed,282,attack_cpu,hiding,cpu,high,True,True,True,False,0.0
f7aaa215-6074-4abe-9e1b-80af7b615811,fixed,283,attack_cpu,hiding,cpu,high,True,True,True,False,0.0
f7aaa215-6074-4abe-9e1b-80af7b615811,fixed,284,attack_cpu,hiding,cpu,high,True,True,True,False,0.0
f7aaa215-6074-4abe-9e1b-80af7b615811,fixed,285,attack_cpu,hiding,cpu,high,True,True,True,False,0.0
f7aaa215-6074-4abe-9e1b-80af7b615811,fixed,286,attack_cpu,hiding,cpu,high,True,True,True,False,0.0
f7aaa215-6074-4abe-9e1b-80af7b615811,fixed,287,attack_cpu,hiding,cpu,high,True,True,True,False,0.0
f7aaa215-6074-4abe-9e1b-80af7b615811,fixed,288,attack_memory_unseen,hiding,memory,low,True,True,True,False,0.0
f7aaa215-6074-4abe-9e1b-80af7b615811,fixed,289,attack_memory_unseen,hiding,memory,low,True,True,True,False,0.0
f7aaa215-6074-4abe-9e1b-80af7b615811,fixed,290,attack_memory_unseen,hiding,memory,low,True,True,True,False,0.0
f7aaa215-6074-4abe-9e1b-80af7b615811,fixed,291,attack_memory_unseen,hiding,memory,low,True,True,True,False,0.0
f7aaa215-6074-4abe-9e1b-80af7b615811,fixed,292,attack_memory_unseen,hiding,memory,low,True,True,True,False,0.0
f7aaa215-6074-4abe-9e1b-80af7b615811,fixed,293,attack_memory_unseen,hiding,memory,low,True,True,True,False,0.0
f7aaa215-6074-4abe-9e1b-80af7b615811,fixed,294,attack_memory_unseen,hiding,memory,low,True,True,True,False,0.0
f7aaa215-6074-4abe-9e1b-80af7b615811,fixed,295,attack_memory_unseen,hiding,memory,low,True,True,True,False,0.0
f7aaa215-6074-4abe-9e1b-80af7b615811,fixed,296,attack_memory_unseen,hiding,memory,low,True,True,True,False,0.0
f7aaa215-6074-4abe-9e1b-80af7b615811,fixed,297,attack_memory_unseen,hiding,memory,low,True,True,True,False,0.0
f7aaa215-6074-4abe-9e1b-80af7b615811,fixed,298,attack_memory_unseen,hiding,memory,low,True,True,True,False,0.0
f7aaa215-6074-4abe-9e1b-80af7b615811,fixed,299,attack_memory_unseen,hiding,memory,low,True,True,True,False,0.0
f7aaa215-6074-4abe-9e1b-80af7b615811,fixed,300,attack_memory_unseen,hiding,memory,low,True,True,True,False,0.0
f7aaa215-6074-4abe-9e1b-80af7b615811,fixed,301,attack_memory_unseen,hiding,memory,low,True,True,True,False,0.0
f7aaa215-6074-4abe-9e1b-80af7b615811,fixed,302,attack_memory_unseen,hiding,memory,low,True,True,True,False,0.0
f7aaa215-6074-4abe-9e1b-80af7b615811,fixed,303,attack_memory_unseen,hiding,memory,low,True,True,True,False,0.0
f7aaa215-6074-4abe-9e1b-80af7b615811,fixed,304,attack_memory_unseen,hiding,memory,low,True,True,True,False,0.0
f7aaa215-6074-4abe-9e1b-80af7b615811,fixed,305,attack_memory_unseen,hiding,memory,low,False,True,True,False,0.0
f7aaa215-6074-4abe-9e1b-80af7b615811,fixed,306,attack_memory_unseen,hiding,memory,low,True,True,True,False,0.0
f7aaa215-6074-4abe-9e1b-80af7b615811,fixed,307,attack_memory_unseen,hiding,memory,low,True,True,True,False,0.0
f7aaa215-6074-4abe-9e1b-80af7b615811,fixed,308,attack_memory_unseen,hiding,memory,low,True,True,True,False,0.0
f7aaa215-6074-4abe-9e1b-80af7b615811,fixed,309,attack_memory_unseen,hiding,memory,low,True,True,True,False,0.0
f7aaa215-6074-4abe-9e1b-80af7b615811,fixed,310,attack_memory_unseen,hiding,memory,low,True,True,True,False,0.0
f7aaa215-6074-4abe-9e1b-80af7b615811,fixed,311,attack_memory_unseen,hiding,memory,low,True,True,True,False,0.0
f7aaa215-6074-4abe-9e1b-80af7b615811,fixed,312,attack_memory_unseen,hiding,memory,low,True,True,True,False,0.0
f7aaa215-6074-4abe-9e1b-80af7b615811,fixed,313,attack_memory_unseen,hiding,memory,low,True,True,True,False,0.0
f7aaa215-6074-4abe-9e1b-80af7b615811,fixed,314,attack_memory_unseen,hiding,memory,low,True,True,True,False,0.0
f7aaa215-6074-4abe-9e1b-80af7b615811,fixed,315,attack_memory_unseen,hiding,memory,low,True,True,True,False,0.0
f7aaa215-6074-4abe-9e1b-80af7b615811,fixed,316,attack_memory_unseen,hiding,memory,low,True,True,True,False,0.0
f7aaa215-6074-4abe-9e1b-80af7b615811,fixed,317,attack_memory_unseen,hiding,memory,low,True,True,True,False,0.0
f7aaa215-6074-4abe-9e1b-80af7b615811,fixed,318,attack_memory_unseen,hiding,memory,low,True,True,True,False,0.0
f7aaa215-6074-4abe-9e1b-80af7b615811,fixed,319,attack_memory_unseen,hiding,memory,low,True,True,True,False,0.0
f7aaa215-6074-4abe-9e1b-80af7b615811,fixed,320,attack_memory_unseen,hiding,memory,low,True,True,True,False,0.0
f7aaa215-6074-4abe-9e1b-80af7b615811,fixed,321,attack_memory_unseen,hiding,memory,low,True,True,True,False,0.0
f7aaa215-6074-4abe-9e1b-80af7b615811,fixed,322,attack_memory_unseen,hiding,memory,low,True,True,True,False,0.0
f7aaa215-6074-4abe-9e1b-80af7b615811,fixed,323,attack_memory_unseen,hiding,memory,low,True,True,True,False,0.0
f7aaa215-6074-4abe-9e1b-80af7b615811,fixed,324,attack_memory_unseen,hiding,memory,low,True,True,True,False,0.0
f7aaa215-6074-4abe-9e1b-80af7b615811,fixed,325,attack_memory_unseen,hiding,memory,low,True,True,True,False,0.0
f7aaa215-6074-4abe-9e1b-80af7b615811,fixed,326,attack_memory_unseen,hiding,memory,low,True,True,True,False,0.0
f7aaa215-6074-4abe-9e1b-80af7b615811,fixed,327,attack_memory_unseen,hiding,memory,low,True,True,True,False,0.0
f7aaa215-6074-4abe-9e1b-80af7b615811,fixed,328,attack_mixed_unseen,hiding,mixed,high,True,True,True,False,0.0
f7aaa215-6074-4abe-9e1b-80af7b615811,fixed,329,attack_mixed_unseen,hiding,mixed,high,True,True,True,False,0.0
f7aaa215-6074-4abe-9e1b-80af7b615811,fixed,330,attack_mixed_unseen,hiding,mixed,high,True,True,True,False,0.0
f7aaa215-6074-4abe-9e1b-80af7b615811,fixed,331,attack_mixed_unseen,hiding,mixed,high,True,True,True,False,0.0
f7aaa215-6074-4abe-9e1b-80af7b615811,fixed,332,attack_mixed_unseen,hiding,mixed,high,True,True,True,False,0.0
f7aaa215-6074-4abe-9e1b-80af7b615811,fixed,333,attack_mixed_unseen,hiding,mixed,high,True,True,True,False,0.0
f7aaa215-6074-4abe-9e1b-80af7b615811,fixed,334,attack_mixed_unseen,hiding,mixed,high,True,True,True,False,0.0
f7aaa215-6074-4abe-9e1b-80af7b615811,fixed,335,attack_mixed_unseen,hiding,mixed,high,True,True,True,False,0.0
f7aaa215-6074-4abe-9e1b-80af7b615811,fixed,336,attack_mixed_unseen,hiding,mixed,high,True,True,True,False,0.0
f7aaa215-6074-4abe-9e1b-80af7b615811,fixed,337,attack_mixed_unseen,hiding,mixed,high,True,True,True,False,0.0
f7aaa215-6074-4abe-9e1b-80af7b615811,fixed,338,attack_mixed_unseen,hiding,mixed,high,True,True,True,False,0.0
f7aaa215-6074-4abe-9e1b-80af7b615811,fixed,339,attack_mixed_unseen,hiding,mixed,high,True,True,True,False,0.0
f7aaa215-6074-4abe-9e1b-80af7b615811,fixed,340,attack_mixed_unseen,hiding,mixed,high,True,True,True,False,0.0
f7aaa215-6074-4abe-9e1b-80af7b615811,fixed,341,attack_mixed_unseen,hiding,mixed,high,True,True,True,False,0.0
f7aaa215-6074-4abe-9e1b-80af7b615811,fixed,342,attack_mixed_unseen,hiding,mixed,high,True,True,True,False,0.0
f7aaa215-6074-4abe-9e1b-80af7b615811,fixed,343,attack_mixed_unseen,hiding,mixed,high,True,True,True,False,0.0
f7aaa215-6074-4abe-9e1b-80af7b615811,fixed,344,attack_mixed_unseen,hiding,mixed,high,True,True,True,False,0.0
f7aaa215-6074-4abe-9e1b-80af7b615811,fixed,345,attack_mixed_unseen,hiding,mixed,high,True,True,True,False,0.0
f7aaa215-6074-4abe-9e1b-80af7b615811,fixed,346,attack_mixed_unseen,hiding,mixed,high,True,True,True,False,0.0
f7aaa215-6074-4abe-9e1b-80af7b615811,fixed,347,attack_mixed_unseen,hiding,mixed,high,True,True,True,False,0.0
f7aaa215-6074-4abe-9e1b-80af7b615811,fixed,348,attack_mixed_unseen,hiding,mixed,high,True,True,True,False,0.0
f7aaa215-6074-4abe-9e1b-80af7b615811,fixed,349,attack_mixed_unseen,hiding,mixed,high,True,True,True,False,0.0
f7aaa215-6074-4abe-9e1b-80af7b615811,fixed,350,attack_mixed_unseen,hiding,mixed,high,True,True,True,False,0.0
f7aaa215-6074-4abe-9e1b-80af7b615811,fixed,351,attack_mixed_unseen,hiding,mixed,high,True,True,True,False,0.0
f7aaa215-6074-4abe-9e1b-80af7b615811,fixed,352,attack_mixed_unseen,hiding,mixed,high,True,True,True,False,0.0
f7aaa215-6074-4abe-9e1b-80af7b615811,fixed,353,attack_mixed_unseen,hiding,mixed,high,True,True,True,False,0.0
f7aaa215-6074-4abe-9e1b-80af7b615811,fixed,354,attack_mixed_unseen,hiding,mixed,high,True,True,True,False,0.0
f7aaa215-6074-4abe-9e1b-80af7b615811,fixed,355,attack_mixed_unseen,hiding,mixed,high,True,True,True,False,0.0
f7aaa215-6074-4abe-9e1b-80af7b615811,fixed,356,attack_mixed_unseen,hiding,mixed,high,True,True,True,False,0.0
f7aaa215-6074-4abe-9e1b-80af7b615811,fixed,357,attack_mixed_unseen,hiding,mixed,high,True,True,True,False,0.0
f7aaa215-6074-4abe-9e1b-80af7b615811,fixed,358,attack_mixed_unseen,hiding,mixed,high,True,True,True,False,0.0
f7aaa215-6074-4abe-9e1b-80af7b615811,fixed,359,attack_mixed_unseen,hiding,mixed,high,True,True,True,False,0.0
f7aaa215-6074-4abe-9e1b-80af7b615811,fixed,360,attack_mixed_unseen,hiding,mixed,high,True,True,True,False,0.0
f7aaa215-6074-4abe-9e1b-80af7b615811,fixed,361,attack_mixed_unseen,hiding,mixed,high,True,True,True,False,0.0
f7aaa215-6074-4abe-9e1b-80af7b615811,fixed,362,attack_mixed_unseen,hiding,mixed,high,True,True,True,False,0.0
f7aaa215-6074-4abe-9e1b-80af7b615811,fixed,363,attack_mixed_unseen,hiding,mixed,high,True,True,True,False,0.0
f7aaa215-6074-4abe-9e1b-80af7b615811,fixed,364,attack_mixed_unseen,hiding,mixed,high,True,True,True,False,0.0
f7aaa215-6074-4abe-9e1b-80af7b615811,fixed,365,attack_mixed_unseen,hiding,mixed,high,True,True,True,False,0.0
f7aaa215-6074-4abe-9e1b-80af7b615811,fixed,366,attack_mixed_unseen,hiding,mixed,high,True,True,True,False,0.0
f7aaa215-6074-4abe-9e1b-80af7b615811,fixed,367,attack_mixed_unseen,hiding,mixed,high,True,True,True,False,0.0
f7aaa215-6074-4abe-9e1b-80af7b615811,fixed,368,normal_recovery_2,unloaded,baseline,low,False,False,False,False,0.0
f7aaa215-6074-4abe-9e1b-80af7b615811,fixed,369,normal_recovery_2,unloaded,baseline,low,False,False,False,False,0.0
f7aaa215-6074-4abe-9e1b-80af7b615811,fixed,370,normal_recovery_2,unloaded,baseline,low,False,False,False,False,0.0
f7aaa215-6074-4abe-9e1b-80af7b615811,fixed,371,normal_recovery_2,unloaded,baseline,low,False,True,True,False,0.0
f7aaa215-6074-4abe-9e1b-80af7b615811,fixed,372,normal_recovery_2,unloaded,baseline,low,False,False,False,False,0.0
f7aaa215-6074-4abe-9e1b-80af7b615811,fixed,373,normal_recovery_2,unloaded,baseline,low,False,False,False,False,0.0
f7aaa215-6074-4abe-9e1b-80af7b615811,fixed,374,normal_recovery_2,unloaded,baseline,low,False,False,False,False,0.0
f7aaa215-6074-4abe-9e1b-80af7b615811,fixed,375,normal_recovery_2,unloaded,baseline,low,False,False,False,False,0.0
f7aaa215-6074-4abe-9e1b-80af7b615811,fixed,376,normal_recovery_2,unloaded,baseline,low,False,False,False,False,0.0
f7aaa215-6074-4abe-9e1b-80af7b615811,fixed,377,normal_recovery_2,unloaded,baseline,low,False,True,True,False,0.0
f7aaa215-6074-4abe-9e1b-80af7b615811,fixed,378,normal_recovery_2,unloaded,baseline,low,False,True,True,False,0.0
f7aaa215-6074-4abe-9e1b-80af7b615811,fixed,379,normal_recovery_2,unloaded,baseline,low,False,False,False,False,0.0
f7aaa215-6074-4abe-9e1b-80af7b615811,fixed,380,normal_recovery_2,unloaded,baseline,low,False,False,False,False,0.0
f7aaa215-6074-4abe-9e1b-80af7b615811,fixed,381,normal_recovery_2,unloaded,baseline,low,False,True,True,False,0.0
f7aaa215-6074-4abe-9e1b-80af7b615811,fixed,382,normal_recovery_2,unloaded,baseline,low,False,False,False,False,0.0
f7aaa215-6074-4abe-9e1b-80af7b615811,fixed,383,normal_recovery_2,unloaded,baseline,low,False,False,False,False,0.0
f7aaa215-6074-4abe-9e1b-80af7b615811,fixed,384,normal_recovery_2,unloaded,baseline,low,False,False,False,False,0.0
f7aaa215-6074-4abe-9e1b-80af7b615811,fixed,385,normal_recovery_2,unloaded,baseline,low,False,False,False,False,0.0
f7aaa215-6074-4abe-9e1b-80af7b615811,fixed,386,normal_recovery_2,unloaded,baseline,low,False,False,False,False,0.0
f7aaa215-6074-4abe-9e1b-80af7b615811,fixed,387,normal_recovery_2,unloaded,baseline,low,False,False,False,False,0.0
f7aaa215-6074-4abe-9e1b-80af7b615811,fixed,388,sham_negative_baseline,sham,baseline,low,False,True,True,False,0.0
f7aaa215-6074-4abe-9e1b-80af7b615811,fixed,389,sham_negative_baseline,sham,baseline,low,False,True,True,False,0.0
f7aaa215-6074-4abe-9e1b-80af7b615811,fixed,390,sham_negative_baseline,sham,baseline,low,False,True,True,False,0.0
f7aaa215-6074-4abe-9e1b-80af7b615811,fixed,391,sham_negative_baseline,sham,baseline,low,False,True,True,False,0.0
f7aaa215-6074-4abe-9e1b-80af7b615811,fixed,392,sham_negative_baseline,sham,baseline,low,False,True,True,False,0.0
f7aaa215-6074-4abe-9e1b-80af7b615811,fixed,393,sham_negative_baseline,sham,baseline,low,False,True,True,False,0.0
f7aaa215-6074-4abe-9e1b-80af7b615811,fixed,394,sham_negative_baseline,sham,baseline,low,False,True,True,False,0.0
f7aaa215-6074-4abe-9e1b-80af7b615811,fixed,395,sham_negative_baseline,sham,baseline,low,False,True,True,False,0.0
f7aaa215-6074-4abe-9e1b-80af7b615811,fixed,396,sham_negative_baseline,sham,baseline,low,False,True,True,False,0.0
f7aaa215-6074-4abe-9e1b-80af7b615811,fixed,397,sham_negative_baseline,sham,baseline,low,False,True,True,False,0.0
f7aaa215-6074-4abe-9e1b-80af7b615811,fixed,398,sham_negative_cpu,sham,cpu,high,False,True,True,False,0.0
f7aaa215-6074-4abe-9e1b-80af7b615811,fixed,399,sham_negative_cpu,sham,cpu,high,False,True,True,False,0.0
f7aaa215-6074-4abe-9e1b-80af7b615811,fixed,400,sham_negative_cpu,sham,cpu,high,False,True,True,False,0.0
f7aaa215-6074-4abe-9e1b-80af7b615811,fixed,401,sham_negative_cpu,sham,cpu,high,False,True,True,False,0.0
f7aaa215-6074-4abe-9e1b-80af7b615811,fixed,402,sham_negative_cpu,sham,cpu,high,False,True,True,False,0.0
f7aaa215-6074-4abe-9e1b-80af7b615811,fixed,403,sham_negative_cpu,sham,cpu,high,False,True,True,False,0.0
f7aaa215-6074-4abe-9e1b-80af7b615811,fixed,404,sham_negative_cpu,sham,cpu,high,False,True,True,False,0.0
f7aaa215-6074-4abe-9e1b-80af7b615811,fixed,405,sham_negative_cpu,sham,cpu,high,False,True,True,False,0.0
f7aaa215-6074-4abe-9e1b-80af7b615811,fixed,406,sham_negative_cpu,sham,cpu,high,False,True,True,False,0.0
f7aaa215-6074-4abe-9e1b-80af7b615811,fixed,407,sham_negative_cpu,sham,cpu,high,False,True,True,False,0.0
f7aaa215-6074-4abe-9e1b-80af7b615811,blind,48,normal_pre,unloaded,baseline,low,False,False,False,True,0.0
f7aaa215-6074-4abe-9e1b-80af7b615811,blind,49,normal_pre,unloaded,baseline,low,False,False,False,True,0.0
f7aaa215-6074-4abe-9e1b-80af7b615811,blind,50,normal_pre,unloaded,baseline,low,False,False,False,True,0.0
f7aaa215-6074-4abe-9e1b-80af7b615811,blind,51,normal_pre,unloaded,baseline,low,False,False,False,True,0.0
f7aaa215-6074-4abe-9e1b-80af7b615811,blind,52,normal_pre,unloaded,baseline,low,False,False,False,True,0.0
f7aaa215-6074-4abe-9e1b-80af7b615811,blind,53,normal_pre,unloaded,baseline,low,False,False,False,True,0.0
f7aaa215-6074-4abe-9e1b-80af7b615811,blind,54,normal_pre,unloaded,baseline,low,False,False,False,True,0.0
f7aaa215-6074-4abe-9e1b-80af7b615811,blind,55,normal_pre,unloaded,baseline,low,False,False,False,True,0.0
f7aaa215-6074-4abe-9e1b-80af7b615811,blind,56,normal_pre,unloaded,baseline,low,False,False,False,True,0.0
f7aaa215-6074-4abe-9e1b-80af7b615811,blind,57,normal_pre,unloaded,baseline,low,False,False,False,True,0.0
f7aaa215-6074-4abe-9e1b-80af7b615811,blind,58,normal_pre,unloaded,baseline,low,False,False,False,True,0.0
f7aaa215-6074-4abe-9e1b-80af7b615811,blind,59,normal_pre,unloaded,baseline,low,False,False,False,True,0.0
f7aaa215-6074-4abe-9e1b-80af7b615811,blind,60,normal_pre,unloaded,baseline,low,False,False,False,True,0.0
f7aaa215-6074-4abe-9e1b-80af7b615811,blind,61,normal_pre,unloaded,baseline,low,False,False,False,True,0.0
f7aaa215-6074-4abe-9e1b-80af7b615811,blind,62,normal_pre,unloaded,baseline,low,False,True,True,True,0.0
f7aaa215-6074-4abe-9e1b-80af7b615811,blind,63,normal_pre,unloaded,baseline,low,False,False,False,True,0.0
f7aaa215-6074-4abe-9e1b-80af7b615811,blind,64,normal_pre,unloaded,baseline,low,False,False,False,True,0.0
f7aaa215-6074-4abe-9e1b-80af7b615811,blind,65,normal_pre,unloaded,baseline,low,False,True,True,True,0.0
f7aaa215-6074-4abe-9e1b-80af7b615811,blind,66,normal_pre,unloaded,baseline,low,False,False,False,True,0.0
f7aaa215-6074-4abe-9e1b-80af7b615811,blind,67,normal_pre,unloaded,baseline,low,False,False,False,True,0.0
f7aaa215-6074-4abe-9e1b-80af7b615811,blind,68,benign_cpu_unseen,unloaded,cpu,high,False,True,True,True,0.0
f7aaa215-6074-4abe-9e1b-80af7b615811,blind,69,benign_cpu_unseen,unloaded,cpu,high,False,True,True,True,0.0
f7aaa215-6074-4abe-9e1b-80af7b615811,blind,70,benign_cpu_unseen,unloaded,cpu,high,False,True,True,True,0.0
f7aaa215-6074-4abe-9e1b-80af7b615811,blind,71,benign_cpu_unseen,unloaded,cpu,high,False,True,True,True,0.0
f7aaa215-6074-4abe-9e1b-80af7b615811,blind,72,benign_cpu_unseen,unloaded,cpu,high,False,True,True,True,0.0
f7aaa215-6074-4abe-9e1b-80af7b615811,blind,73,benign_cpu_unseen,unloaded,cpu,high,False,True,True,True,0.0
f7aaa215-6074-4abe-9e1b-80af7b615811,blind,74,benign_cpu_unseen,unloaded,cpu,high,False,True,True,True,0.0
f7aaa215-6074-4abe-9e1b-80af7b615811,blind,75,benign_cpu_unseen,unloaded,cpu,high,False,True,True,True,0.0
f7aaa215-6074-4abe-9e1b-80af7b615811,blind,76,benign_cpu_unseen,unloaded,cpu,high,False,True,True,True,0.0
f7aaa215-6074-4abe-9e1b-80af7b615811,blind,77,benign_cpu_unseen,unloaded,cpu,high,False,True,True,True,0.0
f7aaa215-6074-4abe-9e1b-80af7b615811,blind,78,benign_cpu_unseen,unloaded,cpu,high,False,False,False,True,0.0
f7aaa215-6074-4abe-9e1b-80af7b615811,blind,79,benign_cpu_unseen,unloaded,cpu,high,False,False,False,True,0.0
f7aaa215-6074-4abe-9e1b-80af7b615811,blind,80,benign_cpu_unseen,unloaded,cpu,high,False,False,False,True,0.0
f7aaa215-6074-4abe-9e1b-80af7b615811,blind,81,benign_cpu_unseen,unloaded,cpu,high,False,False,False,True,0.0
f7aaa215-6074-4abe-9e1b-80af7b615811,blind,82,benign_cpu_unseen,unloaded,cpu,high,False,False,False,True,0.0
f7aaa215-6074-4abe-9e1b-80af7b615811,blind,83,benign_cpu_unseen,unloaded,cpu,high,False,False,False,True,0.0
f7aaa215-6074-4abe-9e1b-80af7b615811,blind,84,benign_cpu_unseen,unloaded,cpu,high,False,False,False,True,0.0
f7aaa215-6074-4abe-9e1b-80af7b615811,blind,85,benign_cpu_unseen,unloaded,cpu,high,False,False,False,True,0.0
f7aaa215-6074-4abe-9e1b-80af7b615811,blind,86,benign_cpu_unseen,unloaded,cpu,high,False,False,False,True,0.0
f7aaa215-6074-4abe-9e1b-80af7b615811,blind,87,benign_cpu_unseen,unloaded,cpu,high,False,False,False,True,0.0
f7aaa215-6074-4abe-9e1b-80af7b615811,blind,88,benign_cpu_unseen,unloaded,cpu,high,False,False,False,True,0.0
f7aaa215-6074-4abe-9e1b-80af7b615811,blind,89,benign_cpu_unseen,unloaded,cpu,high,False,False,False,True,0.0
f7aaa215-6074-4abe-9e1b-80af7b615811,blind,90,benign_cpu_unseen,unloaded,cpu,high,False,False,False,True,0.0
f7aaa215-6074-4abe-9e1b-80af7b615811,blind,91,benign_cpu_unseen,unloaded,cpu,high,False,False,False,True,0.0
f7aaa215-6074-4abe-9e1b-80af7b615811,blind,92,benign_cpu_unseen,unloaded,cpu,high,False,False,False,True,0.0
f7aaa215-6074-4abe-9e1b-80af7b615811,blind,93,benign_cpu_unseen,unloaded,cpu,high,False,False,False,True,0.0
f7aaa215-6074-4abe-9e1b-80af7b615811,blind,94,benign_cpu_unseen,unloaded,cpu,high,False,False,False,True,0.0
f7aaa215-6074-4abe-9e1b-80af7b615811,blind,95,benign_cpu_unseen,unloaded,cpu,high,False,False,False,True,0.0
f7aaa215-6074-4abe-9e1b-80af7b615811,blind,96,benign_cpu_unseen,unloaded,cpu,high,False,False,False,True,0.0
f7aaa215-6074-4abe-9e1b-80af7b615811,blind,97,benign_cpu_unseen,unloaded,cpu,high,False,False,False,True,0.0
f7aaa215-6074-4abe-9e1b-80af7b615811,blind,98,benign_cpu_unseen,unloaded,cpu,high,False,False,False,True,0.0
f7aaa215-6074-4abe-9e1b-80af7b615811,blind,99,benign_cpu_unseen,unloaded,cpu,high,False,False,False,True,0.0
f7aaa215-6074-4abe-9e1b-80af7b615811,blind,100,benign_cpu_unseen,unloaded,cpu,high,False,False,False,True,0.0
f7aaa215-6074-4abe-9e1b-80af7b615811,blind,101,benign_cpu_unseen,unloaded,cpu,high,False,False,False,True,0.0
f7aaa215-6074-4abe-9e1b-80af7b615811,blind,102,benign_cpu_unseen,unloaded,cpu,high,False,False,False,True,0.0
f7aaa215-6074-4abe-9e1b-80af7b615811,blind,103,benign_cpu_unseen,unloaded,cpu,high,False,False,False,True,0.0
f7aaa215-6074-4abe-9e1b-80af7b615811,blind,104,benign_cpu_unseen,unloaded,cpu,high,False,False,False,True,0.0
f7aaa215-6074-4abe-9e1b-80af7b615811,blind,105,benign_cpu_unseen,unloaded,cpu,high,False,False,False,True,0.0
f7aaa215-6074-4abe-9e1b-80af7b615811,blind,106,benign_cpu_unseen,unloaded,cpu,high,False,False,False,True,0.0
f7aaa215-6074-4abe-9e1b-80af7b615811,blind,107,benign_cpu_unseen,unloaded,cpu,high,False,False,False,True,0.0
f7aaa215-6074-4abe-9e1b-80af7b615811,blind,108,benign_memory_unseen,unloaded,memory,low,False,False,False,True,0.0
f7aaa215-6074-4abe-9e1b-80af7b615811,blind,109,benign_memory_unseen,unloaded,memory,low,False,False,False,True,0.0
f7aaa215-6074-4abe-9e1b-80af7b615811,blind,110,benign_memory_unseen,unloaded,memory,low,False,False,False,True,0.0
f7aaa215-6074-4abe-9e1b-80af7b615811,blind,111,benign_memory_unseen,unloaded,memory,low,False,False,False,True,0.0
f7aaa215-6074-4abe-9e1b-80af7b615811,blind,112,benign_memory_unseen,unloaded,memory,low,False,False,False,True,0.0
f7aaa215-6074-4abe-9e1b-80af7b615811,blind,113,benign_memory_unseen,unloaded,memory,low,False,False,False,True,0.0
f7aaa215-6074-4abe-9e1b-80af7b615811,blind,114,benign_memory_unseen,unloaded,memory,low,False,False,False,True,0.0
f7aaa215-6074-4abe-9e1b-80af7b615811,blind,115,benign_memory_unseen,unloaded,memory,low,False,False,False,True,0.0
f7aaa215-6074-4abe-9e1b-80af7b615811,blind,116,benign_memory_unseen,unloaded,memory,low,False,False,False,True,0.0
f7aaa215-6074-4abe-9e1b-80af7b615811,blind,117,benign_memory_unseen,unloaded,memory,low,False,False,False,True,0.0
f7aaa215-6074-4abe-9e1b-80af7b615811,blind,118,benign_memory_unseen,unloaded,memory,low,False,False,False,True,0.0
f7aaa215-6074-4abe-9e1b-80af7b615811,blind,119,benign_memory_unseen,unloaded,memory,low,False,False,False,True,0.0
f7aaa215-6074-4abe-9e1b-80af7b615811,blind,120,benign_memory_unseen,unloaded,memory,low,False,False,False,True,0.0
f7aaa215-6074-4abe-9e1b-80af7b615811,blind,121,benign_memory_unseen,unloaded,memory,low,False,False,False,True,0.0
f7aaa215-6074-4abe-9e1b-80af7b615811,blind,122,benign_memory_unseen,unloaded,memory,low,False,False,False,True,0.0
f7aaa215-6074-4abe-9e1b-80af7b615811,blind,123,benign_memory_unseen,unloaded,memory,low,False,False,False,True,0.0
f7aaa215-6074-4abe-9e1b-80af7b615811,blind,124,benign_memory_unseen,unloaded,memory,low,False,False,False,True,0.0
f7aaa215-6074-4abe-9e1b-80af7b615811,blind,125,benign_memory_unseen,unloaded,memory,low,False,False,False,True,0.0
f7aaa215-6074-4abe-9e1b-80af7b615811,blind,126,benign_memory_unseen,unloaded,memory,low,False,False,False,True,0.0
f7aaa215-6074-4abe-9e1b-80af7b615811,blind,127,benign_memory_unseen,unloaded,memory,low,False,False,False,True,0.0
f7aaa215-6074-4abe-9e1b-80af7b615811,blind,128,benign_memory_unseen,unloaded,memory,low,False,False,False,True,0.0
f7aaa215-6074-4abe-9e1b-80af7b615811,blind,129,benign_memory_unseen,unloaded,memory,low,False,False,False,True,0.0
f7aaa215-6074-4abe-9e1b-80af7b615811,blind,130,benign_memory_unseen,unloaded,memory,low,False,False,False,True,0.0
f7aaa215-6074-4abe-9e1b-80af7b615811,blind,131,benign_memory_unseen,unloaded,memory,low,False,False,False,True,0.0
f7aaa215-6074-4abe-9e1b-80af7b615811,blind,132,benign_memory_unseen,unloaded,memory,low,False,False,False,True,0.0
f7aaa215-6074-4abe-9e1b-80af7b615811,blind,133,benign_memory_unseen,unloaded,memory,low,False,False,False,True,0.0
f7aaa215-6074-4abe-9e1b-80af7b615811,blind,134,benign_memory_unseen,unloaded,memory,low,False,False,False,True,0.0
f7aaa215-6074-4abe-9e1b-80af7b615811,blind,135,benign_memory_unseen,unloaded,memory,low,False,False,False,True,0.0
f7aaa215-6074-4abe-9e1b-80af7b615811,blind,136,benign_memory_unseen,unloaded,memory,low,False,False,False,True,0.0
f7aaa215-6074-4abe-9e1b-80af7b615811,blind,137,benign_memory_unseen,unloaded,memory,low,False,False,False,True,0.0
f7aaa215-6074-4abe-9e1b-80af7b615811,blind,138,benign_memory_unseen,unloaded,memory,low,False,False,False,True,0.0
f7aaa215-6074-4abe-9e1b-80af7b615811,blind,139,benign_memory_unseen,unloaded,memory,low,False,False,False,True,0.0
f7aaa215-6074-4abe-9e1b-80af7b615811,blind,140,benign_memory_unseen,unloaded,memory,low,False,False,False,True,0.0
f7aaa215-6074-4abe-9e1b-80af7b615811,blind,141,benign_memory_unseen,unloaded,memory,low,False,False,False,True,0.0
f7aaa215-6074-4abe-9e1b-80af7b615811,blind,142,benign_memory_unseen,unloaded,memory,low,False,False,False,True,0.0
f7aaa215-6074-4abe-9e1b-80af7b615811,blind,143,benign_memory_unseen,unloaded,memory,low,False,False,False,True,0.0
f7aaa215-6074-4abe-9e1b-80af7b615811,blind,144,benign_memory_unseen,unloaded,memory,low,False,False,False,True,0.0
f7aaa215-6074-4abe-9e1b-80af7b615811,blind,145,benign_memory_unseen,unloaded,memory,low,False,False,False,True,0.0
f7aaa215-6074-4abe-9e1b-80af7b615811,blind,146,benign_memory_unseen,unloaded,memory,low,False,False,False,True,0.0
f7aaa215-6074-4abe-9e1b-80af7b615811,blind,147,benign_memory_unseen,unloaded,memory,low,False,False,False,True,0.0
f7aaa215-6074-4abe-9e1b-80af7b615811,blind,148,benign_mixed_unseen,unloaded,mixed,high,False,False,False,True,0.0
f7aaa215-6074-4abe-9e1b-80af7b615811,blind,149,benign_mixed_unseen,unloaded,mixed,high,False,False,False,True,0.0
f7aaa215-6074-4abe-9e1b-80af7b615811,blind,150,benign_mixed_unseen,unloaded,mixed,high,False,False,False,True,0.0
f7aaa215-6074-4abe-9e1b-80af7b615811,blind,151,benign_mixed_unseen,unloaded,mixed,high,False,False,False,True,0.0
f7aaa215-6074-4abe-9e1b-80af7b615811,blind,152,benign_mixed_unseen,unloaded,mixed,high,False,False,False,True,0.0
f7aaa215-6074-4abe-9e1b-80af7b615811,blind,153,benign_mixed_unseen,unloaded,mixed,high,False,True,True,True,0.0
f7aaa215-6074-4abe-9e1b-80af7b615811,blind,154,benign_mixed_unseen,unloaded,mixed,high,False,False,False,True,0.0
f7aaa215-6074-4abe-9e1b-80af7b615811,blind,155,benign_mixed_unseen,unloaded,mixed,high,False,False,False,True,0.0
f7aaa215-6074-4abe-9e1b-80af7b615811,blind,156,benign_mixed_unseen,unloaded,mixed,high,False,False,False,True,0.0
f7aaa215-6074-4abe-9e1b-80af7b615811,blind,157,benign_mixed_unseen,unloaded,mixed,high,False,False,False,True,0.0
f7aaa215-6074-4abe-9e1b-80af7b615811,blind,158,benign_mixed_unseen,unloaded,mixed,high,False,False,False,True,0.0
f7aaa215-6074-4abe-9e1b-80af7b615811,blind,159,benign_mixed_unseen,unloaded,mixed,high,False,False,False,True,0.0
f7aaa215-6074-4abe-9e1b-80af7b615811,blind,160,benign_mixed_unseen,unloaded,mixed,high,False,False,False,True,0.0
f7aaa215-6074-4abe-9e1b-80af7b615811,blind,161,benign_mixed_unseen,unloaded,mixed,high,False,False,False,True,0.0
f7aaa215-6074-4abe-9e1b-80af7b615811,blind,162,benign_mixed_unseen,unloaded,mixed,high,False,False,False,True,0.0
f7aaa215-6074-4abe-9e1b-80af7b615811,blind,163,benign_mixed_unseen,unloaded,mixed,high,False,False,False,True,0.0
f7aaa215-6074-4abe-9e1b-80af7b615811,blind,164,benign_mixed_unseen,unloaded,mixed,high,False,False,False,True,0.0
f7aaa215-6074-4abe-9e1b-80af7b615811,blind,165,benign_mixed_unseen,unloaded,mixed,high,False,False,False,True,0.0
f7aaa215-6074-4abe-9e1b-80af7b615811,blind,166,benign_mixed_unseen,unloaded,mixed,high,False,False,False,True,0.0
f7aaa215-6074-4abe-9e1b-80af7b615811,blind,167,benign_mixed_unseen,unloaded,mixed,high,False,False,False,True,0.0
f7aaa215-6074-4abe-9e1b-80af7b615811,blind,168,benign_mixed_unseen,unloaded,mixed,high,False,False,False,True,0.0
f7aaa215-6074-4abe-9e1b-80af7b615811,blind,169,benign_mixed_unseen,unloaded,mixed,high,False,False,False,True,0.0
f7aaa215-6074-4abe-9e1b-80af7b615811,blind,170,benign_mixed_unseen,unloaded,mixed,high,False,False,False,True,0.0
f7aaa215-6074-4abe-9e1b-80af7b615811,blind,171,benign_mixed_unseen,unloaded,mixed,high,False,False,False,True,0.0
f7aaa215-6074-4abe-9e1b-80af7b615811,blind,172,benign_mixed_unseen,unloaded,mixed,high,False,False,False,True,0.0
f7aaa215-6074-4abe-9e1b-80af7b615811,blind,173,benign_mixed_unseen,unloaded,mixed,high,False,False,False,True,0.0
f7aaa215-6074-4abe-9e1b-80af7b615811,blind,174,benign_mixed_unseen,unloaded,mixed,high,False,False,False,True,0.0
f7aaa215-6074-4abe-9e1b-80af7b615811,blind,175,benign_mixed_unseen,unloaded,mixed,high,False,False,False,True,0.0
f7aaa215-6074-4abe-9e1b-80af7b615811,blind,176,benign_mixed_unseen,unloaded,mixed,high,False,False,False,True,0.0
f7aaa215-6074-4abe-9e1b-80af7b615811,blind,177,benign_mixed_unseen,unloaded,mixed,high,False,False,False,True,0.0
f7aaa215-6074-4abe-9e1b-80af7b615811,blind,178,benign_mixed_unseen,unloaded,mixed,high,False,False,False,True,0.0
f7aaa215-6074-4abe-9e1b-80af7b615811,blind,179,benign_mixed_unseen,unloaded,mixed,high,False,False,False,True,0.0
f7aaa215-6074-4abe-9e1b-80af7b615811,blind,180,benign_mixed_unseen,unloaded,mixed,high,False,False,False,True,0.0
f7aaa215-6074-4abe-9e1b-80af7b615811,blind,181,benign_mixed_unseen,unloaded,mixed,high,False,False,False,True,0.0
f7aaa215-6074-4abe-9e1b-80af7b615811,blind,182,benign_mixed_unseen,unloaded,mixed,high,False,False,False,True,0.0
f7aaa215-6074-4abe-9e1b-80af7b615811,blind,183,benign_mixed_unseen,unloaded,mixed,high,False,False,False,True,0.0
f7aaa215-6074-4abe-9e1b-80af7b615811,blind,184,benign_mixed_unseen,unloaded,mixed,high,False,False,False,True,0.0
f7aaa215-6074-4abe-9e1b-80af7b615811,blind,185,benign_mixed_unseen,unloaded,mixed,high,False,False,False,True,0.0
f7aaa215-6074-4abe-9e1b-80af7b615811,blind,186,benign_mixed_unseen,unloaded,mixed,high,False,False,False,True,0.0
f7aaa215-6074-4abe-9e1b-80af7b615811,blind,187,benign_mixed_unseen,unloaded,mixed,high,False,False,False,True,0.0
f7aaa215-6074-4abe-9e1b-80af7b615811,blind,188,normal_recovery_1,unloaded,baseline,low,False,False,False,True,0.0
f7aaa215-6074-4abe-9e1b-80af7b615811,blind,189,normal_recovery_1,unloaded,baseline,low,False,False,False,True,0.0
f7aaa215-6074-4abe-9e1b-80af7b615811,blind,190,normal_recovery_1,unloaded,baseline,low,False,False,False,True,0.0
f7aaa215-6074-4abe-9e1b-80af7b615811,blind,191,normal_recovery_1,unloaded,baseline,low,False,False,False,True,0.0
f7aaa215-6074-4abe-9e1b-80af7b615811,blind,192,normal_recovery_1,unloaded,baseline,low,False,False,False,True,0.0
f7aaa215-6074-4abe-9e1b-80af7b615811,blind,193,normal_recovery_1,unloaded,baseline,low,False,False,False,True,0.0
f7aaa215-6074-4abe-9e1b-80af7b615811,blind,194,normal_recovery_1,unloaded,baseline,low,False,False,False,True,0.0
f7aaa215-6074-4abe-9e1b-80af7b615811,blind,195,normal_recovery_1,unloaded,baseline,low,False,False,False,True,0.0
f7aaa215-6074-4abe-9e1b-80af7b615811,blind,196,normal_recovery_1,unloaded,baseline,low,False,False,False,True,0.0
f7aaa215-6074-4abe-9e1b-80af7b615811,blind,197,normal_recovery_1,unloaded,baseline,low,False,False,False,True,0.0
f7aaa215-6074-4abe-9e1b-80af7b615811,blind,198,normal_recovery_1,unloaded,baseline,low,False,False,False,True,0.0
f7aaa215-6074-4abe-9e1b-80af7b615811,blind,199,normal_recovery_1,unloaded,baseline,low,False,False,False,True,0.0
f7aaa215-6074-4abe-9e1b-80af7b615811,blind,200,normal_recovery_1,unloaded,baseline,low,False,False,False,True,0.0
f7aaa215-6074-4abe-9e1b-80af7b615811,blind,201,normal_recovery_1,unloaded,baseline,low,False,False,False,True,0.0
f7aaa215-6074-4abe-9e1b-80af7b615811,blind,202,normal_recovery_1,unloaded,baseline,low,False,False,False,True,0.0
f7aaa215-6074-4abe-9e1b-80af7b615811,blind,203,normal_recovery_1,unloaded,baseline,low,False,False,False,True,0.0
f7aaa215-6074-4abe-9e1b-80af7b615811,blind,204,normal_recovery_1,unloaded,baseline,low,False,True,True,True,0.0
f7aaa215-6074-4abe-9e1b-80af7b615811,blind,205,normal_recovery_1,unloaded,baseline,low,False,True,True,True,0.0
f7aaa215-6074-4abe-9e1b-80af7b615811,blind,206,normal_recovery_1,unloaded,baseline,low,False,True,True,True,0.0
f7aaa215-6074-4abe-9e1b-80af7b615811,blind,207,normal_recovery_1,unloaded,baseline,low,False,False,False,True,0.0
f7aaa215-6074-4abe-9e1b-80af7b615811,blind,208,attack_baseline,hiding,baseline,low,True,True,True,True,0.05
f7aaa215-6074-4abe-9e1b-80af7b615811,blind,209,attack_baseline,hiding,baseline,low,True,True,True,True,0.1
f7aaa215-6074-4abe-9e1b-80af7b615811,blind,210,attack_baseline,hiding,baseline,low,True,True,True,True,0.15
f7aaa215-6074-4abe-9e1b-80af7b615811,blind,211,attack_baseline,hiding,baseline,low,True,True,True,True,0.2
f7aaa215-6074-4abe-9e1b-80af7b615811,blind,212,attack_baseline,hiding,baseline,low,True,True,True,True,0.25
f7aaa215-6074-4abe-9e1b-80af7b615811,blind,213,attack_baseline,hiding,baseline,low,True,True,True,True,0.3
f7aaa215-6074-4abe-9e1b-80af7b615811,blind,214,attack_baseline,hiding,baseline,low,True,True,True,True,0.35
f7aaa215-6074-4abe-9e1b-80af7b615811,blind,215,attack_baseline,hiding,baseline,low,True,True,True,True,0.4
f7aaa215-6074-4abe-9e1b-80af7b615811,blind,216,attack_baseline,hiding,baseline,low,True,True,True,True,0.45
f7aaa215-6074-4abe-9e1b-80af7b615811,blind,217,attack_baseline,hiding,baseline,low,True,False,False,True,0.5
f7aaa215-6074-4abe-9e1b-80af7b615811,blind,218,attack_baseline,hiding,baseline,low,True,False,False,True,0.55
f7aaa215-6074-4abe-9e1b-80af7b615811,blind,219,attack_baseline,hiding,baseline,low,True,False,False,True,0.6
f7aaa215-6074-4abe-9e1b-80af7b615811,blind,220,attack_baseline,hiding,baseline,low,True,False,False,True,0.65
f7aaa215-6074-4abe-9e1b-80af7b615811,blind,221,attack_baseline,hiding,baseline,low,True,True,True,True,0.7
f7aaa215-6074-4abe-9e1b-80af7b615811,blind,222,attack_baseline,hiding,baseline,low,True,False,False,True,0.75
f7aaa215-6074-4abe-9e1b-80af7b615811,blind,223,attack_baseline,hiding,baseline,low,True,False,False,True,0.8
f7aaa215-6074-4abe-9e1b-80af7b615811,blind,224,attack_baseline,hiding,baseline,low,True,False,False,True,0.85
f7aaa215-6074-4abe-9e1b-80af7b615811,blind,225,attack_baseline,hiding,baseline,low,True,False,False,True,0.9
f7aaa215-6074-4abe-9e1b-80af7b615811,blind,226,attack_baseline,hiding,baseline,low,True,False,False,True,0.95
f7aaa215-6074-4abe-9e1b-80af7b615811,blind,227,attack_baseline,hiding,baseline,low,True,False,False,True,1.0
f7aaa215-6074-4abe-9e1b-80af7b615811,blind,228,attack_baseline,hiding,baseline,low,True,False,False,True,1.0
f7aaa215-6074-4abe-9e1b-80af7b615811,blind,229,attack_baseline,hiding,baseline,low,True,False,False,True,1.0
f7aaa215-6074-4abe-9e1b-80af7b615811,blind,230,attack_baseline,hiding,baseline,low,True,False,False,True,1.0
f7aaa215-6074-4abe-9e1b-80af7b615811,blind,231,attack_baseline,hiding,baseline,low,True,False,False,True,1.0
f7aaa215-6074-4abe-9e1b-80af7b615811,blind,232,attack_baseline,hiding,baseline,low,True,False,False,True,1.0
f7aaa215-6074-4abe-9e1b-80af7b615811,blind,233,attack_baseline,hiding,baseline,low,True,False,False,True,1.0
f7aaa215-6074-4abe-9e1b-80af7b615811,blind,234,attack_baseline,hiding,baseline,low,False,False,False,True,1.0
f7aaa215-6074-4abe-9e1b-80af7b615811,blind,235,attack_baseline,hiding,baseline,low,True,False,False,True,1.0
f7aaa215-6074-4abe-9e1b-80af7b615811,blind,236,attack_baseline,hiding,baseline,low,True,False,False,True,1.0
f7aaa215-6074-4abe-9e1b-80af7b615811,blind,237,attack_baseline,hiding,baseline,low,True,False,False,True,1.0
f7aaa215-6074-4abe-9e1b-80af7b615811,blind,238,attack_baseline,hiding,baseline,low,True,False,False,True,1.0
f7aaa215-6074-4abe-9e1b-80af7b615811,blind,239,attack_baseline,hiding,baseline,low,True,False,False,True,1.0
f7aaa215-6074-4abe-9e1b-80af7b615811,blind,240,attack_baseline,hiding,baseline,low,True,False,False,True,1.0
f7aaa215-6074-4abe-9e1b-80af7b615811,blind,241,attack_baseline,hiding,baseline,low,True,True,True,True,1.0
f7aaa215-6074-4abe-9e1b-80af7b615811,blind,242,attack_baseline,hiding,baseline,low,True,False,False,True,1.0
f7aaa215-6074-4abe-9e1b-80af7b615811,blind,243,attack_baseline,hiding,baseline,low,True,False,False,True,1.0
f7aaa215-6074-4abe-9e1b-80af7b615811,blind,244,attack_baseline,hiding,baseline,low,True,False,False,True,1.0
f7aaa215-6074-4abe-9e1b-80af7b615811,blind,245,attack_baseline,hiding,baseline,low,True,False,False,True,1.0
f7aaa215-6074-4abe-9e1b-80af7b615811,blind,246,attack_baseline,hiding,baseline,low,True,False,False,True,1.0
f7aaa215-6074-4abe-9e1b-80af7b615811,blind,247,attack_baseline,hiding,baseline,low,True,True,True,True,1.0
f7aaa215-6074-4abe-9e1b-80af7b615811,blind,248,attack_cpu,hiding,cpu,high,True,True,True,True,1.0
f7aaa215-6074-4abe-9e1b-80af7b615811,blind,249,attack_cpu,hiding,cpu,high,True,True,True,True,1.0
f7aaa215-6074-4abe-9e1b-80af7b615811,blind,250,attack_cpu,hiding,cpu,high,True,True,True,True,1.0
f7aaa215-6074-4abe-9e1b-80af7b615811,blind,251,attack_cpu,hiding,cpu,high,True,True,True,True,1.0
f7aaa215-6074-4abe-9e1b-80af7b615811,blind,252,attack_cpu,hiding,cpu,high,True,True,True,True,1.0
f7aaa215-6074-4abe-9e1b-80af7b615811,blind,253,attack_cpu,hiding,cpu,high,True,True,True,True,1.0
f7aaa215-6074-4abe-9e1b-80af7b615811,blind,254,attack_cpu,hiding,cpu,high,True,True,True,True,1.0
f7aaa215-6074-4abe-9e1b-80af7b615811,blind,255,attack_cpu,hiding,cpu,high,True,True,True,True,1.0
f7aaa215-6074-4abe-9e1b-80af7b615811,blind,256,attack_cpu,hiding,cpu,high,True,True,True,True,1.0
f7aaa215-6074-4abe-9e1b-80af7b615811,blind,257,attack_cpu,hiding,cpu,high,True,False,False,True,1.0
f7aaa215-6074-4abe-9e1b-80af7b615811,blind,258,attack_cpu,hiding,cpu,high,True,False,False,True,1.0
f7aaa215-6074-4abe-9e1b-80af7b615811,blind,259,attack_cpu,hiding,cpu,high,True,False,False,True,1.0
f7aaa215-6074-4abe-9e1b-80af7b615811,blind,260,attack_cpu,hiding,cpu,high,True,False,False,True,1.0
f7aaa215-6074-4abe-9e1b-80af7b615811,blind,261,attack_cpu,hiding,cpu,high,True,False,False,True,1.0
f7aaa215-6074-4abe-9e1b-80af7b615811,blind,262,attack_cpu,hiding,cpu,high,True,False,False,True,1.0
f7aaa215-6074-4abe-9e1b-80af7b615811,blind,263,attack_cpu,hiding,cpu,high,True,False,False,True,1.0
f7aaa215-6074-4abe-9e1b-80af7b615811,blind,264,attack_cpu,hiding,cpu,high,True,False,False,True,1.0
f7aaa215-6074-4abe-9e1b-80af7b615811,blind,265,attack_cpu,hiding,cpu,high,True,False,False,True,1.0
f7aaa215-6074-4abe-9e1b-80af7b615811,blind,266,attack_cpu,hiding,cpu,high,True,False,False,True,1.0
f7aaa215-6074-4abe-9e1b-80af7b615811,blind,267,attack_cpu,hiding,cpu,high,True,False,False,True,1.0
f7aaa215-6074-4abe-9e1b-80af7b615811,blind,268,attack_cpu,hiding,cpu,high,True,False,False,True,1.0
f7aaa215-6074-4abe-9e1b-80af7b615811,blind,269,attack_cpu,hiding,cpu,high,True,False,False,True,1.0
f7aaa215-6074-4abe-9e1b-80af7b615811,blind,270,attack_cpu,hiding,cpu,high,True,False,False,True,1.0
f7aaa215-6074-4abe-9e1b-80af7b615811,blind,271,attack_cpu,hiding,cpu,high,True,False,False,True,1.0
f7aaa215-6074-4abe-9e1b-80af7b615811,blind,272,attack_cpu,hiding,cpu,high,True,False,False,True,1.0
f7aaa215-6074-4abe-9e1b-80af7b615811,blind,273,attack_cpu,hiding,cpu,high,True,False,False,True,1.0
f7aaa215-6074-4abe-9e1b-80af7b615811,blind,274,attack_cpu,hiding,cpu,high,True,False,False,True,1.0
f7aaa215-6074-4abe-9e1b-80af7b615811,blind,275,attack_cpu,hiding,cpu,high,True,False,False,True,1.0
f7aaa215-6074-4abe-9e1b-80af7b615811,blind,276,attack_cpu,hiding,cpu,high,True,False,False,True,1.0
f7aaa215-6074-4abe-9e1b-80af7b615811,blind,277,attack_cpu,hiding,cpu,high,True,False,False,True,1.0
f7aaa215-6074-4abe-9e1b-80af7b615811,blind,278,attack_cpu,hiding,cpu,high,True,False,False,True,1.0
f7aaa215-6074-4abe-9e1b-80af7b615811,blind,279,attack_cpu,hiding,cpu,high,True,False,False,True,1.0
f7aaa215-6074-4abe-9e1b-80af7b615811,blind,280,attack_cpu,hiding,cpu,high,True,False,False,True,1.0
f7aaa215-6074-4abe-9e1b-80af7b615811,blind,281,attack_cpu,hiding,cpu,high,True,False,False,True,1.0
f7aaa215-6074-4abe-9e1b-80af7b615811,blind,282,attack_cpu,hiding,cpu,high,True,False,False,True,1.0
f7aaa215-6074-4abe-9e1b-80af7b615811,blind,283,attack_cpu,hiding,cpu,high,True,False,False,True,1.0
f7aaa215-6074-4abe-9e1b-80af7b615811,blind,284,attack_cpu,hiding,cpu,high,True,False,False,True,1.0
f7aaa215-6074-4abe-9e1b-80af7b615811,blind,285,attack_cpu,hiding,cpu,high,True,False,False,True,1.0
f7aaa215-6074-4abe-9e1b-80af7b615811,blind,286,attack_cpu,hiding,cpu,high,True,False,False,True,1.0
f7aaa215-6074-4abe-9e1b-80af7b615811,blind,287,attack_cpu,hiding,cpu,high,True,False,False,True,1.0
f7aaa215-6074-4abe-9e1b-80af7b615811,blind,288,attack_memory_unseen,hiding,memory,low,True,False,False,True,1.0
f7aaa215-6074-4abe-9e1b-80af7b615811,blind,289,attack_memory_unseen,hiding,memory,low,True,False,False,True,1.0
f7aaa215-6074-4abe-9e1b-80af7b615811,blind,290,attack_memory_unseen,hiding,memory,low,True,False,False,True,1.0
f7aaa215-6074-4abe-9e1b-80af7b615811,blind,291,attack_memory_unseen,hiding,memory,low,True,False,False,True,1.0
f7aaa215-6074-4abe-9e1b-80af7b615811,blind,292,attack_memory_unseen,hiding,memory,low,True,False,False,True,1.0
f7aaa215-6074-4abe-9e1b-80af7b615811,blind,293,attack_memory_unseen,hiding,memory,low,True,False,False,True,1.0
f7aaa215-6074-4abe-9e1b-80af7b615811,blind,294,attack_memory_unseen,hiding,memory,low,True,False,False,True,1.0
f7aaa215-6074-4abe-9e1b-80af7b615811,blind,295,attack_memory_unseen,hiding,memory,low,True,False,False,True,1.0
f7aaa215-6074-4abe-9e1b-80af7b615811,blind,296,attack_memory_unseen,hiding,memory,low,True,False,False,True,1.0
f7aaa215-6074-4abe-9e1b-80af7b615811,blind,297,attack_memory_unseen,hiding,memory,low,True,False,False,True,1.0
f7aaa215-6074-4abe-9e1b-80af7b615811,blind,298,attack_memory_unseen,hiding,memory,low,True,False,False,True,1.0
f7aaa215-6074-4abe-9e1b-80af7b615811,blind,299,attack_memory_unseen,hiding,memory,low,True,False,False,True,1.0
f7aaa215-6074-4abe-9e1b-80af7b615811,blind,300,attack_memory_unseen,hiding,memory,low,True,False,False,True,1.0
f7aaa215-6074-4abe-9e1b-80af7b615811,blind,301,attack_memory_unseen,hiding,memory,low,True,False,False,True,1.0
f7aaa215-6074-4abe-9e1b-80af7b615811,blind,302,attack_memory_unseen,hiding,memory,low,True,False,False,True,1.0
f7aaa215-6074-4abe-9e1b-80af7b615811,blind,303,attack_memory_unseen,hiding,memory,low,True,False,False,True,1.0
f7aaa215-6074-4abe-9e1b-80af7b615811,blind,304,attack_memory_unseen,hiding,memory,low,True,False,False,True,1.0
f7aaa215-6074-4abe-9e1b-80af7b615811,blind,305,attack_memory_unseen,hiding,memory,low,False,False,False,True,1.0
f7aaa215-6074-4abe-9e1b-80af7b615811,blind,306,attack_memory_unseen,hiding,memory,low,True,False,False,True,1.0
f7aaa215-6074-4abe-9e1b-80af7b615811,blind,307,attack_memory_unseen,hiding,memory,low,True,False,False,True,1.0
f7aaa215-6074-4abe-9e1b-80af7b615811,blind,308,attack_memory_unseen,hiding,memory,low,True,False,False,True,1.0
f7aaa215-6074-4abe-9e1b-80af7b615811,blind,309,attack_memory_unseen,hiding,memory,low,True,False,False,True,1.0
f7aaa215-6074-4abe-9e1b-80af7b615811,blind,310,attack_memory_unseen,hiding,memory,low,True,False,False,True,1.0
f7aaa215-6074-4abe-9e1b-80af7b615811,blind,311,attack_memory_unseen,hiding,memory,low,True,False,False,True,1.0
f7aaa215-6074-4abe-9e1b-80af7b615811,blind,312,attack_memory_unseen,hiding,memory,low,True,False,False,True,1.0
f7aaa215-6074-4abe-9e1b-80af7b615811,blind,313,attack_memory_unseen,hiding,memory,low,True,False,False,True,1.0
f7aaa215-6074-4abe-9e1b-80af7b615811,blind,314,attack_memory_unseen,hiding,memory,low,True,False,False,True,1.0
f7aaa215-6074-4abe-9e1b-80af7b615811,blind,315,attack_memory_unseen,hiding,memory,low,True,False,False,True,1.0
f7aaa215-6074-4abe-9e1b-80af7b615811,blind,316,attack_memory_unseen,hiding,memory,low,True,False,False,True,1.0
f7aaa215-6074-4abe-9e1b-80af7b615811,blind,317,attack_memory_unseen,hiding,memory,low,True,False,False,True,1.0
f7aaa215-6074-4abe-9e1b-80af7b615811,blind,318,attack_memory_unseen,hiding,memory,low,True,False,False,True,1.0
f7aaa215-6074-4abe-9e1b-80af7b615811,blind,319,attack_memory_unseen,hiding,memory,low,True,False,False,True,1.0
f7aaa215-6074-4abe-9e1b-80af7b615811,blind,320,attack_memory_unseen,hiding,memory,low,True,False,False,True,1.0
f7aaa215-6074-4abe-9e1b-80af7b615811,blind,321,attack_memory_unseen,hiding,memory,low,True,False,False,True,1.0
f7aaa215-6074-4abe-9e1b-80af7b615811,blind,322,attack_memory_unseen,hiding,memory,low,True,False,False,True,1.0
f7aaa215-6074-4abe-9e1b-80af7b615811,blind,323,attack_memory_unseen,hiding,memory,low,True,False,False,True,1.0
f7aaa215-6074-4abe-9e1b-80af7b615811,blind,324,attack_memory_unseen,hiding,memory,low,True,False,False,True,1.0
f7aaa215-6074-4abe-9e1b-80af7b615811,blind,325,attack_memory_unseen,hiding,memory,low,True,False,False,True,1.0
f7aaa215-6074-4abe-9e1b-80af7b615811,blind,326,attack_memory_unseen,hiding,memory,low,True,False,False,True,1.0
f7aaa215-6074-4abe-9e1b-80af7b615811,blind,327,attack_memory_unseen,hiding,memory,low,True,False,False,True,1.0
f7aaa215-6074-4abe-9e1b-80af7b615811,blind,328,attack_mixed_unseen,hiding,mixed,high,True,False,False,True,1.0
f7aaa215-6074-4abe-9e1b-80af7b615811,blind,329,attack_mixed_unseen,hiding,mixed,high,True,False,False,True,1.0
f7aaa215-6074-4abe-9e1b-80af7b615811,blind,330,attack_mixed_unseen,hiding,mixed,high,True,False,False,True,1.0
f7aaa215-6074-4abe-9e1b-80af7b615811,blind,331,attack_mixed_unseen,hiding,mixed,high,True,False,False,True,1.0
f7aaa215-6074-4abe-9e1b-80af7b615811,blind,332,attack_mixed_unseen,hiding,mixed,high,True,False,False,True,1.0
f7aaa215-6074-4abe-9e1b-80af7b615811,blind,333,attack_mixed_unseen,hiding,mixed,high,True,False,False,True,1.0
f7aaa215-6074-4abe-9e1b-80af7b615811,blind,334,attack_mixed_unseen,hiding,mixed,high,True,True,True,True,1.0
f7aaa215-6074-4abe-9e1b-80af7b615811,blind,335,attack_mixed_unseen,hiding,mixed,high,True,False,False,True,1.0
f7aaa215-6074-4abe-9e1b-80af7b615811,blind,336,attack_mixed_unseen,hiding,mixed,high,True,False,False,True,1.0
f7aaa215-6074-4abe-9e1b-80af7b615811,blind,337,attack_mixed_unseen,hiding,mixed,high,True,False,False,True,1.0
f7aaa215-6074-4abe-9e1b-80af7b615811,blind,338,attack_mixed_unseen,hiding,mixed,high,True,False,False,True,1.0
f7aaa215-6074-4abe-9e1b-80af7b615811,blind,339,attack_mixed_unseen,hiding,mixed,high,True,False,False,True,1.0
f7aaa215-6074-4abe-9e1b-80af7b615811,blind,340,attack_mixed_unseen,hiding,mixed,high,True,False,False,True,1.0
f7aaa215-6074-4abe-9e1b-80af7b615811,blind,341,attack_mixed_unseen,hiding,mixed,high,True,False,False,True,1.0
f7aaa215-6074-4abe-9e1b-80af7b615811,blind,342,attack_mixed_unseen,hiding,mixed,high,True,False,False,True,1.0
f7aaa215-6074-4abe-9e1b-80af7b615811,blind,343,attack_mixed_unseen,hiding,mixed,high,True,False,False,True,1.0
f7aaa215-6074-4abe-9e1b-80af7b615811,blind,344,attack_mixed_unseen,hiding,mixed,high,True,False,False,True,1.0
f7aaa215-6074-4abe-9e1b-80af7b615811,blind,345,attack_mixed_unseen,hiding,mixed,high,True,False,False,True,1.0
f7aaa215-6074-4abe-9e1b-80af7b615811,blind,346,attack_mixed_unseen,hiding,mixed,high,True,False,False,True,1.0
f7aaa215-6074-4abe-9e1b-80af7b615811,blind,347,attack_mixed_unseen,hiding,mixed,high,True,False,False,True,1.0
f7aaa215-6074-4abe-9e1b-80af7b615811,blind,348,attack_mixed_unseen,hiding,mixed,high,True,False,False,True,1.0
f7aaa215-6074-4abe-9e1b-80af7b615811,blind,349,attack_mixed_unseen,hiding,mixed,high,True,False,False,True,1.0
f7aaa215-6074-4abe-9e1b-80af7b615811,blind,350,attack_mixed_unseen,hiding,mixed,high,True,False,False,True,1.0
f7aaa215-6074-4abe-9e1b-80af7b615811,blind,351,attack_mixed_unseen,hiding,mixed,high,True,False,False,True,1.0
f7aaa215-6074-4abe-9e1b-80af7b615811,blind,352,attack_mixed_unseen,hiding,mixed,high,True,False,False,True,1.0
f7aaa215-6074-4abe-9e1b-80af7b615811,blind,353,attack_mixed_unseen,hiding,mixed,high,True,False,False,True,1.0
f7aaa215-6074-4abe-9e1b-80af7b615811,blind,354,attack_mixed_unseen,hiding,mixed,high,True,False,False,True,1.0
f7aaa215-6074-4abe-9e1b-80af7b615811,blind,355,attack_mixed_unseen,hiding,mixed,high,True,False,False,True,1.0
f7aaa215-6074-4abe-9e1b-80af7b615811,blind,356,attack_mixed_unseen,hiding,mixed,high,True,False,False,True,1.0
f7aaa215-6074-4abe-9e1b-80af7b615811,blind,357,attack_mixed_unseen,hiding,mixed,high,True,False,False,True,1.0
f7aaa215-6074-4abe-9e1b-80af7b615811,blind,358,attack_mixed_unseen,hiding,mixed,high,True,False,False,True,1.0
f7aaa215-6074-4abe-9e1b-80af7b615811,blind,359,attack_mixed_unseen,hiding,mixed,high,True,False,False,True,1.0
f7aaa215-6074-4abe-9e1b-80af7b615811,blind,360,attack_mixed_unseen,hiding,mixed,high,True,False,False,True,1.0
f7aaa215-6074-4abe-9e1b-80af7b615811,blind,361,attack_mixed_unseen,hiding,mixed,high,True,False,False,True,1.0
f7aaa215-6074-4abe-9e1b-80af7b615811,blind,362,attack_mixed_unseen,hiding,mixed,high,True,False,False,True,1.0
f7aaa215-6074-4abe-9e1b-80af7b615811,blind,363,attack_mixed_unseen,hiding,mixed,high,True,False,False,True,1.0
f7aaa215-6074-4abe-9e1b-80af7b615811,blind,364,attack_mixed_unseen,hiding,mixed,high,True,False,False,True,1.0
f7aaa215-6074-4abe-9e1b-80af7b615811,blind,365,attack_mixed_unseen,hiding,mixed,high,True,False,False,True,1.0
f7aaa215-6074-4abe-9e1b-80af7b615811,blind,366,attack_mixed_unseen,hiding,mixed,high,True,False,False,True,1.0
f7aaa215-6074-4abe-9e1b-80af7b615811,blind,367,attack_mixed_unseen,hiding,mixed,high,True,False,False,True,1.0
f7aaa215-6074-4abe-9e1b-80af7b615811,blind,368,normal_recovery_2,unloaded,baseline,low,False,False,False,True,0.95
f7aaa215-6074-4abe-9e1b-80af7b615811,blind,369,normal_recovery_2,unloaded,baseline,low,False,False,False,True,0.9
f7aaa215-6074-4abe-9e1b-80af7b615811,blind,370,normal_recovery_2,unloaded,baseline,low,False,False,False,True,0.85
f7aaa215-6074-4abe-9e1b-80af7b615811,blind,371,normal_recovery_2,unloaded,baseline,low,False,False,False,True,0.8
f7aaa215-6074-4abe-9e1b-80af7b615811,blind,372,normal_recovery_2,unloaded,baseline,low,False,False,False,True,0.75
f7aaa215-6074-4abe-9e1b-80af7b615811,blind,373,normal_recovery_2,unloaded,baseline,low,False,False,False,True,0.7
f7aaa215-6074-4abe-9e1b-80af7b615811,blind,374,normal_recovery_2,unloaded,baseline,low,False,False,False,True,0.65
f7aaa215-6074-4abe-9e1b-80af7b615811,blind,375,normal_recovery_2,unloaded,baseline,low,False,False,False,True,0.6
f7aaa215-6074-4abe-9e1b-80af7b615811,blind,376,normal_recovery_2,unloaded,baseline,low,False,False,False,True,0.55
f7aaa215-6074-4abe-9e1b-80af7b615811,blind,377,normal_recovery_2,unloaded,baseline,low,False,False,False,True,0.5
f7aaa215-6074-4abe-9e1b-80af7b615811,blind,378,normal_recovery_2,unloaded,baseline,low,False,False,False,True,0.45
f7aaa215-6074-4abe-9e1b-80af7b615811,blind,379,normal_recovery_2,unloaded,baseline,low,False,False,False,True,0.4
f7aaa215-6074-4abe-9e1b-80af7b615811,blind,380,normal_recovery_2,unloaded,baseline,low,False,False,False,True,0.35
f7aaa215-6074-4abe-9e1b-80af7b615811,blind,381,normal_recovery_2,unloaded,baseline,low,False,False,False,True,0.3
f7aaa215-6074-4abe-9e1b-80af7b615811,blind,382,normal_recovery_2,unloaded,baseline,low,False,False,False,True,0.25
f7aaa215-6074-4abe-9e1b-80af7b615811,blind,383,normal_recovery_2,unloaded,baseline,low,False,False,False,True,0.2
f7aaa215-6074-4abe-9e1b-80af7b615811,blind,384,normal_recovery_2,unloaded,baseline,low,False,False,False,True,0.15
f7aaa215-6074-4abe-9e1b-80af7b615811,blind,385,normal_recovery_2,unloaded,baseline,low,False,False,False,True,0.1
f7aaa215-6074-4abe-9e1b-80af7b615811,blind,386,normal_recovery_2,unloaded,baseline,low,False,False,False,True,0.05
f7aaa215-6074-4abe-9e1b-80af7b615811,blind,387,normal_recovery_2,unloaded,baseline,low,False,False,False,True,0.0
f7aaa215-6074-4abe-9e1b-80af7b615811,blind,388,sham_negative_baseline,sham,baseline,low,False,True,True,True,0.0
f7aaa215-6074-4abe-9e1b-80af7b615811,blind,389,sham_negative_baseline,sham,baseline,low,False,True,True,True,0.0
f7aaa215-6074-4abe-9e1b-80af7b615811,blind,390,sham_negative_baseline,sham,baseline,low,False,True,True,True,0.0
f7aaa215-6074-4abe-9e1b-80af7b615811,blind,391,sham_negative_baseline,sham,baseline,low,False,True,True,True,0.0
f7aaa215-6074-4abe-9e1b-80af7b615811,blind,392,sham_negative_baseline,sham,baseline,low,False,True,True,True,0.0
f7aaa215-6074-4abe-9e1b-80af7b615811,blind,393,sham_negative_baseline,sham,baseline,low,False,True,True,True,0.0
f7aaa215-6074-4abe-9e1b-80af7b615811,blind,394,sham_negative_baseline,sham,baseline,low,False,True,True,True,0.0
f7aaa215-6074-4abe-9e1b-80af7b615811,blind,395,sham_negative_baseline,sham,baseline,low,False,False,False,True,0.0
f7aaa215-6074-4abe-9e1b-80af7b615811,blind,396,sham_negative_baseline,sham,baseline,low,False,False,False,True,0.0
f7aaa215-6074-4abe-9e1b-80af7b615811,blind,397,sham_negative_baseline,sham,baseline,low,False,True,True,True,0.0
f7aaa215-6074-4abe-9e1b-80af7b615811,blind,398,sham_negative_cpu,sham,cpu,high,False,True,True,True,0.0
f7aaa215-6074-4abe-9e1b-80af7b615811,blind,399,sham_negative_cpu,sham,cpu,high,False,True,True,True,0.0
f7aaa215-6074-4abe-9e1b-80af7b615811,blind,400,sham_negative_cpu,sham,cpu,high,False,True,True,True,0.0
f7aaa215-6074-4abe-9e1b-80af7b615811,blind,401,sham_negative_cpu,sham,cpu,high,False,True,True,True,0.0
f7aaa215-6074-4abe-9e1b-80af7b615811,blind,402,sham_negative_cpu,sham,cpu,high,False,True,True,True,0.0
f7aaa215-6074-4abe-9e1b-80af7b615811,blind,403,sham_negative_cpu,sham,cpu,high,False,True,True,True,0.0
f7aaa215-6074-4abe-9e1b-80af7b615811,blind,404,sham_negative_cpu,sham,cpu,high,False,True,True,True,0.0
f7aaa215-6074-4abe-9e1b-80af7b615811,blind,405,sham_negative_cpu,sham,cpu,high,False,True,True,True,0.0
f7aaa215-6074-4abe-9e1b-80af7b615811,blind,406,sham_negative_cpu,sham,cpu,high,False,True,True,True,0.0
f7aaa215-6074-4abe-9e1b-80af7b615811,blind,407,sham_negative_cpu,sham,cpu,high,False,False,False,True,0.0
f7aaa215-6074-4abe-9e1b-80af7b615811,guarded,48,normal_pre,unloaded,baseline,low,False,False,False,True,0.0
f7aaa215-6074-4abe-9e1b-80af7b615811,guarded,49,normal_pre,unloaded,baseline,low,False,False,False,True,0.0
f7aaa215-6074-4abe-9e1b-80af7b615811,guarded,50,normal_pre,unloaded,baseline,low,False,False,False,True,0.0
f7aaa215-6074-4abe-9e1b-80af7b615811,guarded,51,normal_pre,unloaded,baseline,low,False,False,False,True,0.0
f7aaa215-6074-4abe-9e1b-80af7b615811,guarded,52,normal_pre,unloaded,baseline,low,False,False,False,True,0.0
f7aaa215-6074-4abe-9e1b-80af7b615811,guarded,53,normal_pre,unloaded,baseline,low,False,False,False,True,0.0
f7aaa215-6074-4abe-9e1b-80af7b615811,guarded,54,normal_pre,unloaded,baseline,low,False,False,False,True,0.0
f7aaa215-6074-4abe-9e1b-80af7b615811,guarded,55,normal_pre,unloaded,baseline,low,False,False,False,True,0.0
f7aaa215-6074-4abe-9e1b-80af7b615811,guarded,56,normal_pre,unloaded,baseline,low,False,False,False,True,0.0
f7aaa215-6074-4abe-9e1b-80af7b615811,guarded,57,normal_pre,unloaded,baseline,low,False,False,False,True,0.0
f7aaa215-6074-4abe-9e1b-80af7b615811,guarded,58,normal_pre,unloaded,baseline,low,False,False,False,True,0.0
f7aaa215-6074-4abe-9e1b-80af7b615811,guarded,59,normal_pre,unloaded,baseline,low,False,False,False,True,0.0
f7aaa215-6074-4abe-9e1b-80af7b615811,guarded,60,normal_pre,unloaded,baseline,low,False,False,False,True,0.0
f7aaa215-6074-4abe-9e1b-80af7b615811,guarded,61,normal_pre,unloaded,baseline,low,False,False,False,True,0.0
f7aaa215-6074-4abe-9e1b-80af7b615811,guarded,62,normal_pre,unloaded,baseline,low,False,True,True,True,0.0
f7aaa215-6074-4abe-9e1b-80af7b615811,guarded,63,normal_pre,unloaded,baseline,low,False,False,False,True,0.0
f7aaa215-6074-4abe-9e1b-80af7b615811,guarded,64,normal_pre,unloaded,baseline,low,False,False,False,True,0.0
f7aaa215-6074-4abe-9e1b-80af7b615811,guarded,65,normal_pre,unloaded,baseline,low,False,True,True,True,0.0
f7aaa215-6074-4abe-9e1b-80af7b615811,guarded,66,normal_pre,unloaded,baseline,low,False,False,False,True,0.0
f7aaa215-6074-4abe-9e1b-80af7b615811,guarded,67,normal_pre,unloaded,baseline,low,False,False,False,True,0.0
f7aaa215-6074-4abe-9e1b-80af7b615811,guarded,68,benign_cpu_unseen,unloaded,cpu,high,False,True,True,True,0.0
f7aaa215-6074-4abe-9e1b-80af7b615811,guarded,69,benign_cpu_unseen,unloaded,cpu,high,False,True,True,True,0.0
f7aaa215-6074-4abe-9e1b-80af7b615811,guarded,70,benign_cpu_unseen,unloaded,cpu,high,False,True,True,True,0.0
f7aaa215-6074-4abe-9e1b-80af7b615811,guarded,71,benign_cpu_unseen,unloaded,cpu,high,False,True,True,True,0.0
f7aaa215-6074-4abe-9e1b-80af7b615811,guarded,72,benign_cpu_unseen,unloaded,cpu,high,False,True,True,True,0.0
f7aaa215-6074-4abe-9e1b-80af7b615811,guarded,73,benign_cpu_unseen,unloaded,cpu,high,False,True,True,True,0.0
f7aaa215-6074-4abe-9e1b-80af7b615811,guarded,74,benign_cpu_unseen,unloaded,cpu,high,False,True,True,True,0.0
f7aaa215-6074-4abe-9e1b-80af7b615811,guarded,75,benign_cpu_unseen,unloaded,cpu,high,False,True,True,True,0.0
f7aaa215-6074-4abe-9e1b-80af7b615811,guarded,76,benign_cpu_unseen,unloaded,cpu,high,False,True,True,True,0.0
f7aaa215-6074-4abe-9e1b-80af7b615811,guarded,77,benign_cpu_unseen,unloaded,cpu,high,False,True,True,True,0.0
f7aaa215-6074-4abe-9e1b-80af7b615811,guarded,78,benign_cpu_unseen,unloaded,cpu,high,False,False,False,True,0.0
f7aaa215-6074-4abe-9e1b-80af7b615811,guarded,79,benign_cpu_unseen,unloaded,cpu,high,False,False,False,True,0.0
f7aaa215-6074-4abe-9e1b-80af7b615811,guarded,80,benign_cpu_unseen,unloaded,cpu,high,False,False,False,True,0.0
f7aaa215-6074-4abe-9e1b-80af7b615811,guarded,81,benign_cpu_unseen,unloaded,cpu,high,False,False,False,True,0.0
f7aaa215-6074-4abe-9e1b-80af7b615811,guarded,82,benign_cpu_unseen,unloaded,cpu,high,False,False,False,True,0.0
f7aaa215-6074-4abe-9e1b-80af7b615811,guarded,83,benign_cpu_unseen,unloaded,cpu,high,False,False,False,True,0.0
f7aaa215-6074-4abe-9e1b-80af7b615811,guarded,84,benign_cpu_unseen,unloaded,cpu,high,False,False,False,True,0.0
f7aaa215-6074-4abe-9e1b-80af7b615811,guarded,85,benign_cpu_unseen,unloaded,cpu,high,False,False,False,True,0.0
f7aaa215-6074-4abe-9e1b-80af7b615811,guarded,86,benign_cpu_unseen,unloaded,cpu,high,False,False,False,True,0.0
f7aaa215-6074-4abe-9e1b-80af7b615811,guarded,87,benign_cpu_unseen,unloaded,cpu,high,False,False,False,True,0.0
f7aaa215-6074-4abe-9e1b-80af7b615811,guarded,88,benign_cpu_unseen,unloaded,cpu,high,False,False,False,True,0.0
f7aaa215-6074-4abe-9e1b-80af7b615811,guarded,89,benign_cpu_unseen,unloaded,cpu,high,False,False,False,True,0.0
f7aaa215-6074-4abe-9e1b-80af7b615811,guarded,90,benign_cpu_unseen,unloaded,cpu,high,False,False,False,True,0.0
f7aaa215-6074-4abe-9e1b-80af7b615811,guarded,91,benign_cpu_unseen,unloaded,cpu,high,False,False,False,True,0.0
f7aaa215-6074-4abe-9e1b-80af7b615811,guarded,92,benign_cpu_unseen,unloaded,cpu,high,False,False,False,True,0.0
f7aaa215-6074-4abe-9e1b-80af7b615811,guarded,93,benign_cpu_unseen,unloaded,cpu,high,False,False,False,True,0.0
f7aaa215-6074-4abe-9e1b-80af7b615811,guarded,94,benign_cpu_unseen,unloaded,cpu,high,False,False,False,True,0.0
f7aaa215-6074-4abe-9e1b-80af7b615811,guarded,95,benign_cpu_unseen,unloaded,cpu,high,False,False,False,True,0.0
f7aaa215-6074-4abe-9e1b-80af7b615811,guarded,96,benign_cpu_unseen,unloaded,cpu,high,False,False,False,True,0.0
f7aaa215-6074-4abe-9e1b-80af7b615811,guarded,97,benign_cpu_unseen,unloaded,cpu,high,False,False,False,True,0.0
f7aaa215-6074-4abe-9e1b-80af7b615811,guarded,98,benign_cpu_unseen,unloaded,cpu,high,False,False,False,True,0.0
f7aaa215-6074-4abe-9e1b-80af7b615811,guarded,99,benign_cpu_unseen,unloaded,cpu,high,False,False,False,True,0.0
f7aaa215-6074-4abe-9e1b-80af7b615811,guarded,100,benign_cpu_unseen,unloaded,cpu,high,False,False,False,True,0.0
f7aaa215-6074-4abe-9e1b-80af7b615811,guarded,101,benign_cpu_unseen,unloaded,cpu,high,False,False,False,True,0.0
f7aaa215-6074-4abe-9e1b-80af7b615811,guarded,102,benign_cpu_unseen,unloaded,cpu,high,False,False,False,True,0.0
f7aaa215-6074-4abe-9e1b-80af7b615811,guarded,103,benign_cpu_unseen,unloaded,cpu,high,False,False,False,True,0.0
f7aaa215-6074-4abe-9e1b-80af7b615811,guarded,104,benign_cpu_unseen,unloaded,cpu,high,False,False,False,True,0.0
f7aaa215-6074-4abe-9e1b-80af7b615811,guarded,105,benign_cpu_unseen,unloaded,cpu,high,False,False,False,True,0.0
f7aaa215-6074-4abe-9e1b-80af7b615811,guarded,106,benign_cpu_unseen,unloaded,cpu,high,False,False,False,True,0.0
f7aaa215-6074-4abe-9e1b-80af7b615811,guarded,107,benign_cpu_unseen,unloaded,cpu,high,False,False,False,True,0.0
f7aaa215-6074-4abe-9e1b-80af7b615811,guarded,108,benign_memory_unseen,unloaded,memory,low,False,False,False,True,0.0
f7aaa215-6074-4abe-9e1b-80af7b615811,guarded,109,benign_memory_unseen,unloaded,memory,low,False,False,False,True,0.0
f7aaa215-6074-4abe-9e1b-80af7b615811,guarded,110,benign_memory_unseen,unloaded,memory,low,False,False,False,True,0.0
f7aaa215-6074-4abe-9e1b-80af7b615811,guarded,111,benign_memory_unseen,unloaded,memory,low,False,False,False,True,0.0
f7aaa215-6074-4abe-9e1b-80af7b615811,guarded,112,benign_memory_unseen,unloaded,memory,low,False,False,False,True,0.0
f7aaa215-6074-4abe-9e1b-80af7b615811,guarded,113,benign_memory_unseen,unloaded,memory,low,False,False,False,True,0.0
f7aaa215-6074-4abe-9e1b-80af7b615811,guarded,114,benign_memory_unseen,unloaded,memory,low,False,False,False,True,0.0
f7aaa215-6074-4abe-9e1b-80af7b615811,guarded,115,benign_memory_unseen,unloaded,memory,low,False,False,False,True,0.0
f7aaa215-6074-4abe-9e1b-80af7b615811,guarded,116,benign_memory_unseen,unloaded,memory,low,False,False,False,True,0.0
f7aaa215-6074-4abe-9e1b-80af7b615811,guarded,117,benign_memory_unseen,unloaded,memory,low,False,False,False,True,0.0
f7aaa215-6074-4abe-9e1b-80af7b615811,guarded,118,benign_memory_unseen,unloaded,memory,low,False,False,False,True,0.0
f7aaa215-6074-4abe-9e1b-80af7b615811,guarded,119,benign_memory_unseen,unloaded,memory,low,False,False,False,True,0.0
f7aaa215-6074-4abe-9e1b-80af7b615811,guarded,120,benign_memory_unseen,unloaded,memory,low,False,False,False,True,0.0
f7aaa215-6074-4abe-9e1b-80af7b615811,guarded,121,benign_memory_unseen,unloaded,memory,low,False,False,False,True,0.0
f7aaa215-6074-4abe-9e1b-80af7b615811,guarded,122,benign_memory_unseen,unloaded,memory,low,False,False,False,True,0.0
f7aaa215-6074-4abe-9e1b-80af7b615811,guarded,123,benign_memory_unseen,unloaded,memory,low,False,False,False,True,0.0
f7aaa215-6074-4abe-9e1b-80af7b615811,guarded,124,benign_memory_unseen,unloaded,memory,low,False,False,False,True,0.0
f7aaa215-6074-4abe-9e1b-80af7b615811,guarded,125,benign_memory_unseen,unloaded,memory,low,False,False,False,True,0.0
f7aaa215-6074-4abe-9e1b-80af7b615811,guarded,126,benign_memory_unseen,unloaded,memory,low,False,False,False,True,0.0
f7aaa215-6074-4abe-9e1b-80af7b615811,guarded,127,benign_memory_unseen,unloaded,memory,low,False,False,False,True,0.0
f7aaa215-6074-4abe-9e1b-80af7b615811,guarded,128,benign_memory_unseen,unloaded,memory,low,False,False,False,True,0.0
f7aaa215-6074-4abe-9e1b-80af7b615811,guarded,129,benign_memory_unseen,unloaded,memory,low,False,False,False,True,0.0
f7aaa215-6074-4abe-9e1b-80af7b615811,guarded,130,benign_memory_unseen,unloaded,memory,low,False,False,False,True,0.0
f7aaa215-6074-4abe-9e1b-80af7b615811,guarded,131,benign_memory_unseen,unloaded,memory,low,False,False,False,True,0.0
f7aaa215-6074-4abe-9e1b-80af7b615811,guarded,132,benign_memory_unseen,unloaded,memory,low,False,False,False,True,0.0
f7aaa215-6074-4abe-9e1b-80af7b615811,guarded,133,benign_memory_unseen,unloaded,memory,low,False,False,False,True,0.0
f7aaa215-6074-4abe-9e1b-80af7b615811,guarded,134,benign_memory_unseen,unloaded,memory,low,False,False,False,True,0.0
f7aaa215-6074-4abe-9e1b-80af7b615811,guarded,135,benign_memory_unseen,unloaded,memory,low,False,False,False,True,0.0
f7aaa215-6074-4abe-9e1b-80af7b615811,guarded,136,benign_memory_unseen,unloaded,memory,low,False,False,False,True,0.0
f7aaa215-6074-4abe-9e1b-80af7b615811,guarded,137,benign_memory_unseen,unloaded,memory,low,False,False,False,True,0.0
f7aaa215-6074-4abe-9e1b-80af7b615811,guarded,138,benign_memory_unseen,unloaded,memory,low,False,False,False,True,0.0
f7aaa215-6074-4abe-9e1b-80af7b615811,guarded,139,benign_memory_unseen,unloaded,memory,low,False,False,False,True,0.0
f7aaa215-6074-4abe-9e1b-80af7b615811,guarded,140,benign_memory_unseen,unloaded,memory,low,False,False,False,True,0.0
f7aaa215-6074-4abe-9e1b-80af7b615811,guarded,141,benign_memory_unseen,unloaded,memory,low,False,False,False,True,0.0
f7aaa215-6074-4abe-9e1b-80af7b615811,guarded,142,benign_memory_unseen,unloaded,memory,low,False,False,False,True,0.0
f7aaa215-6074-4abe-9e1b-80af7b615811,guarded,143,benign_memory_unseen,unloaded,memory,low,False,False,False,True,0.0
f7aaa215-6074-4abe-9e1b-80af7b615811,guarded,144,benign_memory_unseen,unloaded,memory,low,False,False,False,True,0.0
f7aaa215-6074-4abe-9e1b-80af7b615811,guarded,145,benign_memory_unseen,unloaded,memory,low,False,False,False,True,0.0
f7aaa215-6074-4abe-9e1b-80af7b615811,guarded,146,benign_memory_unseen,unloaded,memory,low,False,False,False,True,0.0
f7aaa215-6074-4abe-9e1b-80af7b615811,guarded,147,benign_memory_unseen,unloaded,memory,low,False,False,False,True,0.0
f7aaa215-6074-4abe-9e1b-80af7b615811,guarded,148,benign_mixed_unseen,unloaded,mixed,high,False,False,False,True,0.0
f7aaa215-6074-4abe-9e1b-80af7b615811,guarded,149,benign_mixed_unseen,unloaded,mixed,high,False,False,False,True,0.0
f7aaa215-6074-4abe-9e1b-80af7b615811,guarded,150,benign_mixed_unseen,unloaded,mixed,high,False,False,False,True,0.0
f7aaa215-6074-4abe-9e1b-80af7b615811,guarded,151,benign_mixed_unseen,unloaded,mixed,high,False,False,False,True,0.0
f7aaa215-6074-4abe-9e1b-80af7b615811,guarded,152,benign_mixed_unseen,unloaded,mixed,high,False,False,False,True,0.0
f7aaa215-6074-4abe-9e1b-80af7b615811,guarded,153,benign_mixed_unseen,unloaded,mixed,high,False,True,True,True,0.0
f7aaa215-6074-4abe-9e1b-80af7b615811,guarded,154,benign_mixed_unseen,unloaded,mixed,high,False,False,False,True,0.0
f7aaa215-6074-4abe-9e1b-80af7b615811,guarded,155,benign_mixed_unseen,unloaded,mixed,high,False,False,False,True,0.0
f7aaa215-6074-4abe-9e1b-80af7b615811,guarded,156,benign_mixed_unseen,unloaded,mixed,high,False,False,False,True,0.0
f7aaa215-6074-4abe-9e1b-80af7b615811,guarded,157,benign_mixed_unseen,unloaded,mixed,high,False,False,False,True,0.0
f7aaa215-6074-4abe-9e1b-80af7b615811,guarded,158,benign_mixed_unseen,unloaded,mixed,high,False,False,False,True,0.0
f7aaa215-6074-4abe-9e1b-80af7b615811,guarded,159,benign_mixed_unseen,unloaded,mixed,high,False,False,False,True,0.0
f7aaa215-6074-4abe-9e1b-80af7b615811,guarded,160,benign_mixed_unseen,unloaded,mixed,high,False,False,False,True,0.0
f7aaa215-6074-4abe-9e1b-80af7b615811,guarded,161,benign_mixed_unseen,unloaded,mixed,high,False,False,False,True,0.0
f7aaa215-6074-4abe-9e1b-80af7b615811,guarded,162,benign_mixed_unseen,unloaded,mixed,high,False,False,False,True,0.0
f7aaa215-6074-4abe-9e1b-80af7b615811,guarded,163,benign_mixed_unseen,unloaded,mixed,high,False,False,False,True,0.0
f7aaa215-6074-4abe-9e1b-80af7b615811,guarded,164,benign_mixed_unseen,unloaded,mixed,high,False,False,False,True,0.0
f7aaa215-6074-4abe-9e1b-80af7b615811,guarded,165,benign_mixed_unseen,unloaded,mixed,high,False,False,False,True,0.0
f7aaa215-6074-4abe-9e1b-80af7b615811,guarded,166,benign_mixed_unseen,unloaded,mixed,high,False,False,False,True,0.0
f7aaa215-6074-4abe-9e1b-80af7b615811,guarded,167,benign_mixed_unseen,unloaded,mixed,high,False,False,False,True,0.0
f7aaa215-6074-4abe-9e1b-80af7b615811,guarded,168,benign_mixed_unseen,unloaded,mixed,high,False,False,False,True,0.0
f7aaa215-6074-4abe-9e1b-80af7b615811,guarded,169,benign_mixed_unseen,unloaded,mixed,high,False,False,False,True,0.0
f7aaa215-6074-4abe-9e1b-80af7b615811,guarded,170,benign_mixed_unseen,unloaded,mixed,high,False,False,False,True,0.0
f7aaa215-6074-4abe-9e1b-80af7b615811,guarded,171,benign_mixed_unseen,unloaded,mixed,high,False,False,False,True,0.0
f7aaa215-6074-4abe-9e1b-80af7b615811,guarded,172,benign_mixed_unseen,unloaded,mixed,high,False,False,False,True,0.0
f7aaa215-6074-4abe-9e1b-80af7b615811,guarded,173,benign_mixed_unseen,unloaded,mixed,high,False,False,False,True,0.0
f7aaa215-6074-4abe-9e1b-80af7b615811,guarded,174,benign_mixed_unseen,unloaded,mixed,high,False,False,False,True,0.0
f7aaa215-6074-4abe-9e1b-80af7b615811,guarded,175,benign_mixed_unseen,unloaded,mixed,high,False,False,False,True,0.0
f7aaa215-6074-4abe-9e1b-80af7b615811,guarded,176,benign_mixed_unseen,unloaded,mixed,high,False,False,False,True,0.0
f7aaa215-6074-4abe-9e1b-80af7b615811,guarded,177,benign_mixed_unseen,unloaded,mixed,high,False,False,False,True,0.0
f7aaa215-6074-4abe-9e1b-80af7b615811,guarded,178,benign_mixed_unseen,unloaded,mixed,high,False,False,False,True,0.0
f7aaa215-6074-4abe-9e1b-80af7b615811,guarded,179,benign_mixed_unseen,unloaded,mixed,high,False,False,False,True,0.0
f7aaa215-6074-4abe-9e1b-80af7b615811,guarded,180,benign_mixed_unseen,unloaded,mixed,high,False,False,False,True,0.0
f7aaa215-6074-4abe-9e1b-80af7b615811,guarded,181,benign_mixed_unseen,unloaded,mixed,high,False,False,False,True,0.0
f7aaa215-6074-4abe-9e1b-80af7b615811,guarded,182,benign_mixed_unseen,unloaded,mixed,high,False,False,False,True,0.0
f7aaa215-6074-4abe-9e1b-80af7b615811,guarded,183,benign_mixed_unseen,unloaded,mixed,high,False,False,False,True,0.0
f7aaa215-6074-4abe-9e1b-80af7b615811,guarded,184,benign_mixed_unseen,unloaded,mixed,high,False,False,False,True,0.0
f7aaa215-6074-4abe-9e1b-80af7b615811,guarded,185,benign_mixed_unseen,unloaded,mixed,high,False,False,False,True,0.0
f7aaa215-6074-4abe-9e1b-80af7b615811,guarded,186,benign_mixed_unseen,unloaded,mixed,high,False,False,False,True,0.0
f7aaa215-6074-4abe-9e1b-80af7b615811,guarded,187,benign_mixed_unseen,unloaded,mixed,high,False,False,False,True,0.0
f7aaa215-6074-4abe-9e1b-80af7b615811,guarded,188,normal_recovery_1,unloaded,baseline,low,False,False,False,True,0.0
f7aaa215-6074-4abe-9e1b-80af7b615811,guarded,189,normal_recovery_1,unloaded,baseline,low,False,False,False,True,0.0
f7aaa215-6074-4abe-9e1b-80af7b615811,guarded,190,normal_recovery_1,unloaded,baseline,low,False,False,False,True,0.0
f7aaa215-6074-4abe-9e1b-80af7b615811,guarded,191,normal_recovery_1,unloaded,baseline,low,False,False,False,True,0.0
f7aaa215-6074-4abe-9e1b-80af7b615811,guarded,192,normal_recovery_1,unloaded,baseline,low,False,False,False,True,0.0
f7aaa215-6074-4abe-9e1b-80af7b615811,guarded,193,normal_recovery_1,unloaded,baseline,low,False,False,False,True,0.0
f7aaa215-6074-4abe-9e1b-80af7b615811,guarded,194,normal_recovery_1,unloaded,baseline,low,False,False,False,True,0.0
f7aaa215-6074-4abe-9e1b-80af7b615811,guarded,195,normal_recovery_1,unloaded,baseline,low,False,False,False,True,0.0
f7aaa215-6074-4abe-9e1b-80af7b615811,guarded,196,normal_recovery_1,unloaded,baseline,low,False,False,False,True,0.0
f7aaa215-6074-4abe-9e1b-80af7b615811,guarded,197,normal_recovery_1,unloaded,baseline,low,False,False,False,True,0.0
f7aaa215-6074-4abe-9e1b-80af7b615811,guarded,198,normal_recovery_1,unloaded,baseline,low,False,False,False,True,0.0
f7aaa215-6074-4abe-9e1b-80af7b615811,guarded,199,normal_recovery_1,unloaded,baseline,low,False,False,False,True,0.0
f7aaa215-6074-4abe-9e1b-80af7b615811,guarded,200,normal_recovery_1,unloaded,baseline,low,False,False,False,True,0.0
f7aaa215-6074-4abe-9e1b-80af7b615811,guarded,201,normal_recovery_1,unloaded,baseline,low,False,False,False,True,0.0
f7aaa215-6074-4abe-9e1b-80af7b615811,guarded,202,normal_recovery_1,unloaded,baseline,low,False,False,False,True,0.0
f7aaa215-6074-4abe-9e1b-80af7b615811,guarded,203,normal_recovery_1,unloaded,baseline,low,False,False,False,True,0.0
f7aaa215-6074-4abe-9e1b-80af7b615811,guarded,204,normal_recovery_1,unloaded,baseline,low,False,True,True,True,0.0
f7aaa215-6074-4abe-9e1b-80af7b615811,guarded,205,normal_recovery_1,unloaded,baseline,low,False,True,True,True,0.0
f7aaa215-6074-4abe-9e1b-80af7b615811,guarded,206,normal_recovery_1,unloaded,baseline,low,False,True,True,True,0.0
f7aaa215-6074-4abe-9e1b-80af7b615811,guarded,207,normal_recovery_1,unloaded,baseline,low,False,False,False,True,0.0
f7aaa215-6074-4abe-9e1b-80af7b615811,guarded,208,attack_baseline,hiding,baseline,low,True,True,True,False,0.0
f7aaa215-6074-4abe-9e1b-80af7b615811,guarded,209,attack_baseline,hiding,baseline,low,True,True,True,False,0.0
f7aaa215-6074-4abe-9e1b-80af7b615811,guarded,210,attack_baseline,hiding,baseline,low,True,True,True,False,0.0
f7aaa215-6074-4abe-9e1b-80af7b615811,guarded,211,attack_baseline,hiding,baseline,low,True,True,True,False,0.0
f7aaa215-6074-4abe-9e1b-80af7b615811,guarded,212,attack_baseline,hiding,baseline,low,True,True,True,False,0.0
f7aaa215-6074-4abe-9e1b-80af7b615811,guarded,213,attack_baseline,hiding,baseline,low,True,True,True,False,0.0
f7aaa215-6074-4abe-9e1b-80af7b615811,guarded,214,attack_baseline,hiding,baseline,low,True,True,True,False,0.0
f7aaa215-6074-4abe-9e1b-80af7b615811,guarded,215,attack_baseline,hiding,baseline,low,True,True,True,False,0.0
f7aaa215-6074-4abe-9e1b-80af7b615811,guarded,216,attack_baseline,hiding,baseline,low,True,True,True,False,0.0
f7aaa215-6074-4abe-9e1b-80af7b615811,guarded,217,attack_baseline,hiding,baseline,low,True,True,True,False,0.0
f7aaa215-6074-4abe-9e1b-80af7b615811,guarded,218,attack_baseline,hiding,baseline,low,True,True,True,False,0.0
f7aaa215-6074-4abe-9e1b-80af7b615811,guarded,219,attack_baseline,hiding,baseline,low,True,True,True,False,0.0
f7aaa215-6074-4abe-9e1b-80af7b615811,guarded,220,attack_baseline,hiding,baseline,low,True,True,True,False,0.0
f7aaa215-6074-4abe-9e1b-80af7b615811,guarded,221,attack_baseline,hiding,baseline,low,True,True,True,False,0.0
f7aaa215-6074-4abe-9e1b-80af7b615811,guarded,222,attack_baseline,hiding,baseline,low,True,True,True,False,0.0
f7aaa215-6074-4abe-9e1b-80af7b615811,guarded,223,attack_baseline,hiding,baseline,low,True,True,True,False,0.0
f7aaa215-6074-4abe-9e1b-80af7b615811,guarded,224,attack_baseline,hiding,baseline,low,True,True,True,False,0.0
f7aaa215-6074-4abe-9e1b-80af7b615811,guarded,225,attack_baseline,hiding,baseline,low,True,True,True,False,0.0
f7aaa215-6074-4abe-9e1b-80af7b615811,guarded,226,attack_baseline,hiding,baseline,low,True,True,True,False,0.0
f7aaa215-6074-4abe-9e1b-80af7b615811,guarded,227,attack_baseline,hiding,baseline,low,True,True,True,False,0.0
f7aaa215-6074-4abe-9e1b-80af7b615811,guarded,228,attack_baseline,hiding,baseline,low,True,True,True,False,0.0
f7aaa215-6074-4abe-9e1b-80af7b615811,guarded,229,attack_baseline,hiding,baseline,low,True,True,True,False,0.0
f7aaa215-6074-4abe-9e1b-80af7b615811,guarded,230,attack_baseline,hiding,baseline,low,True,True,True,False,0.0
f7aaa215-6074-4abe-9e1b-80af7b615811,guarded,231,attack_baseline,hiding,baseline,low,True,True,True,False,0.0
f7aaa215-6074-4abe-9e1b-80af7b615811,guarded,232,attack_baseline,hiding,baseline,low,True,True,True,False,0.0
f7aaa215-6074-4abe-9e1b-80af7b615811,guarded,233,attack_baseline,hiding,baseline,low,True,True,True,False,0.0
f7aaa215-6074-4abe-9e1b-80af7b615811,guarded,234,attack_baseline,hiding,baseline,low,False,True,True,True,0.05
f7aaa215-6074-4abe-9e1b-80af7b615811,guarded,235,attack_baseline,hiding,baseline,low,True,True,True,False,0.05
f7aaa215-6074-4abe-9e1b-80af7b615811,guarded,236,attack_baseline,hiding,baseline,low,True,True,True,False,0.05
f7aaa215-6074-4abe-9e1b-80af7b615811,guarded,237,attack_baseline,hiding,baseline,low,True,True,True,False,0.05
f7aaa215-6074-4abe-9e1b-80af7b615811,guarded,238,attack_baseline,hiding,baseline,low,True,True,True,False,0.05
f7aaa215-6074-4abe-9e1b-80af7b615811,guarded,239,attack_baseline,hiding,baseline,low,True,True,True,False,0.05
f7aaa215-6074-4abe-9e1b-80af7b615811,guarded,240,attack_baseline,hiding,baseline,low,True,True,True,False,0.05
f7aaa215-6074-4abe-9e1b-80af7b615811,guarded,241,attack_baseline,hiding,baseline,low,True,True,True,False,0.05
f7aaa215-6074-4abe-9e1b-80af7b615811,guarded,242,attack_baseline,hiding,baseline,low,True,True,True,False,0.05
f7aaa215-6074-4abe-9e1b-80af7b615811,guarded,243,attack_baseline,hiding,baseline,low,True,True,True,False,0.05
f7aaa215-6074-4abe-9e1b-80af7b615811,guarded,244,attack_baseline,hiding,baseline,low,True,True,True,False,0.05
f7aaa215-6074-4abe-9e1b-80af7b615811,guarded,245,attack_baseline,hiding,baseline,low,True,True,True,False,0.05
f7aaa215-6074-4abe-9e1b-80af7b615811,guarded,246,attack_baseline,hiding,baseline,low,True,True,True,False,0.05
f7aaa215-6074-4abe-9e1b-80af7b615811,guarded,247,attack_baseline,hiding,baseline,low,True,True,True,False,0.05
f7aaa215-6074-4abe-9e1b-80af7b615811,guarded,248,attack_cpu,hiding,cpu,high,True,True,True,False,0.05
f7aaa215-6074-4abe-9e1b-80af7b615811,guarded,249,attack_cpu,hiding,cpu,high,True,True,True,False,0.05
f7aaa215-6074-4abe-9e1b-80af7b615811,guarded,250,attack_cpu,hiding,cpu,high,True,True,True,False,0.05
f7aaa215-6074-4abe-9e1b-80af7b615811,guarded,251,attack_cpu,hiding,cpu,high,True,True,True,False,0.05
f7aaa215-6074-4abe-9e1b-80af7b615811,guarded,252,attack_cpu,hiding,cpu,high,True,True,True,False,0.05
f7aaa215-6074-4abe-9e1b-80af7b615811,guarded,253,attack_cpu,hiding,cpu,high,True,True,True,False,0.05
f7aaa215-6074-4abe-9e1b-80af7b615811,guarded,254,attack_cpu,hiding,cpu,high,True,True,True,False,0.05
f7aaa215-6074-4abe-9e1b-80af7b615811,guarded,255,attack_cpu,hiding,cpu,high,True,True,True,False,0.05
f7aaa215-6074-4abe-9e1b-80af7b615811,guarded,256,attack_cpu,hiding,cpu,high,True,True,True,False,0.05
f7aaa215-6074-4abe-9e1b-80af7b615811,guarded,257,attack_cpu,hiding,cpu,high,True,True,True,False,0.05
f7aaa215-6074-4abe-9e1b-80af7b615811,guarded,258,attack_cpu,hiding,cpu,high,True,True,True,False,0.05
f7aaa215-6074-4abe-9e1b-80af7b615811,guarded,259,attack_cpu,hiding,cpu,high,True,True,True,False,0.05
f7aaa215-6074-4abe-9e1b-80af7b615811,guarded,260,attack_cpu,hiding,cpu,high,True,True,True,False,0.05
f7aaa215-6074-4abe-9e1b-80af7b615811,guarded,261,attack_cpu,hiding,cpu,high,True,True,True,False,0.05
f7aaa215-6074-4abe-9e1b-80af7b615811,guarded,262,attack_cpu,hiding,cpu,high,True,True,True,False,0.05
f7aaa215-6074-4abe-9e1b-80af7b615811,guarded,263,attack_cpu,hiding,cpu,high,True,True,True,False,0.05
f7aaa215-6074-4abe-9e1b-80af7b615811,guarded,264,attack_cpu,hiding,cpu,high,True,True,True,False,0.05
f7aaa215-6074-4abe-9e1b-80af7b615811,guarded,265,attack_cpu,hiding,cpu,high,True,True,True,False,0.05
f7aaa215-6074-4abe-9e1b-80af7b615811,guarded,266,attack_cpu,hiding,cpu,high,True,True,True,False,0.05
f7aaa215-6074-4abe-9e1b-80af7b615811,guarded,267,attack_cpu,hiding,cpu,high,True,True,True,False,0.05
f7aaa215-6074-4abe-9e1b-80af7b615811,guarded,268,attack_cpu,hiding,cpu,high,True,True,True,False,0.05
f7aaa215-6074-4abe-9e1b-80af7b615811,guarded,269,attack_cpu,hiding,cpu,high,True,True,True,False,0.05
f7aaa215-6074-4abe-9e1b-80af7b615811,guarded,270,attack_cpu,hiding,cpu,high,True,True,True,False,0.05
f7aaa215-6074-4abe-9e1b-80af7b615811,guarded,271,attack_cpu,hiding,cpu,high,True,True,True,False,0.05
f7aaa215-6074-4abe-9e1b-80af7b615811,guarded,272,attack_cpu,hiding,cpu,high,True,True,True,False,0.05
f7aaa215-6074-4abe-9e1b-80af7b615811,guarded,273,attack_cpu,hiding,cpu,high,True,True,True,False,0.05
f7aaa215-6074-4abe-9e1b-80af7b615811,guarded,274,attack_cpu,hiding,cpu,high,True,True,True,False,0.05
f7aaa215-6074-4abe-9e1b-80af7b615811,guarded,275,attack_cpu,hiding,cpu,high,True,True,True,False,0.05
f7aaa215-6074-4abe-9e1b-80af7b615811,guarded,276,attack_cpu,hiding,cpu,high,True,True,True,False,0.05
f7aaa215-6074-4abe-9e1b-80af7b615811,guarded,277,attack_cpu,hiding,cpu,high,True,True,True,False,0.05
f7aaa215-6074-4abe-9e1b-80af7b615811,guarded,278,attack_cpu,hiding,cpu,high,True,True,True,False,0.05
f7aaa215-6074-4abe-9e1b-80af7b615811,guarded,279,attack_cpu,hiding,cpu,high,True,True,True,False,0.05
f7aaa215-6074-4abe-9e1b-80af7b615811,guarded,280,attack_cpu,hiding,cpu,high,True,True,True,False,0.05
f7aaa215-6074-4abe-9e1b-80af7b615811,guarded,281,attack_cpu,hiding,cpu,high,True,True,True,False,0.05
f7aaa215-6074-4abe-9e1b-80af7b615811,guarded,282,attack_cpu,hiding,cpu,high,True,True,True,False,0.05
f7aaa215-6074-4abe-9e1b-80af7b615811,guarded,283,attack_cpu,hiding,cpu,high,True,True,True,False,0.05
f7aaa215-6074-4abe-9e1b-80af7b615811,guarded,284,attack_cpu,hiding,cpu,high,True,True,True,False,0.05
f7aaa215-6074-4abe-9e1b-80af7b615811,guarded,285,attack_cpu,hiding,cpu,high,True,True,True,False,0.05
f7aaa215-6074-4abe-9e1b-80af7b615811,guarded,286,attack_cpu,hiding,cpu,high,True,True,True,False,0.05
f7aaa215-6074-4abe-9e1b-80af7b615811,guarded,287,attack_cpu,hiding,cpu,high,True,True,True,False,0.05
f7aaa215-6074-4abe-9e1b-80af7b615811,guarded,288,attack_memory_unseen,hiding,memory,low,True,True,True,False,0.05
f7aaa215-6074-4abe-9e1b-80af7b615811,guarded,289,attack_memory_unseen,hiding,memory,low,True,True,True,False,0.05
f7aaa215-6074-4abe-9e1b-80af7b615811,guarded,290,attack_memory_unseen,hiding,memory,low,True,True,True,False,0.05
f7aaa215-6074-4abe-9e1b-80af7b615811,guarded,291,attack_memory_unseen,hiding,memory,low,True,True,True,False,0.05
f7aaa215-6074-4abe-9e1b-80af7b615811,guarded,292,attack_memory_unseen,hiding,memory,low,True,True,True,False,0.05
f7aaa215-6074-4abe-9e1b-80af7b615811,guarded,293,attack_memory_unseen,hiding,memory,low,True,True,True,False,0.05
f7aaa215-6074-4abe-9e1b-80af7b615811,guarded,294,attack_memory_unseen,hiding,memory,low,True,True,True,False,0.05
f7aaa215-6074-4abe-9e1b-80af7b615811,guarded,295,attack_memory_unseen,hiding,memory,low,True,True,True,False,0.05
f7aaa215-6074-4abe-9e1b-80af7b615811,guarded,296,attack_memory_unseen,hiding,memory,low,True,True,True,False,0.05
f7aaa215-6074-4abe-9e1b-80af7b615811,guarded,297,attack_memory_unseen,hiding,memory,low,True,True,True,False,0.05
f7aaa215-6074-4abe-9e1b-80af7b615811,guarded,298,attack_memory_unseen,hiding,memory,low,True,True,True,False,0.05
f7aaa215-6074-4abe-9e1b-80af7b615811,guarded,299,attack_memory_unseen,hiding,memory,low,True,True,True,False,0.05
f7aaa215-6074-4abe-9e1b-80af7b615811,guarded,300,attack_memory_unseen,hiding,memory,low,True,True,True,False,0.05
f7aaa215-6074-4abe-9e1b-80af7b615811,guarded,301,attack_memory_unseen,hiding,memory,low,True,True,True,False,0.05
f7aaa215-6074-4abe-9e1b-80af7b615811,guarded,302,attack_memory_unseen,hiding,memory,low,True,True,True,False,0.05
f7aaa215-6074-4abe-9e1b-80af7b615811,guarded,303,attack_memory_unseen,hiding,memory,low,True,True,True,False,0.05
f7aaa215-6074-4abe-9e1b-80af7b615811,guarded,304,attack_memory_unseen,hiding,memory,low,True,True,True,False,0.05
f7aaa215-6074-4abe-9e1b-80af7b615811,guarded,305,attack_memory_unseen,hiding,memory,low,False,True,True,True,0.1
f7aaa215-6074-4abe-9e1b-80af7b615811,guarded,306,attack_memory_unseen,hiding,memory,low,True,True,True,False,0.1
f7aaa215-6074-4abe-9e1b-80af7b615811,guarded,307,attack_memory_unseen,hiding,memory,low,True,True,True,False,0.1
f7aaa215-6074-4abe-9e1b-80af7b615811,guarded,308,attack_memory_unseen,hiding,memory,low,True,True,True,False,0.1
f7aaa215-6074-4abe-9e1b-80af7b615811,guarded,309,attack_memory_unseen,hiding,memory,low,True,True,True,False,0.1
f7aaa215-6074-4abe-9e1b-80af7b615811,guarded,310,attack_memory_unseen,hiding,memory,low,True,True,True,False,0.1
f7aaa215-6074-4abe-9e1b-80af7b615811,guarded,311,attack_memory_unseen,hiding,memory,low,True,True,True,False,0.1
f7aaa215-6074-4abe-9e1b-80af7b615811,guarded,312,attack_memory_unseen,hiding,memory,low,True,True,True,False,0.1
f7aaa215-6074-4abe-9e1b-80af7b615811,guarded,313,attack_memory_unseen,hiding,memory,low,True,True,True,False,0.1
f7aaa215-6074-4abe-9e1b-80af7b615811,guarded,314,attack_memory_unseen,hiding,memory,low,True,True,True,False,0.1
f7aaa215-6074-4abe-9e1b-80af7b615811,guarded,315,attack_memory_unseen,hiding,memory,low,True,True,True,False,0.1
f7aaa215-6074-4abe-9e1b-80af7b615811,guarded,316,attack_memory_unseen,hiding,memory,low,True,True,True,False,0.1
f7aaa215-6074-4abe-9e1b-80af7b615811,guarded,317,attack_memory_unseen,hiding,memory,low,True,True,True,False,0.1
f7aaa215-6074-4abe-9e1b-80af7b615811,guarded,318,attack_memory_unseen,hiding,memory,low,True,True,True,False,0.1
f7aaa215-6074-4abe-9e1b-80af7b615811,guarded,319,attack_memory_unseen,hiding,memory,low,True,True,True,False,0.1
f7aaa215-6074-4abe-9e1b-80af7b615811,guarded,320,attack_memory_unseen,hiding,memory,low,True,True,True,False,0.1
f7aaa215-6074-4abe-9e1b-80af7b615811,guarded,321,attack_memory_unseen,hiding,memory,low,True,True,True,False,0.1
f7aaa215-6074-4abe-9e1b-80af7b615811,guarded,322,attack_memory_unseen,hiding,memory,low,True,True,True,False,0.1
f7aaa215-6074-4abe-9e1b-80af7b615811,guarded,323,attack_memory_unseen,hiding,memory,low,True,True,True,False,0.1
f7aaa215-6074-4abe-9e1b-80af7b615811,guarded,324,attack_memory_unseen,hiding,memory,low,True,True,True,False,0.1
f7aaa215-6074-4abe-9e1b-80af7b615811,guarded,325,attack_memory_unseen,hiding,memory,low,True,True,True,False,0.1
f7aaa215-6074-4abe-9e1b-80af7b615811,guarded,326,attack_memory_unseen,hiding,memory,low,True,True,True,False,0.1
f7aaa215-6074-4abe-9e1b-80af7b615811,guarded,327,attack_memory_unseen,hiding,memory,low,True,True,True,False,0.1
f7aaa215-6074-4abe-9e1b-80af7b615811,guarded,328,attack_mixed_unseen,hiding,mixed,high,True,True,True,False,0.1
f7aaa215-6074-4abe-9e1b-80af7b615811,guarded,329,attack_mixed_unseen,hiding,mixed,high,True,True,True,False,0.1
f7aaa215-6074-4abe-9e1b-80af7b615811,guarded,330,attack_mixed_unseen,hiding,mixed,high,True,True,True,False,0.1
f7aaa215-6074-4abe-9e1b-80af7b615811,guarded,331,attack_mixed_unseen,hiding,mixed,high,True,True,True,False,0.1
f7aaa215-6074-4abe-9e1b-80af7b615811,guarded,332,attack_mixed_unseen,hiding,mixed,high,True,True,True,False,0.1
f7aaa215-6074-4abe-9e1b-80af7b615811,guarded,333,attack_mixed_unseen,hiding,mixed,high,True,True,True,False,0.1
f7aaa215-6074-4abe-9e1b-80af7b615811,guarded,334,attack_mixed_unseen,hiding,mixed,high,True,True,True,False,0.1
f7aaa215-6074-4abe-9e1b-80af7b615811,guarded,335,attack_mixed_unseen,hiding,mixed,high,True,True,True,False,0.1
f7aaa215-6074-4abe-9e1b-80af7b615811,guarded,336,attack_mixed_unseen,hiding,mixed,high,True,True,True,False,0.1
f7aaa215-6074-4abe-9e1b-80af7b615811,guarded,337,attack_mixed_unseen,hiding,mixed,high,True,True,True,False,0.1
f7aaa215-6074-4abe-9e1b-80af7b615811,guarded,338,attack_mixed_unseen,hiding,mixed,high,True,True,True,False,0.1
f7aaa215-6074-4abe-9e1b-80af7b615811,guarded,339,attack_mixed_unseen,hiding,mixed,high,True,True,True,False,0.1
f7aaa215-6074-4abe-9e1b-80af7b615811,guarded,340,attack_mixed_unseen,hiding,mixed,high,True,True,True,False,0.1
f7aaa215-6074-4abe-9e1b-80af7b615811,guarded,341,attack_mixed_unseen,hiding,mixed,high,True,True,True,False,0.1
f7aaa215-6074-4abe-9e1b-80af7b615811,guarded,342,attack_mixed_unseen,hiding,mixed,high,True,True,True,False,0.1
f7aaa215-6074-4abe-9e1b-80af7b615811,guarded,343,attack_mixed_unseen,hiding,mixed,high,True,True,True,False,0.1
f7aaa215-6074-4abe-9e1b-80af7b615811,guarded,344,attack_mixed_unseen,hiding,mixed,high,True,True,True,False,0.1
f7aaa215-6074-4abe-9e1b-80af7b615811,guarded,345,attack_mixed_unseen,hiding,mixed,high,True,True,True,False,0.1
f7aaa215-6074-4abe-9e1b-80af7b615811,guarded,346,attack_mixed_unseen,hiding,mixed,high,True,True,True,False,0.1
f7aaa215-6074-4abe-9e1b-80af7b615811,guarded,347,attack_mixed_unseen,hiding,mixed,high,True,True,True,False,0.1
f7aaa215-6074-4abe-9e1b-80af7b615811,guarded,348,attack_mixed_unseen,hiding,mixed,high,True,True,True,False,0.1
f7aaa215-6074-4abe-9e1b-80af7b615811,guarded,349,attack_mixed_unseen,hiding,mixed,high,True,True,True,False,0.1
f7aaa215-6074-4abe-9e1b-80af7b615811,guarded,350,attack_mixed_unseen,hiding,mixed,high,True,True,True,False,0.1
f7aaa215-6074-4abe-9e1b-80af7b615811,guarded,351,attack_mixed_unseen,hiding,mixed,high,True,True,True,False,0.1
f7aaa215-6074-4abe-9e1b-80af7b615811,guarded,352,attack_mixed_unseen,hiding,mixed,high,True,True,True,False,0.1
f7aaa215-6074-4abe-9e1b-80af7b615811,guarded,353,attack_mixed_unseen,hiding,mixed,high,True,True,True,False,0.1
f7aaa215-6074-4abe-9e1b-80af7b615811,guarded,354,attack_mixed_unseen,hiding,mixed,high,True,True,True,False,0.1
f7aaa215-6074-4abe-9e1b-80af7b615811,guarded,355,attack_mixed_unseen,hiding,mixed,high,True,True,True,False,0.1
f7aaa215-6074-4abe-9e1b-80af7b615811,guarded,356,attack_mixed_unseen,hiding,mixed,high,True,True,True,False,0.1
f7aaa215-6074-4abe-9e1b-80af7b615811,guarded,357,attack_mixed_unseen,hiding,mixed,high,True,True,True,False,0.1
f7aaa215-6074-4abe-9e1b-80af7b615811,guarded,358,attack_mixed_unseen,hiding,mixed,high,True,True,True,False,0.1
f7aaa215-6074-4abe-9e1b-80af7b615811,guarded,359,attack_mixed_unseen,hiding,mixed,high,True,True,True,False,0.1
f7aaa215-6074-4abe-9e1b-80af7b615811,guarded,360,attack_mixed_unseen,hiding,mixed,high,True,True,True,False,0.1
f7aaa215-6074-4abe-9e1b-80af7b615811,guarded,361,attack_mixed_unseen,hiding,mixed,high,True,True,True,False,0.1
f7aaa215-6074-4abe-9e1b-80af7b615811,guarded,362,attack_mixed_unseen,hiding,mixed,high,True,True,True,False,0.1
f7aaa215-6074-4abe-9e1b-80af7b615811,guarded,363,attack_mixed_unseen,hiding,mixed,high,True,True,True,False,0.1
f7aaa215-6074-4abe-9e1b-80af7b615811,guarded,364,attack_mixed_unseen,hiding,mixed,high,True,True,True,False,0.1
f7aaa215-6074-4abe-9e1b-80af7b615811,guarded,365,attack_mixed_unseen,hiding,mixed,high,True,True,True,False,0.1
f7aaa215-6074-4abe-9e1b-80af7b615811,guarded,366,attack_mixed_unseen,hiding,mixed,high,True,True,True,False,0.1
f7aaa215-6074-4abe-9e1b-80af7b615811,guarded,367,attack_mixed_unseen,hiding,mixed,high,True,True,True,False,0.1
f7aaa215-6074-4abe-9e1b-80af7b615811,guarded,368,normal_recovery_2,unloaded,baseline,low,False,False,False,True,0.1
f7aaa215-6074-4abe-9e1b-80af7b615811,guarded,369,normal_recovery_2,unloaded,baseline,low,False,False,False,True,0.1
f7aaa215-6074-4abe-9e1b-80af7b615811,guarded,370,normal_recovery_2,unloaded,baseline,low,False,False,False,True,0.1
f7aaa215-6074-4abe-9e1b-80af7b615811,guarded,371,normal_recovery_2,unloaded,baseline,low,False,True,True,True,0.1
f7aaa215-6074-4abe-9e1b-80af7b615811,guarded,372,normal_recovery_2,unloaded,baseline,low,False,False,False,True,0.1
f7aaa215-6074-4abe-9e1b-80af7b615811,guarded,373,normal_recovery_2,unloaded,baseline,low,False,False,False,True,0.1
f7aaa215-6074-4abe-9e1b-80af7b615811,guarded,374,normal_recovery_2,unloaded,baseline,low,False,False,False,True,0.1
f7aaa215-6074-4abe-9e1b-80af7b615811,guarded,375,normal_recovery_2,unloaded,baseline,low,False,False,False,True,0.1
f7aaa215-6074-4abe-9e1b-80af7b615811,guarded,376,normal_recovery_2,unloaded,baseline,low,False,False,False,True,0.1
f7aaa215-6074-4abe-9e1b-80af7b615811,guarded,377,normal_recovery_2,unloaded,baseline,low,False,True,True,True,0.1
f7aaa215-6074-4abe-9e1b-80af7b615811,guarded,378,normal_recovery_2,unloaded,baseline,low,False,True,True,True,0.1
f7aaa215-6074-4abe-9e1b-80af7b615811,guarded,379,normal_recovery_2,unloaded,baseline,low,False,False,False,True,0.1
f7aaa215-6074-4abe-9e1b-80af7b615811,guarded,380,normal_recovery_2,unloaded,baseline,low,False,False,False,True,0.1
f7aaa215-6074-4abe-9e1b-80af7b615811,guarded,381,normal_recovery_2,unloaded,baseline,low,False,False,False,True,0.1
f7aaa215-6074-4abe-9e1b-80af7b615811,guarded,382,normal_recovery_2,unloaded,baseline,low,False,False,False,True,0.1
f7aaa215-6074-4abe-9e1b-80af7b615811,guarded,383,normal_recovery_2,unloaded,baseline,low,False,False,False,True,0.1
f7aaa215-6074-4abe-9e1b-80af7b615811,guarded,384,normal_recovery_2,unloaded,baseline,low,False,False,False,True,0.1
f7aaa215-6074-4abe-9e1b-80af7b615811,guarded,385,normal_recovery_2,unloaded,baseline,low,False,False,False,True,0.1
f7aaa215-6074-4abe-9e1b-80af7b615811,guarded,386,normal_recovery_2,unloaded,baseline,low,False,False,False,True,0.05
f7aaa215-6074-4abe-9e1b-80af7b615811,guarded,387,normal_recovery_2,unloaded,baseline,low,False,False,False,True,0.0
f7aaa215-6074-4abe-9e1b-80af7b615811,guarded,388,sham_negative_baseline,sham,baseline,low,False,True,True,True,0.0
f7aaa215-6074-4abe-9e1b-80af7b615811,guarded,389,sham_negative_baseline,sham,baseline,low,False,True,True,True,0.0
f7aaa215-6074-4abe-9e1b-80af7b615811,guarded,390,sham_negative_baseline,sham,baseline,low,False,True,True,True,0.0
f7aaa215-6074-4abe-9e1b-80af7b615811,guarded,391,sham_negative_baseline,sham,baseline,low,False,True,True,True,0.0
f7aaa215-6074-4abe-9e1b-80af7b615811,guarded,392,sham_negative_baseline,sham,baseline,low,False,True,True,True,0.0
f7aaa215-6074-4abe-9e1b-80af7b615811,guarded,393,sham_negative_baseline,sham,baseline,low,False,True,True,True,0.0
f7aaa215-6074-4abe-9e1b-80af7b615811,guarded,394,sham_negative_baseline,sham,baseline,low,False,True,True,True,0.0
f7aaa215-6074-4abe-9e1b-80af7b615811,guarded,395,sham_negative_baseline,sham,baseline,low,False,False,False,True,0.0
f7aaa215-6074-4abe-9e1b-80af7b615811,guarded,396,sham_negative_baseline,sham,baseline,low,False,False,False,True,0.0
f7aaa215-6074-4abe-9e1b-80af7b615811,guarded,397,sham_negative_baseline,sham,baseline,low,False,True,True,True,0.0
f7aaa215-6074-4abe-9e1b-80af7b615811,guarded,398,sham_negative_cpu,sham,cpu,high,False,True,True,True,0.0
f7aaa215-6074-4abe-9e1b-80af7b615811,guarded,399,sham_negative_cpu,sham,cpu,high,False,True,True,True,0.0
f7aaa215-6074-4abe-9e1b-80af7b615811,guarded,400,sham_negative_cpu,sham,cpu,high,False,True,True,True,0.0
f7aaa215-6074-4abe-9e1b-80af7b615811,guarded,401,sham_negative_cpu,sham,cpu,high,False,True,True,True,0.0
f7aaa215-6074-4abe-9e1b-80af7b615811,guarded,402,sham_negative_cpu,sham,cpu,high,False,True,True,True,0.0
f7aaa215-6074-4abe-9e1b-80af7b615811,guarded,403,sham_negative_cpu,sham,cpu,high,False,True,True,True,0.0
f7aaa215-6074-4abe-9e1b-80af7b615811,guarded,404,sham_negative_cpu,sham,cpu,high,False,True,True,True,0.0
f7aaa215-6074-4abe-9e1b-80af7b615811,guarded,405,sham_negative_cpu,sham,cpu,high,False,True,True,True,0.0
f7aaa215-6074-4abe-9e1b-80af7b615811,guarded,406,sham_negative_cpu,sham,cpu,high,False,True,True,True,0.0
f7aaa215-6074-4abe-9e1b-80af7b615811,guarded,407,sham_negative_cpu,sham,cpu,high,False,False,False,True,0.0
78de548c-168e-47a4-b0a0-06fb0a2759b0,fixed,48,normal_pre,unloaded,baseline,low,False,False,False,False,0.0
78de548c-168e-47a4-b0a0-06fb0a2759b0,fixed,49,normal_pre,unloaded,baseline,low,False,False,False,False,0.0
78de548c-168e-47a4-b0a0-06fb0a2759b0,fixed,50,normal_pre,unloaded,baseline,low,False,True,True,False,0.0
78de548c-168e-47a4-b0a0-06fb0a2759b0,fixed,51,normal_pre,unloaded,baseline,low,False,True,True,False,0.0
78de548c-168e-47a4-b0a0-06fb0a2759b0,fixed,52,normal_pre,unloaded,baseline,low,False,False,False,False,0.0
78de548c-168e-47a4-b0a0-06fb0a2759b0,fixed,53,normal_pre,unloaded,baseline,low,False,False,False,False,0.0
78de548c-168e-47a4-b0a0-06fb0a2759b0,fixed,54,normal_pre,unloaded,baseline,low,False,False,False,False,0.0
78de548c-168e-47a4-b0a0-06fb0a2759b0,fixed,55,normal_pre,unloaded,baseline,low,False,False,False,False,0.0
78de548c-168e-47a4-b0a0-06fb0a2759b0,fixed,56,normal_pre,unloaded,baseline,low,False,False,False,False,0.0
78de548c-168e-47a4-b0a0-06fb0a2759b0,fixed,57,normal_pre,unloaded,baseline,low,False,False,False,False,0.0
78de548c-168e-47a4-b0a0-06fb0a2759b0,fixed,58,normal_pre,unloaded,baseline,low,False,False,False,False,0.0
78de548c-168e-47a4-b0a0-06fb0a2759b0,fixed,59,normal_pre,unloaded,baseline,low,False,False,False,False,0.0
78de548c-168e-47a4-b0a0-06fb0a2759b0,fixed,60,normal_pre,unloaded,baseline,low,False,False,False,False,0.0
78de548c-168e-47a4-b0a0-06fb0a2759b0,fixed,61,normal_pre,unloaded,baseline,low,False,False,False,False,0.0
78de548c-168e-47a4-b0a0-06fb0a2759b0,fixed,62,normal_pre,unloaded,baseline,low,False,False,False,False,0.0
78de548c-168e-47a4-b0a0-06fb0a2759b0,fixed,63,normal_pre,unloaded,baseline,low,False,False,False,False,0.0
78de548c-168e-47a4-b0a0-06fb0a2759b0,fixed,64,normal_pre,unloaded,baseline,low,False,False,False,False,0.0
78de548c-168e-47a4-b0a0-06fb0a2759b0,fixed,65,normal_pre,unloaded,baseline,low,False,False,False,False,0.0
78de548c-168e-47a4-b0a0-06fb0a2759b0,fixed,66,normal_pre,unloaded,baseline,low,False,False,False,False,0.0
78de548c-168e-47a4-b0a0-06fb0a2759b0,fixed,67,normal_pre,unloaded,baseline,low,False,False,False,False,0.0
78de548c-168e-47a4-b0a0-06fb0a2759b0,fixed,68,benign_cpu_unseen,unloaded,cpu,high,False,True,True,False,0.0
78de548c-168e-47a4-b0a0-06fb0a2759b0,fixed,69,benign_cpu_unseen,unloaded,cpu,high,False,True,True,False,0.0
78de548c-168e-47a4-b0a0-06fb0a2759b0,fixed,70,benign_cpu_unseen,unloaded,cpu,high,False,True,True,False,0.0
78de548c-168e-47a4-b0a0-06fb0a2759b0,fixed,71,benign_cpu_unseen,unloaded,cpu,high,False,True,True,False,0.0
78de548c-168e-47a4-b0a0-06fb0a2759b0,fixed,72,benign_cpu_unseen,unloaded,cpu,high,False,True,True,False,0.0
78de548c-168e-47a4-b0a0-06fb0a2759b0,fixed,73,benign_cpu_unseen,unloaded,cpu,high,False,True,True,False,0.0
78de548c-168e-47a4-b0a0-06fb0a2759b0,fixed,74,benign_cpu_unseen,unloaded,cpu,high,False,True,True,False,0.0
78de548c-168e-47a4-b0a0-06fb0a2759b0,fixed,75,benign_cpu_unseen,unloaded,cpu,high,False,True,True,False,0.0
78de548c-168e-47a4-b0a0-06fb0a2759b0,fixed,76,benign_cpu_unseen,unloaded,cpu,high,False,True,True,False,0.0
78de548c-168e-47a4-b0a0-06fb0a2759b0,fixed,77,benign_cpu_unseen,unloaded,cpu,high,False,True,True,False,0.0
78de548c-168e-47a4-b0a0-06fb0a2759b0,fixed,78,benign_cpu_unseen,unloaded,cpu,high,False,True,True,False,0.0
78de548c-168e-47a4-b0a0-06fb0a2759b0,fixed,79,benign_cpu_unseen,unloaded,cpu,high,False,True,True,False,0.0
78de548c-168e-47a4-b0a0-06fb0a2759b0,fixed,80,benign_cpu_unseen,unloaded,cpu,high,False,True,True,False,0.0
78de548c-168e-47a4-b0a0-06fb0a2759b0,fixed,81,benign_cpu_unseen,unloaded,cpu,high,False,True,True,False,0.0
78de548c-168e-47a4-b0a0-06fb0a2759b0,fixed,82,benign_cpu_unseen,unloaded,cpu,high,False,True,True,False,0.0
78de548c-168e-47a4-b0a0-06fb0a2759b0,fixed,83,benign_cpu_unseen,unloaded,cpu,high,False,True,True,False,0.0
78de548c-168e-47a4-b0a0-06fb0a2759b0,fixed,84,benign_cpu_unseen,unloaded,cpu,high,False,True,True,False,0.0
78de548c-168e-47a4-b0a0-06fb0a2759b0,fixed,85,benign_cpu_unseen,unloaded,cpu,high,False,True,True,False,0.0
78de548c-168e-47a4-b0a0-06fb0a2759b0,fixed,86,benign_cpu_unseen,unloaded,cpu,high,False,True,True,False,0.0
78de548c-168e-47a4-b0a0-06fb0a2759b0,fixed,87,benign_cpu_unseen,unloaded,cpu,high,False,True,True,False,0.0
78de548c-168e-47a4-b0a0-06fb0a2759b0,fixed,88,benign_cpu_unseen,unloaded,cpu,high,False,True,True,False,0.0
78de548c-168e-47a4-b0a0-06fb0a2759b0,fixed,89,benign_cpu_unseen,unloaded,cpu,high,False,True,True,False,0.0
78de548c-168e-47a4-b0a0-06fb0a2759b0,fixed,90,benign_cpu_unseen,unloaded,cpu,high,False,True,True,False,0.0
78de548c-168e-47a4-b0a0-06fb0a2759b0,fixed,91,benign_cpu_unseen,unloaded,cpu,high,False,True,True,False,0.0
78de548c-168e-47a4-b0a0-06fb0a2759b0,fixed,92,benign_cpu_unseen,unloaded,cpu,high,False,True,True,False,0.0
78de548c-168e-47a4-b0a0-06fb0a2759b0,fixed,93,benign_cpu_unseen,unloaded,cpu,high,False,True,True,False,0.0
78de548c-168e-47a4-b0a0-06fb0a2759b0,fixed,94,benign_cpu_unseen,unloaded,cpu,high,False,True,True,False,0.0
78de548c-168e-47a4-b0a0-06fb0a2759b0,fixed,95,benign_cpu_unseen,unloaded,cpu,high,False,True,True,False,0.0
78de548c-168e-47a4-b0a0-06fb0a2759b0,fixed,96,benign_cpu_unseen,unloaded,cpu,high,False,True,True,False,0.0
78de548c-168e-47a4-b0a0-06fb0a2759b0,fixed,97,benign_cpu_unseen,unloaded,cpu,high,False,True,True,False,0.0
78de548c-168e-47a4-b0a0-06fb0a2759b0,fixed,98,benign_cpu_unseen,unloaded,cpu,high,False,True,True,False,0.0
78de548c-168e-47a4-b0a0-06fb0a2759b0,fixed,99,benign_cpu_unseen,unloaded,cpu,high,False,True,True,False,0.0
78de548c-168e-47a4-b0a0-06fb0a2759b0,fixed,100,benign_cpu_unseen,unloaded,cpu,high,False,True,True,False,0.0
78de548c-168e-47a4-b0a0-06fb0a2759b0,fixed,101,benign_cpu_unseen,unloaded,cpu,high,False,True,True,False,0.0
78de548c-168e-47a4-b0a0-06fb0a2759b0,fixed,102,benign_cpu_unseen,unloaded,cpu,high,False,True,True,False,0.0
78de548c-168e-47a4-b0a0-06fb0a2759b0,fixed,103,benign_cpu_unseen,unloaded,cpu,high,False,True,True,False,0.0
78de548c-168e-47a4-b0a0-06fb0a2759b0,fixed,104,benign_cpu_unseen,unloaded,cpu,high,False,True,True,False,0.0
78de548c-168e-47a4-b0a0-06fb0a2759b0,fixed,105,benign_cpu_unseen,unloaded,cpu,high,False,True,True,False,0.0
78de548c-168e-47a4-b0a0-06fb0a2759b0,fixed,106,benign_cpu_unseen,unloaded,cpu,high,False,True,True,False,0.0
78de548c-168e-47a4-b0a0-06fb0a2759b0,fixed,107,benign_cpu_unseen,unloaded,cpu,high,False,True,True,False,0.0
78de548c-168e-47a4-b0a0-06fb0a2759b0,fixed,108,benign_memory_unseen,unloaded,memory,low,False,False,False,False,0.0
78de548c-168e-47a4-b0a0-06fb0a2759b0,fixed,109,benign_memory_unseen,unloaded,memory,low,False,True,True,False,0.0
78de548c-168e-47a4-b0a0-06fb0a2759b0,fixed,110,benign_memory_unseen,unloaded,memory,low,False,True,True,False,0.0
78de548c-168e-47a4-b0a0-06fb0a2759b0,fixed,111,benign_memory_unseen,unloaded,memory,low,False,False,False,False,0.0
78de548c-168e-47a4-b0a0-06fb0a2759b0,fixed,112,benign_memory_unseen,unloaded,memory,low,False,True,True,False,0.0
78de548c-168e-47a4-b0a0-06fb0a2759b0,fixed,113,benign_memory_unseen,unloaded,memory,low,False,False,False,False,0.0
78de548c-168e-47a4-b0a0-06fb0a2759b0,fixed,114,benign_memory_unseen,unloaded,memory,low,False,True,True,False,0.0
78de548c-168e-47a4-b0a0-06fb0a2759b0,fixed,115,benign_memory_unseen,unloaded,memory,low,False,True,True,False,0.0
78de548c-168e-47a4-b0a0-06fb0a2759b0,fixed,116,benign_memory_unseen,unloaded,memory,low,False,False,False,False,0.0
78de548c-168e-47a4-b0a0-06fb0a2759b0,fixed,117,benign_memory_unseen,unloaded,memory,low,False,True,True,False,0.0
78de548c-168e-47a4-b0a0-06fb0a2759b0,fixed,118,benign_memory_unseen,unloaded,memory,low,False,True,True,False,0.0
78de548c-168e-47a4-b0a0-06fb0a2759b0,fixed,119,benign_memory_unseen,unloaded,memory,low,False,False,False,False,0.0
78de548c-168e-47a4-b0a0-06fb0a2759b0,fixed,120,benign_memory_unseen,unloaded,memory,low,False,True,True,False,0.0
78de548c-168e-47a4-b0a0-06fb0a2759b0,fixed,121,benign_memory_unseen,unloaded,memory,low,False,False,False,False,0.0
78de548c-168e-47a4-b0a0-06fb0a2759b0,fixed,122,benign_memory_unseen,unloaded,memory,low,False,True,True,False,0.0
78de548c-168e-47a4-b0a0-06fb0a2759b0,fixed,123,benign_memory_unseen,unloaded,memory,low,False,True,True,False,0.0
78de548c-168e-47a4-b0a0-06fb0a2759b0,fixed,124,benign_memory_unseen,unloaded,memory,low,False,True,True,False,0.0
78de548c-168e-47a4-b0a0-06fb0a2759b0,fixed,125,benign_memory_unseen,unloaded,memory,low,False,True,True,False,0.0
78de548c-168e-47a4-b0a0-06fb0a2759b0,fixed,126,benign_memory_unseen,unloaded,memory,low,False,False,False,False,0.0
78de548c-168e-47a4-b0a0-06fb0a2759b0,fixed,127,benign_memory_unseen,unloaded,memory,low,False,True,True,False,0.0
78de548c-168e-47a4-b0a0-06fb0a2759b0,fixed,128,benign_memory_unseen,unloaded,memory,low,False,False,False,False,0.0
78de548c-168e-47a4-b0a0-06fb0a2759b0,fixed,129,benign_memory_unseen,unloaded,memory,low,False,True,True,False,0.0
78de548c-168e-47a4-b0a0-06fb0a2759b0,fixed,130,benign_memory_unseen,unloaded,memory,low,False,True,True,False,0.0
78de548c-168e-47a4-b0a0-06fb0a2759b0,fixed,131,benign_memory_unseen,unloaded,memory,low,False,True,True,False,0.0
78de548c-168e-47a4-b0a0-06fb0a2759b0,fixed,132,benign_memory_unseen,unloaded,memory,low,False,True,True,False,0.0
78de548c-168e-47a4-b0a0-06fb0a2759b0,fixed,133,benign_memory_unseen,unloaded,memory,low,False,True,True,False,0.0
78de548c-168e-47a4-b0a0-06fb0a2759b0,fixed,134,benign_memory_unseen,unloaded,memory,low,False,True,True,False,0.0
78de548c-168e-47a4-b0a0-06fb0a2759b0,fixed,135,benign_memory_unseen,unloaded,memory,low,False,True,True,False,0.0
78de548c-168e-47a4-b0a0-06fb0a2759b0,fixed,136,benign_memory_unseen,unloaded,memory,low,False,True,True,False,0.0
78de548c-168e-47a4-b0a0-06fb0a2759b0,fixed,137,benign_memory_unseen,unloaded,memory,low,False,True,True,False,0.0
78de548c-168e-47a4-b0a0-06fb0a2759b0,fixed,138,benign_memory_unseen,unloaded,memory,low,False,True,True,False,0.0
78de548c-168e-47a4-b0a0-06fb0a2759b0,fixed,139,benign_memory_unseen,unloaded,memory,low,False,False,False,False,0.0
78de548c-168e-47a4-b0a0-06fb0a2759b0,fixed,140,benign_memory_unseen,unloaded,memory,low,False,False,False,False,0.0
78de548c-168e-47a4-b0a0-06fb0a2759b0,fixed,141,benign_memory_unseen,unloaded,memory,low,False,False,False,False,0.0
78de548c-168e-47a4-b0a0-06fb0a2759b0,fixed,142,benign_memory_unseen,unloaded,memory,low,False,False,False,False,0.0
78de548c-168e-47a4-b0a0-06fb0a2759b0,fixed,143,benign_memory_unseen,unloaded,memory,low,False,False,False,False,0.0
78de548c-168e-47a4-b0a0-06fb0a2759b0,fixed,144,benign_memory_unseen,unloaded,memory,low,False,True,True,False,0.0
78de548c-168e-47a4-b0a0-06fb0a2759b0,fixed,145,benign_memory_unseen,unloaded,memory,low,False,True,True,False,0.0
78de548c-168e-47a4-b0a0-06fb0a2759b0,fixed,146,benign_memory_unseen,unloaded,memory,low,False,True,True,False,0.0
78de548c-168e-47a4-b0a0-06fb0a2759b0,fixed,147,benign_memory_unseen,unloaded,memory,low,False,True,True,False,0.0
78de548c-168e-47a4-b0a0-06fb0a2759b0,fixed,148,benign_mixed_unseen,unloaded,mixed,high,False,True,True,False,0.0
78de548c-168e-47a4-b0a0-06fb0a2759b0,fixed,149,benign_mixed_unseen,unloaded,mixed,high,False,True,True,False,0.0
78de548c-168e-47a4-b0a0-06fb0a2759b0,fixed,150,benign_mixed_unseen,unloaded,mixed,high,False,True,True,False,0.0
78de548c-168e-47a4-b0a0-06fb0a2759b0,fixed,151,benign_mixed_unseen,unloaded,mixed,high,False,True,True,False,0.0
78de548c-168e-47a4-b0a0-06fb0a2759b0,fixed,152,benign_mixed_unseen,unloaded,mixed,high,False,True,True,False,0.0
78de548c-168e-47a4-b0a0-06fb0a2759b0,fixed,153,benign_mixed_unseen,unloaded,mixed,high,False,True,True,False,0.0
78de548c-168e-47a4-b0a0-06fb0a2759b0,fixed,154,benign_mixed_unseen,unloaded,mixed,high,False,True,True,False,0.0
78de548c-168e-47a4-b0a0-06fb0a2759b0,fixed,155,benign_mixed_unseen,unloaded,mixed,high,False,True,True,False,0.0
78de548c-168e-47a4-b0a0-06fb0a2759b0,fixed,156,benign_mixed_unseen,unloaded,mixed,high,False,True,True,False,0.0
78de548c-168e-47a4-b0a0-06fb0a2759b0,fixed,157,benign_mixed_unseen,unloaded,mixed,high,False,True,True,False,0.0
78de548c-168e-47a4-b0a0-06fb0a2759b0,fixed,158,benign_mixed_unseen,unloaded,mixed,high,False,True,True,False,0.0
78de548c-168e-47a4-b0a0-06fb0a2759b0,fixed,159,benign_mixed_unseen,unloaded,mixed,high,False,True,True,False,0.0
78de548c-168e-47a4-b0a0-06fb0a2759b0,fixed,160,benign_mixed_unseen,unloaded,mixed,high,False,True,True,False,0.0
78de548c-168e-47a4-b0a0-06fb0a2759b0,fixed,161,benign_mixed_unseen,unloaded,mixed,high,False,True,True,False,0.0
78de548c-168e-47a4-b0a0-06fb0a2759b0,fixed,162,benign_mixed_unseen,unloaded,mixed,high,False,True,True,False,0.0
78de548c-168e-47a4-b0a0-06fb0a2759b0,fixed,163,benign_mixed_unseen,unloaded,mixed,high,False,True,True,False,0.0
78de548c-168e-47a4-b0a0-06fb0a2759b0,fixed,164,benign_mixed_unseen,unloaded,mixed,high,False,True,True,False,0.0
78de548c-168e-47a4-b0a0-06fb0a2759b0,fixed,165,benign_mixed_unseen,unloaded,mixed,high,False,True,True,False,0.0
78de548c-168e-47a4-b0a0-06fb0a2759b0,fixed,166,benign_mixed_unseen,unloaded,mixed,high,False,True,True,False,0.0
78de548c-168e-47a4-b0a0-06fb0a2759b0,fixed,167,benign_mixed_unseen,unloaded,mixed,high,False,True,True,False,0.0
78de548c-168e-47a4-b0a0-06fb0a2759b0,fixed,168,benign_mixed_unseen,unloaded,mixed,high,False,True,True,False,0.0
78de548c-168e-47a4-b0a0-06fb0a2759b0,fixed,169,benign_mixed_unseen,unloaded,mixed,high,False,True,True,False,0.0
78de548c-168e-47a4-b0a0-06fb0a2759b0,fixed,170,benign_mixed_unseen,unloaded,mixed,high,False,True,True,False,0.0
78de548c-168e-47a4-b0a0-06fb0a2759b0,fixed,171,benign_mixed_unseen,unloaded,mixed,high,False,True,True,False,0.0
78de548c-168e-47a4-b0a0-06fb0a2759b0,fixed,172,benign_mixed_unseen,unloaded,mixed,high,False,True,True,False,0.0
78de548c-168e-47a4-b0a0-06fb0a2759b0,fixed,173,benign_mixed_unseen,unloaded,mixed,high,False,True,True,False,0.0
78de548c-168e-47a4-b0a0-06fb0a2759b0,fixed,174,benign_mixed_unseen,unloaded,mixed,high,False,True,True,False,0.0
78de548c-168e-47a4-b0a0-06fb0a2759b0,fixed,175,benign_mixed_unseen,unloaded,mixed,high,False,True,True,False,0.0
78de548c-168e-47a4-b0a0-06fb0a2759b0,fixed,176,benign_mixed_unseen,unloaded,mixed,high,False,True,True,False,0.0
78de548c-168e-47a4-b0a0-06fb0a2759b0,fixed,177,benign_mixed_unseen,unloaded,mixed,high,False,True,True,False,0.0
78de548c-168e-47a4-b0a0-06fb0a2759b0,fixed,178,benign_mixed_unseen,unloaded,mixed,high,False,True,True,False,0.0
78de548c-168e-47a4-b0a0-06fb0a2759b0,fixed,179,benign_mixed_unseen,unloaded,mixed,high,False,True,True,False,0.0
78de548c-168e-47a4-b0a0-06fb0a2759b0,fixed,180,benign_mixed_unseen,unloaded,mixed,high,False,True,True,False,0.0
78de548c-168e-47a4-b0a0-06fb0a2759b0,fixed,181,benign_mixed_unseen,unloaded,mixed,high,False,True,True,False,0.0
78de548c-168e-47a4-b0a0-06fb0a2759b0,fixed,182,benign_mixed_unseen,unloaded,mixed,high,False,True,True,False,0.0
78de548c-168e-47a4-b0a0-06fb0a2759b0,fixed,183,benign_mixed_unseen,unloaded,mixed,high,False,True,True,False,0.0
78de548c-168e-47a4-b0a0-06fb0a2759b0,fixed,184,benign_mixed_unseen,unloaded,mixed,high,False,True,True,False,0.0
78de548c-168e-47a4-b0a0-06fb0a2759b0,fixed,185,benign_mixed_unseen,unloaded,mixed,high,False,True,True,False,0.0
78de548c-168e-47a4-b0a0-06fb0a2759b0,fixed,186,benign_mixed_unseen,unloaded,mixed,high,False,True,True,False,0.0
78de548c-168e-47a4-b0a0-06fb0a2759b0,fixed,187,benign_mixed_unseen,unloaded,mixed,high,False,True,True,False,0.0
78de548c-168e-47a4-b0a0-06fb0a2759b0,fixed,188,normal_recovery_1,unloaded,baseline,low,False,False,False,False,0.0
78de548c-168e-47a4-b0a0-06fb0a2759b0,fixed,189,normal_recovery_1,unloaded,baseline,low,False,True,True,False,0.0
78de548c-168e-47a4-b0a0-06fb0a2759b0,fixed,190,normal_recovery_1,unloaded,baseline,low,False,False,False,False,0.0
78de548c-168e-47a4-b0a0-06fb0a2759b0,fixed,191,normal_recovery_1,unloaded,baseline,low,False,False,False,False,0.0
78de548c-168e-47a4-b0a0-06fb0a2759b0,fixed,192,normal_recovery_1,unloaded,baseline,low,False,False,False,False,0.0
78de548c-168e-47a4-b0a0-06fb0a2759b0,fixed,193,normal_recovery_1,unloaded,baseline,low,False,False,False,False,0.0
78de548c-168e-47a4-b0a0-06fb0a2759b0,fixed,194,normal_recovery_1,unloaded,baseline,low,False,False,False,False,0.0
78de548c-168e-47a4-b0a0-06fb0a2759b0,fixed,195,normal_recovery_1,unloaded,baseline,low,False,False,False,False,0.0
78de548c-168e-47a4-b0a0-06fb0a2759b0,fixed,196,normal_recovery_1,unloaded,baseline,low,False,False,False,False,0.0
78de548c-168e-47a4-b0a0-06fb0a2759b0,fixed,197,normal_recovery_1,unloaded,baseline,low,False,False,False,False,0.0
78de548c-168e-47a4-b0a0-06fb0a2759b0,fixed,198,normal_recovery_1,unloaded,baseline,low,False,False,False,False,0.0
78de548c-168e-47a4-b0a0-06fb0a2759b0,fixed,199,normal_recovery_1,unloaded,baseline,low,False,True,True,False,0.0
78de548c-168e-47a4-b0a0-06fb0a2759b0,fixed,200,normal_recovery_1,unloaded,baseline,low,False,False,False,False,0.0
78de548c-168e-47a4-b0a0-06fb0a2759b0,fixed,201,normal_recovery_1,unloaded,baseline,low,False,True,True,False,0.0
78de548c-168e-47a4-b0a0-06fb0a2759b0,fixed,202,normal_recovery_1,unloaded,baseline,low,False,False,False,False,0.0
78de548c-168e-47a4-b0a0-06fb0a2759b0,fixed,203,normal_recovery_1,unloaded,baseline,low,False,True,True,False,0.0
78de548c-168e-47a4-b0a0-06fb0a2759b0,fixed,204,normal_recovery_1,unloaded,baseline,low,False,False,False,False,0.0
78de548c-168e-47a4-b0a0-06fb0a2759b0,fixed,205,normal_recovery_1,unloaded,baseline,low,False,False,False,False,0.0
78de548c-168e-47a4-b0a0-06fb0a2759b0,fixed,206,normal_recovery_1,unloaded,baseline,low,False,False,False,False,0.0
78de548c-168e-47a4-b0a0-06fb0a2759b0,fixed,207,normal_recovery_1,unloaded,baseline,low,False,False,False,False,0.0
78de548c-168e-47a4-b0a0-06fb0a2759b0,fixed,208,attack_baseline,hiding,baseline,low,True,True,True,False,0.0
78de548c-168e-47a4-b0a0-06fb0a2759b0,fixed,209,attack_baseline,hiding,baseline,low,True,True,True,False,0.0
78de548c-168e-47a4-b0a0-06fb0a2759b0,fixed,210,attack_baseline,hiding,baseline,low,True,True,True,False,0.0
78de548c-168e-47a4-b0a0-06fb0a2759b0,fixed,211,attack_baseline,hiding,baseline,low,True,True,True,False,0.0
78de548c-168e-47a4-b0a0-06fb0a2759b0,fixed,212,attack_baseline,hiding,baseline,low,True,True,True,False,0.0
78de548c-168e-47a4-b0a0-06fb0a2759b0,fixed,213,attack_baseline,hiding,baseline,low,True,True,True,False,0.0
78de548c-168e-47a4-b0a0-06fb0a2759b0,fixed,214,attack_baseline,hiding,baseline,low,True,True,True,False,0.0
78de548c-168e-47a4-b0a0-06fb0a2759b0,fixed,215,attack_baseline,hiding,baseline,low,True,True,True,False,0.0
78de548c-168e-47a4-b0a0-06fb0a2759b0,fixed,216,attack_baseline,hiding,baseline,low,True,True,True,False,0.0
78de548c-168e-47a4-b0a0-06fb0a2759b0,fixed,217,attack_baseline,hiding,baseline,low,True,True,True,False,0.0
78de548c-168e-47a4-b0a0-06fb0a2759b0,fixed,218,attack_baseline,hiding,baseline,low,True,True,True,False,0.0
78de548c-168e-47a4-b0a0-06fb0a2759b0,fixed,219,attack_baseline,hiding,baseline,low,True,True,True,False,0.0
78de548c-168e-47a4-b0a0-06fb0a2759b0,fixed,220,attack_baseline,hiding,baseline,low,True,True,True,False,0.0
78de548c-168e-47a4-b0a0-06fb0a2759b0,fixed,221,attack_baseline,hiding,baseline,low,True,True,True,False,0.0
78de548c-168e-47a4-b0a0-06fb0a2759b0,fixed,222,attack_baseline,hiding,baseline,low,True,True,True,False,0.0
78de548c-168e-47a4-b0a0-06fb0a2759b0,fixed,223,attack_baseline,hiding,baseline,low,True,True,True,False,0.0
78de548c-168e-47a4-b0a0-06fb0a2759b0,fixed,224,attack_baseline,hiding,baseline,low,True,True,True,False,0.0
78de548c-168e-47a4-b0a0-06fb0a2759b0,fixed,225,attack_baseline,hiding,baseline,low,True,True,True,False,0.0
78de548c-168e-47a4-b0a0-06fb0a2759b0,fixed,226,attack_baseline,hiding,baseline,low,True,True,True,False,0.0
78de548c-168e-47a4-b0a0-06fb0a2759b0,fixed,227,attack_baseline,hiding,baseline,low,True,True,True,False,0.0
78de548c-168e-47a4-b0a0-06fb0a2759b0,fixed,228,attack_baseline,hiding,baseline,low,True,True,True,False,0.0
78de548c-168e-47a4-b0a0-06fb0a2759b0,fixed,229,attack_baseline,hiding,baseline,low,True,True,True,False,0.0
78de548c-168e-47a4-b0a0-06fb0a2759b0,fixed,230,attack_baseline,hiding,baseline,low,True,True,True,False,0.0
78de548c-168e-47a4-b0a0-06fb0a2759b0,fixed,231,attack_baseline,hiding,baseline,low,True,True,True,False,0.0
78de548c-168e-47a4-b0a0-06fb0a2759b0,fixed,232,attack_baseline,hiding,baseline,low,True,True,True,False,0.0
78de548c-168e-47a4-b0a0-06fb0a2759b0,fixed,233,attack_baseline,hiding,baseline,low,True,True,True,False,0.0
78de548c-168e-47a4-b0a0-06fb0a2759b0,fixed,234,attack_baseline,hiding,baseline,low,True,True,True,False,0.0
78de548c-168e-47a4-b0a0-06fb0a2759b0,fixed,235,attack_baseline,hiding,baseline,low,True,True,True,False,0.0
78de548c-168e-47a4-b0a0-06fb0a2759b0,fixed,236,attack_baseline,hiding,baseline,low,True,True,True,False,0.0
78de548c-168e-47a4-b0a0-06fb0a2759b0,fixed,237,attack_baseline,hiding,baseline,low,True,True,True,False,0.0
78de548c-168e-47a4-b0a0-06fb0a2759b0,fixed,238,attack_baseline,hiding,baseline,low,True,True,True,False,0.0
78de548c-168e-47a4-b0a0-06fb0a2759b0,fixed,239,attack_baseline,hiding,baseline,low,True,True,True,False,0.0
78de548c-168e-47a4-b0a0-06fb0a2759b0,fixed,240,attack_baseline,hiding,baseline,low,True,True,True,False,0.0
78de548c-168e-47a4-b0a0-06fb0a2759b0,fixed,241,attack_baseline,hiding,baseline,low,True,True,True,False,0.0
78de548c-168e-47a4-b0a0-06fb0a2759b0,fixed,242,attack_baseline,hiding,baseline,low,True,True,True,False,0.0
78de548c-168e-47a4-b0a0-06fb0a2759b0,fixed,243,attack_baseline,hiding,baseline,low,True,True,True,False,0.0
78de548c-168e-47a4-b0a0-06fb0a2759b0,fixed,244,attack_baseline,hiding,baseline,low,True,True,True,False,0.0
78de548c-168e-47a4-b0a0-06fb0a2759b0,fixed,245,attack_baseline,hiding,baseline,low,True,True,True,False,0.0
78de548c-168e-47a4-b0a0-06fb0a2759b0,fixed,246,attack_baseline,hiding,baseline,low,True,True,True,False,0.0
78de548c-168e-47a4-b0a0-06fb0a2759b0,fixed,247,attack_baseline,hiding,baseline,low,True,True,True,False,0.0
78de548c-168e-47a4-b0a0-06fb0a2759b0,fixed,248,attack_cpu,hiding,cpu,high,True,True,True,False,0.0
78de548c-168e-47a4-b0a0-06fb0a2759b0,fixed,249,attack_cpu,hiding,cpu,high,True,True,True,False,0.0
78de548c-168e-47a4-b0a0-06fb0a2759b0,fixed,250,attack_cpu,hiding,cpu,high,True,True,True,False,0.0
78de548c-168e-47a4-b0a0-06fb0a2759b0,fixed,251,attack_cpu,hiding,cpu,high,True,True,True,False,0.0
78de548c-168e-47a4-b0a0-06fb0a2759b0,fixed,252,attack_cpu,hiding,cpu,high,True,True,True,False,0.0
78de548c-168e-47a4-b0a0-06fb0a2759b0,fixed,253,attack_cpu,hiding,cpu,high,True,True,True,False,0.0
78de548c-168e-47a4-b0a0-06fb0a2759b0,fixed,254,attack_cpu,hiding,cpu,high,True,True,True,False,0.0
78de548c-168e-47a4-b0a0-06fb0a2759b0,fixed,255,attack_cpu,hiding,cpu,high,True,True,True,False,0.0
78de548c-168e-47a4-b0a0-06fb0a2759b0,fixed,256,attack_cpu,hiding,cpu,high,True,True,True,False,0.0
78de548c-168e-47a4-b0a0-06fb0a2759b0,fixed,257,attack_cpu,hiding,cpu,high,True,True,True,False,0.0
78de548c-168e-47a4-b0a0-06fb0a2759b0,fixed,258,attack_cpu,hiding,cpu,high,True,True,True,False,0.0
78de548c-168e-47a4-b0a0-06fb0a2759b0,fixed,259,attack_cpu,hiding,cpu,high,True,True,True,False,0.0
78de548c-168e-47a4-b0a0-06fb0a2759b0,fixed,260,attack_cpu,hiding,cpu,high,True,True,True,False,0.0
78de548c-168e-47a4-b0a0-06fb0a2759b0,fixed,261,attack_cpu,hiding,cpu,high,True,True,True,False,0.0
78de548c-168e-47a4-b0a0-06fb0a2759b0,fixed,262,attack_cpu,hiding,cpu,high,True,True,True,False,0.0
78de548c-168e-47a4-b0a0-06fb0a2759b0,fixed,263,attack_cpu,hiding,cpu,high,True,True,True,False,0.0
78de548c-168e-47a4-b0a0-06fb0a2759b0,fixed,264,attack_cpu,hiding,cpu,high,True,True,True,False,0.0
78de548c-168e-47a4-b0a0-06fb0a2759b0,fixed,265,attack_cpu,hiding,cpu,high,True,True,True,False,0.0
78de548c-168e-47a4-b0a0-06fb0a2759b0,fixed,266,attack_cpu,hiding,cpu,high,True,True,True,False,0.0
78de548c-168e-47a4-b0a0-06fb0a2759b0,fixed,267,attack_cpu,hiding,cpu,high,True,True,True,False,0.0
78de548c-168e-47a4-b0a0-06fb0a2759b0,fixed,268,attack_cpu,hiding,cpu,high,True,True,True,False,0.0
78de548c-168e-47a4-b0a0-06fb0a2759b0,fixed,269,attack_cpu,hiding,cpu,high,True,True,True,False,0.0
78de548c-168e-47a4-b0a0-06fb0a2759b0,fixed,270,attack_cpu,hiding,cpu,high,True,True,True,False,0.0
78de548c-168e-47a4-b0a0-06fb0a2759b0,fixed,271,attack_cpu,hiding,cpu,high,True,True,True,False,0.0
78de548c-168e-47a4-b0a0-06fb0a2759b0,fixed,272,attack_cpu,hiding,cpu,high,True,True,True,False,0.0
78de548c-168e-47a4-b0a0-06fb0a2759b0,fixed,273,attack_cpu,hiding,cpu,high,True,True,True,False,0.0
78de548c-168e-47a4-b0a0-06fb0a2759b0,fixed,274,attack_cpu,hiding,cpu,high,True,True,True,False,0.0
78de548c-168e-47a4-b0a0-06fb0a2759b0,fixed,275,attack_cpu,hiding,cpu,high,True,True,True,False,0.0
78de548c-168e-47a4-b0a0-06fb0a2759b0,fixed,276,attack_cpu,hiding,cpu,high,True,True,True,False,0.0
78de548c-168e-47a4-b0a0-06fb0a2759b0,fixed,277,attack_cpu,hiding,cpu,high,True,True,True,False,0.0
78de548c-168e-47a4-b0a0-06fb0a2759b0,fixed,278,attack_cpu,hiding,cpu,high,True,True,True,False,0.0
78de548c-168e-47a4-b0a0-06fb0a2759b0,fixed,279,attack_cpu,hiding,cpu,high,True,True,True,False,0.0
78de548c-168e-47a4-b0a0-06fb0a2759b0,fixed,280,attack_cpu,hiding,cpu,high,True,True,True,False,0.0
78de548c-168e-47a4-b0a0-06fb0a2759b0,fixed,281,attack_cpu,hiding,cpu,high,True,True,True,False,0.0
78de548c-168e-47a4-b0a0-06fb0a2759b0,fixed,282,attack_cpu,hiding,cpu,high,True,True,True,False,0.0
78de548c-168e-47a4-b0a0-06fb0a2759b0,fixed,283,attack_cpu,hiding,cpu,high,True,True,True,False,0.0
78de548c-168e-47a4-b0a0-06fb0a2759b0,fixed,284,attack_cpu,hiding,cpu,high,True,True,True,False,0.0
78de548c-168e-47a4-b0a0-06fb0a2759b0,fixed,285,attack_cpu,hiding,cpu,high,True,True,True,False,0.0
78de548c-168e-47a4-b0a0-06fb0a2759b0,fixed,286,attack_cpu,hiding,cpu,high,True,True,True,False,0.0
78de548c-168e-47a4-b0a0-06fb0a2759b0,fixed,287,attack_cpu,hiding,cpu,high,True,True,True,False,0.0
78de548c-168e-47a4-b0a0-06fb0a2759b0,fixed,288,attack_memory_unseen,hiding,memory,low,True,True,True,False,0.0
78de548c-168e-47a4-b0a0-06fb0a2759b0,fixed,289,attack_memory_unseen,hiding,memory,low,True,True,True,False,0.0
78de548c-168e-47a4-b0a0-06fb0a2759b0,fixed,290,attack_memory_unseen,hiding,memory,low,True,True,True,False,0.0
78de548c-168e-47a4-b0a0-06fb0a2759b0,fixed,291,attack_memory_unseen,hiding,memory,low,True,True,True,False,0.0
78de548c-168e-47a4-b0a0-06fb0a2759b0,fixed,292,attack_memory_unseen,hiding,memory,low,True,True,True,False,0.0
78de548c-168e-47a4-b0a0-06fb0a2759b0,fixed,293,attack_memory_unseen,hiding,memory,low,True,True,True,False,0.0
78de548c-168e-47a4-b0a0-06fb0a2759b0,fixed,294,attack_memory_unseen,hiding,memory,low,True,True,True,False,0.0
78de548c-168e-47a4-b0a0-06fb0a2759b0,fixed,295,attack_memory_unseen,hiding,memory,low,True,True,True,False,0.0
78de548c-168e-47a4-b0a0-06fb0a2759b0,fixed,296,attack_memory_unseen,hiding,memory,low,True,True,True,False,0.0
78de548c-168e-47a4-b0a0-06fb0a2759b0,fixed,297,attack_memory_unseen,hiding,memory,low,True,True,True,False,0.0
78de548c-168e-47a4-b0a0-06fb0a2759b0,fixed,298,attack_memory_unseen,hiding,memory,low,True,True,True,False,0.0
78de548c-168e-47a4-b0a0-06fb0a2759b0,fixed,299,attack_memory_unseen,hiding,memory,low,True,True,True,False,0.0
78de548c-168e-47a4-b0a0-06fb0a2759b0,fixed,300,attack_memory_unseen,hiding,memory,low,True,True,True,False,0.0
78de548c-168e-47a4-b0a0-06fb0a2759b0,fixed,301,attack_memory_unseen,hiding,memory,low,True,True,True,False,0.0
78de548c-168e-47a4-b0a0-06fb0a2759b0,fixed,302,attack_memory_unseen,hiding,memory,low,True,True,True,False,0.0
78de548c-168e-47a4-b0a0-06fb0a2759b0,fixed,303,attack_memory_unseen,hiding,memory,low,True,True,True,False,0.0
78de548c-168e-47a4-b0a0-06fb0a2759b0,fixed,304,attack_memory_unseen,hiding,memory,low,True,True,True,False,0.0
78de548c-168e-47a4-b0a0-06fb0a2759b0,fixed,305,attack_memory_unseen,hiding,memory,low,True,True,True,False,0.0
78de548c-168e-47a4-b0a0-06fb0a2759b0,fixed,306,attack_memory_unseen,hiding,memory,low,True,True,True,False,0.0
78de548c-168e-47a4-b0a0-06fb0a2759b0,fixed,307,attack_memory_unseen,hiding,memory,low,True,True,True,False,0.0
78de548c-168e-47a4-b0a0-06fb0a2759b0,fixed,308,attack_memory_unseen,hiding,memory,low,True,True,True,False,0.0
78de548c-168e-47a4-b0a0-06fb0a2759b0,fixed,309,attack_memory_unseen,hiding,memory,low,True,True,True,False,0.0
78de548c-168e-47a4-b0a0-06fb0a2759b0,fixed,310,attack_memory_unseen,hiding,memory,low,True,True,True,False,0.0
78de548c-168e-47a4-b0a0-06fb0a2759b0,fixed,311,attack_memory_unseen,hiding,memory,low,True,True,True,False,0.0
78de548c-168e-47a4-b0a0-06fb0a2759b0,fixed,312,attack_memory_unseen,hiding,memory,low,True,True,True,False,0.0
78de548c-168e-47a4-b0a0-06fb0a2759b0,fixed,313,attack_memory_unseen,hiding,memory,low,True,True,True,False,0.0
78de548c-168e-47a4-b0a0-06fb0a2759b0,fixed,314,attack_memory_unseen,hiding,memory,low,True,True,True,False,0.0
78de548c-168e-47a4-b0a0-06fb0a2759b0,fixed,315,attack_memory_unseen,hiding,memory,low,True,True,True,False,0.0
78de548c-168e-47a4-b0a0-06fb0a2759b0,fixed,316,attack_memory_unseen,hiding,memory,low,True,True,True,False,0.0
78de548c-168e-47a4-b0a0-06fb0a2759b0,fixed,317,attack_memory_unseen,hiding,memory,low,True,True,True,False,0.0
78de548c-168e-47a4-b0a0-06fb0a2759b0,fixed,318,attack_memory_unseen,hiding,memory,low,True,True,True,False,0.0
78de548c-168e-47a4-b0a0-06fb0a2759b0,fixed,319,attack_memory_unseen,hiding,memory,low,True,True,True,False,0.0
78de548c-168e-47a4-b0a0-06fb0a2759b0,fixed,320,attack_memory_unseen,hiding,memory,low,True,True,True,False,0.0
78de548c-168e-47a4-b0a0-06fb0a2759b0,fixed,321,attack_memory_unseen,hiding,memory,low,True,True,True,False,0.0
78de548c-168e-47a4-b0a0-06fb0a2759b0,fixed,322,attack_memory_unseen,hiding,memory,low,True,True,True,False,0.0
78de548c-168e-47a4-b0a0-06fb0a2759b0,fixed,323,attack_memory_unseen,hiding,memory,low,True,True,True,False,0.0
78de548c-168e-47a4-b0a0-06fb0a2759b0,fixed,324,attack_memory_unseen,hiding,memory,low,True,True,True,False,0.0
78de548c-168e-47a4-b0a0-06fb0a2759b0,fixed,325,attack_memory_unseen,hiding,memory,low,True,True,True,False,0.0
78de548c-168e-47a4-b0a0-06fb0a2759b0,fixed,326,attack_memory_unseen,hiding,memory,low,True,True,True,False,0.0
78de548c-168e-47a4-b0a0-06fb0a2759b0,fixed,327,attack_memory_unseen,hiding,memory,low,True,True,True,False,0.0
78de548c-168e-47a4-b0a0-06fb0a2759b0,fixed,328,attack_mixed_unseen,hiding,mixed,high,True,True,True,False,0.0
78de548c-168e-47a4-b0a0-06fb0a2759b0,fixed,329,attack_mixed_unseen,hiding,mixed,high,True,True,True,False,0.0
78de548c-168e-47a4-b0a0-06fb0a2759b0,fixed,330,attack_mixed_unseen,hiding,mixed,high,True,True,True,False,0.0
78de548c-168e-47a4-b0a0-06fb0a2759b0,fixed,331,attack_mixed_unseen,hiding,mixed,high,True,True,True,False,0.0
78de548c-168e-47a4-b0a0-06fb0a2759b0,fixed,332,attack_mixed_unseen,hiding,mixed,high,True,True,True,False,0.0
78de548c-168e-47a4-b0a0-06fb0a2759b0,fixed,333,attack_mixed_unseen,hiding,mixed,high,True,True,True,False,0.0
78de548c-168e-47a4-b0a0-06fb0a2759b0,fixed,334,attack_mixed_unseen,hiding,mixed,high,True,True,True,False,0.0
78de548c-168e-47a4-b0a0-06fb0a2759b0,fixed,335,attack_mixed_unseen,hiding,mixed,high,True,True,True,False,0.0
78de548c-168e-47a4-b0a0-06fb0a2759b0,fixed,336,attack_mixed_unseen,hiding,mixed,high,True,True,True,False,0.0
78de548c-168e-47a4-b0a0-06fb0a2759b0,fixed,337,attack_mixed_unseen,hiding,mixed,high,True,True,True,False,0.0
78de548c-168e-47a4-b0a0-06fb0a2759b0,fixed,338,attack_mixed_unseen,hiding,mixed,high,True,True,True,False,0.0
78de548c-168e-47a4-b0a0-06fb0a2759b0,fixed,339,attack_mixed_unseen,hiding,mixed,high,True,True,True,False,0.0
78de548c-168e-47a4-b0a0-06fb0a2759b0,fixed,340,attack_mixed_unseen,hiding,mixed,high,True,True,True,False,0.0
78de548c-168e-47a4-b0a0-06fb0a2759b0,fixed,341,attack_mixed_unseen,hiding,mixed,high,True,True,True,False,0.0
78de548c-168e-47a4-b0a0-06fb0a2759b0,fixed,342,attack_mixed_unseen,hiding,mixed,high,True,True,True,False,0.0
78de548c-168e-47a4-b0a0-06fb0a2759b0,fixed,343,attack_mixed_unseen,hiding,mixed,high,True,True,True,False,0.0
78de548c-168e-47a4-b0a0-06fb0a2759b0,fixed,344,attack_mixed_unseen,hiding,mixed,high,True,True,True,False,0.0
78de548c-168e-47a4-b0a0-06fb0a2759b0,fixed,345,attack_mixed_unseen,hiding,mixed,high,True,True,True,False,0.0
78de548c-168e-47a4-b0a0-06fb0a2759b0,fixed,346,attack_mixed_unseen,hiding,mixed,high,True,True,True,False,0.0
78de548c-168e-47a4-b0a0-06fb0a2759b0,fixed,347,attack_mixed_unseen,hiding,mixed,high,True,True,True,False,0.0
78de548c-168e-47a4-b0a0-06fb0a2759b0,fixed,348,attack_mixed_unseen,hiding,mixed,high,True,True,True,False,0.0
78de548c-168e-47a4-b0a0-06fb0a2759b0,fixed,349,attack_mixed_unseen,hiding,mixed,high,True,True,True,False,0.0
78de548c-168e-47a4-b0a0-06fb0a2759b0,fixed,350,attack_mixed_unseen,hiding,mixed,high,True,True,True,False,0.0
78de548c-168e-47a4-b0a0-06fb0a2759b0,fixed,351,attack_mixed_unseen,hiding,mixed,high,True,True,True,False,0.0
78de548c-168e-47a4-b0a0-06fb0a2759b0,fixed,352,attack_mixed_unseen,hiding,mixed,high,True,True,True,False,0.0
78de548c-168e-47a4-b0a0-06fb0a2759b0,fixed,353,attack_mixed_unseen,hiding,mixed,high,True,True,True,False,0.0
78de548c-168e-47a4-b0a0-06fb0a2759b0,fixed,354,attack_mixed_unseen,hiding,mixed,high,True,True,True,False,0.0
78de548c-168e-47a4-b0a0-06fb0a2759b0,fixed,355,attack_mixed_unseen,hiding,mixed,high,True,True,True,False,0.0
78de548c-168e-47a4-b0a0-06fb0a2759b0,fixed,356,attack_mixed_unseen,hiding,mixed,high,True,True,True,False,0.0
78de548c-168e-47a4-b0a0-06fb0a2759b0,fixed,357,attack_mixed_unseen,hiding,mixed,high,True,True,True,False,0.0
78de548c-168e-47a4-b0a0-06fb0a2759b0,fixed,358,attack_mixed_unseen,hiding,mixed,high,True,True,True,False,0.0
78de548c-168e-47a4-b0a0-06fb0a2759b0,fixed,359,attack_mixed_unseen,hiding,mixed,high,True,True,True,False,0.0
78de548c-168e-47a4-b0a0-06fb0a2759b0,fixed,360,attack_mixed_unseen,hiding,mixed,high,True,True,True,False,0.0
78de548c-168e-47a4-b0a0-06fb0a2759b0,fixed,361,attack_mixed_unseen,hiding,mixed,high,True,True,True,False,0.0
78de548c-168e-47a4-b0a0-06fb0a2759b0,fixed,362,attack_mixed_unseen,hiding,mixed,high,True,True,True,False,0.0
78de548c-168e-47a4-b0a0-06fb0a2759b0,fixed,363,attack_mixed_unseen,hiding,mixed,high,True,True,True,False,0.0
78de548c-168e-47a4-b0a0-06fb0a2759b0,fixed,364,attack_mixed_unseen,hiding,mixed,high,True,True,True,False,0.0
78de548c-168e-47a4-b0a0-06fb0a2759b0,fixed,365,attack_mixed_unseen,hiding,mixed,high,True,True,True,False,0.0
78de548c-168e-47a4-b0a0-06fb0a2759b0,fixed,366,attack_mixed_unseen,hiding,mixed,high,True,True,True,False,0.0
78de548c-168e-47a4-b0a0-06fb0a2759b0,fixed,367,attack_mixed_unseen,hiding,mixed,high,True,True,True,False,0.0
78de548c-168e-47a4-b0a0-06fb0a2759b0,fixed,368,normal_recovery_2,unloaded,baseline,low,False,False,False,False,0.0
78de548c-168e-47a4-b0a0-06fb0a2759b0,fixed,369,normal_recovery_2,unloaded,baseline,low,False,False,False,False,0.0
78de548c-168e-47a4-b0a0-06fb0a2759b0,fixed,370,normal_recovery_2,unloaded,baseline,low,False,False,False,False,0.0
78de548c-168e-47a4-b0a0-06fb0a2759b0,fixed,371,normal_recovery_2,unloaded,baseline,low,False,False,False,False,0.0
78de548c-168e-47a4-b0a0-06fb0a2759b0,fixed,372,normal_recovery_2,unloaded,baseline,low,False,False,False,False,0.0
78de548c-168e-47a4-b0a0-06fb0a2759b0,fixed,373,normal_recovery_2,unloaded,baseline,low,False,False,False,False,0.0
78de548c-168e-47a4-b0a0-06fb0a2759b0,fixed,374,normal_recovery_2,unloaded,baseline,low,False,True,True,False,0.0
78de548c-168e-47a4-b0a0-06fb0a2759b0,fixed,375,normal_recovery_2,unloaded,baseline,low,False,True,True,False,0.0
78de548c-168e-47a4-b0a0-06fb0a2759b0,fixed,376,normal_recovery_2,unloaded,baseline,low,False,False,False,False,0.0
78de548c-168e-47a4-b0a0-06fb0a2759b0,fixed,377,normal_recovery_2,unloaded,baseline,low,False,False,False,False,0.0
78de548c-168e-47a4-b0a0-06fb0a2759b0,fixed,378,normal_recovery_2,unloaded,baseline,low,False,False,False,False,0.0
78de548c-168e-47a4-b0a0-06fb0a2759b0,fixed,379,normal_recovery_2,unloaded,baseline,low,False,False,False,False,0.0
78de548c-168e-47a4-b0a0-06fb0a2759b0,fixed,380,normal_recovery_2,unloaded,baseline,low,False,False,False,False,0.0
78de548c-168e-47a4-b0a0-06fb0a2759b0,fixed,381,normal_recovery_2,unloaded,baseline,low,False,True,True,False,0.0
78de548c-168e-47a4-b0a0-06fb0a2759b0,fixed,382,normal_recovery_2,unloaded,baseline,low,False,True,True,False,0.0
78de548c-168e-47a4-b0a0-06fb0a2759b0,fixed,383,normal_recovery_2,unloaded,baseline,low,False,False,False,False,0.0
78de548c-168e-47a4-b0a0-06fb0a2759b0,fixed,384,normal_recovery_2,unloaded,baseline,low,False,False,False,False,0.0
78de548c-168e-47a4-b0a0-06fb0a2759b0,fixed,385,normal_recovery_2,unloaded,baseline,low,False,False,False,False,0.0
78de548c-168e-47a4-b0a0-06fb0a2759b0,fixed,386,normal_recovery_2,unloaded,baseline,low,False,False,False,False,0.0
78de548c-168e-47a4-b0a0-06fb0a2759b0,fixed,387,normal_recovery_2,unloaded,baseline,low,False,False,False,False,0.0
78de548c-168e-47a4-b0a0-06fb0a2759b0,fixed,388,sham_negative_baseline,sham,baseline,low,False,True,True,False,0.0
78de548c-168e-47a4-b0a0-06fb0a2759b0,fixed,389,sham_negative_baseline,sham,baseline,low,False,True,True,False,0.0
78de548c-168e-47a4-b0a0-06fb0a2759b0,fixed,390,sham_negative_baseline,sham,baseline,low,False,True,True,False,0.0
78de548c-168e-47a4-b0a0-06fb0a2759b0,fixed,391,sham_negative_baseline,sham,baseline,low,True,True,True,False,0.0
78de548c-168e-47a4-b0a0-06fb0a2759b0,fixed,392,sham_negative_baseline,sham,baseline,low,False,True,True,False,0.0
78de548c-168e-47a4-b0a0-06fb0a2759b0,fixed,393,sham_negative_baseline,sham,baseline,low,False,True,True,False,0.0
78de548c-168e-47a4-b0a0-06fb0a2759b0,fixed,394,sham_negative_baseline,sham,baseline,low,False,False,False,False,0.0
78de548c-168e-47a4-b0a0-06fb0a2759b0,fixed,395,sham_negative_baseline,sham,baseline,low,False,True,True,False,0.0
78de548c-168e-47a4-b0a0-06fb0a2759b0,fixed,396,sham_negative_baseline,sham,baseline,low,False,True,True,False,0.0
78de548c-168e-47a4-b0a0-06fb0a2759b0,fixed,397,sham_negative_baseline,sham,baseline,low,False,True,True,False,0.0
78de548c-168e-47a4-b0a0-06fb0a2759b0,fixed,398,sham_negative_cpu,sham,cpu,high,False,True,True,False,0.0
78de548c-168e-47a4-b0a0-06fb0a2759b0,fixed,399,sham_negative_cpu,sham,cpu,high,False,True,True,False,0.0
78de548c-168e-47a4-b0a0-06fb0a2759b0,fixed,400,sham_negative_cpu,sham,cpu,high,False,True,True,False,0.0
78de548c-168e-47a4-b0a0-06fb0a2759b0,fixed,401,sham_negative_cpu,sham,cpu,high,False,True,True,False,0.0
78de548c-168e-47a4-b0a0-06fb0a2759b0,fixed,402,sham_negative_cpu,sham,cpu,high,False,True,True,False,0.0
78de548c-168e-47a4-b0a0-06fb0a2759b0,fixed,403,sham_negative_cpu,sham,cpu,high,False,True,True,False,0.0
78de548c-168e-47a4-b0a0-06fb0a2759b0,fixed,404,sham_negative_cpu,sham,cpu,high,False,True,True,False,0.0
78de548c-168e-47a4-b0a0-06fb0a2759b0,fixed,405,sham_negative_cpu,sham,cpu,high,False,True,True,False,0.0
78de548c-168e-47a4-b0a0-06fb0a2759b0,fixed,406,sham_negative_cpu,sham,cpu,high,False,True,True,False,0.0
78de548c-168e-47a4-b0a0-06fb0a2759b0,fixed,407,sham_negative_cpu,sham,cpu,high,False,True,True,False,0.0
78de548c-168e-47a4-b0a0-06fb0a2759b0,blind,48,normal_pre,unloaded,baseline,low,False,False,False,True,0.0
78de548c-168e-47a4-b0a0-06fb0a2759b0,blind,49,normal_pre,unloaded,baseline,low,False,False,False,True,0.0
78de548c-168e-47a4-b0a0-06fb0a2759b0,blind,50,normal_pre,unloaded,baseline,low,False,True,True,True,0.0
78de548c-168e-47a4-b0a0-06fb0a2759b0,blind,51,normal_pre,unloaded,baseline,low,False,True,True,True,0.0
78de548c-168e-47a4-b0a0-06fb0a2759b0,blind,52,normal_pre,unloaded,baseline,low,False,False,False,True,0.0
78de548c-168e-47a4-b0a0-06fb0a2759b0,blind,53,normal_pre,unloaded,baseline,low,False,False,False,True,0.0
78de548c-168e-47a4-b0a0-06fb0a2759b0,blind,54,normal_pre,unloaded,baseline,low,False,False,False,True,0.0
78de548c-168e-47a4-b0a0-06fb0a2759b0,blind,55,normal_pre,unloaded,baseline,low,False,False,False,True,0.0
78de548c-168e-47a4-b0a0-06fb0a2759b0,blind,56,normal_pre,unloaded,baseline,low,False,False,False,True,0.0
78de548c-168e-47a4-b0a0-06fb0a2759b0,blind,57,normal_pre,unloaded,baseline,low,False,False,False,True,0.0
78de548c-168e-47a4-b0a0-06fb0a2759b0,blind,58,normal_pre,unloaded,baseline,low,False,False,False,True,0.0
78de548c-168e-47a4-b0a0-06fb0a2759b0,blind,59,normal_pre,unloaded,baseline,low,False,False,False,True,0.0
78de548c-168e-47a4-b0a0-06fb0a2759b0,blind,60,normal_pre,unloaded,baseline,low,False,False,False,True,0.0
78de548c-168e-47a4-b0a0-06fb0a2759b0,blind,61,normal_pre,unloaded,baseline,low,False,False,False,True,0.0
78de548c-168e-47a4-b0a0-06fb0a2759b0,blind,62,normal_pre,unloaded,baseline,low,False,False,False,True,0.0
78de548c-168e-47a4-b0a0-06fb0a2759b0,blind,63,normal_pre,unloaded,baseline,low,False,False,False,True,0.0
78de548c-168e-47a4-b0a0-06fb0a2759b0,blind,64,normal_pre,unloaded,baseline,low,False,False,False,True,0.0
78de548c-168e-47a4-b0a0-06fb0a2759b0,blind,65,normal_pre,unloaded,baseline,low,False,False,False,True,0.0
78de548c-168e-47a4-b0a0-06fb0a2759b0,blind,66,normal_pre,unloaded,baseline,low,False,False,False,True,0.0
78de548c-168e-47a4-b0a0-06fb0a2759b0,blind,67,normal_pre,unloaded,baseline,low,False,False,False,True,0.0
78de548c-168e-47a4-b0a0-06fb0a2759b0,blind,68,benign_cpu_unseen,unloaded,cpu,high,False,True,True,True,0.0
78de548c-168e-47a4-b0a0-06fb0a2759b0,blind,69,benign_cpu_unseen,unloaded,cpu,high,False,True,True,True,0.0
78de548c-168e-47a4-b0a0-06fb0a2759b0,blind,70,benign_cpu_unseen,unloaded,cpu,high,False,True,True,True,0.0
78de548c-168e-47a4-b0a0-06fb0a2759b0,blind,71,benign_cpu_unseen,unloaded,cpu,high,False,True,True,True,0.0
78de548c-168e-47a4-b0a0-06fb0a2759b0,blind,72,benign_cpu_unseen,unloaded,cpu,high,False,True,True,True,0.0
78de548c-168e-47a4-b0a0-06fb0a2759b0,blind,73,benign_cpu_unseen,unloaded,cpu,high,False,True,True,True,0.0
78de548c-168e-47a4-b0a0-06fb0a2759b0,blind,74,benign_cpu_unseen,unloaded,cpu,high,False,True,True,True,0.0
78de548c-168e-47a4-b0a0-06fb0a2759b0,blind,75,benign_cpu_unseen,unloaded,cpu,high,False,True,True,True,0.0
78de548c-168e-47a4-b0a0-06fb0a2759b0,blind,76,benign_cpu_unseen,unloaded,cpu,high,False,True,True,True,0.0
78de548c-168e-47a4-b0a0-06fb0a2759b0,blind,77,benign_cpu_unseen,unloaded,cpu,high,False,True,True,True,0.0
78de548c-168e-47a4-b0a0-06fb0a2759b0,blind,78,benign_cpu_unseen,unloaded,cpu,high,False,False,False,True,0.0
78de548c-168e-47a4-b0a0-06fb0a2759b0,blind,79,benign_cpu_unseen,unloaded,cpu,high,False,False,False,True,0.0
78de548c-168e-47a4-b0a0-06fb0a2759b0,blind,80,benign_cpu_unseen,unloaded,cpu,high,False,False,False,True,0.0
78de548c-168e-47a4-b0a0-06fb0a2759b0,blind,81,benign_cpu_unseen,unloaded,cpu,high,False,False,False,True,0.0
78de548c-168e-47a4-b0a0-06fb0a2759b0,blind,82,benign_cpu_unseen,unloaded,cpu,high,False,False,False,True,0.0
78de548c-168e-47a4-b0a0-06fb0a2759b0,blind,83,benign_cpu_unseen,unloaded,cpu,high,False,False,False,True,0.0
78de548c-168e-47a4-b0a0-06fb0a2759b0,blind,84,benign_cpu_unseen,unloaded,cpu,high,False,False,False,True,0.0
78de548c-168e-47a4-b0a0-06fb0a2759b0,blind,85,benign_cpu_unseen,unloaded,cpu,high,False,False,False,True,0.0
78de548c-168e-47a4-b0a0-06fb0a2759b0,blind,86,benign_cpu_unseen,unloaded,cpu,high,False,False,False,True,0.0
78de548c-168e-47a4-b0a0-06fb0a2759b0,blind,87,benign_cpu_unseen,unloaded,cpu,high,False,False,False,True,0.0
78de548c-168e-47a4-b0a0-06fb0a2759b0,blind,88,benign_cpu_unseen,unloaded,cpu,high,False,False,False,True,0.0
78de548c-168e-47a4-b0a0-06fb0a2759b0,blind,89,benign_cpu_unseen,unloaded,cpu,high,False,False,False,True,0.0
78de548c-168e-47a4-b0a0-06fb0a2759b0,blind,90,benign_cpu_unseen,unloaded,cpu,high,False,False,False,True,0.0
78de548c-168e-47a4-b0a0-06fb0a2759b0,blind,91,benign_cpu_unseen,unloaded,cpu,high,False,False,False,True,0.0
78de548c-168e-47a4-b0a0-06fb0a2759b0,blind,92,benign_cpu_unseen,unloaded,cpu,high,False,False,False,True,0.0
78de548c-168e-47a4-b0a0-06fb0a2759b0,blind,93,benign_cpu_unseen,unloaded,cpu,high,False,False,False,True,0.0
78de548c-168e-47a4-b0a0-06fb0a2759b0,blind,94,benign_cpu_unseen,unloaded,cpu,high,False,False,False,True,0.0
78de548c-168e-47a4-b0a0-06fb0a2759b0,blind,95,benign_cpu_unseen,unloaded,cpu,high,False,False,False,True,0.0
78de548c-168e-47a4-b0a0-06fb0a2759b0,blind,96,benign_cpu_unseen,unloaded,cpu,high,False,False,False,True,0.0
78de548c-168e-47a4-b0a0-06fb0a2759b0,blind,97,benign_cpu_unseen,unloaded,cpu,high,False,False,False,True,0.0
78de548c-168e-47a4-b0a0-06fb0a2759b0,blind,98,benign_cpu_unseen,unloaded,cpu,high,False,False,False,True,0.0
78de548c-168e-47a4-b0a0-06fb0a2759b0,blind,99,benign_cpu_unseen,unloaded,cpu,high,False,False,False,True,0.0
78de548c-168e-47a4-b0a0-06fb0a2759b0,blind,100,benign_cpu_unseen,unloaded,cpu,high,False,False,False,True,0.0
78de548c-168e-47a4-b0a0-06fb0a2759b0,blind,101,benign_cpu_unseen,unloaded,cpu,high,False,False,False,True,0.0
78de548c-168e-47a4-b0a0-06fb0a2759b0,blind,102,benign_cpu_unseen,unloaded,cpu,high,False,False,False,True,0.0
78de548c-168e-47a4-b0a0-06fb0a2759b0,blind,103,benign_cpu_unseen,unloaded,cpu,high,False,False,False,True,0.0
78de548c-168e-47a4-b0a0-06fb0a2759b0,blind,104,benign_cpu_unseen,unloaded,cpu,high,False,False,False,True,0.0
78de548c-168e-47a4-b0a0-06fb0a2759b0,blind,105,benign_cpu_unseen,unloaded,cpu,high,False,False,False,True,0.0
78de548c-168e-47a4-b0a0-06fb0a2759b0,blind,106,benign_cpu_unseen,unloaded,cpu,high,False,False,False,True,0.0
78de548c-168e-47a4-b0a0-06fb0a2759b0,blind,107,benign_cpu_unseen,unloaded,cpu,high,False,False,False,True,0.0
78de548c-168e-47a4-b0a0-06fb0a2759b0,blind,108,benign_memory_unseen,unloaded,memory,low,False,False,False,True,0.0
78de548c-168e-47a4-b0a0-06fb0a2759b0,blind,109,benign_memory_unseen,unloaded,memory,low,False,False,False,True,0.0
78de548c-168e-47a4-b0a0-06fb0a2759b0,blind,110,benign_memory_unseen,unloaded,memory,low,False,False,False,True,0.0
78de548c-168e-47a4-b0a0-06fb0a2759b0,blind,111,benign_memory_unseen,unloaded,memory,low,False,False,False,True,0.0
78de548c-168e-47a4-b0a0-06fb0a2759b0,blind,112,benign_memory_unseen,unloaded,memory,low,False,False,False,True,0.0
78de548c-168e-47a4-b0a0-06fb0a2759b0,blind,113,benign_memory_unseen,unloaded,memory,low,False,False,False,True,0.0
78de548c-168e-47a4-b0a0-06fb0a2759b0,blind,114,benign_memory_unseen,unloaded,memory,low,False,False,False,True,0.0
78de548c-168e-47a4-b0a0-06fb0a2759b0,blind,115,benign_memory_unseen,unloaded,memory,low,False,False,False,True,0.0
78de548c-168e-47a4-b0a0-06fb0a2759b0,blind,116,benign_memory_unseen,unloaded,memory,low,False,False,False,True,0.0
78de548c-168e-47a4-b0a0-06fb0a2759b0,blind,117,benign_memory_unseen,unloaded,memory,low,False,False,False,True,0.0
78de548c-168e-47a4-b0a0-06fb0a2759b0,blind,118,benign_memory_unseen,unloaded,memory,low,False,False,False,True,0.0
78de548c-168e-47a4-b0a0-06fb0a2759b0,blind,119,benign_memory_unseen,unloaded,memory,low,False,False,False,True,0.0
78de548c-168e-47a4-b0a0-06fb0a2759b0,blind,120,benign_memory_unseen,unloaded,memory,low,False,False,False,True,0.0
78de548c-168e-47a4-b0a0-06fb0a2759b0,blind,121,benign_memory_unseen,unloaded,memory,low,False,False,False,True,0.0
78de548c-168e-47a4-b0a0-06fb0a2759b0,blind,122,benign_memory_unseen,unloaded,memory,low,False,False,False,True,0.0
78de548c-168e-47a4-b0a0-06fb0a2759b0,blind,123,benign_memory_unseen,unloaded,memory,low,False,False,False,True,0.0
78de548c-168e-47a4-b0a0-06fb0a2759b0,blind,124,benign_memory_unseen,unloaded,memory,low,False,False,False,True,0.0
78de548c-168e-47a4-b0a0-06fb0a2759b0,blind,125,benign_memory_unseen,unloaded,memory,low,False,False,False,True,0.0
78de548c-168e-47a4-b0a0-06fb0a2759b0,blind,126,benign_memory_unseen,unloaded,memory,low,False,False,False,True,0.0
78de548c-168e-47a4-b0a0-06fb0a2759b0,blind,127,benign_memory_unseen,unloaded,memory,low,False,False,False,True,0.0
78de548c-168e-47a4-b0a0-06fb0a2759b0,blind,128,benign_memory_unseen,unloaded,memory,low,False,False,False,True,0.0
78de548c-168e-47a4-b0a0-06fb0a2759b0,blind,129,benign_memory_unseen,unloaded,memory,low,False,False,False,True,0.0
78de548c-168e-47a4-b0a0-06fb0a2759b0,blind,130,benign_memory_unseen,unloaded,memory,low,False,False,False,True,0.0
78de548c-168e-47a4-b0a0-06fb0a2759b0,blind,131,benign_memory_unseen,unloaded,memory,low,False,False,False,True,0.0
78de548c-168e-47a4-b0a0-06fb0a2759b0,blind,132,benign_memory_unseen,unloaded,memory,low,False,False,False,True,0.0
78de548c-168e-47a4-b0a0-06fb0a2759b0,blind,133,benign_memory_unseen,unloaded,memory,low,False,False,False,True,0.0
78de548c-168e-47a4-b0a0-06fb0a2759b0,blind,134,benign_memory_unseen,unloaded,memory,low,False,False,False,True,0.0
78de548c-168e-47a4-b0a0-06fb0a2759b0,blind,135,benign_memory_unseen,unloaded,memory,low,False,False,False,True,0.0
78de548c-168e-47a4-b0a0-06fb0a2759b0,blind,136,benign_memory_unseen,unloaded,memory,low,False,False,False,True,0.0
78de548c-168e-47a4-b0a0-06fb0a2759b0,blind,137,benign_memory_unseen,unloaded,memory,low,False,False,False,True,0.0
78de548c-168e-47a4-b0a0-06fb0a2759b0,blind,138,benign_memory_unseen,unloaded,memory,low,False,False,False,True,0.0
78de548c-168e-47a4-b0a0-06fb0a2759b0,blind,139,benign_memory_unseen,unloaded,memory,low,False,False,False,True,0.0
78de548c-168e-47a4-b0a0-06fb0a2759b0,blind,140,benign_memory_unseen,unloaded,memory,low,False,False,False,True,0.0
78de548c-168e-47a4-b0a0-06fb0a2759b0,blind,141,benign_memory_unseen,unloaded,memory,low,False,False,False,True,0.0
78de548c-168e-47a4-b0a0-06fb0a2759b0,blind,142,benign_memory_unseen,unloaded,memory,low,False,False,False,True,0.0
78de548c-168e-47a4-b0a0-06fb0a2759b0,blind,143,benign_memory_unseen,unloaded,memory,low,False,False,False,True,0.0
78de548c-168e-47a4-b0a0-06fb0a2759b0,blind,144,benign_memory_unseen,unloaded,memory,low,False,False,False,True,0.0
78de548c-168e-47a4-b0a0-06fb0a2759b0,blind,145,benign_memory_unseen,unloaded,memory,low,False,False,False,True,0.0
78de548c-168e-47a4-b0a0-06fb0a2759b0,blind,146,benign_memory_unseen,unloaded,memory,low,False,False,False,True,0.0
78de548c-168e-47a4-b0a0-06fb0a2759b0,blind,147,benign_memory_unseen,unloaded,memory,low,False,False,False,True,0.0
78de548c-168e-47a4-b0a0-06fb0a2759b0,blind,148,benign_mixed_unseen,unloaded,mixed,high,False,False,False,True,0.0
78de548c-168e-47a4-b0a0-06fb0a2759b0,blind,149,benign_mixed_unseen,unloaded,mixed,high,False,False,False,True,0.0
78de548c-168e-47a4-b0a0-06fb0a2759b0,blind,150,benign_mixed_unseen,unloaded,mixed,high,False,False,False,True,0.0
78de548c-168e-47a4-b0a0-06fb0a2759b0,blind,151,benign_mixed_unseen,unloaded,mixed,high,False,False,False,True,0.0
78de548c-168e-47a4-b0a0-06fb0a2759b0,blind,152,benign_mixed_unseen,unloaded,mixed,high,False,False,False,True,0.0
78de548c-168e-47a4-b0a0-06fb0a2759b0,blind,153,benign_mixed_unseen,unloaded,mixed,high,False,False,False,True,0.0
78de548c-168e-47a4-b0a0-06fb0a2759b0,blind,154,benign_mixed_unseen,unloaded,mixed,high,False,False,False,True,0.0
78de548c-168e-47a4-b0a0-06fb0a2759b0,blind,155,benign_mixed_unseen,unloaded,mixed,high,False,False,False,True,0.0
78de548c-168e-47a4-b0a0-06fb0a2759b0,blind,156,benign_mixed_unseen,unloaded,mixed,high,False,False,False,True,0.0
78de548c-168e-47a4-b0a0-06fb0a2759b0,blind,157,benign_mixed_unseen,unloaded,mixed,high,False,False,False,True,0.0
78de548c-168e-47a4-b0a0-06fb0a2759b0,blind,158,benign_mixed_unseen,unloaded,mixed,high,False,False,False,True,0.0
78de548c-168e-47a4-b0a0-06fb0a2759b0,blind,159,benign_mixed_unseen,unloaded,mixed,high,False,False,False,True,0.0
78de548c-168e-47a4-b0a0-06fb0a2759b0,blind,160,benign_mixed_unseen,unloaded,mixed,high,False,False,False,True,0.0
78de548c-168e-47a4-b0a0-06fb0a2759b0,blind,161,benign_mixed_unseen,unloaded,mixed,high,False,False,False,True,0.0
78de548c-168e-47a4-b0a0-06fb0a2759b0,blind,162,benign_mixed_unseen,unloaded,mixed,high,False,False,False,True,0.0
78de548c-168e-47a4-b0a0-06fb0a2759b0,blind,163,benign_mixed_unseen,unloaded,mixed,high,False,False,False,True,0.0
78de548c-168e-47a4-b0a0-06fb0a2759b0,blind,164,benign_mixed_unseen,unloaded,mixed,high,False,False,False,True,0.0
78de548c-168e-47a4-b0a0-06fb0a2759b0,blind,165,benign_mixed_unseen,unloaded,mixed,high,False,False,False,True,0.0
78de548c-168e-47a4-b0a0-06fb0a2759b0,blind,166,benign_mixed_unseen,unloaded,mixed,high,False,False,False,True,0.0
78de548c-168e-47a4-b0a0-06fb0a2759b0,blind,167,benign_mixed_unseen,unloaded,mixed,high,False,False,False,True,0.0
78de548c-168e-47a4-b0a0-06fb0a2759b0,blind,168,benign_mixed_unseen,unloaded,mixed,high,False,False,False,True,0.0
78de548c-168e-47a4-b0a0-06fb0a2759b0,blind,169,benign_mixed_unseen,unloaded,mixed,high,False,False,False,True,0.0
78de548c-168e-47a4-b0a0-06fb0a2759b0,blind,170,benign_mixed_unseen,unloaded,mixed,high,False,False,False,True,0.0
78de548c-168e-47a4-b0a0-06fb0a2759b0,blind,171,benign_mixed_unseen,unloaded,mixed,high,False,False,False,True,0.0
78de548c-168e-47a4-b0a0-06fb0a2759b0,blind,172,benign_mixed_unseen,unloaded,mixed,high,False,False,False,True,0.0
78de548c-168e-47a4-b0a0-06fb0a2759b0,blind,173,benign_mixed_unseen,unloaded,mixed,high,False,False,False,True,0.0
78de548c-168e-47a4-b0a0-06fb0a2759b0,blind,174,benign_mixed_unseen,unloaded,mixed,high,False,False,False,True,0.0
78de548c-168e-47a4-b0a0-06fb0a2759b0,blind,175,benign_mixed_unseen,unloaded,mixed,high,False,False,False,True,0.0
78de548c-168e-47a4-b0a0-06fb0a2759b0,blind,176,benign_mixed_unseen,unloaded,mixed,high,False,False,False,True,0.0
78de548c-168e-47a4-b0a0-06fb0a2759b0,blind,177,benign_mixed_unseen,unloaded,mixed,high,False,False,False,True,0.0
78de548c-168e-47a4-b0a0-06fb0a2759b0,blind,178,benign_mixed_unseen,unloaded,mixed,high,False,False,False,True,0.0
78de548c-168e-47a4-b0a0-06fb0a2759b0,blind,179,benign_mixed_unseen,unloaded,mixed,high,False,False,False,True,0.0
78de548c-168e-47a4-b0a0-06fb0a2759b0,blind,180,benign_mixed_unseen,unloaded,mixed,high,False,False,False,True,0.0
78de548c-168e-47a4-b0a0-06fb0a2759b0,blind,181,benign_mixed_unseen,unloaded,mixed,high,False,False,False,True,0.0
78de548c-168e-47a4-b0a0-06fb0a2759b0,blind,182,benign_mixed_unseen,unloaded,mixed,high,False,False,False,True,0.0
78de548c-168e-47a4-b0a0-06fb0a2759b0,blind,183,benign_mixed_unseen,unloaded,mixed,high,False,False,False,True,0.0
78de548c-168e-47a4-b0a0-06fb0a2759b0,blind,184,benign_mixed_unseen,unloaded,mixed,high,False,False,False,True,0.0
78de548c-168e-47a4-b0a0-06fb0a2759b0,blind,185,benign_mixed_unseen,unloaded,mixed,high,False,False,False,True,0.0
78de548c-168e-47a4-b0a0-06fb0a2759b0,blind,186,benign_mixed_unseen,unloaded,mixed,high,False,False,False,True,0.0
78de548c-168e-47a4-b0a0-06fb0a2759b0,blind,187,benign_mixed_unseen,unloaded,mixed,high,False,False,False,True,0.0
78de548c-168e-47a4-b0a0-06fb0a2759b0,blind,188,normal_recovery_1,unloaded,baseline,low,False,False,False,True,0.0
78de548c-168e-47a4-b0a0-06fb0a2759b0,blind,189,normal_recovery_1,unloaded,baseline,low,False,False,False,True,0.0
78de548c-168e-47a4-b0a0-06fb0a2759b0,blind,190,normal_recovery_1,unloaded,baseline,low,False,False,False,True,0.0
78de548c-168e-47a4-b0a0-06fb0a2759b0,blind,191,normal_recovery_1,unloaded,baseline,low,False,False,False,True,0.0
78de548c-168e-47a4-b0a0-06fb0a2759b0,blind,192,normal_recovery_1,unloaded,baseline,low,False,False,False,True,0.0
78de548c-168e-47a4-b0a0-06fb0a2759b0,blind,193,normal_recovery_1,unloaded,baseline,low,False,False,False,True,0.0
78de548c-168e-47a4-b0a0-06fb0a2759b0,blind,194,normal_recovery_1,unloaded,baseline,low,False,False,False,True,0.0
78de548c-168e-47a4-b0a0-06fb0a2759b0,blind,195,normal_recovery_1,unloaded,baseline,low,False,False,False,True,0.0
78de548c-168e-47a4-b0a0-06fb0a2759b0,blind,196,normal_recovery_1,unloaded,baseline,low,False,False,False,True,0.0
78de548c-168e-47a4-b0a0-06fb0a2759b0,blind,197,normal_recovery_1,unloaded,baseline,low,False,False,False,True,0.0
78de548c-168e-47a4-b0a0-06fb0a2759b0,blind,198,normal_recovery_1,unloaded,baseline,low,False,False,False,True,0.0
78de548c-168e-47a4-b0a0-06fb0a2759b0,blind,199,normal_recovery_1,unloaded,baseline,low,False,False,False,True,0.0
78de548c-168e-47a4-b0a0-06fb0a2759b0,blind,200,normal_recovery_1,unloaded,baseline,low,False,False,False,True,0.0
78de548c-168e-47a4-b0a0-06fb0a2759b0,blind,201,normal_recovery_1,unloaded,baseline,low,False,False,False,True,0.0
78de548c-168e-47a4-b0a0-06fb0a2759b0,blind,202,normal_recovery_1,unloaded,baseline,low,False,False,False,True,0.0
78de548c-168e-47a4-b0a0-06fb0a2759b0,blind,203,normal_recovery_1,unloaded,baseline,low,False,False,False,True,0.0
78de548c-168e-47a4-b0a0-06fb0a2759b0,blind,204,normal_recovery_1,unloaded,baseline,low,False,False,False,True,0.0
78de548c-168e-47a4-b0a0-06fb0a2759b0,blind,205,normal_recovery_1,unloaded,baseline,low,False,False,False,True,0.0
78de548c-168e-47a4-b0a0-06fb0a2759b0,blind,206,normal_recovery_1,unloaded,baseline,low,False,False,False,True,0.0
78de548c-168e-47a4-b0a0-06fb0a2759b0,blind,207,normal_recovery_1,unloaded,baseline,low,False,False,False,True,0.0
78de548c-168e-47a4-b0a0-06fb0a2759b0,blind,208,attack_baseline,hiding,baseline,low,True,True,True,True,0.05
78de548c-168e-47a4-b0a0-06fb0a2759b0,blind,209,attack_baseline,hiding,baseline,low,True,True,True,True,0.1
78de548c-168e-47a4-b0a0-06fb0a2759b0,blind,210,attack_baseline,hiding,baseline,low,True,True,True,True,0.15
78de548c-168e-47a4-b0a0-06fb0a2759b0,blind,211,attack_baseline,hiding,baseline,low,True,True,True,True,0.2
78de548c-168e-47a4-b0a0-06fb0a2759b0,blind,212,attack_baseline,hiding,baseline,low,True,True,True,True,0.25
78de548c-168e-47a4-b0a0-06fb0a2759b0,blind,213,attack_baseline,hiding,baseline,low,True,True,True,True,0.3
78de548c-168e-47a4-b0a0-06fb0a2759b0,blind,214,attack_baseline,hiding,baseline,low,True,True,True,True,0.35
78de548c-168e-47a4-b0a0-06fb0a2759b0,blind,215,attack_baseline,hiding,baseline,low,True,True,True,True,0.4
78de548c-168e-47a4-b0a0-06fb0a2759b0,blind,216,attack_baseline,hiding,baseline,low,True,False,False,True,0.45
78de548c-168e-47a4-b0a0-06fb0a2759b0,blind,217,attack_baseline,hiding,baseline,low,True,False,False,True,0.5
78de548c-168e-47a4-b0a0-06fb0a2759b0,blind,218,attack_baseline,hiding,baseline,low,True,False,False,True,0.55
78de548c-168e-47a4-b0a0-06fb0a2759b0,blind,219,attack_baseline,hiding,baseline,low,True,False,False,True,0.6
78de548c-168e-47a4-b0a0-06fb0a2759b0,blind,220,attack_baseline,hiding,baseline,low,True,False,False,True,0.65
78de548c-168e-47a4-b0a0-06fb0a2759b0,blind,221,attack_baseline,hiding,baseline,low,True,False,False,True,0.7
78de548c-168e-47a4-b0a0-06fb0a2759b0,blind,222,attack_baseline,hiding,baseline,low,True,False,False,True,0.75
78de548c-168e-47a4-b0a0-06fb0a2759b0,blind,223,attack_baseline,hiding,baseline,low,True,False,False,True,0.8
78de548c-168e-47a4-b0a0-06fb0a2759b0,blind,224,attack_baseline,hiding,baseline,low,True,False,False,True,0.85
78de548c-168e-47a4-b0a0-06fb0a2759b0,blind,225,attack_baseline,hiding,baseline,low,True,False,False,True,0.9
78de548c-168e-47a4-b0a0-06fb0a2759b0,blind,226,attack_baseline,hiding,baseline,low,True,False,False,True,0.95
78de548c-168e-47a4-b0a0-06fb0a2759b0,blind,227,attack_baseline,hiding,baseline,low,True,False,False,True,1.0
78de548c-168e-47a4-b0a0-06fb0a2759b0,blind,228,attack_baseline,hiding,baseline,low,True,False,False,True,1.0
78de548c-168e-47a4-b0a0-06fb0a2759b0,blind,229,attack_baseline,hiding,baseline,low,True,False,False,True,1.0
78de548c-168e-47a4-b0a0-06fb0a2759b0,blind,230,attack_baseline,hiding,baseline,low,True,True,True,True,1.0
78de548c-168e-47a4-b0a0-06fb0a2759b0,blind,231,attack_baseline,hiding,baseline,low,True,False,False,True,1.0
78de548c-168e-47a4-b0a0-06fb0a2759b0,blind,232,attack_baseline,hiding,baseline,low,True,False,False,True,1.0
78de548c-168e-47a4-b0a0-06fb0a2759b0,blind,233,attack_baseline,hiding,baseline,low,True,False,False,True,1.0
78de548c-168e-47a4-b0a0-06fb0a2759b0,blind,234,attack_baseline,hiding,baseline,low,True,False,False,True,1.0
78de548c-168e-47a4-b0a0-06fb0a2759b0,blind,235,attack_baseline,hiding,baseline,low,True,True,True,True,1.0
78de548c-168e-47a4-b0a0-06fb0a2759b0,blind,236,attack_baseline,hiding,baseline,low,True,False,False,True,1.0
78de548c-168e-47a4-b0a0-06fb0a2759b0,blind,237,attack_baseline,hiding,baseline,low,True,False,False,True,1.0
78de548c-168e-47a4-b0a0-06fb0a2759b0,blind,238,attack_baseline,hiding,baseline,low,True,False,False,True,1.0
78de548c-168e-47a4-b0a0-06fb0a2759b0,blind,239,attack_baseline,hiding,baseline,low,True,True,True,True,1.0
78de548c-168e-47a4-b0a0-06fb0a2759b0,blind,240,attack_baseline,hiding,baseline,low,True,False,False,True,1.0
78de548c-168e-47a4-b0a0-06fb0a2759b0,blind,241,attack_baseline,hiding,baseline,low,True,False,False,True,1.0
78de548c-168e-47a4-b0a0-06fb0a2759b0,blind,242,attack_baseline,hiding,baseline,low,True,False,False,True,1.0
78de548c-168e-47a4-b0a0-06fb0a2759b0,blind,243,attack_baseline,hiding,baseline,low,True,False,False,True,1.0
78de548c-168e-47a4-b0a0-06fb0a2759b0,blind,244,attack_baseline,hiding,baseline,low,True,False,False,True,1.0
78de548c-168e-47a4-b0a0-06fb0a2759b0,blind,245,attack_baseline,hiding,baseline,low,True,False,False,True,1.0
78de548c-168e-47a4-b0a0-06fb0a2759b0,blind,246,attack_baseline,hiding,baseline,low,True,False,False,True,1.0
78de548c-168e-47a4-b0a0-06fb0a2759b0,blind,247,attack_baseline,hiding,baseline,low,True,False,False,True,1.0
78de548c-168e-47a4-b0a0-06fb0a2759b0,blind,248,attack_cpu,hiding,cpu,high,True,False,False,True,1.0
78de548c-168e-47a4-b0a0-06fb0a2759b0,blind,249,attack_cpu,hiding,cpu,high,True,True,True,True,1.0
78de548c-168e-47a4-b0a0-06fb0a2759b0,blind,250,attack_cpu,hiding,cpu,high,True,True,True,True,1.0
78de548c-168e-47a4-b0a0-06fb0a2759b0,blind,251,attack_cpu,hiding,cpu,high,True,False,False,True,1.0
78de548c-168e-47a4-b0a0-06fb0a2759b0,blind,252,attack_cpu,hiding,cpu,high,True,True,True,True,1.0
78de548c-168e-47a4-b0a0-06fb0a2759b0,blind,253,attack_cpu,hiding,cpu,high,True,True,True,True,1.0
78de548c-168e-47a4-b0a0-06fb0a2759b0,blind,254,attack_cpu,hiding,cpu,high,True,False,False,True,1.0
78de548c-168e-47a4-b0a0-06fb0a2759b0,blind,255,attack_cpu,hiding,cpu,high,True,False,False,True,1.0
78de548c-168e-47a4-b0a0-06fb0a2759b0,blind,256,attack_cpu,hiding,cpu,high,True,False,False,True,1.0
78de548c-168e-47a4-b0a0-06fb0a2759b0,blind,257,attack_cpu,hiding,cpu,high,True,False,False,True,1.0
78de548c-168e-47a4-b0a0-06fb0a2759b0,blind,258,attack_cpu,hiding,cpu,high,True,False,False,True,1.0
78de548c-168e-47a4-b0a0-06fb0a2759b0,blind,259,attack_cpu,hiding,cpu,high,True,False,False,True,1.0
78de548c-168e-47a4-b0a0-06fb0a2759b0,blind,260,attack_cpu,hiding,cpu,high,True,False,False,True,1.0
78de548c-168e-47a4-b0a0-06fb0a2759b0,blind,261,attack_cpu,hiding,cpu,high,True,False,False,True,1.0
78de548c-168e-47a4-b0a0-06fb0a2759b0,blind,262,attack_cpu,hiding,cpu,high,True,False,False,True,1.0
78de548c-168e-47a4-b0a0-06fb0a2759b0,blind,263,attack_cpu,hiding,cpu,high,True,False,False,True,1.0
78de548c-168e-47a4-b0a0-06fb0a2759b0,blind,264,attack_cpu,hiding,cpu,high,True,False,False,True,1.0
78de548c-168e-47a4-b0a0-06fb0a2759b0,blind,265,attack_cpu,hiding,cpu,high,True,False,False,True,1.0
78de548c-168e-47a4-b0a0-06fb0a2759b0,blind,266,attack_cpu,hiding,cpu,high,True,False,False,True,1.0
78de548c-168e-47a4-b0a0-06fb0a2759b0,blind,267,attack_cpu,hiding,cpu,high,True,False,False,True,1.0
78de548c-168e-47a4-b0a0-06fb0a2759b0,blind,268,attack_cpu,hiding,cpu,high,True,False,False,True,1.0
78de548c-168e-47a4-b0a0-06fb0a2759b0,blind,269,attack_cpu,hiding,cpu,high,True,False,False,True,1.0
78de548c-168e-47a4-b0a0-06fb0a2759b0,blind,270,attack_cpu,hiding,cpu,high,True,False,False,True,1.0
78de548c-168e-47a4-b0a0-06fb0a2759b0,blind,271,attack_cpu,hiding,cpu,high,True,False,False,True,1.0
78de548c-168e-47a4-b0a0-06fb0a2759b0,blind,272,attack_cpu,hiding,cpu,high,True,False,False,True,1.0
78de548c-168e-47a4-b0a0-06fb0a2759b0,blind,273,attack_cpu,hiding,cpu,high,True,False,False,True,1.0
78de548c-168e-47a4-b0a0-06fb0a2759b0,blind,274,attack_cpu,hiding,cpu,high,True,False,False,True,1.0
78de548c-168e-47a4-b0a0-06fb0a2759b0,blind,275,attack_cpu,hiding,cpu,high,True,False,False,True,1.0
78de548c-168e-47a4-b0a0-06fb0a2759b0,blind,276,attack_cpu,hiding,cpu,high,True,False,False,True,1.0
78de548c-168e-47a4-b0a0-06fb0a2759b0,blind,277,attack_cpu,hiding,cpu,high,True,False,False,True,1.0
78de548c-168e-47a4-b0a0-06fb0a2759b0,blind,278,attack_cpu,hiding,cpu,high,True,False,False,True,1.0
78de548c-168e-47a4-b0a0-06fb0a2759b0,blind,279,attack_cpu,hiding,cpu,high,True,False,False,True,1.0
78de548c-168e-47a4-b0a0-06fb0a2759b0,blind,280,attack_cpu,hiding,cpu,high,True,False,False,True,1.0
78de548c-168e-47a4-b0a0-06fb0a2759b0,blind,281,attack_cpu,hiding,cpu,high,True,False,False,True,1.0
78de548c-168e-47a4-b0a0-06fb0a2759b0,blind,282,attack_cpu,hiding,cpu,high,True,False,False,True,1.0
78de548c-168e-47a4-b0a0-06fb0a2759b0,blind,283,attack_cpu,hiding,cpu,high,True,False,False,True,1.0
78de548c-168e-47a4-b0a0-06fb0a2759b0,blind,284,attack_cpu,hiding,cpu,high,True,False,False,True,1.0
78de548c-168e-47a4-b0a0-06fb0a2759b0,blind,285,attack_cpu,hiding,cpu,high,True,False,False,True,1.0
78de548c-168e-47a4-b0a0-06fb0a2759b0,blind,286,attack_cpu,hiding,cpu,high,True,False,False,True,1.0
78de548c-168e-47a4-b0a0-06fb0a2759b0,blind,287,attack_cpu,hiding,cpu,high,True,False,False,True,1.0
78de548c-168e-47a4-b0a0-06fb0a2759b0,blind,288,attack_memory_unseen,hiding,memory,low,True,False,False,True,1.0
78de548c-168e-47a4-b0a0-06fb0a2759b0,blind,289,attack_memory_unseen,hiding,memory,low,True,False,False,True,1.0
78de548c-168e-47a4-b0a0-06fb0a2759b0,blind,290,attack_memory_unseen,hiding,memory,low,True,False,False,True,1.0
78de548c-168e-47a4-b0a0-06fb0a2759b0,blind,291,attack_memory_unseen,hiding,memory,low,True,False,False,True,1.0
78de548c-168e-47a4-b0a0-06fb0a2759b0,blind,292,attack_memory_unseen,hiding,memory,low,True,False,False,True,1.0
78de548c-168e-47a4-b0a0-06fb0a2759b0,blind,293,attack_memory_unseen,hiding,memory,low,True,False,False,True,1.0
78de548c-168e-47a4-b0a0-06fb0a2759b0,blind,294,attack_memory_unseen,hiding,memory,low,True,False,False,True,1.0
78de548c-168e-47a4-b0a0-06fb0a2759b0,blind,295,attack_memory_unseen,hiding,memory,low,True,False,False,True,1.0
78de548c-168e-47a4-b0a0-06fb0a2759b0,blind,296,attack_memory_unseen,hiding,memory,low,True,False,False,True,1.0
78de548c-168e-47a4-b0a0-06fb0a2759b0,blind,297,attack_memory_unseen,hiding,memory,low,True,False,False,True,1.0
78de548c-168e-47a4-b0a0-06fb0a2759b0,blind,298,attack_memory_unseen,hiding,memory,low,True,False,False,True,1.0
78de548c-168e-47a4-b0a0-06fb0a2759b0,blind,299,attack_memory_unseen,hiding,memory,low,True,False,False,True,1.0
78de548c-168e-47a4-b0a0-06fb0a2759b0,blind,300,attack_memory_unseen,hiding,memory,low,True,False,False,True,1.0
78de548c-168e-47a4-b0a0-06fb0a2759b0,blind,301,attack_memory_unseen,hiding,memory,low,True,False,False,True,1.0
78de548c-168e-47a4-b0a0-06fb0a2759b0,blind,302,attack_memory_unseen,hiding,memory,low,True,False,False,True,1.0
78de548c-168e-47a4-b0a0-06fb0a2759b0,blind,303,attack_memory_unseen,hiding,memory,low,True,False,False,True,1.0
78de548c-168e-47a4-b0a0-06fb0a2759b0,blind,304,attack_memory_unseen,hiding,memory,low,True,False,False,True,1.0
78de548c-168e-47a4-b0a0-06fb0a2759b0,blind,305,attack_memory_unseen,hiding,memory,low,True,False,False,True,1.0
78de548c-168e-47a4-b0a0-06fb0a2759b0,blind,306,attack_memory_unseen,hiding,memory,low,True,False,False,True,1.0
78de548c-168e-47a4-b0a0-06fb0a2759b0,blind,307,attack_memory_unseen,hiding,memory,low,True,False,False,True,1.0
78de548c-168e-47a4-b0a0-06fb0a2759b0,blind,308,attack_memory_unseen,hiding,memory,low,True,False,False,True,1.0
78de548c-168e-47a4-b0a0-06fb0a2759b0,blind,309,attack_memory_unseen,hiding,memory,low,True,False,False,True,1.0
78de548c-168e-47a4-b0a0-06fb0a2759b0,blind,310,attack_memory_unseen,hiding,memory,low,True,False,False,True,1.0
78de548c-168e-47a4-b0a0-06fb0a2759b0,blind,311,attack_memory_unseen,hiding,memory,low,True,False,False,True,1.0
78de548c-168e-47a4-b0a0-06fb0a2759b0,blind,312,attack_memory_unseen,hiding,memory,low,True,False,False,True,1.0
78de548c-168e-47a4-b0a0-06fb0a2759b0,blind,313,attack_memory_unseen,hiding,memory,low,True,False,False,True,1.0
78de548c-168e-47a4-b0a0-06fb0a2759b0,blind,314,attack_memory_unseen,hiding,memory,low,True,False,False,True,1.0
78de548c-168e-47a4-b0a0-06fb0a2759b0,blind,315,attack_memory_unseen,hiding,memory,low,True,False,False,True,1.0
78de548c-168e-47a4-b0a0-06fb0a2759b0,blind,316,attack_memory_unseen,hiding,memory,low,True,False,False,True,1.0
78de548c-168e-47a4-b0a0-06fb0a2759b0,blind,317,attack_memory_unseen,hiding,memory,low,True,False,False,True,1.0
78de548c-168e-47a4-b0a0-06fb0a2759b0,blind,318,attack_memory_unseen,hiding,memory,low,True,False,False,True,1.0
78de548c-168e-47a4-b0a0-06fb0a2759b0,blind,319,attack_memory_unseen,hiding,memory,low,True,False,False,True,1.0
78de548c-168e-47a4-b0a0-06fb0a2759b0,blind,320,attack_memory_unseen,hiding,memory,low,True,False,False,True,1.0
78de548c-168e-47a4-b0a0-06fb0a2759b0,blind,321,attack_memory_unseen,hiding,memory,low,True,False,False,True,1.0
78de548c-168e-47a4-b0a0-06fb0a2759b0,blind,322,attack_memory_unseen,hiding,memory,low,True,False,False,True,1.0
78de548c-168e-47a4-b0a0-06fb0a2759b0,blind,323,attack_memory_unseen,hiding,memory,low,True,False,False,True,1.0
78de548c-168e-47a4-b0a0-06fb0a2759b0,blind,324,attack_memory_unseen,hiding,memory,low,True,False,False,True,1.0
78de548c-168e-47a4-b0a0-06fb0a2759b0,blind,325,attack_memory_unseen,hiding,memory,low,True,False,False,True,1.0
78de548c-168e-47a4-b0a0-06fb0a2759b0,blind,326,attack_memory_unseen,hiding,memory,low,True,False,False,True,1.0
78de548c-168e-47a4-b0a0-06fb0a2759b0,blind,327,attack_memory_unseen,hiding,memory,low,True,False,False,True,1.0
78de548c-168e-47a4-b0a0-06fb0a2759b0,blind,328,attack_mixed_unseen,hiding,mixed,high,True,False,False,True,1.0
78de548c-168e-47a4-b0a0-06fb0a2759b0,blind,329,attack_mixed_unseen,hiding,mixed,high,True,False,False,True,1.0
78de548c-168e-47a4-b0a0-06fb0a2759b0,blind,330,attack_mixed_unseen,hiding,mixed,high,True,False,False,True,1.0
78de548c-168e-47a4-b0a0-06fb0a2759b0,blind,331,attack_mixed_unseen,hiding,mixed,high,True,False,False,True,1.0
78de548c-168e-47a4-b0a0-06fb0a2759b0,blind,332,attack_mixed_unseen,hiding,mixed,high,True,False,False,True,1.0
78de548c-168e-47a4-b0a0-06fb0a2759b0,blind,333,attack_mixed_unseen,hiding,mixed,high,True,False,False,True,1.0
78de548c-168e-47a4-b0a0-06fb0a2759b0,blind,334,attack_mixed_unseen,hiding,mixed,high,True,False,False,True,1.0
78de548c-168e-47a4-b0a0-06fb0a2759b0,blind,335,attack_mixed_unseen,hiding,mixed,high,True,False,False,True,1.0
78de548c-168e-47a4-b0a0-06fb0a2759b0,blind,336,attack_mixed_unseen,hiding,mixed,high,True,False,False,True,1.0
78de548c-168e-47a4-b0a0-06fb0a2759b0,blind,337,attack_mixed_unseen,hiding,mixed,high,True,False,False,True,1.0
78de548c-168e-47a4-b0a0-06fb0a2759b0,blind,338,attack_mixed_unseen,hiding,mixed,high,True,False,False,True,1.0
78de548c-168e-47a4-b0a0-06fb0a2759b0,blind,339,attack_mixed_unseen,hiding,mixed,high,True,False,False,True,1.0
78de548c-168e-47a4-b0a0-06fb0a2759b0,blind,340,attack_mixed_unseen,hiding,mixed,high,True,False,False,True,1.0
78de548c-168e-47a4-b0a0-06fb0a2759b0,blind,341,attack_mixed_unseen,hiding,mixed,high,True,False,False,True,1.0
78de548c-168e-47a4-b0a0-06fb0a2759b0,blind,342,attack_mixed_unseen,hiding,mixed,high,True,False,False,True,1.0
78de548c-168e-47a4-b0a0-06fb0a2759b0,blind,343,attack_mixed_unseen,hiding,mixed,high,True,False,False,True,1.0
78de548c-168e-47a4-b0a0-06fb0a2759b0,blind,344,attack_mixed_unseen,hiding,mixed,high,True,False,False,True,1.0
78de548c-168e-47a4-b0a0-06fb0a2759b0,blind,345,attack_mixed_unseen,hiding,mixed,high,True,False,False,True,1.0
78de548c-168e-47a4-b0a0-06fb0a2759b0,blind,346,attack_mixed_unseen,hiding,mixed,high,True,False,False,True,1.0
78de548c-168e-47a4-b0a0-06fb0a2759b0,blind,347,attack_mixed_unseen,hiding,mixed,high,True,False,False,True,1.0
78de548c-168e-47a4-b0a0-06fb0a2759b0,blind,348,attack_mixed_unseen,hiding,mixed,high,True,False,False,True,1.0
78de548c-168e-47a4-b0a0-06fb0a2759b0,blind,349,attack_mixed_unseen,hiding,mixed,high,True,False,False,True,1.0
78de548c-168e-47a4-b0a0-06fb0a2759b0,blind,350,attack_mixed_unseen,hiding,mixed,high,True,False,False,True,1.0
78de548c-168e-47a4-b0a0-06fb0a2759b0,blind,351,attack_mixed_unseen,hiding,mixed,high,True,False,False,True,1.0
78de548c-168e-47a4-b0a0-06fb0a2759b0,blind,352,attack_mixed_unseen,hiding,mixed,high,True,False,False,True,1.0
78de548c-168e-47a4-b0a0-06fb0a2759b0,blind,353,attack_mixed_unseen,hiding,mixed,high,True,False,False,True,1.0
78de548c-168e-47a4-b0a0-06fb0a2759b0,blind,354,attack_mixed_unseen,hiding,mixed,high,True,False,False,True,1.0
78de548c-168e-47a4-b0a0-06fb0a2759b0,blind,355,attack_mixed_unseen,hiding,mixed,high,True,False,False,True,1.0
78de548c-168e-47a4-b0a0-06fb0a2759b0,blind,356,attack_mixed_unseen,hiding,mixed,high,True,False,False,True,1.0
78de548c-168e-47a4-b0a0-06fb0a2759b0,blind,357,attack_mixed_unseen,hiding,mixed,high,True,False,False,True,1.0
78de548c-168e-47a4-b0a0-06fb0a2759b0,blind,358,attack_mixed_unseen,hiding,mixed,high,True,False,False,True,1.0
78de548c-168e-47a4-b0a0-06fb0a2759b0,blind,359,attack_mixed_unseen,hiding,mixed,high,True,False,False,True,1.0
78de548c-168e-47a4-b0a0-06fb0a2759b0,blind,360,attack_mixed_unseen,hiding,mixed,high,True,False,False,True,1.0
78de548c-168e-47a4-b0a0-06fb0a2759b0,blind,361,attack_mixed_unseen,hiding,mixed,high,True,False,False,True,1.0
78de548c-168e-47a4-b0a0-06fb0a2759b0,blind,362,attack_mixed_unseen,hiding,mixed,high,True,False,False,True,1.0
78de548c-168e-47a4-b0a0-06fb0a2759b0,blind,363,attack_mixed_unseen,hiding,mixed,high,True,False,False,True,1.0
78de548c-168e-47a4-b0a0-06fb0a2759b0,blind,364,attack_mixed_unseen,hiding,mixed,high,True,False,False,True,1.0
78de548c-168e-47a4-b0a0-06fb0a2759b0,blind,365,attack_mixed_unseen,hiding,mixed,high,True,False,False,True,1.0
78de548c-168e-47a4-b0a0-06fb0a2759b0,blind,366,attack_mixed_unseen,hiding,mixed,high,True,False,False,True,1.0
78de548c-168e-47a4-b0a0-06fb0a2759b0,blind,367,attack_mixed_unseen,hiding,mixed,high,True,False,False,True,1.0
78de548c-168e-47a4-b0a0-06fb0a2759b0,blind,368,normal_recovery_2,unloaded,baseline,low,False,False,False,True,0.95
78de548c-168e-47a4-b0a0-06fb0a2759b0,blind,369,normal_recovery_2,unloaded,baseline,low,False,False,False,True,0.9
78de548c-168e-47a4-b0a0-06fb0a2759b0,blind,370,normal_recovery_2,unloaded,baseline,low,False,False,False,True,0.85
78de548c-168e-47a4-b0a0-06fb0a2759b0,blind,371,normal_recovery_2,unloaded,baseline,low,False,False,False,True,0.8
78de548c-168e-47a4-b0a0-06fb0a2759b0,blind,372,normal_recovery_2,unloaded,baseline,low,False,False,False,True,0.75
78de548c-168e-47a4-b0a0-06fb0a2759b0,blind,373,normal_recovery_2,unloaded,baseline,low,False,False,False,True,0.7
78de548c-168e-47a4-b0a0-06fb0a2759b0,blind,374,normal_recovery_2,unloaded,baseline,low,False,False,False,True,0.65
78de548c-168e-47a4-b0a0-06fb0a2759b0,blind,375,normal_recovery_2,unloaded,baseline,low,False,False,False,True,0.6
78de548c-168e-47a4-b0a0-06fb0a2759b0,blind,376,normal_recovery_2,unloaded,baseline,low,False,False,False,True,0.55
78de548c-168e-47a4-b0a0-06fb0a2759b0,blind,377,normal_recovery_2,unloaded,baseline,low,False,False,False,True,0.5
78de548c-168e-47a4-b0a0-06fb0a2759b0,blind,378,normal_recovery_2,unloaded,baseline,low,False,False,False,True,0.45
78de548c-168e-47a4-b0a0-06fb0a2759b0,blind,379,normal_recovery_2,unloaded,baseline,low,False,False,False,True,0.4
78de548c-168e-47a4-b0a0-06fb0a2759b0,blind,380,normal_recovery_2,unloaded,baseline,low,False,False,False,True,0.35
78de548c-168e-47a4-b0a0-06fb0a2759b0,blind,381,normal_recovery_2,unloaded,baseline,low,False,False,False,True,0.3
78de548c-168e-47a4-b0a0-06fb0a2759b0,blind,382,normal_recovery_2,unloaded,baseline,low,False,False,False,True,0.25
78de548c-168e-47a4-b0a0-06fb0a2759b0,blind,383,normal_recovery_2,unloaded,baseline,low,False,False,False,True,0.2
78de548c-168e-47a4-b0a0-06fb0a2759b0,blind,384,normal_recovery_2,unloaded,baseline,low,False,False,False,True,0.15
78de548c-168e-47a4-b0a0-06fb0a2759b0,blind,385,normal_recovery_2,unloaded,baseline,low,False,False,False,True,0.1
78de548c-168e-47a4-b0a0-06fb0a2759b0,blind,386,normal_recovery_2,unloaded,baseline,low,False,False,False,True,0.05
78de548c-168e-47a4-b0a0-06fb0a2759b0,blind,387,normal_recovery_2,unloaded,baseline,low,False,False,False,True,0.0
78de548c-168e-47a4-b0a0-06fb0a2759b0,blind,388,sham_negative_baseline,sham,baseline,low,False,True,True,True,0.0
78de548c-168e-47a4-b0a0-06fb0a2759b0,blind,389,sham_negative_baseline,sham,baseline,low,False,True,True,True,0.0
78de548c-168e-47a4-b0a0-06fb0a2759b0,blind,390,sham_negative_baseline,sham,baseline,low,False,False,False,True,0.0
78de548c-168e-47a4-b0a0-06fb0a2759b0,blind,391,sham_negative_baseline,sham,baseline,low,True,True,True,True,0.0
78de548c-168e-47a4-b0a0-06fb0a2759b0,blind,392,sham_negative_baseline,sham,baseline,low,False,False,False,True,0.0
78de548c-168e-47a4-b0a0-06fb0a2759b0,blind,393,sham_negative_baseline,sham,baseline,low,False,False,False,True,0.0
78de548c-168e-47a4-b0a0-06fb0a2759b0,blind,394,sham_negative_baseline,sham,baseline,low,False,False,False,True,0.0
78de548c-168e-47a4-b0a0-06fb0a2759b0,blind,395,sham_negative_baseline,sham,baseline,low,False,False,False,True,0.0
78de548c-168e-47a4-b0a0-06fb0a2759b0,blind,396,sham_negative_baseline,sham,baseline,low,False,False,False,True,0.0
78de548c-168e-47a4-b0a0-06fb0a2759b0,blind,397,sham_negative_baseline,sham,baseline,low,False,False,False,True,0.0
78de548c-168e-47a4-b0a0-06fb0a2759b0,blind,398,sham_negative_cpu,sham,cpu,high,False,True,True,True,0.0
78de548c-168e-47a4-b0a0-06fb0a2759b0,blind,399,sham_negative_cpu,sham,cpu,high,False,True,True,True,0.0
78de548c-168e-47a4-b0a0-06fb0a2759b0,blind,400,sham_negative_cpu,sham,cpu,high,False,True,True,True,0.0
78de548c-168e-47a4-b0a0-06fb0a2759b0,blind,401,sham_negative_cpu,sham,cpu,high,False,True,True,True,0.0
78de548c-168e-47a4-b0a0-06fb0a2759b0,blind,402,sham_negative_cpu,sham,cpu,high,False,False,False,True,0.0
78de548c-168e-47a4-b0a0-06fb0a2759b0,blind,403,sham_negative_cpu,sham,cpu,high,False,True,True,True,0.0
78de548c-168e-47a4-b0a0-06fb0a2759b0,blind,404,sham_negative_cpu,sham,cpu,high,False,False,False,True,0.0
78de548c-168e-47a4-b0a0-06fb0a2759b0,blind,405,sham_negative_cpu,sham,cpu,high,False,True,True,True,0.0
78de548c-168e-47a4-b0a0-06fb0a2759b0,blind,406,sham_negative_cpu,sham,cpu,high,False,False,False,True,0.0
78de548c-168e-47a4-b0a0-06fb0a2759b0,blind,407,sham_negative_cpu,sham,cpu,high,False,False,False,True,0.0
78de548c-168e-47a4-b0a0-06fb0a2759b0,guarded,48,normal_pre,unloaded,baseline,low,False,False,False,True,0.0
78de548c-168e-47a4-b0a0-06fb0a2759b0,guarded,49,normal_pre,unloaded,baseline,low,False,False,False,True,0.0
78de548c-168e-47a4-b0a0-06fb0a2759b0,guarded,50,normal_pre,unloaded,baseline,low,False,True,True,True,0.0
78de548c-168e-47a4-b0a0-06fb0a2759b0,guarded,51,normal_pre,unloaded,baseline,low,False,True,True,True,0.0
78de548c-168e-47a4-b0a0-06fb0a2759b0,guarded,52,normal_pre,unloaded,baseline,low,False,False,False,True,0.0
78de548c-168e-47a4-b0a0-06fb0a2759b0,guarded,53,normal_pre,unloaded,baseline,low,False,False,False,True,0.0
78de548c-168e-47a4-b0a0-06fb0a2759b0,guarded,54,normal_pre,unloaded,baseline,low,False,False,False,True,0.0
78de548c-168e-47a4-b0a0-06fb0a2759b0,guarded,55,normal_pre,unloaded,baseline,low,False,False,False,True,0.0
78de548c-168e-47a4-b0a0-06fb0a2759b0,guarded,56,normal_pre,unloaded,baseline,low,False,False,False,True,0.0
78de548c-168e-47a4-b0a0-06fb0a2759b0,guarded,57,normal_pre,unloaded,baseline,low,False,False,False,True,0.0
78de548c-168e-47a4-b0a0-06fb0a2759b0,guarded,58,normal_pre,unloaded,baseline,low,False,False,False,True,0.0
78de548c-168e-47a4-b0a0-06fb0a2759b0,guarded,59,normal_pre,unloaded,baseline,low,False,False,False,True,0.0
78de548c-168e-47a4-b0a0-06fb0a2759b0,guarded,60,normal_pre,unloaded,baseline,low,False,False,False,True,0.0
78de548c-168e-47a4-b0a0-06fb0a2759b0,guarded,61,normal_pre,unloaded,baseline,low,False,False,False,True,0.0
78de548c-168e-47a4-b0a0-06fb0a2759b0,guarded,62,normal_pre,unloaded,baseline,low,False,False,False,True,0.0
78de548c-168e-47a4-b0a0-06fb0a2759b0,guarded,63,normal_pre,unloaded,baseline,low,False,False,False,True,0.0
78de548c-168e-47a4-b0a0-06fb0a2759b0,guarded,64,normal_pre,unloaded,baseline,low,False,False,False,True,0.0
78de548c-168e-47a4-b0a0-06fb0a2759b0,guarded,65,normal_pre,unloaded,baseline,low,False,False,False,True,0.0
78de548c-168e-47a4-b0a0-06fb0a2759b0,guarded,66,normal_pre,unloaded,baseline,low,False,False,False,True,0.0
78de548c-168e-47a4-b0a0-06fb0a2759b0,guarded,67,normal_pre,unloaded,baseline,low,False,False,False,True,0.0
78de548c-168e-47a4-b0a0-06fb0a2759b0,guarded,68,benign_cpu_unseen,unloaded,cpu,high,False,True,True,True,0.0
78de548c-168e-47a4-b0a0-06fb0a2759b0,guarded,69,benign_cpu_unseen,unloaded,cpu,high,False,True,True,True,0.0
78de548c-168e-47a4-b0a0-06fb0a2759b0,guarded,70,benign_cpu_unseen,unloaded,cpu,high,False,True,True,True,0.0
78de548c-168e-47a4-b0a0-06fb0a2759b0,guarded,71,benign_cpu_unseen,unloaded,cpu,high,False,True,True,True,0.0
78de548c-168e-47a4-b0a0-06fb0a2759b0,guarded,72,benign_cpu_unseen,unloaded,cpu,high,False,True,True,True,0.0
78de548c-168e-47a4-b0a0-06fb0a2759b0,guarded,73,benign_cpu_unseen,unloaded,cpu,high,False,True,True,True,0.0
78de548c-168e-47a4-b0a0-06fb0a2759b0,guarded,74,benign_cpu_unseen,unloaded,cpu,high,False,True,True,True,0.0
78de548c-168e-47a4-b0a0-06fb0a2759b0,guarded,75,benign_cpu_unseen,unloaded,cpu,high,False,True,True,True,0.0
78de548c-168e-47a4-b0a0-06fb0a2759b0,guarded,76,benign_cpu_unseen,unloaded,cpu,high,False,True,True,True,0.0
78de548c-168e-47a4-b0a0-06fb0a2759b0,guarded,77,benign_cpu_unseen,unloaded,cpu,high,False,True,True,True,0.0
78de548c-168e-47a4-b0a0-06fb0a2759b0,guarded,78,benign_cpu_unseen,unloaded,cpu,high,False,False,False,True,0.0
78de548c-168e-47a4-b0a0-06fb0a2759b0,guarded,79,benign_cpu_unseen,unloaded,cpu,high,False,False,False,True,0.0
78de548c-168e-47a4-b0a0-06fb0a2759b0,guarded,80,benign_cpu_unseen,unloaded,cpu,high,False,False,False,True,0.0
78de548c-168e-47a4-b0a0-06fb0a2759b0,guarded,81,benign_cpu_unseen,unloaded,cpu,high,False,False,False,True,0.0
78de548c-168e-47a4-b0a0-06fb0a2759b0,guarded,82,benign_cpu_unseen,unloaded,cpu,high,False,False,False,True,0.0
78de548c-168e-47a4-b0a0-06fb0a2759b0,guarded,83,benign_cpu_unseen,unloaded,cpu,high,False,False,False,True,0.0
78de548c-168e-47a4-b0a0-06fb0a2759b0,guarded,84,benign_cpu_unseen,unloaded,cpu,high,False,False,False,True,0.0
78de548c-168e-47a4-b0a0-06fb0a2759b0,guarded,85,benign_cpu_unseen,unloaded,cpu,high,False,False,False,True,0.0
78de548c-168e-47a4-b0a0-06fb0a2759b0,guarded,86,benign_cpu_unseen,unloaded,cpu,high,False,False,False,True,0.0
78de548c-168e-47a4-b0a0-06fb0a2759b0,guarded,87,benign_cpu_unseen,unloaded,cpu,high,False,False,False,True,0.0
78de548c-168e-47a4-b0a0-06fb0a2759b0,guarded,88,benign_cpu_unseen,unloaded,cpu,high,False,False,False,True,0.0
78de548c-168e-47a4-b0a0-06fb0a2759b0,guarded,89,benign_cpu_unseen,unloaded,cpu,high,False,False,False,True,0.0
78de548c-168e-47a4-b0a0-06fb0a2759b0,guarded,90,benign_cpu_unseen,unloaded,cpu,high,False,False,False,True,0.0
78de548c-168e-47a4-b0a0-06fb0a2759b0,guarded,91,benign_cpu_unseen,unloaded,cpu,high,False,False,False,True,0.0
78de548c-168e-47a4-b0a0-06fb0a2759b0,guarded,92,benign_cpu_unseen,unloaded,cpu,high,False,False,False,True,0.0
78de548c-168e-47a4-b0a0-06fb0a2759b0,guarded,93,benign_cpu_unseen,unloaded,cpu,high,False,False,False,True,0.0
78de548c-168e-47a4-b0a0-06fb0a2759b0,guarded,94,benign_cpu_unseen,unloaded,cpu,high,False,False,False,True,0.0
78de548c-168e-47a4-b0a0-06fb0a2759b0,guarded,95,benign_cpu_unseen,unloaded,cpu,high,False,False,False,True,0.0
78de548c-168e-47a4-b0a0-06fb0a2759b0,guarded,96,benign_cpu_unseen,unloaded,cpu,high,False,False,False,True,0.0
78de548c-168e-47a4-b0a0-06fb0a2759b0,guarded,97,benign_cpu_unseen,unloaded,cpu,high,False,False,False,True,0.0
78de548c-168e-47a4-b0a0-06fb0a2759b0,guarded,98,benign_cpu_unseen,unloaded,cpu,high,False,False,False,True,0.0
78de548c-168e-47a4-b0a0-06fb0a2759b0,guarded,99,benign_cpu_unseen,unloaded,cpu,high,False,False,False,True,0.0
78de548c-168e-47a4-b0a0-06fb0a2759b0,guarded,100,benign_cpu_unseen,unloaded,cpu,high,False,False,False,True,0.0
78de548c-168e-47a4-b0a0-06fb0a2759b0,guarded,101,benign_cpu_unseen,unloaded,cpu,high,False,False,False,True,0.0
78de548c-168e-47a4-b0a0-06fb0a2759b0,guarded,102,benign_cpu_unseen,unloaded,cpu,high,False,False,False,True,0.0
78de548c-168e-47a4-b0a0-06fb0a2759b0,guarded,103,benign_cpu_unseen,unloaded,cpu,high,False,False,False,True,0.0
78de548c-168e-47a4-b0a0-06fb0a2759b0,guarded,104,benign_cpu_unseen,unloaded,cpu,high,False,False,False,True,0.0
78de548c-168e-47a4-b0a0-06fb0a2759b0,guarded,105,benign_cpu_unseen,unloaded,cpu,high,False,False,False,True,0.0
78de548c-168e-47a4-b0a0-06fb0a2759b0,guarded,106,benign_cpu_unseen,unloaded,cpu,high,False,False,False,True,0.0
78de548c-168e-47a4-b0a0-06fb0a2759b0,guarded,107,benign_cpu_unseen,unloaded,cpu,high,False,False,False,True,0.0
78de548c-168e-47a4-b0a0-06fb0a2759b0,guarded,108,benign_memory_unseen,unloaded,memory,low,False,False,False,True,0.0
78de548c-168e-47a4-b0a0-06fb0a2759b0,guarded,109,benign_memory_unseen,unloaded,memory,low,False,False,False,True,0.0
78de548c-168e-47a4-b0a0-06fb0a2759b0,guarded,110,benign_memory_unseen,unloaded,memory,low,False,False,False,True,0.0
78de548c-168e-47a4-b0a0-06fb0a2759b0,guarded,111,benign_memory_unseen,unloaded,memory,low,False,False,False,True,0.0
78de548c-168e-47a4-b0a0-06fb0a2759b0,guarded,112,benign_memory_unseen,unloaded,memory,low,False,False,False,True,0.0
78de548c-168e-47a4-b0a0-06fb0a2759b0,guarded,113,benign_memory_unseen,unloaded,memory,low,False,False,False,True,0.0
78de548c-168e-47a4-b0a0-06fb0a2759b0,guarded,114,benign_memory_unseen,unloaded,memory,low,False,False,False,True,0.0
78de548c-168e-47a4-b0a0-06fb0a2759b0,guarded,115,benign_memory_unseen,unloaded,memory,low,False,False,False,True,0.0
78de548c-168e-47a4-b0a0-06fb0a2759b0,guarded,116,benign_memory_unseen,unloaded,memory,low,False,False,False,True,0.0
78de548c-168e-47a4-b0a0-06fb0a2759b0,guarded,117,benign_memory_unseen,unloaded,memory,low,False,False,False,True,0.0
78de548c-168e-47a4-b0a0-06fb0a2759b0,guarded,118,benign_memory_unseen,unloaded,memory,low,False,False,False,True,0.0
78de548c-168e-47a4-b0a0-06fb0a2759b0,guarded,119,benign_memory_unseen,unloaded,memory,low,False,False,False,True,0.0
78de548c-168e-47a4-b0a0-06fb0a2759b0,guarded,120,benign_memory_unseen,unloaded,memory,low,False,False,False,True,0.0
78de548c-168e-47a4-b0a0-06fb0a2759b0,guarded,121,benign_memory_unseen,unloaded,memory,low,False,False,False,True,0.0
78de548c-168e-47a4-b0a0-06fb0a2759b0,guarded,122,benign_memory_unseen,unloaded,memory,low,False,False,False,True,0.0
78de548c-168e-47a4-b0a0-06fb0a2759b0,guarded,123,benign_memory_unseen,unloaded,memory,low,False,False,False,True,0.0
78de548c-168e-47a4-b0a0-06fb0a2759b0,guarded,124,benign_memory_unseen,unloaded,memory,low,False,False,False,True,0.0
78de548c-168e-47a4-b0a0-06fb0a2759b0,guarded,125,benign_memory_unseen,unloaded,memory,low,False,False,False,True,0.0
78de548c-168e-47a4-b0a0-06fb0a2759b0,guarded,126,benign_memory_unseen,unloaded,memory,low,False,False,False,True,0.0
78de548c-168e-47a4-b0a0-06fb0a2759b0,guarded,127,benign_memory_unseen,unloaded,memory,low,False,False,False,True,0.0
78de548c-168e-47a4-b0a0-06fb0a2759b0,guarded,128,benign_memory_unseen,unloaded,memory,low,False,False,False,True,0.0
78de548c-168e-47a4-b0a0-06fb0a2759b0,guarded,129,benign_memory_unseen,unloaded,memory,low,False,False,False,True,0.0
78de548c-168e-47a4-b0a0-06fb0a2759b0,guarded,130,benign_memory_unseen,unloaded,memory,low,False,False,False,True,0.0
78de548c-168e-47a4-b0a0-06fb0a2759b0,guarded,131,benign_memory_unseen,unloaded,memory,low,False,False,False,True,0.0
78de548c-168e-47a4-b0a0-06fb0a2759b0,guarded,132,benign_memory_unseen,unloaded,memory,low,False,False,False,True,0.0
78de548c-168e-47a4-b0a0-06fb0a2759b0,guarded,133,benign_memory_unseen,unloaded,memory,low,False,False,False,True,0.0
78de548c-168e-47a4-b0a0-06fb0a2759b0,guarded,134,benign_memory_unseen,unloaded,memory,low,False,False,False,True,0.0
78de548c-168e-47a4-b0a0-06fb0a2759b0,guarded,135,benign_memory_unseen,unloaded,memory,low,False,False,False,True,0.0
78de548c-168e-47a4-b0a0-06fb0a2759b0,guarded,136,benign_memory_unseen,unloaded,memory,low,False,False,False,True,0.0
78de548c-168e-47a4-b0a0-06fb0a2759b0,guarded,137,benign_memory_unseen,unloaded,memory,low,False,False,False,True,0.0
78de548c-168e-47a4-b0a0-06fb0a2759b0,guarded,138,benign_memory_unseen,unloaded,memory,low,False,False,False,True,0.0
78de548c-168e-47a4-b0a0-06fb0a2759b0,guarded,139,benign_memory_unseen,unloaded,memory,low,False,False,False,True,0.0
78de548c-168e-47a4-b0a0-06fb0a2759b0,guarded,140,benign_memory_unseen,unloaded,memory,low,False,False,False,True,0.0
78de548c-168e-47a4-b0a0-06fb0a2759b0,guarded,141,benign_memory_unseen,unloaded,memory,low,False,False,False,True,0.0
78de548c-168e-47a4-b0a0-06fb0a2759b0,guarded,142,benign_memory_unseen,unloaded,memory,low,False,False,False,True,0.0
78de548c-168e-47a4-b0a0-06fb0a2759b0,guarded,143,benign_memory_unseen,unloaded,memory,low,False,False,False,True,0.0
78de548c-168e-47a4-b0a0-06fb0a2759b0,guarded,144,benign_memory_unseen,unloaded,memory,low,False,False,False,True,0.0
78de548c-168e-47a4-b0a0-06fb0a2759b0,guarded,145,benign_memory_unseen,unloaded,memory,low,False,False,False,True,0.0
78de548c-168e-47a4-b0a0-06fb0a2759b0,guarded,146,benign_memory_unseen,unloaded,memory,low,False,False,False,True,0.0
78de548c-168e-47a4-b0a0-06fb0a2759b0,guarded,147,benign_memory_unseen,unloaded,memory,low,False,False,False,True,0.0
78de548c-168e-47a4-b0a0-06fb0a2759b0,guarded,148,benign_mixed_unseen,unloaded,mixed,high,False,False,False,True,0.0
78de548c-168e-47a4-b0a0-06fb0a2759b0,guarded,149,benign_mixed_unseen,unloaded,mixed,high,False,False,False,True,0.0
78de548c-168e-47a4-b0a0-06fb0a2759b0,guarded,150,benign_mixed_unseen,unloaded,mixed,high,False,False,False,True,0.0
78de548c-168e-47a4-b0a0-06fb0a2759b0,guarded,151,benign_mixed_unseen,unloaded,mixed,high,False,False,False,True,0.0
78de548c-168e-47a4-b0a0-06fb0a2759b0,guarded,152,benign_mixed_unseen,unloaded,mixed,high,False,False,False,True,0.0
78de548c-168e-47a4-b0a0-06fb0a2759b0,guarded,153,benign_mixed_unseen,unloaded,mixed,high,False,False,False,True,0.0
78de548c-168e-47a4-b0a0-06fb0a2759b0,guarded,154,benign_mixed_unseen,unloaded,mixed,high,False,False,False,True,0.0
78de548c-168e-47a4-b0a0-06fb0a2759b0,guarded,155,benign_mixed_unseen,unloaded,mixed,high,False,False,False,True,0.0
78de548c-168e-47a4-b0a0-06fb0a2759b0,guarded,156,benign_mixed_unseen,unloaded,mixed,high,False,False,False,True,0.0
78de548c-168e-47a4-b0a0-06fb0a2759b0,guarded,157,benign_mixed_unseen,unloaded,mixed,high,False,False,False,True,0.0
78de548c-168e-47a4-b0a0-06fb0a2759b0,guarded,158,benign_mixed_unseen,unloaded,mixed,high,False,False,False,True,0.0
78de548c-168e-47a4-b0a0-06fb0a2759b0,guarded,159,benign_mixed_unseen,unloaded,mixed,high,False,False,False,True,0.0
78de548c-168e-47a4-b0a0-06fb0a2759b0,guarded,160,benign_mixed_unseen,unloaded,mixed,high,False,False,False,True,0.0
78de548c-168e-47a4-b0a0-06fb0a2759b0,guarded,161,benign_mixed_unseen,unloaded,mixed,high,False,False,False,True,0.0
78de548c-168e-47a4-b0a0-06fb0a2759b0,guarded,162,benign_mixed_unseen,unloaded,mixed,high,False,False,False,True,0.0
78de548c-168e-47a4-b0a0-06fb0a2759b0,guarded,163,benign_mixed_unseen,unloaded,mixed,high,False,False,False,True,0.0
78de548c-168e-47a4-b0a0-06fb0a2759b0,guarded,164,benign_mixed_unseen,unloaded,mixed,high,False,False,False,True,0.0
78de548c-168e-47a4-b0a0-06fb0a2759b0,guarded,165,benign_mixed_unseen,unloaded,mixed,high,False,False,False,True,0.0
78de548c-168e-47a4-b0a0-06fb0a2759b0,guarded,166,benign_mixed_unseen,unloaded,mixed,high,False,False,False,True,0.0
78de548c-168e-47a4-b0a0-06fb0a2759b0,guarded,167,benign_mixed_unseen,unloaded,mixed,high,False,False,False,True,0.0
78de548c-168e-47a4-b0a0-06fb0a2759b0,guarded,168,benign_mixed_unseen,unloaded,mixed,high,False,False,False,True,0.0
78de548c-168e-47a4-b0a0-06fb0a2759b0,guarded,169,benign_mixed_unseen,unloaded,mixed,high,False,False,False,True,0.0
78de548c-168e-47a4-b0a0-06fb0a2759b0,guarded,170,benign_mixed_unseen,unloaded,mixed,high,False,False,False,True,0.0
78de548c-168e-47a4-b0a0-06fb0a2759b0,guarded,171,benign_mixed_unseen,unloaded,mixed,high,False,False,False,True,0.0
78de548c-168e-47a4-b0a0-06fb0a2759b0,guarded,172,benign_mixed_unseen,unloaded,mixed,high,False,False,False,True,0.0
78de548c-168e-47a4-b0a0-06fb0a2759b0,guarded,173,benign_mixed_unseen,unloaded,mixed,high,False,False,False,True,0.0
78de548c-168e-47a4-b0a0-06fb0a2759b0,guarded,174,benign_mixed_unseen,unloaded,mixed,high,False,False,False,True,0.0
78de548c-168e-47a4-b0a0-06fb0a2759b0,guarded,175,benign_mixed_unseen,unloaded,mixed,high,False,False,False,True,0.0
78de548c-168e-47a4-b0a0-06fb0a2759b0,guarded,176,benign_mixed_unseen,unloaded,mixed,high,False,False,False,True,0.0
78de548c-168e-47a4-b0a0-06fb0a2759b0,guarded,177,benign_mixed_unseen,unloaded,mixed,high,False,False,False,True,0.0
78de548c-168e-47a4-b0a0-06fb0a2759b0,guarded,178,benign_mixed_unseen,unloaded,mixed,high,False,False,False,True,0.0
78de548c-168e-47a4-b0a0-06fb0a2759b0,guarded,179,benign_mixed_unseen,unloaded,mixed,high,False,False,False,True,0.0
78de548c-168e-47a4-b0a0-06fb0a2759b0,guarded,180,benign_mixed_unseen,unloaded,mixed,high,False,False,False,True,0.0
78de548c-168e-47a4-b0a0-06fb0a2759b0,guarded,181,benign_mixed_unseen,unloaded,mixed,high,False,False,False,True,0.0
78de548c-168e-47a4-b0a0-06fb0a2759b0,guarded,182,benign_mixed_unseen,unloaded,mixed,high,False,False,False,True,0.0
78de548c-168e-47a4-b0a0-06fb0a2759b0,guarded,183,benign_mixed_unseen,unloaded,mixed,high,False,False,False,True,0.0
78de548c-168e-47a4-b0a0-06fb0a2759b0,guarded,184,benign_mixed_unseen,unloaded,mixed,high,False,False,False,True,0.0
78de548c-168e-47a4-b0a0-06fb0a2759b0,guarded,185,benign_mixed_unseen,unloaded,mixed,high,False,False,False,True,0.0
78de548c-168e-47a4-b0a0-06fb0a2759b0,guarded,186,benign_mixed_unseen,unloaded,mixed,high,False,False,False,True,0.0
78de548c-168e-47a4-b0a0-06fb0a2759b0,guarded,187,benign_mixed_unseen,unloaded,mixed,high,False,False,False,True,0.0
78de548c-168e-47a4-b0a0-06fb0a2759b0,guarded,188,normal_recovery_1,unloaded,baseline,low,False,False,False,True,0.0
78de548c-168e-47a4-b0a0-06fb0a2759b0,guarded,189,normal_recovery_1,unloaded,baseline,low,False,False,False,True,0.0
78de548c-168e-47a4-b0a0-06fb0a2759b0,guarded,190,normal_recovery_1,unloaded,baseline,low,False,False,False,True,0.0
78de548c-168e-47a4-b0a0-06fb0a2759b0,guarded,191,normal_recovery_1,unloaded,baseline,low,False,False,False,True,0.0
78de548c-168e-47a4-b0a0-06fb0a2759b0,guarded,192,normal_recovery_1,unloaded,baseline,low,False,False,False,True,0.0
78de548c-168e-47a4-b0a0-06fb0a2759b0,guarded,193,normal_recovery_1,unloaded,baseline,low,False,False,False,True,0.0
78de548c-168e-47a4-b0a0-06fb0a2759b0,guarded,194,normal_recovery_1,unloaded,baseline,low,False,False,False,True,0.0
78de548c-168e-47a4-b0a0-06fb0a2759b0,guarded,195,normal_recovery_1,unloaded,baseline,low,False,False,False,True,0.0
78de548c-168e-47a4-b0a0-06fb0a2759b0,guarded,196,normal_recovery_1,unloaded,baseline,low,False,False,False,True,0.0
78de548c-168e-47a4-b0a0-06fb0a2759b0,guarded,197,normal_recovery_1,unloaded,baseline,low,False,False,False,True,0.0
78de548c-168e-47a4-b0a0-06fb0a2759b0,guarded,198,normal_recovery_1,unloaded,baseline,low,False,False,False,True,0.0
78de548c-168e-47a4-b0a0-06fb0a2759b0,guarded,199,normal_recovery_1,unloaded,baseline,low,False,False,False,True,0.0
78de548c-168e-47a4-b0a0-06fb0a2759b0,guarded,200,normal_recovery_1,unloaded,baseline,low,False,False,False,True,0.0
78de548c-168e-47a4-b0a0-06fb0a2759b0,guarded,201,normal_recovery_1,unloaded,baseline,low,False,False,False,True,0.0
78de548c-168e-47a4-b0a0-06fb0a2759b0,guarded,202,normal_recovery_1,unloaded,baseline,low,False,False,False,True,0.0
78de548c-168e-47a4-b0a0-06fb0a2759b0,guarded,203,normal_recovery_1,unloaded,baseline,low,False,False,False,True,0.0
78de548c-168e-47a4-b0a0-06fb0a2759b0,guarded,204,normal_recovery_1,unloaded,baseline,low,False,False,False,True,0.0
78de548c-168e-47a4-b0a0-06fb0a2759b0,guarded,205,normal_recovery_1,unloaded,baseline,low,False,False,False,True,0.0
78de548c-168e-47a4-b0a0-06fb0a2759b0,guarded,206,normal_recovery_1,unloaded,baseline,low,False,False,False,True,0.0
78de548c-168e-47a4-b0a0-06fb0a2759b0,guarded,207,normal_recovery_1,unloaded,baseline,low,False,False,False,True,0.0
78de548c-168e-47a4-b0a0-06fb0a2759b0,guarded,208,attack_baseline,hiding,baseline,low,True,True,True,False,0.0
78de548c-168e-47a4-b0a0-06fb0a2759b0,guarded,209,attack_baseline,hiding,baseline,low,True,True,True,False,0.0
78de548c-168e-47a4-b0a0-06fb0a2759b0,guarded,210,attack_baseline,hiding,baseline,low,True,True,True,False,0.0
78de548c-168e-47a4-b0a0-06fb0a2759b0,guarded,211,attack_baseline,hiding,baseline,low,True,True,True,False,0.0
78de548c-168e-47a4-b0a0-06fb0a2759b0,guarded,212,attack_baseline,hiding,baseline,low,True,True,True,False,0.0
78de548c-168e-47a4-b0a0-06fb0a2759b0,guarded,213,attack_baseline,hiding,baseline,low,True,True,True,False,0.0
78de548c-168e-47a4-b0a0-06fb0a2759b0,guarded,214,attack_baseline,hiding,baseline,low,True,True,True,False,0.0
78de548c-168e-47a4-b0a0-06fb0a2759b0,guarded,215,attack_baseline,hiding,baseline,low,True,True,True,False,0.0
78de548c-168e-47a4-b0a0-06fb0a2759b0,guarded,216,attack_baseline,hiding,baseline,low,True,True,True,False,0.0
78de548c-168e-47a4-b0a0-06fb0a2759b0,guarded,217,attack_baseline,hiding,baseline,low,True,True,True,False,0.0
78de548c-168e-47a4-b0a0-06fb0a2759b0,guarded,218,attack_baseline,hiding,baseline,low,True,True,True,False,0.0
78de548c-168e-47a4-b0a0-06fb0a2759b0,guarded,219,attack_baseline,hiding,baseline,low,True,True,True,False,0.0
78de548c-168e-47a4-b0a0-06fb0a2759b0,guarded,220,attack_baseline,hiding,baseline,low,True,True,True,False,0.0
78de548c-168e-47a4-b0a0-06fb0a2759b0,guarded,221,attack_baseline,hiding,baseline,low,True,True,True,False,0.0
78de548c-168e-47a4-b0a0-06fb0a2759b0,guarded,222,attack_baseline,hiding,baseline,low,True,True,True,False,0.0
78de548c-168e-47a4-b0a0-06fb0a2759b0,guarded,223,attack_baseline,hiding,baseline,low,True,True,True,False,0.0
78de548c-168e-47a4-b0a0-06fb0a2759b0,guarded,224,attack_baseline,hiding,baseline,low,True,True,True,False,0.0
78de548c-168e-47a4-b0a0-06fb0a2759b0,guarded,225,attack_baseline,hiding,baseline,low,True,True,True,False,0.0
78de548c-168e-47a4-b0a0-06fb0a2759b0,guarded,226,attack_baseline,hiding,baseline,low,True,True,True,False,0.0
78de548c-168e-47a4-b0a0-06fb0a2759b0,guarded,227,attack_baseline,hiding,baseline,low,True,True,True,False,0.0
78de548c-168e-47a4-b0a0-06fb0a2759b0,guarded,228,attack_baseline,hiding,baseline,low,True,True,True,False,0.0
78de548c-168e-47a4-b0a0-06fb0a2759b0,guarded,229,attack_baseline,hiding,baseline,low,True,True,True,False,0.0
78de548c-168e-47a4-b0a0-06fb0a2759b0,guarded,230,attack_baseline,hiding,baseline,low,True,True,True,False,0.0
78de548c-168e-47a4-b0a0-06fb0a2759b0,guarded,231,attack_baseline,hiding,baseline,low,True,True,True,False,0.0
78de548c-168e-47a4-b0a0-06fb0a2759b0,guarded,232,attack_baseline,hiding,baseline,low,True,True,True,False,0.0
78de548c-168e-47a4-b0a0-06fb0a2759b0,guarded,233,attack_baseline,hiding,baseline,low,True,True,True,False,0.0
78de548c-168e-47a4-b0a0-06fb0a2759b0,guarded,234,attack_baseline,hiding,baseline,low,True,True,True,False,0.0
78de548c-168e-47a4-b0a0-06fb0a2759b0,guarded,235,attack_baseline,hiding,baseline,low,True,True,True,False,0.0
78de548c-168e-47a4-b0a0-06fb0a2759b0,guarded,236,attack_baseline,hiding,baseline,low,True,True,True,False,0.0
78de548c-168e-47a4-b0a0-06fb0a2759b0,guarded,237,attack_baseline,hiding,baseline,low,True,True,True,False,0.0
78de548c-168e-47a4-b0a0-06fb0a2759b0,guarded,238,attack_baseline,hiding,baseline,low,True,True,True,False,0.0
78de548c-168e-47a4-b0a0-06fb0a2759b0,guarded,239,attack_baseline,hiding,baseline,low,True,True,True,False,0.0
78de548c-168e-47a4-b0a0-06fb0a2759b0,guarded,240,attack_baseline,hiding,baseline,low,True,True,True,False,0.0
78de548c-168e-47a4-b0a0-06fb0a2759b0,guarded,241,attack_baseline,hiding,baseline,low,True,True,True,False,0.0
78de548c-168e-47a4-b0a0-06fb0a2759b0,guarded,242,attack_baseline,hiding,baseline,low,True,True,True,False,0.0
78de548c-168e-47a4-b0a0-06fb0a2759b0,guarded,243,attack_baseline,hiding,baseline,low,True,True,True,False,0.0
78de548c-168e-47a4-b0a0-06fb0a2759b0,guarded,244,attack_baseline,hiding,baseline,low,True,True,True,False,0.0
78de548c-168e-47a4-b0a0-06fb0a2759b0,guarded,245,attack_baseline,hiding,baseline,low,True,True,True,False,0.0
78de548c-168e-47a4-b0a0-06fb0a2759b0,guarded,246,attack_baseline,hiding,baseline,low,True,True,True,False,0.0
78de548c-168e-47a4-b0a0-06fb0a2759b0,guarded,247,attack_baseline,hiding,baseline,low,True,True,True,False,0.0
78de548c-168e-47a4-b0a0-06fb0a2759b0,guarded,248,attack_cpu,hiding,cpu,high,True,True,True,False,0.0
78de548c-168e-47a4-b0a0-06fb0a2759b0,guarded,249,attack_cpu,hiding,cpu,high,True,True,True,False,0.0
78de548c-168e-47a4-b0a0-06fb0a2759b0,guarded,250,attack_cpu,hiding,cpu,high,True,True,True,False,0.0
78de548c-168e-47a4-b0a0-06fb0a2759b0,guarded,251,attack_cpu,hiding,cpu,high,True,True,True,False,0.0
78de548c-168e-47a4-b0a0-06fb0a2759b0,guarded,252,attack_cpu,hiding,cpu,high,True,True,True,False,0.0
78de548c-168e-47a4-b0a0-06fb0a2759b0,guarded,253,attack_cpu,hiding,cpu,high,True,True,True,False,0.0
78de548c-168e-47a4-b0a0-06fb0a2759b0,guarded,254,attack_cpu,hiding,cpu,high,True,True,True,False,0.0
78de548c-168e-47a4-b0a0-06fb0a2759b0,guarded,255,attack_cpu,hiding,cpu,high,True,True,True,False,0.0
78de548c-168e-47a4-b0a0-06fb0a2759b0,guarded,256,attack_cpu,hiding,cpu,high,True,True,True,False,0.0
78de548c-168e-47a4-b0a0-06fb0a2759b0,guarded,257,attack_cpu,hiding,cpu,high,True,True,True,False,0.0
78de548c-168e-47a4-b0a0-06fb0a2759b0,guarded,258,attack_cpu,hiding,cpu,high,True,True,True,False,0.0
78de548c-168e-47a4-b0a0-06fb0a2759b0,guarded,259,attack_cpu,hiding,cpu,high,True,True,True,False,0.0
78de548c-168e-47a4-b0a0-06fb0a2759b0,guarded,260,attack_cpu,hiding,cpu,high,True,True,True,False,0.0
78de548c-168e-47a4-b0a0-06fb0a2759b0,guarded,261,attack_cpu,hiding,cpu,high,True,True,True,False,0.0
78de548c-168e-47a4-b0a0-06fb0a2759b0,guarded,262,attack_cpu,hiding,cpu,high,True,True,True,False,0.0
78de548c-168e-47a4-b0a0-06fb0a2759b0,guarded,263,attack_cpu,hiding,cpu,high,True,True,True,False,0.0
78de548c-168e-47a4-b0a0-06fb0a2759b0,guarded,264,attack_cpu,hiding,cpu,high,True,True,True,False,0.0
78de548c-168e-47a4-b0a0-06fb0a2759b0,guarded,265,attack_cpu,hiding,cpu,high,True,True,True,False,0.0
78de548c-168e-47a4-b0a0-06fb0a2759b0,guarded,266,attack_cpu,hiding,cpu,high,True,True,True,False,0.0
78de548c-168e-47a4-b0a0-06fb0a2759b0,guarded,267,attack_cpu,hiding,cpu,high,True,True,True,False,0.0
78de548c-168e-47a4-b0a0-06fb0a2759b0,guarded,268,attack_cpu,hiding,cpu,high,True,True,True,False,0.0
78de548c-168e-47a4-b0a0-06fb0a2759b0,guarded,269,attack_cpu,hiding,cpu,high,True,True,True,False,0.0
78de548c-168e-47a4-b0a0-06fb0a2759b0,guarded,270,attack_cpu,hiding,cpu,high,True,True,True,False,0.0
78de548c-168e-47a4-b0a0-06fb0a2759b0,guarded,271,attack_cpu,hiding,cpu,high,True,True,True,False,0.0
78de548c-168e-47a4-b0a0-06fb0a2759b0,guarded,272,attack_cpu,hiding,cpu,high,True,True,True,False,0.0
78de548c-168e-47a4-b0a0-06fb0a2759b0,guarded,273,attack_cpu,hiding,cpu,high,True,True,True,False,0.0
78de548c-168e-47a4-b0a0-06fb0a2759b0,guarded,274,attack_cpu,hiding,cpu,high,True,True,True,False,0.0
78de548c-168e-47a4-b0a0-06fb0a2759b0,guarded,275,attack_cpu,hiding,cpu,high,True,True,True,False,0.0
78de548c-168e-47a4-b0a0-06fb0a2759b0,guarded,276,attack_cpu,hiding,cpu,high,True,True,True,False,0.0
78de548c-168e-47a4-b0a0-06fb0a2759b0,guarded,277,attack_cpu,hiding,cpu,high,True,True,True,False,0.0
78de548c-168e-47a4-b0a0-06fb0a2759b0,guarded,278,attack_cpu,hiding,cpu,high,True,True,True,False,0.0
78de548c-168e-47a4-b0a0-06fb0a2759b0,guarded,279,attack_cpu,hiding,cpu,high,True,True,True,False,0.0
78de548c-168e-47a4-b0a0-06fb0a2759b0,guarded,280,attack_cpu,hiding,cpu,high,True,True,True,False,0.0
78de548c-168e-47a4-b0a0-06fb0a2759b0,guarded,281,attack_cpu,hiding,cpu,high,True,True,True,False,0.0
78de548c-168e-47a4-b0a0-06fb0a2759b0,guarded,282,attack_cpu,hiding,cpu,high,True,True,True,False,0.0
78de548c-168e-47a4-b0a0-06fb0a2759b0,guarded,283,attack_cpu,hiding,cpu,high,True,True,True,False,0.0
78de548c-168e-47a4-b0a0-06fb0a2759b0,guarded,284,attack_cpu,hiding,cpu,high,True,True,True,False,0.0
78de548c-168e-47a4-b0a0-06fb0a2759b0,guarded,285,attack_cpu,hiding,cpu,high,True,True,True,False,0.0
78de548c-168e-47a4-b0a0-06fb0a2759b0,guarded,286,attack_cpu,hiding,cpu,high,True,True,True,False,0.0
78de548c-168e-47a4-b0a0-06fb0a2759b0,guarded,287,attack_cpu,hiding,cpu,high,True,True,True,False,0.0
78de548c-168e-47a4-b0a0-06fb0a2759b0,guarded,288,attack_memory_unseen,hiding,memory,low,True,True,True,False,0.0
78de548c-168e-47a4-b0a0-06fb0a2759b0,guarded,289,attack_memory_unseen,hiding,memory,low,True,True,True,False,0.0
78de548c-168e-47a4-b0a0-06fb0a2759b0,guarded,290,attack_memory_unseen,hiding,memory,low,True,True,True,False,0.0
78de548c-168e-47a4-b0a0-06fb0a2759b0,guarded,291,attack_memory_unseen,hiding,memory,low,True,True,True,False,0.0
78de548c-168e-47a4-b0a0-06fb0a2759b0,guarded,292,attack_memory_unseen,hiding,memory,low,True,True,True,False,0.0
78de548c-168e-47a4-b0a0-06fb0a2759b0,guarded,293,attack_memory_unseen,hiding,memory,low,True,True,True,False,0.0
78de548c-168e-47a4-b0a0-06fb0a2759b0,guarded,294,attack_memory_unseen,hiding,memory,low,True,True,True,False,0.0
78de548c-168e-47a4-b0a0-06fb0a2759b0,guarded,295,attack_memory_unseen,hiding,memory,low,True,True,True,False,0.0
78de548c-168e-47a4-b0a0-06fb0a2759b0,guarded,296,attack_memory_unseen,hiding,memory,low,True,True,True,False,0.0
78de548c-168e-47a4-b0a0-06fb0a2759b0,guarded,297,attack_memory_unseen,hiding,memory,low,True,True,True,False,0.0
78de548c-168e-47a4-b0a0-06fb0a2759b0,guarded,298,attack_memory_unseen,hiding,memory,low,True,True,True,False,0.0
78de548c-168e-47a4-b0a0-06fb0a2759b0,guarded,299,attack_memory_unseen,hiding,memory,low,True,True,True,False,0.0
78de548c-168e-47a4-b0a0-06fb0a2759b0,guarded,300,attack_memory_unseen,hiding,memory,low,True,True,True,False,0.0
78de548c-168e-47a4-b0a0-06fb0a2759b0,guarded,301,attack_memory_unseen,hiding,memory,low,True,True,True,False,0.0
78de548c-168e-47a4-b0a0-06fb0a2759b0,guarded,302,attack_memory_unseen,hiding,memory,low,True,True,True,False,0.0
78de548c-168e-47a4-b0a0-06fb0a2759b0,guarded,303,attack_memory_unseen,hiding,memory,low,True,True,True,False,0.0
78de548c-168e-47a4-b0a0-06fb0a2759b0,guarded,304,attack_memory_unseen,hiding,memory,low,True,True,True,False,0.0
78de548c-168e-47a4-b0a0-06fb0a2759b0,guarded,305,attack_memory_unseen,hiding,memory,low,True,True,True,False,0.0
78de548c-168e-47a4-b0a0-06fb0a2759b0,guarded,306,attack_memory_unseen,hiding,memory,low,True,True,True,False,0.0
78de548c-168e-47a4-b0a0-06fb0a2759b0,guarded,307,attack_memory_unseen,hiding,memory,low,True,True,True,False,0.0
78de548c-168e-47a4-b0a0-06fb0a2759b0,guarded,308,attack_memory_unseen,hiding,memory,low,True,True,True,False,0.0
78de548c-168e-47a4-b0a0-06fb0a2759b0,guarded,309,attack_memory_unseen,hiding,memory,low,True,True,True,False,0.0
78de548c-168e-47a4-b0a0-06fb0a2759b0,guarded,310,attack_memory_unseen,hiding,memory,low,True,True,True,False,0.0
78de548c-168e-47a4-b0a0-06fb0a2759b0,guarded,311,attack_memory_unseen,hiding,memory,low,True,True,True,False,0.0
78de548c-168e-47a4-b0a0-06fb0a2759b0,guarded,312,attack_memory_unseen,hiding,memory,low,True,True,True,False,0.0
78de548c-168e-47a4-b0a0-06fb0a2759b0,guarded,313,attack_memory_unseen,hiding,memory,low,True,True,True,False,0.0
78de548c-168e-47a4-b0a0-06fb0a2759b0,guarded,314,attack_memory_unseen,hiding,memory,low,True,True,True,False,0.0
78de548c-168e-47a4-b0a0-06fb0a2759b0,guarded,315,attack_memory_unseen,hiding,memory,low,True,True,True,False,0.0
78de548c-168e-47a4-b0a0-06fb0a2759b0,guarded,316,attack_memory_unseen,hiding,memory,low,True,True,True,False,0.0
78de548c-168e-47a4-b0a0-06fb0a2759b0,guarded,317,attack_memory_unseen,hiding,memory,low,True,True,True,False,0.0
78de548c-168e-47a4-b0a0-06fb0a2759b0,guarded,318,attack_memory_unseen,hiding,memory,low,True,True,True,False,0.0
78de548c-168e-47a4-b0a0-06fb0a2759b0,guarded,319,attack_memory_unseen,hiding,memory,low,True,True,True,False,0.0
78de548c-168e-47a4-b0a0-06fb0a2759b0,guarded,320,attack_memory_unseen,hiding,memory,low,True,True,True,False,0.0
78de548c-168e-47a4-b0a0-06fb0a2759b0,guarded,321,attack_memory_unseen,hiding,memory,low,True,True,True,False,0.0
78de548c-168e-47a4-b0a0-06fb0a2759b0,guarded,322,attack_memory_unseen,hiding,memory,low,True,True,True,False,0.0
78de548c-168e-47a4-b0a0-06fb0a2759b0,guarded,323,attack_memory_unseen,hiding,memory,low,True,True,True,False,0.0
78de548c-168e-47a4-b0a0-06fb0a2759b0,guarded,324,attack_memory_unseen,hiding,memory,low,True,True,True,False,0.0
78de548c-168e-47a4-b0a0-06fb0a2759b0,guarded,325,attack_memory_unseen,hiding,memory,low,True,True,True,False,0.0
78de548c-168e-47a4-b0a0-06fb0a2759b0,guarded,326,attack_memory_unseen,hiding,memory,low,True,True,True,False,0.0
78de548c-168e-47a4-b0a0-06fb0a2759b0,guarded,327,attack_memory_unseen,hiding,memory,low,True,True,True,False,0.0
78de548c-168e-47a4-b0a0-06fb0a2759b0,guarded,328,attack_mixed_unseen,hiding,mixed,high,True,True,True,False,0.0
78de548c-168e-47a4-b0a0-06fb0a2759b0,guarded,329,attack_mixed_unseen,hiding,mixed,high,True,True,True,False,0.0
78de548c-168e-47a4-b0a0-06fb0a2759b0,guarded,330,attack_mixed_unseen,hiding,mixed,high,True,True,True,False,0.0
78de548c-168e-47a4-b0a0-06fb0a2759b0,guarded,331,attack_mixed_unseen,hiding,mixed,high,True,True,True,False,0.0
78de548c-168e-47a4-b0a0-06fb0a2759b0,guarded,332,attack_mixed_unseen,hiding,mixed,high,True,True,True,False,0.0
78de548c-168e-47a4-b0a0-06fb0a2759b0,guarded,333,attack_mixed_unseen,hiding,mixed,high,True,True,True,False,0.0
78de548c-168e-47a4-b0a0-06fb0a2759b0,guarded,334,attack_mixed_unseen,hiding,mixed,high,True,True,True,False,0.0
78de548c-168e-47a4-b0a0-06fb0a2759b0,guarded,335,attack_mixed_unseen,hiding,mixed,high,True,True,True,False,0.0
78de548c-168e-47a4-b0a0-06fb0a2759b0,guarded,336,attack_mixed_unseen,hiding,mixed,high,True,True,True,False,0.0
78de548c-168e-47a4-b0a0-06fb0a2759b0,guarded,337,attack_mixed_unseen,hiding,mixed,high,True,True,True,False,0.0
78de548c-168e-47a4-b0a0-06fb0a2759b0,guarded,338,attack_mixed_unseen,hiding,mixed,high,True,True,True,False,0.0
78de548c-168e-47a4-b0a0-06fb0a2759b0,guarded,339,attack_mixed_unseen,hiding,mixed,high,True,True,True,False,0.0
78de548c-168e-47a4-b0a0-06fb0a2759b0,guarded,340,attack_mixed_unseen,hiding,mixed,high,True,True,True,False,0.0
78de548c-168e-47a4-b0a0-06fb0a2759b0,guarded,341,attack_mixed_unseen,hiding,mixed,high,True,True,True,False,0.0
78de548c-168e-47a4-b0a0-06fb0a2759b0,guarded,342,attack_mixed_unseen,hiding,mixed,high,True,True,True,False,0.0
78de548c-168e-47a4-b0a0-06fb0a2759b0,guarded,343,attack_mixed_unseen,hiding,mixed,high,True,True,True,False,0.0
78de548c-168e-47a4-b0a0-06fb0a2759b0,guarded,344,attack_mixed_unseen,hiding,mixed,high,True,True,True,False,0.0
78de548c-168e-47a4-b0a0-06fb0a2759b0,guarded,345,attack_mixed_unseen,hiding,mixed,high,True,True,True,False,0.0
78de548c-168e-47a4-b0a0-06fb0a2759b0,guarded,346,attack_mixed_unseen,hiding,mixed,high,True,True,True,False,0.0
78de548c-168e-47a4-b0a0-06fb0a2759b0,guarded,347,attack_mixed_unseen,hiding,mixed,high,True,True,True,False,0.0
78de548c-168e-47a4-b0a0-06fb0a2759b0,guarded,348,attack_mixed_unseen,hiding,mixed,high,True,True,True,False,0.0
78de548c-168e-47a4-b0a0-06fb0a2759b0,guarded,349,attack_mixed_unseen,hiding,mixed,high,True,True,True,False,0.0
78de548c-168e-47a4-b0a0-06fb0a2759b0,guarded,350,attack_mixed_unseen,hiding,mixed,high,True,True,True,False,0.0
78de548c-168e-47a4-b0a0-06fb0a2759b0,guarded,351,attack_mixed_unseen,hiding,mixed,high,True,True,True,False,0.0
78de548c-168e-47a4-b0a0-06fb0a2759b0,guarded,352,attack_mixed_unseen,hiding,mixed,high,True,True,True,False,0.0
78de548c-168e-47a4-b0a0-06fb0a2759b0,guarded,353,attack_mixed_unseen,hiding,mixed,high,True,True,True,False,0.0
78de548c-168e-47a4-b0a0-06fb0a2759b0,guarded,354,attack_mixed_unseen,hiding,mixed,high,True,True,True,False,0.0
78de548c-168e-47a4-b0a0-06fb0a2759b0,guarded,355,attack_mixed_unseen,hiding,mixed,high,True,True,True,False,0.0
78de548c-168e-47a4-b0a0-06fb0a2759b0,guarded,356,attack_mixed_unseen,hiding,mixed,high,True,True,True,False,0.0
78de548c-168e-47a4-b0a0-06fb0a2759b0,guarded,357,attack_mixed_unseen,hiding,mixed,high,True,True,True,False,0.0
78de548c-168e-47a4-b0a0-06fb0a2759b0,guarded,358,attack_mixed_unseen,hiding,mixed,high,True,True,True,False,0.0
78de548c-168e-47a4-b0a0-06fb0a2759b0,guarded,359,attack_mixed_unseen,hiding,mixed,high,True,True,True,False,0.0
78de548c-168e-47a4-b0a0-06fb0a2759b0,guarded,360,attack_mixed_unseen,hiding,mixed,high,True,True,True,False,0.0
78de548c-168e-47a4-b0a0-06fb0a2759b0,guarded,361,attack_mixed_unseen,hiding,mixed,high,True,True,True,False,0.0
78de548c-168e-47a4-b0a0-06fb0a2759b0,guarded,362,attack_mixed_unseen,hiding,mixed,high,True,True,True,False,0.0
78de548c-168e-47a4-b0a0-06fb0a2759b0,guarded,363,attack_mixed_unseen,hiding,mixed,high,True,True,True,False,0.0
78de548c-168e-47a4-b0a0-06fb0a2759b0,guarded,364,attack_mixed_unseen,hiding,mixed,high,True,True,True,False,0.0
78de548c-168e-47a4-b0a0-06fb0a2759b0,guarded,365,attack_mixed_unseen,hiding,mixed,high,True,True,True,False,0.0
78de548c-168e-47a4-b0a0-06fb0a2759b0,guarded,366,attack_mixed_unseen,hiding,mixed,high,True,True,True,False,0.0
78de548c-168e-47a4-b0a0-06fb0a2759b0,guarded,367,attack_mixed_unseen,hiding,mixed,high,True,True,True,False,0.0
78de548c-168e-47a4-b0a0-06fb0a2759b0,guarded,368,normal_recovery_2,unloaded,baseline,low,False,False,False,True,0.0
78de548c-168e-47a4-b0a0-06fb0a2759b0,guarded,369,normal_recovery_2,unloaded,baseline,low,False,False,False,True,0.0
78de548c-168e-47a4-b0a0-06fb0a2759b0,guarded,370,normal_recovery_2,unloaded,baseline,low,False,False,False,True,0.0
78de548c-168e-47a4-b0a0-06fb0a2759b0,guarded,371,normal_recovery_2,unloaded,baseline,low,False,False,False,True,0.0
78de548c-168e-47a4-b0a0-06fb0a2759b0,guarded,372,normal_recovery_2,unloaded,baseline,low,False,False,False,True,0.0
78de548c-168e-47a4-b0a0-06fb0a2759b0,guarded,373,normal_recovery_2,unloaded,baseline,low,False,False,False,True,0.0
78de548c-168e-47a4-b0a0-06fb0a2759b0,guarded,374,normal_recovery_2,unloaded,baseline,low,False,True,True,True,0.0
78de548c-168e-47a4-b0a0-06fb0a2759b0,guarded,375,normal_recovery_2,unloaded,baseline,low,False,False,False,True,0.0
78de548c-168e-47a4-b0a0-06fb0a2759b0,guarded,376,normal_recovery_2,unloaded,baseline,low,False,False,False,True,0.0
78de548c-168e-47a4-b0a0-06fb0a2759b0,guarded,377,normal_recovery_2,unloaded,baseline,low,False,False,False,True,0.0
78de548c-168e-47a4-b0a0-06fb0a2759b0,guarded,378,normal_recovery_2,unloaded,baseline,low,False,False,False,True,0.0
78de548c-168e-47a4-b0a0-06fb0a2759b0,guarded,379,normal_recovery_2,unloaded,baseline,low,False,False,False,True,0.0
78de548c-168e-47a4-b0a0-06fb0a2759b0,guarded,380,normal_recovery_2,unloaded,baseline,low,False,False,False,True,0.0
78de548c-168e-47a4-b0a0-06fb0a2759b0,guarded,381,normal_recovery_2,unloaded,baseline,low,False,True,True,True,0.0
78de548c-168e-47a4-b0a0-06fb0a2759b0,guarded,382,normal_recovery_2,unloaded,baseline,low,False,True,True,True,0.0
78de548c-168e-47a4-b0a0-06fb0a2759b0,guarded,383,normal_recovery_2,unloaded,baseline,low,False,False,False,True,0.0
78de548c-168e-47a4-b0a0-06fb0a2759b0,guarded,384,normal_recovery_2,unloaded,baseline,low,False,False,False,True,0.0
78de548c-168e-47a4-b0a0-06fb0a2759b0,guarded,385,normal_recovery_2,unloaded,baseline,low,False,False,False,True,0.0
78de548c-168e-47a4-b0a0-06fb0a2759b0,guarded,386,normal_recovery_2,unloaded,baseline,low,False,False,False,True,0.0
78de548c-168e-47a4-b0a0-06fb0a2759b0,guarded,387,normal_recovery_2,unloaded,baseline,low,False,False,False,True,0.0
78de548c-168e-47a4-b0a0-06fb0a2759b0,guarded,388,sham_negative_baseline,sham,baseline,low,False,True,True,True,0.0
78de548c-168e-47a4-b0a0-06fb0a2759b0,guarded,389,sham_negative_baseline,sham,baseline,low,False,True,True,True,0.0
78de548c-168e-47a4-b0a0-06fb0a2759b0,guarded,390,sham_negative_baseline,sham,baseline,low,False,False,False,True,0.0
78de548c-168e-47a4-b0a0-06fb0a2759b0,guarded,391,sham_negative_baseline,sham,baseline,low,True,True,True,False,0.0
78de548c-168e-47a4-b0a0-06fb0a2759b0,guarded,392,sham_negative_baseline,sham,baseline,low,False,False,False,True,0.0
78de548c-168e-47a4-b0a0-06fb0a2759b0,guarded,393,sham_negative_baseline,sham,baseline,low,False,False,False,True,0.0
78de548c-168e-47a4-b0a0-06fb0a2759b0,guarded,394,sham_negative_baseline,sham,baseline,low,False,False,False,True,0.0
78de548c-168e-47a4-b0a0-06fb0a2759b0,guarded,395,sham_negative_baseline,sham,baseline,low,False,False,False,True,0.0
78de548c-168e-47a4-b0a0-06fb0a2759b0,guarded,396,sham_negative_baseline,sham,baseline,low,False,False,False,True,0.0
78de548c-168e-47a4-b0a0-06fb0a2759b0,guarded,397,sham_negative_baseline,sham,baseline,low,False,False,False,True,0.0
78de548c-168e-47a4-b0a0-06fb0a2759b0,guarded,398,sham_negative_cpu,sham,cpu,high,False,True,True,True,0.0
78de548c-168e-47a4-b0a0-06fb0a2759b0,guarded,399,sham_negative_cpu,sham,cpu,high,False,True,True,True,0.0
78de548c-168e-47a4-b0a0-06fb0a2759b0,guarded,400,sham_negative_cpu,sham,cpu,high,False,True,True,True,0.0
78de548c-168e-47a4-b0a0-06fb0a2759b0,guarded,401,sham_negative_cpu,sham,cpu,high,False,True,True,True,0.0
78de548c-168e-47a4-b0a0-06fb0a2759b0,guarded,402,sham_negative_cpu,sham,cpu,high,False,False,False,True,0.0
78de548c-168e-47a4-b0a0-06fb0a2759b0,guarded,403,sham_negative_cpu,sham,cpu,high,False,True,True,True,0.0
78de548c-168e-47a4-b0a0-06fb0a2759b0,guarded,404,sham_negative_cpu,sham,cpu,high,False,True,True,True,0.0
78de548c-168e-47a4-b0a0-06fb0a2759b0,guarded,405,sham_negative_cpu,sham,cpu,high,False,True,True,True,0.0
78de548c-168e-47a4-b0a0-06fb0a2759b0,guarded,406,sham_negative_cpu,sham,cpu,high,False,False,False,True,0.0
78de548c-168e-47a4-b0a0-06fb0a2759b0,guarded,407,sham_negative_cpu,sham,cpu,high,False,True,True,True,0.0
d3e31330-37b4-4c44-bd02-2615e3fcaaa1,fixed,48,normal_pre,unloaded,baseline,low,False,False,False,False,0.0
d3e31330-37b4-4c44-bd02-2615e3fcaaa1,fixed,49,normal_pre,unloaded,baseline,low,False,False,False,False,0.0
d3e31330-37b4-4c44-bd02-2615e3fcaaa1,fixed,50,normal_pre,unloaded,baseline,low,False,False,False,False,0.0
d3e31330-37b4-4c44-bd02-2615e3fcaaa1,fixed,51,normal_pre,unloaded,baseline,low,False,False,False,False,0.0
d3e31330-37b4-4c44-bd02-2615e3fcaaa1,fixed,52,normal_pre,unloaded,baseline,low,False,False,False,False,0.0
d3e31330-37b4-4c44-bd02-2615e3fcaaa1,fixed,53,normal_pre,unloaded,baseline,low,False,False,False,False,0.0
d3e31330-37b4-4c44-bd02-2615e3fcaaa1,fixed,54,normal_pre,unloaded,baseline,low,False,False,False,False,0.0
d3e31330-37b4-4c44-bd02-2615e3fcaaa1,fixed,55,normal_pre,unloaded,baseline,low,False,False,False,False,0.0
d3e31330-37b4-4c44-bd02-2615e3fcaaa1,fixed,56,normal_pre,unloaded,baseline,low,False,False,False,False,0.0
d3e31330-37b4-4c44-bd02-2615e3fcaaa1,fixed,57,normal_pre,unloaded,baseline,low,False,False,False,False,0.0
d3e31330-37b4-4c44-bd02-2615e3fcaaa1,fixed,58,normal_pre,unloaded,baseline,low,False,False,False,False,0.0
d3e31330-37b4-4c44-bd02-2615e3fcaaa1,fixed,59,normal_pre,unloaded,baseline,low,False,False,False,False,0.0
d3e31330-37b4-4c44-bd02-2615e3fcaaa1,fixed,60,normal_pre,unloaded,baseline,low,False,False,False,False,0.0
d3e31330-37b4-4c44-bd02-2615e3fcaaa1,fixed,61,normal_pre,unloaded,baseline,low,False,False,False,False,0.0
d3e31330-37b4-4c44-bd02-2615e3fcaaa1,fixed,62,normal_pre,unloaded,baseline,low,False,False,False,False,0.0
d3e31330-37b4-4c44-bd02-2615e3fcaaa1,fixed,63,normal_pre,unloaded,baseline,low,False,False,False,False,0.0
d3e31330-37b4-4c44-bd02-2615e3fcaaa1,fixed,64,normal_pre,unloaded,baseline,low,False,True,True,False,0.0
d3e31330-37b4-4c44-bd02-2615e3fcaaa1,fixed,65,normal_pre,unloaded,baseline,low,False,False,False,False,0.0
d3e31330-37b4-4c44-bd02-2615e3fcaaa1,fixed,66,normal_pre,unloaded,baseline,low,False,False,False,False,0.0
d3e31330-37b4-4c44-bd02-2615e3fcaaa1,fixed,67,normal_pre,unloaded,baseline,low,False,False,False,False,0.0
d3e31330-37b4-4c44-bd02-2615e3fcaaa1,fixed,68,benign_cpu_unseen,unloaded,cpu,high,False,True,True,False,0.0
d3e31330-37b4-4c44-bd02-2615e3fcaaa1,fixed,69,benign_cpu_unseen,unloaded,cpu,high,False,True,True,False,0.0
d3e31330-37b4-4c44-bd02-2615e3fcaaa1,fixed,70,benign_cpu_unseen,unloaded,cpu,high,False,True,True,False,0.0
d3e31330-37b4-4c44-bd02-2615e3fcaaa1,fixed,71,benign_cpu_unseen,unloaded,cpu,high,False,False,False,False,0.0
d3e31330-37b4-4c44-bd02-2615e3fcaaa1,fixed,72,benign_cpu_unseen,unloaded,cpu,high,False,True,True,False,0.0
d3e31330-37b4-4c44-bd02-2615e3fcaaa1,fixed,73,benign_cpu_unseen,unloaded,cpu,high,False,True,True,False,0.0
d3e31330-37b4-4c44-bd02-2615e3fcaaa1,fixed,74,benign_cpu_unseen,unloaded,cpu,high,False,True,True,False,0.0
d3e31330-37b4-4c44-bd02-2615e3fcaaa1,fixed,75,benign_cpu_unseen,unloaded,cpu,high,False,True,True,False,0.0
d3e31330-37b4-4c44-bd02-2615e3fcaaa1,fixed,76,benign_cpu_unseen,unloaded,cpu,high,False,True,True,False,0.0
d3e31330-37b4-4c44-bd02-2615e3fcaaa1,fixed,77,benign_cpu_unseen,unloaded,cpu,high,False,True,True,False,0.0
d3e31330-37b4-4c44-bd02-2615e3fcaaa1,fixed,78,benign_cpu_unseen,unloaded,cpu,high,False,True,True,False,0.0
d3e31330-37b4-4c44-bd02-2615e3fcaaa1,fixed,79,benign_cpu_unseen,unloaded,cpu,high,False,True,True,False,0.0
d3e31330-37b4-4c44-bd02-2615e3fcaaa1,fixed,80,benign_cpu_unseen,unloaded,cpu,high,False,True,True,False,0.0
d3e31330-37b4-4c44-bd02-2615e3fcaaa1,fixed,81,benign_cpu_unseen,unloaded,cpu,high,False,True,True,False,0.0
d3e31330-37b4-4c44-bd02-2615e3fcaaa1,fixed,82,benign_cpu_unseen,unloaded,cpu,high,False,True,True,False,0.0
d3e31330-37b4-4c44-bd02-2615e3fcaaa1,fixed,83,benign_cpu_unseen,unloaded,cpu,high,False,True,True,False,0.0
d3e31330-37b4-4c44-bd02-2615e3fcaaa1,fixed,84,benign_cpu_unseen,unloaded,cpu,high,False,True,True,False,0.0
d3e31330-37b4-4c44-bd02-2615e3fcaaa1,fixed,85,benign_cpu_unseen,unloaded,cpu,high,False,True,True,False,0.0
d3e31330-37b4-4c44-bd02-2615e3fcaaa1,fixed,86,benign_cpu_unseen,unloaded,cpu,high,False,True,True,False,0.0
d3e31330-37b4-4c44-bd02-2615e3fcaaa1,fixed,87,benign_cpu_unseen,unloaded,cpu,high,False,True,True,False,0.0
d3e31330-37b4-4c44-bd02-2615e3fcaaa1,fixed,88,benign_cpu_unseen,unloaded,cpu,high,False,True,True,False,0.0
d3e31330-37b4-4c44-bd02-2615e3fcaaa1,fixed,89,benign_cpu_unseen,unloaded,cpu,high,False,True,True,False,0.0
d3e31330-37b4-4c44-bd02-2615e3fcaaa1,fixed,90,benign_cpu_unseen,unloaded,cpu,high,False,True,True,False,0.0
d3e31330-37b4-4c44-bd02-2615e3fcaaa1,fixed,91,benign_cpu_unseen,unloaded,cpu,high,False,True,True,False,0.0
d3e31330-37b4-4c44-bd02-2615e3fcaaa1,fixed,92,benign_cpu_unseen,unloaded,cpu,high,False,True,True,False,0.0
d3e31330-37b4-4c44-bd02-2615e3fcaaa1,fixed,93,benign_cpu_unseen,unloaded,cpu,high,False,True,True,False,0.0
d3e31330-37b4-4c44-bd02-2615e3fcaaa1,fixed,94,benign_cpu_unseen,unloaded,cpu,high,False,True,True,False,0.0
d3e31330-37b4-4c44-bd02-2615e3fcaaa1,fixed,95,benign_cpu_unseen,unloaded,cpu,high,False,True,True,False,0.0
d3e31330-37b4-4c44-bd02-2615e3fcaaa1,fixed,96,benign_cpu_unseen,unloaded,cpu,high,False,True,True,False,0.0
d3e31330-37b4-4c44-bd02-2615e3fcaaa1,fixed,97,benign_cpu_unseen,unloaded,cpu,high,False,True,True,False,0.0
d3e31330-37b4-4c44-bd02-2615e3fcaaa1,fixed,98,benign_cpu_unseen,unloaded,cpu,high,False,True,True,False,0.0
d3e31330-37b4-4c44-bd02-2615e3fcaaa1,fixed,99,benign_cpu_unseen,unloaded,cpu,high,False,True,True,False,0.0
d3e31330-37b4-4c44-bd02-2615e3fcaaa1,fixed,100,benign_cpu_unseen,unloaded,cpu,high,False,True,True,False,0.0
d3e31330-37b4-4c44-bd02-2615e3fcaaa1,fixed,101,benign_cpu_unseen,unloaded,cpu,high,False,True,True,False,0.0
d3e31330-37b4-4c44-bd02-2615e3fcaaa1,fixed,102,benign_cpu_unseen,unloaded,cpu,high,False,True,True,False,0.0
d3e31330-37b4-4c44-bd02-2615e3fcaaa1,fixed,103,benign_cpu_unseen,unloaded,cpu,high,False,True,True,False,0.0
d3e31330-37b4-4c44-bd02-2615e3fcaaa1,fixed,104,benign_cpu_unseen,unloaded,cpu,high,False,True,True,False,0.0
d3e31330-37b4-4c44-bd02-2615e3fcaaa1,fixed,105,benign_cpu_unseen,unloaded,cpu,high,False,True,True,False,0.0
d3e31330-37b4-4c44-bd02-2615e3fcaaa1,fixed,106,benign_cpu_unseen,unloaded,cpu,high,False,True,True,False,0.0
d3e31330-37b4-4c44-bd02-2615e3fcaaa1,fixed,107,benign_cpu_unseen,unloaded,cpu,high,False,True,True,False,0.0
d3e31330-37b4-4c44-bd02-2615e3fcaaa1,fixed,108,benign_memory_unseen,unloaded,memory,low,False,True,True,False,0.0
d3e31330-37b4-4c44-bd02-2615e3fcaaa1,fixed,109,benign_memory_unseen,unloaded,memory,low,False,False,False,False,0.0
d3e31330-37b4-4c44-bd02-2615e3fcaaa1,fixed,110,benign_memory_unseen,unloaded,memory,low,False,False,False,False,0.0
d3e31330-37b4-4c44-bd02-2615e3fcaaa1,fixed,111,benign_memory_unseen,unloaded,memory,low,False,False,False,False,0.0
d3e31330-37b4-4c44-bd02-2615e3fcaaa1,fixed,112,benign_memory_unseen,unloaded,memory,low,False,False,False,False,0.0
d3e31330-37b4-4c44-bd02-2615e3fcaaa1,fixed,113,benign_memory_unseen,unloaded,memory,low,False,True,True,False,0.0
d3e31330-37b4-4c44-bd02-2615e3fcaaa1,fixed,114,benign_memory_unseen,unloaded,memory,low,False,False,False,False,0.0
d3e31330-37b4-4c44-bd02-2615e3fcaaa1,fixed,115,benign_memory_unseen,unloaded,memory,low,False,True,True,False,0.0
d3e31330-37b4-4c44-bd02-2615e3fcaaa1,fixed,116,benign_memory_unseen,unloaded,memory,low,False,False,False,False,0.0
d3e31330-37b4-4c44-bd02-2615e3fcaaa1,fixed,117,benign_memory_unseen,unloaded,memory,low,False,False,False,False,0.0
d3e31330-37b4-4c44-bd02-2615e3fcaaa1,fixed,118,benign_memory_unseen,unloaded,memory,low,False,False,False,False,0.0
d3e31330-37b4-4c44-bd02-2615e3fcaaa1,fixed,119,benign_memory_unseen,unloaded,memory,low,False,False,False,False,0.0
d3e31330-37b4-4c44-bd02-2615e3fcaaa1,fixed,120,benign_memory_unseen,unloaded,memory,low,False,False,False,False,0.0
d3e31330-37b4-4c44-bd02-2615e3fcaaa1,fixed,121,benign_memory_unseen,unloaded,memory,low,False,False,False,False,0.0
d3e31330-37b4-4c44-bd02-2615e3fcaaa1,fixed,122,benign_memory_unseen,unloaded,memory,low,False,False,False,False,0.0
d3e31330-37b4-4c44-bd02-2615e3fcaaa1,fixed,123,benign_memory_unseen,unloaded,memory,low,False,False,False,False,0.0
d3e31330-37b4-4c44-bd02-2615e3fcaaa1,fixed,124,benign_memory_unseen,unloaded,memory,low,False,False,False,False,0.0
d3e31330-37b4-4c44-bd02-2615e3fcaaa1,fixed,125,benign_memory_unseen,unloaded,memory,low,False,True,True,False,0.0
d3e31330-37b4-4c44-bd02-2615e3fcaaa1,fixed,126,benign_memory_unseen,unloaded,memory,low,False,True,True,False,0.0
d3e31330-37b4-4c44-bd02-2615e3fcaaa1,fixed,127,benign_memory_unseen,unloaded,memory,low,False,False,False,False,0.0
d3e31330-37b4-4c44-bd02-2615e3fcaaa1,fixed,128,benign_memory_unseen,unloaded,memory,low,False,False,False,False,0.0
d3e31330-37b4-4c44-bd02-2615e3fcaaa1,fixed,129,benign_memory_unseen,unloaded,memory,low,False,True,True,False,0.0
d3e31330-37b4-4c44-bd02-2615e3fcaaa1,fixed,130,benign_memory_unseen,unloaded,memory,low,False,False,False,False,0.0
d3e31330-37b4-4c44-bd02-2615e3fcaaa1,fixed,131,benign_memory_unseen,unloaded,memory,low,False,True,True,False,0.0
d3e31330-37b4-4c44-bd02-2615e3fcaaa1,fixed,132,benign_memory_unseen,unloaded,memory,low,False,True,True,False,0.0
d3e31330-37b4-4c44-bd02-2615e3fcaaa1,fixed,133,benign_memory_unseen,unloaded,memory,low,False,True,True,False,0.0
d3e31330-37b4-4c44-bd02-2615e3fcaaa1,fixed,134,benign_memory_unseen,unloaded,memory,low,False,False,False,False,0.0
d3e31330-37b4-4c44-bd02-2615e3fcaaa1,fixed,135,benign_memory_unseen,unloaded,memory,low,False,False,False,False,0.0
d3e31330-37b4-4c44-bd02-2615e3fcaaa1,fixed,136,benign_memory_unseen,unloaded,memory,low,False,True,True,False,0.0
d3e31330-37b4-4c44-bd02-2615e3fcaaa1,fixed,137,benign_memory_unseen,unloaded,memory,low,False,False,False,False,0.0
d3e31330-37b4-4c44-bd02-2615e3fcaaa1,fixed,138,benign_memory_unseen,unloaded,memory,low,False,False,False,False,0.0
d3e31330-37b4-4c44-bd02-2615e3fcaaa1,fixed,139,benign_memory_unseen,unloaded,memory,low,False,False,False,False,0.0
d3e31330-37b4-4c44-bd02-2615e3fcaaa1,fixed,140,benign_memory_unseen,unloaded,memory,low,False,True,True,False,0.0
d3e31330-37b4-4c44-bd02-2615e3fcaaa1,fixed,141,benign_memory_unseen,unloaded,memory,low,False,False,False,False,0.0
d3e31330-37b4-4c44-bd02-2615e3fcaaa1,fixed,142,benign_memory_unseen,unloaded,memory,low,False,True,True,False,0.0
d3e31330-37b4-4c44-bd02-2615e3fcaaa1,fixed,143,benign_memory_unseen,unloaded,memory,low,False,True,True,False,0.0
d3e31330-37b4-4c44-bd02-2615e3fcaaa1,fixed,144,benign_memory_unseen,unloaded,memory,low,False,True,True,False,0.0
d3e31330-37b4-4c44-bd02-2615e3fcaaa1,fixed,145,benign_memory_unseen,unloaded,memory,low,False,False,False,False,0.0
d3e31330-37b4-4c44-bd02-2615e3fcaaa1,fixed,146,benign_memory_unseen,unloaded,memory,low,False,False,False,False,0.0
d3e31330-37b4-4c44-bd02-2615e3fcaaa1,fixed,147,benign_memory_unseen,unloaded,memory,low,False,False,False,False,0.0
d3e31330-37b4-4c44-bd02-2615e3fcaaa1,fixed,148,benign_mixed_unseen,unloaded,mixed,high,False,True,True,False,0.0
d3e31330-37b4-4c44-bd02-2615e3fcaaa1,fixed,149,benign_mixed_unseen,unloaded,mixed,high,False,True,True,False,0.0
d3e31330-37b4-4c44-bd02-2615e3fcaaa1,fixed,150,benign_mixed_unseen,unloaded,mixed,high,False,True,True,False,0.0
d3e31330-37b4-4c44-bd02-2615e3fcaaa1,fixed,151,benign_mixed_unseen,unloaded,mixed,high,False,True,True,False,0.0
d3e31330-37b4-4c44-bd02-2615e3fcaaa1,fixed,152,benign_mixed_unseen,unloaded,mixed,high,False,True,True,False,0.0
d3e31330-37b4-4c44-bd02-2615e3fcaaa1,fixed,153,benign_mixed_unseen,unloaded,mixed,high,False,True,True,False,0.0
d3e31330-37b4-4c44-bd02-2615e3fcaaa1,fixed,154,benign_mixed_unseen,unloaded,mixed,high,False,True,True,False,0.0
d3e31330-37b4-4c44-bd02-2615e3fcaaa1,fixed,155,benign_mixed_unseen,unloaded,mixed,high,False,True,True,False,0.0
d3e31330-37b4-4c44-bd02-2615e3fcaaa1,fixed,156,benign_mixed_unseen,unloaded,mixed,high,False,True,True,False,0.0
d3e31330-37b4-4c44-bd02-2615e3fcaaa1,fixed,157,benign_mixed_unseen,unloaded,mixed,high,False,True,True,False,0.0
d3e31330-37b4-4c44-bd02-2615e3fcaaa1,fixed,158,benign_mixed_unseen,unloaded,mixed,high,False,True,True,False,0.0
d3e31330-37b4-4c44-bd02-2615e3fcaaa1,fixed,159,benign_mixed_unseen,unloaded,mixed,high,False,True,True,False,0.0
d3e31330-37b4-4c44-bd02-2615e3fcaaa1,fixed,160,benign_mixed_unseen,unloaded,mixed,high,False,True,True,False,0.0
d3e31330-37b4-4c44-bd02-2615e3fcaaa1,fixed,161,benign_mixed_unseen,unloaded,mixed,high,False,True,True,False,0.0
d3e31330-37b4-4c44-bd02-2615e3fcaaa1,fixed,162,benign_mixed_unseen,unloaded,mixed,high,False,True,True,False,0.0
d3e31330-37b4-4c44-bd02-2615e3fcaaa1,fixed,163,benign_mixed_unseen,unloaded,mixed,high,False,True,True,False,0.0
d3e31330-37b4-4c44-bd02-2615e3fcaaa1,fixed,164,benign_mixed_unseen,unloaded,mixed,high,False,True,True,False,0.0
d3e31330-37b4-4c44-bd02-2615e3fcaaa1,fixed,165,benign_mixed_unseen,unloaded,mixed,high,False,True,True,False,0.0
d3e31330-37b4-4c44-bd02-2615e3fcaaa1,fixed,166,benign_mixed_unseen,unloaded,mixed,high,False,True,True,False,0.0
d3e31330-37b4-4c44-bd02-2615e3fcaaa1,fixed,167,benign_mixed_unseen,unloaded,mixed,high,False,True,True,False,0.0
d3e31330-37b4-4c44-bd02-2615e3fcaaa1,fixed,168,benign_mixed_unseen,unloaded,mixed,high,False,True,True,False,0.0
d3e31330-37b4-4c44-bd02-2615e3fcaaa1,fixed,169,benign_mixed_unseen,unloaded,mixed,high,False,True,True,False,0.0
d3e31330-37b4-4c44-bd02-2615e3fcaaa1,fixed,170,benign_mixed_unseen,unloaded,mixed,high,False,True,True,False,0.0
d3e31330-37b4-4c44-bd02-2615e3fcaaa1,fixed,171,benign_mixed_unseen,unloaded,mixed,high,False,True,True,False,0.0
d3e31330-37b4-4c44-bd02-2615e3fcaaa1,fixed,172,benign_mixed_unseen,unloaded,mixed,high,False,True,True,False,0.0
d3e31330-37b4-4c44-bd02-2615e3fcaaa1,fixed,173,benign_mixed_unseen,unloaded,mixed,high,False,True,True,False,0.0
d3e31330-37b4-4c44-bd02-2615e3fcaaa1,fixed,174,benign_mixed_unseen,unloaded,mixed,high,False,True,True,False,0.0
d3e31330-37b4-4c44-bd02-2615e3fcaaa1,fixed,175,benign_mixed_unseen,unloaded,mixed,high,False,True,True,False,0.0
d3e31330-37b4-4c44-bd02-2615e3fcaaa1,fixed,176,benign_mixed_unseen,unloaded,mixed,high,False,True,True,False,0.0
d3e31330-37b4-4c44-bd02-2615e3fcaaa1,fixed,177,benign_mixed_unseen,unloaded,mixed,high,False,True,True,False,0.0
d3e31330-37b4-4c44-bd02-2615e3fcaaa1,fixed,178,benign_mixed_unseen,unloaded,mixed,high,False,True,True,False,0.0
d3e31330-37b4-4c44-bd02-2615e3fcaaa1,fixed,179,benign_mixed_unseen,unloaded,mixed,high,False,True,True,False,0.0
d3e31330-37b4-4c44-bd02-2615e3fcaaa1,fixed,180,benign_mixed_unseen,unloaded,mixed,high,False,True,True,False,0.0
d3e31330-37b4-4c44-bd02-2615e3fcaaa1,fixed,181,benign_mixed_unseen,unloaded,mixed,high,False,True,True,False,0.0
d3e31330-37b4-4c44-bd02-2615e3fcaaa1,fixed,182,benign_mixed_unseen,unloaded,mixed,high,False,True,True,False,0.0
d3e31330-37b4-4c44-bd02-2615e3fcaaa1,fixed,183,benign_mixed_unseen,unloaded,mixed,high,False,True,True,False,0.0
d3e31330-37b4-4c44-bd02-2615e3fcaaa1,fixed,184,benign_mixed_unseen,unloaded,mixed,high,False,True,True,False,0.0
d3e31330-37b4-4c44-bd02-2615e3fcaaa1,fixed,185,benign_mixed_unseen,unloaded,mixed,high,False,True,True,False,0.0
d3e31330-37b4-4c44-bd02-2615e3fcaaa1,fixed,186,benign_mixed_unseen,unloaded,mixed,high,False,True,True,False,0.0
d3e31330-37b4-4c44-bd02-2615e3fcaaa1,fixed,187,benign_mixed_unseen,unloaded,mixed,high,False,True,True,False,0.0
d3e31330-37b4-4c44-bd02-2615e3fcaaa1,fixed,188,normal_recovery_1,unloaded,baseline,low,False,True,True,False,0.0
d3e31330-37b4-4c44-bd02-2615e3fcaaa1,fixed,189,normal_recovery_1,unloaded,baseline,low,False,False,False,False,0.0
d3e31330-37b4-4c44-bd02-2615e3fcaaa1,fixed,190,normal_recovery_1,unloaded,baseline,low,False,False,False,False,0.0
d3e31330-37b4-4c44-bd02-2615e3fcaaa1,fixed,191,normal_recovery_1,unloaded,baseline,low,False,False,False,False,0.0
d3e31330-37b4-4c44-bd02-2615e3fcaaa1,fixed,192,normal_recovery_1,unloaded,baseline,low,False,False,False,False,0.0
d3e31330-37b4-4c44-bd02-2615e3fcaaa1,fixed,193,normal_recovery_1,unloaded,baseline,low,False,False,False,False,0.0
d3e31330-37b4-4c44-bd02-2615e3fcaaa1,fixed,194,normal_recovery_1,unloaded,baseline,low,False,False,False,False,0.0
d3e31330-37b4-4c44-bd02-2615e3fcaaa1,fixed,195,normal_recovery_1,unloaded,baseline,low,False,False,False,False,0.0
d3e31330-37b4-4c44-bd02-2615e3fcaaa1,fixed,196,normal_recovery_1,unloaded,baseline,low,False,False,False,False,0.0
d3e31330-37b4-4c44-bd02-2615e3fcaaa1,fixed,197,normal_recovery_1,unloaded,baseline,low,False,False,False,False,0.0
d3e31330-37b4-4c44-bd02-2615e3fcaaa1,fixed,198,normal_recovery_1,unloaded,baseline,low,False,False,False,False,0.0
d3e31330-37b4-4c44-bd02-2615e3fcaaa1,fixed,199,normal_recovery_1,unloaded,baseline,low,False,False,False,False,0.0
d3e31330-37b4-4c44-bd02-2615e3fcaaa1,fixed,200,normal_recovery_1,unloaded,baseline,low,False,False,False,False,0.0
d3e31330-37b4-4c44-bd02-2615e3fcaaa1,fixed,201,normal_recovery_1,unloaded,baseline,low,False,False,False,False,0.0
d3e31330-37b4-4c44-bd02-2615e3fcaaa1,fixed,202,normal_recovery_1,unloaded,baseline,low,False,False,False,False,0.0
d3e31330-37b4-4c44-bd02-2615e3fcaaa1,fixed,203,normal_recovery_1,unloaded,baseline,low,False,False,False,False,0.0
d3e31330-37b4-4c44-bd02-2615e3fcaaa1,fixed,204,normal_recovery_1,unloaded,baseline,low,False,False,False,False,0.0
d3e31330-37b4-4c44-bd02-2615e3fcaaa1,fixed,205,normal_recovery_1,unloaded,baseline,low,False,False,False,False,0.0
d3e31330-37b4-4c44-bd02-2615e3fcaaa1,fixed,206,normal_recovery_1,unloaded,baseline,low,False,False,False,False,0.0
d3e31330-37b4-4c44-bd02-2615e3fcaaa1,fixed,207,normal_recovery_1,unloaded,baseline,low,False,False,False,False,0.0
d3e31330-37b4-4c44-bd02-2615e3fcaaa1,fixed,208,attack_baseline,hiding,baseline,low,True,True,True,False,0.0
d3e31330-37b4-4c44-bd02-2615e3fcaaa1,fixed,209,attack_baseline,hiding,baseline,low,True,True,True,False,0.0
d3e31330-37b4-4c44-bd02-2615e3fcaaa1,fixed,210,attack_baseline,hiding,baseline,low,True,True,True,False,0.0
d3e31330-37b4-4c44-bd02-2615e3fcaaa1,fixed,211,attack_baseline,hiding,baseline,low,True,True,True,False,0.0
d3e31330-37b4-4c44-bd02-2615e3fcaaa1,fixed,212,attack_baseline,hiding,baseline,low,True,True,True,False,0.0
d3e31330-37b4-4c44-bd02-2615e3fcaaa1,fixed,213,attack_baseline,hiding,baseline,low,True,True,True,False,0.0
d3e31330-37b4-4c44-bd02-2615e3fcaaa1,fixed,214,attack_baseline,hiding,baseline,low,True,True,True,False,0.0
d3e31330-37b4-4c44-bd02-2615e3fcaaa1,fixed,215,attack_baseline,hiding,baseline,low,True,True,True,False,0.0
d3e31330-37b4-4c44-bd02-2615e3fcaaa1,fixed,216,attack_baseline,hiding,baseline,low,True,True,True,False,0.0
d3e31330-37b4-4c44-bd02-2615e3fcaaa1,fixed,217,attack_baseline,hiding,baseline,low,True,True,True,False,0.0
d3e31330-37b4-4c44-bd02-2615e3fcaaa1,fixed,218,attack_baseline,hiding,baseline,low,True,True,True,False,0.0
d3e31330-37b4-4c44-bd02-2615e3fcaaa1,fixed,219,attack_baseline,hiding,baseline,low,True,True,True,False,0.0
d3e31330-37b4-4c44-bd02-2615e3fcaaa1,fixed,220,attack_baseline,hiding,baseline,low,True,True,True,False,0.0
d3e31330-37b4-4c44-bd02-2615e3fcaaa1,fixed,221,attack_baseline,hiding,baseline,low,True,True,True,False,0.0
d3e31330-37b4-4c44-bd02-2615e3fcaaa1,fixed,222,attack_baseline,hiding,baseline,low,True,True,True,False,0.0
d3e31330-37b4-4c44-bd02-2615e3fcaaa1,fixed,223,attack_baseline,hiding,baseline,low,True,True,True,False,0.0
d3e31330-37b4-4c44-bd02-2615e3fcaaa1,fixed,224,attack_baseline,hiding,baseline,low,True,True,True,False,0.0
d3e31330-37b4-4c44-bd02-2615e3fcaaa1,fixed,225,attack_baseline,hiding,baseline,low,True,True,True,False,0.0
d3e31330-37b4-4c44-bd02-2615e3fcaaa1,fixed,226,attack_baseline,hiding,baseline,low,True,True,True,False,0.0
d3e31330-37b4-4c44-bd02-2615e3fcaaa1,fixed,227,attack_baseline,hiding,baseline,low,True,True,True,False,0.0
d3e31330-37b4-4c44-bd02-2615e3fcaaa1,fixed,228,attack_baseline,hiding,baseline,low,True,True,True,False,0.0
d3e31330-37b4-4c44-bd02-2615e3fcaaa1,fixed,229,attack_baseline,hiding,baseline,low,True,True,True,False,0.0
d3e31330-37b4-4c44-bd02-2615e3fcaaa1,fixed,230,attack_baseline,hiding,baseline,low,True,True,True,False,0.0
d3e31330-37b4-4c44-bd02-2615e3fcaaa1,fixed,231,attack_baseline,hiding,baseline,low,True,True,True,False,0.0
d3e31330-37b4-4c44-bd02-2615e3fcaaa1,fixed,232,attack_baseline,hiding,baseline,low,True,True,True,False,0.0
d3e31330-37b4-4c44-bd02-2615e3fcaaa1,fixed,233,attack_baseline,hiding,baseline,low,True,True,True,False,0.0
d3e31330-37b4-4c44-bd02-2615e3fcaaa1,fixed,234,attack_baseline,hiding,baseline,low,True,True,True,False,0.0
d3e31330-37b4-4c44-bd02-2615e3fcaaa1,fixed,235,attack_baseline,hiding,baseline,low,True,True,True,False,0.0
d3e31330-37b4-4c44-bd02-2615e3fcaaa1,fixed,236,attack_baseline,hiding,baseline,low,True,True,True,False,0.0
d3e31330-37b4-4c44-bd02-2615e3fcaaa1,fixed,237,attack_baseline,hiding,baseline,low,True,True,True,False,0.0
d3e31330-37b4-4c44-bd02-2615e3fcaaa1,fixed,238,attack_baseline,hiding,baseline,low,True,True,True,False,0.0
d3e31330-37b4-4c44-bd02-2615e3fcaaa1,fixed,239,attack_baseline,hiding,baseline,low,True,True,True,False,0.0
d3e31330-37b4-4c44-bd02-2615e3fcaaa1,fixed,240,attack_baseline,hiding,baseline,low,True,True,True,False,0.0
d3e31330-37b4-4c44-bd02-2615e3fcaaa1,fixed,241,attack_baseline,hiding,baseline,low,True,True,True,False,0.0
d3e31330-37b4-4c44-bd02-2615e3fcaaa1,fixed,242,attack_baseline,hiding,baseline,low,True,True,True,False,0.0
d3e31330-37b4-4c44-bd02-2615e3fcaaa1,fixed,243,attack_baseline,hiding,baseline,low,True,True,True,False,0.0
d3e31330-37b4-4c44-bd02-2615e3fcaaa1,fixed,244,attack_baseline,hiding,baseline,low,True,True,True,False,0.0
d3e31330-37b4-4c44-bd02-2615e3fcaaa1,fixed,245,attack_baseline,hiding,baseline,low,True,True,True,False,0.0
d3e31330-37b4-4c44-bd02-2615e3fcaaa1,fixed,246,attack_baseline,hiding,baseline,low,True,True,True,False,0.0
d3e31330-37b4-4c44-bd02-2615e3fcaaa1,fixed,247,attack_baseline,hiding,baseline,low,True,True,True,False,0.0
d3e31330-37b4-4c44-bd02-2615e3fcaaa1,fixed,248,attack_cpu,hiding,cpu,high,True,True,True,False,0.0
d3e31330-37b4-4c44-bd02-2615e3fcaaa1,fixed,249,attack_cpu,hiding,cpu,high,True,True,True,False,0.0
d3e31330-37b4-4c44-bd02-2615e3fcaaa1,fixed,250,attack_cpu,hiding,cpu,high,True,True,True,False,0.0
d3e31330-37b4-4c44-bd02-2615e3fcaaa1,fixed,251,attack_cpu,hiding,cpu,high,True,True,True,False,0.0
d3e31330-37b4-4c44-bd02-2615e3fcaaa1,fixed,252,attack_cpu,hiding,cpu,high,True,True,True,False,0.0
d3e31330-37b4-4c44-bd02-2615e3fcaaa1,fixed,253,attack_cpu,hiding,cpu,high,True,True,True,False,0.0
d3e31330-37b4-4c44-bd02-2615e3fcaaa1,fixed,254,attack_cpu,hiding,cpu,high,True,True,True,False,0.0
d3e31330-37b4-4c44-bd02-2615e3fcaaa1,fixed,255,attack_cpu,hiding,cpu,high,True,True,True,False,0.0
d3e31330-37b4-4c44-bd02-2615e3fcaaa1,fixed,256,attack_cpu,hiding,cpu,high,True,True,True,False,0.0
d3e31330-37b4-4c44-bd02-2615e3fcaaa1,fixed,257,attack_cpu,hiding,cpu,high,True,True,True,False,0.0
d3e31330-37b4-4c44-bd02-2615e3fcaaa1,fixed,258,attack_cpu,hiding,cpu,high,True,True,True,False,0.0
d3e31330-37b4-4c44-bd02-2615e3fcaaa1,fixed,259,attack_cpu,hiding,cpu,high,True,True,True,False,0.0
d3e31330-37b4-4c44-bd02-2615e3fcaaa1,fixed,260,attack_cpu,hiding,cpu,high,True,True,True,False,0.0
d3e31330-37b4-4c44-bd02-2615e3fcaaa1,fixed,261,attack_cpu,hiding,cpu,high,True,True,True,False,0.0
d3e31330-37b4-4c44-bd02-2615e3fcaaa1,fixed,262,attack_cpu,hiding,cpu,high,True,True,True,False,0.0
d3e31330-37b4-4c44-bd02-2615e3fcaaa1,fixed,263,attack_cpu,hiding,cpu,high,True,True,True,False,0.0
d3e31330-37b4-4c44-bd02-2615e3fcaaa1,fixed,264,attack_cpu,hiding,cpu,high,True,True,True,False,0.0
d3e31330-37b4-4c44-bd02-2615e3fcaaa1,fixed,265,attack_cpu,hiding,cpu,high,True,True,True,False,0.0
d3e31330-37b4-4c44-bd02-2615e3fcaaa1,fixed,266,attack_cpu,hiding,cpu,high,True,True,True,False,0.0
d3e31330-37b4-4c44-bd02-2615e3fcaaa1,fixed,267,attack_cpu,hiding,cpu,high,True,True,True,False,0.0
d3e31330-37b4-4c44-bd02-2615e3fcaaa1,fixed,268,attack_cpu,hiding,cpu,high,True,True,True,False,0.0
d3e31330-37b4-4c44-bd02-2615e3fcaaa1,fixed,269,attack_cpu,hiding,cpu,high,True,True,True,False,0.0
d3e31330-37b4-4c44-bd02-2615e3fcaaa1,fixed,270,attack_cpu,hiding,cpu,high,True,True,True,False,0.0
d3e31330-37b4-4c44-bd02-2615e3fcaaa1,fixed,271,attack_cpu,hiding,cpu,high,True,True,True,False,0.0
d3e31330-37b4-4c44-bd02-2615e3fcaaa1,fixed,272,attack_cpu,hiding,cpu,high,True,True,True,False,0.0
d3e31330-37b4-4c44-bd02-2615e3fcaaa1,fixed,273,attack_cpu,hiding,cpu,high,True,True,True,False,0.0
d3e31330-37b4-4c44-bd02-2615e3fcaaa1,fixed,274,attack_cpu,hiding,cpu,high,True,True,True,False,0.0
d3e31330-37b4-4c44-bd02-2615e3fcaaa1,fixed,275,attack_cpu,hiding,cpu,high,True,True,True,False,0.0
d3e31330-37b4-4c44-bd02-2615e3fcaaa1,fixed,276,attack_cpu,hiding,cpu,high,True,True,True,False,0.0
d3e31330-37b4-4c44-bd02-2615e3fcaaa1,fixed,277,attack_cpu,hiding,cpu,high,True,True,True,False,0.0
d3e31330-37b4-4c44-bd02-2615e3fcaaa1,fixed,278,attack_cpu,hiding,cpu,high,True,True,True,False,0.0
d3e31330-37b4-4c44-bd02-2615e3fcaaa1,fixed,279,attack_cpu,hiding,cpu,high,True,True,True,False,0.0
d3e31330-37b4-4c44-bd02-2615e3fcaaa1,fixed,280,attack_cpu,hiding,cpu,high,True,True,True,False,0.0
d3e31330-37b4-4c44-bd02-2615e3fcaaa1,fixed,281,attack_cpu,hiding,cpu,high,True,True,True,False,0.0
d3e31330-37b4-4c44-bd02-2615e3fcaaa1,fixed,282,attack_cpu,hiding,cpu,high,True,True,True,False,0.0
d3e31330-37b4-4c44-bd02-2615e3fcaaa1,fixed,283,attack_cpu,hiding,cpu,high,True,True,True,False,0.0
d3e31330-37b4-4c44-bd02-2615e3fcaaa1,fixed,284,attack_cpu,hiding,cpu,high,True,True,True,False,0.0
d3e31330-37b4-4c44-bd02-2615e3fcaaa1,fixed,285,attack_cpu,hiding,cpu,high,True,True,True,False,0.0
d3e31330-37b4-4c44-bd02-2615e3fcaaa1,fixed,286,attack_cpu,hiding,cpu,high,True,True,True,False,0.0
d3e31330-37b4-4c44-bd02-2615e3fcaaa1,fixed,287,attack_cpu,hiding,cpu,high,True,True,True,False,0.0
d3e31330-37b4-4c44-bd02-2615e3fcaaa1,fixed,288,attack_memory_unseen,hiding,memory,low,True,True,True,False,0.0
d3e31330-37b4-4c44-bd02-2615e3fcaaa1,fixed,289,attack_memory_unseen,hiding,memory,low,True,True,True,False,0.0
d3e31330-37b4-4c44-bd02-2615e3fcaaa1,fixed,290,attack_memory_unseen,hiding,memory,low,True,True,True,False,0.0
d3e31330-37b4-4c44-bd02-2615e3fcaaa1,fixed,291,attack_memory_unseen,hiding,memory,low,True,True,True,False,0.0
d3e31330-37b4-4c44-bd02-2615e3fcaaa1,fixed,292,attack_memory_unseen,hiding,memory,low,True,True,True,False,0.0
d3e31330-37b4-4c44-bd02-2615e3fcaaa1,fixed,293,attack_memory_unseen,hiding,memory,low,True,True,True,False,0.0
d3e31330-37b4-4c44-bd02-2615e3fcaaa1,fixed,294,attack_memory_unseen,hiding,memory,low,True,True,True,False,0.0
d3e31330-37b4-4c44-bd02-2615e3fcaaa1,fixed,295,attack_memory_unseen,hiding,memory,low,True,True,True,False,0.0
d3e31330-37b4-4c44-bd02-2615e3fcaaa1,fixed,296,attack_memory_unseen,hiding,memory,low,True,True,True,False,0.0
d3e31330-37b4-4c44-bd02-2615e3fcaaa1,fixed,297,attack_memory_unseen,hiding,memory,low,True,True,True,False,0.0
d3e31330-37b4-4c44-bd02-2615e3fcaaa1,fixed,298,attack_memory_unseen,hiding,memory,low,True,True,True,False,0.0
d3e31330-37b4-4c44-bd02-2615e3fcaaa1,fixed,299,attack_memory_unseen,hiding,memory,low,True,True,True,False,0.0
d3e31330-37b4-4c44-bd02-2615e3fcaaa1,fixed,300,attack_memory_unseen,hiding,memory,low,True,True,True,False,0.0
d3e31330-37b4-4c44-bd02-2615e3fcaaa1,fixed,301,attack_memory_unseen,hiding,memory,low,True,True,True,False,0.0
d3e31330-37b4-4c44-bd02-2615e3fcaaa1,fixed,302,attack_memory_unseen,hiding,memory,low,True,True,True,False,0.0
d3e31330-37b4-4c44-bd02-2615e3fcaaa1,fixed,303,attack_memory_unseen,hiding,memory,low,True,True,True,False,0.0
d3e31330-37b4-4c44-bd02-2615e3fcaaa1,fixed,304,attack_memory_unseen,hiding,memory,low,True,True,True,False,0.0
d3e31330-37b4-4c44-bd02-2615e3fcaaa1,fixed,305,attack_memory_unseen,hiding,memory,low,True,True,True,False,0.0
d3e31330-37b4-4c44-bd02-2615e3fcaaa1,fixed,306,attack_memory_unseen,hiding,memory,low,True,True,True,False,0.0
d3e31330-37b4-4c44-bd02-2615e3fcaaa1,fixed,307,attack_memory_unseen,hiding,memory,low,True,True,True,False,0.0
d3e31330-37b4-4c44-bd02-2615e3fcaaa1,fixed,308,attack_memory_unseen,hiding,memory,low,True,True,True,False,0.0
d3e31330-37b4-4c44-bd02-2615e3fcaaa1,fixed,309,attack_memory_unseen,hiding,memory,low,True,True,True,False,0.0
d3e31330-37b4-4c44-bd02-2615e3fcaaa1,fixed,310,attack_memory_unseen,hiding,memory,low,True,True,True,False,0.0
d3e31330-37b4-4c44-bd02-2615e3fcaaa1,fixed,311,attack_memory_unseen,hiding,memory,low,True,True,True,False,0.0
d3e31330-37b4-4c44-bd02-2615e3fcaaa1,fixed,312,attack_memory_unseen,hiding,memory,low,True,True,True,False,0.0
d3e31330-37b4-4c44-bd02-2615e3fcaaa1,fixed,313,attack_memory_unseen,hiding,memory,low,True,True,True,False,0.0
d3e31330-37b4-4c44-bd02-2615e3fcaaa1,fixed,314,attack_memory_unseen,hiding,memory,low,True,True,True,False,0.0
d3e31330-37b4-4c44-bd02-2615e3fcaaa1,fixed,315,attack_memory_unseen,hiding,memory,low,True,True,True,False,0.0
d3e31330-37b4-4c44-bd02-2615e3fcaaa1,fixed,316,attack_memory_unseen,hiding,memory,low,True,True,True,False,0.0
d3e31330-37b4-4c44-bd02-2615e3fcaaa1,fixed,317,attack_memory_unseen,hiding,memory,low,True,True,True,False,0.0
d3e31330-37b4-4c44-bd02-2615e3fcaaa1,fixed,318,attack_memory_unseen,hiding,memory,low,True,True,True,False,0.0
d3e31330-37b4-4c44-bd02-2615e3fcaaa1,fixed,319,attack_memory_unseen,hiding,memory,low,True,True,True,False,0.0
d3e31330-37b4-4c44-bd02-2615e3fcaaa1,fixed,320,attack_memory_unseen,hiding,memory,low,True,True,True,False,0.0
d3e31330-37b4-4c44-bd02-2615e3fcaaa1,fixed,321,attack_memory_unseen,hiding,memory,low,True,True,True,False,0.0
d3e31330-37b4-4c44-bd02-2615e3fcaaa1,fixed,322,attack_memory_unseen,hiding,memory,low,True,True,True,False,0.0
d3e31330-37b4-4c44-bd02-2615e3fcaaa1,fixed,323,attack_memory_unseen,hiding,memory,low,True,True,True,False,0.0
d3e31330-37b4-4c44-bd02-2615e3fcaaa1,fixed,324,attack_memory_unseen,hiding,memory,low,True,True,True,False,0.0
d3e31330-37b4-4c44-bd02-2615e3fcaaa1,fixed,325,attack_memory_unseen,hiding,memory,low,True,True,True,False,0.0
d3e31330-37b4-4c44-bd02-2615e3fcaaa1,fixed,326,attack_memory_unseen,hiding,memory,low,True,True,True,False,0.0
d3e31330-37b4-4c44-bd02-2615e3fcaaa1,fixed,327,attack_memory_unseen,hiding,memory,low,True,True,True,False,0.0
d3e31330-37b4-4c44-bd02-2615e3fcaaa1,fixed,328,attack_mixed_unseen,hiding,mixed,high,True,True,True,False,0.0
d3e31330-37b4-4c44-bd02-2615e3fcaaa1,fixed,329,attack_mixed_unseen,hiding,mixed,high,True,True,True,False,0.0
d3e31330-37b4-4c44-bd02-2615e3fcaaa1,fixed,330,attack_mixed_unseen,hiding,mixed,high,True,True,True,False,0.0
d3e31330-37b4-4c44-bd02-2615e3fcaaa1,fixed,331,attack_mixed_unseen,hiding,mixed,high,True,True,True,False,0.0
d3e31330-37b4-4c44-bd02-2615e3fcaaa1,fixed,332,attack_mixed_unseen,hiding,mixed,high,True,True,True,False,0.0
d3e31330-37b4-4c44-bd02-2615e3fcaaa1,fixed,333,attack_mixed_unseen,hiding,mixed,high,True,True,True,False,0.0
d3e31330-37b4-4c44-bd02-2615e3fcaaa1,fixed,334,attack_mixed_unseen,hiding,mixed,high,True,True,True,False,0.0
d3e31330-37b4-4c44-bd02-2615e3fcaaa1,fixed,335,attack_mixed_unseen,hiding,mixed,high,True,True,True,False,0.0
d3e31330-37b4-4c44-bd02-2615e3fcaaa1,fixed,336,attack_mixed_unseen,hiding,mixed,high,True,True,True,False,0.0
d3e31330-37b4-4c44-bd02-2615e3fcaaa1,fixed,337,attack_mixed_unseen,hiding,mixed,high,True,True,True,False,0.0
d3e31330-37b4-4c44-bd02-2615e3fcaaa1,fixed,338,attack_mixed_unseen,hiding,mixed,high,True,True,True,False,0.0
d3e31330-37b4-4c44-bd02-2615e3fcaaa1,fixed,339,attack_mixed_unseen,hiding,mixed,high,True,True,True,False,0.0
d3e31330-37b4-4c44-bd02-2615e3fcaaa1,fixed,340,attack_mixed_unseen,hiding,mixed,high,True,True,True,False,0.0
d3e31330-37b4-4c44-bd02-2615e3fcaaa1,fixed,341,attack_mixed_unseen,hiding,mixed,high,True,True,True,False,0.0
d3e31330-37b4-4c44-bd02-2615e3fcaaa1,fixed,342,attack_mixed_unseen,hiding,mixed,high,True,True,True,False,0.0
d3e31330-37b4-4c44-bd02-2615e3fcaaa1,fixed,343,attack_mixed_unseen,hiding,mixed,high,True,True,True,False,0.0
d3e31330-37b4-4c44-bd02-2615e3fcaaa1,fixed,344,attack_mixed_unseen,hiding,mixed,high,True,True,True,False,0.0
d3e31330-37b4-4c44-bd02-2615e3fcaaa1,fixed,345,attack_mixed_unseen,hiding,mixed,high,True,True,True,False,0.0
d3e31330-37b4-4c44-bd02-2615e3fcaaa1,fixed,346,attack_mixed_unseen,hiding,mixed,high,True,True,True,False,0.0
d3e31330-37b4-4c44-bd02-2615e3fcaaa1,fixed,347,attack_mixed_unseen,hiding,mixed,high,True,True,True,False,0.0
d3e31330-37b4-4c44-bd02-2615e3fcaaa1,fixed,348,attack_mixed_unseen,hiding,mixed,high,True,True,True,False,0.0
d3e31330-37b4-4c44-bd02-2615e3fcaaa1,fixed,349,attack_mixed_unseen,hiding,mixed,high,True,True,True,False,0.0
d3e31330-37b4-4c44-bd02-2615e3fcaaa1,fixed,350,attack_mixed_unseen,hiding,mixed,high,True,True,True,False,0.0
d3e31330-37b4-4c44-bd02-2615e3fcaaa1,fixed,351,attack_mixed_unseen,hiding,mixed,high,True,True,True,False,0.0
d3e31330-37b4-4c44-bd02-2615e3fcaaa1,fixed,352,attack_mixed_unseen,hiding,mixed,high,True,True,True,False,0.0
d3e31330-37b4-4c44-bd02-2615e3fcaaa1,fixed,353,attack_mixed_unseen,hiding,mixed,high,True,True,True,False,0.0
d3e31330-37b4-4c44-bd02-2615e3fcaaa1,fixed,354,attack_mixed_unseen,hiding,mixed,high,True,True,True,False,0.0
d3e31330-37b4-4c44-bd02-2615e3fcaaa1,fixed,355,attack_mixed_unseen,hiding,mixed,high,True,True,True,False,0.0
d3e31330-37b4-4c44-bd02-2615e3fcaaa1,fixed,356,attack_mixed_unseen,hiding,mixed,high,True,True,True,False,0.0
d3e31330-37b4-4c44-bd02-2615e3fcaaa1,fixed,357,attack_mixed_unseen,hiding,mixed,high,True,True,True,False,0.0
d3e31330-37b4-4c44-bd02-2615e3fcaaa1,fixed,358,attack_mixed_unseen,hiding,mixed,high,True,True,True,False,0.0
d3e31330-37b4-4c44-bd02-2615e3fcaaa1,fixed,359,attack_mixed_unseen,hiding,mixed,high,True,True,True,False,0.0
d3e31330-37b4-4c44-bd02-2615e3fcaaa1,fixed,360,attack_mixed_unseen,hiding,mixed,high,True,True,True,False,0.0
d3e31330-37b4-4c44-bd02-2615e3fcaaa1,fixed,361,attack_mixed_unseen,hiding,mixed,high,True,True,True,False,0.0
d3e31330-37b4-4c44-bd02-2615e3fcaaa1,fixed,362,attack_mixed_unseen,hiding,mixed,high,True,True,True,False,0.0
d3e31330-37b4-4c44-bd02-2615e3fcaaa1,fixed,363,attack_mixed_unseen,hiding,mixed,high,True,True,True,False,0.0
d3e31330-37b4-4c44-bd02-2615e3fcaaa1,fixed,364,attack_mixed_unseen,hiding,mixed,high,True,True,True,False,0.0
d3e31330-37b4-4c44-bd02-2615e3fcaaa1,fixed,365,attack_mixed_unseen,hiding,mixed,high,True,True,True,False,0.0
d3e31330-37b4-4c44-bd02-2615e3fcaaa1,fixed,366,attack_mixed_unseen,hiding,mixed,high,True,True,True,False,0.0
d3e31330-37b4-4c44-bd02-2615e3fcaaa1,fixed,367,attack_mixed_unseen,hiding,mixed,high,True,True,True,False,0.0
d3e31330-37b4-4c44-bd02-2615e3fcaaa1,fixed,368,normal_recovery_2,unloaded,baseline,low,False,True,True,False,0.0
d3e31330-37b4-4c44-bd02-2615e3fcaaa1,fixed,369,normal_recovery_2,unloaded,baseline,low,False,False,False,False,0.0
d3e31330-37b4-4c44-bd02-2615e3fcaaa1,fixed,370,normal_recovery_2,unloaded,baseline,low,False,False,False,False,0.0
d3e31330-37b4-4c44-bd02-2615e3fcaaa1,fixed,371,normal_recovery_2,unloaded,baseline,low,False,False,False,False,0.0
d3e31330-37b4-4c44-bd02-2615e3fcaaa1,fixed,372,normal_recovery_2,unloaded,baseline,low,False,False,False,False,0.0
d3e31330-37b4-4c44-bd02-2615e3fcaaa1,fixed,373,normal_recovery_2,unloaded,baseline,low,False,True,True,False,0.0
d3e31330-37b4-4c44-bd02-2615e3fcaaa1,fixed,374,normal_recovery_2,unloaded,baseline,low,False,True,True,False,0.0
d3e31330-37b4-4c44-bd02-2615e3fcaaa1,fixed,375,normal_recovery_2,unloaded,baseline,low,False,True,True,False,0.0
d3e31330-37b4-4c44-bd02-2615e3fcaaa1,fixed,376,normal_recovery_2,unloaded,baseline,low,False,True,True,False,0.0
d3e31330-37b4-4c44-bd02-2615e3fcaaa1,fixed,377,normal_recovery_2,unloaded,baseline,low,False,False,False,False,0.0
d3e31330-37b4-4c44-bd02-2615e3fcaaa1,fixed,378,normal_recovery_2,unloaded,baseline,low,False,True,True,False,0.0
d3e31330-37b4-4c44-bd02-2615e3fcaaa1,fixed,379,normal_recovery_2,unloaded,baseline,low,False,False,False,False,0.0
d3e31330-37b4-4c44-bd02-2615e3fcaaa1,fixed,380,normal_recovery_2,unloaded,baseline,low,False,False,False,False,0.0
d3e31330-37b4-4c44-bd02-2615e3fcaaa1,fixed,381,normal_recovery_2,unloaded,baseline,low,False,False,False,False,0.0
d3e31330-37b4-4c44-bd02-2615e3fcaaa1,fixed,382,normal_recovery_2,unloaded,baseline,low,False,False,False,False,0.0
d3e31330-37b4-4c44-bd02-2615e3fcaaa1,fixed,383,normal_recovery_2,unloaded,baseline,low,False,False,False,False,0.0
d3e31330-37b4-4c44-bd02-2615e3fcaaa1,fixed,384,normal_recovery_2,unloaded,baseline,low,False,False,False,False,0.0
d3e31330-37b4-4c44-bd02-2615e3fcaaa1,fixed,385,normal_recovery_2,unloaded,baseline,low,False,False,False,False,0.0
d3e31330-37b4-4c44-bd02-2615e3fcaaa1,fixed,386,normal_recovery_2,unloaded,baseline,low,False,False,False,False,0.0
d3e31330-37b4-4c44-bd02-2615e3fcaaa1,fixed,387,normal_recovery_2,unloaded,baseline,low,False,False,False,False,0.0
d3e31330-37b4-4c44-bd02-2615e3fcaaa1,fixed,388,sham_negative_baseline,sham,baseline,low,False,False,False,False,0.0
d3e31330-37b4-4c44-bd02-2615e3fcaaa1,fixed,389,sham_negative_baseline,sham,baseline,low,False,False,False,False,0.0
d3e31330-37b4-4c44-bd02-2615e3fcaaa1,fixed,390,sham_negative_baseline,sham,baseline,low,False,False,False,False,0.0
d3e31330-37b4-4c44-bd02-2615e3fcaaa1,fixed,391,sham_negative_baseline,sham,baseline,low,False,True,True,False,0.0
d3e31330-37b4-4c44-bd02-2615e3fcaaa1,fixed,392,sham_negative_baseline,sham,baseline,low,False,False,False,False,0.0
d3e31330-37b4-4c44-bd02-2615e3fcaaa1,fixed,393,sham_negative_baseline,sham,baseline,low,False,False,False,False,0.0
d3e31330-37b4-4c44-bd02-2615e3fcaaa1,fixed,394,sham_negative_baseline,sham,baseline,low,True,True,True,False,0.0
d3e31330-37b4-4c44-bd02-2615e3fcaaa1,fixed,395,sham_negative_baseline,sham,baseline,low,False,True,True,False,0.0
d3e31330-37b4-4c44-bd02-2615e3fcaaa1,fixed,396,sham_negative_baseline,sham,baseline,low,False,False,False,False,0.0
d3e31330-37b4-4c44-bd02-2615e3fcaaa1,fixed,397,sham_negative_baseline,sham,baseline,low,False,False,False,False,0.0
d3e31330-37b4-4c44-bd02-2615e3fcaaa1,fixed,398,sham_negative_cpu,sham,cpu,high,False,True,True,False,0.0
d3e31330-37b4-4c44-bd02-2615e3fcaaa1,fixed,399,sham_negative_cpu,sham,cpu,high,False,True,True,False,0.0
d3e31330-37b4-4c44-bd02-2615e3fcaaa1,fixed,400,sham_negative_cpu,sham,cpu,high,False,True,True,False,0.0
d3e31330-37b4-4c44-bd02-2615e3fcaaa1,fixed,401,sham_negative_cpu,sham,cpu,high,False,True,True,False,0.0
d3e31330-37b4-4c44-bd02-2615e3fcaaa1,fixed,402,sham_negative_cpu,sham,cpu,high,False,True,True,False,0.0
d3e31330-37b4-4c44-bd02-2615e3fcaaa1,fixed,403,sham_negative_cpu,sham,cpu,high,False,True,True,False,0.0
d3e31330-37b4-4c44-bd02-2615e3fcaaa1,fixed,404,sham_negative_cpu,sham,cpu,high,False,True,True,False,0.0
d3e31330-37b4-4c44-bd02-2615e3fcaaa1,fixed,405,sham_negative_cpu,sham,cpu,high,False,True,True,False,0.0
d3e31330-37b4-4c44-bd02-2615e3fcaaa1,fixed,406,sham_negative_cpu,sham,cpu,high,False,True,True,False,0.0
d3e31330-37b4-4c44-bd02-2615e3fcaaa1,fixed,407,sham_negative_cpu,sham,cpu,high,False,True,True,False,0.0
d3e31330-37b4-4c44-bd02-2615e3fcaaa1,blind,48,normal_pre,unloaded,baseline,low,False,False,False,True,0.0
d3e31330-37b4-4c44-bd02-2615e3fcaaa1,blind,49,normal_pre,unloaded,baseline,low,False,False,False,True,0.0
d3e31330-37b4-4c44-bd02-2615e3fcaaa1,blind,50,normal_pre,unloaded,baseline,low,False,False,False,True,0.0
d3e31330-37b4-4c44-bd02-2615e3fcaaa1,blind,51,normal_pre,unloaded,baseline,low,False,False,False,True,0.0
d3e31330-37b4-4c44-bd02-2615e3fcaaa1,blind,52,normal_pre,unloaded,baseline,low,False,False,False,True,0.0
d3e31330-37b4-4c44-bd02-2615e3fcaaa1,blind,53,normal_pre,unloaded,baseline,low,False,False,False,True,0.0
d3e31330-37b4-4c44-bd02-2615e3fcaaa1,blind,54,normal_pre,unloaded,baseline,low,False,False,False,True,0.0
d3e31330-37b4-4c44-bd02-2615e3fcaaa1,blind,55,normal_pre,unloaded,baseline,low,False,False,False,True,0.0
d3e31330-37b4-4c44-bd02-2615e3fcaaa1,blind,56,normal_pre,unloaded,baseline,low,False,False,False,True,0.0
d3e31330-37b4-4c44-bd02-2615e3fcaaa1,blind,57,normal_pre,unloaded,baseline,low,False,False,False,True,0.0
d3e31330-37b4-4c44-bd02-2615e3fcaaa1,blind,58,normal_pre,unloaded,baseline,low,False,False,False,True,0.0
d3e31330-37b4-4c44-bd02-2615e3fcaaa1,blind,59,normal_pre,unloaded,baseline,low,False,False,False,True,0.0
d3e31330-37b4-4c44-bd02-2615e3fcaaa1,blind,60,normal_pre,unloaded,baseline,low,False,False,False,True,0.0
d3e31330-37b4-4c44-bd02-2615e3fcaaa1,blind,61,normal_pre,unloaded,baseline,low,False,False,False,True,0.0
d3e31330-37b4-4c44-bd02-2615e3fcaaa1,blind,62,normal_pre,unloaded,baseline,low,False,False,False,True,0.0
d3e31330-37b4-4c44-bd02-2615e3fcaaa1,blind,63,normal_pre,unloaded,baseline,low,False,False,False,True,0.0
d3e31330-37b4-4c44-bd02-2615e3fcaaa1,blind,64,normal_pre,unloaded,baseline,low,False,True,True,True,0.0
d3e31330-37b4-4c44-bd02-2615e3fcaaa1,blind,65,normal_pre,unloaded,baseline,low,False,False,False,True,0.0
d3e31330-37b4-4c44-bd02-2615e3fcaaa1,blind,66,normal_pre,unloaded,baseline,low,False,False,False,True,0.0
d3e31330-37b4-4c44-bd02-2615e3fcaaa1,blind,67,normal_pre,unloaded,baseline,low,False,False,False,True,0.0
d3e31330-37b4-4c44-bd02-2615e3fcaaa1,blind,68,benign_cpu_unseen,unloaded,cpu,high,False,True,True,True,0.0
d3e31330-37b4-4c44-bd02-2615e3fcaaa1,blind,69,benign_cpu_unseen,unloaded,cpu,high,False,True,True,True,0.0
d3e31330-37b4-4c44-bd02-2615e3fcaaa1,blind,70,benign_cpu_unseen,unloaded,cpu,high,False,True,True,True,0.0
d3e31330-37b4-4c44-bd02-2615e3fcaaa1,blind,71,benign_cpu_unseen,unloaded,cpu,high,False,False,False,True,0.0
d3e31330-37b4-4c44-bd02-2615e3fcaaa1,blind,72,benign_cpu_unseen,unloaded,cpu,high,False,False,False,True,0.0
d3e31330-37b4-4c44-bd02-2615e3fcaaa1,blind,73,benign_cpu_unseen,unloaded,cpu,high,False,True,True,True,0.0
d3e31330-37b4-4c44-bd02-2615e3fcaaa1,blind,74,benign_cpu_unseen,unloaded,cpu,high,False,True,True,True,0.0
d3e31330-37b4-4c44-bd02-2615e3fcaaa1,blind,75,benign_cpu_unseen,unloaded,cpu,high,False,False,False,True,0.0
d3e31330-37b4-4c44-bd02-2615e3fcaaa1,blind,76,benign_cpu_unseen,unloaded,cpu,high,False,False,False,True,0.0
d3e31330-37b4-4c44-bd02-2615e3fcaaa1,blind,77,benign_cpu_unseen,unloaded,cpu,high,False,False,False,True,0.0
d3e31330-37b4-4c44-bd02-2615e3fcaaa1,blind,78,benign_cpu_unseen,unloaded,cpu,high,False,False,False,True,0.0
d3e31330-37b4-4c44-bd02-2615e3fcaaa1,blind,79,benign_cpu_unseen,unloaded,cpu,high,False,False,False,True,0.0
d3e31330-37b4-4c44-bd02-2615e3fcaaa1,blind,80,benign_cpu_unseen,unloaded,cpu,high,False,False,False,True,0.0
d3e31330-37b4-4c44-bd02-2615e3fcaaa1,blind,81,benign_cpu_unseen,unloaded,cpu,high,False,False,False,True,0.0
d3e31330-37b4-4c44-bd02-2615e3fcaaa1,blind,82,benign_cpu_unseen,unloaded,cpu,high,False,False,False,True,0.0
d3e31330-37b4-4c44-bd02-2615e3fcaaa1,blind,83,benign_cpu_unseen,unloaded,cpu,high,False,False,False,True,0.0
d3e31330-37b4-4c44-bd02-2615e3fcaaa1,blind,84,benign_cpu_unseen,unloaded,cpu,high,False,False,False,True,0.0
d3e31330-37b4-4c44-bd02-2615e3fcaaa1,blind,85,benign_cpu_unseen,unloaded,cpu,high,False,False,False,True,0.0
d3e31330-37b4-4c44-bd02-2615e3fcaaa1,blind,86,benign_cpu_unseen,unloaded,cpu,high,False,False,False,True,0.0
d3e31330-37b4-4c44-bd02-2615e3fcaaa1,blind,87,benign_cpu_unseen,unloaded,cpu,high,False,False,False,True,0.0
d3e31330-37b4-4c44-bd02-2615e3fcaaa1,blind,88,benign_cpu_unseen,unloaded,cpu,high,False,False,False,True,0.0
d3e31330-37b4-4c44-bd02-2615e3fcaaa1,blind,89,benign_cpu_unseen,unloaded,cpu,high,False,False,False,True,0.0
d3e31330-37b4-4c44-bd02-2615e3fcaaa1,blind,90,benign_cpu_unseen,unloaded,cpu,high,False,False,False,True,0.0
d3e31330-37b4-4c44-bd02-2615e3fcaaa1,blind,91,benign_cpu_unseen,unloaded,cpu,high,False,False,False,True,0.0
d3e31330-37b4-4c44-bd02-2615e3fcaaa1,blind,92,benign_cpu_unseen,unloaded,cpu,high,False,False,False,True,0.0
d3e31330-37b4-4c44-bd02-2615e3fcaaa1,blind,93,benign_cpu_unseen,unloaded,cpu,high,False,False,False,True,0.0
d3e31330-37b4-4c44-bd02-2615e3fcaaa1,blind,94,benign_cpu_unseen,unloaded,cpu,high,False,False,False,True,0.0
d3e31330-37b4-4c44-bd02-2615e3fcaaa1,blind,95,benign_cpu_unseen,unloaded,cpu,high,False,False,False,True,0.0
d3e31330-37b4-4c44-bd02-2615e3fcaaa1,blind,96,benign_cpu_unseen,unloaded,cpu,high,False,False,False,True,0.0
d3e31330-37b4-4c44-bd02-2615e3fcaaa1,blind,97,benign_cpu_unseen,unloaded,cpu,high,False,False,False,True,0.0
d3e31330-37b4-4c44-bd02-2615e3fcaaa1,blind,98,benign_cpu_unseen,unloaded,cpu,high,False,False,False,True,0.0
d3e31330-37b4-4c44-bd02-2615e3fcaaa1,blind,99,benign_cpu_unseen,unloaded,cpu,high,False,False,False,True,0.0
d3e31330-37b4-4c44-bd02-2615e3fcaaa1,blind,100,benign_cpu_unseen,unloaded,cpu,high,False,False,False,True,0.0
d3e31330-37b4-4c44-bd02-2615e3fcaaa1,blind,101,benign_cpu_unseen,unloaded,cpu,high,False,False,False,True,0.0
d3e31330-37b4-4c44-bd02-2615e3fcaaa1,blind,102,benign_cpu_unseen,unloaded,cpu,high,False,False,False,True,0.0
d3e31330-37b4-4c44-bd02-2615e3fcaaa1,blind,103,benign_cpu_unseen,unloaded,cpu,high,False,False,False,True,0.0
d3e31330-37b4-4c44-bd02-2615e3fcaaa1,blind,104,benign_cpu_unseen,unloaded,cpu,high,False,False,False,True,0.0
d3e31330-37b4-4c44-bd02-2615e3fcaaa1,blind,105,benign_cpu_unseen,unloaded,cpu,high,False,False,False,True,0.0
d3e31330-37b4-4c44-bd02-2615e3fcaaa1,blind,106,benign_cpu_unseen,unloaded,cpu,high,False,False,False,True,0.0
d3e31330-37b4-4c44-bd02-2615e3fcaaa1,blind,107,benign_cpu_unseen,unloaded,cpu,high,False,False,False,True,0.0
d3e31330-37b4-4c44-bd02-2615e3fcaaa1,blind,108,benign_memory_unseen,unloaded,memory,low,False,False,False,True,0.0
d3e31330-37b4-4c44-bd02-2615e3fcaaa1,blind,109,benign_memory_unseen,unloaded,memory,low,False,False,False,True,0.0
d3e31330-37b4-4c44-bd02-2615e3fcaaa1,blind,110,benign_memory_unseen,unloaded,memory,low,False,False,False,True,0.0
d3e31330-37b4-4c44-bd02-2615e3fcaaa1,blind,111,benign_memory_unseen,unloaded,memory,low,False,False,False,True,0.0
d3e31330-37b4-4c44-bd02-2615e3fcaaa1,blind,112,benign_memory_unseen,unloaded,memory,low,False,False,False,True,0.0
d3e31330-37b4-4c44-bd02-2615e3fcaaa1,blind,113,benign_memory_unseen,unloaded,memory,low,False,False,False,True,0.0
d3e31330-37b4-4c44-bd02-2615e3fcaaa1,blind,114,benign_memory_unseen,unloaded,memory,low,False,False,False,True,0.0
d3e31330-37b4-4c44-bd02-2615e3fcaaa1,blind,115,benign_memory_unseen,unloaded,memory,low,False,False,False,True,0.0
d3e31330-37b4-4c44-bd02-2615e3fcaaa1,blind,116,benign_memory_unseen,unloaded,memory,low,False,False,False,True,0.0
d3e31330-37b4-4c44-bd02-2615e3fcaaa1,blind,117,benign_memory_unseen,unloaded,memory,low,False,False,False,True,0.0
d3e31330-37b4-4c44-bd02-2615e3fcaaa1,blind,118,benign_memory_unseen,unloaded,memory,low,False,False,False,True,0.0
d3e31330-37b4-4c44-bd02-2615e3fcaaa1,blind,119,benign_memory_unseen,unloaded,memory,low,False,False,False,True,0.0
d3e31330-37b4-4c44-bd02-2615e3fcaaa1,blind,120,benign_memory_unseen,unloaded,memory,low,False,False,False,True,0.0
d3e31330-37b4-4c44-bd02-2615e3fcaaa1,blind,121,benign_memory_unseen,unloaded,memory,low,False,False,False,True,0.0
d3e31330-37b4-4c44-bd02-2615e3fcaaa1,blind,122,benign_memory_unseen,unloaded,memory,low,False,False,False,True,0.0
d3e31330-37b4-4c44-bd02-2615e3fcaaa1,blind,123,benign_memory_unseen,unloaded,memory,low,False,False,False,True,0.0
d3e31330-37b4-4c44-bd02-2615e3fcaaa1,blind,124,benign_memory_unseen,unloaded,memory,low,False,False,False,True,0.0
d3e31330-37b4-4c44-bd02-2615e3fcaaa1,blind,125,benign_memory_unseen,unloaded,memory,low,False,False,False,True,0.0
d3e31330-37b4-4c44-bd02-2615e3fcaaa1,blind,126,benign_memory_unseen,unloaded,memory,low,False,False,False,True,0.0
d3e31330-37b4-4c44-bd02-2615e3fcaaa1,blind,127,benign_memory_unseen,unloaded,memory,low,False,False,False,True,0.0
d3e31330-37b4-4c44-bd02-2615e3fcaaa1,blind,128,benign_memory_unseen,unloaded,memory,low,False,False,False,True,0.0
d3e31330-37b4-4c44-bd02-2615e3fcaaa1,blind,129,benign_memory_unseen,unloaded,memory,low,False,False,False,True,0.0
d3e31330-37b4-4c44-bd02-2615e3fcaaa1,blind,130,benign_memory_unseen,unloaded,memory,low,False,False,False,True,0.0
d3e31330-37b4-4c44-bd02-2615e3fcaaa1,blind,131,benign_memory_unseen,unloaded,memory,low,False,False,False,True,0.0
d3e31330-37b4-4c44-bd02-2615e3fcaaa1,blind,132,benign_memory_unseen,unloaded,memory,low,False,False,False,True,0.0
d3e31330-37b4-4c44-bd02-2615e3fcaaa1,blind,133,benign_memory_unseen,unloaded,memory,low,False,False,False,True,0.0
d3e31330-37b4-4c44-bd02-2615e3fcaaa1,blind,134,benign_memory_unseen,unloaded,memory,low,False,False,False,True,0.0
d3e31330-37b4-4c44-bd02-2615e3fcaaa1,blind,135,benign_memory_unseen,unloaded,memory,low,False,False,False,True,0.0
d3e31330-37b4-4c44-bd02-2615e3fcaaa1,blind,136,benign_memory_unseen,unloaded,memory,low,False,False,False,True,0.0
d3e31330-37b4-4c44-bd02-2615e3fcaaa1,blind,137,benign_memory_unseen,unloaded,memory,low,False,False,False,True,0.0
d3e31330-37b4-4c44-bd02-2615e3fcaaa1,blind,138,benign_memory_unseen,unloaded,memory,low,False,False,False,True,0.0
d3e31330-37b4-4c44-bd02-2615e3fcaaa1,blind,139,benign_memory_unseen,unloaded,memory,low,False,False,False,True,0.0
d3e31330-37b4-4c44-bd02-2615e3fcaaa1,blind,140,benign_memory_unseen,unloaded,memory,low,False,False,False,True,0.0
d3e31330-37b4-4c44-bd02-2615e3fcaaa1,blind,141,benign_memory_unseen,unloaded,memory,low,False,False,False,True,0.0
d3e31330-37b4-4c44-bd02-2615e3fcaaa1,blind,142,benign_memory_unseen,unloaded,memory,low,False,False,False,True,0.0
d3e31330-37b4-4c44-bd02-2615e3fcaaa1,blind,143,benign_memory_unseen,unloaded,memory,low,False,False,False,True,0.0
d3e31330-37b4-4c44-bd02-2615e3fcaaa1,blind,144,benign_memory_unseen,unloaded,memory,low,False,False,False,True,0.0
d3e31330-37b4-4c44-bd02-2615e3fcaaa1,blind,145,benign_memory_unseen,unloaded,memory,low,False,False,False,True,0.0
d3e31330-37b4-4c44-bd02-2615e3fcaaa1,blind,146,benign_memory_unseen,unloaded,memory,low,False,False,False,True,0.0
d3e31330-37b4-4c44-bd02-2615e3fcaaa1,blind,147,benign_memory_unseen,unloaded,memory,low,False,False,False,True,0.0
d3e31330-37b4-4c44-bd02-2615e3fcaaa1,blind,148,benign_mixed_unseen,unloaded,mixed,high,False,False,False,True,0.0
d3e31330-37b4-4c44-bd02-2615e3fcaaa1,blind,149,benign_mixed_unseen,unloaded,mixed,high,False,False,False,True,0.0
d3e31330-37b4-4c44-bd02-2615e3fcaaa1,blind,150,benign_mixed_unseen,unloaded,mixed,high,False,False,False,True,0.0
d3e31330-37b4-4c44-bd02-2615e3fcaaa1,blind,151,benign_mixed_unseen,unloaded,mixed,high,False,False,False,True,0.0
d3e31330-37b4-4c44-bd02-2615e3fcaaa1,blind,152,benign_mixed_unseen,unloaded,mixed,high,False,False,False,True,0.0
d3e31330-37b4-4c44-bd02-2615e3fcaaa1,blind,153,benign_mixed_unseen,unloaded,mixed,high,False,False,False,True,0.0
d3e31330-37b4-4c44-bd02-2615e3fcaaa1,blind,154,benign_mixed_unseen,unloaded,mixed,high,False,False,False,True,0.0
d3e31330-37b4-4c44-bd02-2615e3fcaaa1,blind,155,benign_mixed_unseen,unloaded,mixed,high,False,False,False,True,0.0
d3e31330-37b4-4c44-bd02-2615e3fcaaa1,blind,156,benign_mixed_unseen,unloaded,mixed,high,False,False,False,True,0.0
d3e31330-37b4-4c44-bd02-2615e3fcaaa1,blind,157,benign_mixed_unseen,unloaded,mixed,high,False,False,False,True,0.0
d3e31330-37b4-4c44-bd02-2615e3fcaaa1,blind,158,benign_mixed_unseen,unloaded,mixed,high,False,False,False,True,0.0
d3e31330-37b4-4c44-bd02-2615e3fcaaa1,blind,159,benign_mixed_unseen,unloaded,mixed,high,False,False,False,True,0.0
d3e31330-37b4-4c44-bd02-2615e3fcaaa1,blind,160,benign_mixed_unseen,unloaded,mixed,high,False,False,False,True,0.0
d3e31330-37b4-4c44-bd02-2615e3fcaaa1,blind,161,benign_mixed_unseen,unloaded,mixed,high,False,False,False,True,0.0
d3e31330-37b4-4c44-bd02-2615e3fcaaa1,blind,162,benign_mixed_unseen,unloaded,mixed,high,False,False,False,True,0.0
d3e31330-37b4-4c44-bd02-2615e3fcaaa1,blind,163,benign_mixed_unseen,unloaded,mixed,high,False,False,False,True,0.0
d3e31330-37b4-4c44-bd02-2615e3fcaaa1,blind,164,benign_mixed_unseen,unloaded,mixed,high,False,False,False,True,0.0
d3e31330-37b4-4c44-bd02-2615e3fcaaa1,blind,165,benign_mixed_unseen,unloaded,mixed,high,False,False,False,True,0.0
d3e31330-37b4-4c44-bd02-2615e3fcaaa1,blind,166,benign_mixed_unseen,unloaded,mixed,high,False,False,False,True,0.0
d3e31330-37b4-4c44-bd02-2615e3fcaaa1,blind,167,benign_mixed_unseen,unloaded,mixed,high,False,False,False,True,0.0
d3e31330-37b4-4c44-bd02-2615e3fcaaa1,blind,168,benign_mixed_unseen,unloaded,mixed,high,False,False,False,True,0.0
d3e31330-37b4-4c44-bd02-2615e3fcaaa1,blind,169,benign_mixed_unseen,unloaded,mixed,high,False,False,False,True,0.0
d3e31330-37b4-4c44-bd02-2615e3fcaaa1,blind,170,benign_mixed_unseen,unloaded,mixed,high,False,False,False,True,0.0
d3e31330-37b4-4c44-bd02-2615e3fcaaa1,blind,171,benign_mixed_unseen,unloaded,mixed,high,False,False,False,True,0.0
d3e31330-37b4-4c44-bd02-2615e3fcaaa1,blind,172,benign_mixed_unseen,unloaded,mixed,high,False,False,False,True,0.0
d3e31330-37b4-4c44-bd02-2615e3fcaaa1,blind,173,benign_mixed_unseen,unloaded,mixed,high,False,False,False,True,0.0
d3e31330-37b4-4c44-bd02-2615e3fcaaa1,blind,174,benign_mixed_unseen,unloaded,mixed,high,False,False,False,True,0.0
d3e31330-37b4-4c44-bd02-2615e3fcaaa1,blind,175,benign_mixed_unseen,unloaded,mixed,high,False,False,False,True,0.0
d3e31330-37b4-4c44-bd02-2615e3fcaaa1,blind,176,benign_mixed_unseen,unloaded,mixed,high,False,False,False,True,0.0
d3e31330-37b4-4c44-bd02-2615e3fcaaa1,blind,177,benign_mixed_unseen,unloaded,mixed,high,False,False,False,True,0.0
d3e31330-37b4-4c44-bd02-2615e3fcaaa1,blind,178,benign_mixed_unseen,unloaded,mixed,high,False,False,False,True,0.0
d3e31330-37b4-4c44-bd02-2615e3fcaaa1,blind,179,benign_mixed_unseen,unloaded,mixed,high,False,False,False,True,0.0
d3e31330-37b4-4c44-bd02-2615e3fcaaa1,blind,180,benign_mixed_unseen,unloaded,mixed,high,False,False,False,True,0.0
d3e31330-37b4-4c44-bd02-2615e3fcaaa1,blind,181,benign_mixed_unseen,unloaded,mixed,high,False,False,False,True,0.0
d3e31330-37b4-4c44-bd02-2615e3fcaaa1,blind,182,benign_mixed_unseen,unloaded,mixed,high,False,False,False,True,0.0
d3e31330-37b4-4c44-bd02-2615e3fcaaa1,blind,183,benign_mixed_unseen,unloaded,mixed,high,False,False,False,True,0.0
d3e31330-37b4-4c44-bd02-2615e3fcaaa1,blind,184,benign_mixed_unseen,unloaded,mixed,high,False,False,False,True,0.0
d3e31330-37b4-4c44-bd02-2615e3fcaaa1,blind,185,benign_mixed_unseen,unloaded,mixed,high,False,False,False,True,0.0
d3e31330-37b4-4c44-bd02-2615e3fcaaa1,blind,186,benign_mixed_unseen,unloaded,mixed,high,False,False,False,True,0.0
d3e31330-37b4-4c44-bd02-2615e3fcaaa1,blind,187,benign_mixed_unseen,unloaded,mixed,high,False,False,False,True,0.0
d3e31330-37b4-4c44-bd02-2615e3fcaaa1,blind,188,normal_recovery_1,unloaded,baseline,low,False,False,False,True,0.0
d3e31330-37b4-4c44-bd02-2615e3fcaaa1,blind,189,normal_recovery_1,unloaded,baseline,low,False,False,False,True,0.0
d3e31330-37b4-4c44-bd02-2615e3fcaaa1,blind,190,normal_recovery_1,unloaded,baseline,low,False,False,False,True,0.0
d3e31330-37b4-4c44-bd02-2615e3fcaaa1,blind,191,normal_recovery_1,unloaded,baseline,low,False,False,False,True,0.0
d3e31330-37b4-4c44-bd02-2615e3fcaaa1,blind,192,normal_recovery_1,unloaded,baseline,low,False,False,False,True,0.0
d3e31330-37b4-4c44-bd02-2615e3fcaaa1,blind,193,normal_recovery_1,unloaded,baseline,low,False,False,False,True,0.0
d3e31330-37b4-4c44-bd02-2615e3fcaaa1,blind,194,normal_recovery_1,unloaded,baseline,low,False,False,False,True,0.0
d3e31330-37b4-4c44-bd02-2615e3fcaaa1,blind,195,normal_recovery_1,unloaded,baseline,low,False,False,False,True,0.0
d3e31330-37b4-4c44-bd02-2615e3fcaaa1,blind,196,normal_recovery_1,unloaded,baseline,low,False,False,False,True,0.0
d3e31330-37b4-4c44-bd02-2615e3fcaaa1,blind,197,normal_recovery_1,unloaded,baseline,low,False,False,False,True,0.0
d3e31330-37b4-4c44-bd02-2615e3fcaaa1,blind,198,normal_recovery_1,unloaded,baseline,low,False,False,False,True,0.0
d3e31330-37b4-4c44-bd02-2615e3fcaaa1,blind,199,normal_recovery_1,unloaded,baseline,low,False,False,False,True,0.0
d3e31330-37b4-4c44-bd02-2615e3fcaaa1,blind,200,normal_recovery_1,unloaded,baseline,low,False,False,False,True,0.0
d3e31330-37b4-4c44-bd02-2615e3fcaaa1,blind,201,normal_recovery_1,unloaded,baseline,low,False,False,False,True,0.0
d3e31330-37b4-4c44-bd02-2615e3fcaaa1,blind,202,normal_recovery_1,unloaded,baseline,low,False,False,False,True,0.0
d3e31330-37b4-4c44-bd02-2615e3fcaaa1,blind,203,normal_recovery_1,unloaded,baseline,low,False,False,False,True,0.0
d3e31330-37b4-4c44-bd02-2615e3fcaaa1,blind,204,normal_recovery_1,unloaded,baseline,low,False,False,False,True,0.0
d3e31330-37b4-4c44-bd02-2615e3fcaaa1,blind,205,normal_recovery_1,unloaded,baseline,low,False,False,False,True,0.0
d3e31330-37b4-4c44-bd02-2615e3fcaaa1,blind,206,normal_recovery_1,unloaded,baseline,low,False,False,False,True,0.0
d3e31330-37b4-4c44-bd02-2615e3fcaaa1,blind,207,normal_recovery_1,unloaded,baseline,low,False,False,False,True,0.0
d3e31330-37b4-4c44-bd02-2615e3fcaaa1,blind,208,attack_baseline,hiding,baseline,low,True,True,True,True,0.05
d3e31330-37b4-4c44-bd02-2615e3fcaaa1,blind,209,attack_baseline,hiding,baseline,low,True,True,True,True,0.1
d3e31330-37b4-4c44-bd02-2615e3fcaaa1,blind,210,attack_baseline,hiding,baseline,low,True,True,True,True,0.15
d3e31330-37b4-4c44-bd02-2615e3fcaaa1,blind,211,attack_baseline,hiding,baseline,low,True,True,True,True,0.2
d3e31330-37b4-4c44-bd02-2615e3fcaaa1,blind,212,attack_baseline,hiding,baseline,low,True,True,True,True,0.25
d3e31330-37b4-4c44-bd02-2615e3fcaaa1,blind,213,attack_baseline,hiding,baseline,low,True,True,True,True,0.3
d3e31330-37b4-4c44-bd02-2615e3fcaaa1,blind,214,attack_baseline,hiding,baseline,low,True,True,True,True,0.35
d3e31330-37b4-4c44-bd02-2615e3fcaaa1,blind,215,attack_baseline,hiding,baseline,low,True,True,True,True,0.4
d3e31330-37b4-4c44-bd02-2615e3fcaaa1,blind,216,attack_baseline,hiding,baseline,low,True,True,True,True,0.45
d3e31330-37b4-4c44-bd02-2615e3fcaaa1,blind,217,attack_baseline,hiding,baseline,low,True,False,False,True,0.5
d3e31330-37b4-4c44-bd02-2615e3fcaaa1,blind,218,attack_baseline,hiding,baseline,low,True,False,False,True,0.55
d3e31330-37b4-4c44-bd02-2615e3fcaaa1,blind,219,attack_baseline,hiding,baseline,low,True,False,False,True,0.6
d3e31330-37b4-4c44-bd02-2615e3fcaaa1,blind,220,attack_baseline,hiding,baseline,low,True,True,True,True,0.65
d3e31330-37b4-4c44-bd02-2615e3fcaaa1,blind,221,attack_baseline,hiding,baseline,low,True,False,False,True,0.7
d3e31330-37b4-4c44-bd02-2615e3fcaaa1,blind,222,attack_baseline,hiding,baseline,low,True,False,False,True,0.75
d3e31330-37b4-4c44-bd02-2615e3fcaaa1,blind,223,attack_baseline,hiding,baseline,low,True,False,False,True,0.8
d3e31330-37b4-4c44-bd02-2615e3fcaaa1,blind,224,attack_baseline,hiding,baseline,low,True,False,False,True,0.85
d3e31330-37b4-4c44-bd02-2615e3fcaaa1,blind,225,attack_baseline,hiding,baseline,low,True,False,False,True,0.9
d3e31330-37b4-4c44-bd02-2615e3fcaaa1,blind,226,attack_baseline,hiding,baseline,low,True,False,False,True,0.95
d3e31330-37b4-4c44-bd02-2615e3fcaaa1,blind,227,attack_baseline,hiding,baseline,low,True,False,False,True,1.0
d3e31330-37b4-4c44-bd02-2615e3fcaaa1,blind,228,attack_baseline,hiding,baseline,low,True,False,False,True,1.0
d3e31330-37b4-4c44-bd02-2615e3fcaaa1,blind,229,attack_baseline,hiding,baseline,low,True,False,False,True,1.0
d3e31330-37b4-4c44-bd02-2615e3fcaaa1,blind,230,attack_baseline,hiding,baseline,low,True,False,False,True,1.0
d3e31330-37b4-4c44-bd02-2615e3fcaaa1,blind,231,attack_baseline,hiding,baseline,low,True,False,False,True,1.0
d3e31330-37b4-4c44-bd02-2615e3fcaaa1,blind,232,attack_baseline,hiding,baseline,low,True,False,False,True,1.0
d3e31330-37b4-4c44-bd02-2615e3fcaaa1,blind,233,attack_baseline,hiding,baseline,low,True,False,False,True,1.0
d3e31330-37b4-4c44-bd02-2615e3fcaaa1,blind,234,attack_baseline,hiding,baseline,low,True,False,False,True,1.0
d3e31330-37b4-4c44-bd02-2615e3fcaaa1,blind,235,attack_baseline,hiding,baseline,low,True,False,False,True,1.0
d3e31330-37b4-4c44-bd02-2615e3fcaaa1,blind,236,attack_baseline,hiding,baseline,low,True,False,False,True,1.0
d3e31330-37b4-4c44-bd02-2615e3fcaaa1,blind,237,attack_baseline,hiding,baseline,low,True,False,False,True,1.0
d3e31330-37b4-4c44-bd02-2615e3fcaaa1,blind,238,attack_baseline,hiding,baseline,low,True,False,False,True,1.0
d3e31330-37b4-4c44-bd02-2615e3fcaaa1,blind,239,attack_baseline,hiding,baseline,low,True,False,False,True,1.0
d3e31330-37b4-4c44-bd02-2615e3fcaaa1,blind,240,attack_baseline,hiding,baseline,low,True,False,False,True,1.0
d3e31330-37b4-4c44-bd02-2615e3fcaaa1,blind,241,attack_baseline,hiding,baseline,low,True,False,False,True,1.0
d3e31330-37b4-4c44-bd02-2615e3fcaaa1,blind,242,attack_baseline,hiding,baseline,low,True,False,False,True,1.0
d3e31330-37b4-4c44-bd02-2615e3fcaaa1,blind,243,attack_baseline,hiding,baseline,low,True,False,False,True,1.0
d3e31330-37b4-4c44-bd02-2615e3fcaaa1,blind,244,attack_baseline,hiding,baseline,low,True,False,False,True,1.0
d3e31330-37b4-4c44-bd02-2615e3fcaaa1,blind,245,attack_baseline,hiding,baseline,low,True,False,False,True,1.0
d3e31330-37b4-4c44-bd02-2615e3fcaaa1,blind,246,attack_baseline,hiding,baseline,low,True,False,False,True,1.0
d3e31330-37b4-4c44-bd02-2615e3fcaaa1,blind,247,attack_baseline,hiding,baseline,low,True,True,True,True,1.0
d3e31330-37b4-4c44-bd02-2615e3fcaaa1,blind,248,attack_cpu,hiding,cpu,high,True,True,True,True,1.0
d3e31330-37b4-4c44-bd02-2615e3fcaaa1,blind,249,attack_cpu,hiding,cpu,high,True,True,True,True,1.0
d3e31330-37b4-4c44-bd02-2615e3fcaaa1,blind,250,attack_cpu,hiding,cpu,high,True,True,True,True,1.0
d3e31330-37b4-4c44-bd02-2615e3fcaaa1,blind,251,attack_cpu,hiding,cpu,high,True,True,True,True,1.0
d3e31330-37b4-4c44-bd02-2615e3fcaaa1,blind,252,attack_cpu,hiding,cpu,high,True,True,True,True,1.0
d3e31330-37b4-4c44-bd02-2615e3fcaaa1,blind,253,attack_cpu,hiding,cpu,high,True,True,True,True,1.0
d3e31330-37b4-4c44-bd02-2615e3fcaaa1,blind,254,attack_cpu,hiding,cpu,high,True,True,True,True,1.0
d3e31330-37b4-4c44-bd02-2615e3fcaaa1,blind,255,attack_cpu,hiding,cpu,high,True,False,False,True,1.0
d3e31330-37b4-4c44-bd02-2615e3fcaaa1,blind,256,attack_cpu,hiding,cpu,high,True,False,False,True,1.0
d3e31330-37b4-4c44-bd02-2615e3fcaaa1,blind,257,attack_cpu,hiding,cpu,high,True,False,False,True,1.0
d3e31330-37b4-4c44-bd02-2615e3fcaaa1,blind,258,attack_cpu,hiding,cpu,high,True,False,False,True,1.0
d3e31330-37b4-4c44-bd02-2615e3fcaaa1,blind,259,attack_cpu,hiding,cpu,high,True,False,False,True,1.0
d3e31330-37b4-4c44-bd02-2615e3fcaaa1,blind,260,attack_cpu,hiding,cpu,high,True,False,False,True,1.0
d3e31330-37b4-4c44-bd02-2615e3fcaaa1,blind,261,attack_cpu,hiding,cpu,high,True,False,False,True,1.0
d3e31330-37b4-4c44-bd02-2615e3fcaaa1,blind,262,attack_cpu,hiding,cpu,high,True,False,False,True,1.0
d3e31330-37b4-4c44-bd02-2615e3fcaaa1,blind,263,attack_cpu,hiding,cpu,high,True,False,False,True,1.0
d3e31330-37b4-4c44-bd02-2615e3fcaaa1,blind,264,attack_cpu,hiding,cpu,high,True,False,False,True,1.0
d3e31330-37b4-4c44-bd02-2615e3fcaaa1,blind,265,attack_cpu,hiding,cpu,high,True,False,False,True,1.0
d3e31330-37b4-4c44-bd02-2615e3fcaaa1,blind,266,attack_cpu,hiding,cpu,high,True,False,False,True,1.0
d3e31330-37b4-4c44-bd02-2615e3fcaaa1,blind,267,attack_cpu,hiding,cpu,high,True,False,False,True,1.0
d3e31330-37b4-4c44-bd02-2615e3fcaaa1,blind,268,attack_cpu,hiding,cpu,high,True,False,False,True,1.0
d3e31330-37b4-4c44-bd02-2615e3fcaaa1,blind,269,attack_cpu,hiding,cpu,high,True,False,False,True,1.0
d3e31330-37b4-4c44-bd02-2615e3fcaaa1,blind,270,attack_cpu,hiding,cpu,high,True,False,False,True,1.0
d3e31330-37b4-4c44-bd02-2615e3fcaaa1,blind,271,attack_cpu,hiding,cpu,high,True,False,False,True,1.0
d3e31330-37b4-4c44-bd02-2615e3fcaaa1,blind,272,attack_cpu,hiding,cpu,high,True,False,False,True,1.0
d3e31330-37b4-4c44-bd02-2615e3fcaaa1,blind,273,attack_cpu,hiding,cpu,high,True,False,False,True,1.0
d3e31330-37b4-4c44-bd02-2615e3fcaaa1,blind,274,attack_cpu,hiding,cpu,high,True,False,False,True,1.0
d3e31330-37b4-4c44-bd02-2615e3fcaaa1,blind,275,attack_cpu,hiding,cpu,high,True,False,False,True,1.0
d3e31330-37b4-4c44-bd02-2615e3fcaaa1,blind,276,attack_cpu,hiding,cpu,high,True,False,False,True,1.0
d3e31330-37b4-4c44-bd02-2615e3fcaaa1,blind,277,attack_cpu,hiding,cpu,high,True,False,False,True,1.0
d3e31330-37b4-4c44-bd02-2615e3fcaaa1,blind,278,attack_cpu,hiding,cpu,high,True,False,False,True,1.0
d3e31330-37b4-4c44-bd02-2615e3fcaaa1,blind,279,attack_cpu,hiding,cpu,high,True,False,False,True,1.0
d3e31330-37b4-4c44-bd02-2615e3fcaaa1,blind,280,attack_cpu,hiding,cpu,high,True,False,False,True,1.0
d3e31330-37b4-4c44-bd02-2615e3fcaaa1,blind,281,attack_cpu,hiding,cpu,high,True,False,False,True,1.0
d3e31330-37b4-4c44-bd02-2615e3fcaaa1,blind,282,attack_cpu,hiding,cpu,high,True,False,False,True,1.0
d3e31330-37b4-4c44-bd02-2615e3fcaaa1,blind,283,attack_cpu,hiding,cpu,high,True,False,False,True,1.0
d3e31330-37b4-4c44-bd02-2615e3fcaaa1,blind,284,attack_cpu,hiding,cpu,high,True,False,False,True,1.0
d3e31330-37b4-4c44-bd02-2615e3fcaaa1,blind,285,attack_cpu,hiding,cpu,high,True,False,False,True,1.0
d3e31330-37b4-4c44-bd02-2615e3fcaaa1,blind,286,attack_cpu,hiding,cpu,high,True,False,False,True,1.0
d3e31330-37b4-4c44-bd02-2615e3fcaaa1,blind,287,attack_cpu,hiding,cpu,high,True,False,False,True,1.0
d3e31330-37b4-4c44-bd02-2615e3fcaaa1,blind,288,attack_memory_unseen,hiding,memory,low,True,False,False,True,1.0
d3e31330-37b4-4c44-bd02-2615e3fcaaa1,blind,289,attack_memory_unseen,hiding,memory,low,True,False,False,True,1.0
d3e31330-37b4-4c44-bd02-2615e3fcaaa1,blind,290,attack_memory_unseen,hiding,memory,low,True,False,False,True,1.0
d3e31330-37b4-4c44-bd02-2615e3fcaaa1,blind,291,attack_memory_unseen,hiding,memory,low,True,False,False,True,1.0
d3e31330-37b4-4c44-bd02-2615e3fcaaa1,blind,292,attack_memory_unseen,hiding,memory,low,True,False,False,True,1.0
d3e31330-37b4-4c44-bd02-2615e3fcaaa1,blind,293,attack_memory_unseen,hiding,memory,low,True,False,False,True,1.0
d3e31330-37b4-4c44-bd02-2615e3fcaaa1,blind,294,attack_memory_unseen,hiding,memory,low,True,False,False,True,1.0
d3e31330-37b4-4c44-bd02-2615e3fcaaa1,blind,295,attack_memory_unseen,hiding,memory,low,True,False,False,True,1.0
d3e31330-37b4-4c44-bd02-2615e3fcaaa1,blind,296,attack_memory_unseen,hiding,memory,low,True,False,False,True,1.0
d3e31330-37b4-4c44-bd02-2615e3fcaaa1,blind,297,attack_memory_unseen,hiding,memory,low,True,False,False,True,1.0
d3e31330-37b4-4c44-bd02-2615e3fcaaa1,blind,298,attack_memory_unseen,hiding,memory,low,True,False,False,True,1.0
d3e31330-37b4-4c44-bd02-2615e3fcaaa1,blind,299,attack_memory_unseen,hiding,memory,low,True,False,False,True,1.0
d3e31330-37b4-4c44-bd02-2615e3fcaaa1,blind,300,attack_memory_unseen,hiding,memory,low,True,False,False,True,1.0
d3e31330-37b4-4c44-bd02-2615e3fcaaa1,blind,301,attack_memory_unseen,hiding,memory,low,True,False,False,True,1.0
d3e31330-37b4-4c44-bd02-2615e3fcaaa1,blind,302,attack_memory_unseen,hiding,memory,low,True,False,False,True,1.0
d3e31330-37b4-4c44-bd02-2615e3fcaaa1,blind,303,attack_memory_unseen,hiding,memory,low,True,False,False,True,1.0
d3e31330-37b4-4c44-bd02-2615e3fcaaa1,blind,304,attack_memory_unseen,hiding,memory,low,True,False,False,True,1.0
d3e31330-37b4-4c44-bd02-2615e3fcaaa1,blind,305,attack_memory_unseen,hiding,memory,low,True,False,False,True,1.0
d3e31330-37b4-4c44-bd02-2615e3fcaaa1,blind,306,attack_memory_unseen,hiding,memory,low,True,False,False,True,1.0
d3e31330-37b4-4c44-bd02-2615e3fcaaa1,blind,307,attack_memory_unseen,hiding,memory,low,True,False,False,True,1.0
d3e31330-37b4-4c44-bd02-2615e3fcaaa1,blind,308,attack_memory_unseen,hiding,memory,low,True,False,False,True,1.0
d3e31330-37b4-4c44-bd02-2615e3fcaaa1,blind,309,attack_memory_unseen,hiding,memory,low,True,False,False,True,1.0
d3e31330-37b4-4c44-bd02-2615e3fcaaa1,blind,310,attack_memory_unseen,hiding,memory,low,True,False,False,True,1.0
d3e31330-37b4-4c44-bd02-2615e3fcaaa1,blind,311,attack_memory_unseen,hiding,memory,low,True,False,False,True,1.0
d3e31330-37b4-4c44-bd02-2615e3fcaaa1,blind,312,attack_memory_unseen,hiding,memory,low,True,False,False,True,1.0
d3e31330-37b4-4c44-bd02-2615e3fcaaa1,blind,313,attack_memory_unseen,hiding,memory,low,True,False,False,True,1.0
d3e31330-37b4-4c44-bd02-2615e3fcaaa1,blind,314,attack_memory_unseen,hiding,memory,low,True,False,False,True,1.0
d3e31330-37b4-4c44-bd02-2615e3fcaaa1,blind,315,attack_memory_unseen,hiding,memory,low,True,False,False,True,1.0
d3e31330-37b4-4c44-bd02-2615e3fcaaa1,blind,316,attack_memory_unseen,hiding,memory,low,True,False,False,True,1.0
d3e31330-37b4-4c44-bd02-2615e3fcaaa1,blind,317,attack_memory_unseen,hiding,memory,low,True,False,False,True,1.0
d3e31330-37b4-4c44-bd02-2615e3fcaaa1,blind,318,attack_memory_unseen,hiding,memory,low,True,False,False,True,1.0
d3e31330-37b4-4c44-bd02-2615e3fcaaa1,blind,319,attack_memory_unseen,hiding,memory,low,True,False,False,True,1.0
d3e31330-37b4-4c44-bd02-2615e3fcaaa1,blind,320,attack_memory_unseen,hiding,memory,low,True,False,False,True,1.0
d3e31330-37b4-4c44-bd02-2615e3fcaaa1,blind,321,attack_memory_unseen,hiding,memory,low,True,False,False,True,1.0
d3e31330-37b4-4c44-bd02-2615e3fcaaa1,blind,322,attack_memory_unseen,hiding,memory,low,True,False,False,True,1.0
d3e31330-37b4-4c44-bd02-2615e3fcaaa1,blind,323,attack_memory_unseen,hiding,memory,low,True,False,False,True,1.0
d3e31330-37b4-4c44-bd02-2615e3fcaaa1,blind,324,attack_memory_unseen,hiding,memory,low,True,False,False,True,1.0
d3e31330-37b4-4c44-bd02-2615e3fcaaa1,blind,325,attack_memory_unseen,hiding,memory,low,True,False,False,True,1.0
d3e31330-37b4-4c44-bd02-2615e3fcaaa1,blind,326,attack_memory_unseen,hiding,memory,low,True,False,False,True,1.0
d3e31330-37b4-4c44-bd02-2615e3fcaaa1,blind,327,attack_memory_unseen,hiding,memory,low,True,False,False,True,1.0
d3e31330-37b4-4c44-bd02-2615e3fcaaa1,blind,328,attack_mixed_unseen,hiding,mixed,high,True,False,False,True,1.0
d3e31330-37b4-4c44-bd02-2615e3fcaaa1,blind,329,attack_mixed_unseen,hiding,mixed,high,True,False,False,True,1.0
d3e31330-37b4-4c44-bd02-2615e3fcaaa1,blind,330,attack_mixed_unseen,hiding,mixed,high,True,False,False,True,1.0
d3e31330-37b4-4c44-bd02-2615e3fcaaa1,blind,331,attack_mixed_unseen,hiding,mixed,high,True,False,False,True,1.0
d3e31330-37b4-4c44-bd02-2615e3fcaaa1,blind,332,attack_mixed_unseen,hiding,mixed,high,True,False,False,True,1.0
d3e31330-37b4-4c44-bd02-2615e3fcaaa1,blind,333,attack_mixed_unseen,hiding,mixed,high,True,False,False,True,1.0
d3e31330-37b4-4c44-bd02-2615e3fcaaa1,blind,334,attack_mixed_unseen,hiding,mixed,high,True,False,False,True,1.0
d3e31330-37b4-4c44-bd02-2615e3fcaaa1,blind,335,attack_mixed_unseen,hiding,mixed,high,True,False,False,True,1.0
d3e31330-37b4-4c44-bd02-2615e3fcaaa1,blind,336,attack_mixed_unseen,hiding,mixed,high,True,False,False,True,1.0
d3e31330-37b4-4c44-bd02-2615e3fcaaa1,blind,337,attack_mixed_unseen,hiding,mixed,high,True,False,False,True,1.0
d3e31330-37b4-4c44-bd02-2615e3fcaaa1,blind,338,attack_mixed_unseen,hiding,mixed,high,True,False,False,True,1.0
d3e31330-37b4-4c44-bd02-2615e3fcaaa1,blind,339,attack_mixed_unseen,hiding,mixed,high,True,False,False,True,1.0
d3e31330-37b4-4c44-bd02-2615e3fcaaa1,blind,340,attack_mixed_unseen,hiding,mixed,high,True,False,False,True,1.0
d3e31330-37b4-4c44-bd02-2615e3fcaaa1,blind,341,attack_mixed_unseen,hiding,mixed,high,True,False,False,True,1.0
d3e31330-37b4-4c44-bd02-2615e3fcaaa1,blind,342,attack_mixed_unseen,hiding,mixed,high,True,False,False,True,1.0
d3e31330-37b4-4c44-bd02-2615e3fcaaa1,blind,343,attack_mixed_unseen,hiding,mixed,high,True,False,False,True,1.0
d3e31330-37b4-4c44-bd02-2615e3fcaaa1,blind,344,attack_mixed_unseen,hiding,mixed,high,True,False,False,True,1.0
d3e31330-37b4-4c44-bd02-2615e3fcaaa1,blind,345,attack_mixed_unseen,hiding,mixed,high,True,False,False,True,1.0
d3e31330-37b4-4c44-bd02-2615e3fcaaa1,blind,346,attack_mixed_unseen,hiding,mixed,high,True,False,False,True,1.0
d3e31330-37b4-4c44-bd02-2615e3fcaaa1,blind,347,attack_mixed_unseen,hiding,mixed,high,True,False,False,True,1.0
d3e31330-37b4-4c44-bd02-2615e3fcaaa1,blind,348,attack_mixed_unseen,hiding,mixed,high,True,False,False,True,1.0
d3e31330-37b4-4c44-bd02-2615e3fcaaa1,blind,349,attack_mixed_unseen,hiding,mixed,high,True,False,False,True,1.0
d3e31330-37b4-4c44-bd02-2615e3fcaaa1,blind,350,attack_mixed_unseen,hiding,mixed,high,True,False,False,True,1.0
d3e31330-37b4-4c44-bd02-2615e3fcaaa1,blind,351,attack_mixed_unseen,hiding,mixed,high,True,False,False,True,1.0
d3e31330-37b4-4c44-bd02-2615e3fcaaa1,blind,352,attack_mixed_unseen,hiding,mixed,high,True,False,False,True,1.0
d3e31330-37b4-4c44-bd02-2615e3fcaaa1,blind,353,attack_mixed_unseen,hiding,mixed,high,True,False,False,True,1.0
d3e31330-37b4-4c44-bd02-2615e3fcaaa1,blind,354,attack_mixed_unseen,hiding,mixed,high,True,False,False,True,1.0
d3e31330-37b4-4c44-bd02-2615e3fcaaa1,blind,355,attack_mixed_unseen,hiding,mixed,high,True,False,False,True,1.0
d3e31330-37b4-4c44-bd02-2615e3fcaaa1,blind,356,attack_mixed_unseen,hiding,mixed,high,True,False,False,True,1.0
d3e31330-37b4-4c44-bd02-2615e3fcaaa1,blind,357,attack_mixed_unseen,hiding,mixed,high,True,False,False,True,1.0
d3e31330-37b4-4c44-bd02-2615e3fcaaa1,blind,358,attack_mixed_unseen,hiding,mixed,high,True,False,False,True,1.0
d3e31330-37b4-4c44-bd02-2615e3fcaaa1,blind,359,attack_mixed_unseen,hiding,mixed,high,True,False,False,True,1.0
d3e31330-37b4-4c44-bd02-2615e3fcaaa1,blind,360,attack_mixed_unseen,hiding,mixed,high,True,False,False,True,1.0
d3e31330-37b4-4c44-bd02-2615e3fcaaa1,blind,361,attack_mixed_unseen,hiding,mixed,high,True,False,False,True,1.0
d3e31330-37b4-4c44-bd02-2615e3fcaaa1,blind,362,attack_mixed_unseen,hiding,mixed,high,True,False,False,True,1.0
d3e31330-37b4-4c44-bd02-2615e3fcaaa1,blind,363,attack_mixed_unseen,hiding,mixed,high,True,False,False,True,1.0
d3e31330-37b4-4c44-bd02-2615e3fcaaa1,blind,364,attack_mixed_unseen,hiding,mixed,high,True,False,False,True,1.0
d3e31330-37b4-4c44-bd02-2615e3fcaaa1,blind,365,attack_mixed_unseen,hiding,mixed,high,True,False,False,True,1.0
d3e31330-37b4-4c44-bd02-2615e3fcaaa1,blind,366,attack_mixed_unseen,hiding,mixed,high,True,False,False,True,1.0
d3e31330-37b4-4c44-bd02-2615e3fcaaa1,blind,367,attack_mixed_unseen,hiding,mixed,high,True,False,False,True,1.0
d3e31330-37b4-4c44-bd02-2615e3fcaaa1,blind,368,normal_recovery_2,unloaded,baseline,low,False,False,False,True,0.95
d3e31330-37b4-4c44-bd02-2615e3fcaaa1,blind,369,normal_recovery_2,unloaded,baseline,low,False,False,False,True,0.9
d3e31330-37b4-4c44-bd02-2615e3fcaaa1,blind,370,normal_recovery_2,unloaded,baseline,low,False,False,False,True,0.85
d3e31330-37b4-4c44-bd02-2615e3fcaaa1,blind,371,normal_recovery_2,unloaded,baseline,low,False,False,False,True,0.8
d3e31330-37b4-4c44-bd02-2615e3fcaaa1,blind,372,normal_recovery_2,unloaded,baseline,low,False,False,False,True,0.75
d3e31330-37b4-4c44-bd02-2615e3fcaaa1,blind,373,normal_recovery_2,unloaded,baseline,low,False,False,False,True,0.7
d3e31330-37b4-4c44-bd02-2615e3fcaaa1,blind,374,normal_recovery_2,unloaded,baseline,low,False,False,False,True,0.65
d3e31330-37b4-4c44-bd02-2615e3fcaaa1,blind,375,normal_recovery_2,unloaded,baseline,low,False,False,False,True,0.6
d3e31330-37b4-4c44-bd02-2615e3fcaaa1,blind,376,normal_recovery_2,unloaded,baseline,low,False,False,False,True,0.55
d3e31330-37b4-4c44-bd02-2615e3fcaaa1,blind,377,normal_recovery_2,unloaded,baseline,low,False,False,False,True,0.5
d3e31330-37b4-4c44-bd02-2615e3fcaaa1,blind,378,normal_recovery_2,unloaded,baseline,low,False,False,False,True,0.45
d3e31330-37b4-4c44-bd02-2615e3fcaaa1,blind,379,normal_recovery_2,unloaded,baseline,low,False,False,False,True,0.4
d3e31330-37b4-4c44-bd02-2615e3fcaaa1,blind,380,normal_recovery_2,unloaded,baseline,low,False,False,False,True,0.35
d3e31330-37b4-4c44-bd02-2615e3fcaaa1,blind,381,normal_recovery_2,unloaded,baseline,low,False,False,False,True,0.3
d3e31330-37b4-4c44-bd02-2615e3fcaaa1,blind,382,normal_recovery_2,unloaded,baseline,low,False,False,False,True,0.25
d3e31330-37b4-4c44-bd02-2615e3fcaaa1,blind,383,normal_recovery_2,unloaded,baseline,low,False,False,False,True,0.2
d3e31330-37b4-4c44-bd02-2615e3fcaaa1,blind,384,normal_recovery_2,unloaded,baseline,low,False,False,False,True,0.15
d3e31330-37b4-4c44-bd02-2615e3fcaaa1,blind,385,normal_recovery_2,unloaded,baseline,low,False,False,False,True,0.1
d3e31330-37b4-4c44-bd02-2615e3fcaaa1,blind,386,normal_recovery_2,unloaded,baseline,low,False,False,False,True,0.05
d3e31330-37b4-4c44-bd02-2615e3fcaaa1,blind,387,normal_recovery_2,unloaded,baseline,low,False,False,False,True,0.0
d3e31330-37b4-4c44-bd02-2615e3fcaaa1,blind,388,sham_negative_baseline,sham,baseline,low,False,False,False,True,0.0
d3e31330-37b4-4c44-bd02-2615e3fcaaa1,blind,389,sham_negative_baseline,sham,baseline,low,False,False,False,True,0.0
d3e31330-37b4-4c44-bd02-2615e3fcaaa1,blind,390,sham_negative_baseline,sham,baseline,low,False,False,False,True,0.0
d3e31330-37b4-4c44-bd02-2615e3fcaaa1,blind,391,sham_negative_baseline,sham,baseline,low,False,False,False,True,0.0
d3e31330-37b4-4c44-bd02-2615e3fcaaa1,blind,392,sham_negative_baseline,sham,baseline,low,False,False,False,True,0.0
d3e31330-37b4-4c44-bd02-2615e3fcaaa1,blind,393,sham_negative_baseline,sham,baseline,low,False,False,False,True,0.0
d3e31330-37b4-4c44-bd02-2615e3fcaaa1,blind,394,sham_negative_baseline,sham,baseline,low,True,False,False,True,0.0
d3e31330-37b4-4c44-bd02-2615e3fcaaa1,blind,395,sham_negative_baseline,sham,baseline,low,False,False,False,True,0.0
d3e31330-37b4-4c44-bd02-2615e3fcaaa1,blind,396,sham_negative_baseline,sham,baseline,low,False,False,False,True,0.0
d3e31330-37b4-4c44-bd02-2615e3fcaaa1,blind,397,sham_negative_baseline,sham,baseline,low,False,False,False,True,0.0
d3e31330-37b4-4c44-bd02-2615e3fcaaa1,blind,398,sham_negative_cpu,sham,cpu,high,False,True,True,True,0.0
d3e31330-37b4-4c44-bd02-2615e3fcaaa1,blind,399,sham_negative_cpu,sham,cpu,high,False,True,True,True,0.0
d3e31330-37b4-4c44-bd02-2615e3fcaaa1,blind,400,sham_negative_cpu,sham,cpu,high,False,True,True,True,0.0
d3e31330-37b4-4c44-bd02-2615e3fcaaa1,blind,401,sham_negative_cpu,sham,cpu,high,False,True,True,True,0.0
d3e31330-37b4-4c44-bd02-2615e3fcaaa1,blind,402,sham_negative_cpu,sham,cpu,high,False,True,True,True,0.0
d3e31330-37b4-4c44-bd02-2615e3fcaaa1,blind,403,sham_negative_cpu,sham,cpu,high,False,True,True,True,0.0
d3e31330-37b4-4c44-bd02-2615e3fcaaa1,blind,404,sham_negative_cpu,sham,cpu,high,False,True,True,True,0.0
d3e31330-37b4-4c44-bd02-2615e3fcaaa1,blind,405,sham_negative_cpu,sham,cpu,high,False,False,False,True,0.0
d3e31330-37b4-4c44-bd02-2615e3fcaaa1,blind,406,sham_negative_cpu,sham,cpu,high,False,False,False,True,0.0
d3e31330-37b4-4c44-bd02-2615e3fcaaa1,blind,407,sham_negative_cpu,sham,cpu,high,False,False,False,True,0.0
d3e31330-37b4-4c44-bd02-2615e3fcaaa1,guarded,48,normal_pre,unloaded,baseline,low,False,False,False,True,0.0
d3e31330-37b4-4c44-bd02-2615e3fcaaa1,guarded,49,normal_pre,unloaded,baseline,low,False,False,False,True,0.0
d3e31330-37b4-4c44-bd02-2615e3fcaaa1,guarded,50,normal_pre,unloaded,baseline,low,False,False,False,True,0.0
d3e31330-37b4-4c44-bd02-2615e3fcaaa1,guarded,51,normal_pre,unloaded,baseline,low,False,False,False,True,0.0
d3e31330-37b4-4c44-bd02-2615e3fcaaa1,guarded,52,normal_pre,unloaded,baseline,low,False,False,False,True,0.0
d3e31330-37b4-4c44-bd02-2615e3fcaaa1,guarded,53,normal_pre,unloaded,baseline,low,False,False,False,True,0.0
d3e31330-37b4-4c44-bd02-2615e3fcaaa1,guarded,54,normal_pre,unloaded,baseline,low,False,False,False,True,0.0
d3e31330-37b4-4c44-bd02-2615e3fcaaa1,guarded,55,normal_pre,unloaded,baseline,low,False,False,False,True,0.0
d3e31330-37b4-4c44-bd02-2615e3fcaaa1,guarded,56,normal_pre,unloaded,baseline,low,False,False,False,True,0.0
d3e31330-37b4-4c44-bd02-2615e3fcaaa1,guarded,57,normal_pre,unloaded,baseline,low,False,False,False,True,0.0
d3e31330-37b4-4c44-bd02-2615e3fcaaa1,guarded,58,normal_pre,unloaded,baseline,low,False,False,False,True,0.0
d3e31330-37b4-4c44-bd02-2615e3fcaaa1,guarded,59,normal_pre,unloaded,baseline,low,False,False,False,True,0.0
d3e31330-37b4-4c44-bd02-2615e3fcaaa1,guarded,60,normal_pre,unloaded,baseline,low,False,False,False,True,0.0
d3e31330-37b4-4c44-bd02-2615e3fcaaa1,guarded,61,normal_pre,unloaded,baseline,low,False,False,False,True,0.0
d3e31330-37b4-4c44-bd02-2615e3fcaaa1,guarded,62,normal_pre,unloaded,baseline,low,False,False,False,True,0.0
d3e31330-37b4-4c44-bd02-2615e3fcaaa1,guarded,63,normal_pre,unloaded,baseline,low,False,False,False,True,0.0
d3e31330-37b4-4c44-bd02-2615e3fcaaa1,guarded,64,normal_pre,unloaded,baseline,low,False,True,True,True,0.0
d3e31330-37b4-4c44-bd02-2615e3fcaaa1,guarded,65,normal_pre,unloaded,baseline,low,False,False,False,True,0.0
d3e31330-37b4-4c44-bd02-2615e3fcaaa1,guarded,66,normal_pre,unloaded,baseline,low,False,False,False,True,0.0
d3e31330-37b4-4c44-bd02-2615e3fcaaa1,guarded,67,normal_pre,unloaded,baseline,low,False,False,False,True,0.0
d3e31330-37b4-4c44-bd02-2615e3fcaaa1,guarded,68,benign_cpu_unseen,unloaded,cpu,high,False,True,True,True,0.0
d3e31330-37b4-4c44-bd02-2615e3fcaaa1,guarded,69,benign_cpu_unseen,unloaded,cpu,high,False,True,True,True,0.0
d3e31330-37b4-4c44-bd02-2615e3fcaaa1,guarded,70,benign_cpu_unseen,unloaded,cpu,high,False,True,True,True,0.0
d3e31330-37b4-4c44-bd02-2615e3fcaaa1,guarded,71,benign_cpu_unseen,unloaded,cpu,high,False,False,False,True,0.0
d3e31330-37b4-4c44-bd02-2615e3fcaaa1,guarded,72,benign_cpu_unseen,unloaded,cpu,high,False,False,False,True,0.0
d3e31330-37b4-4c44-bd02-2615e3fcaaa1,guarded,73,benign_cpu_unseen,unloaded,cpu,high,False,True,True,True,0.0
d3e31330-37b4-4c44-bd02-2615e3fcaaa1,guarded,74,benign_cpu_unseen,unloaded,cpu,high,False,True,True,True,0.0
d3e31330-37b4-4c44-bd02-2615e3fcaaa1,guarded,75,benign_cpu_unseen,unloaded,cpu,high,False,False,False,True,0.0
d3e31330-37b4-4c44-bd02-2615e3fcaaa1,guarded,76,benign_cpu_unseen,unloaded,cpu,high,False,False,False,True,0.0
d3e31330-37b4-4c44-bd02-2615e3fcaaa1,guarded,77,benign_cpu_unseen,unloaded,cpu,high,False,False,False,True,0.0
d3e31330-37b4-4c44-bd02-2615e3fcaaa1,guarded,78,benign_cpu_unseen,unloaded,cpu,high,False,False,False,True,0.0
d3e31330-37b4-4c44-bd02-2615e3fcaaa1,guarded,79,benign_cpu_unseen,unloaded,cpu,high,False,False,False,True,0.0
d3e31330-37b4-4c44-bd02-2615e3fcaaa1,guarded,80,benign_cpu_unseen,unloaded,cpu,high,False,False,False,True,0.0
d3e31330-37b4-4c44-bd02-2615e3fcaaa1,guarded,81,benign_cpu_unseen,unloaded,cpu,high,False,False,False,True,0.0
d3e31330-37b4-4c44-bd02-2615e3fcaaa1,guarded,82,benign_cpu_unseen,unloaded,cpu,high,False,False,False,True,0.0
d3e31330-37b4-4c44-bd02-2615e3fcaaa1,guarded,83,benign_cpu_unseen,unloaded,cpu,high,False,False,False,True,0.0
d3e31330-37b4-4c44-bd02-2615e3fcaaa1,guarded,84,benign_cpu_unseen,unloaded,cpu,high,False,False,False,True,0.0
d3e31330-37b4-4c44-bd02-2615e3fcaaa1,guarded,85,benign_cpu_unseen,unloaded,cpu,high,False,False,False,True,0.0
d3e31330-37b4-4c44-bd02-2615e3fcaaa1,guarded,86,benign_cpu_unseen,unloaded,cpu,high,False,False,False,True,0.0
d3e31330-37b4-4c44-bd02-2615e3fcaaa1,guarded,87,benign_cpu_unseen,unloaded,cpu,high,False,False,False,True,0.0
d3e31330-37b4-4c44-bd02-2615e3fcaaa1,guarded,88,benign_cpu_unseen,unloaded,cpu,high,False,False,False,True,0.0
d3e31330-37b4-4c44-bd02-2615e3fcaaa1,guarded,89,benign_cpu_unseen,unloaded,cpu,high,False,False,False,True,0.0
d3e31330-37b4-4c44-bd02-2615e3fcaaa1,guarded,90,benign_cpu_unseen,unloaded,cpu,high,False,False,False,True,0.0
d3e31330-37b4-4c44-bd02-2615e3fcaaa1,guarded,91,benign_cpu_unseen,unloaded,cpu,high,False,False,False,True,0.0
d3e31330-37b4-4c44-bd02-2615e3fcaaa1,guarded,92,benign_cpu_unseen,unloaded,cpu,high,False,False,False,True,0.0
d3e31330-37b4-4c44-bd02-2615e3fcaaa1,guarded,93,benign_cpu_unseen,unloaded,cpu,high,False,False,False,True,0.0
d3e31330-37b4-4c44-bd02-2615e3fcaaa1,guarded,94,benign_cpu_unseen,unloaded,cpu,high,False,False,False,True,0.0
d3e31330-37b4-4c44-bd02-2615e3fcaaa1,guarded,95,benign_cpu_unseen,unloaded,cpu,high,False,False,False,True,0.0
d3e31330-37b4-4c44-bd02-2615e3fcaaa1,guarded,96,benign_cpu_unseen,unloaded,cpu,high,False,False,False,True,0.0
d3e31330-37b4-4c44-bd02-2615e3fcaaa1,guarded,97,benign_cpu_unseen,unloaded,cpu,high,False,False,False,True,0.0
d3e31330-37b4-4c44-bd02-2615e3fcaaa1,guarded,98,benign_cpu_unseen,unloaded,cpu,high,False,False,False,True,0.0
d3e31330-37b4-4c44-bd02-2615e3fcaaa1,guarded,99,benign_cpu_unseen,unloaded,cpu,high,False,False,False,True,0.0
d3e31330-37b4-4c44-bd02-2615e3fcaaa1,guarded,100,benign_cpu_unseen,unloaded,cpu,high,False,False,False,True,0.0
d3e31330-37b4-4c44-bd02-2615e3fcaaa1,guarded,101,benign_cpu_unseen,unloaded,cpu,high,False,False,False,True,0.0
d3e31330-37b4-4c44-bd02-2615e3fcaaa1,guarded,102,benign_cpu_unseen,unloaded,cpu,high,False,False,False,True,0.0
d3e31330-37b4-4c44-bd02-2615e3fcaaa1,guarded,103,benign_cpu_unseen,unloaded,cpu,high,False,False,False,True,0.0
d3e31330-37b4-4c44-bd02-2615e3fcaaa1,guarded,104,benign_cpu_unseen,unloaded,cpu,high,False,False,False,True,0.0
d3e31330-37b4-4c44-bd02-2615e3fcaaa1,guarded,105,benign_cpu_unseen,unloaded,cpu,high,False,False,False,True,0.0
d3e31330-37b4-4c44-bd02-2615e3fcaaa1,guarded,106,benign_cpu_unseen,unloaded,cpu,high,False,False,False,True,0.0
d3e31330-37b4-4c44-bd02-2615e3fcaaa1,guarded,107,benign_cpu_unseen,unloaded,cpu,high,False,False,False,True,0.0
d3e31330-37b4-4c44-bd02-2615e3fcaaa1,guarded,108,benign_memory_unseen,unloaded,memory,low,False,False,False,True,0.0
d3e31330-37b4-4c44-bd02-2615e3fcaaa1,guarded,109,benign_memory_unseen,unloaded,memory,low,False,False,False,True,0.0
d3e31330-37b4-4c44-bd02-2615e3fcaaa1,guarded,110,benign_memory_unseen,unloaded,memory,low,False,False,False,True,0.0
d3e31330-37b4-4c44-bd02-2615e3fcaaa1,guarded,111,benign_memory_unseen,unloaded,memory,low,False,False,False,True,0.0
d3e31330-37b4-4c44-bd02-2615e3fcaaa1,guarded,112,benign_memory_unseen,unloaded,memory,low,False,False,False,True,0.0
d3e31330-37b4-4c44-bd02-2615e3fcaaa1,guarded,113,benign_memory_unseen,unloaded,memory,low,False,False,False,True,0.0
d3e31330-37b4-4c44-bd02-2615e3fcaaa1,guarded,114,benign_memory_unseen,unloaded,memory,low,False,False,False,True,0.0
d3e31330-37b4-4c44-bd02-2615e3fcaaa1,guarded,115,benign_memory_unseen,unloaded,memory,low,False,False,False,True,0.0
d3e31330-37b4-4c44-bd02-2615e3fcaaa1,guarded,116,benign_memory_unseen,unloaded,memory,low,False,False,False,True,0.0
d3e31330-37b4-4c44-bd02-2615e3fcaaa1,guarded,117,benign_memory_unseen,unloaded,memory,low,False,False,False,True,0.0
d3e31330-37b4-4c44-bd02-2615e3fcaaa1,guarded,118,benign_memory_unseen,unloaded,memory,low,False,False,False,True,0.0
d3e31330-37b4-4c44-bd02-2615e3fcaaa1,guarded,119,benign_memory_unseen,unloaded,memory,low,False,False,False,True,0.0
d3e31330-37b4-4c44-bd02-2615e3fcaaa1,guarded,120,benign_memory_unseen,unloaded,memory,low,False,False,False,True,0.0
d3e31330-37b4-4c44-bd02-2615e3fcaaa1,guarded,121,benign_memory_unseen,unloaded,memory,low,False,False,False,True,0.0
d3e31330-37b4-4c44-bd02-2615e3fcaaa1,guarded,122,benign_memory_unseen,unloaded,memory,low,False,False,False,True,0.0
d3e31330-37b4-4c44-bd02-2615e3fcaaa1,guarded,123,benign_memory_unseen,unloaded,memory,low,False,False,False,True,0.0
d3e31330-37b4-4c44-bd02-2615e3fcaaa1,guarded,124,benign_memory_unseen,unloaded,memory,low,False,False,False,True,0.0
d3e31330-37b4-4c44-bd02-2615e3fcaaa1,guarded,125,benign_memory_unseen,unloaded,memory,low,False,False,False,True,0.0
d3e31330-37b4-4c44-bd02-2615e3fcaaa1,guarded,126,benign_memory_unseen,unloaded,memory,low,False,False,False,True,0.0
d3e31330-37b4-4c44-bd02-2615e3fcaaa1,guarded,127,benign_memory_unseen,unloaded,memory,low,False,False,False,True,0.0
d3e31330-37b4-4c44-bd02-2615e3fcaaa1,guarded,128,benign_memory_unseen,unloaded,memory,low,False,False,False,True,0.0
d3e31330-37b4-4c44-bd02-2615e3fcaaa1,guarded,129,benign_memory_unseen,unloaded,memory,low,False,False,False,True,0.0
d3e31330-37b4-4c44-bd02-2615e3fcaaa1,guarded,130,benign_memory_unseen,unloaded,memory,low,False,False,False,True,0.0
d3e31330-37b4-4c44-bd02-2615e3fcaaa1,guarded,131,benign_memory_unseen,unloaded,memory,low,False,False,False,True,0.0
d3e31330-37b4-4c44-bd02-2615e3fcaaa1,guarded,132,benign_memory_unseen,unloaded,memory,low,False,False,False,True,0.0
d3e31330-37b4-4c44-bd02-2615e3fcaaa1,guarded,133,benign_memory_unseen,unloaded,memory,low,False,False,False,True,0.0
d3e31330-37b4-4c44-bd02-2615e3fcaaa1,guarded,134,benign_memory_unseen,unloaded,memory,low,False,False,False,True,0.0
d3e31330-37b4-4c44-bd02-2615e3fcaaa1,guarded,135,benign_memory_unseen,unloaded,memory,low,False,False,False,True,0.0
d3e31330-37b4-4c44-bd02-2615e3fcaaa1,guarded,136,benign_memory_unseen,unloaded,memory,low,False,False,False,True,0.0
d3e31330-37b4-4c44-bd02-2615e3fcaaa1,guarded,137,benign_memory_unseen,unloaded,memory,low,False,False,False,True,0.0
d3e31330-37b4-4c44-bd02-2615e3fcaaa1,guarded,138,benign_memory_unseen,unloaded,memory,low,False,False,False,True,0.0
d3e31330-37b4-4c44-bd02-2615e3fcaaa1,guarded,139,benign_memory_unseen,unloaded,memory,low,False,False,False,True,0.0
d3e31330-37b4-4c44-bd02-2615e3fcaaa1,guarded,140,benign_memory_unseen,unloaded,memory,low,False,False,False,True,0.0
d3e31330-37b4-4c44-bd02-2615e3fcaaa1,guarded,141,benign_memory_unseen,unloaded,memory,low,False,False,False,True,0.0
d3e31330-37b4-4c44-bd02-2615e3fcaaa1,guarded,142,benign_memory_unseen,unloaded,memory,low,False,False,False,True,0.0
d3e31330-37b4-4c44-bd02-2615e3fcaaa1,guarded,143,benign_memory_unseen,unloaded,memory,low,False,False,False,True,0.0
d3e31330-37b4-4c44-bd02-2615e3fcaaa1,guarded,144,benign_memory_unseen,unloaded,memory,low,False,False,False,True,0.0
d3e31330-37b4-4c44-bd02-2615e3fcaaa1,guarded,145,benign_memory_unseen,unloaded,memory,low,False,False,False,True,0.0
d3e31330-37b4-4c44-bd02-2615e3fcaaa1,guarded,146,benign_memory_unseen,unloaded,memory,low,False,False,False,True,0.0
d3e31330-37b4-4c44-bd02-2615e3fcaaa1,guarded,147,benign_memory_unseen,unloaded,memory,low,False,False,False,True,0.0
d3e31330-37b4-4c44-bd02-2615e3fcaaa1,guarded,148,benign_mixed_unseen,unloaded,mixed,high,False,False,False,True,0.0
d3e31330-37b4-4c44-bd02-2615e3fcaaa1,guarded,149,benign_mixed_unseen,unloaded,mixed,high,False,False,False,True,0.0
d3e31330-37b4-4c44-bd02-2615e3fcaaa1,guarded,150,benign_mixed_unseen,unloaded,mixed,high,False,False,False,True,0.0
d3e31330-37b4-4c44-bd02-2615e3fcaaa1,guarded,151,benign_mixed_unseen,unloaded,mixed,high,False,False,False,True,0.0
d3e31330-37b4-4c44-bd02-2615e3fcaaa1,guarded,152,benign_mixed_unseen,unloaded,mixed,high,False,False,False,True,0.0
d3e31330-37b4-4c44-bd02-2615e3fcaaa1,guarded,153,benign_mixed_unseen,unloaded,mixed,high,False,False,False,True,0.0
d3e31330-37b4-4c44-bd02-2615e3fcaaa1,guarded,154,benign_mixed_unseen,unloaded,mixed,high,False,False,False,True,0.0
d3e31330-37b4-4c44-bd02-2615e3fcaaa1,guarded,155,benign_mixed_unseen,unloaded,mixed,high,False,False,False,True,0.0
d3e31330-37b4-4c44-bd02-2615e3fcaaa1,guarded,156,benign_mixed_unseen,unloaded,mixed,high,False,False,False,True,0.0
d3e31330-37b4-4c44-bd02-2615e3fcaaa1,guarded,157,benign_mixed_unseen,unloaded,mixed,high,False,False,False,True,0.0
d3e31330-37b4-4c44-bd02-2615e3fcaaa1,guarded,158,benign_mixed_unseen,unloaded,mixed,high,False,False,False,True,0.0
d3e31330-37b4-4c44-bd02-2615e3fcaaa1,guarded,159,benign_mixed_unseen,unloaded,mixed,high,False,False,False,True,0.0
d3e31330-37b4-4c44-bd02-2615e3fcaaa1,guarded,160,benign_mixed_unseen,unloaded,mixed,high,False,False,False,True,0.0
d3e31330-37b4-4c44-bd02-2615e3fcaaa1,guarded,161,benign_mixed_unseen,unloaded,mixed,high,False,False,False,True,0.0
d3e31330-37b4-4c44-bd02-2615e3fcaaa1,guarded,162,benign_mixed_unseen,unloaded,mixed,high,False,False,False,True,0.0
d3e31330-37b4-4c44-bd02-2615e3fcaaa1,guarded,163,benign_mixed_unseen,unloaded,mixed,high,False,False,False,True,0.0
d3e31330-37b4-4c44-bd02-2615e3fcaaa1,guarded,164,benign_mixed_unseen,unloaded,mixed,high,False,False,False,True,0.0
d3e31330-37b4-4c44-bd02-2615e3fcaaa1,guarded,165,benign_mixed_unseen,unloaded,mixed,high,False,False,False,True,0.0
d3e31330-37b4-4c44-bd02-2615e3fcaaa1,guarded,166,benign_mixed_unseen,unloaded,mixed,high,False,False,False,True,0.0
d3e31330-37b4-4c44-bd02-2615e3fcaaa1,guarded,167,benign_mixed_unseen,unloaded,mixed,high,False,False,False,True,0.0
d3e31330-37b4-4c44-bd02-2615e3fcaaa1,guarded,168,benign_mixed_unseen,unloaded,mixed,high,False,False,False,True,0.0
d3e31330-37b4-4c44-bd02-2615e3fcaaa1,guarded,169,benign_mixed_unseen,unloaded,mixed,high,False,False,False,True,0.0
d3e31330-37b4-4c44-bd02-2615e3fcaaa1,guarded,170,benign_mixed_unseen,unloaded,mixed,high,False,False,False,True,0.0
d3e31330-37b4-4c44-bd02-2615e3fcaaa1,guarded,171,benign_mixed_unseen,unloaded,mixed,high,False,False,False,True,0.0
d3e31330-37b4-4c44-bd02-2615e3fcaaa1,guarded,172,benign_mixed_unseen,unloaded,mixed,high,False,False,False,True,0.0
d3e31330-37b4-4c44-bd02-2615e3fcaaa1,guarded,173,benign_mixed_unseen,unloaded,mixed,high,False,False,False,True,0.0
d3e31330-37b4-4c44-bd02-2615e3fcaaa1,guarded,174,benign_mixed_unseen,unloaded,mixed,high,False,False,False,True,0.0
d3e31330-37b4-4c44-bd02-2615e3fcaaa1,guarded,175,benign_mixed_unseen,unloaded,mixed,high,False,False,False,True,0.0
d3e31330-37b4-4c44-bd02-2615e3fcaaa1,guarded,176,benign_mixed_unseen,unloaded,mixed,high,False,False,False,True,0.0
d3e31330-37b4-4c44-bd02-2615e3fcaaa1,guarded,177,benign_mixed_unseen,unloaded,mixed,high,False,False,False,True,0.0
d3e31330-37b4-4c44-bd02-2615e3fcaaa1,guarded,178,benign_mixed_unseen,unloaded,mixed,high,False,False,False,True,0.0
d3e31330-37b4-4c44-bd02-2615e3fcaaa1,guarded,179,benign_mixed_unseen,unloaded,mixed,high,False,False,False,True,0.0
d3e31330-37b4-4c44-bd02-2615e3fcaaa1,guarded,180,benign_mixed_unseen,unloaded,mixed,high,False,False,False,True,0.0
d3e31330-37b4-4c44-bd02-2615e3fcaaa1,guarded,181,benign_mixed_unseen,unloaded,mixed,high,False,False,False,True,0.0
d3e31330-37b4-4c44-bd02-2615e3fcaaa1,guarded,182,benign_mixed_unseen,unloaded,mixed,high,False,False,False,True,0.0
d3e31330-37b4-4c44-bd02-2615e3fcaaa1,guarded,183,benign_mixed_unseen,unloaded,mixed,high,False,False,False,True,0.0
d3e31330-37b4-4c44-bd02-2615e3fcaaa1,guarded,184,benign_mixed_unseen,unloaded,mixed,high,False,False,False,True,0.0
d3e31330-37b4-4c44-bd02-2615e3fcaaa1,guarded,185,benign_mixed_unseen,unloaded,mixed,high,False,False,False,True,0.0
d3e31330-37b4-4c44-bd02-2615e3fcaaa1,guarded,186,benign_mixed_unseen,unloaded,mixed,high,False,False,False,True,0.0
d3e31330-37b4-4c44-bd02-2615e3fcaaa1,guarded,187,benign_mixed_unseen,unloaded,mixed,high,False,False,False,True,0.0
d3e31330-37b4-4c44-bd02-2615e3fcaaa1,guarded,188,normal_recovery_1,unloaded,baseline,low,False,False,False,True,0.0
d3e31330-37b4-4c44-bd02-2615e3fcaaa1,guarded,189,normal_recovery_1,unloaded,baseline,low,False,False,False,True,0.0
d3e31330-37b4-4c44-bd02-2615e3fcaaa1,guarded,190,normal_recovery_1,unloaded,baseline,low,False,False,False,True,0.0
d3e31330-37b4-4c44-bd02-2615e3fcaaa1,guarded,191,normal_recovery_1,unloaded,baseline,low,False,False,False,True,0.0
d3e31330-37b4-4c44-bd02-2615e3fcaaa1,guarded,192,normal_recovery_1,unloaded,baseline,low,False,False,False,True,0.0
d3e31330-37b4-4c44-bd02-2615e3fcaaa1,guarded,193,normal_recovery_1,unloaded,baseline,low,False,False,False,True,0.0
d3e31330-37b4-4c44-bd02-2615e3fcaaa1,guarded,194,normal_recovery_1,unloaded,baseline,low,False,False,False,True,0.0
d3e31330-37b4-4c44-bd02-2615e3fcaaa1,guarded,195,normal_recovery_1,unloaded,baseline,low,False,False,False,True,0.0
d3e31330-37b4-4c44-bd02-2615e3fcaaa1,guarded,196,normal_recovery_1,unloaded,baseline,low,False,False,False,True,0.0
d3e31330-37b4-4c44-bd02-2615e3fcaaa1,guarded,197,normal_recovery_1,unloaded,baseline,low,False,False,False,True,0.0
d3e31330-37b4-4c44-bd02-2615e3fcaaa1,guarded,198,normal_recovery_1,unloaded,baseline,low,False,False,False,True,0.0
d3e31330-37b4-4c44-bd02-2615e3fcaaa1,guarded,199,normal_recovery_1,unloaded,baseline,low,False,False,False,True,0.0
d3e31330-37b4-4c44-bd02-2615e3fcaaa1,guarded,200,normal_recovery_1,unloaded,baseline,low,False,False,False,True,0.0
d3e31330-37b4-4c44-bd02-2615e3fcaaa1,guarded,201,normal_recovery_1,unloaded,baseline,low,False,False,False,True,0.0
d3e31330-37b4-4c44-bd02-2615e3fcaaa1,guarded,202,normal_recovery_1,unloaded,baseline,low,False,False,False,True,0.0
d3e31330-37b4-4c44-bd02-2615e3fcaaa1,guarded,203,normal_recovery_1,unloaded,baseline,low,False,False,False,True,0.0
d3e31330-37b4-4c44-bd02-2615e3fcaaa1,guarded,204,normal_recovery_1,unloaded,baseline,low,False,False,False,True,0.0
d3e31330-37b4-4c44-bd02-2615e3fcaaa1,guarded,205,normal_recovery_1,unloaded,baseline,low,False,False,False,True,0.0
d3e31330-37b4-4c44-bd02-2615e3fcaaa1,guarded,206,normal_recovery_1,unloaded,baseline,low,False,False,False,True,0.0
d3e31330-37b4-4c44-bd02-2615e3fcaaa1,guarded,207,normal_recovery_1,unloaded,baseline,low,False,False,False,True,0.0
d3e31330-37b4-4c44-bd02-2615e3fcaaa1,guarded,208,attack_baseline,hiding,baseline,low,True,True,True,False,0.0
d3e31330-37b4-4c44-bd02-2615e3fcaaa1,guarded,209,attack_baseline,hiding,baseline,low,True,True,True,False,0.0
d3e31330-37b4-4c44-bd02-2615e3fcaaa1,guarded,210,attack_baseline,hiding,baseline,low,True,True,True,False,0.0
d3e31330-37b4-4c44-bd02-2615e3fcaaa1,guarded,211,attack_baseline,hiding,baseline,low,True,True,True,False,0.0
d3e31330-37b4-4c44-bd02-2615e3fcaaa1,guarded,212,attack_baseline,hiding,baseline,low,True,True,True,False,0.0
d3e31330-37b4-4c44-bd02-2615e3fcaaa1,guarded,213,attack_baseline,hiding,baseline,low,True,True,True,False,0.0
d3e31330-37b4-4c44-bd02-2615e3fcaaa1,guarded,214,attack_baseline,hiding,baseline,low,True,True,True,False,0.0
d3e31330-37b4-4c44-bd02-2615e3fcaaa1,guarded,215,attack_baseline,hiding,baseline,low,True,True,True,False,0.0
d3e31330-37b4-4c44-bd02-2615e3fcaaa1,guarded,216,attack_baseline,hiding,baseline,low,True,True,True,False,0.0
d3e31330-37b4-4c44-bd02-2615e3fcaaa1,guarded,217,attack_baseline,hiding,baseline,low,True,True,True,False,0.0
d3e31330-37b4-4c44-bd02-2615e3fcaaa1,guarded,218,attack_baseline,hiding,baseline,low,True,True,True,False,0.0
d3e31330-37b4-4c44-bd02-2615e3fcaaa1,guarded,219,attack_baseline,hiding,baseline,low,True,True,True,False,0.0
d3e31330-37b4-4c44-bd02-2615e3fcaaa1,guarded,220,attack_baseline,hiding,baseline,low,True,True,True,False,0.0
d3e31330-37b4-4c44-bd02-2615e3fcaaa1,guarded,221,attack_baseline,hiding,baseline,low,True,True,True,False,0.0
d3e31330-37b4-4c44-bd02-2615e3fcaaa1,guarded,222,attack_baseline,hiding,baseline,low,True,True,True,False,0.0
d3e31330-37b4-4c44-bd02-2615e3fcaaa1,guarded,223,attack_baseline,hiding,baseline,low,True,True,True,False,0.0
d3e31330-37b4-4c44-bd02-2615e3fcaaa1,guarded,224,attack_baseline,hiding,baseline,low,True,True,True,False,0.0
d3e31330-37b4-4c44-bd02-2615e3fcaaa1,guarded,225,attack_baseline,hiding,baseline,low,True,True,True,False,0.0
d3e31330-37b4-4c44-bd02-2615e3fcaaa1,guarded,226,attack_baseline,hiding,baseline,low,True,True,True,False,0.0
d3e31330-37b4-4c44-bd02-2615e3fcaaa1,guarded,227,attack_baseline,hiding,baseline,low,True,True,True,False,0.0
d3e31330-37b4-4c44-bd02-2615e3fcaaa1,guarded,228,attack_baseline,hiding,baseline,low,True,True,True,False,0.0
d3e31330-37b4-4c44-bd02-2615e3fcaaa1,guarded,229,attack_baseline,hiding,baseline,low,True,True,True,False,0.0
d3e31330-37b4-4c44-bd02-2615e3fcaaa1,guarded,230,attack_baseline,hiding,baseline,low,True,True,True,False,0.0
d3e31330-37b4-4c44-bd02-2615e3fcaaa1,guarded,231,attack_baseline,hiding,baseline,low,True,True,True,False,0.0
d3e31330-37b4-4c44-bd02-2615e3fcaaa1,guarded,232,attack_baseline,hiding,baseline,low,True,True,True,False,0.0
d3e31330-37b4-4c44-bd02-2615e3fcaaa1,guarded,233,attack_baseline,hiding,baseline,low,True,True,True,False,0.0
d3e31330-37b4-4c44-bd02-2615e3fcaaa1,guarded,234,attack_baseline,hiding,baseline,low,True,True,True,False,0.0
d3e31330-37b4-4c44-bd02-2615e3fcaaa1,guarded,235,attack_baseline,hiding,baseline,low,True,True,True,False,0.0
d3e31330-37b4-4c44-bd02-2615e3fcaaa1,guarded,236,attack_baseline,hiding,baseline,low,True,True,True,False,0.0
d3e31330-37b4-4c44-bd02-2615e3fcaaa1,guarded,237,attack_baseline,hiding,baseline,low,True,True,True,False,0.0
d3e31330-37b4-4c44-bd02-2615e3fcaaa1,guarded,238,attack_baseline,hiding,baseline,low,True,True,True,False,0.0
d3e31330-37b4-4c44-bd02-2615e3fcaaa1,guarded,239,attack_baseline,hiding,baseline,low,True,True,True,False,0.0
d3e31330-37b4-4c44-bd02-2615e3fcaaa1,guarded,240,attack_baseline,hiding,baseline,low,True,True,True,False,0.0
d3e31330-37b4-4c44-bd02-2615e3fcaaa1,guarded,241,attack_baseline,hiding,baseline,low,True,True,True,False,0.0
d3e31330-37b4-4c44-bd02-2615e3fcaaa1,guarded,242,attack_baseline,hiding,baseline,low,True,True,True,False,0.0
d3e31330-37b4-4c44-bd02-2615e3fcaaa1,guarded,243,attack_baseline,hiding,baseline,low,True,True,True,False,0.0
d3e31330-37b4-4c44-bd02-2615e3fcaaa1,guarded,244,attack_baseline,hiding,baseline,low,True,True,True,False,0.0
d3e31330-37b4-4c44-bd02-2615e3fcaaa1,guarded,245,attack_baseline,hiding,baseline,low,True,True,True,False,0.0
d3e31330-37b4-4c44-bd02-2615e3fcaaa1,guarded,246,attack_baseline,hiding,baseline,low,True,True,True,False,0.0
d3e31330-37b4-4c44-bd02-2615e3fcaaa1,guarded,247,attack_baseline,hiding,baseline,low,True,True,True,False,0.0
d3e31330-37b4-4c44-bd02-2615e3fcaaa1,guarded,248,attack_cpu,hiding,cpu,high,True,True,True,False,0.0
d3e31330-37b4-4c44-bd02-2615e3fcaaa1,guarded,249,attack_cpu,hiding,cpu,high,True,True,True,False,0.0
d3e31330-37b4-4c44-bd02-2615e3fcaaa1,guarded,250,attack_cpu,hiding,cpu,high,True,True,True,False,0.0
d3e31330-37b4-4c44-bd02-2615e3fcaaa1,guarded,251,attack_cpu,hiding,cpu,high,True,True,True,False,0.0
d3e31330-37b4-4c44-bd02-2615e3fcaaa1,guarded,252,attack_cpu,hiding,cpu,high,True,True,True,False,0.0
d3e31330-37b4-4c44-bd02-2615e3fcaaa1,guarded,253,attack_cpu,hiding,cpu,high,True,True,True,False,0.0
d3e31330-37b4-4c44-bd02-2615e3fcaaa1,guarded,254,attack_cpu,hiding,cpu,high,True,True,True,False,0.0
d3e31330-37b4-4c44-bd02-2615e3fcaaa1,guarded,255,attack_cpu,hiding,cpu,high,True,True,True,False,0.0
d3e31330-37b4-4c44-bd02-2615e3fcaaa1,guarded,256,attack_cpu,hiding,cpu,high,True,True,True,False,0.0
d3e31330-37b4-4c44-bd02-2615e3fcaaa1,guarded,257,attack_cpu,hiding,cpu,high,True,True,True,False,0.0
d3e31330-37b4-4c44-bd02-2615e3fcaaa1,guarded,258,attack_cpu,hiding,cpu,high,True,True,True,False,0.0
d3e31330-37b4-4c44-bd02-2615e3fcaaa1,guarded,259,attack_cpu,hiding,cpu,high,True,True,True,False,0.0
d3e31330-37b4-4c44-bd02-2615e3fcaaa1,guarded,260,attack_cpu,hiding,cpu,high,True,True,True,False,0.0
d3e31330-37b4-4c44-bd02-2615e3fcaaa1,guarded,261,attack_cpu,hiding,cpu,high,True,True,True,False,0.0
d3e31330-37b4-4c44-bd02-2615e3fcaaa1,guarded,262,attack_cpu,hiding,cpu,high,True,True,True,False,0.0
d3e31330-37b4-4c44-bd02-2615e3fcaaa1,guarded,263,attack_cpu,hiding,cpu,high,True,True,True,False,0.0
d3e31330-37b4-4c44-bd02-2615e3fcaaa1,guarded,264,attack_cpu,hiding,cpu,high,True,True,True,False,0.0
d3e31330-37b4-4c44-bd02-2615e3fcaaa1,guarded,265,attack_cpu,hiding,cpu,high,True,True,True,False,0.0
d3e31330-37b4-4c44-bd02-2615e3fcaaa1,guarded,266,attack_cpu,hiding,cpu,high,True,True,True,False,0.0
d3e31330-37b4-4c44-bd02-2615e3fcaaa1,guarded,267,attack_cpu,hiding,cpu,high,True,True,True,False,0.0
d3e31330-37b4-4c44-bd02-2615e3fcaaa1,guarded,268,attack_cpu,hiding,cpu,high,True,True,True,False,0.0
d3e31330-37b4-4c44-bd02-2615e3fcaaa1,guarded,269,attack_cpu,hiding,cpu,high,True,True,True,False,0.0
d3e31330-37b4-4c44-bd02-2615e3fcaaa1,guarded,270,attack_cpu,hiding,cpu,high,True,True,True,False,0.0
d3e31330-37b4-4c44-bd02-2615e3fcaaa1,guarded,271,attack_cpu,hiding,cpu,high,True,True,True,False,0.0
d3e31330-37b4-4c44-bd02-2615e3fcaaa1,guarded,272,attack_cpu,hiding,cpu,high,True,True,True,False,0.0
d3e31330-37b4-4c44-bd02-2615e3fcaaa1,guarded,273,attack_cpu,hiding,cpu,high,True,True,True,False,0.0
d3e31330-37b4-4c44-bd02-2615e3fcaaa1,guarded,274,attack_cpu,hiding,cpu,high,True,True,True,False,0.0
d3e31330-37b4-4c44-bd02-2615e3fcaaa1,guarded,275,attack_cpu,hiding,cpu,high,True,True,True,False,0.0
d3e31330-37b4-4c44-bd02-2615e3fcaaa1,guarded,276,attack_cpu,hiding,cpu,high,True,True,True,False,0.0
d3e31330-37b4-4c44-bd02-2615e3fcaaa1,guarded,277,attack_cpu,hiding,cpu,high,True,True,True,False,0.0
d3e31330-37b4-4c44-bd02-2615e3fcaaa1,guarded,278,attack_cpu,hiding,cpu,high,True,True,True,False,0.0
d3e31330-37b4-4c44-bd02-2615e3fcaaa1,guarded,279,attack_cpu,hiding,cpu,high,True,True,True,False,0.0
d3e31330-37b4-4c44-bd02-2615e3fcaaa1,guarded,280,attack_cpu,hiding,cpu,high,True,True,True,False,0.0
d3e31330-37b4-4c44-bd02-2615e3fcaaa1,guarded,281,attack_cpu,hiding,cpu,high,True,True,True,False,0.0
d3e31330-37b4-4c44-bd02-2615e3fcaaa1,guarded,282,attack_cpu,hiding,cpu,high,True,True,True,False,0.0
d3e31330-37b4-4c44-bd02-2615e3fcaaa1,guarded,283,attack_cpu,hiding,cpu,high,True,True,True,False,0.0
d3e31330-37b4-4c44-bd02-2615e3fcaaa1,guarded,284,attack_cpu,hiding,cpu,high,True,True,True,False,0.0
d3e31330-37b4-4c44-bd02-2615e3fcaaa1,guarded,285,attack_cpu,hiding,cpu,high,True,True,True,False,0.0
d3e31330-37b4-4c44-bd02-2615e3fcaaa1,guarded,286,attack_cpu,hiding,cpu,high,True,True,True,False,0.0
d3e31330-37b4-4c44-bd02-2615e3fcaaa1,guarded,287,attack_cpu,hiding,cpu,high,True,True,True,False,0.0
d3e31330-37b4-4c44-bd02-2615e3fcaaa1,guarded,288,attack_memory_unseen,hiding,memory,low,True,True,True,False,0.0
d3e31330-37b4-4c44-bd02-2615e3fcaaa1,guarded,289,attack_memory_unseen,hiding,memory,low,True,True,True,False,0.0
d3e31330-37b4-4c44-bd02-2615e3fcaaa1,guarded,290,attack_memory_unseen,hiding,memory,low,True,True,True,False,0.0
d3e31330-37b4-4c44-bd02-2615e3fcaaa1,guarded,291,attack_memory_unseen,hiding,memory,low,True,True,True,False,0.0
d3e31330-37b4-4c44-bd02-2615e3fcaaa1,guarded,292,attack_memory_unseen,hiding,memory,low,True,True,True,False,0.0
d3e31330-37b4-4c44-bd02-2615e3fcaaa1,guarded,293,attack_memory_unseen,hiding,memory,low,True,True,True,False,0.0
d3e31330-37b4-4c44-bd02-2615e3fcaaa1,guarded,294,attack_memory_unseen,hiding,memory,low,True,True,True,False,0.0
d3e31330-37b4-4c44-bd02-2615e3fcaaa1,guarded,295,attack_memory_unseen,hiding,memory,low,True,True,True,False,0.0
d3e31330-37b4-4c44-bd02-2615e3fcaaa1,guarded,296,attack_memory_unseen,hiding,memory,low,True,True,True,False,0.0
d3e31330-37b4-4c44-bd02-2615e3fcaaa1,guarded,297,attack_memory_unseen,hiding,memory,low,True,True,True,False,0.0
d3e31330-37b4-4c44-bd02-2615e3fcaaa1,guarded,298,attack_memory_unseen,hiding,memory,low,True,True,True,False,0.0
d3e31330-37b4-4c44-bd02-2615e3fcaaa1,guarded,299,attack_memory_unseen,hiding,memory,low,True,True,True,False,0.0
d3e31330-37b4-4c44-bd02-2615e3fcaaa1,guarded,300,attack_memory_unseen,hiding,memory,low,True,True,True,False,0.0
d3e31330-37b4-4c44-bd02-2615e3fcaaa1,guarded,301,attack_memory_unseen,hiding,memory,low,True,True,True,False,0.0
d3e31330-37b4-4c44-bd02-2615e3fcaaa1,guarded,302,attack_memory_unseen,hiding,memory,low,True,True,True,False,0.0
d3e31330-37b4-4c44-bd02-2615e3fcaaa1,guarded,303,attack_memory_unseen,hiding,memory,low,True,True,True,False,0.0
d3e31330-37b4-4c44-bd02-2615e3fcaaa1,guarded,304,attack_memory_unseen,hiding,memory,low,True,True,True,False,0.0
d3e31330-37b4-4c44-bd02-2615e3fcaaa1,guarded,305,attack_memory_unseen,hiding,memory,low,True,True,True,False,0.0
d3e31330-37b4-4c44-bd02-2615e3fcaaa1,guarded,306,attack_memory_unseen,hiding,memory,low,True,True,True,False,0.0
d3e31330-37b4-4c44-bd02-2615e3fcaaa1,guarded,307,attack_memory_unseen,hiding,memory,low,True,True,True,False,0.0
d3e31330-37b4-4c44-bd02-2615e3fcaaa1,guarded,308,attack_memory_unseen,hiding,memory,low,True,True,True,False,0.0
d3e31330-37b4-4c44-bd02-2615e3fcaaa1,guarded,309,attack_memory_unseen,hiding,memory,low,True,True,True,False,0.0
d3e31330-37b4-4c44-bd02-2615e3fcaaa1,guarded,310,attack_memory_unseen,hiding,memory,low,True,True,True,False,0.0
d3e31330-37b4-4c44-bd02-2615e3fcaaa1,guarded,311,attack_memory_unseen,hiding,memory,low,True,True,True,False,0.0
d3e31330-37b4-4c44-bd02-2615e3fcaaa1,guarded,312,attack_memory_unseen,hiding,memory,low,True,True,True,False,0.0
d3e31330-37b4-4c44-bd02-2615e3fcaaa1,guarded,313,attack_memory_unseen,hiding,memory,low,True,True,True,False,0.0
d3e31330-37b4-4c44-bd02-2615e3fcaaa1,guarded,314,attack_memory_unseen,hiding,memory,low,True,True,True,False,0.0
d3e31330-37b4-4c44-bd02-2615e3fcaaa1,guarded,315,attack_memory_unseen,hiding,memory,low,True,True,True,False,0.0
d3e31330-37b4-4c44-bd02-2615e3fcaaa1,guarded,316,attack_memory_unseen,hiding,memory,low,True,True,True,False,0.0
d3e31330-37b4-4c44-bd02-2615e3fcaaa1,guarded,317,attack_memory_unseen,hiding,memory,low,True,True,True,False,0.0
d3e31330-37b4-4c44-bd02-2615e3fcaaa1,guarded,318,attack_memory_unseen,hiding,memory,low,True,True,True,False,0.0
d3e31330-37b4-4c44-bd02-2615e3fcaaa1,guarded,319,attack_memory_unseen,hiding,memory,low,True,True,True,False,0.0
d3e31330-37b4-4c44-bd02-2615e3fcaaa1,guarded,320,attack_memory_unseen,hiding,memory,low,True,True,True,False,0.0
d3e31330-37b4-4c44-bd02-2615e3fcaaa1,guarded,321,attack_memory_unseen,hiding,memory,low,True,True,True,False,0.0
d3e31330-37b4-4c44-bd02-2615e3fcaaa1,guarded,322,attack_memory_unseen,hiding,memory,low,True,True,True,False,0.0
d3e31330-37b4-4c44-bd02-2615e3fcaaa1,guarded,323,attack_memory_unseen,hiding,memory,low,True,True,True,False,0.0
d3e31330-37b4-4c44-bd02-2615e3fcaaa1,guarded,324,attack_memory_unseen,hiding,memory,low,True,True,True,False,0.0
d3e31330-37b4-4c44-bd02-2615e3fcaaa1,guarded,325,attack_memory_unseen,hiding,memory,low,True,True,True,False,0.0
d3e31330-37b4-4c44-bd02-2615e3fcaaa1,guarded,326,attack_memory_unseen,hiding,memory,low,True,True,True,False,0.0
d3e31330-37b4-4c44-bd02-2615e3fcaaa1,guarded,327,attack_memory_unseen,hiding,memory,low,True,True,True,False,0.0
d3e31330-37b4-4c44-bd02-2615e3fcaaa1,guarded,328,attack_mixed_unseen,hiding,mixed,high,True,True,True,False,0.0
d3e31330-37b4-4c44-bd02-2615e3fcaaa1,guarded,329,attack_mixed_unseen,hiding,mixed,high,True,True,True,False,0.0
d3e31330-37b4-4c44-bd02-2615e3fcaaa1,guarded,330,attack_mixed_unseen,hiding,mixed,high,True,True,True,False,0.0
d3e31330-37b4-4c44-bd02-2615e3fcaaa1,guarded,331,attack_mixed_unseen,hiding,mixed,high,True,True,True,False,0.0
d3e31330-37b4-4c44-bd02-2615e3fcaaa1,guarded,332,attack_mixed_unseen,hiding,mixed,high,True,True,True,False,0.0
d3e31330-37b4-4c44-bd02-2615e3fcaaa1,guarded,333,attack_mixed_unseen,hiding,mixed,high,True,True,True,False,0.0
d3e31330-37b4-4c44-bd02-2615e3fcaaa1,guarded,334,attack_mixed_unseen,hiding,mixed,high,True,True,True,False,0.0
d3e31330-37b4-4c44-bd02-2615e3fcaaa1,guarded,335,attack_mixed_unseen,hiding,mixed,high,True,True,True,False,0.0
d3e31330-37b4-4c44-bd02-2615e3fcaaa1,guarded,336,attack_mixed_unseen,hiding,mixed,high,True,True,True,False,0.0
d3e31330-37b4-4c44-bd02-2615e3fcaaa1,guarded,337,attack_mixed_unseen,hiding,mixed,high,True,True,True,False,0.0
d3e31330-37b4-4c44-bd02-2615e3fcaaa1,guarded,338,attack_mixed_unseen,hiding,mixed,high,True,True,True,False,0.0
d3e31330-37b4-4c44-bd02-2615e3fcaaa1,guarded,339,attack_mixed_unseen,hiding,mixed,high,True,True,True,False,0.0
d3e31330-37b4-4c44-bd02-2615e3fcaaa1,guarded,340,attack_mixed_unseen,hiding,mixed,high,True,True,True,False,0.0
d3e31330-37b4-4c44-bd02-2615e3fcaaa1,guarded,341,attack_mixed_unseen,hiding,mixed,high,True,True,True,False,0.0
d3e31330-37b4-4c44-bd02-2615e3fcaaa1,guarded,342,attack_mixed_unseen,hiding,mixed,high,True,True,True,False,0.0
d3e31330-37b4-4c44-bd02-2615e3fcaaa1,guarded,343,attack_mixed_unseen,hiding,mixed,high,True,True,True,False,0.0
d3e31330-37b4-4c44-bd02-2615e3fcaaa1,guarded,344,attack_mixed_unseen,hiding,mixed,high,True,True,True,False,0.0
d3e31330-37b4-4c44-bd02-2615e3fcaaa1,guarded,345,attack_mixed_unseen,hiding,mixed,high,True,True,True,False,0.0
d3e31330-37b4-4c44-bd02-2615e3fcaaa1,guarded,346,attack_mixed_unseen,hiding,mixed,high,True,True,True,False,0.0
d3e31330-37b4-4c44-bd02-2615e3fcaaa1,guarded,347,attack_mixed_unseen,hiding,mixed,high,True,True,True,False,0.0
d3e31330-37b4-4c44-bd02-2615e3fcaaa1,guarded,348,attack_mixed_unseen,hiding,mixed,high,True,True,True,False,0.0
d3e31330-37b4-4c44-bd02-2615e3fcaaa1,guarded,349,attack_mixed_unseen,hiding,mixed,high,True,True,True,False,0.0
d3e31330-37b4-4c44-bd02-2615e3fcaaa1,guarded,350,attack_mixed_unseen,hiding,mixed,high,True,True,True,False,0.0
d3e31330-37b4-4c44-bd02-2615e3fcaaa1,guarded,351,attack_mixed_unseen,hiding,mixed,high,True,True,True,False,0.0
d3e31330-37b4-4c44-bd02-2615e3fcaaa1,guarded,352,attack_mixed_unseen,hiding,mixed,high,True,True,True,False,0.0
d3e31330-37b4-4c44-bd02-2615e3fcaaa1,guarded,353,attack_mixed_unseen,hiding,mixed,high,True,True,True,False,0.0
d3e31330-37b4-4c44-bd02-2615e3fcaaa1,guarded,354,attack_mixed_unseen,hiding,mixed,high,True,True,True,False,0.0
d3e31330-37b4-4c44-bd02-2615e3fcaaa1,guarded,355,attack_mixed_unseen,hiding,mixed,high,True,True,True,False,0.0
d3e31330-37b4-4c44-bd02-2615e3fcaaa1,guarded,356,attack_mixed_unseen,hiding,mixed,high,True,True,True,False,0.0
d3e31330-37b4-4c44-bd02-2615e3fcaaa1,guarded,357,attack_mixed_unseen,hiding,mixed,high,True,True,True,False,0.0
d3e31330-37b4-4c44-bd02-2615e3fcaaa1,guarded,358,attack_mixed_unseen,hiding,mixed,high,True,True,True,False,0.0
d3e31330-37b4-4c44-bd02-2615e3fcaaa1,guarded,359,attack_mixed_unseen,hiding,mixed,high,True,True,True,False,0.0
d3e31330-37b4-4c44-bd02-2615e3fcaaa1,guarded,360,attack_mixed_unseen,hiding,mixed,high,True,True,True,False,0.0
d3e31330-37b4-4c44-bd02-2615e3fcaaa1,guarded,361,attack_mixed_unseen,hiding,mixed,high,True,True,True,False,0.0
d3e31330-37b4-4c44-bd02-2615e3fcaaa1,guarded,362,attack_mixed_unseen,hiding,mixed,high,True,True,True,False,0.0
d3e31330-37b4-4c44-bd02-2615e3fcaaa1,guarded,363,attack_mixed_unseen,hiding,mixed,high,True,True,True,False,0.0
d3e31330-37b4-4c44-bd02-2615e3fcaaa1,guarded,364,attack_mixed_unseen,hiding,mixed,high,True,True,True,False,0.0
d3e31330-37b4-4c44-bd02-2615e3fcaaa1,guarded,365,attack_mixed_unseen,hiding,mixed,high,True,True,True,False,0.0
d3e31330-37b4-4c44-bd02-2615e3fcaaa1,guarded,366,attack_mixed_unseen,hiding,mixed,high,True,True,True,False,0.0
d3e31330-37b4-4c44-bd02-2615e3fcaaa1,guarded,367,attack_mixed_unseen,hiding,mixed,high,True,True,True,False,0.0
d3e31330-37b4-4c44-bd02-2615e3fcaaa1,guarded,368,normal_recovery_2,unloaded,baseline,low,False,True,True,True,0.0
d3e31330-37b4-4c44-bd02-2615e3fcaaa1,guarded,369,normal_recovery_2,unloaded,baseline,low,False,False,False,True,0.0
d3e31330-37b4-4c44-bd02-2615e3fcaaa1,guarded,370,normal_recovery_2,unloaded,baseline,low,False,False,False,True,0.0
d3e31330-37b4-4c44-bd02-2615e3fcaaa1,guarded,371,normal_recovery_2,unloaded,baseline,low,False,False,False,True,0.0
d3e31330-37b4-4c44-bd02-2615e3fcaaa1,guarded,372,normal_recovery_2,unloaded,baseline,low,False,False,False,True,0.0
d3e31330-37b4-4c44-bd02-2615e3fcaaa1,guarded,373,normal_recovery_2,unloaded,baseline,low,False,True,True,True,0.0
d3e31330-37b4-4c44-bd02-2615e3fcaaa1,guarded,374,normal_recovery_2,unloaded,baseline,low,False,False,False,True,0.0
d3e31330-37b4-4c44-bd02-2615e3fcaaa1,guarded,375,normal_recovery_2,unloaded,baseline,low,False,True,True,True,0.0
d3e31330-37b4-4c44-bd02-2615e3fcaaa1,guarded,376,normal_recovery_2,unloaded,baseline,low,False,True,True,True,0.0
d3e31330-37b4-4c44-bd02-2615e3fcaaa1,guarded,377,normal_recovery_2,unloaded,baseline,low,False,False,False,True,0.0
d3e31330-37b4-4c44-bd02-2615e3fcaaa1,guarded,378,normal_recovery_2,unloaded,baseline,low,False,False,False,True,0.0
d3e31330-37b4-4c44-bd02-2615e3fcaaa1,guarded,379,normal_recovery_2,unloaded,baseline,low,False,False,False,True,0.0
d3e31330-37b4-4c44-bd02-2615e3fcaaa1,guarded,380,normal_recovery_2,unloaded,baseline,low,False,False,False,True,0.0
d3e31330-37b4-4c44-bd02-2615e3fcaaa1,guarded,381,normal_recovery_2,unloaded,baseline,low,False,False,False,True,0.0
d3e31330-37b4-4c44-bd02-2615e3fcaaa1,guarded,382,normal_recovery_2,unloaded,baseline,low,False,False,False,True,0.0
d3e31330-37b4-4c44-bd02-2615e3fcaaa1,guarded,383,normal_recovery_2,unloaded,baseline,low,False,False,False,True,0.0
d3e31330-37b4-4c44-bd02-2615e3fcaaa1,guarded,384,normal_recovery_2,unloaded,baseline,low,False,False,False,True,0.0
d3e31330-37b4-4c44-bd02-2615e3fcaaa1,guarded,385,normal_recovery_2,unloaded,baseline,low,False,False,False,True,0.0
d3e31330-37b4-4c44-bd02-2615e3fcaaa1,guarded,386,normal_recovery_2,unloaded,baseline,low,False,False,False,True,0.0
d3e31330-37b4-4c44-bd02-2615e3fcaaa1,guarded,387,normal_recovery_2,unloaded,baseline,low,False,False,False,True,0.0
d3e31330-37b4-4c44-bd02-2615e3fcaaa1,guarded,388,sham_negative_baseline,sham,baseline,low,False,False,False,True,0.0
d3e31330-37b4-4c44-bd02-2615e3fcaaa1,guarded,389,sham_negative_baseline,sham,baseline,low,False,False,False,True,0.0
d3e31330-37b4-4c44-bd02-2615e3fcaaa1,guarded,390,sham_negative_baseline,sham,baseline,low,False,False,False,True,0.0
d3e31330-37b4-4c44-bd02-2615e3fcaaa1,guarded,391,sham_negative_baseline,sham,baseline,low,False,False,False,True,0.0
d3e31330-37b4-4c44-bd02-2615e3fcaaa1,guarded,392,sham_negative_baseline,sham,baseline,low,False,False,False,True,0.0
d3e31330-37b4-4c44-bd02-2615e3fcaaa1,guarded,393,sham_negative_baseline,sham,baseline,low,False,False,False,True,0.0
d3e31330-37b4-4c44-bd02-2615e3fcaaa1,guarded,394,sham_negative_baseline,sham,baseline,low,True,False,True,False,0.0
d3e31330-37b4-4c44-bd02-2615e3fcaaa1,guarded,395,sham_negative_baseline,sham,baseline,low,False,False,False,True,0.0
d3e31330-37b4-4c44-bd02-2615e3fcaaa1,guarded,396,sham_negative_baseline,sham,baseline,low,False,False,False,True,0.0
d3e31330-37b4-4c44-bd02-2615e3fcaaa1,guarded,397,sham_negative_baseline,sham,baseline,low,False,False,False,True,0.0
d3e31330-37b4-4c44-bd02-2615e3fcaaa1,guarded,398,sham_negative_cpu,sham,cpu,high,False,True,True,True,0.0
d3e31330-37b4-4c44-bd02-2615e3fcaaa1,guarded,399,sham_negative_cpu,sham,cpu,high,False,True,True,True,0.0
d3e31330-37b4-4c44-bd02-2615e3fcaaa1,guarded,400,sham_negative_cpu,sham,cpu,high,False,True,True,True,0.0
d3e31330-37b4-4c44-bd02-2615e3fcaaa1,guarded,401,sham_negative_cpu,sham,cpu,high,False,True,True,True,0.0
d3e31330-37b4-4c44-bd02-2615e3fcaaa1,guarded,402,sham_negative_cpu,sham,cpu,high,False,True,True,True,0.0
d3e31330-37b4-4c44-bd02-2615e3fcaaa1,guarded,403,sham_negative_cpu,sham,cpu,high,False,True,True,True,0.0
d3e31330-37b4-4c44-bd02-2615e3fcaaa1,guarded,404,sham_negative_cpu,sham,cpu,high,False,True,True,True,0.0
d3e31330-37b4-4c44-bd02-2615e3fcaaa1,guarded,405,sham_negative_cpu,sham,cpu,high,False,True,True,True,0.0
d3e31330-37b4-4c44-bd02-2615e3fcaaa1,guarded,406,sham_negative_cpu,sham,cpu,high,False,True,True,True,0.0
d3e31330-37b4-4c44-bd02-2615e3fcaaa1,guarded,407,sham_negative_cpu,sham,cpu,high,False,False,False,True,0.0
