seed,replay,method,step,batch_id,scenario,label,detector_score,anomaly_score,predicted_anomaly,updated,window_attack_fraction
0,normal_drift_system_load,fixed,1,events/events_2024-12-11T14:08:51.031476_normal.json.gz,system_load,normal,1923.8147169035863,1923.8147169035863,1,0,0.0
0,normal_drift_system_load,fixed,2,events/events_2024-12-11T13:42:22.986151_normal.json.gz,system_load,normal,1016.5984032904968,1016.5984032904968,1,0,0.0
0,normal_drift_system_load,fixed,3,events/events_2024-12-11T14:00:58.195716_normal.json.gz,system_load,normal,839.6287226997382,839.6287226997382,1,0,0.0
0,normal_drift_system_load,fixed,4,events/events_2024-12-11T14:19:39.711212_normal.json.gz,system_load,normal,992.2868780028571,992.2868780028571,1,0,0.0
0,normal_drift_system_load,fixed,5,events/events_2024-12-11T14:13:07.476069_normal.json.gz,system_load,normal,988.632900237673,988.632900237673,1,0,0.0
0,normal_drift_system_load,fixed,6,events/events_2024-12-11T14:29:06.563544_normal.json.gz,system_load,normal,976.395711265707,976.395711265707,1,0,0.0
0,normal_drift_system_load,fixed,7,events/events_2024-12-11T13:59:40.591361_normal.json.gz,system_load,normal,957.0086019115879,957.0086019115879,1,0,0.0
0,normal_drift_system_load,fixed,8,events/events_2024-12-11T14:12:47.732362_normal.json.gz,system_load,normal,980.2816141845649,980.2816141845649,1,0,0.0
0,normal_drift_system_load,fixed,9,events/events_2024-12-11T13:51:32.880283_normal.json.gz,system_load,normal,1236.0630633357468,1236.0630633357468,1,0,0.0
0,normal_drift_system_load,fixed,10,events/events_2024-12-11T13:51:52.561914_normal.json.gz,system_load,normal,1235.1181268695482,1235.1181268695482,1,0,0.0
0,normal_drift_system_load,fixed,11,events/events_2024-12-11T14:24:32.010427_normal.json.gz,system_load,normal,23.34121090764302,23.34121090764302,0,0,0.0
0,normal_drift_system_load,fixed,12,events/events_2024-12-11T13:57:43.823537_normal.json.gz,system_load,normal,1871.8324472832626,1871.8324472832626,1,0,0.0
0,normal_drift_system_load,fixed,13,events/events_2024-12-11T14:17:01.587780_normal.json.gz,system_load,normal,2232.2489980837568,2232.2489980837568,1,0,0.0
0,normal_drift_system_load,fixed,14,events/events_2024-12-11T13:55:27.679120_normal.json.gz,system_load,normal,1201.5669726397177,1201.5669726397177,1,0,0.0
0,normal_drift_system_load,fixed,15,events/events_2024-12-11T14:23:14.386966_normal.json.gz,system_load,normal,1770.5927559308436,1770.5927559308436,1,0,0.0
0,normal_drift_system_load,fixed,16,events/events_2024-12-11T13:48:35.871430_normal.json.gz,system_load,normal,966.8140800085622,966.8140800085622,1,0,0.0
0,normal_drift_system_load,fixed,17,events/events_2024-12-11T14:00:18.886173_normal.json.gz,system_load,normal,26.309972241801344,26.309972241801344,0,0,0.0
0,normal_drift_system_load,fixed,18,events/events_2024-12-11T13:44:21.086898_normal.json.gz,system_load,normal,1034.291656036693,1034.291656036693,1,0,0.0
0,normal_drift_system_load,fixed,19,events/events_2024-12-11T13:54:48.454947_normal.json.gz,system_load,normal,1031.795612659777,1031.795612659777,1,0,0.0
0,normal_drift_system_load,fixed,20,events/events_2024-12-11T13:52:31.587501_normal.json.gz,system_load,normal,967.1118352130949,967.1118352130949,1,0,0.0
0,normal_drift_system_load,fixed,21,events/events_2024-12-11T14:28:27.294697_normal.json.gz,system_load,normal,1047.0537555226176,1047.0537555226176,1,0,0.0
0,normal_drift_system_load,fixed,22,events/events_2024-12-11T13:55:07.987205_normal.json.gz,system_load,normal,1321.4636040298353,1321.4636040298353,1,0,0.0
0,normal_drift_system_load,fixed,23,events/events_2024-12-11T14:16:41.967013_normal.json.gz,system_load,normal,890.2830373822143,890.2830373822143,1,0,0.0
0,normal_drift_system_load,fixed,24,events/events_2024-12-11T14:04:14.351339_normal.json.gz,system_load,normal,978.0315015716957,978.0315015716957,1,0,0.0
0,normal_drift_system_load,fixed,25,events/events_2024-12-11T13:45:59.074945_normal.json.gz,system_load,normal,1092.1566206695825,1092.1566206695825,1,0,0.0
0,normal_drift_system_load,fixed,26,events/events_2024-12-11T13:53:30.943595_normal.json.gz,system_load,normal,1190.7954060338343,1190.7954060338343,1,0,0.0
0,normal_drift_system_load,fixed,27,events/events_2024-12-11T14:14:24.512064_normal.json.gz,system_load,normal,1285.2843664226116,1285.2843664226116,1,0,0.0
0,normal_drift_system_load,fixed,28,events/events_2024-12-11T13:54:09.082718_normal.json.gz,system_load,normal,1110.892515614508,1110.892515614508,1,0,0.0
0,normal_drift_system_load,fixed,29,events/events_2024-12-11T14:13:25.942859_normal.json.gz,system_load,normal,860.2673301683615,860.2673301683615,1,0,0.0
0,normal_drift_system_load,fixed,30,events/events_2024-12-11T14:03:54.651625_normal.json.gz,system_load,normal,974.8184885950916,974.8184885950916,1,0,0.0
0,normal_drift_system_load,fixed,31,events/events_2024-12-11T13:50:14.507073_normal.json.gz,system_load,normal,1218.043651410683,1218.043651410683,1,0,0.0
0,normal_drift_system_load,fixed,32,events/events_2024-12-11T13:59:21.091031_normal.json.gz,system_load,normal,2164.579167900117,2164.579167900117,1,0,0.0
0,normal_drift_system_load,fixed,33,events/events_2024-12-11T14:05:53.062696_normal.json.gz,system_load,normal,1335.481560995216,1335.481560995216,1,0,0.0
0,normal_drift_system_load,fixed,34,events/events_2024-12-11T13:59:01.428017_normal.json.gz,system_load,normal,991.9255008781435,991.9255008781435,1,0,0.0
0,normal_drift_system_load,fixed,35,events/events_2024-12-11T14:22:16.850728_normal.json.gz,system_load,normal,1046.6822477281853,1046.6822477281853,1,0,0.0
0,normal_drift_system_load,fixed,36,events/events_2024-12-11T14:18:40.694851_normal.json.gz,system_load,normal,1362.1178720335834,1362.1178720335834,1,0,0.0
0,normal_drift_system_load,fixed,37,events/events_2024-12-11T14:21:56.964138_normal.json.gz,system_load,normal,1928.3113884691588,1928.3113884691588,1,0,0.0
0,normal_drift_system_load,fixed,38,events/events_2024-12-11T14:08:11.363287_normal.json.gz,system_load,normal,1189.2990958155738,1189.2990958155738,1,0,0.0
0,normal_drift_system_load,fixed,39,events/events_2024-12-11T14:25:10.864214_normal.json.gz,system_load,normal,997.9423235137752,997.9423235137752,1,0,0.0
0,normal_drift_system_load,fixed,40,events/events_2024-12-11T14:07:12.167397_normal.json.gz,system_load,normal,1006.0573727629067,1006.0573727629067,1,0,0.0
0,normal_drift_system_load,fixed,41,events/events_2024-12-11T13:55:46.397753_normal.json.gz,system_load,normal,933.5606925901623,933.5606925901623,1,0,0.0
0,normal_drift_system_load,fixed,42,events/events_2024-12-11T13:52:12.112759_normal.json.gz,system_load,normal,1067.4230827850092,1067.4230827850092,1,0,0.0
0,normal_drift_system_load,fixed,43,events/events_2024-12-11T14:02:35.768248_normal.json.gz,system_load,normal,1070.5739680082572,1070.5739680082572,1,0,0.0
0,normal_drift_system_load,fixed,44,events/events_2024-12-11T13:58:41.455020_normal.json.gz,system_load,normal,1162.3302413082383,1162.3302413082383,1,0,0.0
0,normal_drift_system_load,fixed,45,events/events_2024-12-11T14:22:54.822116_normal.json.gz,system_load,normal,1093.9642642027804,1093.9642642027804,1,0,0.0
0,normal_drift_system_load,fixed,46,events/events_2024-12-11T14:20:19.355059_normal.json.gz,system_load,normal,1038.0137083702837,1038.0137083702837,1,0,0.0
0,normal_drift_system_load,fixed,47,events/events_2024-12-11T14:24:51.667293_normal.json.gz,system_load,normal,995.7288712666442,995.7288712666442,1,0,0.0
0,normal_drift_system_load,fixed,48,events/events_2024-12-11T13:49:54.762770_normal.json.gz,system_load,normal,1028.7747771331378,1028.7747771331378,1,0,0.0
0,normal_drift_system_load,fixed,49,events/events_2024-12-11T14:15:23.678467_normal.json.gz,system_load,normal,1122.003689099669,1122.003689099669,1,0,0.0
0,normal_drift_system_load,fixed,50,events/events_2024-12-11T13:43:02.439196_normal.json.gz,system_load,normal,1045.9782460900967,1045.9782460900967,1,0,0.0
0,normal_drift_system_load,fixed,51,events/events_2024-12-11T13:48:55.383075_normal.json.gz,system_load,normal,1642.9895783668612,1642.9895783668612,1,0,0.0
0,normal_drift_system_load,fixed,52,events/events_2024-12-11T14:09:30.478700_normal.json.gz,system_load,normal,1154.6162013095795,1154.6162013095795,1,0,0.0
0,normal_drift_system_load,fixed,53,events/events_2024-12-11T14:21:18.532051_normal.json.gz,system_load,normal,1138.7737417889946,1138.7737417889946,1,0,0.0
0,normal_drift_system_load,fixed,54,events/events_2024-12-11T14:04:53.975844_normal.json.gz,system_load,normal,1474.713226502909,1474.713226502909,1,0,0.0
0,normal_drift_system_load,fixed,55,events/events_2024-12-11T14:19:59.439150_normal.json.gz,system_load,normal,2086.937380919204,2086.937380919204,1,0,0.0
0,normal_drift_system_load,fixed,56,events/events_2024-12-11T14:01:37.762726_normal.json.gz,system_load,normal,955.685392053081,955.685392053081,1,0,0.0
0,normal_drift_system_load,fixed,57,events/events_2024-12-11T14:12:07.968693_normal.json.gz,system_load,normal,901.7661455336811,901.7661455336811,1,0,0.0
0,normal_drift_system_load,fixed,58,events/events_2024-12-11T14:02:55.447850_normal.json.gz,system_load,normal,1032.9322927101362,1032.9322927101362,1,0,0.0
0,normal_drift_system_load,fixed,59,events/events_2024-12-11T14:25:50.327175_normal.json.gz,system_load,normal,978.2289747777698,978.2289747777698,1,0,0.0
0,normal_drift_system_load,fixed,60,events/events_2024-12-11T14:19:00.062987_normal.json.gz,system_load,normal,2228.476569933546,2228.476569933546,1,0,0.0
0,normal_drift_system_load,fixed,61,events/events_2024-12-11T13:49:15.311239_normal.json.gz,system_load,normal,1554.1433229473182,1554.1433229473182,1,0,0.0
0,normal_drift_system_load,fixed,62,events/events_2024-12-11T14:26:30.009214_normal.json.gz,system_load,normal,1358.9309942101695,1358.9309942101695,1,0,0.0
0,normal_drift_system_load,fixed,63,events/events_2024-12-11T14:11:08.850900_normal.json.gz,system_load,normal,1061.531743115362,1061.531743115362,1,0,0.0
0,normal_drift_system_load,fixed,64,events/events_2024-12-11T14:11:28.575145_normal.json.gz,system_load,normal,1060.6879045089217,1060.6879045089217,1,0,0.0
0,normal_drift_system_load,fixed,65,events/events_2024-12-11T14:27:09.271197_normal.json.gz,system_load,normal,1005.9801651803875,1005.9801651803875,1,0,0.0
0,normal_drift_system_load,fixed,66,events/events_2024-12-11T14:28:07.740138_normal.json.gz,system_load,normal,1752.2260332122728,1752.2260332122728,1,0,0.0
0,normal_drift_system_load,fixed,67,events/events_2024-12-11T14:05:13.607153_normal.json.gz,system_load,normal,1137.6191141422978,1137.6191141422978,1,0,0.0
0,normal_drift_system_load,fixed,68,events/events_2024-12-11T14:10:49.242836_normal.json.gz,system_load,normal,1047.489817489957,1047.489817489957,1,0,0.0
0,normal_drift_system_load,fixed,69,events/events_2024-12-11T14:06:52.226778_normal.json.gz,system_load,normal,1069.0326525584298,1069.0326525584298,1,0,0.0
0,normal_drift_system_load,fixed,70,events/events_2024-12-11T14:24:13.383143_normal.json.gz,system_load,normal,1547.2029854255013,1547.2029854255013,1,0,0.0
0,normal_drift_system_load,fixed,71,events/events_2024-12-11T13:47:56.599483_normal.json.gz,system_load,normal,1305.653129939545,1305.653129939545,1,0,0.0
0,normal_drift_system_load,fixed,72,events/events_2024-12-11T14:20:39.067081_normal.json.gz,system_load,normal,1203.833177068039,1203.833177068039,1,0,0.0
0,normal_drift_system_load,fixed,73,events/events_2024-12-11T14:26:10.166742_normal.json.gz,system_load,normal,1113.7211281972914,1113.7211281972914,1,0,0.0
0,normal_drift_system_load,fixed,74,events/events_2024-12-11T13:48:16.206862_normal.json.gz,system_load,normal,1051.79543439902,1051.79543439902,1,0,0.0
0,normal_drift_system_load,fixed,75,events/events_2024-12-11T14:04:34.155050_normal.json.gz,system_load,normal,1023.8961096953165,1023.8961096953165,1,0,0.0
0,normal_drift_system_load,fixed,76,events/events_2024-12-11T13:50:53.779470_normal.json.gz,system_load,normal,1221.0176862437747,1221.0176862437747,1,0,0.0
0,normal_drift_system_load,fixed,77,events/events_2024-12-11T13:54:28.811569_normal.json.gz,system_load,normal,1949.1679363575001,1949.1679363575001,1,0,0.0
0,normal_drift_system_load,fixed,78,events/events_2024-12-11T14:12:27.691603_normal.json.gz,system_load,normal,1681.374426496444,1681.374426496444,1,0,0.0
0,normal_drift_system_load,fixed,79,events/events_2024-12-11T13:44:01.428377_normal.json.gz,system_load,normal,1124.529215939504,1124.529215939504,1,0,0.0
0,normal_drift_system_load,fixed,80,events/events_2024-12-11T13:56:05.956281_normal.json.gz,system_load,normal,975.2438632168545,975.2438632168545,1,0,0.0
0,normal_drift_system_load,fixed,81,events/events_2024-12-11T14:06:12.850281_normal.json.gz,system_load,normal,1733.6985045943006,1733.6985045943006,1,0,0.0
0,normal_drift_system_load,fixed,82,events/events_2024-12-11T14:14:44.159927_normal.json.gz,system_load,normal,1093.5923891001814,1093.5923891001814,1,0,0.0
0,normal_drift_system_load,fixed,83,events/events_2024-12-11T14:18:01.011468_normal.json.gz,system_load,normal,1047.553574457348,1047.553574457348,1,0,0.0
0,normal_drift_system_load,fixed,84,events/events_2024-12-11T14:13:45.171140_normal.json.gz,system_load,normal,2125.774032830346,2125.774032830346,1,0,0.0
0,normal_drift_system_load,fixed,85,events/events_2024-12-11T14:16:22.279711_normal.json.gz,system_load,normal,1962.5253479168855,1962.5253479168855,1,0,0.0
0,normal_drift_system_load,fixed,86,events/events_2024-12-11T13:45:00.359084_normal.json.gz,system_load,normal,1372.6117150685625,1372.6117150685625,1,0,0.0
0,normal_drift_system_load,fixed,87,events/events_2024-12-11T13:58:02.231210_normal.json.gz,system_load,normal,749.6159089105963,749.6159089105963,1,0,0.0
0,normal_drift_system_load,fixed,88,events/events_2024-12-11T14:01:57.628977_normal.json.gz,system_load,normal,1015.9535311941452,1015.9535311941452,1,0,0.0
0,normal_drift_system_load,fixed,89,events/events_2024-12-11T13:42:03.537307_normal.json.gz,system_load,normal,1078.877011617126,1078.877011617126,1,0,0.0
0,normal_drift_system_load,fixed,90,events/events_2024-12-11T13:50:34.151339_normal.json.gz,system_load,normal,1145.3372696294214,1145.3372696294214,1,0,0.0
0,normal_drift_system_load,fixed,91,events/events_2024-12-11T13:46:37.835702_normal.json.gz,system_load,normal,998.3095790285356,998.3095790285356,1,0,0.0
0,normal_drift_system_load,fixed,92,events/events_2024-12-11T13:47:17.134202_normal.json.gz,system_load,normal,1023.0303304959435,1023.0303304959435,1,0,0.0
0,normal_drift_system_load,fixed,93,events/events_2024-12-11T14:27:48.295320_normal.json.gz,system_load,normal,2151.512594691435,2151.512594691435,1,0,0.0
0,normal_drift_system_load,fixed,94,events/events_2024-12-11T13:45:39.583574_normal.json.gz,system_load,normal,1016.9033062057624,1016.9033062057624,1,0,0.0
0,normal_drift_system_load,fixed,95,events/events_2024-12-11T14:07:51.468114_normal.json.gz,system_load,normal,1876.2780658364609,1876.2780658364609,1,0,0.0
0,normal_drift_system_load,fixed,96,events/events_2024-12-11T13:41:43.870764_normal.json.gz,system_load,normal,1100.3356380796683,1100.3356380796683,1,0,0.0
0,normal_drift_system_load,fixed,97,events/events_2024-12-11T13:47:36.907941_normal.json.gz,system_load,normal,1093.1699038635613,1093.1699038635613,1,0,0.0
0,normal_drift_system_load,fixed,98,events/events_2024-12-11T13:53:11.267711_normal.json.gz,system_load,normal,1018.6637829705716,1018.6637829705716,1,0,0.0
0,normal_drift_system_load,fixed,99,events/events_2024-12-11T13:45:20.043245_normal.json.gz,system_load,normal,988.9389141220856,988.9389141220856,1,0,0.0
0,normal_drift_system_load,fixed,100,events/events_2024-12-11T14:09:11.026216_normal.json.gz,system_load,normal,1142.5932220759892,1142.5932220759892,1,0,0.0
0,normal_drift_system_load,blind_50,1,events/events_2024-12-11T14:08:51.031476_normal.json.gz,system_load,normal,1923.8147169035863,1923.8147169035863,1,1,0.0
0,normal_drift_system_load,blind_50,2,events/events_2024-12-11T13:42:22.986151_normal.json.gz,system_load,normal,34.62497835914434,34.62497835914434,1,1,0.0
0,normal_drift_system_load,blind_50,3,events/events_2024-12-11T14:00:58.195716_normal.json.gz,system_load,normal,101.16290530399326,101.16290530399326,1,1,0.0
0,normal_drift_system_load,blind_50,4,events/events_2024-12-11T14:19:39.711212_normal.json.gz,system_load,normal,29.719377189614328,29.719377189614328,0,1,0.0
0,normal_drift_system_load,blind_50,5,events/events_2024-12-11T14:13:07.476069_normal.json.gz,system_load,normal,35.63054451448439,35.63054451448439,1,1,0.0
0,normal_drift_system_load,blind_50,6,events/events_2024-12-11T14:29:06.563544_normal.json.gz,system_load,normal,14.996413430853027,14.996413430853027,0,1,0.0
0,normal_drift_system_load,blind_50,7,events/events_2024-12-11T13:59:40.591361_normal.json.gz,system_load,normal,14.906942937878142,14.906942937878142,0,1,0.0
0,normal_drift_system_load,blind_50,8,events/events_2024-12-11T14:12:47.732362_normal.json.gz,system_load,normal,14.719985917568614,14.719985917568614,0,1,0.0
0,normal_drift_system_load,blind_50,9,events/events_2024-12-11T13:51:32.880283_normal.json.gz,system_load,normal,13.193218605418526,13.193218605418526,0,1,0.0
0,normal_drift_system_load,blind_50,10,events/events_2024-12-11T13:51:52.561914_normal.json.gz,system_load,normal,16.450109015207858,16.450109015207858,0,1,0.0
0,normal_drift_system_load,blind_50,11,events/events_2024-12-11T14:24:32.010427_normal.json.gz,system_load,normal,26.00838318752817,26.00838318752817,0,1,0.0
0,normal_drift_system_load,blind_50,12,events/events_2024-12-11T13:57:43.823537_normal.json.gz,system_load,normal,20.210503599015503,20.210503599015503,0,1,0.0
0,normal_drift_system_load,blind_50,13,events/events_2024-12-11T14:17:01.587780_normal.json.gz,system_load,normal,20.195350709536733,20.195350709536733,0,1,0.0
0,normal_drift_system_load,blind_50,14,events/events_2024-12-11T13:55:27.679120_normal.json.gz,system_load,normal,8.840680504991706,8.840680504991706,0,1,0.0
0,normal_drift_system_load,blind_50,15,events/events_2024-12-11T14:23:14.386966_normal.json.gz,system_load,normal,18.661453340660916,18.661453340660916,0,1,0.0
0,normal_drift_system_load,blind_50,16,events/events_2024-12-11T13:48:35.871430_normal.json.gz,system_load,normal,16.51186741181205,16.51186741181205,0,1,0.0
0,normal_drift_system_load,blind_50,17,events/events_2024-12-11T14:00:18.886173_normal.json.gz,system_load,normal,20.30758484158249,20.30758484158249,0,1,0.0
0,normal_drift_system_load,blind_50,18,events/events_2024-12-11T13:44:21.086898_normal.json.gz,system_load,normal,8.81577984222664,8.81577984222664,0,1,0.0
0,normal_drift_system_load,blind_50,19,events/events_2024-12-11T13:54:48.454947_normal.json.gz,system_load,normal,24.233257054109483,24.233257054109483,0,1,0.0
0,normal_drift_system_load,blind_50,20,events/events_2024-12-11T13:52:31.587501_normal.json.gz,system_load,normal,32.83822235681059,32.83822235681059,1,1,0.0
0,normal_drift_system_load,blind_50,21,events/events_2024-12-11T14:28:27.294697_normal.json.gz,system_load,normal,17.848332962721685,17.848332962721685,0,1,0.0
0,normal_drift_system_load,blind_50,22,events/events_2024-12-11T13:55:07.987205_normal.json.gz,system_load,normal,11.65394753909888,11.65394753909888,0,1,0.0
0,normal_drift_system_load,blind_50,23,events/events_2024-12-11T14:16:41.967013_normal.json.gz,system_load,normal,6.338157030485455,6.338157030485455,0,1,0.0
0,normal_drift_system_load,blind_50,24,events/events_2024-12-11T14:04:14.351339_normal.json.gz,system_load,normal,6.9455070581248,6.9455070581248,0,1,0.0
0,normal_drift_system_load,blind_50,25,events/events_2024-12-11T13:45:59.074945_normal.json.gz,system_load,normal,39.24646200397564,39.24646200397564,1,1,0.0
0,normal_drift_system_load,blind_50,26,events/events_2024-12-11T13:53:30.943595_normal.json.gz,system_load,normal,6.42447836828274,6.42447836828274,0,1,0.0
0,normal_drift_system_load,blind_50,27,events/events_2024-12-11T14:14:24.512064_normal.json.gz,system_load,normal,6.402743072426799,6.402743072426799,0,1,0.0
0,normal_drift_system_load,blind_50,28,events/events_2024-12-11T13:54:09.082718_normal.json.gz,system_load,normal,26.844442600819328,26.844442600819328,0,1,0.0
0,normal_drift_system_load,blind_50,29,events/events_2024-12-11T14:13:25.942859_normal.json.gz,system_load,normal,47.51239792499621,47.51239792499621,1,1,0.0
0,normal_drift_system_load,blind_50,30,events/events_2024-12-11T14:03:54.651625_normal.json.gz,system_load,normal,8.281095699068741,8.281095699068741,0,1,0.0
0,normal_drift_system_load,blind_50,31,events/events_2024-12-11T13:50:14.507073_normal.json.gz,system_load,normal,3.515276742643591,3.515276742643591,0,1,0.0
0,normal_drift_system_load,blind_50,32,events/events_2024-12-11T13:59:21.091031_normal.json.gz,system_load,normal,11.150944747310332,11.150944747310332,0,1,0.0
0,normal_drift_system_load,blind_50,33,events/events_2024-12-11T14:05:53.062696_normal.json.gz,system_load,normal,21.034435698443122,21.034435698443122,0,1,0.0
0,normal_drift_system_load,blind_50,34,events/events_2024-12-11T13:59:01.428017_normal.json.gz,system_load,normal,8.072603944303276,8.072603944303276,0,1,0.0
0,normal_drift_system_load,blind_50,35,events/events_2024-12-11T14:22:16.850728_normal.json.gz,system_load,normal,4.264164145194011,4.264164145194011,0,1,0.0
0,normal_drift_system_load,blind_50,36,events/events_2024-12-11T14:18:40.694851_normal.json.gz,system_load,normal,20.58389945620316,20.58389945620316,0,1,0.0
0,normal_drift_system_load,blind_50,37,events/events_2024-12-11T14:21:56.964138_normal.json.gz,system_load,normal,9.561081865849658,9.561081865849658,0,1,0.0
0,normal_drift_system_load,blind_50,38,events/events_2024-12-11T14:08:11.363287_normal.json.gz,system_load,normal,3.164780940926663,3.164780940926663,0,1,0.0
0,normal_drift_system_load,blind_50,39,events/events_2024-12-11T14:25:10.864214_normal.json.gz,system_load,normal,5.641572577175013,5.641572577175013,0,1,0.0
0,normal_drift_system_load,blind_50,40,events/events_2024-12-11T14:07:12.167397_normal.json.gz,system_load,normal,16.881870906845187,16.881870906845187,0,1,0.0
0,normal_drift_system_load,blind_50,41,events/events_2024-12-11T13:55:46.397753_normal.json.gz,system_load,normal,17.326446006436,17.326446006436,0,1,0.0
0,normal_drift_system_load,blind_50,42,events/events_2024-12-11T13:52:12.112759_normal.json.gz,system_load,normal,4.367496976866636,4.367496976866636,0,1,0.0
0,normal_drift_system_load,blind_50,43,events/events_2024-12-11T14:02:35.768248_normal.json.gz,system_load,normal,2.646360429960188,2.646360429960188,0,1,0.0
0,normal_drift_system_load,blind_50,44,events/events_2024-12-11T13:58:41.455020_normal.json.gz,system_load,normal,9.149510707654873,9.149510707654873,0,1,0.0
0,normal_drift_system_load,blind_50,45,events/events_2024-12-11T14:22:54.822116_normal.json.gz,system_load,normal,5.479512987821029,5.479512987821029,0,1,0.0
0,normal_drift_system_load,blind_50,46,events/events_2024-12-11T14:20:19.355059_normal.json.gz,system_load,normal,6.114385127607634,6.114385127607634,0,1,0.0
0,normal_drift_system_load,blind_50,47,events/events_2024-12-11T14:24:51.667293_normal.json.gz,system_load,normal,9.944792721278217,9.944792721278217,0,1,0.0
0,normal_drift_system_load,blind_50,48,events/events_2024-12-11T13:49:54.762770_normal.json.gz,system_load,normal,43.72677049373919,43.72677049373919,1,1,0.0
0,normal_drift_system_load,blind_50,49,events/events_2024-12-11T14:15:23.678467_normal.json.gz,system_load,normal,5.444738278919683,5.444738278919683,0,1,0.0
0,normal_drift_system_load,blind_50,50,events/events_2024-12-11T13:43:02.439196_normal.json.gz,system_load,normal,11.841489198827794,11.841489198827794,0,1,0.0
0,normal_drift_system_load,blind_50,51,events/events_2024-12-11T13:48:55.383075_normal.json.gz,system_load,normal,16.68503771652227,16.68503771652227,0,1,0.0
0,normal_drift_system_load,blind_50,52,events/events_2024-12-11T14:09:30.478700_normal.json.gz,system_load,normal,3.5178456149836035,3.5178456149836035,0,1,0.0
0,normal_drift_system_load,blind_50,53,events/events_2024-12-11T14:21:18.532051_normal.json.gz,system_load,normal,3.678687496346974,3.678687496346974,0,1,0.0
0,normal_drift_system_load,blind_50,54,events/events_2024-12-11T14:04:53.975844_normal.json.gz,system_load,normal,10.06798086277628,10.06798086277628,0,1,0.0
0,normal_drift_system_load,blind_50,55,events/events_2024-12-11T14:19:59.439150_normal.json.gz,system_load,normal,12.306310549820754,12.306310549820754,0,1,0.0
0,normal_drift_system_load,blind_50,56,events/events_2024-12-11T14:01:37.762726_normal.json.gz,system_load,normal,11.067590232919294,11.067590232919294,0,1,0.0
0,normal_drift_system_load,blind_50,57,events/events_2024-12-11T14:12:07.968693_normal.json.gz,system_load,normal,17.810734069436197,17.810734069436197,0,1,0.0
0,normal_drift_system_load,blind_50,58,events/events_2024-12-11T14:02:55.447850_normal.json.gz,system_load,normal,10.415423600742187,10.415423600742187,0,1,0.0
0,normal_drift_system_load,blind_50,59,events/events_2024-12-11T14:25:50.327175_normal.json.gz,system_load,normal,7.698137688428705,7.698137688428705,0,1,0.0
0,normal_drift_system_load,blind_50,60,events/events_2024-12-11T14:19:00.062987_normal.json.gz,system_load,normal,21.10123928612712,21.10123928612712,0,1,0.0
0,normal_drift_system_load,blind_50,61,events/events_2024-12-11T13:49:15.311239_normal.json.gz,system_load,normal,6.896900913410745,6.896900913410745,0,1,0.0
0,normal_drift_system_load,blind_50,62,events/events_2024-12-11T14:26:30.009214_normal.json.gz,system_load,normal,8.949418358460754,8.949418358460754,0,1,0.0
0,normal_drift_system_load,blind_50,63,events/events_2024-12-11T14:11:08.850900_normal.json.gz,system_load,normal,8.459800267197277,8.459800267197277,0,1,0.0
0,normal_drift_system_load,blind_50,64,events/events_2024-12-11T14:11:28.575145_normal.json.gz,system_load,normal,9.5639605777827,9.5639605777827,0,1,0.0
0,normal_drift_system_load,blind_50,65,events/events_2024-12-11T14:27:09.271197_normal.json.gz,system_load,normal,55.65152384428382,55.65152384428382,1,1,0.0
0,normal_drift_system_load,blind_50,66,events/events_2024-12-11T14:28:07.740138_normal.json.gz,system_load,normal,14.370803563534968,14.370803563534968,0,1,0.0
0,normal_drift_system_load,blind_50,67,events/events_2024-12-11T14:05:13.607153_normal.json.gz,system_load,normal,3.736333153639481,3.736333153639481,0,1,0.0
0,normal_drift_system_load,blind_50,68,events/events_2024-12-11T14:10:49.242836_normal.json.gz,system_load,normal,5.861491428867677,5.861491428867677,0,1,0.0
0,normal_drift_system_load,blind_50,69,events/events_2024-12-11T14:06:52.226778_normal.json.gz,system_load,normal,9.980850582976965,9.980850582976965,0,1,0.0
0,normal_drift_system_load,blind_50,70,events/events_2024-12-11T14:24:13.383143_normal.json.gz,system_load,normal,17.75413600467438,17.75413600467438,0,1,0.0
0,normal_drift_system_load,blind_50,71,events/events_2024-12-11T13:47:56.599483_normal.json.gz,system_load,normal,27.391431303079685,27.391431303079685,0,1,0.0
0,normal_drift_system_load,blind_50,72,events/events_2024-12-11T14:20:39.067081_normal.json.gz,system_load,normal,17.26995848171343,17.26995848171343,0,1,0.0
0,normal_drift_system_load,blind_50,73,events/events_2024-12-11T14:26:10.166742_normal.json.gz,system_load,normal,7.533329698024482,7.533329698024482,0,1,0.0
0,normal_drift_system_load,blind_50,74,events/events_2024-12-11T13:48:16.206862_normal.json.gz,system_load,normal,6.814641476670672,6.814641476670672,0,1,0.0
0,normal_drift_system_load,blind_50,75,events/events_2024-12-11T14:04:34.155050_normal.json.gz,system_load,normal,15.814825762680739,15.814825762680739,0,1,0.0
0,normal_drift_system_load,blind_50,76,events/events_2024-12-11T13:50:53.779470_normal.json.gz,system_load,normal,8.936637374182908,8.936637374182908,0,1,0.0
0,normal_drift_system_load,blind_50,77,events/events_2024-12-11T13:54:28.811569_normal.json.gz,system_load,normal,16.649277150565155,16.649277150565155,0,1,0.0
0,normal_drift_system_load,blind_50,78,events/events_2024-12-11T14:12:27.691603_normal.json.gz,system_load,normal,14.04612704034798,14.04612704034798,0,1,0.0
0,normal_drift_system_load,blind_50,79,events/events_2024-12-11T13:44:01.428377_normal.json.gz,system_load,normal,19.226236222236533,19.226236222236533,0,1,0.0
0,normal_drift_system_load,blind_50,80,events/events_2024-12-11T13:56:05.956281_normal.json.gz,system_load,normal,8.888835545366089,8.888835545366089,0,1,0.0
0,normal_drift_system_load,blind_50,81,events/events_2024-12-11T14:06:12.850281_normal.json.gz,system_load,normal,41.34512189336729,41.34512189336729,1,1,0.0
0,normal_drift_system_load,blind_50,82,events/events_2024-12-11T14:14:44.159927_normal.json.gz,system_load,normal,13.323631751742468,13.323631751742468,0,1,0.0
0,normal_drift_system_load,blind_50,83,events/events_2024-12-11T14:18:01.011468_normal.json.gz,system_load,normal,14.79303478633065,14.79303478633065,0,1,0.0
0,normal_drift_system_load,blind_50,84,events/events_2024-12-11T14:13:45.171140_normal.json.gz,system_load,normal,22.331158190324338,22.331158190324338,0,1,0.0
0,normal_drift_system_load,blind_50,85,events/events_2024-12-11T14:16:22.279711_normal.json.gz,system_load,normal,12.08235444323847,12.08235444323847,0,1,0.0
0,normal_drift_system_load,blind_50,86,events/events_2024-12-11T13:45:00.359084_normal.json.gz,system_load,normal,9.590542088796628,9.590542088796628,0,1,0.0
0,normal_drift_system_load,blind_50,87,events/events_2024-12-11T13:58:02.231210_normal.json.gz,system_load,normal,12276.274025120925,12276.274025120925,1,1,0.0
0,normal_drift_system_load,blind_50,88,events/events_2024-12-11T14:01:57.628977_normal.json.gz,system_load,normal,16.342222687474134,16.342222687474134,0,1,0.0
0,normal_drift_system_load,blind_50,89,events/events_2024-12-11T13:42:03.537307_normal.json.gz,system_load,normal,12.778478237573134,12.778478237573134,0,1,0.0
0,normal_drift_system_load,blind_50,90,events/events_2024-12-11T13:50:34.151339_normal.json.gz,system_load,normal,12.224100417501159,12.224100417501159,0,1,0.0
0,normal_drift_system_load,blind_50,91,events/events_2024-12-11T13:46:37.835702_normal.json.gz,system_load,normal,198.21635384016088,198.21635384016088,1,1,0.0
0,normal_drift_system_load,blind_50,92,events/events_2024-12-11T13:47:17.134202_normal.json.gz,system_load,normal,86.08389011804198,86.08389011804198,1,1,0.0
0,normal_drift_system_load,blind_50,93,events/events_2024-12-11T14:27:48.295320_normal.json.gz,system_load,normal,15.312758511584919,15.312758511584919,0,1,0.0
0,normal_drift_system_load,blind_50,94,events/events_2024-12-11T13:45:39.583574_normal.json.gz,system_load,normal,20.38171046864967,20.38171046864967,0,1,0.0
0,normal_drift_system_load,blind_50,95,events/events_2024-12-11T14:07:51.468114_normal.json.gz,system_load,normal,26.017392826366162,26.017392826366162,0,1,0.0
0,normal_drift_system_load,blind_50,96,events/events_2024-12-11T13:41:43.870764_normal.json.gz,system_load,normal,14.782707905104251,14.782707905104251,0,1,0.0
0,normal_drift_system_load,blind_50,97,events/events_2024-12-11T13:47:36.907941_normal.json.gz,system_load,normal,5.8227980009164035,5.8227980009164035,0,1,0.0
0,normal_drift_system_load,blind_50,98,events/events_2024-12-11T13:53:11.267711_normal.json.gz,system_load,normal,17.03025661126723,17.03025661126723,0,1,0.0
0,normal_drift_system_load,blind_50,99,events/events_2024-12-11T13:45:20.043245_normal.json.gz,system_load,normal,13.631224378163576,13.631224378163576,0,1,0.0
0,normal_drift_system_load,blind_50,100,events/events_2024-12-11T14:09:11.026216_normal.json.gz,system_load,normal,13.716313169258617,13.716313169258617,0,1,0.0
0,normal_drift_system_load,score_gated,1,events/events_2024-12-11T14:08:51.031476_normal.json.gz,system_load,normal,1923.8147169035863,1923.8147169035863,1,0,0.0
0,normal_drift_system_load,score_gated,2,events/events_2024-12-11T13:42:22.986151_normal.json.gz,system_load,normal,1016.5984032904968,1016.5984032904968,1,0,0.0
0,normal_drift_system_load,score_gated,3,events/events_2024-12-11T14:00:58.195716_normal.json.gz,system_load,normal,839.6287226997382,839.6287226997382,1,0,0.0
0,normal_drift_system_load,score_gated,4,events/events_2024-12-11T14:19:39.711212_normal.json.gz,system_load,normal,992.2868780028571,992.2868780028571,1,0,0.0
0,normal_drift_system_load,score_gated,5,events/events_2024-12-11T14:13:07.476069_normal.json.gz,system_load,normal,988.632900237673,988.632900237673,1,0,0.0
0,normal_drift_system_load,score_gated,6,events/events_2024-12-11T14:29:06.563544_normal.json.gz,system_load,normal,976.395711265707,976.395711265707,1,0,0.0
0,normal_drift_system_load,score_gated,7,events/events_2024-12-11T13:59:40.591361_normal.json.gz,system_load,normal,957.0086019115879,957.0086019115879,1,0,0.0
0,normal_drift_system_load,score_gated,8,events/events_2024-12-11T14:12:47.732362_normal.json.gz,system_load,normal,980.2816141845649,980.2816141845649,1,0,0.0
0,normal_drift_system_load,score_gated,9,events/events_2024-12-11T13:51:32.880283_normal.json.gz,system_load,normal,1236.0630633357468,1236.0630633357468,1,0,0.0
0,normal_drift_system_load,score_gated,10,events/events_2024-12-11T13:51:52.561914_normal.json.gz,system_load,normal,1235.1181268695482,1235.1181268695482,1,0,0.0
0,normal_drift_system_load,score_gated,11,events/events_2024-12-11T14:24:32.010427_normal.json.gz,system_load,normal,23.34121090764302,23.34121090764302,0,1,0.0
0,normal_drift_system_load,score_gated,12,events/events_2024-12-11T13:57:43.823537_normal.json.gz,system_load,normal,1910.9300660733388,1910.9300660733388,1,0,0.0
0,normal_drift_system_load,score_gated,13,events/events_2024-12-11T14:17:01.587780_normal.json.gz,system_load,normal,2273.3346138585225,2273.3346138585225,1,0,0.0
0,normal_drift_system_load,score_gated,14,events/events_2024-12-11T13:55:27.679120_normal.json.gz,system_load,normal,1229.6672092063998,1229.6672092063998,1,0,0.0
0,normal_drift_system_load,score_gated,15,events/events_2024-12-11T14:23:14.386966_normal.json.gz,system_load,normal,1807.4139357904644,1807.4139357904644,1,0,0.0
0,normal_drift_system_load,score_gated,16,events/events_2024-12-11T13:48:35.871430_normal.json.gz,system_load,normal,985.2929709182254,985.2929709182254,1,0,0.0
0,normal_drift_system_load,score_gated,17,events/events_2024-12-11T14:00:18.886173_normal.json.gz,system_load,normal,22.212563542622583,22.212563542622583,0,1,0.0
0,normal_drift_system_load,score_gated,18,events/events_2024-12-11T13:44:21.086898_normal.json.gz,system_load,normal,1038.977853300807,1038.977853300807,1,0,0.0
0,normal_drift_system_load,score_gated,19,events/events_2024-12-11T13:54:48.454947_normal.json.gz,system_load,normal,1047.1388428357163,1047.1388428357163,1,0,0.0
0,normal_drift_system_load,score_gated,20,events/events_2024-12-11T13:52:31.587501_normal.json.gz,system_load,normal,968.7416112555125,968.7416112555125,1,0,0.0
0,normal_drift_system_load,score_gated,21,events/events_2024-12-11T14:28:27.294697_normal.json.gz,system_load,normal,1061.040129994341,1061.040129994341,1,0,0.0
0,normal_drift_system_load,score_gated,22,events/events_2024-12-11T13:55:07.987205_normal.json.gz,system_load,normal,1332.9461379067814,1332.9461379067814,1,0,0.0
0,normal_drift_system_load,score_gated,23,events/events_2024-12-11T14:16:41.967013_normal.json.gz,system_load,normal,894.826381571181,894.826381571181,1,0,0.0
0,normal_drift_system_load,score_gated,24,events/events_2024-12-11T14:04:14.351339_normal.json.gz,system_load,normal,988.7500320431,988.7500320431,1,0,0.0
0,normal_drift_system_load,score_gated,25,events/events_2024-12-11T13:45:59.074945_normal.json.gz,system_load,normal,1100.624846166306,1100.624846166306,1,0,0.0
0,normal_drift_system_load,score_gated,26,events/events_2024-12-11T13:53:30.943595_normal.json.gz,system_load,normal,1201.0189202303043,1201.0189202303043,1,0,0.0
0,normal_drift_system_load,score_gated,27,events/events_2024-12-11T14:14:24.512064_normal.json.gz,system_load,normal,1295.9571419414276,1295.9571419414276,1,0,0.0
0,normal_drift_system_load,score_gated,28,events/events_2024-12-11T13:54:09.082718_normal.json.gz,system_load,normal,1124.8045376581433,1124.8045376581433,1,0,0.0
0,normal_drift_system_load,score_gated,29,events/events_2024-12-11T14:13:25.942859_normal.json.gz,system_load,normal,869.0930569316788,869.0930569316788,1,0,0.0
0,normal_drift_system_load,score_gated,30,events/events_2024-12-11T14:03:54.651625_normal.json.gz,system_load,normal,980.1638225247458,980.1638225247458,1,0,0.0
0,normal_drift_system_load,score_gated,31,events/events_2024-12-11T13:50:14.507073_normal.json.gz,system_load,normal,1230.8891534860222,1230.8891534860222,1,0,0.0
0,normal_drift_system_load,score_gated,32,events/events_2024-12-11T13:59:21.091031_normal.json.gz,system_load,normal,2169.1551627690624,2169.1551627690624,1,0,0.0
0,normal_drift_system_load,score_gated,33,events/events_2024-12-11T14:05:53.062696_normal.json.gz,system_load,normal,1347.621455047321,1347.621455047321,1,0,0.0
0,normal_drift_system_load,score_gated,34,events/events_2024-12-11T13:59:01.428017_normal.json.gz,system_load,normal,998.8624892085533,998.8624892085533,1,0,0.0
0,normal_drift_system_load,score_gated,35,events/events_2024-12-11T14:22:16.850728_normal.json.gz,system_load,normal,1057.5174794399045,1057.5174794399045,1,0,0.0
0,normal_drift_system_load,score_gated,36,events/events_2024-12-11T14:18:40.694851_normal.json.gz,system_load,normal,1373.2467178888628,1373.2467178888628,1,0,0.0
0,normal_drift_system_load,score_gated,37,events/events_2024-12-11T14:21:56.964138_normal.json.gz,system_load,normal,1935.5855763117052,1935.5855763117052,1,0,0.0
0,normal_drift_system_load,score_gated,38,events/events_2024-12-11T14:08:11.363287_normal.json.gz,system_load,normal,1203.0362557478245,1203.0362557478245,1,0,0.0
0,normal_drift_system_load,score_gated,39,events/events_2024-12-11T14:25:10.864214_normal.json.gz,system_load,normal,1009.601342750328,1009.601342750328,1,0,0.0
0,normal_drift_system_load,score_gated,40,events/events_2024-12-11T14:07:12.167397_normal.json.gz,system_load,normal,1012.782799606882,1012.782799606882,1,0,0.0
0,normal_drift_system_load,score_gated,41,events/events_2024-12-11T13:55:46.397753_normal.json.gz,system_load,normal,938.1027899002794,938.1027899002794,1,0,0.0
0,normal_drift_system_load,score_gated,42,events/events_2024-12-11T13:52:12.112759_normal.json.gz,system_load,normal,1079.165583070894,1079.165583070894,1,0,0.0
0,normal_drift_system_load,score_gated,43,events/events_2024-12-11T14:02:35.768248_normal.json.gz,system_load,normal,1083.5321290743227,1083.5321290743227,1,0,0.0
0,normal_drift_system_load,score_gated,44,events/events_2024-12-11T13:58:41.455020_normal.json.gz,system_load,normal,1174.5769235903517,1174.5769235903517,1,0,0.0
0,normal_drift_system_load,score_gated,45,events/events_2024-12-11T14:22:54.822116_normal.json.gz,system_load,normal,1104.9730978260711,1104.9730978260711,1,0,0.0
0,normal_drift_system_load,score_gated,46,events/events_2024-12-11T14:20:19.355059_normal.json.gz,system_load,normal,1053.8503896181699,1053.8503896181699,1,0,0.0
0,normal_drift_system_load,score_gated,47,events/events_2024-12-11T14:24:51.667293_normal.json.gz,system_load,normal,1001.0966263915291,1001.0966263915291,1,0,0.0
0,normal_drift_system_load,score_gated,48,events/events_2024-12-11T13:49:54.762770_normal.json.gz,system_load,normal,1038.858231776199,1038.858231776199,1,0,0.0
0,normal_drift_system_load,score_gated,49,events/events_2024-12-11T14:15:23.678467_normal.json.gz,system_load,normal,1134.336551394489,1134.336551394489,1,0,0.0
0,normal_drift_system_load,score_gated,50,events/events_2024-12-11T13:43:02.439196_normal.json.gz,system_load,normal,1051.3949373339192,1051.3949373339192,1,0,0.0
0,normal_drift_system_load,score_gated,51,events/events_2024-12-11T13:48:55.383075_normal.json.gz,system_load,normal,1649.971840637083,1649.971840637083,1,0,0.0
0,normal_drift_system_load,score_gated,52,events/events_2024-12-11T14:09:30.478700_normal.json.gz,system_load,normal,1166.6600004864088,1166.6600004864088,1,0,0.0
0,normal_drift_system_load,score_gated,53,events/events_2024-12-11T14:21:18.532051_normal.json.gz,system_load,normal,1153.3379665903117,1153.3379665903117,1,0,0.0
0,normal_drift_system_load,score_gated,54,events/events_2024-12-11T14:04:53.975844_normal.json.gz,system_load,normal,1484.3761907441833,1484.3761907441833,1,0,0.0
0,normal_drift_system_load,score_gated,55,events/events_2024-12-11T14:19:59.439150_normal.json.gz,system_load,normal,2092.6433285726994,2092.6433285726994,1,0,0.0
0,normal_drift_system_load,score_gated,56,events/events_2024-12-11T14:01:37.762726_normal.json.gz,system_load,normal,960.7018937421547,960.7018937421547,1,0,0.0
0,normal_drift_system_load,score_gated,57,events/events_2024-12-11T14:12:07.968693_normal.json.gz,system_load,normal,915.0978862739819,915.0978862739819,1,0,0.0
0,normal_drift_system_load,score_gated,58,events/events_2024-12-11T14:02:55.447850_normal.json.gz,system_load,normal,1037.1135650728672,1037.1135650728672,1,0,0.0
0,normal_drift_system_load,score_gated,59,events/events_2024-12-11T14:25:50.327175_normal.json.gz,system_load,normal,989.1793793487516,989.1793793487516,1,0,0.0
0,normal_drift_system_load,score_gated,60,events/events_2024-12-11T14:19:00.062987_normal.json.gz,system_load,normal,2232.5818340764995,2232.5818340764995,1,0,0.0
0,normal_drift_system_load,score_gated,61,events/events_2024-12-11T13:49:15.311239_normal.json.gz,system_load,normal,1564.5861590040183,1564.5861590040183,1,0,0.0
0,normal_drift_system_load,score_gated,62,events/events_2024-12-11T14:26:30.009214_normal.json.gz,system_load,normal,1371.5655355514714,1371.5655355514714,1,0,0.0
0,normal_drift_system_load,score_gated,63,events/events_2024-12-11T14:11:08.850900_normal.json.gz,system_load,normal,1075.1412238497392,1075.1412238497392,1,0,0.0
0,normal_drift_system_load,score_gated,64,events/events_2024-12-11T14:11:28.575145_normal.json.gz,system_load,normal,1071.4128619733303,1071.4128619733303,1,0,0.0
0,normal_drift_system_load,score_gated,65,events/events_2024-12-11T14:27:09.271197_normal.json.gz,system_load,normal,1006.8014708714171,1006.8014708714171,1,0,0.0
0,normal_drift_system_load,score_gated,66,events/events_2024-12-11T14:28:07.740138_normal.json.gz,system_load,normal,1761.7612546892676,1761.7612546892676,1,0,0.0
0,normal_drift_system_load,score_gated,67,events/events_2024-12-11T14:05:13.607153_normal.json.gz,system_load,normal,1152.2137193369128,1152.2137193369128,1,0,0.0
0,normal_drift_system_load,score_gated,68,events/events_2024-12-11T14:10:49.242836_normal.json.gz,system_load,normal,1060.964192407759,1060.964192407759,1,0,0.0
0,normal_drift_system_load,score_gated,69,events/events_2024-12-11T14:06:52.226778_normal.json.gz,system_load,normal,1084.4206385494479,1084.4206385494479,1,0,0.0
0,normal_drift_system_load,score_gated,70,events/events_2024-12-11T14:24:13.383143_normal.json.gz,system_load,normal,1558.029320427445,1558.029320427445,1,0,0.0
0,normal_drift_system_load,score_gated,71,events/events_2024-12-11T13:47:56.599483_normal.json.gz,system_load,normal,1320.4145828400194,1320.4145828400194,1,0,0.0
0,normal_drift_system_load,score_gated,72,events/events_2024-12-11T14:20:39.067081_normal.json.gz,system_load,normal,1218.1252283324625,1218.1252283324625,1,0,0.0
0,normal_drift_system_load,score_gated,73,events/events_2024-12-11T14:26:10.166742_normal.json.gz,system_load,normal,1128.3237790059138,1128.3237790059138,1,0,0.0
0,normal_drift_system_load,score_gated,74,events/events_2024-12-11T13:48:16.206862_normal.json.gz,system_load,normal,1066.0920490297049,1066.0920490297049,1,0,0.0
0,normal_drift_system_load,score_gated,75,events/events_2024-12-11T14:04:34.155050_normal.json.gz,system_load,normal,1027.1016442375433,1027.1016442375433,1,0,0.0
0,normal_drift_system_load,score_gated,76,events/events_2024-12-11T13:50:53.779470_normal.json.gz,system_load,normal,1233.0242007798693,1233.0242007798693,1,0,0.0
0,normal_drift_system_load,score_gated,77,events/events_2024-12-11T13:54:28.811569_normal.json.gz,system_load,normal,1957.8954860407441,1957.8954860407441,1,0,0.0
0,normal_drift_system_load,score_gated,78,events/events_2024-12-11T14:12:27.691603_normal.json.gz,system_load,normal,1745.163338131858,1745.163338131858,1,0,0.0
0,normal_drift_system_load,score_gated,79,events/events_2024-12-11T13:44:01.428377_normal.json.gz,system_load,normal,1136.4671640495521,1136.4671640495521,1,0,0.0
0,normal_drift_system_load,score_gated,80,events/events_2024-12-11T13:56:05.956281_normal.json.gz,system_load,normal,988.0453575179185,988.0453575179185,1,0,0.0
0,normal_drift_system_load,score_gated,81,events/events_2024-12-11T14:06:12.850281_normal.json.gz,system_load,normal,1818.5995838352567,1818.5995838352567,1,0,0.0
0,normal_drift_system_load,score_gated,82,events/events_2024-12-11T14:14:44.159927_normal.json.gz,system_load,normal,1107.4531106356576,1107.4531106356576,1,0,0.0
0,normal_drift_system_load,score_gated,83,events/events_2024-12-11T14:18:01.011468_normal.json.gz,system_load,normal,1062.1588321188506,1062.1588321188506,1,0,0.0
0,normal_drift_system_load,score_gated,84,events/events_2024-12-11T14:13:45.171140_normal.json.gz,system_load,normal,2130.3608405516597,2130.3608405516597,1,0,0.0
0,normal_drift_system_load,score_gated,85,events/events_2024-12-11T14:16:22.279711_normal.json.gz,system_load,normal,1970.058288317055,1970.058288317055,1,0,0.0
0,normal_drift_system_load,score_gated,86,events/events_2024-12-11T13:45:00.359084_normal.json.gz,system_load,normal,1383.9350707492838,1383.9350707492838,1,0,0.0
0,normal_drift_system_load,score_gated,87,events/events_2024-12-11T13:58:02.231210_normal.json.gz,system_load,normal,754.5208356044916,754.5208356044916,1,0,0.0
0,normal_drift_system_load,score_gated,88,events/events_2024-12-11T14:01:57.628977_normal.json.gz,system_load,normal,1027.8643522262598,1027.8643522262598,1,0,0.0
0,normal_drift_system_load,score_gated,89,events/events_2024-12-11T13:42:03.537307_normal.json.gz,system_load,normal,1089.5542009212327,1089.5542009212327,1,0,0.0
0,normal_drift_system_load,score_gated,90,events/events_2024-12-11T13:50:34.151339_normal.json.gz,system_load,normal,1159.9601511551216,1159.9601511551216,1,0,0.0
0,normal_drift_system_load,score_gated,91,events/events_2024-12-11T13:46:37.835702_normal.json.gz,system_load,normal,1005.3931049056051,1005.3931049056051,1,0,0.0
0,normal_drift_system_load,score_gated,92,events/events_2024-12-11T13:47:17.134202_normal.json.gz,system_load,normal,1032.7091395508653,1032.7091395508653,1,0,0.0
0,normal_drift_system_load,score_gated,93,events/events_2024-12-11T14:27:48.295320_normal.json.gz,system_load,normal,2156.7690088164554,2156.7690088164554,1,0,0.0
0,normal_drift_system_load,score_gated,94,events/events_2024-12-11T13:45:39.583574_normal.json.gz,system_load,normal,1024.5084703181071,1024.5084703181071,1,0,0.0
0,normal_drift_system_load,score_gated,95,events/events_2024-12-11T14:07:51.468114_normal.json.gz,system_load,normal,1881.842926589399,1881.842926589399,1,0,0.0
0,normal_drift_system_load,score_gated,96,events/events_2024-12-11T13:41:43.870764_normal.json.gz,system_load,normal,1110.836423526809,1110.836423526809,1,0,0.0
0,normal_drift_system_load,score_gated,97,events/events_2024-12-11T13:47:36.907941_normal.json.gz,system_load,normal,1106.803877512033,1106.803877512033,1,0,0.0
0,normal_drift_system_load,score_gated,98,events/events_2024-12-11T13:53:11.267711_normal.json.gz,system_load,normal,1022.3635897033834,1022.3635897033834,1,0,0.0
0,normal_drift_system_load,score_gated,99,events/events_2024-12-11T13:45:20.043245_normal.json.gz,system_load,normal,996.7253403714454,996.7253403714454,1,0,0.0
0,normal_drift_system_load,score_gated,100,events/events_2024-12-11T14:09:11.026216_normal.json.gz,system_load,normal,1157.7098529075333,1157.7098529075333,1,0,0.0
0,normal_drift_system_load,dual_anchor,1,events/events_2024-12-11T14:08:51.031476_normal.json.gz,system_load,normal,1923.8147169035863,1923.8147169035863,1,0,0.0
0,normal_drift_system_load,dual_anchor,2,events/events_2024-12-11T13:42:22.986151_normal.json.gz,system_load,normal,1016.5984032904968,1016.5984032904968,1,0,0.0
0,normal_drift_system_load,dual_anchor,3,events/events_2024-12-11T14:00:58.195716_normal.json.gz,system_load,normal,839.6287226997382,839.6287226997382,1,0,0.0
0,normal_drift_system_load,dual_anchor,4,events/events_2024-12-11T14:19:39.711212_normal.json.gz,system_load,normal,992.2868780028571,992.2868780028571,1,0,0.0
0,normal_drift_system_load,dual_anchor,5,events/events_2024-12-11T14:13:07.476069_normal.json.gz,system_load,normal,988.632900237673,988.632900237673,1,0,0.0
0,normal_drift_system_load,dual_anchor,6,events/events_2024-12-11T14:29:06.563544_normal.json.gz,system_load,normal,976.395711265707,976.395711265707,1,0,0.0
0,normal_drift_system_load,dual_anchor,7,events/events_2024-12-11T13:59:40.591361_normal.json.gz,system_load,normal,957.0086019115879,957.0086019115879,1,0,0.0
0,normal_drift_system_load,dual_anchor,8,events/events_2024-12-11T14:12:47.732362_normal.json.gz,system_load,normal,980.2816141845649,980.2816141845649,1,0,0.0
0,normal_drift_system_load,dual_anchor,9,events/events_2024-12-11T13:51:32.880283_normal.json.gz,system_load,normal,1236.0630633357468,1236.0630633357468,1,0,0.0
0,normal_drift_system_load,dual_anchor,10,events/events_2024-12-11T13:51:52.561914_normal.json.gz,system_load,normal,1235.1181268695482,1235.1181268695482,1,0,0.0
0,normal_drift_system_load,dual_anchor,11,events/events_2024-12-11T14:24:32.010427_normal.json.gz,system_load,normal,23.34121090764302,23.34121090764302,0,1,0.0
0,normal_drift_system_load,dual_anchor,12,events/events_2024-12-11T13:57:43.823537_normal.json.gz,system_load,normal,1910.9300660733388,1910.9300660733388,1,0,0.0
0,normal_drift_system_load,dual_anchor,13,events/events_2024-12-11T14:17:01.587780_normal.json.gz,system_load,normal,2273.3346138585225,2273.3346138585225,1,0,0.0
0,normal_drift_system_load,dual_anchor,14,events/events_2024-12-11T13:55:27.679120_normal.json.gz,system_load,normal,1229.6672092063998,1229.6672092063998,1,0,0.0
0,normal_drift_system_load,dual_anchor,15,events/events_2024-12-11T14:23:14.386966_normal.json.gz,system_load,normal,1807.4139357904644,1807.4139357904644,1,0,0.0
0,normal_drift_system_load,dual_anchor,16,events/events_2024-12-11T13:48:35.871430_normal.json.gz,system_load,normal,985.2929709182254,985.2929709182254,1,0,0.0
0,normal_drift_system_load,dual_anchor,17,events/events_2024-12-11T14:00:18.886173_normal.json.gz,system_load,normal,22.212563542622583,22.212563542622583,0,1,0.0
0,normal_drift_system_load,dual_anchor,18,events/events_2024-12-11T13:44:21.086898_normal.json.gz,system_load,normal,1038.977853300807,1038.977853300807,1,0,0.0
0,normal_drift_system_load,dual_anchor,19,events/events_2024-12-11T13:54:48.454947_normal.json.gz,system_load,normal,1047.1388428357163,1047.1388428357163,1,0,0.0
0,normal_drift_system_load,dual_anchor,20,events/events_2024-12-11T13:52:31.587501_normal.json.gz,system_load,normal,968.7416112555125,968.7416112555125,1,0,0.0
0,normal_drift_system_load,dual_anchor,21,events/events_2024-12-11T14:28:27.294697_normal.json.gz,system_load,normal,1061.040129994341,1061.040129994341,1,0,0.0
0,normal_drift_system_load,dual_anchor,22,events/events_2024-12-11T13:55:07.987205_normal.json.gz,system_load,normal,1332.9461379067814,1332.9461379067814,1,0,0.0
0,normal_drift_system_load,dual_anchor,23,events/events_2024-12-11T14:16:41.967013_normal.json.gz,system_load,normal,894.826381571181,894.826381571181,1,0,0.0
0,normal_drift_system_load,dual_anchor,24,events/events_2024-12-11T14:04:14.351339_normal.json.gz,system_load,normal,988.7500320431,988.7500320431,1,0,0.0
0,normal_drift_system_load,dual_anchor,25,events/events_2024-12-11T13:45:59.074945_normal.json.gz,system_load,normal,1100.624846166306,1100.624846166306,1,0,0.0
0,normal_drift_system_load,dual_anchor,26,events/events_2024-12-11T13:53:30.943595_normal.json.gz,system_load,normal,1201.0189202303043,1201.0189202303043,1,0,0.0
0,normal_drift_system_load,dual_anchor,27,events/events_2024-12-11T14:14:24.512064_normal.json.gz,system_load,normal,1295.9571419414276,1295.9571419414276,1,0,0.0
0,normal_drift_system_load,dual_anchor,28,events/events_2024-12-11T13:54:09.082718_normal.json.gz,system_load,normal,1124.8045376581433,1124.8045376581433,1,0,0.0
0,normal_drift_system_load,dual_anchor,29,events/events_2024-12-11T14:13:25.942859_normal.json.gz,system_load,normal,869.0930569316788,869.0930569316788,1,0,0.0
0,normal_drift_system_load,dual_anchor,30,events/events_2024-12-11T14:03:54.651625_normal.json.gz,system_load,normal,980.1638225247458,980.1638225247458,1,0,0.0
0,normal_drift_system_load,dual_anchor,31,events/events_2024-12-11T13:50:14.507073_normal.json.gz,system_load,normal,1230.8891534860222,1230.8891534860222,1,0,0.0
0,normal_drift_system_load,dual_anchor,32,events/events_2024-12-11T13:59:21.091031_normal.json.gz,system_load,normal,2169.1551627690624,2169.1551627690624,1,0,0.0
0,normal_drift_system_load,dual_anchor,33,events/events_2024-12-11T14:05:53.062696_normal.json.gz,system_load,normal,1347.621455047321,1347.621455047321,1,0,0.0
0,normal_drift_system_load,dual_anchor,34,events/events_2024-12-11T13:59:01.428017_normal.json.gz,system_load,normal,998.8624892085533,998.8624892085533,1,0,0.0
0,normal_drift_system_load,dual_anchor,35,events/events_2024-12-11T14:22:16.850728_normal.json.gz,system_load,normal,1057.5174794399045,1057.5174794399045,1,0,0.0
0,normal_drift_system_load,dual_anchor,36,events/events_2024-12-11T14:18:40.694851_normal.json.gz,system_load,normal,1373.2467178888628,1373.2467178888628,1,0,0.0
0,normal_drift_system_load,dual_anchor,37,events/events_2024-12-11T14:21:56.964138_normal.json.gz,system_load,normal,1935.5855763117052,1935.5855763117052,1,0,0.0
0,normal_drift_system_load,dual_anchor,38,events/events_2024-12-11T14:08:11.363287_normal.json.gz,system_load,normal,1203.0362557478245,1203.0362557478245,1,0,0.0
0,normal_drift_system_load,dual_anchor,39,events/events_2024-12-11T14:25:10.864214_normal.json.gz,system_load,normal,1009.601342750328,1009.601342750328,1,0,0.0
0,normal_drift_system_load,dual_anchor,40,events/events_2024-12-11T14:07:12.167397_normal.json.gz,system_load,normal,1012.782799606882,1012.782799606882,1,0,0.0
0,normal_drift_system_load,dual_anchor,41,events/events_2024-12-11T13:55:46.397753_normal.json.gz,system_load,normal,938.1027899002794,938.1027899002794,1,0,0.0
0,normal_drift_system_load,dual_anchor,42,events/events_2024-12-11T13:52:12.112759_normal.json.gz,system_load,normal,1079.165583070894,1079.165583070894,1,0,0.0
0,normal_drift_system_load,dual_anchor,43,events/events_2024-12-11T14:02:35.768248_normal.json.gz,system_load,normal,1083.5321290743227,1083.5321290743227,1,0,0.0
0,normal_drift_system_load,dual_anchor,44,events/events_2024-12-11T13:58:41.455020_normal.json.gz,system_load,normal,1174.5769235903517,1174.5769235903517,1,0,0.0
0,normal_drift_system_load,dual_anchor,45,events/events_2024-12-11T14:22:54.822116_normal.json.gz,system_load,normal,1104.9730978260711,1104.9730978260711,1,0,0.0
0,normal_drift_system_load,dual_anchor,46,events/events_2024-12-11T14:20:19.355059_normal.json.gz,system_load,normal,1053.8503896181699,1053.8503896181699,1,0,0.0
0,normal_drift_system_load,dual_anchor,47,events/events_2024-12-11T14:24:51.667293_normal.json.gz,system_load,normal,1001.0966263915291,1001.0966263915291,1,0,0.0
0,normal_drift_system_load,dual_anchor,48,events/events_2024-12-11T13:49:54.762770_normal.json.gz,system_load,normal,1038.858231776199,1038.858231776199,1,0,0.0
0,normal_drift_system_load,dual_anchor,49,events/events_2024-12-11T14:15:23.678467_normal.json.gz,system_load,normal,1134.336551394489,1134.336551394489,1,0,0.0
0,normal_drift_system_load,dual_anchor,50,events/events_2024-12-11T13:43:02.439196_normal.json.gz,system_load,normal,1051.3949373339192,1051.3949373339192,1,0,0.0
0,normal_drift_system_load,dual_anchor,51,events/events_2024-12-11T13:48:55.383075_normal.json.gz,system_load,normal,1649.971840637083,1649.971840637083,1,0,0.0
0,normal_drift_system_load,dual_anchor,52,events/events_2024-12-11T14:09:30.478700_normal.json.gz,system_load,normal,1166.6600004864088,1166.6600004864088,1,0,0.0
0,normal_drift_system_load,dual_anchor,53,events/events_2024-12-11T14:21:18.532051_normal.json.gz,system_load,normal,1153.3379665903117,1153.3379665903117,1,0,0.0
0,normal_drift_system_load,dual_anchor,54,events/events_2024-12-11T14:04:53.975844_normal.json.gz,system_load,normal,1484.3761907441833,1484.3761907441833,1,0,0.0
0,normal_drift_system_load,dual_anchor,55,events/events_2024-12-11T14:19:59.439150_normal.json.gz,system_load,normal,2092.6433285726994,2092.6433285726994,1,0,0.0
0,normal_drift_system_load,dual_anchor,56,events/events_2024-12-11T14:01:37.762726_normal.json.gz,system_load,normal,960.7018937421547,960.7018937421547,1,0,0.0
0,normal_drift_system_load,dual_anchor,57,events/events_2024-12-11T14:12:07.968693_normal.json.gz,system_load,normal,915.0978862739819,915.0978862739819,1,0,0.0
0,normal_drift_system_load,dual_anchor,58,events/events_2024-12-11T14:02:55.447850_normal.json.gz,system_load,normal,1037.1135650728672,1037.1135650728672,1,0,0.0
0,normal_drift_system_load,dual_anchor,59,events/events_2024-12-11T14:25:50.327175_normal.json.gz,system_load,normal,989.1793793487516,989.1793793487516,1,0,0.0
0,normal_drift_system_load,dual_anchor,60,events/events_2024-12-11T14:19:00.062987_normal.json.gz,system_load,normal,2232.5818340764995,2232.5818340764995,1,0,0.0
0,normal_drift_system_load,dual_anchor,61,events/events_2024-12-11T13:49:15.311239_normal.json.gz,system_load,normal,1564.5861590040183,1564.5861590040183,1,0,0.0
0,normal_drift_system_load,dual_anchor,62,events/events_2024-12-11T14:26:30.009214_normal.json.gz,system_load,normal,1371.5655355514714,1371.5655355514714,1,0,0.0
0,normal_drift_system_load,dual_anchor,63,events/events_2024-12-11T14:11:08.850900_normal.json.gz,system_load,normal,1075.1412238497392,1075.1412238497392,1,0,0.0
0,normal_drift_system_load,dual_anchor,64,events/events_2024-12-11T14:11:28.575145_normal.json.gz,system_load,normal,1071.4128619733303,1071.4128619733303,1,0,0.0
0,normal_drift_system_load,dual_anchor,65,events/events_2024-12-11T14:27:09.271197_normal.json.gz,system_load,normal,1006.8014708714171,1006.8014708714171,1,0,0.0
0,normal_drift_system_load,dual_anchor,66,events/events_2024-12-11T14:28:07.740138_normal.json.gz,system_load,normal,1761.7612546892676,1761.7612546892676,1,0,0.0
0,normal_drift_system_load,dual_anchor,67,events/events_2024-12-11T14:05:13.607153_normal.json.gz,system_load,normal,1152.2137193369128,1152.2137193369128,1,0,0.0
0,normal_drift_system_load,dual_anchor,68,events/events_2024-12-11T14:10:49.242836_normal.json.gz,system_load,normal,1060.964192407759,1060.964192407759,1,0,0.0
0,normal_drift_system_load,dual_anchor,69,events/events_2024-12-11T14:06:52.226778_normal.json.gz,system_load,normal,1084.4206385494479,1084.4206385494479,1,0,0.0
0,normal_drift_system_load,dual_anchor,70,events/events_2024-12-11T14:24:13.383143_normal.json.gz,system_load,normal,1558.029320427445,1558.029320427445,1,0,0.0
0,normal_drift_system_load,dual_anchor,71,events/events_2024-12-11T13:47:56.599483_normal.json.gz,system_load,normal,1320.4145828400194,1320.4145828400194,1,0,0.0
0,normal_drift_system_load,dual_anchor,72,events/events_2024-12-11T14:20:39.067081_normal.json.gz,system_load,normal,1218.1252283324625,1218.1252283324625,1,0,0.0
0,normal_drift_system_load,dual_anchor,73,events/events_2024-12-11T14:26:10.166742_normal.json.gz,system_load,normal,1128.3237790059138,1128.3237790059138,1,0,0.0
0,normal_drift_system_load,dual_anchor,74,events/events_2024-12-11T13:48:16.206862_normal.json.gz,system_load,normal,1066.0920490297049,1066.0920490297049,1,0,0.0
0,normal_drift_system_load,dual_anchor,75,events/events_2024-12-11T14:04:34.155050_normal.json.gz,system_load,normal,1027.1016442375433,1027.1016442375433,1,0,0.0
0,normal_drift_system_load,dual_anchor,76,events/events_2024-12-11T13:50:53.779470_normal.json.gz,system_load,normal,1233.0242007798693,1233.0242007798693,1,0,0.0
0,normal_drift_system_load,dual_anchor,77,events/events_2024-12-11T13:54:28.811569_normal.json.gz,system_load,normal,1957.8954860407441,1957.8954860407441,1,0,0.0
0,normal_drift_system_load,dual_anchor,78,events/events_2024-12-11T14:12:27.691603_normal.json.gz,system_load,normal,1745.163338131858,1745.163338131858,1,0,0.0
0,normal_drift_system_load,dual_anchor,79,events/events_2024-12-11T13:44:01.428377_normal.json.gz,system_load,normal,1136.4671640495521,1136.4671640495521,1,0,0.0
0,normal_drift_system_load,dual_anchor,80,events/events_2024-12-11T13:56:05.956281_normal.json.gz,system_load,normal,988.0453575179185,988.0453575179185,1,0,0.0
0,normal_drift_system_load,dual_anchor,81,events/events_2024-12-11T14:06:12.850281_normal.json.gz,system_load,normal,1818.5995838352567,1818.5995838352567,1,0,0.0
0,normal_drift_system_load,dual_anchor,82,events/events_2024-12-11T14:14:44.159927_normal.json.gz,system_load,normal,1107.4531106356576,1107.4531106356576,1,0,0.0
0,normal_drift_system_load,dual_anchor,83,events/events_2024-12-11T14:18:01.011468_normal.json.gz,system_load,normal,1062.1588321188506,1062.1588321188506,1,0,0.0
0,normal_drift_system_load,dual_anchor,84,events/events_2024-12-11T14:13:45.171140_normal.json.gz,system_load,normal,2130.3608405516597,2130.3608405516597,1,0,0.0
0,normal_drift_system_load,dual_anchor,85,events/events_2024-12-11T14:16:22.279711_normal.json.gz,system_load,normal,1970.058288317055,1970.058288317055,1,0,0.0
0,normal_drift_system_load,dual_anchor,86,events/events_2024-12-11T13:45:00.359084_normal.json.gz,system_load,normal,1383.9350707492838,1383.9350707492838,1,0,0.0
0,normal_drift_system_load,dual_anchor,87,events/events_2024-12-11T13:58:02.231210_normal.json.gz,system_load,normal,754.5208356044916,754.5208356044916,1,0,0.0
0,normal_drift_system_load,dual_anchor,88,events/events_2024-12-11T14:01:57.628977_normal.json.gz,system_load,normal,1027.8643522262598,1027.8643522262598,1,0,0.0
0,normal_drift_system_load,dual_anchor,89,events/events_2024-12-11T13:42:03.537307_normal.json.gz,system_load,normal,1089.5542009212327,1089.5542009212327,1,0,0.0
0,normal_drift_system_load,dual_anchor,90,events/events_2024-12-11T13:50:34.151339_normal.json.gz,system_load,normal,1159.9601511551216,1159.9601511551216,1,0,0.0
0,normal_drift_system_load,dual_anchor,91,events/events_2024-12-11T13:46:37.835702_normal.json.gz,system_load,normal,1005.3931049056051,1005.3931049056051,1,0,0.0
0,normal_drift_system_load,dual_anchor,92,events/events_2024-12-11T13:47:17.134202_normal.json.gz,system_load,normal,1032.7091395508653,1032.7091395508653,1,0,0.0
0,normal_drift_system_load,dual_anchor,93,events/events_2024-12-11T14:27:48.295320_normal.json.gz,system_load,normal,2156.7690088164554,2156.7690088164554,1,0,0.0
0,normal_drift_system_load,dual_anchor,94,events/events_2024-12-11T13:45:39.583574_normal.json.gz,system_load,normal,1024.5084703181071,1024.5084703181071,1,0,0.0
0,normal_drift_system_load,dual_anchor,95,events/events_2024-12-11T14:07:51.468114_normal.json.gz,system_load,normal,1881.842926589399,1881.842926589399,1,0,0.0
0,normal_drift_system_load,dual_anchor,96,events/events_2024-12-11T13:41:43.870764_normal.json.gz,system_load,normal,1110.836423526809,1110.836423526809,1,0,0.0
0,normal_drift_system_load,dual_anchor,97,events/events_2024-12-11T13:47:36.907941_normal.json.gz,system_load,normal,1106.803877512033,1106.803877512033,1,0,0.0
0,normal_drift_system_load,dual_anchor,98,events/events_2024-12-11T13:53:11.267711_normal.json.gz,system_load,normal,1022.3635897033834,1022.3635897033834,1,0,0.0
0,normal_drift_system_load,dual_anchor,99,events/events_2024-12-11T13:45:20.043245_normal.json.gz,system_load,normal,996.7253403714454,996.7253403714454,1,0,0.0
0,normal_drift_system_load,dual_anchor,100,events/events_2024-12-11T14:09:11.026216_normal.json.gz,system_load,normal,1157.7098529075333,1157.7098529075333,1,0,0.0
0,persistent_rootkit_default,fixed,1,events/events_2024-12-11T11:55:36.150273_rootkit.json.gz,default,rootkit,294.0638967995586,294.0638967995586,1,0,0.0
0,persistent_rootkit_default,fixed,2,events/events_2024-12-11T12:01:52.718904_rootkit.json.gz,default,rootkit,451.02152598588816,451.02152598588816,1,0,0.0
0,persistent_rootkit_default,fixed,3,events/events_2024-12-11T11:49:21.115011_rootkit.json.gz,default,rootkit,279.6727780965982,279.6727780965982,1,0,0.0
0,persistent_rootkit_default,fixed,4,events/events_2024-12-11T12:01:32.835630_rootkit.json.gz,default,rootkit,477.86255591637615,477.86255591637615,1,0,0.0
0,persistent_rootkit_default,fixed,5,events/events_2024-12-11T11:51:39.566332_rootkit.json.gz,default,rootkit,391.2798551919565,391.2798551919565,1,0,0.0
0,persistent_rootkit_default,fixed,6,events/events_2024-12-11T11:58:14.871520_rootkit.json.gz,default,rootkit,453.98598295840196,453.98598295840196,1,0,0.0
0,persistent_rootkit_default,fixed,7,events/events_2024-12-11T11:46:03.586470_rootkit.json.gz,default,rootkit,287.67807326642213,287.67807326642213,1,0,0.0
0,persistent_rootkit_default,fixed,8,events/events_2024-12-11T11:57:55.046384_rootkit.json.gz,default,rootkit,333.6681473267697,333.6681473267697,1,0,0.0
0,persistent_rootkit_default,fixed,9,events/events_2024-12-11T12:09:26.126754_rootkit.json.gz,default,rootkit,379.487143798124,379.487143798124,1,0,0.0
0,persistent_rootkit_default,fixed,10,events/events_2024-12-11T11:55:16.454683_rootkit.json.gz,default,rootkit,271.19879089025665,271.19879089025665,1,0,0.0
0,persistent_rootkit_default,fixed,11,events/events_2024-12-11T12:04:10.295872_rootkit.json.gz,default,rootkit,320.7079459575937,320.7079459575937,1,0,0.0
0,persistent_rootkit_default,fixed,12,events/events_2024-12-11T12:13:22.802591_rootkit.json.gz,default,rootkit,373.0563196545569,373.0563196545569,1,0,0.0
0,persistent_rootkit_default,fixed,13,events/events_2024-12-11T11:48:01.963050_rootkit.json.gz,default,rootkit,253.13377350884588,253.13377350884588,1,0,0.0
0,persistent_rootkit_default,fixed,14,events/events_2024-12-11T11:46:23.151677_rootkit.json.gz,default,rootkit,484.61551082253624,484.61551082253624,1,0,0.0
0,persistent_rootkit_default,fixed,15,events/events_2024-12-11T12:03:50.710820_rootkit.json.gz,default,rootkit,407.06901006855736,407.06901006855736,1,0,0.0
0,persistent_rootkit_default,fixed,16,events/events_2024-12-11T12:04:49.630761_rootkit.json.gz,default,rootkit,182.32734022503962,182.32734022503962,1,0,0.0
0,persistent_rootkit_default,fixed,17,events/events_2024-12-11T11:54:17.199414_rootkit.json.gz,default,rootkit,331.56868912351985,331.56868912351985,1,0,0.0
0,persistent_rootkit_default,fixed,18,events/events_2024-12-11T11:53:18.354666_rootkit.json.gz,default,rootkit,432.5274421231955,432.5274421231955,1,0,0.0
0,persistent_rootkit_default,fixed,19,events/events_2024-12-11T12:14:01.538839_rootkit.json.gz,default,rootkit,478.5422941488255,478.5422941488255,1,0,0.0
0,persistent_rootkit_default,fixed,20,events/events_2024-12-11T12:14:21.478774_rootkit.json.gz,default,rootkit,378.4318276658892,378.4318276658892,1,0,0.0
0,persistent_rootkit_default,fixed,21,events/events_2024-12-11T11:57:35.283454_rootkit.json.gz,default,rootkit,574.9676643408187,574.9676643408187,1,0,0.0
0,persistent_rootkit_default,fixed,22,events/events_2024-12-11T11:58:34.446519_rootkit.json.gz,default,rootkit,258.9648527567041,258.9648527567041,1,0,0.0
0,persistent_rootkit_default,fixed,23,events/events_2024-12-11T11:56:35.607154_rootkit.json.gz,default,rootkit,404.52791051302825,404.52791051302825,1,0,0.0
0,persistent_rootkit_default,fixed,24,events/events_2024-12-11T12:10:25.322833_rootkit.json.gz,default,rootkit,363.38340150873466,363.38340150873466,1,0,0.0
0,persistent_rootkit_default,fixed,25,events/events_2024-12-11T12:09:45.982446_rootkit.json.gz,default,rootkit,501.27779934483215,501.27779934483215,1,0,0.0
0,persistent_rootkit_default,fixed,26,events/events_2024-12-11T12:15:59.815342_rootkit.json.gz,default,rootkit,306.7861935089553,306.7861935089553,1,0,0.0
0,persistent_rootkit_default,fixed,27,events/events_2024-12-11T11:53:57.438209_rootkit.json.gz,default,rootkit,303.9830559677386,303.9830559677386,1,0,0.0
0,persistent_rootkit_default,fixed,28,events/events_2024-12-11T12:10:05.942729_rootkit.json.gz,default,rootkit,359.03318924679934,359.03318924679934,1,0,0.0
0,persistent_rootkit_default,fixed,29,events/events_2024-12-11T12:02:32.308085_rootkit.json.gz,default,rootkit,319.1228108836941,319.1228108836941,1,0,0.0
0,persistent_rootkit_default,fixed,30,events/events_2024-12-11T12:08:06.878017_rootkit.json.gz,default,rootkit,393.4348212777385,393.4348212777385,1,0,0.0
0,persistent_rootkit_default,fixed,31,events/events_2024-12-11T12:06:08.210026_rootkit.json.gz,default,rootkit,277.76875714024555,277.76875714024555,1,0,0.0
0,persistent_rootkit_default,fixed,32,events/events_2024-12-11T11:59:33.550495_rootkit.json.gz,default,rootkit,360.88946262947337,360.88946262947337,1,0,0.0
0,persistent_rootkit_default,fixed,33,events/events_2024-12-11T11:55:56.218458_rootkit.json.gz,default,rootkit,391.34339485779225,391.34339485779225,1,0,0.0
0,persistent_rootkit_default,fixed,34,events/events_2024-12-11T12:13:42.458822_rootkit.json.gz,default,rootkit,313.41213006784983,313.41213006784983,1,0,0.0
0,persistent_rootkit_default,fixed,35,events/events_2024-12-11T11:59:13.802788_rootkit.json.gz,default,rootkit,274.63946568493674,274.63946568493674,1,0,0.0
0,persistent_rootkit_default,fixed,36,events/events_2024-12-11T11:52:58.438890_rootkit.json.gz,default,rootkit,447.5504836651079,447.5504836651079,1,0,0.0
0,persistent_rootkit_default,fixed,37,events/events_2024-12-11T12:16:58.878792_rootkit.json.gz,default,rootkit,378.98622519753764,378.98622519753764,1,0,0.0
0,persistent_rootkit_default,fixed,38,events/events_2024-12-11T12:16:19.547091_rootkit.json.gz,default,rootkit,366.39717291601005,366.39717291601005,1,0,0.0
0,persistent_rootkit_default,fixed,39,events/events_2024-12-11T12:00:53.086858_rootkit.json.gz,default,rootkit,549.9741144067802,549.9741144067802,1,0,0.0
0,persistent_rootkit_default,fixed,40,events/events_2024-12-11T11:52:18.623105_rootkit.json.gz,default,rootkit,211.4176383867212,211.4176383867212,1,0,0.0
0,persistent_rootkit_default,fixed,41,events/events_2024-12-11T11:47:22.531463_rootkit.json.gz,default,rootkit,364.76131941439576,364.76131941439576,1,0,0.0
0,persistent_rootkit_default,fixed,42,events/events_2024-12-11T11:49:01.315058_rootkit.json.gz,default,rootkit,350.16598528660785,350.16598528660785,1,0,0.0
0,persistent_rootkit_default,fixed,43,events/events_2024-12-11T12:08:26.720333_rootkit.json.gz,default,rootkit,355.45090935518635,355.45090935518635,1,0,0.0
0,persistent_rootkit_default,fixed,44,events/events_2024-12-11T11:48:41.574930_rootkit.json.gz,default,rootkit,333.7732422640804,333.7732422640804,1,0,0.0
0,persistent_rootkit_default,fixed,45,events/events_2024-12-11T12:13:03.007860_rootkit.json.gz,default,rootkit,405.6737012236155,405.6737012236155,1,0,0.0
0,persistent_rootkit_default,fixed,46,events/events_2024-12-11T12:03:11.391601_rootkit.json.gz,default,rootkit,307.93145919416867,307.93145919416867,1,0,0.0
0,persistent_rootkit_default,fixed,47,events/events_2024-12-11T11:54:56.602796_rootkit.json.gz,default,rootkit,342.48052288921826,342.48052288921826,1,0,0.0
0,persistent_rootkit_default,fixed,48,events/events_2024-12-11T11:58:54.167041_rootkit.json.gz,default,rootkit,417.0973465843463,417.0973465843463,1,0,0.0
0,persistent_rootkit_default,fixed,49,events/events_2024-12-11T11:48:21.822918_rootkit.json.gz,default,rootkit,330.99478995642215,330.99478995642215,1,0,0.0
0,persistent_rootkit_default,fixed,50,events/events_2024-12-11T11:45:43.712132_rootkit.json.gz,default,rootkit,318.7373235075545,318.7373235075545,1,0,0.0
0,persistent_rootkit_default,fixed,51,events/events_2024-12-11T11:45:03.939350_rootkit.json.gz,default,rootkit,428.2207966950225,428.2207966950225,1,0,0.0
0,persistent_rootkit_default,fixed,52,events/events_2024-12-11T12:10:44.869667_rootkit.json.gz,default,rootkit,350.1366105996734,350.1366105996734,1,0,0.0
0,persistent_rootkit_default,fixed,53,events/events_2024-12-11T12:00:13.234259_rootkit.json.gz,default,rootkit,377.3178084094494,377.3178084094494,1,0,0.0
0,persistent_rootkit_default,fixed,54,events/events_2024-12-11T11:56:55.627661_rootkit.json.gz,default,rootkit,287.3242159021785,287.3242159021785,1,0,0.0
0,persistent_rootkit_default,fixed,55,events/events_2024-12-11T12:09:06.371291_rootkit.json.gz,default,rootkit,310.3910689063185,310.3910689063185,1,0,0.0
0,persistent_rootkit_default,fixed,56,events/events_2024-12-11T12:07:47.064083_rootkit.json.gz,default,rootkit,401.70423321259534,401.70423321259534,1,0,0.0
0,persistent_rootkit_default,fixed,57,events/events_2024-12-11T11:50:40.248234_rootkit.json.gz,default,rootkit,292.8847874885298,292.8847874885298,1,0,0.0
0,persistent_rootkit_default,fixed,58,events/events_2024-12-11T11:45:23.806885_rootkit.json.gz,default,rootkit,421.27792941672186,421.27792941672186,1,0,0.0
0,persistent_rootkit_default,fixed,59,events/events_2024-12-11T12:05:09.346954_rootkit.json.gz,default,rootkit,327.60207224883493,327.60207224883493,1,0,0.0
0,persistent_rootkit_default,fixed,60,events/events_2024-12-11T11:47:42.535280_rootkit.json.gz,default,rootkit,280.34606232362114,280.34606232362114,1,0,0.0
0,persistent_rootkit_default,fixed,61,events/events_2024-12-11T12:00:33.074308_rootkit.json.gz,default,rootkit,608.5876913182643,608.5876913182643,1,0,0.0
0,persistent_rootkit_default,fixed,62,events/events_2024-12-11T11:51:58.961655_rootkit.json.gz,default,rootkit,375.6020682909161,375.6020682909161,1,0,0.0
0,persistent_rootkit_default,fixed,63,events/events_2024-12-11T12:12:23.759198_rootkit.json.gz,default,rootkit,321.10701120481446,321.10701120481446,1,0,0.0
0,persistent_rootkit_default,fixed,64,events/events_2024-12-11T12:12:04.159649_rootkit.json.gz,default,rootkit,401.18642607435464,401.18642607435464,1,0,0.0
0,persistent_rootkit_default,fixed,65,events/events_2024-12-11T12:06:47.638474_rootkit.json.gz,default,rootkit,404.2235605197991,404.2235605197991,1,0,0.0
0,persistent_rootkit_default,fixed,66,events/events_2024-12-11T12:02:12.515264_rootkit.json.gz,default,rootkit,391.8398168631448,391.8398168631448,1,0,0.0
0,persistent_rootkit_default,fixed,67,events/events_2024-12-11T12:15:00.706068_rootkit.json.gz,default,rootkit,408.4872673189384,408.4872673189384,1,0,0.0
0,persistent_rootkit_default,fixed,68,events/events_2024-12-11T12:12:43.419718_rootkit.json.gz,default,rootkit,444.34270312509835,444.34270312509835,1,0,0.0
0,persistent_rootkit_default,fixed,69,events/events_2024-12-11T12:15:40.202639_rootkit.json.gz,default,rootkit,347.99018747641895,347.99018747641895,1,0,0.0
0,persistent_rootkit_default,fixed,70,events/events_2024-12-11T12:06:28.010873_rootkit.json.gz,default,rootkit,361.42303301214423,361.42303301214423,1,0,0.0
0,persistent_rootkit_default,fixed,71,events/events_2024-12-11T12:08:46.566786_rootkit.json.gz,default,rootkit,406.82098141159145,406.82098141159145,1,0,0.0
0,persistent_rootkit_default,fixed,72,events/events_2024-12-11T12:05:28.863499_rootkit.json.gz,default,rootkit,289.2904890045861,289.2904890045861,1,0,0.0
0,persistent_rootkit_default,fixed,73,events/events_2024-12-11T11:47:02.878827_rootkit.json.gz,default,rootkit,296.11797297892497,296.11797297892497,1,0,0.0
0,persistent_rootkit_default,fixed,74,events/events_2024-12-11T12:15:20.387497_rootkit.json.gz,default,rootkit,369.755099650616,369.755099650616,1,0,0.0
0,persistent_rootkit_default,fixed,75,events/events_2024-12-11T11:50:00.751203_rootkit.json.gz,default,rootkit,352.3962660422828,352.3962660422828,1,0,0.0
0,persistent_rootkit_default,fixed,76,events/events_2024-12-11T12:07:26.995443_rootkit.json.gz,default,rootkit,398.5890607161152,398.5890607161152,1,0,0.0
0,persistent_rootkit_default,fixed,77,events/events_2024-12-11T11:46:43.006757_rootkit.json.gz,default,rootkit,296.45952398449117,296.45952398449117,1,0,0.0
0,persistent_rootkit_default,fixed,78,events/events_2024-12-11T12:07:07.402640_rootkit.json.gz,default,rootkit,243.80512399784118,243.80512399784118,1,0,0.0
0,persistent_rootkit_default,fixed,79,events/events_2024-12-11T11:57:15.271990_rootkit.json.gz,default,rootkit,362.733131032563,362.733131032563,1,0,0.0
0,persistent_rootkit_default,fixed,80,events/events_2024-12-11T11:53:37.615624_rootkit.json.gz,default,rootkit,331.457402987414,331.457402987414,1,0,0.0
0,persistent_rootkit_default,fixed,81,events/events_2024-12-11T12:03:30.896324_rootkit.json.gz,default,rootkit,220.5126437302599,220.5126437302599,1,0,0.0
0,persistent_rootkit_default,fixed,82,events/events_2024-12-11T12:11:24.627966_rootkit.json.gz,default,rootkit,375.80401874393203,375.80401874393203,1,0,0.0
0,persistent_rootkit_default,fixed,83,events/events_2024-12-11T11:49:41.006917_rootkit.json.gz,default,rootkit,330.2599276385442,330.2599276385442,1,0,0.0
0,persistent_rootkit_default,fixed,84,events/events_2024-12-11T11:56:15.871601_rootkit.json.gz,default,rootkit,391.33517940629895,391.33517940629895,1,0,0.0
0,persistent_rootkit_default,fixed,85,events/events_2024-12-11T12:11:04.871810_rootkit.json.gz,default,rootkit,324.27539914061765,324.27539914061765,1,0,0.0
0,persistent_rootkit_default,fixed,86,events/events_2024-12-11T11:51:00.032191_rootkit.json.gz,default,rootkit,362.45605048940797,362.45605048940797,1,0,0.0
0,persistent_rootkit_default,fixed,87,events/events_2024-12-11T12:14:40.999307_rootkit.json.gz,default,rootkit,313.4047133371643,313.4047133371643,1,0,0.0
0,persistent_rootkit_default,fixed,88,events/events_2024-12-11T11:59:53.479326_rootkit.json.gz,default,rootkit,400.2126198341502,400.2126198341502,1,0,0.0
0,persistent_rootkit_default,fixed,89,events/events_2024-12-11T11:50:20.491738_rootkit.json.gz,default,rootkit,270.61359153495823,270.61359153495823,1,0,0.0
0,persistent_rootkit_default,fixed,90,events/events_2024-12-11T11:54:36.781842_rootkit.json.gz,default,rootkit,308.7428130368554,308.7428130368554,1,0,0.0
0,persistent_rootkit_default,fixed,91,events/events_2024-12-11T12:11:44.494253_rootkit.json.gz,default,rootkit,324.76337184279697,324.76337184279697,1,0,0.0
0,persistent_rootkit_default,fixed,92,events/events_2024-12-11T11:44:44.195513_rootkit.json.gz,default,rootkit,384.34554250167196,384.34554250167196,1,0,0.0
0,persistent_rootkit_default,fixed,93,events/events_2024-12-11T12:01:12.978863_rootkit.json.gz,default,rootkit,311.85953959312195,311.85953959312195,1,0,0.0
0,persistent_rootkit_default,fixed,94,events/events_2024-12-11T12:16:39.254885_rootkit.json.gz,default,rootkit,275.53125178454513,275.53125178454513,1,0,0.0
0,persistent_rootkit_default,fixed,95,events/events_2024-12-11T11:52:38.562801_rootkit.json.gz,default,rootkit,484.8991932330308,484.8991932330308,1,0,0.0
0,persistent_rootkit_default,fixed,96,events/events_2024-12-11T12:02:51.806110_rootkit.json.gz,default,rootkit,456.12499151716264,456.12499151716264,1,0,0.0
0,persistent_rootkit_default,fixed,97,events/events_2024-12-11T12:05:48.539262_rootkit.json.gz,default,rootkit,335.96834215939657,335.96834215939657,1,0,0.0
0,persistent_rootkit_default,fixed,98,events/events_2024-12-11T12:04:30.034977_rootkit.json.gz,default,rootkit,324.4638015826804,324.4638015826804,1,0,0.0
0,persistent_rootkit_default,fixed,99,events/events_2024-12-11T12:17:18.714896_rootkit.json.gz,default,rootkit,419.1594249800396,419.1594249800396,1,0,0.0
0,persistent_rootkit_default,fixed,100,events/events_2024-12-11T11:51:19.846116_rootkit.json.gz,default,rootkit,353.3743727015889,353.3743727015889,1,0,0.0
0,persistent_rootkit_default,blind_50,1,events/events_2024-12-11T11:55:36.150273_rootkit.json.gz,default,rootkit,294.0638967995586,294.0638967995586,1,1,0.02
0,persistent_rootkit_default,blind_50,2,events/events_2024-12-11T12:01:52.718904_rootkit.json.gz,default,rootkit,73.89527248712483,73.89527248712483,1,1,0.04
0,persistent_rootkit_default,blind_50,3,events/events_2024-12-11T11:49:21.115011_rootkit.json.gz,default,rootkit,57.37088199848697,57.37088199848697,1,1,0.06
0,persistent_rootkit_default,blind_50,4,events/events_2024-12-11T12:01:32.835630_rootkit.json.gz,default,rootkit,40.988538053264534,40.988538053264534,1,1,0.08
0,persistent_rootkit_default,blind_50,5,events/events_2024-12-11T11:51:39.566332_rootkit.json.gz,default,rootkit,46.87380005378938,46.87380005378938,1,1,0.1
0,persistent_rootkit_default,blind_50,6,events/events_2024-12-11T11:58:14.871520_rootkit.json.gz,default,rootkit,42.13131252520927,42.13131252520927,1,1,0.12
0,persistent_rootkit_default,blind_50,7,events/events_2024-12-11T11:46:03.586470_rootkit.json.gz,default,rootkit,35.37874193548815,35.37874193548815,1,1,0.14
0,persistent_rootkit_default,blind_50,8,events/events_2024-12-11T11:57:55.046384_rootkit.json.gz,default,rootkit,22.10756761140391,22.10756761140391,0,1,0.16
0,persistent_rootkit_default,blind_50,9,events/events_2024-12-11T12:09:26.126754_rootkit.json.gz,default,rootkit,28.063968139941707,28.063968139941707,0,1,0.18
0,persistent_rootkit_default,blind_50,10,events/events_2024-12-11T11:55:16.454683_rootkit.json.gz,default,rootkit,18.690973685265195,18.690973685265195,0,1,0.2
0,persistent_rootkit_default,blind_50,11,events/events_2024-12-11T12:04:10.295872_rootkit.json.gz,default,rootkit,24.551904313577346,24.551904313577346,0,1,0.22
0,persistent_rootkit_default,blind_50,12,events/events_2024-12-11T12:13:22.802591_rootkit.json.gz,default,rootkit,10.419595967200888,10.419595967200888,0,1,0.24
0,persistent_rootkit_default,blind_50,13,events/events_2024-12-11T11:48:01.963050_rootkit.json.gz,default,rootkit,21.92839419485019,21.92839419485019,0,1,0.26
0,persistent_rootkit_default,blind_50,14,events/events_2024-12-11T11:46:23.151677_rootkit.json.gz,default,rootkit,20.395125735135245,20.395125735135245,0,1,0.28
0,persistent_rootkit_default,blind_50,15,events/events_2024-12-11T12:03:50.710820_rootkit.json.gz,default,rootkit,25.344556769238423,25.344556769238423,0,1,0.3
0,persistent_rootkit_default,blind_50,16,events/events_2024-12-11T12:04:49.630761_rootkit.json.gz,default,rootkit,50.49699062775898,50.49699062775898,1,1,0.32
0,persistent_rootkit_default,blind_50,17,events/events_2024-12-11T11:54:17.199414_rootkit.json.gz,default,rootkit,20.66936692778677,20.66936692778677,0,1,0.34
0,persistent_rootkit_default,blind_50,18,events/events_2024-12-11T11:53:18.354666_rootkit.json.gz,default,rootkit,35.22778529268142,35.22778529268142,1,1,0.36
0,persistent_rootkit_default,blind_50,19,events/events_2024-12-11T12:14:01.538839_rootkit.json.gz,default,rootkit,15.092692195908842,15.092692195908842,0,1,0.38
0,persistent_rootkit_default,blind_50,20,events/events_2024-12-11T12:14:21.478774_rootkit.json.gz,default,rootkit,14.97379682156685,14.97379682156685,0,1,0.4
0,persistent_rootkit_default,blind_50,21,events/events_2024-12-11T11:57:35.283454_rootkit.json.gz,default,rootkit,67.9881427630894,67.9881427630894,1,1,0.42
0,persistent_rootkit_default,blind_50,22,events/events_2024-12-11T11:58:34.446519_rootkit.json.gz,default,rootkit,26.420883608266855,26.420883608266855,0,1,0.44
0,persistent_rootkit_default,blind_50,23,events/events_2024-12-11T11:56:35.607154_rootkit.json.gz,default,rootkit,16.47858357538263,16.47858357538263,0,1,0.46
0,persistent_rootkit_default,blind_50,24,events/events_2024-12-11T12:10:25.322833_rootkit.json.gz,default,rootkit,16.770399523728308,16.770399523728308,0,1,0.48
0,persistent_rootkit_default,blind_50,25,events/events_2024-12-11T12:09:45.982446_rootkit.json.gz,default,rootkit,15.063314247786312,15.063314247786312,0,1,0.5
0,persistent_rootkit_default,blind_50,26,events/events_2024-12-11T12:15:59.815342_rootkit.json.gz,default,rootkit,15.806553884907455,15.806553884907455,0,1,0.52
0,persistent_rootkit_default,blind_50,27,events/events_2024-12-11T11:53:57.438209_rootkit.json.gz,default,rootkit,7.901296017639263,7.901296017639263,0,1,0.54
0,persistent_rootkit_default,blind_50,28,events/events_2024-12-11T12:10:05.942729_rootkit.json.gz,default,rootkit,8.465642545858163,8.465642545858163,0,1,0.56
0,persistent_rootkit_default,blind_50,29,events/events_2024-12-11T12:02:32.308085_rootkit.json.gz,default,rootkit,9.57390348028607,9.57390348028607,0,1,0.58
0,persistent_rootkit_default,blind_50,30,events/events_2024-12-11T12:08:06.878017_rootkit.json.gz,default,rootkit,10.20353686442282,10.20353686442282,0,1,0.6
0,persistent_rootkit_default,blind_50,31,events/events_2024-12-11T12:06:08.210026_rootkit.json.gz,default,rootkit,18.116973539432188,18.116973539432188,0,1,0.62
0,persistent_rootkit_default,blind_50,32,events/events_2024-12-11T11:59:33.550495_rootkit.json.gz,default,rootkit,11.162509103279763,11.162509103279763,0,1,0.64
0,persistent_rootkit_default,blind_50,33,events/events_2024-12-11T11:55:56.218458_rootkit.json.gz,default,rootkit,16.015711441516935,16.015711441516935,0,1,0.66
0,persistent_rootkit_default,blind_50,34,events/events_2024-12-11T12:13:42.458822_rootkit.json.gz,default,rootkit,28.081887455524562,28.081887455524562,0,1,0.68
0,persistent_rootkit_default,blind_50,35,events/events_2024-12-11T11:59:13.802788_rootkit.json.gz,default,rootkit,15.266110700224196,15.266110700224196,0,1,0.7
0,persistent_rootkit_default,blind_50,36,events/events_2024-12-11T11:52:58.438890_rootkit.json.gz,default,rootkit,25.662947116665144,25.662947116665144,0,1,0.72
0,persistent_rootkit_default,blind_50,37,events/events_2024-12-11T12:16:58.878792_rootkit.json.gz,default,rootkit,12.163246202190622,12.163246202190622,0,1,0.74
0,persistent_rootkit_default,blind_50,38,events/events_2024-12-11T12:16:19.547091_rootkit.json.gz,default,rootkit,9.756008865824118,9.756008865824118,0,1,0.76
0,persistent_rootkit_default,blind_50,39,events/events_2024-12-11T12:00:53.086858_rootkit.json.gz,default,rootkit,21.265934792469576,21.265934792469576,0,1,0.78
0,persistent_rootkit_default,blind_50,40,events/events_2024-12-11T11:52:18.623105_rootkit.json.gz,default,rootkit,36.449827286801465,36.449827286801465,1,1,0.8
0,persistent_rootkit_default,blind_50,41,events/events_2024-12-11T11:47:22.531463_rootkit.json.gz,default,rootkit,15.39864545508712,15.39864545508712,0,1,0.82
0,persistent_rootkit_default,blind_50,42,events/events_2024-12-11T11:49:01.315058_rootkit.json.gz,default,rootkit,16.116354401572035,16.116354401572035,0,1,0.84
0,persistent_rootkit_default,blind_50,43,events/events_2024-12-11T12:08:26.720333_rootkit.json.gz,default,rootkit,25.351210462737026,25.351210462737026,0,1,0.86
0,persistent_rootkit_default,blind_50,44,events/events_2024-12-11T11:48:41.574930_rootkit.json.gz,default,rootkit,20.281289429830032,20.281289429830032,0,1,0.88
0,persistent_rootkit_default,blind_50,45,events/events_2024-12-11T12:13:03.007860_rootkit.json.gz,default,rootkit,14.370008177101111,14.370008177101111,0,1,0.9
0,persistent_rootkit_default,blind_50,46,events/events_2024-12-11T12:03:11.391601_rootkit.json.gz,default,rootkit,14.30116610855729,14.30116610855729,0,1,0.92
0,persistent_rootkit_default,blind_50,47,events/events_2024-12-11T11:54:56.602796_rootkit.json.gz,default,rootkit,8.930821118435937,8.930821118435937,0,1,0.94
0,persistent_rootkit_default,blind_50,48,events/events_2024-12-11T11:58:54.167041_rootkit.json.gz,default,rootkit,14.480493938499443,14.480493938499443,0,1,0.96
0,persistent_rootkit_default,blind_50,49,events/events_2024-12-11T11:48:21.822918_rootkit.json.gz,default,rootkit,18.8956223207081,18.8956223207081,0,1,0.98
0,persistent_rootkit_default,blind_50,50,events/events_2024-12-11T11:45:43.712132_rootkit.json.gz,default,rootkit,13.541511775397304,13.541511775397304,0,1,1.0
0,persistent_rootkit_default,blind_50,51,events/events_2024-12-11T11:45:03.939350_rootkit.json.gz,default,rootkit,12.973465248091117,12.973465248091117,0,1,1.0
0,persistent_rootkit_default,blind_50,52,events/events_2024-12-11T12:10:44.869667_rootkit.json.gz,default,rootkit,14.574859209524773,14.574859209524773,0,1,1.0
0,persistent_rootkit_default,blind_50,53,events/events_2024-12-11T12:00:13.234259_rootkit.json.gz,default,rootkit,21.71835824410308,21.71835824410308,0,1,1.0
0,persistent_rootkit_default,blind_50,54,events/events_2024-12-11T11:56:55.627661_rootkit.json.gz,default,rootkit,14.655274762035877,14.655274762035877,0,1,1.0
0,persistent_rootkit_default,blind_50,55,events/events_2024-12-11T12:09:06.371291_rootkit.json.gz,default,rootkit,10.220822358053022,10.220822358053022,0,1,1.0
0,persistent_rootkit_default,blind_50,56,events/events_2024-12-11T12:07:47.064083_rootkit.json.gz,default,rootkit,28.86614294329275,28.86614294329275,0,1,1.0
0,persistent_rootkit_default,blind_50,57,events/events_2024-12-11T11:50:40.248234_rootkit.json.gz,default,rootkit,15.671232706994045,15.671232706994045,0,1,1.0
0,persistent_rootkit_default,blind_50,58,events/events_2024-12-11T11:45:23.806885_rootkit.json.gz,default,rootkit,22.0373434958341,22.0373434958341,0,1,1.0
0,persistent_rootkit_default,blind_50,59,events/events_2024-12-11T12:05:09.346954_rootkit.json.gz,default,rootkit,9.761701893632994,9.761701893632994,0,1,1.0
0,persistent_rootkit_default,blind_50,60,events/events_2024-12-11T11:47:42.535280_rootkit.json.gz,default,rootkit,13.430742037602245,13.430742037602245,0,1,1.0
0,persistent_rootkit_default,blind_50,61,events/events_2024-12-11T12:00:33.074308_rootkit.json.gz,default,rootkit,29.418943004789135,29.418943004789135,0,1,1.0
0,persistent_rootkit_default,blind_50,62,events/events_2024-12-11T11:51:58.961655_rootkit.json.gz,default,rootkit,27.101068131592385,27.101068131592385,0,1,1.0
0,persistent_rootkit_default,blind_50,63,events/events_2024-12-11T12:12:23.759198_rootkit.json.gz,default,rootkit,9.441222910278881,9.441222910278881,0,1,1.0
0,persistent_rootkit_default,blind_50,64,events/events_2024-12-11T12:12:04.159649_rootkit.json.gz,default,rootkit,14.494223072930533,14.494223072930533,0,1,1.0
0,persistent_rootkit_default,blind_50,65,events/events_2024-12-11T12:06:47.638474_rootkit.json.gz,default,rootkit,11.724353365366332,11.724353365366332,0,1,1.0
0,persistent_rootkit_default,blind_50,66,events/events_2024-12-11T12:02:12.515264_rootkit.json.gz,default,rootkit,13.710806204256897,13.710806204256897,0,1,1.0
0,persistent_rootkit_default,blind_50,67,events/events_2024-12-11T12:15:00.706068_rootkit.json.gz,default,rootkit,10.192507020522765,10.192507020522765,0,1,1.0
0,persistent_rootkit_default,blind_50,68,events/events_2024-12-11T12:12:43.419718_rootkit.json.gz,default,rootkit,20.48560942312136,20.48560942312136,0,1,1.0
0,persistent_rootkit_default,blind_50,69,events/events_2024-12-11T12:15:40.202639_rootkit.json.gz,default,rootkit,13.697230318864781,13.697230318864781,0,1,1.0
0,persistent_rootkit_default,blind_50,70,events/events_2024-12-11T12:06:28.010873_rootkit.json.gz,default,rootkit,25.90398716204475,25.90398716204475,0,1,1.0
0,persistent_rootkit_default,blind_50,71,events/events_2024-12-11T12:08:46.566786_rootkit.json.gz,default,rootkit,32.23389162732324,32.23389162732324,1,1,1.0
0,persistent_rootkit_default,blind_50,72,events/events_2024-12-11T12:05:28.863499_rootkit.json.gz,default,rootkit,29.610373953716383,29.610373953716383,0,1,1.0
0,persistent_rootkit_default,blind_50,73,events/events_2024-12-11T11:47:02.878827_rootkit.json.gz,default,rootkit,16.843637309768944,16.843637309768944,0,1,1.0
0,persistent_rootkit_default,blind_50,74,events/events_2024-12-11T12:15:20.387497_rootkit.json.gz,default,rootkit,9.617799566063585,9.617799566063585,0,1,1.0
0,persistent_rootkit_default,blind_50,75,events/events_2024-12-11T11:50:00.751203_rootkit.json.gz,default,rootkit,8.668793586843773,8.668793586843773,0,1,1.0
0,persistent_rootkit_default,blind_50,76,events/events_2024-12-11T12:07:26.995443_rootkit.json.gz,default,rootkit,15.46655813955393,15.46655813955393,0,1,1.0
0,persistent_rootkit_default,blind_50,77,events/events_2024-12-11T11:46:43.006757_rootkit.json.gz,default,rootkit,16.884594895701966,16.884594895701966,0,1,1.0
0,persistent_rootkit_default,blind_50,78,events/events_2024-12-11T12:07:07.402640_rootkit.json.gz,default,rootkit,13.519880146370818,13.519880146370818,0,1,1.0
0,persistent_rootkit_default,blind_50,79,events/events_2024-12-11T11:57:15.271990_rootkit.json.gz,default,rootkit,7.184577061950235,7.184577061950235,0,1,1.0
0,persistent_rootkit_default,blind_50,80,events/events_2024-12-11T11:53:37.615624_rootkit.json.gz,default,rootkit,58.07092471076708,58.07092471076708,1,1,1.0
0,persistent_rootkit_default,blind_50,81,events/events_2024-12-11T12:03:30.896324_rootkit.json.gz,default,rootkit,10.667395673398621,10.667395673398621,0,1,1.0
0,persistent_rootkit_default,blind_50,82,events/events_2024-12-11T12:11:24.627966_rootkit.json.gz,default,rootkit,55.30859611271951,55.30859611271951,1,1,1.0
0,persistent_rootkit_default,blind_50,83,events/events_2024-12-11T11:49:41.006917_rootkit.json.gz,default,rootkit,11.432568318477513,11.432568318477513,0,1,1.0
0,persistent_rootkit_default,blind_50,84,events/events_2024-12-11T11:56:15.871601_rootkit.json.gz,default,rootkit,15.83226809861636,15.83226809861636,0,1,1.0
0,persistent_rootkit_default,blind_50,85,events/events_2024-12-11T12:11:04.871810_rootkit.json.gz,default,rootkit,19.764803216510035,19.764803216510035,0,1,1.0
0,persistent_rootkit_default,blind_50,86,events/events_2024-12-11T11:51:00.032191_rootkit.json.gz,default,rootkit,8.427063480205334,8.427063480205334,0,1,1.0
0,persistent_rootkit_default,blind_50,87,events/events_2024-12-11T12:14:40.999307_rootkit.json.gz,default,rootkit,7.325312936105054,7.325312936105054,0,1,1.0
0,persistent_rootkit_default,blind_50,88,events/events_2024-12-11T11:59:53.479326_rootkit.json.gz,default,rootkit,12.02546124694794,12.02546124694794,0,1,1.0
0,persistent_rootkit_default,blind_50,89,events/events_2024-12-11T11:50:20.491738_rootkit.json.gz,default,rootkit,12.933525958134874,12.933525958134874,0,1,1.0
0,persistent_rootkit_default,blind_50,90,events/events_2024-12-11T11:54:36.781842_rootkit.json.gz,default,rootkit,14.91108697301953,14.91108697301953,0,1,1.0
0,persistent_rootkit_default,blind_50,91,events/events_2024-12-11T12:11:44.494253_rootkit.json.gz,default,rootkit,24.229192814817594,24.229192814817594,0,1,1.0
0,persistent_rootkit_default,blind_50,92,events/events_2024-12-11T11:44:44.195513_rootkit.json.gz,default,rootkit,10.367848887035382,10.367848887035382,0,1,1.0
0,persistent_rootkit_default,blind_50,93,events/events_2024-12-11T12:01:12.978863_rootkit.json.gz,default,rootkit,14.113022389075816,14.113022389075816,0,1,1.0
0,persistent_rootkit_default,blind_50,94,events/events_2024-12-11T12:16:39.254885_rootkit.json.gz,default,rootkit,14.977689596560808,14.977689596560808,0,1,1.0
0,persistent_rootkit_default,blind_50,95,events/events_2024-12-11T11:52:38.562801_rootkit.json.gz,default,rootkit,23.121500096007722,23.121500096007722,0,1,1.0
0,persistent_rootkit_default,blind_50,96,events/events_2024-12-11T12:02:51.806110_rootkit.json.gz,default,rootkit,9.889607711740947,9.889607711740947,0,1,1.0
0,persistent_rootkit_default,blind_50,97,events/events_2024-12-11T12:05:48.539262_rootkit.json.gz,default,rootkit,13.70703057594998,13.70703057594998,0,1,1.0
0,persistent_rootkit_default,blind_50,98,events/events_2024-12-11T12:04:30.034977_rootkit.json.gz,default,rootkit,13.45467850942704,13.45467850942704,0,1,1.0
0,persistent_rootkit_default,blind_50,99,events/events_2024-12-11T12:17:18.714896_rootkit.json.gz,default,rootkit,30.979134487231086,30.979134487231086,0,1,1.0
0,persistent_rootkit_default,blind_50,100,events/events_2024-12-11T11:51:19.846116_rootkit.json.gz,default,rootkit,5.131158295403397,5.131158295403397,0,1,1.0
0,persistent_rootkit_default,score_gated,1,events/events_2024-12-11T11:55:36.150273_rootkit.json.gz,default,rootkit,294.0638967995586,294.0638967995586,1,0,0.0
0,persistent_rootkit_default,score_gated,2,events/events_2024-12-11T12:01:52.718904_rootkit.json.gz,default,rootkit,451.02152598588816,451.02152598588816,1,0,0.0
0,persistent_rootkit_default,score_gated,3,events/events_2024-12-11T11:49:21.115011_rootkit.json.gz,default,rootkit,279.6727780965982,279.6727780965982,1,0,0.0
0,persistent_rootkit_default,score_gated,4,events/events_2024-12-11T12:01:32.835630_rootkit.json.gz,default,rootkit,477.86255591637615,477.86255591637615,1,0,0.0
0,persistent_rootkit_default,score_gated,5,events/events_2024-12-11T11:51:39.566332_rootkit.json.gz,default,rootkit,391.2798551919565,391.2798551919565,1,0,0.0
0,persistent_rootkit_default,score_gated,6,events/events_2024-12-11T11:58:14.871520_rootkit.json.gz,default,rootkit,453.98598295840196,453.98598295840196,1,0,0.0
0,persistent_rootkit_default,score_gated,7,events/events_2024-12-11T11:46:03.586470_rootkit.json.gz,default,rootkit,287.67807326642213,287.67807326642213,1,0,0.0
0,persistent_rootkit_default,score_gated,8,events/events_2024-12-11T11:57:55.046384_rootkit.json.gz,default,rootkit,333.6681473267697,333.6681473267697,1,0,0.0
0,persistent_rootkit_default,score_gated,9,events/events_2024-12-11T12:09:26.126754_rootkit.json.gz,default,rootkit,379.487143798124,379.487143798124,1,0,0.0
0,persistent_rootkit_default,score_gated,10,events/events_2024-12-11T11:55:16.454683_rootkit.json.gz,default,rootkit,271.19879089025665,271.19879089025665,1,0,0.0
0,persistent_rootkit_default,score_gated,11,events/events_2024-12-11T12:04:10.295872_rootkit.json.gz,default,rootkit,320.7079459575937,320.7079459575937,1,0,0.0
0,persistent_rootkit_default,score_gated,12,events/events_2024-12-11T12:13:22.802591_rootkit.json.gz,default,rootkit,373.0563196545569,373.0563196545569,1,0,0.0
0,persistent_rootkit_default,score_gated,13,events/events_2024-12-11T11:48:01.963050_rootkit.json.gz,default,rootkit,253.13377350884588,253.13377350884588,1,0,0.0
0,persistent_rootkit_default,score_gated,14,events/events_2024-12-11T11:46:23.151677_rootkit.json.gz,default,rootkit,484.61551082253624,484.61551082253624,1,0,0.0
0,persistent_rootkit_default,score_gated,15,events/events_2024-12-11T12:03:50.710820_rootkit.json.gz,default,rootkit,407.06901006855736,407.06901006855736,1,0,0.0
0,persistent_rootkit_default,score_gated,16,events/events_2024-12-11T12:04:49.630761_rootkit.json.gz,default,rootkit,182.32734022503962,182.32734022503962,1,0,0.0
0,persistent_rootkit_default,score_gated,17,events/events_2024-12-11T11:54:17.199414_rootkit.json.gz,default,rootkit,331.56868912351985,331.56868912351985,1,0,0.0
0,persistent_rootkit_default,score_gated,18,events/events_2024-12-11T11:53:18.354666_rootkit.json.gz,default,rootkit,432.5274421231955,432.5274421231955,1,0,0.0
0,persistent_rootkit_default,score_gated,19,events/events_2024-12-11T12:14:01.538839_rootkit.json.gz,default,rootkit,478.5422941488255,478.5422941488255,1,0,0.0
0,persistent_rootkit_default,score_gated,20,events/events_2024-12-11T12:14:21.478774_rootkit.json.gz,default,rootkit,378.4318276658892,378.4318276658892,1,0,0.0
0,persistent_rootkit_default,score_gated,21,events/events_2024-12-11T11:57:35.283454_rootkit.json.gz,default,rootkit,574.9676643408187,574.9676643408187,1,0,0.0
0,persistent_rootkit_default,score_gated,22,events/events_2024-12-11T11:58:34.446519_rootkit.json.gz,default,rootkit,258.9648527567041,258.9648527567041,1,0,0.0
0,persistent_rootkit_default,score_gated,23,events/events_2024-12-11T11:56:35.607154_rootkit.json.gz,default,rootkit,404.52791051302825,404.52791051302825,1,0,0.0
0,persistent_rootkit_default,score_gated,24,events/events_2024-12-11T12:10:25.322833_rootkit.json.gz,default,rootkit,363.38340150873466,363.38340150873466,1,0,0.0
0,persistent_rootkit_default,score_gated,25,events/events_2024-12-11T12:09:45.982446_rootkit.json.gz,default,rootkit,501.27779934483215,501.27779934483215,1,0,0.0
0,persistent_rootkit_default,score_gated,26,events/events_2024-12-11T12:15:59.815342_rootkit.json.gz,default,rootkit,306.7861935089553,306.7861935089553,1,0,0.0
0,persistent_rootkit_default,score_gated,27,events/events_2024-12-11T11:53:57.438209_rootkit.json.gz,default,rootkit,303.9830559677386,303.9830559677386,1,0,0.0
0,persistent_rootkit_default,score_gated,28,events/events_2024-12-11T12:10:05.942729_rootkit.json.gz,default,rootkit,359.03318924679934,359.03318924679934,1,0,0.0
0,persistent_rootkit_default,score_gated,29,events/events_2024-12-11T12:02:32.308085_rootkit.json.gz,default,rootkit,319.1228108836941,319.1228108836941,1,0,0.0
0,persistent_rootkit_default,score_gated,30,events/events_2024-12-11T12:08:06.878017_rootkit.json.gz,default,rootkit,393.4348212777385,393.4348212777385,1,0,0.0
0,persistent_rootkit_default,score_gated,31,events/events_2024-12-11T12:06:08.210026_rootkit.json.gz,default,rootkit,277.76875714024555,277.76875714024555,1,0,0.0
0,persistent_rootkit_default,score_gated,32,events/events_2024-12-11T11:59:33.550495_rootkit.json.gz,default,rootkit,360.88946262947337,360.88946262947337,1,0,0.0
0,persistent_rootkit_default,score_gated,33,events/events_2024-12-11T11:55:56.218458_rootkit.json.gz,default,rootkit,391.34339485779225,391.34339485779225,1,0,0.0
0,persistent_rootkit_default,score_gated,34,events/events_2024-12-11T12:13:42.458822_rootkit.json.gz,default,rootkit,313.41213006784983,313.41213006784983,1,0,0.0
0,persistent_rootkit_default,score_gated,35,events/events_2024-12-11T11:59:13.802788_rootkit.json.gz,default,rootkit,274.63946568493674,274.63946568493674,1,0,0.0
0,persistent_rootkit_default,score_gated,36,events/events_2024-12-11T11:52:58.438890_rootkit.json.gz,default,rootkit,447.5504836651079,447.5504836651079,1,0,0.0
0,persistent_rootkit_default,score_gated,37,events/events_2024-12-11T12:16:58.878792_rootkit.json.gz,default,rootkit,378.98622519753764,378.98622519753764,1,0,0.0
0,persistent_rootkit_default,score_gated,38,events/events_2024-12-11T12:16:19.547091_rootkit.json.gz,default,rootkit,366.39717291601005,366.39717291601005,1,0,0.0
0,persistent_rootkit_default,score_gated,39,events/events_2024-12-11T12:00:53.086858_rootkit.json.gz,default,rootkit,549.9741144067802,549.9741144067802,1,0,0.0
0,persistent_rootkit_default,score_gated,40,events/events_2024-12-11T11:52:18.623105_rootkit.json.gz,default,rootkit,211.4176383867212,211.4176383867212,1,0,0.0
0,persistent_rootkit_default,score_gated,41,events/events_2024-12-11T11:47:22.531463_rootkit.json.gz,default,rootkit,364.76131941439576,364.76131941439576,1,0,0.0
0,persistent_rootkit_default,score_gated,42,events/events_2024-12-11T11:49:01.315058_rootkit.json.gz,default,rootkit,350.16598528660785,350.16598528660785,1,0,0.0
0,persistent_rootkit_default,score_gated,43,events/events_2024-12-11T12:08:26.720333_rootkit.json.gz,default,rootkit,355.45090935518635,355.45090935518635,1,0,0.0
0,persistent_rootkit_default,score_gated,44,events/events_2024-12-11T11:48:41.574930_rootkit.json.gz,default,rootkit,333.7732422640804,333.7732422640804,1,0,0.0
0,persistent_rootkit_default,score_gated,45,events/events_2024-12-11T12:13:03.007860_rootkit.json.gz,default,rootkit,405.6737012236155,405.6737012236155,1,0,0.0
0,persistent_rootkit_default,score_gated,46,events/events_2024-12-11T12:03:11.391601_rootkit.json.gz,default,rootkit,307.93145919416867,307.93145919416867,1,0,0.0
0,persistent_rootkit_default,score_gated,47,events/events_2024-12-11T11:54:56.602796_rootkit.json.gz,default,rootkit,342.48052288921826,342.48052288921826,1,0,0.0
0,persistent_rootkit_default,score_gated,48,events/events_2024-12-11T11:58:54.167041_rootkit.json.gz,default,rootkit,417.0973465843463,417.0973465843463,1,0,0.0
0,persistent_rootkit_default,score_gated,49,events/events_2024-12-11T11:48:21.822918_rootkit.json.gz,default,rootkit,330.99478995642215,330.99478995642215,1,0,0.0
0,persistent_rootkit_default,score_gated,50,events/events_2024-12-11T11:45:43.712132_rootkit.json.gz,default,rootkit,318.7373235075545,318.7373235075545,1,0,0.0
0,persistent_rootkit_default,score_gated,51,events/events_2024-12-11T11:45:03.939350_rootkit.json.gz,default,rootkit,428.2207966950225,428.2207966950225,1,0,0.0
0,persistent_rootkit_default,score_gated,52,events/events_2024-12-11T12:10:44.869667_rootkit.json.gz,default,rootkit,350.1366105996734,350.1366105996734,1,0,0.0
0,persistent_rootkit_default,score_gated,53,events/events_2024-12-11T12:00:13.234259_rootkit.json.gz,default,rootkit,377.3178084094494,377.3178084094494,1,0,0.0
0,persistent_rootkit_default,score_gated,54,events/events_2024-12-11T11:56:55.627661_rootkit.json.gz,default,rootkit,287.3242159021785,287.3242159021785,1,0,0.0
0,persistent_rootkit_default,score_gated,55,events/events_2024-12-11T12:09:06.371291_rootkit.json.gz,default,rootkit,310.3910689063185,310.3910689063185,1,0,0.0
0,persistent_rootkit_default,score_gated,56,events/events_2024-12-11T12:07:47.064083_rootkit.json.gz,default,rootkit,401.70423321259534,401.70423321259534,1,0,0.0
0,persistent_rootkit_default,score_gated,57,events/events_2024-12-11T11:50:40.248234_rootkit.json.gz,default,rootkit,292.8847874885298,292.8847874885298,1,0,0.0
0,persistent_rootkit_default,score_gated,58,events/events_2024-12-11T11:45:23.806885_rootkit.json.gz,default,rootkit,421.27792941672186,421.27792941672186,1,0,0.0
0,persistent_rootkit_default,score_gated,59,events/events_2024-12-11T12:05:09.346954_rootkit.json.gz,default,rootkit,327.60207224883493,327.60207224883493,1,0,0.0
0,persistent_rootkit_default,score_gated,60,events/events_2024-12-11T11:47:42.535280_rootkit.json.gz,default,rootkit,280.34606232362114,280.34606232362114,1,0,0.0
0,persistent_rootkit_default,score_gated,61,events/events_2024-12-11T12:00:33.074308_rootkit.json.gz,default,rootkit,608.5876913182643,608.5876913182643,1,0,0.0
0,persistent_rootkit_default,score_gated,62,events/events_2024-12-11T11:51:58.961655_rootkit.json.gz,default,rootkit,375.6020682909161,375.6020682909161,1,0,0.0
0,persistent_rootkit_default,score_gated,63,events/events_2024-12-11T12:12:23.759198_rootkit.json.gz,default,rootkit,321.10701120481446,321.10701120481446,1,0,0.0
0,persistent_rootkit_default,score_gated,64,events/events_2024-12-11T12:12:04.159649_rootkit.json.gz,default,rootkit,401.18642607435464,401.18642607435464,1,0,0.0
0,persistent_rootkit_default,score_gated,65,events/events_2024-12-11T12:06:47.638474_rootkit.json.gz,default,rootkit,404.2235605197991,404.2235605197991,1,0,0.0
0,persistent_rootkit_default,score_gated,66,events/events_2024-12-11T12:02:12.515264_rootkit.json.gz,default,rootkit,391.8398168631448,391.8398168631448,1,0,0.0
0,persistent_rootkit_default,score_gated,67,events/events_2024-12-11T12:15:00.706068_rootkit.json.gz,default,rootkit,408.4872673189384,408.4872673189384,1,0,0.0
0,persistent_rootkit_default,score_gated,68,events/events_2024-12-11T12:12:43.419718_rootkit.json.gz,default,rootkit,444.34270312509835,444.34270312509835,1,0,0.0
0,persistent_rootkit_default,score_gated,69,events/events_2024-12-11T12:15:40.202639_rootkit.json.gz,default,rootkit,347.99018747641895,347.99018747641895,1,0,0.0
0,persistent_rootkit_default,score_gated,70,events/events_2024-12-11T12:06:28.010873_rootkit.json.gz,default,rootkit,361.42303301214423,361.42303301214423,1,0,0.0
0,persistent_rootkit_default,score_gated,71,events/events_2024-12-11T12:08:46.566786_rootkit.json.gz,default,rootkit,406.82098141159145,406.82098141159145,1,0,0.0
0,persistent_rootkit_default,score_gated,72,events/events_2024-12-11T12:05:28.863499_rootkit.json.gz,default,rootkit,289.2904890045861,289.2904890045861,1,0,0.0
0,persistent_rootkit_default,score_gated,73,events/events_2024-12-11T11:47:02.878827_rootkit.json.gz,default,rootkit,296.11797297892497,296.11797297892497,1,0,0.0
0,persistent_rootkit_default,score_gated,74,events/events_2024-12-11T12:15:20.387497_rootkit.json.gz,default,rootkit,369.755099650616,369.755099650616,1,0,0.0
0,persistent_rootkit_default,score_gated,75,events/events_2024-12-11T11:50:00.751203_rootkit.json.gz,default,rootkit,352.3962660422828,352.3962660422828,1,0,0.0
0,persistent_rootkit_default,score_gated,76,events/events_2024-12-11T12:07:26.995443_rootkit.json.gz,default,rootkit,398.5890607161152,398.5890607161152,1,0,0.0
0,persistent_rootkit_default,score_gated,77,events/events_2024-12-11T11:46:43.006757_rootkit.json.gz,default,rootkit,296.45952398449117,296.45952398449117,1,0,0.0
0,persistent_rootkit_default,score_gated,78,events/events_2024-12-11T12:07:07.402640_rootkit.json.gz,default,rootkit,243.80512399784118,243.80512399784118,1,0,0.0
0,persistent_rootkit_default,score_gated,79,events/events_2024-12-11T11:57:15.271990_rootkit.json.gz,default,rootkit,362.733131032563,362.733131032563,1,0,0.0
0,persistent_rootkit_default,score_gated,80,events/events_2024-12-11T11:53:37.615624_rootkit.json.gz,default,rootkit,331.457402987414,331.457402987414,1,0,0.0
0,persistent_rootkit_default,score_gated,81,events/events_2024-12-11T12:03:30.896324_rootkit.json.gz,default,rootkit,220.5126437302599,220.5126437302599,1,0,0.0
0,persistent_rootkit_default,score_gated,82,events/events_2024-12-11T12:11:24.627966_rootkit.json.gz,default,rootkit,375.80401874393203,375.80401874393203,1,0,0.0
0,persistent_rootkit_default,score_gated,83,events/events_2024-12-11T11:49:41.006917_rootkit.json.gz,default,rootkit,330.2599276385442,330.2599276385442,1,0,0.0
0,persistent_rootkit_default,score_gated,84,events/events_2024-12-11T11:56:15.871601_rootkit.json.gz,default,rootkit,391.33517940629895,391.33517940629895,1,0,0.0
0,persistent_rootkit_default,score_gated,85,events/events_2024-12-11T12:11:04.871810_rootkit.json.gz,default,rootkit,324.27539914061765,324.27539914061765,1,0,0.0
0,persistent_rootkit_default,score_gated,86,events/events_2024-12-11T11:51:00.032191_rootkit.json.gz,default,rootkit,362.45605048940797,362.45605048940797,1,0,0.0
0,persistent_rootkit_default,score_gated,87,events/events_2024-12-11T12:14:40.999307_rootkit.json.gz,default,rootkit,313.4047133371643,313.4047133371643,1,0,0.0
0,persistent_rootkit_default,score_gated,88,events/events_2024-12-11T11:59:53.479326_rootkit.json.gz,default,rootkit,400.2126198341502,400.2126198341502,1,0,0.0
0,persistent_rootkit_default,score_gated,89,events/events_2024-12-11T11:50:20.491738_rootkit.json.gz,default,rootkit,270.61359153495823,270.61359153495823,1,0,0.0
0,persistent_rootkit_default,score_gated,90,events/events_2024-12-11T11:54:36.781842_rootkit.json.gz,default,rootkit,308.7428130368554,308.7428130368554,1,0,0.0
0,persistent_rootkit_default,score_gated,91,events/events_2024-12-11T12:11:44.494253_rootkit.json.gz,default,rootkit,324.76337184279697,324.76337184279697,1,0,0.0
0,persistent_rootkit_default,score_gated,92,events/events_2024-12-11T11:44:44.195513_rootkit.json.gz,default,rootkit,384.34554250167196,384.34554250167196,1,0,0.0
0,persistent_rootkit_default,score_gated,93,events/events_2024-12-11T12:01:12.978863_rootkit.json.gz,default,rootkit,311.85953959312195,311.85953959312195,1,0,0.0
0,persistent_rootkit_default,score_gated,94,events/events_2024-12-11T12:16:39.254885_rootkit.json.gz,default,rootkit,275.53125178454513,275.53125178454513,1,0,0.0
0,persistent_rootkit_default,score_gated,95,events/events_2024-12-11T11:52:38.562801_rootkit.json.gz,default,rootkit,484.8991932330308,484.8991932330308,1,0,0.0
0,persistent_rootkit_default,score_gated,96,events/events_2024-12-11T12:02:51.806110_rootkit.json.gz,default,rootkit,456.12499151716264,456.12499151716264,1,0,0.0
0,persistent_rootkit_default,score_gated,97,events/events_2024-12-11T12:05:48.539262_rootkit.json.gz,default,rootkit,335.96834215939657,335.96834215939657,1,0,0.0
0,persistent_rootkit_default,score_gated,98,events/events_2024-12-11T12:04:30.034977_rootkit.json.gz,default,rootkit,324.4638015826804,324.4638015826804,1,0,0.0
0,persistent_rootkit_default,score_gated,99,events/events_2024-12-11T12:17:18.714896_rootkit.json.gz,default,rootkit,419.1594249800396,419.1594249800396,1,0,0.0
0,persistent_rootkit_default,score_gated,100,events/events_2024-12-11T11:51:19.846116_rootkit.json.gz,default,rootkit,353.3743727015889,353.3743727015889,1,0,0.0
0,persistent_rootkit_default,dual_anchor,1,events/events_2024-12-11T11:55:36.150273_rootkit.json.gz,default,rootkit,294.0638967995586,294.0638967995586,1,0,0.0
0,persistent_rootkit_default,dual_anchor,2,events/events_2024-12-11T12:01:52.718904_rootkit.json.gz,default,rootkit,451.02152598588816,451.02152598588816,1,0,0.0
0,persistent_rootkit_default,dual_anchor,3,events/events_2024-12-11T11:49:21.115011_rootkit.json.gz,default,rootkit,279.6727780965982,279.6727780965982,1,0,0.0
0,persistent_rootkit_default,dual_anchor,4,events/events_2024-12-11T12:01:32.835630_rootkit.json.gz,default,rootkit,477.86255591637615,477.86255591637615,1,0,0.0
0,persistent_rootkit_default,dual_anchor,5,events/events_2024-12-11T11:51:39.566332_rootkit.json.gz,default,rootkit,391.2798551919565,391.2798551919565,1,0,0.0
0,persistent_rootkit_default,dual_anchor,6,events/events_2024-12-11T11:58:14.871520_rootkit.json.gz,default,rootkit,453.98598295840196,453.98598295840196,1,0,0.0
0,persistent_rootkit_default,dual_anchor,7,events/events_2024-12-11T11:46:03.586470_rootkit.json.gz,default,rootkit,287.67807326642213,287.67807326642213,1,0,0.0
0,persistent_rootkit_default,dual_anchor,8,events/events_2024-12-11T11:57:55.046384_rootkit.json.gz,default,rootkit,333.6681473267697,333.6681473267697,1,0,0.0
0,persistent_rootkit_default,dual_anchor,9,events/events_2024-12-11T12:09:26.126754_rootkit.json.gz,default,rootkit,379.487143798124,379.487143798124,1,0,0.0
0,persistent_rootkit_default,dual_anchor,10,events/events_2024-12-11T11:55:16.454683_rootkit.json.gz,default,rootkit,271.19879089025665,271.19879089025665,1,0,0.0
0,persistent_rootkit_default,dual_anchor,11,events/events_2024-12-11T12:04:10.295872_rootkit.json.gz,default,rootkit,320.7079459575937,320.7079459575937,1,0,0.0
0,persistent_rootkit_default,dual_anchor,12,events/events_2024-12-11T12:13:22.802591_rootkit.json.gz,default,rootkit,373.0563196545569,373.0563196545569,1,0,0.0
0,persistent_rootkit_default,dual_anchor,13,events/events_2024-12-11T11:48:01.963050_rootkit.json.gz,default,rootkit,253.13377350884588,253.13377350884588,1,0,0.0
0,persistent_rootkit_default,dual_anchor,14,events/events_2024-12-11T11:46:23.151677_rootkit.json.gz,default,rootkit,484.61551082253624,484.61551082253624,1,0,0.0
0,persistent_rootkit_default,dual_anchor,15,events/events_2024-12-11T12:03:50.710820_rootkit.json.gz,default,rootkit,407.06901006855736,407.06901006855736,1,0,0.0
0,persistent_rootkit_default,dual_anchor,16,events/events_2024-12-11T12:04:49.630761_rootkit.json.gz,default,rootkit,182.32734022503962,182.32734022503962,1,0,0.0
0,persistent_rootkit_default,dual_anchor,17,events/events_2024-12-11T11:54:17.199414_rootkit.json.gz,default,rootkit,331.56868912351985,331.56868912351985,1,0,0.0
0,persistent_rootkit_default,dual_anchor,18,events/events_2024-12-11T11:53:18.354666_rootkit.json.gz,default,rootkit,432.5274421231955,432.5274421231955,1,0,0.0
0,persistent_rootkit_default,dual_anchor,19,events/events_2024-12-11T12:14:01.538839_rootkit.json.gz,default,rootkit,478.5422941488255,478.5422941488255,1,0,0.0
0,persistent_rootkit_default,dual_anchor,20,events/events_2024-12-11T12:14:21.478774_rootkit.json.gz,default,rootkit,378.4318276658892,378.4318276658892,1,0,0.0
0,persistent_rootkit_default,dual_anchor,21,events/events_2024-12-11T11:57:35.283454_rootkit.json.gz,default,rootkit,574.9676643408187,574.9676643408187,1,0,0.0
0,persistent_rootkit_default,dual_anchor,22,events/events_2024-12-11T11:58:34.446519_rootkit.json.gz,default,rootkit,258.9648527567041,258.9648527567041,1,0,0.0
0,persistent_rootkit_default,dual_anchor,23,events/events_2024-12-11T11:56:35.607154_rootkit.json.gz,default,rootkit,404.52791051302825,404.52791051302825,1,0,0.0
0,persistent_rootkit_default,dual_anchor,24,events/events_2024-12-11T12:10:25.322833_rootkit.json.gz,default,rootkit,363.38340150873466,363.38340150873466,1,0,0.0
0,persistent_rootkit_default,dual_anchor,25,events/events_2024-12-11T12:09:45.982446_rootkit.json.gz,default,rootkit,501.27779934483215,501.27779934483215,1,0,0.0
0,persistent_rootkit_default,dual_anchor,26,events/events_2024-12-11T12:15:59.815342_rootkit.json.gz,default,rootkit,306.7861935089553,306.7861935089553,1,0,0.0
0,persistent_rootkit_default,dual_anchor,27,events/events_2024-12-11T11:53:57.438209_rootkit.json.gz,default,rootkit,303.9830559677386,303.9830559677386,1,0,0.0
0,persistent_rootkit_default,dual_anchor,28,events/events_2024-12-11T12:10:05.942729_rootkit.json.gz,default,rootkit,359.03318924679934,359.03318924679934,1,0,0.0
0,persistent_rootkit_default,dual_anchor,29,events/events_2024-12-11T12:02:32.308085_rootkit.json.gz,default,rootkit,319.1228108836941,319.1228108836941,1,0,0.0
0,persistent_rootkit_default,dual_anchor,30,events/events_2024-12-11T12:08:06.878017_rootkit.json.gz,default,rootkit,393.4348212777385,393.4348212777385,1,0,0.0
0,persistent_rootkit_default,dual_anchor,31,events/events_2024-12-11T12:06:08.210026_rootkit.json.gz,default,rootkit,277.76875714024555,277.76875714024555,1,0,0.0
0,persistent_rootkit_default,dual_anchor,32,events/events_2024-12-11T11:59:33.550495_rootkit.json.gz,default,rootkit,360.88946262947337,360.88946262947337,1,0,0.0
0,persistent_rootkit_default,dual_anchor,33,events/events_2024-12-11T11:55:56.218458_rootkit.json.gz,default,rootkit,391.34339485779225,391.34339485779225,1,0,0.0
0,persistent_rootkit_default,dual_anchor,34,events/events_2024-12-11T12:13:42.458822_rootkit.json.gz,default,rootkit,313.41213006784983,313.41213006784983,1,0,0.0
0,persistent_rootkit_default,dual_anchor,35,events/events_2024-12-11T11:59:13.802788_rootkit.json.gz,default,rootkit,274.63946568493674,274.63946568493674,1,0,0.0
0,persistent_rootkit_default,dual_anchor,36,events/events_2024-12-11T11:52:58.438890_rootkit.json.gz,default,rootkit,447.5504836651079,447.5504836651079,1,0,0.0
0,persistent_rootkit_default,dual_anchor,37,events/events_2024-12-11T12:16:58.878792_rootkit.json.gz,default,rootkit,378.98622519753764,378.98622519753764,1,0,0.0
0,persistent_rootkit_default,dual_anchor,38,events/events_2024-12-11T12:16:19.547091_rootkit.json.gz,default,rootkit,366.39717291601005,366.39717291601005,1,0,0.0
0,persistent_rootkit_default,dual_anchor,39,events/events_2024-12-11T12:00:53.086858_rootkit.json.gz,default,rootkit,549.9741144067802,549.9741144067802,1,0,0.0
0,persistent_rootkit_default,dual_anchor,40,events/events_2024-12-11T11:52:18.623105_rootkit.json.gz,default,rootkit,211.4176383867212,211.4176383867212,1,0,0.0
0,persistent_rootkit_default,dual_anchor,41,events/events_2024-12-11T11:47:22.531463_rootkit.json.gz,default,rootkit,364.76131941439576,364.76131941439576,1,0,0.0
0,persistent_rootkit_default,dual_anchor,42,events/events_2024-12-11T11:49:01.315058_rootkit.json.gz,default,rootkit,350.16598528660785,350.16598528660785,1,0,0.0
0,persistent_rootkit_default,dual_anchor,43,events/events_2024-12-11T12:08:26.720333_rootkit.json.gz,default,rootkit,355.45090935518635,355.45090935518635,1,0,0.0
0,persistent_rootkit_default,dual_anchor,44,events/events_2024-12-11T11:48:41.574930_rootkit.json.gz,default,rootkit,333.7732422640804,333.7732422640804,1,0,0.0
0,persistent_rootkit_default,dual_anchor,45,events/events_2024-12-11T12:13:03.007860_rootkit.json.gz,default,rootkit,405.6737012236155,405.6737012236155,1,0,0.0
0,persistent_rootkit_default,dual_anchor,46,events/events_2024-12-11T12:03:11.391601_rootkit.json.gz,default,rootkit,307.93145919416867,307.93145919416867,1,0,0.0
0,persistent_rootkit_default,dual_anchor,47,events/events_2024-12-11T11:54:56.602796_rootkit.json.gz,default,rootkit,342.48052288921826,342.48052288921826,1,0,0.0
0,persistent_rootkit_default,dual_anchor,48,events/events_2024-12-11T11:58:54.167041_rootkit.json.gz,default,rootkit,417.0973465843463,417.0973465843463,1,0,0.0
0,persistent_rootkit_default,dual_anchor,49,events/events_2024-12-11T11:48:21.822918_rootkit.json.gz,default,rootkit,330.99478995642215,330.99478995642215,1,0,0.0
0,persistent_rootkit_default,dual_anchor,50,events/events_2024-12-11T11:45:43.712132_rootkit.json.gz,default,rootkit,318.7373235075545,318.7373235075545,1,0,0.0
0,persistent_rootkit_default,dual_anchor,51,events/events_2024-12-11T11:45:03.939350_rootkit.json.gz,default,rootkit,428.2207966950225,428.2207966950225,1,0,0.0
0,persistent_rootkit_default,dual_anchor,52,events/events_2024-12-11T12:10:44.869667_rootkit.json.gz,default,rootkit,350.1366105996734,350.1366105996734,1,0,0.0
0,persistent_rootkit_default,dual_anchor,53,events/events_2024-12-11T12:00:13.234259_rootkit.json.gz,default,rootkit,377.3178084094494,377.3178084094494,1,0,0.0
0,persistent_rootkit_default,dual_anchor,54,events/events_2024-12-11T11:56:55.627661_rootkit.json.gz,default,rootkit,287.3242159021785,287.3242159021785,1,0,0.0
0,persistent_rootkit_default,dual_anchor,55,events/events_2024-12-11T12:09:06.371291_rootkit.json.gz,default,rootkit,310.3910689063185,310.3910689063185,1,0,0.0
0,persistent_rootkit_default,dual_anchor,56,events/events_2024-12-11T12:07:47.064083_rootkit.json.gz,default,rootkit,401.70423321259534,401.70423321259534,1,0,0.0
0,persistent_rootkit_default,dual_anchor,57,events/events_2024-12-11T11:50:40.248234_rootkit.json.gz,default,rootkit,292.8847874885298,292.8847874885298,1,0,0.0
0,persistent_rootkit_default,dual_anchor,58,events/events_2024-12-11T11:45:23.806885_rootkit.json.gz,default,rootkit,421.27792941672186,421.27792941672186,1,0,0.0
0,persistent_rootkit_default,dual_anchor,59,events/events_2024-12-11T12:05:09.346954_rootkit.json.gz,default,rootkit,327.60207224883493,327.60207224883493,1,0,0.0
0,persistent_rootkit_default,dual_anchor,60,events/events_2024-12-11T11:47:42.535280_rootkit.json.gz,default,rootkit,280.34606232362114,280.34606232362114,1,0,0.0
0,persistent_rootkit_default,dual_anchor,61,events/events_2024-12-11T12:00:33.074308_rootkit.json.gz,default,rootkit,608.5876913182643,608.5876913182643,1,0,0.0
0,persistent_rootkit_default,dual_anchor,62,events/events_2024-12-11T11:51:58.961655_rootkit.json.gz,default,rootkit,375.6020682909161,375.6020682909161,1,0,0.0
0,persistent_rootkit_default,dual_anchor,63,events/events_2024-12-11T12:12:23.759198_rootkit.json.gz,default,rootkit,321.10701120481446,321.10701120481446,1,0,0.0
0,persistent_rootkit_default,dual_anchor,64,events/events_2024-12-11T12:12:04.159649_rootkit.json.gz,default,rootkit,401.18642607435464,401.18642607435464,1,0,0.0
0,persistent_rootkit_default,dual_anchor,65,events/events_2024-12-11T12:06:47.638474_rootkit.json.gz,default,rootkit,404.2235605197991,404.2235605197991,1,0,0.0
0,persistent_rootkit_default,dual_anchor,66,events/events_2024-12-11T12:02:12.515264_rootkit.json.gz,default,rootkit,391.8398168631448,391.8398168631448,1,0,0.0
0,persistent_rootkit_default,dual_anchor,67,events/events_2024-12-11T12:15:00.706068_rootkit.json.gz,default,rootkit,408.4872673189384,408.4872673189384,1,0,0.0
0,persistent_rootkit_default,dual_anchor,68,events/events_2024-12-11T12:12:43.419718_rootkit.json.gz,default,rootkit,444.34270312509835,444.34270312509835,1,0,0.0
0,persistent_rootkit_default,dual_anchor,69,events/events_2024-12-11T12:15:40.202639_rootkit.json.gz,default,rootkit,347.99018747641895,347.99018747641895,1,0,0.0
0,persistent_rootkit_default,dual_anchor,70,events/events_2024-12-11T12:06:28.010873_rootkit.json.gz,default,rootkit,361.42303301214423,361.42303301214423,1,0,0.0
0,persistent_rootkit_default,dual_anchor,71,events/events_2024-12-11T12:08:46.566786_rootkit.json.gz,default,rootkit,406.82098141159145,406.82098141159145,1,0,0.0
0,persistent_rootkit_default,dual_anchor,72,events/events_2024-12-11T12:05:28.863499_rootkit.json.gz,default,rootkit,289.2904890045861,289.2904890045861,1,0,0.0
0,persistent_rootkit_default,dual_anchor,73,events/events_2024-12-11T11:47:02.878827_rootkit.json.gz,default,rootkit,296.11797297892497,296.11797297892497,1,0,0.0
0,persistent_rootkit_default,dual_anchor,74,events/events_2024-12-11T12:15:20.387497_rootkit.json.gz,default,rootkit,369.755099650616,369.755099650616,1,0,0.0
0,persistent_rootkit_default,dual_anchor,75,events/events_2024-12-11T11:50:00.751203_rootkit.json.gz,default,rootkit,352.3962660422828,352.3962660422828,1,0,0.0
0,persistent_rootkit_default,dual_anchor,76,events/events_2024-12-11T12:07:26.995443_rootkit.json.gz,default,rootkit,398.5890607161152,398.5890607161152,1,0,0.0
0,persistent_rootkit_default,dual_anchor,77,events/events_2024-12-11T11:46:43.006757_rootkit.json.gz,default,rootkit,296.45952398449117,296.45952398449117,1,0,0.0
0,persistent_rootkit_default,dual_anchor,78,events/events_2024-12-11T12:07:07.402640_rootkit.json.gz,default,rootkit,243.80512399784118,243.80512399784118,1,0,0.0
0,persistent_rootkit_default,dual_anchor,79,events/events_2024-12-11T11:57:15.271990_rootkit.json.gz,default,rootkit,362.733131032563,362.733131032563,1,0,0.0
0,persistent_rootkit_default,dual_anchor,80,events/events_2024-12-11T11:53:37.615624_rootkit.json.gz,default,rootkit,331.457402987414,331.457402987414,1,0,0.0
0,persistent_rootkit_default,dual_anchor,81,events/events_2024-12-11T12:03:30.896324_rootkit.json.gz,default,rootkit,220.5126437302599,220.5126437302599,1,0,0.0
0,persistent_rootkit_default,dual_anchor,82,events/events_2024-12-11T12:11:24.627966_rootkit.json.gz,default,rootkit,375.80401874393203,375.80401874393203,1,0,0.0
0,persistent_rootkit_default,dual_anchor,83,events/events_2024-12-11T11:49:41.006917_rootkit.json.gz,default,rootkit,330.2599276385442,330.2599276385442,1,0,0.0
0,persistent_rootkit_default,dual_anchor,84,events/events_2024-12-11T11:56:15.871601_rootkit.json.gz,default,rootkit,391.33517940629895,391.33517940629895,1,0,0.0
0,persistent_rootkit_default,dual_anchor,85,events/events_2024-12-11T12:11:04.871810_rootkit.json.gz,default,rootkit,324.27539914061765,324.27539914061765,1,0,0.0
0,persistent_rootkit_default,dual_anchor,86,events/events_2024-12-11T11:51:00.032191_rootkit.json.gz,default,rootkit,362.45605048940797,362.45605048940797,1,0,0.0
0,persistent_rootkit_default,dual_anchor,87,events/events_2024-12-11T12:14:40.999307_rootkit.json.gz,default,rootkit,313.4047133371643,313.4047133371643,1,0,0.0
0,persistent_rootkit_default,dual_anchor,88,events/events_2024-12-11T11:59:53.479326_rootkit.json.gz,default,rootkit,400.2126198341502,400.2126198341502,1,0,0.0
0,persistent_rootkit_default,dual_anchor,89,events/events_2024-12-11T11:50:20.491738_rootkit.json.gz,default,rootkit,270.61359153495823,270.61359153495823,1,0,0.0
0,persistent_rootkit_default,dual_anchor,90,events/events_2024-12-11T11:54:36.781842_rootkit.json.gz,default,rootkit,308.7428130368554,308.7428130368554,1,0,0.0
0,persistent_rootkit_default,dual_anchor,91,events/events_2024-12-11T12:11:44.494253_rootkit.json.gz,default,rootkit,324.76337184279697,324.76337184279697,1,0,0.0
0,persistent_rootkit_default,dual_anchor,92,events/events_2024-12-11T11:44:44.195513_rootkit.json.gz,default,rootkit,384.34554250167196,384.34554250167196,1,0,0.0
0,persistent_rootkit_default,dual_anchor,93,events/events_2024-12-11T12:01:12.978863_rootkit.json.gz,default,rootkit,311.85953959312195,311.85953959312195,1,0,0.0
0,persistent_rootkit_default,dual_anchor,94,events/events_2024-12-11T12:16:39.254885_rootkit.json.gz,default,rootkit,275.53125178454513,275.53125178454513,1,0,0.0
0,persistent_rootkit_default,dual_anchor,95,events/events_2024-12-11T11:52:38.562801_rootkit.json.gz,default,rootkit,484.8991932330308,484.8991932330308,1,0,0.0
0,persistent_rootkit_default,dual_anchor,96,events/events_2024-12-11T12:02:51.806110_rootkit.json.gz,default,rootkit,456.12499151716264,456.12499151716264,1,0,0.0
0,persistent_rootkit_default,dual_anchor,97,events/events_2024-12-11T12:05:48.539262_rootkit.json.gz,default,rootkit,335.96834215939657,335.96834215939657,1,0,0.0
0,persistent_rootkit_default,dual_anchor,98,events/events_2024-12-11T12:04:30.034977_rootkit.json.gz,default,rootkit,324.4638015826804,324.4638015826804,1,0,0.0
0,persistent_rootkit_default,dual_anchor,99,events/events_2024-12-11T12:17:18.714896_rootkit.json.gz,default,rootkit,419.1594249800396,419.1594249800396,1,0,0.0
0,persistent_rootkit_default,dual_anchor,100,events/events_2024-12-11T11:51:19.846116_rootkit.json.gz,default,rootkit,353.3743727015889,353.3743727015889,1,0,0.0
0,persistent_rootkit_system_load,fixed,1,events/events_2024-12-11T14:30:30.275058_rootkit.json.gz,system_load,rootkit,1003.2044109732051,1003.2044109732051,1,0,0.0
0,persistent_rootkit_system_load,fixed,2,events/events_2024-12-11T14:50:00.695601_rootkit.json.gz,system_load,rootkit,2155.9888400168943,2155.9888400168943,1,0,0.0
0,persistent_rootkit_system_load,fixed,3,events/events_2024-12-11T14:42:21.407945_rootkit.json.gz,system_load,rootkit,1036.2816761610106,1036.2816761610106,1,0,0.0
0,persistent_rootkit_system_load,fixed,4,events/events_2024-12-11T14:39:12.748234_rootkit.json.gz,system_load,rootkit,2025.2307767823052,2025.2307767823052,1,0,0.0
0,persistent_rootkit_system_load,fixed,5,events/events_2024-12-11T14:36:47.151123_rootkit.json.gz,system_load,rootkit,1131.989991783474,1131.989991783474,1,0,0.0
0,persistent_rootkit_system_load,fixed,6,events/events_2024-12-11T15:01:50.319155_rootkit.json.gz,system_load,rootkit,1035.8488412260137,1035.8488412260137,1,0,0.0
0,persistent_rootkit_system_load,fixed,7,events/events_2024-12-11T14:36:26.267365_rootkit.json.gz,system_load,rootkit,1157.290947368779,1157.290947368779,1,0,0.0
0,persistent_rootkit_system_load,fixed,8,events/events_2024-12-11T14:45:50.690673_rootkit.json.gz,system_load,rootkit,1007.7135032095647,1007.7135032095647,1,0,0.0
0,persistent_rootkit_system_load,fixed,9,events/events_2024-12-11T14:41:39.179666_rootkit.json.gz,system_load,rootkit,1021.6523710408728,1021.6523710408728,1,0,0.0
0,persistent_rootkit_system_load,fixed,10,events/events_2024-12-11T14:32:36.530680_rootkit.json.gz,system_load,rootkit,979.8416922573615,979.8416922573615,1,0,0.0
0,persistent_rootkit_system_load,fixed,11,events/events_2024-12-11T14:57:40.158967_rootkit.json.gz,system_load,rootkit,1175.085938341094,1175.085938341094,1,0,0.0
0,persistent_rootkit_system_load,fixed,12,events/events_2024-12-11T14:50:42.336081_rootkit.json.gz,system_load,rootkit,2308.3847995128567,2308.3847995128567,1,0,0.0
0,persistent_rootkit_system_load,fixed,13,events/events_2024-12-11T14:53:30.190835_rootkit.json.gz,system_load,rootkit,1025.2497653598205,1025.2497653598205,1,0,0.0
0,persistent_rootkit_system_load,fixed,14,events/events_2024-12-11T14:59:45.734847_rootkit.json.gz,system_load,rootkit,1370.5218167694704,1370.5218167694704,1,0,0.0
0,persistent_rootkit_system_load,fixed,15,events/events_2024-12-11T15:00:47.511922_rootkit.json.gz,system_load,rootkit,1003.2015555355216,1003.2015555355216,1,0,0.0
0,persistent_rootkit_system_load,fixed,16,events/events_2024-12-11T14:38:51.882813_rootkit.json.gz,system_load,rootkit,2319.6045617202562,2319.6045617202562,1,0,0.0
0,persistent_rootkit_system_load,fixed,17,events/events_2024-12-11T14:47:13.657733_rootkit.json.gz,system_load,rootkit,987.9864807470306,987.9864807470306,1,0,0.0
0,persistent_rootkit_system_load,fixed,18,events/events_2024-12-11T14:59:04.056579_rootkit.json.gz,system_load,rootkit,1521.2916780129246,1521.2916780129246,1,0,0.0
0,persistent_rootkit_system_load,fixed,19,events/events_2024-12-11T14:40:15.579301_rootkit.json.gz,system_load,rootkit,1321.9450490474148,1321.9450490474148,1,0,0.0
0,persistent_rootkit_system_load,fixed,20,events/events_2024-12-11T14:38:31.073241_rootkit.json.gz,system_load,rootkit,1068.4444067827212,1068.4444067827212,1,0,0.0
0,persistent_rootkit_system_load,fixed,21,events/events_2024-12-11T14:48:58.854455_rootkit.json.gz,system_load,rootkit,1524.5808051019167,1524.5808051019167,1,0,0.0
0,persistent_rootkit_system_load,fixed,22,events/events_2024-12-11T15:00:26.635172_rootkit.json.gz,system_load,rootkit,1927.0284847432004,1927.0284847432004,1,0,0.0
0,persistent_rootkit_system_load,fixed,23,events/events_2024-12-11T14:58:43.023921_rootkit.json.gz,system_load,rootkit,1101.6280591063119,1101.6280591063119,1,0,0.0
0,persistent_rootkit_system_load,fixed,24,events/events_2024-12-11T14:52:27.538974_rootkit.json.gz,system_load,rootkit,1416.9688175305357,1416.9688175305357,1,0,0.0
0,persistent_rootkit_system_load,fixed,25,events/events_2024-12-11T14:56:16.938199_rootkit.json.gz,system_load,rootkit,1027.6658835345534,1027.6658835345534,1,0,0.0
0,persistent_rootkit_system_load,fixed,26,events/events_2024-12-11T14:49:40.355278_rootkit.json.gz,system_load,rootkit,1112.9802065576046,1112.9802065576046,1,0,0.0
0,persistent_rootkit_system_load,fixed,27,events/events_2024-12-11T15:02:11.179043_rootkit.json.gz,system_load,rootkit,1002.85727633643,1002.85727633643,1,0,0.0
0,persistent_rootkit_system_load,fixed,28,events/events_2024-12-11T14:56:37.803456_rootkit.json.gz,system_load,rootkit,1167.3517371464482,1167.3517371464482,1,0,0.0
0,persistent_rootkit_system_load,fixed,29,events/events_2024-12-11T14:29:27.576864_rootkit.json.gz,system_load,rootkit,1186.0196214636085,1186.0196214636085,1,0,0.0
0,persistent_rootkit_system_load,fixed,30,events/events_2024-12-11T15:01:29.696445_rootkit.json.gz,system_load,rootkit,1160.144301989299,1160.144301989299,1,0,0.0
0,persistent_rootkit_system_load,fixed,31,events/events_2024-12-11T14:43:03.451022_rootkit.json.gz,system_load,rootkit,995.6303404259246,995.6303404259246,1,0,0.0
0,persistent_rootkit_system_load,fixed,32,events/events_2024-12-11T14:32:15.159219_rootkit.json.gz,system_load,rootkit,1032.3360357746624,1032.3360357746624,1,0,0.0
0,persistent_rootkit_system_load,fixed,33,events/events_2024-12-11T14:30:09.546936_rootkit.json.gz,system_load,rootkit,1978.6749883274838,1978.6749883274838,1,0,0.0
0,persistent_rootkit_system_load,fixed,34,events/events_2024-12-11T14:42:42.422864_rootkit.json.gz,system_load,rootkit,1270.7645798889848,1270.7645798889848,1,0,0.0
0,persistent_rootkit_system_load,fixed,35,events/events_2024-12-11T14:48:37.950808_rootkit.json.gz,system_load,rootkit,1101.8622564289376,1101.8622564289376,1,0,0.0
0,persistent_rootkit_system_load,fixed,36,events/events_2024-12-11T14:55:14.386501_rootkit.json.gz,system_load,rootkit,1566.2223067235498,1566.2223067235498,1,0,0.0
0,persistent_rootkit_system_load,fixed,37,events/events_2024-12-11T14:32:56.794874_rootkit.json.gz,system_load,rootkit,1075.3420783373467,1075.3420783373467,1,0,0.0
0,persistent_rootkit_system_load,fixed,38,events/events_2024-12-11T14:47:34.543032_rootkit.json.gz,system_load,rootkit,1083.0854683687535,1083.0854683687535,1,0,0.0
0,persistent_rootkit_system_load,fixed,39,events/events_2024-12-11T15:02:53.199482_rootkit.json.gz,system_load,rootkit,1496.0530918319691,1496.0530918319691,1,0,0.0
0,persistent_rootkit_system_load,fixed,40,events/events_2024-12-11T14:40:57.307753_rootkit.json.gz,system_load,rootkit,1019.2373824811908,1019.2373824811908,1,0,0.0
0,persistent_rootkit_system_load,fixed,41,events/events_2024-12-11T14:45:08.622762_rootkit.json.gz,system_load,rootkit,1025.1473519975982,1025.1473519975982,1,0,0.0
0,persistent_rootkit_system_load,fixed,42,events/events_2024-12-11T14:34:20.316132_rootkit.json.gz,system_load,rootkit,2338.0264690512163,2338.0264690512163,1,0,0.0
0,persistent_rootkit_system_load,fixed,43,events/events_2024-12-11T14:37:28.147068_rootkit.json.gz,system_load,rootkit,1138.8997364703023,1138.8997364703023,1,0,0.0
0,persistent_rootkit_system_load,fixed,44,events/events_2024-12-11T15:02:32.083240_rootkit.json.gz,system_load,rootkit,1122.0843197734573,1122.0843197734573,1,0,0.0
0,persistent_rootkit_system_load,fixed,45,events/events_2024-12-11T14:31:54.205930_rootkit.json.gz,system_load,rootkit,1034.637357298961,1034.637357298961,1,0,0.0
0,persistent_rootkit_system_load,fixed,46,events/events_2024-12-11T14:35:44.450525_rootkit.json.gz,system_load,rootkit,1015.813714449563,1015.813714449563,1,0,0.0
0,persistent_rootkit_system_load,fixed,47,events/events_2024-12-11T14:51:45.654597_rootkit.json.gz,system_load,rootkit,1334.4246679792998,1334.4246679792998,1,0,0.0
0,persistent_rootkit_system_load,fixed,48,events/events_2024-12-11T14:54:11.886636_rootkit.json.gz,system_load,rootkit,1570.7039531225394,1570.7039531225394,1,0,0.0
0,persistent_rootkit_system_load,fixed,49,events/events_2024-12-11T14:35:02.659126_rootkit.json.gz,system_load,rootkit,1652.2324350550955,1652.2324350550955,1,0,0.0
0,persistent_rootkit_system_load,fixed,50,events/events_2024-12-11T14:56:58.930925_rootkit.json.gz,system_load,rootkit,1034.666015598346,1034.666015598346,1,0,0.0
0,persistent_rootkit_system_load,fixed,51,events/events_2024-12-11T14:55:35.435739_rootkit.json.gz,system_load,rootkit,1155.5697127019432,1155.5697127019432,1,0,0.0
0,persistent_rootkit_system_load,fixed,52,events/events_2024-12-11T14:59:25.018959_rootkit.json.gz,system_load,rootkit,1161.5491663825646,1161.5491663825646,1,0,0.0
0,persistent_rootkit_system_load,fixed,53,events/events_2024-12-11T14:35:23.466266_rootkit.json.gz,system_load,rootkit,1036.6924610900558,1036.6924610900558,1,0,0.0
0,persistent_rootkit_system_load,fixed,54,events/events_2024-12-11T14:55:56.074311_rootkit.json.gz,system_load,rootkit,964.6299587445519,964.6299587445519,1,0,0.0
0,persistent_rootkit_system_load,fixed,55,events/events_2024-12-11T14:45:29.662596_rootkit.json.gz,system_load,rootkit,1474.666066138272,1474.666066138272,1,0,0.0
0,persistent_rootkit_system_load,fixed,56,events/events_2024-12-11T15:03:14.427701_rootkit.json.gz,system_load,rootkit,1125.2592172422947,1125.2592172422947,1,0,0.0
0,persistent_rootkit_system_load,fixed,57,events/events_2024-12-11T14:46:53.247549_rootkit.json.gz,system_load,rootkit,1109.0443976999225,1109.0443976999225,1,0,0.0
0,persistent_rootkit_system_load,fixed,58,events/events_2024-12-11T14:29:48.747104_rootkit.json.gz,system_load,rootkit,1065.4337214901818,1065.4337214901818,1,0,0.0
0,persistent_rootkit_system_load,fixed,59,events/events_2024-12-11T14:38:10.203563_rootkit.json.gz,system_load,rootkit,1657.3185269229978,1657.3185269229978,1,0,0.0
0,persistent_rootkit_system_load,fixed,60,events/events_2024-12-11T14:44:26.486886_rootkit.json.gz,system_load,rootkit,1136.3774384423937,1136.3774384423937,1,0,0.0
0,persistent_rootkit_system_load,fixed,61,events/events_2024-12-11T14:40:36.228303_rootkit.json.gz,system_load,rootkit,1012.3821852537469,1012.3821852537469,1,0,0.0
0,persistent_rootkit_system_load,fixed,62,events/events_2024-12-11T14:46:32.161986_rootkit.json.gz,system_load,rootkit,1024.042001087231,1024.042001087231,1,0,0.0
0,persistent_rootkit_system_load,fixed,63,events/events_2024-12-11T14:42:00.080695_rootkit.json.gz,system_load,rootkit,956.712760198738,956.712760198738,1,0,0.0
0,persistent_rootkit_system_load,fixed,64,events/events_2024-12-11T14:31:33.423753_rootkit.json.gz,system_load,rootkit,1224.210704332181,1224.210704332181,1,0,0.0
0,persistent_rootkit_system_load,fixed,65,events/events_2024-12-11T14:41:18.407932_rootkit.json.gz,system_load,rootkit,1033.676634884932,1033.676634884932,1,0,0.0
0,persistent_rootkit_system_load,fixed,66,events/events_2024-12-11T14:43:45.202800_rootkit.json.gz,system_load,rootkit,1041.952891223498,1041.952891223498,1,0,0.0
0,persistent_rootkit_system_load,fixed,67,events/events_2024-12-11T14:37:49.123202_rootkit.json.gz,system_load,rootkit,1045.863620027649,1045.863620027649,1,0,0.0
0,persistent_rootkit_system_load,fixed,68,events/events_2024-12-11T14:37:07.874291_rootkit.json.gz,system_load,rootkit,2154.228510730374,2154.228510730374,1,0,0.0
0,persistent_rootkit_system_load,fixed,69,events/events_2024-12-11T14:43:24.240638_rootkit.json.gz,system_load,rootkit,1064.4593302790224,1064.4593302790224,1,0,0.0
0,persistent_rootkit_system_load,fixed,70,events/events_2024-12-11T15:01:08.574688_rootkit.json.gz,system_load,rootkit,1072.813168501552,1072.813168501552,1,0,0.0
0,persistent_rootkit_system_load,fixed,71,events/events_2024-12-11T14:53:09.450212_rootkit.json.gz,system_load,rootkit,977.6574960675453,977.6574960675453,1,0,0.0
0,persistent_rootkit_system_load,fixed,72,events/events_2024-12-11T14:33:17.732004_rootkit.json.gz,system_load,rootkit,1057.4878149286676,1057.4878149286676,1,0,0.0
0,persistent_rootkit_system_load,fixed,73,events/events_2024-12-11T14:39:54.878866_rootkit.json.gz,system_load,rootkit,1196.453621988695,1196.453621988695,1,0,0.0
0,persistent_rootkit_system_load,fixed,74,events/events_2024-12-11T15:03:35.311041_rootkit.json.gz,system_load,rootkit,1101.7650810834293,1101.7650810834293,1,0,0.0
0,persistent_rootkit_system_load,fixed,75,events/events_2024-12-11T14:54:53.459663_rootkit.json.gz,system_load,rootkit,1032.1650956788185,1032.1650956788185,1,0,0.0
0,persistent_rootkit_system_load,fixed,76,events/events_2024-12-11T14:58:22.191895_rootkit.json.gz,system_load,rootkit,977.9001198471371,977.9001198471371,1,0,0.0
0,persistent_rootkit_system_load,fixed,77,events/events_2024-12-11T15:00:05.900535_rootkit.json.gz,system_load,rootkit,1289.3706524370234,1289.3706524370234,1,0,0.0
0,persistent_rootkit_system_load,fixed,78,events/events_2024-12-11T14:51:03.366859_rootkit.json.gz,system_load,rootkit,960.1432317981369,960.1432317981369,1,0,0.0
0,persistent_rootkit_system_load,fixed,79,events/events_2024-12-11T14:50:21.426511_rootkit.json.gz,system_load,rootkit,1534.3803477031238,1534.3803477031238,1,0,0.0
0,persistent_rootkit_system_load,fixed,80,events/events_2024-12-11T14:36:05.183559_rootkit.json.gz,system_load,rootkit,1034.630826157681,1034.630826157681,1,0,0.0
0,persistent_rootkit_system_load,fixed,81,events/events_2024-12-11T14:57:19.931157_rootkit.json.gz,system_load,rootkit,1369.2318246878033,1369.2318246878033,1,0,0.0
0,persistent_rootkit_system_load,fixed,82,events/events_2024-12-11T14:44:06.007535_rootkit.json.gz,system_load,rootkit,1034.7518879042093,1034.7518879042093,1,0,0.0
0,persistent_rootkit_system_load,fixed,83,events/events_2024-12-11T14:52:48.359641_rootkit.json.gz,system_load,rootkit,1015.0806298400389,1015.0806298400389,1,0,0.0
0,persistent_rootkit_system_load,fixed,84,events/events_2024-12-11T15:03:56.299556_rootkit.json.gz,system_load,rootkit,1151.8538309532769,1151.8538309532769,1,0,0.0
0,persistent_rootkit_system_load,fixed,85,events/events_2024-12-11T14:31:12.367439_rootkit.json.gz,system_load,rootkit,2125.542328706009,2125.542328706009,1,0,0.0
0,persistent_rootkit_system_load,fixed,86,events/events_2024-12-11T14:39:33.919506_rootkit.json.gz,system_load,rootkit,1018.318956540124,1018.318956540124,1,0,0.0
0,persistent_rootkit_system_load,fixed,87,events/events_2024-12-11T14:48:16.594677_rootkit.json.gz,system_load,rootkit,2126.898349767801,2126.898349767801,1,0,0.0
0,persistent_rootkit_system_load,fixed,88,events/events_2024-12-11T14:47:55.550389_rootkit.json.gz,system_load,rootkit,2148.420736288301,2148.420736288301,1,0,0.0
0,persistent_rootkit_system_load,fixed,89,events/events_2024-12-11T14:33:59.411701_rootkit.json.gz,system_load,rootkit,951.285257384908,951.285257384908,1,0,0.0
0,persistent_rootkit_system_load,fixed,90,events/events_2024-12-11T14:52:06.603219_rootkit.json.gz,system_load,rootkit,1690.690532965375,1690.690532965375,1,0,0.0
0,persistent_rootkit_system_load,fixed,91,events/events_2024-12-11T14:51:24.346761_rootkit.json.gz,system_load,rootkit,1132.8748873011539,1132.8748873011539,1,0,0.0
0,persistent_rootkit_system_load,fixed,92,events/events_2024-12-11T14:44:47.678635_rootkit.json.gz,system_load,rootkit,1017.0517453285129,1017.0517453285129,1,0,0.0
0,persistent_rootkit_system_load,fixed,93,events/events_2024-12-11T14:49:19.562478_rootkit.json.gz,system_load,rootkit,1033.4645656330542,1033.4645656330542,1,0,0.0
0,persistent_rootkit_system_load,fixed,94,events/events_2024-12-11T14:58:01.267392_rootkit.json.gz,system_load,rootkit,1045.3072129521956,1045.3072129521956,1,0,0.0
0,persistent_rootkit_system_load,fixed,95,events/events_2024-12-11T14:54:32.323613_rootkit.json.gz,system_load,rootkit,2367.887684239377,2367.887684239377,1,0,0.0
0,persistent_rootkit_system_load,fixed,96,events/events_2024-12-11T14:34:41.647874_rootkit.json.gz,system_load,rootkit,1020.5613184982357,1020.5613184982357,1,0,0.0
0,persistent_rootkit_system_load,fixed,97,events/events_2024-12-11T14:30:51.469685_rootkit.json.gz,system_load,rootkit,1299.668670741371,1299.668670741371,1,0,0.0
0,persistent_rootkit_system_load,fixed,98,events/events_2024-12-11T14:33:38.534631_rootkit.json.gz,system_load,rootkit,1352.976670698923,1352.976670698923,1,0,0.0
0,persistent_rootkit_system_load,fixed,99,events/events_2024-12-11T14:46:11.215346_rootkit.json.gz,system_load,rootkit,1077.1759205468138,1077.1759205468138,1,0,0.0
0,persistent_rootkit_system_load,fixed,100,events/events_2024-12-11T14:53:50.927948_rootkit.json.gz,system_load,rootkit,955.3318675170856,955.3318675170856,1,0,0.0
0,persistent_rootkit_system_load,blind_50,1,events/events_2024-12-11T14:30:30.275058_rootkit.json.gz,system_load,rootkit,1003.2044109732051,1003.2044109732051,1,1,0.02
0,persistent_rootkit_system_load,blind_50,2,events/events_2024-12-11T14:50:00.695601_rootkit.json.gz,system_load,rootkit,149.56733924846515,149.56733924846515,1,1,0.04
0,persistent_rootkit_system_load,blind_50,3,events/events_2024-12-11T14:42:21.407945_rootkit.json.gz,system_load,rootkit,32.81411393358142,32.81411393358142,1,1,0.06
0,persistent_rootkit_system_load,blind_50,4,events/events_2024-12-11T14:39:12.748234_rootkit.json.gz,system_load,rootkit,36.65728639468823,36.65728639468823,1,1,0.08
0,persistent_rootkit_system_load,blind_50,5,events/events_2024-12-11T14:36:47.151123_rootkit.json.gz,system_load,rootkit,20.80445709850727,20.80445709850727,0,1,0.1
0,persistent_rootkit_system_load,blind_50,6,events/events_2024-12-11T15:01:50.319155_rootkit.json.gz,system_load,rootkit,113.84609042838147,113.84609042838147,1,1,0.12
0,persistent_rootkit_system_load,blind_50,7,events/events_2024-12-11T14:36:26.267365_rootkit.json.gz,system_load,rootkit,19.131363827077436,19.131363827077436,0,1,0.14
0,persistent_rootkit_system_load,blind_50,8,events/events_2024-12-11T14:45:50.690673_rootkit.json.gz,system_load,rootkit,22.16166510427391,22.16166510427391,0,1,0.16
0,persistent_rootkit_system_load,blind_50,9,events/events_2024-12-11T14:41:39.179666_rootkit.json.gz,system_load,rootkit,13.092031265416312,13.092031265416312,0,1,0.18
0,persistent_rootkit_system_load,blind_50,10,events/events_2024-12-11T14:32:36.530680_rootkit.json.gz,system_load,rootkit,16.4739238798763,16.4739238798763,0,1,0.2
0,persistent_rootkit_system_load,blind_50,11,events/events_2024-12-11T14:57:40.158967_rootkit.json.gz,system_load,rootkit,54.11327179854231,54.11327179854231,1,1,0.22
0,persistent_rootkit_system_load,blind_50,12,events/events_2024-12-11T14:50:42.336081_rootkit.json.gz,system_load,rootkit,24.439540727554743,24.439540727554743,0,1,0.24
0,persistent_rootkit_system_load,blind_50,13,events/events_2024-12-11T14:53:30.190835_rootkit.json.gz,system_load,rootkit,9.570756363327853,9.570756363327853,0,1,0.26
0,persistent_rootkit_system_load,blind_50,14,events/events_2024-12-11T14:59:45.734847_rootkit.json.gz,system_load,rootkit,13.648350839838914,13.648350839838914,0,1,0.28
0,persistent_rootkit_system_load,blind_50,15,events/events_2024-12-11T15:00:47.511922_rootkit.json.gz,system_load,rootkit,7.000192560132605,7.000192560132605,0,1,0.3
0,persistent_rootkit_system_load,blind_50,16,events/events_2024-12-11T14:38:51.882813_rootkit.json.gz,system_load,rootkit,15.762913948983819,15.762913948983819,0,1,0.32
0,persistent_rootkit_system_load,blind_50,17,events/events_2024-12-11T14:47:13.657733_rootkit.json.gz,system_load,rootkit,8.387647896172579,8.387647896172579,0,1,0.34
0,persistent_rootkit_system_load,blind_50,18,events/events_2024-12-11T14:59:04.056579_rootkit.json.gz,system_load,rootkit,7.226874437231501,7.226874437231501,0,1,0.36
0,persistent_rootkit_system_load,blind_50,19,events/events_2024-12-11T14:40:15.579301_rootkit.json.gz,system_load,rootkit,6.973980054147527,6.973980054147527,0,1,0.38
0,persistent_rootkit_system_load,blind_50,20,events/events_2024-12-11T14:38:31.073241_rootkit.json.gz,system_load,rootkit,20.699769930712144,20.699769930712144,0,1,0.4
0,persistent_rootkit_system_load,blind_50,21,events/events_2024-12-11T14:48:58.854455_rootkit.json.gz,system_load,rootkit,11.89989910412452,11.89989910412452,0,1,0.42
0,persistent_rootkit_system_load,blind_50,22,events/events_2024-12-11T15:00:26.635172_rootkit.json.gz,system_load,rootkit,10.954073940611723,10.954073940611723,0,1,0.44
0,persistent_rootkit_system_load,blind_50,23,events/events_2024-12-11T14:58:43.023921_rootkit.json.gz,system_load,rootkit,7.49148308521918,7.49148308521918,0,1,0.46
0,persistent_rootkit_system_load,blind_50,24,events/events_2024-12-11T14:52:27.538974_rootkit.json.gz,system_load,rootkit,7.79409588741796,7.79409588741796,0,1,0.48
0,persistent_rootkit_system_load,blind_50,25,events/events_2024-12-11T14:56:16.938199_rootkit.json.gz,system_load,rootkit,18.042361670398382,18.042361670398382,0,1,0.5
0,persistent_rootkit_system_load,blind_50,26,events/events_2024-12-11T14:49:40.355278_rootkit.json.gz,system_load,rootkit,4.4980128747966,4.4980128747966,0,1,0.52
0,persistent_rootkit_system_load,blind_50,27,events/events_2024-12-11T15:02:11.179043_rootkit.json.gz,system_load,rootkit,16.195042460175102,16.195042460175102,0,1,0.54
0,persistent_rootkit_system_load,blind_50,28,events/events_2024-12-11T14:56:37.803456_rootkit.json.gz,system_load,rootkit,11.707630942050535,11.707630942050535,0,1,0.56
0,persistent_rootkit_system_load,blind_50,29,events/events_2024-12-11T14:29:27.576864_rootkit.json.gz,system_load,rootkit,4.62253383096479,4.62253383096479,0,1,0.58
0,persistent_rootkit_system_load,blind_50,30,events/events_2024-12-11T15:01:29.696445_rootkit.json.gz,system_load,rootkit,49.82210019801621,49.82210019801621,1,1,0.6
0,persistent_rootkit_system_load,blind_50,31,events/events_2024-12-11T14:43:03.451022_rootkit.json.gz,system_load,rootkit,6.882507772895846,6.882507772895846,0,1,0.62
0,persistent_rootkit_system_load,blind_50,32,events/events_2024-12-11T14:32:15.159219_rootkit.json.gz,system_load,rootkit,11.18147778636772,11.18147778636772,0,1,0.64
0,persistent_rootkit_system_load,blind_50,33,events/events_2024-12-11T14:30:09.546936_rootkit.json.gz,system_load,rootkit,6.343684115256944,6.343684115256944,0,1,0.66
0,persistent_rootkit_system_load,blind_50,34,events/events_2024-12-11T14:42:42.422864_rootkit.json.gz,system_load,rootkit,8.44525686715,8.44525686715,0,1,0.68
0,persistent_rootkit_system_load,blind_50,35,events/events_2024-12-11T14:48:37.950808_rootkit.json.gz,system_load,rootkit,6.583725317264059,6.583725317264059,0,1,0.7
0,persistent_rootkit_system_load,blind_50,36,events/events_2024-12-11T14:55:14.386501_rootkit.json.gz,system_load,rootkit,4.99733681029116,4.99733681029116,0,1,0.72
0,persistent_rootkit_system_load,blind_50,37,events/events_2024-12-11T14:32:56.794874_rootkit.json.gz,system_load,rootkit,15.869259552906609,15.869259552906609,0,1,0.74
0,persistent_rootkit_system_load,blind_50,38,events/events_2024-12-11T14:47:34.543032_rootkit.json.gz,system_load,rootkit,22.288283407092308,22.288283407092308,0,1,0.76
0,persistent_rootkit_system_load,blind_50,39,events/events_2024-12-11T15:02:53.199482_rootkit.json.gz,system_load,rootkit,12.953573429327122,12.953573429327122,0,1,0.78
0,persistent_rootkit_system_load,blind_50,40,events/events_2024-12-11T14:40:57.307753_rootkit.json.gz,system_load,rootkit,12.138656013669362,12.138656013669362,0,1,0.8
0,persistent_rootkit_system_load,blind_50,41,events/events_2024-12-11T14:45:08.622762_rootkit.json.gz,system_load,rootkit,10.21535749374322,10.21535749374322,0,1,0.82
0,persistent_rootkit_system_load,blind_50,42,events/events_2024-12-11T14:34:20.316132_rootkit.json.gz,system_load,rootkit,13.670226518166364,13.670226518166364,0,1,0.84
0,persistent_rootkit_system_load,blind_50,43,events/events_2024-12-11T14:37:28.147068_rootkit.json.gz,system_load,rootkit,10.537197992195974,10.537197992195974,0,1,0.86
0,persistent_rootkit_system_load,blind_50,44,events/events_2024-12-11T15:02:32.083240_rootkit.json.gz,system_load,rootkit,4.976601148679538,4.976601148679538,0,1,0.88
0,persistent_rootkit_system_load,blind_50,45,events/events_2024-12-11T14:31:54.205930_rootkit.json.gz,system_load,rootkit,7.207697373346555,7.207697373346555,0,1,0.9
0,persistent_rootkit_system_load,blind_50,46,events/events_2024-12-11T14:35:44.450525_rootkit.json.gz,system_load,rootkit,7.639931036139761,7.639931036139761,0,1,0.92
0,persistent_rootkit_system_load,blind_50,47,events/events_2024-12-11T14:51:45.654597_rootkit.json.gz,system_load,rootkit,14.845068368721568,14.845068368721568,0,1,0.94
0,persistent_rootkit_system_load,blind_50,48,events/events_2024-12-11T14:54:11.886636_rootkit.json.gz,system_load,rootkit,7.651522677398903,7.651522677398903,0,1,0.96
0,persistent_rootkit_system_load,blind_50,49,events/events_2024-12-11T14:35:02.659126_rootkit.json.gz,system_load,rootkit,10.79078182078571,10.79078182078571,0,1,0.98
0,persistent_rootkit_system_load,blind_50,50,events/events_2024-12-11T14:56:58.930925_rootkit.json.gz,system_load,rootkit,18.569900361982135,18.569900361982135,0,1,1.0
0,persistent_rootkit_system_load,blind_50,51,events/events_2024-12-11T14:55:35.435739_rootkit.json.gz,system_load,rootkit,18.26130872126101,18.26130872126101,0,1,1.0
0,persistent_rootkit_system_load,blind_50,52,events/events_2024-12-11T14:59:25.018959_rootkit.json.gz,system_load,rootkit,17.46064909051086,17.46064909051086,0,1,1.0
0,persistent_rootkit_system_load,blind_50,53,events/events_2024-12-11T14:35:23.466266_rootkit.json.gz,system_load,rootkit,8.042482261505675,8.042482261505675,0,1,1.0
0,persistent_rootkit_system_load,blind_50,54,events/events_2024-12-11T14:55:56.074311_rootkit.json.gz,system_load,rootkit,15.855914100470876,15.855914100470876,0,1,1.0
0,persistent_rootkit_system_load,blind_50,55,events/events_2024-12-11T14:45:29.662596_rootkit.json.gz,system_load,rootkit,7.084976999086329,7.084976999086329,0,1,1.0
0,persistent_rootkit_system_load,blind_50,56,events/events_2024-12-11T15:03:14.427701_rootkit.json.gz,system_load,rootkit,20.09187403876991,20.09187403876991,0,1,1.0
0,persistent_rootkit_system_load,blind_50,57,events/events_2024-12-11T14:46:53.247549_rootkit.json.gz,system_load,rootkit,9.786996533313488,9.786996533313488,0,1,1.0
0,persistent_rootkit_system_load,blind_50,58,events/events_2024-12-11T14:29:48.747104_rootkit.json.gz,system_load,rootkit,33.468548615647556,33.468548615647556,1,1,1.0
0,persistent_rootkit_system_load,blind_50,59,events/events_2024-12-11T14:38:10.203563_rootkit.json.gz,system_load,rootkit,24.079995729899945,24.079995729899945,0,1,1.0
0,persistent_rootkit_system_load,blind_50,60,events/events_2024-12-11T14:44:26.486886_rootkit.json.gz,system_load,rootkit,9.848590225373972,9.848590225373972,0,1,1.0
0,persistent_rootkit_system_load,blind_50,61,events/events_2024-12-11T14:40:36.228303_rootkit.json.gz,system_load,rootkit,9.836502523228521,9.836502523228521,0,1,1.0
0,persistent_rootkit_system_load,blind_50,62,events/events_2024-12-11T14:46:32.161986_rootkit.json.gz,system_load,rootkit,19.535845287437738,19.535845287437738,0,1,1.0
0,persistent_rootkit_system_load,blind_50,63,events/events_2024-12-11T14:42:00.080695_rootkit.json.gz,system_load,rootkit,15.226570872680904,15.226570872680904,0,1,1.0
0,persistent_rootkit_system_load,blind_50,64,events/events_2024-12-11T14:31:33.423753_rootkit.json.gz,system_load,rootkit,11.22745079069835,11.22745079069835,0,1,1.0
0,persistent_rootkit_system_load,blind_50,65,events/events_2024-12-11T14:41:18.407932_rootkit.json.gz,system_load,rootkit,12.418514300805098,12.418514300805098,0,1,1.0
0,persistent_rootkit_system_load,blind_50,66,events/events_2024-12-11T14:43:45.202800_rootkit.json.gz,system_load,rootkit,19.181907522337312,19.181907522337312,0,1,1.0
0,persistent_rootkit_system_load,blind_50,67,events/events_2024-12-11T14:37:49.123202_rootkit.json.gz,system_load,rootkit,6.879006584171014,6.879006584171014,0,1,1.0
0,persistent_rootkit_system_load,blind_50,68,events/events_2024-12-11T14:37:07.874291_rootkit.json.gz,system_load,rootkit,15.40463732434692,15.40463732434692,0,1,1.0
0,persistent_rootkit_system_load,blind_50,69,events/events_2024-12-11T14:43:24.240638_rootkit.json.gz,system_load,rootkit,10.34262808599612,10.34262808599612,0,1,1.0
0,persistent_rootkit_system_load,blind_50,70,events/events_2024-12-11T15:01:08.574688_rootkit.json.gz,system_load,rootkit,11.066689319712534,11.066689319712534,0,1,1.0
0,persistent_rootkit_system_load,blind_50,71,events/events_2024-12-11T14:53:09.450212_rootkit.json.gz,system_load,rootkit,19.415537825421488,19.415537825421488,0,1,1.0
0,persistent_rootkit_system_load,blind_50,72,events/events_2024-12-11T14:33:17.732004_rootkit.json.gz,system_load,rootkit,521.1933161359125,521.1933161359125,1,1,1.0
0,persistent_rootkit_system_load,blind_50,73,events/events_2024-12-11T14:39:54.878866_rootkit.json.gz,system_load,rootkit,10.24324089120223,10.24324089120223,0,1,1.0
0,persistent_rootkit_system_load,blind_50,74,events/events_2024-12-11T15:03:35.311041_rootkit.json.gz,system_load,rootkit,14.852322062825303,14.852322062825303,0,1,1.0
0,persistent_rootkit_system_load,blind_50,75,events/events_2024-12-11T14:54:53.459663_rootkit.json.gz,system_load,rootkit,7.037012850196415,7.037012850196415,0,1,1.0
0,persistent_rootkit_system_load,blind_50,76,events/events_2024-12-11T14:58:22.191895_rootkit.json.gz,system_load,rootkit,12.598347729794233,12.598347729794233,0,1,1.0
0,persistent_rootkit_system_load,blind_50,77,events/events_2024-12-11T15:00:05.900535_rootkit.json.gz,system_load,rootkit,22.08778346303404,22.08778346303404,0,1,1.0
0,persistent_rootkit_system_load,blind_50,78,events/events_2024-12-11T14:51:03.366859_rootkit.json.gz,system_load,rootkit,31.172629151785546,31.172629151785546,0,1,1.0
0,persistent_rootkit_system_load,blind_50,79,events/events_2024-12-11T14:50:21.426511_rootkit.json.gz,system_load,rootkit,15.075529938042392,15.075529938042392,0,1,1.0
0,persistent_rootkit_system_load,blind_50,80,events/events_2024-12-11T14:36:05.183559_rootkit.json.gz,system_load,rootkit,26.20943690193783,26.20943690193783,0,1,1.0
0,persistent_rootkit_system_load,blind_50,81,events/events_2024-12-11T14:57:19.931157_rootkit.json.gz,system_load,rootkit,31.28137949313102,31.28137949313102,0,1,1.0
0,persistent_rootkit_system_load,blind_50,82,events/events_2024-12-11T14:44:06.007535_rootkit.json.gz,system_load,rootkit,17.713645646162696,17.713645646162696,0,1,1.0
0,persistent_rootkit_system_load,blind_50,83,events/events_2024-12-11T14:52:48.359641_rootkit.json.gz,system_load,rootkit,392.5145176022401,392.5145176022401,1,1,1.0
0,persistent_rootkit_system_load,blind_50,84,events/events_2024-12-11T15:03:56.299556_rootkit.json.gz,system_load,rootkit,16.689441663502222,16.689441663502222,0,1,1.0
0,persistent_rootkit_system_load,blind_50,85,events/events_2024-12-11T14:31:12.367439_rootkit.json.gz,system_load,rootkit,21.134309485345263,21.134309485345263,0,1,1.0
0,persistent_rootkit_system_load,blind_50,86,events/events_2024-12-11T14:39:33.919506_rootkit.json.gz,system_load,rootkit,18.910559769314645,18.910559769314645,0,1,1.0
0,persistent_rootkit_system_load,blind_50,87,events/events_2024-12-11T14:48:16.594677_rootkit.json.gz,system_load,rootkit,24.49227951378838,24.49227951378838,0,1,1.0
0,persistent_rootkit_system_load,blind_50,88,events/events_2024-12-11T14:47:55.550389_rootkit.json.gz,system_load,rootkit,13.397961977923195,13.397961977923195,0,1,1.0
0,persistent_rootkit_system_load,blind_50,89,events/events_2024-12-11T14:33:59.411701_rootkit.json.gz,system_load,rootkit,69.95415738966952,69.95415738966952,1,1,1.0
0,persistent_rootkit_system_load,blind_50,90,events/events_2024-12-11T14:52:06.603219_rootkit.json.gz,system_load,rootkit,31.639063819784823,31.639063819784823,0,1,1.0
0,persistent_rootkit_system_load,blind_50,91,events/events_2024-12-11T14:51:24.346761_rootkit.json.gz,system_load,rootkit,52.04891717070553,52.04891717070553,1,1,1.0
0,persistent_rootkit_system_load,blind_50,92,events/events_2024-12-11T14:44:47.678635_rootkit.json.gz,system_load,rootkit,38.2521290751098,38.2521290751098,1,1,1.0
0,persistent_rootkit_system_load,blind_50,93,events/events_2024-12-11T14:49:19.562478_rootkit.json.gz,system_load,rootkit,10.992968862136486,10.992968862136486,0,1,1.0
0,persistent_rootkit_system_load,blind_50,94,events/events_2024-12-11T14:58:01.267392_rootkit.json.gz,system_load,rootkit,13.956883042313219,13.956883042313219,0,1,1.0
0,persistent_rootkit_system_load,blind_50,95,events/events_2024-12-11T14:54:32.323613_rootkit.json.gz,system_load,rootkit,27.704735906502044,27.704735906502044,0,1,1.0
0,persistent_rootkit_system_load,blind_50,96,events/events_2024-12-11T14:34:41.647874_rootkit.json.gz,system_load,rootkit,23.89272313049724,23.89272313049724,0,1,1.0
0,persistent_rootkit_system_load,blind_50,97,events/events_2024-12-11T14:30:51.469685_rootkit.json.gz,system_load,rootkit,8.13003542222693,8.13003542222693,0,1,1.0
0,persistent_rootkit_system_load,blind_50,98,events/events_2024-12-11T14:33:38.534631_rootkit.json.gz,system_load,rootkit,8.687096029051396,8.687096029051396,0,1,1.0
0,persistent_rootkit_system_load,blind_50,99,events/events_2024-12-11T14:46:11.215346_rootkit.json.gz,system_load,rootkit,5.672271663736941,5.672271663736941,0,1,1.0
0,persistent_rootkit_system_load,blind_50,100,events/events_2024-12-11T14:53:50.927948_rootkit.json.gz,system_load,rootkit,8.874434570053937,8.874434570053937,0,1,1.0
0,persistent_rootkit_system_load,score_gated,1,events/events_2024-12-11T14:30:30.275058_rootkit.json.gz,system_load,rootkit,1003.2044109732051,1003.2044109732051,1,0,0.0
0,persistent_rootkit_system_load,score_gated,2,events/events_2024-12-11T14:50:00.695601_rootkit.json.gz,system_load,rootkit,2155.9888400168943,2155.9888400168943,1,0,0.0
0,persistent_rootkit_system_load,score_gated,3,events/events_2024-12-11T14:42:21.407945_rootkit.json.gz,system_load,rootkit,1036.2816761610106,1036.2816761610106,1,0,0.0
0,persistent_rootkit_system_load,score_gated,4,events/events_2024-12-11T14:39:12.748234_rootkit.json.gz,system_load,rootkit,2025.2307767823052,2025.2307767823052,1,0,0.0
0,persistent_rootkit_system_load,score_gated,5,events/events_2024-12-11T14:36:47.151123_rootkit.json.gz,system_load,rootkit,1131.989991783474,1131.989991783474,1,0,0.0
0,persistent_rootkit_system_load,score_gated,6,events/events_2024-12-11T15:01:50.319155_rootkit.json.gz,system_load,rootkit,1035.8488412260137,1035.8488412260137,1,0,0.0
0,persistent_rootkit_system_load,score_gated,7,events/events_2024-12-11T14:36:26.267365_rootkit.json.gz,system_load,rootkit,1157.290947368779,1157.290947368779,1,0,0.0
0,persistent_rootkit_system_load,score_gated,8,events/events_2024-12-11T14:45:50.690673_rootkit.json.gz,system_load,rootkit,1007.7135032095647,1007.7135032095647,1,0,0.0
0,persistent_rootkit_system_load,score_gated,9,events/events_2024-12-11T14:41:39.179666_rootkit.json.gz,system_load,rootkit,1021.6523710408728,1021.6523710408728,1,0,0.0
0,persistent_rootkit_system_load,score_gated,10,events/events_2024-12-11T14:32:36.530680_rootkit.json.gz,system_load,rootkit,979.8416922573615,979.8416922573615,1,0,0.0
0,persistent_rootkit_system_load,score_gated,11,events/events_2024-12-11T14:57:40.158967_rootkit.json.gz,system_load,rootkit,1175.085938341094,1175.085938341094,1,0,0.0
0,persistent_rootkit_system_load,score_gated,12,events/events_2024-12-11T14:50:42.336081_rootkit.json.gz,system_load,rootkit,2308.3847995128567,2308.3847995128567,1,0,0.0
0,persistent_rootkit_system_load,score_gated,13,events/events_2024-12-11T14:53:30.190835_rootkit.json.gz,system_load,rootkit,1025.2497653598205,1025.2497653598205,1,0,0.0
0,persistent_rootkit_system_load,score_gated,14,events/events_2024-12-11T14:59:45.734847_rootkit.json.gz,system_load,rootkit,1370.5218167694704,1370.5218167694704,1,0,0.0
0,persistent_rootkit_system_load,score_gated,15,events/events_2024-12-11T15:00:47.511922_rootkit.json.gz,system_load,rootkit,1003.2015555355216,1003.2015555355216,1,0,0.0
0,persistent_rootkit_system_load,score_gated,16,events/events_2024-12-11T14:38:51.882813_rootkit.json.gz,system_load,rootkit,2319.6045617202562,2319.6045617202562,1,0,0.0
0,persistent_rootkit_system_load,score_gated,17,events/events_2024-12-11T14:47:13.657733_rootkit.json.gz,system_load,rootkit,987.9864807470306,987.9864807470306,1,0,0.0
0,persistent_rootkit_system_load,score_gated,18,events/events_2024-12-11T14:59:04.056579_rootkit.json.gz,system_load,rootkit,1521.2916780129246,1521.2916780129246,1,0,0.0
0,persistent_rootkit_system_load,score_gated,19,events/events_2024-12-11T14:40:15.579301_rootkit.json.gz,system_load,rootkit,1321.9450490474148,1321.9450490474148,1,0,0.0
0,persistent_rootkit_system_load,score_gated,20,events/events_2024-12-11T14:38:31.073241_rootkit.json.gz,system_load,rootkit,1068.4444067827212,1068.4444067827212,1,0,0.0
0,persistent_rootkit_system_load,score_gated,21,events/events_2024-12-11T14:48:58.854455_rootkit.json.gz,system_load,rootkit,1524.5808051019167,1524.5808051019167,1,0,0.0
0,persistent_rootkit_system_load,score_gated,22,events/events_2024-12-11T15:00:26.635172_rootkit.json.gz,system_load,rootkit,1927.0284847432004,1927.0284847432004,1,0,0.0
0,persistent_rootkit_system_load,score_gated,23,events/events_2024-12-11T14:58:43.023921_rootkit.json.gz,system_load,rootkit,1101.6280591063119,1101.6280591063119,1,0,0.0
0,persistent_rootkit_system_load,score_gated,24,events/events_2024-12-11T14:52:27.538974_rootkit.json.gz,system_load,rootkit,1416.9688175305357,1416.9688175305357,1,0,0.0
0,persistent_rootkit_system_load,score_gated,25,events/events_2024-12-11T14:56:16.938199_rootkit.json.gz,system_load,rootkit,1027.6658835345534,1027.6658835345534,1,0,0.0
0,persistent_rootkit_system_load,score_gated,26,events/events_2024-12-11T14:49:40.355278_rootkit.json.gz,system_load,rootkit,1112.9802065576046,1112.9802065576046,1,0,0.0
0,persistent_rootkit_system_load,score_gated,27,events/events_2024-12-11T15:02:11.179043_rootkit.json.gz,system_load,rootkit,1002.85727633643,1002.85727633643,1,0,0.0
0,persistent_rootkit_system_load,score_gated,28,events/events_2024-12-11T14:56:37.803456_rootkit.json.gz,system_load,rootkit,1167.3517371464482,1167.3517371464482,1,0,0.0
0,persistent_rootkit_system_load,score_gated,29,events/events_2024-12-11T14:29:27.576864_rootkit.json.gz,system_load,rootkit,1186.0196214636085,1186.0196214636085,1,0,0.0
0,persistent_rootkit_system_load,score_gated,30,events/events_2024-12-11T15:01:29.696445_rootkit.json.gz,system_load,rootkit,1160.144301989299,1160.144301989299,1,0,0.0
0,persistent_rootkit_system_load,score_gated,31,events/events_2024-12-11T14:43:03.451022_rootkit.json.gz,system_load,rootkit,995.6303404259246,995.6303404259246,1,0,0.0
0,persistent_rootkit_system_load,score_gated,32,events/events_2024-12-11T14:32:15.159219_rootkit.json.gz,system_load,rootkit,1032.3360357746624,1032.3360357746624,1,0,0.0
0,persistent_rootkit_system_load,score_gated,33,events/events_2024-12-11T14:30:09.546936_rootkit.json.gz,system_load,rootkit,1978.6749883274838,1978.6749883274838,1,0,0.0
0,persistent_rootkit_system_load,score_gated,34,events/events_2024-12-11T14:42:42.422864_rootkit.json.gz,system_load,rootkit,1270.7645798889848,1270.7645798889848,1,0,0.0
0,persistent_rootkit_system_load,score_gated,35,events/events_2024-12-11T14:48:37.950808_rootkit.json.gz,system_load,rootkit,1101.8622564289376,1101.8622564289376,1,0,0.0
0,persistent_rootkit_system_load,score_gated,36,events/events_2024-12-11T14:55:14.386501_rootkit.json.gz,system_load,rootkit,1566.2223067235498,1566.2223067235498,1,0,0.0
0,persistent_rootkit_system_load,score_gated,37,events/events_2024-12-11T14:32:56.794874_rootkit.json.gz,system_load,rootkit,1075.3420783373467,1075.3420783373467,1,0,0.0
0,persistent_rootkit_system_load,score_gated,38,events/events_2024-12-11T14:47:34.543032_rootkit.json.gz,system_load,rootkit,1083.0854683687535,1083.0854683687535,1,0,0.0
0,persistent_rootkit_system_load,score_gated,39,events/events_2024-12-11T15:02:53.199482_rootkit.json.gz,system_load,rootkit,1496.0530918319691,1496.0530918319691,1,0,0.0
0,persistent_rootkit_system_load,score_gated,40,events/events_2024-12-11T14:40:57.307753_rootkit.json.gz,system_load,rootkit,1019.2373824811908,1019.2373824811908,1,0,0.0
0,persistent_rootkit_system_load,score_gated,41,events/events_2024-12-11T14:45:08.622762_rootkit.json.gz,system_load,rootkit,1025.1473519975982,1025.1473519975982,1,0,0.0
0,persistent_rootkit_system_load,score_gated,42,events/events_2024-12-11T14:34:20.316132_rootkit.json.gz,system_load,rootkit,2338.0264690512163,2338.0264690512163,1,0,0.0
0,persistent_rootkit_system_load,score_gated,43,events/events_2024-12-11T14:37:28.147068_rootkit.json.gz,system_load,rootkit,1138.8997364703023,1138.8997364703023,1,0,0.0
0,persistent_rootkit_system_load,score_gated,44,events/events_2024-12-11T15:02:32.083240_rootkit.json.gz,system_load,rootkit,1122.0843197734573,1122.0843197734573,1,0,0.0
0,persistent_rootkit_system_load,score_gated,45,events/events_2024-12-11T14:31:54.205930_rootkit.json.gz,system_load,rootkit,1034.637357298961,1034.637357298961,1,0,0.0
0,persistent_rootkit_system_load,score_gated,46,events/events_2024-12-11T14:35:44.450525_rootkit.json.gz,system_load,rootkit,1015.813714449563,1015.813714449563,1,0,0.0
0,persistent_rootkit_system_load,score_gated,47,events/events_2024-12-11T14:51:45.654597_rootkit.json.gz,system_load,rootkit,1334.4246679792998,1334.4246679792998,1,0,0.0
0,persistent_rootkit_system_load,score_gated,48,events/events_2024-12-11T14:54:11.886636_rootkit.json.gz,system_load,rootkit,1570.7039531225394,1570.7039531225394,1,0,0.0
0,persistent_rootkit_system_load,score_gated,49,events/events_2024-12-11T14:35:02.659126_rootkit.json.gz,system_load,rootkit,1652.2324350550955,1652.2324350550955,1,0,0.0
0,persistent_rootkit_system_load,score_gated,50,events/events_2024-12-11T14:56:58.930925_rootkit.json.gz,system_load,rootkit,1034.666015598346,1034.666015598346,1,0,0.0
0,persistent_rootkit_system_load,score_gated,51,events/events_2024-12-11T14:55:35.435739_rootkit.json.gz,system_load,rootkit,1155.5697127019432,1155.5697127019432,1,0,0.0
0,persistent_rootkit_system_load,score_gated,52,events/events_2024-12-11T14:59:25.018959_rootkit.json.gz,system_load,rootkit,1161.5491663825646,1161.5491663825646,1,0,0.0
0,persistent_rootkit_system_load,score_gated,53,events/events_2024-12-11T14:35:23.466266_rootkit.json.gz,system_load,rootkit,1036.6924610900558,1036.6924610900558,1,0,0.0
0,persistent_rootkit_system_load,score_gated,54,events/events_2024-12-11T14:55:56.074311_rootkit.json.gz,system_load,rootkit,964.6299587445519,964.6299587445519,1,0,0.0
0,persistent_rootkit_system_load,score_gated,55,events/events_2024-12-11T14:45:29.662596_rootkit.json.gz,system_load,rootkit,1474.666066138272,1474.666066138272,1,0,0.0
0,persistent_rootkit_system_load,score_gated,56,events/events_2024-12-11T15:03:14.427701_rootkit.json.gz,system_load,rootkit,1125.2592172422947,1125.2592172422947,1,0,0.0
0,persistent_rootkit_system_load,score_gated,57,events/events_2024-12-11T14:46:53.247549_rootkit.json.gz,system_load,rootkit,1109.0443976999225,1109.0443976999225,1,0,0.0
0,persistent_rootkit_system_load,score_gated,58,events/events_2024-12-11T14:29:48.747104_rootkit.json.gz,system_load,rootkit,1065.4337214901818,1065.4337214901818,1,0,0.0
0,persistent_rootkit_system_load,score_gated,59,events/events_2024-12-11T14:38:10.203563_rootkit.json.gz,system_load,rootkit,1657.3185269229978,1657.3185269229978,1,0,0.0
0,persistent_rootkit_system_load,score_gated,60,events/events_2024-12-11T14:44:26.486886_rootkit.json.gz,system_load,rootkit,1136.3774384423937,1136.3774384423937,1,0,0.0
0,persistent_rootkit_system_load,score_gated,61,events/events_2024-12-11T14:40:36.228303_rootkit.json.gz,system_load,rootkit,1012.3821852537469,1012.3821852537469,1,0,0.0
0,persistent_rootkit_system_load,score_gated,62,events/events_2024-12-11T14:46:32.161986_rootkit.json.gz,system_load,rootkit,1024.042001087231,1024.042001087231,1,0,0.0
0,persistent_rootkit_system_load,score_gated,63,events/events_2024-12-11T14:42:00.080695_rootkit.json.gz,system_load,rootkit,956.712760198738,956.712760198738,1,0,0.0
0,persistent_rootkit_system_load,score_gated,64,events/events_2024-12-11T14:31:33.423753_rootkit.json.gz,system_load,rootkit,1224.210704332181,1224.210704332181,1,0,0.0
0,persistent_rootkit_system_load,score_gated,65,events/events_2024-12-11T14:41:18.407932_rootkit.json.gz,system_load,rootkit,1033.676634884932,1033.676634884932,1,0,0.0
0,persistent_rootkit_system_load,score_gated,66,events/events_2024-12-11T14:43:45.202800_rootkit.json.gz,system_load,rootkit,1041.952891223498,1041.952891223498,1,0,0.0
0,persistent_rootkit_system_load,score_gated,67,events/events_2024-12-11T14:37:49.123202_rootkit.json.gz,system_load,rootkit,1045.863620027649,1045.863620027649,1,0,0.0
0,persistent_rootkit_system_load,score_gated,68,events/events_2024-12-11T14:37:07.874291_rootkit.json.gz,system_load,rootkit,2154.228510730374,2154.228510730374,1,0,0.0
0,persistent_rootkit_system_load,score_gated,69,events/events_2024-12-11T14:43:24.240638_rootkit.json.gz,system_load,rootkit,1064.4593302790224,1064.4593302790224,1,0,0.0
0,persistent_rootkit_system_load,score_gated,70,events/events_2024-12-11T15:01:08.574688_rootkit.json.gz,system_load,rootkit,1072.813168501552,1072.813168501552,1,0,0.0
0,persistent_rootkit_system_load,score_gated,71,events/events_2024-12-11T14:53:09.450212_rootkit.json.gz,system_load,rootkit,977.6574960675453,977.6574960675453,1,0,0.0
0,persistent_rootkit_system_load,score_gated,72,events/events_2024-12-11T14:33:17.732004_rootkit.json.gz,system_load,rootkit,1057.4878149286676,1057.4878149286676,1,0,0.0
0,persistent_rootkit_system_load,score_gated,73,events/events_2024-12-11T14:39:54.878866_rootkit.json.gz,system_load,rootkit,1196.453621988695,1196.453621988695,1,0,0.0
0,persistent_rootkit_system_load,score_gated,74,events/events_2024-12-11T15:03:35.311041_rootkit.json.gz,system_load,rootkit,1101.7650810834293,1101.7650810834293,1,0,0.0
0,persistent_rootkit_system_load,score_gated,75,events/events_2024-12-11T14:54:53.459663_rootkit.json.gz,system_load,rootkit,1032.1650956788185,1032.1650956788185,1,0,0.0
0,persistent_rootkit_system_load,score_gated,76,events/events_2024-12-11T14:58:22.191895_rootkit.json.gz,system_load,rootkit,977.9001198471371,977.9001198471371,1,0,0.0
0,persistent_rootkit_system_load,score_gated,77,events/events_2024-12-11T15:00:05.900535_rootkit.json.gz,system_load,rootkit,1289.3706524370234,1289.3706524370234,1,0,0.0
0,persistent_rootkit_system_load,score_gated,78,events/events_2024-12-11T14:51:03.366859_rootkit.json.gz,system_load,rootkit,960.1432317981369,960.1432317981369,1,0,0.0
0,persistent_rootkit_system_load,score_gated,79,events/events_2024-12-11T14:50:21.426511_rootkit.json.gz,system_load,rootkit,1534.3803477031238,1534.3803477031238,1,0,0.0
0,persistent_rootkit_system_load,score_gated,80,events/events_2024-12-11T14:36:05.183559_rootkit.json.gz,system_load,rootkit,1034.630826157681,1034.630826157681,1,0,0.0
0,persistent_rootkit_system_load,score_gated,81,events/events_2024-12-11T14:57:19.931157_rootkit.json.gz,system_load,rootkit,1369.2318246878033,1369.2318246878033,1,0,0.0
0,persistent_rootkit_system_load,score_gated,82,events/events_2024-12-11T14:44:06.007535_rootkit.json.gz,system_load,rootkit,1034.7518879042093,1034.7518879042093,1,0,0.0
0,persistent_rootkit_system_load,score_gated,83,events/events_2024-12-11T14:52:48.359641_rootkit.json.gz,system_load,rootkit,1015.0806298400389,1015.0806298400389,1,0,0.0
0,persistent_rootkit_system_load,score_gated,84,events/events_2024-12-11T15:03:56.299556_rootkit.json.gz,system_load,rootkit,1151.8538309532769,1151.8538309532769,1,0,0.0
0,persistent_rootkit_system_load,score_gated,85,events/events_2024-12-11T14:31:12.367439_rootkit.json.gz,system_load,rootkit,2125.542328706009,2125.542328706009,1,0,0.0
0,persistent_rootkit_system_load,score_gated,86,events/events_2024-12-11T14:39:33.919506_rootkit.json.gz,system_load,rootkit,1018.318956540124,1018.318956540124,1,0,0.0
0,persistent_rootkit_system_load,score_gated,87,events/events_2024-12-11T14:48:16.594677_rootkit.json.gz,system_load,rootkit,2126.898349767801,2126.898349767801,1,0,0.0
0,persistent_rootkit_system_load,score_gated,88,events/events_2024-12-11T14:47:55.550389_rootkit.json.gz,system_load,rootkit,2148.420736288301,2148.420736288301,1,0,0.0
0,persistent_rootkit_system_load,score_gated,89,events/events_2024-12-11T14:33:59.411701_rootkit.json.gz,system_load,rootkit,951.285257384908,951.285257384908,1,0,0.0
0,persistent_rootkit_system_load,score_gated,90,events/events_2024-12-11T14:52:06.603219_rootkit.json.gz,system_load,rootkit,1690.690532965375,1690.690532965375,1,0,0.0
0,persistent_rootkit_system_load,score_gated,91,events/events_2024-12-11T14:51:24.346761_rootkit.json.gz,system_load,rootkit,1132.8748873011539,1132.8748873011539,1,0,0.0
0,persistent_rootkit_system_load,score_gated,92,events/events_2024-12-11T14:44:47.678635_rootkit.json.gz,system_load,rootkit,1017.0517453285129,1017.0517453285129,1,0,0.0
0,persistent_rootkit_system_load,score_gated,93,events/events_2024-12-11T14:49:19.562478_rootkit.json.gz,system_load,rootkit,1033.4645656330542,1033.4645656330542,1,0,0.0
0,persistent_rootkit_system_load,score_gated,94,events/events_2024-12-11T14:58:01.267392_rootkit.json.gz,system_load,rootkit,1045.3072129521956,1045.3072129521956,1,0,0.0
0,persistent_rootkit_system_load,score_gated,95,events/events_2024-12-11T14:54:32.323613_rootkit.json.gz,system_load,rootkit,2367.887684239377,2367.887684239377,1,0,0.0
0,persistent_rootkit_system_load,score_gated,96,events/events_2024-12-11T14:34:41.647874_rootkit.json.gz,system_load,rootkit,1020.5613184982357,1020.5613184982357,1,0,0.0
0,persistent_rootkit_system_load,score_gated,97,events/events_2024-12-11T14:30:51.469685_rootkit.json.gz,system_load,rootkit,1299.668670741371,1299.668670741371,1,0,0.0
0,persistent_rootkit_system_load,score_gated,98,events/events_2024-12-11T14:33:38.534631_rootkit.json.gz,system_load,rootkit,1352.976670698923,1352.976670698923,1,0,0.0
0,persistent_rootkit_system_load,score_gated,99,events/events_2024-12-11T14:46:11.215346_rootkit.json.gz,system_load,rootkit,1077.1759205468138,1077.1759205468138,1,0,0.0
0,persistent_rootkit_system_load,score_gated,100,events/events_2024-12-11T14:53:50.927948_rootkit.json.gz,system_load,rootkit,955.3318675170856,955.3318675170856,1,0,0.0
0,persistent_rootkit_system_load,dual_anchor,1,events/events_2024-12-11T14:30:30.275058_rootkit.json.gz,system_load,rootkit,1003.2044109732051,1003.2044109732051,1,0,0.0
0,persistent_rootkit_system_load,dual_anchor,2,events/events_2024-12-11T14:50:00.695601_rootkit.json.gz,system_load,rootkit,2155.9888400168943,2155.9888400168943,1,0,0.0
0,persistent_rootkit_system_load,dual_anchor,3,events/events_2024-12-11T14:42:21.407945_rootkit.json.gz,system_load,rootkit,1036.2816761610106,1036.2816761610106,1,0,0.0
0,persistent_rootkit_system_load,dual_anchor,4,events/events_2024-12-11T14:39:12.748234_rootkit.json.gz,system_load,rootkit,2025.2307767823052,2025.2307767823052,1,0,0.0
0,persistent_rootkit_system_load,dual_anchor,5,events/events_2024-12-11T14:36:47.151123_rootkit.json.gz,system_load,rootkit,1131.989991783474,1131.989991783474,1,0,0.0
0,persistent_rootkit_system_load,dual_anchor,6,events/events_2024-12-11T15:01:50.319155_rootkit.json.gz,system_load,rootkit,1035.8488412260137,1035.8488412260137,1,0,0.0
0,persistent_rootkit_system_load,dual_anchor,7,events/events_2024-12-11T14:36:26.267365_rootkit.json.gz,system_load,rootkit,1157.290947368779,1157.290947368779,1,0,0.0
0,persistent_rootkit_system_load,dual_anchor,8,events/events_2024-12-11T14:45:50.690673_rootkit.json.gz,system_load,rootkit,1007.7135032095647,1007.7135032095647,1,0,0.0
0,persistent_rootkit_system_load,dual_anchor,9,events/events_2024-12-11T14:41:39.179666_rootkit.json.gz,system_load,rootkit,1021.6523710408728,1021.6523710408728,1,0,0.0
0,persistent_rootkit_system_load,dual_anchor,10,events/events_2024-12-11T14:32:36.530680_rootkit.json.gz,system_load,rootkit,979.8416922573615,979.8416922573615,1,0,0.0
0,persistent_rootkit_system_load,dual_anchor,11,events/events_2024-12-11T14:57:40.158967_rootkit.json.gz,system_load,rootkit,1175.085938341094,1175.085938341094,1,0,0.0
0,persistent_rootkit_system_load,dual_anchor,12,events/events_2024-12-11T14:50:42.336081_rootkit.json.gz,system_load,rootkit,2308.3847995128567,2308.3847995128567,1,0,0.0
0,persistent_rootkit_system_load,dual_anchor,13,events/events_2024-12-11T14:53:30.190835_rootkit.json.gz,system_load,rootkit,1025.2497653598205,1025.2497653598205,1,0,0.0
0,persistent_rootkit_system_load,dual_anchor,14,events/events_2024-12-11T14:59:45.734847_rootkit.json.gz,system_load,rootkit,1370.5218167694704,1370.5218167694704,1,0,0.0
0,persistent_rootkit_system_load,dual_anchor,15,events/events_2024-12-11T15:00:47.511922_rootkit.json.gz,system_load,rootkit,1003.2015555355216,1003.2015555355216,1,0,0.0
0,persistent_rootkit_system_load,dual_anchor,16,events/events_2024-12-11T14:38:51.882813_rootkit.json.gz,system_load,rootkit,2319.6045617202562,2319.6045617202562,1,0,0.0
0,persistent_rootkit_system_load,dual_anchor,17,events/events_2024-12-11T14:47:13.657733_rootkit.json.gz,system_load,rootkit,987.9864807470306,987.9864807470306,1,0,0.0
0,persistent_rootkit_system_load,dual_anchor,18,events/events_2024-12-11T14:59:04.056579_rootkit.json.gz,system_load,rootkit,1521.2916780129246,1521.2916780129246,1,0,0.0
0,persistent_rootkit_system_load,dual_anchor,19,events/events_2024-12-11T14:40:15.579301_rootkit.json.gz,system_load,rootkit,1321.9450490474148,1321.9450490474148,1,0,0.0
0,persistent_rootkit_system_load,dual_anchor,20,events/events_2024-12-11T14:38:31.073241_rootkit.json.gz,system_load,rootkit,1068.4444067827212,1068.4444067827212,1,0,0.0
0,persistent_rootkit_system_load,dual_anchor,21,events/events_2024-12-11T14:48:58.854455_rootkit.json.gz,system_load,rootkit,1524.5808051019167,1524.5808051019167,1,0,0.0
0,persistent_rootkit_system_load,dual_anchor,22,events/events_2024-12-11T15:00:26.635172_rootkit.json.gz,system_load,rootkit,1927.0284847432004,1927.0284847432004,1,0,0.0
0,persistent_rootkit_system_load,dual_anchor,23,events/events_2024-12-11T14:58:43.023921_rootkit.json.gz,system_load,rootkit,1101.6280591063119,1101.6280591063119,1,0,0.0
0,persistent_rootkit_system_load,dual_anchor,24,events/events_2024-12-11T14:52:27.538974_rootkit.json.gz,system_load,rootkit,1416.9688175305357,1416.9688175305357,1,0,0.0
0,persistent_rootkit_system_load,dual_anchor,25,events/events_2024-12-11T14:56:16.938199_rootkit.json.gz,system_load,rootkit,1027.6658835345534,1027.6658835345534,1,0,0.0
0,persistent_rootkit_system_load,dual_anchor,26,events/events_2024-12-11T14:49:40.355278_rootkit.json.gz,system_load,rootkit,1112.9802065576046,1112.9802065576046,1,0,0.0
0,persistent_rootkit_system_load,dual_anchor,27,events/events_2024-12-11T15:02:11.179043_rootkit.json.gz,system_load,rootkit,1002.85727633643,1002.85727633643,1,0,0.0
0,persistent_rootkit_system_load,dual_anchor,28,events/events_2024-12-11T14:56:37.803456_rootkit.json.gz,system_load,rootkit,1167.3517371464482,1167.3517371464482,1,0,0.0
0,persistent_rootkit_system_load,dual_anchor,29,events/events_2024-12-11T14:29:27.576864_rootkit.json.gz,system_load,rootkit,1186.0196214636085,1186.0196214636085,1,0,0.0
0,persistent_rootkit_system_load,dual_anchor,30,events/events_2024-12-11T15:01:29.696445_rootkit.json.gz,system_load,rootkit,1160.144301989299,1160.144301989299,1,0,0.0
0,persistent_rootkit_system_load,dual_anchor,31,events/events_2024-12-11T14:43:03.451022_rootkit.json.gz,system_load,rootkit,995.6303404259246,995.6303404259246,1,0,0.0
0,persistent_rootkit_system_load,dual_anchor,32,events/events_2024-12-11T14:32:15.159219_rootkit.json.gz,system_load,rootkit,1032.3360357746624,1032.3360357746624,1,0,0.0
0,persistent_rootkit_system_load,dual_anchor,33,events/events_2024-12-11T14:30:09.546936_rootkit.json.gz,system_load,rootkit,1978.6749883274838,1978.6749883274838,1,0,0.0
0,persistent_rootkit_system_load,dual_anchor,34,events/events_2024-12-11T14:42:42.422864_rootkit.json.gz,system_load,rootkit,1270.7645798889848,1270.7645798889848,1,0,0.0
0,persistent_rootkit_system_load,dual_anchor,35,events/events_2024-12-11T14:48:37.950808_rootkit.json.gz,system_load,rootkit,1101.8622564289376,1101.8622564289376,1,0,0.0
0,persistent_rootkit_system_load,dual_anchor,36,events/events_2024-12-11T14:55:14.386501_rootkit.json.gz,system_load,rootkit,1566.2223067235498,1566.2223067235498,1,0,0.0
0,persistent_rootkit_system_load,dual_anchor,37,events/events_2024-12-11T14:32:56.794874_rootkit.json.gz,system_load,rootkit,1075.3420783373467,1075.3420783373467,1,0,0.0
0,persistent_rootkit_system_load,dual_anchor,38,events/events_2024-12-11T14:47:34.543032_rootkit.json.gz,system_load,rootkit,1083.0854683687535,1083.0854683687535,1,0,0.0
0,persistent_rootkit_system_load,dual_anchor,39,events/events_2024-12-11T15:02:53.199482_rootkit.json.gz,system_load,rootkit,1496.0530918319691,1496.0530918319691,1,0,0.0
0,persistent_rootkit_system_load,dual_anchor,40,events/events_2024-12-11T14:40:57.307753_rootkit.json.gz,system_load,rootkit,1019.2373824811908,1019.2373824811908,1,0,0.0
0,persistent_rootkit_system_load,dual_anchor,41,events/events_2024-12-11T14:45:08.622762_rootkit.json.gz,system_load,rootkit,1025.1473519975982,1025.1473519975982,1,0,0.0
0,persistent_rootkit_system_load,dual_anchor,42,events/events_2024-12-11T14:34:20.316132_rootkit.json.gz,system_load,rootkit,2338.0264690512163,2338.0264690512163,1,0,0.0
0,persistent_rootkit_system_load,dual_anchor,43,events/events_2024-12-11T14:37:28.147068_rootkit.json.gz,system_load,rootkit,1138.8997364703023,1138.8997364703023,1,0,0.0
0,persistent_rootkit_system_load,dual_anchor,44,events/events_2024-12-11T15:02:32.083240_rootkit.json.gz,system_load,rootkit,1122.0843197734573,1122.0843197734573,1,0,0.0
0,persistent_rootkit_system_load,dual_anchor,45,events/events_2024-12-11T14:31:54.205930_rootkit.json.gz,system_load,rootkit,1034.637357298961,1034.637357298961,1,0,0.0
0,persistent_rootkit_system_load,dual_anchor,46,events/events_2024-12-11T14:35:44.450525_rootkit.json.gz,system_load,rootkit,1015.813714449563,1015.813714449563,1,0,0.0
0,persistent_rootkit_system_load,dual_anchor,47,events/events_2024-12-11T14:51:45.654597_rootkit.json.gz,system_load,rootkit,1334.4246679792998,1334.4246679792998,1,0,0.0
0,persistent_rootkit_system_load,dual_anchor,48,events/events_2024-12-11T14:54:11.886636_rootkit.json.gz,system_load,rootkit,1570.7039531225394,1570.7039531225394,1,0,0.0
0,persistent_rootkit_system_load,dual_anchor,49,events/events_2024-12-11T14:35:02.659126_rootkit.json.gz,system_load,rootkit,1652.2324350550955,1652.2324350550955,1,0,0.0
0,persistent_rootkit_system_load,dual_anchor,50,events/events_2024-12-11T14:56:58.930925_rootkit.json.gz,system_load,rootkit,1034.666015598346,1034.666015598346,1,0,0.0
0,persistent_rootkit_system_load,dual_anchor,51,events/events_2024-12-11T14:55:35.435739_rootkit.json.gz,system_load,rootkit,1155.5697127019432,1155.5697127019432,1,0,0.0
0,persistent_rootkit_system_load,dual_anchor,52,events/events_2024-12-11T14:59:25.018959_rootkit.json.gz,system_load,rootkit,1161.5491663825646,1161.5491663825646,1,0,0.0
0,persistent_rootkit_system_load,dual_anchor,53,events/events_2024-12-11T14:35:23.466266_rootkit.json.gz,system_load,rootkit,1036.6924610900558,1036.6924610900558,1,0,0.0
0,persistent_rootkit_system_load,dual_anchor,54,events/events_2024-12-11T14:55:56.074311_rootkit.json.gz,system_load,rootkit,964.6299587445519,964.6299587445519,1,0,0.0
0,persistent_rootkit_system_load,dual_anchor,55,events/events_2024-12-11T14:45:29.662596_rootkit.json.gz,system_load,rootkit,1474.666066138272,1474.666066138272,1,0,0.0
0,persistent_rootkit_system_load,dual_anchor,56,events/events_2024-12-11T15:03:14.427701_rootkit.json.gz,system_load,rootkit,1125.2592172422947,1125.2592172422947,1,0,0.0
0,persistent_rootkit_system_load,dual_anchor,57,events/events_2024-12-11T14:46:53.247549_rootkit.json.gz,system_load,rootkit,1109.0443976999225,1109.0443976999225,1,0,0.0
0,persistent_rootkit_system_load,dual_anchor,58,events/events_2024-12-11T14:29:48.747104_rootkit.json.gz,system_load,rootkit,1065.4337214901818,1065.4337214901818,1,0,0.0
0,persistent_rootkit_system_load,dual_anchor,59,events/events_2024-12-11T14:38:10.203563_rootkit.json.gz,system_load,rootkit,1657.3185269229978,1657.3185269229978,1,0,0.0
0,persistent_rootkit_system_load,dual_anchor,60,events/events_2024-12-11T14:44:26.486886_rootkit.json.gz,system_load,rootkit,1136.3774384423937,1136.3774384423937,1,0,0.0
0,persistent_rootkit_system_load,dual_anchor,61,events/events_2024-12-11T14:40:36.228303_rootkit.json.gz,system_load,rootkit,1012.3821852537469,1012.3821852537469,1,0,0.0
0,persistent_rootkit_system_load,dual_anchor,62,events/events_2024-12-11T14:46:32.161986_rootkit.json.gz,system_load,rootkit,1024.042001087231,1024.042001087231,1,0,0.0
0,persistent_rootkit_system_load,dual_anchor,63,events/events_2024-12-11T14:42:00.080695_rootkit.json.gz,system_load,rootkit,956.712760198738,956.712760198738,1,0,0.0
0,persistent_rootkit_system_load,dual_anchor,64,events/events_2024-12-11T14:31:33.423753_rootkit.json.gz,system_load,rootkit,1224.210704332181,1224.210704332181,1,0,0.0
0,persistent_rootkit_system_load,dual_anchor,65,events/events_2024-12-11T14:41:18.407932_rootkit.json.gz,system_load,rootkit,1033.676634884932,1033.676634884932,1,0,0.0
0,persistent_rootkit_system_load,dual_anchor,66,events/events_2024-12-11T14:43:45.202800_rootkit.json.gz,system_load,rootkit,1041.952891223498,1041.952891223498,1,0,0.0
0,persistent_rootkit_system_load,dual_anchor,67,events/events_2024-12-11T14:37:49.123202_rootkit.json.gz,system_load,rootkit,1045.863620027649,1045.863620027649,1,0,0.0
0,persistent_rootkit_system_load,dual_anchor,68,events/events_2024-12-11T14:37:07.874291_rootkit.json.gz,system_load,rootkit,2154.228510730374,2154.228510730374,1,0,0.0
0,persistent_rootkit_system_load,dual_anchor,69,events/events_2024-12-11T14:43:24.240638_rootkit.json.gz,system_load,rootkit,1064.4593302790224,1064.4593302790224,1,0,0.0
0,persistent_rootkit_system_load,dual_anchor,70,events/events_2024-12-11T15:01:08.574688_rootkit.json.gz,system_load,rootkit,1072.813168501552,1072.813168501552,1,0,0.0
0,persistent_rootkit_system_load,dual_anchor,71,events/events_2024-12-11T14:53:09.450212_rootkit.json.gz,system_load,rootkit,977.6574960675453,977.6574960675453,1,0,0.0
0,persistent_rootkit_system_load,dual_anchor,72,events/events_2024-12-11T14:33:17.732004_rootkit.json.gz,system_load,rootkit,1057.4878149286676,1057.4878149286676,1,0,0.0
0,persistent_rootkit_system_load,dual_anchor,73,events/events_2024-12-11T14:39:54.878866_rootkit.json.gz,system_load,rootkit,1196.453621988695,1196.453621988695,1,0,0.0
0,persistent_rootkit_system_load,dual_anchor,74,events/events_2024-12-11T15:03:35.311041_rootkit.json.gz,system_load,rootkit,1101.7650810834293,1101.7650810834293,1,0,0.0
0,persistent_rootkit_system_load,dual_anchor,75,events/events_2024-12-11T14:54:53.459663_rootkit.json.gz,system_load,rootkit,1032.1650956788185,1032.1650956788185,1,0,0.0
0,persistent_rootkit_system_load,dual_anchor,76,events/events_2024-12-11T14:58:22.191895_rootkit.json.gz,system_load,rootkit,977.9001198471371,977.9001198471371,1,0,0.0
0,persistent_rootkit_system_load,dual_anchor,77,events/events_2024-12-11T15:00:05.900535_rootkit.json.gz,system_load,rootkit,1289.3706524370234,1289.3706524370234,1,0,0.0
0,persistent_rootkit_system_load,dual_anchor,78,events/events_2024-12-11T14:51:03.366859_rootkit.json.gz,system_load,rootkit,960.1432317981369,960.1432317981369,1,0,0.0
0,persistent_rootkit_system_load,dual_anchor,79,events/events_2024-12-11T14:50:21.426511_rootkit.json.gz,system_load,rootkit,1534.3803477031238,1534.3803477031238,1,0,0.0
0,persistent_rootkit_system_load,dual_anchor,80,events/events_2024-12-11T14:36:05.183559_rootkit.json.gz,system_load,rootkit,1034.630826157681,1034.630826157681,1,0,0.0
0,persistent_rootkit_system_load,dual_anchor,81,events/events_2024-12-11T14:57:19.931157_rootkit.json.gz,system_load,rootkit,1369.2318246878033,1369.2318246878033,1,0,0.0
0,persistent_rootkit_system_load,dual_anchor,82,events/events_2024-12-11T14:44:06.007535_rootkit.json.gz,system_load,rootkit,1034.7518879042093,1034.7518879042093,1,0,0.0
0,persistent_rootkit_system_load,dual_anchor,83,events/events_2024-12-11T14:52:48.359641_rootkit.json.gz,system_load,rootkit,1015.0806298400389,1015.0806298400389,1,0,0.0
0,persistent_rootkit_system_load,dual_anchor,84,events/events_2024-12-11T15:03:56.299556_rootkit.json.gz,system_load,rootkit,1151.8538309532769,1151.8538309532769,1,0,0.0
0,persistent_rootkit_system_load,dual_anchor,85,events/events_2024-12-11T14:31:12.367439_rootkit.json.gz,system_load,rootkit,2125.542328706009,2125.542328706009,1,0,0.0
0,persistent_rootkit_system_load,dual_anchor,86,events/events_2024-12-11T14:39:33.919506_rootkit.json.gz,system_load,rootkit,1018.318956540124,1018.318956540124,1,0,0.0
0,persistent_rootkit_system_load,dual_anchor,87,events/events_2024-12-11T14:48:16.594677_rootkit.json.gz,system_load,rootkit,2126.898349767801,2126.898349767801,1,0,0.0
0,persistent_rootkit_system_load,dual_anchor,88,events/events_2024-12-11T14:47:55.550389_rootkit.json.gz,system_load,rootkit,2148.420736288301,2148.420736288301,1,0,0.0
0,persistent_rootkit_system_load,dual_anchor,89,events/events_2024-12-11T14:33:59.411701_rootkit.json.gz,system_load,rootkit,951.285257384908,951.285257384908,1,0,0.0
0,persistent_rootkit_system_load,dual_anchor,90,events/events_2024-12-11T14:52:06.603219_rootkit.json.gz,system_load,rootkit,1690.690532965375,1690.690532965375,1,0,0.0
0,persistent_rootkit_system_load,dual_anchor,91,events/events_2024-12-11T14:51:24.346761_rootkit.json.gz,system_load,rootkit,1132.8748873011539,1132.8748873011539,1,0,0.0
0,persistent_rootkit_system_load,dual_anchor,92,events/events_2024-12-11T14:44:47.678635_rootkit.json.gz,system_load,rootkit,1017.0517453285129,1017.0517453285129,1,0,0.0
0,persistent_rootkit_system_load,dual_anchor,93,events/events_2024-12-11T14:49:19.562478_rootkit.json.gz,system_load,rootkit,1033.4645656330542,1033.4645656330542,1,0,0.0
0,persistent_rootkit_system_load,dual_anchor,94,events/events_2024-12-11T14:58:01.267392_rootkit.json.gz,system_load,rootkit,1045.3072129521956,1045.3072129521956,1,0,0.0
0,persistent_rootkit_system_load,dual_anchor,95,events/events_2024-12-11T14:54:32.323613_rootkit.json.gz,system_load,rootkit,2367.887684239377,2367.887684239377,1,0,0.0
0,persistent_rootkit_system_load,dual_anchor,96,events/events_2024-12-11T14:34:41.647874_rootkit.json.gz,system_load,rootkit,1020.5613184982357,1020.5613184982357,1,0,0.0
0,persistent_rootkit_system_load,dual_anchor,97,events/events_2024-12-11T14:30:51.469685_rootkit.json.gz,system_load,rootkit,1299.668670741371,1299.668670741371,1,0,0.0
0,persistent_rootkit_system_load,dual_anchor,98,events/events_2024-12-11T14:33:38.534631_rootkit.json.gz,system_load,rootkit,1352.976670698923,1352.976670698923,1,0,0.0
0,persistent_rootkit_system_load,dual_anchor,99,events/events_2024-12-11T14:46:11.215346_rootkit.json.gz,system_load,rootkit,1077.1759205468138,1077.1759205468138,1,0,0.0
0,persistent_rootkit_system_load,dual_anchor,100,events/events_2024-12-11T14:53:50.927948_rootkit.json.gz,system_load,rootkit,955.3318675170856,955.3318675170856,1,0,0.0
0,drift_then_rootkit,fixed,1,events/events_2024-12-11T13:41:43.870764_normal.json.gz,system_load,normal,1100.3356380796683,1100.3356380796683,1,0,0.0
0,drift_then_rootkit,fixed,2,events/events_2024-12-11T14:25:50.327175_normal.json.gz,system_load,normal,978.2289747777698,978.2289747777698,1,0,0.0
0,drift_then_rootkit,fixed,3,events/events_2024-12-11T13:53:50.650910_normal.json.gz,system_load,normal,1041.9786666623754,1041.9786666623754,1,0,0.0
0,drift_then_rootkit,fixed,4,events/events_2024-12-11T14:11:48.139392_normal.json.gz,system_load,normal,1292.9955888357435,1292.9955888357435,1,0,0.0
0,drift_then_rootkit,fixed,5,events/events_2024-12-11T13:56:05.956281_normal.json.gz,system_load,normal,975.2438632168545,975.2438632168545,1,0,0.0
0,drift_then_rootkit,fixed,6,events/events_2024-12-11T13:49:54.762770_normal.json.gz,system_load,normal,1028.7747771331378,1028.7747771331378,1,0,0.0
0,drift_then_rootkit,fixed,7,events/events_2024-12-11T14:02:16.335175_normal.json.gz,system_load,normal,1340.2350509902067,1340.2350509902067,1,0,0.0
0,drift_then_rootkit,fixed,8,events/events_2024-12-11T14:04:14.351339_normal.json.gz,system_load,normal,978.0315015716957,978.0315015716957,1,0,0.0
0,drift_then_rootkit,fixed,9,events/events_2024-12-11T14:25:10.864214_normal.json.gz,system_load,normal,997.9423235137752,997.9423235137752,1,0,0.0
0,drift_then_rootkit,fixed,10,events/events_2024-12-11T14:26:10.166742_normal.json.gz,system_load,normal,1113.7211281972914,1113.7211281972914,1,0,0.0
0,drift_then_rootkit,fixed,11,events/events_2024-12-11T14:19:19.894865_normal.json.gz,system_load,normal,1003.6176550849281,1003.6176550849281,1,0,0.0
0,drift_then_rootkit,fixed,12,events/events_2024-12-11T14:18:20.835075_normal.json.gz,system_load,normal,1053.8530816755313,1053.8530816755313,1,0,0.0
0,drift_then_rootkit,fixed,13,events/events_2024-12-11T14:19:00.062987_normal.json.gz,system_load,normal,2228.476569933546,2228.476569933546,1,0,0.0
0,drift_then_rootkit,fixed,14,events/events_2024-12-11T14:12:07.968693_normal.json.gz,system_load,normal,901.7661455336811,901.7661455336811,1,0,0.0
0,drift_then_rootkit,fixed,15,events/events_2024-12-11T14:10:09.742806_normal.json.gz,system_load,normal,795.3213830190432,795.3213830190432,1,0,0.0
0,drift_then_rootkit,fixed,16,events/events_2024-12-11T14:16:22.279711_normal.json.gz,system_load,normal,1962.5253479168855,1962.5253479168855,1,0,0.0
0,drift_then_rootkit,fixed,17,events/events_2024-12-11T14:24:13.383143_normal.json.gz,system_load,normal,1547.2029854255013,1547.2029854255013,1,0,0.0
0,drift_then_rootkit,fixed,18,events/events_2024-12-11T14:25:30.790836_normal.json.gz,system_load,normal,2112.0932335344505,2112.0932335344505,1,0,0.0
0,drift_then_rootkit,fixed,19,events/events_2024-12-11T14:29:06.563544_normal.json.gz,system_load,normal,976.395711265707,976.395711265707,1,0,0.0
0,drift_then_rootkit,fixed,20,events/events_2024-12-11T14:20:39.067081_normal.json.gz,system_load,normal,1203.833177068039,1203.833177068039,1,0,0.0
0,drift_then_rootkit,fixed,21,events/events_2024-12-11T13:57:43.823537_normal.json.gz,system_load,normal,1871.8324472832626,1871.8324472832626,1,0,0.0
0,drift_then_rootkit,fixed,22,events/events_2024-12-11T14:03:54.651625_normal.json.gz,system_load,normal,974.8184885950916,974.8184885950916,1,0,0.0
0,drift_then_rootkit,fixed,23,events/events_2024-12-11T14:15:03.927663_normal.json.gz,system_load,normal,1197.1848042982108,1197.1848042982108,1,0,0.0
0,drift_then_rootkit,fixed,24,events/events_2024-12-11T13:50:14.507073_normal.json.gz,system_load,normal,1218.043651410683,1218.043651410683,1,0,0.0
0,drift_then_rootkit,fixed,25,events/events_2024-12-11T13:57:24.472609_normal.json.gz,system_load,normal,1822.4266173042715,1822.4266173042715,1,0,0.0
0,drift_then_rootkit,fixed,26,events/events_2024-12-11T14:26:49.486424_normal.json.gz,system_load,normal,1092.6267221135024,1092.6267221135024,1,0,0.0
0,drift_then_rootkit,fixed,27,events/events_2024-12-11T14:00:58.195716_normal.json.gz,system_load,normal,839.6287226997382,839.6287226997382,1,0,0.0
0,drift_then_rootkit,fixed,28,events/events_2024-12-11T13:50:53.779470_normal.json.gz,system_load,normal,1221.0176862437747,1221.0176862437747,1,0,0.0
0,drift_then_rootkit,fixed,29,events/events_2024-12-11T14:27:09.271197_normal.json.gz,system_load,normal,1005.9801651803875,1005.9801651803875,1,0,0.0
0,drift_then_rootkit,fixed,30,events/events_2024-12-11T14:00:38.559006_normal.json.gz,system_load,normal,1314.4506173635712,1314.4506173635712,1,0,0.0
0,drift_then_rootkit,fixed,31,events/events_2024-12-11T14:21:37.522219_normal.json.gz,system_load,normal,1072.869548870692,1072.869548870692,1,0,0.0
0,drift_then_rootkit,fixed,32,events/events_2024-12-11T14:24:51.667293_normal.json.gz,system_load,normal,995.7288712666442,995.7288712666442,1,0,0.0
0,drift_then_rootkit,fixed,33,events/events_2024-12-11T13:52:51.383655_normal.json.gz,system_load,normal,1357.2808287455032,1357.2808287455032,1,0,0.0
0,drift_then_rootkit,fixed,34,events/events_2024-12-11T14:21:18.532051_normal.json.gz,system_load,normal,1138.7737417889946,1138.7737417889946,1,0,0.0
0,drift_then_rootkit,fixed,35,events/events_2024-12-11T14:06:32.671129_normal.json.gz,system_load,normal,1024.3700890459324,1024.3700890459324,1,0,0.0
0,drift_then_rootkit,fixed,36,events/events_2024-12-11T14:03:34.799539_normal.json.gz,system_load,normal,1110.7845862214322,1110.7845862214322,1,0,0.0
0,drift_then_rootkit,fixed,37,events/events_2024-12-11T14:19:59.439150_normal.json.gz,system_load,normal,2086.937380919204,2086.937380919204,1,0,0.0
0,drift_then_rootkit,fixed,38,events/events_2024-12-11T14:17:41.039104_normal.json.gz,system_load,normal,1339.094477889843,1339.094477889843,1,0,0.0
0,drift_then_rootkit,fixed,39,events/events_2024-12-11T14:04:34.155050_normal.json.gz,system_load,normal,1023.8961096953165,1023.8961096953165,1,0,0.0
0,drift_then_rootkit,fixed,40,events/events_2024-12-11T14:09:11.026216_normal.json.gz,system_load,normal,1142.5932220759892,1142.5932220759892,1,0,0.0
0,drift_then_rootkit,fixed,41,events/events_2024-12-11T14:02:55.447850_normal.json.gz,system_load,normal,1032.9322927101362,1032.9322927101362,1,0,0.0
0,drift_then_rootkit,fixed,42,events/events_2024-12-11T14:08:51.031476_normal.json.gz,system_load,normal,1923.8147169035863,1923.8147169035863,1,0,0.0
0,drift_then_rootkit,fixed,43,events/events_2024-12-11T14:27:28.695058_normal.json.gz,system_load,normal,910.0247316643337,910.0247316643337,1,0,0.0
0,drift_then_rootkit,fixed,44,events/events_2024-12-11T13:45:59.074945_normal.json.gz,system_load,normal,1092.1566206695825,1092.1566206695825,1,0,0.0
0,drift_then_rootkit,fixed,45,events/events_2024-12-11T13:41:24.095244_normal.json.gz,system_load,normal,1054.3947621230607,1054.3947621230607,1,0,0.0
0,drift_then_rootkit,fixed,46,events/events_2024-12-11T14:01:57.628977_normal.json.gz,system_load,normal,1015.9535311941452,1015.9535311941452,1,0,0.0
0,drift_then_rootkit,fixed,47,events/events_2024-12-11T14:19:39.711212_normal.json.gz,system_load,normal,992.2868780028571,992.2868780028571,1,0,0.0
0,drift_then_rootkit,fixed,48,events/events_2024-12-11T14:28:07.740138_normal.json.gz,system_load,normal,1752.2260332122728,1752.2260332122728,1,0,0.0
0,drift_then_rootkit,fixed,49,events/events_2024-12-11T14:16:41.967013_normal.json.gz,system_load,normal,890.2830373822143,890.2830373822143,1,0,0.0
0,drift_then_rootkit,fixed,50,events/events_2024-12-11T14:09:30.478700_normal.json.gz,system_load,normal,1154.6162013095795,1154.6162013095795,1,0,0.0
0,drift_then_rootkit,fixed,51,events/events_2024-12-11T14:59:25.018959_rootkit.json.gz,system_load,rootkit,1161.5491663825646,1161.5491663825646,1,0,0.0
0,drift_then_rootkit,fixed,52,events/events_2024-12-11T14:53:50.927948_rootkit.json.gz,system_load,rootkit,955.3318675170856,955.3318675170856,1,0,0.0
0,drift_then_rootkit,fixed,53,events/events_2024-12-11T14:30:30.275058_rootkit.json.gz,system_load,rootkit,1003.2044109732051,1003.2044109732051,1,0,0.0
0,drift_then_rootkit,fixed,54,events/events_2024-12-11T15:02:11.179043_rootkit.json.gz,system_load,rootkit,1002.85727633643,1002.85727633643,1,0,0.0
0,drift_then_rootkit,fixed,55,events/events_2024-12-11T15:03:14.427701_rootkit.json.gz,system_load,rootkit,1125.2592172422947,1125.2592172422947,1,0,0.0
0,drift_then_rootkit,fixed,56,events/events_2024-12-11T14:39:12.748234_rootkit.json.gz,system_load,rootkit,2025.2307767823052,2025.2307767823052,1,0,0.0
0,drift_then_rootkit,fixed,57,events/events_2024-12-11T14:35:02.659126_rootkit.json.gz,system_load,rootkit,1652.2324350550955,1652.2324350550955,1,0,0.0
0,drift_then_rootkit,fixed,58,events/events_2024-12-11T14:33:17.732004_rootkit.json.gz,system_load,rootkit,1057.4878149286676,1057.4878149286676,1,0,0.0
0,drift_then_rootkit,fixed,59,events/events_2024-12-11T14:57:19.931157_rootkit.json.gz,system_load,rootkit,1369.2318246878033,1369.2318246878033,1,0,0.0
0,drift_then_rootkit,fixed,60,events/events_2024-12-11T14:52:48.359641_rootkit.json.gz,system_load,rootkit,1015.0806298400389,1015.0806298400389,1,0,0.0
0,drift_then_rootkit,fixed,61,events/events_2024-12-11T14:32:36.530680_rootkit.json.gz,system_load,rootkit,979.8416922573615,979.8416922573615,1,0,0.0
0,drift_then_rootkit,fixed,62,events/events_2024-12-11T15:00:05.900535_rootkit.json.gz,system_load,rootkit,1289.3706524370234,1289.3706524370234,1,0,0.0
0,drift_then_rootkit,fixed,63,events/events_2024-12-11T14:56:58.930925_rootkit.json.gz,system_load,rootkit,1034.666015598346,1034.666015598346,1,0,0.0
0,drift_then_rootkit,fixed,64,events/events_2024-12-11T14:56:37.803456_rootkit.json.gz,system_load,rootkit,1167.3517371464482,1167.3517371464482,1,0,0.0
0,drift_then_rootkit,fixed,65,events/events_2024-12-11T14:52:06.603219_rootkit.json.gz,system_load,rootkit,1690.690532965375,1690.690532965375,1,0,0.0
0,drift_then_rootkit,fixed,66,events/events_2024-12-11T14:31:54.205930_rootkit.json.gz,system_load,rootkit,1034.637357298961,1034.637357298961,1,0,0.0
0,drift_then_rootkit,fixed,67,events/events_2024-12-11T15:03:35.311041_rootkit.json.gz,system_load,rootkit,1101.7650810834293,1101.7650810834293,1,0,0.0
0,drift_then_rootkit,fixed,68,events/events_2024-12-11T14:53:09.450212_rootkit.json.gz,system_load,rootkit,977.6574960675453,977.6574960675453,1,0,0.0
0,drift_then_rootkit,fixed,69,events/events_2024-12-11T14:30:51.469685_rootkit.json.gz,system_load,rootkit,1299.668670741371,1299.668670741371,1,0,0.0
0,drift_then_rootkit,fixed,70,events/events_2024-12-11T14:39:54.878866_rootkit.json.gz,system_load,rootkit,1196.453621988695,1196.453621988695,1,0,0.0
0,drift_then_rootkit,fixed,71,events/events_2024-12-11T14:58:01.267392_rootkit.json.gz,system_load,rootkit,1045.3072129521956,1045.3072129521956,1,0,0.0
0,drift_then_rootkit,fixed,72,events/events_2024-12-11T15:01:50.319155_rootkit.json.gz,system_load,rootkit,1035.8488412260137,1035.8488412260137,1,0,0.0
0,drift_then_rootkit,fixed,73,events/events_2024-12-11T14:55:14.386501_rootkit.json.gz,system_load,rootkit,1566.2223067235498,1566.2223067235498,1,0,0.0
0,drift_then_rootkit,fixed,74,events/events_2024-12-11T14:43:45.202800_rootkit.json.gz,system_load,rootkit,1041.952891223498,1041.952891223498,1,0,0.0
0,drift_then_rootkit,fixed,75,events/events_2024-12-11T14:49:19.562478_rootkit.json.gz,system_load,rootkit,1033.4645656330542,1033.4645656330542,1,0,0.0
0,drift_then_rootkit,fixed,76,events/events_2024-12-11T14:58:43.023921_rootkit.json.gz,system_load,rootkit,1101.6280591063119,1101.6280591063119,1,0,0.0
0,drift_then_rootkit,fixed,77,events/events_2024-12-11T14:31:33.423753_rootkit.json.gz,system_load,rootkit,1224.210704332181,1224.210704332181,1,0,0.0
0,drift_then_rootkit,fixed,78,events/events_2024-12-11T14:40:36.228303_rootkit.json.gz,system_load,rootkit,1012.3821852537469,1012.3821852537469,1,0,0.0
0,drift_then_rootkit,fixed,79,events/events_2024-12-11T14:44:06.007535_rootkit.json.gz,system_load,rootkit,1034.7518879042093,1034.7518879042093,1,0,0.0
0,drift_then_rootkit,fixed,80,events/events_2024-12-11T14:46:32.161986_rootkit.json.gz,system_load,rootkit,1024.042001087231,1024.042001087231,1,0,0.0
0,drift_then_rootkit,fixed,81,events/events_2024-12-11T14:44:26.486886_rootkit.json.gz,system_load,rootkit,1136.3774384423937,1136.3774384423937,1,0,0.0
0,drift_then_rootkit,fixed,82,events/events_2024-12-11T14:37:28.147068_rootkit.json.gz,system_load,rootkit,1138.8997364703023,1138.8997364703023,1,0,0.0
0,drift_then_rootkit,fixed,83,events/events_2024-12-11T14:44:47.678635_rootkit.json.gz,system_load,rootkit,1017.0517453285129,1017.0517453285129,1,0,0.0
0,drift_then_rootkit,fixed,84,events/events_2024-12-11T14:56:16.938199_rootkit.json.gz,system_load,rootkit,1027.6658835345534,1027.6658835345534,1,0,0.0
0,drift_then_rootkit,fixed,85,events/events_2024-12-11T14:41:18.407932_rootkit.json.gz,system_load,rootkit,1033.676634884932,1033.676634884932,1,0,0.0
0,drift_then_rootkit,fixed,86,events/events_2024-12-11T14:36:47.151123_rootkit.json.gz,system_load,rootkit,1131.989991783474,1131.989991783474,1,0,0.0
0,drift_then_rootkit,fixed,87,events/events_2024-12-11T14:55:35.435739_rootkit.json.gz,system_load,rootkit,1155.5697127019432,1155.5697127019432,1,0,0.0
0,drift_then_rootkit,fixed,88,events/events_2024-12-11T14:35:44.450525_rootkit.json.gz,system_load,rootkit,1015.813714449563,1015.813714449563,1,0,0.0
0,drift_then_rootkit,fixed,89,events/events_2024-12-11T14:45:08.622762_rootkit.json.gz,system_load,rootkit,1025.1473519975982,1025.1473519975982,1,0,0.0
0,drift_then_rootkit,fixed,90,events/events_2024-12-11T14:33:59.411701_rootkit.json.gz,system_load,rootkit,951.285257384908,951.285257384908,1,0,0.0
0,drift_then_rootkit,fixed,91,events/events_2024-12-11T14:43:03.451022_rootkit.json.gz,system_load,rootkit,995.6303404259246,995.6303404259246,1,0,0.0
0,drift_then_rootkit,fixed,92,events/events_2024-12-11T14:29:48.747104_rootkit.json.gz,system_load,rootkit,1065.4337214901818,1065.4337214901818,1,0,0.0
0,drift_then_rootkit,fixed,93,events/events_2024-12-11T14:32:56.794874_rootkit.json.gz,system_load,rootkit,1075.3420783373467,1075.3420783373467,1,0,0.0
0,drift_then_rootkit,fixed,94,events/events_2024-12-11T14:41:39.179666_rootkit.json.gz,system_load,rootkit,1021.6523710408728,1021.6523710408728,1,0,0.0
0,drift_then_rootkit,fixed,95,events/events_2024-12-11T14:37:49.123202_rootkit.json.gz,system_load,rootkit,1045.863620027649,1045.863620027649,1,0,0.0
0,drift_then_rootkit,fixed,96,events/events_2024-12-11T14:52:27.538974_rootkit.json.gz,system_load,rootkit,1416.9688175305357,1416.9688175305357,1,0,0.0
0,drift_then_rootkit,fixed,97,events/events_2024-12-11T14:42:21.407945_rootkit.json.gz,system_load,rootkit,1036.2816761610106,1036.2816761610106,1,0,0.0
0,drift_then_rootkit,fixed,98,events/events_2024-12-11T14:49:40.355278_rootkit.json.gz,system_load,rootkit,1112.9802065576046,1112.9802065576046,1,0,0.0
0,drift_then_rootkit,fixed,99,events/events_2024-12-11T14:40:15.579301_rootkit.json.gz,system_load,rootkit,1321.9450490474148,1321.9450490474148,1,0,0.0
0,drift_then_rootkit,fixed,100,events/events_2024-12-11T14:54:32.323613_rootkit.json.gz,system_load,rootkit,2367.887684239377,2367.887684239377,1,0,0.0
0,drift_then_rootkit,fixed,101,events/events_2024-12-11T14:42:42.422864_rootkit.json.gz,system_load,rootkit,1270.7645798889848,1270.7645798889848,1,0,0.0
0,drift_then_rootkit,fixed,102,events/events_2024-12-11T14:42:00.080695_rootkit.json.gz,system_load,rootkit,956.712760198738,956.712760198738,1,0,0.0
0,drift_then_rootkit,fixed,103,events/events_2024-12-11T14:50:42.336081_rootkit.json.gz,system_load,rootkit,2308.3847995128567,2308.3847995128567,1,0,0.0
0,drift_then_rootkit,fixed,104,events/events_2024-12-11T14:36:05.183559_rootkit.json.gz,system_load,rootkit,1034.630826157681,1034.630826157681,1,0,0.0
0,drift_then_rootkit,fixed,105,events/events_2024-12-11T14:39:33.919506_rootkit.json.gz,system_load,rootkit,1018.318956540124,1018.318956540124,1,0,0.0
0,drift_then_rootkit,fixed,106,events/events_2024-12-11T14:57:40.158967_rootkit.json.gz,system_load,rootkit,1175.085938341094,1175.085938341094,1,0,0.0
0,drift_then_rootkit,fixed,107,events/events_2024-12-11T14:51:03.366859_rootkit.json.gz,system_load,rootkit,960.1432317981369,960.1432317981369,1,0,0.0
0,drift_then_rootkit,fixed,108,events/events_2024-12-11T14:35:23.466266_rootkit.json.gz,system_load,rootkit,1036.6924610900558,1036.6924610900558,1,0,0.0
0,drift_then_rootkit,fixed,109,events/events_2024-12-11T14:31:12.367439_rootkit.json.gz,system_load,rootkit,2125.542328706009,2125.542328706009,1,0,0.0
0,drift_then_rootkit,fixed,110,events/events_2024-12-11T14:32:15.159219_rootkit.json.gz,system_load,rootkit,1032.3360357746624,1032.3360357746624,1,0,0.0
0,drift_then_rootkit,fixed,111,events/events_2024-12-11T14:40:57.307753_rootkit.json.gz,system_load,rootkit,1019.2373824811908,1019.2373824811908,1,0,0.0
0,drift_then_rootkit,fixed,112,events/events_2024-12-11T14:38:10.203563_rootkit.json.gz,system_load,rootkit,1657.3185269229978,1657.3185269229978,1,0,0.0
0,drift_then_rootkit,fixed,113,events/events_2024-12-11T14:55:56.074311_rootkit.json.gz,system_load,rootkit,964.6299587445519,964.6299587445519,1,0,0.0
0,drift_then_rootkit,fixed,114,events/events_2024-12-11T15:02:32.083240_rootkit.json.gz,system_load,rootkit,1122.0843197734573,1122.0843197734573,1,0,0.0
0,drift_then_rootkit,fixed,115,events/events_2024-12-11T14:38:51.882813_rootkit.json.gz,system_load,rootkit,2319.6045617202562,2319.6045617202562,1,0,0.0
0,drift_then_rootkit,fixed,116,events/events_2024-12-11T14:59:45.734847_rootkit.json.gz,system_load,rootkit,1370.5218167694704,1370.5218167694704,1,0,0.0
0,drift_then_rootkit,fixed,117,events/events_2024-12-11T14:50:21.426511_rootkit.json.gz,system_load,rootkit,1534.3803477031238,1534.3803477031238,1,0,0.0
0,drift_then_rootkit,fixed,118,events/events_2024-12-11T14:51:45.654597_rootkit.json.gz,system_load,rootkit,1334.4246679792998,1334.4246679792998,1,0,0.0
0,drift_then_rootkit,fixed,119,events/events_2024-12-11T14:48:16.594677_rootkit.json.gz,system_load,rootkit,2126.898349767801,2126.898349767801,1,0,0.0
0,drift_then_rootkit,fixed,120,events/events_2024-12-11T14:34:20.316132_rootkit.json.gz,system_load,rootkit,2338.0264690512163,2338.0264690512163,1,0,0.0
0,drift_then_rootkit,fixed,121,events/events_2024-12-11T14:43:24.240638_rootkit.json.gz,system_load,rootkit,1064.4593302790224,1064.4593302790224,1,0,0.0
0,drift_then_rootkit,fixed,122,events/events_2024-12-11T15:01:29.696445_rootkit.json.gz,system_load,rootkit,1160.144301989299,1160.144301989299,1,0,0.0
0,drift_then_rootkit,fixed,123,events/events_2024-12-11T14:51:24.346761_rootkit.json.gz,system_load,rootkit,1132.8748873011539,1132.8748873011539,1,0,0.0
0,drift_then_rootkit,fixed,124,events/events_2024-12-11T15:01:08.574688_rootkit.json.gz,system_load,rootkit,1072.813168501552,1072.813168501552,1,0,0.0
0,drift_then_rootkit,fixed,125,events/events_2024-12-11T14:48:58.854455_rootkit.json.gz,system_load,rootkit,1524.5808051019167,1524.5808051019167,1,0,0.0
0,drift_then_rootkit,fixed,126,events/events_2024-12-11T14:46:53.247549_rootkit.json.gz,system_load,rootkit,1109.0443976999225,1109.0443976999225,1,0,0.0
0,drift_then_rootkit,fixed,127,events/events_2024-12-11T14:38:31.073241_rootkit.json.gz,system_load,rootkit,1068.4444067827212,1068.4444067827212,1,0,0.0
0,drift_then_rootkit,fixed,128,events/events_2024-12-11T14:58:22.191895_rootkit.json.gz,system_load,rootkit,977.9001198471371,977.9001198471371,1,0,0.0
0,drift_then_rootkit,fixed,129,events/events_2024-12-11T14:45:29.662596_rootkit.json.gz,system_load,rootkit,1474.666066138272,1474.666066138272,1,0,0.0
0,drift_then_rootkit,fixed,130,events/events_2024-12-11T14:34:41.647874_rootkit.json.gz,system_load,rootkit,1020.5613184982357,1020.5613184982357,1,0,0.0
0,drift_then_rootkit,fixed,131,events/events_2024-12-11T15:00:47.511922_rootkit.json.gz,system_load,rootkit,1003.2015555355216,1003.2015555355216,1,0,0.0
0,drift_then_rootkit,fixed,132,events/events_2024-12-11T14:53:30.190835_rootkit.json.gz,system_load,rootkit,1025.2497653598205,1025.2497653598205,1,0,0.0
0,drift_then_rootkit,fixed,133,events/events_2024-12-11T14:45:50.690673_rootkit.json.gz,system_load,rootkit,1007.7135032095647,1007.7135032095647,1,0,0.0
0,drift_then_rootkit,fixed,134,events/events_2024-12-11T15:02:53.199482_rootkit.json.gz,system_load,rootkit,1496.0530918319691,1496.0530918319691,1,0,0.0
0,drift_then_rootkit,fixed,135,events/events_2024-12-11T14:46:11.215346_rootkit.json.gz,system_load,rootkit,1077.1759205468138,1077.1759205468138,1,0,0.0
0,drift_then_rootkit,fixed,136,events/events_2024-12-11T14:37:07.874291_rootkit.json.gz,system_load,rootkit,2154.228510730374,2154.228510730374,1,0,0.0
0,drift_then_rootkit,fixed,137,events/events_2024-12-11T14:29:27.576864_rootkit.json.gz,system_load,rootkit,1186.0196214636085,1186.0196214636085,1,0,0.0
0,drift_then_rootkit,fixed,138,events/events_2024-12-11T14:54:53.459663_rootkit.json.gz,system_load,rootkit,1032.1650956788185,1032.1650956788185,1,0,0.0
0,drift_then_rootkit,fixed,139,events/events_2024-12-11T14:30:09.546936_rootkit.json.gz,system_load,rootkit,1978.6749883274838,1978.6749883274838,1,0,0.0
0,drift_then_rootkit,fixed,140,events/events_2024-12-11T14:47:13.657733_rootkit.json.gz,system_load,rootkit,987.9864807470306,987.9864807470306,1,0,0.0
0,drift_then_rootkit,fixed,141,events/events_2024-12-11T14:47:34.543032_rootkit.json.gz,system_load,rootkit,1083.0854683687535,1083.0854683687535,1,0,0.0
0,drift_then_rootkit,fixed,142,events/events_2024-12-11T14:50:00.695601_rootkit.json.gz,system_load,rootkit,2155.9888400168943,2155.9888400168943,1,0,0.0
0,drift_then_rootkit,fixed,143,events/events_2024-12-11T15:00:26.635172_rootkit.json.gz,system_load,rootkit,1927.0284847432004,1927.0284847432004,1,0,0.0
0,drift_then_rootkit,fixed,144,events/events_2024-12-11T14:48:37.950808_rootkit.json.gz,system_load,rootkit,1101.8622564289376,1101.8622564289376,1,0,0.0
0,drift_then_rootkit,fixed,145,events/events_2024-12-11T14:36:26.267365_rootkit.json.gz,system_load,rootkit,1157.290947368779,1157.290947368779,1,0,0.0
0,drift_then_rootkit,fixed,146,events/events_2024-12-11T15:03:56.299556_rootkit.json.gz,system_load,rootkit,1151.8538309532769,1151.8538309532769,1,0,0.0
0,drift_then_rootkit,fixed,147,events/events_2024-12-11T14:54:11.886636_rootkit.json.gz,system_load,rootkit,1570.7039531225394,1570.7039531225394,1,0,0.0
0,drift_then_rootkit,fixed,148,events/events_2024-12-11T14:47:55.550389_rootkit.json.gz,system_load,rootkit,2148.420736288301,2148.420736288301,1,0,0.0
0,drift_then_rootkit,fixed,149,events/events_2024-12-11T14:59:04.056579_rootkit.json.gz,system_load,rootkit,1521.2916780129246,1521.2916780129246,1,0,0.0
0,drift_then_rootkit,fixed,150,events/events_2024-12-11T14:33:38.534631_rootkit.json.gz,system_load,rootkit,1352.976670698923,1352.976670698923,1,0,0.0
0,drift_then_rootkit,blind_50,1,events/events_2024-12-11T13:41:43.870764_normal.json.gz,system_load,normal,1100.3356380796683,1100.3356380796683,1,1,0.0
0,drift_then_rootkit,blind_50,2,events/events_2024-12-11T14:25:50.327175_normal.json.gz,system_load,normal,51.79519226137393,51.79519226137393,1,1,0.0
0,drift_then_rootkit,blind_50,3,events/events_2024-12-11T13:53:50.650910_normal.json.gz,system_load,normal,50.06405509553443,50.06405509553443,1,1,0.0
0,drift_then_rootkit,blind_50,4,events/events_2024-12-11T14:11:48.139392_normal.json.gz,system_load,normal,48.915823757659005,48.915823757659005,1,1,0.0
0,drift_then_rootkit,blind_50,5,events/events_2024-12-11T13:56:05.956281_normal.json.gz,system_load,normal,15.714543246978886,15.714543246978886,0,1,0.0
0,drift_then_rootkit,blind_50,6,events/events_2024-12-11T13:49:54.762770_normal.json.gz,system_load,normal,25.844491281637172,25.844491281637172,0,1,0.0
0,drift_then_rootkit,blind_50,7,events/events_2024-12-11T14:02:16.335175_normal.json.gz,system_load,normal,13.523424454859148,13.523424454859148,0,1,0.0
0,drift_then_rootkit,blind_50,8,events/events_2024-12-11T14:04:14.351339_normal.json.gz,system_load,normal,11.579575232926642,11.579575232926642,0,1,0.0
0,drift_then_rootkit,blind_50,9,events/events_2024-12-11T14:25:10.864214_normal.json.gz,system_load,normal,8.930195484288971,8.930195484288971,0,1,0.0
0,drift_then_rootkit,blind_50,10,events/events_2024-12-11T14:26:10.166742_normal.json.gz,system_load,normal,9.442258016116782,9.442258016116782,0,1,0.0
0,drift_then_rootkit,blind_50,11,events/events_2024-12-11T14:19:19.894865_normal.json.gz,system_load,normal,9.65870479261799,9.65870479261799,0,1,0.0
0,drift_then_rootkit,blind_50,12,events/events_2024-12-11T14:18:20.835075_normal.json.gz,system_load,normal,37.13085049939079,37.13085049939079,1,1,0.0
0,drift_then_rootkit,blind_50,13,events/events_2024-12-11T14:19:00.062987_normal.json.gz,system_load,normal,37.29745346817377,37.29745346817377,1,1,0.0
0,drift_then_rootkit,blind_50,14,events/events_2024-12-11T14:12:07.968693_normal.json.gz,system_load,normal,13.763109861951747,13.763109861951747,0,1,0.0
0,drift_then_rootkit,blind_50,15,events/events_2024-12-11T14:10:09.742806_normal.json.gz,system_load,normal,90.33865240108105,90.33865240108105,1,1,0.0
0,drift_then_rootkit,blind_50,16,events/events_2024-12-11T14:16:22.279711_normal.json.gz,system_load,normal,16.42690898477356,16.42690898477356,0,1,0.0
0,drift_then_rootkit,blind_50,17,events/events_2024-12-11T14:24:13.383143_normal.json.gz,system_load,normal,15.35027963048462,15.35027963048462,0,1,0.0
0,drift_then_rootkit,blind_50,18,events/events_2024-12-11T14:25:30.790836_normal.json.gz,system_load,normal,14.916132528705539,14.916132528705539,0,1,0.0
0,drift_then_rootkit,blind_50,19,events/events_2024-12-11T14:29:06.563544_normal.json.gz,system_load,normal,9.434861705610544,9.434861705610544,0,1,0.0
0,drift_then_rootkit,blind_50,20,events/events_2024-12-11T14:20:39.067081_normal.json.gz,system_load,normal,19.837310867262858,19.837310867262858,0,1,0.0
0,drift_then_rootkit,blind_50,21,events/events_2024-12-11T13:57:43.823537_normal.json.gz,system_load,normal,8.451725492455122,8.451725492455122,0,1,0.0
0,drift_then_rootkit,blind_50,22,events/events_2024-12-11T14:03:54.651625_normal.json.gz,system_load,normal,7.653863347761601,7.653863347761601,0,1,0.0
0,drift_then_rootkit,blind_50,23,events/events_2024-12-11T14:15:03.927663_normal.json.gz,system_load,normal,5.332387881552563,5.332387881552563,0,1,0.0
0,drift_then_rootkit,blind_50,24,events/events_2024-12-11T13:50:14.507073_normal.json.gz,system_load,normal,2.81726187769356,2.81726187769356,0,1,0.0
0,drift_then_rootkit,blind_50,25,events/events_2024-12-11T13:57:24.472609_normal.json.gz,system_load,normal,11.996081402883174,11.996081402883174,0,1,0.0
0,drift_then_rootkit,blind_50,26,events/events_2024-12-11T14:26:49.486424_normal.json.gz,system_load,normal,4.23375904668983,4.23375904668983,0,1,0.0
0,drift_then_rootkit,blind_50,27,events/events_2024-12-11T14:00:58.195716_normal.json.gz,system_load,normal,45.366439239906214,45.366439239906214,1,1,0.0
0,drift_then_rootkit,blind_50,28,events/events_2024-12-11T13:50:53.779470_normal.json.gz,system_load,normal,9.433784949996504,9.433784949996504,0,1,0.0
0,drift_then_rootkit,blind_50,29,events/events_2024-12-11T14:27:09.271197_normal.json.gz,system_load,normal,20.02777223834211,20.02777223834211,0,1,0.0
0,drift_then_rootkit,blind_50,30,events/events_2024-12-11T14:00:38.559006_normal.json.gz,system_load,normal,4.868399982228471,4.868399982228471,0,1,0.0
0,drift_then_rootkit,blind_50,31,events/events_2024-12-11T14:21:37.522219_normal.json.gz,system_load,normal,22.329377278597477,22.329377278597477,0,1,0.0
0,drift_then_rootkit,blind_50,32,events/events_2024-12-11T14:24:51.667293_normal.json.gz,system_load,normal,8.830900640856008,8.830900640856008,0,1,0.0
0,drift_then_rootkit,blind_50,33,events/events_2024-12-11T13:52:51.383655_normal.json.gz,system_load,normal,8.705120783944402,8.705120783944402,0,1,0.0
0,drift_then_rootkit,blind_50,34,events/events_2024-12-11T14:21:18.532051_normal.json.gz,system_load,normal,4.549575902933743,4.549575902933743,0,1,0.0
0,drift_then_rootkit,blind_50,35,events/events_2024-12-11T14:06:32.671129_normal.json.gz,system_load,normal,5.875956606683502,5.875956606683502,0,1,0.0
0,drift_then_rootkit,blind_50,36,events/events_2024-12-11T14:03:34.799539_normal.json.gz,system_load,normal,3.5569116688568627,3.5569116688568627,0,1,0.0
0,drift_then_rootkit,blind_50,37,events/events_2024-12-11T14:19:59.439150_normal.json.gz,system_load,normal,12.240844309982284,12.240844309982284,0,1,0.0
0,drift_then_rootkit,blind_50,38,events/events_2024-12-11T14:17:41.039104_normal.json.gz,system_load,normal,3.1796801054620474,3.1796801054620474,0,1,0.0
0,drift_then_rootkit,blind_50,39,events/events_2024-12-11T14:04:34.155050_normal.json.gz,system_load,normal,11.852521146464582,11.852521146464582,0,1,0.0
0,drift_then_rootkit,blind_50,40,events/events_2024-12-11T14:09:11.026216_normal.json.gz,system_load,normal,20.765069142383204,20.765069142383204,0,1,0.0
0,drift_then_rootkit,blind_50,41,events/events_2024-12-11T14:02:55.447850_normal.json.gz,system_load,normal,9.840003167539152,9.840003167539152,0,1,0.0
0,drift_then_rootkit,blind_50,42,events/events_2024-12-11T14:08:51.031476_normal.json.gz,system_load,normal,12.28173242307842,12.28173242307842,0,1,0.0
0,drift_then_rootkit,blind_50,43,events/events_2024-12-11T14:27:28.695058_normal.json.gz,system_load,normal,14.737547178965805,14.737547178965805,0,1,0.0
0,drift_then_rootkit,blind_50,44,events/events_2024-12-11T13:45:59.074945_normal.json.gz,system_load,normal,41.99133724315222,41.99133724315222,1,1,0.0
0,drift_then_rootkit,blind_50,45,events/events_2024-12-11T13:41:24.095244_normal.json.gz,system_load,normal,7.745130038946941,7.745130038946941,0,1,0.0
0,drift_then_rootkit,blind_50,46,events/events_2024-12-11T14:01:57.628977_normal.json.gz,system_load,normal,5.345165674727111,5.345165674727111,0,1,0.0
0,drift_then_rootkit,blind_50,47,events/events_2024-12-11T14:19:39.711212_normal.json.gz,system_load,normal,11.706687767062483,11.706687767062483,0,1,0.0
0,drift_then_rootkit,blind_50,48,events/events_2024-12-11T14:28:07.740138_normal.json.gz,system_load,normal,12.091180847981324,12.091180847981324,0,1,0.0
0,drift_then_rootkit,blind_50,49,events/events_2024-12-11T14:16:41.967013_normal.json.gz,system_load,normal,7.248203163209295,7.248203163209295,0,1,0.0
0,drift_then_rootkit,blind_50,50,events/events_2024-12-11T14:09:30.478700_normal.json.gz,system_load,normal,4.647076516193721,4.647076516193721,0,1,0.0
0,drift_then_rootkit,blind_50,51,events/events_2024-12-11T14:59:25.018959_rootkit.json.gz,system_load,rootkit,1486.4605781674904,1486.4605781674904,1,1,0.02
0,drift_then_rootkit,blind_50,52,events/events_2024-12-11T14:53:50.927948_rootkit.json.gz,system_load,rootkit,57.271587676176615,57.271587676176615,1,1,0.04
0,drift_then_rootkit,blind_50,53,events/events_2024-12-11T14:30:30.275058_rootkit.json.gz,system_load,rootkit,31.56600992169097,31.56600992169097,0,1,0.06
0,drift_then_rootkit,blind_50,54,events/events_2024-12-11T15:02:11.179043_rootkit.json.gz,system_load,rootkit,21.19280688409514,21.19280688409514,0,1,0.08
0,drift_then_rootkit,blind_50,55,events/events_2024-12-11T15:03:14.427701_rootkit.json.gz,system_load,rootkit,38.64204529660983,38.64204529660983,1,1,0.1
0,drift_then_rootkit,blind_50,56,events/events_2024-12-11T14:39:12.748234_rootkit.json.gz,system_load,rootkit,38.13485457605335,38.13485457605335,1,1,0.12
0,drift_then_rootkit,blind_50,57,events/events_2024-12-11T14:35:02.659126_rootkit.json.gz,system_load,rootkit,53.76641582370276,53.76641582370276,1,1,0.14
0,drift_then_rootkit,blind_50,58,events/events_2024-12-11T14:33:17.732004_rootkit.json.gz,system_load,rootkit,818.7170013694247,818.7170013694247,1,1,0.16
0,drift_then_rootkit,blind_50,59,events/events_2024-12-11T14:57:19.931157_rootkit.json.gz,system_load,rootkit,13.424027300473236,13.424027300473236,0,1,0.18
0,drift_then_rootkit,blind_50,60,events/events_2024-12-11T14:52:48.359641_rootkit.json.gz,system_load,rootkit,48.06660342430567,48.06660342430567,1,1,0.2
0,drift_then_rootkit,blind_50,61,events/events_2024-12-11T14:32:36.530680_rootkit.json.gz,system_load,rootkit,35.52896189227832,35.52896189227832,1,1,0.22
0,drift_then_rootkit,blind_50,62,events/events_2024-12-11T15:00:05.900535_rootkit.json.gz,system_load,rootkit,14.460050858543818,14.460050858543818,0,1,0.24
0,drift_then_rootkit,blind_50,63,events/events_2024-12-11T14:56:58.930925_rootkit.json.gz,system_load,rootkit,17.69016875998127,17.69016875998127,0,1,0.26
0,drift_then_rootkit,blind_50,64,events/events_2024-12-11T14:56:37.803456_rootkit.json.gz,system_load,rootkit,10.313335154388355,10.313335154388355,0,1,0.28
0,drift_then_rootkit,blind_50,65,events/events_2024-12-11T14:52:06.603219_rootkit.json.gz,system_load,rootkit,23.322252003681527,23.322252003681527,0,1,0.3
0,drift_then_rootkit,blind_50,66,events/events_2024-12-11T14:31:54.205930_rootkit.json.gz,system_load,rootkit,10.759374114091314,10.759374114091314,0,1,0.32
0,drift_then_rootkit,blind_50,67,events/events_2024-12-11T15:03:35.311041_rootkit.json.gz,system_load,rootkit,13.488554337206782,13.488554337206782,0,1,0.34
0,drift_then_rootkit,blind_50,68,events/events_2024-12-11T14:53:09.450212_rootkit.json.gz,system_load,rootkit,10.249026205728669,10.249026205728669,0,1,0.36
0,drift_then_rootkit,blind_50,69,events/events_2024-12-11T14:30:51.469685_rootkit.json.gz,system_load,rootkit,13.629510555286926,13.629510555286926,0,1,0.38
0,drift_then_rootkit,blind_50,70,events/events_2024-12-11T14:39:54.878866_rootkit.json.gz,system_load,rootkit,6.749603655967822,6.749603655967822,0,1,0.4
0,drift_then_rootkit,blind_50,71,events/events_2024-12-11T14:58:01.267392_rootkit.json.gz,system_load,rootkit,13.156781415397942,13.156781415397942,0,1,0.42
0,drift_then_rootkit,blind_50,72,events/events_2024-12-11T15:01:50.319155_rootkit.json.gz,system_load,rootkit,89.4213614978401,89.4213614978401,1,1,0.44
0,drift_then_rootkit,blind_50,73,events/events_2024-12-11T14:55:14.386501_rootkit.json.gz,system_load,rootkit,17.265867385796387,17.265867385796387,0,1,0.46
0,drift_then_rootkit,blind_50,74,events/events_2024-12-11T14:43:45.202800_rootkit.json.gz,system_load,rootkit,8.271738767419173,8.271738767419173,0,1,0.48
0,drift_then_rootkit,blind_50,75,events/events_2024-12-11T14:49:19.562478_rootkit.json.gz,system_load,rootkit,12.805142004210905,12.805142004210905,0,1,0.5
0,drift_then_rootkit,blind_50,76,events/events_2024-12-11T14:58:43.023921_rootkit.json.gz,system_load,rootkit,11.556451846153156,11.556451846153156,0,1,0.52
0,drift_then_rootkit,blind_50,77,events/events_2024-12-11T14:31:33.423753_rootkit.json.gz,system_load,rootkit,17.63255750948286,17.63255750948286,0,1,0.54
0,drift_then_rootkit,blind_50,78,events/events_2024-12-11T14:40:36.228303_rootkit.json.gz,system_load,rootkit,6.482910431905039,6.482910431905039,0,1,0.56
0,drift_then_rootkit,blind_50,79,events/events_2024-12-11T14:44:06.007535_rootkit.json.gz,system_load,rootkit,15.946843630016755,15.946843630016755,0,1,0.58
0,drift_then_rootkit,blind_50,80,events/events_2024-12-11T14:46:32.161986_rootkit.json.gz,system_load,rootkit,31.286106471404707,31.286106471404707,0,1,0.6
0,drift_then_rootkit,blind_50,81,events/events_2024-12-11T14:44:26.486886_rootkit.json.gz,system_load,rootkit,8.774763257517797,8.774763257517797,0,1,0.62
0,drift_then_rootkit,blind_50,82,events/events_2024-12-11T14:37:28.147068_rootkit.json.gz,system_load,rootkit,62.94531213920543,62.94531213920543,1,1,0.64
0,drift_then_rootkit,blind_50,83,events/events_2024-12-11T14:44:47.678635_rootkit.json.gz,system_load,rootkit,46.5964664500966,46.5964664500966,1,1,0.66
0,drift_then_rootkit,blind_50,84,events/events_2024-12-11T14:56:16.938199_rootkit.json.gz,system_load,rootkit,16.50969090569001,16.50969090569001,0,1,0.68
0,drift_then_rootkit,blind_50,85,events/events_2024-12-11T14:41:18.407932_rootkit.json.gz,system_load,rootkit,67.48496932671105,67.48496932671105,1,1,0.7
0,drift_then_rootkit,blind_50,86,events/events_2024-12-11T14:36:47.151123_rootkit.json.gz,system_load,rootkit,10.27760402051596,10.27760402051596,0,1,0.72
0,drift_then_rootkit,blind_50,87,events/events_2024-12-11T14:55:35.435739_rootkit.json.gz,system_load,rootkit,12.772498626028487,12.772498626028487,0,1,0.74
0,drift_then_rootkit,blind_50,88,events/events_2024-12-11T14:35:44.450525_rootkit.json.gz,system_load,rootkit,9.064367984301878,9.064367984301878,0,1,0.76
0,drift_then_rootkit,blind_50,89,events/events_2024-12-11T14:45:08.622762_rootkit.json.gz,system_load,rootkit,16.05819088034323,16.05819088034323,0,1,0.78
0,drift_then_rootkit,blind_50,90,events/events_2024-12-11T14:33:59.411701_rootkit.json.gz,system_load,rootkit,45.0611979409444,45.0611979409444,1,1,0.8
0,drift_then_rootkit,blind_50,91,events/events_2024-12-11T14:43:03.451022_rootkit.json.gz,system_load,rootkit,12.892483770546724,12.892483770546724,0,1,0.82
0,drift_then_rootkit,blind_50,92,events/events_2024-12-11T14:29:48.747104_rootkit.json.gz,system_load,rootkit,19.661127231298014,19.661127231298014,0,1,0.84
0,drift_then_rootkit,blind_50,93,events/events_2024-12-11T14:32:56.794874_rootkit.json.gz,system_load,rootkit,15.68272363250471,15.68272363250471,0,1,0.86
0,drift_then_rootkit,blind_50,94,events/events_2024-12-11T14:41:39.179666_rootkit.json.gz,system_load,rootkit,8.687746360510587,8.687746360510587,0,1,0.88
0,drift_then_rootkit,blind_50,95,events/events_2024-12-11T14:37:49.123202_rootkit.json.gz,system_load,rootkit,8.077391147711346,8.077391147711346,0,1,0.9
0,drift_then_rootkit,blind_50,96,events/events_2024-12-11T14:52:27.538974_rootkit.json.gz,system_load,rootkit,9.77159799063863,9.77159799063863,0,1,0.92
0,drift_then_rootkit,blind_50,97,events/events_2024-12-11T14:42:21.407945_rootkit.json.gz,system_load,rootkit,8.398476851128303,8.398476851128303,0,1,0.94
0,drift_then_rootkit,blind_50,98,events/events_2024-12-11T14:49:40.355278_rootkit.json.gz,system_load,rootkit,8.2362611087264,8.2362611087264,0,1,0.96
0,drift_then_rootkit,blind_50,99,events/events_2024-12-11T14:40:15.579301_rootkit.json.gz,system_load,rootkit,39.398585454947494,39.398585454947494,1,1,0.98
0,drift_then_rootkit,blind_50,100,events/events_2024-12-11T14:54:32.323613_rootkit.json.gz,system_load,rootkit,46.99927324486749,46.99927324486749,1,1,1.0
0,drift_then_rootkit,blind_50,101,events/events_2024-12-11T14:42:42.422864_rootkit.json.gz,system_load,rootkit,14.555982696259255,14.555982696259255,0,1,1.0
0,drift_then_rootkit,blind_50,102,events/events_2024-12-11T14:42:00.080695_rootkit.json.gz,system_load,rootkit,16.44100287177836,16.44100287177836,0,1,1.0
0,drift_then_rootkit,blind_50,103,events/events_2024-12-11T14:50:42.336081_rootkit.json.gz,system_load,rootkit,36.38451470346779,36.38451470346779,1,1,1.0
0,drift_then_rootkit,blind_50,104,events/events_2024-12-11T14:36:05.183559_rootkit.json.gz,system_load,rootkit,16.748935424656715,16.748935424656715,0,1,1.0
0,drift_then_rootkit,blind_50,105,events/events_2024-12-11T14:39:33.919506_rootkit.json.gz,system_load,rootkit,22.374914378860932,22.374914378860932,0,1,1.0
0,drift_then_rootkit,blind_50,106,events/events_2024-12-11T14:57:40.158967_rootkit.json.gz,system_load,rootkit,223.51018700902853,223.51018700902853,1,1,1.0
0,drift_then_rootkit,blind_50,107,events/events_2024-12-11T14:51:03.366859_rootkit.json.gz,system_load,rootkit,11.43133593289839,11.43133593289839,0,1,1.0
0,drift_then_rootkit,blind_50,108,events/events_2024-12-11T14:35:23.466266_rootkit.json.gz,system_load,rootkit,8.615738269381733,8.615738269381733,0,1,1.0
0,drift_then_rootkit,blind_50,109,events/events_2024-12-11T14:31:12.367439_rootkit.json.gz,system_load,rootkit,18.936934591091536,18.936934591091536,0,1,1.0
0,drift_then_rootkit,blind_50,110,events/events_2024-12-11T14:32:15.159219_rootkit.json.gz,system_load,rootkit,29.249076908725595,29.249076908725595,0,1,1.0
0,drift_then_rootkit,blind_50,111,events/events_2024-12-11T14:40:57.307753_rootkit.json.gz,system_load,rootkit,13.409605117373525,13.409605117373525,0,1,1.0
0,drift_then_rootkit,blind_50,112,events/events_2024-12-11T14:38:10.203563_rootkit.json.gz,system_load,rootkit,31.573152479968442,31.573152479968442,0,1,1.0
0,drift_then_rootkit,blind_50,113,events/events_2024-12-11T14:55:56.074311_rootkit.json.gz,system_load,rootkit,11.116832588327327,11.116832588327327,0,1,1.0
0,drift_then_rootkit,blind_50,114,events/events_2024-12-11T15:02:32.083240_rootkit.json.gz,system_load,rootkit,7.538646222703373,7.538646222703373,0,1,1.0
0,drift_then_rootkit,blind_50,115,events/events_2024-12-11T14:38:51.882813_rootkit.json.gz,system_load,rootkit,21.369904688567214,21.369904688567214,0,1,1.0
0,drift_then_rootkit,blind_50,116,events/events_2024-12-11T14:59:45.734847_rootkit.json.gz,system_load,rootkit,8.953051059164787,8.953051059164787,0,1,1.0
0,drift_then_rootkit,blind_50,117,events/events_2024-12-11T14:50:21.426511_rootkit.json.gz,system_load,rootkit,12.337570428596422,12.337570428596422,0,1,1.0
0,drift_then_rootkit,blind_50,118,events/events_2024-12-11T14:51:45.654597_rootkit.json.gz,system_load,rootkit,27.648065597325925,27.648065597325925,0,1,1.0
0,drift_then_rootkit,blind_50,119,events/events_2024-12-11T14:48:16.594677_rootkit.json.gz,system_load,rootkit,15.683702697893704,15.683702697893704,0,1,1.0
0,drift_then_rootkit,blind_50,120,events/events_2024-12-11T14:34:20.316132_rootkit.json.gz,system_load,rootkit,15.011159372163675,15.011159372163675,0,1,1.0
0,drift_then_rootkit,blind_50,121,events/events_2024-12-11T14:43:24.240638_rootkit.json.gz,system_load,rootkit,10.424674922273791,10.424674922273791,0,1,1.0
0,drift_then_rootkit,blind_50,122,events/events_2024-12-11T15:01:29.696445_rootkit.json.gz,system_load,rootkit,87.10309664813224,87.10309664813224,1,1,1.0
0,drift_then_rootkit,blind_50,123,events/events_2024-12-11T14:51:24.346761_rootkit.json.gz,system_load,rootkit,52.948819077409524,52.948819077409524,1,1,1.0
0,drift_then_rootkit,blind_50,124,events/events_2024-12-11T15:01:08.574688_rootkit.json.gz,system_load,rootkit,10.521521802670533,10.521521802670533,0,1,1.0
0,drift_then_rootkit,blind_50,125,events/events_2024-12-11T14:48:58.854455_rootkit.json.gz,system_load,rootkit,22.643439459173468,22.643439459173468,0,1,1.0
0,drift_then_rootkit,blind_50,126,events/events_2024-12-11T14:46:53.247549_rootkit.json.gz,system_load,rootkit,8.304133978680765,8.304133978680765,0,1,1.0
0,drift_then_rootkit,blind_50,127,events/events_2024-12-11T14:38:31.073241_rootkit.json.gz,system_load,rootkit,16.059250615035587,16.059250615035587,0,1,1.0
0,drift_then_rootkit,blind_50,128,events/events_2024-12-11T14:58:22.191895_rootkit.json.gz,system_load,rootkit,13.343687699974497,13.343687699974497,0,1,1.0
0,drift_then_rootkit,blind_50,129,events/events_2024-12-11T14:45:29.662596_rootkit.json.gz,system_load,rootkit,7.77810340986917,7.77810340986917,0,1,1.0
0,drift_then_rootkit,blind_50,130,events/events_2024-12-11T14:34:41.647874_rootkit.json.gz,system_load,rootkit,28.766851909940375,28.766851909940375,0,1,1.0
0,drift_then_rootkit,blind_50,131,events/events_2024-12-11T15:00:47.511922_rootkit.json.gz,system_load,rootkit,20.07672542347061,20.07672542347061,0,1,1.0
0,drift_then_rootkit,blind_50,132,events/events_2024-12-11T14:53:30.190835_rootkit.json.gz,system_load,rootkit,6.214783933649864,6.214783933649864,0,1,1.0
0,drift_then_rootkit,blind_50,133,events/events_2024-12-11T14:45:50.690673_rootkit.json.gz,system_load,rootkit,6.2802142703004815,6.2802142703004815,0,1,1.0
0,drift_then_rootkit,blind_50,134,events/events_2024-12-11T15:02:53.199482_rootkit.json.gz,system_load,rootkit,16.4233606113617,16.4233606113617,0,1,1.0
0,drift_then_rootkit,blind_50,135,events/events_2024-12-11T14:46:11.215346_rootkit.json.gz,system_load,rootkit,4.520406534585663,4.520406534585663,0,1,1.0
0,drift_then_rootkit,blind_50,136,events/events_2024-12-11T14:37:07.874291_rootkit.json.gz,system_load,rootkit,13.42608064177109,13.42608064177109,0,1,1.0
0,drift_then_rootkit,blind_50,137,events/events_2024-12-11T14:29:27.576864_rootkit.json.gz,system_load,rootkit,6.828341969116498,6.828341969116498,0,1,1.0
0,drift_then_rootkit,blind_50,138,events/events_2024-12-11T14:54:53.459663_rootkit.json.gz,system_load,rootkit,10.102832089907357,10.102832089907357,0,1,1.0
0,drift_then_rootkit,blind_50,139,events/events_2024-12-11T14:30:09.546936_rootkit.json.gz,system_load,rootkit,11.093230111104114,11.093230111104114,0,1,1.0
0,drift_then_rootkit,blind_50,140,events/events_2024-12-11T14:47:13.657733_rootkit.json.gz,system_load,rootkit,8.130039346344965,8.130039346344965,0,1,1.0
0,drift_then_rootkit,blind_50,141,events/events_2024-12-11T14:47:34.543032_rootkit.json.gz,system_load,rootkit,22.59920973970833,22.59920973970833,0,1,1.0
0,drift_then_rootkit,blind_50,142,events/events_2024-12-11T14:50:00.695601_rootkit.json.gz,system_load,rootkit,20.952851409334862,20.952851409334862,0,1,1.0
0,drift_then_rootkit,blind_50,143,events/events_2024-12-11T15:00:26.635172_rootkit.json.gz,system_load,rootkit,15.652442494522651,15.652442494522651,0,1,1.0
0,drift_then_rootkit,blind_50,144,events/events_2024-12-11T14:48:37.950808_rootkit.json.gz,system_load,rootkit,9.301656296215553,9.301656296215553,0,1,1.0
0,drift_then_rootkit,blind_50,145,events/events_2024-12-11T14:36:26.267365_rootkit.json.gz,system_load,rootkit,11.76176897179648,11.76176897179648,0,1,1.0
0,drift_then_rootkit,blind_50,146,events/events_2024-12-11T15:03:56.299556_rootkit.json.gz,system_load,rootkit,7.155233661999244,7.155233661999244,0,1,1.0
0,drift_then_rootkit,blind_50,147,events/events_2024-12-11T14:54:11.886636_rootkit.json.gz,system_load,rootkit,10.324486094135787,10.324486094135787,0,1,1.0
0,drift_then_rootkit,blind_50,148,events/events_2024-12-11T14:47:55.550389_rootkit.json.gz,system_load,rootkit,9.03869938102154,9.03869938102154,0,1,1.0
0,drift_then_rootkit,blind_50,149,events/events_2024-12-11T14:59:04.056579_rootkit.json.gz,system_load,rootkit,16.129912277342264,16.129912277342264,0,1,1.0
0,drift_then_rootkit,blind_50,150,events/events_2024-12-11T14:33:38.534631_rootkit.json.gz,system_load,rootkit,9.900710960474923,9.900710960474923,0,1,1.0
0,drift_then_rootkit,score_gated,1,events/events_2024-12-11T13:41:43.870764_normal.json.gz,system_load,normal,1100.3356380796683,1100.3356380796683,1,0,0.0
0,drift_then_rootkit,score_gated,2,events/events_2024-12-11T14:25:50.327175_normal.json.gz,system_load,normal,978.2289747777698,978.2289747777698,1,0,0.0
0,drift_then_rootkit,score_gated,3,events/events_2024-12-11T13:53:50.650910_normal.json.gz,system_load,normal,1041.9786666623754,1041.9786666623754,1,0,0.0
0,drift_then_rootkit,score_gated,4,events/events_2024-12-11T14:11:48.139392_normal.json.gz,system_load,normal,1292.9955888357435,1292.9955888357435,1,0,0.0
0,drift_then_rootkit,score_gated,5,events/events_2024-12-11T13:56:05.956281_normal.json.gz,system_load,normal,975.2438632168545,975.2438632168545,1,0,0.0
0,drift_then_rootkit,score_gated,6,events/events_2024-12-11T13:49:54.762770_normal.json.gz,system_load,normal,1028.7747771331378,1028.7747771331378,1,0,0.0
0,drift_then_rootkit,score_gated,7,events/events_2024-12-11T14:02:16.335175_normal.json.gz,system_load,normal,1340.2350509902067,1340.2350509902067,1,0,0.0
0,drift_then_rootkit,score_gated,8,events/events_2024-12-11T14:04:14.351339_normal.json.gz,system_load,normal,978.0315015716957,978.0315015716957,1,0,0.0
0,drift_then_rootkit,score_gated,9,events/events_2024-12-11T14:25:10.864214_normal.json.gz,system_load,normal,997.9423235137752,997.9423235137752,1,0,0.0
0,drift_then_rootkit,score_gated,10,events/events_2024-12-11T14:26:10.166742_normal.json.gz,system_load,normal,1113.7211281972914,1113.7211281972914,1,0,0.0
0,drift_then_rootkit,score_gated,11,events/events_2024-12-11T14:19:19.894865_normal.json.gz,system_load,normal,1003.6176550849281,1003.6176550849281,1,0,0.0
0,drift_then_rootkit,score_gated,12,events/events_2024-12-11T14:18:20.835075_normal.json.gz,system_load,normal,1053.8530816755313,1053.8530816755313,1,0,0.0
0,drift_then_rootkit,score_gated,13,events/events_2024-12-11T14:19:00.062987_normal.json.gz,system_load,normal,2228.476569933546,2228.476569933546,1,0,0.0
0,drift_then_rootkit,score_gated,14,events/events_2024-12-11T14:12:07.968693_normal.json.gz,system_load,normal,901.7661455336811,901.7661455336811,1,0,0.0
0,drift_then_rootkit,score_gated,15,events/events_2024-12-11T14:10:09.742806_normal.json.gz,system_load,normal,795.3213830190432,795.3213830190432,1,0,0.0
0,drift_then_rootkit,score_gated,16,events/events_2024-12-11T14:16:22.279711_normal.json.gz,system_load,normal,1962.5253479168855,1962.5253479168855,1,0,0.0
0,drift_then_rootkit,score_gated,17,events/events_2024-12-11T14:24:13.383143_normal.json.gz,system_load,normal,1547.2029854255013,1547.2029854255013,1,0,0.0
0,drift_then_rootkit,score_gated,18,events/events_2024-12-11T14:25:30.790836_normal.json.gz,system_load,normal,2112.0932335344505,2112.0932335344505,1,0,0.0
0,drift_then_rootkit,score_gated,19,events/events_2024-12-11T14:29:06.563544_normal.json.gz,system_load,normal,976.395711265707,976.395711265707,1,0,0.0
0,drift_then_rootkit,score_gated,20,events/events_2024-12-11T14:20:39.067081_normal.json.gz,system_load,normal,1203.833177068039,1203.833177068039,1,0,0.0
0,drift_then_rootkit,score_gated,21,events/events_2024-12-11T13:57:43.823537_normal.json.gz,system_load,normal,1871.8324472832626,1871.8324472832626,1,0,0.0
0,drift_then_rootkit,score_gated,22,events/events_2024-12-11T14:03:54.651625_normal.json.gz,system_load,normal,974.8184885950916,974.8184885950916,1,0,0.0
0,drift_then_rootkit,score_gated,23,events/events_2024-12-11T14:15:03.927663_normal.json.gz,system_load,normal,1197.1848042982108,1197.1848042982108,1,0,0.0
0,drift_then_rootkit,score_gated,24,events/events_2024-12-11T13:50:14.507073_normal.json.gz,system_load,normal,1218.043651410683,1218.043651410683,1,0,0.0
0,drift_then_rootkit,score_gated,25,events/events_2024-12-11T13:57:24.472609_normal.json.gz,system_load,normal,1822.4266173042715,1822.4266173042715,1,0,0.0
0,drift_then_rootkit,score_gated,26,events/events_2024-12-11T14:26:49.486424_normal.json.gz,system_load,normal,1092.6267221135024,1092.6267221135024,1,0,0.0
0,drift_then_rootkit,score_gated,27,events/events_2024-12-11T14:00:58.195716_normal.json.gz,system_load,normal,839.6287226997382,839.6287226997382,1,0,0.0
0,drift_then_rootkit,score_gated,28,events/events_2024-12-11T13:50:53.779470_normal.json.gz,system_load,normal,1221.0176862437747,1221.0176862437747,1,0,0.0
0,drift_then_rootkit,score_gated,29,events/events_2024-12-11T14:27:09.271197_normal.json.gz,system_load,normal,1005.9801651803875,1005.9801651803875,1,0,0.0
0,drift_then_rootkit,score_gated,30,events/events_2024-12-11T14:00:38.559006_normal.json.gz,system_load,normal,1314.4506173635712,1314.4506173635712,1,0,0.0
0,drift_then_rootkit,score_gated,31,events/events_2024-12-11T14:21:37.522219_normal.json.gz,system_load,normal,1072.869548870692,1072.869548870692,1,0,0.0
0,drift_then_rootkit,score_gated,32,events/events_2024-12-11T14:24:51.667293_normal.json.gz,system_load,normal,995.7288712666442,995.7288712666442,1,0,0.0
0,drift_then_rootkit,score_gated,33,events/events_2024-12-11T13:52:51.383655_normal.json.gz,system_load,normal,1357.2808287455032,1357.2808287455032,1,0,0.0
0,drift_then_rootkit,score_gated,34,events/events_2024-12-11T14:21:18.532051_normal.json.gz,system_load,normal,1138.7737417889946,1138.7737417889946,1,0,0.0
0,drift_then_rootkit,score_gated,35,events/events_2024-12-11T14:06:32.671129_normal.json.gz,system_load,normal,1024.3700890459324,1024.3700890459324,1,0,0.0
0,drift_then_rootkit,score_gated,36,events/events_2024-12-11T14:03:34.799539_normal.json.gz,system_load,normal,1110.7845862214322,1110.7845862214322,1,0,0.0
0,drift_then_rootkit,score_gated,37,events/events_2024-12-11T14:19:59.439150_normal.json.gz,system_load,normal,2086.937380919204,2086.937380919204,1,0,0.0
0,drift_then_rootkit,score_gated,38,events/events_2024-12-11T14:17:41.039104_normal.json.gz,system_load,normal,1339.094477889843,1339.094477889843,1,0,0.0
0,drift_then_rootkit,score_gated,39,events/events_2024-12-11T14:04:34.155050_normal.json.gz,system_load,normal,1023.8961096953165,1023.8961096953165,1,0,0.0
0,drift_then_rootkit,score_gated,40,events/events_2024-12-11T14:09:11.026216_normal.json.gz,system_load,normal,1142.5932220759892,1142.5932220759892,1,0,0.0
0,drift_then_rootkit,score_gated,41,events/events_2024-12-11T14:02:55.447850_normal.json.gz,system_load,normal,1032.9322927101362,1032.9322927101362,1,0,0.0
0,drift_then_rootkit,score_gated,42,events/events_2024-12-11T14:08:51.031476_normal.json.gz,system_load,normal,1923.8147169035863,1923.8147169035863,1,0,0.0
0,drift_then_rootkit,score_gated,43,events/events_2024-12-11T14:27:28.695058_normal.json.gz,system_load,normal,910.0247316643337,910.0247316643337,1,0,0.0
0,drift_then_rootkit,score_gated,44,events/events_2024-12-11T13:45:59.074945_normal.json.gz,system_load,normal,1092.1566206695825,1092.1566206695825,1,0,0.0
0,drift_then_rootkit,score_gated,45,events/events_2024-12-11T13:41:24.095244_normal.json.gz,system_load,normal,1054.3947621230607,1054.3947621230607,1,0,0.0
0,drift_then_rootkit,score_gated,46,events/events_2024-12-11T14:01:57.628977_normal.json.gz,system_load,normal,1015.9535311941452,1015.9535311941452,1,0,0.0
0,drift_then_rootkit,score_gated,47,events/events_2024-12-11T14:19:39.711212_normal.json.gz,system_load,normal,992.2868780028571,992.2868780028571,1,0,0.0
0,drift_then_rootkit,score_gated,48,events/events_2024-12-11T14:28:07.740138_normal.json.gz,system_load,normal,1752.2260332122728,1752.2260332122728,1,0,0.0
0,drift_then_rootkit,score_gated,49,events/events_2024-12-11T14:16:41.967013_normal.json.gz,system_load,normal,890.2830373822143,890.2830373822143,1,0,0.0
0,drift_then_rootkit,score_gated,50,events/events_2024-12-11T14:09:30.478700_normal.json.gz,system_load,normal,1154.6162013095795,1154.6162013095795,1,0,0.0
0,drift_then_rootkit,score_gated,51,events/events_2024-12-11T14:59:25.018959_rootkit.json.gz,system_load,rootkit,1161.5491663825646,1161.5491663825646,1,0,0.0
0,drift_then_rootkit,score_gated,52,events/events_2024-12-11T14:53:50.927948_rootkit.json.gz,system_load,rootkit,955.3318675170856,955.3318675170856,1,0,0.0
0,drift_then_rootkit,score_gated,53,events/events_2024-12-11T14:30:30.275058_rootkit.json.gz,system_load,rootkit,1003.2044109732051,1003.2044109732051,1,0,0.0
0,drift_then_rootkit,score_gated,54,events/events_2024-12-11T15:02:11.179043_rootkit.json.gz,system_load,rootkit,1002.85727633643,1002.85727633643,1,0,0.0
0,drift_then_rootkit,score_gated,55,events/events_2024-12-11T15:03:14.427701_rootkit.json.gz,system_load,rootkit,1125.2592172422947,1125.2592172422947,1,0,0.0
0,drift_then_rootkit,score_gated,56,events/events_2024-12-11T14:39:12.748234_rootkit.json.gz,system_load,rootkit,2025.2307767823052,2025.2307767823052,1,0,0.0
0,drift_then_rootkit,score_gated,57,events/events_2024-12-11T14:35:02.659126_rootkit.json.gz,system_load,rootkit,1652.2324350550955,1652.2324350550955,1,0,0.0
0,drift_then_rootkit,score_gated,58,events/events_2024-12-11T14:33:17.732004_rootkit.json.gz,system_load,rootkit,1057.4878149286676,1057.4878149286676,1,0,0.0
0,drift_then_rootkit,score_gated,59,events/events_2024-12-11T14:57:19.931157_rootkit.json.gz,system_load,rootkit,1369.2318246878033,1369.2318246878033,1,0,0.0
0,drift_then_rootkit,score_gated,60,events/events_2024-12-11T14:52:48.359641_rootkit.json.gz,system_load,rootkit,1015.0806298400389,1015.0806298400389,1,0,0.0
0,drift_then_rootkit,score_gated,61,events/events_2024-12-11T14:32:36.530680_rootkit.json.gz,system_load,rootkit,979.8416922573615,979.8416922573615,1,0,0.0
0,drift_then_rootkit,score_gated,62,events/events_2024-12-11T15:00:05.900535_rootkit.json.gz,system_load,rootkit,1289.3706524370234,1289.3706524370234,1,0,0.0
0,drift_then_rootkit,score_gated,63,events/events_2024-12-11T14:56:58.930925_rootkit.json.gz,system_load,rootkit,1034.666015598346,1034.666015598346,1,0,0.0
0,drift_then_rootkit,score_gated,64,events/events_2024-12-11T14:56:37.803456_rootkit.json.gz,system_load,rootkit,1167.3517371464482,1167.3517371464482,1,0,0.0
0,drift_then_rootkit,score_gated,65,events/events_2024-12-11T14:52:06.603219_rootkit.json.gz,system_load,rootkit,1690.690532965375,1690.690532965375,1,0,0.0
0,drift_then_rootkit,score_gated,66,events/events_2024-12-11T14:31:54.205930_rootkit.json.gz,system_load,rootkit,1034.637357298961,1034.637357298961,1,0,0.0
0,drift_then_rootkit,score_gated,67,events/events_2024-12-11T15:03:35.311041_rootkit.json.gz,system_load,rootkit,1101.7650810834293,1101.7650810834293,1,0,0.0
0,drift_then_rootkit,score_gated,68,events/events_2024-12-11T14:53:09.450212_rootkit.json.gz,system_load,rootkit,977.6574960675453,977.6574960675453,1,0,0.0
0,drift_then_rootkit,score_gated,69,events/events_2024-12-11T14:30:51.469685_rootkit.json.gz,system_load,rootkit,1299.668670741371,1299.668670741371,1,0,0.0
0,drift_then_rootkit,score_gated,70,events/events_2024-12-11T14:39:54.878866_rootkit.json.gz,system_load,rootkit,1196.453621988695,1196.453621988695,1,0,0.0
0,drift_then_rootkit,score_gated,71,events/events_2024-12-11T14:58:01.267392_rootkit.json.gz,system_load,rootkit,1045.3072129521956,1045.3072129521956,1,0,0.0
0,drift_then_rootkit,score_gated,72,events/events_2024-12-11T15:01:50.319155_rootkit.json.gz,system_load,rootkit,1035.8488412260137,1035.8488412260137,1,0,0.0
0,drift_then_rootkit,score_gated,73,events/events_2024-12-11T14:55:14.386501_rootkit.json.gz,system_load,rootkit,1566.2223067235498,1566.2223067235498,1,0,0.0
0,drift_then_rootkit,score_gated,74,events/events_2024-12-11T14:43:45.202800_rootkit.json.gz,system_load,rootkit,1041.952891223498,1041.952891223498,1,0,0.0
0,drift_then_rootkit,score_gated,75,events/events_2024-12-11T14:49:19.562478_rootkit.json.gz,system_load,rootkit,1033.4645656330542,1033.4645656330542,1,0,0.0
0,drift_then_rootkit,score_gated,76,events/events_2024-12-11T14:58:43.023921_rootkit.json.gz,system_load,rootkit,1101.6280591063119,1101.6280591063119,1,0,0.0
0,drift_then_rootkit,score_gated,77,events/events_2024-12-11T14:31:33.423753_rootkit.json.gz,system_load,rootkit,1224.210704332181,1224.210704332181,1,0,0.0
0,drift_then_rootkit,score_gated,78,events/events_2024-12-11T14:40:36.228303_rootkit.json.gz,system_load,rootkit,1012.3821852537469,1012.3821852537469,1,0,0.0
0,drift_then_rootkit,score_gated,79,events/events_2024-12-11T14:44:06.007535_rootkit.json.gz,system_load,rootkit,1034.7518879042093,1034.7518879042093,1,0,0.0
0,drift_then_rootkit,score_gated,80,events/events_2024-12-11T14:46:32.161986_rootkit.json.gz,system_load,rootkit,1024.042001087231,1024.042001087231,1,0,0.0
0,drift_then_rootkit,score_gated,81,events/events_2024-12-11T14:44:26.486886_rootkit.json.gz,system_load,rootkit,1136.3774384423937,1136.3774384423937,1,0,0.0
0,drift_then_rootkit,score_gated,82,events/events_2024-12-11T14:37:28.147068_rootkit.json.gz,system_load,rootkit,1138.8997364703023,1138.8997364703023,1,0,0.0
0,drift_then_rootkit,score_gated,83,events/events_2024-12-11T14:44:47.678635_rootkit.json.gz,system_load,rootkit,1017.0517453285129,1017.0517453285129,1,0,0.0
0,drift_then_rootkit,score_gated,84,events/events_2024-12-11T14:56:16.938199_rootkit.json.gz,system_load,rootkit,1027.6658835345534,1027.6658835345534,1,0,0.0
0,drift_then_rootkit,score_gated,85,events/events_2024-12-11T14:41:18.407932_rootkit.json.gz,system_load,rootkit,1033.676634884932,1033.676634884932,1,0,0.0
0,drift_then_rootkit,score_gated,86,events/events_2024-12-11T14:36:47.151123_rootkit.json.gz,system_load,rootkit,1131.989991783474,1131.989991783474,1,0,0.0
0,drift_then_rootkit,score_gated,87,events/events_2024-12-11T14:55:35.435739_rootkit.json.gz,system_load,rootkit,1155.5697127019432,1155.5697127019432,1,0,0.0
0,drift_then_rootkit,score_gated,88,events/events_2024-12-11T14:35:44.450525_rootkit.json.gz,system_load,rootkit,1015.813714449563,1015.813714449563,1,0,0.0
0,drift_then_rootkit,score_gated,89,events/events_2024-12-11T14:45:08.622762_rootkit.json.gz,system_load,rootkit,1025.1473519975982,1025.1473519975982,1,0,0.0
0,drift_then_rootkit,score_gated,90,events/events_2024-12-11T14:33:59.411701_rootkit.json.gz,system_load,rootkit,951.285257384908,951.285257384908,1,0,0.0
0,drift_then_rootkit,score_gated,91,events/events_2024-12-11T14:43:03.451022_rootkit.json.gz,system_load,rootkit,995.6303404259246,995.6303404259246,1,0,0.0
0,drift_then_rootkit,score_gated,92,events/events_2024-12-11T14:29:48.747104_rootkit.json.gz,system_load,rootkit,1065.4337214901818,1065.4337214901818,1,0,0.0
0,drift_then_rootkit,score_gated,93,events/events_2024-12-11T14:32:56.794874_rootkit.json.gz,system_load,rootkit,1075.3420783373467,1075.3420783373467,1,0,0.0
0,drift_then_rootkit,score_gated,94,events/events_2024-12-11T14:41:39.179666_rootkit.json.gz,system_load,rootkit,1021.6523710408728,1021.6523710408728,1,0,0.0
0,drift_then_rootkit,score_gated,95,events/events_2024-12-11T14:37:49.123202_rootkit.json.gz,system_load,rootkit,1045.863620027649,1045.863620027649,1,0,0.0
0,drift_then_rootkit,score_gated,96,events/events_2024-12-11T14:52:27.538974_rootkit.json.gz,system_load,rootkit,1416.9688175305357,1416.9688175305357,1,0,0.0
0,drift_then_rootkit,score_gated,97,events/events_2024-12-11T14:42:21.407945_rootkit.json.gz,system_load,rootkit,1036.2816761610106,1036.2816761610106,1,0,0.0
0,drift_then_rootkit,score_gated,98,events/events_2024-12-11T14:49:40.355278_rootkit.json.gz,system_load,rootkit,1112.9802065576046,1112.9802065576046,1,0,0.0
0,drift_then_rootkit,score_gated,99,events/events_2024-12-11T14:40:15.579301_rootkit.json.gz,system_load,rootkit,1321.9450490474148,1321.9450490474148,1,0,0.0
0,drift_then_rootkit,score_gated,100,events/events_2024-12-11T14:54:32.323613_rootkit.json.gz,system_load,rootkit,2367.887684239377,2367.887684239377,1,0,0.0
0,drift_then_rootkit,score_gated,101,events/events_2024-12-11T14:42:42.422864_rootkit.json.gz,system_load,rootkit,1270.7645798889848,1270.7645798889848,1,0,0.0
0,drift_then_rootkit,score_gated,102,events/events_2024-12-11T14:42:00.080695_rootkit.json.gz,system_load,rootkit,956.712760198738,956.712760198738,1,0,0.0
0,drift_then_rootkit,score_gated,103,events/events_2024-12-11T14:50:42.336081_rootkit.json.gz,system_load,rootkit,2308.3847995128567,2308.3847995128567,1,0,0.0
0,drift_then_rootkit,score_gated,104,events/events_2024-12-11T14:36:05.183559_rootkit.json.gz,system_load,rootkit,1034.630826157681,1034.630826157681,1,0,0.0
0,drift_then_rootkit,score_gated,105,events/events_2024-12-11T14:39:33.919506_rootkit.json.gz,system_load,rootkit,1018.318956540124,1018.318956540124,1,0,0.0
0,drift_then_rootkit,score_gated,106,events/events_2024-12-11T14:57:40.158967_rootkit.json.gz,system_load,rootkit,1175.085938341094,1175.085938341094,1,0,0.0
0,drift_then_rootkit,score_gated,107,events/events_2024-12-11T14:51:03.366859_rootkit.json.gz,system_load,rootkit,960.1432317981369,960.1432317981369,1,0,0.0
0,drift_then_rootkit,score_gated,108,events/events_2024-12-11T14:35:23.466266_rootkit.json.gz,system_load,rootkit,1036.6924610900558,1036.6924610900558,1,0,0.0
0,drift_then_rootkit,score_gated,109,events/events_2024-12-11T14:31:12.367439_rootkit.json.gz,system_load,rootkit,2125.542328706009,2125.542328706009,1,0,0.0
0,drift_then_rootkit,score_gated,110,events/events_2024-12-11T14:32:15.159219_rootkit.json.gz,system_load,rootkit,1032.3360357746624,1032.3360357746624,1,0,0.0
0,drift_then_rootkit,score_gated,111,events/events_2024-12-11T14:40:57.307753_rootkit.json.gz,system_load,rootkit,1019.2373824811908,1019.2373824811908,1,0,0.0
0,drift_then_rootkit,score_gated,112,events/events_2024-12-11T14:38:10.203563_rootkit.json.gz,system_load,rootkit,1657.3185269229978,1657.3185269229978,1,0,0.0
0,drift_then_rootkit,score_gated,113,events/events_2024-12-11T14:55:56.074311_rootkit.json.gz,system_load,rootkit,964.6299587445519,964.6299587445519,1,0,0.0
0,drift_then_rootkit,score_gated,114,events/events_2024-12-11T15:02:32.083240_rootkit.json.gz,system_load,rootkit,1122.0843197734573,1122.0843197734573,1,0,0.0
0,drift_then_rootkit,score_gated,115,events/events_2024-12-11T14:38:51.882813_rootkit.json.gz,system_load,rootkit,2319.6045617202562,2319.6045617202562,1,0,0.0
0,drift_then_rootkit,score_gated,116,events/events_2024-12-11T14:59:45.734847_rootkit.json.gz,system_load,rootkit,1370.5218167694704,1370.5218167694704,1,0,0.0
0,drift_then_rootkit,score_gated,117,events/events_2024-12-11T14:50:21.426511_rootkit.json.gz,system_load,rootkit,1534.3803477031238,1534.3803477031238,1,0,0.0
0,drift_then_rootkit,score_gated,118,events/events_2024-12-11T14:51:45.654597_rootkit.json.gz,system_load,rootkit,1334.4246679792998,1334.4246679792998,1,0,0.0
0,drift_then_rootkit,score_gated,119,events/events_2024-12-11T14:48:16.594677_rootkit.json.gz,system_load,rootkit,2126.898349767801,2126.898349767801,1,0,0.0
0,drift_then_rootkit,score_gated,120,events/events_2024-12-11T14:34:20.316132_rootkit.json.gz,system_load,rootkit,2338.0264690512163,2338.0264690512163,1,0,0.0
0,drift_then_rootkit,score_gated,121,events/events_2024-12-11T14:43:24.240638_rootkit.json.gz,system_load,rootkit,1064.4593302790224,1064.4593302790224,1,0,0.0
0,drift_then_rootkit,score_gated,122,events/events_2024-12-11T15:01:29.696445_rootkit.json.gz,system_load,rootkit,1160.144301989299,1160.144301989299,1,0,0.0
0,drift_then_rootkit,score_gated,123,events/events_2024-12-11T14:51:24.346761_rootkit.json.gz,system_load,rootkit,1132.8748873011539,1132.8748873011539,1,0,0.0
0,drift_then_rootkit,score_gated,124,events/events_2024-12-11T15:01:08.574688_rootkit.json.gz,system_load,rootkit,1072.813168501552,1072.813168501552,1,0,0.0
0,drift_then_rootkit,score_gated,125,events/events_2024-12-11T14:48:58.854455_rootkit.json.gz,system_load,rootkit,1524.5808051019167,1524.5808051019167,1,0,0.0
0,drift_then_rootkit,score_gated,126,events/events_2024-12-11T14:46:53.247549_rootkit.json.gz,system_load,rootkit,1109.0443976999225,1109.0443976999225,1,0,0.0
0,drift_then_rootkit,score_gated,127,events/events_2024-12-11T14:38:31.073241_rootkit.json.gz,system_load,rootkit,1068.4444067827212,1068.4444067827212,1,0,0.0
0,drift_then_rootkit,score_gated,128,events/events_2024-12-11T14:58:22.191895_rootkit.json.gz,system_load,rootkit,977.9001198471371,977.9001198471371,1,0,0.0
0,drift_then_rootkit,score_gated,129,events/events_2024-12-11T14:45:29.662596_rootkit.json.gz,system_load,rootkit,1474.666066138272,1474.666066138272,1,0,0.0
0,drift_then_rootkit,score_gated,130,events/events_2024-12-11T14:34:41.647874_rootkit.json.gz,system_load,rootkit,1020.5613184982357,1020.5613184982357,1,0,0.0
0,drift_then_rootkit,score_gated,131,events/events_2024-12-11T15:00:47.511922_rootkit.json.gz,system_load,rootkit,1003.2015555355216,1003.2015555355216,1,0,0.0
0,drift_then_rootkit,score_gated,132,events/events_2024-12-11T14:53:30.190835_rootkit.json.gz,system_load,rootkit,1025.2497653598205,1025.2497653598205,1,0,0.0
0,drift_then_rootkit,score_gated,133,events/events_2024-12-11T14:45:50.690673_rootkit.json.gz,system_load,rootkit,1007.7135032095647,1007.7135032095647,1,0,0.0
0,drift_then_rootkit,score_gated,134,events/events_2024-12-11T15:02:53.199482_rootkit.json.gz,system_load,rootkit,1496.0530918319691,1496.0530918319691,1,0,0.0
0,drift_then_rootkit,score_gated,135,events/events_2024-12-11T14:46:11.215346_rootkit.json.gz,system_load,rootkit,1077.1759205468138,1077.1759205468138,1,0,0.0
0,drift_then_rootkit,score_gated,136,events/events_2024-12-11T14:37:07.874291_rootkit.json.gz,system_load,rootkit,2154.228510730374,2154.228510730374,1,0,0.0
0,drift_then_rootkit,score_gated,137,events/events_2024-12-11T14:29:27.576864_rootkit.json.gz,system_load,rootkit,1186.0196214636085,1186.0196214636085,1,0,0.0
0,drift_then_rootkit,score_gated,138,events/events_2024-12-11T14:54:53.459663_rootkit.json.gz,system_load,rootkit,1032.1650956788185,1032.1650956788185,1,0,0.0
0,drift_then_rootkit,score_gated,139,events/events_2024-12-11T14:30:09.546936_rootkit.json.gz,system_load,rootkit,1978.6749883274838,1978.6749883274838,1,0,0.0
0,drift_then_rootkit,score_gated,140,events/events_2024-12-11T14:47:13.657733_rootkit.json.gz,system_load,rootkit,987.9864807470306,987.9864807470306,1,0,0.0
0,drift_then_rootkit,score_gated,141,events/events_2024-12-11T14:47:34.543032_rootkit.json.gz,system_load,rootkit,1083.0854683687535,1083.0854683687535,1,0,0.0
0,drift_then_rootkit,score_gated,142,events/events_2024-12-11T14:50:00.695601_rootkit.json.gz,system_load,rootkit,2155.9888400168943,2155.9888400168943,1,0,0.0
0,drift_then_rootkit,score_gated,143,events/events_2024-12-11T15:00:26.635172_rootkit.json.gz,system_load,rootkit,1927.0284847432004,1927.0284847432004,1,0,0.0
0,drift_then_rootkit,score_gated,144,events/events_2024-12-11T14:48:37.950808_rootkit.json.gz,system_load,rootkit,1101.8622564289376,1101.8622564289376,1,0,0.0
0,drift_then_rootkit,score_gated,145,events/events_2024-12-11T14:36:26.267365_rootkit.json.gz,system_load,rootkit,1157.290947368779,1157.290947368779,1,0,0.0
0,drift_then_rootkit,score_gated,146,events/events_2024-12-11T15:03:56.299556_rootkit.json.gz,system_load,rootkit,1151.8538309532769,1151.8538309532769,1,0,0.0
0,drift_then_rootkit,score_gated,147,events/events_2024-12-11T14:54:11.886636_rootkit.json.gz,system_load,rootkit,1570.7039531225394,1570.7039531225394,1,0,0.0
0,drift_then_rootkit,score_gated,148,events/events_2024-12-11T14:47:55.550389_rootkit.json.gz,system_load,rootkit,2148.420736288301,2148.420736288301,1,0,0.0
0,drift_then_rootkit,score_gated,149,events/events_2024-12-11T14:59:04.056579_rootkit.json.gz,system_load,rootkit,1521.2916780129246,1521.2916780129246,1,0,0.0
0,drift_then_rootkit,score_gated,150,events/events_2024-12-11T14:33:38.534631_rootkit.json.gz,system_load,rootkit,1352.976670698923,1352.976670698923,1,0,0.0
0,drift_then_rootkit,dual_anchor,1,events/events_2024-12-11T13:41:43.870764_normal.json.gz,system_load,normal,1100.3356380796683,1100.3356380796683,1,0,0.0
0,drift_then_rootkit,dual_anchor,2,events/events_2024-12-11T14:25:50.327175_normal.json.gz,system_load,normal,978.2289747777698,978.2289747777698,1,0,0.0
0,drift_then_rootkit,dual_anchor,3,events/events_2024-12-11T13:53:50.650910_normal.json.gz,system_load,normal,1041.9786666623754,1041.9786666623754,1,0,0.0
0,drift_then_rootkit,dual_anchor,4,events/events_2024-12-11T14:11:48.139392_normal.json.gz,system_load,normal,1292.9955888357435,1292.9955888357435,1,0,0.0
0,drift_then_rootkit,dual_anchor,5,events/events_2024-12-11T13:56:05.956281_normal.json.gz,system_load,normal,975.2438632168545,975.2438632168545,1,0,0.0
0,drift_then_rootkit,dual_anchor,6,events/events_2024-12-11T13:49:54.762770_normal.json.gz,system_load,normal,1028.7747771331378,1028.7747771331378,1,0,0.0
0,drift_then_rootkit,dual_anchor,7,events/events_2024-12-11T14:02:16.335175_normal.json.gz,system_load,normal,1340.2350509902067,1340.2350509902067,1,0,0.0
0,drift_then_rootkit,dual_anchor,8,events/events_2024-12-11T14:04:14.351339_normal.json.gz,system_load,normal,978.0315015716957,978.0315015716957,1,0,0.0
0,drift_then_rootkit,dual_anchor,9,events/events_2024-12-11T14:25:10.864214_normal.json.gz,system_load,normal,997.9423235137752,997.9423235137752,1,0,0.0
0,drift_then_rootkit,dual_anchor,10,events/events_2024-12-11T14:26:10.166742_normal.json.gz,system_load,normal,1113.7211281972914,1113.7211281972914,1,0,0.0
0,drift_then_rootkit,dual_anchor,11,events/events_2024-12-11T14:19:19.894865_normal.json.gz,system_load,normal,1003.6176550849281,1003.6176550849281,1,0,0.0
0,drift_then_rootkit,dual_anchor,12,events/events_2024-12-11T14:18:20.835075_normal.json.gz,system_load,normal,1053.8530816755313,1053.8530816755313,1,0,0.0
0,drift_then_rootkit,dual_anchor,13,events/events_2024-12-11T14:19:00.062987_normal.json.gz,system_load,normal,2228.476569933546,2228.476569933546,1,0,0.0
0,drift_then_rootkit,dual_anchor,14,events/events_2024-12-11T14:12:07.968693_normal.json.gz,system_load,normal,901.7661455336811,901.7661455336811,1,0,0.0
0,drift_then_rootkit,dual_anchor,15,events/events_2024-12-11T14:10:09.742806_normal.json.gz,system_load,normal,795.3213830190432,795.3213830190432,1,0,0.0
0,drift_then_rootkit,dual_anchor,16,events/events_2024-12-11T14:16:22.279711_normal.json.gz,system_load,normal,1962.5253479168855,1962.5253479168855,1,0,0.0
0,drift_then_rootkit,dual_anchor,17,events/events_2024-12-11T14:24:13.383143_normal.json.gz,system_load,normal,1547.2029854255013,1547.2029854255013,1,0,0.0
0,drift_then_rootkit,dual_anchor,18,events/events_2024-12-11T14:25:30.790836_normal.json.gz,system_load,normal,2112.0932335344505,2112.0932335344505,1,0,0.0
0,drift_then_rootkit,dual_anchor,19,events/events_2024-12-11T14:29:06.563544_normal.json.gz,system_load,normal,976.395711265707,976.395711265707,1,0,0.0
0,drift_then_rootkit,dual_anchor,20,events/events_2024-12-11T14:20:39.067081_normal.json.gz,system_load,normal,1203.833177068039,1203.833177068039,1,0,0.0
0,drift_then_rootkit,dual_anchor,21,events/events_2024-12-11T13:57:43.823537_normal.json.gz,system_load,normal,1871.8324472832626,1871.8324472832626,1,0,0.0
0,drift_then_rootkit,dual_anchor,22,events/events_2024-12-11T14:03:54.651625_normal.json.gz,system_load,normal,974.8184885950916,974.8184885950916,1,0,0.0
0,drift_then_rootkit,dual_anchor,23,events/events_2024-12-11T14:15:03.927663_normal.json.gz,system_load,normal,1197.1848042982108,1197.1848042982108,1,0,0.0
0,drift_then_rootkit,dual_anchor,24,events/events_2024-12-11T13:50:14.507073_normal.json.gz,system_load,normal,1218.043651410683,1218.043651410683,1,0,0.0
0,drift_then_rootkit,dual_anchor,25,events/events_2024-12-11T13:57:24.472609_normal.json.gz,system_load,normal,1822.4266173042715,1822.4266173042715,1,0,0.0
0,drift_then_rootkit,dual_anchor,26,events/events_2024-12-11T14:26:49.486424_normal.json.gz,system_load,normal,1092.6267221135024,1092.6267221135024,1,0,0.0
0,drift_then_rootkit,dual_anchor,27,events/events_2024-12-11T14:00:58.195716_normal.json.gz,system_load,normal,839.6287226997382,839.6287226997382,1,0,0.0
0,drift_then_rootkit,dual_anchor,28,events/events_2024-12-11T13:50:53.779470_normal.json.gz,system_load,normal,1221.0176862437747,1221.0176862437747,1,0,0.0
0,drift_then_rootkit,dual_anchor,29,events/events_2024-12-11T14:27:09.271197_normal.json.gz,system_load,normal,1005.9801651803875,1005.9801651803875,1,0,0.0
0,drift_then_rootkit,dual_anchor,30,events/events_2024-12-11T14:00:38.559006_normal.json.gz,system_load,normal,1314.4506173635712,1314.4506173635712,1,0,0.0
0,drift_then_rootkit,dual_anchor,31,events/events_2024-12-11T14:21:37.522219_normal.json.gz,system_load,normal,1072.869548870692,1072.869548870692,1,0,0.0
0,drift_then_rootkit,dual_anchor,32,events/events_2024-12-11T14:24:51.667293_normal.json.gz,system_load,normal,995.7288712666442,995.7288712666442,1,0,0.0
0,drift_then_rootkit,dual_anchor,33,events/events_2024-12-11T13:52:51.383655_normal.json.gz,system_load,normal,1357.2808287455032,1357.2808287455032,1,0,0.0
0,drift_then_rootkit,dual_anchor,34,events/events_2024-12-11T14:21:18.532051_normal.json.gz,system_load,normal,1138.7737417889946,1138.7737417889946,1,0,0.0
0,drift_then_rootkit,dual_anchor,35,events/events_2024-12-11T14:06:32.671129_normal.json.gz,system_load,normal,1024.3700890459324,1024.3700890459324,1,0,0.0
0,drift_then_rootkit,dual_anchor,36,events/events_2024-12-11T14:03:34.799539_normal.json.gz,system_load,normal,1110.7845862214322,1110.7845862214322,1,0,0.0
0,drift_then_rootkit,dual_anchor,37,events/events_2024-12-11T14:19:59.439150_normal.json.gz,system_load,normal,2086.937380919204,2086.937380919204,1,0,0.0
0,drift_then_rootkit,dual_anchor,38,events/events_2024-12-11T14:17:41.039104_normal.json.gz,system_load,normal,1339.094477889843,1339.094477889843,1,0,0.0
0,drift_then_rootkit,dual_anchor,39,events/events_2024-12-11T14:04:34.155050_normal.json.gz,system_load,normal,1023.8961096953165,1023.8961096953165,1,0,0.0
0,drift_then_rootkit,dual_anchor,40,events/events_2024-12-11T14:09:11.026216_normal.json.gz,system_load,normal,1142.5932220759892,1142.5932220759892,1,0,0.0
0,drift_then_rootkit,dual_anchor,41,events/events_2024-12-11T14:02:55.447850_normal.json.gz,system_load,normal,1032.9322927101362,1032.9322927101362,1,0,0.0
0,drift_then_rootkit,dual_anchor,42,events/events_2024-12-11T14:08:51.031476_normal.json.gz,system_load,normal,1923.8147169035863,1923.8147169035863,1,0,0.0
0,drift_then_rootkit,dual_anchor,43,events/events_2024-12-11T14:27:28.695058_normal.json.gz,system_load,normal,910.0247316643337,910.0247316643337,1,0,0.0
0,drift_then_rootkit,dual_anchor,44,events/events_2024-12-11T13:45:59.074945_normal.json.gz,system_load,normal,1092.1566206695825,1092.1566206695825,1,0,0.0
0,drift_then_rootkit,dual_anchor,45,events/events_2024-12-11T13:41:24.095244_normal.json.gz,system_load,normal,1054.3947621230607,1054.3947621230607,1,0,0.0
0,drift_then_rootkit,dual_anchor,46,events/events_2024-12-11T14:01:57.628977_normal.json.gz,system_load,normal,1015.9535311941452,1015.9535311941452,1,0,0.0
0,drift_then_rootkit,dual_anchor,47,events/events_2024-12-11T14:19:39.711212_normal.json.gz,system_load,normal,992.2868780028571,992.2868780028571,1,0,0.0
0,drift_then_rootkit,dual_anchor,48,events/events_2024-12-11T14:28:07.740138_normal.json.gz,system_load,normal,1752.2260332122728,1752.2260332122728,1,0,0.0
0,drift_then_rootkit,dual_anchor,49,events/events_2024-12-11T14:16:41.967013_normal.json.gz,system_load,normal,890.2830373822143,890.2830373822143,1,0,0.0
0,drift_then_rootkit,dual_anchor,50,events/events_2024-12-11T14:09:30.478700_normal.json.gz,system_load,normal,1154.6162013095795,1154.6162013095795,1,0,0.0
0,drift_then_rootkit,dual_anchor,51,events/events_2024-12-11T14:59:25.018959_rootkit.json.gz,system_load,rootkit,1161.5491663825646,1161.5491663825646,1,0,0.0
0,drift_then_rootkit,dual_anchor,52,events/events_2024-12-11T14:53:50.927948_rootkit.json.gz,system_load,rootkit,955.3318675170856,955.3318675170856,1,0,0.0
0,drift_then_rootkit,dual_anchor,53,events/events_2024-12-11T14:30:30.275058_rootkit.json.gz,system_load,rootkit,1003.2044109732051,1003.2044109732051,1,0,0.0
0,drift_then_rootkit,dual_anchor,54,events/events_2024-12-11T15:02:11.179043_rootkit.json.gz,system_load,rootkit,1002.85727633643,1002.85727633643,1,0,0.0
0,drift_then_rootkit,dual_anchor,55,events/events_2024-12-11T15:03:14.427701_rootkit.json.gz,system_load,rootkit,1125.2592172422947,1125.2592172422947,1,0,0.0
0,drift_then_rootkit,dual_anchor,56,events/events_2024-12-11T14:39:12.748234_rootkit.json.gz,system_load,rootkit,2025.2307767823052,2025.2307767823052,1,0,0.0
0,drift_then_rootkit,dual_anchor,57,events/events_2024-12-11T14:35:02.659126_rootkit.json.gz,system_load,rootkit,1652.2324350550955,1652.2324350550955,1,0,0.0
0,drift_then_rootkit,dual_anchor,58,events/events_2024-12-11T14:33:17.732004_rootkit.json.gz,system_load,rootkit,1057.4878149286676,1057.4878149286676,1,0,0.0
0,drift_then_rootkit,dual_anchor,59,events/events_2024-12-11T14:57:19.931157_rootkit.json.gz,system_load,rootkit,1369.2318246878033,1369.2318246878033,1,0,0.0
0,drift_then_rootkit,dual_anchor,60,events/events_2024-12-11T14:52:48.359641_rootkit.json.gz,system_load,rootkit,1015.0806298400389,1015.0806298400389,1,0,0.0
0,drift_then_rootkit,dual_anchor,61,events/events_2024-12-11T14:32:36.530680_rootkit.json.gz,system_load,rootkit,979.8416922573615,979.8416922573615,1,0,0.0
0,drift_then_rootkit,dual_anchor,62,events/events_2024-12-11T15:00:05.900535_rootkit.json.gz,system_load,rootkit,1289.3706524370234,1289.3706524370234,1,0,0.0
0,drift_then_rootkit,dual_anchor,63,events/events_2024-12-11T14:56:58.930925_rootkit.json.gz,system_load,rootkit,1034.666015598346,1034.666015598346,1,0,0.0
0,drift_then_rootkit,dual_anchor,64,events/events_2024-12-11T14:56:37.803456_rootkit.json.gz,system_load,rootkit,1167.3517371464482,1167.3517371464482,1,0,0.0
0,drift_then_rootkit,dual_anchor,65,events/events_2024-12-11T14:52:06.603219_rootkit.json.gz,system_load,rootkit,1690.690532965375,1690.690532965375,1,0,0.0
0,drift_then_rootkit,dual_anchor,66,events/events_2024-12-11T14:31:54.205930_rootkit.json.gz,system_load,rootkit,1034.637357298961,1034.637357298961,1,0,0.0
0,drift_then_rootkit,dual_anchor,67,events/events_2024-12-11T15:03:35.311041_rootkit.json.gz,system_load,rootkit,1101.7650810834293,1101.7650810834293,1,0,0.0
0,drift_then_rootkit,dual_anchor,68,events/events_2024-12-11T14:53:09.450212_rootkit.json.gz,system_load,rootkit,977.6574960675453,977.6574960675453,1,0,0.0
0,drift_then_rootkit,dual_anchor,69,events/events_2024-12-11T14:30:51.469685_rootkit.json.gz,system_load,rootkit,1299.668670741371,1299.668670741371,1,0,0.0
0,drift_then_rootkit,dual_anchor,70,events/events_2024-12-11T14:39:54.878866_rootkit.json.gz,system_load,rootkit,1196.453621988695,1196.453621988695,1,0,0.0
0,drift_then_rootkit,dual_anchor,71,events/events_2024-12-11T14:58:01.267392_rootkit.json.gz,system_load,rootkit,1045.3072129521956,1045.3072129521956,1,0,0.0
0,drift_then_rootkit,dual_anchor,72,events/events_2024-12-11T15:01:50.319155_rootkit.json.gz,system_load,rootkit,1035.8488412260137,1035.8488412260137,1,0,0.0
0,drift_then_rootkit,dual_anchor,73,events/events_2024-12-11T14:55:14.386501_rootkit.json.gz,system_load,rootkit,1566.2223067235498,1566.2223067235498,1,0,0.0
0,drift_then_rootkit,dual_anchor,74,events/events_2024-12-11T14:43:45.202800_rootkit.json.gz,system_load,rootkit,1041.952891223498,1041.952891223498,1,0,0.0
0,drift_then_rootkit,dual_anchor,75,events/events_2024-12-11T14:49:19.562478_rootkit.json.gz,system_load,rootkit,1033.4645656330542,1033.4645656330542,1,0,0.0
0,drift_then_rootkit,dual_anchor,76,events/events_2024-12-11T14:58:43.023921_rootkit.json.gz,system_load,rootkit,1101.6280591063119,1101.6280591063119,1,0,0.0
0,drift_then_rootkit,dual_anchor,77,events/events_2024-12-11T14:31:33.423753_rootkit.json.gz,system_load,rootkit,1224.210704332181,1224.210704332181,1,0,0.0
0,drift_then_rootkit,dual_anchor,78,events/events_2024-12-11T14:40:36.228303_rootkit.json.gz,system_load,rootkit,1012.3821852537469,1012.3821852537469,1,0,0.0
0,drift_then_rootkit,dual_anchor,79,events/events_2024-12-11T14:44:06.007535_rootkit.json.gz,system_load,rootkit,1034.7518879042093,1034.7518879042093,1,0,0.0
0,drift_then_rootkit,dual_anchor,80,events/events_2024-12-11T14:46:32.161986_rootkit.json.gz,system_load,rootkit,1024.042001087231,1024.042001087231,1,0,0.0
0,drift_then_rootkit,dual_anchor,81,events/events_2024-12-11T14:44:26.486886_rootkit.json.gz,system_load,rootkit,1136.3774384423937,1136.3774384423937,1,0,0.0
0,drift_then_rootkit,dual_anchor,82,events/events_2024-12-11T14:37:28.147068_rootkit.json.gz,system_load,rootkit,1138.8997364703023,1138.8997364703023,1,0,0.0
0,drift_then_rootkit,dual_anchor,83,events/events_2024-12-11T14:44:47.678635_rootkit.json.gz,system_load,rootkit,1017.0517453285129,1017.0517453285129,1,0,0.0
0,drift_then_rootkit,dual_anchor,84,events/events_2024-12-11T14:56:16.938199_rootkit.json.gz,system_load,rootkit,1027.6658835345534,1027.6658835345534,1,0,0.0
0,drift_then_rootkit,dual_anchor,85,events/events_2024-12-11T14:41:18.407932_rootkit.json.gz,system_load,rootkit,1033.676634884932,1033.676634884932,1,0,0.0
0,drift_then_rootkit,dual_anchor,86,events/events_2024-12-11T14:36:47.151123_rootkit.json.gz,system_load,rootkit,1131.989991783474,1131.989991783474,1,0,0.0
0,drift_then_rootkit,dual_anchor,87,events/events_2024-12-11T14:55:35.435739_rootkit.json.gz,system_load,rootkit,1155.5697127019432,1155.5697127019432,1,0,0.0
0,drift_then_rootkit,dual_anchor,88,events/events_2024-12-11T14:35:44.450525_rootkit.json.gz,system_load,rootkit,1015.813714449563,1015.813714449563,1,0,0.0
0,drift_then_rootkit,dual_anchor,89,events/events_2024-12-11T14:45:08.622762_rootkit.json.gz,system_load,rootkit,1025.1473519975982,1025.1473519975982,1,0,0.0
0,drift_then_rootkit,dual_anchor,90,events/events_2024-12-11T14:33:59.411701_rootkit.json.gz,system_load,rootkit,951.285257384908,951.285257384908,1,0,0.0
0,drift_then_rootkit,dual_anchor,91,events/events_2024-12-11T14:43:03.451022_rootkit.json.gz,system_load,rootkit,995.6303404259246,995.6303404259246,1,0,0.0
0,drift_then_rootkit,dual_anchor,92,events/events_2024-12-11T14:29:48.747104_rootkit.json.gz,system_load,rootkit,1065.4337214901818,1065.4337214901818,1,0,0.0
0,drift_then_rootkit,dual_anchor,93,events/events_2024-12-11T14:32:56.794874_rootkit.json.gz,system_load,rootkit,1075.3420783373467,1075.3420783373467,1,0,0.0
0,drift_then_rootkit,dual_anchor,94,events/events_2024-12-11T14:41:39.179666_rootkit.json.gz,system_load,rootkit,1021.6523710408728,1021.6523710408728,1,0,0.0
0,drift_then_rootkit,dual_anchor,95,events/events_2024-12-11T14:37:49.123202_rootkit.json.gz,system_load,rootkit,1045.863620027649,1045.863620027649,1,0,0.0
0,drift_then_rootkit,dual_anchor,96,events/events_2024-12-11T14:52:27.538974_rootkit.json.gz,system_load,rootkit,1416.9688175305357,1416.9688175305357,1,0,0.0
0,drift_then_rootkit,dual_anchor,97,events/events_2024-12-11T14:42:21.407945_rootkit.json.gz,system_load,rootkit,1036.2816761610106,1036.2816761610106,1,0,0.0
0,drift_then_rootkit,dual_anchor,98,events/events_2024-12-11T14:49:40.355278_rootkit.json.gz,system_load,rootkit,1112.9802065576046,1112.9802065576046,1,0,0.0
0,drift_then_rootkit,dual_anchor,99,events/events_2024-12-11T14:40:15.579301_rootkit.json.gz,system_load,rootkit,1321.9450490474148,1321.9450490474148,1,0,0.0
0,drift_then_rootkit,dual_anchor,100,events/events_2024-12-11T14:54:32.323613_rootkit.json.gz,system_load,rootkit,2367.887684239377,2367.887684239377,1,0,0.0
0,drift_then_rootkit,dual_anchor,101,events/events_2024-12-11T14:42:42.422864_rootkit.json.gz,system_load,rootkit,1270.7645798889848,1270.7645798889848,1,0,0.0
0,drift_then_rootkit,dual_anchor,102,events/events_2024-12-11T14:42:00.080695_rootkit.json.gz,system_load,rootkit,956.712760198738,956.712760198738,1,0,0.0
0,drift_then_rootkit,dual_anchor,103,events/events_2024-12-11T14:50:42.336081_rootkit.json.gz,system_load,rootkit,2308.3847995128567,2308.3847995128567,1,0,0.0
0,drift_then_rootkit,dual_anchor,104,events/events_2024-12-11T14:36:05.183559_rootkit.json.gz,system_load,rootkit,1034.630826157681,1034.630826157681,1,0,0.0
0,drift_then_rootkit,dual_anchor,105,events/events_2024-12-11T14:39:33.919506_rootkit.json.gz,system_load,rootkit,1018.318956540124,1018.318956540124,1,0,0.0
0,drift_then_rootkit,dual_anchor,106,events/events_2024-12-11T14:57:40.158967_rootkit.json.gz,system_load,rootkit,1175.085938341094,1175.085938341094,1,0,0.0
0,drift_then_rootkit,dual_anchor,107,events/events_2024-12-11T14:51:03.366859_rootkit.json.gz,system_load,rootkit,960.1432317981369,960.1432317981369,1,0,0.0
0,drift_then_rootkit,dual_anchor,108,events/events_2024-12-11T14:35:23.466266_rootkit.json.gz,system_load,rootkit,1036.6924610900558,1036.6924610900558,1,0,0.0
0,drift_then_rootkit,dual_anchor,109,events/events_2024-12-11T14:31:12.367439_rootkit.json.gz,system_load,rootkit,2125.542328706009,2125.542328706009,1,0,0.0
0,drift_then_rootkit,dual_anchor,110,events/events_2024-12-11T14:32:15.159219_rootkit.json.gz,system_load,rootkit,1032.3360357746624,1032.3360357746624,1,0,0.0
0,drift_then_rootkit,dual_anchor,111,events/events_2024-12-11T14:40:57.307753_rootkit.json.gz,system_load,rootkit,1019.2373824811908,1019.2373824811908,1,0,0.0
0,drift_then_rootkit,dual_anchor,112,events/events_2024-12-11T14:38:10.203563_rootkit.json.gz,system_load,rootkit,1657.3185269229978,1657.3185269229978,1,0,0.0
0,drift_then_rootkit,dual_anchor,113,events/events_2024-12-11T14:55:56.074311_rootkit.json.gz,system_load,rootkit,964.6299587445519,964.6299587445519,1,0,0.0
0,drift_then_rootkit,dual_anchor,114,events/events_2024-12-11T15:02:32.083240_rootkit.json.gz,system_load,rootkit,1122.0843197734573,1122.0843197734573,1,0,0.0
0,drift_then_rootkit,dual_anchor,115,events/events_2024-12-11T14:38:51.882813_rootkit.json.gz,system_load,rootkit,2319.6045617202562,2319.6045617202562,1,0,0.0
0,drift_then_rootkit,dual_anchor,116,events/events_2024-12-11T14:59:45.734847_rootkit.json.gz,system_load,rootkit,1370.5218167694704,1370.5218167694704,1,0,0.0
0,drift_then_rootkit,dual_anchor,117,events/events_2024-12-11T14:50:21.426511_rootkit.json.gz,system_load,rootkit,1534.3803477031238,1534.3803477031238,1,0,0.0
0,drift_then_rootkit,dual_anchor,118,events/events_2024-12-11T14:51:45.654597_rootkit.json.gz,system_load,rootkit,1334.4246679792998,1334.4246679792998,1,0,0.0
0,drift_then_rootkit,dual_anchor,119,events/events_2024-12-11T14:48:16.594677_rootkit.json.gz,system_load,rootkit,2126.898349767801,2126.898349767801,1,0,0.0
0,drift_then_rootkit,dual_anchor,120,events/events_2024-12-11T14:34:20.316132_rootkit.json.gz,system_load,rootkit,2338.0264690512163,2338.0264690512163,1,0,0.0
0,drift_then_rootkit,dual_anchor,121,events/events_2024-12-11T14:43:24.240638_rootkit.json.gz,system_load,rootkit,1064.4593302790224,1064.4593302790224,1,0,0.0
0,drift_then_rootkit,dual_anchor,122,events/events_2024-12-11T15:01:29.696445_rootkit.json.gz,system_load,rootkit,1160.144301989299,1160.144301989299,1,0,0.0
0,drift_then_rootkit,dual_anchor,123,events/events_2024-12-11T14:51:24.346761_rootkit.json.gz,system_load,rootkit,1132.8748873011539,1132.8748873011539,1,0,0.0
0,drift_then_rootkit,dual_anchor,124,events/events_2024-12-11T15:01:08.574688_rootkit.json.gz,system_load,rootkit,1072.813168501552,1072.813168501552,1,0,0.0
0,drift_then_rootkit,dual_anchor,125,events/events_2024-12-11T14:48:58.854455_rootkit.json.gz,system_load,rootkit,1524.5808051019167,1524.5808051019167,1,0,0.0
0,drift_then_rootkit,dual_anchor,126,events/events_2024-12-11T14:46:53.247549_rootkit.json.gz,system_load,rootkit,1109.0443976999225,1109.0443976999225,1,0,0.0
0,drift_then_rootkit,dual_anchor,127,events/events_2024-12-11T14:38:31.073241_rootkit.json.gz,system_load,rootkit,1068.4444067827212,1068.4444067827212,1,0,0.0
0,drift_then_rootkit,dual_anchor,128,events/events_2024-12-11T14:58:22.191895_rootkit.json.gz,system_load,rootkit,977.9001198471371,977.9001198471371,1,0,0.0
0,drift_then_rootkit,dual_anchor,129,events/events_2024-12-11T14:45:29.662596_rootkit.json.gz,system_load,rootkit,1474.666066138272,1474.666066138272,1,0,0.0
0,drift_then_rootkit,dual_anchor,130,events/events_2024-12-11T14:34:41.647874_rootkit.json.gz,system_load,rootkit,1020.5613184982357,1020.5613184982357,1,0,0.0
0,drift_then_rootkit,dual_anchor,131,events/events_2024-12-11T15:00:47.511922_rootkit.json.gz,system_load,rootkit,1003.2015555355216,1003.2015555355216,1,0,0.0
0,drift_then_rootkit,dual_anchor,132,events/events_2024-12-11T14:53:30.190835_rootkit.json.gz,system_load,rootkit,1025.2497653598205,1025.2497653598205,1,0,0.0
0,drift_then_rootkit,dual_anchor,133,events/events_2024-12-11T14:45:50.690673_rootkit.json.gz,system_load,rootkit,1007.7135032095647,1007.7135032095647,1,0,0.0
0,drift_then_rootkit,dual_anchor,134,events/events_2024-12-11T15:02:53.199482_rootkit.json.gz,system_load,rootkit,1496.0530918319691,1496.0530918319691,1,0,0.0
0,drift_then_rootkit,dual_anchor,135,events/events_2024-12-11T14:46:11.215346_rootkit.json.gz,system_load,rootkit,1077.1759205468138,1077.1759205468138,1,0,0.0
0,drift_then_rootkit,dual_anchor,136,events/events_2024-12-11T14:37:07.874291_rootkit.json.gz,system_load,rootkit,2154.228510730374,2154.228510730374,1,0,0.0
0,drift_then_rootkit,dual_anchor,137,events/events_2024-12-11T14:29:27.576864_rootkit.json.gz,system_load,rootkit,1186.0196214636085,1186.0196214636085,1,0,0.0
0,drift_then_rootkit,dual_anchor,138,events/events_2024-12-11T14:54:53.459663_rootkit.json.gz,system_load,rootkit,1032.1650956788185,1032.1650956788185,1,0,0.0
0,drift_then_rootkit,dual_anchor,139,events/events_2024-12-11T14:30:09.546936_rootkit.json.gz,system_load,rootkit,1978.6749883274838,1978.6749883274838,1,0,0.0
0,drift_then_rootkit,dual_anchor,140,events/events_2024-12-11T14:47:13.657733_rootkit.json.gz,system_load,rootkit,987.9864807470306,987.9864807470306,1,0,0.0
0,drift_then_rootkit,dual_anchor,141,events/events_2024-12-11T14:47:34.543032_rootkit.json.gz,system_load,rootkit,1083.0854683687535,1083.0854683687535,1,0,0.0
0,drift_then_rootkit,dual_anchor,142,events/events_2024-12-11T14:50:00.695601_rootkit.json.gz,system_load,rootkit,2155.9888400168943,2155.9888400168943,1,0,0.0
0,drift_then_rootkit,dual_anchor,143,events/events_2024-12-11T15:00:26.635172_rootkit.json.gz,system_load,rootkit,1927.0284847432004,1927.0284847432004,1,0,0.0
0,drift_then_rootkit,dual_anchor,144,events/events_2024-12-11T14:48:37.950808_rootkit.json.gz,system_load,rootkit,1101.8622564289376,1101.8622564289376,1,0,0.0
0,drift_then_rootkit,dual_anchor,145,events/events_2024-12-11T14:36:26.267365_rootkit.json.gz,system_load,rootkit,1157.290947368779,1157.290947368779,1,0,0.0
0,drift_then_rootkit,dual_anchor,146,events/events_2024-12-11T15:03:56.299556_rootkit.json.gz,system_load,rootkit,1151.8538309532769,1151.8538309532769,1,0,0.0
0,drift_then_rootkit,dual_anchor,147,events/events_2024-12-11T14:54:11.886636_rootkit.json.gz,system_load,rootkit,1570.7039531225394,1570.7039531225394,1,0,0.0
0,drift_then_rootkit,dual_anchor,148,events/events_2024-12-11T14:47:55.550389_rootkit.json.gz,system_load,rootkit,2148.420736288301,2148.420736288301,1,0,0.0
0,drift_then_rootkit,dual_anchor,149,events/events_2024-12-11T14:59:04.056579_rootkit.json.gz,system_load,rootkit,1521.2916780129246,1521.2916780129246,1,0,0.0
0,drift_then_rootkit,dual_anchor,150,events/events_2024-12-11T14:33:38.534631_rootkit.json.gz,system_load,rootkit,1352.976670698923,1352.976670698923,1,0,0.0
