boot_id,method,position,episode,episode_ordinal,segment,truth_state,condition,security_score,security_threshold,security_alert,operational_score,operational_threshold,operational_alert,decision,updated,window_attack_fraction
812b4ab4-a286-4405-9614-20804cdb1ca4,fixed_public_empirical,100,normal_early,0,normal_baseline,unloaded,baseline,13.46595818018286,28.17319410417818,False,nan,nan,False,normal,False,0.0
812b4ab4-a286-4405-9614-20804cdb1ca4,fixed_public_empirical,101,normal_early,0,normal_baseline,unloaded,baseline,7.999087550794236,28.17319410417818,False,nan,nan,False,normal,False,0.0
812b4ab4-a286-4405-9614-20804cdb1ca4,fixed_public_empirical,102,normal_early,0,normal_baseline,unloaded,baseline,17.54390745641851,28.17319410417818,False,nan,nan,False,normal,False,0.0
812b4ab4-a286-4405-9614-20804cdb1ca4,fixed_public_empirical,103,normal_early,0,normal_baseline,unloaded,baseline,12.652127724240518,28.17319410417818,False,nan,nan,False,normal,False,0.0
812b4ab4-a286-4405-9614-20804cdb1ca4,fixed_public_empirical,104,normal_early,0,normal_baseline,unloaded,baseline,11.47308060373412,28.17319410417818,False,nan,nan,False,normal,False,0.0
812b4ab4-a286-4405-9614-20804cdb1ca4,fixed_public_empirical,105,normal_early,0,normal_baseline,unloaded,baseline,9.49875624743048,28.17319410417818,False,nan,nan,False,normal,False,0.0
812b4ab4-a286-4405-9614-20804cdb1ca4,fixed_public_empirical,106,normal_early,0,normal_baseline,unloaded,baseline,65.44470319305668,28.17319410417818,True,nan,nan,False,attack,False,0.0
812b4ab4-a286-4405-9614-20804cdb1ca4,fixed_public_empirical,107,normal_early,0,normal_baseline,unloaded,baseline,82.45755504197044,28.17319410417818,True,nan,nan,False,attack,False,0.0
812b4ab4-a286-4405-9614-20804cdb1ca4,fixed_public_empirical,108,normal_early,0,normal_baseline,unloaded,baseline,19.67221417448942,28.17319410417818,False,nan,nan,False,normal,False,0.0
812b4ab4-a286-4405-9614-20804cdb1ca4,fixed_public_empirical,109,normal_early,0,normal_baseline,unloaded,baseline,37.56089811621264,28.17319410417818,True,nan,nan,False,attack,False,0.0
812b4ab4-a286-4405-9614-20804cdb1ca4,fixed_public_empirical,110,normal_early,0,normal_baseline,unloaded,baseline,43.43996552865954,28.17319410417818,True,nan,nan,False,attack,False,0.0
812b4ab4-a286-4405-9614-20804cdb1ca4,fixed_public_empirical,111,normal_early,0,normal_baseline,unloaded,baseline,7.836672114788678,28.17319410417818,False,nan,nan,False,normal,False,0.0
812b4ab4-a286-4405-9614-20804cdb1ca4,fixed_public_empirical,112,normal_early,0,normal_baseline,unloaded,baseline,10.657697748029234,28.17319410417818,False,nan,nan,False,normal,False,0.0
812b4ab4-a286-4405-9614-20804cdb1ca4,fixed_public_empirical,113,normal_early,0,normal_baseline,unloaded,baseline,14.141317146357293,28.17319410417818,False,nan,nan,False,normal,False,0.0
812b4ab4-a286-4405-9614-20804cdb1ca4,fixed_public_empirical,114,normal_early,0,normal_baseline,unloaded,baseline,20.38742030378996,28.17319410417818,False,nan,nan,False,normal,False,0.0
812b4ab4-a286-4405-9614-20804cdb1ca4,fixed_public_empirical,115,normal_early,0,normal_baseline,unloaded,baseline,82.26492202119772,28.17319410417818,True,nan,nan,False,attack,False,0.0
812b4ab4-a286-4405-9614-20804cdb1ca4,fixed_public_empirical,116,normal_early,0,normal_baseline,unloaded,baseline,26.499621703368007,28.17319410417818,False,nan,nan,False,normal,False,0.0
812b4ab4-a286-4405-9614-20804cdb1ca4,fixed_public_empirical,117,normal_early,0,normal_baseline,unloaded,baseline,26.258951893691457,28.17319410417818,False,nan,nan,False,normal,False,0.0
812b4ab4-a286-4405-9614-20804cdb1ca4,fixed_public_empirical,118,normal_early,0,normal_baseline,unloaded,baseline,12.698164326881015,28.17319410417818,False,nan,nan,False,normal,False,0.0
812b4ab4-a286-4405-9614-20804cdb1ca4,fixed_public_empirical,119,normal_early,0,normal_baseline,unloaded,baseline,12.100530898913586,28.17319410417818,False,nan,nan,False,normal,False,0.0
812b4ab4-a286-4405-9614-20804cdb1ca4,fixed_public_empirical,120,normal_early,0,benign_cpu,unloaded,cpu,12.42870063704287,28.17319410417818,False,nan,nan,False,normal,False,0.0
812b4ab4-a286-4405-9614-20804cdb1ca4,fixed_public_empirical,121,normal_early,0,benign_cpu,unloaded,cpu,8.59941058621005,28.17319410417818,False,nan,nan,False,normal,False,0.0
812b4ab4-a286-4405-9614-20804cdb1ca4,fixed_public_empirical,122,normal_early,0,benign_cpu,unloaded,cpu,5.237182974349087,28.17319410417818,False,nan,nan,False,normal,False,0.0
812b4ab4-a286-4405-9614-20804cdb1ca4,fixed_public_empirical,123,normal_early,0,benign_cpu,unloaded,cpu,11.11169226506464,28.17319410417818,False,nan,nan,False,normal,False,0.0
812b4ab4-a286-4405-9614-20804cdb1ca4,fixed_public_empirical,124,normal_early,0,benign_cpu,unloaded,cpu,3.191437594579037,28.17319410417818,False,nan,nan,False,normal,False,0.0
812b4ab4-a286-4405-9614-20804cdb1ca4,fixed_public_empirical,125,normal_early,0,benign_cpu,unloaded,cpu,4.924807133282581,28.17319410417818,False,nan,nan,False,normal,False,0.0
812b4ab4-a286-4405-9614-20804cdb1ca4,fixed_public_empirical,126,normal_early,0,benign_cpu,unloaded,cpu,7.683585755422296,28.17319410417818,False,nan,nan,False,normal,False,0.0
812b4ab4-a286-4405-9614-20804cdb1ca4,fixed_public_empirical,127,normal_early,0,benign_cpu,unloaded,cpu,3.4654560516279167,28.17319410417818,False,nan,nan,False,normal,False,0.0
812b4ab4-a286-4405-9614-20804cdb1ca4,fixed_public_empirical,128,normal_early,0,benign_cpu,unloaded,cpu,4.1387958994110425,28.17319410417818,False,nan,nan,False,normal,False,0.0
812b4ab4-a286-4405-9614-20804cdb1ca4,fixed_public_empirical,129,normal_early,0,benign_cpu,unloaded,cpu,3.9905000963080655,28.17319410417818,False,nan,nan,False,normal,False,0.0
812b4ab4-a286-4405-9614-20804cdb1ca4,fixed_public_empirical,130,normal_early,0,benign_cpu,unloaded,cpu,4.683912209290241,28.17319410417818,False,nan,nan,False,normal,False,0.0
812b4ab4-a286-4405-9614-20804cdb1ca4,fixed_public_empirical,131,normal_early,0,benign_cpu,unloaded,cpu,7.769592908729614,28.17319410417818,False,nan,nan,False,normal,False,0.0
812b4ab4-a286-4405-9614-20804cdb1ca4,fixed_public_empirical,132,normal_early,0,benign_cpu,unloaded,cpu,10.55519800904497,28.17319410417818,False,nan,nan,False,normal,False,0.0
812b4ab4-a286-4405-9614-20804cdb1ca4,fixed_public_empirical,133,normal_early,0,benign_cpu,unloaded,cpu,3.515459978988166,28.17319410417818,False,nan,nan,False,normal,False,0.0
812b4ab4-a286-4405-9614-20804cdb1ca4,fixed_public_empirical,134,normal_early,0,benign_cpu,unloaded,cpu,4.705017653920905,28.17319410417818,False,nan,nan,False,normal,False,0.0
812b4ab4-a286-4405-9614-20804cdb1ca4,fixed_public_empirical,135,normal_early,0,benign_cpu,unloaded,cpu,2.141960362412026,28.17319410417818,False,nan,nan,False,normal,False,0.0
812b4ab4-a286-4405-9614-20804cdb1ca4,fixed_public_empirical,136,normal_early,0,benign_cpu,unloaded,cpu,5.587892635558313,28.17319410417818,False,nan,nan,False,normal,False,0.0
812b4ab4-a286-4405-9614-20804cdb1ca4,fixed_public_empirical,137,normal_early,0,benign_cpu,unloaded,cpu,9.506541338327168,28.17319410417818,False,nan,nan,False,normal,False,0.0
812b4ab4-a286-4405-9614-20804cdb1ca4,fixed_public_empirical,138,normal_early,0,benign_cpu,unloaded,cpu,7.108474184441174,28.17319410417818,False,nan,nan,False,normal,False,0.0
812b4ab4-a286-4405-9614-20804cdb1ca4,fixed_public_empirical,139,normal_early,0,benign_cpu,unloaded,cpu,5.174235831833223,28.17319410417818,False,nan,nan,False,normal,False,0.0
812b4ab4-a286-4405-9614-20804cdb1ca4,fixed_public_empirical,140,normal_early,0,benign_cpu,unloaded,cpu,4.739446074013855,28.17319410417818,False,nan,nan,False,normal,False,0.0
812b4ab4-a286-4405-9614-20804cdb1ca4,fixed_public_empirical,141,normal_early,0,benign_cpu,unloaded,cpu,5.184716734615817,28.17319410417818,False,nan,nan,False,normal,False,0.0
812b4ab4-a286-4405-9614-20804cdb1ca4,fixed_public_empirical,142,normal_early,0,benign_cpu,unloaded,cpu,2.7032807275227717,28.17319410417818,False,nan,nan,False,normal,False,0.0
812b4ab4-a286-4405-9614-20804cdb1ca4,fixed_public_empirical,143,normal_early,0,benign_cpu,unloaded,cpu,6.861065808461667,28.17319410417818,False,nan,nan,False,normal,False,0.0
812b4ab4-a286-4405-9614-20804cdb1ca4,fixed_public_empirical,144,normal_early,0,benign_cpu,unloaded,cpu,7.529954266517585,28.17319410417818,False,nan,nan,False,normal,False,0.0
812b4ab4-a286-4405-9614-20804cdb1ca4,fixed_public_empirical,145,normal_early,0,benign_cpu,unloaded,cpu,15.621168815933418,28.17319410417818,False,nan,nan,False,normal,False,0.0
812b4ab4-a286-4405-9614-20804cdb1ca4,fixed_public_empirical,146,normal_early,0,benign_cpu,unloaded,cpu,3.242583164472891,28.17319410417818,False,nan,nan,False,normal,False,0.0
812b4ab4-a286-4405-9614-20804cdb1ca4,fixed_public_empirical,147,normal_early,0,benign_cpu,unloaded,cpu,5.774229331737519,28.17319410417818,False,nan,nan,False,normal,False,0.0
812b4ab4-a286-4405-9614-20804cdb1ca4,fixed_public_empirical,148,normal_early,0,benign_cpu,unloaded,cpu,10.583585545118614,28.17319410417818,False,nan,nan,False,normal,False,0.0
812b4ab4-a286-4405-9614-20804cdb1ca4,fixed_public_empirical,149,normal_early,0,benign_cpu,unloaded,cpu,3.615781500216306,28.17319410417818,False,nan,nan,False,normal,False,0.0
812b4ab4-a286-4405-9614-20804cdb1ca4,fixed_public_empirical,150,normal_early,0,benign_cpu,unloaded,cpu,6.6014425520179145,28.17319410417818,False,nan,nan,False,normal,False,0.0
812b4ab4-a286-4405-9614-20804cdb1ca4,fixed_public_empirical,151,normal_early,0,benign_cpu,unloaded,cpu,2.0922216567770224,28.17319410417818,False,nan,nan,False,normal,False,0.0
812b4ab4-a286-4405-9614-20804cdb1ca4,fixed_public_empirical,152,normal_early,0,benign_cpu,unloaded,cpu,7.511218072254408,28.17319410417818,False,nan,nan,False,normal,False,0.0
812b4ab4-a286-4405-9614-20804cdb1ca4,fixed_public_empirical,153,normal_early,0,benign_cpu,unloaded,cpu,3.198824738929379,28.17319410417818,False,nan,nan,False,normal,False,0.0
812b4ab4-a286-4405-9614-20804cdb1ca4,fixed_public_empirical,154,normal_early,0,benign_cpu,unloaded,cpu,2.3900349370923273,28.17319410417818,False,nan,nan,False,normal,False,0.0
812b4ab4-a286-4405-9614-20804cdb1ca4,fixed_public_empirical,155,normal_early,0,benign_cpu,unloaded,cpu,3.9250084964128646,28.17319410417818,False,nan,nan,False,normal,False,0.0
812b4ab4-a286-4405-9614-20804cdb1ca4,fixed_public_empirical,156,normal_early,0,benign_cpu,unloaded,cpu,2.801488383575495,28.17319410417818,False,nan,nan,False,normal,False,0.0
812b4ab4-a286-4405-9614-20804cdb1ca4,fixed_public_empirical,157,normal_early,0,benign_cpu,unloaded,cpu,4.230345678338832,28.17319410417818,False,nan,nan,False,normal,False,0.0
812b4ab4-a286-4405-9614-20804cdb1ca4,fixed_public_empirical,158,normal_early,0,benign_cpu,unloaded,cpu,6.352215023256886,28.17319410417818,False,nan,nan,False,normal,False,0.0
812b4ab4-a286-4405-9614-20804cdb1ca4,fixed_public_empirical,159,normal_early,0,benign_cpu,unloaded,cpu,9.11080197970155,28.17319410417818,False,nan,nan,False,normal,False,0.0
812b4ab4-a286-4405-9614-20804cdb1ca4,fixed_public_empirical,160,normal_workloads,1,benign_memory,unloaded,memory,6.9184852361792455,28.17319410417818,False,nan,nan,False,normal,False,0.0
812b4ab4-a286-4405-9614-20804cdb1ca4,fixed_public_empirical,161,normal_workloads,1,benign_memory,unloaded,memory,13.923740932993127,28.17319410417818,False,nan,nan,False,normal,False,0.0
812b4ab4-a286-4405-9614-20804cdb1ca4,fixed_public_empirical,162,normal_workloads,1,benign_memory,unloaded,memory,20.878886273009705,28.17319410417818,False,nan,nan,False,normal,False,0.0
812b4ab4-a286-4405-9614-20804cdb1ca4,fixed_public_empirical,163,normal_workloads,1,benign_memory,unloaded,memory,11.181847065028354,28.17319410417818,False,nan,nan,False,normal,False,0.0
812b4ab4-a286-4405-9614-20804cdb1ca4,fixed_public_empirical,164,normal_workloads,1,benign_memory,unloaded,memory,16.68803009748827,28.17319410417818,False,nan,nan,False,normal,False,0.0
812b4ab4-a286-4405-9614-20804cdb1ca4,fixed_public_empirical,165,normal_workloads,1,benign_memory,unloaded,memory,10.154919320901275,28.17319410417818,False,nan,nan,False,normal,False,0.0
812b4ab4-a286-4405-9614-20804cdb1ca4,fixed_public_empirical,166,normal_workloads,1,benign_memory,unloaded,memory,17.892767624345026,28.17319410417818,False,nan,nan,False,normal,False,0.0
812b4ab4-a286-4405-9614-20804cdb1ca4,fixed_public_empirical,167,normal_workloads,1,benign_memory,unloaded,memory,9.786428600372416,28.17319410417818,False,nan,nan,False,normal,False,0.0
812b4ab4-a286-4405-9614-20804cdb1ca4,fixed_public_empirical,168,normal_workloads,1,benign_memory,unloaded,memory,16.099801533137743,28.17319410417818,False,nan,nan,False,normal,False,0.0
812b4ab4-a286-4405-9614-20804cdb1ca4,fixed_public_empirical,169,normal_workloads,1,benign_memory,unloaded,memory,20.104223548006967,28.17319410417818,False,nan,nan,False,normal,False,0.0
812b4ab4-a286-4405-9614-20804cdb1ca4,fixed_public_empirical,170,normal_workloads,1,benign_memory,unloaded,memory,7.9035065154942465,28.17319410417818,False,nan,nan,False,normal,False,0.0
812b4ab4-a286-4405-9614-20804cdb1ca4,fixed_public_empirical,171,normal_workloads,1,benign_memory,unloaded,memory,12.022248286531363,28.17319410417818,False,nan,nan,False,normal,False,0.0
812b4ab4-a286-4405-9614-20804cdb1ca4,fixed_public_empirical,172,normal_workloads,1,benign_memory,unloaded,memory,13.166244117607382,28.17319410417818,False,nan,nan,False,normal,False,0.0
812b4ab4-a286-4405-9614-20804cdb1ca4,fixed_public_empirical,173,normal_workloads,1,benign_memory,unloaded,memory,5.533667382281,28.17319410417818,False,nan,nan,False,normal,False,0.0
812b4ab4-a286-4405-9614-20804cdb1ca4,fixed_public_empirical,174,normal_workloads,1,benign_memory,unloaded,memory,8.265216616030168,28.17319410417818,False,nan,nan,False,normal,False,0.0
812b4ab4-a286-4405-9614-20804cdb1ca4,fixed_public_empirical,175,normal_workloads,1,benign_memory,unloaded,memory,9.913190020935419,28.17319410417818,False,nan,nan,False,normal,False,0.0
812b4ab4-a286-4405-9614-20804cdb1ca4,fixed_public_empirical,176,normal_workloads,1,benign_memory,unloaded,memory,15.448101478797554,28.17319410417818,False,nan,nan,False,normal,False,0.0
812b4ab4-a286-4405-9614-20804cdb1ca4,fixed_public_empirical,177,normal_workloads,1,benign_memory,unloaded,memory,13.55445276127835,28.17319410417818,False,nan,nan,False,normal,False,0.0
812b4ab4-a286-4405-9614-20804cdb1ca4,fixed_public_empirical,178,normal_workloads,1,benign_memory,unloaded,memory,6.354365481787417,28.17319410417818,False,nan,nan,False,normal,False,0.0
812b4ab4-a286-4405-9614-20804cdb1ca4,fixed_public_empirical,179,normal_workloads,1,benign_memory,unloaded,memory,12.23049017837688,28.17319410417818,False,nan,nan,False,normal,False,0.0
812b4ab4-a286-4405-9614-20804cdb1ca4,fixed_public_empirical,180,normal_workloads,1,benign_memory,unloaded,memory,5.690744910265963,28.17319410417818,False,nan,nan,False,normal,False,0.0
812b4ab4-a286-4405-9614-20804cdb1ca4,fixed_public_empirical,181,normal_workloads,1,benign_memory,unloaded,memory,12.568484127852098,28.17319410417818,False,nan,nan,False,normal,False,0.0
812b4ab4-a286-4405-9614-20804cdb1ca4,fixed_public_empirical,182,normal_workloads,1,benign_memory,unloaded,memory,26.799735342462107,28.17319410417818,False,nan,nan,False,normal,False,0.0
812b4ab4-a286-4405-9614-20804cdb1ca4,fixed_public_empirical,183,normal_workloads,1,benign_memory,unloaded,memory,19.435349275365233,28.17319410417818,False,nan,nan,False,normal,False,0.0
812b4ab4-a286-4405-9614-20804cdb1ca4,fixed_public_empirical,184,normal_workloads,1,benign_memory,unloaded,memory,19.454450971398625,28.17319410417818,False,nan,nan,False,normal,False,0.0
812b4ab4-a286-4405-9614-20804cdb1ca4,fixed_public_empirical,185,normal_workloads,1,benign_memory,unloaded,memory,21.90776188727454,28.17319410417818,False,nan,nan,False,normal,False,0.0
812b4ab4-a286-4405-9614-20804cdb1ca4,fixed_public_empirical,186,normal_workloads,1,benign_memory,unloaded,memory,8.808629684929791,28.17319410417818,False,nan,nan,False,normal,False,0.0
812b4ab4-a286-4405-9614-20804cdb1ca4,fixed_public_empirical,187,normal_workloads,1,benign_memory,unloaded,memory,7.9439587694323786,28.17319410417818,False,nan,nan,False,normal,False,0.0
812b4ab4-a286-4405-9614-20804cdb1ca4,fixed_public_empirical,188,normal_workloads,1,benign_memory,unloaded,memory,6.002686638810756,28.17319410417818,False,nan,nan,False,normal,False,0.0
812b4ab4-a286-4405-9614-20804cdb1ca4,fixed_public_empirical,189,normal_workloads,1,benign_memory,unloaded,memory,13.172878409654345,28.17319410417818,False,nan,nan,False,normal,False,0.0
812b4ab4-a286-4405-9614-20804cdb1ca4,fixed_public_empirical,190,normal_workloads,1,benign_memory,unloaded,memory,195.58862448398003,28.17319410417818,True,nan,nan,False,attack,False,0.0
812b4ab4-a286-4405-9614-20804cdb1ca4,fixed_public_empirical,191,normal_workloads,1,benign_memory,unloaded,memory,21.56984239290714,28.17319410417818,False,nan,nan,False,normal,False,0.0
812b4ab4-a286-4405-9614-20804cdb1ca4,fixed_public_empirical,192,normal_workloads,1,benign_memory,unloaded,memory,16.162569925799097,28.17319410417818,False,nan,nan,False,normal,False,0.0
812b4ab4-a286-4405-9614-20804cdb1ca4,fixed_public_empirical,193,normal_workloads,1,benign_memory,unloaded,memory,8.09248380653412,28.17319410417818,False,nan,nan,False,normal,False,0.0
812b4ab4-a286-4405-9614-20804cdb1ca4,fixed_public_empirical,194,normal_workloads,1,benign_memory,unloaded,memory,10.069649303639451,28.17319410417818,False,nan,nan,False,normal,False,0.0
812b4ab4-a286-4405-9614-20804cdb1ca4,fixed_public_empirical,195,normal_workloads,1,benign_memory,unloaded,memory,12.628183033905758,28.17319410417818,False,nan,nan,False,normal,False,0.0
812b4ab4-a286-4405-9614-20804cdb1ca4,fixed_public_empirical,196,normal_workloads,1,benign_memory,unloaded,memory,10.919853614534592,28.17319410417818,False,nan,nan,False,normal,False,0.0
812b4ab4-a286-4405-9614-20804cdb1ca4,fixed_public_empirical,197,normal_workloads,1,benign_memory,unloaded,memory,9.253200426102584,28.17319410417818,False,nan,nan,False,normal,False,0.0
812b4ab4-a286-4405-9614-20804cdb1ca4,fixed_public_empirical,198,normal_workloads,1,benign_memory,unloaded,memory,6.146875787874552,28.17319410417818,False,nan,nan,False,normal,False,0.0
812b4ab4-a286-4405-9614-20804cdb1ca4,fixed_public_empirical,199,normal_workloads,1,benign_memory,unloaded,memory,6.004924644217333,28.17319410417818,False,nan,nan,False,normal,False,0.0
812b4ab4-a286-4405-9614-20804cdb1ca4,fixed_public_empirical,200,normal_workloads,1,benign_mixed,unloaded,mixed,4.607227297974432,28.17319410417818,False,nan,nan,False,normal,False,0.0
812b4ab4-a286-4405-9614-20804cdb1ca4,fixed_public_empirical,201,normal_workloads,1,benign_mixed,unloaded,mixed,18.635859619303844,28.17319410417818,False,nan,nan,False,normal,False,0.0
812b4ab4-a286-4405-9614-20804cdb1ca4,fixed_public_empirical,202,normal_workloads,1,benign_mixed,unloaded,mixed,6.991684214324098,28.17319410417818,False,nan,nan,False,normal,False,0.0
812b4ab4-a286-4405-9614-20804cdb1ca4,fixed_public_empirical,203,normal_workloads,1,benign_mixed,unloaded,mixed,15.321310683898181,28.17319410417818,False,nan,nan,False,normal,False,0.0
812b4ab4-a286-4405-9614-20804cdb1ca4,fixed_public_empirical,204,normal_workloads,1,benign_mixed,unloaded,mixed,32.75998220727178,28.17319410417818,True,nan,nan,False,attack,False,0.0
812b4ab4-a286-4405-9614-20804cdb1ca4,fixed_public_empirical,205,normal_workloads,1,benign_mixed,unloaded,mixed,4.013990856564197,28.17319410417818,False,nan,nan,False,normal,False,0.0
812b4ab4-a286-4405-9614-20804cdb1ca4,fixed_public_empirical,206,normal_workloads,1,benign_mixed,unloaded,mixed,7.504261704605669,28.17319410417818,False,nan,nan,False,normal,False,0.0
812b4ab4-a286-4405-9614-20804cdb1ca4,fixed_public_empirical,207,normal_workloads,1,benign_mixed,unloaded,mixed,4.923991592891674,28.17319410417818,False,nan,nan,False,normal,False,0.0
812b4ab4-a286-4405-9614-20804cdb1ca4,fixed_public_empirical,208,normal_workloads,1,benign_mixed,unloaded,mixed,2.7625957407207995,28.17319410417818,False,nan,nan,False,normal,False,0.0
812b4ab4-a286-4405-9614-20804cdb1ca4,fixed_public_empirical,209,normal_workloads,1,benign_mixed,unloaded,mixed,3.4096682619782586,28.17319410417818,False,nan,nan,False,normal,False,0.0
812b4ab4-a286-4405-9614-20804cdb1ca4,fixed_public_empirical,210,normal_workloads,1,benign_mixed,unloaded,mixed,3.3360549313075487,28.17319410417818,False,nan,nan,False,normal,False,0.0
812b4ab4-a286-4405-9614-20804cdb1ca4,fixed_public_empirical,211,normal_workloads,1,benign_mixed,unloaded,mixed,8.241556179796092,28.17319410417818,False,nan,nan,False,normal,False,0.0
812b4ab4-a286-4405-9614-20804cdb1ca4,fixed_public_empirical,212,normal_workloads,1,benign_mixed,unloaded,mixed,3.857343901289469,28.17319410417818,False,nan,nan,False,normal,False,0.0
812b4ab4-a286-4405-9614-20804cdb1ca4,fixed_public_empirical,213,normal_workloads,1,benign_mixed,unloaded,mixed,3.333187192217183,28.17319410417818,False,nan,nan,False,normal,False,0.0
812b4ab4-a286-4405-9614-20804cdb1ca4,fixed_public_empirical,214,normal_workloads,1,benign_mixed,unloaded,mixed,7.024583469995182,28.17319410417818,False,nan,nan,False,normal,False,0.0
812b4ab4-a286-4405-9614-20804cdb1ca4,fixed_public_empirical,215,normal_workloads,1,benign_mixed,unloaded,mixed,4.462424203289345,28.17319410417818,False,nan,nan,False,normal,False,0.0
812b4ab4-a286-4405-9614-20804cdb1ca4,fixed_public_empirical,216,normal_workloads,1,benign_mixed,unloaded,mixed,7.22419516537334,28.17319410417818,False,nan,nan,False,normal,False,0.0
812b4ab4-a286-4405-9614-20804cdb1ca4,fixed_public_empirical,217,normal_workloads,1,benign_mixed,unloaded,mixed,6.381317527539969,28.17319410417818,False,nan,nan,False,normal,False,0.0
812b4ab4-a286-4405-9614-20804cdb1ca4,fixed_public_empirical,218,normal_workloads,1,benign_mixed,unloaded,mixed,9.636105901279667,28.17319410417818,False,nan,nan,False,normal,False,0.0
812b4ab4-a286-4405-9614-20804cdb1ca4,fixed_public_empirical,219,normal_workloads,1,benign_mixed,unloaded,mixed,6.433424794292112,28.17319410417818,False,nan,nan,False,normal,False,0.0
812b4ab4-a286-4405-9614-20804cdb1ca4,fixed_public_empirical,220,normal_workloads,1,benign_mixed,unloaded,mixed,3.7683296361718557,28.17319410417818,False,nan,nan,False,normal,False,0.0
812b4ab4-a286-4405-9614-20804cdb1ca4,fixed_public_empirical,221,normal_workloads,1,benign_mixed,unloaded,mixed,4.951075151273069,28.17319410417818,False,nan,nan,False,normal,False,0.0
812b4ab4-a286-4405-9614-20804cdb1ca4,fixed_public_empirical,222,normal_workloads,1,benign_mixed,unloaded,mixed,4.242036395391601,28.17319410417818,False,nan,nan,False,normal,False,0.0
812b4ab4-a286-4405-9614-20804cdb1ca4,fixed_public_empirical,223,normal_workloads,1,benign_mixed,unloaded,mixed,2.5048045971553585,28.17319410417818,False,nan,nan,False,normal,False,0.0
812b4ab4-a286-4405-9614-20804cdb1ca4,fixed_public_empirical,224,normal_workloads,1,benign_mixed,unloaded,mixed,8.15183965451217,28.17319410417818,False,nan,nan,False,normal,False,0.0
812b4ab4-a286-4405-9614-20804cdb1ca4,fixed_public_empirical,225,normal_workloads,1,benign_mixed,unloaded,mixed,11.355069251692287,28.17319410417818,False,nan,nan,False,normal,False,0.0
812b4ab4-a286-4405-9614-20804cdb1ca4,fixed_public_empirical,226,normal_workloads,1,benign_mixed,unloaded,mixed,3.5044454916779926,28.17319410417818,False,nan,nan,False,normal,False,0.0
812b4ab4-a286-4405-9614-20804cdb1ca4,fixed_public_empirical,227,normal_workloads,1,benign_mixed,unloaded,mixed,13.970012716383138,28.17319410417818,False,nan,nan,False,normal,False,0.0
812b4ab4-a286-4405-9614-20804cdb1ca4,fixed_public_empirical,228,normal_workloads,1,benign_mixed,unloaded,mixed,51.794693744893436,28.17319410417818,True,nan,nan,False,attack,False,0.0
812b4ab4-a286-4405-9614-20804cdb1ca4,fixed_public_empirical,229,normal_workloads,1,benign_mixed,unloaded,mixed,4.631528721501971,28.17319410417818,False,nan,nan,False,normal,False,0.0
812b4ab4-a286-4405-9614-20804cdb1ca4,fixed_public_empirical,230,normal_workloads,1,benign_mixed,unloaded,mixed,12.923052646483342,28.17319410417818,False,nan,nan,False,normal,False,0.0
812b4ab4-a286-4405-9614-20804cdb1ca4,fixed_public_empirical,231,normal_workloads,1,benign_mixed,unloaded,mixed,3.6353752461891906,28.17319410417818,False,nan,nan,False,normal,False,0.0
812b4ab4-a286-4405-9614-20804cdb1ca4,fixed_public_empirical,232,normal_workloads,1,benign_mixed,unloaded,mixed,3.1329572507870713,28.17319410417818,False,nan,nan,False,normal,False,0.0
812b4ab4-a286-4405-9614-20804cdb1ca4,fixed_public_empirical,233,normal_workloads,1,benign_mixed,unloaded,mixed,190.42495444679966,28.17319410417818,True,nan,nan,False,attack,False,0.0
812b4ab4-a286-4405-9614-20804cdb1ca4,fixed_public_empirical,234,normal_workloads,1,benign_mixed,unloaded,mixed,3.1859109286286014,28.17319410417818,False,nan,nan,False,normal,False,0.0
812b4ab4-a286-4405-9614-20804cdb1ca4,fixed_public_empirical,235,normal_workloads,1,benign_mixed,unloaded,mixed,4.16203734214553,28.17319410417818,False,nan,nan,False,normal,False,0.0
812b4ab4-a286-4405-9614-20804cdb1ca4,fixed_public_empirical,236,normal_workloads,1,benign_mixed,unloaded,mixed,4.2711373196168605,28.17319410417818,False,nan,nan,False,normal,False,0.0
812b4ab4-a286-4405-9614-20804cdb1ca4,fixed_public_empirical,237,normal_workloads,1,benign_mixed,unloaded,mixed,4.966684996179763,28.17319410417818,False,nan,nan,False,normal,False,0.0
812b4ab4-a286-4405-9614-20804cdb1ca4,fixed_public_empirical,238,normal_workloads,1,benign_mixed,unloaded,mixed,8.373748272607411,28.17319410417818,False,nan,nan,False,normal,False,0.0
812b4ab4-a286-4405-9614-20804cdb1ca4,fixed_public_empirical,239,normal_workloads,1,benign_mixed,unloaded,mixed,12.033521021577378,28.17319410417818,False,nan,nan,False,normal,False,0.0
812b4ab4-a286-4405-9614-20804cdb1ca4,fixed_public_empirical,240,attack,2,attack_baseline,hiding,baseline,21.538092516902825,28.17319410417818,False,nan,nan,False,normal,False,0.0
812b4ab4-a286-4405-9614-20804cdb1ca4,fixed_public_empirical,241,attack,2,attack_baseline,hiding,baseline,26.88160382030115,28.17319410417818,False,nan,nan,False,normal,False,0.0
812b4ab4-a286-4405-9614-20804cdb1ca4,fixed_public_empirical,242,attack,2,attack_baseline,hiding,baseline,15.419835449282559,28.17319410417818,False,nan,nan,False,normal,False,0.0
812b4ab4-a286-4405-9614-20804cdb1ca4,fixed_public_empirical,243,attack,2,attack_baseline,hiding,baseline,41.194763713841226,28.17319410417818,True,nan,nan,False,attack,False,0.0
812b4ab4-a286-4405-9614-20804cdb1ca4,fixed_public_empirical,244,attack,2,attack_baseline,hiding,baseline,20.46771923229682,28.17319410417818,False,nan,nan,False,normal,False,0.0
812b4ab4-a286-4405-9614-20804cdb1ca4,fixed_public_empirical,245,attack,2,attack_baseline,hiding,baseline,18.594794090771728,28.17319410417818,False,nan,nan,False,normal,False,0.0
812b4ab4-a286-4405-9614-20804cdb1ca4,fixed_public_empirical,246,attack,2,attack_baseline,hiding,baseline,22.837186218089723,28.17319410417818,False,nan,nan,False,normal,False,0.0
812b4ab4-a286-4405-9614-20804cdb1ca4,fixed_public_empirical,247,attack,2,attack_baseline,hiding,baseline,23.056805090765163,28.17319410417818,False,nan,nan,False,normal,False,0.0
812b4ab4-a286-4405-9614-20804cdb1ca4,fixed_public_empirical,248,attack,2,attack_baseline,hiding,baseline,29.55014165835105,28.17319410417818,True,nan,nan,False,attack,False,0.0
812b4ab4-a286-4405-9614-20804cdb1ca4,fixed_public_empirical,249,attack,2,attack_baseline,hiding,baseline,64.11490639949832,28.17319410417818,True,nan,nan,False,attack,False,0.0
812b4ab4-a286-4405-9614-20804cdb1ca4,fixed_public_empirical,250,attack,2,attack_baseline,hiding,baseline,33.775754551491765,28.17319410417818,True,nan,nan,False,attack,False,0.0
812b4ab4-a286-4405-9614-20804cdb1ca4,fixed_public_empirical,251,attack,2,attack_baseline,hiding,baseline,19.17272868603911,28.17319410417818,False,nan,nan,False,normal,False,0.0
812b4ab4-a286-4405-9614-20804cdb1ca4,fixed_public_empirical,252,attack,2,attack_baseline,hiding,baseline,29.648872824674026,28.17319410417818,True,nan,nan,False,attack,False,0.0
812b4ab4-a286-4405-9614-20804cdb1ca4,fixed_public_empirical,253,attack,2,attack_baseline,hiding,baseline,36.97704210221308,28.17319410417818,True,nan,nan,False,attack,False,0.0
812b4ab4-a286-4405-9614-20804cdb1ca4,fixed_public_empirical,254,attack,2,attack_baseline,hiding,baseline,52.62137240894502,28.17319410417818,True,nan,nan,False,attack,False,0.0
812b4ab4-a286-4405-9614-20804cdb1ca4,fixed_public_empirical,255,attack,2,attack_baseline,hiding,baseline,22.739382942551984,28.17319410417818,False,nan,nan,False,normal,False,0.0
812b4ab4-a286-4405-9614-20804cdb1ca4,fixed_public_empirical,256,attack,2,attack_baseline,hiding,baseline,33.42026844369839,28.17319410417818,True,nan,nan,False,attack,False,0.0
812b4ab4-a286-4405-9614-20804cdb1ca4,fixed_public_empirical,257,attack,2,attack_baseline,hiding,baseline,15.741972828332123,28.17319410417818,False,nan,nan,False,normal,False,0.0
812b4ab4-a286-4405-9614-20804cdb1ca4,fixed_public_empirical,258,attack,2,attack_baseline,hiding,baseline,48.95751725921165,28.17319410417818,True,nan,nan,False,attack,False,0.0
812b4ab4-a286-4405-9614-20804cdb1ca4,fixed_public_empirical,259,attack,2,attack_baseline,hiding,baseline,264.2975981723647,28.17319410417818,True,nan,nan,False,attack,False,0.0
812b4ab4-a286-4405-9614-20804cdb1ca4,fixed_public_empirical,260,attack,2,attack_baseline,hiding,baseline,15.449182530728143,28.17319410417818,False,nan,nan,False,normal,False,0.0
812b4ab4-a286-4405-9614-20804cdb1ca4,fixed_public_empirical,261,attack,2,attack_baseline,hiding,baseline,55.6737694537264,28.17319410417818,True,nan,nan,False,attack,False,0.0
812b4ab4-a286-4405-9614-20804cdb1ca4,fixed_public_empirical,262,attack,2,attack_baseline,hiding,baseline,37.94884566834876,28.17319410417818,True,nan,nan,False,attack,False,0.0
812b4ab4-a286-4405-9614-20804cdb1ca4,fixed_public_empirical,263,attack,2,attack_baseline,hiding,baseline,34.566591536880054,28.17319410417818,True,nan,nan,False,attack,False,0.0
812b4ab4-a286-4405-9614-20804cdb1ca4,fixed_public_empirical,264,attack,2,attack_baseline,hiding,baseline,19.657727039899658,28.17319410417818,False,nan,nan,False,normal,False,0.0
812b4ab4-a286-4405-9614-20804cdb1ca4,fixed_public_empirical,265,attack,2,attack_baseline,hiding,baseline,16.698510792932847,28.17319410417818,False,nan,nan,False,normal,False,0.0
812b4ab4-a286-4405-9614-20804cdb1ca4,fixed_public_empirical,266,attack,2,attack_baseline,hiding,baseline,36.57606603586757,28.17319410417818,True,nan,nan,False,attack,False,0.0
812b4ab4-a286-4405-9614-20804cdb1ca4,fixed_public_empirical,267,attack,2,attack_baseline,hiding,baseline,24.107581312353197,28.17319410417818,False,nan,nan,False,normal,False,0.0
812b4ab4-a286-4405-9614-20804cdb1ca4,fixed_public_empirical,268,attack,2,attack_baseline,hiding,baseline,62.45340152334938,28.17319410417818,True,nan,nan,False,attack,False,0.0
812b4ab4-a286-4405-9614-20804cdb1ca4,fixed_public_empirical,269,attack,2,attack_baseline,hiding,baseline,64.4319946897085,28.17319410417818,True,nan,nan,False,attack,False,0.0
812b4ab4-a286-4405-9614-20804cdb1ca4,fixed_public_empirical,270,attack,2,attack_baseline,hiding,baseline,19.999538265256493,28.17319410417818,False,nan,nan,False,normal,False,0.0
812b4ab4-a286-4405-9614-20804cdb1ca4,fixed_public_empirical,271,attack,2,attack_baseline,hiding,baseline,19.61713088655389,28.17319410417818,False,nan,nan,False,normal,False,0.0
812b4ab4-a286-4405-9614-20804cdb1ca4,fixed_public_empirical,272,attack,2,attack_baseline,hiding,baseline,40.59068482366088,28.17319410417818,True,nan,nan,False,attack,False,0.0
812b4ab4-a286-4405-9614-20804cdb1ca4,fixed_public_empirical,273,attack,2,attack_baseline,hiding,baseline,57.70935106757985,28.17319410417818,True,nan,nan,False,attack,False,0.0
812b4ab4-a286-4405-9614-20804cdb1ca4,fixed_public_empirical,274,attack,2,attack_baseline,hiding,baseline,29.38794315787361,28.17319410417818,True,nan,nan,False,attack,False,0.0
812b4ab4-a286-4405-9614-20804cdb1ca4,fixed_public_empirical,275,attack,2,attack_baseline,hiding,baseline,54.73059223481805,28.17319410417818,True,nan,nan,False,attack,False,0.0
812b4ab4-a286-4405-9614-20804cdb1ca4,fixed_public_empirical,276,attack,2,attack_baseline,hiding,baseline,60.418049484352636,28.17319410417818,True,nan,nan,False,attack,False,0.0
812b4ab4-a286-4405-9614-20804cdb1ca4,fixed_public_empirical,277,attack,2,attack_baseline,hiding,baseline,52.78296397346034,28.17319410417818,True,nan,nan,False,attack,False,0.0
812b4ab4-a286-4405-9614-20804cdb1ca4,fixed_public_empirical,278,attack,2,attack_baseline,hiding,baseline,100.22969720820993,28.17319410417818,True,nan,nan,False,attack,False,0.0
812b4ab4-a286-4405-9614-20804cdb1ca4,fixed_public_empirical,279,attack,2,attack_baseline,hiding,baseline,22.305029136198808,28.17319410417818,False,nan,nan,False,normal,False,0.0
812b4ab4-a286-4405-9614-20804cdb1ca4,fixed_public_empirical,280,attack,2,attack_cpu,hiding,cpu,19.529506105783742,28.17319410417818,False,nan,nan,False,normal,False,0.0
812b4ab4-a286-4405-9614-20804cdb1ca4,fixed_public_empirical,281,attack,2,attack_cpu,hiding,cpu,27.930207474063945,28.17319410417818,False,nan,nan,False,normal,False,0.0
812b4ab4-a286-4405-9614-20804cdb1ca4,fixed_public_empirical,282,attack,2,attack_cpu,hiding,cpu,27.691898189533376,28.17319410417818,False,nan,nan,False,normal,False,0.0
812b4ab4-a286-4405-9614-20804cdb1ca4,fixed_public_empirical,283,attack,2,attack_cpu,hiding,cpu,138.08128234618556,28.17319410417818,True,nan,nan,False,attack,False,0.0
812b4ab4-a286-4405-9614-20804cdb1ca4,fixed_public_empirical,284,attack,2,attack_cpu,hiding,cpu,20.76076273535983,28.17319410417818,False,nan,nan,False,normal,False,0.0
812b4ab4-a286-4405-9614-20804cdb1ca4,fixed_public_empirical,285,attack,2,attack_cpu,hiding,cpu,21.030436361634568,28.17319410417818,False,nan,nan,False,normal,False,0.0
812b4ab4-a286-4405-9614-20804cdb1ca4,fixed_public_empirical,286,attack,2,attack_cpu,hiding,cpu,38.01527348635014,28.17319410417818,True,nan,nan,False,attack,False,0.0
812b4ab4-a286-4405-9614-20804cdb1ca4,fixed_public_empirical,287,attack,2,attack_cpu,hiding,cpu,27.172081706357442,28.17319410417818,False,nan,nan,False,normal,False,0.0
812b4ab4-a286-4405-9614-20804cdb1ca4,fixed_public_empirical,288,attack,2,attack_cpu,hiding,cpu,182.3948364088783,28.17319410417818,True,nan,nan,False,attack,False,0.0
812b4ab4-a286-4405-9614-20804cdb1ca4,fixed_public_empirical,289,attack,2,attack_cpu,hiding,cpu,21.73168358358212,28.17319410417818,False,nan,nan,False,normal,False,0.0
812b4ab4-a286-4405-9614-20804cdb1ca4,fixed_public_empirical,290,attack,2,attack_cpu,hiding,cpu,19.37947277299299,28.17319410417818,False,nan,nan,False,normal,False,0.0
812b4ab4-a286-4405-9614-20804cdb1ca4,fixed_public_empirical,291,attack,2,attack_cpu,hiding,cpu,25.27078964261718,28.17319410417818,False,nan,nan,False,normal,False,0.0
812b4ab4-a286-4405-9614-20804cdb1ca4,fixed_public_empirical,292,attack,2,attack_cpu,hiding,cpu,29.92437983727582,28.17319410417818,True,nan,nan,False,attack,False,0.0
812b4ab4-a286-4405-9614-20804cdb1ca4,fixed_public_empirical,293,attack,2,attack_cpu,hiding,cpu,27.40040430386016,28.17319410417818,False,nan,nan,False,normal,False,0.0
812b4ab4-a286-4405-9614-20804cdb1ca4,fixed_public_empirical,294,attack,2,attack_cpu,hiding,cpu,59.986247707650506,28.17319410417818,True,nan,nan,False,attack,False,0.0
812b4ab4-a286-4405-9614-20804cdb1ca4,fixed_public_empirical,295,attack,2,attack_cpu,hiding,cpu,22.529850249926685,28.17319410417818,False,nan,nan,False,normal,False,0.0
812b4ab4-a286-4405-9614-20804cdb1ca4,fixed_public_empirical,296,attack,2,attack_cpu,hiding,cpu,58.91470450420335,28.17319410417818,True,nan,nan,False,attack,False,0.0
812b4ab4-a286-4405-9614-20804cdb1ca4,fixed_public_empirical,297,attack,2,attack_cpu,hiding,cpu,26.024186832211118,28.17319410417818,False,nan,nan,False,normal,False,0.0
812b4ab4-a286-4405-9614-20804cdb1ca4,fixed_public_empirical,298,attack,2,attack_cpu,hiding,cpu,32.018889730874186,28.17319410417818,True,nan,nan,False,attack,False,0.0
812b4ab4-a286-4405-9614-20804cdb1ca4,fixed_public_empirical,299,attack,2,attack_cpu,hiding,cpu,34.40603491721445,28.17319410417818,True,nan,nan,False,attack,False,0.0
812b4ab4-a286-4405-9614-20804cdb1ca4,fixed_public_empirical,300,attack,2,attack_cpu,hiding,cpu,30.79716910695991,28.17319410417818,True,nan,nan,False,attack,False,0.0
812b4ab4-a286-4405-9614-20804cdb1ca4,fixed_public_empirical,301,attack,2,attack_cpu,hiding,cpu,28.532206635347002,28.17319410417818,True,nan,nan,False,attack,False,0.0
812b4ab4-a286-4405-9614-20804cdb1ca4,fixed_public_empirical,302,attack,2,attack_cpu,hiding,cpu,30.09415641333284,28.17319410417818,True,nan,nan,False,attack,False,0.0
812b4ab4-a286-4405-9614-20804cdb1ca4,fixed_public_empirical,303,attack,2,attack_cpu,hiding,cpu,54.91801734264843,28.17319410417818,True,nan,nan,False,attack,False,0.0
812b4ab4-a286-4405-9614-20804cdb1ca4,fixed_public_empirical,304,attack,2,attack_cpu,hiding,cpu,64.8941326670679,28.17319410417818,True,nan,nan,False,attack,False,0.0
812b4ab4-a286-4405-9614-20804cdb1ca4,fixed_public_empirical,305,attack,2,attack_cpu,hiding,cpu,29.593603962640053,28.17319410417818,True,nan,nan,False,attack,False,0.0
812b4ab4-a286-4405-9614-20804cdb1ca4,fixed_public_empirical,306,attack,2,attack_cpu,hiding,cpu,20.775596409082144,28.17319410417818,False,nan,nan,False,normal,False,0.0
812b4ab4-a286-4405-9614-20804cdb1ca4,fixed_public_empirical,307,attack,2,attack_cpu,hiding,cpu,21.904542640885133,28.17319410417818,False,nan,nan,False,normal,False,0.0
812b4ab4-a286-4405-9614-20804cdb1ca4,fixed_public_empirical,308,attack,2,attack_cpu,hiding,cpu,21.618699759781038,28.17319410417818,False,nan,nan,False,normal,False,0.0
812b4ab4-a286-4405-9614-20804cdb1ca4,fixed_public_empirical,309,attack,2,attack_cpu,hiding,cpu,51.65771912506972,28.17319410417818,True,nan,nan,False,attack,False,0.0
812b4ab4-a286-4405-9614-20804cdb1ca4,fixed_public_empirical,310,attack,2,attack_cpu,hiding,cpu,18.173028789825175,28.17319410417818,False,nan,nan,False,normal,False,0.0
812b4ab4-a286-4405-9614-20804cdb1ca4,fixed_public_empirical,311,attack,2,attack_cpu,hiding,cpu,26.170318424303396,28.17319410417818,False,nan,nan,False,normal,False,0.0
812b4ab4-a286-4405-9614-20804cdb1ca4,fixed_public_empirical,312,attack,2,attack_cpu,hiding,cpu,20.539511376172563,28.17319410417818,False,nan,nan,False,normal,False,0.0
812b4ab4-a286-4405-9614-20804cdb1ca4,fixed_public_empirical,313,attack,2,attack_cpu,hiding,cpu,24.315717595742406,28.17319410417818,False,nan,nan,False,normal,False,0.0
812b4ab4-a286-4405-9614-20804cdb1ca4,fixed_public_empirical,314,attack,2,attack_cpu,hiding,cpu,32.41359521273443,28.17319410417818,True,nan,nan,False,attack,False,0.0
812b4ab4-a286-4405-9614-20804cdb1ca4,fixed_public_empirical,315,attack,2,attack_cpu,hiding,cpu,28.896420652670095,28.17319410417818,True,nan,nan,False,attack,False,0.0
812b4ab4-a286-4405-9614-20804cdb1ca4,fixed_public_empirical,316,attack,2,attack_cpu,hiding,cpu,28.783016199399576,28.17319410417818,True,nan,nan,False,attack,False,0.0
812b4ab4-a286-4405-9614-20804cdb1ca4,fixed_public_empirical,317,attack,2,attack_cpu,hiding,cpu,34.25742466676868,28.17319410417818,True,nan,nan,False,attack,False,0.0
812b4ab4-a286-4405-9614-20804cdb1ca4,fixed_public_empirical,318,attack,2,attack_cpu,hiding,cpu,37.10955635937785,28.17319410417818,True,nan,nan,False,attack,False,0.0
812b4ab4-a286-4405-9614-20804cdb1ca4,fixed_public_empirical,319,attack,2,attack_cpu,hiding,cpu,24.745294526566354,28.17319410417818,False,nan,nan,False,normal,False,0.0
812b4ab4-a286-4405-9614-20804cdb1ca4,fixed_public_empirical,320,attack,2,attack_memory,hiding,memory,54.98949483722926,28.17319410417818,True,nan,nan,False,attack,False,0.0
812b4ab4-a286-4405-9614-20804cdb1ca4,fixed_public_empirical,321,attack,2,attack_memory,hiding,memory,22.751650593593148,28.17319410417818,False,nan,nan,False,normal,False,0.0
812b4ab4-a286-4405-9614-20804cdb1ca4,fixed_public_empirical,322,attack,2,attack_memory,hiding,memory,18.38931950923318,28.17319410417818,False,nan,nan,False,normal,False,0.0
812b4ab4-a286-4405-9614-20804cdb1ca4,fixed_public_empirical,323,attack,2,attack_memory,hiding,memory,25.722423915719247,28.17319410417818,False,nan,nan,False,normal,False,0.0
812b4ab4-a286-4405-9614-20804cdb1ca4,fixed_public_empirical,324,attack,2,attack_memory,hiding,memory,18.25606809759126,28.17319410417818,False,nan,nan,False,normal,False,0.0
812b4ab4-a286-4405-9614-20804cdb1ca4,fixed_public_empirical,325,attack,2,attack_memory,hiding,memory,47.01203770177742,28.17319410417818,True,nan,nan,False,attack,False,0.0
812b4ab4-a286-4405-9614-20804cdb1ca4,fixed_public_empirical,326,attack,2,attack_memory,hiding,memory,25.759925586831823,28.17319410417818,False,nan,nan,False,normal,False,0.0
812b4ab4-a286-4405-9614-20804cdb1ca4,fixed_public_empirical,327,attack,2,attack_memory,hiding,memory,42.767140523970305,28.17319410417818,True,nan,nan,False,attack,False,0.0
812b4ab4-a286-4405-9614-20804cdb1ca4,fixed_public_empirical,328,attack,2,attack_memory,hiding,memory,95.75629921654554,28.17319410417818,True,nan,nan,False,attack,False,0.0
812b4ab4-a286-4405-9614-20804cdb1ca4,fixed_public_empirical,329,attack,2,attack_memory,hiding,memory,17.819087981116546,28.17319410417818,False,nan,nan,False,normal,False,0.0
812b4ab4-a286-4405-9614-20804cdb1ca4,fixed_public_empirical,330,attack,2,attack_memory,hiding,memory,38.413292188348485,28.17319410417818,True,nan,nan,False,attack,False,0.0
812b4ab4-a286-4405-9614-20804cdb1ca4,fixed_public_empirical,331,attack,2,attack_memory,hiding,memory,23.459580255905927,28.17319410417818,False,nan,nan,False,normal,False,0.0
812b4ab4-a286-4405-9614-20804cdb1ca4,fixed_public_empirical,332,attack,2,attack_memory,hiding,memory,17.40332875166594,28.17319410417818,False,nan,nan,False,normal,False,0.0
812b4ab4-a286-4405-9614-20804cdb1ca4,fixed_public_empirical,333,attack,2,attack_memory,hiding,memory,39.99378207635327,28.17319410417818,True,nan,nan,False,attack,False,0.0
812b4ab4-a286-4405-9614-20804cdb1ca4,fixed_public_empirical,334,attack,2,attack_memory,hiding,memory,43.9400702676416,28.17319410417818,True,nan,nan,False,attack,False,0.0
812b4ab4-a286-4405-9614-20804cdb1ca4,fixed_public_empirical,335,attack,2,attack_memory,hiding,memory,19.01490645912602,28.17319410417818,False,nan,nan,False,normal,False,0.0
812b4ab4-a286-4405-9614-20804cdb1ca4,fixed_public_empirical,336,attack,2,attack_memory,hiding,memory,21.110794225841197,28.17319410417818,False,nan,nan,False,normal,False,0.0
812b4ab4-a286-4405-9614-20804cdb1ca4,fixed_public_empirical,337,attack,2,attack_memory,hiding,memory,62.595827903363144,28.17319410417818,True,nan,nan,False,attack,False,0.0
812b4ab4-a286-4405-9614-20804cdb1ca4,fixed_public_empirical,338,attack,2,attack_memory,hiding,memory,24.59907008015488,28.17319410417818,False,nan,nan,False,normal,False,0.0
812b4ab4-a286-4405-9614-20804cdb1ca4,fixed_public_empirical,339,attack,2,attack_memory,hiding,memory,46.009369551809925,28.17319410417818,True,nan,nan,False,attack,False,0.0
812b4ab4-a286-4405-9614-20804cdb1ca4,fixed_public_empirical,340,attack,2,attack_memory,hiding,memory,26.757887836101304,28.17319410417818,False,nan,nan,False,normal,False,0.0
812b4ab4-a286-4405-9614-20804cdb1ca4,fixed_public_empirical,341,attack,2,attack_memory,hiding,memory,22.733293391129227,28.17319410417818,False,nan,nan,False,normal,False,0.0
812b4ab4-a286-4405-9614-20804cdb1ca4,fixed_public_empirical,342,attack,2,attack_memory,hiding,memory,48.6204979222011,28.17319410417818,True,nan,nan,False,attack,False,0.0
812b4ab4-a286-4405-9614-20804cdb1ca4,fixed_public_empirical,343,attack,2,attack_memory,hiding,memory,20.502649502397645,28.17319410417818,False,nan,nan,False,normal,False,0.0
812b4ab4-a286-4405-9614-20804cdb1ca4,fixed_public_empirical,344,attack,2,attack_memory,hiding,memory,21.602378456686,28.17319410417818,False,nan,nan,False,normal,False,0.0
812b4ab4-a286-4405-9614-20804cdb1ca4,fixed_public_empirical,345,attack,2,attack_memory,hiding,memory,20.793046480696646,28.17319410417818,False,nan,nan,False,normal,False,0.0
812b4ab4-a286-4405-9614-20804cdb1ca4,fixed_public_empirical,346,attack,2,attack_memory,hiding,memory,35.768938593838435,28.17319410417818,True,nan,nan,False,attack,False,0.0
812b4ab4-a286-4405-9614-20804cdb1ca4,fixed_public_empirical,347,attack,2,attack_memory,hiding,memory,30.59823148017033,28.17319410417818,True,nan,nan,False,attack,False,0.0
812b4ab4-a286-4405-9614-20804cdb1ca4,fixed_public_empirical,348,attack,2,attack_memory,hiding,memory,154.56120045341046,28.17319410417818,True,nan,nan,False,attack,False,0.0
812b4ab4-a286-4405-9614-20804cdb1ca4,fixed_public_empirical,349,attack,2,attack_memory,hiding,memory,39.717950507415125,28.17319410417818,True,nan,nan,False,attack,False,0.0
812b4ab4-a286-4405-9614-20804cdb1ca4,fixed_public_empirical,350,attack,2,attack_memory,hiding,memory,18.79865108760093,28.17319410417818,False,nan,nan,False,normal,False,0.0
812b4ab4-a286-4405-9614-20804cdb1ca4,fixed_public_empirical,351,attack,2,attack_memory,hiding,memory,162.49485655242447,28.17319410417818,True,nan,nan,False,attack,False,0.0
812b4ab4-a286-4405-9614-20804cdb1ca4,fixed_public_empirical,352,attack,2,attack_memory,hiding,memory,25.136512435301654,28.17319410417818,False,nan,nan,False,normal,False,0.0
812b4ab4-a286-4405-9614-20804cdb1ca4,fixed_public_empirical,353,attack,2,attack_memory,hiding,memory,33.05065124369762,28.17319410417818,True,nan,nan,False,attack,False,0.0
812b4ab4-a286-4405-9614-20804cdb1ca4,fixed_public_empirical,354,attack,2,attack_memory,hiding,memory,23.78873172658443,28.17319410417818,False,nan,nan,False,normal,False,0.0
812b4ab4-a286-4405-9614-20804cdb1ca4,fixed_public_empirical,355,attack,2,attack_memory,hiding,memory,27.463232306840737,28.17319410417818,False,nan,nan,False,normal,False,0.0
812b4ab4-a286-4405-9614-20804cdb1ca4,fixed_public_empirical,356,attack,2,attack_memory,hiding,memory,21.982238144954557,28.17319410417818,False,nan,nan,False,normal,False,0.0
812b4ab4-a286-4405-9614-20804cdb1ca4,fixed_public_empirical,357,attack,2,attack_memory,hiding,memory,30.671862156043137,28.17319410417818,True,nan,nan,False,attack,False,0.0
812b4ab4-a286-4405-9614-20804cdb1ca4,fixed_public_empirical,358,attack,2,attack_memory,hiding,memory,28.198972046913823,28.17319410417818,True,nan,nan,False,attack,False,0.0
812b4ab4-a286-4405-9614-20804cdb1ca4,fixed_public_empirical,359,attack,2,attack_memory,hiding,memory,19.316563602893936,28.17319410417818,False,nan,nan,False,normal,False,0.0
812b4ab4-a286-4405-9614-20804cdb1ca4,fixed_public_empirical,360,attack,2,attack_mixed,hiding,mixed,24.42107141946625,28.17319410417818,False,nan,nan,False,normal,False,0.0
812b4ab4-a286-4405-9614-20804cdb1ca4,fixed_public_empirical,361,attack,2,attack_mixed,hiding,mixed,21.939450671926608,28.17319410417818,False,nan,nan,False,normal,False,0.0
812b4ab4-a286-4405-9614-20804cdb1ca4,fixed_public_empirical,362,attack,2,attack_mixed,hiding,mixed,24.555338367326218,28.17319410417818,False,nan,nan,False,normal,False,0.0
812b4ab4-a286-4405-9614-20804cdb1ca4,fixed_public_empirical,363,attack,2,attack_mixed,hiding,mixed,50.70714875678913,28.17319410417818,True,nan,nan,False,attack,False,0.0
812b4ab4-a286-4405-9614-20804cdb1ca4,fixed_public_empirical,364,attack,2,attack_mixed,hiding,mixed,27.832766694226592,28.17319410417818,False,nan,nan,False,normal,False,0.0
812b4ab4-a286-4405-9614-20804cdb1ca4,fixed_public_empirical,365,attack,2,attack_mixed,hiding,mixed,26.02447107999393,28.17319410417818,False,nan,nan,False,normal,False,0.0
812b4ab4-a286-4405-9614-20804cdb1ca4,fixed_public_empirical,366,attack,2,attack_mixed,hiding,mixed,29.290858767511736,28.17319410417818,True,nan,nan,False,attack,False,0.0
812b4ab4-a286-4405-9614-20804cdb1ca4,fixed_public_empirical,367,attack,2,attack_mixed,hiding,mixed,27.780283267097715,28.17319410417818,False,nan,nan,False,normal,False,0.0
812b4ab4-a286-4405-9614-20804cdb1ca4,fixed_public_empirical,368,attack,2,attack_mixed,hiding,mixed,26.928550852342628,28.17319410417818,False,nan,nan,False,normal,False,0.0
812b4ab4-a286-4405-9614-20804cdb1ca4,fixed_public_empirical,369,attack,2,attack_mixed,hiding,mixed,24.54515935942281,28.17319410417818,False,nan,nan,False,normal,False,0.0
812b4ab4-a286-4405-9614-20804cdb1ca4,fixed_public_empirical,370,attack,2,attack_mixed,hiding,mixed,25.52312151215902,28.17319410417818,False,nan,nan,False,normal,False,0.0
812b4ab4-a286-4405-9614-20804cdb1ca4,fixed_public_empirical,371,attack,2,attack_mixed,hiding,mixed,25.991865766677932,28.17319410417818,False,nan,nan,False,normal,False,0.0
812b4ab4-a286-4405-9614-20804cdb1ca4,fixed_public_empirical,372,attack,2,attack_mixed,hiding,mixed,26.702839122597645,28.17319410417818,False,nan,nan,False,normal,False,0.0
812b4ab4-a286-4405-9614-20804cdb1ca4,fixed_public_empirical,373,attack,2,attack_mixed,hiding,mixed,162.6825236855971,28.17319410417818,True,nan,nan,False,attack,False,0.0
812b4ab4-a286-4405-9614-20804cdb1ca4,fixed_public_empirical,374,attack,2,attack_mixed,hiding,mixed,6714.1958488937435,28.17319410417818,True,nan,nan,False,attack,False,0.0
812b4ab4-a286-4405-9614-20804cdb1ca4,fixed_public_empirical,375,attack,2,attack_mixed,hiding,mixed,42.409731004762364,28.17319410417818,True,nan,nan,False,attack,False,0.0
812b4ab4-a286-4405-9614-20804cdb1ca4,fixed_public_empirical,376,attack,2,attack_mixed,hiding,mixed,24.739700201199632,28.17319410417818,False,nan,nan,False,normal,False,0.0
812b4ab4-a286-4405-9614-20804cdb1ca4,fixed_public_empirical,377,attack,2,attack_mixed,hiding,mixed,18.978394257142472,28.17319410417818,False,nan,nan,False,normal,False,0.0
812b4ab4-a286-4405-9614-20804cdb1ca4,fixed_public_empirical,378,attack,2,attack_mixed,hiding,mixed,36.309705349418294,28.17319410417818,True,nan,nan,False,attack,False,0.0
812b4ab4-a286-4405-9614-20804cdb1ca4,fixed_public_empirical,379,attack,2,attack_mixed,hiding,mixed,19.78791796075678,28.17319410417818,False,nan,nan,False,normal,False,0.0
812b4ab4-a286-4405-9614-20804cdb1ca4,fixed_public_empirical,380,attack,2,attack_mixed,hiding,mixed,20.359961139046117,28.17319410417818,False,nan,nan,False,normal,False,0.0
812b4ab4-a286-4405-9614-20804cdb1ca4,fixed_public_empirical,381,attack,2,attack_mixed,hiding,mixed,21.945417459768127,28.17319410417818,False,nan,nan,False,normal,False,0.0
812b4ab4-a286-4405-9614-20804cdb1ca4,fixed_public_empirical,382,attack,2,attack_mixed,hiding,mixed,23.78068493324444,28.17319410417818,False,nan,nan,False,normal,False,0.0
812b4ab4-a286-4405-9614-20804cdb1ca4,fixed_public_empirical,383,attack,2,attack_mixed,hiding,mixed,24.661055106734228,28.17319410417818,False,nan,nan,False,normal,False,0.0
812b4ab4-a286-4405-9614-20804cdb1ca4,fixed_public_empirical,384,attack,2,attack_mixed,hiding,mixed,28.079503297174913,28.17319410417818,False,nan,nan,False,normal,False,0.0
812b4ab4-a286-4405-9614-20804cdb1ca4,fixed_public_empirical,385,attack,2,attack_mixed,hiding,mixed,24.400860397918073,28.17319410417818,False,nan,nan,False,normal,False,0.0
812b4ab4-a286-4405-9614-20804cdb1ca4,fixed_public_empirical,386,attack,2,attack_mixed,hiding,mixed,30.891442697863372,28.17319410417818,True,nan,nan,False,attack,False,0.0
812b4ab4-a286-4405-9614-20804cdb1ca4,fixed_public_empirical,387,attack,2,attack_mixed,hiding,mixed,10320.210342319302,28.17319410417818,True,nan,nan,False,attack,False,0.0
812b4ab4-a286-4405-9614-20804cdb1ca4,fixed_public_empirical,388,attack,2,attack_mixed,hiding,mixed,21.2552032277903,28.17319410417818,False,nan,nan,False,normal,False,0.0
812b4ab4-a286-4405-9614-20804cdb1ca4,fixed_public_empirical,389,attack,2,attack_mixed,hiding,mixed,24.08010724309211,28.17319410417818,False,nan,nan,False,normal,False,0.0
812b4ab4-a286-4405-9614-20804cdb1ca4,fixed_public_empirical,390,attack,2,attack_mixed,hiding,mixed,19.568654410962168,28.17319410417818,False,nan,nan,False,normal,False,0.0
812b4ab4-a286-4405-9614-20804cdb1ca4,fixed_public_empirical,391,attack,2,attack_mixed,hiding,mixed,21.745078138911506,28.17319410417818,False,nan,nan,False,normal,False,0.0
812b4ab4-a286-4405-9614-20804cdb1ca4,fixed_public_empirical,392,attack,2,attack_mixed,hiding,mixed,20.360834612511074,28.17319410417818,False,nan,nan,False,normal,False,0.0
812b4ab4-a286-4405-9614-20804cdb1ca4,fixed_public_empirical,393,attack,2,attack_mixed,hiding,mixed,30.17530263393964,28.17319410417818,True,nan,nan,False,attack,False,0.0
812b4ab4-a286-4405-9614-20804cdb1ca4,fixed_public_empirical,394,attack,2,attack_mixed,hiding,mixed,25.434048299760963,28.17319410417818,False,nan,nan,False,normal,False,0.0
812b4ab4-a286-4405-9614-20804cdb1ca4,fixed_public_empirical,395,attack,2,attack_mixed,hiding,mixed,21.2995521953974,28.17319410417818,False,nan,nan,False,normal,False,0.0
812b4ab4-a286-4405-9614-20804cdb1ca4,fixed_public_empirical,396,attack,2,attack_mixed,hiding,mixed,25.88480577564916,28.17319410417818,False,nan,nan,False,normal,False,0.0
812b4ab4-a286-4405-9614-20804cdb1ca4,fixed_public_empirical,397,attack,2,attack_mixed,hiding,mixed,32.8534107078033,28.17319410417818,True,nan,nan,False,attack,False,0.0
812b4ab4-a286-4405-9614-20804cdb1ca4,fixed_public_empirical,398,attack,2,attack_mixed,hiding,mixed,25.631771258395073,28.17319410417818,False,nan,nan,False,normal,False,0.0
812b4ab4-a286-4405-9614-20804cdb1ca4,fixed_public_empirical,399,attack,2,attack_mixed,hiding,mixed,23.98433427141464,28.17319410417818,False,nan,nan,False,normal,False,0.0
812b4ab4-a286-4405-9614-20804cdb1ca4,fixed_public_empirical,400,recovery,3,normal_recovery,unloaded,baseline,22.52362039066401,28.17319410417818,False,nan,nan,False,normal,False,0.0
812b4ab4-a286-4405-9614-20804cdb1ca4,fixed_public_empirical,401,recovery,3,normal_recovery,unloaded,baseline,15.027621815624178,28.17319410417818,False,nan,nan,False,normal,False,0.0
812b4ab4-a286-4405-9614-20804cdb1ca4,fixed_public_empirical,402,recovery,3,normal_recovery,unloaded,baseline,26.05297017331938,28.17319410417818,False,nan,nan,False,normal,False,0.0
812b4ab4-a286-4405-9614-20804cdb1ca4,fixed_public_empirical,403,recovery,3,normal_recovery,unloaded,baseline,14.082288572078898,28.17319410417818,False,nan,nan,False,normal,False,0.0
812b4ab4-a286-4405-9614-20804cdb1ca4,fixed_public_empirical,404,recovery,3,normal_recovery,unloaded,baseline,38.14159842938084,28.17319410417818,True,nan,nan,False,attack,False,0.0
812b4ab4-a286-4405-9614-20804cdb1ca4,fixed_public_empirical,405,recovery,3,normal_recovery,unloaded,baseline,51.00323006925854,28.17319410417818,True,nan,nan,False,attack,False,0.0
812b4ab4-a286-4405-9614-20804cdb1ca4,fixed_public_empirical,406,recovery,3,normal_recovery,unloaded,baseline,12.407296679371711,28.17319410417818,False,nan,nan,False,normal,False,0.0
812b4ab4-a286-4405-9614-20804cdb1ca4,fixed_public_empirical,407,recovery,3,normal_recovery,unloaded,baseline,14.470471026198188,28.17319410417818,False,nan,nan,False,normal,False,0.0
812b4ab4-a286-4405-9614-20804cdb1ca4,fixed_public_empirical,408,recovery,3,normal_recovery,unloaded,baseline,33.785872334494684,28.17319410417818,True,nan,nan,False,attack,False,0.0
812b4ab4-a286-4405-9614-20804cdb1ca4,fixed_public_empirical,409,recovery,3,normal_recovery,unloaded,baseline,11.533213335983298,28.17319410417818,False,nan,nan,False,normal,False,0.0
812b4ab4-a286-4405-9614-20804cdb1ca4,fixed_public_empirical,410,recovery,3,normal_recovery,unloaded,baseline,30.468983699840297,28.17319410417818,True,nan,nan,False,attack,False,0.0
812b4ab4-a286-4405-9614-20804cdb1ca4,fixed_public_empirical,411,recovery,3,normal_recovery,unloaded,baseline,22.565713321354064,28.17319410417818,False,nan,nan,False,normal,False,0.0
812b4ab4-a286-4405-9614-20804cdb1ca4,fixed_public_empirical,412,recovery,3,normal_recovery,unloaded,baseline,16.700427006864217,28.17319410417818,False,nan,nan,False,normal,False,0.0
812b4ab4-a286-4405-9614-20804cdb1ca4,fixed_public_empirical,413,recovery,3,normal_recovery,unloaded,baseline,9.053607536867384,28.17319410417818,False,nan,nan,False,normal,False,0.0
812b4ab4-a286-4405-9614-20804cdb1ca4,fixed_public_empirical,414,recovery,3,normal_recovery,unloaded,baseline,32.42961594200997,28.17319410417818,True,nan,nan,False,attack,False,0.0
812b4ab4-a286-4405-9614-20804cdb1ca4,fixed_public_empirical,415,recovery,3,normal_recovery,unloaded,baseline,6.490414654903974,28.17319410417818,False,nan,nan,False,normal,False,0.0
812b4ab4-a286-4405-9614-20804cdb1ca4,fixed_public_empirical,416,recovery,3,normal_recovery,unloaded,baseline,4.34959642171133,28.17319410417818,False,nan,nan,False,normal,False,0.0
812b4ab4-a286-4405-9614-20804cdb1ca4,fixed_public_empirical,417,recovery,3,normal_recovery,unloaded,baseline,15.810481060675249,28.17319410417818,False,nan,nan,False,normal,False,0.0
812b4ab4-a286-4405-9614-20804cdb1ca4,fixed_public_empirical,418,recovery,3,normal_recovery,unloaded,baseline,15.977344801960903,28.17319410417818,False,nan,nan,False,normal,False,0.0
812b4ab4-a286-4405-9614-20804cdb1ca4,fixed_public_empirical,419,recovery,3,normal_recovery,unloaded,baseline,8.505617683074636,28.17319410417818,False,nan,nan,False,normal,False,0.0
812b4ab4-a286-4405-9614-20804cdb1ca4,fixed_public_empirical,420,recovery,3,normal_recovery,unloaded,baseline,23.719055714401662,28.17319410417818,False,nan,nan,False,normal,False,0.0
812b4ab4-a286-4405-9614-20804cdb1ca4,fixed_public_empirical,421,recovery,3,normal_recovery,unloaded,baseline,37.399982571478006,28.17319410417818,True,nan,nan,False,attack,False,0.0
812b4ab4-a286-4405-9614-20804cdb1ca4,fixed_public_empirical,422,recovery,3,normal_recovery,unloaded,baseline,114.92143077023404,28.17319410417818,True,nan,nan,False,attack,False,0.0
812b4ab4-a286-4405-9614-20804cdb1ca4,fixed_public_empirical,423,recovery,3,normal_recovery,unloaded,baseline,6.788450838349826,28.17319410417818,False,nan,nan,False,normal,False,0.0
812b4ab4-a286-4405-9614-20804cdb1ca4,fixed_public_empirical,424,recovery,3,normal_recovery,unloaded,baseline,7.739243068024141,28.17319410417818,False,nan,nan,False,normal,False,0.0
812b4ab4-a286-4405-9614-20804cdb1ca4,fixed_public_empirical,425,recovery,3,normal_recovery,unloaded,baseline,8.86005693111737,28.17319410417818,False,nan,nan,False,normal,False,0.0
812b4ab4-a286-4405-9614-20804cdb1ca4,fixed_public_empirical,426,recovery,3,normal_recovery,unloaded,baseline,23.15787066580611,28.17319410417818,False,nan,nan,False,normal,False,0.0
812b4ab4-a286-4405-9614-20804cdb1ca4,fixed_public_empirical,427,recovery,3,normal_recovery,unloaded,baseline,8.91564680617199,28.17319410417818,False,nan,nan,False,normal,False,0.0
812b4ab4-a286-4405-9614-20804cdb1ca4,fixed_public_empirical,428,recovery,3,normal_recovery,unloaded,baseline,38.861468256210095,28.17319410417818,True,nan,nan,False,attack,False,0.0
812b4ab4-a286-4405-9614-20804cdb1ca4,fixed_public_empirical,429,recovery,3,normal_recovery,unloaded,baseline,5.062432493883097,28.17319410417818,False,nan,nan,False,normal,False,0.0
812b4ab4-a286-4405-9614-20804cdb1ca4,fixed_public_empirical,430,recovery,3,normal_recovery,unloaded,baseline,27.53826599769239,28.17319410417818,False,nan,nan,False,normal,False,0.0
812b4ab4-a286-4405-9614-20804cdb1ca4,fixed_public_empirical,431,recovery,3,normal_recovery,unloaded,baseline,164.0596788760388,28.17319410417818,True,nan,nan,False,attack,False,0.0
812b4ab4-a286-4405-9614-20804cdb1ca4,fixed_public_empirical,432,recovery,3,normal_recovery,unloaded,baseline,4.845310936906774,28.17319410417818,False,nan,nan,False,normal,False,0.0
812b4ab4-a286-4405-9614-20804cdb1ca4,fixed_public_empirical,433,recovery,3,normal_recovery,unloaded,baseline,7.497090801865356,28.17319410417818,False,nan,nan,False,normal,False,0.0
812b4ab4-a286-4405-9614-20804cdb1ca4,fixed_public_empirical,434,recovery,3,normal_recovery,unloaded,baseline,19.312471977081806,28.17319410417818,False,nan,nan,False,normal,False,0.0
812b4ab4-a286-4405-9614-20804cdb1ca4,fixed_public_empirical,435,recovery,3,normal_recovery,unloaded,baseline,28.415050785057403,28.17319410417818,True,nan,nan,False,attack,False,0.0
812b4ab4-a286-4405-9614-20804cdb1ca4,fixed_public_empirical,436,recovery,3,normal_recovery,unloaded,baseline,12.460665620639865,28.17319410417818,False,nan,nan,False,normal,False,0.0
812b4ab4-a286-4405-9614-20804cdb1ca4,fixed_public_empirical,437,recovery,3,normal_recovery,unloaded,baseline,19.585984072933766,28.17319410417818,False,nan,nan,False,normal,False,0.0
812b4ab4-a286-4405-9614-20804cdb1ca4,fixed_public_empirical,438,recovery,3,normal_recovery,unloaded,baseline,7.429212659435725,28.17319410417818,False,nan,nan,False,normal,False,0.0
812b4ab4-a286-4405-9614-20804cdb1ca4,fixed_public_empirical,439,recovery,3,normal_recovery,unloaded,baseline,21.512581372225036,28.17319410417818,False,nan,nan,False,normal,False,0.0
812b4ab4-a286-4405-9614-20804cdb1ca4,fixed_public_empirical,440,sham_control,4,sham_negative_baseline,sham,baseline,14.145861878711782,28.17319410417818,False,nan,nan,False,normal,False,0.0
812b4ab4-a286-4405-9614-20804cdb1ca4,fixed_public_empirical,441,sham_control,4,sham_negative_baseline,sham,baseline,5.060895014892068,28.17319410417818,False,nan,nan,False,normal,False,0.0
812b4ab4-a286-4405-9614-20804cdb1ca4,fixed_public_empirical,442,sham_control,4,sham_negative_baseline,sham,baseline,13.54352946957464,28.17319410417818,False,nan,nan,False,normal,False,0.0
812b4ab4-a286-4405-9614-20804cdb1ca4,fixed_public_empirical,443,sham_control,4,sham_negative_baseline,sham,baseline,117.66327675983895,28.17319410417818,True,nan,nan,False,attack,False,0.0
812b4ab4-a286-4405-9614-20804cdb1ca4,fixed_public_empirical,444,sham_control,4,sham_negative_baseline,sham,baseline,5.258767429946101,28.17319410417818,False,nan,nan,False,normal,False,0.0
812b4ab4-a286-4405-9614-20804cdb1ca4,fixed_public_empirical,445,sham_control,4,sham_negative_baseline,sham,baseline,4.323381176029374,28.17319410417818,False,nan,nan,False,normal,False,0.0
812b4ab4-a286-4405-9614-20804cdb1ca4,fixed_public_empirical,446,sham_control,4,sham_negative_baseline,sham,baseline,9.81177475787158,28.17319410417818,False,nan,nan,False,normal,False,0.0
812b4ab4-a286-4405-9614-20804cdb1ca4,fixed_public_empirical,447,sham_control,4,sham_negative_baseline,sham,baseline,57.1071671762215,28.17319410417818,True,nan,nan,False,attack,False,0.0
812b4ab4-a286-4405-9614-20804cdb1ca4,fixed_public_empirical,448,sham_control,4,sham_negative_baseline,sham,baseline,4.020838631178937,28.17319410417818,False,nan,nan,False,normal,False,0.0
812b4ab4-a286-4405-9614-20804cdb1ca4,fixed_public_empirical,449,sham_control,4,sham_negative_baseline,sham,baseline,4.488526352654762,28.17319410417818,False,nan,nan,False,normal,False,0.0
812b4ab4-a286-4405-9614-20804cdb1ca4,fixed_public_empirical,450,sham_control,4,sham_negative_cpu,sham,cpu,26.0355063412303,28.17319410417818,False,nan,nan,False,normal,False,0.0
812b4ab4-a286-4405-9614-20804cdb1ca4,fixed_public_empirical,451,sham_control,4,sham_negative_cpu,sham,cpu,28.67052179110586,28.17319410417818,True,nan,nan,False,attack,False,0.0
812b4ab4-a286-4405-9614-20804cdb1ca4,fixed_public_empirical,452,sham_control,4,sham_negative_cpu,sham,cpu,125.4016750757678,28.17319410417818,True,nan,nan,False,attack,False,0.0
812b4ab4-a286-4405-9614-20804cdb1ca4,fixed_public_empirical,453,sham_control,4,sham_negative_cpu,sham,cpu,86.51387722745011,28.17319410417818,True,nan,nan,False,attack,False,0.0
812b4ab4-a286-4405-9614-20804cdb1ca4,fixed_public_empirical,454,sham_control,4,sham_negative_cpu,sham,cpu,208.56873370424506,28.17319410417818,True,nan,nan,False,attack,False,0.0
812b4ab4-a286-4405-9614-20804cdb1ca4,fixed_public_empirical,455,sham_control,4,sham_negative_cpu,sham,cpu,76.58105461414345,28.17319410417818,True,nan,nan,False,attack,False,0.0
812b4ab4-a286-4405-9614-20804cdb1ca4,fixed_public_empirical,456,sham_control,4,sham_negative_cpu,sham,cpu,53.705269741767296,28.17319410417818,True,nan,nan,False,attack,False,0.0
812b4ab4-a286-4405-9614-20804cdb1ca4,fixed_public_empirical,457,sham_control,4,sham_negative_cpu,sham,cpu,24.611054103157688,28.17319410417818,False,nan,nan,False,normal,False,0.0
812b4ab4-a286-4405-9614-20804cdb1ca4,fixed_public_empirical,458,sham_control,4,sham_negative_cpu,sham,cpu,92.1210862123965,28.17319410417818,True,nan,nan,False,attack,False,0.0
812b4ab4-a286-4405-9614-20804cdb1ca4,fixed_public_empirical,459,sham_control,4,sham_negative_cpu,sham,cpu,40.99412550843649,28.17319410417818,True,nan,nan,False,attack,False,0.0
812b4ab4-a286-4405-9614-20804cdb1ca4,blind_public_empirical_w50,100,normal_early,0,normal_baseline,unloaded,baseline,13.46595818018286,2.6102339930684484,True,nan,nan,False,attack,True,0.0
812b4ab4-a286-4405-9614-20804cdb1ca4,blind_public_empirical_w50,101,normal_early,0,normal_baseline,unloaded,baseline,8.603334619554417,2.6102339930684484,True,nan,nan,False,attack,True,0.0
812b4ab4-a286-4405-9614-20804cdb1ca4,blind_public_empirical_w50,102,normal_early,0,normal_baseline,unloaded,baseline,18.93284025474019,2.6102339930684484,True,nan,nan,False,attack,True,0.0
812b4ab4-a286-4405-9614-20804cdb1ca4,blind_public_empirical_w50,103,normal_early,0,normal_baseline,unloaded,baseline,11.815759319475768,2.6102339930684484,True,nan,nan,False,attack,True,0.0
812b4ab4-a286-4405-9614-20804cdb1ca4,blind_public_empirical_w50,104,normal_early,0,normal_baseline,unloaded,baseline,12.185646645621862,2.6102339930684484,True,nan,nan,False,attack,True,0.0
812b4ab4-a286-4405-9614-20804cdb1ca4,blind_public_empirical_w50,105,normal_early,0,normal_baseline,unloaded,baseline,8.983565226572424,2.6102339930684484,True,nan,nan,False,attack,True,0.0
812b4ab4-a286-4405-9614-20804cdb1ca4,blind_public_empirical_w50,106,normal_early,0,normal_baseline,unloaded,baseline,63.8420107714377,2.6102339930684484,True,nan,nan,False,attack,True,0.0
812b4ab4-a286-4405-9614-20804cdb1ca4,blind_public_empirical_w50,107,normal_early,0,normal_baseline,unloaded,baseline,66.7474062820081,2.6102339930684484,True,nan,nan,False,attack,True,0.0
812b4ab4-a286-4405-9614-20804cdb1ca4,blind_public_empirical_w50,108,normal_early,0,normal_baseline,unloaded,baseline,16.63247913630323,2.6102339930684484,True,nan,nan,False,attack,True,0.0
812b4ab4-a286-4405-9614-20804cdb1ca4,blind_public_empirical_w50,109,normal_early,0,normal_baseline,unloaded,baseline,33.24288947166692,2.6102339930684484,True,nan,nan,False,attack,True,0.0
812b4ab4-a286-4405-9614-20804cdb1ca4,blind_public_empirical_w50,110,normal_early,0,normal_baseline,unloaded,baseline,38.988155552646624,2.6102339930684484,True,nan,nan,False,attack,True,0.0
812b4ab4-a286-4405-9614-20804cdb1ca4,blind_public_empirical_w50,111,normal_early,0,normal_baseline,unloaded,baseline,22.798097894031738,2.6102339930684484,True,nan,nan,False,attack,True,0.0
812b4ab4-a286-4405-9614-20804cdb1ca4,blind_public_empirical_w50,112,normal_early,0,normal_baseline,unloaded,baseline,10.584312413196812,2.6102339930684484,True,nan,nan,False,attack,True,0.0
812b4ab4-a286-4405-9614-20804cdb1ca4,blind_public_empirical_w50,113,normal_early,0,normal_baseline,unloaded,baseline,11.742775457028412,2.6102339930684484,True,nan,nan,False,attack,True,0.0
812b4ab4-a286-4405-9614-20804cdb1ca4,blind_public_empirical_w50,114,normal_early,0,normal_baseline,unloaded,baseline,12.034587828393576,2.6102339930684484,True,nan,nan,False,attack,True,0.0
812b4ab4-a286-4405-9614-20804cdb1ca4,blind_public_empirical_w50,115,normal_early,0,normal_baseline,unloaded,baseline,28.74219605043965,2.6102339930684484,True,nan,nan,False,attack,True,0.0
812b4ab4-a286-4405-9614-20804cdb1ca4,blind_public_empirical_w50,116,normal_early,0,normal_baseline,unloaded,baseline,18.79633848594796,2.6102339930684484,True,nan,nan,False,attack,True,0.0
812b4ab4-a286-4405-9614-20804cdb1ca4,blind_public_empirical_w50,117,normal_early,0,normal_baseline,unloaded,baseline,14.920454126197836,2.6102339930684484,True,nan,nan,False,attack,True,0.0
812b4ab4-a286-4405-9614-20804cdb1ca4,blind_public_empirical_w50,118,normal_early,0,normal_baseline,unloaded,baseline,10.85870344108811,2.6102339930684484,True,nan,nan,False,attack,True,0.0
812b4ab4-a286-4405-9614-20804cdb1ca4,blind_public_empirical_w50,119,normal_early,0,normal_baseline,unloaded,baseline,4.027531116827094,2.6102339930684484,True,nan,nan,False,attack,True,0.0
812b4ab4-a286-4405-9614-20804cdb1ca4,blind_public_empirical_w50,120,normal_early,0,benign_cpu,unloaded,cpu,16.005073994305235,2.6102339930684484,True,nan,nan,False,attack,True,0.0
812b4ab4-a286-4405-9614-20804cdb1ca4,blind_public_empirical_w50,121,normal_early,0,benign_cpu,unloaded,cpu,12.036557141790752,2.6102339930684484,True,nan,nan,False,attack,True,0.0
812b4ab4-a286-4405-9614-20804cdb1ca4,blind_public_empirical_w50,122,normal_early,0,benign_cpu,unloaded,cpu,5.558576352691377,2.6102339930684484,True,nan,nan,False,attack,True,0.0
812b4ab4-a286-4405-9614-20804cdb1ca4,blind_public_empirical_w50,123,normal_early,0,benign_cpu,unloaded,cpu,10.547375921212055,2.6102339930684484,True,nan,nan,False,attack,True,0.0
812b4ab4-a286-4405-9614-20804cdb1ca4,blind_public_empirical_w50,124,normal_early,0,benign_cpu,unloaded,cpu,5.6481589473077,2.6102339930684484,True,nan,nan,False,attack,True,0.0
812b4ab4-a286-4405-9614-20804cdb1ca4,blind_public_empirical_w50,125,normal_early,0,benign_cpu,unloaded,cpu,4.582869250424387,2.6102339930684484,True,nan,nan,False,attack,True,0.0
812b4ab4-a286-4405-9614-20804cdb1ca4,blind_public_empirical_w50,126,normal_early,0,benign_cpu,unloaded,cpu,17.33066406494516,2.6102339930684484,True,nan,nan,False,attack,True,0.0
812b4ab4-a286-4405-9614-20804cdb1ca4,blind_public_empirical_w50,127,normal_early,0,benign_cpu,unloaded,cpu,2.1167810682453303,2.6102339930684484,False,nan,nan,False,normal,True,0.0
812b4ab4-a286-4405-9614-20804cdb1ca4,blind_public_empirical_w50,128,normal_early,0,benign_cpu,unloaded,cpu,5.741434602150483,2.6102339930684484,True,nan,nan,False,attack,True,0.0
812b4ab4-a286-4405-9614-20804cdb1ca4,blind_public_empirical_w50,129,normal_early,0,benign_cpu,unloaded,cpu,3.498888998245775,2.6102339930684484,True,nan,nan,False,attack,True,0.0
812b4ab4-a286-4405-9614-20804cdb1ca4,blind_public_empirical_w50,130,normal_early,0,benign_cpu,unloaded,cpu,3.5032658995581833,2.6102339930684484,True,nan,nan,False,attack,True,0.0
812b4ab4-a286-4405-9614-20804cdb1ca4,blind_public_empirical_w50,131,normal_early,0,benign_cpu,unloaded,cpu,13.68505714303253,2.6102339930684484,True,nan,nan,False,attack,True,0.0
812b4ab4-a286-4405-9614-20804cdb1ca4,blind_public_empirical_w50,132,normal_early,0,benign_cpu,unloaded,cpu,11.652244301762801,2.6102339930684484,True,nan,nan,False,attack,True,0.0
812b4ab4-a286-4405-9614-20804cdb1ca4,blind_public_empirical_w50,133,normal_early,0,benign_cpu,unloaded,cpu,4.718220726318798,2.6102339930684484,True,nan,nan,False,attack,True,0.0
812b4ab4-a286-4405-9614-20804cdb1ca4,blind_public_empirical_w50,134,normal_early,0,benign_cpu,unloaded,cpu,3.5501536977343915,2.6102339930684484,True,nan,nan,False,attack,True,0.0
812b4ab4-a286-4405-9614-20804cdb1ca4,blind_public_empirical_w50,135,normal_early,0,benign_cpu,unloaded,cpu,2.6406990568682507,2.6102339930684484,True,nan,nan,False,attack,True,0.0
812b4ab4-a286-4405-9614-20804cdb1ca4,blind_public_empirical_w50,136,normal_early,0,benign_cpu,unloaded,cpu,4.382987920832258,2.6102339930684484,True,nan,nan,False,attack,True,0.0
812b4ab4-a286-4405-9614-20804cdb1ca4,blind_public_empirical_w50,137,normal_early,0,benign_cpu,unloaded,cpu,17.080248573657002,2.6102339930684484,True,nan,nan,False,attack,True,0.0
812b4ab4-a286-4405-9614-20804cdb1ca4,blind_public_empirical_w50,138,normal_early,0,benign_cpu,unloaded,cpu,8.548848552291625,2.6102339930684484,True,nan,nan,False,attack,True,0.0
812b4ab4-a286-4405-9614-20804cdb1ca4,blind_public_empirical_w50,139,normal_early,0,benign_cpu,unloaded,cpu,5.110037259560202,2.6102339930684484,True,nan,nan,False,attack,True,0.0
812b4ab4-a286-4405-9614-20804cdb1ca4,blind_public_empirical_w50,140,normal_early,0,benign_cpu,unloaded,cpu,6.39953507507557,2.6102339930684484,True,nan,nan,False,attack,True,0.0
812b4ab4-a286-4405-9614-20804cdb1ca4,blind_public_empirical_w50,141,normal_early,0,benign_cpu,unloaded,cpu,4.134044567223859,2.6102339930684484,True,nan,nan,False,attack,True,0.0
812b4ab4-a286-4405-9614-20804cdb1ca4,blind_public_empirical_w50,142,normal_early,0,benign_cpu,unloaded,cpu,4.175927855375954,2.6102339930684484,True,nan,nan,False,attack,True,0.0
812b4ab4-a286-4405-9614-20804cdb1ca4,blind_public_empirical_w50,143,normal_early,0,benign_cpu,unloaded,cpu,13.235143297949225,2.6102339930684484,True,nan,nan,False,attack,True,0.0
812b4ab4-a286-4405-9614-20804cdb1ca4,blind_public_empirical_w50,144,normal_early,0,benign_cpu,unloaded,cpu,14.069612424293435,2.6102339930684484,True,nan,nan,False,attack,True,0.0
812b4ab4-a286-4405-9614-20804cdb1ca4,blind_public_empirical_w50,145,normal_early,0,benign_cpu,unloaded,cpu,10.117209589704727,2.6102339930684484,True,nan,nan,False,attack,True,0.0
812b4ab4-a286-4405-9614-20804cdb1ca4,blind_public_empirical_w50,146,normal_early,0,benign_cpu,unloaded,cpu,3.891019900597704,2.6102339930684484,True,nan,nan,False,attack,True,0.0
812b4ab4-a286-4405-9614-20804cdb1ca4,blind_public_empirical_w50,147,normal_early,0,benign_cpu,unloaded,cpu,7.191087659015688,2.6102339930684484,True,nan,nan,False,attack,True,0.0
812b4ab4-a286-4405-9614-20804cdb1ca4,blind_public_empirical_w50,148,normal_early,0,benign_cpu,unloaded,cpu,12.105490713689392,2.6102339930684484,True,nan,nan,False,attack,True,0.0
812b4ab4-a286-4405-9614-20804cdb1ca4,blind_public_empirical_w50,149,normal_early,0,benign_cpu,unloaded,cpu,2.8528684764209813,2.6102339930684484,True,nan,nan,False,attack,True,0.0
812b4ab4-a286-4405-9614-20804cdb1ca4,blind_public_empirical_w50,150,normal_early,0,benign_cpu,unloaded,cpu,6.664988672554111,2.6102339930684484,True,nan,nan,False,attack,True,0.0
812b4ab4-a286-4405-9614-20804cdb1ca4,blind_public_empirical_w50,151,normal_early,0,benign_cpu,unloaded,cpu,9.807668095426768,2.6102339930684484,True,nan,nan,False,attack,True,0.0
812b4ab4-a286-4405-9614-20804cdb1ca4,blind_public_empirical_w50,152,normal_early,0,benign_cpu,unloaded,cpu,11.733723668327658,2.6102339930684484,True,nan,nan,False,attack,True,0.0
812b4ab4-a286-4405-9614-20804cdb1ca4,blind_public_empirical_w50,153,normal_early,0,benign_cpu,unloaded,cpu,3.614969378352068,2.6102339930684484,True,nan,nan,False,attack,True,0.0
812b4ab4-a286-4405-9614-20804cdb1ca4,blind_public_empirical_w50,154,normal_early,0,benign_cpu,unloaded,cpu,2.816726767750141,2.6102339930684484,True,nan,nan,False,attack,True,0.0
812b4ab4-a286-4405-9614-20804cdb1ca4,blind_public_empirical_w50,155,normal_early,0,benign_cpu,unloaded,cpu,3.3996170675081627,2.6102339930684484,True,nan,nan,False,attack,True,0.0
812b4ab4-a286-4405-9614-20804cdb1ca4,blind_public_empirical_w50,156,normal_early,0,benign_cpu,unloaded,cpu,4.64808079973919,2.6102339930684484,True,nan,nan,False,attack,True,0.0
812b4ab4-a286-4405-9614-20804cdb1ca4,blind_public_empirical_w50,157,normal_early,0,benign_cpu,unloaded,cpu,3.980761978600299,2.6102339930684484,True,nan,nan,False,attack,True,0.0
812b4ab4-a286-4405-9614-20804cdb1ca4,blind_public_empirical_w50,158,normal_early,0,benign_cpu,unloaded,cpu,8.885524592103959,2.6102339930684484,True,nan,nan,False,attack,True,0.0
812b4ab4-a286-4405-9614-20804cdb1ca4,blind_public_empirical_w50,159,normal_early,0,benign_cpu,unloaded,cpu,20.787153633193554,2.6102339930684484,True,nan,nan,False,attack,True,0.0
812b4ab4-a286-4405-9614-20804cdb1ca4,blind_public_empirical_w50,160,normal_workloads,1,benign_memory,unloaded,memory,19.807281209770725,2.6102339930684484,True,nan,nan,False,attack,True,0.0
812b4ab4-a286-4405-9614-20804cdb1ca4,blind_public_empirical_w50,161,normal_workloads,1,benign_memory,unloaded,memory,75.31244794970155,2.6102339930684484,True,nan,nan,False,attack,True,0.0
812b4ab4-a286-4405-9614-20804cdb1ca4,blind_public_empirical_w50,162,normal_workloads,1,benign_memory,unloaded,memory,96.51364416437507,2.6102339930684484,True,nan,nan,False,attack,True,0.0
812b4ab4-a286-4405-9614-20804cdb1ca4,blind_public_empirical_w50,163,normal_workloads,1,benign_memory,unloaded,memory,34.80120588160462,2.6102339930684484,True,nan,nan,False,attack,True,0.0
812b4ab4-a286-4405-9614-20804cdb1ca4,blind_public_empirical_w50,164,normal_workloads,1,benign_memory,unloaded,memory,120.83709340627689,2.6102339930684484,True,nan,nan,False,attack,True,0.0
812b4ab4-a286-4405-9614-20804cdb1ca4,blind_public_empirical_w50,165,normal_workloads,1,benign_memory,unloaded,memory,84.91442181419748,2.6102339930684484,True,nan,nan,False,attack,True,0.0
812b4ab4-a286-4405-9614-20804cdb1ca4,blind_public_empirical_w50,166,normal_workloads,1,benign_memory,unloaded,memory,44.97194030730739,2.6102339930684484,True,nan,nan,False,attack,True,0.0
812b4ab4-a286-4405-9614-20804cdb1ca4,blind_public_empirical_w50,167,normal_workloads,1,benign_memory,unloaded,memory,23.174395512671317,2.6102339930684484,True,nan,nan,False,attack,True,0.0
812b4ab4-a286-4405-9614-20804cdb1ca4,blind_public_empirical_w50,168,normal_workloads,1,benign_memory,unloaded,memory,68.05674265490192,2.6102339930684484,True,nan,nan,False,attack,True,0.0
812b4ab4-a286-4405-9614-20804cdb1ca4,blind_public_empirical_w50,169,normal_workloads,1,benign_memory,unloaded,memory,73.17554298515678,2.6102339930684484,True,nan,nan,False,attack,True,0.0
812b4ab4-a286-4405-9614-20804cdb1ca4,blind_public_empirical_w50,170,normal_workloads,1,benign_memory,unloaded,memory,18.642168181802546,2.6102339930684484,True,nan,nan,False,attack,True,0.0
812b4ab4-a286-4405-9614-20804cdb1ca4,blind_public_empirical_w50,171,normal_workloads,1,benign_memory,unloaded,memory,37.45315709538518,2.6102339930684484,True,nan,nan,False,attack,True,0.0
812b4ab4-a286-4405-9614-20804cdb1ca4,blind_public_empirical_w50,172,normal_workloads,1,benign_memory,unloaded,memory,29.59242844430333,2.6102339930684484,True,nan,nan,False,attack,True,0.0
812b4ab4-a286-4405-9614-20804cdb1ca4,blind_public_empirical_w50,173,normal_workloads,1,benign_memory,unloaded,memory,14.01741683730272,2.6102339930684484,True,nan,nan,False,attack,True,0.0
812b4ab4-a286-4405-9614-20804cdb1ca4,blind_public_empirical_w50,174,normal_workloads,1,benign_memory,unloaded,memory,15.954342067982283,2.6102339930684484,True,nan,nan,False,attack,True,0.0
812b4ab4-a286-4405-9614-20804cdb1ca4,blind_public_empirical_w50,175,normal_workloads,1,benign_memory,unloaded,memory,28.139990412411706,2.6102339930684484,True,nan,nan,False,attack,True,0.0
812b4ab4-a286-4405-9614-20804cdb1ca4,blind_public_empirical_w50,176,normal_workloads,1,benign_memory,unloaded,memory,20.306179977448597,2.6102339930684484,True,nan,nan,False,attack,True,0.0
812b4ab4-a286-4405-9614-20804cdb1ca4,blind_public_empirical_w50,177,normal_workloads,1,benign_memory,unloaded,memory,27.32321584046691,2.6102339930684484,True,nan,nan,False,attack,True,0.0
812b4ab4-a286-4405-9614-20804cdb1ca4,blind_public_empirical_w50,178,normal_workloads,1,benign_memory,unloaded,memory,14.234515451955511,2.6102339930684484,True,nan,nan,False,attack,True,0.0
812b4ab4-a286-4405-9614-20804cdb1ca4,blind_public_empirical_w50,179,normal_workloads,1,benign_memory,unloaded,memory,19.456720611151407,2.6102339930684484,True,nan,nan,False,attack,True,0.0
812b4ab4-a286-4405-9614-20804cdb1ca4,blind_public_empirical_w50,180,normal_workloads,1,benign_memory,unloaded,memory,8.13185510318889,2.6102339930684484,True,nan,nan,False,attack,True,0.0
812b4ab4-a286-4405-9614-20804cdb1ca4,blind_public_empirical_w50,181,normal_workloads,1,benign_memory,unloaded,memory,32.112160335574,2.6102339930684484,True,nan,nan,False,attack,True,0.0
812b4ab4-a286-4405-9614-20804cdb1ca4,blind_public_empirical_w50,182,normal_workloads,1,benign_memory,unloaded,memory,350.03697747343017,2.6102339930684484,True,nan,nan,False,attack,True,0.0
812b4ab4-a286-4405-9614-20804cdb1ca4,blind_public_empirical_w50,183,normal_workloads,1,benign_memory,unloaded,memory,29.584531994262413,2.6102339930684484,True,nan,nan,False,attack,True,0.0
812b4ab4-a286-4405-9614-20804cdb1ca4,blind_public_empirical_w50,184,normal_workloads,1,benign_memory,unloaded,memory,31.824160886295747,2.6102339930684484,True,nan,nan,False,attack,True,0.0
812b4ab4-a286-4405-9614-20804cdb1ca4,blind_public_empirical_w50,185,normal_workloads,1,benign_memory,unloaded,memory,45.17204870286794,2.6102339930684484,True,nan,nan,False,attack,True,0.0
812b4ab4-a286-4405-9614-20804cdb1ca4,blind_public_empirical_w50,186,normal_workloads,1,benign_memory,unloaded,memory,18.837973323833058,2.6102339930684484,True,nan,nan,False,attack,True,0.0
812b4ab4-a286-4405-9614-20804cdb1ca4,blind_public_empirical_w50,187,normal_workloads,1,benign_memory,unloaded,memory,19.63498359982757,2.6102339930684484,True,nan,nan,False,attack,True,0.0
812b4ab4-a286-4405-9614-20804cdb1ca4,blind_public_empirical_w50,188,normal_workloads,1,benign_memory,unloaded,memory,16.437598660240404,2.6102339930684484,True,nan,nan,False,attack,True,0.0
812b4ab4-a286-4405-9614-20804cdb1ca4,blind_public_empirical_w50,189,normal_workloads,1,benign_memory,unloaded,memory,42.08967344873182,2.6102339930684484,True,nan,nan,False,attack,True,0.0
812b4ab4-a286-4405-9614-20804cdb1ca4,blind_public_empirical_w50,190,normal_workloads,1,benign_memory,unloaded,memory,254.5053705469809,2.6102339930684484,True,nan,nan,False,attack,True,0.0
812b4ab4-a286-4405-9614-20804cdb1ca4,blind_public_empirical_w50,191,normal_workloads,1,benign_memory,unloaded,memory,73.1466634310979,2.6102339930684484,True,nan,nan,False,attack,True,0.0
812b4ab4-a286-4405-9614-20804cdb1ca4,blind_public_empirical_w50,192,normal_workloads,1,benign_memory,unloaded,memory,29.31432406371256,2.6102339930684484,True,nan,nan,False,attack,True,0.0
812b4ab4-a286-4405-9614-20804cdb1ca4,blind_public_empirical_w50,193,normal_workloads,1,benign_memory,unloaded,memory,13.354479394242526,2.6102339930684484,True,nan,nan,False,attack,True,0.0
812b4ab4-a286-4405-9614-20804cdb1ca4,blind_public_empirical_w50,194,normal_workloads,1,benign_memory,unloaded,memory,17.921386237828017,2.6102339930684484,True,nan,nan,False,attack,True,0.0
812b4ab4-a286-4405-9614-20804cdb1ca4,blind_public_empirical_w50,195,normal_workloads,1,benign_memory,unloaded,memory,25.45008584327092,2.6102339930684484,True,nan,nan,False,attack,True,0.0
812b4ab4-a286-4405-9614-20804cdb1ca4,blind_public_empirical_w50,196,normal_workloads,1,benign_memory,unloaded,memory,14.159065092683983,2.6102339930684484,True,nan,nan,False,attack,True,0.0
812b4ab4-a286-4405-9614-20804cdb1ca4,blind_public_empirical_w50,197,normal_workloads,1,benign_memory,unloaded,memory,6.41140838622535,2.6102339930684484,True,nan,nan,False,attack,True,0.0
812b4ab4-a286-4405-9614-20804cdb1ca4,blind_public_empirical_w50,198,normal_workloads,1,benign_memory,unloaded,memory,9.18962285042355,2.6102339930684484,True,nan,nan,False,attack,True,0.0
812b4ab4-a286-4405-9614-20804cdb1ca4,blind_public_empirical_w50,199,normal_workloads,1,benign_memory,unloaded,memory,9.901611721351713,2.6102339930684484,True,nan,nan,False,attack,True,0.0
812b4ab4-a286-4405-9614-20804cdb1ca4,blind_public_empirical_w50,200,normal_workloads,1,benign_mixed,unloaded,mixed,34.930371683051405,2.6102339930684484,True,nan,nan,False,attack,True,0.0
812b4ab4-a286-4405-9614-20804cdb1ca4,blind_public_empirical_w50,201,normal_workloads,1,benign_mixed,unloaded,mixed,55.90302585032623,2.6102339930684484,True,nan,nan,False,attack,True,0.0
812b4ab4-a286-4405-9614-20804cdb1ca4,blind_public_empirical_w50,202,normal_workloads,1,benign_mixed,unloaded,mixed,5.183795648161188,2.6102339930684484,True,nan,nan,False,attack,True,0.0
812b4ab4-a286-4405-9614-20804cdb1ca4,blind_public_empirical_w50,203,normal_workloads,1,benign_mixed,unloaded,mixed,36.439931696914584,2.6102339930684484,True,nan,nan,False,attack,True,0.0
812b4ab4-a286-4405-9614-20804cdb1ca4,blind_public_empirical_w50,204,normal_workloads,1,benign_mixed,unloaded,mixed,20.28941934654325,2.6102339930684484,True,nan,nan,False,attack,True,0.0
812b4ab4-a286-4405-9614-20804cdb1ca4,blind_public_empirical_w50,205,normal_workloads,1,benign_mixed,unloaded,mixed,4.979429813397472,2.6102339930684484,True,nan,nan,False,attack,True,0.0
812b4ab4-a286-4405-9614-20804cdb1ca4,blind_public_empirical_w50,206,normal_workloads,1,benign_mixed,unloaded,mixed,6.254422818673305,2.6102339930684484,True,nan,nan,False,attack,True,0.0
812b4ab4-a286-4405-9614-20804cdb1ca4,blind_public_empirical_w50,207,normal_workloads,1,benign_mixed,unloaded,mixed,5.215303724745489,2.6102339930684484,True,nan,nan,False,attack,True,0.0
812b4ab4-a286-4405-9614-20804cdb1ca4,blind_public_empirical_w50,208,normal_workloads,1,benign_mixed,unloaded,mixed,6.57118301105478,2.6102339930684484,True,nan,nan,False,attack,True,0.0
812b4ab4-a286-4405-9614-20804cdb1ca4,blind_public_empirical_w50,209,normal_workloads,1,benign_mixed,unloaded,mixed,5.9552528892520975,2.6102339930684484,True,nan,nan,False,attack,True,0.0
812b4ab4-a286-4405-9614-20804cdb1ca4,blind_public_empirical_w50,210,normal_workloads,1,benign_mixed,unloaded,mixed,5.174830298233954,2.6102339930684484,True,nan,nan,False,attack,True,0.0
812b4ab4-a286-4405-9614-20804cdb1ca4,blind_public_empirical_w50,211,normal_workloads,1,benign_mixed,unloaded,mixed,8.055921221146228,2.6102339930684484,True,nan,nan,False,attack,True,0.0
812b4ab4-a286-4405-9614-20804cdb1ca4,blind_public_empirical_w50,212,normal_workloads,1,benign_mixed,unloaded,mixed,5.300135199277723,2.6102339930684484,True,nan,nan,False,attack,True,0.0
812b4ab4-a286-4405-9614-20804cdb1ca4,blind_public_empirical_w50,213,normal_workloads,1,benign_mixed,unloaded,mixed,6.137857230643494,2.6102339930684484,True,nan,nan,False,attack,True,0.0
812b4ab4-a286-4405-9614-20804cdb1ca4,blind_public_empirical_w50,214,normal_workloads,1,benign_mixed,unloaded,mixed,13.041190117193104,2.6102339930684484,True,nan,nan,False,attack,True,0.0
812b4ab4-a286-4405-9614-20804cdb1ca4,blind_public_empirical_w50,215,normal_workloads,1,benign_mixed,unloaded,mixed,5.916433958632179,2.6102339930684484,True,nan,nan,False,attack,True,0.0
812b4ab4-a286-4405-9614-20804cdb1ca4,blind_public_empirical_w50,216,normal_workloads,1,benign_mixed,unloaded,mixed,5.487405198360623,2.6102339930684484,True,nan,nan,False,attack,True,0.0
812b4ab4-a286-4405-9614-20804cdb1ca4,blind_public_empirical_w50,217,normal_workloads,1,benign_mixed,unloaded,mixed,11.011692660131112,2.6102339930684484,True,nan,nan,False,attack,True,0.0
812b4ab4-a286-4405-9614-20804cdb1ca4,blind_public_empirical_w50,218,normal_workloads,1,benign_mixed,unloaded,mixed,15.993761079158581,2.6102339930684484,True,nan,nan,False,attack,True,0.0
812b4ab4-a286-4405-9614-20804cdb1ca4,blind_public_empirical_w50,219,normal_workloads,1,benign_mixed,unloaded,mixed,7.697503324933885,2.6102339930684484,True,nan,nan,False,attack,True,0.0
812b4ab4-a286-4405-9614-20804cdb1ca4,blind_public_empirical_w50,220,normal_workloads,1,benign_mixed,unloaded,mixed,3.921632753619019,2.6102339930684484,True,nan,nan,False,attack,True,0.0
812b4ab4-a286-4405-9614-20804cdb1ca4,blind_public_empirical_w50,221,normal_workloads,1,benign_mixed,unloaded,mixed,9.637713983824236,2.6102339930684484,True,nan,nan,False,attack,True,0.0
812b4ab4-a286-4405-9614-20804cdb1ca4,blind_public_empirical_w50,222,normal_workloads,1,benign_mixed,unloaded,mixed,4.112741701196352,2.6102339930684484,True,nan,nan,False,attack,True,0.0
812b4ab4-a286-4405-9614-20804cdb1ca4,blind_public_empirical_w50,223,normal_workloads,1,benign_mixed,unloaded,mixed,2.6985683383495016,2.6102339930684484,True,nan,nan,False,attack,True,0.0
812b4ab4-a286-4405-9614-20804cdb1ca4,blind_public_empirical_w50,224,normal_workloads,1,benign_mixed,unloaded,mixed,9.753760628696332,2.6102339930684484,True,nan,nan,False,attack,True,0.0
812b4ab4-a286-4405-9614-20804cdb1ca4,blind_public_empirical_w50,225,normal_workloads,1,benign_mixed,unloaded,mixed,16.872264546456552,2.6102339930684484,True,nan,nan,False,attack,True,0.0
812b4ab4-a286-4405-9614-20804cdb1ca4,blind_public_empirical_w50,226,normal_workloads,1,benign_mixed,unloaded,mixed,2.8897763883507515,2.6102339930684484,True,nan,nan,False,attack,True,0.0
812b4ab4-a286-4405-9614-20804cdb1ca4,blind_public_empirical_w50,227,normal_workloads,1,benign_mixed,unloaded,mixed,28.180694640577258,2.6102339930684484,True,nan,nan,False,attack,True,0.0
812b4ab4-a286-4405-9614-20804cdb1ca4,blind_public_empirical_w50,228,normal_workloads,1,benign_mixed,unloaded,mixed,29.651563533320562,2.6102339930684484,True,nan,nan,False,attack,True,0.0
812b4ab4-a286-4405-9614-20804cdb1ca4,blind_public_empirical_w50,229,normal_workloads,1,benign_mixed,unloaded,mixed,6.05903232965486,2.6102339930684484,True,nan,nan,False,attack,True,0.0
812b4ab4-a286-4405-9614-20804cdb1ca4,blind_public_empirical_w50,230,normal_workloads,1,benign_mixed,unloaded,mixed,30.96355135808203,2.6102339930684484,True,nan,nan,False,attack,True,0.0
812b4ab4-a286-4405-9614-20804cdb1ca4,blind_public_empirical_w50,231,normal_workloads,1,benign_mixed,unloaded,mixed,3.194492873113366,2.6102339930684484,True,nan,nan,False,attack,True,0.0
812b4ab4-a286-4405-9614-20804cdb1ca4,blind_public_empirical_w50,232,normal_workloads,1,benign_mixed,unloaded,mixed,3.465961475549178,2.6102339930684484,True,nan,nan,False,attack,True,0.0
812b4ab4-a286-4405-9614-20804cdb1ca4,blind_public_empirical_w50,233,normal_workloads,1,benign_mixed,unloaded,mixed,426.52450004691855,2.6102339930684484,True,nan,nan,False,attack,True,0.0
812b4ab4-a286-4405-9614-20804cdb1ca4,blind_public_empirical_w50,234,normal_workloads,1,benign_mixed,unloaded,mixed,4.3635247304524025,2.6102339930684484,True,nan,nan,False,attack,True,0.0
812b4ab4-a286-4405-9614-20804cdb1ca4,blind_public_empirical_w50,235,normal_workloads,1,benign_mixed,unloaded,mixed,7.442618387059657,2.6102339930684484,True,nan,nan,False,attack,True,0.0
812b4ab4-a286-4405-9614-20804cdb1ca4,blind_public_empirical_w50,236,normal_workloads,1,benign_mixed,unloaded,mixed,7.773620018174334,2.6102339930684484,True,nan,nan,False,attack,True,0.0
812b4ab4-a286-4405-9614-20804cdb1ca4,blind_public_empirical_w50,237,normal_workloads,1,benign_mixed,unloaded,mixed,13.179466196811646,2.6102339930684484,True,nan,nan,False,attack,True,0.0
812b4ab4-a286-4405-9614-20804cdb1ca4,blind_public_empirical_w50,238,normal_workloads,1,benign_mixed,unloaded,mixed,4.080501739225673,2.6102339930684484,True,nan,nan,False,attack,True,0.0
812b4ab4-a286-4405-9614-20804cdb1ca4,blind_public_empirical_w50,239,normal_workloads,1,benign_mixed,unloaded,mixed,4.870873831620832,2.6102339930684484,True,nan,nan,False,attack,True,0.0
812b4ab4-a286-4405-9614-20804cdb1ca4,blind_public_empirical_w50,240,attack,2,attack_baseline,hiding,baseline,206.6057733712518,2.6102339930684484,True,nan,nan,False,attack,True,0.02
812b4ab4-a286-4405-9614-20804cdb1ca4,blind_public_empirical_w50,241,attack,2,attack_baseline,hiding,baseline,78.32326997743694,2.6102339930684484,True,nan,nan,False,attack,True,0.04
812b4ab4-a286-4405-9614-20804cdb1ca4,blind_public_empirical_w50,242,attack,2,attack_baseline,hiding,baseline,49.38772540223335,2.6102339930684484,True,nan,nan,False,attack,True,0.06
812b4ab4-a286-4405-9614-20804cdb1ca4,blind_public_empirical_w50,243,attack,2,attack_baseline,hiding,baseline,258.27090342869036,2.6102339930684484,True,nan,nan,False,attack,True,0.08
812b4ab4-a286-4405-9614-20804cdb1ca4,blind_public_empirical_w50,244,attack,2,attack_baseline,hiding,baseline,31.867773936863465,2.6102339930684484,True,nan,nan,False,attack,True,0.1
812b4ab4-a286-4405-9614-20804cdb1ca4,blind_public_empirical_w50,245,attack,2,attack_baseline,hiding,baseline,37.50507275357494,2.6102339930684484,True,nan,nan,False,attack,True,0.12
812b4ab4-a286-4405-9614-20804cdb1ca4,blind_public_empirical_w50,246,attack,2,attack_baseline,hiding,baseline,54.52087651324126,2.6102339930684484,True,nan,nan,False,attack,True,0.14
812b4ab4-a286-4405-9614-20804cdb1ca4,blind_public_empirical_w50,247,attack,2,attack_baseline,hiding,baseline,29.450384996653888,2.6102339930684484,True,nan,nan,False,attack,True,0.16
812b4ab4-a286-4405-9614-20804cdb1ca4,blind_public_empirical_w50,248,attack,2,attack_baseline,hiding,baseline,82.92209743680402,2.6102339930684484,True,nan,nan,False,attack,True,0.18
812b4ab4-a286-4405-9614-20804cdb1ca4,blind_public_empirical_w50,249,attack,2,attack_baseline,hiding,baseline,66.52860929543134,2.6102339930684484,True,nan,nan,False,attack,True,0.2
812b4ab4-a286-4405-9614-20804cdb1ca4,blind_public_empirical_w50,250,attack,2,attack_baseline,hiding,baseline,48.955071383618865,2.6102339930684484,True,nan,nan,False,attack,True,0.22
812b4ab4-a286-4405-9614-20804cdb1ca4,blind_public_empirical_w50,251,attack,2,attack_baseline,hiding,baseline,78.20276896112524,2.6102339930684484,True,nan,nan,False,attack,True,0.24
812b4ab4-a286-4405-9614-20804cdb1ca4,blind_public_empirical_w50,252,attack,2,attack_baseline,hiding,baseline,67.81277958400092,2.6102339930684484,True,nan,nan,False,attack,True,0.26
812b4ab4-a286-4405-9614-20804cdb1ca4,blind_public_empirical_w50,253,attack,2,attack_baseline,hiding,baseline,32.126055050517245,2.6102339930684484,True,nan,nan,False,attack,True,0.28
812b4ab4-a286-4405-9614-20804cdb1ca4,blind_public_empirical_w50,254,attack,2,attack_baseline,hiding,baseline,34.601988119538404,2.6102339930684484,True,nan,nan,False,attack,True,0.3
812b4ab4-a286-4405-9614-20804cdb1ca4,blind_public_empirical_w50,255,attack,2,attack_baseline,hiding,baseline,28.892866853271038,2.6102339930684484,True,nan,nan,False,attack,True,0.32
812b4ab4-a286-4405-9614-20804cdb1ca4,blind_public_empirical_w50,256,attack,2,attack_baseline,hiding,baseline,18.60364137154031,2.6102339930684484,True,nan,nan,False,attack,True,0.34
812b4ab4-a286-4405-9614-20804cdb1ca4,blind_public_empirical_w50,257,attack,2,attack_baseline,hiding,baseline,24.394870320081065,2.6102339930684484,True,nan,nan,False,attack,True,0.36
812b4ab4-a286-4405-9614-20804cdb1ca4,blind_public_empirical_w50,258,attack,2,attack_baseline,hiding,baseline,16.892250790203576,2.6102339930684484,True,nan,nan,False,attack,True,0.38
812b4ab4-a286-4405-9614-20804cdb1ca4,blind_public_empirical_w50,259,attack,2,attack_baseline,hiding,baseline,68.82392041463024,2.6102339930684484,True,nan,nan,False,attack,True,0.4
812b4ab4-a286-4405-9614-20804cdb1ca4,blind_public_empirical_w50,260,attack,2,attack_baseline,hiding,baseline,31.85869588644438,2.6102339930684484,True,nan,nan,False,attack,True,0.42
812b4ab4-a286-4405-9614-20804cdb1ca4,blind_public_empirical_w50,261,attack,2,attack_baseline,hiding,baseline,57.685110265393504,2.6102339930684484,True,nan,nan,False,attack,True,0.44
812b4ab4-a286-4405-9614-20804cdb1ca4,blind_public_empirical_w50,262,attack,2,attack_baseline,hiding,baseline,56.59425907493072,2.6102339930684484,True,nan,nan,False,attack,True,0.46
812b4ab4-a286-4405-9614-20804cdb1ca4,blind_public_empirical_w50,263,attack,2,attack_baseline,hiding,baseline,11.821442963080756,2.6102339930684484,True,nan,nan,False,attack,True,0.48
812b4ab4-a286-4405-9614-20804cdb1ca4,blind_public_empirical_w50,264,attack,2,attack_baseline,hiding,baseline,11.696229545500383,2.6102339930684484,True,nan,nan,False,attack,True,0.5
812b4ab4-a286-4405-9614-20804cdb1ca4,blind_public_empirical_w50,265,attack,2,attack_baseline,hiding,baseline,11.20624055666099,2.6102339930684484,True,nan,nan,False,attack,True,0.52
812b4ab4-a286-4405-9614-20804cdb1ca4,blind_public_empirical_w50,266,attack,2,attack_baseline,hiding,baseline,13.806979812287631,2.6102339930684484,True,nan,nan,False,attack,True,0.54
812b4ab4-a286-4405-9614-20804cdb1ca4,blind_public_empirical_w50,267,attack,2,attack_baseline,hiding,baseline,23.281823232976574,2.6102339930684484,True,nan,nan,False,attack,True,0.56
812b4ab4-a286-4405-9614-20804cdb1ca4,blind_public_empirical_w50,268,attack,2,attack_baseline,hiding,baseline,27.55177332885004,2.6102339930684484,True,nan,nan,False,attack,True,0.58
812b4ab4-a286-4405-9614-20804cdb1ca4,blind_public_empirical_w50,269,attack,2,attack_baseline,hiding,baseline,27.657906587730427,2.6102339930684484,True,nan,nan,False,attack,True,0.6
812b4ab4-a286-4405-9614-20804cdb1ca4,blind_public_empirical_w50,270,attack,2,attack_baseline,hiding,baseline,19.81407642003033,2.6102339930684484,True,nan,nan,False,attack,True,0.62
812b4ab4-a286-4405-9614-20804cdb1ca4,blind_public_empirical_w50,271,attack,2,attack_baseline,hiding,baseline,11.415813793625658,2.6102339930684484,True,nan,nan,False,attack,True,0.64
812b4ab4-a286-4405-9614-20804cdb1ca4,blind_public_empirical_w50,272,attack,2,attack_baseline,hiding,baseline,7.957714903694563,2.6102339930684484,True,nan,nan,False,attack,True,0.66
812b4ab4-a286-4405-9614-20804cdb1ca4,blind_public_empirical_w50,273,attack,2,attack_baseline,hiding,baseline,56.126280415689,2.6102339930684484,True,nan,nan,False,attack,True,0.68
812b4ab4-a286-4405-9614-20804cdb1ca4,blind_public_empirical_w50,274,attack,2,attack_baseline,hiding,baseline,15.927811935303938,2.6102339930684484,True,nan,nan,False,attack,True,0.7
812b4ab4-a286-4405-9614-20804cdb1ca4,blind_public_empirical_w50,275,attack,2,attack_baseline,hiding,baseline,39.609961934340674,2.6102339930684484,True,nan,nan,False,attack,True,0.72
812b4ab4-a286-4405-9614-20804cdb1ca4,blind_public_empirical_w50,276,attack,2,attack_baseline,hiding,baseline,35.46497009843799,2.6102339930684484,True,nan,nan,False,attack,True,0.74
812b4ab4-a286-4405-9614-20804cdb1ca4,blind_public_empirical_w50,277,attack,2,attack_baseline,hiding,baseline,22.72610959464525,2.6102339930684484,True,nan,nan,False,attack,True,0.76
812b4ab4-a286-4405-9614-20804cdb1ca4,blind_public_empirical_w50,278,attack,2,attack_baseline,hiding,baseline,64.67084844279707,2.6102339930684484,True,nan,nan,False,attack,True,0.78
812b4ab4-a286-4405-9614-20804cdb1ca4,blind_public_empirical_w50,279,attack,2,attack_baseline,hiding,baseline,10.50351259813121,2.6102339930684484,True,nan,nan,False,attack,True,0.8
812b4ab4-a286-4405-9614-20804cdb1ca4,blind_public_empirical_w50,280,attack,2,attack_cpu,hiding,cpu,37.50331707917336,2.6102339930684484,True,nan,nan,False,attack,True,0.82
812b4ab4-a286-4405-9614-20804cdb1ca4,blind_public_empirical_w50,281,attack,2,attack_cpu,hiding,cpu,19.470413015293857,2.6102339930684484,True,nan,nan,False,attack,True,0.84
812b4ab4-a286-4405-9614-20804cdb1ca4,blind_public_empirical_w50,282,attack,2,attack_cpu,hiding,cpu,16.13335729729196,2.6102339930684484,True,nan,nan,False,attack,True,0.86
812b4ab4-a286-4405-9614-20804cdb1ca4,blind_public_empirical_w50,283,attack,2,attack_cpu,hiding,cpu,76.97314265222738,2.6102339930684484,True,nan,nan,False,attack,True,0.88
812b4ab4-a286-4405-9614-20804cdb1ca4,blind_public_empirical_w50,284,attack,2,attack_cpu,hiding,cpu,11.630297889316525,2.6102339930684484,True,nan,nan,False,attack,True,0.9
812b4ab4-a286-4405-9614-20804cdb1ca4,blind_public_empirical_w50,285,attack,2,attack_cpu,hiding,cpu,10.213386282817506,2.6102339930684484,True,nan,nan,False,attack,True,0.92
812b4ab4-a286-4405-9614-20804cdb1ca4,blind_public_empirical_w50,286,attack,2,attack_cpu,hiding,cpu,12.581134309062886,2.6102339930684484,True,nan,nan,False,attack,True,0.94
812b4ab4-a286-4405-9614-20804cdb1ca4,blind_public_empirical_w50,287,attack,2,attack_cpu,hiding,cpu,8.219325842157478,2.6102339930684484,True,nan,nan,False,attack,True,0.96
812b4ab4-a286-4405-9614-20804cdb1ca4,blind_public_empirical_w50,288,attack,2,attack_cpu,hiding,cpu,238.34323615084526,2.6102339930684484,True,nan,nan,False,attack,True,0.98
812b4ab4-a286-4405-9614-20804cdb1ca4,blind_public_empirical_w50,289,attack,2,attack_cpu,hiding,cpu,14.276915540420294,2.6102339930684484,True,nan,nan,False,attack,True,1.0
812b4ab4-a286-4405-9614-20804cdb1ca4,blind_public_empirical_w50,290,attack,2,attack_cpu,hiding,cpu,4.358445951928267,2.6102339930684484,True,nan,nan,False,attack,True,1.0
812b4ab4-a286-4405-9614-20804cdb1ca4,blind_public_empirical_w50,291,attack,2,attack_cpu,hiding,cpu,5.626830347945868,2.6102339930684484,True,nan,nan,False,attack,True,1.0
812b4ab4-a286-4405-9614-20804cdb1ca4,blind_public_empirical_w50,292,attack,2,attack_cpu,hiding,cpu,8.228932476043623,2.6102339930684484,True,nan,nan,False,attack,True,1.0
812b4ab4-a286-4405-9614-20804cdb1ca4,blind_public_empirical_w50,293,attack,2,attack_cpu,hiding,cpu,5.961031268736559,2.6102339930684484,True,nan,nan,False,attack,True,1.0
812b4ab4-a286-4405-9614-20804cdb1ca4,blind_public_empirical_w50,294,attack,2,attack_cpu,hiding,cpu,13.298925251590548,2.6102339930684484,True,nan,nan,False,attack,True,1.0
812b4ab4-a286-4405-9614-20804cdb1ca4,blind_public_empirical_w50,295,attack,2,attack_cpu,hiding,cpu,2.2391526321740516,2.6102339930684484,False,nan,nan,False,normal,True,1.0
812b4ab4-a286-4405-9614-20804cdb1ca4,blind_public_empirical_w50,296,attack,2,attack_cpu,hiding,cpu,67.54164007582182,2.6102339930684484,True,nan,nan,False,attack,True,1.0
812b4ab4-a286-4405-9614-20804cdb1ca4,blind_public_empirical_w50,297,attack,2,attack_cpu,hiding,cpu,5.234014979212439,2.6102339930684484,True,nan,nan,False,attack,True,1.0
812b4ab4-a286-4405-9614-20804cdb1ca4,blind_public_empirical_w50,298,attack,2,attack_cpu,hiding,cpu,4.105671844715383,2.6102339930684484,True,nan,nan,False,attack,True,1.0
812b4ab4-a286-4405-9614-20804cdb1ca4,blind_public_empirical_w50,299,attack,2,attack_cpu,hiding,cpu,3.085018238336546,2.6102339930684484,True,nan,nan,False,attack,True,1.0
812b4ab4-a286-4405-9614-20804cdb1ca4,blind_public_empirical_w50,300,attack,2,attack_cpu,hiding,cpu,6.536715288564904,2.6102339930684484,True,nan,nan,False,attack,True,1.0
812b4ab4-a286-4405-9614-20804cdb1ca4,blind_public_empirical_w50,301,attack,2,attack_cpu,hiding,cpu,7.762404792663736,2.6102339930684484,True,nan,nan,False,attack,True,1.0
812b4ab4-a286-4405-9614-20804cdb1ca4,blind_public_empirical_w50,302,attack,2,attack_cpu,hiding,cpu,4.461702887772745,2.6102339930684484,True,nan,nan,False,attack,True,1.0
812b4ab4-a286-4405-9614-20804cdb1ca4,blind_public_empirical_w50,303,attack,2,attack_cpu,hiding,cpu,15.305744688234123,2.6102339930684484,True,nan,nan,False,attack,True,1.0
812b4ab4-a286-4405-9614-20804cdb1ca4,blind_public_empirical_w50,304,attack,2,attack_cpu,hiding,cpu,27.771648782014015,2.6102339930684484,True,nan,nan,False,attack,True,1.0
812b4ab4-a286-4405-9614-20804cdb1ca4,blind_public_empirical_w50,305,attack,2,attack_cpu,hiding,cpu,5.821857078263237,2.6102339930684484,True,nan,nan,False,attack,True,1.0
812b4ab4-a286-4405-9614-20804cdb1ca4,blind_public_empirical_w50,306,attack,2,attack_cpu,hiding,cpu,33.7708212901978,2.6102339930684484,True,nan,nan,False,attack,True,1.0
812b4ab4-a286-4405-9614-20804cdb1ca4,blind_public_empirical_w50,307,attack,2,attack_cpu,hiding,cpu,4.274235406198656,2.6102339930684484,True,nan,nan,False,attack,True,1.0
812b4ab4-a286-4405-9614-20804cdb1ca4,blind_public_empirical_w50,308,attack,2,attack_cpu,hiding,cpu,5.201607512712667,2.6102339930684484,True,nan,nan,False,attack,True,1.0
812b4ab4-a286-4405-9614-20804cdb1ca4,blind_public_empirical_w50,309,attack,2,attack_cpu,hiding,cpu,29.81164014229522,2.6102339930684484,True,nan,nan,False,attack,True,1.0
812b4ab4-a286-4405-9614-20804cdb1ca4,blind_public_empirical_w50,310,attack,2,attack_cpu,hiding,cpu,4.563524105795338,2.6102339930684484,True,nan,nan,False,attack,True,1.0
812b4ab4-a286-4405-9614-20804cdb1ca4,blind_public_empirical_w50,311,attack,2,attack_cpu,hiding,cpu,3.5247863501346863,2.6102339930684484,True,nan,nan,False,attack,True,1.0
812b4ab4-a286-4405-9614-20804cdb1ca4,blind_public_empirical_w50,312,attack,2,attack_cpu,hiding,cpu,28.84041651683649,2.6102339930684484,True,nan,nan,False,attack,True,1.0
812b4ab4-a286-4405-9614-20804cdb1ca4,blind_public_empirical_w50,313,attack,2,attack_cpu,hiding,cpu,3.0289437453902224,2.6102339930684484,True,nan,nan,False,attack,True,1.0
812b4ab4-a286-4405-9614-20804cdb1ca4,blind_public_empirical_w50,314,attack,2,attack_cpu,hiding,cpu,5.104112170259171,2.6102339930684484,True,nan,nan,False,attack,True,1.0
812b4ab4-a286-4405-9614-20804cdb1ca4,blind_public_empirical_w50,315,attack,2,attack_cpu,hiding,cpu,4.142435442324917,2.6102339930684484,True,nan,nan,False,attack,True,1.0
812b4ab4-a286-4405-9614-20804cdb1ca4,blind_public_empirical_w50,316,attack,2,attack_cpu,hiding,cpu,2.8089622810130157,2.6102339930684484,True,nan,nan,False,attack,True,1.0
812b4ab4-a286-4405-9614-20804cdb1ca4,blind_public_empirical_w50,317,attack,2,attack_cpu,hiding,cpu,5.623469180333725,2.6102339930684484,True,nan,nan,False,attack,True,1.0
812b4ab4-a286-4405-9614-20804cdb1ca4,blind_public_empirical_w50,318,attack,2,attack_cpu,hiding,cpu,5.913652379619036,2.6102339930684484,True,nan,nan,False,attack,True,1.0
812b4ab4-a286-4405-9614-20804cdb1ca4,blind_public_empirical_w50,319,attack,2,attack_cpu,hiding,cpu,3.181367547227226,2.6102339930684484,True,nan,nan,False,attack,True,1.0
812b4ab4-a286-4405-9614-20804cdb1ca4,blind_public_empirical_w50,320,attack,2,attack_memory,hiding,memory,24.859025461295808,2.6102339930684484,True,nan,nan,False,attack,True,1.0
812b4ab4-a286-4405-9614-20804cdb1ca4,blind_public_empirical_w50,321,attack,2,attack_memory,hiding,memory,4.179645785697293,2.6102339930684484,True,nan,nan,False,attack,True,1.0
812b4ab4-a286-4405-9614-20804cdb1ca4,blind_public_empirical_w50,322,attack,2,attack_memory,hiding,memory,21.906136627966124,2.6102339930684484,True,nan,nan,False,attack,True,1.0
812b4ab4-a286-4405-9614-20804cdb1ca4,blind_public_empirical_w50,323,attack,2,attack_memory,hiding,memory,9.828568123013717,2.6102339930684484,True,nan,nan,False,attack,True,1.0
812b4ab4-a286-4405-9614-20804cdb1ca4,blind_public_empirical_w50,324,attack,2,attack_memory,hiding,memory,9.456852787710602,2.6102339930684484,True,nan,nan,False,attack,True,1.0
812b4ab4-a286-4405-9614-20804cdb1ca4,blind_public_empirical_w50,325,attack,2,attack_memory,hiding,memory,98.49712163494891,2.6102339930684484,True,nan,nan,False,attack,True,1.0
812b4ab4-a286-4405-9614-20804cdb1ca4,blind_public_empirical_w50,326,attack,2,attack_memory,hiding,memory,28.916622080265824,2.6102339930684484,True,nan,nan,False,attack,True,1.0
812b4ab4-a286-4405-9614-20804cdb1ca4,blind_public_empirical_w50,327,attack,2,attack_memory,hiding,memory,38.53894338659966,2.6102339930684484,True,nan,nan,False,attack,True,1.0
812b4ab4-a286-4405-9614-20804cdb1ca4,blind_public_empirical_w50,328,attack,2,attack_memory,hiding,memory,71.34823810308332,2.6102339930684484,True,nan,nan,False,attack,True,1.0
812b4ab4-a286-4405-9614-20804cdb1ca4,blind_public_empirical_w50,329,attack,2,attack_memory,hiding,memory,16.614799288130627,2.6102339930684484,True,nan,nan,False,attack,True,1.0
812b4ab4-a286-4405-9614-20804cdb1ca4,blind_public_empirical_w50,330,attack,2,attack_memory,hiding,memory,40.65480913900366,2.6102339930684484,True,nan,nan,False,attack,True,1.0
812b4ab4-a286-4405-9614-20804cdb1ca4,blind_public_empirical_w50,331,attack,2,attack_memory,hiding,memory,18.69819085143482,2.6102339930684484,True,nan,nan,False,attack,True,1.0
812b4ab4-a286-4405-9614-20804cdb1ca4,blind_public_empirical_w50,332,attack,2,attack_memory,hiding,memory,12.287346997611445,2.6102339930684484,True,nan,nan,False,attack,True,1.0
812b4ab4-a286-4405-9614-20804cdb1ca4,blind_public_empirical_w50,333,attack,2,attack_memory,hiding,memory,26.083464034961047,2.6102339930684484,True,nan,nan,False,attack,True,1.0
812b4ab4-a286-4405-9614-20804cdb1ca4,blind_public_empirical_w50,334,attack,2,attack_memory,hiding,memory,28.08697149187734,2.6102339930684484,True,nan,nan,False,attack,True,1.0
812b4ab4-a286-4405-9614-20804cdb1ca4,blind_public_empirical_w50,335,attack,2,attack_memory,hiding,memory,14.067536510298309,2.6102339930684484,True,nan,nan,False,attack,True,1.0
812b4ab4-a286-4405-9614-20804cdb1ca4,blind_public_empirical_w50,336,attack,2,attack_memory,hiding,memory,5.083948552093153,2.6102339930684484,True,nan,nan,False,attack,True,1.0
812b4ab4-a286-4405-9614-20804cdb1ca4,blind_public_empirical_w50,337,attack,2,attack_memory,hiding,memory,39.07266993495934,2.6102339930684484,True,nan,nan,False,attack,True,1.0
812b4ab4-a286-4405-9614-20804cdb1ca4,blind_public_empirical_w50,338,attack,2,attack_memory,hiding,memory,21.465640524589233,2.6102339930684484,True,nan,nan,False,attack,True,1.0
812b4ab4-a286-4405-9614-20804cdb1ca4,blind_public_empirical_w50,339,attack,2,attack_memory,hiding,memory,20.166228539080805,2.6102339930684484,True,nan,nan,False,attack,True,1.0
812b4ab4-a286-4405-9614-20804cdb1ca4,blind_public_empirical_w50,340,attack,2,attack_memory,hiding,memory,20.884653816512138,2.6102339930684484,True,nan,nan,False,attack,True,1.0
812b4ab4-a286-4405-9614-20804cdb1ca4,blind_public_empirical_w50,341,attack,2,attack_memory,hiding,memory,23.03435896139899,2.6102339930684484,True,nan,nan,False,attack,True,1.0
812b4ab4-a286-4405-9614-20804cdb1ca4,blind_public_empirical_w50,342,attack,2,attack_memory,hiding,memory,66.07248885907686,2.6102339930684484,True,nan,nan,False,attack,True,1.0
812b4ab4-a286-4405-9614-20804cdb1ca4,blind_public_empirical_w50,343,attack,2,attack_memory,hiding,memory,33.264606455713206,2.6102339930684484,True,nan,nan,False,attack,True,1.0
812b4ab4-a286-4405-9614-20804cdb1ca4,blind_public_empirical_w50,344,attack,2,attack_memory,hiding,memory,17.741528568572583,2.6102339930684484,True,nan,nan,False,attack,True,1.0
812b4ab4-a286-4405-9614-20804cdb1ca4,blind_public_empirical_w50,345,attack,2,attack_memory,hiding,memory,15.670999374936676,2.6102339930684484,True,nan,nan,False,attack,True,1.0
812b4ab4-a286-4405-9614-20804cdb1ca4,blind_public_empirical_w50,346,attack,2,attack_memory,hiding,memory,28.16932492475295,2.6102339930684484,True,nan,nan,False,attack,True,1.0
812b4ab4-a286-4405-9614-20804cdb1ca4,blind_public_empirical_w50,347,attack,2,attack_memory,hiding,memory,19.155676669158794,2.6102339930684484,True,nan,nan,False,attack,True,1.0
812b4ab4-a286-4405-9614-20804cdb1ca4,blind_public_empirical_w50,348,attack,2,attack_memory,hiding,memory,130.62441988570302,2.6102339930684484,True,nan,nan,False,attack,True,1.0
812b4ab4-a286-4405-9614-20804cdb1ca4,blind_public_empirical_w50,349,attack,2,attack_memory,hiding,memory,29.548560459978216,2.6102339930684484,True,nan,nan,False,attack,True,1.0
812b4ab4-a286-4405-9614-20804cdb1ca4,blind_public_empirical_w50,350,attack,2,attack_memory,hiding,memory,17.450491694716213,2.6102339930684484,True,nan,nan,False,attack,True,1.0
812b4ab4-a286-4405-9614-20804cdb1ca4,blind_public_empirical_w50,351,attack,2,attack_memory,hiding,memory,107.0486176232896,2.6102339930684484,True,nan,nan,False,attack,True,1.0
812b4ab4-a286-4405-9614-20804cdb1ca4,blind_public_empirical_w50,352,attack,2,attack_memory,hiding,memory,9.729567886331278,2.6102339930684484,True,nan,nan,False,attack,True,1.0
812b4ab4-a286-4405-9614-20804cdb1ca4,blind_public_empirical_w50,353,attack,2,attack_memory,hiding,memory,5.337217763327787,2.6102339930684484,True,nan,nan,False,attack,True,1.0
812b4ab4-a286-4405-9614-20804cdb1ca4,blind_public_empirical_w50,354,attack,2,attack_memory,hiding,memory,6.125315020146319,2.6102339930684484,True,nan,nan,False,attack,True,1.0
812b4ab4-a286-4405-9614-20804cdb1ca4,blind_public_empirical_w50,355,attack,2,attack_memory,hiding,memory,6.8030283398520375,2.6102339930684484,True,nan,nan,False,attack,True,1.0
812b4ab4-a286-4405-9614-20804cdb1ca4,blind_public_empirical_w50,356,attack,2,attack_memory,hiding,memory,4.049882151985754,2.6102339930684484,True,nan,nan,False,attack,True,1.0
812b4ab4-a286-4405-9614-20804cdb1ca4,blind_public_empirical_w50,357,attack,2,attack_memory,hiding,memory,4.949234079162746,2.6102339930684484,True,nan,nan,False,attack,True,1.0
812b4ab4-a286-4405-9614-20804cdb1ca4,blind_public_empirical_w50,358,attack,2,attack_memory,hiding,memory,25.582377795050053,2.6102339930684484,True,nan,nan,False,attack,True,1.0
812b4ab4-a286-4405-9614-20804cdb1ca4,blind_public_empirical_w50,359,attack,2,attack_memory,hiding,memory,24.190166717894456,2.6102339930684484,True,nan,nan,False,attack,True,1.0
812b4ab4-a286-4405-9614-20804cdb1ca4,blind_public_empirical_w50,360,attack,2,attack_mixed,hiding,mixed,4.204141270595894,2.6102339930684484,True,nan,nan,False,attack,True,1.0
812b4ab4-a286-4405-9614-20804cdb1ca4,blind_public_empirical_w50,361,attack,2,attack_mixed,hiding,mixed,2.550234498893829,2.6102339930684484,False,nan,nan,False,normal,True,1.0
812b4ab4-a286-4405-9614-20804cdb1ca4,blind_public_empirical_w50,362,attack,2,attack_mixed,hiding,mixed,4.1046056808629094,2.6102339930684484,True,nan,nan,False,attack,True,1.0
812b4ab4-a286-4405-9614-20804cdb1ca4,blind_public_empirical_w50,363,attack,2,attack_mixed,hiding,mixed,11.526287761913624,2.6102339930684484,True,nan,nan,False,attack,True,1.0
812b4ab4-a286-4405-9614-20804cdb1ca4,blind_public_empirical_w50,364,attack,2,attack_mixed,hiding,mixed,5.927794701657417,2.6102339930684484,True,nan,nan,False,attack,True,1.0
812b4ab4-a286-4405-9614-20804cdb1ca4,blind_public_empirical_w50,365,attack,2,attack_mixed,hiding,mixed,4.267086371793421,2.6102339930684484,True,nan,nan,False,attack,True,1.0
812b4ab4-a286-4405-9614-20804cdb1ca4,blind_public_empirical_w50,366,attack,2,attack_mixed,hiding,mixed,12.23533811902836,2.6102339930684484,True,nan,nan,False,attack,True,1.0
812b4ab4-a286-4405-9614-20804cdb1ca4,blind_public_empirical_w50,367,attack,2,attack_mixed,hiding,mixed,5.132793393840306,2.6102339930684484,True,nan,nan,False,attack,True,1.0
812b4ab4-a286-4405-9614-20804cdb1ca4,blind_public_empirical_w50,368,attack,2,attack_mixed,hiding,mixed,5.306622094059737,2.6102339930684484,True,nan,nan,False,attack,True,1.0
812b4ab4-a286-4405-9614-20804cdb1ca4,blind_public_empirical_w50,369,attack,2,attack_mixed,hiding,mixed,8.383526013222609,2.6102339930684484,True,nan,nan,False,attack,True,1.0
812b4ab4-a286-4405-9614-20804cdb1ca4,blind_public_empirical_w50,370,attack,2,attack_mixed,hiding,mixed,7.017119176270292,2.6102339930684484,True,nan,nan,False,attack,True,1.0
812b4ab4-a286-4405-9614-20804cdb1ca4,blind_public_empirical_w50,371,attack,2,attack_mixed,hiding,mixed,14.451742032776844,2.6102339930684484,True,nan,nan,False,attack,True,1.0
812b4ab4-a286-4405-9614-20804cdb1ca4,blind_public_empirical_w50,372,attack,2,attack_mixed,hiding,mixed,6.0665147275771805,2.6102339930684484,True,nan,nan,False,attack,True,1.0
812b4ab4-a286-4405-9614-20804cdb1ca4,blind_public_empirical_w50,373,attack,2,attack_mixed,hiding,mixed,223.5213143828717,2.6102339930684484,True,nan,nan,False,attack,True,1.0
812b4ab4-a286-4405-9614-20804cdb1ca4,blind_public_empirical_w50,374,attack,2,attack_mixed,hiding,mixed,5645.327117511933,2.6102339930684484,True,nan,nan,False,attack,True,1.0
812b4ab4-a286-4405-9614-20804cdb1ca4,blind_public_empirical_w50,375,attack,2,attack_mixed,hiding,mixed,13.023430091970857,2.6102339930684484,True,nan,nan,False,attack,True,1.0
812b4ab4-a286-4405-9614-20804cdb1ca4,blind_public_empirical_w50,376,attack,2,attack_mixed,hiding,mixed,3.6238773688430292,2.6102339930684484,True,nan,nan,False,attack,True,1.0
812b4ab4-a286-4405-9614-20804cdb1ca4,blind_public_empirical_w50,377,attack,2,attack_mixed,hiding,mixed,5.513407177687948,2.6102339930684484,True,nan,nan,False,attack,True,1.0
812b4ab4-a286-4405-9614-20804cdb1ca4,blind_public_empirical_w50,378,attack,2,attack_mixed,hiding,mixed,5.361510018139282,2.6102339930684484,True,nan,nan,False,attack,True,1.0
812b4ab4-a286-4405-9614-20804cdb1ca4,blind_public_empirical_w50,379,attack,2,attack_mixed,hiding,mixed,15.214271747620783,2.6102339930684484,True,nan,nan,False,attack,True,1.0
812b4ab4-a286-4405-9614-20804cdb1ca4,blind_public_empirical_w50,380,attack,2,attack_mixed,hiding,mixed,3.1519556848159755,2.6102339930684484,True,nan,nan,False,attack,True,1.0
812b4ab4-a286-4405-9614-20804cdb1ca4,blind_public_empirical_w50,381,attack,2,attack_mixed,hiding,mixed,12.163257124807496,2.6102339930684484,True,nan,nan,False,attack,True,1.0
812b4ab4-a286-4405-9614-20804cdb1ca4,blind_public_empirical_w50,382,attack,2,attack_mixed,hiding,mixed,4.3962767762414865,2.6102339930684484,True,nan,nan,False,attack,True,1.0
812b4ab4-a286-4405-9614-20804cdb1ca4,blind_public_empirical_w50,383,attack,2,attack_mixed,hiding,mixed,3.1579956328176957,2.6102339930684484,True,nan,nan,False,attack,True,1.0
812b4ab4-a286-4405-9614-20804cdb1ca4,blind_public_empirical_w50,384,attack,2,attack_mixed,hiding,mixed,13.761198781998731,2.6102339930684484,True,nan,nan,False,attack,True,1.0
812b4ab4-a286-4405-9614-20804cdb1ca4,blind_public_empirical_w50,385,attack,2,attack_mixed,hiding,mixed,3.71655194341147,2.6102339930684484,True,nan,nan,False,attack,True,1.0
812b4ab4-a286-4405-9614-20804cdb1ca4,blind_public_empirical_w50,386,attack,2,attack_mixed,hiding,mixed,4.405616792742912,2.6102339930684484,True,nan,nan,False,attack,True,1.0
812b4ab4-a286-4405-9614-20804cdb1ca4,blind_public_empirical_w50,387,attack,2,attack_mixed,hiding,mixed,386.1521351793515,2.6102339930684484,True,nan,nan,False,attack,True,1.0
812b4ab4-a286-4405-9614-20804cdb1ca4,blind_public_empirical_w50,388,attack,2,attack_mixed,hiding,mixed,1.4298744239329455,2.6102339930684484,False,nan,nan,False,normal,True,1.0
812b4ab4-a286-4405-9614-20804cdb1ca4,blind_public_empirical_w50,389,attack,2,attack_mixed,hiding,mixed,5.369912729319045,2.6102339930684484,True,nan,nan,False,attack,True,1.0
812b4ab4-a286-4405-9614-20804cdb1ca4,blind_public_empirical_w50,390,attack,2,attack_mixed,hiding,mixed,5.271702411827514,2.6102339930684484,True,nan,nan,False,attack,True,1.0
812b4ab4-a286-4405-9614-20804cdb1ca4,blind_public_empirical_w50,391,attack,2,attack_mixed,hiding,mixed,7.558982215196929,2.6102339930684484,True,nan,nan,False,attack,True,1.0
812b4ab4-a286-4405-9614-20804cdb1ca4,blind_public_empirical_w50,392,attack,2,attack_mixed,hiding,mixed,2.301195171155276,2.6102339930684484,False,nan,nan,False,normal,True,1.0
812b4ab4-a286-4405-9614-20804cdb1ca4,blind_public_empirical_w50,393,attack,2,attack_mixed,hiding,mixed,3.2610685657573955,2.6102339930684484,True,nan,nan,False,attack,True,1.0
812b4ab4-a286-4405-9614-20804cdb1ca4,blind_public_empirical_w50,394,attack,2,attack_mixed,hiding,mixed,4.4465497928953575,2.6102339930684484,True,nan,nan,False,attack,True,1.0
812b4ab4-a286-4405-9614-20804cdb1ca4,blind_public_empirical_w50,395,attack,2,attack_mixed,hiding,mixed,8.417613641966014,2.6102339930684484,True,nan,nan,False,attack,True,1.0
812b4ab4-a286-4405-9614-20804cdb1ca4,blind_public_empirical_w50,396,attack,2,attack_mixed,hiding,mixed,5.389136742876314,2.6102339930684484,True,nan,nan,False,attack,True,1.0
812b4ab4-a286-4405-9614-20804cdb1ca4,blind_public_empirical_w50,397,attack,2,attack_mixed,hiding,mixed,8.484522875187897,2.6102339930684484,True,nan,nan,False,attack,True,1.0
812b4ab4-a286-4405-9614-20804cdb1ca4,blind_public_empirical_w50,398,attack,2,attack_mixed,hiding,mixed,5.258019996686942,2.6102339930684484,True,nan,nan,False,attack,True,1.0
812b4ab4-a286-4405-9614-20804cdb1ca4,blind_public_empirical_w50,399,attack,2,attack_mixed,hiding,mixed,4.422532172013799,2.6102339930684484,True,nan,nan,False,attack,True,1.0
812b4ab4-a286-4405-9614-20804cdb1ca4,blind_public_empirical_w50,400,recovery,3,normal_recovery,unloaded,baseline,154.49909117015375,2.6102339930684484,True,nan,nan,False,attack,True,0.98
812b4ab4-a286-4405-9614-20804cdb1ca4,blind_public_empirical_w50,401,recovery,3,normal_recovery,unloaded,baseline,94.29782494287697,2.6102339930684484,True,nan,nan,False,attack,True,0.96
812b4ab4-a286-4405-9614-20804cdb1ca4,blind_public_empirical_w50,402,recovery,3,normal_recovery,unloaded,baseline,55.33855479452648,2.6102339930684484,True,nan,nan,False,attack,True,0.94
812b4ab4-a286-4405-9614-20804cdb1ca4,blind_public_empirical_w50,403,recovery,3,normal_recovery,unloaded,baseline,26.924279109501047,2.6102339930684484,True,nan,nan,False,attack,True,0.92
812b4ab4-a286-4405-9614-20804cdb1ca4,blind_public_empirical_w50,404,recovery,3,normal_recovery,unloaded,baseline,71.64998961707083,2.6102339930684484,True,nan,nan,False,attack,True,0.9
812b4ab4-a286-4405-9614-20804cdb1ca4,blind_public_empirical_w50,405,recovery,3,normal_recovery,unloaded,baseline,136.22832147459093,2.6102339930684484,True,nan,nan,False,attack,True,0.88
812b4ab4-a286-4405-9614-20804cdb1ca4,blind_public_empirical_w50,406,recovery,3,normal_recovery,unloaded,baseline,16.69941433096801,2.6102339930684484,True,nan,nan,False,attack,True,0.86
812b4ab4-a286-4405-9614-20804cdb1ca4,blind_public_empirical_w50,407,recovery,3,normal_recovery,unloaded,baseline,22.89592906182392,2.6102339930684484,True,nan,nan,False,attack,True,0.84
812b4ab4-a286-4405-9614-20804cdb1ca4,blind_public_empirical_w50,408,recovery,3,normal_recovery,unloaded,baseline,126.35734156333501,2.6102339930684484,True,nan,nan,False,attack,True,0.82
812b4ab4-a286-4405-9614-20804cdb1ca4,blind_public_empirical_w50,409,recovery,3,normal_recovery,unloaded,baseline,40.205121063219764,2.6102339930684484,True,nan,nan,False,attack,True,0.8
812b4ab4-a286-4405-9614-20804cdb1ca4,blind_public_empirical_w50,410,recovery,3,normal_recovery,unloaded,baseline,62.816469909024384,2.6102339930684484,True,nan,nan,False,attack,True,0.78
812b4ab4-a286-4405-9614-20804cdb1ca4,blind_public_empirical_w50,411,recovery,3,normal_recovery,unloaded,baseline,10.7040557818238,2.6102339930684484,True,nan,nan,False,attack,True,0.76
812b4ab4-a286-4405-9614-20804cdb1ca4,blind_public_empirical_w50,412,recovery,3,normal_recovery,unloaded,baseline,29.48322744924631,2.6102339930684484,True,nan,nan,False,attack,True,0.74
812b4ab4-a286-4405-9614-20804cdb1ca4,blind_public_empirical_w50,413,recovery,3,normal_recovery,unloaded,baseline,13.01753025229601,2.6102339930684484,True,nan,nan,False,attack,True,0.72
812b4ab4-a286-4405-9614-20804cdb1ca4,blind_public_empirical_w50,414,recovery,3,normal_recovery,unloaded,baseline,37.11763418136907,2.6102339930684484,True,nan,nan,False,attack,True,0.7
812b4ab4-a286-4405-9614-20804cdb1ca4,blind_public_empirical_w50,415,recovery,3,normal_recovery,unloaded,baseline,7.683359668846658,2.6102339930684484,True,nan,nan,False,attack,True,0.68
812b4ab4-a286-4405-9614-20804cdb1ca4,blind_public_empirical_w50,416,recovery,3,normal_recovery,unloaded,baseline,5.489644481961151,2.6102339930684484,True,nan,nan,False,attack,True,0.66
812b4ab4-a286-4405-9614-20804cdb1ca4,blind_public_empirical_w50,417,recovery,3,normal_recovery,unloaded,baseline,34.06127069125029,2.6102339930684484,True,nan,nan,False,attack,True,0.64
812b4ab4-a286-4405-9614-20804cdb1ca4,blind_public_empirical_w50,418,recovery,3,normal_recovery,unloaded,baseline,53.69376737658082,2.6102339930684484,True,nan,nan,False,attack,True,0.62
812b4ab4-a286-4405-9614-20804cdb1ca4,blind_public_empirical_w50,419,recovery,3,normal_recovery,unloaded,baseline,10.000682195597458,2.6102339930684484,True,nan,nan,False,attack,True,0.6
812b4ab4-a286-4405-9614-20804cdb1ca4,blind_public_empirical_w50,420,recovery,3,normal_recovery,unloaded,baseline,20.189606267269657,2.6102339930684484,True,nan,nan,False,attack,True,0.58
812b4ab4-a286-4405-9614-20804cdb1ca4,blind_public_empirical_w50,421,recovery,3,normal_recovery,unloaded,baseline,25.2150716844041,2.6102339930684484,True,nan,nan,False,attack,True,0.56
812b4ab4-a286-4405-9614-20804cdb1ca4,blind_public_empirical_w50,422,recovery,3,normal_recovery,unloaded,baseline,41.84372269097868,2.6102339930684484,True,nan,nan,False,attack,True,0.54
812b4ab4-a286-4405-9614-20804cdb1ca4,blind_public_empirical_w50,423,recovery,3,normal_recovery,unloaded,baseline,10.513257372913845,2.6102339930684484,True,nan,nan,False,attack,True,0.52
812b4ab4-a286-4405-9614-20804cdb1ca4,blind_public_empirical_w50,424,recovery,3,normal_recovery,unloaded,baseline,16.97323197119202,2.6102339930684484,True,nan,nan,False,attack,True,0.5
812b4ab4-a286-4405-9614-20804cdb1ca4,blind_public_empirical_w50,425,recovery,3,normal_recovery,unloaded,baseline,10.434620112494628,2.6102339930684484,True,nan,nan,False,attack,True,0.48
812b4ab4-a286-4405-9614-20804cdb1ca4,blind_public_empirical_w50,426,recovery,3,normal_recovery,unloaded,baseline,30.90987831794127,2.6102339930684484,True,nan,nan,False,attack,True,0.46
812b4ab4-a286-4405-9614-20804cdb1ca4,blind_public_empirical_w50,427,recovery,3,normal_recovery,unloaded,baseline,13.190922772991673,2.6102339930684484,True,nan,nan,False,attack,True,0.44
812b4ab4-a286-4405-9614-20804cdb1ca4,blind_public_empirical_w50,428,recovery,3,normal_recovery,unloaded,baseline,69.32780837916984,2.6102339930684484,True,nan,nan,False,attack,True,0.42
812b4ab4-a286-4405-9614-20804cdb1ca4,blind_public_empirical_w50,429,recovery,3,normal_recovery,unloaded,baseline,18.3689400682305,2.6102339930684484,True,nan,nan,False,attack,True,0.4
812b4ab4-a286-4405-9614-20804cdb1ca4,blind_public_empirical_w50,430,recovery,3,normal_recovery,unloaded,baseline,23.760663354796954,2.6102339930684484,True,nan,nan,False,attack,True,0.38
812b4ab4-a286-4405-9614-20804cdb1ca4,blind_public_empirical_w50,431,recovery,3,normal_recovery,unloaded,baseline,294.40291017780595,2.6102339930684484,True,nan,nan,False,attack,True,0.36
812b4ab4-a286-4405-9614-20804cdb1ca4,blind_public_empirical_w50,432,recovery,3,normal_recovery,unloaded,baseline,11.64389667986245,2.6102339930684484,True,nan,nan,False,attack,True,0.34
812b4ab4-a286-4405-9614-20804cdb1ca4,blind_public_empirical_w50,433,recovery,3,normal_recovery,unloaded,baseline,14.004145294885843,2.6102339930684484,True,nan,nan,False,attack,True,0.32
812b4ab4-a286-4405-9614-20804cdb1ca4,blind_public_empirical_w50,434,recovery,3,normal_recovery,unloaded,baseline,32.63430912485472,2.6102339930684484,True,nan,nan,False,attack,True,0.3
812b4ab4-a286-4405-9614-20804cdb1ca4,blind_public_empirical_w50,435,recovery,3,normal_recovery,unloaded,baseline,12.026922225951715,2.6102339930684484,True,nan,nan,False,attack,True,0.28
812b4ab4-a286-4405-9614-20804cdb1ca4,blind_public_empirical_w50,436,recovery,3,normal_recovery,unloaded,baseline,22.527763728862254,2.6102339930684484,True,nan,nan,False,attack,True,0.26
812b4ab4-a286-4405-9614-20804cdb1ca4,blind_public_empirical_w50,437,recovery,3,normal_recovery,unloaded,baseline,26.714574587128656,2.6102339930684484,True,nan,nan,False,attack,True,0.24
812b4ab4-a286-4405-9614-20804cdb1ca4,blind_public_empirical_w50,438,recovery,3,normal_recovery,unloaded,baseline,8.593643069008113,2.6102339930684484,True,nan,nan,False,attack,True,0.22
812b4ab4-a286-4405-9614-20804cdb1ca4,blind_public_empirical_w50,439,recovery,3,normal_recovery,unloaded,baseline,16.011225446015768,2.6102339930684484,True,nan,nan,False,attack,True,0.2
812b4ab4-a286-4405-9614-20804cdb1ca4,blind_public_empirical_w50,440,sham_control,4,sham_negative_baseline,sham,baseline,12.91714566968478,2.6102339930684484,True,nan,nan,False,attack,True,0.18
812b4ab4-a286-4405-9614-20804cdb1ca4,blind_public_empirical_w50,441,sham_control,4,sham_negative_baseline,sham,baseline,9.359064421485694,2.6102339930684484,True,nan,nan,False,attack,True,0.16
812b4ab4-a286-4405-9614-20804cdb1ca4,blind_public_empirical_w50,442,sham_control,4,sham_negative_baseline,sham,baseline,9.738306318572555,2.6102339930684484,True,nan,nan,False,attack,True,0.14
812b4ab4-a286-4405-9614-20804cdb1ca4,blind_public_empirical_w50,443,sham_control,4,sham_negative_baseline,sham,baseline,28.51339989235609,2.6102339930684484,True,nan,nan,False,attack,True,0.12
812b4ab4-a286-4405-9614-20804cdb1ca4,blind_public_empirical_w50,444,sham_control,4,sham_negative_baseline,sham,baseline,8.481199931889709,2.6102339930684484,True,nan,nan,False,attack,True,0.1
812b4ab4-a286-4405-9614-20804cdb1ca4,blind_public_empirical_w50,445,sham_control,4,sham_negative_baseline,sham,baseline,5.189275631200295,2.6102339930684484,True,nan,nan,False,attack,True,0.08
812b4ab4-a286-4405-9614-20804cdb1ca4,blind_public_empirical_w50,446,sham_control,4,sham_negative_baseline,sham,baseline,14.570753477880576,2.6102339930684484,True,nan,nan,False,attack,True,0.06
812b4ab4-a286-4405-9614-20804cdb1ca4,blind_public_empirical_w50,447,sham_control,4,sham_negative_baseline,sham,baseline,66.32948986099724,2.6102339930684484,True,nan,nan,False,attack,True,0.04
812b4ab4-a286-4405-9614-20804cdb1ca4,blind_public_empirical_w50,448,sham_control,4,sham_negative_baseline,sham,baseline,3.4810402314416655,2.6102339930684484,True,nan,nan,False,attack,True,0.02
812b4ab4-a286-4405-9614-20804cdb1ca4,blind_public_empirical_w50,449,sham_control,4,sham_negative_baseline,sham,baseline,5.5123926593110735,2.6102339930684484,True,nan,nan,False,attack,True,0.0
812b4ab4-a286-4405-9614-20804cdb1ca4,blind_public_empirical_w50,450,sham_control,4,sham_negative_cpu,sham,cpu,25.815898046074565,2.6102339930684484,True,nan,nan,False,attack,True,0.0
812b4ab4-a286-4405-9614-20804cdb1ca4,blind_public_empirical_w50,451,sham_control,4,sham_negative_cpu,sham,cpu,56.874692897373386,2.6102339930684484,True,nan,nan,False,attack,True,0.0
812b4ab4-a286-4405-9614-20804cdb1ca4,blind_public_empirical_w50,452,sham_control,4,sham_negative_cpu,sham,cpu,77.74183269057492,2.6102339930684484,True,nan,nan,False,attack,True,0.0
812b4ab4-a286-4405-9614-20804cdb1ca4,blind_public_empirical_w50,453,sham_control,4,sham_negative_cpu,sham,cpu,40.86187933363046,2.6102339930684484,True,nan,nan,False,attack,True,0.0
812b4ab4-a286-4405-9614-20804cdb1ca4,blind_public_empirical_w50,454,sham_control,4,sham_negative_cpu,sham,cpu,154.20052467712932,2.6102339930684484,True,nan,nan,False,attack,True,0.0
812b4ab4-a286-4405-9614-20804cdb1ca4,blind_public_empirical_w50,455,sham_control,4,sham_negative_cpu,sham,cpu,24.235433250440273,2.6102339930684484,True,nan,nan,False,attack,True,0.0
812b4ab4-a286-4405-9614-20804cdb1ca4,blind_public_empirical_w50,456,sham_control,4,sham_negative_cpu,sham,cpu,14.126134372461793,2.6102339930684484,True,nan,nan,False,attack,True,0.0
812b4ab4-a286-4405-9614-20804cdb1ca4,blind_public_empirical_w50,457,sham_control,4,sham_negative_cpu,sham,cpu,24.573512877024765,2.6102339930684484,True,nan,nan,False,attack,True,0.0
812b4ab4-a286-4405-9614-20804cdb1ca4,blind_public_empirical_w50,458,sham_control,4,sham_negative_cpu,sham,cpu,29.070234639359516,2.6102339930684484,True,nan,nan,False,attack,True,0.0
812b4ab4-a286-4405-9614-20804cdb1ca4,blind_public_empirical_w50,459,sham_control,4,sham_negative_cpu,sham,cpu,16.27547405786959,2.6102339930684484,True,nan,nan,False,attack,True,0.0
812b4ab4-a286-4405-9614-20804cdb1ca4,fixed_public_oas,100,normal_early,0,normal_baseline,unloaded,baseline,4.99616419361497,20.146773583634662,False,nan,nan,False,normal,False,0.0
812b4ab4-a286-4405-9614-20804cdb1ca4,fixed_public_oas,101,normal_early,0,normal_baseline,unloaded,baseline,3.018624663777894,20.146773583634662,False,nan,nan,False,normal,False,0.0
812b4ab4-a286-4405-9614-20804cdb1ca4,fixed_public_oas,102,normal_early,0,normal_baseline,unloaded,baseline,6.754515638949825,20.146773583634662,False,nan,nan,False,normal,False,0.0
812b4ab4-a286-4405-9614-20804cdb1ca4,fixed_public_oas,103,normal_early,0,normal_baseline,unloaded,baseline,4.618336473100722,20.146773583634662,False,nan,nan,False,normal,False,0.0
812b4ab4-a286-4405-9614-20804cdb1ca4,fixed_public_oas,104,normal_early,0,normal_baseline,unloaded,baseline,2.9791932322610073,20.146773583634662,False,nan,nan,False,normal,False,0.0
812b4ab4-a286-4405-9614-20804cdb1ca4,fixed_public_oas,105,normal_early,0,normal_baseline,unloaded,baseline,3.1565789708118572,20.146773583634662,False,nan,nan,False,normal,False,0.0
812b4ab4-a286-4405-9614-20804cdb1ca4,fixed_public_oas,106,normal_early,0,normal_baseline,unloaded,baseline,30.885479994645515,20.146773583634662,True,nan,nan,False,attack,False,0.0
812b4ab4-a286-4405-9614-20804cdb1ca4,fixed_public_oas,107,normal_early,0,normal_baseline,unloaded,baseline,6.985109694701487,20.146773583634662,False,nan,nan,False,normal,False,0.0
812b4ab4-a286-4405-9614-20804cdb1ca4,fixed_public_oas,108,normal_early,0,normal_baseline,unloaded,baseline,11.751983513501472,20.146773583634662,False,nan,nan,False,normal,False,0.0
812b4ab4-a286-4405-9614-20804cdb1ca4,fixed_public_oas,109,normal_early,0,normal_baseline,unloaded,baseline,13.159391418549554,20.146773583634662,False,nan,nan,False,normal,False,0.0
812b4ab4-a286-4405-9614-20804cdb1ca4,fixed_public_oas,110,normal_early,0,normal_baseline,unloaded,baseline,10.512036064816245,20.146773583634662,False,nan,nan,False,normal,False,0.0
812b4ab4-a286-4405-9614-20804cdb1ca4,fixed_public_oas,111,normal_early,0,normal_baseline,unloaded,baseline,5.916794316878967,20.146773583634662,False,nan,nan,False,normal,False,0.0
812b4ab4-a286-4405-9614-20804cdb1ca4,fixed_public_oas,112,normal_early,0,normal_baseline,unloaded,baseline,5.962629202620587,20.146773583634662,False,nan,nan,False,normal,False,0.0
812b4ab4-a286-4405-9614-20804cdb1ca4,fixed_public_oas,113,normal_early,0,normal_baseline,unloaded,baseline,2.781585781808615,20.146773583634662,False,nan,nan,False,normal,False,0.0
812b4ab4-a286-4405-9614-20804cdb1ca4,fixed_public_oas,114,normal_early,0,normal_baseline,unloaded,baseline,6.235513461628057,20.146773583634662,False,nan,nan,False,normal,False,0.0
812b4ab4-a286-4405-9614-20804cdb1ca4,fixed_public_oas,115,normal_early,0,normal_baseline,unloaded,baseline,9.917911165804705,20.146773583634662,False,nan,nan,False,normal,False,0.0
812b4ab4-a286-4405-9614-20804cdb1ca4,fixed_public_oas,116,normal_early,0,normal_baseline,unloaded,baseline,10.37492191454848,20.146773583634662,False,nan,nan,False,normal,False,0.0
812b4ab4-a286-4405-9614-20804cdb1ca4,fixed_public_oas,117,normal_early,0,normal_baseline,unloaded,baseline,6.221942042727796,20.146773583634662,False,nan,nan,False,normal,False,0.0
812b4ab4-a286-4405-9614-20804cdb1ca4,fixed_public_oas,118,normal_early,0,normal_baseline,unloaded,baseline,3.1945798391636013,20.146773583634662,False,nan,nan,False,normal,False,0.0
812b4ab4-a286-4405-9614-20804cdb1ca4,fixed_public_oas,119,normal_early,0,normal_baseline,unloaded,baseline,3.6367574626385153,20.146773583634662,False,nan,nan,False,normal,False,0.0
812b4ab4-a286-4405-9614-20804cdb1ca4,fixed_public_oas,120,normal_early,0,benign_cpu,unloaded,cpu,9.976186988499212,20.146773583634662,False,nan,nan,False,normal,False,0.0
812b4ab4-a286-4405-9614-20804cdb1ca4,fixed_public_oas,121,normal_early,0,benign_cpu,unloaded,cpu,2.6642117718478207,20.146773583634662,False,nan,nan,False,normal,False,0.0
812b4ab4-a286-4405-9614-20804cdb1ca4,fixed_public_oas,122,normal_early,0,benign_cpu,unloaded,cpu,2.8447133764101027,20.146773583634662,False,nan,nan,False,normal,False,0.0
812b4ab4-a286-4405-9614-20804cdb1ca4,fixed_public_oas,123,normal_early,0,benign_cpu,unloaded,cpu,3.0627853456302203,20.146773583634662,False,nan,nan,False,normal,False,0.0
812b4ab4-a286-4405-9614-20804cdb1ca4,fixed_public_oas,124,normal_early,0,benign_cpu,unloaded,cpu,2.795427774796553,20.146773583634662,False,nan,nan,False,normal,False,0.0
812b4ab4-a286-4405-9614-20804cdb1ca4,fixed_public_oas,125,normal_early,0,benign_cpu,unloaded,cpu,2.5807678847716415,20.146773583634662,False,nan,nan,False,normal,False,0.0
812b4ab4-a286-4405-9614-20804cdb1ca4,fixed_public_oas,126,normal_early,0,benign_cpu,unloaded,cpu,3.660048957951024,20.146773583634662,False,nan,nan,False,normal,False,0.0
812b4ab4-a286-4405-9614-20804cdb1ca4,fixed_public_oas,127,normal_early,0,benign_cpu,unloaded,cpu,1.781011869184919,20.146773583634662,False,nan,nan,False,normal,False,0.0
812b4ab4-a286-4405-9614-20804cdb1ca4,fixed_public_oas,128,normal_early,0,benign_cpu,unloaded,cpu,2.4468919537643443,20.146773583634662,False,nan,nan,False,normal,False,0.0
812b4ab4-a286-4405-9614-20804cdb1ca4,fixed_public_oas,129,normal_early,0,benign_cpu,unloaded,cpu,2.2231712323448747,20.146773583634662,False,nan,nan,False,normal,False,0.0
812b4ab4-a286-4405-9614-20804cdb1ca4,fixed_public_oas,130,normal_early,0,benign_cpu,unloaded,cpu,1.8431041887573874,20.146773583634662,False,nan,nan,False,normal,False,0.0
812b4ab4-a286-4405-9614-20804cdb1ca4,fixed_public_oas,131,normal_early,0,benign_cpu,unloaded,cpu,3.052789984477982,20.146773583634662,False,nan,nan,False,normal,False,0.0
812b4ab4-a286-4405-9614-20804cdb1ca4,fixed_public_oas,132,normal_early,0,benign_cpu,unloaded,cpu,4.223186787286688,20.146773583634662,False,nan,nan,False,normal,False,0.0
812b4ab4-a286-4405-9614-20804cdb1ca4,fixed_public_oas,133,normal_early,0,benign_cpu,unloaded,cpu,2.0518223290263293,20.146773583634662,False,nan,nan,False,normal,False,0.0
812b4ab4-a286-4405-9614-20804cdb1ca4,fixed_public_oas,134,normal_early,0,benign_cpu,unloaded,cpu,2.35183156334733,20.146773583634662,False,nan,nan,False,normal,False,0.0
812b4ab4-a286-4405-9614-20804cdb1ca4,fixed_public_oas,135,normal_early,0,benign_cpu,unloaded,cpu,1.6440164274918976,20.146773583634662,False,nan,nan,False,normal,False,0.0
812b4ab4-a286-4405-9614-20804cdb1ca4,fixed_public_oas,136,normal_early,0,benign_cpu,unloaded,cpu,1.7677146124344258,20.146773583634662,False,nan,nan,False,normal,False,0.0
812b4ab4-a286-4405-9614-20804cdb1ca4,fixed_public_oas,137,normal_early,0,benign_cpu,unloaded,cpu,3.0784798977905075,20.146773583634662,False,nan,nan,False,normal,False,0.0
812b4ab4-a286-4405-9614-20804cdb1ca4,fixed_public_oas,138,normal_early,0,benign_cpu,unloaded,cpu,2.953020624049005,20.146773583634662,False,nan,nan,False,normal,False,0.0
812b4ab4-a286-4405-9614-20804cdb1ca4,fixed_public_oas,139,normal_early,0,benign_cpu,unloaded,cpu,2.5963751111227706,20.146773583634662,False,nan,nan,False,normal,False,0.0
812b4ab4-a286-4405-9614-20804cdb1ca4,fixed_public_oas,140,normal_early,0,benign_cpu,unloaded,cpu,2.2777422839530383,20.146773583634662,False,nan,nan,False,normal,False,0.0
812b4ab4-a286-4405-9614-20804cdb1ca4,fixed_public_oas,141,normal_early,0,benign_cpu,unloaded,cpu,3.374461043035251,20.146773583634662,False,nan,nan,False,normal,False,0.0
812b4ab4-a286-4405-9614-20804cdb1ca4,fixed_public_oas,142,normal_early,0,benign_cpu,unloaded,cpu,1.6057417240291416,20.146773583634662,False,nan,nan,False,normal,False,0.0
812b4ab4-a286-4405-9614-20804cdb1ca4,fixed_public_oas,143,normal_early,0,benign_cpu,unloaded,cpu,3.9401877894377892,20.146773583634662,False,nan,nan,False,normal,False,0.0
812b4ab4-a286-4405-9614-20804cdb1ca4,fixed_public_oas,144,normal_early,0,benign_cpu,unloaded,cpu,2.752994349197282,20.146773583634662,False,nan,nan,False,normal,False,0.0
812b4ab4-a286-4405-9614-20804cdb1ca4,fixed_public_oas,145,normal_early,0,benign_cpu,unloaded,cpu,4.1056245293717275,20.146773583634662,False,nan,nan,False,normal,False,0.0
812b4ab4-a286-4405-9614-20804cdb1ca4,fixed_public_oas,146,normal_early,0,benign_cpu,unloaded,cpu,2.762097112184605,20.146773583634662,False,nan,nan,False,normal,False,0.0
812b4ab4-a286-4405-9614-20804cdb1ca4,fixed_public_oas,147,normal_early,0,benign_cpu,unloaded,cpu,2.2967267335350163,20.146773583634662,False,nan,nan,False,normal,False,0.0
812b4ab4-a286-4405-9614-20804cdb1ca4,fixed_public_oas,148,normal_early,0,benign_cpu,unloaded,cpu,2.917904145770626,20.146773583634662,False,nan,nan,False,normal,False,0.0
812b4ab4-a286-4405-9614-20804cdb1ca4,fixed_public_oas,149,normal_early,0,benign_cpu,unloaded,cpu,2.4933117942108236,20.146773583634662,False,nan,nan,False,normal,False,0.0
812b4ab4-a286-4405-9614-20804cdb1ca4,fixed_public_oas,150,normal_early,0,benign_cpu,unloaded,cpu,2.604114048892146,20.146773583634662,False,nan,nan,False,normal,False,0.0
812b4ab4-a286-4405-9614-20804cdb1ca4,fixed_public_oas,151,normal_early,0,benign_cpu,unloaded,cpu,1.7073025422178163,20.146773583634662,False,nan,nan,False,normal,False,0.0
812b4ab4-a286-4405-9614-20804cdb1ca4,fixed_public_oas,152,normal_early,0,benign_cpu,unloaded,cpu,5.204945691612573,20.146773583634662,False,nan,nan,False,normal,False,0.0
812b4ab4-a286-4405-9614-20804cdb1ca4,fixed_public_oas,153,normal_early,0,benign_cpu,unloaded,cpu,2.595256912574597,20.146773583634662,False,nan,nan,False,normal,False,0.0
812b4ab4-a286-4405-9614-20804cdb1ca4,fixed_public_oas,154,normal_early,0,benign_cpu,unloaded,cpu,2.2546460543715785,20.146773583634662,False,nan,nan,False,normal,False,0.0
812b4ab4-a286-4405-9614-20804cdb1ca4,fixed_public_oas,155,normal_early,0,benign_cpu,unloaded,cpu,3.490155071842704,20.146773583634662,False,nan,nan,False,normal,False,0.0
812b4ab4-a286-4405-9614-20804cdb1ca4,fixed_public_oas,156,normal_early,0,benign_cpu,unloaded,cpu,2.037733873858874,20.146773583634662,False,nan,nan,False,normal,False,0.0
812b4ab4-a286-4405-9614-20804cdb1ca4,fixed_public_oas,157,normal_early,0,benign_cpu,unloaded,cpu,2.942984926525024,20.146773583634662,False,nan,nan,False,normal,False,0.0
812b4ab4-a286-4405-9614-20804cdb1ca4,fixed_public_oas,158,normal_early,0,benign_cpu,unloaded,cpu,2.004114345682822,20.146773583634662,False,nan,nan,False,normal,False,0.0
812b4ab4-a286-4405-9614-20804cdb1ca4,fixed_public_oas,159,normal_early,0,benign_cpu,unloaded,cpu,4.879036440537749,20.146773583634662,False,nan,nan,False,normal,False,0.0
812b4ab4-a286-4405-9614-20804cdb1ca4,fixed_public_oas,160,normal_workloads,1,benign_memory,unloaded,memory,3.4176447959247165,20.146773583634662,False,nan,nan,False,normal,False,0.0
812b4ab4-a286-4405-9614-20804cdb1ca4,fixed_public_oas,161,normal_workloads,1,benign_memory,unloaded,memory,8.655902312423674,20.146773583634662,False,nan,nan,False,normal,False,0.0
812b4ab4-a286-4405-9614-20804cdb1ca4,fixed_public_oas,162,normal_workloads,1,benign_memory,unloaded,memory,13.273901422232006,20.146773583634662,False,nan,nan,False,normal,False,0.0
812b4ab4-a286-4405-9614-20804cdb1ca4,fixed_public_oas,163,normal_workloads,1,benign_memory,unloaded,memory,3.814928578399558,20.146773583634662,False,nan,nan,False,normal,False,0.0
812b4ab4-a286-4405-9614-20804cdb1ca4,fixed_public_oas,164,normal_workloads,1,benign_memory,unloaded,memory,5.952181828750502,20.146773583634662,False,nan,nan,False,normal,False,0.0
812b4ab4-a286-4405-9614-20804cdb1ca4,fixed_public_oas,165,normal_workloads,1,benign_memory,unloaded,memory,4.24702470239438,20.146773583634662,False,nan,nan,False,normal,False,0.0
812b4ab4-a286-4405-9614-20804cdb1ca4,fixed_public_oas,166,normal_workloads,1,benign_memory,unloaded,memory,5.594339864621162,20.146773583634662,False,nan,nan,False,normal,False,0.0
812b4ab4-a286-4405-9614-20804cdb1ca4,fixed_public_oas,167,normal_workloads,1,benign_memory,unloaded,memory,2.359950313858247,20.146773583634662,False,nan,nan,False,normal,False,0.0
812b4ab4-a286-4405-9614-20804cdb1ca4,fixed_public_oas,168,normal_workloads,1,benign_memory,unloaded,memory,8.449792837554645,20.146773583634662,False,nan,nan,False,normal,False,0.0
812b4ab4-a286-4405-9614-20804cdb1ca4,fixed_public_oas,169,normal_workloads,1,benign_memory,unloaded,memory,4.897909249143764,20.146773583634662,False,nan,nan,False,normal,False,0.0
812b4ab4-a286-4405-9614-20804cdb1ca4,fixed_public_oas,170,normal_workloads,1,benign_memory,unloaded,memory,3.7645536675061115,20.146773583634662,False,nan,nan,False,normal,False,0.0
812b4ab4-a286-4405-9614-20804cdb1ca4,fixed_public_oas,171,normal_workloads,1,benign_memory,unloaded,memory,3.6702303399756864,20.146773583634662,False,nan,nan,False,normal,False,0.0
812b4ab4-a286-4405-9614-20804cdb1ca4,fixed_public_oas,172,normal_workloads,1,benign_memory,unloaded,memory,4.897817876664926,20.146773583634662,False,nan,nan,False,normal,False,0.0
812b4ab4-a286-4405-9614-20804cdb1ca4,fixed_public_oas,173,normal_workloads,1,benign_memory,unloaded,memory,3.3754166837826802,20.146773583634662,False,nan,nan,False,normal,False,0.0
812b4ab4-a286-4405-9614-20804cdb1ca4,fixed_public_oas,174,normal_workloads,1,benign_memory,unloaded,memory,4.3686764565609195,20.146773583634662,False,nan,nan,False,normal,False,0.0
812b4ab4-a286-4405-9614-20804cdb1ca4,fixed_public_oas,175,normal_workloads,1,benign_memory,unloaded,memory,3.5257220782018575,20.146773583634662,False,nan,nan,False,normal,False,0.0
812b4ab4-a286-4405-9614-20804cdb1ca4,fixed_public_oas,176,normal_workloads,1,benign_memory,unloaded,memory,4.611448504543891,20.146773583634662,False,nan,nan,False,normal,False,0.0
812b4ab4-a286-4405-9614-20804cdb1ca4,fixed_public_oas,177,normal_workloads,1,benign_memory,unloaded,memory,5.8127092903095505,20.146773583634662,False,nan,nan,False,normal,False,0.0
812b4ab4-a286-4405-9614-20804cdb1ca4,fixed_public_oas,178,normal_workloads,1,benign_memory,unloaded,memory,3.1666678465168476,20.146773583634662,False,nan,nan,False,normal,False,0.0
812b4ab4-a286-4405-9614-20804cdb1ca4,fixed_public_oas,179,normal_workloads,1,benign_memory,unloaded,memory,5.0587264030573245,20.146773583634662,False,nan,nan,False,normal,False,0.0
812b4ab4-a286-4405-9614-20804cdb1ca4,fixed_public_oas,180,normal_workloads,1,benign_memory,unloaded,memory,3.068958859645332,20.146773583634662,False,nan,nan,False,normal,False,0.0
812b4ab4-a286-4405-9614-20804cdb1ca4,fixed_public_oas,181,normal_workloads,1,benign_memory,unloaded,memory,6.136289924601114,20.146773583634662,False,nan,nan,False,normal,False,0.0
812b4ab4-a286-4405-9614-20804cdb1ca4,fixed_public_oas,182,normal_workloads,1,benign_memory,unloaded,memory,5.9827746886674,20.146773583634662,False,nan,nan,False,normal,False,0.0
812b4ab4-a286-4405-9614-20804cdb1ca4,fixed_public_oas,183,normal_workloads,1,benign_memory,unloaded,memory,5.607829683285434,20.146773583634662,False,nan,nan,False,normal,False,0.0
812b4ab4-a286-4405-9614-20804cdb1ca4,fixed_public_oas,184,normal_workloads,1,benign_memory,unloaded,memory,5.380868182412057,20.146773583634662,False,nan,nan,False,normal,False,0.0
812b4ab4-a286-4405-9614-20804cdb1ca4,fixed_public_oas,185,normal_workloads,1,benign_memory,unloaded,memory,11.836655997530517,20.146773583634662,False,nan,nan,False,normal,False,0.0
812b4ab4-a286-4405-9614-20804cdb1ca4,fixed_public_oas,186,normal_workloads,1,benign_memory,unloaded,memory,5.132677449913485,20.146773583634662,False,nan,nan,False,normal,False,0.0
812b4ab4-a286-4405-9614-20804cdb1ca4,fixed_public_oas,187,normal_workloads,1,benign_memory,unloaded,memory,5.1438191819699375,20.146773583634662,False,nan,nan,False,normal,False,0.0
812b4ab4-a286-4405-9614-20804cdb1ca4,fixed_public_oas,188,normal_workloads,1,benign_memory,unloaded,memory,2.9613944726146517,20.146773583634662,False,nan,nan,False,normal,False,0.0
812b4ab4-a286-4405-9614-20804cdb1ca4,fixed_public_oas,189,normal_workloads,1,benign_memory,unloaded,memory,3.466694657606301,20.146773583634662,False,nan,nan,False,normal,False,0.0
812b4ab4-a286-4405-9614-20804cdb1ca4,fixed_public_oas,190,normal_workloads,1,benign_memory,unloaded,memory,145.50739776725234,20.146773583634662,True,nan,nan,False,attack,False,0.0
812b4ab4-a286-4405-9614-20804cdb1ca4,fixed_public_oas,191,normal_workloads,1,benign_memory,unloaded,memory,5.331445872181817,20.146773583634662,False,nan,nan,False,normal,False,0.0
812b4ab4-a286-4405-9614-20804cdb1ca4,fixed_public_oas,192,normal_workloads,1,benign_memory,unloaded,memory,5.000638001181288,20.146773583634662,False,nan,nan,False,normal,False,0.0
812b4ab4-a286-4405-9614-20804cdb1ca4,fixed_public_oas,193,normal_workloads,1,benign_memory,unloaded,memory,4.07774988561659,20.146773583634662,False,nan,nan,False,normal,False,0.0
812b4ab4-a286-4405-9614-20804cdb1ca4,fixed_public_oas,194,normal_workloads,1,benign_memory,unloaded,memory,4.203043748136696,20.146773583634662,False,nan,nan,False,normal,False,0.0
812b4ab4-a286-4405-9614-20804cdb1ca4,fixed_public_oas,195,normal_workloads,1,benign_memory,unloaded,memory,5.042724895740458,20.146773583634662,False,nan,nan,False,normal,False,0.0
812b4ab4-a286-4405-9614-20804cdb1ca4,fixed_public_oas,196,normal_workloads,1,benign_memory,unloaded,memory,5.57086258410371,20.146773583634662,False,nan,nan,False,normal,False,0.0
812b4ab4-a286-4405-9614-20804cdb1ca4,fixed_public_oas,197,normal_workloads,1,benign_memory,unloaded,memory,2.709706164544169,20.146773583634662,False,nan,nan,False,normal,False,0.0
812b4ab4-a286-4405-9614-20804cdb1ca4,fixed_public_oas,198,normal_workloads,1,benign_memory,unloaded,memory,2.7140983931715175,20.146773583634662,False,nan,nan,False,normal,False,0.0
812b4ab4-a286-4405-9614-20804cdb1ca4,fixed_public_oas,199,normal_workloads,1,benign_memory,unloaded,memory,2.9412863606466617,20.146773583634662,False,nan,nan,False,normal,False,0.0
812b4ab4-a286-4405-9614-20804cdb1ca4,fixed_public_oas,200,normal_workloads,1,benign_mixed,unloaded,mixed,2.393702031469825,20.146773583634662,False,nan,nan,False,normal,False,0.0
812b4ab4-a286-4405-9614-20804cdb1ca4,fixed_public_oas,201,normal_workloads,1,benign_mixed,unloaded,mixed,3.251032842175427,20.146773583634662,False,nan,nan,False,normal,False,0.0
812b4ab4-a286-4405-9614-20804cdb1ca4,fixed_public_oas,202,normal_workloads,1,benign_mixed,unloaded,mixed,1.9739692680019238,20.146773583634662,False,nan,nan,False,normal,False,0.0
812b4ab4-a286-4405-9614-20804cdb1ca4,fixed_public_oas,203,normal_workloads,1,benign_mixed,unloaded,mixed,4.878403976415113,20.146773583634662,False,nan,nan,False,normal,False,0.0
812b4ab4-a286-4405-9614-20804cdb1ca4,fixed_public_oas,204,normal_workloads,1,benign_mixed,unloaded,mixed,16.837963978846968,20.146773583634662,False,nan,nan,False,normal,False,0.0
812b4ab4-a286-4405-9614-20804cdb1ca4,fixed_public_oas,205,normal_workloads,1,benign_mixed,unloaded,mixed,1.9646301408702918,20.146773583634662,False,nan,nan,False,normal,False,0.0
812b4ab4-a286-4405-9614-20804cdb1ca4,fixed_public_oas,206,normal_workloads,1,benign_mixed,unloaded,mixed,4.107289679013839,20.146773583634662,False,nan,nan,False,normal,False,0.0
812b4ab4-a286-4405-9614-20804cdb1ca4,fixed_public_oas,207,normal_workloads,1,benign_mixed,unloaded,mixed,2.679475069194197,20.146773583634662,False,nan,nan,False,normal,False,0.0
812b4ab4-a286-4405-9614-20804cdb1ca4,fixed_public_oas,208,normal_workloads,1,benign_mixed,unloaded,mixed,2.322264795692228,20.146773583634662,False,nan,nan,False,normal,False,0.0
812b4ab4-a286-4405-9614-20804cdb1ca4,fixed_public_oas,209,normal_workloads,1,benign_mixed,unloaded,mixed,2.744953269137415,20.146773583634662,False,nan,nan,False,normal,False,0.0
812b4ab4-a286-4405-9614-20804cdb1ca4,fixed_public_oas,210,normal_workloads,1,benign_mixed,unloaded,mixed,2.8216139409452845,20.146773583634662,False,nan,nan,False,normal,False,0.0
812b4ab4-a286-4405-9614-20804cdb1ca4,fixed_public_oas,211,normal_workloads,1,benign_mixed,unloaded,mixed,1.8170630302640716,20.146773583634662,False,nan,nan,False,normal,False,0.0
812b4ab4-a286-4405-9614-20804cdb1ca4,fixed_public_oas,212,normal_workloads,1,benign_mixed,unloaded,mixed,2.6473145544835974,20.146773583634662,False,nan,nan,False,normal,False,0.0
812b4ab4-a286-4405-9614-20804cdb1ca4,fixed_public_oas,213,normal_workloads,1,benign_mixed,unloaded,mixed,2.4060165689620954,20.146773583634662,False,nan,nan,False,normal,False,0.0
812b4ab4-a286-4405-9614-20804cdb1ca4,fixed_public_oas,214,normal_workloads,1,benign_mixed,unloaded,mixed,2.8813767633554592,20.146773583634662,False,nan,nan,False,normal,False,0.0
812b4ab4-a286-4405-9614-20804cdb1ca4,fixed_public_oas,215,normal_workloads,1,benign_mixed,unloaded,mixed,1.9110969094745278,20.146773583634662,False,nan,nan,False,normal,False,0.0
812b4ab4-a286-4405-9614-20804cdb1ca4,fixed_public_oas,216,normal_workloads,1,benign_mixed,unloaded,mixed,3.0195593039844435,20.146773583634662,False,nan,nan,False,normal,False,0.0
812b4ab4-a286-4405-9614-20804cdb1ca4,fixed_public_oas,217,normal_workloads,1,benign_mixed,unloaded,mixed,2.213670884333463,20.146773583634662,False,nan,nan,False,normal,False,0.0
812b4ab4-a286-4405-9614-20804cdb1ca4,fixed_public_oas,218,normal_workloads,1,benign_mixed,unloaded,mixed,3.204835273764897,20.146773583634662,False,nan,nan,False,normal,False,0.0
812b4ab4-a286-4405-9614-20804cdb1ca4,fixed_public_oas,219,normal_workloads,1,benign_mixed,unloaded,mixed,2.0764947000570118,20.146773583634662,False,nan,nan,False,normal,False,0.0
812b4ab4-a286-4405-9614-20804cdb1ca4,fixed_public_oas,220,normal_workloads,1,benign_mixed,unloaded,mixed,2.8605573673782936,20.146773583634662,False,nan,nan,False,normal,False,0.0
812b4ab4-a286-4405-9614-20804cdb1ca4,fixed_public_oas,221,normal_workloads,1,benign_mixed,unloaded,mixed,2.48895150361859,20.146773583634662,False,nan,nan,False,normal,False,0.0
812b4ab4-a286-4405-9614-20804cdb1ca4,fixed_public_oas,222,normal_workloads,1,benign_mixed,unloaded,mixed,3.210918909801331,20.146773583634662,False,nan,nan,False,normal,False,0.0
812b4ab4-a286-4405-9614-20804cdb1ca4,fixed_public_oas,223,normal_workloads,1,benign_mixed,unloaded,mixed,1.8600049528981868,20.146773583634662,False,nan,nan,False,normal,False,0.0
812b4ab4-a286-4405-9614-20804cdb1ca4,fixed_public_oas,224,normal_workloads,1,benign_mixed,unloaded,mixed,3.2097478319987527,20.146773583634662,False,nan,nan,False,normal,False,0.0
812b4ab4-a286-4405-9614-20804cdb1ca4,fixed_public_oas,225,normal_workloads,1,benign_mixed,unloaded,mixed,2.548298474636358,20.146773583634662,False,nan,nan,False,normal,False,0.0
812b4ab4-a286-4405-9614-20804cdb1ca4,fixed_public_oas,226,normal_workloads,1,benign_mixed,unloaded,mixed,2.9233135450104317,20.146773583634662,False,nan,nan,False,normal,False,0.0
812b4ab4-a286-4405-9614-20804cdb1ca4,fixed_public_oas,227,normal_workloads,1,benign_mixed,unloaded,mixed,6.234481935364795,20.146773583634662,False,nan,nan,False,normal,False,0.0
812b4ab4-a286-4405-9614-20804cdb1ca4,fixed_public_oas,228,normal_workloads,1,benign_mixed,unloaded,mixed,41.67009440054537,20.146773583634662,True,nan,nan,False,attack,False,0.0
812b4ab4-a286-4405-9614-20804cdb1ca4,fixed_public_oas,229,normal_workloads,1,benign_mixed,unloaded,mixed,2.6567121403776217,20.146773583634662,False,nan,nan,False,normal,False,0.0
812b4ab4-a286-4405-9614-20804cdb1ca4,fixed_public_oas,230,normal_workloads,1,benign_mixed,unloaded,mixed,6.44824014708864,20.146773583634662,False,nan,nan,False,normal,False,0.0
812b4ab4-a286-4405-9614-20804cdb1ca4,fixed_public_oas,231,normal_workloads,1,benign_mixed,unloaded,mixed,2.4024505767574253,20.146773583634662,False,nan,nan,False,normal,False,0.0
812b4ab4-a286-4405-9614-20804cdb1ca4,fixed_public_oas,232,normal_workloads,1,benign_mixed,unloaded,mixed,2.27467802595939,20.146773583634662,False,nan,nan,False,normal,False,0.0
812b4ab4-a286-4405-9614-20804cdb1ca4,fixed_public_oas,233,normal_workloads,1,benign_mixed,unloaded,mixed,129.01868365496554,20.146773583634662,True,nan,nan,False,attack,False,0.0
812b4ab4-a286-4405-9614-20804cdb1ca4,fixed_public_oas,234,normal_workloads,1,benign_mixed,unloaded,mixed,2.037404430296392,20.146773583634662,False,nan,nan,False,normal,False,0.0
812b4ab4-a286-4405-9614-20804cdb1ca4,fixed_public_oas,235,normal_workloads,1,benign_mixed,unloaded,mixed,3.0029582983932057,20.146773583634662,False,nan,nan,False,normal,False,0.0
812b4ab4-a286-4405-9614-20804cdb1ca4,fixed_public_oas,236,normal_workloads,1,benign_mixed,unloaded,mixed,2.357293439838684,20.146773583634662,False,nan,nan,False,normal,False,0.0
812b4ab4-a286-4405-9614-20804cdb1ca4,fixed_public_oas,237,normal_workloads,1,benign_mixed,unloaded,mixed,2.7476393331092592,20.146773583634662,False,nan,nan,False,normal,False,0.0
812b4ab4-a286-4405-9614-20804cdb1ca4,fixed_public_oas,238,normal_workloads,1,benign_mixed,unloaded,mixed,6.133079961479584,20.146773583634662,False,nan,nan,False,normal,False,0.0
812b4ab4-a286-4405-9614-20804cdb1ca4,fixed_public_oas,239,normal_workloads,1,benign_mixed,unloaded,mixed,8.781774376870565,20.146773583634662,False,nan,nan,False,normal,False,0.0
812b4ab4-a286-4405-9614-20804cdb1ca4,fixed_public_oas,240,attack,2,attack_baseline,hiding,baseline,18.801638362554925,20.146773583634662,False,nan,nan,False,normal,False,0.0
812b4ab4-a286-4405-9614-20804cdb1ca4,fixed_public_oas,241,attack,2,attack_baseline,hiding,baseline,19.284012838413936,20.146773583634662,False,nan,nan,False,normal,False,0.0
812b4ab4-a286-4405-9614-20804cdb1ca4,fixed_public_oas,242,attack,2,attack_baseline,hiding,baseline,11.012373499273655,20.146773583634662,False,nan,nan,False,normal,False,0.0
812b4ab4-a286-4405-9614-20804cdb1ca4,fixed_public_oas,243,attack,2,attack_baseline,hiding,baseline,24.736221420437268,20.146773583634662,True,nan,nan,False,attack,False,0.0
812b4ab4-a286-4405-9614-20804cdb1ca4,fixed_public_oas,244,attack,2,attack_baseline,hiding,baseline,16.24948015089779,20.146773583634662,False,nan,nan,False,normal,False,0.0
812b4ab4-a286-4405-9614-20804cdb1ca4,fixed_public_oas,245,attack,2,attack_baseline,hiding,baseline,14.661160590108334,20.146773583634662,False,nan,nan,False,normal,False,0.0
812b4ab4-a286-4405-9614-20804cdb1ca4,fixed_public_oas,246,attack,2,attack_baseline,hiding,baseline,22.532431482024432,20.146773583634662,True,nan,nan,False,attack,False,0.0
812b4ab4-a286-4405-9614-20804cdb1ca4,fixed_public_oas,247,attack,2,attack_baseline,hiding,baseline,15.41175119066714,20.146773583634662,False,nan,nan,False,normal,False,0.0
812b4ab4-a286-4405-9614-20804cdb1ca4,fixed_public_oas,248,attack,2,attack_baseline,hiding,baseline,15.68303468243024,20.146773583634662,False,nan,nan,False,normal,False,0.0
812b4ab4-a286-4405-9614-20804cdb1ca4,fixed_public_oas,249,attack,2,attack_baseline,hiding,baseline,17.23270234499293,20.146773583634662,False,nan,nan,False,normal,False,0.0
812b4ab4-a286-4405-9614-20804cdb1ca4,fixed_public_oas,250,attack,2,attack_baseline,hiding,baseline,18.732089234225903,20.146773583634662,False,nan,nan,False,normal,False,0.0
812b4ab4-a286-4405-9614-20804cdb1ca4,fixed_public_oas,251,attack,2,attack_baseline,hiding,baseline,11.695243675111971,20.146773583634662,False,nan,nan,False,normal,False,0.0
812b4ab4-a286-4405-9614-20804cdb1ca4,fixed_public_oas,252,attack,2,attack_baseline,hiding,baseline,23.188682322046358,20.146773583634662,True,nan,nan,False,attack,False,0.0
812b4ab4-a286-4405-9614-20804cdb1ca4,fixed_public_oas,253,attack,2,attack_baseline,hiding,baseline,27.83144993202872,20.146773583634662,True,nan,nan,False,attack,False,0.0
812b4ab4-a286-4405-9614-20804cdb1ca4,fixed_public_oas,254,attack,2,attack_baseline,hiding,baseline,26.221917373889017,20.146773583634662,True,nan,nan,False,attack,False,0.0
812b4ab4-a286-4405-9614-20804cdb1ca4,fixed_public_oas,255,attack,2,attack_baseline,hiding,baseline,18.768410402919063,20.146773583634662,False,nan,nan,False,normal,False,0.0
812b4ab4-a286-4405-9614-20804cdb1ca4,fixed_public_oas,256,attack,2,attack_baseline,hiding,baseline,22.64118919137755,20.146773583634662,True,nan,nan,False,attack,False,0.0
812b4ab4-a286-4405-9614-20804cdb1ca4,fixed_public_oas,257,attack,2,attack_baseline,hiding,baseline,14.231811278754801,20.146773583634662,False,nan,nan,False,normal,False,0.0
812b4ab4-a286-4405-9614-20804cdb1ca4,fixed_public_oas,258,attack,2,attack_baseline,hiding,baseline,34.35383205401486,20.146773583634662,True,nan,nan,False,attack,False,0.0
812b4ab4-a286-4405-9614-20804cdb1ca4,fixed_public_oas,259,attack,2,attack_baseline,hiding,baseline,199.17646990113545,20.146773583634662,True,nan,nan,False,attack,False,0.0
812b4ab4-a286-4405-9614-20804cdb1ca4,fixed_public_oas,260,attack,2,attack_baseline,hiding,baseline,14.920069674350307,20.146773583634662,False,nan,nan,False,normal,False,0.0
812b4ab4-a286-4405-9614-20804cdb1ca4,fixed_public_oas,261,attack,2,attack_baseline,hiding,baseline,19.089165487184868,20.146773583634662,False,nan,nan,False,normal,False,0.0
812b4ab4-a286-4405-9614-20804cdb1ca4,fixed_public_oas,262,attack,2,attack_baseline,hiding,baseline,19.680208420899657,20.146773583634662,False,nan,nan,False,normal,False,0.0
812b4ab4-a286-4405-9614-20804cdb1ca4,fixed_public_oas,263,attack,2,attack_baseline,hiding,baseline,23.060471051561137,20.146773583634662,True,nan,nan,False,attack,False,0.0
812b4ab4-a286-4405-9614-20804cdb1ca4,fixed_public_oas,264,attack,2,attack_baseline,hiding,baseline,13.24318952089529,20.146773583634662,False,nan,nan,False,normal,False,0.0
812b4ab4-a286-4405-9614-20804cdb1ca4,fixed_public_oas,265,attack,2,attack_baseline,hiding,baseline,11.157936000886691,20.146773583634662,False,nan,nan,False,normal,False,0.0
812b4ab4-a286-4405-9614-20804cdb1ca4,fixed_public_oas,266,attack,2,attack_baseline,hiding,baseline,15.243691582880878,20.146773583634662,False,nan,nan,False,normal,False,0.0
812b4ab4-a286-4405-9614-20804cdb1ca4,fixed_public_oas,267,attack,2,attack_baseline,hiding,baseline,20.888283746403552,20.146773583634662,True,nan,nan,False,attack,False,0.0
812b4ab4-a286-4405-9614-20804cdb1ca4,fixed_public_oas,268,attack,2,attack_baseline,hiding,baseline,26.195078984131705,20.146773583634662,True,nan,nan,False,attack,False,0.0
812b4ab4-a286-4405-9614-20804cdb1ca4,fixed_public_oas,269,attack,2,attack_baseline,hiding,baseline,24.574876907922626,20.146773583634662,True,nan,nan,False,attack,False,0.0
812b4ab4-a286-4405-9614-20804cdb1ca4,fixed_public_oas,270,attack,2,attack_baseline,hiding,baseline,13.877853441881488,20.146773583634662,False,nan,nan,False,normal,False,0.0
812b4ab4-a286-4405-9614-20804cdb1ca4,fixed_public_oas,271,attack,2,attack_baseline,hiding,baseline,13.676823534331993,20.146773583634662,False,nan,nan,False,normal,False,0.0
812b4ab4-a286-4405-9614-20804cdb1ca4,fixed_public_oas,272,attack,2,attack_baseline,hiding,baseline,23.20111924963068,20.146773583634662,True,nan,nan,False,attack,False,0.0
812b4ab4-a286-4405-9614-20804cdb1ca4,fixed_public_oas,273,attack,2,attack_baseline,hiding,baseline,21.096778787032957,20.146773583634662,True,nan,nan,False,attack,False,0.0
812b4ab4-a286-4405-9614-20804cdb1ca4,fixed_public_oas,274,attack,2,attack_baseline,hiding,baseline,21.160285191335,20.146773583634662,True,nan,nan,False,attack,False,0.0
812b4ab4-a286-4405-9614-20804cdb1ca4,fixed_public_oas,275,attack,2,attack_baseline,hiding,baseline,15.518137131939028,20.146773583634662,False,nan,nan,False,normal,False,0.0
812b4ab4-a286-4405-9614-20804cdb1ca4,fixed_public_oas,276,attack,2,attack_baseline,hiding,baseline,21.099052193474385,20.146773583634662,True,nan,nan,False,attack,False,0.0
812b4ab4-a286-4405-9614-20804cdb1ca4,fixed_public_oas,277,attack,2,attack_baseline,hiding,baseline,17.603331796200443,20.146773583634662,False,nan,nan,False,normal,False,0.0
812b4ab4-a286-4405-9614-20804cdb1ca4,fixed_public_oas,278,attack,2,attack_baseline,hiding,baseline,21.47420075838732,20.146773583634662,True,nan,nan,False,attack,False,0.0
812b4ab4-a286-4405-9614-20804cdb1ca4,fixed_public_oas,279,attack,2,attack_baseline,hiding,baseline,17.88722884996719,20.146773583634662,False,nan,nan,False,normal,False,0.0
812b4ab4-a286-4405-9614-20804cdb1ca4,fixed_public_oas,280,attack,2,attack_cpu,hiding,cpu,20.294634250069162,20.146773583634662,True,nan,nan,False,attack,False,0.0
812b4ab4-a286-4405-9614-20804cdb1ca4,fixed_public_oas,281,attack,2,attack_cpu,hiding,cpu,25.287684346058487,20.146773583634662,True,nan,nan,False,attack,False,0.0
812b4ab4-a286-4405-9614-20804cdb1ca4,fixed_public_oas,282,attack,2,attack_cpu,hiding,cpu,25.142765146848177,20.146773583634662,True,nan,nan,False,attack,False,0.0
812b4ab4-a286-4405-9614-20804cdb1ca4,fixed_public_oas,283,attack,2,attack_cpu,hiding,cpu,24.904707973250424,20.146773583634662,True,nan,nan,False,attack,False,0.0
812b4ab4-a286-4405-9614-20804cdb1ca4,fixed_public_oas,284,attack,2,attack_cpu,hiding,cpu,21.164341996288968,20.146773583634662,True,nan,nan,False,attack,False,0.0
812b4ab4-a286-4405-9614-20804cdb1ca4,fixed_public_oas,285,attack,2,attack_cpu,hiding,cpu,21.39404262670036,20.146773583634662,True,nan,nan,False,attack,False,0.0
812b4ab4-a286-4405-9614-20804cdb1ca4,fixed_public_oas,286,attack,2,attack_cpu,hiding,cpu,32.87249118176552,20.146773583634662,True,nan,nan,False,attack,False,0.0
812b4ab4-a286-4405-9614-20804cdb1ca4,fixed_public_oas,287,attack,2,attack_cpu,hiding,cpu,26.503239309816202,20.146773583634662,True,nan,nan,False,attack,False,0.0
812b4ab4-a286-4405-9614-20804cdb1ca4,fixed_public_oas,288,attack,2,attack_cpu,hiding,cpu,105.31340412371935,20.146773583634662,True,nan,nan,False,attack,False,0.0
812b4ab4-a286-4405-9614-20804cdb1ca4,fixed_public_oas,289,attack,2,attack_cpu,hiding,cpu,21.906990189920926,20.146773583634662,True,nan,nan,False,attack,False,0.0
812b4ab4-a286-4405-9614-20804cdb1ca4,fixed_public_oas,290,attack,2,attack_cpu,hiding,cpu,18.837176199561856,20.146773583634662,False,nan,nan,False,normal,False,0.0
812b4ab4-a286-4405-9614-20804cdb1ca4,fixed_public_oas,291,attack,2,attack_cpu,hiding,cpu,19.27566470775062,20.146773583634662,False,nan,nan,False,normal,False,0.0
812b4ab4-a286-4405-9614-20804cdb1ca4,fixed_public_oas,292,attack,2,attack_cpu,hiding,cpu,21.624534691176393,20.146773583634662,True,nan,nan,False,attack,False,0.0
812b4ab4-a286-4405-9614-20804cdb1ca4,fixed_public_oas,293,attack,2,attack_cpu,hiding,cpu,27.607507556554786,20.146773583634662,True,nan,nan,False,attack,False,0.0
812b4ab4-a286-4405-9614-20804cdb1ca4,fixed_public_oas,294,attack,2,attack_cpu,hiding,cpu,32.52449598168938,20.146773583634662,True,nan,nan,False,attack,False,0.0
812b4ab4-a286-4405-9614-20804cdb1ca4,fixed_public_oas,295,attack,2,attack_cpu,hiding,cpu,21.776322975759967,20.146773583634662,True,nan,nan,False,attack,False,0.0
812b4ab4-a286-4405-9614-20804cdb1ca4,fixed_public_oas,296,attack,2,attack_cpu,hiding,cpu,40.02455412138936,20.146773583634662,True,nan,nan,False,attack,False,0.0
812b4ab4-a286-4405-9614-20804cdb1ca4,fixed_public_oas,297,attack,2,attack_cpu,hiding,cpu,23.662982928112687,20.146773583634662,True,nan,nan,False,attack,False,0.0
812b4ab4-a286-4405-9614-20804cdb1ca4,fixed_public_oas,298,attack,2,attack_cpu,hiding,cpu,26.1904946514608,20.146773583634662,True,nan,nan,False,attack,False,0.0
812b4ab4-a286-4405-9614-20804cdb1ca4,fixed_public_oas,299,attack,2,attack_cpu,hiding,cpu,26.0940566734249,20.146773583634662,True,nan,nan,False,attack,False,0.0
812b4ab4-a286-4405-9614-20804cdb1ca4,fixed_public_oas,300,attack,2,attack_cpu,hiding,cpu,27.80675259767554,20.146773583634662,True,nan,nan,False,attack,False,0.0
812b4ab4-a286-4405-9614-20804cdb1ca4,fixed_public_oas,301,attack,2,attack_cpu,hiding,cpu,22.67867437011865,20.146773583634662,True,nan,nan,False,attack,False,0.0
812b4ab4-a286-4405-9614-20804cdb1ca4,fixed_public_oas,302,attack,2,attack_cpu,hiding,cpu,29.188607870361842,20.146773583634662,True,nan,nan,False,attack,False,0.0
812b4ab4-a286-4405-9614-20804cdb1ca4,fixed_public_oas,303,attack,2,attack_cpu,hiding,cpu,29.64113193471157,20.146773583634662,True,nan,nan,False,attack,False,0.0
812b4ab4-a286-4405-9614-20804cdb1ca4,fixed_public_oas,304,attack,2,attack_cpu,hiding,cpu,29.271756318561497,20.146773583634662,True,nan,nan,False,attack,False,0.0
812b4ab4-a286-4405-9614-20804cdb1ca4,fixed_public_oas,305,attack,2,attack_cpu,hiding,cpu,27.117944586708543,20.146773583634662,True,nan,nan,False,attack,False,0.0
812b4ab4-a286-4405-9614-20804cdb1ca4,fixed_public_oas,306,attack,2,attack_cpu,hiding,cpu,19.596605333938367,20.146773583634662,False,nan,nan,False,normal,False,0.0
812b4ab4-a286-4405-9614-20804cdb1ca4,fixed_public_oas,307,attack,2,attack_cpu,hiding,cpu,19.66021204274122,20.146773583634662,False,nan,nan,False,normal,False,0.0
812b4ab4-a286-4405-9614-20804cdb1ca4,fixed_public_oas,308,attack,2,attack_cpu,hiding,cpu,20.748481758579707,20.146773583634662,True,nan,nan,False,attack,False,0.0
812b4ab4-a286-4405-9614-20804cdb1ca4,fixed_public_oas,309,attack,2,attack_cpu,hiding,cpu,27.731205540526624,20.146773583634662,True,nan,nan,False,attack,False,0.0
812b4ab4-a286-4405-9614-20804cdb1ca4,fixed_public_oas,310,attack,2,attack_cpu,hiding,cpu,17.080254622405004,20.146773583634662,False,nan,nan,False,normal,False,0.0
812b4ab4-a286-4405-9614-20804cdb1ca4,fixed_public_oas,311,attack,2,attack_cpu,hiding,cpu,25.043868745785204,20.146773583634662,True,nan,nan,False,attack,False,0.0
812b4ab4-a286-4405-9614-20804cdb1ca4,fixed_public_oas,312,attack,2,attack_cpu,hiding,cpu,19.537600505824187,20.146773583634662,False,nan,nan,False,normal,False,0.0
812b4ab4-a286-4405-9614-20804cdb1ca4,fixed_public_oas,313,attack,2,attack_cpu,hiding,cpu,23.5385169590336,20.146773583634662,True,nan,nan,False,attack,False,0.0
812b4ab4-a286-4405-9614-20804cdb1ca4,fixed_public_oas,314,attack,2,attack_cpu,hiding,cpu,28.027784359372735,20.146773583634662,True,nan,nan,False,attack,False,0.0
812b4ab4-a286-4405-9614-20804cdb1ca4,fixed_public_oas,315,attack,2,attack_cpu,hiding,cpu,25.848564375041185,20.146773583634662,True,nan,nan,False,attack,False,0.0
812b4ab4-a286-4405-9614-20804cdb1ca4,fixed_public_oas,316,attack,2,attack_cpu,hiding,cpu,23.880193637411022,20.146773583634662,True,nan,nan,False,attack,False,0.0
812b4ab4-a286-4405-9614-20804cdb1ca4,fixed_public_oas,317,attack,2,attack_cpu,hiding,cpu,31.7019114988393,20.146773583634662,True,nan,nan,False,attack,False,0.0
812b4ab4-a286-4405-9614-20804cdb1ca4,fixed_public_oas,318,attack,2,attack_cpu,hiding,cpu,28.408125752552316,20.146773583634662,True,nan,nan,False,attack,False,0.0
812b4ab4-a286-4405-9614-20804cdb1ca4,fixed_public_oas,319,attack,2,attack_cpu,hiding,cpu,24.121687216610336,20.146773583634662,True,nan,nan,False,attack,False,0.0
812b4ab4-a286-4405-9614-20804cdb1ca4,fixed_public_oas,320,attack,2,attack_memory,hiding,memory,33.187827001287765,20.146773583634662,True,nan,nan,False,attack,False,0.0
812b4ab4-a286-4405-9614-20804cdb1ca4,fixed_public_oas,321,attack,2,attack_memory,hiding,memory,22.50025401709283,20.146773583634662,True,nan,nan,False,attack,False,0.0
812b4ab4-a286-4405-9614-20804cdb1ca4,fixed_public_oas,322,attack,2,attack_memory,hiding,memory,12.860443239170896,20.146773583634662,False,nan,nan,False,normal,False,0.0
812b4ab4-a286-4405-9614-20804cdb1ca4,fixed_public_oas,323,attack,2,attack_memory,hiding,memory,19.885720864098076,20.146773583634662,False,nan,nan,False,normal,False,0.0
812b4ab4-a286-4405-9614-20804cdb1ca4,fixed_public_oas,324,attack,2,attack_memory,hiding,memory,16.823316310478862,20.146773583634662,False,nan,nan,False,normal,False,0.0
812b4ab4-a286-4405-9614-20804cdb1ca4,fixed_public_oas,325,attack,2,attack_memory,hiding,memory,26.585924272833,20.146773583634662,True,nan,nan,False,attack,False,0.0
812b4ab4-a286-4405-9614-20804cdb1ca4,fixed_public_oas,326,attack,2,attack_memory,hiding,memory,18.511033760465136,20.146773583634662,False,nan,nan,False,normal,False,0.0
812b4ab4-a286-4405-9614-20804cdb1ca4,fixed_public_oas,327,attack,2,attack_memory,hiding,memory,17.773433947120136,20.146773583634662,False,nan,nan,False,normal,False,0.0
812b4ab4-a286-4405-9614-20804cdb1ca4,fixed_public_oas,328,attack,2,attack_memory,hiding,memory,36.7429350254605,20.146773583634662,True,nan,nan,False,attack,False,0.0
812b4ab4-a286-4405-9614-20804cdb1ca4,fixed_public_oas,329,attack,2,attack_memory,hiding,memory,15.022266633855804,20.146773583634662,False,nan,nan,False,normal,False,0.0
812b4ab4-a286-4405-9614-20804cdb1ca4,fixed_public_oas,330,attack,2,attack_memory,hiding,memory,27.792318839169717,20.146773583634662,True,nan,nan,False,attack,False,0.0
812b4ab4-a286-4405-9614-20804cdb1ca4,fixed_public_oas,331,attack,2,attack_memory,hiding,memory,19.309778403778072,20.146773583634662,False,nan,nan,False,normal,False,0.0
812b4ab4-a286-4405-9614-20804cdb1ca4,fixed_public_oas,332,attack,2,attack_memory,hiding,memory,17.93149114767712,20.146773583634662,False,nan,nan,False,normal,False,0.0
812b4ab4-a286-4405-9614-20804cdb1ca4,fixed_public_oas,333,attack,2,attack_memory,hiding,memory,24.95185940119765,20.146773583634662,True,nan,nan,False,attack,False,0.0
812b4ab4-a286-4405-9614-20804cdb1ca4,fixed_public_oas,334,attack,2,attack_memory,hiding,memory,26.57736775804491,20.146773583634662,True,nan,nan,False,attack,False,0.0
812b4ab4-a286-4405-9614-20804cdb1ca4,fixed_public_oas,335,attack,2,attack_memory,hiding,memory,15.526116849442554,20.146773583634662,False,nan,nan,False,normal,False,0.0
812b4ab4-a286-4405-9614-20804cdb1ca4,fixed_public_oas,336,attack,2,attack_memory,hiding,memory,18.276663951751583,20.146773583634662,False,nan,nan,False,normal,False,0.0
812b4ab4-a286-4405-9614-20804cdb1ca4,fixed_public_oas,337,attack,2,attack_memory,hiding,memory,38.364819783894575,20.146773583634662,True,nan,nan,False,attack,False,0.0
812b4ab4-a286-4405-9614-20804cdb1ca4,fixed_public_oas,338,attack,2,attack_memory,hiding,memory,18.564865898908856,20.146773583634662,False,nan,nan,False,normal,False,0.0
812b4ab4-a286-4405-9614-20804cdb1ca4,fixed_public_oas,339,attack,2,attack_memory,hiding,memory,29.56648746655539,20.146773583634662,True,nan,nan,False,attack,False,0.0
812b4ab4-a286-4405-9614-20804cdb1ca4,fixed_public_oas,340,attack,2,attack_memory,hiding,memory,19.117190664355913,20.146773583634662,False,nan,nan,False,normal,False,0.0
812b4ab4-a286-4405-9614-20804cdb1ca4,fixed_public_oas,341,attack,2,attack_memory,hiding,memory,17.00454164527134,20.146773583634662,False,nan,nan,False,normal,False,0.0
812b4ab4-a286-4405-9614-20804cdb1ca4,fixed_public_oas,342,attack,2,attack_memory,hiding,memory,23.190504450445864,20.146773583634662,True,nan,nan,False,attack,False,0.0
812b4ab4-a286-4405-9614-20804cdb1ca4,fixed_public_oas,343,attack,2,attack_memory,hiding,memory,19.18578060531445,20.146773583634662,False,nan,nan,False,normal,False,0.0
812b4ab4-a286-4405-9614-20804cdb1ca4,fixed_public_oas,344,attack,2,attack_memory,hiding,memory,18.430411169955406,20.146773583634662,False,nan,nan,False,normal,False,0.0
812b4ab4-a286-4405-9614-20804cdb1ca4,fixed_public_oas,345,attack,2,attack_memory,hiding,memory,19.696586022626775,20.146773583634662,False,nan,nan,False,normal,False,0.0
812b4ab4-a286-4405-9614-20804cdb1ca4,fixed_public_oas,346,attack,2,attack_memory,hiding,memory,27.731483400964354,20.146773583634662,True,nan,nan,False,attack,False,0.0
812b4ab4-a286-4405-9614-20804cdb1ca4,fixed_public_oas,347,attack,2,attack_memory,hiding,memory,23.038227471818136,20.146773583634662,True,nan,nan,False,attack,False,0.0
812b4ab4-a286-4405-9614-20804cdb1ca4,fixed_public_oas,348,attack,2,attack_memory,hiding,memory,22.588942751567334,20.146773583634662,True,nan,nan,False,attack,False,0.0
812b4ab4-a286-4405-9614-20804cdb1ca4,fixed_public_oas,349,attack,2,attack_memory,hiding,memory,24.943193140558108,20.146773583634662,True,nan,nan,False,attack,False,0.0
812b4ab4-a286-4405-9614-20804cdb1ca4,fixed_public_oas,350,attack,2,attack_memory,hiding,memory,18.82506412890523,20.146773583634662,False,nan,nan,False,normal,False,0.0
812b4ab4-a286-4405-9614-20804cdb1ca4,fixed_public_oas,351,attack,2,attack_memory,hiding,memory,55.94240202809249,20.146773583634662,True,nan,nan,False,attack,False,0.0
812b4ab4-a286-4405-9614-20804cdb1ca4,fixed_public_oas,352,attack,2,attack_memory,hiding,memory,17.565397416677744,20.146773583634662,False,nan,nan,False,normal,False,0.0
812b4ab4-a286-4405-9614-20804cdb1ca4,fixed_public_oas,353,attack,2,attack_memory,hiding,memory,27.732363348162814,20.146773583634662,True,nan,nan,False,attack,False,0.0
812b4ab4-a286-4405-9614-20804cdb1ca4,fixed_public_oas,354,attack,2,attack_memory,hiding,memory,16.464779705624977,20.146773583634662,False,nan,nan,False,normal,False,0.0
812b4ab4-a286-4405-9614-20804cdb1ca4,fixed_public_oas,355,attack,2,attack_memory,hiding,memory,23.455857058141575,20.146773583634662,True,nan,nan,False,attack,False,0.0
812b4ab4-a286-4405-9614-20804cdb1ca4,fixed_public_oas,356,attack,2,attack_memory,hiding,memory,22.174557967265105,20.146773583634662,True,nan,nan,False,attack,False,0.0
812b4ab4-a286-4405-9614-20804cdb1ca4,fixed_public_oas,357,attack,2,attack_memory,hiding,memory,23.356431333610406,20.146773583634662,True,nan,nan,False,attack,False,0.0
812b4ab4-a286-4405-9614-20804cdb1ca4,fixed_public_oas,358,attack,2,attack_memory,hiding,memory,18.443006183382742,20.146773583634662,False,nan,nan,False,normal,False,0.0
812b4ab4-a286-4405-9614-20804cdb1ca4,fixed_public_oas,359,attack,2,attack_memory,hiding,memory,17.576972657164067,20.146773583634662,False,nan,nan,False,normal,False,0.0
812b4ab4-a286-4405-9614-20804cdb1ca4,fixed_public_oas,360,attack,2,attack_mixed,hiding,mixed,24.450131040563047,20.146773583634662,True,nan,nan,False,attack,False,0.0
812b4ab4-a286-4405-9614-20804cdb1ca4,fixed_public_oas,361,attack,2,attack_mixed,hiding,mixed,21.01544378901753,20.146773583634662,True,nan,nan,False,attack,False,0.0
812b4ab4-a286-4405-9614-20804cdb1ca4,fixed_public_oas,362,attack,2,attack_mixed,hiding,mixed,21.537266024603316,20.146773583634662,True,nan,nan,False,attack,False,0.0
812b4ab4-a286-4405-9614-20804cdb1ca4,fixed_public_oas,363,attack,2,attack_mixed,hiding,mixed,26.979702173569763,20.146773583634662,True,nan,nan,False,attack,False,0.0
812b4ab4-a286-4405-9614-20804cdb1ca4,fixed_public_oas,364,attack,2,attack_mixed,hiding,mixed,27.053206802843167,20.146773583634662,True,nan,nan,False,attack,False,0.0
812b4ab4-a286-4405-9614-20804cdb1ca4,fixed_public_oas,365,attack,2,attack_mixed,hiding,mixed,23.847769860106354,20.146773583634662,True,nan,nan,False,attack,False,0.0
812b4ab4-a286-4405-9614-20804cdb1ca4,fixed_public_oas,366,attack,2,attack_mixed,hiding,mixed,26.554366291164992,20.146773583634662,True,nan,nan,False,attack,False,0.0
812b4ab4-a286-4405-9614-20804cdb1ca4,fixed_public_oas,367,attack,2,attack_mixed,hiding,mixed,25.375506663962533,20.146773583634662,True,nan,nan,False,attack,False,0.0
812b4ab4-a286-4405-9614-20804cdb1ca4,fixed_public_oas,368,attack,2,attack_mixed,hiding,mixed,23.29665832564786,20.146773583634662,True,nan,nan,False,attack,False,0.0
812b4ab4-a286-4405-9614-20804cdb1ca4,fixed_public_oas,369,attack,2,attack_mixed,hiding,mixed,22.873405029108316,20.146773583634662,True,nan,nan,False,attack,False,0.0
812b4ab4-a286-4405-9614-20804cdb1ca4,fixed_public_oas,370,attack,2,attack_mixed,hiding,mixed,22.15562165293909,20.146773583634662,True,nan,nan,False,attack,False,0.0
812b4ab4-a286-4405-9614-20804cdb1ca4,fixed_public_oas,371,attack,2,attack_mixed,hiding,mixed,23.96980644900268,20.146773583634662,True,nan,nan,False,attack,False,0.0
812b4ab4-a286-4405-9614-20804cdb1ca4,fixed_public_oas,372,attack,2,attack_mixed,hiding,mixed,23.16388240279434,20.146773583634662,True,nan,nan,False,attack,False,0.0
812b4ab4-a286-4405-9614-20804cdb1ca4,fixed_public_oas,373,attack,2,attack_mixed,hiding,mixed,108.1824220530776,20.146773583634662,True,nan,nan,False,attack,False,0.0
812b4ab4-a286-4405-9614-20804cdb1ca4,fixed_public_oas,374,attack,2,attack_mixed,hiding,mixed,4682.826971235113,20.146773583634662,True,nan,nan,False,attack,False,0.0
812b4ab4-a286-4405-9614-20804cdb1ca4,fixed_public_oas,375,attack,2,attack_mixed,hiding,mixed,27.700117646042635,20.146773583634662,True,nan,nan,False,attack,False,0.0
812b4ab4-a286-4405-9614-20804cdb1ca4,fixed_public_oas,376,attack,2,attack_mixed,hiding,mixed,22.539704664629454,20.146773583634662,True,nan,nan,False,attack,False,0.0
812b4ab4-a286-4405-9614-20804cdb1ca4,fixed_public_oas,377,attack,2,attack_mixed,hiding,mixed,17.55382931598828,20.146773583634662,False,nan,nan,False,normal,False,0.0
812b4ab4-a286-4405-9614-20804cdb1ca4,fixed_public_oas,378,attack,2,attack_mixed,hiding,mixed,29.028309396996328,20.146773583634662,True,nan,nan,False,attack,False,0.0
812b4ab4-a286-4405-9614-20804cdb1ca4,fixed_public_oas,379,attack,2,attack_mixed,hiding,mixed,17.91947279882765,20.146773583634662,False,nan,nan,False,normal,False,0.0
812b4ab4-a286-4405-9614-20804cdb1ca4,fixed_public_oas,380,attack,2,attack_mixed,hiding,mixed,20.44885929873219,20.146773583634662,True,nan,nan,False,attack,False,0.0
812b4ab4-a286-4405-9614-20804cdb1ca4,fixed_public_oas,381,attack,2,attack_mixed,hiding,mixed,19.012756676589284,20.146773583634662,False,nan,nan,False,normal,False,0.0
812b4ab4-a286-4405-9614-20804cdb1ca4,fixed_public_oas,382,attack,2,attack_mixed,hiding,mixed,22.041907406452772,20.146773583634662,True,nan,nan,False,attack,False,0.0
812b4ab4-a286-4405-9614-20804cdb1ca4,fixed_public_oas,383,attack,2,attack_mixed,hiding,mixed,23.449780794024996,20.146773583634662,True,nan,nan,False,attack,False,0.0
812b4ab4-a286-4405-9614-20804cdb1ca4,fixed_public_oas,384,attack,2,attack_mixed,hiding,mixed,25.212836758671763,20.146773583634662,True,nan,nan,False,attack,False,0.0
812b4ab4-a286-4405-9614-20804cdb1ca4,fixed_public_oas,385,attack,2,attack_mixed,hiding,mixed,21.4234779534598,20.146773583634662,True,nan,nan,False,attack,False,0.0
812b4ab4-a286-4405-9614-20804cdb1ca4,fixed_public_oas,386,attack,2,attack_mixed,hiding,mixed,28.17953547861498,20.146773583634662,True,nan,nan,False,attack,False,0.0
812b4ab4-a286-4405-9614-20804cdb1ca4,fixed_public_oas,387,attack,2,attack_mixed,hiding,mixed,7365.5815069129285,20.146773583634662,True,nan,nan,False,attack,False,0.0
812b4ab4-a286-4405-9614-20804cdb1ca4,fixed_public_oas,388,attack,2,attack_mixed,hiding,mixed,20.326160138537162,20.146773583634662,True,nan,nan,False,attack,False,0.0
812b4ab4-a286-4405-9614-20804cdb1ca4,fixed_public_oas,389,attack,2,attack_mixed,hiding,mixed,23.6142784470571,20.146773583634662,True,nan,nan,False,attack,False,0.0
812b4ab4-a286-4405-9614-20804cdb1ca4,fixed_public_oas,390,attack,2,attack_mixed,hiding,mixed,19.435898794916874,20.146773583634662,False,nan,nan,False,normal,False,0.0
812b4ab4-a286-4405-9614-20804cdb1ca4,fixed_public_oas,391,attack,2,attack_mixed,hiding,mixed,20.489528771983892,20.146773583634662,True,nan,nan,False,attack,False,0.0
812b4ab4-a286-4405-9614-20804cdb1ca4,fixed_public_oas,392,attack,2,attack_mixed,hiding,mixed,21.0622414651293,20.146773583634662,True,nan,nan,False,attack,False,0.0
812b4ab4-a286-4405-9614-20804cdb1ca4,fixed_public_oas,393,attack,2,attack_mixed,hiding,mixed,25.416245611784674,20.146773583634662,True,nan,nan,False,attack,False,0.0
812b4ab4-a286-4405-9614-20804cdb1ca4,fixed_public_oas,394,attack,2,attack_mixed,hiding,mixed,23.052028018973015,20.146773583634662,True,nan,nan,False,attack,False,0.0
812b4ab4-a286-4405-9614-20804cdb1ca4,fixed_public_oas,395,attack,2,attack_mixed,hiding,mixed,21.211047952555138,20.146773583634662,True,nan,nan,False,attack,False,0.0
812b4ab4-a286-4405-9614-20804cdb1ca4,fixed_public_oas,396,attack,2,attack_mixed,hiding,mixed,24.456052380194873,20.146773583634662,True,nan,nan,False,attack,False,0.0
812b4ab4-a286-4405-9614-20804cdb1ca4,fixed_public_oas,397,attack,2,attack_mixed,hiding,mixed,31.0746913684471,20.146773583634662,True,nan,nan,False,attack,False,0.0
812b4ab4-a286-4405-9614-20804cdb1ca4,fixed_public_oas,398,attack,2,attack_mixed,hiding,mixed,25.228402180872802,20.146773583634662,True,nan,nan,False,attack,False,0.0
812b4ab4-a286-4405-9614-20804cdb1ca4,fixed_public_oas,399,attack,2,attack_mixed,hiding,mixed,23.480758792929713,20.146773583634662,True,nan,nan,False,attack,False,0.0
812b4ab4-a286-4405-9614-20804cdb1ca4,fixed_public_oas,400,recovery,3,normal_recovery,unloaded,baseline,10.018519851867866,20.146773583634662,False,nan,nan,False,normal,False,0.0
812b4ab4-a286-4405-9614-20804cdb1ca4,fixed_public_oas,401,recovery,3,normal_recovery,unloaded,baseline,6.093697973041294,20.146773583634662,False,nan,nan,False,normal,False,0.0
812b4ab4-a286-4405-9614-20804cdb1ca4,fixed_public_oas,402,recovery,3,normal_recovery,unloaded,baseline,3.8083024009918893,20.146773583634662,False,nan,nan,False,normal,False,0.0
812b4ab4-a286-4405-9614-20804cdb1ca4,fixed_public_oas,403,recovery,3,normal_recovery,unloaded,baseline,4.9270488324582224,20.146773583634662,False,nan,nan,False,normal,False,0.0
812b4ab4-a286-4405-9614-20804cdb1ca4,fixed_public_oas,404,recovery,3,normal_recovery,unloaded,baseline,8.893932432471862,20.146773583634662,False,nan,nan,False,normal,False,0.0
812b4ab4-a286-4405-9614-20804cdb1ca4,fixed_public_oas,405,recovery,3,normal_recovery,unloaded,baseline,14.380935127059875,20.146773583634662,False,nan,nan,False,normal,False,0.0
812b4ab4-a286-4405-9614-20804cdb1ca4,fixed_public_oas,406,recovery,3,normal_recovery,unloaded,baseline,2.3505242444746886,20.146773583634662,False,nan,nan,False,normal,False,0.0
812b4ab4-a286-4405-9614-20804cdb1ca4,fixed_public_oas,407,recovery,3,normal_recovery,unloaded,baseline,7.674031020202803,20.146773583634662,False,nan,nan,False,normal,False,0.0
812b4ab4-a286-4405-9614-20804cdb1ca4,fixed_public_oas,408,recovery,3,normal_recovery,unloaded,baseline,14.763357988296994,20.146773583634662,False,nan,nan,False,normal,False,0.0
812b4ab4-a286-4405-9614-20804cdb1ca4,fixed_public_oas,409,recovery,3,normal_recovery,unloaded,baseline,6.13024567621583,20.146773583634662,False,nan,nan,False,normal,False,0.0
812b4ab4-a286-4405-9614-20804cdb1ca4,fixed_public_oas,410,recovery,3,normal_recovery,unloaded,baseline,7.915324794299217,20.146773583634662,False,nan,nan,False,normal,False,0.0
812b4ab4-a286-4405-9614-20804cdb1ca4,fixed_public_oas,411,recovery,3,normal_recovery,unloaded,baseline,4.513812229812343,20.146773583634662,False,nan,nan,False,normal,False,0.0
812b4ab4-a286-4405-9614-20804cdb1ca4,fixed_public_oas,412,recovery,3,normal_recovery,unloaded,baseline,6.148170779944621,20.146773583634662,False,nan,nan,False,normal,False,0.0
812b4ab4-a286-4405-9614-20804cdb1ca4,fixed_public_oas,413,recovery,3,normal_recovery,unloaded,baseline,4.973518629023626,20.146773583634662,False,nan,nan,False,normal,False,0.0
812b4ab4-a286-4405-9614-20804cdb1ca4,fixed_public_oas,414,recovery,3,normal_recovery,unloaded,baseline,6.86779133679214,20.146773583634662,False,nan,nan,False,normal,False,0.0
812b4ab4-a286-4405-9614-20804cdb1ca4,fixed_public_oas,415,recovery,3,normal_recovery,unloaded,baseline,2.4412967122993425,20.146773583634662,False,nan,nan,False,normal,False,0.0
812b4ab4-a286-4405-9614-20804cdb1ca4,fixed_public_oas,416,recovery,3,normal_recovery,unloaded,baseline,0.9012174085192114,20.146773583634662,False,nan,nan,False,normal,False,0.0
812b4ab4-a286-4405-9614-20804cdb1ca4,fixed_public_oas,417,recovery,3,normal_recovery,unloaded,baseline,3.654393145376932,20.146773583634662,False,nan,nan,False,normal,False,0.0
812b4ab4-a286-4405-9614-20804cdb1ca4,fixed_public_oas,418,recovery,3,normal_recovery,unloaded,baseline,3.9673719155037896,20.146773583634662,False,nan,nan,False,normal,False,0.0
812b4ab4-a286-4405-9614-20804cdb1ca4,fixed_public_oas,419,recovery,3,normal_recovery,unloaded,baseline,3.056145150403476,20.146773583634662,False,nan,nan,False,normal,False,0.0
812b4ab4-a286-4405-9614-20804cdb1ca4,fixed_public_oas,420,recovery,3,normal_recovery,unloaded,baseline,6.896416409596697,20.146773583634662,False,nan,nan,False,normal,False,0.0
812b4ab4-a286-4405-9614-20804cdb1ca4,fixed_public_oas,421,recovery,3,normal_recovery,unloaded,baseline,9.783039868970599,20.146773583634662,False,nan,nan,False,normal,False,0.0
812b4ab4-a286-4405-9614-20804cdb1ca4,fixed_public_oas,422,recovery,3,normal_recovery,unloaded,baseline,7.595465126179112,20.146773583634662,False,nan,nan,False,normal,False,0.0
812b4ab4-a286-4405-9614-20804cdb1ca4,fixed_public_oas,423,recovery,3,normal_recovery,unloaded,baseline,4.214697901235735,20.146773583634662,False,nan,nan,False,normal,False,0.0
812b4ab4-a286-4405-9614-20804cdb1ca4,fixed_public_oas,424,recovery,3,normal_recovery,unloaded,baseline,6.809376845286612,20.146773583634662,False,nan,nan,False,normal,False,0.0
812b4ab4-a286-4405-9614-20804cdb1ca4,fixed_public_oas,425,recovery,3,normal_recovery,unloaded,baseline,2.907502244036099,20.146773583634662,False,nan,nan,False,normal,False,0.0
812b4ab4-a286-4405-9614-20804cdb1ca4,fixed_public_oas,426,recovery,3,normal_recovery,unloaded,baseline,6.108720947005002,20.146773583634662,False,nan,nan,False,normal,False,0.0
812b4ab4-a286-4405-9614-20804cdb1ca4,fixed_public_oas,427,recovery,3,normal_recovery,unloaded,baseline,3.8162197420683346,20.146773583634662,False,nan,nan,False,normal,False,0.0
812b4ab4-a286-4405-9614-20804cdb1ca4,fixed_public_oas,428,recovery,3,normal_recovery,unloaded,baseline,14.1171139714301,20.146773583634662,False,nan,nan,False,normal,False,0.0
812b4ab4-a286-4405-9614-20804cdb1ca4,fixed_public_oas,429,recovery,3,normal_recovery,unloaded,baseline,4.480074722229859,20.146773583634662,False,nan,nan,False,normal,False,0.0
812b4ab4-a286-4405-9614-20804cdb1ca4,fixed_public_oas,430,recovery,3,normal_recovery,unloaded,baseline,8.824112633906992,20.146773583634662,False,nan,nan,False,normal,False,0.0
812b4ab4-a286-4405-9614-20804cdb1ca4,fixed_public_oas,431,recovery,3,normal_recovery,unloaded,baseline,90.24054739937807,20.146773583634662,True,nan,nan,False,attack,False,0.0
812b4ab4-a286-4405-9614-20804cdb1ca4,fixed_public_oas,432,recovery,3,normal_recovery,unloaded,baseline,3.907007976514829,20.146773583634662,False,nan,nan,False,normal,False,0.0
812b4ab4-a286-4405-9614-20804cdb1ca4,fixed_public_oas,433,recovery,3,normal_recovery,unloaded,baseline,2.831053779323204,20.146773583634662,False,nan,nan,False,normal,False,0.0
812b4ab4-a286-4405-9614-20804cdb1ca4,fixed_public_oas,434,recovery,3,normal_recovery,unloaded,baseline,11.791676044513514,20.146773583634662,False,nan,nan,False,normal,False,0.0
812b4ab4-a286-4405-9614-20804cdb1ca4,fixed_public_oas,435,recovery,3,normal_recovery,unloaded,baseline,11.43710401306229,20.146773583634662,False,nan,nan,False,normal,False,0.0
812b4ab4-a286-4405-9614-20804cdb1ca4,fixed_public_oas,436,recovery,3,normal_recovery,unloaded,baseline,10.800156215105027,20.146773583634662,False,nan,nan,False,normal,False,0.0
812b4ab4-a286-4405-9614-20804cdb1ca4,fixed_public_oas,437,recovery,3,normal_recovery,unloaded,baseline,19.892725894205334,20.146773583634662,False,nan,nan,False,normal,False,0.0
812b4ab4-a286-4405-9614-20804cdb1ca4,fixed_public_oas,438,recovery,3,normal_recovery,unloaded,baseline,3.15403916717089,20.146773583634662,False,nan,nan,False,normal,False,0.0
812b4ab4-a286-4405-9614-20804cdb1ca4,fixed_public_oas,439,recovery,3,normal_recovery,unloaded,baseline,4.373759311577569,20.146773583634662,False,nan,nan,False,normal,False,0.0
812b4ab4-a286-4405-9614-20804cdb1ca4,fixed_public_oas,440,sham_control,4,sham_negative_baseline,sham,baseline,4.493114576997834,20.146773583634662,False,nan,nan,False,normal,False,0.0
812b4ab4-a286-4405-9614-20804cdb1ca4,fixed_public_oas,441,sham_control,4,sham_negative_baseline,sham,baseline,2.9860035132498735,20.146773583634662,False,nan,nan,False,normal,False,0.0
812b4ab4-a286-4405-9614-20804cdb1ca4,fixed_public_oas,442,sham_control,4,sham_negative_baseline,sham,baseline,10.464061376035563,20.146773583634662,False,nan,nan,False,normal,False,0.0
812b4ab4-a286-4405-9614-20804cdb1ca4,fixed_public_oas,443,sham_control,4,sham_negative_baseline,sham,baseline,15.016493850042124,20.146773583634662,False,nan,nan,False,normal,False,0.0
812b4ab4-a286-4405-9614-20804cdb1ca4,fixed_public_oas,444,sham_control,4,sham_negative_baseline,sham,baseline,2.911150280255959,20.146773583634662,False,nan,nan,False,normal,False,0.0
812b4ab4-a286-4405-9614-20804cdb1ca4,fixed_public_oas,445,sham_control,4,sham_negative_baseline,sham,baseline,3.1367062408092936,20.146773583634662,False,nan,nan,False,normal,False,0.0
812b4ab4-a286-4405-9614-20804cdb1ca4,fixed_public_oas,446,sham_control,4,sham_negative_baseline,sham,baseline,4.80675052220979,20.146773583634662,False,nan,nan,False,normal,False,0.0
812b4ab4-a286-4405-9614-20804cdb1ca4,fixed_public_oas,447,sham_control,4,sham_negative_baseline,sham,baseline,40.1810509334985,20.146773583634662,True,nan,nan,False,attack,False,0.0
812b4ab4-a286-4405-9614-20804cdb1ca4,fixed_public_oas,448,sham_control,4,sham_negative_baseline,sham,baseline,2.806384749623652,20.146773583634662,False,nan,nan,False,normal,False,0.0
812b4ab4-a286-4405-9614-20804cdb1ca4,fixed_public_oas,449,sham_control,4,sham_negative_baseline,sham,baseline,2.3276815748311845,20.146773583634662,False,nan,nan,False,normal,False,0.0
812b4ab4-a286-4405-9614-20804cdb1ca4,fixed_public_oas,450,sham_control,4,sham_negative_cpu,sham,cpu,10.636051572670137,20.146773583634662,False,nan,nan,False,normal,False,0.0
812b4ab4-a286-4405-9614-20804cdb1ca4,fixed_public_oas,451,sham_control,4,sham_negative_cpu,sham,cpu,11.925657093482934,20.146773583634662,False,nan,nan,False,normal,False,0.0
812b4ab4-a286-4405-9614-20804cdb1ca4,fixed_public_oas,452,sham_control,4,sham_negative_cpu,sham,cpu,18.73287307989268,20.146773583634662,False,nan,nan,False,normal,False,0.0
812b4ab4-a286-4405-9614-20804cdb1ca4,fixed_public_oas,453,sham_control,4,sham_negative_cpu,sham,cpu,20.861709141636215,20.146773583634662,True,nan,nan,False,attack,False,0.0
812b4ab4-a286-4405-9614-20804cdb1ca4,fixed_public_oas,454,sham_control,4,sham_negative_cpu,sham,cpu,47.59184787077868,20.146773583634662,True,nan,nan,False,attack,False,0.0
812b4ab4-a286-4405-9614-20804cdb1ca4,fixed_public_oas,455,sham_control,4,sham_negative_cpu,sham,cpu,14.427653988826444,20.146773583634662,False,nan,nan,False,normal,False,0.0
812b4ab4-a286-4405-9614-20804cdb1ca4,fixed_public_oas,456,sham_control,4,sham_negative_cpu,sham,cpu,17.707886316105053,20.146773583634662,False,nan,nan,False,normal,False,0.0
812b4ab4-a286-4405-9614-20804cdb1ca4,fixed_public_oas,457,sham_control,4,sham_negative_cpu,sham,cpu,12.827214126634068,20.146773583634662,False,nan,nan,False,normal,False,0.0
812b4ab4-a286-4405-9614-20804cdb1ca4,fixed_public_oas,458,sham_control,4,sham_negative_cpu,sham,cpu,43.3394856156858,20.146773583634662,True,nan,nan,False,attack,False,0.0
812b4ab4-a286-4405-9614-20804cdb1ca4,fixed_public_oas,459,sham_control,4,sham_negative_cpu,sham,cpu,21.22218663899974,20.146773583634662,True,nan,nan,False,attack,False,0.0
812b4ab4-a286-4405-9614-20804cdb1ca4,blind_public_oas_w50,100,normal_early,0,normal_baseline,unloaded,baseline,4.99616419361497,0.8825466351416513,True,nan,nan,False,attack,True,0.0
812b4ab4-a286-4405-9614-20804cdb1ca4,blind_public_oas_w50,101,normal_early,0,normal_baseline,unloaded,baseline,3.1690566296531824,0.8825466351416513,True,nan,nan,False,attack,True,0.0
812b4ab4-a286-4405-9614-20804cdb1ca4,blind_public_oas_w50,102,normal_early,0,normal_baseline,unloaded,baseline,7.698951239805059,0.8825466351416513,True,nan,nan,False,attack,True,0.0
812b4ab4-a286-4405-9614-20804cdb1ca4,blind_public_oas_w50,103,normal_early,0,normal_baseline,unloaded,baseline,4.204618742839132,0.8825466351416513,True,nan,nan,False,attack,True,0.0
812b4ab4-a286-4405-9614-20804cdb1ca4,blind_public_oas_w50,104,normal_early,0,normal_baseline,unloaded,baseline,3.01164312921646,0.8825466351416513,True,nan,nan,False,attack,True,0.0
812b4ab4-a286-4405-9614-20804cdb1ca4,blind_public_oas_w50,105,normal_early,0,normal_baseline,unloaded,baseline,3.8162405690460046,0.8825466351416513,True,nan,nan,False,attack,True,0.0
812b4ab4-a286-4405-9614-20804cdb1ca4,blind_public_oas_w50,106,normal_early,0,normal_baseline,unloaded,baseline,30.57893706446056,0.8825466351416513,True,nan,nan,False,attack,True,0.0
812b4ab4-a286-4405-9614-20804cdb1ca4,blind_public_oas_w50,107,normal_early,0,normal_baseline,unloaded,baseline,6.679507042796545,0.8825466351416513,True,nan,nan,False,attack,True,0.0
812b4ab4-a286-4405-9614-20804cdb1ca4,blind_public_oas_w50,108,normal_early,0,normal_baseline,unloaded,baseline,10.177173075273553,0.8825466351416513,True,nan,nan,False,attack,True,0.0
812b4ab4-a286-4405-9614-20804cdb1ca4,blind_public_oas_w50,109,normal_early,0,normal_baseline,unloaded,baseline,12.637808104151516,0.8825466351416513,True,nan,nan,False,attack,True,0.0
812b4ab4-a286-4405-9614-20804cdb1ca4,blind_public_oas_w50,110,normal_early,0,normal_baseline,unloaded,baseline,9.714898094402846,0.8825466351416513,True,nan,nan,False,attack,True,0.0
812b4ab4-a286-4405-9614-20804cdb1ca4,blind_public_oas_w50,111,normal_early,0,normal_baseline,unloaded,baseline,13.208427051876463,0.8825466351416513,True,nan,nan,False,attack,True,0.0
812b4ab4-a286-4405-9614-20804cdb1ca4,blind_public_oas_w50,112,normal_early,0,normal_baseline,unloaded,baseline,6.197046281227567,0.8825466351416513,True,nan,nan,False,attack,True,0.0
812b4ab4-a286-4405-9614-20804cdb1ca4,blind_public_oas_w50,113,normal_early,0,normal_baseline,unloaded,baseline,2.718223279092265,0.8825466351416513,True,nan,nan,False,attack,True,0.0
812b4ab4-a286-4405-9614-20804cdb1ca4,blind_public_oas_w50,114,normal_early,0,normal_baseline,unloaded,baseline,5.2169491011508216,0.8825466351416513,True,nan,nan,False,attack,True,0.0
812b4ab4-a286-4405-9614-20804cdb1ca4,blind_public_oas_w50,115,normal_early,0,normal_baseline,unloaded,baseline,7.368335634129294,0.8825466351416513,True,nan,nan,False,attack,True,0.0
812b4ab4-a286-4405-9614-20804cdb1ca4,blind_public_oas_w50,116,normal_early,0,normal_baseline,unloaded,baseline,8.298184123655698,0.8825466351416513,True,nan,nan,False,attack,True,0.0
812b4ab4-a286-4405-9614-20804cdb1ca4,blind_public_oas_w50,117,normal_early,0,normal_baseline,unloaded,baseline,6.074895788696715,0.8825466351416513,True,nan,nan,False,attack,True,0.0
812b4ab4-a286-4405-9614-20804cdb1ca4,blind_public_oas_w50,118,normal_early,0,normal_baseline,unloaded,baseline,3.2423038817763117,0.8825466351416513,True,nan,nan,False,attack,True,0.0
812b4ab4-a286-4405-9614-20804cdb1ca4,blind_public_oas_w50,119,normal_early,0,normal_baseline,unloaded,baseline,3.169871929870138,0.8825466351416513,True,nan,nan,False,attack,True,0.0
812b4ab4-a286-4405-9614-20804cdb1ca4,blind_public_oas_w50,120,normal_early,0,benign_cpu,unloaded,cpu,11.585488297464638,0.8825466351416513,True,nan,nan,False,attack,True,0.0
812b4ab4-a286-4405-9614-20804cdb1ca4,blind_public_oas_w50,121,normal_early,0,benign_cpu,unloaded,cpu,5.93891625202802,0.8825466351416513,True,nan,nan,False,attack,True,0.0
812b4ab4-a286-4405-9614-20804cdb1ca4,blind_public_oas_w50,122,normal_early,0,benign_cpu,unloaded,cpu,4.091909706098857,0.8825466351416513,True,nan,nan,False,attack,True,0.0
812b4ab4-a286-4405-9614-20804cdb1ca4,blind_public_oas_w50,123,normal_early,0,benign_cpu,unloaded,cpu,8.943074121098874,0.8825466351416513,True,nan,nan,False,attack,True,0.0
812b4ab4-a286-4405-9614-20804cdb1ca4,blind_public_oas_w50,124,normal_early,0,benign_cpu,unloaded,cpu,5.0813363501826085,0.8825466351416513,True,nan,nan,False,attack,True,0.0
812b4ab4-a286-4405-9614-20804cdb1ca4,blind_public_oas_w50,125,normal_early,0,benign_cpu,unloaded,cpu,3.0428761389792163,0.8825466351416513,True,nan,nan,False,attack,True,0.0
812b4ab4-a286-4405-9614-20804cdb1ca4,blind_public_oas_w50,126,normal_early,0,benign_cpu,unloaded,cpu,9.349739403105293,0.8825466351416513,True,nan,nan,False,attack,True,0.0
812b4ab4-a286-4405-9614-20804cdb1ca4,blind_public_oas_w50,127,normal_early,0,benign_cpu,unloaded,cpu,1.7871418307618832,0.8825466351416513,True,nan,nan,False,attack,True,0.0
812b4ab4-a286-4405-9614-20804cdb1ca4,blind_public_oas_w50,128,normal_early,0,benign_cpu,unloaded,cpu,4.469036401821529,0.8825466351416513,True,nan,nan,False,attack,True,0.0
812b4ab4-a286-4405-9614-20804cdb1ca4,blind_public_oas_w50,129,normal_early,0,benign_cpu,unloaded,cpu,2.527907857691302,0.8825466351416513,True,nan,nan,False,attack,True,0.0
812b4ab4-a286-4405-9614-20804cdb1ca4,blind_public_oas_w50,130,normal_early,0,benign_cpu,unloaded,cpu,2.070363427314372,0.8825466351416513,True,nan,nan,False,attack,True,0.0
812b4ab4-a286-4405-9614-20804cdb1ca4,blind_public_oas_w50,131,normal_early,0,benign_cpu,unloaded,cpu,7.582800278925245,0.8825466351416513,True,nan,nan,False,attack,True,0.0
812b4ab4-a286-4405-9614-20804cdb1ca4,blind_public_oas_w50,132,normal_early,0,benign_cpu,unloaded,cpu,8.919031127454057,0.8825466351416513,True,nan,nan,False,attack,True,0.0
812b4ab4-a286-4405-9614-20804cdb1ca4,blind_public_oas_w50,133,normal_early,0,benign_cpu,unloaded,cpu,3.7785366666517888,0.8825466351416513,True,nan,nan,False,attack,True,0.0
812b4ab4-a286-4405-9614-20804cdb1ca4,blind_public_oas_w50,134,normal_early,0,benign_cpu,unloaded,cpu,2.201370925540923,0.8825466351416513,True,nan,nan,False,attack,True,0.0
812b4ab4-a286-4405-9614-20804cdb1ca4,blind_public_oas_w50,135,normal_early,0,benign_cpu,unloaded,cpu,2.003808683418499,0.8825466351416513,True,nan,nan,False,attack,True,0.0
812b4ab4-a286-4405-9614-20804cdb1ca4,blind_public_oas_w50,136,normal_early,0,benign_cpu,unloaded,cpu,2.7266656756206444,0.8825466351416513,True,nan,nan,False,attack,True,0.0
812b4ab4-a286-4405-9614-20804cdb1ca4,blind_public_oas_w50,137,normal_early,0,benign_cpu,unloaded,cpu,6.0294376812246036,0.8825466351416513,True,nan,nan,False,attack,True,0.0
812b4ab4-a286-4405-9614-20804cdb1ca4,blind_public_oas_w50,138,normal_early,0,benign_cpu,unloaded,cpu,4.414402073306297,0.8825466351416513,True,nan,nan,False,attack,True,0.0
812b4ab4-a286-4405-9614-20804cdb1ca4,blind_public_oas_w50,139,normal_early,0,benign_cpu,unloaded,cpu,2.232332502725698,0.8825466351416513,True,nan,nan,False,attack,True,0.0
812b4ab4-a286-4405-9614-20804cdb1ca4,blind_public_oas_w50,140,normal_early,0,benign_cpu,unloaded,cpu,4.709329584494223,0.8825466351416513,True,nan,nan,False,attack,True,0.0
812b4ab4-a286-4405-9614-20804cdb1ca4,blind_public_oas_w50,141,normal_early,0,benign_cpu,unloaded,cpu,3.348980424482147,0.8825466351416513,True,nan,nan,False,attack,True,0.0
812b4ab4-a286-4405-9614-20804cdb1ca4,blind_public_oas_w50,142,normal_early,0,benign_cpu,unloaded,cpu,2.870763578984235,0.8825466351416513,True,nan,nan,False,attack,True,0.0
812b4ab4-a286-4405-9614-20804cdb1ca4,blind_public_oas_w50,143,normal_early,0,benign_cpu,unloaded,cpu,8.26587661262457,0.8825466351416513,True,nan,nan,False,attack,True,0.0
812b4ab4-a286-4405-9614-20804cdb1ca4,blind_public_oas_w50,144,normal_early,0,benign_cpu,unloaded,cpu,8.664089891725295,0.8825466351416513,True,nan,nan,False,attack,True,0.0
812b4ab4-a286-4405-9614-20804cdb1ca4,blind_public_oas_w50,145,normal_early,0,benign_cpu,unloaded,cpu,4.442648501686414,0.8825466351416513,True,nan,nan,False,attack,True,0.0
812b4ab4-a286-4405-9614-20804cdb1ca4,blind_public_oas_w50,146,normal_early,0,benign_cpu,unloaded,cpu,3.6086361590935736,0.8825466351416513,True,nan,nan,False,attack,True,0.0
812b4ab4-a286-4405-9614-20804cdb1ca4,blind_public_oas_w50,147,normal_early,0,benign_cpu,unloaded,cpu,4.278794637330949,0.8825466351416513,True,nan,nan,False,attack,True,0.0
812b4ab4-a286-4405-9614-20804cdb1ca4,blind_public_oas_w50,148,normal_early,0,benign_cpu,unloaded,cpu,4.845157017924899,0.8825466351416513,True,nan,nan,False,attack,True,0.0
812b4ab4-a286-4405-9614-20804cdb1ca4,blind_public_oas_w50,149,normal_early,0,benign_cpu,unloaded,cpu,1.9157608006336009,0.8825466351416513,True,nan,nan,False,attack,True,0.0
812b4ab4-a286-4405-9614-20804cdb1ca4,blind_public_oas_w50,150,normal_early,0,benign_cpu,unloaded,cpu,2.974205830452797,0.8825466351416513,True,nan,nan,False,attack,True,0.0
812b4ab4-a286-4405-9614-20804cdb1ca4,blind_public_oas_w50,151,normal_early,0,benign_cpu,unloaded,cpu,2.2874426917587334,0.8825466351416513,True,nan,nan,False,attack,True,0.0
812b4ab4-a286-4405-9614-20804cdb1ca4,blind_public_oas_w50,152,normal_early,0,benign_cpu,unloaded,cpu,9.929602012924384,0.8825466351416513,True,nan,nan,False,attack,True,0.0
812b4ab4-a286-4405-9614-20804cdb1ca4,blind_public_oas_w50,153,normal_early,0,benign_cpu,unloaded,cpu,3.4199612809752655,0.8825466351416513,True,nan,nan,False,attack,True,0.0
812b4ab4-a286-4405-9614-20804cdb1ca4,blind_public_oas_w50,154,normal_early,0,benign_cpu,unloaded,cpu,2.3856540235614023,0.8825466351416513,True,nan,nan,False,attack,True,0.0
812b4ab4-a286-4405-9614-20804cdb1ca4,blind_public_oas_w50,155,normal_early,0,benign_cpu,unloaded,cpu,2.1907312238567824,0.8825466351416513,True,nan,nan,False,attack,True,0.0
812b4ab4-a286-4405-9614-20804cdb1ca4,blind_public_oas_w50,156,normal_early,0,benign_cpu,unloaded,cpu,2.538775286644492,0.8825466351416513,True,nan,nan,False,attack,True,0.0
812b4ab4-a286-4405-9614-20804cdb1ca4,blind_public_oas_w50,157,normal_early,0,benign_cpu,unloaded,cpu,2.3642468043894893,0.8825466351416513,True,nan,nan,False,attack,True,0.0
812b4ab4-a286-4405-9614-20804cdb1ca4,blind_public_oas_w50,158,normal_early,0,benign_cpu,unloaded,cpu,2.7420707391685157,0.8825466351416513,True,nan,nan,False,attack,True,0.0
812b4ab4-a286-4405-9614-20804cdb1ca4,blind_public_oas_w50,159,normal_early,0,benign_cpu,unloaded,cpu,10.554666315592312,0.8825466351416513,True,nan,nan,False,attack,True,0.0
812b4ab4-a286-4405-9614-20804cdb1ca4,blind_public_oas_w50,160,normal_workloads,1,benign_memory,unloaded,memory,9.862935355037582,0.8825466351416513,True,nan,nan,False,attack,True,0.0
812b4ab4-a286-4405-9614-20804cdb1ca4,blind_public_oas_w50,161,normal_workloads,1,benign_memory,unloaded,memory,35.5691101558972,0.8825466351416513,True,nan,nan,False,attack,True,0.0
812b4ab4-a286-4405-9614-20804cdb1ca4,blind_public_oas_w50,162,normal_workloads,1,benign_memory,unloaded,memory,38.20540571747849,0.8825466351416513,True,nan,nan,False,attack,True,0.0
812b4ab4-a286-4405-9614-20804cdb1ca4,blind_public_oas_w50,163,normal_workloads,1,benign_memory,unloaded,memory,13.841751215082361,0.8825466351416513,True,nan,nan,False,attack,True,0.0
812b4ab4-a286-4405-9614-20804cdb1ca4,blind_public_oas_w50,164,normal_workloads,1,benign_memory,unloaded,memory,24.05059736729384,0.8825466351416513,True,nan,nan,False,attack,True,0.0
812b4ab4-a286-4405-9614-20804cdb1ca4,blind_public_oas_w50,165,normal_workloads,1,benign_memory,unloaded,memory,19.06200485938924,0.8825466351416513,True,nan,nan,False,attack,True,0.0
812b4ab4-a286-4405-9614-20804cdb1ca4,blind_public_oas_w50,166,normal_workloads,1,benign_memory,unloaded,memory,18.826408892365173,0.8825466351416513,True,nan,nan,False,attack,True,0.0
812b4ab4-a286-4405-9614-20804cdb1ca4,blind_public_oas_w50,167,normal_workloads,1,benign_memory,unloaded,memory,6.539792145304539,0.8825466351416513,True,nan,nan,False,attack,True,0.0
812b4ab4-a286-4405-9614-20804cdb1ca4,blind_public_oas_w50,168,normal_workloads,1,benign_memory,unloaded,memory,36.79254281963324,0.8825466351416513,True,nan,nan,False,attack,True,0.0
812b4ab4-a286-4405-9614-20804cdb1ca4,blind_public_oas_w50,169,normal_workloads,1,benign_memory,unloaded,memory,39.07532418318659,0.8825466351416513,True,nan,nan,False,attack,True,0.0
812b4ab4-a286-4405-9614-20804cdb1ca4,blind_public_oas_w50,170,normal_workloads,1,benign_memory,unloaded,memory,6.74544137465184,0.8825466351416513,True,nan,nan,False,attack,True,0.0
812b4ab4-a286-4405-9614-20804cdb1ca4,blind_public_oas_w50,171,normal_workloads,1,benign_memory,unloaded,memory,11.405895414286519,0.8825466351416513,True,nan,nan,False,attack,True,0.0
812b4ab4-a286-4405-9614-20804cdb1ca4,blind_public_oas_w50,172,normal_workloads,1,benign_memory,unloaded,memory,17.76306439518447,0.8825466351416513,True,nan,nan,False,attack,True,0.0
812b4ab4-a286-4405-9614-20804cdb1ca4,blind_public_oas_w50,173,normal_workloads,1,benign_memory,unloaded,memory,5.710654477989478,0.8825466351416513,True,nan,nan,False,attack,True,0.0
812b4ab4-a286-4405-9614-20804cdb1ca4,blind_public_oas_w50,174,normal_workloads,1,benign_memory,unloaded,memory,9.398068684843153,0.8825466351416513,True,nan,nan,False,attack,True,0.0
812b4ab4-a286-4405-9614-20804cdb1ca4,blind_public_oas_w50,175,normal_workloads,1,benign_memory,unloaded,memory,8.048981801132113,0.8825466351416513,True,nan,nan,False,attack,True,0.0
812b4ab4-a286-4405-9614-20804cdb1ca4,blind_public_oas_w50,176,normal_workloads,1,benign_memory,unloaded,memory,10.871365747985164,0.8825466351416513,True,nan,nan,False,attack,True,0.0
812b4ab4-a286-4405-9614-20804cdb1ca4,blind_public_oas_w50,177,normal_workloads,1,benign_memory,unloaded,memory,11.66187743347608,0.8825466351416513,True,nan,nan,False,attack,True,0.0
812b4ab4-a286-4405-9614-20804cdb1ca4,blind_public_oas_w50,178,normal_workloads,1,benign_memory,unloaded,memory,4.64242581228369,0.8825466351416513,True,nan,nan,False,attack,True,0.0
812b4ab4-a286-4405-9614-20804cdb1ca4,blind_public_oas_w50,179,normal_workloads,1,benign_memory,unloaded,memory,7.741811293582917,0.8825466351416513,True,nan,nan,False,attack,True,0.0
812b4ab4-a286-4405-9614-20804cdb1ca4,blind_public_oas_w50,180,normal_workloads,1,benign_memory,unloaded,memory,5.539774267002121,0.8825466351416513,True,nan,nan,False,attack,True,0.0
812b4ab4-a286-4405-9614-20804cdb1ca4,blind_public_oas_w50,181,normal_workloads,1,benign_memory,unloaded,memory,24.93868730613987,0.8825466351416513,True,nan,nan,False,attack,True,0.0
812b4ab4-a286-4405-9614-20804cdb1ca4,blind_public_oas_w50,182,normal_workloads,1,benign_memory,unloaded,memory,105.4671787457469,0.8825466351416513,True,nan,nan,False,attack,True,0.0
812b4ab4-a286-4405-9614-20804cdb1ca4,blind_public_oas_w50,183,normal_workloads,1,benign_memory,unloaded,memory,26.22330745318402,0.8825466351416513,True,nan,nan,False,attack,True,0.0
812b4ab4-a286-4405-9614-20804cdb1ca4,blind_public_oas_w50,184,normal_workloads,1,benign_memory,unloaded,memory,17.852726379106855,0.8825466351416513,True,nan,nan,False,attack,True,0.0
812b4ab4-a286-4405-9614-20804cdb1ca4,blind_public_oas_w50,185,normal_workloads,1,benign_memory,unloaded,memory,31.773952311656608,0.8825466351416513,True,nan,nan,False,attack,True,0.0
812b4ab4-a286-4405-9614-20804cdb1ca4,blind_public_oas_w50,186,normal_workloads,1,benign_memory,unloaded,memory,16.297458810448873,0.8825466351416513,True,nan,nan,False,attack,True,0.0
812b4ab4-a286-4405-9614-20804cdb1ca4,blind_public_oas_w50,187,normal_workloads,1,benign_memory,unloaded,memory,8.12833037326381,0.8825466351416513,True,nan,nan,False,attack,True,0.0
812b4ab4-a286-4405-9614-20804cdb1ca4,blind_public_oas_w50,188,normal_workloads,1,benign_memory,unloaded,memory,4.833294965014768,0.8825466351416513,True,nan,nan,False,attack,True,0.0
812b4ab4-a286-4405-9614-20804cdb1ca4,blind_public_oas_w50,189,normal_workloads,1,benign_memory,unloaded,memory,15.90623291699862,0.8825466351416513,True,nan,nan,False,attack,True,0.0
812b4ab4-a286-4405-9614-20804cdb1ca4,blind_public_oas_w50,190,normal_workloads,1,benign_memory,unloaded,memory,202.61826820783696,0.8825466351416513,True,nan,nan,False,attack,True,0.0
812b4ab4-a286-4405-9614-20804cdb1ca4,blind_public_oas_w50,191,normal_workloads,1,benign_memory,unloaded,memory,22.614382541242755,0.8825466351416513,True,nan,nan,False,attack,True,0.0
812b4ab4-a286-4405-9614-20804cdb1ca4,blind_public_oas_w50,192,normal_workloads,1,benign_memory,unloaded,memory,11.408658160615163,0.8825466351416513,True,nan,nan,False,attack,True,0.0
812b4ab4-a286-4405-9614-20804cdb1ca4,blind_public_oas_w50,193,normal_workloads,1,benign_memory,unloaded,memory,5.08785431876984,0.8825466351416513,True,nan,nan,False,attack,True,0.0
812b4ab4-a286-4405-9614-20804cdb1ca4,blind_public_oas_w50,194,normal_workloads,1,benign_memory,unloaded,memory,10.75253296612569,0.8825466351416513,True,nan,nan,False,attack,True,0.0
812b4ab4-a286-4405-9614-20804cdb1ca4,blind_public_oas_w50,195,normal_workloads,1,benign_memory,unloaded,memory,12.740542421713554,0.8825466351416513,True,nan,nan,False,attack,True,0.0
812b4ab4-a286-4405-9614-20804cdb1ca4,blind_public_oas_w50,196,normal_workloads,1,benign_memory,unloaded,memory,6.646523196093658,0.8825466351416513,True,nan,nan,False,attack,True,0.0
812b4ab4-a286-4405-9614-20804cdb1ca4,blind_public_oas_w50,197,normal_workloads,1,benign_memory,unloaded,memory,3.8067869571775095,0.8825466351416513,True,nan,nan,False,attack,True,0.0
812b4ab4-a286-4405-9614-20804cdb1ca4,blind_public_oas_w50,198,normal_workloads,1,benign_memory,unloaded,memory,3.194767732861391,0.8825466351416513,True,nan,nan,False,attack,True,0.0
812b4ab4-a286-4405-9614-20804cdb1ca4,blind_public_oas_w50,199,normal_workloads,1,benign_memory,unloaded,memory,5.5562141781396015,0.8825466351416513,True,nan,nan,False,attack,True,0.0
812b4ab4-a286-4405-9614-20804cdb1ca4,blind_public_oas_w50,200,normal_workloads,1,benign_mixed,unloaded,mixed,13.81518679289328,0.8825466351416513,True,nan,nan,False,attack,True,0.0
812b4ab4-a286-4405-9614-20804cdb1ca4,blind_public_oas_w50,201,normal_workloads,1,benign_mixed,unloaded,mixed,23.28872988471103,0.8825466351416513,True,nan,nan,False,attack,True,0.0
812b4ab4-a286-4405-9614-20804cdb1ca4,blind_public_oas_w50,202,normal_workloads,1,benign_mixed,unloaded,mixed,1.8192749892924187,0.8825466351416513,True,nan,nan,False,attack,True,0.0
812b4ab4-a286-4405-9614-20804cdb1ca4,blind_public_oas_w50,203,normal_workloads,1,benign_mixed,unloaded,mixed,21.349210207706154,0.8825466351416513,True,nan,nan,False,attack,True,0.0
812b4ab4-a286-4405-9614-20804cdb1ca4,blind_public_oas_w50,204,normal_workloads,1,benign_mixed,unloaded,mixed,9.7679792261445,0.8825466351416513,True,nan,nan,False,attack,True,0.0
812b4ab4-a286-4405-9614-20804cdb1ca4,blind_public_oas_w50,205,normal_workloads,1,benign_mixed,unloaded,mixed,2.977068361539322,0.8825466351416513,True,nan,nan,False,attack,True,0.0
812b4ab4-a286-4405-9614-20804cdb1ca4,blind_public_oas_w50,206,normal_workloads,1,benign_mixed,unloaded,mixed,5.3962792948415945,0.8825466351416513,True,nan,nan,False,attack,True,0.0
812b4ab4-a286-4405-9614-20804cdb1ca4,blind_public_oas_w50,207,normal_workloads,1,benign_mixed,unloaded,mixed,3.712203475942614,0.8825466351416513,True,nan,nan,False,attack,True,0.0
812b4ab4-a286-4405-9614-20804cdb1ca4,blind_public_oas_w50,208,normal_workloads,1,benign_mixed,unloaded,mixed,4.269997788174372,0.8825466351416513,True,nan,nan,False,attack,True,0.0
812b4ab4-a286-4405-9614-20804cdb1ca4,blind_public_oas_w50,209,normal_workloads,1,benign_mixed,unloaded,mixed,5.299623970642484,0.8825466351416513,True,nan,nan,False,attack,True,0.0
812b4ab4-a286-4405-9614-20804cdb1ca4,blind_public_oas_w50,210,normal_workloads,1,benign_mixed,unloaded,mixed,4.837524484132467,0.8825466351416513,True,nan,nan,False,attack,True,0.0
812b4ab4-a286-4405-9614-20804cdb1ca4,blind_public_oas_w50,211,normal_workloads,1,benign_mixed,unloaded,mixed,2.0563919562018556,0.8825466351416513,True,nan,nan,False,attack,True,0.0
812b4ab4-a286-4405-9614-20804cdb1ca4,blind_public_oas_w50,212,normal_workloads,1,benign_mixed,unloaded,mixed,2.482352165597067,0.8825466351416513,True,nan,nan,False,attack,True,0.0
812b4ab4-a286-4405-9614-20804cdb1ca4,blind_public_oas_w50,213,normal_workloads,1,benign_mixed,unloaded,mixed,3.561297165841476,0.8825466351416513,True,nan,nan,False,attack,True,0.0
812b4ab4-a286-4405-9614-20804cdb1ca4,blind_public_oas_w50,214,normal_workloads,1,benign_mixed,unloaded,mixed,6.59702148549311,0.8825466351416513,True,nan,nan,False,attack,True,0.0
812b4ab4-a286-4405-9614-20804cdb1ca4,blind_public_oas_w50,215,normal_workloads,1,benign_mixed,unloaded,mixed,2.5257328306957527,0.8825466351416513,True,nan,nan,False,attack,True,0.0
812b4ab4-a286-4405-9614-20804cdb1ca4,blind_public_oas_w50,216,normal_workloads,1,benign_mixed,unloaded,mixed,2.674522667297546,0.8825466351416513,True,nan,nan,False,attack,True,0.0
812b4ab4-a286-4405-9614-20804cdb1ca4,blind_public_oas_w50,217,normal_workloads,1,benign_mixed,unloaded,mixed,5.719983965841678,0.8825466351416513,True,nan,nan,False,attack,True,0.0
812b4ab4-a286-4405-9614-20804cdb1ca4,blind_public_oas_w50,218,normal_workloads,1,benign_mixed,unloaded,mixed,4.472715610733019,0.8825466351416513,True,nan,nan,False,attack,True,0.0
812b4ab4-a286-4405-9614-20804cdb1ca4,blind_public_oas_w50,219,normal_workloads,1,benign_mixed,unloaded,mixed,2.233323235247032,0.8825466351416513,True,nan,nan,False,attack,True,0.0
812b4ab4-a286-4405-9614-20804cdb1ca4,blind_public_oas_w50,220,normal_workloads,1,benign_mixed,unloaded,mixed,3.1030540002445166,0.8825466351416513,True,nan,nan,False,attack,True,0.0
812b4ab4-a286-4405-9614-20804cdb1ca4,blind_public_oas_w50,221,normal_workloads,1,benign_mixed,unloaded,mixed,4.406675184886549,0.8825466351416513,True,nan,nan,False,attack,True,0.0
812b4ab4-a286-4405-9614-20804cdb1ca4,blind_public_oas_w50,222,normal_workloads,1,benign_mixed,unloaded,mixed,3.7251673417041244,0.8825466351416513,True,nan,nan,False,attack,True,0.0
812b4ab4-a286-4405-9614-20804cdb1ca4,blind_public_oas_w50,223,normal_workloads,1,benign_mixed,unloaded,mixed,1.5064635869446208,0.8825466351416513,True,nan,nan,False,attack,True,0.0
812b4ab4-a286-4405-9614-20804cdb1ca4,blind_public_oas_w50,224,normal_workloads,1,benign_mixed,unloaded,mixed,3.4983039654610506,0.8825466351416513,True,nan,nan,False,attack,True,0.0
812b4ab4-a286-4405-9614-20804cdb1ca4,blind_public_oas_w50,225,normal_workloads,1,benign_mixed,unloaded,mixed,5.00478057282811,0.8825466351416513,True,nan,nan,False,attack,True,0.0
812b4ab4-a286-4405-9614-20804cdb1ca4,blind_public_oas_w50,226,normal_workloads,1,benign_mixed,unloaded,mixed,2.493648482074004,0.8825466351416513,True,nan,nan,False,attack,True,0.0
812b4ab4-a286-4405-9614-20804cdb1ca4,blind_public_oas_w50,227,normal_workloads,1,benign_mixed,unloaded,mixed,9.485404567232191,0.8825466351416513,True,nan,nan,False,attack,True,0.0
812b4ab4-a286-4405-9614-20804cdb1ca4,blind_public_oas_w50,228,normal_workloads,1,benign_mixed,unloaded,mixed,23.553493793777122,0.8825466351416513,True,nan,nan,False,attack,True,0.0
812b4ab4-a286-4405-9614-20804cdb1ca4,blind_public_oas_w50,229,normal_workloads,1,benign_mixed,unloaded,mixed,2.2626896133738867,0.8825466351416513,True,nan,nan,False,attack,True,0.0
812b4ab4-a286-4405-9614-20804cdb1ca4,blind_public_oas_w50,230,normal_workloads,1,benign_mixed,unloaded,mixed,10.833686771547146,0.8825466351416513,True,nan,nan,False,attack,True,0.0
812b4ab4-a286-4405-9614-20804cdb1ca4,blind_public_oas_w50,231,normal_workloads,1,benign_mixed,unloaded,mixed,2.025216271600189,0.8825466351416513,True,nan,nan,False,attack,True,0.0
812b4ab4-a286-4405-9614-20804cdb1ca4,blind_public_oas_w50,232,normal_workloads,1,benign_mixed,unloaded,mixed,1.6661858221392947,0.8825466351416513,True,nan,nan,False,attack,True,0.0
812b4ab4-a286-4405-9614-20804cdb1ca4,blind_public_oas_w50,233,normal_workloads,1,benign_mixed,unloaded,mixed,377.2142123177624,0.8825466351416513,True,nan,nan,False,attack,True,0.0
812b4ab4-a286-4405-9614-20804cdb1ca4,blind_public_oas_w50,234,normal_workloads,1,benign_mixed,unloaded,mixed,2.2468648551309545,0.8825466351416513,True,nan,nan,False,attack,True,0.0
812b4ab4-a286-4405-9614-20804cdb1ca4,blind_public_oas_w50,235,normal_workloads,1,benign_mixed,unloaded,mixed,2.2453208712888544,0.8825466351416513,True,nan,nan,False,attack,True,0.0
812b4ab4-a286-4405-9614-20804cdb1ca4,blind_public_oas_w50,236,normal_workloads,1,benign_mixed,unloaded,mixed,3.370904661789386,0.8825466351416513,True,nan,nan,False,attack,True,0.0
812b4ab4-a286-4405-9614-20804cdb1ca4,blind_public_oas_w50,237,normal_workloads,1,benign_mixed,unloaded,mixed,5.88092993916632,0.8825466351416513,True,nan,nan,False,attack,True,0.0
812b4ab4-a286-4405-9614-20804cdb1ca4,blind_public_oas_w50,238,normal_workloads,1,benign_mixed,unloaded,mixed,3.068217662046085,0.8825466351416513,True,nan,nan,False,attack,True,0.0
812b4ab4-a286-4405-9614-20804cdb1ca4,blind_public_oas_w50,239,normal_workloads,1,benign_mixed,unloaded,mixed,2.9862480952412502,0.8825466351416513,True,nan,nan,False,attack,True,0.0
812b4ab4-a286-4405-9614-20804cdb1ca4,blind_public_oas_w50,240,attack,2,attack_baseline,hiding,baseline,138.28358893319304,0.8825466351416513,True,nan,nan,False,attack,True,0.02
812b4ab4-a286-4405-9614-20804cdb1ca4,blind_public_oas_w50,241,attack,2,attack_baseline,hiding,baseline,44.51331894941107,0.8825466351416513,True,nan,nan,False,attack,True,0.04
812b4ab4-a286-4405-9614-20804cdb1ca4,blind_public_oas_w50,242,attack,2,attack_baseline,hiding,baseline,14.7119031417284,0.8825466351416513,True,nan,nan,False,attack,True,0.06
812b4ab4-a286-4405-9614-20804cdb1ca4,blind_public_oas_w50,243,attack,2,attack_baseline,hiding,baseline,43.718628681654955,0.8825466351416513,True,nan,nan,False,attack,True,0.08
812b4ab4-a286-4405-9614-20804cdb1ca4,blind_public_oas_w50,244,attack,2,attack_baseline,hiding,baseline,15.504304609241027,0.8825466351416513,True,nan,nan,False,attack,True,0.1
812b4ab4-a286-4405-9614-20804cdb1ca4,blind_public_oas_w50,245,attack,2,attack_baseline,hiding,baseline,19.12319443560174,0.8825466351416513,True,nan,nan,False,attack,True,0.12
812b4ab4-a286-4405-9614-20804cdb1ca4,blind_public_oas_w50,246,attack,2,attack_baseline,hiding,baseline,20.313060245852565,0.8825466351416513,True,nan,nan,False,attack,True,0.14
812b4ab4-a286-4405-9614-20804cdb1ca4,blind_public_oas_w50,247,attack,2,attack_baseline,hiding,baseline,8.532198870875018,0.8825466351416513,True,nan,nan,False,attack,True,0.16
812b4ab4-a286-4405-9614-20804cdb1ca4,blind_public_oas_w50,248,attack,2,attack_baseline,hiding,baseline,27.69967001856372,0.8825466351416513,True,nan,nan,False,attack,True,0.18
812b4ab4-a286-4405-9614-20804cdb1ca4,blind_public_oas_w50,249,attack,2,attack_baseline,hiding,baseline,13.802634844598956,0.8825466351416513,True,nan,nan,False,attack,True,0.2
812b4ab4-a286-4405-9614-20804cdb1ca4,blind_public_oas_w50,250,attack,2,attack_baseline,hiding,baseline,11.141009519603768,0.8825466351416513,True,nan,nan,False,attack,True,0.22
812b4ab4-a286-4405-9614-20804cdb1ca4,blind_public_oas_w50,251,attack,2,attack_baseline,hiding,baseline,20.71129919700789,0.8825466351416513,True,nan,nan,False,attack,True,0.24
812b4ab4-a286-4405-9614-20804cdb1ca4,blind_public_oas_w50,252,attack,2,attack_baseline,hiding,baseline,17.18372762848798,0.8825466351416513,True,nan,nan,False,attack,True,0.26
812b4ab4-a286-4405-9614-20804cdb1ca4,blind_public_oas_w50,253,attack,2,attack_baseline,hiding,baseline,15.29712002449737,0.8825466351416513,True,nan,nan,False,attack,True,0.28
812b4ab4-a286-4405-9614-20804cdb1ca4,blind_public_oas_w50,254,attack,2,attack_baseline,hiding,baseline,22.67976495758172,0.8825466351416513,True,nan,nan,False,attack,True,0.3
812b4ab4-a286-4405-9614-20804cdb1ca4,blind_public_oas_w50,255,attack,2,attack_baseline,hiding,baseline,11.133881257454552,0.8825466351416513,True,nan,nan,False,attack,True,0.32
812b4ab4-a286-4405-9614-20804cdb1ca4,blind_public_oas_w50,256,attack,2,attack_baseline,hiding,baseline,6.5792160672950875,0.8825466351416513,True,nan,nan,False,attack,True,0.34
812b4ab4-a286-4405-9614-20804cdb1ca4,blind_public_oas_w50,257,attack,2,attack_baseline,hiding,baseline,4.300338759641489,0.8825466351416513,True,nan,nan,False,attack,True,0.36
812b4ab4-a286-4405-9614-20804cdb1ca4,blind_public_oas_w50,258,attack,2,attack_baseline,hiding,baseline,10.603143996438877,0.8825466351416513,True,nan,nan,False,attack,True,0.38
812b4ab4-a286-4405-9614-20804cdb1ca4,blind_public_oas_w50,259,attack,2,attack_baseline,hiding,baseline,57.65592602693519,0.8825466351416513,True,nan,nan,False,attack,True,0.4
812b4ab4-a286-4405-9614-20804cdb1ca4,blind_public_oas_w50,260,attack,2,attack_baseline,hiding,baseline,7.063222123366643,0.8825466351416513,True,nan,nan,False,attack,True,0.42
812b4ab4-a286-4405-9614-20804cdb1ca4,blind_public_oas_w50,261,attack,2,attack_baseline,hiding,baseline,12.428895176962437,0.8825466351416513,True,nan,nan,False,attack,True,0.44
812b4ab4-a286-4405-9614-20804cdb1ca4,blind_public_oas_w50,262,attack,2,attack_baseline,hiding,baseline,9.217220069588127,0.8825466351416513,True,nan,nan,False,attack,True,0.46
812b4ab4-a286-4405-9614-20804cdb1ca4,blind_public_oas_w50,263,attack,2,attack_baseline,hiding,baseline,4.884817637895284,0.8825466351416513,True,nan,nan,False,attack,True,0.48
812b4ab4-a286-4405-9614-20804cdb1ca4,blind_public_oas_w50,264,attack,2,attack_baseline,hiding,baseline,6.278970415688443,0.8825466351416513,True,nan,nan,False,attack,True,0.5
812b4ab4-a286-4405-9614-20804cdb1ca4,blind_public_oas_w50,265,attack,2,attack_baseline,hiding,baseline,5.822026349754526,0.8825466351416513,True,nan,nan,False,attack,True,0.52
812b4ab4-a286-4405-9614-20804cdb1ca4,blind_public_oas_w50,266,attack,2,attack_baseline,hiding,baseline,5.257569357212665,0.8825466351416513,True,nan,nan,False,attack,True,0.54
812b4ab4-a286-4405-9614-20804cdb1ca4,blind_public_oas_w50,267,attack,2,attack_baseline,hiding,baseline,9.087126332371488,0.8825466351416513,True,nan,nan,False,attack,True,0.56
812b4ab4-a286-4405-9614-20804cdb1ca4,blind_public_oas_w50,268,attack,2,attack_baseline,hiding,baseline,6.482942127700429,0.8825466351416513,True,nan,nan,False,attack,True,0.58
812b4ab4-a286-4405-9614-20804cdb1ca4,blind_public_oas_w50,269,attack,2,attack_baseline,hiding,baseline,6.5157879451605245,0.8825466351416513,True,nan,nan,False,attack,True,0.6
812b4ab4-a286-4405-9614-20804cdb1ca4,blind_public_oas_w50,270,attack,2,attack_baseline,hiding,baseline,5.146988191826016,0.8825466351416513,True,nan,nan,False,attack,True,0.62
812b4ab4-a286-4405-9614-20804cdb1ca4,blind_public_oas_w50,271,attack,2,attack_baseline,hiding,baseline,4.2508247496220015,0.8825466351416513,True,nan,nan,False,attack,True,0.64
812b4ab4-a286-4405-9614-20804cdb1ca4,blind_public_oas_w50,272,attack,2,attack_baseline,hiding,baseline,3.900280939825235,0.8825466351416513,True,nan,nan,False,attack,True,0.66
812b4ab4-a286-4405-9614-20804cdb1ca4,blind_public_oas_w50,273,attack,2,attack_baseline,hiding,baseline,19.30603279339114,0.8825466351416513,True,nan,nan,False,attack,True,0.68
812b4ab4-a286-4405-9614-20804cdb1ca4,blind_public_oas_w50,274,attack,2,attack_baseline,hiding,baseline,9.464269217081444,0.8825466351416513,True,nan,nan,False,attack,True,0.7
812b4ab4-a286-4405-9614-20804cdb1ca4,blind_public_oas_w50,275,attack,2,attack_baseline,hiding,baseline,24.59033130393361,0.8825466351416513,True,nan,nan,False,attack,True,0.72
812b4ab4-a286-4405-9614-20804cdb1ca4,blind_public_oas_w50,276,attack,2,attack_baseline,hiding,baseline,19.75204145553511,0.8825466351416513,True,nan,nan,False,attack,True,0.74
812b4ab4-a286-4405-9614-20804cdb1ca4,blind_public_oas_w50,277,attack,2,attack_baseline,hiding,baseline,12.987134239471928,0.8825466351416513,True,nan,nan,False,attack,True,0.76
812b4ab4-a286-4405-9614-20804cdb1ca4,blind_public_oas_w50,278,attack,2,attack_baseline,hiding,baseline,18.544373584232876,0.8825466351416513,True,nan,nan,False,attack,True,0.78
812b4ab4-a286-4405-9614-20804cdb1ca4,blind_public_oas_w50,279,attack,2,attack_baseline,hiding,baseline,4.825808416742547,0.8825466351416513,True,nan,nan,False,attack,True,0.8
812b4ab4-a286-4405-9614-20804cdb1ca4,blind_public_oas_w50,280,attack,2,attack_cpu,hiding,cpu,16.118690011049345,0.8825466351416513,True,nan,nan,False,attack,True,0.82
812b4ab4-a286-4405-9614-20804cdb1ca4,blind_public_oas_w50,281,attack,2,attack_cpu,hiding,cpu,10.25920783930796,0.8825466351416513,True,nan,nan,False,attack,True,0.84
812b4ab4-a286-4405-9614-20804cdb1ca4,blind_public_oas_w50,282,attack,2,attack_cpu,hiding,cpu,11.049050559640369,0.8825466351416513,True,nan,nan,False,attack,True,0.86
812b4ab4-a286-4405-9614-20804cdb1ca4,blind_public_oas_w50,283,attack,2,attack_cpu,hiding,cpu,33.78504367031613,0.8825466351416513,True,nan,nan,False,attack,True,0.88
812b4ab4-a286-4405-9614-20804cdb1ca4,blind_public_oas_w50,284,attack,2,attack_cpu,hiding,cpu,9.069554162647679,0.8825466351416513,True,nan,nan,False,attack,True,0.9
812b4ab4-a286-4405-9614-20804cdb1ca4,blind_public_oas_w50,285,attack,2,attack_cpu,hiding,cpu,7.308606103633011,0.8825466351416513,True,nan,nan,False,attack,True,0.92
812b4ab4-a286-4405-9614-20804cdb1ca4,blind_public_oas_w50,286,attack,2,attack_cpu,hiding,cpu,9.413414651736469,0.8825466351416513,True,nan,nan,False,attack,True,0.94
812b4ab4-a286-4405-9614-20804cdb1ca4,blind_public_oas_w50,287,attack,2,attack_cpu,hiding,cpu,6.312722676909078,0.8825466351416513,True,nan,nan,False,attack,True,0.96
812b4ab4-a286-4405-9614-20804cdb1ca4,blind_public_oas_w50,288,attack,2,attack_cpu,hiding,cpu,154.79634419780498,0.8825466351416513,True,nan,nan,False,attack,True,0.98
812b4ab4-a286-4405-9614-20804cdb1ca4,blind_public_oas_w50,289,attack,2,attack_cpu,hiding,cpu,6.615177606527489,0.8825466351416513,True,nan,nan,False,attack,True,1.0
812b4ab4-a286-4405-9614-20804cdb1ca4,blind_public_oas_w50,290,attack,2,attack_cpu,hiding,cpu,3.3438109856706233,0.8825466351416513,True,nan,nan,False,attack,True,1.0
812b4ab4-a286-4405-9614-20804cdb1ca4,blind_public_oas_w50,291,attack,2,attack_cpu,hiding,cpu,3.1786385159625015,0.8825466351416513,True,nan,nan,False,attack,True,1.0
812b4ab4-a286-4405-9614-20804cdb1ca4,blind_public_oas_w50,292,attack,2,attack_cpu,hiding,cpu,5.842530658131923,0.8825466351416513,True,nan,nan,False,attack,True,1.0
812b4ab4-a286-4405-9614-20804cdb1ca4,blind_public_oas_w50,293,attack,2,attack_cpu,hiding,cpu,5.188118553602938,0.8825466351416513,True,nan,nan,False,attack,True,1.0
812b4ab4-a286-4405-9614-20804cdb1ca4,blind_public_oas_w50,294,attack,2,attack_cpu,hiding,cpu,6.504753630224318,0.8825466351416513,True,nan,nan,False,attack,True,1.0
812b4ab4-a286-4405-9614-20804cdb1ca4,blind_public_oas_w50,295,attack,2,attack_cpu,hiding,cpu,1.7916100273370632,0.8825466351416513,True,nan,nan,False,attack,True,1.0
812b4ab4-a286-4405-9614-20804cdb1ca4,blind_public_oas_w50,296,attack,2,attack_cpu,hiding,cpu,42.616690374304305,0.8825466351416513,True,nan,nan,False,attack,True,1.0
812b4ab4-a286-4405-9614-20804cdb1ca4,blind_public_oas_w50,297,attack,2,attack_cpu,hiding,cpu,3.0074311742439055,0.8825466351416513,True,nan,nan,False,attack,True,1.0
812b4ab4-a286-4405-9614-20804cdb1ca4,blind_public_oas_w50,298,attack,2,attack_cpu,hiding,cpu,3.2021279623826215,0.8825466351416513,True,nan,nan,False,attack,True,1.0
812b4ab4-a286-4405-9614-20804cdb1ca4,blind_public_oas_w50,299,attack,2,attack_cpu,hiding,cpu,2.2579020048314185,0.8825466351416513,True,nan,nan,False,attack,True,1.0
812b4ab4-a286-4405-9614-20804cdb1ca4,blind_public_oas_w50,300,attack,2,attack_cpu,hiding,cpu,3.5824519394293914,0.8825466351416513,True,nan,nan,False,attack,True,1.0
812b4ab4-a286-4405-9614-20804cdb1ca4,blind_public_oas_w50,301,attack,2,attack_cpu,hiding,cpu,5.281097335749235,0.8825466351416513,True,nan,nan,False,attack,True,1.0
812b4ab4-a286-4405-9614-20804cdb1ca4,blind_public_oas_w50,302,attack,2,attack_cpu,hiding,cpu,3.41395082978929,0.8825466351416513,True,nan,nan,False,attack,True,1.0
812b4ab4-a286-4405-9614-20804cdb1ca4,blind_public_oas_w50,303,attack,2,attack_cpu,hiding,cpu,6.550652553812133,0.8825466351416513,True,nan,nan,False,attack,True,1.0
812b4ab4-a286-4405-9614-20804cdb1ca4,blind_public_oas_w50,304,attack,2,attack_cpu,hiding,cpu,8.04487709113695,0.8825466351416513,True,nan,nan,False,attack,True,1.0
812b4ab4-a286-4405-9614-20804cdb1ca4,blind_public_oas_w50,305,attack,2,attack_cpu,hiding,cpu,2.628116056265729,0.8825466351416513,True,nan,nan,False,attack,True,1.0
812b4ab4-a286-4405-9614-20804cdb1ca4,blind_public_oas_w50,306,attack,2,attack_cpu,hiding,cpu,21.776547853836536,0.8825466351416513,True,nan,nan,False,attack,True,1.0
812b4ab4-a286-4405-9614-20804cdb1ca4,blind_public_oas_w50,307,attack,2,attack_cpu,hiding,cpu,1.8910749170282808,0.8825466351416513,True,nan,nan,False,attack,True,1.0
812b4ab4-a286-4405-9614-20804cdb1ca4,blind_public_oas_w50,308,attack,2,attack_cpu,hiding,cpu,2.349917325252234,0.8825466351416513,True,nan,nan,False,attack,True,1.0
812b4ab4-a286-4405-9614-20804cdb1ca4,blind_public_oas_w50,309,attack,2,attack_cpu,hiding,cpu,5.628539492189288,0.8825466351416513,True,nan,nan,False,attack,True,1.0
812b4ab4-a286-4405-9614-20804cdb1ca4,blind_public_oas_w50,310,attack,2,attack_cpu,hiding,cpu,1.5440724486452193,0.8825466351416513,True,nan,nan,False,attack,True,1.0
812b4ab4-a286-4405-9614-20804cdb1ca4,blind_public_oas_w50,311,attack,2,attack_cpu,hiding,cpu,1.7044878695247954,0.8825466351416513,True,nan,nan,False,attack,True,1.0
812b4ab4-a286-4405-9614-20804cdb1ca4,blind_public_oas_w50,312,attack,2,attack_cpu,hiding,cpu,15.319127297640998,0.8825466351416513,True,nan,nan,False,attack,True,1.0
812b4ab4-a286-4405-9614-20804cdb1ca4,blind_public_oas_w50,313,attack,2,attack_cpu,hiding,cpu,1.4543622003703889,0.8825466351416513,True,nan,nan,False,attack,True,1.0
812b4ab4-a286-4405-9614-20804cdb1ca4,blind_public_oas_w50,314,attack,2,attack_cpu,hiding,cpu,2.7856048293199343,0.8825466351416513,True,nan,nan,False,attack,True,1.0
812b4ab4-a286-4405-9614-20804cdb1ca4,blind_public_oas_w50,315,attack,2,attack_cpu,hiding,cpu,1.6412427555915232,0.8825466351416513,True,nan,nan,False,attack,True,1.0
812b4ab4-a286-4405-9614-20804cdb1ca4,blind_public_oas_w50,316,attack,2,attack_cpu,hiding,cpu,1.524239278758584,0.8825466351416513,True,nan,nan,False,attack,True,1.0
812b4ab4-a286-4405-9614-20804cdb1ca4,blind_public_oas_w50,317,attack,2,attack_cpu,hiding,cpu,4.447035058330037,0.8825466351416513,True,nan,nan,False,attack,True,1.0
812b4ab4-a286-4405-9614-20804cdb1ca4,blind_public_oas_w50,318,attack,2,attack_cpu,hiding,cpu,2.443663588569871,0.8825466351416513,True,nan,nan,False,attack,True,1.0
812b4ab4-a286-4405-9614-20804cdb1ca4,blind_public_oas_w50,319,attack,2,attack_cpu,hiding,cpu,1.8431058567180898,0.8825466351416513,True,nan,nan,False,attack,True,1.0
812b4ab4-a286-4405-9614-20804cdb1ca4,blind_public_oas_w50,320,attack,2,attack_memory,hiding,memory,8.763182341665601,0.8825466351416513,True,nan,nan,False,attack,True,1.0
812b4ab4-a286-4405-9614-20804cdb1ca4,blind_public_oas_w50,321,attack,2,attack_memory,hiding,memory,2.3049926505367315,0.8825466351416513,True,nan,nan,False,attack,True,1.0
812b4ab4-a286-4405-9614-20804cdb1ca4,blind_public_oas_w50,322,attack,2,attack_memory,hiding,memory,5.412315114040371,0.8825466351416513,True,nan,nan,False,attack,True,1.0
812b4ab4-a286-4405-9614-20804cdb1ca4,blind_public_oas_w50,323,attack,2,attack_memory,hiding,memory,7.662006164631818,0.8825466351416513,True,nan,nan,False,attack,True,1.0
812b4ab4-a286-4405-9614-20804cdb1ca4,blind_public_oas_w50,324,attack,2,attack_memory,hiding,memory,6.701935296266861,0.8825466351416513,True,nan,nan,False,attack,True,1.0
812b4ab4-a286-4405-9614-20804cdb1ca4,blind_public_oas_w50,325,attack,2,attack_memory,hiding,memory,26.251423152904206,0.8825466351416513,True,nan,nan,False,attack,True,1.0
812b4ab4-a286-4405-9614-20804cdb1ca4,blind_public_oas_w50,326,attack,2,attack_memory,hiding,memory,14.99535546524387,0.8825466351416513,True,nan,nan,False,attack,True,1.0
812b4ab4-a286-4405-9614-20804cdb1ca4,blind_public_oas_w50,327,attack,2,attack_memory,hiding,memory,14.412740475113193,0.8825466351416513,True,nan,nan,False,attack,True,1.0
812b4ab4-a286-4405-9614-20804cdb1ca4,blind_public_oas_w50,328,attack,2,attack_memory,hiding,memory,27.235710582994102,0.8825466351416513,True,nan,nan,False,attack,True,1.0
812b4ab4-a286-4405-9614-20804cdb1ca4,blind_public_oas_w50,329,attack,2,attack_memory,hiding,memory,11.121527036627217,0.8825466351416513,True,nan,nan,False,attack,True,1.0
812b4ab4-a286-4405-9614-20804cdb1ca4,blind_public_oas_w50,330,attack,2,attack_memory,hiding,memory,25.24485516077191,0.8825466351416513,True,nan,nan,False,attack,True,1.0
812b4ab4-a286-4405-9614-20804cdb1ca4,blind_public_oas_w50,331,attack,2,attack_memory,hiding,memory,13.276756165379386,0.8825466351416513,True,nan,nan,False,attack,True,1.0
812b4ab4-a286-4405-9614-20804cdb1ca4,blind_public_oas_w50,332,attack,2,attack_memory,hiding,memory,5.692062154996439,0.8825466351416513,True,nan,nan,False,attack,True,1.0
812b4ab4-a286-4405-9614-20804cdb1ca4,blind_public_oas_w50,333,attack,2,attack_memory,hiding,memory,10.98757909983147,0.8825466351416513,True,nan,nan,False,attack,True,1.0
812b4ab4-a286-4405-9614-20804cdb1ca4,blind_public_oas_w50,334,attack,2,attack_memory,hiding,memory,7.5615800481883255,0.8825466351416513,True,nan,nan,False,attack,True,1.0
812b4ab4-a286-4405-9614-20804cdb1ca4,blind_public_oas_w50,335,attack,2,attack_memory,hiding,memory,7.857476444077201,0.8825466351416513,True,nan,nan,False,attack,True,1.0
812b4ab4-a286-4405-9614-20804cdb1ca4,blind_public_oas_w50,336,attack,2,attack_memory,hiding,memory,3.603791878434947,0.8825466351416513,True,nan,nan,False,attack,True,1.0
812b4ab4-a286-4405-9614-20804cdb1ca4,blind_public_oas_w50,337,attack,2,attack_memory,hiding,memory,24.526498286169648,0.8825466351416513,True,nan,nan,False,attack,True,1.0
812b4ab4-a286-4405-9614-20804cdb1ca4,blind_public_oas_w50,338,attack,2,attack_memory,hiding,memory,8.776083341003242,0.8825466351416513,True,nan,nan,False,attack,True,1.0
812b4ab4-a286-4405-9614-20804cdb1ca4,blind_public_oas_w50,339,attack,2,attack_memory,hiding,memory,14.26102088901169,0.8825466351416513,True,nan,nan,False,attack,True,1.0
812b4ab4-a286-4405-9614-20804cdb1ca4,blind_public_oas_w50,340,attack,2,attack_memory,hiding,memory,9.386460514773509,0.8825466351416513,True,nan,nan,False,attack,True,1.0
812b4ab4-a286-4405-9614-20804cdb1ca4,blind_public_oas_w50,341,attack,2,attack_memory,hiding,memory,6.71552273393233,0.8825466351416513,True,nan,nan,False,attack,True,1.0
812b4ab4-a286-4405-9614-20804cdb1ca4,blind_public_oas_w50,342,attack,2,attack_memory,hiding,memory,26.33257548942509,0.8825466351416513,True,nan,nan,False,attack,True,1.0
812b4ab4-a286-4405-9614-20804cdb1ca4,blind_public_oas_w50,343,attack,2,attack_memory,hiding,memory,9.847886641891712,0.8825466351416513,True,nan,nan,False,attack,True,1.0
812b4ab4-a286-4405-9614-20804cdb1ca4,blind_public_oas_w50,344,attack,2,attack_memory,hiding,memory,9.84509379756635,0.8825466351416513,True,nan,nan,False,attack,True,1.0
812b4ab4-a286-4405-9614-20804cdb1ca4,blind_public_oas_w50,345,attack,2,attack_memory,hiding,memory,8.055312271817499,0.8825466351416513,True,nan,nan,False,attack,True,1.0
812b4ab4-a286-4405-9614-20804cdb1ca4,blind_public_oas_w50,346,attack,2,attack_memory,hiding,memory,16.236730766785186,0.8825466351416513,True,nan,nan,False,attack,True,1.0
812b4ab4-a286-4405-9614-20804cdb1ca4,blind_public_oas_w50,347,attack,2,attack_memory,hiding,memory,10.189055542348601,0.8825466351416513,True,nan,nan,False,attack,True,1.0
812b4ab4-a286-4405-9614-20804cdb1ca4,blind_public_oas_w50,348,attack,2,attack_memory,hiding,memory,33.99633692001552,0.8825466351416513,True,nan,nan,False,attack,True,1.0
812b4ab4-a286-4405-9614-20804cdb1ca4,blind_public_oas_w50,349,attack,2,attack_memory,hiding,memory,10.9632063500894,0.8825466351416513,True,nan,nan,False,attack,True,1.0
812b4ab4-a286-4405-9614-20804cdb1ca4,blind_public_oas_w50,350,attack,2,attack_memory,hiding,memory,9.430658460156017,0.8825466351416513,True,nan,nan,False,attack,True,1.0
812b4ab4-a286-4405-9614-20804cdb1ca4,blind_public_oas_w50,351,attack,2,attack_memory,hiding,memory,72.63807232311495,0.8825466351416513,True,nan,nan,False,attack,True,1.0
812b4ab4-a286-4405-9614-20804cdb1ca4,blind_public_oas_w50,352,attack,2,attack_memory,hiding,memory,5.750689450160268,0.8825466351416513,True,nan,nan,False,attack,True,1.0
812b4ab4-a286-4405-9614-20804cdb1ca4,blind_public_oas_w50,353,attack,2,attack_memory,hiding,memory,3.4898551256144295,0.8825466351416513,True,nan,nan,False,attack,True,1.0
812b4ab4-a286-4405-9614-20804cdb1ca4,blind_public_oas_w50,354,attack,2,attack_memory,hiding,memory,2.9222773555056754,0.8825466351416513,True,nan,nan,False,attack,True,1.0
812b4ab4-a286-4405-9614-20804cdb1ca4,blind_public_oas_w50,355,attack,2,attack_memory,hiding,memory,3.9138886901071115,0.8825466351416513,True,nan,nan,False,attack,True,1.0
812b4ab4-a286-4405-9614-20804cdb1ca4,blind_public_oas_w50,356,attack,2,attack_memory,hiding,memory,2.924405195810005,0.8825466351416513,True,nan,nan,False,attack,True,1.0
812b4ab4-a286-4405-9614-20804cdb1ca4,blind_public_oas_w50,357,attack,2,attack_memory,hiding,memory,2.747450878883502,0.8825466351416513,True,nan,nan,False,attack,True,1.0
812b4ab4-a286-4405-9614-20804cdb1ca4,blind_public_oas_w50,358,attack,2,attack_memory,hiding,memory,13.80778847736464,0.8825466351416513,True,nan,nan,False,attack,True,1.0
812b4ab4-a286-4405-9614-20804cdb1ca4,blind_public_oas_w50,359,attack,2,attack_memory,hiding,memory,21.450008294281933,0.8825466351416513,True,nan,nan,False,attack,True,1.0
812b4ab4-a286-4405-9614-20804cdb1ca4,blind_public_oas_w50,360,attack,2,attack_mixed,hiding,mixed,3.3597463586378202,0.8825466351416513,True,nan,nan,False,attack,True,1.0
812b4ab4-a286-4405-9614-20804cdb1ca4,blind_public_oas_w50,361,attack,2,attack_mixed,hiding,mixed,1.7501887059145487,0.8825466351416513,True,nan,nan,False,attack,True,1.0
812b4ab4-a286-4405-9614-20804cdb1ca4,blind_public_oas_w50,362,attack,2,attack_mixed,hiding,mixed,2.493686693619963,0.8825466351416513,True,nan,nan,False,attack,True,1.0
812b4ab4-a286-4405-9614-20804cdb1ca4,blind_public_oas_w50,363,attack,2,attack_mixed,hiding,mixed,3.3833873077669385,0.8825466351416513,True,nan,nan,False,attack,True,1.0
812b4ab4-a286-4405-9614-20804cdb1ca4,blind_public_oas_w50,364,attack,2,attack_mixed,hiding,mixed,5.0329879991156465,0.8825466351416513,True,nan,nan,False,attack,True,1.0
812b4ab4-a286-4405-9614-20804cdb1ca4,blind_public_oas_w50,365,attack,2,attack_mixed,hiding,mixed,1.906132356171639,0.8825466351416513,True,nan,nan,False,attack,True,1.0
812b4ab4-a286-4405-9614-20804cdb1ca4,blind_public_oas_w50,366,attack,2,attack_mixed,hiding,mixed,5.115016163549452,0.8825466351416513,True,nan,nan,False,attack,True,1.0
812b4ab4-a286-4405-9614-20804cdb1ca4,blind_public_oas_w50,367,attack,2,attack_mixed,hiding,mixed,4.709107579837761,0.8825466351416513,True,nan,nan,False,attack,True,1.0
812b4ab4-a286-4405-9614-20804cdb1ca4,blind_public_oas_w50,368,attack,2,attack_mixed,hiding,mixed,4.987392990841859,0.8825466351416513,True,nan,nan,False,attack,True,1.0
812b4ab4-a286-4405-9614-20804cdb1ca4,blind_public_oas_w50,369,attack,2,attack_mixed,hiding,mixed,2.9770795569499864,0.8825466351416513,True,nan,nan,False,attack,True,1.0
812b4ab4-a286-4405-9614-20804cdb1ca4,blind_public_oas_w50,370,attack,2,attack_mixed,hiding,mixed,2.181969246048376,0.8825466351416513,True,nan,nan,False,attack,True,1.0
812b4ab4-a286-4405-9614-20804cdb1ca4,blind_public_oas_w50,371,attack,2,attack_mixed,hiding,mixed,4.752052793636715,0.8825466351416513,True,nan,nan,False,attack,True,1.0
812b4ab4-a286-4405-9614-20804cdb1ca4,blind_public_oas_w50,372,attack,2,attack_mixed,hiding,mixed,6.242660533794453,0.8825466351416513,True,nan,nan,False,attack,True,1.0
812b4ab4-a286-4405-9614-20804cdb1ca4,blind_public_oas_w50,373,attack,2,attack_mixed,hiding,mixed,187.26593218979428,0.8825466351416513,True,nan,nan,False,attack,True,1.0
812b4ab4-a286-4405-9614-20804cdb1ca4,blind_public_oas_w50,374,attack,2,attack_mixed,hiding,mixed,4802.403888555561,0.8825466351416513,True,nan,nan,False,attack,True,1.0
812b4ab4-a286-4405-9614-20804cdb1ca4,blind_public_oas_w50,375,attack,2,attack_mixed,hiding,mixed,5.3217929555862575,0.8825466351416513,True,nan,nan,False,attack,True,1.0
812b4ab4-a286-4405-9614-20804cdb1ca4,blind_public_oas_w50,376,attack,2,attack_mixed,hiding,mixed,2.663247810600895,0.8825466351416513,True,nan,nan,False,attack,True,1.0
812b4ab4-a286-4405-9614-20804cdb1ca4,blind_public_oas_w50,377,attack,2,attack_mixed,hiding,mixed,1.3683248215123813,0.8825466351416513,True,nan,nan,False,attack,True,1.0
812b4ab4-a286-4405-9614-20804cdb1ca4,blind_public_oas_w50,378,attack,2,attack_mixed,hiding,mixed,2.1869949787512053,0.8825466351416513,True,nan,nan,False,attack,True,1.0
812b4ab4-a286-4405-9614-20804cdb1ca4,blind_public_oas_w50,379,attack,2,attack_mixed,hiding,mixed,4.208570057192475,0.8825466351416513,True,nan,nan,False,attack,True,1.0
812b4ab4-a286-4405-9614-20804cdb1ca4,blind_public_oas_w50,380,attack,2,attack_mixed,hiding,mixed,1.6314285412704443,0.8825466351416513,True,nan,nan,False,attack,True,1.0
812b4ab4-a286-4405-9614-20804cdb1ca4,blind_public_oas_w50,381,attack,2,attack_mixed,hiding,mixed,4.826395032284839,0.8825466351416513,True,nan,nan,False,attack,True,1.0
812b4ab4-a286-4405-9614-20804cdb1ca4,blind_public_oas_w50,382,attack,2,attack_mixed,hiding,mixed,2.820924113388422,0.8825466351416513,True,nan,nan,False,attack,True,1.0
812b4ab4-a286-4405-9614-20804cdb1ca4,blind_public_oas_w50,383,attack,2,attack_mixed,hiding,mixed,2.014654510015689,0.8825466351416513,True,nan,nan,False,attack,True,1.0
812b4ab4-a286-4405-9614-20804cdb1ca4,blind_public_oas_w50,384,attack,2,attack_mixed,hiding,mixed,2.5767725498246894,0.8825466351416513,True,nan,nan,False,attack,True,1.0
812b4ab4-a286-4405-9614-20804cdb1ca4,blind_public_oas_w50,385,attack,2,attack_mixed,hiding,mixed,1.86530252361145,0.8825466351416513,True,nan,nan,False,attack,True,1.0
812b4ab4-a286-4405-9614-20804cdb1ca4,blind_public_oas_w50,386,attack,2,attack_mixed,hiding,mixed,2.466554303350735,0.8825466351416513,True,nan,nan,False,attack,True,1.0
812b4ab4-a286-4405-9614-20804cdb1ca4,blind_public_oas_w50,387,attack,2,attack_mixed,hiding,mixed,102.97380370942902,0.8825466351416513,True,nan,nan,False,attack,True,1.0
812b4ab4-a286-4405-9614-20804cdb1ca4,blind_public_oas_w50,388,attack,2,attack_mixed,hiding,mixed,1.2830204495634026,0.8825466351416513,True,nan,nan,False,attack,True,1.0
812b4ab4-a286-4405-9614-20804cdb1ca4,blind_public_oas_w50,389,attack,2,attack_mixed,hiding,mixed,1.5728866442255405,0.8825466351416513,True,nan,nan,False,attack,True,1.0
812b4ab4-a286-4405-9614-20804cdb1ca4,blind_public_oas_w50,390,attack,2,attack_mixed,hiding,mixed,2.114555734782642,0.8825466351416513,True,nan,nan,False,attack,True,1.0
812b4ab4-a286-4405-9614-20804cdb1ca4,blind_public_oas_w50,391,attack,2,attack_mixed,hiding,mixed,0.39272530639829883,0.8825466351416513,False,nan,nan,False,normal,True,1.0
812b4ab4-a286-4405-9614-20804cdb1ca4,blind_public_oas_w50,392,attack,2,attack_mixed,hiding,mixed,1.152302991732207,0.8825466351416513,True,nan,nan,False,attack,True,1.0
812b4ab4-a286-4405-9614-20804cdb1ca4,blind_public_oas_w50,393,attack,2,attack_mixed,hiding,mixed,1.8012744932388527,0.8825466351416513,True,nan,nan,False,attack,True,1.0
812b4ab4-a286-4405-9614-20804cdb1ca4,blind_public_oas_w50,394,attack,2,attack_mixed,hiding,mixed,1.9560451938286665,0.8825466351416513,True,nan,nan,False,attack,True,1.0
812b4ab4-a286-4405-9614-20804cdb1ca4,blind_public_oas_w50,395,attack,2,attack_mixed,hiding,mixed,1.4732313695677486,0.8825466351416513,True,nan,nan,False,attack,True,1.0
812b4ab4-a286-4405-9614-20804cdb1ca4,blind_public_oas_w50,396,attack,2,attack_mixed,hiding,mixed,1.5445400639404574,0.8825466351416513,True,nan,nan,False,attack,True,1.0
812b4ab4-a286-4405-9614-20804cdb1ca4,blind_public_oas_w50,397,attack,2,attack_mixed,hiding,mixed,1.7939837777624044,0.8825466351416513,True,nan,nan,False,attack,True,1.0
812b4ab4-a286-4405-9614-20804cdb1ca4,blind_public_oas_w50,398,attack,2,attack_mixed,hiding,mixed,1.5426414286738257,0.8825466351416513,True,nan,nan,False,attack,True,1.0
812b4ab4-a286-4405-9614-20804cdb1ca4,blind_public_oas_w50,399,attack,2,attack_mixed,hiding,mixed,0.6860780170937959,0.8825466351416513,False,nan,nan,False,normal,True,1.0
812b4ab4-a286-4405-9614-20804cdb1ca4,blind_public_oas_w50,400,recovery,3,normal_recovery,unloaded,baseline,33.84891805675527,0.8825466351416513,True,nan,nan,False,attack,True,0.98
812b4ab4-a286-4405-9614-20804cdb1ca4,blind_public_oas_w50,401,recovery,3,normal_recovery,unloaded,baseline,22.970771864065966,0.8825466351416513,True,nan,nan,False,attack,True,0.96
812b4ab4-a286-4405-9614-20804cdb1ca4,blind_public_oas_w50,402,recovery,3,normal_recovery,unloaded,baseline,19.36507525665558,0.8825466351416513,True,nan,nan,False,attack,True,0.94
812b4ab4-a286-4405-9614-20804cdb1ca4,blind_public_oas_w50,403,recovery,3,normal_recovery,unloaded,baseline,9.958622206497113,0.8825466351416513,True,nan,nan,False,attack,True,0.92
812b4ab4-a286-4405-9614-20804cdb1ca4,blind_public_oas_w50,404,recovery,3,normal_recovery,unloaded,baseline,7.039191207669491,0.8825466351416513,True,nan,nan,False,attack,True,0.9
812b4ab4-a286-4405-9614-20804cdb1ca4,blind_public_oas_w50,405,recovery,3,normal_recovery,unloaded,baseline,26.361936590813844,0.8825466351416513,True,nan,nan,False,attack,True,0.88
812b4ab4-a286-4405-9614-20804cdb1ca4,blind_public_oas_w50,406,recovery,3,normal_recovery,unloaded,baseline,6.884102482375338,0.8825466351416513,True,nan,nan,False,attack,True,0.86
812b4ab4-a286-4405-9614-20804cdb1ca4,blind_public_oas_w50,407,recovery,3,normal_recovery,unloaded,baseline,11.628472021274208,0.8825466351416513,True,nan,nan,False,attack,True,0.84
812b4ab4-a286-4405-9614-20804cdb1ca4,blind_public_oas_w50,408,recovery,3,normal_recovery,unloaded,baseline,36.4582565590591,0.8825466351416513,True,nan,nan,False,attack,True,0.82
812b4ab4-a286-4405-9614-20804cdb1ca4,blind_public_oas_w50,409,recovery,3,normal_recovery,unloaded,baseline,10.425275688801847,0.8825466351416513,True,nan,nan,False,attack,True,0.8
812b4ab4-a286-4405-9614-20804cdb1ca4,blind_public_oas_w50,410,recovery,3,normal_recovery,unloaded,baseline,21.888356068360565,0.8825466351416513,True,nan,nan,False,attack,True,0.78
812b4ab4-a286-4405-9614-20804cdb1ca4,blind_public_oas_w50,411,recovery,3,normal_recovery,unloaded,baseline,4.0022068905782895,0.8825466351416513,True,nan,nan,False,attack,True,0.76
812b4ab4-a286-4405-9614-20804cdb1ca4,blind_public_oas_w50,412,recovery,3,normal_recovery,unloaded,baseline,11.650557388066924,0.8825466351416513,True,nan,nan,False,attack,True,0.74
812b4ab4-a286-4405-9614-20804cdb1ca4,blind_public_oas_w50,413,recovery,3,normal_recovery,unloaded,baseline,8.185455448105001,0.8825466351416513,True,nan,nan,False,attack,True,0.72
812b4ab4-a286-4405-9614-20804cdb1ca4,blind_public_oas_w50,414,recovery,3,normal_recovery,unloaded,baseline,6.788931836508456,0.8825466351416513,True,nan,nan,False,attack,True,0.7
812b4ab4-a286-4405-9614-20804cdb1ca4,blind_public_oas_w50,415,recovery,3,normal_recovery,unloaded,baseline,2.2978326675153347,0.8825466351416513,True,nan,nan,False,attack,True,0.68
812b4ab4-a286-4405-9614-20804cdb1ca4,blind_public_oas_w50,416,recovery,3,normal_recovery,unloaded,baseline,2.3587537953890694,0.8825466351416513,True,nan,nan,False,attack,True,0.66
812b4ab4-a286-4405-9614-20804cdb1ca4,blind_public_oas_w50,417,recovery,3,normal_recovery,unloaded,baseline,8.026562912264978,0.8825466351416513,True,nan,nan,False,attack,True,0.64
812b4ab4-a286-4405-9614-20804cdb1ca4,blind_public_oas_w50,418,recovery,3,normal_recovery,unloaded,baseline,14.705561613605905,0.8825466351416513,True,nan,nan,False,attack,True,0.62
812b4ab4-a286-4405-9614-20804cdb1ca4,blind_public_oas_w50,419,recovery,3,normal_recovery,unloaded,baseline,2.9863723588494393,0.8825466351416513,True,nan,nan,False,attack,True,0.6
812b4ab4-a286-4405-9614-20804cdb1ca4,blind_public_oas_w50,420,recovery,3,normal_recovery,unloaded,baseline,7.979138431859369,0.8825466351416513,True,nan,nan,False,attack,True,0.58
812b4ab4-a286-4405-9614-20804cdb1ca4,blind_public_oas_w50,421,recovery,3,normal_recovery,unloaded,baseline,17.78802814657003,0.8825466351416513,True,nan,nan,False,attack,True,0.56
812b4ab4-a286-4405-9614-20804cdb1ca4,blind_public_oas_w50,422,recovery,3,normal_recovery,unloaded,baseline,6.785817955972185,0.8825466351416513,True,nan,nan,False,attack,True,0.54
812b4ab4-a286-4405-9614-20804cdb1ca4,blind_public_oas_w50,423,recovery,3,normal_recovery,unloaded,baseline,6.243925626305592,0.8825466351416513,True,nan,nan,False,attack,True,0.52
812b4ab4-a286-4405-9614-20804cdb1ca4,blind_public_oas_w50,424,recovery,3,normal_recovery,unloaded,baseline,12.001647393259093,0.8825466351416513,True,nan,nan,False,attack,True,0.5
812b4ab4-a286-4405-9614-20804cdb1ca4,blind_public_oas_w50,425,recovery,3,normal_recovery,unloaded,baseline,3.8974052220896973,0.8825466351416513,True,nan,nan,False,attack,True,0.48
812b4ab4-a286-4405-9614-20804cdb1ca4,blind_public_oas_w50,426,recovery,3,normal_recovery,unloaded,baseline,10.424508509655068,0.8825466351416513,True,nan,nan,False,attack,True,0.46
812b4ab4-a286-4405-9614-20804cdb1ca4,blind_public_oas_w50,427,recovery,3,normal_recovery,unloaded,baseline,3.5178003136413376,0.8825466351416513,True,nan,nan,False,attack,True,0.44
812b4ab4-a286-4405-9614-20804cdb1ca4,blind_public_oas_w50,428,recovery,3,normal_recovery,unloaded,baseline,25.289005723086543,0.8825466351416513,True,nan,nan,False,attack,True,0.42
812b4ab4-a286-4405-9614-20804cdb1ca4,blind_public_oas_w50,429,recovery,3,normal_recovery,unloaded,baseline,12.066468529338762,0.8825466351416513,True,nan,nan,False,attack,True,0.4
812b4ab4-a286-4405-9614-20804cdb1ca4,blind_public_oas_w50,430,recovery,3,normal_recovery,unloaded,baseline,12.198960089637971,0.8825466351416513,True,nan,nan,False,attack,True,0.38
812b4ab4-a286-4405-9614-20804cdb1ca4,blind_public_oas_w50,431,recovery,3,normal_recovery,unloaded,baseline,193.81911647919685,0.8825466351416513,True,nan,nan,False,attack,True,0.36
812b4ab4-a286-4405-9614-20804cdb1ca4,blind_public_oas_w50,432,recovery,3,normal_recovery,unloaded,baseline,8.73080015813532,0.8825466351416513,True,nan,nan,False,attack,True,0.34
812b4ab4-a286-4405-9614-20804cdb1ca4,blind_public_oas_w50,433,recovery,3,normal_recovery,unloaded,baseline,4.039295554650461,0.8825466351416513,True,nan,nan,False,attack,True,0.32
812b4ab4-a286-4405-9614-20804cdb1ca4,blind_public_oas_w50,434,recovery,3,normal_recovery,unloaded,baseline,11.045364630443805,0.8825466351416513,True,nan,nan,False,attack,True,0.3
812b4ab4-a286-4405-9614-20804cdb1ca4,blind_public_oas_w50,435,recovery,3,normal_recovery,unloaded,baseline,8.487757798941377,0.8825466351416513,True,nan,nan,False,attack,True,0.28
812b4ab4-a286-4405-9614-20804cdb1ca4,blind_public_oas_w50,436,recovery,3,normal_recovery,unloaded,baseline,16.231326107801923,0.8825466351416513,True,nan,nan,False,attack,True,0.26
812b4ab4-a286-4405-9614-20804cdb1ca4,blind_public_oas_w50,437,recovery,3,normal_recovery,unloaded,baseline,21.92943241385094,0.8825466351416513,True,nan,nan,False,attack,True,0.24
812b4ab4-a286-4405-9614-20804cdb1ca4,blind_public_oas_w50,438,recovery,3,normal_recovery,unloaded,baseline,2.15330024644008,0.8825466351416513,True,nan,nan,False,attack,True,0.22
812b4ab4-a286-4405-9614-20804cdb1ca4,blind_public_oas_w50,439,recovery,3,normal_recovery,unloaded,baseline,3.750753764970258,0.8825466351416513,True,nan,nan,False,attack,True,0.2
812b4ab4-a286-4405-9614-20804cdb1ca4,blind_public_oas_w50,440,sham_control,4,sham_negative_baseline,sham,baseline,4.770800600133162,0.8825466351416513,True,nan,nan,False,attack,True,0.18
812b4ab4-a286-4405-9614-20804cdb1ca4,blind_public_oas_w50,441,sham_control,4,sham_negative_baseline,sham,baseline,4.914763369391876,0.8825466351416513,True,nan,nan,False,attack,True,0.16
812b4ab4-a286-4405-9614-20804cdb1ca4,blind_public_oas_w50,442,sham_control,4,sham_negative_baseline,sham,baseline,6.745153522982792,0.8825466351416513,True,nan,nan,False,attack,True,0.14
812b4ab4-a286-4405-9614-20804cdb1ca4,blind_public_oas_w50,443,sham_control,4,sham_negative_baseline,sham,baseline,14.149563499651666,0.8825466351416513,True,nan,nan,False,attack,True,0.12
812b4ab4-a286-4405-9614-20804cdb1ca4,blind_public_oas_w50,444,sham_control,4,sham_negative_baseline,sham,baseline,3.617625897986996,0.8825466351416513,True,nan,nan,False,attack,True,0.1
812b4ab4-a286-4405-9614-20804cdb1ca4,blind_public_oas_w50,445,sham_control,4,sham_negative_baseline,sham,baseline,3.7929394803790495,0.8825466351416513,True,nan,nan,False,attack,True,0.08
812b4ab4-a286-4405-9614-20804cdb1ca4,blind_public_oas_w50,446,sham_control,4,sham_negative_baseline,sham,baseline,5.4687486628657185,0.8825466351416513,True,nan,nan,False,attack,True,0.06
812b4ab4-a286-4405-9614-20804cdb1ca4,blind_public_oas_w50,447,sham_control,4,sham_negative_baseline,sham,baseline,55.28963864749623,0.8825466351416513,True,nan,nan,False,attack,True,0.04
812b4ab4-a286-4405-9614-20804cdb1ca4,blind_public_oas_w50,448,sham_control,4,sham_negative_baseline,sham,baseline,2.759339586092351,0.8825466351416513,True,nan,nan,False,attack,True,0.02
812b4ab4-a286-4405-9614-20804cdb1ca4,blind_public_oas_w50,449,sham_control,4,sham_negative_baseline,sham,baseline,3.5238550688739867,0.8825466351416513,True,nan,nan,False,attack,True,0.0
812b4ab4-a286-4405-9614-20804cdb1ca4,blind_public_oas_w50,450,sham_control,4,sham_negative_cpu,sham,cpu,14.262155844747147,0.8825466351416513,True,nan,nan,False,attack,True,0.0
812b4ab4-a286-4405-9614-20804cdb1ca4,blind_public_oas_w50,451,sham_control,4,sham_negative_cpu,sham,cpu,13.926278339774935,0.8825466351416513,True,nan,nan,False,attack,True,0.0
812b4ab4-a286-4405-9614-20804cdb1ca4,blind_public_oas_w50,452,sham_control,4,sham_negative_cpu,sham,cpu,16.16992306615641,0.8825466351416513,True,nan,nan,False,attack,True,0.0
812b4ab4-a286-4405-9614-20804cdb1ca4,blind_public_oas_w50,453,sham_control,4,sham_negative_cpu,sham,cpu,12.441476253983616,0.8825466351416513,True,nan,nan,False,attack,True,0.0
812b4ab4-a286-4405-9614-20804cdb1ca4,blind_public_oas_w50,454,sham_control,4,sham_negative_cpu,sham,cpu,33.63576832581073,0.8825466351416513,True,nan,nan,False,attack,True,0.0
812b4ab4-a286-4405-9614-20804cdb1ca4,blind_public_oas_w50,455,sham_control,4,sham_negative_cpu,sham,cpu,8.408835674864852,0.8825466351416513,True,nan,nan,False,attack,True,0.0
812b4ab4-a286-4405-9614-20804cdb1ca4,blind_public_oas_w50,456,sham_control,4,sham_negative_cpu,sham,cpu,7.632906181949354,0.8825466351416513,True,nan,nan,False,attack,True,0.0
812b4ab4-a286-4405-9614-20804cdb1ca4,blind_public_oas_w50,457,sham_control,4,sham_negative_cpu,sham,cpu,10.713532084873933,0.8825466351416513,True,nan,nan,False,attack,True,0.0
812b4ab4-a286-4405-9614-20804cdb1ca4,blind_public_oas_w50,458,sham_control,4,sham_negative_cpu,sham,cpu,16.692755721512082,0.8825466351416513,True,nan,nan,False,attack,True,0.0
812b4ab4-a286-4405-9614-20804cdb1ca4,blind_public_oas_w50,459,sham_control,4,sham_negative_cpu,sham,cpu,10.92249680628373,0.8825466351416513,True,nan,nan,False,attack,True,0.0
