dataset,path,batch_id,boot,label,condition,iterations,iterate_calls,unique_pids,pids_with_one_call,pids_with_two_calls,pids_with_other_call_count,all_q10_ns,first_q10_ns,first_median_ns,first_q90_ns,second_q10_ns,second_median_ns,second_q90_ns
D2,results/d2_formal/r1/boot_01/batch_20260914T140308.208296Z_176bf366.json.gz,20260914T140308.208296Z_176bf366,896059f8-621f-4b22-8deb-daaeb98f7d22,rootkit,memory,100,100,100,100,0,0,39565.1,39565.1,46593.5,116189.8,nan,nan,nan
D2,results/d2_formal/r1/boot_01/batch_20260914T140321.921949Z_94f0fa74.json.gz,20260914T140321.921949Z_94f0fa74,896059f8-621f-4b22-8deb-daaeb98f7d22,rootkit,mixed,100,100,100,100,0,0,46666.1,46666.1,66148.5,85849.00000000003,nan,nan,nan
D2,results/d2_formal/r1/boot_01/batch_20260914T140328.988971Z_ece6d7b5.json.gz,20260914T140328.988971Z_ece6d7b5,896059f8-621f-4b22-8deb-daaeb98f7d22,rootkit,baseline,100,100,100,100,0,0,39442.2,39442.2,63987.5,72971.6,nan,nan,nan
D2,results/d2_formal/r1/boot_01/batch_20260914T140342.885304Z_b3d0346f.json.gz,20260914T140342.885304Z_b3d0346f,896059f8-621f-4b22-8deb-daaeb98f7d22,rootkit,cpu,100,100,100,100,0,0,44570.1,44570.1,63652.5,87624.40000000002,nan,nan,nan
D2,results/d2_formal/r1/boot_01/batch_20260914T140350.413953Z_946cb4ad.json.gz,20260914T140350.413953Z_946cb4ad,896059f8-621f-4b22-8deb-daaeb98f7d22,normal,baseline,100,200,100,0,100,0,13571.3,100871.4,127190.5,146263.10000000003,13407.9,13922.0,15330.500000000005
D2,results/d2_formal/r1/boot_01/batch_20260914T140358.786054Z_0ed91b4b.json.gz,20260914T140358.786054Z_0ed91b4b,896059f8-621f-4b22-8deb-daaeb98f7d22,normal,memory,100,200,100,0,100,0,13617.7,98744.4,120162.5,213582.60000000003,13527.7,14000.0,17676.200000000008
D2,results/d2_formal/r1/boot_01/batch_20260914T140412.373042Z_eb88ff3e.json.gz,20260914T140412.373042Z_eb88ff3e,896059f8-621f-4b22-8deb-daaeb98f7d22,normal,mixed,100,200,100,0,100,0,13502.1,101619.2,122371.0,148383.80000000002,13364.4,14142.0,16648.5
D2,results/d2_formal/r1/boot_01/batch_20260914T140426.123012Z_089283cb.json.gz,20260914T140426.123012Z_089283cb,896059f8-621f-4b22-8deb-daaeb98f7d22,normal,cpu,100,200,100,0,100,0,13558.8,102711.0,128290.5,182252.80000000002,13403.6,15821.5,17152.8
D2,results/d2_formal/r1/boot_01/batch_20260914T140440.981963Z_0700a26d.json.gz,20260914T140440.981963Z_0700a26d,896059f8-621f-4b22-8deb-daaeb98f7d22,normal,mixed,100,200,100,0,100,0,13629.6,105123.6,137085.5,193070.90000000005,13513.7,16175.0,20748.2
D2,results/d2_formal/r1/boot_01/batch_20260914T140448.049577Z_d5bbb95a.json.gz,20260914T140448.049577Z_d5bbb95a,896059f8-621f-4b22-8deb-daaeb98f7d22,normal,baseline,100,200,100,0,100,0,13592.0,97455.0,100511.0,140766.90000000005,13538.0,13780.0,14444.2
D2,results/d2_formal/r1/boot_01/batch_20260914T140455.774745Z_14bf98c7.json.gz,20260914T140455.774745Z_14bf98c7,896059f8-621f-4b22-8deb-daaeb98f7d22,normal,memory,100,200,100,0,100,0,13459.7,96949.8,100052.5,121388.70000000001,13375.7,13689.0,14349.9
D2,results/d2_formal/r1/boot_01/batch_20260914T140509.611210Z_af970c14.json.gz,20260914T140509.611210Z_af970c14,896059f8-621f-4b22-8deb-daaeb98f7d22,normal,cpu,100,200,100,0,100,0,13525.2,101571.0,123852.5,158617.7,13430.3,15739.5,19227.7
D2,results/d2_formal/r1/boot_01/batch_20260914T140523.562516Z_838b09a7.json.gz,20260914T140523.562516Z_838b09a7,896059f8-621f-4b22-8deb-daaeb98f7d22,rootkit,mixed,100,100,100,100,0,0,42621.2,42621.2,59134.5,96583.8,nan,nan,nan
D2,results/d2_formal/r1/boot_01/batch_20260914T140537.365273Z_f44836e3.json.gz,20260914T140537.365273Z_f44836e3,896059f8-621f-4b22-8deb-daaeb98f7d22,rootkit,cpu,100,100,100,100,0,0,42349.3,42349.3,59575.0,91648.1,nan,nan,nan
D2,results/d2_formal/r1/boot_01/batch_20260914T140545.407553Z_bc83b891.json.gz,20260914T140545.407553Z_bc83b891,896059f8-621f-4b22-8deb-daaeb98f7d22,rootkit,memory,100,100,100,100,0,0,38741.6,38741.6,42064.0,77585.10000000005,nan,nan,nan
D2,results/d2_formal/r1/boot_01/batch_20260914T140552.472636Z_7b245631.json.gz,20260914T140552.472636Z_7b245631,896059f8-621f-4b22-8deb-daaeb98f7d22,rootkit,baseline,100,100,100,100,0,0,40821.7,40821.7,67025.5,72583.00000000003,nan,nan,nan
D2,results/d2_formal/r1/boot_01/batch_20260914T140606.168272Z_9a21fb3f.json.gz,20260914T140606.168272Z_9a21fb3f,896059f8-621f-4b22-8deb-daaeb98f7d22,rootkit,mixed,100,100,100,100,0,0,42589.1,42589.1,58090.0,95694.6,nan,nan,nan
D2,results/d2_formal/r1/boot_01/batch_20260914T140614.317314Z_ab4fd917.json.gz,20260914T140614.317314Z_ab4fd917,896059f8-621f-4b22-8deb-daaeb98f7d22,rootkit,memory,100,100,100,100,0,0,38883.0,38883.0,41555.0,47213.400000000045,nan,nan,nan
D2,results/d2_formal/r1/boot_01/batch_20260914T140621.560084Z_cb3e1ae4.json.gz,20260914T140621.560084Z_cb3e1ae4,896059f8-621f-4b22-8deb-daaeb98f7d22,rootkit,baseline,100,100,100,100,0,0,41259.9,41259.9,48934.0,76996.40000000004,nan,nan,nan
D2,results/d2_formal/r1/boot_01/batch_20260914T140635.405613Z_411f8859.json.gz,20260914T140635.405613Z_411f8859,896059f8-621f-4b22-8deb-daaeb98f7d22,rootkit,cpu,100,100,100,100,0,0,42733.9,42733.9,61313.5,78657.50000000001,nan,nan,nan
D2,results/d2_formal/r1/boot_01/batch_20260914T140649.989719Z_88c582f0.json.gz,20260914T140649.989719Z_88c582f0,896059f8-621f-4b22-8deb-daaeb98f7d22,normal,cpu,100,200,100,0,100,0,13605.1,103854.6,135614.0,202288.80000000002,13474.5,16274.5,21768.5
D2,results/d2_formal/r1/boot_01/batch_20260914T140657.215568Z_1fc92049.json.gz,20260914T140657.215568Z_1fc92049,896059f8-621f-4b22-8deb-daaeb98f7d22,normal,baseline,100,200,100,0,100,0,13625.9,103256.4,128787.5,186015.40000000005,13532.9,14052.5,16456.5
D2,results/d2_formal/r1/boot_01/batch_20260914T140705.388700Z_2a0e25b9.json.gz,20260914T140705.388700Z_2a0e25b9,896059f8-621f-4b22-8deb-daaeb98f7d22,normal,memory,100,200,100,0,100,0,13458.4,99052.0,102911.0,154849.30000000002,13401.1,13715.0,16656.8
D2,results/d2_formal/r1/boot_01/batch_20260914T140719.394405Z_955f1341.json.gz,20260914T140719.394405Z_955f1341,896059f8-621f-4b22-8deb-daaeb98f7d22,normal,mixed,100,200,100,0,100,0,13638.7,104679.5,132204.0,188152.7,13487.7,15944.0,20609.200000000023
D2,results/d2_formal/r1/boot_01/batch_20260914T140731.217208Z_84388ae0.json.gz,20260914T140731.217208Z_84388ae0,896059f8-621f-4b22-8deb-daaeb98f7d22,rootkit,mixed,100,100,100,100,0,0,50367.6,50367.6,66660.0,97223.40000000001,nan,nan,nan
D2,results/d2_formal/r1/boot_01/batch_20260914T140738.230455Z_71bcb676.json.gz,20260914T140738.230455Z_71bcb676,896059f8-621f-4b22-8deb-daaeb98f7d22,rootkit,baseline,100,100,100,100,0,0,40593.1,40593.1,55726.0,84879.70000000001,nan,nan,nan
D2,results/d2_formal/r1/boot_01/batch_20260914T140752.216441Z_8eee196d.json.gz,20260914T140752.216441Z_8eee196d,896059f8-621f-4b22-8deb-daaeb98f7d22,rootkit,cpu,100,100,100,100,0,0,43373.3,43373.3,62302.0,83601.2,nan,nan,nan
D2,results/d2_formal/r1/boot_01/batch_20260914T140800.501881Z_723cf88d.json.gz,20260914T140800.501881Z_723cf88d,896059f8-621f-4b22-8deb-daaeb98f7d22,rootkit,memory,100,100,100,100,0,0,37632.4,37632.4,40205.5,53087.60000000003,nan,nan,nan
D2,results/d2_formal/r1/boot_01/batch_20260914T140809.380369Z_9cd95939.json.gz,20260914T140809.380369Z_9cd95939,896059f8-621f-4b22-8deb-daaeb98f7d22,normal,memory,100,200,100,0,100,0,13707.8,102500.9,126017.5,204749.70000000004,13539.1,15895.5,18093.6
D2,results/d2_formal/r1/boot_01/batch_20260914T140823.160757Z_eb37d724.json.gz,20260914T140823.160757Z_eb37d724,896059f8-621f-4b22-8deb-daaeb98f7d22,normal,cpu,100,200,100,0,100,0,13713.0,105887.5,130757.5,180978.10000000003,13513.7,15902.5,18317.4
D2,results/d2_formal/r1/boot_01/batch_20260914T140830.441553Z_25c751b2.json.gz,20260914T140830.441553Z_25c751b2,896059f8-621f-4b22-8deb-daaeb98f7d22,normal,baseline,100,200,100,0,100,0,13743.4,100498.7,127267.0,154259.4,13575.8,14047.5,15038.500000000002
D2,results/d2_formal/r1/boot_01/batch_20260914T140844.269309Z_4f03cb0a.json.gz,20260914T140844.269309Z_4f03cb0a,896059f8-621f-4b22-8deb-daaeb98f7d22,normal,mixed,100,200,100,0,100,0,13629.4,103350.5,128681.5,161579.70000000007,13475.3,15981.5,19118.80000000001
D2,results/d2_formal/r1/boot_01/batch_20260914T140852.412955Z_02980cb3.json.gz,20260914T140852.412955Z_02980cb3,896059f8-621f-4b22-8deb-daaeb98f7d22,normal,memory,100,200,100,0,100,0,13607.0,100385.1,104174.0,150790.40000000005,13478.4,13831.5,14622.400000000016
D2,results/d2_formal/r1/boot_01/batch_20260914T140859.541844Z_6c8bac19.json.gz,20260914T140859.541844Z_6c8bac19,896059f8-621f-4b22-8deb-daaeb98f7d22,normal,baseline,100,200,100,0,100,0,13627.2,99612.2,127680.0,158682.5,13439.0,13954.0,14509.400000000003
D2,results/d2_formal/r1/boot_01/batch_20260914T140913.399327Z_6a502e63.json.gz,20260914T140913.399327Z_6a502e63,896059f8-621f-4b22-8deb-daaeb98f7d22,normal,mixed,100,200,100,0,100,0,13653.7,102612.7,123993.0,154817.60000000003,13481.8,15793.5,17439.8
D2,results/d2_formal/r1/boot_01/batch_20260914T140927.619163Z_08867c4a.json.gz,20260914T140927.619163Z_08867c4a,896059f8-621f-4b22-8deb-daaeb98f7d22,normal,cpu,100,200,100,0,100,0,13621.6,101721.6,124009.0,156563.6,13441.1,15641.5,18018.00000000004
D2,results/d2_formal/r1/boot_01/batch_20260914T140941.574312Z_10f3c6e9.json.gz,20260914T140941.574312Z_10f3c6e9,896059f8-621f-4b22-8deb-daaeb98f7d22,rootkit,mixed,100,100,100,100,0,0,43725.3,43725.3,58793.5,78192.30000000002,nan,nan,nan
D2,results/d2_formal/r1/boot_01/batch_20260914T140949.695772Z_cce69cc9.json.gz,20260914T140949.695772Z_cce69cc9,896059f8-621f-4b22-8deb-daaeb98f7d22,rootkit,memory,100,100,100,100,0,0,39756.0,39756.0,42558.5,71416.20000000003,nan,nan,nan
D2,results/d2_formal/r1/boot_01/batch_20260914T140956.762028Z_ee05760f.json.gz,20260914T140956.762028Z_ee05760f,896059f8-621f-4b22-8deb-daaeb98f7d22,rootkit,baseline,100,100,100,100,0,0,41223.4,41223.4,67343.0,88002.30000000002,nan,nan,nan
D2,results/d2_formal/r1/boot_01/batch_20260914T141010.633599Z_3213220b.json.gz,20260914T141010.633599Z_3213220b,896059f8-621f-4b22-8deb-daaeb98f7d22,rootkit,cpu,100,100,100,100,0,0,42317.4,42317.4,59519.5,95091.90000000004,nan,nan,nan
D2,results/d2_formal/r1/boot_01/batch_20260914T141017.739085Z_cc6f60a1.json.gz,20260914T141017.739085Z_cc6f60a1,896059f8-621f-4b22-8deb-daaeb98f7d22,rootkit,baseline,100,100,100,100,0,0,40499.4,40499.4,65719.0,82467.70000000004,nan,nan,nan
D2,results/d2_formal/r1/boot_01/batch_20260914T141031.352421Z_b794517b.json.gz,20260914T141031.352421Z_b794517b,896059f8-621f-4b22-8deb-daaeb98f7d22,rootkit,cpu,100,100,100,100,0,0,41781.8,41781.8,60936.5,85882.90000000001,nan,nan,nan
D2,results/d2_formal/r1/boot_01/batch_20260914T141039.767503Z_389a7101.json.gz,20260914T141039.767503Z_389a7101,896059f8-621f-4b22-8deb-daaeb98f7d22,rootkit,memory,100,100,100,100,0,0,40318.6,40318.6,44546.5,104544.20000000001,nan,nan,nan
D2,results/d2_formal/r1/boot_01/batch_20260914T141053.158129Z_e1ce51f8.json.gz,20260914T141053.158129Z_e1ce51f8,896059f8-621f-4b22-8deb-daaeb98f7d22,rootkit,mixed,100,100,100,100,0,0,40670.3,40670.3,56736.0,80125.00000000006,nan,nan,nan
D2,results/d2_formal/r1/boot_01/batch_20260914T141101.125943Z_ad7f2cae.json.gz,20260914T141101.125943Z_ad7f2cae,896059f8-621f-4b22-8deb-daaeb98f7d22,normal,memory,100,200,100,0,100,0,13441.7,96093.0,97981.0,120447.50000000001,13338.7,13654.0,14241.1
D2,results/d2_formal/r1/boot_01/batch_20260914T141114.227251Z_d2750490.json.gz,20260914T141114.227251Z_d2750490,896059f8-621f-4b22-8deb-daaeb98f7d22,normal,mixed,100,200,100,0,100,0,13598.9,96605.8,104498.5,140555.30000000002,13507.0,13949.5,16406.1
D2,results/d2_formal/r1/boot_01/batch_20260914T141120.743718Z_015de39f.json.gz,20260914T141120.743718Z_015de39f,896059f8-621f-4b22-8deb-daaeb98f7d22,normal,baseline,100,200,100,0,100,0,13708.9,98144.1,125045.0,155630.10000000003,13565.8,14103.5,14771.800000000001
D2,results/d2_formal/r1/boot_01/batch_20260914T141133.895537Z_a77b7ec6.json.gz,20260914T141133.895537Z_a77b7ec6,896059f8-621f-4b22-8deb-daaeb98f7d22,normal,cpu,100,200,100,0,100,0,13648.8,98492.1,119580.5,147902.30000000002,13407.3,15738.5,16859.9
D2,results/d2_formal/r1/boot_01/batch_20260914T141141.554067Z_5ff00fc4.json.gz,20260914T141141.554067Z_5ff00fc4,896059f8-621f-4b22-8deb-daaeb98f7d22,rootkit,memory,100,100,100,100,0,0,36458.1,36458.1,37573.0,62403.90000000002,nan,nan,nan
D2,results/d2_formal/r1/boot_01/batch_20260914T141154.568370Z_ec850d14.json.gz,20260914T141154.568370Z_ec850d14,896059f8-621f-4b22-8deb-daaeb98f7d22,rootkit,cpu,100,100,100,100,0,0,36229.7,36229.7,42540.0,66108.80000000002,nan,nan,nan
D2,results/d2_formal/r1/boot_01/batch_20260914T141207.589771Z_678a571e.json.gz,20260914T141207.589771Z_678a571e,896059f8-621f-4b22-8deb-daaeb98f7d22,rootkit,mixed,100,100,100,100,0,0,40792.5,40792.5,53533.0,71978.00000000001,nan,nan,nan
D2,results/d2_formal/r1/boot_01/batch_20260914T141214.096904Z_c065b63b.json.gz,20260914T141214.096904Z_c065b63b,896059f8-621f-4b22-8deb-daaeb98f7d22,rootkit,baseline,100,100,100,100,0,0,36267.9,36267.9,38136.0,65104.700000000004,nan,nan,nan
D2,results/d2_formal/r1/boot_01/batch_20260914T141227.659122Z_e58124f6.json.gz,20260914T141227.659122Z_e58124f6,896059f8-621f-4b22-8deb-daaeb98f7d22,normal,cpu,100,200,100,0,100,0,13718.5,98095.1,118554.5,150022.00000000003,13544.7,15676.5,16948.6
D2,results/d2_formal/r1/boot_01/batch_20260914T141235.198763Z_d84a147e.json.gz,20260914T141235.198763Z_d84a147e,896059f8-621f-4b22-8deb-daaeb98f7d22,normal,memory,100,200,100,0,100,0,13586.6,96196.7,98271.0,121531.0,13506.4,13752.5,14220.4
D2,results/d2_formal/r1/boot_01/batch_20260914T141241.816081Z_0a18b1e6.json.gz,20260914T141241.816081Z_0a18b1e6,896059f8-621f-4b22-8deb-daaeb98f7d22,normal,baseline,100,200,100,0,100,0,13472.7,96569.9,100653.5,148637.30000000002,13404.0,13747.5,14344.6
D2,results/d2_formal/r1/boot_01/batch_20260914T141254.940583Z_c84819db.json.gz,20260914T141254.940583Z_c84819db,896059f8-621f-4b22-8deb-daaeb98f7d22,normal,mixed,100,200,100,0,100,0,13645.8,96927.2,115757.0,151323.1,13363.8,15901.5,16997.300000000007
D2,results/d2_formal/r1/boot_01/batch_20260914T141308.100333Z_c23bda8d.json.gz,20260914T141308.100333Z_c23bda8d,896059f8-621f-4b22-8deb-daaeb98f7d22,normal,mixed,100,200,100,0,100,0,13537.8,97265.1,116929.0,161700.20000000004,13363.0,15808.5,17110.3
D2,results/d2_formal/r1/boot_01/batch_20260914T141315.625148Z_94a83d8a.json.gz,20260914T141315.625148Z_94a83d8a,896059f8-621f-4b22-8deb-daaeb98f7d22,normal,memory,100,200,100,0,100,0,13578.3,96143.5,98046.0,127306.10000000002,13494.7,13771.0,14237.8
D2,results/d2_formal/r1/boot_01/batch_20260914T141322.192690Z_f4c1e667.json.gz,20260914T141322.192690Z_f4c1e667,896059f8-621f-4b22-8deb-daaeb98f7d22,normal,baseline,100,200,100,0,100,0,13618.2,97312.2,122906.0,143788.40000000005,13476.1,13972.5,14527.2
D2,results/d2_formal/r1/boot_01/batch_20260914T141335.276807Z_de01c7dc.json.gz,20260914T141335.276807Z_de01c7dc,896059f8-621f-4b22-8deb-daaeb98f7d22,normal,cpu,100,200,100,0,100,0,13615.3,98714.4,112629.5,141680.30000000005,13489.1,14354.5,16783.0
D2,results/d2_formal/r1/boot_01/batch_20260914T141341.900896Z_f3e1edf9.json.gz,20260914T141341.900896Z_f3e1edf9,896059f8-621f-4b22-8deb-daaeb98f7d22,rootkit,baseline,100,100,100,100,0,0,36655.7,36655.7,38240.5,70284.30000000002,nan,nan,nan
D2,results/d2_formal/r1/boot_01/batch_20260914T141354.964521Z_fe620aba.json.gz,20260914T141354.964521Z_fe620aba,896059f8-621f-4b22-8deb-daaeb98f7d22,rootkit,mixed,100,100,100,100,0,0,37633.0,37633.0,49788.0,68356.10000000002,nan,nan,nan
D2,results/d2_formal/r1/boot_01/batch_20260914T141402.670102Z_19f47e45.json.gz,20260914T141402.670102Z_19f47e45,896059f8-621f-4b22-8deb-daaeb98f7d22,rootkit,memory,100,100,100,100,0,0,35949.0,35949.0,37350.5,61701.800000000025,nan,nan,nan
D2,results/d2_formal/r1/boot_01/batch_20260914T141415.771407Z_ea770efa.json.gz,20260914T141415.771407Z_ea770efa,896059f8-621f-4b22-8deb-daaeb98f7d22,rootkit,cpu,100,100,100,100,0,0,39645.8,39645.8,53072.0,76710.10000000002,nan,nan,nan
D2,results/d2_formal/r1/boot_01/batch_20260914T141429.294354Z_2f4e3446.json.gz,20260914T141429.294354Z_2f4e3446,896059f8-621f-4b22-8deb-daaeb98f7d22,normal,mixed,100,200,100,0,100,0,13981.3,101320.1,117777.5,156122.6,13572.9,15917.5,17506.100000000002
D2,results/d2_formal/r1/boot_01/batch_20260914T141442.369263Z_fb6ffab6.json.gz,20260914T141442.369263Z_fb6ffab6,896059f8-621f-4b22-8deb-daaeb98f7d22,normal,cpu,100,200,100,0,100,0,13596.8,97866.9,106997.0,137664.10000000003,13369.4,14253.5,16983.7
D2,results/d2_formal/r1/boot_01/batch_20260914T141449.934097Z_5a83ee15.json.gz,20260914T141449.934097Z_5a83ee15,896059f8-621f-4b22-8deb-daaeb98f7d22,normal,memory,100,200,100,0,100,0,13546.3,95708.4,97953.5,128345.1,13440.0,13792.5,14230.1
D2,results/d2_formal/r1/boot_01/batch_20260914T141456.492646Z_ac38f72f.json.gz,20260914T141456.492646Z_ac38f72f,896059f8-621f-4b22-8deb-daaeb98f7d22,normal,baseline,100,200,100,0,100,0,13565.6,96773.5,123967.0,146048.8,13471.2,13937.0,14505.400000000001
D2,results/d2_formal/r1/boot_01/batch_20260914T141510.035207Z_92c26cf1.json.gz,20260914T141510.035207Z_92c26cf1,896059f8-621f-4b22-8deb-daaeb98f7d22,rootkit,cpu,100,100,100,100,0,0,36675.7,36675.7,46302.0,64017.50000000001,nan,nan,nan
D2,results/d2_formal/r1/boot_01/batch_20260914T141523.103652Z_855de8aa.json.gz,20260914T141523.103652Z_855de8aa,896059f8-621f-4b22-8deb-daaeb98f7d22,rootkit,mixed,100,100,100,100,0,0,38155.7,38155.7,56051.0,78021.80000000024,nan,nan,nan
D2,results/d2_formal/r1/boot_01/batch_20260914T141530.563405Z_c9be19c9.json.gz,20260914T141530.563405Z_c9be19c9,896059f8-621f-4b22-8deb-daaeb98f7d22,rootkit,memory,100,100,100,100,0,0,36041.4,36041.4,37081.0,42893.000000000015,nan,nan,nan
D2,results/d2_formal/r1/boot_01/batch_20260914T141537.083505Z_587d5d29.json.gz,20260914T141537.083505Z_587d5d29,896059f8-621f-4b22-8deb-daaeb98f7d22,rootkit,baseline,100,100,100,100,0,0,36621.3,36621.3,39711.5,71018.80000000003,nan,nan,nan
D2,results/d2_formal/r1/boot_01/batch_20260914T141550.106756Z_c45ef01e.json.gz,20260914T141550.106756Z_c45ef01e,896059f8-621f-4b22-8deb-daaeb98f7d22,rootkit,mixed,100,100,100,100,0,0,38320.1,38320.1,51749.0,69719.3,nan,nan,nan
D2,results/d2_formal/r1/boot_01/batch_20260914T141603.152962Z_922c56de.json.gz,20260914T141603.152962Z_922c56de,896059f8-621f-4b22-8deb-daaeb98f7d22,rootkit,cpu,100,100,100,100,0,0,38913.8,38913.8,47821.5,60127.700000000004,nan,nan,nan
D2,results/d2_formal/r1/boot_01/batch_20260914T141610.668593Z_f24aadb4.json.gz,20260914T141610.668593Z_f24aadb4,896059f8-621f-4b22-8deb-daaeb98f7d22,rootkit,memory,100,100,100,100,0,0,36106.9,36106.9,37194.0,53141.50000000001,nan,nan,nan
D2,results/d2_formal/r1/boot_01/batch_20260914T141617.171604Z_3d6987b2.json.gz,20260914T141617.171604Z_3d6987b2,896059f8-621f-4b22-8deb-daaeb98f7d22,rootkit,baseline,100,100,100,100,0,0,36654.6,36654.6,39291.5,65234.1,nan,nan,nan
D2,results/d2_formal/r1/boot_01/batch_20260914T141630.663585Z_d06ab56b.json.gz,20260914T141630.663585Z_d06ab56b,896059f8-621f-4b22-8deb-daaeb98f7d22,normal,mixed,100,200,100,0,100,0,13562.8,96890.1,104539.0,139574.7,13446.4,14032.0,16385.9
D2,results/d2_formal/r1/boot_01/batch_20260914T141637.196867Z_5c04dd66.json.gz,20260914T141637.196867Z_5c04dd66,896059f8-621f-4b22-8deb-daaeb98f7d22,normal,baseline,100,200,100,0,100,0,13576.4,97797.7,122538.5,153058.00000000003,13436.0,13898.5,14481.7
D2,results/d2_formal/r1/boot_01/batch_20260914T141650.193627Z_8c1fb3a2.json.gz,20260914T141650.193627Z_8c1fb3a2,896059f8-621f-4b22-8deb-daaeb98f7d22,normal,cpu,100,200,100,0,100,0,13617.8,100189.6,119281.5,147697.7,13485.6,15634.5,16443.2
D2,results/d2_formal/r1/boot_01/batch_20260914T141657.755358Z_8fa82b4a.json.gz,20260914T141657.755358Z_8fa82b4a,896059f8-621f-4b22-8deb-daaeb98f7d22,normal,memory,100,200,100,0,100,0,13496.0,96619.2,98450.5,129579.4,13431.6,13805.5,14260.300000000001
D2,results/d2_formal/r1/boot_01/batch_20260914T141705.437466Z_93a04bbe.json.gz,20260914T141705.437466Z_93a04bbe,896059f8-621f-4b22-8deb-daaeb98f7d22,rootkit,memory,100,100,100,100,0,0,35861.1,35861.1,37371.5,40723.5,nan,nan,nan
D2,results/d2_formal/r1/boot_01/batch_20260914T141718.457015Z_23e4826d.json.gz,20260914T141718.457015Z_23e4826d,896059f8-621f-4b22-8deb-daaeb98f7d22,rootkit,mixed,100,100,100,100,0,0,39008.2,39008.2,52436.5,74047.00000000003,nan,nan,nan
D2,results/d2_formal/r1/boot_01/batch_20260914T141725.023548Z_f64e293f.json.gz,20260914T141725.023548Z_f64e293f,896059f8-621f-4b22-8deb-daaeb98f7d22,rootkit,baseline,100,100,100,100,0,0,35808.9,35808.9,38193.0,65983.5,nan,nan,nan
D2,results/d2_formal/r1/boot_01/batch_20260914T141738.107033Z_5a346666.json.gz,20260914T141738.107033Z_5a346666,896059f8-621f-4b22-8deb-daaeb98f7d22,rootkit,cpu,100,100,100,100,0,0,36720.1,36720.1,47551.5,67281.70000000008,nan,nan,nan
D2,results/d2_formal/r1/boot_01/batch_20260914T141745.094598Z_53f1c5d3.json.gz,20260914T141745.094598Z_53f1c5d3,896059f8-621f-4b22-8deb-daaeb98f7d22,normal,baseline,100,200,100,0,100,0,13728.9,97575.6,115479.5,127283.2,13594.8,13983.0,14524.1
D2,results/d2_formal/r1/boot_01/batch_20260914T141758.284322Z_a8151434.json.gz,20260914T141758.284322Z_a8151434,896059f8-621f-4b22-8deb-daaeb98f7d22,normal,mixed,100,200,100,0,100,0,13697.8,98916.2,121784.0,160966.90000000002,13492.0,15854.5,16982.5
D2,results/d2_formal/r1/boot_01/batch_20260914T141805.822392Z_9fc46d60.json.gz,20260914T141805.822392Z_9fc46d60,896059f8-621f-4b22-8deb-daaeb98f7d22,normal,memory,100,200,100,0,100,0,13579.6,95817.4,97560.5,129291.1000000001,13459.3,13845.0,14267.6
D2,results/d2_formal/r1/boot_01/batch_20260914T141818.929864Z_1c5aa5eb.json.gz,20260914T141818.929864Z_1c5aa5eb,896059f8-621f-4b22-8deb-daaeb98f7d22,normal,cpu,100,200,100,0,100,0,13561.4,96431.2,113632.5,165860.40000000002,13404.3,14259.0,16941.9
D2,results/d2_formal/r1/boot_01/batch_20260914T141832.338453Z_ee503f12.json.gz,20260914T141832.338453Z_ee503f12,896059f8-621f-4b22-8deb-daaeb98f7d22,rootkit,mixed,100,100,100,100,0,0,38081.1,38081.1,54890.5,69985.5,nan,nan,nan
D2,results/d2_formal/r1/boot_01/batch_20260914T141845.969431Z_82c6faa9.json.gz,20260914T141845.969431Z_82c6faa9,896059f8-621f-4b22-8deb-daaeb98f7d22,rootkit,cpu,100,100,100,100,0,0,37566.2,37566.2,47975.5,70905.6,nan,nan,nan
D2,results/d2_formal/r1/boot_01/batch_20260914T141853.605950Z_6f90933a.json.gz,20260914T141853.605950Z_6f90933a,896059f8-621f-4b22-8deb-daaeb98f7d22,rootkit,memory,100,100,100,100,0,0,12201.3,12201.3,14544.0,24636.7,nan,nan,nan
D2,results/d2_formal/r1/boot_01/batch_20260914T141858.223419Z_152bb99e.json.gz,20260914T141858.223419Z_152bb99e,896059f8-621f-4b22-8deb-daaeb98f7d22,rootkit,baseline,100,100,100,100,0,0,12455.5,12455.5,16868.5,27599.100000000002,nan,nan,nan
D2,results/d2_formal/r1/boot_01/batch_20260914T141909.490106Z_4fb402c3.json.gz,20260914T141909.490106Z_4fb402c3,896059f8-621f-4b22-8deb-daaeb98f7d22,normal,mixed,100,200,100,0,100,0,14015.4,101751.5,128531.0,172998.7,13544.6,16006.0,17938.600000000006
D2,results/d2_formal/r1/boot_01/batch_20260914T141916.225319Z_b124a379.json.gz,20260914T141916.225319Z_b124a379,896059f8-621f-4b22-8deb-daaeb98f7d22,normal,baseline,100,200,100,0,100,0,13650.5,98524.8,124100.0,148134.60000000003,13554.9,14076.0,14545.1
D2,results/d2_formal/r1/boot_01/batch_20260914T141929.864723Z_58d450e6.json.gz,20260914T141929.864723Z_58d450e6,896059f8-621f-4b22-8deb-daaeb98f7d22,normal,cpu,100,200,100,0,100,0,13549.4,97596.1,122587.5,161339.8,13424.9,14253.0,16688.0
D2,results/d2_formal/r1/boot_01/batch_20260914T141937.645809Z_e8cd7732.json.gz,20260914T141937.645809Z_e8cd7732,896059f8-621f-4b22-8deb-daaeb98f7d22,normal,memory,100,200,100,0,100,0,13431.4,96473.9,99433.5,129489.0,13362.8,13706.0,14275.2
D2,results/d2_formal/r1/boot_01/batch_20260914T141944.594783Z_77abad14.json.gz,20260914T141944.594783Z_77abad14,896059f8-621f-4b22-8deb-daaeb98f7d22,normal,baseline,100,200,100,0,100,0,13821.9,99946.3,125898.5,151058.50000000003,13685.6,14037.5,14613.8
D2,results/d2_formal/r1/boot_01/batch_20260914T141958.190928Z_7bf1b4ba.json.gz,20260914T141958.190928Z_7bf1b4ba,896059f8-621f-4b22-8deb-daaeb98f7d22,normal,mixed,100,200,100,0,100,0,13585.0,101808.4,124823.5,155804.10000000003,13402.4,16095.5,18611.20000000001
D2,results/d2_formal/r1/boot_01/batch_20260914T142011.851909Z_139ef9fe.json.gz,20260914T142011.851909Z_139ef9fe,896059f8-621f-4b22-8deb-daaeb98f7d22,normal,cpu,100,200,100,0,100,0,13534.1,100785.2,127873.5,161896.90000000005,13391.5,14192.0,17770.2
D2,results/d2_formal/r1/boot_01/batch_20260914T142019.990249Z_cfd62dc9.json.gz,20260914T142019.990249Z_cfd62dc9,896059f8-621f-4b22-8deb-daaeb98f7d22,normal,memory,100,200,100,0,100,0,13431.8,98341.8,102045.0,141837.90000000002,13338.3,13625.5,16734.300000000003
D2,results/d2_formal/r1/boot_01/batch_20260914T142027.029619Z_329c96d8.json.gz,20260914T142027.029619Z_329c96d8,896059f8-621f-4b22-8deb-daaeb98f7d22,rootkit,baseline,100,100,100,100,0,0,40052.0,40052.0,44622.0,70676.8,nan,nan,nan
D2,results/d2_formal/r1/boot_01/batch_20260914T142035.153353Z_c820b85d.json.gz,20260914T142035.153353Z_c820b85d,896059f8-621f-4b22-8deb-daaeb98f7d22,rootkit,memory,100,100,100,100,0,0,40184.2,40184.2,43265.5,67429.90000000001,nan,nan,nan
D2,results/d2_formal/r1/boot_01/batch_20260914T142048.915625Z_9d400a9d.json.gz,20260914T142048.915625Z_9d400a9d,896059f8-621f-4b22-8deb-daaeb98f7d22,rootkit,cpu,100,100,100,100,0,0,39047.7,39047.7,55717.5,67106.70000000001,nan,nan,nan
D2,results/d2_formal/r1/boot_01/batch_20260914T142102.167359Z_c082939b.json.gz,20260914T142102.167359Z_c082939b,896059f8-621f-4b22-8deb-daaeb98f7d22,rootkit,mixed,100,100,100,100,0,0,42233.3,42233.3,57037.0,70980.00000000001,nan,nan,nan
D2,results/d2_formal/r1/boot_01/batch_20260914T142110.055736Z_96cec34e.json.gz,20260914T142110.055736Z_96cec34e,896059f8-621f-4b22-8deb-daaeb98f7d22,rootkit,memory,100,100,100,100,0,0,27083.8,27083.8,41361.0,113289.40000000002,nan,nan,nan
D2,results/d2_formal/r1/boot_01/batch_20260914T142123.425342Z_38b4ec78.json.gz,20260914T142123.425342Z_38b4ec78,896059f8-621f-4b22-8deb-daaeb98f7d22,rootkit,mixed,100,100,100,100,0,0,39232.3,39232.3,57704.0,91597.40000000004,nan,nan,nan
D2,results/d2_formal/r1/boot_01/batch_20260914T142136.569844Z_918f0837.json.gz,20260914T142136.569844Z_918f0837,896059f8-621f-4b22-8deb-daaeb98f7d22,rootkit,cpu,100,100,100,100,0,0,38453.3,38453.3,50307.5,72710.3,nan,nan,nan
D2,results/d2_formal/r1/boot_01/batch_20260914T142143.355803Z_56b24043.json.gz,20260914T142143.355803Z_56b24043,896059f8-621f-4b22-8deb-daaeb98f7d22,rootkit,baseline,100,100,100,100,0,0,37379.0,37379.0,40984.0,70823.3,nan,nan,nan
D2,results/d2_formal/r1/boot_01/batch_20260914T142157.667802Z_e1549312.json.gz,20260914T142157.667802Z_e1549312,896059f8-621f-4b22-8deb-daaeb98f7d22,normal,mixed,100,200,100,0,100,0,13667.4,101412.2,127515.0,163000.60000000003,13534.9,16006.5,21745.30000000002
D2,results/d2_formal/r1/boot_01/batch_20260914T142205.782836Z_757002ef.json.gz,20260914T142205.782836Z_757002ef,896059f8-621f-4b22-8deb-daaeb98f7d22,normal,memory,100,200,100,0,100,0,13516.1,99424.9,103030.0,159427.20000000004,13434.7,13757.5,16426.9
D2,results/d2_formal/r1/boot_01/batch_20260914T142212.973324Z_8a9fb86c.json.gz,20260914T142212.973324Z_8a9fb86c,896059f8-621f-4b22-8deb-daaeb98f7d22,normal,baseline,100,200,100,0,100,0,13713.8,101978.8,127840.0,157906.6000000001,13602.8,14035.5,15075.800000000001
D2,results/d2_formal/r1/boot_01/batch_20260914T142226.887847Z_b9987d26.json.gz,20260914T142226.887847Z_b9987d26,896059f8-621f-4b22-8deb-daaeb98f7d22,normal,cpu,100,200,100,0,100,0,13509.2,102302.6,126414.0,160732.70000000004,13416.0,15682.0,20743.700000000004
D2,results/d2_formal/r1/boot_01/batch_20260914T142240.338978Z_645c4931.json.gz,20260914T142240.338978Z_645c4931,896059f8-621f-4b22-8deb-daaeb98f7d22,normal,cpu,100,200,100,0,100,0,13649.2,97106.1,115571.0,170892.5,13502.8,14304.0,16937.8
D2,results/d2_formal/r1/boot_01/batch_20260914T142253.534166Z_65415493.json.gz,20260914T142253.534166Z_65415493,896059f8-621f-4b22-8deb-daaeb98f7d22,normal,mixed,100,200,100,0,100,0,13928.9,101365.0,123079.5,175795.4,13643.0,16010.5,17542.7
D2,results/d2_formal/r1/boot_01/batch_20260914T142300.142126Z_c018f523.json.gz,20260914T142300.142126Z_c018f523,896059f8-621f-4b22-8deb-daaeb98f7d22,normal,baseline,100,200,100,0,100,0,13656.2,97375.1,101914.0,137425.2,13526.9,14005.5,14706.300000000001
D2,results/d2_formal/r1/boot_01/batch_20260914T142307.813400Z_3d6df15c.json.gz,20260914T142307.813400Z_3d6df15c,896059f8-621f-4b22-8deb-daaeb98f7d22,normal,memory,100,200,100,0,100,0,13580.9,96140.8,98143.5,132429.6000000001,13487.4,13750.0,14168.2
D2,results/d2_formal/r1/boot_01/batch_20260914T142321.082743Z_48ed2dc6.json.gz,20260914T142321.082743Z_48ed2dc6,896059f8-621f-4b22-8deb-daaeb98f7d22,rootkit,cpu,100,100,100,100,0,0,38871.700000000004,38871.700000000004,46900.5,74973.3,nan,nan,nan
D2,results/d2_formal/r1/boot_01/batch_20260914T142328.730451Z_a1f00b96.json.gz,20260914T142328.730451Z_a1f00b96,896059f8-621f-4b22-8deb-daaeb98f7d22,rootkit,memory,100,100,100,100,0,0,35769.1,35769.1,37174.5,59541.60000000001,nan,nan,nan
D2,results/d2_formal/r1/boot_01/batch_20260914T142341.802591Z_511f091d.json.gz,20260914T142341.802591Z_511f091d,896059f8-621f-4b22-8deb-daaeb98f7d22,rootkit,mixed,100,100,100,100,0,0,37423.0,37423.0,43403.0,77016.1,nan,nan,nan
D2,results/d2_formal/r1/boot_01/batch_20260914T142348.657232Z_d4c651e2.json.gz,20260914T142348.657232Z_d4c651e2,896059f8-621f-4b22-8deb-daaeb98f7d22,rootkit,baseline,100,100,100,100,0,0,40246.4,40246.4,43824.0,82280.80000000002,nan,nan,nan
D2,results/d2_formal/r1/boot_01/batch_20260914T142356.297770Z_1d6ff1d0.json.gz,20260914T142356.297770Z_1d6ff1d0,896059f8-621f-4b22-8deb-daaeb98f7d22,rootkit,memory,100,100,100,100,0,0,36360.0,36360.0,37342.5,41599.200000000004,nan,nan,nan
D2,results/d2_formal/r1/boot_01/batch_20260914T142410.098237Z_3222ff92.json.gz,20260914T142410.098237Z_3222ff92,896059f8-621f-4b22-8deb-daaeb98f7d22,rootkit,cpu,100,100,100,100,0,0,42930.2,42930.2,58747.0,84975.10000000002,nan,nan,nan
D2,results/d2_formal/r1/boot_01/batch_20260914T142423.665824Z_ac227133.json.gz,20260914T142423.665824Z_ac227133,896059f8-621f-4b22-8deb-daaeb98f7d22,rootkit,mixed,100,100,100,100,0,0,40530.1,40530.1,54884.0,70919.1,nan,nan,nan
D2,results/d2_formal/r1/boot_01/batch_20260914T142430.299267Z_e5c9876c.json.gz,20260914T142430.299267Z_e5c9876c,896059f8-621f-4b22-8deb-daaeb98f7d22,rootkit,baseline,100,100,100,100,0,0,36892.9,36892.9,38994.5,73980.00000000003,nan,nan,nan
D2,results/d2_formal/r1/boot_01/batch_20260914T142444.023227Z_baaf5e7b.json.gz,20260914T142444.023227Z_baaf5e7b,896059f8-621f-4b22-8deb-daaeb98f7d22,normal,cpu,100,200,100,0,100,0,13481.8,97376.1,111809.0,134664.90000000002,13368.5,14167.0,16766.000000000004
D2,results/d2_formal/r1/boot_01/batch_20260914T142450.728485Z_7c147392.json.gz,20260914T142450.728485Z_7c147392,896059f8-621f-4b22-8deb-daaeb98f7d22,normal,baseline,100,200,100,0,100,0,13593.7,96560.3,100401.0,131924.50000000003,13464.1,13778.0,14339.7
D2,results/d2_formal/r1/boot_01/batch_20260914T142458.385737Z_d25206d2.json.gz,20260914T142458.385737Z_d25206d2,896059f8-621f-4b22-8deb-daaeb98f7d22,normal,memory,100,200,100,0,100,0,13519.8,96623.2,98852.0,128234.6,13395.4,13817.5,14341.3
D2,results/d2_formal/r1/boot_01/batch_20260914T142511.787857Z_967268ab.json.gz,20260914T142511.787857Z_967268ab,896059f8-621f-4b22-8deb-daaeb98f7d22,normal,mixed,100,200,100,0,100,0,13624.3,100254.2,123206.5,148279.50000000006,13452.4,15882.5,16938.8
D2,results/d2_formal/r1/boot_01/batch_20260914T142519.388727Z_1fddc8a2.json.gz,20260914T142519.388727Z_1fddc8a2,896059f8-621f-4b22-8deb-daaeb98f7d22,normal,memory,100,200,100,0,100,0,13489.5,96013.4,98179.5,130223.40000000001,13381.7,13658.5,14052.0
D2,results/d2_formal/r1/boot_01/batch_20260914T142532.690533Z_1aa30366.json.gz,20260914T142532.690533Z_1aa30366,896059f8-621f-4b22-8deb-daaeb98f7d22,normal,cpu,100,200,100,0,100,0,13826.0,100924.3,117876.0,136781.5,13641.5,15871.0,17083.0
D2,results/d2_formal/r1/boot_01/batch_20260914T142546.070811Z_95f00424.json.gz,20260914T142546.070811Z_95f00424,896059f8-621f-4b22-8deb-daaeb98f7d22,normal,mixed,100,200,100,0,100,0,13731.9,98262.9,119032.5,144208.2,13458.0,15762.5,16611.600000000002
D2,results/d2_formal/r1/boot_01/batch_20260914T142552.742289Z_b9f6e4d9.json.gz,20260914T142552.742289Z_b9f6e4d9,896059f8-621f-4b22-8deb-daaeb98f7d22,normal,baseline,100,200,100,0,100,0,13673.9,97459.8,119200.5,149442.8000000001,13561.6,13839.0,14414.1
D2,results/d2_formal/r1/boot_01/batch_20260914T142606.052626Z_df35447b.json.gz,20260914T142606.052626Z_df35447b,896059f8-621f-4b22-8deb-daaeb98f7d22,rootkit,cpu,100,100,100,100,0,0,39712.8,39712.8,50254.0,63102.20000000002,nan,nan,nan
D2,results/d2_formal/r1/boot_01/batch_20260914T142619.318136Z_1e7f5224.json.gz,20260914T142619.318136Z_1e7f5224,896059f8-621f-4b22-8deb-daaeb98f7d22,rootkit,mixed,100,100,100,100,0,0,38860.4,38860.4,54971.5,77320.60000000002,nan,nan,nan
D2,results/d2_formal/r1/boot_01/batch_20260914T142627.057216Z_a05ab47a.json.gz,20260914T142627.057216Z_a05ab47a,896059f8-621f-4b22-8deb-daaeb98f7d22,rootkit,memory,100,100,100,100,0,0,36202.3,36202.3,37710.5,51470.200000000026,nan,nan,nan
D2,results/d2_formal/r1/boot_01/batch_20260914T142633.678693Z_86d86841.json.gz,20260914T142633.678693Z_86d86841,896059f8-621f-4b22-8deb-daaeb98f7d22,rootkit,baseline,100,100,100,100,0,0,37445.0,37445.0,63294.5,82622.60000000003,nan,nan,nan
D2,results/d2_formal/r1/boot_01/batch_20260914T142646.823281Z_aff4ccb9.json.gz,20260914T142646.823281Z_aff4ccb9,896059f8-621f-4b22-8deb-daaeb98f7d22,rootkit,cpu,100,100,100,100,0,0,37446.1,37446.1,47143.5,61888.100000000035,nan,nan,nan
D2,results/d2_formal/r1/boot_01/batch_20260914T142654.481404Z_b3fa2174.json.gz,20260914T142654.481404Z_b3fa2174,896059f8-621f-4b22-8deb-daaeb98f7d22,rootkit,memory,100,100,100,100,0,0,36633.8,36633.8,37966.5,46982.200000000135,nan,nan,nan
D2,results/d2_formal/r1/boot_01/batch_20260914T142701.188050Z_feccd440.json.gz,20260914T142701.188050Z_feccd440,896059f8-621f-4b22-8deb-daaeb98f7d22,rootkit,baseline,100,100,100,100,0,0,37281.4,37281.4,63211.5,71957.50000000004,nan,nan,nan
D2,results/d2_formal/r1/boot_01/batch_20260914T142714.394718Z_997c53fe.json.gz,20260914T142714.394718Z_997c53fe,896059f8-621f-4b22-8deb-daaeb98f7d22,rootkit,mixed,100,100,100,100,0,0,38396.0,38396.0,50852.0,76772.40000000001,nan,nan,nan
D2,results/d2_formal/r1/boot_01/batch_20260914T142728.067533Z_d08027db.json.gz,20260914T142728.067533Z_d08027db,896059f8-621f-4b22-8deb-daaeb98f7d22,normal,cpu,100,200,100,0,100,0,13715.2,98649.0,119242.5,157776.9,13423.4,15826.0,17002.7
D2,results/d2_formal/r1/boot_01/batch_20260914T142735.690191Z_207885c6.json.gz,20260914T142735.690191Z_207885c6,896059f8-621f-4b22-8deb-daaeb98f7d22,normal,memory,100,200,100,0,100,0,13470.5,96071.2,98010.5,141191.40000000002,13356.9,13701.0,14338.300000000001
D2,results/d2_formal/r1/boot_01/batch_20260914T142742.384155Z_394f2261.json.gz,20260914T142742.384155Z_394f2261,896059f8-621f-4b22-8deb-daaeb98f7d22,normal,baseline,100,200,100,0,100,0,13612.0,97772.5,124338.5,148616.5,13530.6,13893.0,14524.2
D2,results/d2_formal/r1/boot_01/batch_20260914T142755.627549Z_35dbc9ea.json.gz,20260914T142755.627549Z_35dbc9ea,896059f8-621f-4b22-8deb-daaeb98f7d22,normal,mixed,100,200,100,0,100,0,13672.0,98434.7,117422.5,146084.1,13470.9,15670.5,16695.600000000002
D2,results/d2_formal/r1/boot_01/batch_20260914T142802.388014Z_a7023783.json.gz,20260914T142802.388014Z_a7023783,896059f8-621f-4b22-8deb-daaeb98f7d22,rootkit,baseline,100,100,100,100,0,0,37413.3,37413.3,44378.0,70536.40000000007,nan,nan,nan
D2,results/d2_formal/r1/boot_01/batch_20260914T142815.724729Z_9652398e.json.gz,20260914T142815.724729Z_9652398e,896059f8-621f-4b22-8deb-daaeb98f7d22,rootkit,mixed,100,100,100,100,0,0,38208.6,38208.6,56159.5,99842.30000000005,nan,nan,nan
D2,results/d2_formal/r1/boot_01/batch_20260914T142828.963891Z_80ab72c9.json.gz,20260914T142828.963891Z_80ab72c9,896059f8-621f-4b22-8deb-daaeb98f7d22,rootkit,cpu,100,100,100,100,0,0,39611.4,39611.4,56937.0,80234.8,nan,nan,nan
D2,results/d2_formal/r1/boot_01/batch_20260914T142836.676793Z_2b6480ad.json.gz,20260914T142836.676793Z_2b6480ad,896059f8-621f-4b22-8deb-daaeb98f7d22,rootkit,memory,100,100,100,100,0,0,36380.8,36380.8,38044.0,51071.70000000001,nan,nan,nan
D2,results/d2_formal/r1/boot_01/batch_20260914T142850.383068Z_81df5c99.json.gz,20260914T142850.383068Z_81df5c99,896059f8-621f-4b22-8deb-daaeb98f7d22,normal,cpu,100,200,100,0,100,0,13462.4,97423.3,115859.5,152389.6,13339.6,14157.5,16884.9
D2,results/d2_formal/r1/boot_01/batch_20260914T142857.084342Z_5e6038e4.json.gz,20260914T142857.084342Z_5e6038e4,896059f8-621f-4b22-8deb-daaeb98f7d22,normal,baseline,100,200,100,0,100,0,13589.0,97619.6,100430.5,132736.20000000007,13472.5,13800.0,14282.5
D2,results/d2_formal/r1/boot_01/batch_20260914T142904.714352Z_81e0a8e6.json.gz,20260914T142904.714352Z_81e0a8e6,896059f8-621f-4b22-8deb-daaeb98f7d22,normal,memory,100,200,100,0,100,0,13475.7,95637.7,97548.5,129686.70000000001,13401.5,13687.5,14194.0
D2,results/d2_formal/r1/boot_01/batch_20260914T142917.996495Z_a708e1c2.json.gz,20260914T142917.996495Z_a708e1c2,896059f8-621f-4b22-8deb-daaeb98f7d22,normal,mixed,100,200,100,0,100,0,13821.3,100939.6,123224.5,165145.80000000005,13674.4,15834.5,17330.600000000002
D2,results/d2_formal/r1/boot_01/batch_20260914T142931.267848Z_00f90b80.json.gz,20260914T142931.267848Z_00f90b80,896059f8-621f-4b22-8deb-daaeb98f7d22,normal,mixed,100,200,100,0,100,0,13655.9,99248.3,121022.0,152376.60000000006,13417.1,15972.0,16855.8
D2,results/d2_formal/r1/boot_01/batch_20260914T142938.889796Z_5293f458.json.gz,20260914T142938.889796Z_5293f458,896059f8-621f-4b22-8deb-daaeb98f7d22,normal,memory,100,200,100,0,100,0,13487.5,96120.3,97754.0,122173.70000000003,13370.1,13731.5,14198.2
D2,results/d2_formal/r1/boot_01/batch_20260914T142951.344702Z_24f3d408.json.gz,20260914T142951.344702Z_24f3d408,896059f8-621f-4b22-8deb-daaeb98f7d22,normal,cpu,100,200,100,0,100,0,4070.6,31859.8,39312.0,66047.1,4019.2,4201.5,7055.2
D2,results/d2_formal/r1/boot_01/batch_20260914T142958.336747Z_977e6d90.json.gz,20260914T142958.336747Z_977e6d90,896059f8-621f-4b22-8deb-daaeb98f7d22,normal,baseline,100,200,100,0,100,0,13741.3,99390.9,124715.5,147629.60000000003,13628.5,14046.5,14649.8
D2,results/d2_formal/r1/boot_01/batch_20260914T143005.023549Z_b916bae8.json.gz,20260914T143005.023549Z_b916bae8,896059f8-621f-4b22-8deb-daaeb98f7d22,rootkit,baseline,100,100,100,100,0,0,37135.5,37135.5,40647.0,73676.3,nan,nan,nan
D2,results/d2_formal/r1/boot_01/batch_20260914T143018.279924Z_1c7000d5.json.gz,20260914T143018.279924Z_1c7000d5,896059f8-621f-4b22-8deb-daaeb98f7d22,rootkit,cpu,100,100,100,100,0,0,37797.3,37797.3,49028.0,64411.300000000025,nan,nan,nan
D2,results/d2_formal/r1/boot_01/batch_20260914T143025.940600Z_bf02a847.json.gz,20260914T143025.940600Z_bf02a847,896059f8-621f-4b22-8deb-daaeb98f7d22,rootkit,memory,100,100,100,100,0,0,36431.0,36431.0,38409.0,58097.7,nan,nan,nan
D2,results/d2_formal/r1/boot_01/batch_20260914T143039.145225Z_8e534720.json.gz,20260914T143039.145225Z_8e534720,896059f8-621f-4b22-8deb-daaeb98f7d22,rootkit,mixed,100,100,100,100,0,0,37407.5,37407.5,43584.0,67323.6,nan,nan,nan
D2,results/d2_formal/r1/boot_01/batch_20260914T143046.799379Z_06ccf54e.json.gz,20260914T143046.799379Z_06ccf54e,896059f8-621f-4b22-8deb-daaeb98f7d22,rootkit,memory,100,100,100,100,0,0,36519.6,36519.6,37874.5,52627.400000000016,nan,nan,nan
D2,results/d2_formal/r1/boot_01/batch_20260914T143053.400832Z_3602b141.json.gz,20260914T143053.400832Z_3602b141,896059f8-621f-4b22-8deb-daaeb98f7d22,rootkit,baseline,100,100,100,100,0,0,36775.7,36775.7,40264.5,69935.50000000001,nan,nan,nan
D2,results/d2_formal/r1/boot_01/batch_20260914T143106.603211Z_4d0d1287.json.gz,20260914T143106.603211Z_4d0d1287,896059f8-621f-4b22-8deb-daaeb98f7d22,rootkit,mixed,100,100,100,100,0,0,40705.8,40705.8,55281.5,78028.80000000002,nan,nan,nan
D2,results/d2_formal/r1/boot_01/batch_20260914T143119.836551Z_d5aa4357.json.gz,20260914T143119.836551Z_d5aa4357,896059f8-621f-4b22-8deb-daaeb98f7d22,rootkit,cpu,100,100,100,100,0,0,37349.1,37349.1,47210.5,66243.70000000001,nan,nan,nan
D2,results/d2_formal/r1/boot_01/batch_20260914T143126.929020Z_fb308cbe.json.gz,20260914T143126.929020Z_fb308cbe,896059f8-621f-4b22-8deb-daaeb98f7d22,normal,baseline,100,200,100,0,100,0,13606.8,97156.8,113869.0,147914.00000000003,13544.8,13948.0,14571.4
D2,results/d2_formal/r1/boot_01/batch_20260914T143140.159300Z_975e372b.json.gz,20260914T143140.159300Z_975e372b,896059f8-621f-4b22-8deb-daaeb98f7d22,normal,cpu,100,200,100,0,100,0,13677.0,99957.7,120308.5,137543.30000000008,13521.7,15743.0,16895.5
D2,results/d2_formal/r1/boot_01/batch_20260914T143147.844566Z_f48daf4d.json.gz,20260914T143147.844566Z_f48daf4d,896059f8-621f-4b22-8deb-daaeb98f7d22,normal,memory,100,200,100,0,100,0,13438.8,96021.0,97908.0,128097.2,13375.1,13710.0,14259.6
D2,results/d2_formal/r1/boot_01/batch_20260914T143201.214551Z_c6e18aea.json.gz,20260914T143201.214551Z_c6e18aea,896059f8-621f-4b22-8deb-daaeb98f7d22,normal,mixed,100,200,100,0,100,0,13720.5,99596.6,123172.0,165975.90000000002,13544.1,15772.5,17518.100000000002
D2,results/d2_formal/r1/boot_01/batch_20260914T143214.569088Z_06e4133a.json.gz,20260914T143214.569088Z_06e4133a,896059f8-621f-4b22-8deb-daaeb98f7d22,rootkit,mixed,100,100,100,100,0,0,42715.9,42715.9,53504.5,73514.3,nan,nan,nan
D2,results/d2_formal/r1/boot_01/batch_20260914T143227.765181Z_6611b766.json.gz,20260914T143227.765181Z_6611b766,896059f8-621f-4b22-8deb-daaeb98f7d22,rootkit,cpu,100,100,100,100,0,0,36621.8,36621.8,43599.0,65101.6,nan,nan,nan
D2,results/d2_formal/r1/boot_01/batch_20260914T143235.425597Z_3778d176.json.gz,20260914T143235.425597Z_3778d176,896059f8-621f-4b22-8deb-daaeb98f7d22,rootkit,memory,100,100,100,100,0,0,36207.1,36207.1,37876.0,46876.900000000045,nan,nan,nan
D2,results/d2_formal/r1/boot_01/batch_20260914T143242.075622Z_67718167.json.gz,20260914T143242.075622Z_67718167,896059f8-621f-4b22-8deb-daaeb98f7d22,rootkit,baseline,100,100,100,100,0,0,36801.8,36801.8,38833.5,72702.80000000003,nan,nan,nan
D2,results/d2_formal/r1/boot_01/batch_20260914T143250.255243Z_5120ce31.json.gz,20260914T143250.255243Z_5120ce31,896059f8-621f-4b22-8deb-daaeb98f7d22,normal,memory,100,200,100,0,100,0,13542.9,96593.7,100709.0,156859.6000000001,13446.8,13729.5,16261.6
D2,results/d2_formal/r1/boot_01/batch_20260914T143257.634711Z_0a01a06f.json.gz,20260914T143257.634711Z_0a01a06f,896059f8-621f-4b22-8deb-daaeb98f7d22,normal,baseline,100,200,100,0,100,0,13811.5,103023.3,129636.5,151930.80000000002,13640.0,14051.0,14640.1
D2,results/d2_formal/r1/boot_01/batch_20260914T143311.580346Z_f6616b14.json.gz,20260914T143311.580346Z_f6616b14,896059f8-621f-4b22-8deb-daaeb98f7d22,normal,cpu,100,200,100,0,100,0,13765.7,104194.6,131234.5,176238.2,13537.9,16009.0,17221.4
D2,results/d2_formal/r1/boot_01/batch_20260914T143324.880958Z_d6430bf5.json.gz,20260914T143324.880958Z_d6430bf5,896059f8-621f-4b22-8deb-daaeb98f7d22,normal,mixed,100,200,100,0,100,0,13517.1,97099.5,106562.0,160066.4,13386.6,14149.0,17884.90000000001
D2,results/d2_formal/r1/boot_01/batch_20260914T143338.229201Z_7f60c579.json.gz,20260914T143338.229201Z_7f60c579,896059f8-621f-4b22-8deb-daaeb98f7d22,rootkit,mixed,100,100,100,100,0,0,38233.0,38233.0,54545.5,76615.20000000001,nan,nan,nan
D2,results/d2_formal/r1/boot_01/batch_20260914T143344.885685Z_ed235230.json.gz,20260914T143344.885685Z_ed235230,896059f8-621f-4b22-8deb-daaeb98f7d22,rootkit,baseline,100,100,100,100,0,0,37226.6,37226.6,63379.5,66658.1,nan,nan,nan
D2,results/d2_formal/r1/boot_01/batch_20260914T143352.610832Z_9a054651.json.gz,20260914T143352.610832Z_9a054651,896059f8-621f-4b22-8deb-daaeb98f7d22,rootkit,memory,100,100,100,100,0,0,36012.4,36012.4,37352.0,55396.80000000003,nan,nan,nan
D2,results/d2_formal/r1/boot_01/batch_20260914T143405.767071Z_a48f836d.json.gz,20260914T143405.767071Z_a48f836d,896059f8-621f-4b22-8deb-daaeb98f7d22,rootkit,cpu,100,100,100,100,0,0,36992.1,36992.1,47260.0,68083.90000000001,nan,nan,nan
D2,results/d2_formal/r1/boot_01/batch_20260914T143419.520357Z_4ad20832.json.gz,20260914T143419.520357Z_4ad20832,896059f8-621f-4b22-8deb-daaeb98f7d22,normal,mixed,100,200,100,0,100,0,13981.2,103213.9,121869.5,163020.50000000003,13691.7,15986.0,17040.5
D2,results/d2_formal/r1/boot_01/batch_20260914T143432.738727Z_5e92c387.json.gz,20260914T143432.738727Z_5e92c387,896059f8-621f-4b22-8deb-daaeb98f7d22,normal,cpu,100,200,100,0,100,0,13636.8,97735.2,113339.5,166781.0,13434.7,15030.5,16596.0
D2,results/d2_formal/r1/boot_01/batch_20260914T143439.386630Z_f86461eb.json.gz,20260914T143439.386630Z_f86461eb,896059f8-621f-4b22-8deb-daaeb98f7d22,normal,baseline,100,200,100,0,100,0,13721.8,98978.9,125468.5,149130.1,13618.6,14044.5,14559.6
D2,results/d2_formal/r1/boot_01/batch_20260914T143447.060598Z_3acfd40a.json.gz,20260914T143447.060598Z_3acfd40a,896059f8-621f-4b22-8deb-daaeb98f7d22,normal,memory,100,200,100,0,100,0,13451.4,95982.3,98171.5,129579.90000000001,13354.6,13682.5,14129.2
D2,results/d2_formal/r1/boot_01/batch_20260914T143454.760414Z_451151b9.json.gz,20260914T143454.760414Z_451151b9,896059f8-621f-4b22-8deb-daaeb98f7d22,normal,memory,100,200,100,0,100,0,13587.2,96217.4,97832.5,129155.80000000006,13511.6,13758.0,14219.2
D2,results/d2_formal/r1/boot_01/batch_20260914T143508.079191Z_45184312.json.gz,20260914T143508.079191Z_45184312,896059f8-621f-4b22-8deb-daaeb98f7d22,normal,cpu,100,200,100,0,100,0,13675.6,96984.0,112189.0,158401.5,13500.7,14371.5,17639.0
D2,results/d2_formal/r1/boot_01/batch_20260914T143521.383388Z_994e8225.json.gz,20260914T143521.383388Z_994e8225,896059f8-621f-4b22-8deb-daaeb98f7d22,normal,mixed,100,200,100,0,100,0,13797.6,100100.6,123097.5,167517.60000000003,13475.2,15788.0,18696.30000000001
D2,results/d2_formal/r1/boot_01/batch_20260914T143528.033585Z_1bf7bda0.json.gz,20260914T143528.033585Z_1bf7bda0,896059f8-621f-4b22-8deb-daaeb98f7d22,normal,baseline,100,200,100,0,100,0,13725.7,99368.8,125327.0,159476.10000000003,13612.8,14174.0,15279.3
D2,results/d2_formal/r1/boot_01/batch_20260914T143534.787724Z_d7768b7f.json.gz,20260914T143534.787724Z_d7768b7f,896059f8-621f-4b22-8deb-daaeb98f7d22,rootkit,baseline,100,100,100,100,0,0,37086.0,37086.0,62786.0,66614.7,nan,nan,nan
D2,results/d2_formal/r1/boot_01/batch_20260914T143547.871026Z_5070b4df.json.gz,20260914T143547.871026Z_5070b4df,896059f8-621f-4b22-8deb-daaeb98f7d22,rootkit,cpu,100,100,100,100,0,0,36971.1,36971.1,46505.5,71870.50000000006,nan,nan,nan
D2,results/d2_formal/r1/boot_01/batch_20260914T143601.183229Z_492255cf.json.gz,20260914T143601.183229Z_492255cf,896059f8-621f-4b22-8deb-daaeb98f7d22,rootkit,mixed,100,100,100,100,0,0,39790.8,39790.8,52502.5,68547.40000000001,nan,nan,nan
D2,results/d2_formal/r1/boot_01/batch_20260914T143608.821292Z_e41d59cd.json.gz,20260914T143608.821292Z_e41d59cd,896059f8-621f-4b22-8deb-daaeb98f7d22,rootkit,memory,100,100,100,100,0,0,36330.1,36330.1,37715.0,63307.50000000001,nan,nan,nan
D2,results/d2_formal/r1/boot_01/batch_20260914T143622.552825Z_8c0b25ee.json.gz,20260914T143622.552825Z_8c0b25ee,896059f8-621f-4b22-8deb-daaeb98f7d22,normal,cpu,100,200,100,0,100,0,13792.5,100984.9,118304.0,142407.7,13519.2,15170.5,17075.0
D2,results/d2_formal/r1/boot_01/batch_20260914T143635.873028Z_8915ec56.json.gz,20260914T143635.873028Z_8915ec56,896059f8-621f-4b22-8deb-daaeb98f7d22,normal,mixed,100,200,100,0,100,0,13864.2,104692.0,122988.0,165849.00000000003,13614.5,16118.0,18050.2
D2,results/d2_formal/r1/boot_01/batch_20260914T143643.560466Z_2e758739.json.gz,20260914T143643.560466Z_2e758739,896059f8-621f-4b22-8deb-daaeb98f7d22,normal,memory,100,200,100,0,100,0,13555.6,96472.5,98271.0,125738.3,13455.9,13791.5,14263.5
D2,results/d2_formal/r1/boot_01/batch_20260914T143650.272039Z_42db3547.json.gz,20260914T143650.272039Z_42db3547,896059f8-621f-4b22-8deb-daaeb98f7d22,normal,baseline,100,200,100,0,100,0,13745.8,98982.8,125196.0,147444.30000000005,13621.9,14018.0,14558.9
D2,results/d2_formal/r1/boot_01/batch_20260914T143657.007971Z_b4047a6e.json.gz,20260914T143657.007971Z_b4047a6e,896059f8-621f-4b22-8deb-daaeb98f7d22,rootkit,baseline,100,100,100,100,0,0,37138.7,37138.7,62460.0,72161.0000000001,nan,nan,nan
D2,results/d2_formal/r1/boot_01/batch_20260914T143710.166434Z_4ed6d421.json.gz,20260914T143710.166434Z_4ed6d421,896059f8-621f-4b22-8deb-daaeb98f7d22,rootkit,cpu,100,100,100,100,0,0,36769.0,36769.0,43568.0,59297.4,nan,nan,nan
D2,results/d2_formal/r1/boot_01/batch_20260914T143723.514882Z_948aa462.json.gz,20260914T143723.514882Z_948aa462,896059f8-621f-4b22-8deb-daaeb98f7d22,rootkit,mixed,100,100,100,100,0,0,37352.5,37352.5,44310.5,69131.90000000001,nan,nan,nan
D2,results/d2_formal/r1/boot_01/batch_20260914T143731.186109Z_24c3e4f6.json.gz,20260914T143731.186109Z_24c3e4f6,896059f8-621f-4b22-8deb-daaeb98f7d22,rootkit,memory,100,100,100,100,0,0,36136.4,36136.4,37306.5,57494.200000000026,nan,nan,nan
D2,results/d2_formal/r1/boot_01/batch_20260914T143738.808925Z_9bb8f394.json.gz,20260914T143738.808925Z_9bb8f394,896059f8-621f-4b22-8deb-daaeb98f7d22,rootkit,memory,100,100,100,100,0,0,36466.0,36466.0,37574.5,43761.40000000007,nan,nan,nan
D2,results/d2_formal/r1/boot_01/batch_20260914T143745.418222Z_6866bf5a.json.gz,20260914T143745.418222Z_6866bf5a,896059f8-621f-4b22-8deb-daaeb98f7d22,rootkit,baseline,100,100,100,100,0,0,36932.7,36932.7,39835.0,65527.8,nan,nan,nan
D2,results/d2_formal/r1/boot_01/batch_20260914T143758.572593Z_6f3e12b3.json.gz,20260914T143758.572593Z_6f3e12b3,896059f8-621f-4b22-8deb-daaeb98f7d22,rootkit,cpu,100,100,100,100,0,0,37903.6,37903.6,46322.0,66010.3,nan,nan,nan
D2,results/d2_formal/r1/boot_01/batch_20260914T143811.705056Z_f5036715.json.gz,20260914T143811.705056Z_f5036715,896059f8-621f-4b22-8deb-daaeb98f7d22,rootkit,mixed,100,100,100,100,0,0,37897.3,37897.3,44169.0,72425.90000000001,nan,nan,nan
D2,results/d2_formal/r1/boot_01/batch_20260914T143819.871395Z_2dbd6d07.json.gz,20260914T143819.871395Z_2dbd6d07,896059f8-621f-4b22-8deb-daaeb98f7d22,normal,memory,100,200,100,0,100,0,13470.7,95876.3,98499.0,128028.40000000001,13357.6,13734.5,14224.1
D2,results/d2_formal/r1/boot_01/batch_20260914T143832.951326Z_f494adec.json.gz,20260914T143832.951326Z_f494adec,896059f8-621f-4b22-8deb-daaeb98f7d22,normal,mixed,100,200,100,0,100,0,13675.8,97625.4,104525.0,151738.6000000001,13549.4,14108.0,16580.7
D2,results/d2_formal/r1/boot_01/batch_20260914T143839.613553Z_496992c6.json.gz,20260914T143839.613553Z_496992c6,896059f8-621f-4b22-8deb-daaeb98f7d22,normal,baseline,100,200,100,0,100,0,13525.2,97136.2,100189.5,140244.1,13413.2,13795.5,14431.7
D2,results/d2_formal/r1/boot_01/batch_20260914T143852.867433Z_7a726217.json.gz,20260914T143852.867433Z_7a726217,896059f8-621f-4b22-8deb-daaeb98f7d22,normal,cpu,100,200,100,0,100,0,13534.6,97285.0,119654.5,157354.10000000003,13367.1,15762.0,16897.100000000002
D2,results/d2_formal/r1/boot_01/batch_20260914T143906.135880Z_d0f4531d.json.gz,20260914T143906.135880Z_d0f4531d,896059f8-621f-4b22-8deb-daaeb98f7d22,normal,mixed,100,200,100,0,100,0,13788.7,101289.7,123347.5,168035.10000000006,13463.5,16030.0,17344.7
D2,results/d2_formal/r1/boot_01/batch_20260914T143912.752949Z_94cbf7df.json.gz,20260914T143912.752949Z_94cbf7df,896059f8-621f-4b22-8deb-daaeb98f7d22,normal,baseline,100,200,100,0,100,0,13565.4,97071.1,100538.0,138545.30000000002,13452.9,13815.0,14467.9
D2,results/d2_formal/r1/boot_01/batch_20260914T143926.053636Z_a45a5a44.json.gz,20260914T143926.053636Z_a45a5a44,896059f8-621f-4b22-8deb-daaeb98f7d22,normal,cpu,100,200,100,0,100,0,13677.3,96618.4,116469.0,172143.80000000005,13441.9,15701.0,17301.6
D2,results/d2_formal/r1/boot_01/batch_20260914T143933.611431Z_9018a1b4.json.gz,20260914T143933.611431Z_9018a1b4,896059f8-621f-4b22-8deb-daaeb98f7d22,normal,memory,100,200,100,0,100,0,13486.4,96499.6,98099.5,136033.50000000006,13422.0,13697.5,14213.6
D2,results/d2_formal/r1/boot_01/batch_20260914T143946.918931Z_06575cd0.json.gz,20260914T143946.918931Z_06575cd0,896059f8-621f-4b22-8deb-daaeb98f7d22,rootkit,mixed,100,100,100,100,0,0,38254.4,38254.4,48190.5,65086.0,nan,nan,nan
D2,results/d2_formal/r1/boot_01/batch_20260914T144000.077494Z_809ea687.json.gz,20260914T144000.077494Z_809ea687,896059f8-621f-4b22-8deb-daaeb98f7d22,rootkit,cpu,100,100,100,100,0,0,37681.4,37681.4,51679.0,87632.00000000007,nan,nan,nan
D2,results/d2_formal/r1/boot_01/batch_20260914T144007.691358Z_621d4ecc.json.gz,20260914T144007.691358Z_621d4ecc,896059f8-621f-4b22-8deb-daaeb98f7d22,rootkit,memory,100,100,100,100,0,0,36383.8,36383.8,37663.5,47897.30000000007,nan,nan,nan
D2,results/d2_formal/r1/boot_01/batch_20260914T144014.288319Z_a420273e.json.gz,20260914T144014.288319Z_a420273e,896059f8-621f-4b22-8deb-daaeb98f7d22,rootkit,baseline,100,100,100,100,0,0,36562.6,36562.6,55235.5,77522.20000000003,nan,nan,nan
D2,results/d2_formal/r1/boot_01/batch_20260914T144022.108574Z_ad0841a8.json.gz,20260914T144022.108574Z_ad0841a8,896059f8-621f-4b22-8deb-daaeb98f7d22,rootkit,memory,100,100,100,100,0,0,36228.5,36228.5,37739.0,53813.00000000004,nan,nan,nan
D2,results/d2_formal/r1/boot_01/batch_20260914T144035.329190Z_f7cf4924.json.gz,20260914T144035.329190Z_f7cf4924,896059f8-621f-4b22-8deb-daaeb98f7d22,rootkit,cpu,100,100,100,100,0,0,37166.4,37166.4,46018.0,64823.9,nan,nan,nan
D2,results/d2_formal/r1/boot_01/batch_20260914T144041.957901Z_9411e527.json.gz,20260914T144041.957901Z_9411e527,896059f8-621f-4b22-8deb-daaeb98f7d22,rootkit,baseline,100,100,100,100,0,0,37087.6,37087.6,62948.0,71743.20000000001,nan,nan,nan
D2,results/d2_formal/r1/boot_01/batch_20260914T144055.240646Z_9cae6bea.json.gz,20260914T144055.240646Z_9cae6bea,896059f8-621f-4b22-8deb-daaeb98f7d22,rootkit,mixed,100,100,100,100,0,0,38200.7,38200.7,52489.0,72759.3,nan,nan,nan
D2,results/d2_formal/r1/boot_01/batch_20260914T144108.916120Z_aff49bdf.json.gz,20260914T144108.916120Z_aff49bdf,896059f8-621f-4b22-8deb-daaeb98f7d22,normal,cpu,100,200,100,0,100,0,13615.5,96547.8,113991.0,149706.30000000002,13456.2,15967.0,17282.8
D2,results/d2_formal/r1/boot_01/batch_20260914T144116.591172Z_8a4dd913.json.gz,20260914T144116.591172Z_8a4dd913,896059f8-621f-4b22-8deb-daaeb98f7d22,normal,memory,100,200,100,0,100,0,13496.7,96544.4,98571.0,145547.40000000002,13400.4,13762.5,14304.6
D2,results/d2_formal/r1/boot_01/batch_20260914T144123.277043Z_881634ab.json.gz,20260914T144123.277043Z_881634ab,896059f8-621f-4b22-8deb-daaeb98f7d22,normal,baseline,100,200,100,0,100,0,13699.5,99364.5,125642.0,150060.80000000005,13579.3,14010.5,14572.800000000001
D2,results/d2_formal/r1/boot_01/batch_20260914T144136.442319Z_f062485e.json.gz,20260914T144136.442319Z_f062485e,896059f8-621f-4b22-8deb-daaeb98f7d22,normal,mixed,100,200,100,0,100,0,13588.5,97777.1,104355.0,147146.00000000003,13463.5,13942.0,16394.800000000003
D2,results/d2_formal/r1/boot_01/batch_20260914T144149.662429Z_ce113351.json.gz,20260914T144149.662429Z_ce113351,896059f8-621f-4b22-8deb-daaeb98f7d22,normal,cpu,100,200,100,0,100,0,13657.0,97560.0,114433.5,146924.00000000003,13386.0,15732.5,16795.5
D2,results/d2_formal/r1/boot_01/batch_20260914T144157.290299Z_f1dd3c34.json.gz,20260914T144157.290299Z_f1dd3c34,896059f8-621f-4b22-8deb-daaeb98f7d22,normal,memory,100,200,100,0,100,0,13496.0,95658.8,97770.5,122030.8,13387.8,13643.5,14082.6
D2,results/d2_formal/r1/boot_01/batch_20260914T144203.916963Z_e2435110.json.gz,20260914T144203.916963Z_e2435110,896059f8-621f-4b22-8deb-daaeb98f7d22,normal,baseline,100,200,100,0,100,0,13634.8,96580.0,100071.5,146620.4,13504.6,13980.5,14430.5
D2,results/d2_formal/r1/boot_01/batch_20260914T144217.168977Z_d1b61afa.json.gz,20260914T144217.168977Z_d1b61afa,896059f8-621f-4b22-8deb-daaeb98f7d22,normal,mixed,100,200,100,0,100,0,13555.5,97689.6,105329.5,138987.40000000002,13419.7,13936.5,16479.9
D2,results/d2_formal/r1/boot_01/batch_20260914T144230.426074Z_3cacd542.json.gz,20260914T144230.426074Z_3cacd542,896059f8-621f-4b22-8deb-daaeb98f7d22,rootkit,cpu,100,100,100,100,0,0,37632.6,37632.6,49040.0,70641.20000000001,nan,nan,nan
D2,results/d2_formal/r1/boot_01/batch_20260914T144236.975771Z_fdbcece2.json.gz,20260914T144236.975771Z_fdbcece2,896059f8-621f-4b22-8deb-daaeb98f7d22,rootkit,baseline,100,100,100,100,0,0,36074.5,36074.5,38304.5,69243.9,nan,nan,nan
D2,results/d2_formal/r1/boot_01/batch_20260914T144244.669118Z_045990fc.json.gz,20260914T144244.669118Z_045990fc,896059f8-621f-4b22-8deb-daaeb98f7d22,rootkit,memory,100,100,100,100,0,0,35993.6,35993.6,37625.5,43542.9,nan,nan,nan
D2,results/d2_formal/r1/boot_01/batch_20260914T144257.914764Z_2171626f.json.gz,20260914T144257.914764Z_2171626f,896059f8-621f-4b22-8deb-daaeb98f7d22,rootkit,mixed,100,100,100,100,0,0,40211.3,40211.3,53556.5,70728.7,nan,nan,nan
D2,results/d2_formal/r1/boot_01/batch_20260914T144311.593599Z_1db799e7.json.gz,20260914T144311.593599Z_1db799e7,896059f8-621f-4b22-8deb-daaeb98f7d22,normal,cpu,100,200,100,0,100,0,13678.7,98472.8,119194.0,150201.20000000013,13420.3,15999.0,17241.4
D2,results/d2_formal/r1/boot_01/batch_20260914T144324.889102Z_9cb43164.json.gz,20260914T144324.889102Z_9cb43164,896059f8-621f-4b22-8deb-daaeb98f7d22,normal,mixed,100,200,100,0,100,0,13564.4,100056.7,121442.0,150952.40000000002,13451.5,15977.5,17128.600000000006
D2,results/d2_formal/r1/boot_01/batch_20260914T144332.958373Z_82ad3a15.json.gz,20260914T144332.958373Z_82ad3a15,896059f8-621f-4b22-8deb-daaeb98f7d22,normal,memory,100,200,100,0,100,0,13537.9,100191.8,105164.0,160519.9,13409.5,13846.0,14717.300000000005
D2,results/d2_formal/r1/boot_01/batch_20260914T144340.179787Z_d828fc82.json.gz,20260914T144340.179787Z_d828fc82,896059f8-621f-4b22-8deb-daaeb98f7d22,normal,baseline,100,200,100,0,100,0,13579.4,96934.6,102165.5,146688.1000000001,13476.5,13822.0,16385.9
D2,results/d2_formal/r1/boot_01/batch_20260914T144348.053960Z_d3565bd4.json.gz,20260914T144348.053960Z_d3565bd4,896059f8-621f-4b22-8deb-daaeb98f7d22,rootkit,memory,100,100,100,100,0,0,36356.9,36356.9,37869.5,43095.10000000001,nan,nan,nan
D2,results/d2_formal/r1/boot_01/batch_20260914T144401.277335Z_77f2b6cd.json.gz,20260914T144401.277335Z_77f2b6cd,896059f8-621f-4b22-8deb-daaeb98f7d22,rootkit,cpu,100,100,100,100,0,0,37761.9,37761.9,46909.5,65639.40000000001,nan,nan,nan
D2,results/d2_formal/r1/boot_01/batch_20260914T144414.434825Z_5460e5fe.json.gz,20260914T144414.434825Z_5460e5fe,896059f8-621f-4b22-8deb-daaeb98f7d22,rootkit,mixed,100,100,100,100,0,0,38501.0,38501.0,53831.0,70812.8,nan,nan,nan
D2,results/d2_formal/r1/boot_01/batch_20260914T144420.924609Z_76c026e9.json.gz,20260914T144420.924609Z_76c026e9,896059f8-621f-4b22-8deb-daaeb98f7d22,rootkit,baseline,100,100,100,100,0,0,36126.2,36126.2,38782.5,66436.1,nan,nan,nan
D2,results/d2_formal/r1/boot_02/batch_20260914T144451.602628Z_360018dc.json.gz,20260914T144451.602628Z_360018dc,1139a552-b844-4d1a-a00f-d77cd07994ea,normal,mixed,100,200,100,0,100,0,13767.9,99084.1,118546.5,162907.0000000001,13535.1,15775.5,17850.0
D2,results/d2_formal/r1/boot_02/batch_20260914T144459.228918Z_e2c1b5e8.json.gz,20260914T144459.228918Z_e2c1b5e8,1139a552-b844-4d1a-a00f-d77cd07994ea,normal,memory,100,200,100,0,100,0,13547.8,96718.1,98767.5,127076.00000000003,13461.3,13809.0,14335.1
D2,results/d2_formal/r1/boot_02/batch_20260914T144505.930152Z_13ac07bf.json.gz,20260914T144505.930152Z_13ac07bf,1139a552-b844-4d1a-a00f-d77cd07994ea,normal,baseline,100,200,100,0,100,0,13578.4,96958.5,100229.5,143905.5,13488.8,13871.0,14482.0
D2,results/d2_formal/r1/boot_02/batch_20260914T144519.288900Z_b4efb26f.json.gz,20260914T144519.288900Z_b4efb26f,1139a552-b844-4d1a-a00f-d77cd07994ea,normal,cpu,100,200,100,0,100,0,13824.6,98906.4,120782.0,143753.7,13639.9,15806.5,16626.4
D2,results/d2_formal/r1/boot_02/batch_20260914T144532.578411Z_40ff1e5d.json.gz,20260914T144532.578411Z_40ff1e5d,1139a552-b844-4d1a-a00f-d77cd07994ea,rootkit,mixed,100,100,100,100,0,0,39541.5,39541.5,50275.0,74083.90000000005,nan,nan,nan
D2,results/d2_formal/r1/boot_02/batch_20260914T144539.192067Z_60ea1815.json.gz,20260914T144539.192067Z_60ea1815,1139a552-b844-4d1a-a00f-d77cd07994ea,rootkit,baseline,100,100,100,100,0,0,36618.9,36618.9,41337.5,67716.90000000001,nan,nan,nan
D2,results/d2_formal/r1/boot_02/batch_20260914T144552.350535Z_653cb7f7.json.gz,20260914T144552.350535Z_653cb7f7,1139a552-b844-4d1a-a00f-d77cd07994ea,rootkit,cpu,100,100,100,100,0,0,37361.9,37361.9,44203.0,64980.800000000025,nan,nan,nan
D2,results/d2_formal/r1/boot_02/batch_20260914T144559.948256Z_30e54c99.json.gz,20260914T144559.948256Z_30e54c99,1139a552-b844-4d1a-a00f-d77cd07994ea,rootkit,memory,100,100,100,100,0,0,36059.3,36059.3,37199.5,41302.8,nan,nan,nan
D2,results/d2_formal/r1/boot_02/batch_20260914T144613.159313Z_68d18733.json.gz,20260914T144613.159313Z_68d18733,1139a552-b844-4d1a-a00f-d77cd07994ea,rootkit,cpu,100,100,100,100,0,0,37222.1,37222.1,47114.5,71370.3,nan,nan,nan
D2,results/d2_formal/r1/boot_02/batch_20260914T144619.817073Z_d831a26c.json.gz,20260914T144619.817073Z_d831a26c,1139a552-b844-4d1a-a00f-d77cd07994ea,rootkit,baseline,100,100,100,100,0,0,37335.9,37335.9,63386.5,84079.9,nan,nan,nan
D2,results/d2_formal/r1/boot_02/batch_20260914T144627.531743Z_bb8727f2.json.gz,20260914T144627.531743Z_bb8727f2,1139a552-b844-4d1a-a00f-d77cd07994ea,rootkit,memory,100,100,100,100,0,0,36060.8,36060.8,37612.0,52797.70000000001,nan,nan,nan
D2,results/d2_formal/r1/boot_02/batch_20260914T144640.705510Z_d048163e.json.gz,20260914T144640.705510Z_d048163e,1139a552-b844-4d1a-a00f-d77cd07994ea,rootkit,mixed,100,100,100,100,0,0,42496.0,42496.0,56616.0,73791.9,nan,nan,nan
D2,results/d2_formal/r1/boot_02/batch_20260914T144654.360879Z_bfcf8a44.json.gz,20260914T144654.360879Z_bfcf8a44,1139a552-b844-4d1a-a00f-d77cd07994ea,normal,mixed,100,200,100,0,100,0,13698.9,98867.0,116679.0,142121.50000000006,13487.3,15709.5,16750.4
D2,results/d2_formal/r1/boot_02/batch_20260914T144701.991267Z_45fa0087.json.gz,20260914T144701.991267Z_45fa0087,1139a552-b844-4d1a-a00f-d77cd07994ea,normal,memory,100,200,100,0,100,0,13571.5,97649.1,100421.5,129117.60000000002,13498.6,13776.5,14604.800000000001
D2,results/d2_formal/r1/boot_02/batch_20260914T144708.652526Z_8e72166a.json.gz,20260914T144708.652526Z_8e72166a,1139a552-b844-4d1a-a00f-d77cd07994ea,normal,baseline,100,200,100,0,100,0,13868.4,98441.4,125240.5,146998.0,13742.2,14185.0,14834.1
D2,results/d2_formal/r1/boot_02/batch_20260914T144721.836931Z_29f27ccf.json.gz,20260914T144721.836931Z_29f27ccf,1139a552-b844-4d1a-a00f-d77cd07994ea,normal,cpu,100,200,100,0,100,0,13558.6,100242.0,119323.0,155494.60000000003,13443.7,15627.0,17026.9
D2,results/d2_formal/r1/boot_02/batch_20260914T144735.043511Z_9a941b78.json.gz,20260914T144735.043511Z_9a941b78,1139a552-b844-4d1a-a00f-d77cd07994ea,normal,cpu,100,200,100,0,100,0,13610.8,97819.3,115891.5,151674.40000000005,13456.8,14292.0,17228.100000000002
D2,results/d2_formal/r1/boot_02/batch_20260914T144748.303004Z_10e04301.json.gz,20260914T144748.303004Z_10e04301,1139a552-b844-4d1a-a00f-d77cd07994ea,normal,mixed,100,200,100,0,100,0,13638.9,98678.8,105359.0,139728.5,13519.5,13980.0,16376.900000000001
D2,results/d2_formal/r1/boot_02/batch_20260914T144755.894512Z_5e87436d.json.gz,20260914T144755.894512Z_5e87436d,1139a552-b844-4d1a-a00f-d77cd07994ea,normal,memory,100,200,100,0,100,0,13697.4,97012.7,99136.0,122678.80000000003,13608.2,13865.5,14471.5
D2,results/d2_formal/r1/boot_02/batch_20260914T144802.584187Z_d7efc397.json.gz,20260914T144802.584187Z_d7efc397,1139a552-b844-4d1a-a00f-d77cd07994ea,normal,baseline,100,200,100,0,100,0,13620.7,98029.4,100852.0,145605.2,13482.1,13860.5,14315.0
D2,results/d2_formal/r1/boot_02/batch_20260914T144809.363126Z_060dd1de.json.gz,20260914T144809.363126Z_060dd1de,1139a552-b844-4d1a-a00f-d77cd07994ea,rootkit,baseline,100,100,100,100,0,0,37205.8,37205.8,63912.5,71908.60000000003,nan,nan,nan
D2,results/d2_formal/r1/boot_02/batch_20260914T144816.951155Z_21596b8c.json.gz,20260914T144816.951155Z_21596b8c,1139a552-b844-4d1a-a00f-d77cd07994ea,rootkit,memory,100,100,100,100,0,0,36616.8,36616.8,38116.5,50516.300000000054,nan,nan,nan
D2,results/d2_formal/r1/boot_02/batch_20260914T144830.088407Z_b71ef6ca.json.gz,20260914T144830.088407Z_b71ef6ca,1139a552-b844-4d1a-a00f-d77cd07994ea,rootkit,mixed,100,100,100,100,0,0,41376.6,41376.6,49186.5,73427.70000000004,nan,nan,nan
D2,results/d2_formal/r1/boot_02/batch_20260914T144843.570898Z_b78d7246.json.gz,20260914T144843.570898Z_b78d7246,1139a552-b844-4d1a-a00f-d77cd07994ea,rootkit,cpu,100,100,100,100,0,0,41095.6,41095.6,53855.0,87624.20000000004,nan,nan,nan
D2,results/d2_formal/r1/boot_02/batch_20260914T144857.302175Z_3da4a4bb.json.gz,20260914T144857.302175Z_3da4a4bb,1139a552-b844-4d1a-a00f-d77cd07994ea,normal,mixed,100,200,100,0,100,0,13763.6,99656.8,119211.0,161432.80000000002,13510.3,15691.0,16409.2
D2,results/d2_formal/r1/boot_02/batch_20260914T144910.369663Z_3a7a93fd.json.gz,20260914T144910.369663Z_3a7a93fd,1139a552-b844-4d1a-a00f-d77cd07994ea,normal,cpu,100,200,100,0,100,0,13811.0,98018.9,111660.0,129565.40000000001,13613.4,14628.5,16704.6
D2,results/d2_formal/r1/boot_02/batch_20260914T144917.829594Z_fb6c927e.json.gz,20260914T144917.829594Z_fb6c927e,1139a552-b844-4d1a-a00f-d77cd07994ea,normal,memory,100,200,100,0,100,0,13665.0,97033.3,98756.0,127763.8,13573.9,13935.5,14659.3
D2,results/d2_formal/r1/boot_02/batch_20260914T144924.469933Z_a13716bf.json.gz,20260914T144924.469933Z_a13716bf,1139a552-b844-4d1a-a00f-d77cd07994ea,normal,baseline,100,200,100,0,100,0,13695.8,97053.7,101289.5,148694.1,13618.1,14063.0,14851.5
D2,results/d2_formal/r1/boot_02/batch_20260914T144937.600342Z_05337fb8.json.gz,20260914T144937.600342Z_05337fb8,1139a552-b844-4d1a-a00f-d77cd07994ea,rootkit,cpu,100,100,100,100,0,0,37098.0,37098.0,44781.5,58284.00000000001,nan,nan,nan
D2,results/d2_formal/r1/boot_02/batch_20260914T144944.525688Z_99a0d7f7.json.gz,20260914T144944.525688Z_99a0d7f7,1139a552-b844-4d1a-a00f-d77cd07994ea,rootkit,baseline,100,100,100,100,0,0,37491.8,37491.8,38870.5,61916.90000000001,nan,nan,nan
D2,results/d2_formal/r1/boot_02/batch_20260914T144957.722129Z_1ce9749f.json.gz,20260914T144957.722129Z_1ce9749f,1139a552-b844-4d1a-a00f-d77cd07994ea,rootkit,mixed,100,100,100,100,0,0,42211.5,42211.5,47757.0,76428.3,nan,nan,nan
D2,results/d2_formal/r1/boot_02/batch_20260914T145005.197442Z_7971567d.json.gz,20260914T145005.197442Z_7971567d,1139a552-b844-4d1a-a00f-d77cd07994ea,rootkit,memory,100,100,100,100,0,0,41747.7,41747.7,43480.5,48286.20000000006,nan,nan,nan
D2,results/d2_formal/r1/boot_02/batch_20260914T145015.766526Z_a61d88be.json.gz,20260914T145015.766526Z_a61d88be,1139a552-b844-4d1a-a00f-d77cd07994ea,rootkit,cpu,100,100,100,100,0,0,42456.6,42456.6,55595.0,83817.10000000006,nan,nan,nan
D2,results/d2_formal/r1/boot_02/batch_20260914T145024.306337Z_4aa18e84.json.gz,20260914T145024.306337Z_4aa18e84,1139a552-b844-4d1a-a00f-d77cd07994ea,rootkit,baseline,100,100,100,100,0,0,43663.5,43663.5,46971.5,121208.40000000001,nan,nan,nan
D2,results/d2_formal/r1/boot_02/batch_20260914T145032.906480Z_75e04d5b.json.gz,20260914T145032.906480Z_75e04d5b,1139a552-b844-4d1a-a00f-d77cd07994ea,rootkit,memory,100,100,100,100,0,0,43267.0,43267.0,49662.5,119902.50000000003,nan,nan,nan
D2,results/d2_formal/r1/boot_02/batch_20260914T145046.376937Z_db940394.json.gz,20260914T145046.376937Z_db940394,1139a552-b844-4d1a-a00f-d77cd07994ea,rootkit,mixed,100,100,100,100,0,0,43138.5,43138.5,52551.5,90375.90000000018,nan,nan,nan
D2,results/d2_formal/r1/boot_02/batch_20260914T145100.216841Z_bc3f2971.json.gz,20260914T145100.216841Z_bc3f2971,1139a552-b844-4d1a-a00f-d77cd07994ea,normal,mixed,100,200,100,0,100,0,13678.6,100486.3,116455.5,146401.30000000002,13614.0,14368.5,16798.7
D2,results/d2_formal/r1/boot_02/batch_20260914T145108.151679Z_930d9c06.json.gz,20260914T145108.151679Z_930d9c06,1139a552-b844-4d1a-a00f-d77cd07994ea,normal,memory,100,200,100,0,100,0,13649.6,99266.2,103486.0,188556.6,13503.8,13956.0,16289.2
D2,results/d2_formal/r1/boot_02/batch_20260914T145121.934323Z_f1b85c64.json.gz,20260914T145121.934323Z_f1b85c64,1139a552-b844-4d1a-a00f-d77cd07994ea,normal,cpu,100,200,100,0,100,0,13788.9,98605.8,118712.0,147936.90000000002,13582.2,15610.5,16777.0
D2,results/d2_formal/r1/boot_02/batch_20260914T145128.643984Z_62a622f1.json.gz,20260914T145128.643984Z_62a622f1,1139a552-b844-4d1a-a00f-d77cd07994ea,normal,baseline,100,200,100,0,100,0,13689.9,100057.5,124324.5,148103.70000000004,13553.6,14131.0,14722.0
D2,results/d2_formal/r1/boot_02/batch_20260914T145136.577674Z_e0f21808.json.gz,20260914T145136.577674Z_e0f21808,1139a552-b844-4d1a-a00f-d77cd07994ea,rootkit,memory,100,100,100,100,0,0,36714.9,36714.9,38293.5,59758.00000000003,nan,nan,nan
D2,results/d2_formal/r1/boot_02/batch_20260914T145150.037428Z_2e24240c.json.gz,20260914T145150.037428Z_2e24240c,1139a552-b844-4d1a-a00f-d77cd07994ea,rootkit,cpu,100,100,100,100,0,0,39225.6,39225.6,49295.5,80091.40000000008,nan,nan,nan
D2,results/d2_formal/r1/boot_02/batch_20260914T145157.311001Z_25759f9e.json.gz,20260914T145157.311001Z_25759f9e,1139a552-b844-4d1a-a00f-d77cd07994ea,rootkit,baseline,100,100,100,100,0,0,38271.7,38271.7,42342.0,71180.3,nan,nan,nan
D2,results/d2_formal/r1/boot_02/batch_20260914T145211.076395Z_9f7a023a.json.gz,20260914T145211.076395Z_9f7a023a,1139a552-b844-4d1a-a00f-d77cd07994ea,rootkit,mixed,100,100,100,100,0,0,40998.1,40998.1,51561.0,88427.40000000002,nan,nan,nan
D2,results/d2_formal/r1/boot_02/batch_20260914T145224.868743Z_22bc77cf.json.gz,20260914T145224.868743Z_22bc77cf,1139a552-b844-4d1a-a00f-d77cd07994ea,normal,cpu,100,200,100,0,100,0,13800.3,102848.7,122011.0,179177.60000000003,13610.8,15663.5,16708.7
D2,results/d2_formal/r1/boot_02/batch_20260914T145236.461954Z_8f0210aa.json.gz,20260914T145236.461954Z_8f0210aa,1139a552-b844-4d1a-a00f-d77cd07994ea,normal,mixed,100,200,100,0,100,0,14115.3,105710.2,141528.0,194293.90000000002,13751.1,16725.0,28307.200000000004
D2,results/d2_formal/r1/boot_02/batch_20260914T145244.267800Z_8d8c1e05.json.gz,20260914T145244.267800Z_8d8c1e05,1139a552-b844-4d1a-a00f-d77cd07994ea,normal,memory,100,200,100,0,100,0,13576.0,98643.2,102067.0,141553.5,13517.0,13830.5,16176.6
D2,results/d2_formal/r1/boot_02/batch_20260914T145251.366010Z_2229c8d0.json.gz,20260914T145251.366010Z_2229c8d0,1139a552-b844-4d1a-a00f-d77cd07994ea,normal,baseline,100,200,100,0,100,0,13870.0,101149.3,127011.0,182399.3000000001,13697.3,14213.0,14884.7
D2,results/d2_formal/r1/boot_02/batch_20260914T145259.912881Z_24948e40.json.gz,20260914T145259.912881Z_24948e40,1139a552-b844-4d1a-a00f-d77cd07994ea,rootkit,memory,100,100,100,100,0,0,39901.7,39901.7,42777.0,131238.50000000003,nan,nan,nan
D2,results/d2_formal/r1/boot_02/batch_20260914T145314.036864Z_2a305955.json.gz,20260914T145314.036864Z_2a305955,1139a552-b844-4d1a-a00f-d77cd07994ea,rootkit,cpu,100,100,100,100,0,0,41848.3,41848.3,55510.0,77936.2,nan,nan,nan
D2,results/d2_formal/r1/boot_02/batch_20260914T145328.059094Z_e59e116f.json.gz,20260914T145328.059094Z_e59e116f,1139a552-b844-4d1a-a00f-d77cd07994ea,rootkit,mixed,100,100,100,100,0,0,42247.4,42247.4,59449.0,79001.20000000001,nan,nan,nan
D2,results/d2_formal/r1/boot_02/batch_20260914T145334.793560Z_296c2d16.json.gz,20260914T145334.793560Z_296c2d16,1139a552-b844-4d1a-a00f-d77cd07994ea,rootkit,baseline,100,100,100,100,0,0,36502.2,36502.2,38970.5,66732.1,nan,nan,nan
D2,results/d2_formal/r1/boot_02/batch_20260914T145343.024297Z_90be6e2b.json.gz,20260914T145343.024297Z_90be6e2b,1139a552-b844-4d1a-a00f-d77cd07994ea,normal,memory,100,200,100,0,100,0,13539.6,97797.1,103308.0,172304.2,13440.2,13766.0,16042.2
D2,results/d2_formal/r1/boot_02/batch_20260914T145357.119833Z_46332063.json.gz,20260914T145357.119833Z_46332063,1139a552-b844-4d1a-a00f-d77cd07994ea,normal,mixed,100,200,100,0,100,0,13699.9,103865.3,129738.0,166964.30000000002,13527.8,15856.0,18478.5
D2,results/d2_formal/r1/boot_02/batch_20260914T145410.569425Z_e767379b.json.gz,20260914T145410.569425Z_e767379b,1139a552-b844-4d1a-a00f-d77cd07994ea,normal,cpu,100,200,100,0,100,0,13641.2,98303.4,110742.0,140253.30000000002,13469.8,14150.5,16419.9
D2,results/d2_formal/r1/boot_02/batch_20260914T145417.842776Z_27dabade.json.gz,20260914T145417.842776Z_27dabade,1139a552-b844-4d1a-a00f-d77cd07994ea,normal,baseline,100,200,100,0,100,0,13704.5,99621.4,117047.0,157738.00000000006,13598.6,13953.5,15846.5
D2,results/d2_formal/r1/boot_02/batch_20260914T145431.423274Z_0bb39d58.json.gz,20260914T145431.423274Z_0bb39d58,1139a552-b844-4d1a-a00f-d77cd07994ea,normal,cpu,100,200,100,0,100,0,13754.4,102517.5,125409.5,168309.90000000005,13508.5,15867.0,16941.100000000002
D2,results/d2_formal/r1/boot_02/batch_20260914T145445.241855Z_21a9cdfb.json.gz,20260914T145445.241855Z_21a9cdfb,1139a552-b844-4d1a-a00f-d77cd07994ea,normal,mixed,100,200,100,0,100,0,13688.2,99183.9,118743.5,158021.30000000016,13562.4,14351.5,16326.800000000001
D2,results/d2_formal/r1/boot_02/batch_20260914T145452.239097Z_8eabc1a0.json.gz,20260914T145452.239097Z_8eabc1a0,1139a552-b844-4d1a-a00f-d77cd07994ea,normal,baseline,100,200,100,0,100,0,13604.9,97315.1,99548.0,130162.2,13452.0,13834.0,14594.800000000001
D2,results/d2_formal/r1/boot_02/batch_20260914T145500.403031Z_eef39611.json.gz,20260914T145500.403031Z_eef39611,1139a552-b844-4d1a-a00f-d77cd07994ea,normal,memory,100,200,100,0,100,0,13578.4,97179.5,99356.5,125226.30000000003,13411.1,13842.5,14465.800000000001
D2,results/d2_formal/r1/boot_02/batch_20260914T145513.954555Z_1fe5a557.json.gz,20260914T145513.954555Z_1fe5a557,1139a552-b844-4d1a-a00f-d77cd07994ea,rootkit,mixed,100,100,100,100,0,0,25266.0,25266.0,57918.5,82894.2,nan,nan,nan
D2,results/d2_formal/r1/boot_02/batch_20260914T145518.557142Z_44d6ca88.json.gz,20260914T145518.557142Z_44d6ca88,1139a552-b844-4d1a-a00f-d77cd07994ea,rootkit,memory,100,100,100,100,0,0,40382.5,40382.5,47324.0,124459.30000000002,nan,nan,nan
D2,results/d2_formal/r1/boot_02/batch_20260914T145525.938249Z_bd962610.json.gz,20260914T145525.938249Z_bd962610,1139a552-b844-4d1a-a00f-d77cd07994ea,rootkit,baseline,100,100,100,100,0,0,40411.9,40411.9,44535.5,81992.40000000008,nan,nan,nan
D2,results/d2_formal/r1/boot_02/batch_20260914T145540.097876Z_0ef13829.json.gz,20260914T145540.097876Z_0ef13829,1139a552-b844-4d1a-a00f-d77cd07994ea,rootkit,cpu,100,100,100,100,0,0,44030.3,44030.3,60714.5,99133.10000000002,nan,nan,nan
D2,results/d2_formal/r1/boot_02/batch_20260914T145554.534983Z_69781d08.json.gz,20260914T145554.534983Z_69781d08,1139a552-b844-4d1a-a00f-d77cd07994ea,rootkit,cpu,100,100,100,100,0,0,48154.4,48154.4,65858.5,104597.50000000003,nan,nan,nan
D2,results/d2_formal/r1/boot_02/batch_20260914T145600.666556Z_650a9399.json.gz,20260914T145600.666556Z_650a9399,1139a552-b844-4d1a-a00f-d77cd07994ea,rootkit,memory,100,100,100,100,0,0,36969.5,36969.5,39247.5,55946.00000000004,nan,nan,nan
D2,results/d2_formal/r1/boot_02/batch_20260914T145614.506670Z_d717cbe1.json.gz,20260914T145614.506670Z_d717cbe1,1139a552-b844-4d1a-a00f-d77cd07994ea,rootkit,mixed,100,100,100,100,0,0,42721.8,42721.8,59234.5,116637.40000000001,nan,nan,nan
D2,results/d2_formal/r1/boot_02/batch_20260914T145622.024514Z_8a01aacb.json.gz,20260914T145622.024514Z_8a01aacb,1139a552-b844-4d1a-a00f-d77cd07994ea,rootkit,baseline,100,100,100,100,0,0,40903.8,40903.8,44565.0,84905.60000000002,nan,nan,nan
D2,results/d2_formal/r1/boot_02/batch_20260914T145636.303120Z_fd69de05.json.gz,20260914T145636.303120Z_fd69de05,1139a552-b844-4d1a-a00f-d77cd07994ea,normal,mixed,100,200,100,0,100,0,13715.6,101544.6,124326.0,184201.10000000006,13502.7,15835.5,18166.700000000008
D2,results/d2_formal/r1/boot_02/batch_20260914T145644.381537Z_5abc653a.json.gz,20260914T145644.381537Z_5abc653a,1139a552-b844-4d1a-a00f-d77cd07994ea,normal,memory,100,200,100,0,100,0,13600.6,98540.2,101785.0,155158.80000000002,13515.5,13811.0,15497.200000000004
D2,results/d2_formal/r1/boot_02/batch_20260914T145651.434841Z_37745c8b.json.gz,20260914T145651.434841Z_37745c8b,1139a552-b844-4d1a-a00f-d77cd07994ea,normal,baseline,100,200,100,0,100,0,13724.8,99504.7,109323.0,147923.80000000002,13524.3,14016.5,14737.2
D2,results/d2_formal/r1/boot_02/batch_20260914T145705.138660Z_7fadfbd0.json.gz,20260914T145705.138660Z_7fadfbd0,1139a552-b844-4d1a-a00f-d77cd07994ea,normal,cpu,100,200,100,0,100,0,13714.9,102691.6,120165.0,169603.80000000005,13574.7,14325.5,16706.2
D2,results/d2_formal/r1/boot_02/batch_20260914T145712.209138Z_fa54da3c.json.gz,20260914T145712.209138Z_fa54da3c,1139a552-b844-4d1a-a00f-d77cd07994ea,normal,baseline,100,200,100,0,100,0,13638.5,99192.9,124275.5,181564.70000000004,13549.9,13989.5,14777.4
D2,results/d2_formal/r1/boot_02/batch_20260914T145725.786842Z_754696e5.json.gz,20260914T145725.786842Z_754696e5,1139a552-b844-4d1a-a00f-d77cd07994ea,normal,cpu,100,200,100,0,100,0,13623.5,100092.3,120697.0,174208.7,13456.4,15497.5,16970.9
D2,results/d2_formal/r1/boot_02/batch_20260914T145739.701582Z_08641400.json.gz,20260914T145739.701582Z_08641400,1139a552-b844-4d1a-a00f-d77cd07994ea,normal,mixed,100,200,100,0,100,0,13852.2,102705.9,131093.5,207557.80000000002,13674.7,16177.0,18015.2
D2,results/d2_formal/r1/boot_02/batch_20260914T145747.647797Z_cc3c9f24.json.gz,20260914T145747.647797Z_cc3c9f24,1139a552-b844-4d1a-a00f-d77cd07994ea,normal,memory,100,200,100,0,100,0,13710.0,98226.0,101243.5,145108.90000000002,13604.7,13938.0,14934.000000000007
D2,results/d2_formal/r1/boot_02/batch_20260914T145755.770506Z_48255831.json.gz,20260914T145755.770506Z_48255831,1139a552-b844-4d1a-a00f-d77cd07994ea,rootkit,memory,100,100,100,100,0,0,38222.8,38222.8,40507.5,65393.5,nan,nan,nan
D2,results/d2_formal/r1/boot_02/batch_20260914T145809.190230Z_c91b29c4.json.gz,20260914T145809.190230Z_c91b29c4,1139a552-b844-4d1a-a00f-d77cd07994ea,rootkit,cpu,100,100,100,100,0,0,40537.2,40537.2,55666.0,92936.40000000001,nan,nan,nan
D2,results/d2_formal/r1/boot_02/batch_20260914T145816.169476Z_3882cf7f.json.gz,20260914T145816.169476Z_3882cf7f,1139a552-b844-4d1a-a00f-d77cd07994ea,rootkit,baseline,100,100,100,100,0,0,38795.1,38795.1,43028.5,91773.20000000003,nan,nan,nan
D2,results/d2_formal/r1/boot_02/batch_20260914T145830.351717Z_06a2baff.json.gz,20260914T145830.351717Z_06a2baff,1139a552-b844-4d1a-a00f-d77cd07994ea,rootkit,mixed,100,100,100,100,0,0,42140.7,42140.7,60533.5,75747.8,nan,nan,nan
D2,results/d2_formal/r1/boot_02/batch_20260914T145844.244032Z_303eb225.json.gz,20260914T145844.244032Z_303eb225,1139a552-b844-4d1a-a00f-d77cd07994ea,rootkit,cpu,100,100,100,100,0,0,41346.5,41346.5,53451.0,84437.00000000006,nan,nan,nan
D2,results/d2_formal/r1/boot_02/batch_20260914T145851.639075Z_cc86964b.json.gz,20260914T145851.639075Z_cc86964b,1139a552-b844-4d1a-a00f-d77cd07994ea,rootkit,baseline,100,100,100,100,0,0,39391.3,39391.3,43887.0,106385.50000000007,nan,nan,nan
D2,results/d2_formal/r1/boot_02/batch_20260914T145900.051068Z_59bd884d.json.gz,20260914T145900.051068Z_59bd884d,1139a552-b844-4d1a-a00f-d77cd07994ea,rootkit,memory,100,100,100,100,0,0,38396.5,38396.5,41308.5,64545.60000000002,nan,nan,nan
D2,results/d2_formal/r1/boot_02/batch_20260914T145913.834391Z_14207c06.json.gz,20260914T145913.834391Z_14207c06,1139a552-b844-4d1a-a00f-d77cd07994ea,rootkit,mixed,100,100,100,100,0,0,42847.5,42847.5,57160.5,75283.60000000002,nan,nan,nan
D2,results/d2_formal/r1/boot_02/batch_20260914T145928.067389Z_f9f50b7c.json.gz,20260914T145928.067389Z_f9f50b7c,1139a552-b844-4d1a-a00f-d77cd07994ea,normal,cpu,100,200,100,0,100,0,13637.5,100550.0,124440.5,172259.70000000004,13498.2,15818.5,17235.30000000001
D2,results/d2_formal/r1/boot_02/batch_20260914T145936.255879Z_9aa04ffb.json.gz,20260914T145936.255879Z_9aa04ffb,1139a552-b844-4d1a-a00f-d77cd07994ea,normal,memory,100,200,100,0,100,0,13643.6,99731.9,103626.5,180995.00000000003,13517.8,13904.5,16500.5
D2,results/d2_formal/r1/boot_02/batch_20260914T145943.401066Z_b4133403.json.gz,20260914T145943.401066Z_b4133403,1139a552-b844-4d1a-a00f-d77cd07994ea,normal,baseline,100,200,100,0,100,0,13709.7,99218.7,126726.5,173238.40000000008,13572.7,13965.5,14818.600000000002
D2,results/d2_formal/r1/boot_02/batch_20260914T145957.308083Z_046685b4.json.gz,20260914T145957.308083Z_046685b4,1139a552-b844-4d1a-a00f-d77cd07994ea,normal,mixed,100,200,100,0,100,0,13610.7,100570.6,114397.5,160616.7000000001,13517.2,14039.0,16481.800000000003
D2,results/d2_formal/r1/boot_02/batch_20260914T150004.342890Z_2f64967b.json.gz,20260914T150004.342890Z_2f64967b,1139a552-b844-4d1a-a00f-d77cd07994ea,rootkit,baseline,100,100,100,100,0,0,39261.9,39261.9,63963.5,78894.80000000002,nan,nan,nan
D2,results/d2_formal/r1/boot_02/batch_20260914T150018.283753Z_0ff66dbe.json.gz,20260914T150018.283753Z_0ff66dbe,1139a552-b844-4d1a-a00f-d77cd07994ea,rootkit,cpu,100,100,100,100,0,0,41570.7,41570.7,53394.0,91895.7,nan,nan,nan
D2,results/d2_formal/r1/boot_02/batch_20260914T150032.053573Z_fa4732c3.json.gz,20260914T150032.053573Z_fa4732c3,1139a552-b844-4d1a-a00f-d77cd07994ea,rootkit,mixed,100,100,100,100,0,0,43064.5,43064.5,59368.0,79994.2,nan,nan,nan
D2,results/d2_formal/r1/boot_02/batch_20260914T150040.144097Z_81f78c15.json.gz,20260914T150040.144097Z_81f78c15,1139a552-b844-4d1a-a00f-d77cd07994ea,rootkit,memory,100,100,100,100,0,0,38930.3,38930.3,41779.0,80295.40000000004,nan,nan,nan
D2,results/d2_formal/r1/boot_02/batch_20260914T150048.948376Z_5e5b0873.json.gz,20260914T150048.948376Z_5e5b0873,1139a552-b844-4d1a-a00f-d77cd07994ea,normal,memory,100,200,100,0,100,0,13605.6,98450.6,103628.5,182286.90000000005,13515.2,13851.0,16273.300000000001
D2,results/d2_formal/r1/boot_02/batch_20260914T150102.668358Z_5934e5a0.json.gz,20260914T150102.668358Z_5934e5a0,1139a552-b844-4d1a-a00f-d77cd07994ea,normal,cpu,100,200,100,0,100,0,13746.4,101455.8,128287.5,192609.30000000002,13511.9,15889.5,18757.500000000025
D2,results/d2_formal/r1/boot_02/batch_20260914T150109.616132Z_ecd78401.json.gz,20260914T150109.616132Z_ecd78401,1139a552-b844-4d1a-a00f-d77cd07994ea,normal,baseline,100,200,100,0,100,0,13696.2,100129.9,125202.0,161057.6,13576.4,13983.0,14792.2
D2,results/d2_formal/r1/boot_02/batch_20260914T150123.543417Z_3df5a8e1.json.gz,20260914T150123.543417Z_3df5a8e1,1139a552-b844-4d1a-a00f-d77cd07994ea,normal,mixed,100,200,100,0,100,0,13740.2,103591.7,124832.0,179951.1,13550.6,15709.0,18430.4
D2,results/d2_formal/r1/boot_02/batch_20260914T150131.517324Z_acb3e516.json.gz,20260914T150131.517324Z_acb3e516,1139a552-b844-4d1a-a00f-d77cd07994ea,normal,memory,100,200,100,0,100,0,13579.7,97905.8,101256.0,144103.20000000004,13486.8,13869.5,15899.1
D2,results/d2_formal/r1/boot_02/batch_20260914T150145.257549Z_f8f1dac9.json.gz,20260914T150145.257549Z_f8f1dac9,1139a552-b844-4d1a-a00f-d77cd07994ea,normal,cpu,100,200,100,0,100,0,13686.3,100241.5,124666.0,151429.60000000006,13558.8,15548.0,17156.0
D2,results/d2_formal/r1/boot_02/batch_20260914T150158.850511Z_f4f9277a.json.gz,20260914T150158.850511Z_f4f9277a,1139a552-b844-4d1a-a00f-d77cd07994ea,normal,mixed,100,200,100,0,100,0,13759.6,101432.1,127556.5,174255.2000000001,13559.3,15802.0,17516.900000000023
D2,results/d2_formal/r1/boot_02/batch_20260914T150205.813965Z_e435c90c.json.gz,20260914T150205.813965Z_e435c90c,1139a552-b844-4d1a-a00f-d77cd07994ea,normal,baseline,100,200,100,0,100,0,13704.7,99477.0,123499.5,147231.7,13611.1,14027.0,14783.6
D2,results/d2_formal/r1/boot_02/batch_20260914T150214.050933Z_cfb6db8b.json.gz,20260914T150214.050933Z_cfb6db8b,1139a552-b844-4d1a-a00f-d77cd07994ea,rootkit,memory,100,100,100,100,0,0,38456.6,38456.6,40938.5,72607.20000000004,nan,nan,nan
D2,results/d2_formal/r1/boot_02/batch_20260914T150227.600621Z_a59631cd.json.gz,20260914T150227.600621Z_a59631cd,1139a552-b844-4d1a-a00f-d77cd07994ea,rootkit,cpu,100,100,100,100,0,0,41703.0,41703.0,51827.0,85671.30000000002,nan,nan,nan
D2,results/d2_formal/r1/boot_02/batch_20260914T150234.484743Z_4d227e57.json.gz,20260914T150234.484743Z_4d227e57,1139a552-b844-4d1a-a00f-d77cd07994ea,rootkit,baseline,100,100,100,100,0,0,38974.0,38974.0,65384.5,73623.0,nan,nan,nan
D2,results/d2_formal/r1/boot_02/batch_20260914T150248.025657Z_e4e9fd1e.json.gz,20260914T150248.025657Z_e4e9fd1e,1139a552-b844-4d1a-a00f-d77cd07994ea,rootkit,mixed,100,100,100,100,0,0,40372.0,40372.0,48805.0,78190.70000000004,nan,nan,nan
D2,results/d2_formal/r1/boot_02/batch_20260914T150301.705973Z_9d5f385b.json.gz,20260914T150301.705973Z_9d5f385b,1139a552-b844-4d1a-a00f-d77cd07994ea,rootkit,mixed,100,100,100,100,0,0,42261.9,42261.9,55980.0,79327.10000000002,nan,nan,nan
D2,results/d2_formal/r1/boot_02/batch_20260914T150315.715255Z_d01942ed.json.gz,20260914T150315.715255Z_d01942ed,1139a552-b844-4d1a-a00f-d77cd07994ea,rootkit,cpu,100,100,100,100,0,0,41123.0,41123.0,55262.5,92027.3,nan,nan,nan
D2,results/d2_formal/r1/boot_02/batch_20260914T150324.591976Z_d97efb4e.json.gz,20260914T150324.591976Z_d97efb4e,1139a552-b844-4d1a-a00f-d77cd07994ea,rootkit,memory,100,100,100,100,0,0,39977.4,39977.4,45564.0,126394.4,nan,nan,nan
D2,results/d2_formal/r1/boot_02/batch_20260914T150331.342805Z_d9f7f3ff.json.gz,20260914T150331.342805Z_d9f7f3ff,1139a552-b844-4d1a-a00f-d77cd07994ea,rootkit,baseline,100,100,100,100,0,0,38238.8,38238.8,64156.0,80366.30000000002,nan,nan,nan
D2,results/d2_formal/r1/boot_02/batch_20260914T150345.102253Z_2d5b8805.json.gz,20260914T150345.102253Z_2d5b8805,1139a552-b844-4d1a-a00f-d77cd07994ea,normal,cpu,100,200,100,0,100,0,13647.8,97826.2,119562.0,146984.7,13520.8,15685.5,16724.100000000002
D2,results/d2_formal/r1/boot_02/batch_20260914T150352.767940Z_a721d788.json.gz,20260914T150352.767940Z_a721d788,1139a552-b844-4d1a-a00f-d77cd07994ea,normal,memory,100,200,100,0,100,0,13608.1,96741.6,98339.5,127822.50000000004,13514.9,13843.5,14375.7
D2,results/d2_formal/r1/boot_02/batch_20260914T150406.153492Z_88f35ab5.json.gz,20260914T150406.153492Z_88f35ab5,1139a552-b844-4d1a-a00f-d77cd07994ea,normal,mixed,100,200,100,0,100,0,13932.5,101443.1,117433.0,155414.8,13670.8,15858.0,18233.700000000037
D2,results/d2_formal/r1/boot_02/batch_20260914T150412.359530Z_27b6a782.json.gz,20260914T150412.359530Z_27b6a782,1139a552-b844-4d1a-a00f-d77cd07994ea,normal,baseline,100,200,100,0,100,0,4061.5,32887.9,39922.5,49052.200000000004,4018.0,4197.0,4354.8
D2,results/d2_formal/r1/boot_02/batch_20260914T150415.726640Z_af122208.json.gz,20260914T150415.726640Z_af122208,1139a552-b844-4d1a-a00f-d77cd07994ea,normal,baseline,100,200,100,0,100,0,4159.8,34849.4,100650.5,136302.2000000001,4110.3,13594.5,14802.5
D2,results/d2_formal/r1/boot_02/batch_20260914T150424.343996Z_a964bafc.json.gz,20260914T150424.343996Z_a964bafc,1139a552-b844-4d1a-a00f-d77cd07994ea,normal,memory,100,200,100,0,100,0,13708.7,97973.1,105973.5,194327.50000000006,13591.1,14013.0,16736.0
D2,results/d2_formal/r1/boot_02/batch_20260914T150438.360493Z_73e56e82.json.gz,20260914T150438.360493Z_73e56e82,1139a552-b844-4d1a-a00f-d77cd07994ea,normal,cpu,100,200,100,0,100,0,14162.7,106553.0,142747.5,202970.00000000012,13700.7,16558.0,21953.20000000001
D2,results/d2_formal/r1/boot_02/batch_20260914T150452.366282Z_a51da3ac.json.gz,20260914T150452.366282Z_a51da3ac,1139a552-b844-4d1a-a00f-d77cd07994ea,normal,mixed,100,200,100,0,100,0,13646.3,101181.9,121678.0,175353.5,13475.3,14266.5,17741.500000000007
D2,results/d2_formal/r1/boot_02/batch_20260914T150459.790832Z_8a6add38.json.gz,20260914T150459.790832Z_8a6add38,1139a552-b844-4d1a-a00f-d77cd07994ea,rootkit,baseline,100,100,100,100,0,0,39728.0,39728.0,43141.5,71470.00000000003,nan,nan,nan
D2,results/d2_formal/r1/boot_02/batch_20260914T150513.811934Z_e87b6129.json.gz,20260914T150513.811934Z_e87b6129,1139a552-b844-4d1a-a00f-d77cd07994ea,rootkit,cpu,100,100,100,100,0,0,43219.4,43219.4,55264.5,109409.40000000005,nan,nan,nan
D2,results/d2_formal/r1/boot_02/batch_20260914T150528.055336Z_4337c75a.json.gz,20260914T150528.055336Z_4337c75a,1139a552-b844-4d1a-a00f-d77cd07994ea,rootkit,mixed,100,100,100,100,0,0,43771.9,43771.9,60638.0,111838.8,nan,nan,nan
D2,results/d2_formal/r1/boot_02/batch_20260914T150536.143137Z_4359dce0.json.gz,20260914T150536.143137Z_4359dce0,1139a552-b844-4d1a-a00f-d77cd07994ea,rootkit,memory,100,100,100,100,0,0,37035.7,37035.7,39254.0,66005.90000000001,nan,nan,nan
D2,results/d2_formal/r1/boot_02/batch_20260914T150544.260873Z_b329ab6f.json.gz,20260914T150544.260873Z_b329ab6f,1139a552-b844-4d1a-a00f-d77cd07994ea,rootkit,memory,100,100,100,100,0,0,37671.2,37671.2,40041.5,61588.40000000001,nan,nan,nan
D2,results/d2_formal/r1/boot_02/batch_20260914T150551.498320Z_944256c9.json.gz,20260914T150551.498320Z_944256c9,1139a552-b844-4d1a-a00f-d77cd07994ea,rootkit,baseline,100,100,100,100,0,0,44449.6,44449.6,66584.0,136059.70000000004,nan,nan,nan
D2,results/d2_formal/r1/boot_02/batch_20260914T150605.844326Z_ea6da41f.json.gz,20260914T150605.844326Z_ea6da41f,1139a552-b844-4d1a-a00f-d77cd07994ea,rootkit,mixed,100,100,100,100,0,0,44118.8,44118.8,60490.0,89316.50000000004,nan,nan,nan
D2,results/d2_formal/r1/boot_02/batch_20260914T150619.860486Z_488c364d.json.gz,20260914T150619.860486Z_488c364d,1139a552-b844-4d1a-a00f-d77cd07994ea,rootkit,cpu,100,100,100,100,0,0,39731.8,39731.8,57883.5,96092.30000000009,nan,nan,nan
D2,results/d2_formal/r1/boot_02/batch_20260914T150634.275918Z_da272627.json.gz,20260914T150634.275918Z_da272627,1139a552-b844-4d1a-a00f-d77cd07994ea,normal,mixed,100,200,100,0,100,0,13631.2,100975.5,111351.0,146980.50000000003,13484.2,14015.5,17519.800000000003
D2,results/d2_formal/r1/boot_02/batch_20260914T150642.240708Z_cc8eac0e.json.gz,20260914T150642.240708Z_cc8eac0e,1139a552-b844-4d1a-a00f-d77cd07994ea,normal,memory,100,200,100,0,100,0,13600.0,97357.9,101148.5,141523.7,13538.2,13806.0,14812.600000000008
D2,results/d2_formal/r1/boot_02/batch_20260914T150656.033382Z_515d66c2.json.gz,20260914T150656.033382Z_515d66c2,1139a552-b844-4d1a-a00f-d77cd07994ea,normal,cpu,100,200,100,0,100,0,13717.0,101498.6,122652.5,184653.7,13562.4,15617.0,26062.800000000017
D2,results/d2_formal/r1/boot_02/batch_20260914T150703.209527Z_b01c3360.json.gz,20260914T150703.209527Z_b01c3360,1139a552-b844-4d1a-a00f-d77cd07994ea,normal,baseline,100,200,100,0,100,0,13789.4,101358.1,108866.0,160291.4,13663.9,14062.5,14899.800000000001
D2,results/d2_formal/r1/boot_02/batch_20260914T150710.450312Z_6398c39f.json.gz,20260914T150710.450312Z_6398c39f,1139a552-b844-4d1a-a00f-d77cd07994ea,rootkit,baseline,100,100,100,100,0,0,39247.6,39247.6,44367.5,82062.40000000002,nan,nan,nan
D2,results/d2_formal/r1/boot_02/batch_20260914T150724.273926Z_554e2aad.json.gz,20260914T150724.273926Z_554e2aad,1139a552-b844-4d1a-a00f-d77cd07994ea,rootkit,cpu,100,100,100,100,0,0,40824.5,40824.5,57341.0,110529.00000000006,nan,nan,nan
D2,results/d2_formal/r1/boot_02/batch_20260914T150734.914218Z_c1a24cb3.json.gz,20260914T150734.914218Z_c1a24cb3,1139a552-b844-4d1a-a00f-d77cd07994ea,rootkit,mixed,100,100,100,100,0,0,43160.0,43160.0,63081.5,82098.1,nan,nan,nan
D2,results/d2_formal/r1/boot_02/batch_20260914T150743.008831Z_b24654c1.json.gz,20260914T150743.008831Z_b24654c1,1139a552-b844-4d1a-a00f-d77cd07994ea,rootkit,memory,100,100,100,100,0,0,38550.6,38550.6,41762.5,74875.40000000005,nan,nan,nan
D2,results/d2_formal/r1/boot_02/batch_20260914T150750.657131Z_3dd07a2e.json.gz,20260914T150750.657131Z_3dd07a2e,1139a552-b844-4d1a-a00f-d77cd07994ea,normal,baseline,100,200,100,0,100,0,13626.6,99965.1,104727.5,151528.4,13545.5,13950.5,15548.000000000004
D2,results/d2_formal/r1/boot_02/batch_20260914T150804.684450Z_ac7e97fc.json.gz,20260914T150804.684450Z_ac7e97fc,1139a552-b844-4d1a-a00f-d77cd07994ea,normal,cpu,100,200,100,0,100,0,13699.4,100885.5,122317.5,156617.90000000002,13573.3,15573.0,16568.100000000002
D2,results/d2_formal/r1/boot_02/batch_20260914T150813.173746Z_cbb59d54.json.gz,20260914T150813.173746Z_cbb59d54,1139a552-b844-4d1a-a00f-d77cd07994ea,normal,memory,100,200,100,0,100,0,13543.0,99711.3,103292.5,162034.90000000002,13447.0,13770.5,16373.2
D2,results/d2_formal/r1/boot_02/batch_20260914T150827.303413Z_4ed9683c.json.gz,20260914T150827.303413Z_4ed9683c,1139a552-b844-4d1a-a00f-d77cd07994ea,normal,mixed,100,200,100,0,100,0,13694.4,101635.3,120482.0,151734.70000000004,13519.7,14239.0,17642.000000000004
D2,results/d2_formal/r1/boot_02/batch_20260914T150841.832516Z_ba0e4e33.json.gz,20260914T150841.832516Z_ba0e4e33,1139a552-b844-4d1a-a00f-d77cd07994ea,rootkit,mixed,100,100,100,100,0,0,44517.5,44517.5,62328.0,88588.00000000009,nan,nan,nan
D2,results/d2_formal/r1/boot_02/batch_20260914T150848.913705Z_3940863b.json.gz,20260914T150848.913705Z_3940863b,1139a552-b844-4d1a-a00f-d77cd07994ea,rootkit,baseline,100,100,100,100,0,0,39940.6,39940.6,65952.0,85809.30000000005,nan,nan,nan
D2,results/d2_formal/r1/boot_02/batch_20260914T150902.390231Z_73edfb82.json.gz,20260914T150902.390231Z_73edfb82,1139a552-b844-4d1a-a00f-d77cd07994ea,rootkit,cpu,100,100,100,100,0,0,37723.4,37723.4,46497.0,63713.600000000006,nan,nan,nan
D2,results/d2_formal/r1/boot_02/batch_20260914T150910.136319Z_3b7ac10c.json.gz,20260914T150910.136319Z_3b7ac10c,1139a552-b844-4d1a-a00f-d77cd07994ea,rootkit,memory,100,100,100,100,0,0,37220.5,37220.5,41894.5,114111.1,nan,nan,nan
D2,results/d2_formal/r1/boot_02/batch_20260914T150918.458632Z_5e60e709.json.gz,20260914T150918.458632Z_5e60e709,1139a552-b844-4d1a-a00f-d77cd07994ea,normal,memory,100,200,100,0,100,0,13644.9,96767.7,98561.0,122885.70000000001,13591.5,13877.0,14487.7
D2,results/d2_formal/r1/boot_02/batch_20260914T150931.723640Z_d09fc56f.json.gz,20260914T150931.723640Z_d09fc56f,1139a552-b844-4d1a-a00f-d77cd07994ea,normal,cpu,100,200,100,0,100,0,13734.8,98470.0,114183.5,153964.10000000006,13516.3,14459.5,16620.6
D2,results/d2_formal/r1/boot_02/batch_20260914T150938.527219Z_f7a68193.json.gz,20260914T150938.527219Z_f7a68193,1139a552-b844-4d1a-a00f-d77cd07994ea,normal,baseline,100,200,100,0,100,0,13754.3,101499.2,118986.0,179583.90000000002,13668.7,14044.0,16439.4
D2,results/d2_formal/r1/boot_02/batch_20260914T150951.791622Z_af792767.json.gz,20260914T150951.791622Z_af792767,1139a552-b844-4d1a-a00f-d77cd07994ea,normal,mixed,100,200,100,0,100,0,13864.7,101678.7,119620.5,167978.9,13613.4,15766.5,16612.2
D2,results/d2_formal/r1/boot_02/batch_20260914T151005.170342Z_6d042db5.json.gz,20260914T151005.170342Z_6d042db5,1139a552-b844-4d1a-a00f-d77cd07994ea,rootkit,mixed,100,100,100,100,0,0,40617.5,40617.5,57277.5,79146.20000000003,nan,nan,nan
D2,results/d2_formal/r1/boot_02/batch_20260914T151012.912005Z_7a27450c.json.gz,20260914T151012.912005Z_7a27450c,1139a552-b844-4d1a-a00f-d77cd07994ea,rootkit,memory,100,100,100,100,0,0,37124.6,37124.6,38481.0,54325.20000000001,nan,nan,nan
D2,results/d2_formal/r1/boot_02/batch_20260914T151019.663834Z_8e178067.json.gz,20260914T151019.663834Z_8e178067,1139a552-b844-4d1a-a00f-d77cd07994ea,rootkit,baseline,100,100,100,100,0,0,37801.4,37801.4,54574.5,68461.3,nan,nan,nan
D2,results/d2_formal/r1/boot_02/batch_20260914T151033.105319Z_0a76a1c8.json.gz,20260914T151033.105319Z_0a76a1c8,1139a552-b844-4d1a-a00f-d77cd07994ea,rootkit,cpu,100,100,100,100,0,0,38402.6,38402.6,49212.5,70386.6,nan,nan,nan
D2,results/d2_formal/r1/boot_02/batch_20260914T151040.233462Z_d03c2779.json.gz,20260914T151040.233462Z_d03c2779,1139a552-b844-4d1a-a00f-d77cd07994ea,normal,baseline,100,200,100,0,100,0,13771.5,98833.6,118228.5,144760.1,13632.9,14151.0,16510.9
D2,results/d2_formal/r1/boot_02/batch_20260914T151047.796719Z_23720508.json.gz,20260914T151047.796719Z_23720508,1139a552-b844-4d1a-a00f-d77cd07994ea,normal,memory,100,200,100,0,100,0,13648.8,96867.3,98871.0,135849.90000000002,13540.9,13912.5,14317.4
D2,results/d2_formal/r1/boot_02/batch_20260914T151101.012061Z_4de90909.json.gz,20260914T151101.012061Z_4de90909,1139a552-b844-4d1a-a00f-d77cd07994ea,normal,mixed,100,200,100,0,100,0,13961.7,102927.9,126095.0,163379.6,13681.3,15867.5,16925.4
D2,results/d2_formal/r1/boot_02/batch_20260914T151114.152308Z_85cb5594.json.gz,20260914T151114.152308Z_85cb5594,1139a552-b844-4d1a-a00f-d77cd07994ea,normal,cpu,100,200,100,0,100,0,13794.1,97747.5,113909.5,141529.1,13501.3,15614.0,16638.100000000002
D2,results/d2_formal/r1/boot_02/batch_20260914T151127.365055Z_62644a2f.json.gz,20260914T151127.365055Z_62644a2f,1139a552-b844-4d1a-a00f-d77cd07994ea,normal,cpu,100,200,100,0,100,0,13684.8,98808.3,115740.0,150174.30000000005,13511.6,15750.5,17935.500000000007
D2,results/d2_formal/r1/boot_02/batch_20260914T151140.748740Z_5d453848.json.gz,20260914T151140.748740Z_5d453848,1139a552-b844-4d1a-a00f-d77cd07994ea,normal,mixed,100,200,100,0,100,0,13839.2,104388.7,126953.0,184933.2,13548.1,15745.0,24398.60000000002
D2,results/d2_formal/r1/boot_02/batch_20260914T151148.055952Z_b89c375c.json.gz,20260914T151148.055952Z_b89c375c,1139a552-b844-4d1a-a00f-d77cd07994ea,normal,baseline,100,200,100,0,100,0,13681.9,99254.5,120397.0,151615.90000000008,13610.5,13947.5,14858.800000000001
D2,results/d2_formal/r1/boot_02/batch_20260914T151156.417177Z_20817715.json.gz,20260914T151156.417177Z_20817715,1139a552-b844-4d1a-a00f-d77cd07994ea,normal,memory,100,200,100,0,100,0,13807.5,101938.2,125277.5,212273.20000000004,13627.3,14472.0,18185.800000000017
D2,results/d2_formal/r1/boot_02/batch_20260914T151205.161753Z_d80e64c7.json.gz,20260914T151205.161753Z_d80e64c7,1139a552-b844-4d1a-a00f-d77cd07994ea,rootkit,memory,100,100,100,100,0,0,38171.3,38171.3,40999.5,114231.1,nan,nan,nan
D2,results/d2_formal/r1/boot_02/batch_20260914T151218.955213Z_6a5a1609.json.gz,20260914T151218.955213Z_6a5a1609,1139a552-b844-4d1a-a00f-d77cd07994ea,rootkit,cpu,100,100,100,100,0,0,42320.5,42320.5,57555.0,84925.90000000007,nan,nan,nan
D2,results/d2_formal/r1/boot_02/batch_20260914T151226.139948Z_f30a9f6f.json.gz,20260914T151226.139948Z_f30a9f6f,1139a552-b844-4d1a-a00f-d77cd07994ea,rootkit,baseline,100,100,100,100,0,0,40335.6,40335.6,63791.0,87901.80000000003,nan,nan,nan
D2,results/d2_formal/r1/boot_02/batch_20260914T151240.110846Z_2ffde242.json.gz,20260914T151240.110846Z_2ffde242,1139a552-b844-4d1a-a00f-d77cd07994ea,rootkit,mixed,100,100,100,100,0,0,43202.1,43202.1,60458.0,83431.30000000003,nan,nan,nan
D2,results/d2_formal/r1/boot_02/batch_20260914T151254.055263Z_39ddc387.json.gz,20260914T151254.055263Z_39ddc387,1139a552-b844-4d1a-a00f-d77cd07994ea,rootkit,cpu,100,100,100,100,0,0,43451.4,43451.4,63317.0,85563.50000000003,nan,nan,nan
D2,results/d2_formal/r1/boot_02/batch_20260914T151308.361365Z_316515e7.json.gz,20260914T151308.361365Z_316515e7,1139a552-b844-4d1a-a00f-d77cd07994ea,rootkit,mixed,100,100,100,100,0,0,41889.2,41889.2,58402.5,88066.1,nan,nan,nan
D2,results/d2_formal/r1/boot_02/batch_20260914T151316.536597Z_76a60164.json.gz,20260914T151316.536597Z_76a60164,1139a552-b844-4d1a-a00f-d77cd07994ea,rootkit,memory,100,100,100,100,0,0,39040.8,39040.8,42230.0,119972.1,nan,nan,nan
D2,results/d2_formal/r1/boot_02/batch_20260914T151321.077851Z_adc7f3f8.json.gz,20260914T151321.077851Z_adc7f3f8,1139a552-b844-4d1a-a00f-d77cd07994ea,rootkit,baseline,100,100,100,100,0,0,39763.6,39763.6,42411.5,73236.40000000001,nan,nan,nan
D2,results/d2_formal/r1/boot_02/batch_20260914T151335.333103Z_d0993e46.json.gz,20260914T151335.333103Z_d0993e46,1139a552-b844-4d1a-a00f-d77cd07994ea,normal,cpu,100,200,100,0,100,0,13604.7,100696.0,119014.5,185548.90000000002,13474.8,14384.5,17968.100000000006
D2,results/d2_formal/r1/boot_02/batch_20260914T151344.197392Z_b62365bd.json.gz,20260914T151344.197392Z_b62365bd,1139a552-b844-4d1a-a00f-d77cd07994ea,normal,memory,100,200,100,0,100,0,13621.5,99323.6,103192.0,198180.20000000013,13537.2,13871.5,17327.4
D2,results/d2_formal/r1/boot_02/batch_20260914T151358.268588Z_8041590d.json.gz,20260914T151358.268588Z_8041590d,1139a552-b844-4d1a-a00f-d77cd07994ea,normal,mixed,100,200,100,0,100,0,13596.3,102246.4,128915.5,193035.50000000006,13473.0,15487.0,17895.200000000015
D2,results/d2_formal/r1/boot_02/batch_20260914T151405.274349Z_c6ad777e.json.gz,20260914T151405.274349Z_c6ad777e,1139a552-b844-4d1a-a00f-d77cd07994ea,normal,baseline,100,200,100,0,100,0,13762.8,100815.3,127250.0,155575.90000000008,13622.9,14095.0,14814.0
D2,results/d2_formal/r1/boot_02/batch_20260914T151413.124740Z_42ff31c1.json.gz,20260914T151413.124740Z_42ff31c1,1139a552-b844-4d1a-a00f-d77cd07994ea,normal,baseline,100,200,100,0,100,0,13663.7,101809.4,128059.0,162434.30000000002,13507.6,13998.5,15101.800000000007
D2,results/d2_formal/r1/boot_02/batch_20260914T151426.751124Z_fdbe3875.json.gz,20260914T151426.751124Z_fdbe3875,1139a552-b844-4d1a-a00f-d77cd07994ea,normal,cpu,100,200,100,0,100,0,13588.0,99984.4,121907.5,171798.00000000003,13475.3,14240.5,23059.800000000014
D2,results/d2_formal/r1/boot_02/batch_20260914T151435.084273Z_5e64304a.json.gz,20260914T151435.084273Z_5e64304a,1139a552-b844-4d1a-a00f-d77cd07994ea,normal,memory,100,200,100,0,100,0,13643.9,99508.1,102934.5,176902.20000000016,13590.3,13901.0,16539.3
D2,results/d2_formal/r1/boot_02/batch_20260914T151449.007406Z_a3571fb0.json.gz,20260914T151449.007406Z_a3571fb0,1139a552-b844-4d1a-a00f-d77cd07994ea,normal,mixed,100,200,100,0,100,0,13942.1,104931.8,128988.0,186646.0,13631.1,15824.0,17819.7
D2,results/d2_formal/r1/boot_02/batch_20260914T151457.315161Z_20d2d186.json.gz,20260914T151457.315161Z_20d2d186,1139a552-b844-4d1a-a00f-d77cd07994ea,rootkit,memory,100,100,100,100,0,0,40692.1,40692.1,44922.0,132939.50000000006,nan,nan,nan
D2,results/d2_formal/r1/boot_02/batch_20260914T151511.171727Z_d0ca7578.json.gz,20260914T151511.171727Z_d0ca7578,1139a552-b844-4d1a-a00f-d77cd07994ea,rootkit,cpu,100,100,100,100,0,0,41573.7,41573.7,51356.5,81605.20000000003,nan,nan,nan
D2,results/d2_formal/r1/boot_02/batch_20260914T151518.109908Z_9303e293.json.gz,20260914T151518.109908Z_9303e293,1139a552-b844-4d1a-a00f-d77cd07994ea,rootkit,baseline,100,100,100,100,0,0,39324.3,39324.3,51539.0,72409.30000000002,nan,nan,nan
D2,results/d2_formal/r1/boot_02/batch_20260914T151531.938521Z_f7351083.json.gz,20260914T151531.938521Z_f7351083,1139a552-b844-4d1a-a00f-d77cd07994ea,rootkit,mixed,100,100,100,100,0,0,42894.3,42894.3,57974.0,87796.00000000001,nan,nan,nan
D2,results/d2_formal/r1/boot_02/batch_20260914T151546.320911Z_ec4fa571.json.gz,20260914T151546.320911Z_ec4fa571,1139a552-b844-4d1a-a00f-d77cd07994ea,normal,mixed,100,200,100,0,100,0,13651.0,102069.3,120549.5,157236.5000000001,13497.1,14098.0,17270.900000000012
D2,results/d2_formal/r1/boot_02/batch_20260914T151554.772183Z_6b449767.json.gz,20260914T151554.772183Z_6b449767,1139a552-b844-4d1a-a00f-d77cd07994ea,normal,memory,100,200,100,0,100,0,13601.5,100383.2,104266.0,192866.80000000002,13493.2,13848.0,16354.600000000002
D2,results/d2_formal/r1/boot_02/batch_20260914T151608.749534Z_523f59ec.json.gz,20260914T151608.749534Z_523f59ec,1139a552-b844-4d1a-a00f-d77cd07994ea,normal,cpu,100,200,100,0,100,0,13723.1,105318.5,128571.0,166345.00000000003,13529.9,15738.5,17733.000000000004
D2,results/d2_formal/r1/boot_02/batch_20260914T151616.247791Z_edb6f52a.json.gz,20260914T151616.247791Z_edb6f52a,1139a552-b844-4d1a-a00f-d77cd07994ea,normal,baseline,100,200,100,0,100,0,13797.4,101125.1,127121.0,168668.9,13671.8,14091.5,14789.2
D2,results/d2_formal/r1/boot_02/batch_20260914T151630.403720Z_0e9889d8.json.gz,20260914T151630.403720Z_0e9889d8,1139a552-b844-4d1a-a00f-d77cd07994ea,rootkit,mixed,100,100,100,100,0,0,45155.4,45155.4,63955.5,95483.90000000002,nan,nan,nan
D2,results/d2_formal/r1/boot_02/batch_20260914T151638.052974Z_c9aaa29a.json.gz,20260914T151638.052974Z_c9aaa29a,1139a552-b844-4d1a-a00f-d77cd07994ea,rootkit,baseline,100,100,100,100,0,0,40589.2,40589.2,63936.5,77890.90000000002,nan,nan,nan
D2,results/d2_formal/r1/boot_02/batch_20260914T151646.526213Z_b93a333b.json.gz,20260914T151646.526213Z_b93a333b,1139a552-b844-4d1a-a00f-d77cd07994ea,rootkit,memory,100,100,100,100,0,0,38346.6,38346.6,41352.5,73633.3,nan,nan,nan
D2,results/d2_formal/r1/boot_02/batch_20260914T151700.243066Z_4191e0b4.json.gz,20260914T151700.243066Z_4191e0b4,1139a552-b844-4d1a-a00f-d77cd07994ea,rootkit,cpu,100,100,100,100,0,0,42951.1,42951.1,57572.0,97589.90000000004,nan,nan,nan
D2,results/d2_formal/r1/boot_02/batch_20260914T151714.680163Z_411e5ca4.json.gz,20260914T151714.680163Z_411e5ca4,1139a552-b844-4d1a-a00f-d77cd07994ea,normal,cpu,100,200,100,0,100,0,13685.6,103048.0,125656.5,152479.5000000001,13520.8,15587.5,16954.4
D2,results/d2_formal/r1/boot_02/batch_20260914T151722.319108Z_b51226b0.json.gz,20260914T151722.319108Z_b51226b0,1139a552-b844-4d1a-a00f-d77cd07994ea,normal,baseline,100,200,100,0,100,0,13707.4,99865.0,106086.5,197867.40000000014,13563.8,13955.0,17025.600000000002
D2,results/d2_formal/r1/boot_02/batch_20260914T151736.566579Z_9c430eb4.json.gz,20260914T151736.566579Z_9c430eb4,1139a552-b844-4d1a-a00f-d77cd07994ea,normal,mixed,100,200,100,0,100,0,13636.4,101627.3,119649.0,162175.0,13485.0,14189.0,17166.7
D2,results/d2_formal/r1/boot_02/batch_20260914T151744.701052Z_a6b1aa2d.json.gz,20260914T151744.701052Z_a6b1aa2d,1139a552-b844-4d1a-a00f-d77cd07994ea,normal,memory,100,200,100,0,100,0,13560.0,99179.5,102275.0,185928.60000000012,13496.9,13745.5,15684.000000000004
D2,results/d2_formal/r1/boot_02/batch_20260914T151753.289525Z_55ae4d9f.json.gz,20260914T151753.289525Z_55ae4d9f,1139a552-b844-4d1a-a00f-d77cd07994ea,rootkit,memory,100,100,100,100,0,0,39795.6,39795.6,42986.0,88138.40000000014,nan,nan,nan
D2,results/d2_formal/r1/boot_02/batch_20260914T151800.436211Z_12bb6974.json.gz,20260914T151800.436211Z_12bb6974,1139a552-b844-4d1a-a00f-d77cd07994ea,rootkit,baseline,100,100,100,100,0,0,40680.0,40680.0,44446.0,75719.90000000001,nan,nan,nan
D2,results/d2_formal/r1/boot_02/batch_20260914T151814.698889Z_997e1d5c.json.gz,20260914T151814.698889Z_997e1d5c,1139a552-b844-4d1a-a00f-d77cd07994ea,rootkit,mixed,100,100,100,100,0,0,41548.4,41548.4,51897.5,102954.00000000016,nan,nan,nan
D2,results/d2_formal/r1/boot_02/batch_20260914T151828.864115Z_83ea3885.json.gz,20260914T151828.864115Z_83ea3885,1139a552-b844-4d1a-a00f-d77cd07994ea,rootkit,cpu,100,100,100,100,0,0,43519.2,43519.2,58386.0,110631.20000000007,nan,nan,nan
D2,results/d2_formal/r1/boot_02/batch_20260914T151843.435344Z_f592f5c3.json.gz,20260914T151843.435344Z_f592f5c3,1139a552-b844-4d1a-a00f-d77cd07994ea,normal,cpu,100,200,100,0,100,0,13812.9,106050.2,133119.0,196433.70000000024,13672.9,16034.5,20567.400000000023
D2,results/d2_formal/r1/boot_02/batch_20260914T151851.567049Z_2ba573e1.json.gz,20260914T151851.567049Z_2ba573e1,1139a552-b844-4d1a-a00f-d77cd07994ea,normal,memory,100,200,100,0,100,0,13574.4,99494.4,102431.5,138732.10000000003,13531.6,13819.5,17503.700000000008
D2,results/d2_formal/r1/boot_02/batch_20260914T151858.763965Z_9863e72d.json.gz,20260914T151858.763965Z_9863e72d,1139a552-b844-4d1a-a00f-d77cd07994ea,normal,baseline,100,200,100,0,100,0,13730.9,100776.7,121888.5,146041.2,13510.0,13988.0,14651.500000000002
D2,results/d2_formal/r1/boot_02/batch_20260914T151912.622144Z_34e53e64.json.gz,20260914T151912.622144Z_34e53e64,1139a552-b844-4d1a-a00f-d77cd07994ea,normal,mixed,100,200,100,0,100,0,13694.2,101432.6,128548.5,177013.0000000003,13443.6,15713.5,16829.0
D2,results/d2_formal/r1/boot_02/batch_20260914T151921.005634Z_b5d74ac2.json.gz,20260914T151921.005634Z_b5d74ac2,1139a552-b844-4d1a-a00f-d77cd07994ea,rootkit,memory,100,100,100,100,0,0,38908.1,38908.1,41211.5,69720.20000000003,nan,nan,nan
D2,results/d2_formal/r1/boot_02/batch_20260914T151927.996600Z_b19d96b3.json.gz,20260914T151927.996600Z_b19d96b3,1139a552-b844-4d1a-a00f-d77cd07994ea,rootkit,baseline,100,100,100,100,0,0,38651.1,38651.1,64041.5,84584.0,nan,nan,nan
D2,results/d2_formal/r1/boot_02/batch_20260914T151942.068236Z_46a03cf3.json.gz,20260914T151942.068236Z_46a03cf3,1139a552-b844-4d1a-a00f-d77cd07994ea,rootkit,cpu,100,100,100,100,0,0,41162.4,41162.4,51691.5,76191.20000000001,nan,nan,nan
D2,results/d2_formal/r1/boot_02/batch_20260914T151955.558477Z_602b8f07.json.gz,20260914T151955.558477Z_602b8f07,1139a552-b844-4d1a-a00f-d77cd07994ea,rootkit,mixed,100,100,100,100,0,0,41380.6,41380.6,56504.5,78341.6,nan,nan,nan
D2,results/d2_formal/r1/boot_02/batch_20260914T152002.572357Z_7d68577d.json.gz,20260914T152002.572357Z_7d68577d,1139a552-b844-4d1a-a00f-d77cd07994ea,rootkit,baseline,100,100,100,100,0,0,40157.7,40157.7,58488.0,75793.90000000002,nan,nan,nan
D2,results/d2_formal/r1/boot_02/batch_20260914T152016.874745Z_b4a53344.json.gz,20260914T152016.874745Z_b4a53344,1139a552-b844-4d1a-a00f-d77cd07994ea,rootkit,cpu,100,100,100,100,0,0,41991.4,41991.4,59737.0,82323.3,nan,nan,nan
D2,results/d2_formal/r1/boot_02/batch_20260914T152031.237607Z_bd76cfed.json.gz,20260914T152031.237607Z_bd76cfed,1139a552-b844-4d1a-a00f-d77cd07994ea,rootkit,mixed,100,100,100,100,0,0,43469.0,43469.0,58872.5,88808.50000000001,nan,nan,nan
D2,results/d2_formal/r1/boot_02/batch_20260914T152039.255091Z_0c1e97c3.json.gz,20260914T152039.255091Z_0c1e97c3,1139a552-b844-4d1a-a00f-d77cd07994ea,rootkit,memory,100,100,100,100,0,0,39738.3,39738.3,42093.5,120975.70000000004,nan,nan,nan
D2,results/d2_formal/r1/boot_02/batch_20260914T152046.756131Z_4b01904f.json.gz,20260914T152046.756131Z_4b01904f,1139a552-b844-4d1a-a00f-d77cd07994ea,normal,baseline,100,200,100,0,100,0,13791.7,101312.1,128399.5,183121.90000000005,13648.7,14129.5,15527.800000000003
D2,results/d2_formal/r1/boot_02/batch_20260914T152100.642432Z_3a53b1d6.json.gz,20260914T152100.642432Z_3a53b1d6,1139a552-b844-4d1a-a00f-d77cd07994ea,normal,mixed,100,200,100,0,100,0,13775.1,103406.7,125223.5,197670.40000000002,13599.8,15506.0,17154.3
D2,results/d2_formal/r1/boot_02/batch_20260914T152108.790861Z_a95f7991.json.gz,20260914T152108.790861Z_a95f7991,1139a552-b844-4d1a-a00f-d77cd07994ea,normal,memory,100,200,100,0,100,0,13530.2,100130.1,103201.5,160719.60000000003,13425.5,13777.0,15963.200000000003
D2,results/d2_formal/r1/boot_02/batch_20260914T152123.159838Z_2a8dd8b1.json.gz,20260914T152123.159838Z_2a8dd8b1,1139a552-b844-4d1a-a00f-d77cd07994ea,normal,cpu,100,200,100,0,100,0,13660.5,103395.4,125246.0,212800.70000000004,13548.6,15000.5,17986.600000000002
D2,results/d2_formal/r1/boot_02/batch_20260914T152136.948253Z_88e5b299.json.gz,20260914T152136.948253Z_88e5b299,1139a552-b844-4d1a-a00f-d77cd07994ea,rootkit,cpu,100,100,100,100,0,0,41742.4,41742.4,59506.5,82646.8,nan,nan,nan
D2,results/d2_formal/r1/boot_02/batch_20260914T152145.458173Z_c486bb45.json.gz,20260914T152145.458173Z_c486bb45,1139a552-b844-4d1a-a00f-d77cd07994ea,rootkit,memory,100,100,100,100,0,0,39125.8,39125.8,42513.5,98209.20000000001,nan,nan,nan
D2,results/d2_formal/r1/boot_02/batch_20260914T152159.627885Z_21e98133.json.gz,20260914T152159.627885Z_21e98133,1139a552-b844-4d1a-a00f-d77cd07994ea,rootkit,mixed,100,100,100,100,0,0,43566.5,43566.5,62732.5,82259.50000000003,nan,nan,nan
D2,results/d2_formal/r1/boot_02/batch_20260914T152206.866596Z_b7364226.json.gz,20260914T152206.866596Z_b7364226,1139a552-b844-4d1a-a00f-d77cd07994ea,rootkit,baseline,100,100,100,100,0,0,39995.9,39995.9,52757.5,100475.10000000015,nan,nan,nan
D2,results/d2_formal/r1/boot_02/batch_20260914T152215.085941Z_f8261fa2.json.gz,20260914T152215.085941Z_f8261fa2,1139a552-b844-4d1a-a00f-d77cd07994ea,normal,baseline,100,200,100,0,100,0,13707.0,100300.6,123165.5,169225.20000000004,13531.9,14061.0,15387.900000000001
D2,results/d2_formal/r1/boot_02/batch_20260914T152223.381051Z_214bc41a.json.gz,20260914T152223.381051Z_214bc41a,1139a552-b844-4d1a-a00f-d77cd07994ea,normal,memory,100,200,100,0,100,0,13549.5,99119.3,101928.5,127160.20000000001,13494.2,13821.0,14508.0
D2,results/d2_formal/r1/boot_02/batch_20260914T152237.252965Z_c77d9521.json.gz,20260914T152237.252965Z_c77d9521,1139a552-b844-4d1a-a00f-d77cd07994ea,normal,cpu,100,200,100,0,100,0,13654.4,100666.0,121455.0,173544.80000000002,13432.0,15719.5,17208.7
D2,results/d2_formal/r1/boot_02/batch_20260914T152251.111673Z_87dfa781.json.gz,20260914T152251.111673Z_87dfa781,1139a552-b844-4d1a-a00f-d77cd07994ea,normal,mixed,100,200,100,0,100,0,13876.0,104997.5,127644.5,174126.30000000008,13655.9,15893.5,17001.9
D2,results/d2_formal/r1/boot_02/batch_20260914T152300.077443Z_f8dd2a55.json.gz,20260914T152300.077443Z_f8dd2a55,1139a552-b844-4d1a-a00f-d77cd07994ea,normal,memory,100,200,100,0,100,0,13698.5,102819.2,124542.0,200211.00000000003,13617.1,14018.5,17256.4
D2,results/d2_formal/r1/boot_02/batch_20260914T152314.561732Z_e1a9028b.json.gz,20260914T152314.561732Z_e1a9028b,1139a552-b844-4d1a-a00f-d77cd07994ea,normal,mixed,100,200,100,0,100,0,13597.9,101692.5,124979.0,169662.90000000002,13432.8,14047.5,17997.90000000001
D2,results/d2_formal/r1/boot_02/batch_20260914T152328.542619Z_a7b65f97.json.gz,20260914T152328.542619Z_a7b65f97,1139a552-b844-4d1a-a00f-d77cd07994ea,normal,cpu,100,200,100,0,100,0,13607.8,102588.8,127304.5,180260.80000000013,13531.4,15990.0,27295.80000000001
D2,results/d2_formal/r1/boot_02/batch_20260914T152335.473139Z_4c828fe2.json.gz,20260914T152335.473139Z_4c828fe2,1139a552-b844-4d1a-a00f-d77cd07994ea,normal,baseline,100,200,100,0,100,0,13759.6,100035.4,125858.5,154704.80000000005,13641.7,14073.0,14556.0
D2,results/d2_formal/r1/boot_02/batch_20260914T152349.279679Z_6097727a.json.gz,20260914T152349.279679Z_6097727a,1139a552-b844-4d1a-a00f-d77cd07994ea,rootkit,mixed,100,100,100,100,0,0,41522.4,41522.4,53071.0,93666.0,nan,nan,nan
D2,results/d2_formal/r1/boot_02/batch_20260914T152402.860564Z_a6c0ae67.json.gz,20260914T152402.860564Z_a6c0ae67,1139a552-b844-4d1a-a00f-d77cd07994ea,rootkit,cpu,100,100,100,100,0,0,41189.7,41189.7,58471.5,78295.4,nan,nan,nan
D2,results/d2_formal/r1/boot_02/batch_20260914T152410.990112Z_4f67ffaf.json.gz,20260914T152410.990112Z_4f67ffaf,1139a552-b844-4d1a-a00f-d77cd07994ea,rootkit,memory,100,100,100,100,0,0,38411.4,38411.4,40502.0,61749.70000000001,nan,nan,nan
D2,results/d2_formal/r1/boot_02/batch_20260914T152417.956441Z_553da032.json.gz,20260914T152417.956441Z_553da032,1139a552-b844-4d1a-a00f-d77cd07994ea,rootkit,baseline,100,100,100,100,0,0,39520.8,39520.8,62819.5,83083.30000000006,nan,nan,nan
D2,results/d2_formal/r1/boot_02/batch_20260914T152432.309635Z_fb2bc69e.json.gz,20260914T152432.309635Z_fb2bc69e,1139a552-b844-4d1a-a00f-d77cd07994ea,normal,mixed,100,200,100,0,100,0,13644.0,101716.7,122158.5,170574.90000000002,13519.4,15516.0,17916.000000000022
D2,results/d2_formal/r1/boot_02/batch_20260914T152446.148912Z_b24189a6.json.gz,20260914T152446.148912Z_b24189a6,1139a552-b844-4d1a-a00f-d77cd07994ea,normal,cpu,100,200,100,0,100,0,13779.6,101853.9,128276.5,180682.50000000003,13630.9,15967.5,17288.0
D2,results/d2_formal/r1/boot_02/batch_20260914T152453.289250Z_a3030661.json.gz,20260914T152453.289250Z_a3030661,1139a552-b844-4d1a-a00f-d77cd07994ea,normal,baseline,100,200,100,0,100,0,13809.9,100153.9,126972.0,174182.80000000005,13736.3,14080.5,14816.6
D2,results/d2_formal/r1/boot_02/batch_20260914T152501.269137Z_00b3ec81.json.gz,20260914T152501.269137Z_00b3ec81,1139a552-b844-4d1a-a00f-d77cd07994ea,normal,memory,100,200,100,0,100,0,13498.8,98140.4,101417.0,137964.00000000003,13409.9,13691.0,14772.200000000003
D2,results/d2_formal/r1/boot_02/batch_20260914T152515.206315Z_21de931d.json.gz,20260914T152515.206315Z_21de931d,1139a552-b844-4d1a-a00f-d77cd07994ea,rootkit,mixed,100,100,100,100,0,0,44071.9,44071.9,62568.0,81381.30000000006,nan,nan,nan
D2,results/d2_formal/r1/boot_02/batch_20260914T152529.008552Z_2c9442be.json.gz,20260914T152529.008552Z_2c9442be,1139a552-b844-4d1a-a00f-d77cd07994ea,rootkit,cpu,100,100,100,100,0,0,41456.7,41456.7,59281.5,88814.40000000011,nan,nan,nan
D2,results/d2_formal/r1/boot_02/batch_20260914T152536.881370Z_98317f20.json.gz,20260914T152536.881370Z_98317f20,1139a552-b844-4d1a-a00f-d77cd07994ea,rootkit,memory,100,100,100,100,0,0,38313.2,38313.2,40617.0,63908.70000000003,nan,nan,nan
D2,results/d2_formal/r1/boot_02/batch_20260914T152543.756926Z_47f4d68c.json.gz,20260914T152543.756926Z_47f4d68c,1139a552-b844-4d1a-a00f-d77cd07994ea,rootkit,baseline,100,100,100,100,0,0,38067.1,38067.1,63781.5,79030.20000000003,nan,nan,nan
D2,results/d2_formal/r1/boot_02/batch_20260914T152557.784320Z_99496a9a.json.gz,20260914T152557.784320Z_99496a9a,1139a552-b844-4d1a-a00f-d77cd07994ea,normal,cpu,100,200,100,0,100,0,13638.8,101197.2,126537.0,191821.2,13555.4,15704.0,17612.6
D2,results/d2_formal/r1/boot_02/batch_20260914T152611.364642Z_1aaf207d.json.gz,20260914T152611.364642Z_1aaf207d,1139a552-b844-4d1a-a00f-d77cd07994ea,normal,mixed,100,200,100,0,100,0,14057.5,106291.0,127789.0,196578.3,13694.2,15916.0,18230.70000000002
D2,results/d2_formal/r1/boot_02/batch_20260914T152619.358415Z_b2f074ee.json.gz,20260914T152619.358415Z_b2f074ee,1139a552-b844-4d1a-a00f-d77cd07994ea,normal,memory,100,200,100,0,100,0,13594.7,97889.6,100783.5,155010.00000000003,13519.8,13819.5,14386.3
D2,results/d2_formal/r1/boot_02/batch_20260914T152626.665718Z_cb66c8a4.json.gz,20260914T152626.665718Z_cb66c8a4,1139a552-b844-4d1a-a00f-d77cd07994ea,normal,baseline,100,200,100,0,100,0,13836.4,99617.2,126250.5,145792.20000000004,13690.0,14133.0,14643.1
D2,results/d2_formal/r1/boot_02/batch_20260914T152640.348840Z_2d256d4c.json.gz,20260914T152640.348840Z_2d256d4c,1139a552-b844-4d1a-a00f-d77cd07994ea,rootkit,mixed,100,100,100,100,0,0,41463.5,41463.5,60159.0,125002.3,nan,nan,nan
D2,results/d2_formal/r1/boot_02/batch_20260914T152647.411406Z_64cb10b7.json.gz,20260914T152647.411406Z_64cb10b7,1139a552-b844-4d1a-a00f-d77cd07994ea,rootkit,baseline,100,100,100,100,0,0,39002.8,39002.8,43483.5,91014.90000000002,nan,nan,nan
D2,results/d2_formal/r1/boot_02/batch_20260914T152701.297537Z_e7ed81ec.json.gz,20260914T152701.297537Z_e7ed81ec,1139a552-b844-4d1a-a00f-d77cd07994ea,rootkit,cpu,100,100,100,100,0,0,40718.3,40718.3,57025.5,87867.3,nan,nan,nan
D2,results/d2_formal/r1/boot_02/batch_20260914T152709.565022Z_8fd56923.json.gz,20260914T152709.565022Z_8fd56923,1139a552-b844-4d1a-a00f-d77cd07994ea,rootkit,memory,100,100,100,100,0,0,38160.3,38160.3,40978.0,102327.50000000003,nan,nan,nan
D2,results/d2_formal/r1/boot_03/batch_20260914T152741.379987Z_d7d93870.json.gz,20260914T152741.379987Z_d7d93870,fd7e85ef-6a6d-4480-abca-1596c505a72e,normal,mixed,100,200,100,0,100,0,13590.8,100481.4,126977.5,185146.80000000002,13490.0,15771.5,16784.4
D2,results/d2_formal/r1/boot_03/batch_20260914T152755.136989Z_7ce38b7b.json.gz,20260914T152755.136989Z_7ce38b7b,fd7e85ef-6a6d-4480-abca-1596c505a72e,normal,cpu,100,200,100,0,100,0,13645.3,100992.2,123577.0,175048.90000000002,13478.8,15918.5,20252.200000000004
D2,results/d2_formal/r1/boot_03/batch_20260914T152802.529595Z_dd27f0e7.json.gz,20260914T152802.529595Z_dd27f0e7,fd7e85ef-6a6d-4480-abca-1596c505a72e,normal,baseline,100,200,100,0,100,0,13569.0,98971.1,105805.0,152694.20000000004,13452.0,13906.0,14999.100000000008
D2,results/d2_formal/r1/boot_03/batch_20260914T152810.480829Z_0a0ceb47.json.gz,20260914T152810.480829Z_0a0ceb47,fd7e85ef-6a6d-4480-abca-1596c505a72e,normal,memory,100,200,100,0,100,0,13548.1,98115.8,101196.0,138969.80000000002,13485.5,13748.5,14293.1
D2,results/d2_formal/r1/boot_03/batch_20260914T152817.643707Z_58bb9e98.json.gz,20260914T152817.643707Z_58bb9e98,fd7e85ef-6a6d-4480-abca-1596c505a72e,rootkit,baseline,100,100,100,100,0,0,38429.7,38429.7,64958.0,80399.50000000001,nan,nan,nan
D2,results/d2_formal/r1/boot_03/batch_20260914T152831.344948Z_fe4d87b7.json.gz,20260914T152831.344948Z_fe4d87b7,fd7e85ef-6a6d-4480-abca-1596c505a72e,rootkit,cpu,100,100,100,100,0,0,42262.8,42262.8,58905.0,84200.20000000001,nan,nan,nan
D2,results/d2_formal/r1/boot_03/batch_20260914T152839.696051Z_37440940.json.gz,20260914T152839.696051Z_37440940,fd7e85ef-6a6d-4480-abca-1596c505a72e,rootkit,memory,100,100,100,100,0,0,37284.5,37284.5,40522.0,93463.30000000012,nan,nan,nan
D2,results/d2_formal/r1/boot_03/batch_20260914T152853.703805Z_16584a24.json.gz,20260914T152853.703805Z_16584a24,fd7e85ef-6a6d-4480-abca-1596c505a72e,rootkit,mixed,100,100,100,100,0,0,41710.6,41710.6,57912.5,94159.10000000003,nan,nan,nan
D2,results/d2_formal/r1/boot_03/batch_20260914T152907.398911Z_dea1b86b.json.gz,20260914T152907.398911Z_dea1b86b,fd7e85ef-6a6d-4480-abca-1596c505a72e,normal,mixed,100,200,100,0,100,0,13561.1,102712.8,121002.0,148841.40000000005,13410.5,15713.0,16789.4
D2,results/d2_formal/r1/boot_03/batch_20260914T152920.393122Z_e3c6a2c4.json.gz,20260914T152920.393122Z_e3c6a2c4,fd7e85ef-6a6d-4480-abca-1596c505a72e,normal,cpu,100,200,100,0,100,0,13685.7,99189.1,112456.0,140780.7,13462.2,14465.0,16511.9
D2,results/d2_formal/r1/boot_03/batch_20260914T152927.915135Z_1d75ebf2.json.gz,20260914T152927.915135Z_1d75ebf2,fd7e85ef-6a6d-4480-abca-1596c505a72e,normal,memory,100,200,100,0,100,0,13506.1,96131.3,98490.5,121699.20000000004,13403.6,13745.5,14211.9
D2,results/d2_formal/r1/boot_03/batch_20260914T152934.418175Z_290a60c0.json.gz,20260914T152934.418175Z_290a60c0,fd7e85ef-6a6d-4480-abca-1596c505a72e,normal,baseline,100,200,100,0,100,0,13603.9,96977.5,100068.0,147095.30000000008,13463.8,13974.5,14551.0
D2,results/d2_formal/r1/boot_03/batch_20260914T152947.546677Z_593e5367.json.gz,20260914T152947.546677Z_593e5367,fd7e85ef-6a6d-4480-abca-1596c505a72e,rootkit,mixed,100,100,100,100,0,0,37577.4,37577.4,42291.5,63265.700000000004,nan,nan,nan
D2,results/d2_formal/r1/boot_03/batch_20260914T152955.061749Z_be7307f5.json.gz,20260914T152955.061749Z_be7307f5,fd7e85ef-6a6d-4480-abca-1596c505a72e,rootkit,memory,100,100,100,100,0,0,35929.8,35929.8,37460.0,58613.8,nan,nan,nan
D2,results/d2_formal/r1/boot_03/batch_20260914T153008.056585Z_dbdd3b74.json.gz,20260914T153008.056585Z_dbdd3b74,fd7e85ef-6a6d-4480-abca-1596c505a72e,rootkit,cpu,100,100,100,100,0,0,38078.3,38078.3,48196.0,69498.3,nan,nan,nan
D2,results/d2_formal/r1/boot_03/batch_20260914T153014.429829Z_76171577.json.gz,20260914T153014.429829Z_76171577,fd7e85ef-6a6d-4480-abca-1596c505a72e,rootkit,baseline,100,100,100,100,0,0,36840.6,36840.6,41907.0,85293.40000000001,nan,nan,nan
D2,results/d2_formal/r1/boot_03/batch_20260914T153027.503555Z_18beae7d.json.gz,20260914T153027.503555Z_18beae7d,fd7e85ef-6a6d-4480-abca-1596c505a72e,rootkit,mixed,100,100,100,100,0,0,40217.1,40217.1,55578.0,74870.80000000003,nan,nan,nan
D2,results/d2_formal/r1/boot_03/batch_20260914T153033.878766Z_f6e2de8a.json.gz,20260914T153033.878766Z_f6e2de8a,fd7e85ef-6a6d-4480-abca-1596c505a72e,rootkit,baseline,100,100,100,100,0,0,37036.1,37036.1,60219.0,78822.30000000002,nan,nan,nan
D2,results/d2_formal/r1/boot_03/batch_20260914T153046.810147Z_919cd25c.json.gz,20260914T153046.810147Z_919cd25c,fd7e85ef-6a6d-4480-abca-1596c505a72e,rootkit,cpu,100,100,100,100,0,0,37821.2,37821.2,49108.5,69316.00000000001,nan,nan,nan
D2,results/d2_formal/r1/boot_03/batch_20260914T153054.373406Z_562f03c8.json.gz,20260914T153054.373406Z_562f03c8,fd7e85ef-6a6d-4480-abca-1596c505a72e,rootkit,memory,100,100,100,100,0,0,36142.2,36142.2,37600.5,63213.700000000004,nan,nan,nan
D2,results/d2_formal/r1/boot_03/batch_20260914T153107.872327Z_d0e564a5.json.gz,20260914T153107.872327Z_d0e564a5,fd7e85ef-6a6d-4480-abca-1596c505a72e,normal,mixed,100,200,100,0,100,0,13660.6,98372.4,121076.5,159226.40000000002,13540.9,15730.0,17185.100000000002
D2,results/d2_formal/r1/boot_03/batch_20260914T153114.330091Z_601a28b0.json.gz,20260914T153114.330091Z_601a28b0,fd7e85ef-6a6d-4480-abca-1596c505a72e,normal,baseline,100,200,100,0,100,0,13566.6,96941.2,100038.5,130911.0,13486.0,13806.5,14298.1
D2,results/d2_formal/r1/boot_03/batch_20260914T153121.784923Z_5fcc9be1.json.gz,20260914T153121.784923Z_5fcc9be1,fd7e85ef-6a6d-4480-abca-1596c505a72e,normal,memory,100,200,100,0,100,0,13515.8,95847.1,98290.5,124580.20000000003,13433.7,13705.0,14128.9
D2,results/d2_formal/r1/boot_03/batch_20260914T153134.930388Z_ac2b2cb5.json.gz,20260914T153134.930388Z_ac2b2cb5,fd7e85ef-6a6d-4480-abca-1596c505a72e,normal,cpu,100,200,100,0,100,0,13480.4,96509.1,105506.0,143366.90000000002,13351.1,14121.5,16672.7
D2,results/d2_formal/r1/boot_03/batch_20260914T153148.026160Z_c6204975.json.gz,20260914T153148.026160Z_c6204975,fd7e85ef-6a6d-4480-abca-1596c505a72e,normal,mixed,100,200,100,0,100,0,13568.9,100549.5,118394.5,166427.2,13416.9,15690.5,16960.2
D2,results/d2_formal/r1/boot_03/batch_20260914T153154.510759Z_a162f6da.json.gz,20260914T153154.510759Z_a162f6da,fd7e85ef-6a6d-4480-abca-1596c505a72e,normal,baseline,100,200,100,0,100,0,13482.8,96157.8,98767.5,134469.5,13322.2,13829.0,14338.0
D2,results/d2_formal/r1/boot_03/batch_20260914T153202.020075Z_9df85b30.json.gz,20260914T153202.020075Z_9df85b30,fd7e85ef-6a6d-4480-abca-1596c505a72e,normal,memory,100,200,100,0,100,0,13557.9,96753.5,98736.5,125452.40000000001,13438.9,13878.0,14266.800000000001
D2,results/d2_formal/r1/boot_03/batch_20260914T153215.129720Z_2a3e1f52.json.gz,20260914T153215.129720Z_2a3e1f52,fd7e85ef-6a6d-4480-abca-1596c505a72e,normal,cpu,100,200,100,0,100,0,13620.4,99414.8,116418.5,141892.00000000003,13441.4,15491.5,16243.9
D2,results/d2_formal/r1/boot_03/batch_20260914T153221.770740Z_52c85796.json.gz,20260914T153221.770740Z_52c85796,fd7e85ef-6a6d-4480-abca-1596c505a72e,rootkit,baseline,100,100,100,100,0,0,36371.2,36371.2,39736.0,74628.50000000003,nan,nan,nan
D2,results/d2_formal/r1/boot_03/batch_20260914T153229.305944Z_57e52665.json.gz,20260914T153229.305944Z_57e52665,fd7e85ef-6a6d-4480-abca-1596c505a72e,rootkit,memory,100,100,100,100,0,0,36285.6,36285.6,37792.5,65444.0,nan,nan,nan
D2,results/d2_formal/r1/boot_03/batch_20260914T153242.346426Z_eebb483c.json.gz,20260914T153242.346426Z_eebb483c,fd7e85ef-6a6d-4480-abca-1596c505a72e,rootkit,mixed,100,100,100,100,0,0,39410.2,39410.2,52269.5,66788.9,nan,nan,nan
D2,results/d2_formal/r1/boot_03/batch_20260914T153255.240082Z_4f06c51f.json.gz,20260914T153255.240082Z_4f06c51f,fd7e85ef-6a6d-4480-abca-1596c505a72e,rootkit,cpu,100,100,100,100,0,0,36442.5,36442.5,43484.0,61416.60000000004,nan,nan,nan
D2,results/d2_formal/r1/boot_03/batch_20260914T153301.779800Z_e505bde9.json.gz,20260914T153301.779800Z_e505bde9,fd7e85ef-6a6d-4480-abca-1596c505a72e,rootkit,baseline,100,100,100,100,0,0,39714.2,39714.2,43117.5,67817.8,nan,nan,nan
D2,results/d2_formal/r1/boot_03/batch_20260914T153314.866646Z_d6f27383.json.gz,20260914T153314.866646Z_d6f27383,fd7e85ef-6a6d-4480-abca-1596c505a72e,rootkit,mixed,100,100,100,100,0,0,38415.4,38415.4,43712.5,73608.00000000001,nan,nan,nan
D2,results/d2_formal/r1/boot_03/batch_20260914T153322.350039Z_57628a74.json.gz,20260914T153322.350039Z_57628a74,fd7e85ef-6a6d-4480-abca-1596c505a72e,rootkit,memory,100,100,100,100,0,0,36716.1,36716.1,38101.0,44129.6,nan,nan,nan
D2,results/d2_formal/r1/boot_03/batch_20260914T153335.324140Z_9ad13a1d.json.gz,20260914T153335.324140Z_9ad13a1d,fd7e85ef-6a6d-4480-abca-1596c505a72e,rootkit,cpu,100,100,100,100,0,0,36260.7,36260.7,44625.0,65761.20000000003,nan,nan,nan
D2,results/d2_formal/r1/boot_03/batch_20260914T153348.885516Z_9f7faa12.json.gz,20260914T153348.885516Z_9f7faa12,fd7e85ef-6a6d-4480-abca-1596c505a72e,normal,mixed,100,200,100,0,100,0,14165.1,103029.0,122332.0,184385.2,13818.4,15989.0,17024.0
D2,results/d2_formal/r1/boot_03/batch_20260914T153356.408070Z_a549a493.json.gz,20260914T153356.408070Z_a549a493,fd7e85ef-6a6d-4480-abca-1596c505a72e,normal,memory,100,200,100,0,100,0,13519.5,96157.4,97876.5,123693.6,13433.0,13759.5,14327.4
D2,results/d2_formal/r1/boot_03/batch_20260914T153409.525786Z_784fb61c.json.gz,20260914T153409.525786Z_784fb61c,fd7e85ef-6a6d-4480-abca-1596c505a72e,normal,cpu,100,200,100,0,100,0,13702.8,98553.1,115179.5,143235.70000000013,13538.4,15613.5,16583.1
D2,results/d2_formal/r1/boot_03/batch_20260914T153416.038561Z_09f93082.json.gz,20260914T153416.038561Z_09f93082,fd7e85ef-6a6d-4480-abca-1596c505a72e,normal,baseline,100,200,100,0,100,0,13603.8,97367.7,101407.0,148691.1,13491.6,13899.5,14486.6
D2,results/d2_formal/r1/boot_03/batch_20260914T153422.680383Z_117508e0.json.gz,20260914T153422.680383Z_117508e0,fd7e85ef-6a6d-4480-abca-1596c505a72e,rootkit,baseline,100,100,100,100,0,0,36843.0,36843.0,40391.5,82210.80000000002,nan,nan,nan
D2,results/d2_formal/r1/boot_03/batch_20260914T153435.669231Z_c203f8e0.json.gz,20260914T153435.669231Z_c203f8e0,fd7e85ef-6a6d-4480-abca-1596c505a72e,rootkit,mixed,100,100,100,100,0,0,39872.1,39872.1,56300.5,71294.1,nan,nan,nan
D2,results/d2_formal/r1/boot_03/batch_20260914T153448.605166Z_a920f76e.json.gz,20260914T153448.605166Z_a920f76e,fd7e85ef-6a6d-4480-abca-1596c505a72e,rootkit,cpu,100,100,100,100,0,0,36389.2,36389.2,46345.5,66405.6,nan,nan,nan
D2,results/d2_formal/r1/boot_03/batch_20260914T153456.157247Z_af2c9835.json.gz,20260914T153456.157247Z_af2c9835,fd7e85ef-6a6d-4480-abca-1596c505a72e,rootkit,memory,100,100,100,100,0,0,36153.2,36153.2,37686.5,48233.60000000014,nan,nan,nan
D2,results/d2_formal/r1/boot_03/batch_20260914T153504.180224Z_01000e05.json.gz,20260914T153504.180224Z_01000e05,fd7e85ef-6a6d-4480-abca-1596c505a72e,normal,memory,100,200,100,0,100,0,13503.6,97148.8,99121.5,116181.10000000002,13454.4,13736.0,14229.6
D2,results/d2_formal/r1/boot_03/batch_20260914T153517.373068Z_15afabfa.json.gz,20260914T153517.373068Z_15afabfa,fd7e85ef-6a6d-4480-abca-1596c505a72e,normal,mixed,100,200,100,0,100,0,13476.7,97625.3,106491.0,134212.7,13389.8,13983.5,16318.6
D2,results/d2_formal/r1/boot_03/batch_20260914T153523.897434Z_6e957e48.json.gz,20260914T153523.897434Z_6e957e48,fd7e85ef-6a6d-4480-abca-1596c505a72e,normal,baseline,100,200,100,0,100,0,13632.9,96622.1,113334.0,144339.90000000002,13451.2,13968.5,14528.9
D2,results/d2_formal/r1/boot_03/batch_20260914T153536.991419Z_76bfab60.json.gz,20260914T153536.991419Z_76bfab60,fd7e85ef-6a6d-4480-abca-1596c505a72e,normal,cpu,100,200,100,0,100,0,13749.9,98298.1,112417.0,136183.7,13530.0,15382.5,16530.5
D2,results/d2_formal/r1/boot_03/batch_20260914T153550.108620Z_31e01683.json.gz,20260914T153550.108620Z_31e01683,fd7e85ef-6a6d-4480-abca-1596c505a72e,normal,mixed,100,200,100,0,100,0,13558.3,98587.9,117036.5,144188.20000000004,13438.0,15666.0,16599.7
D2,results/d2_formal/r1/boot_03/batch_20260914T153556.592053Z_660440ab.json.gz,20260914T153556.592053Z_660440ab,fd7e85ef-6a6d-4480-abca-1596c505a72e,normal,baseline,100,200,100,0,100,0,13766.2,97085.3,120846.5,148454.5,13619.2,13959.5,14711.300000000001
D2,results/d2_formal/r1/boot_03/batch_20260914T153604.169105Z_49373be0.json.gz,20260914T153604.169105Z_49373be0,fd7e85ef-6a6d-4480-abca-1596c505a72e,normal,memory,100,200,100,0,100,0,13579.4,96242.5,98269.0,122268.7,13473.4,13836.0,14366.400000000001
D2,results/d2_formal/r1/boot_03/batch_20260914T153617.211142Z_8150c46b.json.gz,20260914T153617.211142Z_8150c46b,fd7e85ef-6a6d-4480-abca-1596c505a72e,normal,cpu,100,200,100,0,100,0,13795.9,98169.5,114355.0,132425.6,13600.4,15579.0,16889.4
D2,results/d2_formal/r1/boot_03/batch_20260914T153623.879989Z_59c5bfb0.json.gz,20260914T153623.879989Z_59c5bfb0,fd7e85ef-6a6d-4480-abca-1596c505a72e,rootkit,baseline,100,100,100,100,0,0,36251.8,36251.8,38520.5,67771.1,nan,nan,nan
D2,results/d2_formal/r1/boot_03/batch_20260914T153636.913272Z_5401451f.json.gz,20260914T153636.913272Z_5401451f,fd7e85ef-6a6d-4480-abca-1596c505a72e,rootkit,mixed,100,100,100,100,0,0,37420.0,37420.0,43942.5,73839.20000000003,nan,nan,nan
D2,results/d2_formal/r1/boot_03/batch_20260914T153644.379207Z_c32f4198.json.gz,20260914T153644.379207Z_c32f4198,fd7e85ef-6a6d-4480-abca-1596c505a72e,rootkit,memory,100,100,100,100,0,0,36268.1,36268.1,38152.5,63409.500000000015,nan,nan,nan
D2,results/d2_formal/r1/boot_03/batch_20260914T153657.381689Z_a85a5f06.json.gz,20260914T153657.381689Z_a85a5f06,fd7e85ef-6a6d-4480-abca-1596c505a72e,rootkit,cpu,100,100,100,100,0,0,36783.5,36783.5,45956.0,73156.70000000001,nan,nan,nan
D2,results/d2_formal/r1/boot_03/batch_20260914T153704.908637Z_b7e1982a.json.gz,20260914T153704.908637Z_b7e1982a,fd7e85ef-6a6d-4480-abca-1596c505a72e,rootkit,memory,100,100,100,100,0,0,36202.5,36202.5,37104.5,55600.100000000006,nan,nan,nan
D2,results/d2_formal/r1/boot_03/batch_20260914T153717.939524Z_141e7ea6.json.gz,20260914T153717.939524Z_141e7ea6,fd7e85ef-6a6d-4480-abca-1596c505a72e,rootkit,mixed,100,100,100,100,0,0,39848.4,39848.4,46749.5,68341.20000000001,nan,nan,nan
D2,results/d2_formal/r1/boot_03/batch_20260914T153730.889826Z_916d4be3.json.gz,20260914T153730.889826Z_916d4be3,fd7e85ef-6a6d-4480-abca-1596c505a72e,rootkit,cpu,100,100,100,100,0,0,36264.8,36264.8,42417.0,63351.30000000001,nan,nan,nan
D2,results/d2_formal/r1/boot_03/batch_20260914T153737.337067Z_bf93975f.json.gz,20260914T153737.337067Z_bf93975f,fd7e85ef-6a6d-4480-abca-1596c505a72e,rootkit,baseline,100,100,100,100,0,0,36170.3,36170.3,38522.5,65419.30000000001,nan,nan,nan
D2,results/d2_formal/r1/boot_03/batch_20260914T153744.302247Z_6638c976.json.gz,20260914T153744.302247Z_6638c976,fd7e85ef-6a6d-4480-abca-1596c505a72e,normal,baseline,100,200,100,0,100,0,13579.8,98286.7,102939.5,174050.80000000005,13429.4,13874.0,15827.9
D2,results/d2_formal/r1/boot_03/batch_20260914T153757.411738Z_a2fe1ad5.json.gz,20260914T153757.411738Z_a2fe1ad5,fd7e85ef-6a6d-4480-abca-1596c505a72e,normal,mixed,100,200,100,0,100,0,13675.5,102038.7,122791.5,152673.80000000002,13504.6,15843.0,17092.5
D2,results/d2_formal/r1/boot_03/batch_20260914T153810.497638Z_601f2b41.json.gz,20260914T153810.497638Z_601f2b41,fd7e85ef-6a6d-4480-abca-1596c505a72e,normal,cpu,100,200,100,0,100,0,13705.8,97264.7,112346.5,156080.90000000002,13529.6,15628.5,17083.2
D2,results/d2_formal/r1/boot_03/batch_20260914T153818.003095Z_c942622c.json.gz,20260914T153818.003095Z_c942622c,fd7e85ef-6a6d-4480-abca-1596c505a72e,normal,memory,100,200,100,0,100,0,13515.8,96029.9,97785.0,123038.5,13403.6,13774.5,14214.4
D2,results/d2_formal/r1/boot_03/batch_20260914T153825.608744Z_5b308356.json.gz,20260914T153825.608744Z_5b308356,fd7e85ef-6a6d-4480-abca-1596c505a72e,rootkit,memory,100,100,100,100,0,0,36236.9,36236.9,37615.0,42395.4,nan,nan,nan
D2,results/d2_formal/r1/boot_03/batch_20260914T153832.052736Z_4f5672a9.json.gz,20260914T153832.052736Z_4f5672a9,fd7e85ef-6a6d-4480-abca-1596c505a72e,rootkit,baseline,100,100,100,100,0,0,37317.9,37317.9,62714.5,73711.20000000003,nan,nan,nan
D2,results/d2_formal/r1/boot_03/batch_20260914T153845.093343Z_9e78dcc6.json.gz,20260914T153845.093343Z_9e78dcc6,fd7e85ef-6a6d-4480-abca-1596c505a72e,rootkit,cpu,100,100,100,100,0,0,36491.2,36491.2,46585.5,66364.90000000001,nan,nan,nan
D2,results/d2_formal/r1/boot_03/batch_20260914T153858.084485Z_627b2b4a.json.gz,20260914T153858.084485Z_627b2b4a,fd7e85ef-6a6d-4480-abca-1596c505a72e,rootkit,mixed,100,100,100,100,0,0,42071.2,42071.2,52511.0,75786.1,nan,nan,nan
D2,results/d2_formal/r1/boot_03/batch_20260914T153906.028849Z_059fd92a.json.gz,20260914T153906.028849Z_059fd92a,fd7e85ef-6a6d-4480-abca-1596c505a72e,normal,memory,100,200,100,0,100,0,13525.8,96354.6,98104.5,130083.10000000005,13439.4,13828.5,14413.9
D2,results/d2_formal/r1/boot_03/batch_20260914T153919.087995Z_6a962ba6.json.gz,20260914T153919.087995Z_6a962ba6,fd7e85ef-6a6d-4480-abca-1596c505a72e,normal,mixed,100,200,100,0,100,0,13640.3,100009.2,110050.5,149086.70000000004,13492.6,14522.5,16402.6
D2,results/d2_formal/r1/boot_03/batch_20260914T153925.580050Z_c0f42fbe.json.gz,20260914T153925.580050Z_c0f42fbe,fd7e85ef-6a6d-4480-abca-1596c505a72e,normal,baseline,100,200,100,0,100,0,13528.5,97683.4,101021.0,139991.90000000002,13433.4,13778.0,14376.3
D2,results/d2_formal/r1/boot_03/batch_20260914T153938.567432Z_46fc3fb3.json.gz,20260914T153938.567432Z_46fc3fb3,fd7e85ef-6a6d-4480-abca-1596c505a72e,normal,cpu,100,200,100,0,100,0,13830.7,99382.7,113185.5,154018.90000000005,13586.7,15667.0,16633.600000000002
D2,results/d2_formal/r1/boot_03/batch_20260914T153951.642703Z_3bb71a76.json.gz,20260914T153951.642703Z_3bb71a76,fd7e85ef-6a6d-4480-abca-1596c505a72e,rootkit,cpu,100,100,100,100,0,0,37156.9,37156.9,47229.0,73971.00000000004,nan,nan,nan
D2,results/d2_formal/r1/boot_03/batch_20260914T153958.156824Z_e65b4c0d.json.gz,20260914T153958.156824Z_e65b4c0d,fd7e85ef-6a6d-4480-abca-1596c505a72e,rootkit,baseline,100,100,100,100,0,0,37378.9,37378.9,41412.0,67988.7,nan,nan,nan
D2,results/d2_formal/r1/boot_03/batch_20260914T154011.192894Z_9063bf98.json.gz,20260914T154011.192894Z_9063bf98,fd7e85ef-6a6d-4480-abca-1596c505a72e,rootkit,mixed,100,100,100,100,0,0,38037.7,38037.7,49048.5,75235.0,nan,nan,nan
D2,results/d2_formal/r1/boot_03/batch_20260914T154018.667208Z_2d67ea46.json.gz,20260914T154018.667208Z_2d67ea46,fd7e85ef-6a6d-4480-abca-1596c505a72e,rootkit,memory,100,100,100,100,0,0,36550.4,36550.4,37890.5,63926.40000000001,nan,nan,nan
D2,results/d2_formal/r1/boot_03/batch_20260914T154032.144309Z_26f76d3d.json.gz,20260914T154032.144309Z_26f76d3d,fd7e85ef-6a6d-4480-abca-1596c505a72e,normal,mixed,100,200,100,0,100,0,13490.4,97762.0,104831.0,138020.30000000002,13369.7,13846.5,16130.800000000001
D2,results/d2_formal/r1/boot_03/batch_20260914T154039.611225Z_3c0457c4.json.gz,20260914T154039.611225Z_3c0457c4,fd7e85ef-6a6d-4480-abca-1596c505a72e,normal,memory,100,200,100,0,100,0,13526.7,96214.4,98209.0,116866.00000000006,13419.6,13771.0,14358.0
D2,results/d2_formal/r1/boot_03/batch_20260914T154052.610003Z_8b914585.json.gz,20260914T154052.610003Z_8b914585,fd7e85ef-6a6d-4480-abca-1596c505a72e,normal,cpu,100,200,100,0,100,0,13600.2,98261.7,111499.5,129402.20000000004,13428.1,15546.0,16303.300000000001
D2,results/d2_formal/r1/boot_03/batch_20260914T154059.077139Z_a2f519fe.json.gz,20260914T154059.077139Z_a2f519fe,fd7e85ef-6a6d-4480-abca-1596c505a72e,normal,baseline,100,200,100,0,100,0,13683.6,97336.4,123402.5,150350.3,13545.5,13939.0,14465.5
D2,results/d2_formal/r1/boot_03/batch_20260914T154105.646868Z_8c4f061c.json.gz,20260914T154105.646868Z_8c4f061c,fd7e85ef-6a6d-4480-abca-1596c505a72e,normal,baseline,100,200,100,0,100,0,13671.0,97698.5,123957.5,156056.4,13552.1,14014.5,14649.4
D2,results/d2_formal/r1/boot_03/batch_20260914T154118.761023Z_a9075135.json.gz,20260914T154118.761023Z_a9075135,fd7e85ef-6a6d-4480-abca-1596c505a72e,normal,cpu,100,200,100,0,100,0,13564.8,98153.6,112795.5,135849.30000000005,13444.3,14245.5,16273.0
D2,results/d2_formal/r1/boot_03/batch_20260914T154131.901455Z_27b23c37.json.gz,20260914T154131.901455Z_27b23c37,fd7e85ef-6a6d-4480-abca-1596c505a72e,normal,mixed,100,200,100,0,100,0,13872.4,101857.6,121135.0,183130.00000000006,13682.5,15671.0,17037.600000000002
D2,results/d2_formal/r1/boot_03/batch_20260914T154139.365351Z_a2bc1fdf.json.gz,20260914T154139.365351Z_a2bc1fdf,fd7e85ef-6a6d-4480-abca-1596c505a72e,normal,memory,100,200,100,0,100,0,13583.8,96428.0,98135.5,123578.1,13516.2,13908.5,14320.500000000002
D2,results/d2_formal/r1/boot_03/batch_20260914T154152.517048Z_4dc6f3b8.json.gz,20260914T154152.517048Z_4dc6f3b8,fd7e85ef-6a6d-4480-abca-1596c505a72e,rootkit,mixed,100,100,100,100,0,0,38021.3,38021.3,48688.0,62265.30000000002,nan,nan,nan
D2,results/d2_formal/r1/boot_03/batch_20260914T154159.031226Z_cfa285a7.json.gz,20260914T154159.031226Z_cfa285a7,fd7e85ef-6a6d-4480-abca-1596c505a72e,rootkit,baseline,100,100,100,100,0,0,36397.6,36397.6,38266.5,65634.40000000001,nan,nan,nan
D2,results/d2_formal/r1/boot_03/batch_20260914T154206.557655Z_09a03e45.json.gz,20260914T154206.557655Z_09a03e45,fd7e85ef-6a6d-4480-abca-1596c505a72e,rootkit,memory,100,100,100,100,0,0,35958.1,35958.1,37260.0,62097.500000000015,nan,nan,nan
D2,results/d2_formal/r1/boot_03/batch_20260914T154219.513958Z_6cdb71d5.json.gz,20260914T154219.513958Z_6cdb71d5,fd7e85ef-6a6d-4480-abca-1596c505a72e,rootkit,cpu,100,100,100,100,0,0,35653.0,35653.0,42173.5,63008.40000000001,nan,nan,nan
D2,results/d2_formal/r1/boot_03/batch_20260914T154227.459727Z_9f3a628a.json.gz,20260914T154227.459727Z_9f3a628a,fd7e85ef-6a6d-4480-abca-1596c505a72e,normal,memory,100,200,100,0,100,0,13407.2,95835.5,97749.5,127473.10000000002,13330.7,13691.5,14280.800000000001
D2,results/d2_formal/r1/boot_03/batch_20260914T154240.453222Z_e80c380c.json.gz,20260914T154240.453222Z_e80c380c,fd7e85ef-6a6d-4480-abca-1596c505a72e,normal,cpu,100,200,100,0,100,0,13744.9,97778.9,112898.0,132257.9,13487.7,15519.5,16574.8
D2,results/d2_formal/r1/boot_03/batch_20260914T154253.513955Z_2e90c87d.json.gz,20260914T154253.513955Z_2e90c87d,fd7e85ef-6a6d-4480-abca-1596c505a72e,normal,mixed,100,200,100,0,100,0,13669.4,97795.4,107513.5,133945.4,13510.3,14077.5,16044.900000000001
D2,results/d2_formal/r1/boot_03/batch_20260914T154300.093084Z_008de239.json.gz,20260914T154300.093084Z_008de239,fd7e85ef-6a6d-4480-abca-1596c505a72e,normal,baseline,100,200,100,0,100,0,13698.5,98528.5,123400.5,146490.70000000004,13530.1,14021.0,14905.1
D2,results/d2_formal/r1/boot_03/batch_20260914T154307.688174Z_7944e326.json.gz,20260914T154307.688174Z_7944e326,fd7e85ef-6a6d-4480-abca-1596c505a72e,rootkit,memory,100,100,100,100,0,0,36395.3,36395.3,37420.5,39498.100000000006,nan,nan,nan
D2,results/d2_formal/r1/boot_03/batch_20260914T154320.696336Z_5a6ab1f2.json.gz,20260914T154320.696336Z_5a6ab1f2,fd7e85ef-6a6d-4480-abca-1596c505a72e,rootkit,mixed,100,100,100,100,0,0,40324.4,40324.4,53943.5,69522.90000000001,nan,nan,nan
D2,results/d2_formal/r1/boot_03/batch_20260914T154327.156203Z_2a20661c.json.gz,20260914T154327.156203Z_2a20661c,fd7e85ef-6a6d-4480-abca-1596c505a72e,rootkit,baseline,100,100,100,100,0,0,36267.7,36267.7,40189.0,82907.90000000008,nan,nan,nan
D2,results/d2_formal/r1/boot_03/batch_20260914T154340.128991Z_5d93eff0.json.gz,20260914T154340.128991Z_5d93eff0,fd7e85ef-6a6d-4480-abca-1596c505a72e,rootkit,cpu,100,100,100,100,0,0,37102.0,37102.0,47367.0,62484.900000000016,nan,nan,nan
D2,results/d2_formal/r1/boot_03/batch_20260914T154353.671435Z_f26d3a06.json.gz,20260914T154353.671435Z_f26d3a06,fd7e85ef-6a6d-4480-abca-1596c505a72e,normal,cpu,100,200,100,0,100,0,13601.2,99099.2,112413.5,165517.0,13459.5,14339.0,16496.5
D2,results/d2_formal/r1/boot_03/batch_20260914T154400.194805Z_b7665cd2.json.gz,20260914T154400.194805Z_b7665cd2,fd7e85ef-6a6d-4480-abca-1596c505a72e,normal,baseline,100,200,100,0,100,0,13660.3,97871.1,102123.0,131936.30000000002,13571.7,13937.5,14712.800000000001
D2,results/d2_formal/r1/boot_03/batch_20260914T154407.693075Z_d00c5a75.json.gz,20260914T154407.693075Z_d00c5a75,fd7e85ef-6a6d-4480-abca-1596c505a72e,normal,memory,100,200,100,0,100,0,13597.9,96670.6,98095.5,124932.30000000002,13448.7,13828.5,14505.0
D2,results/d2_formal/r1/boot_03/batch_20260914T154420.742744Z_1a482d15.json.gz,20260914T154420.742744Z_1a482d15,fd7e85ef-6a6d-4480-abca-1596c505a72e,normal,mixed,100,200,100,0,100,0,13643.2,99466.7,108550.0,140440.6,13520.9,14122.5,16444.3
D2,results/d2_formal/r1/boot_03/batch_20260914T154427.364370Z_5d3f206b.json.gz,20260914T154427.364370Z_5d3f206b,fd7e85ef-6a6d-4480-abca-1596c505a72e,rootkit,baseline,100,100,100,100,0,0,37729.7,37729.7,61295.0,82200.30000000002,nan,nan,nan
D2,results/d2_formal/r1/boot_03/batch_20260914T154434.835275Z_cd75a3e7.json.gz,20260914T154434.835275Z_cd75a3e7,fd7e85ef-6a6d-4480-abca-1596c505a72e,rootkit,memory,100,100,100,100,0,0,36689.3,36689.3,38326.5,45600.200000000055,nan,nan,nan
D2,results/d2_formal/r1/boot_03/batch_20260914T154447.853806Z_14287c81.json.gz,20260914T154447.853806Z_14287c81,fd7e85ef-6a6d-4480-abca-1596c505a72e,rootkit,mixed,100,100,100,100,0,0,43181.1,43181.1,55917.5,70710.90000000001,nan,nan,nan
D2,results/d2_formal/r1/boot_03/batch_20260914T154500.876799Z_d9ce6feb.json.gz,20260914T154500.876799Z_d9ce6feb,fd7e85ef-6a6d-4480-abca-1596c505a72e,rootkit,cpu,100,100,100,100,0,0,37458.8,37458.8,47542.0,70705.10000000002,nan,nan,nan
D2,results/d2_formal/r1/boot_03/batch_20260914T154508.825912Z_d8d2c777.json.gz,20260914T154508.825912Z_d8d2c777,fd7e85ef-6a6d-4480-abca-1596c505a72e,normal,memory,100,200,100,0,100,0,13521.9,96168.8,98047.5,123642.2,13358.2,13726.0,14466.100000000002
D2,results/d2_formal/r1/boot_03/batch_20260914T154515.406381Z_50a4541f.json.gz,20260914T154515.406381Z_50a4541f,fd7e85ef-6a6d-4480-abca-1596c505a72e,normal,baseline,100,200,100,0,100,0,13611.0,97767.3,103907.0,139929.0,13356.7,13981.0,14597.3
D2,results/d2_formal/r1/boot_03/batch_20260914T154528.478447Z_c587567d.json.gz,20260914T154528.478447Z_c587567d,fd7e85ef-6a6d-4480-abca-1596c505a72e,normal,cpu,100,200,100,0,100,0,13677.0,99071.9,113567.5,142780.7,13506.7,15618.5,16665.9
D2,results/d2_formal/r1/boot_03/batch_20260914T154541.562429Z_0b110f69.json.gz,20260914T154541.562429Z_0b110f69,fd7e85ef-6a6d-4480-abca-1596c505a72e,normal,mixed,100,200,100,0,100,0,13560.8,97299.6,107600.0,134521.8,13461.1,14096.0,16310.1
D2,results/d2_formal/r1/boot_03/batch_20260914T154554.832798Z_0cafc7f0.json.gz,20260914T154554.832798Z_0cafc7f0,fd7e85ef-6a6d-4480-abca-1596c505a72e,rootkit,mixed,100,100,100,100,0,0,38810.1,38810.1,49572.5,70625.90000000001,nan,nan,nan
D2,results/d2_formal/r1/boot_03/batch_20260914T154607.809027Z_4b1043e5.json.gz,20260914T154607.809027Z_4b1043e5,fd7e85ef-6a6d-4480-abca-1596c505a72e,rootkit,cpu,100,100,100,100,0,0,38255.1,38255.1,46079.0,60630.20000000001,nan,nan,nan
D2,results/d2_formal/r1/boot_03/batch_20260914T154614.272285Z_dcee2605.json.gz,20260914T154614.272285Z_dcee2605,fd7e85ef-6a6d-4480-abca-1596c505a72e,rootkit,baseline,100,100,100,100,0,0,36336.3,36336.3,39186.5,65483.50000000001,nan,nan,nan
D2,results/d2_formal/r1/boot_03/batch_20260914T154621.733172Z_62aa101e.json.gz,20260914T154621.733172Z_62aa101e,fd7e85ef-6a6d-4480-abca-1596c505a72e,rootkit,memory,100,100,100,100,0,0,36246.3,36246.3,37739.5,51455.00000000011,nan,nan,nan
D2,results/d2_formal/r1/boot_03/batch_20260914T154629.672950Z_3ed6bf1a.json.gz,20260914T154629.672950Z_3ed6bf1a,fd7e85ef-6a6d-4480-abca-1596c505a72e,normal,memory,100,200,100,0,100,0,13605.8,96493.8,98458.5,127911.8,13521.6,13824.0,14338.1
D2,results/d2_formal/r1/boot_03/batch_20260914T154642.747583Z_adf14f64.json.gz,20260914T154642.747583Z_adf14f64,fd7e85ef-6a6d-4480-abca-1596c505a72e,normal,cpu,100,200,100,0,100,0,13674.4,99589.3,116746.0,150193.80000000002,13530.9,14520.5,17183.9
D2,results/d2_formal/r1/boot_03/batch_20260914T154655.865772Z_c26ac044.json.gz,20260914T154655.865772Z_c26ac044,fd7e85ef-6a6d-4480-abca-1596c505a72e,normal,mixed,100,200,100,0,100,0,13574.9,98133.8,114755.0,134046.1,13453.8,14204.5,16239.5
D2,results/d2_formal/r1/boot_03/batch_20260914T154702.406429Z_b9c62fb5.json.gz,20260914T154702.406429Z_b9c62fb5,fd7e85ef-6a6d-4480-abca-1596c505a72e,normal,baseline,100,200,100,0,100,0,13573.5,96704.9,109255.0,156569.90000000002,13402.9,13965.5,14469.1
D2,results/d2_formal/r1/boot_03/batch_20260914T154710.008950Z_b692759b.json.gz,20260914T154710.008950Z_b692759b,fd7e85ef-6a6d-4480-abca-1596c505a72e,rootkit,memory,100,100,100,100,0,0,36708.9,36708.9,38478.0,69505.7,nan,nan,nan
D2,results/d2_formal/r1/boot_03/batch_20260914T154723.040599Z_fd272b0d.json.gz,20260914T154723.040599Z_fd272b0d,fd7e85ef-6a6d-4480-abca-1596c505a72e,rootkit,mixed,100,100,100,100,0,0,39917.8,39917.8,50136.0,70573.10000000005,nan,nan,nan
D2,results/d2_formal/r1/boot_03/batch_20260914T154736.020858Z_eb4b7a17.json.gz,20260914T154736.020858Z_eb4b7a17,fd7e85ef-6a6d-4480-abca-1596c505a72e,rootkit,cpu,100,100,100,100,0,0,38315.8,38315.8,46332.0,61007.70000000001,nan,nan,nan
D2,results/d2_formal/r1/boot_03/batch_20260914T154742.474488Z_e9b8ef51.json.gz,20260914T154742.474488Z_e9b8ef51,fd7e85ef-6a6d-4480-abca-1596c505a72e,rootkit,baseline,100,100,100,100,0,0,36892.7,36892.7,40047.5,67009.7,nan,nan,nan
D2,results/d2_formal/r1/boot_03/batch_20260914T154749.961625Z_ad050d2c.json.gz,20260914T154749.961625Z_ad050d2c,fd7e85ef-6a6d-4480-abca-1596c505a72e,rootkit,memory,100,100,100,100,0,0,36668.5,36668.5,38284.5,51969.000000000015,nan,nan,nan
D2,results/d2_formal/r1/boot_03/batch_20260914T154803.098830Z_450dd84d.json.gz,20260914T154803.098830Z_450dd84d,fd7e85ef-6a6d-4480-abca-1596c505a72e,rootkit,mixed,100,100,100,100,0,0,38700.7,38700.7,50156.0,67551.30000000002,nan,nan,nan
D2,results/d2_formal/r1/boot_03/batch_20260914T154809.629755Z_86e29ae0.json.gz,20260914T154809.629755Z_86e29ae0,fd7e85ef-6a6d-4480-abca-1596c505a72e,rootkit,baseline,100,100,100,100,0,0,36325.7,36325.7,38215.0,66838.7,nan,nan,nan
D2,results/d2_formal/r1/boot_03/batch_20260914T154822.639271Z_3299ce3d.json.gz,20260914T154822.639271Z_3299ce3d,fd7e85ef-6a6d-4480-abca-1596c505a72e,rootkit,cpu,100,100,100,100,0,0,37621.4,37621.4,46437.0,59504.9,nan,nan,nan
D2,results/d2_formal/r1/boot_03/batch_20260914T154830.592173Z_b09c58e2.json.gz,20260914T154830.592173Z_b09c58e2,fd7e85ef-6a6d-4480-abca-1596c505a72e,normal,memory,100,200,100,0,100,0,13540.4,96449.5,98327.5,114761.1,13440.1,13777.5,14209.9
D2,results/d2_formal/r1/boot_03/batch_20260914T154843.767781Z_44022858.json.gz,20260914T154843.767781Z_44022858,fd7e85ef-6a6d-4480-abca-1596c505a72e,normal,mixed,100,200,100,0,100,0,13576.8,100549.9,120727.0,168818.30000000002,13363.7,15589.0,16851.100000000002
D2,results/d2_formal/r1/boot_03/batch_20260914T154856.807208Z_56de5fe4.json.gz,20260914T154856.807208Z_56de5fe4,fd7e85ef-6a6d-4480-abca-1596c505a72e,normal,cpu,100,200,100,0,100,0,13636.4,96074.2,113440.0,136113.70000000004,13478.8,14848.0,16629.1
D2,results/d2_formal/r1/boot_03/batch_20260914T154903.343035Z_2fdf699c.json.gz,20260914T154903.343035Z_2fdf699c,fd7e85ef-6a6d-4480-abca-1596c505a72e,normal,baseline,100,200,100,0,100,0,13885.4,99393.1,124767.5,165631.40000000002,13662.3,14163.5,14546.0
D2,results/d2_formal/r1/boot_03/batch_20260914T154909.866662Z_981597dd.json.gz,20260914T154909.866662Z_981597dd,fd7e85ef-6a6d-4480-abca-1596c505a72e,normal,baseline,100,200,100,0,100,0,13546.1,97021.0,99029.5,128585.00000000001,13399.7,13857.0,14382.1
D2,results/d2_formal/r1/boot_03/batch_20260914T154923.017352Z_e7c00f15.json.gz,20260914T154923.017352Z_e7c00f15,fd7e85ef-6a6d-4480-abca-1596c505a72e,normal,mixed,100,200,100,0,100,0,14220.3,104037.8,123342.0,163022.40000000002,13697.2,16000.0,17104.2
D2,results/d2_formal/r1/boot_03/batch_20260914T154936.081175Z_1952b466.json.gz,20260914T154936.081175Z_1952b466,fd7e85ef-6a6d-4480-abca-1596c505a72e,normal,cpu,100,200,100,0,100,0,13666.0,99421.4,118028.5,141771.90000000002,13508.6,15541.5,16789.6
D2,results/d2_formal/r1/boot_03/batch_20260914T154943.636740Z_25683dd5.json.gz,20260914T154943.636740Z_25683dd5,fd7e85ef-6a6d-4480-abca-1596c505a72e,normal,memory,100,200,100,0,100,0,13558.2,95919.4,98433.5,129564.00000000003,13434.4,13841.5,14306.1
D2,results/d2_formal/r1/boot_03/batch_20260914T154956.837933Z_1af29c3d.json.gz,20260914T154956.837933Z_1af29c3d,fd7e85ef-6a6d-4480-abca-1596c505a72e,rootkit,cpu,100,100,100,100,0,0,38160.9,38160.9,49818.5,67036.40000000001,nan,nan,nan
D2,results/d2_formal/r1/boot_03/batch_20260914T155009.850487Z_9b182e7d.json.gz,20260914T155009.850487Z_9b182e7d,fd7e85ef-6a6d-4480-abca-1596c505a72e,rootkit,mixed,100,100,100,100,0,0,39949.3,39949.3,49211.5,70195.6,nan,nan,nan
D2,results/d2_formal/r1/boot_03/batch_20260914T155017.307343Z_c3b93834.json.gz,20260914T155017.307343Z_c3b93834,fd7e85ef-6a6d-4480-abca-1596c505a72e,rootkit,memory,100,100,100,100,0,0,37124.9,37124.9,38429.5,51688.60000000004,nan,nan,nan
D2,results/d2_formal/r1/boot_03/batch_20260914T155023.786880Z_db436c67.json.gz,20260914T155023.786880Z_db436c67,fd7e85ef-6a6d-4480-abca-1596c505a72e,rootkit,baseline,100,100,100,100,0,0,36553.8,36553.8,38130.5,64992.0,nan,nan,nan
D2,results/d2_formal/r1/boot_03/batch_20260914T155030.801910Z_019aac7f.json.gz,20260914T155030.801910Z_019aac7f,fd7e85ef-6a6d-4480-abca-1596c505a72e,normal,baseline,100,200,100,0,100,0,13712.9,97669.4,101751.5,129122.0,13623.1,13988.0,14590.2
D2,results/d2_formal/r1/boot_03/batch_20260914T155043.799413Z_59dea1e7.json.gz,20260914T155043.799413Z_59dea1e7,fd7e85ef-6a6d-4480-abca-1596c505a72e,normal,cpu,100,200,100,0,100,0,13699.8,98093.8,119052.0,131794.0,13575.1,15706.5,16397.3
D2,results/d2_formal/r1/boot_03/batch_20260914T155056.938712Z_c99ced6c.json.gz,20260914T155056.938712Z_c99ced6c,fd7e85ef-6a6d-4480-abca-1596c505a72e,normal,mixed,100,200,100,0,100,0,13687.7,99135.4,119635.5,153672.1,13413.5,15647.5,16654.7
D2,results/d2_formal/r1/boot_03/batch_20260914T155104.423945Z_c7f34039.json.gz,20260914T155104.423945Z_c7f34039,fd7e85ef-6a6d-4480-abca-1596c505a72e,normal,memory,100,200,100,0,100,0,13539.0,95948.3,98384.5,129440.90000000004,13447.5,13774.0,14384.6
D2,results/d2_formal/r1/boot_03/batch_20260914T155112.056680Z_abfbb26f.json.gz,20260914T155112.056680Z_abfbb26f,fd7e85ef-6a6d-4480-abca-1596c505a72e,rootkit,memory,100,100,100,100,0,0,35899.2,35899.2,36865.0,55710.40000000008,nan,nan,nan
D2,results/d2_formal/r1/boot_03/batch_20260914T155118.586497Z_3fad960e.json.gz,20260914T155118.586497Z_3fad960e,fd7e85ef-6a6d-4480-abca-1596c505a72e,rootkit,baseline,100,100,100,100,0,0,36018.5,36018.5,38401.0,68461.8,nan,nan,nan
D2,results/d2_formal/r1/boot_03/batch_20260914T155131.909681Z_af8f7ed7.json.gz,20260914T155131.909681Z_af8f7ed7,fd7e85ef-6a6d-4480-abca-1596c505a72e,rootkit,mixed,100,100,100,100,0,0,41316.7,41316.7,56958.0,79434.6,nan,nan,nan
D2,results/d2_formal/r1/boot_03/batch_20260914T155145.036454Z_a6cc52a8.json.gz,20260914T155145.036454Z_a6cc52a8,fd7e85ef-6a6d-4480-abca-1596c505a72e,rootkit,cpu,100,100,100,100,0,0,38068.7,38068.7,47535.5,86610.90000000005,nan,nan,nan
D2,results/d2_formal/r1/boot_03/batch_20260914T155158.573993Z_6394b55d.json.gz,20260914T155158.573993Z_6394b55d,fd7e85ef-6a6d-4480-abca-1596c505a72e,normal,cpu,100,200,100,0,100,0,13653.1,99653.2,114200.0,142398.90000000002,13522.4,14522.0,16601.6
D2,results/d2_formal/r1/boot_03/batch_20260914T155211.713412Z_5e8362be.json.gz,20260914T155211.713412Z_5e8362be,fd7e85ef-6a6d-4480-abca-1596c505a72e,normal,mixed,100,200,100,0,100,0,13600.4,100275.8,115291.0,148676.10000000006,13452.3,15687.0,16594.8
D2,results/d2_formal/r1/boot_03/batch_20260914T155218.249836Z_129ac550.json.gz,20260914T155218.249836Z_129ac550,fd7e85ef-6a6d-4480-abca-1596c505a72e,normal,baseline,100,200,100,0,100,0,13549.9,97382.1,100232.5,142297.6,13471.8,13791.0,14477.4
D2,results/d2_formal/r1/boot_03/batch_20260914T155225.754172Z_7f4c44b8.json.gz,20260914T155225.754172Z_7f4c44b8,fd7e85ef-6a6d-4480-abca-1596c505a72e,normal,memory,100,200,100,0,100,0,13510.2,96494.1,98382.0,120498.0,13454.7,13769.0,14276.7
D2,results/d2_formal/r1/boot_03/batch_20260914T155233.357085Z_ee611f40.json.gz,20260914T155233.357085Z_ee611f40,fd7e85ef-6a6d-4480-abca-1596c505a72e,rootkit,memory,100,100,100,100,0,0,36325.2,36325.2,37731.5,44259.100000000006,nan,nan,nan
D2,results/d2_formal/r1/boot_03/batch_20260914T155246.509121Z_a933522c.json.gz,20260914T155246.509121Z_a933522c,fd7e85ef-6a6d-4480-abca-1596c505a72e,rootkit,cpu,100,100,100,100,0,0,40039.8,40039.8,51340.5,72248.00000000001,nan,nan,nan
D2,results/d2_formal/r1/boot_03/batch_20260914T155253.369242Z_5639e2ee.json.gz,20260914T155253.369242Z_5639e2ee,fd7e85ef-6a6d-4480-abca-1596c505a72e,rootkit,baseline,100,100,100,100,0,0,37497.1,37497.1,46284.5,79402.6,nan,nan,nan
D2,results/d2_formal/r1/boot_03/batch_20260914T155306.686762Z_02f57a66.json.gz,20260914T155306.686762Z_02f57a66,fd7e85ef-6a6d-4480-abca-1596c505a72e,rootkit,mixed,100,100,100,100,0,0,42463.3,42463.3,56020.0,91354.8,nan,nan,nan
D2,results/d2_formal/r1/boot_03/batch_20260914T155320.252034Z_b19264ce.json.gz,20260914T155320.252034Z_b19264ce,fd7e85ef-6a6d-4480-abca-1596c505a72e,rootkit,mixed,100,100,100,100,0,0,43997.6,43997.6,58388.0,78392.2,nan,nan,nan
D2,results/d2_formal/r1/boot_03/batch_20260914T155327.046255Z_c0866e61.json.gz,20260914T155327.046255Z_c0866e61,fd7e85ef-6a6d-4480-abca-1596c505a72e,rootkit,baseline,100,100,100,100,0,0,37502.9,37502.9,62471.0,68792.6,nan,nan,nan
D2,results/d2_formal/r1/boot_03/batch_20260914T155340.219024Z_c373d8b4.json.gz,20260914T155340.219024Z_c373d8b4,fd7e85ef-6a6d-4480-abca-1596c505a72e,rootkit,cpu,100,100,100,100,0,0,37461.6,37461.6,46687.0,75381.90000000004,nan,nan,nan
D2,results/d2_formal/r1/boot_03/batch_20260914T155347.858499Z_63b0799e.json.gz,20260914T155347.858499Z_63b0799e,fd7e85ef-6a6d-4480-abca-1596c505a72e,rootkit,memory,100,100,100,100,0,0,36933.5,36933.5,38643.5,42749.20000000002,nan,nan,nan
D2,results/d2_formal/r1/boot_03/batch_20260914T155401.454325Z_62fd1adc.json.gz,20260914T155401.454325Z_62fd1adc,fd7e85ef-6a6d-4480-abca-1596c505a72e,normal,cpu,100,200,100,0,100,0,13671.0,97776.2,117228.0,166696.6,13480.8,14967.5,16498.600000000002
D2,results/d2_formal/r1/boot_03/batch_20260914T155414.670863Z_b1882b8b.json.gz,20260914T155414.670863Z_b1882b8b,fd7e85ef-6a6d-4480-abca-1596c505a72e,normal,mixed,100,200,100,0,100,0,13748.4,100107.7,125461.0,184286.4,13484.3,15850.5,17005.6
D2,results/d2_formal/r1/boot_03/batch_20260914T155421.256271Z_de5263f8.json.gz,20260914T155421.256271Z_de5263f8,fd7e85ef-6a6d-4480-abca-1596c505a72e,normal,baseline,100,200,100,0,100,0,13602.4,97894.5,101588.0,135060.0,13462.7,13893.0,14679.800000000001
D2,results/d2_formal/r1/boot_03/batch_20260914T155428.842937Z_5bff98ee.json.gz,20260914T155428.842937Z_5bff98ee,fd7e85ef-6a6d-4480-abca-1596c505a72e,normal,memory,100,200,100,0,100,0,13480.2,96936.9,98722.0,122573.6,13379.0,13679.0,14370.5
D2,results/d2_formal/r1/boot_03/batch_20260914T155435.481468Z_b086f62a.json.gz,20260914T155435.481468Z_b086f62a,fd7e85ef-6a6d-4480-abca-1596c505a72e,rootkit,baseline,100,100,100,100,0,0,37141.9,37141.9,39591.5,66596.5,nan,nan,nan
D2,results/d2_formal/r1/boot_03/batch_20260914T155448.555909Z_4482b21c.json.gz,20260914T155448.555909Z_4482b21c,fd7e85ef-6a6d-4480-abca-1596c505a72e,rootkit,cpu,100,100,100,100,0,0,37275.9,37275.9,47311.5,74296.30000000008,nan,nan,nan
D2,results/d2_formal/r1/boot_03/batch_20260914T155456.129549Z_2abd38a4.json.gz,20260914T155456.129549Z_2abd38a4,fd7e85ef-6a6d-4480-abca-1596c505a72e,rootkit,memory,100,100,100,100,0,0,37117.5,37117.5,38541.5,41679.30000000002,nan,nan,nan
D2,results/d2_formal/r1/boot_03/batch_20260914T155509.307562Z_a56a4e31.json.gz,20260914T155509.307562Z_a56a4e31,fd7e85ef-6a6d-4480-abca-1596c505a72e,rootkit,mixed,100,100,100,100,0,0,39827.6,39827.6,51952.5,73536.6,nan,nan,nan
D2,results/d2_formal/r1/boot_03/batch_20260914T155523.110907Z_eeb810db.json.gz,20260914T155523.110907Z_eeb810db,fd7e85ef-6a6d-4480-abca-1596c505a72e,normal,mixed,100,200,100,0,100,0,13717.8,98253.0,121819.5,186404.5,13513.8,15853.5,17577.9
D2,results/d2_formal/r1/boot_03/batch_20260914T155529.781713Z_2cef432c.json.gz,20260914T155529.781713Z_2cef432c,fd7e85ef-6a6d-4480-abca-1596c505a72e,normal,baseline,100,200,100,0,100,0,13569.9,98718.2,100903.5,146596.50000000006,13467.4,13852.0,14448.5
D2,results/d2_formal/r1/boot_03/batch_20260914T155537.461768Z_a4d61795.json.gz,20260914T155537.461768Z_a4d61795,fd7e85ef-6a6d-4480-abca-1596c505a72e,normal,memory,100,200,100,0,100,0,13589.0,97813.2,99813.0,132021.00000000006,13485.8,13765.5,14289.400000000001
D2,results/d2_formal/r1/boot_03/batch_20260914T155550.579320Z_59af4ef8.json.gz,20260914T155550.579320Z_59af4ef8,fd7e85ef-6a6d-4480-abca-1596c505a72e,normal,cpu,100,200,100,0,100,0,13671.8,98681.1,113127.0,149964.7,13517.4,14834.0,16584.2
D2,results/d2_formal/r1/boot_03/batch_20260914T155603.802964Z_ca0d5c03.json.gz,20260914T155603.802964Z_ca0d5c03,fd7e85ef-6a6d-4480-abca-1596c505a72e,rootkit,cpu,100,100,100,100,0,0,37391.2,37391.2,47658.5,69834.70000000003,nan,nan,nan
D2,results/d2_formal/r1/boot_03/batch_20260914T155616.979686Z_84cf5464.json.gz,20260914T155616.979686Z_84cf5464,fd7e85ef-6a6d-4480-abca-1596c505a72e,rootkit,mixed,100,100,100,100,0,0,40917.5,40917.5,51361.0,76843.6,nan,nan,nan
D2,results/d2_formal/r1/boot_03/batch_20260914T155623.593719Z_09bef487.json.gz,20260914T155623.593719Z_09bef487,fd7e85ef-6a6d-4480-abca-1596c505a72e,rootkit,baseline,100,100,100,100,0,0,37295.2,37295.2,64112.0,86237.60000000002,nan,nan,nan
D2,results/d2_formal/r1/boot_03/batch_20260914T155631.233532Z_93c5143e.json.gz,20260914T155631.233532Z_93c5143e,fd7e85ef-6a6d-4480-abca-1596c505a72e,rootkit,memory,100,100,100,100,0,0,37530.5,37530.5,39208.0,56591.70000000004,nan,nan,nan
D2,results/d2_formal/r1/boot_03/batch_20260914T155644.991589Z_00b9b565.json.gz,20260914T155644.991589Z_00b9b565,fd7e85ef-6a6d-4480-abca-1596c505a72e,normal,mixed,100,200,100,0,100,0,13584.0,102940.9,122559.0,153048.00000000003,13465.4,14057.5,16860.600000000002
D2,results/d2_formal/r1/boot_03/batch_20260914T155652.550114Z_a9323123.json.gz,20260914T155652.550114Z_a9323123,fd7e85ef-6a6d-4480-abca-1596c505a72e,normal,memory,100,200,100,0,100,0,13457.5,98664.1,101368.0,133711.40000000002,13363.7,13683.5,14161.800000000001
D2,results/d2_formal/r1/boot_03/batch_20260914T155659.079268Z_e83c986d.json.gz,20260914T155659.079268Z_e83c986d,fd7e85ef-6a6d-4480-abca-1596c505a72e,normal,baseline,100,200,100,0,100,0,13724.5,99157.4,122512.5,150110.5,13570.7,14012.5,14542.6
D2,results/d2_formal/r1/boot_03/batch_20260914T155712.147772Z_9f167c4a.json.gz,20260914T155712.147772Z_9f167c4a,fd7e85ef-6a6d-4480-abca-1596c505a72e,normal,cpu,100,200,100,0,100,0,13655.0,99369.0,115234.5,176496.80000000002,13448.6,15462.5,17383.800000000003
D2,results/d2_formal/r1/boot_03/batch_20260914T155725.330487Z_83653b2f.json.gz,20260914T155725.330487Z_83653b2f,fd7e85ef-6a6d-4480-abca-1596c505a72e,normal,cpu,100,200,100,0,100,0,13528.7,97743.5,118066.0,140751.90000000005,13386.0,15563.5,16648.7
D2,results/d2_formal/r1/boot_03/batch_20260914T155732.975358Z_a80d462c.json.gz,20260914T155732.975358Z_a80d462c,fd7e85ef-6a6d-4480-abca-1596c505a72e,normal,memory,100,200,100,0,100,0,13526.1,97220.9,98979.0,126840.20000000001,13466.3,13703.0,14345.9
D2,results/d2_formal/r1/boot_03/batch_20260914T155739.600161Z_3b0749bc.json.gz,20260914T155739.600161Z_3b0749bc,fd7e85ef-6a6d-4480-abca-1596c505a72e,normal,baseline,100,200,100,0,100,0,13599.9,98357.9,103104.0,148067.2,13451.7,13884.5,14411.3
D2,results/d2_formal/r1/boot_03/batch_20260914T155752.882571Z_581fbbe6.json.gz,20260914T155752.882571Z_581fbbe6,fd7e85ef-6a6d-4480-abca-1596c505a72e,normal,mixed,100,200,100,0,100,0,13681.9,98796.9,123111.0,150025.40000000002,13541.6,15721.0,16840.0
D2,results/d2_formal/r1/boot_03/batch_20260914T155806.139810Z_beb57dd8.json.gz,20260914T155806.139810Z_beb57dd8,fd7e85ef-6a6d-4480-abca-1596c505a72e,rootkit,cpu,100,100,100,100,0,0,36724.9,36724.9,47357.5,67730.40000000001,nan,nan,nan
D2,results/d2_formal/r1/boot_03/batch_20260914T155819.288372Z_cc12ed1a.json.gz,20260914T155819.288372Z_cc12ed1a,fd7e85ef-6a6d-4480-abca-1596c505a72e,rootkit,mixed,100,100,100,100,0,0,38362.7,38362.7,45569.0,74136.8,nan,nan,nan
D2,results/d2_formal/r1/boot_03/batch_20260914T155826.897491Z_22a84e7e.json.gz,20260914T155826.897491Z_22a84e7e,fd7e85ef-6a6d-4480-abca-1596c505a72e,rootkit,memory,100,100,100,100,0,0,36843.6,36843.6,39908.5,42566.3,nan,nan,nan
D2,results/d2_formal/r1/boot_03/batch_20260914T155833.598192Z_8cccfe66.json.gz,20260914T155833.598192Z_8cccfe66,fd7e85ef-6a6d-4480-abca-1596c505a72e,rootkit,baseline,100,100,100,100,0,0,37103.5,37103.5,38970.5,68760.2,nan,nan,nan
D2,results/d2_formal/r1/boot_03/batch_20260914T155847.227683Z_ad9bb1f9.json.gz,20260914T155847.227683Z_ad9bb1f9,fd7e85ef-6a6d-4480-abca-1596c505a72e,normal,cpu,100,200,100,0,100,0,13557.6,97164.5,113824.0,136525.40000000005,13445.3,14446.0,16532.9
D2,results/d2_formal/r1/boot_03/batch_20260914T155900.465885Z_fad0a4d1.json.gz,20260914T155900.465885Z_fad0a4d1,fd7e85ef-6a6d-4480-abca-1596c505a72e,normal,mixed,100,200,100,0,100,0,13712.6,102206.4,119679.5,158461.9,13559.0,15511.5,16627.8
D2,results/d2_formal/r1/boot_03/batch_20260914T155907.065203Z_c9a1af49.json.gz,20260914T155907.065203Z_c9a1af49,fd7e85ef-6a6d-4480-abca-1596c505a72e,normal,baseline,100,200,100,0,100,0,13591.4,97701.9,100998.0,148062.10000000003,13504.2,13929.0,14571.2
D2,results/d2_formal/r1/boot_03/batch_20260914T155914.649475Z_0c03640c.json.gz,20260914T155914.649475Z_0c03640c,fd7e85ef-6a6d-4480-abca-1596c505a72e,normal,memory,100,200,100,0,100,0,13446.0,96389.9,98441.0,127134.90000000001,13330.9,13670.0,14226.1
D2,results/d2_formal/r1/boot_03/batch_20260914T155922.377824Z_667cb079.json.gz,20260914T155922.377824Z_667cb079,fd7e85ef-6a6d-4480-abca-1596c505a72e,rootkit,memory,100,100,100,100,0,0,37177.8,37177.8,38993.0,58507.400000000045,nan,nan,nan
D2,results/d2_formal/r1/boot_03/batch_20260914T155928.942315Z_49dd61c5.json.gz,20260914T155928.942315Z_49dd61c5,fd7e85ef-6a6d-4480-abca-1596c505a72e,rootkit,baseline,100,100,100,100,0,0,38437.6,38437.6,63762.0,75906.3,nan,nan,nan
D2,results/d2_formal/r1/boot_03/batch_20260914T155942.142481Z_82afd1c8.json.gz,20260914T155942.142481Z_82afd1c8,fd7e85ef-6a6d-4480-abca-1596c505a72e,rootkit,mixed,100,100,100,100,0,0,39855.5,39855.5,49184.5,67381.0,nan,nan,nan
D2,results/d2_formal/r1/boot_03/batch_20260914T155955.304977Z_41c5478e.json.gz,20260914T155955.304977Z_41c5478e,fd7e85ef-6a6d-4480-abca-1596c505a72e,rootkit,cpu,100,100,100,100,0,0,37707.7,37707.7,53931.5,72725.80000000002,nan,nan,nan
D2,results/d2_formal/r1/boot_03/batch_20260914T160001.871091Z_8d63d56d.json.gz,20260914T160001.871091Z_8d63d56d,fd7e85ef-6a6d-4480-abca-1596c505a72e,rootkit,baseline,100,100,100,100,0,0,38891.2,38891.2,64506.0,81686.1,nan,nan,nan
D2,results/d2_formal/r1/boot_03/batch_20260914T160015.189549Z_3a717786.json.gz,20260914T160015.189549Z_3a717786,fd7e85ef-6a6d-4480-abca-1596c505a72e,rootkit,mixed,100,100,100,100,0,0,39102.2,39102.2,52262.5,71382.80000000002,nan,nan,nan
D2,results/d2_formal/r1/boot_03/batch_20260914T160022.803528Z_5680433f.json.gz,20260914T160022.803528Z_5680433f,fd7e85ef-6a6d-4480-abca-1596c505a72e,rootkit,memory,100,100,100,100,0,0,37299.5,37299.5,38751.0,54211.80000000009,nan,nan,nan
D2,results/d2_formal/r1/boot_03/batch_20260914T160035.927985Z_985f2144.json.gz,20260914T160035.927985Z_985f2144,fd7e85ef-6a6d-4480-abca-1596c505a72e,rootkit,cpu,100,100,100,100,0,0,37844.4,37844.4,46948.0,69989.40000000001,nan,nan,nan
D2,results/d2_formal/r1/boot_03/batch_20260914T160043.037203Z_944978b9.json.gz,20260914T160043.037203Z_944978b9,fd7e85ef-6a6d-4480-abca-1596c505a72e,normal,baseline,100,200,100,0,100,0,13697.4,99941.6,126576.0,162855.10000000003,13468.4,14118.0,14724.4
D2,results/d2_formal/r1/boot_03/batch_20260914T160050.643974Z_f14f9f5e.json.gz,20260914T160050.643974Z_f14f9f5e,fd7e85ef-6a6d-4480-abca-1596c505a72e,normal,memory,100,200,100,0,100,0,13526.7,96906.1,99033.0,125519.30000000002,13423.7,13726.0,14200.3
D2,results/d2_formal/r1/boot_03/batch_20260914T160103.827441Z_f6656826.json.gz,20260914T160103.827441Z_f6656826,fd7e85ef-6a6d-4480-abca-1596c505a72e,normal,cpu,100,200,100,0,100,0,13815.6,100474.1,120686.5,150406.2,13496.4,15866.0,18356.30000000002
D2,results/d2_formal/r1/boot_03/batch_20260914T160117.127014Z_cb107779.json.gz,20260914T160117.127014Z_cb107779,fd7e85ef-6a6d-4480-abca-1596c505a72e,normal,mixed,100,200,100,0,100,0,13746.4,98845.5,123421.0,174242.50000000006,13531.3,15764.5,16550.4
D2,results/d2_formal/r1/boot_03/batch_20260914T160124.852118Z_811fb468.json.gz,20260914T160124.852118Z_811fb468,fd7e85ef-6a6d-4480-abca-1596c505a72e,rootkit,memory,100,100,100,100,0,0,37065.8,37065.8,38511.5,41854.30000000001,nan,nan,nan
D2,results/d2_formal/r1/boot_03/batch_20260914T160131.441473Z_cedf694d.json.gz,20260914T160131.441473Z_cedf694d,fd7e85ef-6a6d-4480-abca-1596c505a72e,rootkit,baseline,100,100,100,100,0,0,38168.0,38168.0,63584.5,69735.50000000001,nan,nan,nan
D2,results/d2_formal/r1/boot_03/batch_20260914T160144.572385Z_ac9985ef.json.gz,20260914T160144.572385Z_ac9985ef,fd7e85ef-6a6d-4480-abca-1596c505a72e,rootkit,mixed,100,100,100,100,0,0,37923.4,37923.4,42891.5,64153.200000000004,nan,nan,nan
D2,results/d2_formal/r1/boot_03/batch_20260914T160157.702709Z_298c4df8.json.gz,20260914T160157.702709Z_298c4df8,fd7e85ef-6a6d-4480-abca-1596c505a72e,rootkit,cpu,100,100,100,100,0,0,38850.9,38850.9,49315.5,67503.0,nan,nan,nan
D2,results/d2_formal/r1/boot_03/batch_20260914T160205.833241Z_3b3a6608.json.gz,20260914T160205.833241Z_3b3a6608,fd7e85ef-6a6d-4480-abca-1596c505a72e,normal,memory,100,200,100,0,100,0,13516.8,96323.7,98708.0,119083.20000000007,13381.1,13682.5,14201.0
D2,results/d2_formal/r1/boot_03/batch_20260914T160218.997765Z_866cd97c.json.gz,20260914T160218.997765Z_866cd97c,fd7e85ef-6a6d-4480-abca-1596c505a72e,normal,mixed,100,200,100,0,100,0,13564.6,98181.8,105069.5,140864.40000000002,13469.6,13953.5,16747.9
D2,results/d2_formal/r1/boot_03/batch_20260914T160225.623000Z_7924812a.json.gz,20260914T160225.623000Z_7924812a,fd7e85ef-6a6d-4480-abca-1596c505a72e,normal,baseline,100,200,100,0,100,0,13737.3,98934.7,104266.5,153652.80000000005,13600.0,14007.5,14505.0
D2,results/d2_formal/r1/boot_03/batch_20260914T160238.758659Z_9a46a06e.json.gz,20260914T160238.758659Z_9a46a06e,fd7e85ef-6a6d-4480-abca-1596c505a72e,normal,cpu,100,200,100,0,100,0,13653.2,98014.1,112223.5,139791.00000000003,13442.7,14313.0,16765.4
D2,results/d2_formal/r1/boot_03/batch_20260914T160246.376026Z_98ca0bf3.json.gz,20260914T160246.376026Z_98ca0bf3,fd7e85ef-6a6d-4480-abca-1596c505a72e,normal,memory,100,200,100,0,100,0,13494.8,97306.4,99119.5,135840.00000000003,13415.0,13734.0,14136.1
D2,results/d2_formal/r1/boot_03/batch_20260914T160259.619321Z_4bd3999f.json.gz,20260914T160259.619321Z_4bd3999f,fd7e85ef-6a6d-4480-abca-1596c505a72e,normal,cpu,100,200,100,0,100,0,13579.9,100478.9,119430.5,191237.80000000002,13436.7,15481.0,16875.000000000004
D2,results/d2_formal/r1/boot_03/batch_20260914T160312.844263Z_a8b6b4b8.json.gz,20260914T160312.844263Z_a8b6b4b8,fd7e85ef-6a6d-4480-abca-1596c505a72e,normal,mixed,100,200,100,0,100,0,14102.7,102821.2,124657.0,167865.7000000001,13623.3,15864.0,16979.2
D2,results/d2_formal/r1/boot_03/batch_20260914T160319.401516Z_ca9d8da0.json.gz,20260914T160319.401516Z_ca9d8da0,fd7e85ef-6a6d-4480-abca-1596c505a72e,normal,baseline,100,200,100,0,100,0,13748.8,99234.6,126190.5,154075.00000000003,13598.8,14056.0,14616.300000000001
D2,results/d2_formal/r1/boot_03/batch_20260914T160332.642037Z_87e67c42.json.gz,20260914T160332.642037Z_87e67c42,fd7e85ef-6a6d-4480-abca-1596c505a72e,rootkit,mixed,100,100,100,100,0,0,37977.8,37977.8,43655.5,64214.80000000003,nan,nan,nan
D2,results/d2_formal/r1/boot_03/batch_20260914T160345.722546Z_373e041a.json.gz,20260914T160345.722546Z_373e041a,fd7e85ef-6a6d-4480-abca-1596c505a72e,rootkit,cpu,100,100,100,100,0,0,37846.9,37846.9,44258.0,64034.80000000001,nan,nan,nan
D2,results/d2_formal/r1/boot_03/batch_20260914T160352.410522Z_b5bd476c.json.gz,20260914T160352.410522Z_b5bd476c,fd7e85ef-6a6d-4480-abca-1596c505a72e,rootkit,baseline,100,100,100,100,0,0,36917.9,36917.9,39757.5,69532.8,nan,nan,nan
D2,results/d2_formal/r1/boot_03/batch_20260914T160400.016822Z_cecb94b1.json.gz,20260914T160400.016822Z_cecb94b1,fd7e85ef-6a6d-4480-abca-1596c505a72e,rootkit,memory,100,100,100,100,0,0,36702.5,36702.5,37924.0,41128.60000000001,nan,nan,nan
D2,results/d2_formal/r1/boot_03/batch_20260914T160413.212568Z_72d5d862.json.gz,20260914T160413.212568Z_72d5d862,fd7e85ef-6a6d-4480-abca-1596c505a72e,rootkit,mixed,100,100,100,100,0,0,38897.9,38897.9,54418.0,75246.3,nan,nan,nan
D2,results/d2_formal/r1/boot_03/batch_20260914T160420.859252Z_82d90de4.json.gz,20260914T160420.859252Z_82d90de4,fd7e85ef-6a6d-4480-abca-1596c505a72e,rootkit,memory,100,100,100,100,0,0,37299.9,37299.9,38885.0,55613.90000000005,nan,nan,nan
D2,results/d2_formal/r1/boot_03/batch_20260914T160427.420546Z_6e21f470.json.gz,20260914T160427.420546Z_6e21f470,fd7e85ef-6a6d-4480-abca-1596c505a72e,rootkit,baseline,100,100,100,100,0,0,38325.4,38325.4,63683.0,68956.5,nan,nan,nan
D2,results/d2_formal/r1/boot_03/batch_20260914T160440.431510Z_aac9158c.json.gz,20260914T160440.431510Z_aac9158c,fd7e85ef-6a6d-4480-abca-1596c505a72e,rootkit,cpu,100,100,100,100,0,0,37409.3,37409.3,47533.5,66914.9,nan,nan,nan
D2,results/d2_formal/r1/boot_03/batch_20260914T160454.047367Z_97e0547f.json.gz,20260914T160454.047367Z_97e0547f,fd7e85ef-6a6d-4480-abca-1596c505a72e,normal,mixed,100,200,100,0,100,0,13601.3,99284.4,111236.5,153953.60000000003,13442.0,14337.5,16452.600000000002
D2,results/d2_formal/r1/boot_03/batch_20260914T160501.731383Z_794306dc.json.gz,20260914T160501.731383Z_794306dc,fd7e85ef-6a6d-4480-abca-1596c505a72e,normal,memory,100,200,100,0,100,0,13490.2,96767.0,98929.0,131416.30000000002,13409.6,13752.0,14288.7
D2,results/d2_formal/r1/boot_03/batch_20260914T160508.442245Z_0926fb7c.json.gz,20260914T160508.442245Z_0926fb7c,fd7e85ef-6a6d-4480-abca-1596c505a72e,normal,baseline,100,200,100,0,100,0,13563.4,96697.9,100289.0,141607.90000000005,13455.1,13908.0,14322.5
D2,results/d2_formal/r1/boot_03/batch_20260914T160521.576625Z_f2c32ddd.json.gz,20260914T160521.576625Z_f2c32ddd,fd7e85ef-6a6d-4480-abca-1596c505a72e,normal,cpu,100,200,100,0,100,0,13515.3,97837.2,112394.5,144277.90000000005,13417.9,14149.5,16289.5
D2,results/d2_formal/r1/boot_03/batch_20260914T160528.221831Z_40a89574.json.gz,20260914T160528.221831Z_40a89574,fd7e85ef-6a6d-4480-abca-1596c505a72e,normal,baseline,100,200,100,0,100,0,13575.0,97710.8,101386.5,137636.30000000002,13442.2,13916.5,14409.9
D2,results/d2_formal/r1/boot_03/batch_20260914T160541.327421Z_86ddc542.json.gz,20260914T160541.327421Z_86ddc542,fd7e85ef-6a6d-4480-abca-1596c505a72e,normal,mixed,100,200,100,0,100,0,13585.4,100323.6,110065.0,158118.40000000002,13485.6,14147.0,16749.400000000005
D2,results/d2_formal/r1/boot_03/batch_20260914T160554.478215Z_b1f6de20.json.gz,20260914T160554.478215Z_b1f6de20,fd7e85ef-6a6d-4480-abca-1596c505a72e,normal,cpu,100,200,100,0,100,0,13598.2,99667.8,114879.5,158028.40000000002,13445.5,15487.5,16284.5
D2,results/d2_formal/r1/boot_03/batch_20260914T160602.050643Z_1299c408.json.gz,20260914T160602.050643Z_1299c408,fd7e85ef-6a6d-4480-abca-1596c505a72e,normal,memory,100,200,100,0,100,0,13500.7,96495.2,98433.5,120608.2,13379.9,13778.0,14354.1
D2,results/d2_formal/r1/boot_03/batch_20260914T160608.792749Z_3bdeffd6.json.gz,20260914T160608.792749Z_3bdeffd6,fd7e85ef-6a6d-4480-abca-1596c505a72e,rootkit,baseline,100,100,100,100,0,0,37835.3,37835.3,53291.0,67557.40000000001,nan,nan,nan
D2,results/d2_formal/r1/boot_03/batch_20260914T160621.982664Z_2caec23a.json.gz,20260914T160621.982664Z_2caec23a,fd7e85ef-6a6d-4480-abca-1596c505a72e,rootkit,mixed,100,100,100,100,0,0,38876.4,38876.4,56716.5,82020.40000000001,nan,nan,nan
D2,results/d2_formal/r1/boot_03/batch_20260914T160629.593805Z_6dbf809c.json.gz,20260914T160629.593805Z_6dbf809c,fd7e85ef-6a6d-4480-abca-1596c505a72e,rootkit,memory,100,100,100,100,0,0,36790.5,36790.5,39124.0,54490.10000000001,nan,nan,nan
D2,results/d2_formal/r1/boot_03/batch_20260914T160642.735777Z_fcc2271a.json.gz,20260914T160642.735777Z_fcc2271a,fd7e85ef-6a6d-4480-abca-1596c505a72e,rootkit,cpu,100,100,100,100,0,0,38639.2,38639.2,50258.5,69562.70000000001,nan,nan,nan
D2,results/d2_formal/r1/boot_03/batch_20260914T160649.801590Z_9d2f3ab4.json.gz,20260914T160649.801590Z_9d2f3ab4,fd7e85ef-6a6d-4480-abca-1596c505a72e,normal,baseline,100,200,100,0,100,0,13492.6,97359.1,100530.0,140610.30000000002,13376.3,13843.0,14477.5
D2,results/d2_formal/r1/boot_03/batch_20260914T160703.201666Z_66af197b.json.gz,20260914T160703.201666Z_66af197b,fd7e85ef-6a6d-4480-abca-1596c505a72e,normal,cpu,100,200,100,0,100,0,13695.8,99675.7,119848.5,158835.00000000003,13471.9,15742.5,17131.600000000002
D2,results/d2_formal/r1/boot_03/batch_20260914T160716.434044Z_7e545b76.json.gz,20260914T160716.434044Z_7e545b76,fd7e85ef-6a6d-4480-abca-1596c505a72e,normal,mixed,100,200,100,0,100,0,14110.0,101005.6,125257.5,152676.00000000006,13715.4,15868.0,17138.1
D2,results/d2_formal/r1/boot_03/batch_20260914T160724.037671Z_8ffcc940.json.gz,20260914T160724.037671Z_8ffcc940,fd7e85ef-6a6d-4480-abca-1596c505a72e,normal,memory,100,200,100,0,100,0,13590.0,97159.4,99374.5,135528.30000000002,13499.6,13825.0,14434.0
D2,results/d2_formal/r1/boot_03/batch_20260914T160730.795889Z_491165c2.json.gz,20260914T160730.795889Z_491165c2,fd7e85ef-6a6d-4480-abca-1596c505a72e,rootkit,baseline,100,100,100,100,0,0,38128.0,38128.0,63668.5,70125.70000000003,nan,nan,nan
D2,results/d2_formal/r1/boot_03/batch_20260914T160738.466573Z_0b46b4a2.json.gz,20260914T160738.466573Z_0b46b4a2,fd7e85ef-6a6d-4480-abca-1596c505a72e,rootkit,memory,100,100,100,100,0,0,37046.3,37046.3,38333.5,65120.8,nan,nan,nan
D2,results/d2_formal/r1/boot_03/batch_20260914T160751.596458Z_663f824d.json.gz,20260914T160751.596458Z_663f824d,fd7e85ef-6a6d-4480-abca-1596c505a72e,rootkit,cpu,100,100,100,100,0,0,38910.7,38910.7,50291.0,71885.40000000001,nan,nan,nan
D2,results/d2_formal/r1/boot_03/batch_20260914T160804.701396Z_d04ef38a.json.gz,20260914T160804.701396Z_d04ef38a,fd7e85ef-6a6d-4480-abca-1596c505a72e,rootkit,mixed,100,100,100,100,0,0,39825.2,39825.2,48237.0,70864.70000000001,nan,nan,nan
D2,results/d2_formal/r1/boot_04/batch_20260914T160834.949108Z_2745cb6a.json.gz,20260914T160834.949108Z_2745cb6a,528c526d-4dd2-47ae-8cc5-3db3c161e654,normal,cpu,100,200,100,0,100,0,13730.3,100517.2,115833.0,144265.70000000004,13567.0,14368.0,16858.3
D2,results/d2_formal/r1/boot_04/batch_20260914T160848.113858Z_5ec3d681.json.gz,20260914T160848.113858Z_5ec3d681,528c526d-4dd2-47ae-8cc5-3db3c161e654,normal,mixed,100,200,100,0,100,0,13582.6,98200.3,104987.5,139941.2,13486.9,14131.5,16473.0
D2,results/d2_formal/r1/boot_04/batch_20260914T160855.804167Z_ea72a0cf.json.gz,20260914T160855.804167Z_ea72a0cf,528c526d-4dd2-47ae-8cc5-3db3c161e654,normal,memory,100,200,100,0,100,0,13572.9,96502.7,100200.0,145833.40000000008,13443.5,13865.0,16111.2
D2,results/d2_formal/r1/boot_04/batch_20260914T160902.371413Z_38f7ad02.json.gz,20260914T160902.371413Z_38f7ad02,528c526d-4dd2-47ae-8cc5-3db3c161e654,normal,baseline,100,200,100,0,100,0,13767.5,98271.2,123269.0,149665.6,13657.6,14025.5,14717.6
D2,results/d2_formal/r1/boot_04/batch_20260914T160910.158543Z_c2f20575.json.gz,20260914T160910.158543Z_c2f20575,528c526d-4dd2-47ae-8cc5-3db3c161e654,rootkit,memory,100,100,100,100,0,0,36636.9,36636.9,38098.5,56601.10000000004,nan,nan,nan
D2,results/d2_formal/r1/boot_04/batch_20260914T160916.736352Z_305f9011.json.gz,20260914T160916.736352Z_305f9011,528c526d-4dd2-47ae-8cc5-3db3c161e654,rootkit,baseline,100,100,100,100,0,0,37751.6,37751.6,63160.5,70554.20000000004,nan,nan,nan
D2,results/d2_formal/r1/boot_04/batch_20260914T160929.941584Z_6c66a7b9.json.gz,20260914T160929.941584Z_6c66a7b9,528c526d-4dd2-47ae-8cc5-3db3c161e654,rootkit,mixed,100,100,100,100,0,0,37382.4,37382.4,49297.5,68030.20000000003,nan,nan,nan
D2,results/d2_formal/r1/boot_04/batch_20260914T160943.026132Z_28f93985.json.gz,20260914T160943.026132Z_28f93985,528c526d-4dd2-47ae-8cc5-3db3c161e654,rootkit,cpu,100,100,100,100,0,0,36821.4,36821.4,46405.5,68228.40000000001,nan,nan,nan
D2,results/d2_formal/r1/boot_04/batch_20260914T160956.244861Z_af650401.json.gz,20260914T160956.244861Z_af650401,528c526d-4dd2-47ae-8cc5-3db3c161e654,rootkit,cpu,100,100,100,100,0,0,40688.0,40688.0,52830.5,74962.90000000001,nan,nan,nan
D2,results/d2_formal/r1/boot_04/batch_20260914T161009.608519Z_40346dd7.json.gz,20260914T161009.608519Z_40346dd7,528c526d-4dd2-47ae-8cc5-3db3c161e654,rootkit,mixed,100,100,100,100,0,0,38578.9,38578.9,52096.5,96002.2000000001,nan,nan,nan
D2,results/d2_formal/r1/boot_04/batch_20260914T161016.148849Z_dd4c8476.json.gz,20260914T161016.148849Z_dd4c8476,528c526d-4dd2-47ae-8cc5-3db3c161e654,rootkit,baseline,100,100,100,100,0,0,36307.6,36307.6,38201.5,66704.90000000001,nan,nan,nan
D2,results/d2_formal/r1/boot_04/batch_20260914T161023.752321Z_3d402287.json.gz,20260914T161023.752321Z_3d402287,528c526d-4dd2-47ae-8cc5-3db3c161e654,rootkit,memory,100,100,100,100,0,0,36440.9,36440.9,38107.5,64853.400000000016,nan,nan,nan
D2,results/d2_formal/r1/boot_04/batch_20260914T161037.582290Z_6c7b8570.json.gz,20260914T161037.582290Z_6c7b8570,528c526d-4dd2-47ae-8cc5-3db3c161e654,normal,cpu,100,200,100,0,100,0,13597.8,99169.4,121673.5,157574.2,13455.3,15967.0,17299.5
D2,results/d2_formal/r1/boot_04/batch_20260914T161045.185755Z_680e4d88.json.gz,20260914T161045.185755Z_680e4d88,528c526d-4dd2-47ae-8cc5-3db3c161e654,normal,memory,100,200,100,0,100,0,13507.6,96594.4,99149.0,125982.10000000002,13413.9,13776.0,14672.600000000002
D2,results/d2_formal/r1/boot_04/batch_20260914T161058.408493Z_aa565431.json.gz,20260914T161058.408493Z_aa565431,528c526d-4dd2-47ae-8cc5-3db3c161e654,normal,mixed,100,200,100,0,100,0,13783.9,100091.3,117131.5,161487.10000000003,13616.2,15797.0,16941.500000000004
D2,results/d2_formal/r1/boot_04/batch_20260914T161105.053303Z_4f585e38.json.gz,20260914T161105.053303Z_4f585e38,528c526d-4dd2-47ae-8cc5-3db3c161e654,normal,baseline,100,200,100,0,100,0,13716.3,97093.4,102667.0,137428.8,13623.6,13978.0,14600.7
D2,results/d2_formal/r1/boot_04/batch_20260914T161112.899122Z_ef14d33b.json.gz,20260914T161112.899122Z_ef14d33b,528c526d-4dd2-47ae-8cc5-3db3c161e654,rootkit,memory,100,100,100,100,0,0,35955.6,35955.6,37267.0,41522.20000000004,nan,nan,nan
D2,results/d2_formal/r1/boot_04/batch_20260914T161126.025553Z_da594ce2.json.gz,20260914T161126.025553Z_da594ce2,528c526d-4dd2-47ae-8cc5-3db3c161e654,rootkit,mixed,100,100,100,100,0,0,39604.5,39604.5,49535.5,86599.80000000005,nan,nan,nan
D2,results/d2_formal/r1/boot_04/batch_20260914T161132.558210Z_40a66360.json.gz,20260914T161132.558210Z_40a66360,528c526d-4dd2-47ae-8cc5-3db3c161e654,rootkit,baseline,100,100,100,100,0,0,36613.1,36613.1,39351.0,66925.90000000001,nan,nan,nan
D2,results/d2_formal/r1/boot_04/batch_20260914T161145.703651Z_34b630ee.json.gz,20260914T161145.703651Z_34b630ee,528c526d-4dd2-47ae-8cc5-3db3c161e654,rootkit,cpu,100,100,100,100,0,0,37396.8,37396.8,50225.5,80661.20000000006,nan,nan,nan
D2,results/d2_formal/r1/boot_04/batch_20260914T161153.721719Z_240b854d.json.gz,20260914T161153.721719Z_240b854d,528c526d-4dd2-47ae-8cc5-3db3c161e654,normal,memory,100,200,100,0,100,0,13520.3,96948.0,99287.0,125148.4,13419.2,13716.5,14181.7
D2,results/d2_formal/r1/boot_04/batch_20260914T161200.321743Z_c3818129.json.gz,20260914T161200.321743Z_c3818129,528c526d-4dd2-47ae-8cc5-3db3c161e654,normal,baseline,100,200,100,0,100,0,13658.3,97788.7,120667.5,153452.40000000002,13574.5,13968.5,14500.2
D2,results/d2_formal/r1/boot_04/batch_20260914T161213.546636Z_cc99a2a2.json.gz,20260914T161213.546636Z_cc99a2a2,528c526d-4dd2-47ae-8cc5-3db3c161e654,normal,cpu,100,200,100,0,100,0,13625.5,96859.6,112499.5,145408.7,13505.5,15058.0,17372.7
D2,results/d2_formal/r1/boot_04/batch_20260914T161226.760165Z_7d6331aa.json.gz,20260914T161226.760165Z_7d6331aa,528c526d-4dd2-47ae-8cc5-3db3c161e654,normal,mixed,100,200,100,0,100,0,13652.2,99017.7,116991.0,135727.9,13400.3,15630.5,16874.500000000004
D2,results/d2_formal/r1/boot_04/batch_20260914T161234.516898Z_bfacb586.json.gz,20260914T161234.516898Z_bfacb586,528c526d-4dd2-47ae-8cc5-3db3c161e654,rootkit,memory,100,100,100,100,0,0,36353.3,36353.3,37592.0,61148.3,nan,nan,nan
D2,results/d2_formal/r1/boot_04/batch_20260914T161247.598807Z_039e41ce.json.gz,20260914T161247.598807Z_039e41ce,528c526d-4dd2-47ae-8cc5-3db3c161e654,rootkit,cpu,100,100,100,100,0,0,36815.8,36815.8,46315.0,64339.400000000016,nan,nan,nan
D2,results/d2_formal/r1/boot_04/batch_20260914T161254.174561Z_598264a5.json.gz,20260914T161254.174561Z_598264a5,528c526d-4dd2-47ae-8cc5-3db3c161e654,rootkit,baseline,100,100,100,100,0,0,36525.9,36525.9,39758.5,84083.70000000001,nan,nan,nan
D2,results/d2_formal/r1/boot_04/batch_20260914T161307.500722Z_b27aa2f9.json.gz,20260914T161307.500722Z_b27aa2f9,528c526d-4dd2-47ae-8cc5-3db3c161e654,rootkit,mixed,100,100,100,100,0,0,40500.6,40500.6,50974.5,68524.2,nan,nan,nan
D2,results/d2_formal/r1/boot_04/batch_20260914T161315.639790Z_cfabbd74.json.gz,20260914T161315.639790Z_cfabbd74,528c526d-4dd2-47ae-8cc5-3db3c161e654,normal,memory,100,200,100,0,100,0,13468.4,96581.0,98607.5,125662.90000000005,13359.9,13758.0,14288.2
D2,results/d2_formal/r1/boot_04/batch_20260914T161328.800874Z_f5161a5c.json.gz,20260914T161328.800874Z_f5161a5c,528c526d-4dd2-47ae-8cc5-3db3c161e654,normal,mixed,100,200,100,0,100,0,13689.9,101682.1,114118.5,192186.0,13516.7,14334.5,16833.4
D2,results/d2_formal/r1/boot_04/batch_20260914T161342.060415Z_8bfefa87.json.gz,20260914T161342.060415Z_8bfefa87,528c526d-4dd2-47ae-8cc5-3db3c161e654,normal,cpu,100,200,100,0,100,0,13595.5,97525.6,118647.5,151602.70000000004,13472.2,15737.0,16823.3
D2,results/d2_formal/r1/boot_04/batch_20260914T161348.690629Z_ddac0069.json.gz,20260914T161348.690629Z_ddac0069,528c526d-4dd2-47ae-8cc5-3db3c161e654,normal,baseline,100,200,100,0,100,0,13746.1,97746.7,124714.0,150151.10000000003,13536.0,14021.5,14394.6
D2,results/d2_formal/r1/boot_04/batch_20260914T161401.948011Z_0cddb6ec.json.gz,20260914T161401.948011Z_0cddb6ec,528c526d-4dd2-47ae-8cc5-3db3c161e654,rootkit,mixed,100,100,100,100,0,0,37958.3,37958.3,46568.5,69802.40000000001,nan,nan,nan
D2,results/d2_formal/r1/boot_04/batch_20260914T161415.051437Z_753522ff.json.gz,20260914T161415.051437Z_753522ff,528c526d-4dd2-47ae-8cc5-3db3c161e654,rootkit,cpu,100,100,100,100,0,0,37372.4,37372.4,49313.5,76430.20000000001,nan,nan,nan
D2,results/d2_formal/r1/boot_04/batch_20260914T161422.695358Z_48d88ec2.json.gz,20260914T161422.695358Z_48d88ec2,528c526d-4dd2-47ae-8cc5-3db3c161e654,rootkit,memory,100,100,100,100,0,0,36422.6,36422.6,37485.5,55591.20000000003,nan,nan,nan
D2,results/d2_formal/r1/boot_04/batch_20260914T161429.277962Z_576b8eac.json.gz,20260914T161429.277962Z_576b8eac,528c526d-4dd2-47ae-8cc5-3db3c161e654,rootkit,baseline,100,100,100,100,0,0,36298.0,36298.0,38447.5,65596.1,nan,nan,nan
D2,results/d2_formal/r1/boot_04/batch_20260914T161442.940778Z_387bafc9.json.gz,20260914T161442.940778Z_387bafc9,528c526d-4dd2-47ae-8cc5-3db3c161e654,normal,mixed,100,200,100,0,100,0,13581.8,99293.2,116268.5,141606.0,13484.3,15469.0,16972.100000000006
D2,results/d2_formal/r1/boot_04/batch_20260914T161449.552559Z_b0e8fd72.json.gz,20260914T161449.552559Z_b0e8fd72,528c526d-4dd2-47ae-8cc5-3db3c161e654,normal,baseline,100,200,100,0,100,0,13750.0,97453.0,123435.0,152237.70000000004,13619.3,14053.5,14833.7
D2,results/d2_formal/r1/boot_04/batch_20260914T161502.832188Z_ff852b4a.json.gz,20260914T161502.832188Z_ff852b4a,528c526d-4dd2-47ae-8cc5-3db3c161e654,normal,cpu,100,200,100,0,100,0,13450.9,97564.3,114710.5,143939.5000000001,13380.1,15464.0,17031.7
D2,results/d2_formal/r1/boot_04/batch_20260914T161510.360424Z_2cac7447.json.gz,20260914T161510.360424Z_2cac7447,528c526d-4dd2-47ae-8cc5-3db3c161e654,normal,memory,100,200,100,0,100,0,13523.2,96511.6,98076.0,125233.6,13417.4,13741.0,14249.3
D2,results/d2_formal/r1/boot_04/batch_20260914T161517.123360Z_cfcf312f.json.gz,20260914T161517.123360Z_cfcf312f,528c526d-4dd2-47ae-8cc5-3db3c161e654,rootkit,baseline,100,100,100,100,0,0,37108.3,37108.3,40405.0,67968.5,nan,nan,nan
D2,results/d2_formal/r1/boot_04/batch_20260914T161524.724999Z_5a66ebaf.json.gz,20260914T161524.724999Z_5a66ebaf,528c526d-4dd2-47ae-8cc5-3db3c161e654,rootkit,memory,100,100,100,100,0,0,36358.8,36358.8,37850.0,53922.500000000015,nan,nan,nan
D2,results/d2_formal/r1/boot_04/batch_20260914T161537.887187Z_e95f7955.json.gz,20260914T161537.887187Z_e95f7955,528c526d-4dd2-47ae-8cc5-3db3c161e654,rootkit,cpu,100,100,100,100,0,0,38316.7,38316.7,52236.5,79750.90000000001,nan,nan,nan
D2,results/d2_formal/r1/boot_04/batch_20260914T161550.941381Z_be6a359e.json.gz,20260914T161550.941381Z_be6a359e,528c526d-4dd2-47ae-8cc5-3db3c161e654,rootkit,mixed,100,100,100,100,0,0,37719.8,37719.8,42726.0,62552.40000000001,nan,nan,nan
D2,results/d2_formal/r1/boot_04/batch_20260914T161558.974173Z_07101ac8.json.gz,20260914T161558.974173Z_07101ac8,528c526d-4dd2-47ae-8cc5-3db3c161e654,normal,memory,100,200,100,0,100,0,13542.9,97001.7,99170.0,134560.50000000003,13448.2,13801.0,14421.5
D2,results/d2_formal/r1/boot_04/batch_20260914T161605.594661Z_78e55806.json.gz,20260914T161605.594661Z_78e55806,528c526d-4dd2-47ae-8cc5-3db3c161e654,normal,baseline,100,200,100,0,100,0,13601.0,97030.9,121440.5,148853.2,13500.8,13969.0,14523.5
D2,results/d2_formal/r1/boot_04/batch_20260914T161618.777353Z_6824341e.json.gz,20260914T161618.777353Z_6824341e,528c526d-4dd2-47ae-8cc5-3db3c161e654,normal,cpu,100,200,100,0,100,0,13662.0,99128.5,114305.5,147174.60000000006,13567.9,15031.5,16950.4
D2,results/d2_formal/r1/boot_04/batch_20260914T161631.957769Z_c98bdfa4.json.gz,20260914T161631.957769Z_c98bdfa4,528c526d-4dd2-47ae-8cc5-3db3c161e654,normal,mixed,100,200,100,0,100,0,13655.2,98260.4,117183.0,150760.60000000006,13508.9,15795.0,17176.100000000006
D2,results/d2_formal/r1/boot_04/batch_20260914T161645.320289Z_47d897c4.json.gz,20260914T161645.320289Z_47d897c4,528c526d-4dd2-47ae-8cc5-3db3c161e654,rootkit,cpu,100,100,100,100,0,0,38149.0,38149.0,50688.5,72291.1,nan,nan,nan
D2,results/d2_formal/r1/boot_04/batch_20260914T161652.948463Z_2a0022f6.json.gz,20260914T161652.948463Z_2a0022f6,528c526d-4dd2-47ae-8cc5-3db3c161e654,rootkit,memory,100,100,100,100,0,0,36627.6,36627.6,38700.5,51223.00000000006,nan,nan,nan
D2,results/d2_formal/r1/boot_04/batch_20260914T161659.582255Z_eba642bb.json.gz,20260914T161659.582255Z_eba642bb,528c526d-4dd2-47ae-8cc5-3db3c161e654,rootkit,baseline,100,100,100,100,0,0,36528.5,36528.5,39246.0,67630.1,nan,nan,nan
D2,results/d2_formal/r1/boot_04/batch_20260914T161712.721767Z_30d357c4.json.gz,20260914T161712.721767Z_30d357c4,528c526d-4dd2-47ae-8cc5-3db3c161e654,rootkit,mixed,100,100,100,100,0,0,39064.3,39064.3,51857.0,75006.10000000005,nan,nan,nan
D2,results/d2_formal/r1/boot_04/batch_20260914T161726.394379Z_5f8655c9.json.gz,20260914T161726.394379Z_5f8655c9,528c526d-4dd2-47ae-8cc5-3db3c161e654,normal,cpu,100,200,100,0,100,0,13496.1,96825.0,105367.5,151914.30000000002,13326.8,13996.0,16382.9
D2,results/d2_formal/r1/boot_04/batch_20260914T161734.012618Z_1136c1b5.json.gz,20260914T161734.012618Z_1136c1b5,528c526d-4dd2-47ae-8cc5-3db3c161e654,normal,memory,100,200,100,0,100,0,13488.5,95887.9,98209.5,126158.80000000002,13348.2,13743.0,14305.0
D2,results/d2_formal/r1/boot_04/batch_20260914T161740.685875Z_0ca0acf0.json.gz,20260914T161740.685875Z_0ca0acf0,528c526d-4dd2-47ae-8cc5-3db3c161e654,normal,baseline,100,200,100,0,100,0,13645.6,97497.6,106754.5,137865.5,13474.6,13951.0,14404.800000000001
D2,results/d2_formal/r1/boot_04/batch_20260914T161754.011564Z_66acdf7a.json.gz,20260914T161754.011564Z_66acdf7a,528c526d-4dd2-47ae-8cc5-3db3c161e654,normal,mixed,100,200,100,0,100,0,14120.3,103027.3,124078.5,147648.7,13641.1,15897.0,16871.2
D2,results/d2_formal/r1/boot_04/batch_20260914T161801.740289Z_7659da9b.json.gz,20260914T161801.740289Z_7659da9b,528c526d-4dd2-47ae-8cc5-3db3c161e654,rootkit,memory,100,100,100,100,0,0,36677.4,36677.4,38047.5,43934.000000000015,nan,nan,nan
D2,results/d2_formal/r1/boot_04/batch_20260914T161814.844823Z_46c48b98.json.gz,20260914T161814.844823Z_46c48b98,528c526d-4dd2-47ae-8cc5-3db3c161e654,rootkit,cpu,100,100,100,100,0,0,37329.4,37329.4,48092.0,69313.80000000002,nan,nan,nan
D2,results/d2_formal/r1/boot_04/batch_20260914T161821.428094Z_043ea562.json.gz,20260914T161821.428094Z_043ea562,528c526d-4dd2-47ae-8cc5-3db3c161e654,rootkit,baseline,100,100,100,100,0,0,36751.1,36751.1,38800.5,68429.70000000003,nan,nan,nan
D2,results/d2_formal/r1/boot_04/batch_20260914T161834.593063Z_363df911.json.gz,20260914T161834.593063Z_363df911,528c526d-4dd2-47ae-8cc5-3db3c161e654,rootkit,mixed,100,100,100,100,0,0,38441.2,38441.2,44256.5,70456.9,nan,nan,nan
D2,results/d2_formal/r1/boot_04/batch_20260914T161848.319414Z_610c35b6.json.gz,20260914T161848.319414Z_610c35b6,528c526d-4dd2-47ae-8cc5-3db3c161e654,normal,mixed,100,200,100,0,100,0,13931.1,101050.0,124540.5,158252.10000000006,13586.2,15975.0,17056.100000000002
D2,results/d2_formal/r1/boot_04/batch_20260914T161901.456468Z_96755868.json.gz,20260914T161901.456468Z_96755868,528c526d-4dd2-47ae-8cc5-3db3c161e654,normal,cpu,100,200,100,0,100,0,13607.9,97099.4,115050.5,166816.30000000008,13449.4,15377.5,16937.9
D2,results/d2_formal/r1/boot_04/batch_20260914T161909.052837Z_8f6d4484.json.gz,20260914T161909.052837Z_8f6d4484,528c526d-4dd2-47ae-8cc5-3db3c161e654,normal,memory,100,200,100,0,100,0,13446.4,96033.3,97975.5,118523.40000000001,13372.4,13713.0,14237.3
D2,results/d2_formal/r1/boot_04/batch_20260914T161915.702088Z_98fd27cb.json.gz,20260914T161915.702088Z_98fd27cb,528c526d-4dd2-47ae-8cc5-3db3c161e654,normal,baseline,100,200,100,0,100,0,13788.4,99557.5,125040.0,151021.40000000002,13599.8,14075.5,14712.800000000001
D2,results/d2_formal/r1/boot_04/batch_20260914T161922.434088Z_f17717f0.json.gz,20260914T161922.434088Z_f17717f0,528c526d-4dd2-47ae-8cc5-3db3c161e654,rootkit,baseline,100,100,100,100,0,0,37195.7,37195.7,63380.0,72865.00000000001,nan,nan,nan
D2,results/d2_formal/r1/boot_04/batch_20260914T161935.564957Z_9fba9f4b.json.gz,20260914T161935.564957Z_9fba9f4b,528c526d-4dd2-47ae-8cc5-3db3c161e654,rootkit,mixed,100,100,100,100,0,0,38643.2,38643.2,47550.0,71648.6,nan,nan,nan
D2,results/d2_formal/r1/boot_04/batch_20260914T161948.737179Z_64732d24.json.gz,20260914T161948.737179Z_64732d24,528c526d-4dd2-47ae-8cc5-3db3c161e654,rootkit,cpu,100,100,100,100,0,0,37401.8,37401.8,47714.0,67741.20000000001,nan,nan,nan
D2,results/d2_formal/r1/boot_04/batch_20260914T161956.375206Z_6583366c.json.gz,20260914T161956.375206Z_6583366c,528c526d-4dd2-47ae-8cc5-3db3c161e654,rootkit,memory,100,100,100,100,0,0,36653.3,36653.3,38053.0,43355.80000000008,nan,nan,nan
D2,results/d2_formal/r1/boot_04/batch_20260914T162004.410418Z_1c16447b.json.gz,20260914T162004.410418Z_1c16447b,528c526d-4dd2-47ae-8cc5-3db3c161e654,normal,memory,100,200,100,0,100,0,13486.4,96519.5,98282.5,135995.00000000003,13339.2,13723.5,14263.0
D2,results/d2_formal/r1/boot_04/batch_20260914T162011.073035Z_9d6ab67f.json.gz,20260914T162011.073035Z_9d6ab67f,528c526d-4dd2-47ae-8cc5-3db3c161e654,normal,baseline,100,200,100,0,100,0,13609.0,97964.9,122757.0,143500.9,13486.8,13993.0,14627.4
D2,results/d2_formal/r1/boot_04/batch_20260914T162024.382704Z_b3c920a9.json.gz,20260914T162024.382704Z_b3c920a9,528c526d-4dd2-47ae-8cc5-3db3c161e654,normal,cpu,100,200,100,0,100,0,13679.7,100063.1,120295.5,146667.60000000003,13563.7,15803.0,16877.300000000007
D2,results/d2_formal/r1/boot_04/batch_20260914T162037.573838Z_95462a57.json.gz,20260914T162037.573838Z_95462a57,528c526d-4dd2-47ae-8cc5-3db3c161e654,normal,mixed,100,200,100,0,100,0,13581.4,100890.5,124655.0,170130.70000000007,13434.5,16026.0,17289.5
D2,results/d2_formal/r1/boot_04/batch_20260914T162050.766836Z_47a0de50.json.gz,20260914T162050.766836Z_47a0de50,528c526d-4dd2-47ae-8cc5-3db3c161e654,normal,cpu,100,200,100,0,100,0,13614.9,98974.9,110816.5,163608.3,13436.0,14208.5,16783.7
D2,results/d2_formal/r1/boot_04/batch_20260914T162057.422980Z_7676ce80.json.gz,20260914T162057.422980Z_7676ce80,528c526d-4dd2-47ae-8cc5-3db3c161e654,normal,baseline,100,200,100,0,100,0,13550.4,97030.3,99699.0,143806.6,13435.6,13902.5,14529.3
D2,results/d2_formal/r1/boot_04/batch_20260914T162105.089274Z_3fa643a0.json.gz,20260914T162105.089274Z_3fa643a0,528c526d-4dd2-47ae-8cc5-3db3c161e654,normal,memory,100,200,100,0,100,0,13575.0,96591.8,99061.0,126974.8,13425.0,13896.5,14755.400000000001
D2,results/d2_formal/r1/boot_04/batch_20260914T162118.290393Z_ad3fcadc.json.gz,20260914T162118.290393Z_ad3fcadc,528c526d-4dd2-47ae-8cc5-3db3c161e654,normal,mixed,100,200,100,0,100,0,13647.9,97730.8,105765.0,166715.8000000001,13473.0,14022.0,16537.600000000002
D2,results/d2_formal/r1/boot_04/batch_20260914T162125.016524Z_48054410.json.gz,20260914T162125.016524Z_48054410,528c526d-4dd2-47ae-8cc5-3db3c161e654,rootkit,baseline,100,100,100,100,0,0,37491.4,37491.4,60741.0,67379.2,nan,nan,nan
D2,results/d2_formal/r1/boot_04/batch_20260914T162132.668525Z_13d46b83.json.gz,20260914T162132.668525Z_13d46b83,528c526d-4dd2-47ae-8cc5-3db3c161e654,rootkit,memory,100,100,100,100,0,0,36706.6,36706.6,38590.0,66100.70000000001,nan,nan,nan
D2,results/d2_formal/r1/boot_04/batch_20260914T162145.802105Z_88e4ac7f.json.gz,20260914T162145.802105Z_88e4ac7f,528c526d-4dd2-47ae-8cc5-3db3c161e654,rootkit,cpu,100,100,100,100,0,0,40663.1,40663.1,49370.0,72857.90000000001,nan,nan,nan
D2,results/d2_formal/r1/boot_04/batch_20260914T162159.020399Z_b0f347fb.json.gz,20260914T162159.020399Z_b0f347fb,528c526d-4dd2-47ae-8cc5-3db3c161e654,rootkit,mixed,100,100,100,100,0,0,39157.3,39157.3,54205.5,72344.10000000002,nan,nan,nan
D2,results/d2_formal/r1/boot_04/batch_20260914T162212.337109Z_d78d5768.json.gz,20260914T162212.337109Z_d78d5768,528c526d-4dd2-47ae-8cc5-3db3c161e654,rootkit,cpu,100,100,100,100,0,0,38835.4,38835.4,48958.5,75592.10000000005,nan,nan,nan
D2,results/d2_formal/r1/boot_04/batch_20260914T162218.914157Z_16920060.json.gz,20260914T162218.914157Z_16920060,528c526d-4dd2-47ae-8cc5-3db3c161e654,rootkit,baseline,100,100,100,100,0,0,36120.7,36120.7,39129.5,67054.6,nan,nan,nan
D2,results/d2_formal/r1/boot_04/batch_20260914T162232.042066Z_952d0a8a.json.gz,20260914T162232.042066Z_952d0a8a,528c526d-4dd2-47ae-8cc5-3db3c161e654,rootkit,mixed,100,100,100,100,0,0,42629.8,42629.8,54490.0,71014.60000000002,nan,nan,nan
D2,results/d2_formal/r1/boot_04/batch_20260914T162239.605326Z_582fca29.json.gz,20260914T162239.605326Z_582fca29,528c526d-4dd2-47ae-8cc5-3db3c161e654,rootkit,memory,100,100,100,100,0,0,36642.5,36642.5,37768.0,54445.70000000005,nan,nan,nan
D2,results/d2_formal/r1/boot_04/batch_20260914T162246.711846Z_3e881b7f.json.gz,20260914T162246.711846Z_3e881b7f,528c526d-4dd2-47ae-8cc5-3db3c161e654,normal,baseline,100,200,100,0,100,0,13537.7,96930.5,101342.5,136926.2,13432.1,13876.5,14539.8
D2,results/d2_formal/r1/boot_04/batch_20260914T162254.357816Z_2cdf8eb0.json.gz,20260914T162254.357816Z_2cdf8eb0,528c526d-4dd2-47ae-8cc5-3db3c161e654,normal,memory,100,200,100,0,100,0,13491.7,97187.5,99136.0,137743.4,13465.4,13798.0,14345.300000000001
D2,results/d2_formal/r1/boot_04/batch_20260914T162307.626756Z_0484c267.json.gz,20260914T162307.626756Z_0484c267,528c526d-4dd2-47ae-8cc5-3db3c161e654,normal,mixed,100,200,100,0,100,0,13912.6,103592.3,125524.5,152625.90000000017,13511.7,15810.0,17877.4
D2,results/d2_formal/r1/boot_04/batch_20260914T162320.773882Z_0287a146.json.gz,20260914T162320.773882Z_0287a146,528c526d-4dd2-47ae-8cc5-3db3c161e654,normal,cpu,100,200,100,0,100,0,13594.5,96383.4,113735.5,134565.50000000003,13367.4,14337.5,16764.5
D2,results/d2_formal/r1/boot_04/batch_20260914T162333.973613Z_4b05dbdd.json.gz,20260914T162333.973613Z_4b05dbdd,528c526d-4dd2-47ae-8cc5-3db3c161e654,normal,cpu,100,200,100,0,100,0,13532.7,99772.8,121359.0,178208.90000000002,13421.9,15593.0,17113.3
D2,results/d2_formal/r1/boot_04/batch_20260914T162341.655423Z_73867de8.json.gz,20260914T162341.655423Z_73867de8,528c526d-4dd2-47ae-8cc5-3db3c161e654,normal,memory,100,200,100,0,100,0,13481.5,96256.2,98186.5,127737.70000000003,13408.8,13743.5,14295.4
D2,results/d2_formal/r1/boot_04/batch_20260914T162354.892726Z_1d2cb1ce.json.gz,20260914T162354.892726Z_1d2cb1ce,528c526d-4dd2-47ae-8cc5-3db3c161e654,normal,mixed,100,200,100,0,100,0,13693.0,99338.2,118399.5,160604.1,13537.8,15620.5,16641.4
D2,results/d2_formal/r1/boot_04/batch_20260914T162401.537800Z_d37215ef.json.gz,20260914T162401.537800Z_d37215ef,528c526d-4dd2-47ae-8cc5-3db3c161e654,normal,baseline,100,200,100,0,100,0,13659.2,98146.8,121365.0,147811.10000000015,13504.7,13999.5,14530.7
D2,results/d2_formal/r1/boot_04/batch_20260914T162414.846641Z_7272e70c.json.gz,20260914T162414.846641Z_7272e70c,528c526d-4dd2-47ae-8cc5-3db3c161e654,rootkit,cpu,100,100,100,100,0,0,37880.1,37880.1,48492.0,78131.1,nan,nan,nan
D2,results/d2_formal/r1/boot_04/batch_20260914T162428.066870Z_80249998.json.gz,20260914T162428.066870Z_80249998,528c526d-4dd2-47ae-8cc5-3db3c161e654,rootkit,mixed,100,100,100,100,0,0,41656.9,41656.9,57740.5,95058.9000000001,nan,nan,nan
D2,results/d2_formal/r1/boot_04/batch_20260914T162434.654480Z_4f1a345e.json.gz,20260914T162434.654480Z_4f1a345e,528c526d-4dd2-47ae-8cc5-3db3c161e654,rootkit,baseline,100,100,100,100,0,0,36579.5,36579.5,38930.5,67348.3,nan,nan,nan
D2,results/d2_formal/r1/boot_04/batch_20260914T162442.268356Z_76e1e644.json.gz,20260914T162442.268356Z_76e1e644,528c526d-4dd2-47ae-8cc5-3db3c161e654,rootkit,memory,100,100,100,100,0,0,36318.7,36318.7,37503.0,50945.400000000016,nan,nan,nan
D2,results/d2_formal/r1/boot_04/batch_20260914T162448.899859Z_1316f930.json.gz,20260914T162448.899859Z_1316f930,528c526d-4dd2-47ae-8cc5-3db3c161e654,rootkit,baseline,100,100,100,100,0,0,36798.4,36798.4,39432.5,68793.90000000001,nan,nan,nan
D2,results/d2_formal/r1/boot_04/batch_20260914T162502.043715Z_405d13cd.json.gz,20260914T162502.043715Z_405d13cd,528c526d-4dd2-47ae-8cc5-3db3c161e654,rootkit,cpu,100,100,100,100,0,0,37281.3,37281.3,52593.0,77652.8,nan,nan,nan
D2,results/d2_formal/r1/boot_04/batch_20260914T162509.710533Z_e0aebb87.json.gz,20260914T162509.710533Z_e0aebb87,528c526d-4dd2-47ae-8cc5-3db3c161e654,rootkit,memory,100,100,100,100,0,0,36599.0,36599.0,38400.5,74160.6,nan,nan,nan
D2,results/d2_formal/r1/boot_04/batch_20260914T162522.811327Z_1be473b8.json.gz,20260914T162522.811327Z_1be473b8,528c526d-4dd2-47ae-8cc5-3db3c161e654,rootkit,mixed,100,100,100,100,0,0,42527.3,42527.3,56377.5,74904.7,nan,nan,nan
D2,results/d2_formal/r1/boot_04/batch_20260914T162529.914915Z_dc19ea61.json.gz,20260914T162529.914915Z_dc19ea61,528c526d-4dd2-47ae-8cc5-3db3c161e654,normal,baseline,100,200,100,0,100,0,13574.7,97424.7,100371.0,136710.9,13432.0,13860.0,14564.8
D2,results/d2_formal/r1/boot_04/batch_20260914T162543.104240Z_caf315a3.json.gz,20260914T162543.104240Z_caf315a3,528c526d-4dd2-47ae-8cc5-3db3c161e654,normal,cpu,100,200,100,0,100,0,13639.5,98236.3,116321.0,148262.70000000004,13414.1,14304.0,17267.1
D2,results/d2_formal/r1/boot_04/batch_20260914T162556.301943Z_761c0be6.json.gz,20260914T162556.301943Z_761c0be6,528c526d-4dd2-47ae-8cc5-3db3c161e654,normal,mixed,100,200,100,0,100,0,13864.6,99744.5,122169.0,157998.40000000002,13654.9,15873.5,17100.600000000002
D2,results/d2_formal/r1/boot_04/batch_20260914T162603.909937Z_7226e364.json.gz,20260914T162603.909937Z_7226e364,528c526d-4dd2-47ae-8cc5-3db3c161e654,normal,memory,100,200,100,0,100,0,13511.9,96442.0,98868.0,133191.5,13437.1,13807.5,14263.2
D2,results/d2_formal/r1/boot_04/batch_20260914T162617.325345Z_52e8d9ec.json.gz,20260914T162617.325345Z_52e8d9ec,528c526d-4dd2-47ae-8cc5-3db3c161e654,rootkit,cpu,100,100,100,100,0,0,37134.1,37134.1,49146.0,69143.50000000001,nan,nan,nan
D2,results/d2_formal/r1/boot_04/batch_20260914T162630.547275Z_5852c94a.json.gz,20260914T162630.547275Z_5852c94a,528c526d-4dd2-47ae-8cc5-3db3c161e654,rootkit,mixed,100,100,100,100,0,0,39263.0,39263.0,54631.0,82835.6,nan,nan,nan
D2,results/d2_formal/r1/boot_04/batch_20260914T162637.079962Z_53fc748f.json.gz,20260914T162637.079962Z_53fc748f,528c526d-4dd2-47ae-8cc5-3db3c161e654,rootkit,baseline,100,100,100,100,0,0,36807.5,36807.5,39881.0,66242.4,nan,nan,nan
D2,results/d2_formal/r1/boot_04/batch_20260914T162644.726622Z_b9aba334.json.gz,20260914T162644.726622Z_b9aba334,528c526d-4dd2-47ae-8cc5-3db3c161e654,rootkit,memory,100,100,100,100,0,0,36756.1,36756.1,37802.0,50640.80000000002,nan,nan,nan
D2,results/d2_formal/r1/boot_04/batch_20260914T162658.439619Z_60b835a5.json.gz,20260914T162658.439619Z_60b835a5,528c526d-4dd2-47ae-8cc5-3db3c161e654,normal,cpu,100,200,100,0,100,0,13495.7,96806.8,114151.5,155295.20000000007,13378.7,14520.0,16877.2
D2,results/d2_formal/r1/boot_04/batch_20260914T162705.074154Z_ea82641c.json.gz,20260914T162705.074154Z_ea82641c,528c526d-4dd2-47ae-8cc5-3db3c161e654,normal,baseline,100,200,100,0,100,0,13740.8,98084.3,124506.0,149452.2,13624.3,14032.0,14512.5
D2,results/d2_formal/r1/boot_04/batch_20260914T162718.278640Z_31d4371c.json.gz,20260914T162718.278640Z_31d4371c,528c526d-4dd2-47ae-8cc5-3db3c161e654,normal,mixed,100,200,100,0,100,0,13732.1,100231.3,115215.0,150894.30000000013,13529.4,14545.0,16651.5
D2,results/d2_formal/r1/boot_04/batch_20260914T162725.849156Z_9c05d3ba.json.gz,20260914T162725.849156Z_9c05d3ba,528c526d-4dd2-47ae-8cc5-3db3c161e654,normal,memory,100,200,100,0,100,0,13452.7,96246.7,98112.5,129000.90000000002,13300.9,13698.0,14264.800000000001
D2,results/d2_formal/r1/boot_04/batch_20260914T162733.498341Z_0c86d650.json.gz,20260914T162733.498341Z_0c86d650,528c526d-4dd2-47ae-8cc5-3db3c161e654,normal,memory,100,200,100,0,100,0,13521.9,97006.9,99166.0,122026.90000000007,13374.0,13844.0,14309.7
D2,results/d2_formal/r1/boot_04/batch_20260914T162746.641196Z_b80c5093.json.gz,20260914T162746.641196Z_b80c5093,528c526d-4dd2-47ae-8cc5-3db3c161e654,normal,cpu,100,200,100,0,100,0,13660.0,97131.9,115403.5,167627.5,13437.7,15823.0,17738.500000000004
D2,results/d2_formal/r1/boot_04/batch_20260914T162759.898065Z_82a5f355.json.gz,20260914T162759.898065Z_82a5f355,528c526d-4dd2-47ae-8cc5-3db3c161e654,normal,mixed,100,200,100,0,100,0,13666.4,99091.4,120086.5,169340.3,13470.9,16123.0,17951.300000000003
D2,results/d2_formal/r1/boot_04/batch_20260914T162806.518173Z_e43070e2.json.gz,20260914T162806.518173Z_e43070e2,528c526d-4dd2-47ae-8cc5-3db3c161e654,normal,baseline,100,200,100,0,100,0,13607.8,97432.8,101417.0,133415.80000000005,13468.0,13941.5,14559.4
D2,results/d2_formal/r1/boot_04/batch_20260914T162819.783923Z_dfd191b9.json.gz,20260914T162819.783923Z_dfd191b9,528c526d-4dd2-47ae-8cc5-3db3c161e654,rootkit,cpu,100,100,100,100,0,0,38030.6,38030.6,47264.0,69711.8,nan,nan,nan
D2,results/d2_formal/r1/boot_04/batch_20260914T162826.340363Z_166ea012.json.gz,20260914T162826.340363Z_166ea012,528c526d-4dd2-47ae-8cc5-3db3c161e654,rootkit,baseline,100,100,100,100,0,0,36523.7,36523.7,38930.5,64877.600000000006,nan,nan,nan
D2,results/d2_formal/r1/boot_04/batch_20260914T162834.003652Z_a9eaeb1b.json.gz,20260914T162834.003652Z_a9eaeb1b,528c526d-4dd2-47ae-8cc5-3db3c161e654,rootkit,memory,100,100,100,100,0,0,36544.3,36544.3,39169.5,64525.700000000004,nan,nan,nan
D2,results/d2_formal/r1/boot_04/batch_20260914T162847.154766Z_23ef3963.json.gz,20260914T162847.154766Z_23ef3963,528c526d-4dd2-47ae-8cc5-3db3c161e654,rootkit,mixed,100,100,100,100,0,0,40236.1,40236.1,49197.5,67950.20000000001,nan,nan,nan
D2,results/d2_formal/r1/boot_04/batch_20260914T162900.231538Z_b62fa75c.json.gz,20260914T162900.231538Z_b62fa75c,528c526d-4dd2-47ae-8cc5-3db3c161e654,rootkit,cpu,100,100,100,100,0,0,36615.8,36615.8,45674.0,62682.80000000001,nan,nan,nan
D2,results/d2_formal/r1/boot_04/batch_20260914T162906.804515Z_939643c9.json.gz,20260914T162906.804515Z_939643c9,528c526d-4dd2-47ae-8cc5-3db3c161e654,rootkit,baseline,100,100,100,100,0,0,35956.7,35956.7,37392.5,65213.80000000002,nan,nan,nan
D2,results/d2_formal/r1/boot_04/batch_20260914T162914.396649Z_c7b96d4d.json.gz,20260914T162914.396649Z_c7b96d4d,528c526d-4dd2-47ae-8cc5-3db3c161e654,rootkit,memory,100,100,100,100,0,0,36226.5,36226.5,37647.5,40799.8,nan,nan,nan
D2,results/d2_formal/r1/boot_04/batch_20260914T162927.562401Z_ade1c1c2.json.gz,20260914T162927.562401Z_ade1c1c2,528c526d-4dd2-47ae-8cc5-3db3c161e654,rootkit,mixed,100,100,100,100,0,0,38437.6,38437.6,49257.5,76788.3,nan,nan,nan
D2,results/d2_formal/r1/boot_04/batch_20260914T162941.254864Z_d8456892.json.gz,20260914T162941.254864Z_d8456892,528c526d-4dd2-47ae-8cc5-3db3c161e654,normal,mixed,100,200,100,0,100,0,13539.3,100723.1,118148.0,165011.30000000005,13446.3,15702.5,34758.50000000002
D2,results/d2_formal/r1/boot_04/batch_20260914T162947.930128Z_ec445e53.json.gz,20260914T162947.930128Z_ec445e53,528c526d-4dd2-47ae-8cc5-3db3c161e654,normal,baseline,100,200,100,0,100,0,13699.2,97914.6,122037.5,143380.6,13473.7,14050.5,14505.1
D2,results/d2_formal/r1/boot_04/batch_20260914T163001.131836Z_f3997620.json.gz,20260914T163001.131836Z_f3997620,528c526d-4dd2-47ae-8cc5-3db3c161e654,normal,cpu,100,200,100,0,100,0,13820.1,101302.5,115525.0,155454.90000000002,13602.4,15816.5,17383.2
D2,results/d2_formal/r1/boot_04/batch_20260914T163008.693220Z_1e5cae13.json.gz,20260914T163008.693220Z_1e5cae13,528c526d-4dd2-47ae-8cc5-3db3c161e654,normal,memory,100,200,100,0,100,0,13560.9,96787.2,98820.5,128556.40000000002,13456.2,13792.5,14305.7
D2,results/d2_formal/r1/boot_04/batch_20260914T163021.903881Z_276b0975.json.gz,20260914T163021.903881Z_276b0975,528c526d-4dd2-47ae-8cc5-3db3c161e654,rootkit,cpu,100,100,100,100,0,0,36749.7,36749.7,45353.0,66330.40000000001,nan,nan,nan
D2,results/d2_formal/r1/boot_04/batch_20260914T163029.479333Z_fffffe40.json.gz,20260914T163029.479333Z_fffffe40,528c526d-4dd2-47ae-8cc5-3db3c161e654,rootkit,memory,100,100,100,100,0,0,36279.0,36279.0,38133.5,61328.90000000003,nan,nan,nan
D2,results/d2_formal/r1/boot_04/batch_20260914T163042.667273Z_7b9657b0.json.gz,20260914T163042.667273Z_7b9657b0,528c526d-4dd2-47ae-8cc5-3db3c161e654,rootkit,mixed,100,100,100,100,0,0,37693.8,37693.8,49894.5,76164.00000000001,nan,nan,nan
D2,results/d2_formal/r1/boot_04/batch_20260914T163049.202827Z_8765322a.json.gz,20260914T163049.202827Z_8765322a,528c526d-4dd2-47ae-8cc5-3db3c161e654,rootkit,baseline,100,100,100,100,0,0,36066.9,36066.9,38460.5,67220.10000000002,nan,nan,nan
D2,results/d2_formal/r1/boot_04/batch_20260914T163102.870494Z_a9d97169.json.gz,20260914T163102.870494Z_a9d97169,528c526d-4dd2-47ae-8cc5-3db3c161e654,normal,mixed,100,200,100,0,100,0,14057.2,101729.7,122825.5,158126.30000000002,13670.5,15838.0,16838.9
D2,results/d2_formal/r1/boot_04/batch_20260914T163110.513840Z_abb547e8.json.gz,20260914T163110.513840Z_abb547e8,528c526d-4dd2-47ae-8cc5-3db3c161e654,normal,memory,100,200,100,0,100,0,13527.6,97167.9,98879.0,125787.50000000001,13430.3,13737.0,14217.1
D2,results/d2_formal/r1/boot_04/batch_20260914T163123.703214Z_83dddcc1.json.gz,20260914T163123.703214Z_83dddcc1,528c526d-4dd2-47ae-8cc5-3db3c161e654,normal,cpu,100,200,100,0,100,0,13656.5,96339.6,116588.0,168969.3,13442.6,15710.5,17184.5
D2,results/d2_formal/r1/boot_04/batch_20260914T163130.389575Z_51ae6176.json.gz,20260914T163130.389575Z_51ae6176,528c526d-4dd2-47ae-8cc5-3db3c161e654,normal,baseline,100,200,100,0,100,0,13662.5,97521.6,116446.5,148349.5,13493.9,13988.5,14541.0
D2,results/d2_formal/r1/boot_04/batch_20260914T163137.096468Z_2e190c55.json.gz,20260914T163137.096468Z_2e190c55,528c526d-4dd2-47ae-8cc5-3db3c161e654,normal,baseline,100,200,100,0,100,0,13685.6,97716.9,100907.0,141579.60000000003,13604.9,14034.5,14432.6
D2,results/d2_formal/r1/boot_04/batch_20260914T163144.736647Z_6e86af4f.json.gz,20260914T163144.736647Z_6e86af4f,528c526d-4dd2-47ae-8cc5-3db3c161e654,normal,memory,100,200,100,0,100,0,13468.7,96865.0,98703.5,133276.20000000004,13368.9,13742.0,14146.7
D2,results/d2_formal/r1/boot_04/batch_20260914T163158.012296Z_1e22c120.json.gz,20260914T163158.012296Z_1e22c120,528c526d-4dd2-47ae-8cc5-3db3c161e654,normal,mixed,100,200,100,0,100,0,13846.0,103850.0,122837.5,149808.4,13573.7,15826.5,17524.0
D2,results/d2_formal/r1/boot_04/batch_20260914T163211.239187Z_08867f22.json.gz,20260914T163211.239187Z_08867f22,528c526d-4dd2-47ae-8cc5-3db3c161e654,normal,cpu,100,200,100,0,100,0,13581.0,96649.8,117417.0,168708.1,13453.4,15286.5,17566.7
D2,results/d2_formal/r1/boot_04/batch_20260914T163224.669716Z_fb6f8dd0.json.gz,20260914T163224.669716Z_fb6f8dd0,528c526d-4dd2-47ae-8cc5-3db3c161e654,rootkit,mixed,100,100,100,100,0,0,41787.8,41787.8,54195.0,73375.70000000001,nan,nan,nan
D2,results/d2_formal/r1/boot_04/batch_20260914T163237.774665Z_43aadd36.json.gz,20260914T163237.774665Z_43aadd36,528c526d-4dd2-47ae-8cc5-3db3c161e654,rootkit,cpu,100,100,100,100,0,0,37791.6,37791.6,48886.5,70719.40000000001,nan,nan,nan
D2,results/d2_formal/r1/boot_04/batch_20260914T163244.329294Z_d8cae7a7.json.gz,20260914T163244.329294Z_d8cae7a7,528c526d-4dd2-47ae-8cc5-3db3c161e654,rootkit,baseline,100,100,100,100,0,0,36278.4,36278.4,38824.5,65729.8,nan,nan,nan
D2,results/d2_formal/r1/boot_04/batch_20260914T163251.930402Z_f1ea61fa.json.gz,20260914T163251.930402Z_f1ea61fa,528c526d-4dd2-47ae-8cc5-3db3c161e654,rootkit,memory,100,100,100,100,0,0,36671.1,36671.1,37960.5,60773.90000000002,nan,nan,nan
D2,results/d2_formal/r1/boot_04/batch_20260914T163305.132210Z_81e76abc.json.gz,20260914T163305.132210Z_81e76abc,528c526d-4dd2-47ae-8cc5-3db3c161e654,rootkit,cpu,100,100,100,100,0,0,38066.2,38066.2,52574.5,70711.50000000001,nan,nan,nan
D2,results/d2_formal/r1/boot_04/batch_20260914T163311.731532Z_e2498863.json.gz,20260914T163311.731532Z_e2498863,528c526d-4dd2-47ae-8cc5-3db3c161e654,rootkit,baseline,100,100,100,100,0,0,37431.3,37431.3,62772.0,67624.4,nan,nan,nan
D2,results/d2_formal/r1/boot_04/batch_20260914T163324.883091Z_35b222d6.json.gz,20260914T163324.883091Z_35b222d6,528c526d-4dd2-47ae-8cc5-3db3c161e654,rootkit,mixed,100,100,100,100,0,0,38203.8,38203.8,50931.5,83105.70000000004,nan,nan,nan
D2,results/d2_formal/r1/boot_04/batch_20260914T163332.510529Z_e5cf5dce.json.gz,20260914T163332.510529Z_e5cf5dce,528c526d-4dd2-47ae-8cc5-3db3c161e654,rootkit,memory,100,100,100,100,0,0,35906.4,35906.4,37204.5,51426.00000000005,nan,nan,nan
D2,results/d2_formal/r1/boot_04/batch_20260914T163340.596717Z_a51445b9.json.gz,20260914T163340.596717Z_a51445b9,528c526d-4dd2-47ae-8cc5-3db3c161e654,normal,memory,100,200,100,0,100,0,13495.1,96394.9,98565.5,121932.50000000001,13382.3,13686.0,14142.8
D2,results/d2_formal/r1/boot_04/batch_20260914T163353.725699Z_cdb469bd.json.gz,20260914T163353.725699Z_cdb469bd,528c526d-4dd2-47ae-8cc5-3db3c161e654,normal,cpu,100,200,100,0,100,0,13512.4,96475.5,106036.5,141221.30000000005,13398.9,13946.5,16547.2
D2,results/d2_formal/r1/boot_04/batch_20260914T163406.865272Z_0997ecca.json.gz,20260914T163406.865272Z_0997ecca,528c526d-4dd2-47ae-8cc5-3db3c161e654,normal,mixed,100,200,100,0,100,0,13496.2,98508.5,104421.5,137026.80000000002,13416.0,13830.0,16086.700000000003
D2,results/d2_formal/r1/boot_04/batch_20260914T163413.476929Z_e653e61e.json.gz,20260914T163413.476929Z_e653e61e,528c526d-4dd2-47ae-8cc5-3db3c161e654,normal,baseline,100,200,100,0,100,0,13751.4,97555.6,118208.0,149958.80000000002,13567.1,13971.5,14441.5
D2,results/d2_formal/r1/boot_04/batch_20260914T163426.753028Z_5fdf51dd.json.gz,20260914T163426.753028Z_5fdf51dd,528c526d-4dd2-47ae-8cc5-3db3c161e654,rootkit,mixed,100,100,100,100,0,0,38161.9,38161.9,43269.5,67346.3,nan,nan,nan
D2,results/d2_formal/r1/boot_04/batch_20260914T163434.372277Z_080d9d80.json.gz,20260914T163434.372277Z_080d9d80,528c526d-4dd2-47ae-8cc5-3db3c161e654,rootkit,memory,100,100,100,100,0,0,36694.3,36694.3,38102.0,64902.40000000002,nan,nan,nan
D2,results/d2_formal/r1/boot_04/batch_20260914T163447.440051Z_38c2152a.json.gz,20260914T163447.440051Z_38c2152a,528c526d-4dd2-47ae-8cc5-3db3c161e654,rootkit,cpu,100,100,100,100,0,0,36904.5,36904.5,47335.5,77630.3,nan,nan,nan
D2,results/d2_formal/r1/boot_04/batch_20260914T163455.557175Z_17c096c7.json.gz,20260914T163455.557175Z_17c096c7,528c526d-4dd2-47ae-8cc5-3db3c161e654,rootkit,baseline,100,100,100,100,0,0,39684.3,39684.3,42301.0,66758.6,nan,nan,nan
D2,results/d2_formal/r1/boot_04/batch_20260914T163511.128699Z_9aae6c7a.json.gz,20260914T163511.128699Z_9aae6c7a,528c526d-4dd2-47ae-8cc5-3db3c161e654,normal,cpu,100,200,100,0,100,0,15063.200000000003,111452.7,147104.5,254043.50000000015,13719.1,17994.5,29148.800000000007
D2,results/d2_formal/r1/boot_04/batch_20260914T163520.519175Z_00665877.json.gz,20260914T163520.519175Z_00665877,528c526d-4dd2-47ae-8cc5-3db3c161e654,normal,memory,100,200,100,0,100,0,13689.0,103302.0,119869.5,209642.80000000002,13533.9,14049.5,17209.700000000004
D2,results/d2_formal/r1/boot_04/batch_20260914T163534.903490Z_5be968b3.json.gz,20260914T163534.903490Z_5be968b3,528c526d-4dd2-47ae-8cc5-3db3c161e654,normal,mixed,100,200,100,0,100,0,13639.4,102590.3,127452.5,178423.90000000002,13492.8,15594.0,17783.600000000002
D2,results/d2_formal/r1/boot_04/batch_20260914T163542.522292Z_954d832c.json.gz,20260914T163542.522292Z_954d832c,528c526d-4dd2-47ae-8cc5-3db3c161e654,normal,baseline,100,200,100,0,100,0,13565.9,101515.5,105309.5,197587.10000000003,13472.2,13921.0,14491.800000000001
D2,results/d2_formal/r1/boot_04/batch_20260914T163556.766002Z_db3c786f.json.gz,20260914T163556.766002Z_db3c786f,528c526d-4dd2-47ae-8cc5-3db3c161e654,rootkit,mixed,100,100,100,100,0,0,43524.6,43524.6,59274.5,97942.90000000001,nan,nan,nan
D2,results/d2_formal/r1/boot_04/batch_20260914T163610.544152Z_28fb9987.json.gz,20260914T163610.544152Z_28fb9987,528c526d-4dd2-47ae-8cc5-3db3c161e654,rootkit,cpu,100,100,100,100,0,0,40554.3,40554.3,57628.5,75971.7,nan,nan,nan
D2,results/d2_formal/r1/boot_04/batch_20260914T163618.775491Z_e1bd51f5.json.gz,20260914T163618.775491Z_e1bd51f5,528c526d-4dd2-47ae-8cc5-3db3c161e654,rootkit,memory,100,100,100,100,0,0,37874.9,37874.9,41321.5,78798.20000000003,nan,nan,nan
D2,results/d2_formal/r1/boot_04/batch_20260914T163625.984124Z_23ecd20b.json.gz,20260914T163625.984124Z_23ecd20b,528c526d-4dd2-47ae-8cc5-3db3c161e654,rootkit,baseline,100,100,100,100,0,0,39234.8,39234.8,42235.0,78222.20000000001,nan,nan,nan
D2,results/d2_formal/r1/boot_04/batch_20260914T163640.295480Z_5bf59fa0.json.gz,20260914T163640.295480Z_5bf59fa0,528c526d-4dd2-47ae-8cc5-3db3c161e654,normal,cpu,100,200,100,0,100,0,13506.1,100868.0,121727.0,175492.40000000002,13354.7,14344.0,17446.300000000007
D2,results/d2_formal/r1/boot_04/batch_20260914T163647.634474Z_d8453be3.json.gz,20260914T163647.634474Z_d8453be3,528c526d-4dd2-47ae-8cc5-3db3c161e654,normal,baseline,100,200,100,0,100,0,13711.9,99492.5,126000.5,156834.50000000015,13612.7,13981.5,14876.0
D2,results/d2_formal/r1/boot_04/batch_20260914T163655.834035Z_642d86bd.json.gz,20260914T163655.834035Z_642d86bd,528c526d-4dd2-47ae-8cc5-3db3c161e654,normal,memory,100,200,100,0,100,0,13573.1,98198.2,102172.5,135663.6,13453.6,13786.0,14550.400000000001
D2,results/d2_formal/r1/boot_04/batch_20260914T163709.603329Z_48cd575d.json.gz,20260914T163709.603329Z_48cd575d,528c526d-4dd2-47ae-8cc5-3db3c161e654,normal,mixed,100,200,100,0,100,0,13766.6,103824.1,125821.5,163351.3,13476.5,15893.5,18517.500000000007
D2,results/d2_formal/r1/boot_04/batch_20260914T163717.102948Z_f71f719e.json.gz,20260914T163717.102948Z_f71f719e,528c526d-4dd2-47ae-8cc5-3db3c161e654,normal,baseline,100,200,100,0,100,0,13594.9,101478.8,105039.5,189874.0,13545.6,13934.5,16353.4
D2,results/d2_formal/r1/boot_04/batch_20260914T163730.781039Z_bff26f2d.json.gz,20260914T163730.781039Z_bff26f2d,528c526d-4dd2-47ae-8cc5-3db3c161e654,normal,mixed,100,200,100,0,100,0,13447.8,99405.4,122527.0,185659.20000000007,13359.9,14272.0,17199.100000000002
D2,results/d2_formal/r1/boot_04/batch_20260914T163739.734827Z_c2a819c4.json.gz,20260914T163739.734827Z_c2a819c4,528c526d-4dd2-47ae-8cc5-3db3c161e654,normal,memory,100,200,100,0,100,0,13776.0,103191.6,125386.5,202069.2,13624.6,15629.5,17250.8
D2,results/d2_formal/r1/boot_04/batch_20260914T163753.349858Z_326f16c3.json.gz,20260914T163753.349858Z_326f16c3,528c526d-4dd2-47ae-8cc5-3db3c161e654,normal,cpu,100,200,100,0,100,0,13625.9,99028.5,118599.0,163979.50000000003,13387.3,14332.5,16860.9
D2,results/d2_formal/r1/boot_04/batch_20260914T163800.266226Z_d6944495.json.gz,20260914T163800.266226Z_d6944495,528c526d-4dd2-47ae-8cc5-3db3c161e654,rootkit,baseline,100,100,100,100,0,0,36329.0,36329.0,39496.0,76237.80000000009,nan,nan,nan
D2,results/d2_formal/r1/boot_04/batch_20260914T163814.029097Z_d8f3ce5b.json.gz,20260914T163814.029097Z_d8f3ce5b,528c526d-4dd2-47ae-8cc5-3db3c161e654,rootkit,mixed,100,100,100,100,0,0,41005.5,41005.5,51372.0,78060.30000000002,nan,nan,nan
D2,results/d2_formal/r1/boot_04/batch_20260914T163822.590796Z_3a79f9dd.json.gz,20260914T163822.590796Z_3a79f9dd,528c526d-4dd2-47ae-8cc5-3db3c161e654,rootkit,memory,100,100,100,100,0,0,40264.5,40264.5,44577.0,120740.70000000001,nan,nan,nan
D2,results/d2_formal/r1/boot_04/batch_20260914T163836.389573Z_94f9a616.json.gz,20260914T163836.389573Z_94f9a616,528c526d-4dd2-47ae-8cc5-3db3c161e654,rootkit,cpu,100,100,100,100,0,0,42128.1,42128.1,53328.0,78400.90000000001,nan,nan,nan
D2,results/d2_formal/r1/boot_04/batch_20260914T163850.166616Z_0092a10b.json.gz,20260914T163850.166616Z_0092a10b,528c526d-4dd2-47ae-8cc5-3db3c161e654,rootkit,mixed,100,100,100,100,0,0,43398.0,43398.0,57604.0,88030.60000000005,nan,nan,nan
D2,results/d2_formal/r1/boot_04/batch_20260914T163857.203243Z_6a61f026.json.gz,20260914T163857.203243Z_6a61f026,528c526d-4dd2-47ae-8cc5-3db3c161e654,rootkit,baseline,100,100,100,100,0,0,38372.7,38372.7,62926.0,76180.40000000001,nan,nan,nan
D2,results/d2_formal/r1/boot_04/batch_20260914T163911.011654Z_a7f1fba0.json.gz,20260914T163911.011654Z_a7f1fba0,528c526d-4dd2-47ae-8cc5-3db3c161e654,rootkit,cpu,100,100,100,100,0,0,42248.6,42248.6,57975.0,81942.2,nan,nan,nan
D2,results/d2_formal/r1/boot_04/batch_20260914T163918.938624Z_f6899bed.json.gz,20260914T163918.938624Z_f6899bed,528c526d-4dd2-47ae-8cc5-3db3c161e654,rootkit,memory,100,100,100,100,0,0,37344.7,37344.7,39355.5,60176.90000000004,nan,nan,nan
D2,results/d2_formal/r1/boot_04/batch_20260914T163932.930667Z_c9722737.json.gz,20260914T163932.930667Z_c9722737,528c526d-4dd2-47ae-8cc5-3db3c161e654,normal,mixed,100,200,100,0,100,0,13601.4,103360.4,126036.5,170565.80000000002,13426.3,15786.5,17781.90000000002
D2,results/d2_formal/r1/boot_04/batch_20260914T163940.496634Z_a6331b66.json.gz,20260914T163940.496634Z_a6331b66,528c526d-4dd2-47ae-8cc5-3db3c161e654,normal,baseline,100,200,100,0,100,0,13581.8,100274.7,115699.5,157990.90000000017,13487.3,13898.5,15958.700000000004
D2,results/d2_formal/r1/boot_04/batch_20260914T163954.403164Z_c7fc03f1.json.gz,20260914T163954.403164Z_c7fc03f1,528c526d-4dd2-47ae-8cc5-3db3c161e654,normal,cpu,100,200,100,0,100,0,13657.6,103317.6,125250.0,188181.70000000004,13509.7,15056.5,17675.800000000003
D2,results/d2_formal/r1/boot_04/batch_20260914T164002.634735Z_cd58aad6.json.gz,20260914T164002.634735Z_cd58aad6,528c526d-4dd2-47ae-8cc5-3db3c161e654,normal,memory,100,200,100,0,100,0,13466.0,97255.2,101644.5,163861.00000000003,13425.7,13713.5,14361.7
D2,results/d2_formal/r1/boot_04/batch_20260914T164009.892726Z_de54c8b1.json.gz,20260914T164009.892726Z_de54c8b1,528c526d-4dd2-47ae-8cc5-3db3c161e654,rootkit,baseline,100,100,100,100,0,0,41247.3,41247.3,44939.0,71214.3,nan,nan,nan
D2,results/d2_formal/r1/boot_04/batch_20260914T164017.873574Z_3887e33b.json.gz,20260914T164017.873574Z_3887e33b,528c526d-4dd2-47ae-8cc5-3db3c161e654,rootkit,memory,100,100,100,100,0,0,38291.2,38291.2,42084.5,116950.60000000002,nan,nan,nan
D2,results/d2_formal/r1/boot_04/batch_20260914T164032.013151Z_44e1aed4.json.gz,20260914T164032.013151Z_44e1aed4,528c526d-4dd2-47ae-8cc5-3db3c161e654,rootkit,mixed,100,100,100,100,0,0,43935.9,43935.9,60806.5,84205.8,nan,nan,nan
D2,results/d2_formal/r1/boot_04/batch_20260914T164046.813589Z_de9574b8.json.gz,20260914T164046.813589Z_de9574b8,528c526d-4dd2-47ae-8cc5-3db3c161e654,rootkit,cpu,100,100,100,100,0,0,45421.3,45421.3,67080.5,128700.40000000014,nan,nan,nan
D2,results/d2_formal/r1/boot_04/batch_20260914T164055.262918Z_73e77787.json.gz,20260914T164055.262918Z_73e77787,528c526d-4dd2-47ae-8cc5-3db3c161e654,normal,memory,100,200,100,0,100,0,13456.5,98294.5,103384.5,152210.7,13387.2,13652.5,14408.0
D2,results/d2_formal/r1/boot_04/batch_20260914T164109.804641Z_d1ca5e1c.json.gz,20260914T164109.804641Z_d1ca5e1c,528c526d-4dd2-47ae-8cc5-3db3c161e654,normal,cpu,100,200,100,0,100,0,13686.3,102739.9,125889.0,178405.30000000005,13487.6,15843.5,19277.200000000004
D2,results/d2_formal/r1/boot_04/batch_20260914T164115.080707Z_3ea50694.json.gz,20260914T164115.080707Z_3ea50694,528c526d-4dd2-47ae-8cc5-3db3c161e654,normal,baseline,100,200,100,0,100,0,4072.8,32880.8,38481.5,43317.3,4005.9,4171.0,4398.0
D2,results/d2_formal/r1/boot_04/batch_20260914T164128.481093Z_245a3452.json.gz,20260914T164128.481093Z_245a3452,528c526d-4dd2-47ae-8cc5-3db3c161e654,normal,mixed,100,200,100,0,100,0,13592.8,100339.0,125369.5,185431.40000000008,13425.7,15668.5,16727.8
D2,results/d2_formal/r1/boot_04/batch_20260914T164140.702134Z_2d4cfefe.json.gz,20260914T164140.702134Z_2d4cfefe,528c526d-4dd2-47ae-8cc5-3db3c161e654,rootkit,mixed,100,100,100,100,0,0,18626.3,18626.3,42934.5,74875.80000000002,nan,nan,nan
D2,results/d2_formal/r1/boot_04/batch_20260914T164148.632812Z_7edcee88.json.gz,20260914T164148.632812Z_7edcee88,528c526d-4dd2-47ae-8cc5-3db3c161e654,rootkit,memory,100,100,100,100,0,0,36647.4,36647.4,38461.5,58734.30000000005,nan,nan,nan
D2,results/d2_formal/r1/boot_04/batch_20260914T164201.882459Z_b72da642.json.gz,20260914T164201.882459Z_b72da642,528c526d-4dd2-47ae-8cc5-3db3c161e654,rootkit,cpu,100,100,100,100,0,0,40931.8,40931.8,50965.5,92006.60000000005,nan,nan,nan
D2,results/d2_formal/r1/boot_04/batch_20260914T164208.585411Z_d605acd4.json.gz,20260914T164208.585411Z_d605acd4,528c526d-4dd2-47ae-8cc5-3db3c161e654,rootkit,baseline,100,100,100,100,0,0,37630.8,37630.8,63856.0,72737.2,nan,nan,nan
D2,results/d2_formal/r1/boot_04/batch_20260914T164222.517654Z_217a6a6b.json.gz,20260914T164222.517654Z_217a6a6b,528c526d-4dd2-47ae-8cc5-3db3c161e654,normal,cpu,100,200,100,0,100,0,13804.2,102965.5,124003.0,175033.90000000002,13638.0,15790.5,20405.600000000035
D2,results/d2_formal/r1/boot_04/batch_20260914T164235.769268Z_ad06ac08.json.gz,20260914T164235.769268Z_ad06ac08,528c526d-4dd2-47ae-8cc5-3db3c161e654,normal,mixed,100,200,100,0,100,0,13816.6,101300.7,123328.5,146702.50000000003,13572.7,15859.0,16763.6
D2,results/d2_formal/r1/boot_04/batch_20260914T164243.850067Z_80656e97.json.gz,20260914T164243.850067Z_80656e97,528c526d-4dd2-47ae-8cc5-3db3c161e654,normal,memory,100,200,100,0,100,0,13533.4,97469.6,100032.0,134623.20000000004,13447.0,13734.0,14294.1
D2,results/d2_formal/r1/boot_04/batch_20260914T164250.885261Z_3b2169d9.json.gz,20260914T164250.885261Z_3b2169d9,528c526d-4dd2-47ae-8cc5-3db3c161e654,normal,baseline,100,200,100,0,100,0,13698.3,98863.7,122199.0,147615.0,13579.4,14022.5,14715.6
D2,results/d2_formal/r1/boot_04/batch_20260914T164259.352589Z_e215d902.json.gz,20260914T164259.352589Z_e215d902,528c526d-4dd2-47ae-8cc5-3db3c161e654,rootkit,memory,100,100,100,100,0,0,38658.0,38658.0,44460.0,126114.00000000004,nan,nan,nan
D2,results/d2_formal/r1/boot_04/batch_20260914T164306.685171Z_8eaccf7f.json.gz,20260914T164306.685171Z_8eaccf7f,528c526d-4dd2-47ae-8cc5-3db3c161e654,rootkit,baseline,100,100,100,100,0,0,37754.7,37754.7,42942.5,71369.40000000002,nan,nan,nan
D2,results/d2_formal/r1/boot_04/batch_20260914T164320.152124Z_e4d7a558.json.gz,20260914T164320.152124Z_e4d7a558,528c526d-4dd2-47ae-8cc5-3db3c161e654,rootkit,cpu,100,100,100,100,0,0,38306.1,38306.1,48211.5,69056.1,nan,nan,nan
D2,results/d2_formal/r1/boot_04/batch_20260914T164333.917195Z_a1304680.json.gz,20260914T164333.917195Z_a1304680,528c526d-4dd2-47ae-8cc5-3db3c161e654,rootkit,mixed,100,100,100,100,0,0,42217.2,42217.2,60181.5,110172.00000000006,nan,nan,nan
D2,results/d2_formal/r1/boot_04/batch_20260914T164341.318034Z_ea2feca3.json.gz,20260914T164341.318034Z_ea2feca3,528c526d-4dd2-47ae-8cc5-3db3c161e654,normal,baseline,100,200,100,0,100,0,13785.9,99661.5,125822.5,137600.20000000004,13586.3,14202.0,14943.4
D2,results/d2_formal/r1/boot_04/batch_20260914T164349.391102Z_6d13a792.json.gz,20260914T164349.391102Z_6d13a792,528c526d-4dd2-47ae-8cc5-3db3c161e654,normal,memory,100,200,100,0,100,0,4035.2,33904.8,50540.0,80108.3,3990.3,5430.5,7159.3
D2,results/d2_formal/r1/boot_04/batch_20260914T164401.063494Z_67fa844e.json.gz,20260914T164401.063494Z_67fa844e,528c526d-4dd2-47ae-8cc5-3db3c161e654,normal,mixed,100,200,100,0,100,0,13956.7,104200.7,128248.5,191576.80000000002,13474.4,15947.0,18452.10000000001
D2,results/d2_formal/r1/boot_04/batch_20260914T164414.710221Z_97af9fd0.json.gz,20260914T164414.710221Z_97af9fd0,528c526d-4dd2-47ae-8cc5-3db3c161e654,normal,cpu,100,200,100,0,100,0,13591.5,102512.6,121171.0,146739.30000000002,13449.7,15557.0,17026.2
D2,results/d2_formal/r1/boot_04/batch_20260914T164421.743064Z_f5bc4ad6.json.gz,20260914T164421.743064Z_f5bc4ad6,528c526d-4dd2-47ae-8cc5-3db3c161e654,rootkit,baseline,100,100,100,100,0,0,39630.2,39630.2,45573.0,69583.3,nan,nan,nan
D2,results/d2_formal/r1/boot_04/batch_20260914T164435.443478Z_92d5f35f.json.gz,20260914T164435.443478Z_92d5f35f,528c526d-4dd2-47ae-8cc5-3db3c161e654,rootkit,cpu,100,100,100,100,0,0,41922.0,41922.0,57036.5,78711.40000000001,nan,nan,nan
D2,results/d2_formal/r1/boot_04/batch_20260914T164443.128300Z_4ded0596.json.gz,20260914T164443.128300Z_4ded0596,528c526d-4dd2-47ae-8cc5-3db3c161e654,rootkit,memory,100,100,100,100,0,0,36610.8,36610.8,38075.5,50526.900000000016,nan,nan,nan
D2,results/d2_formal/r1/boot_04/batch_20260914T164456.483108Z_b6ad6ee9.json.gz,20260914T164456.483108Z_b6ad6ee9,528c526d-4dd2-47ae-8cc5-3db3c161e654,rootkit,mixed,100,100,100,100,0,0,38532.9,38532.9,50260.0,74955.70000000001,nan,nan,nan
D2,results/d2_formal/r1/boot_04/batch_20260914T164504.543519Z_337361cc.json.gz,20260914T164504.543519Z_337361cc,528c526d-4dd2-47ae-8cc5-3db3c161e654,normal,memory,100,200,100,0,100,0,13501.9,97283.3,99721.0,147794.0,13440.5,13724.5,14293.7
D2,results/d2_formal/r1/boot_04/batch_20260914T164511.279230Z_cdd0883e.json.gz,20260914T164511.279230Z_cdd0883e,528c526d-4dd2-47ae-8cc5-3db3c161e654,normal,baseline,100,200,100,0,100,0,13673.7,97979.9,123960.5,155319.10000000006,13541.1,13966.5,14570.4
D2,results/d2_formal/r1/boot_04/batch_20260914T164524.574422Z_f4163e67.json.gz,20260914T164524.574422Z_f4163e67,528c526d-4dd2-47ae-8cc5-3db3c161e654,normal,mixed,100,200,100,0,100,0,13388.9,98079.4,110964.0,157195.00000000003,13281.4,13873.0,16354.0
D2,results/d2_formal/r1/boot_04/batch_20260914T164537.802042Z_3322eb70.json.gz,20260914T164537.802042Z_3322eb70,528c526d-4dd2-47ae-8cc5-3db3c161e654,normal,cpu,100,200,100,0,100,0,13467.6,96363.2,107232.0,152670.60000000015,13304.1,13971.5,17202.5
D2,results/d2_formal/r1/boot_04/batch_20260914T164551.072964Z_6679fabd.json.gz,20260914T164551.072964Z_6679fabd,528c526d-4dd2-47ae-8cc5-3db3c161e654,normal,mixed,100,200,100,0,100,0,13522.3,98864.1,120309.0,149673.90000000014,13342.3,15668.0,17000.9
D2,results/d2_formal/r1/boot_04/batch_20260914T164604.295435Z_1679e498.json.gz,20260914T164604.295435Z_1679e498,528c526d-4dd2-47ae-8cc5-3db3c161e654,normal,cpu,100,200,100,0,100,0,13572.3,97515.3,107523.0,147028.10000000003,13395.1,14215.5,17305.600000000002
D2,results/d2_formal/r1/boot_04/batch_20260914T164611.027684Z_301515dd.json.gz,20260914T164611.027684Z_301515dd,528c526d-4dd2-47ae-8cc5-3db3c161e654,normal,baseline,100,200,100,0,100,0,13505.8,97375.0,99987.5,140526.40000000002,13347.2,13773.5,14139.8
D2,results/d2_formal/r1/boot_04/batch_20260914T164618.668464Z_25e2f85b.json.gz,20260914T164618.668464Z_25e2f85b,528c526d-4dd2-47ae-8cc5-3db3c161e654,normal,memory,100,200,100,0,100,0,13438.6,96654.0,99361.5,131135.30000000002,13357.4,13697.0,14245.1
D2,results/d2_formal/r1/boot_04/batch_20260914T164632.717428Z_5516a358.json.gz,20260914T164632.717428Z_5516a358,528c526d-4dd2-47ae-8cc5-3db3c161e654,rootkit,mixed,100,100,100,100,0,0,43785.7,43785.7,59458.5,90222.50000000003,nan,nan,nan
D2,results/d2_formal/r1/boot_04/batch_20260914T164646.756238Z_18cf7d77.json.gz,20260914T164646.756238Z_18cf7d77,528c526d-4dd2-47ae-8cc5-3db3c161e654,rootkit,cpu,100,100,100,100,0,0,42662.3,42662.3,56647.0,84316.80000000002,nan,nan,nan
D2,results/d2_formal/r1/boot_04/batch_20260914T164654.837914Z_46950c59.json.gz,20260914T164654.837914Z_46950c59,528c526d-4dd2-47ae-8cc5-3db3c161e654,rootkit,memory,100,100,100,100,0,0,36300.3,36300.3,38242.0,59733.500000000044,nan,nan,nan
D2,results/d2_formal/r1/boot_04/batch_20260914T164701.955358Z_a1d5e8cf.json.gz,20260914T164701.955358Z_a1d5e8cf,528c526d-4dd2-47ae-8cc5-3db3c161e654,rootkit,baseline,100,100,100,100,0,0,36899.3,36899.3,40552.5,79789.90000000001,nan,nan,nan
D2,results/d2_formal/r1/boot_04/batch_20260914T164715.823178Z_97925d3d.json.gz,20260914T164715.823178Z_97925d3d,528c526d-4dd2-47ae-8cc5-3db3c161e654,rootkit,mixed,100,100,100,100,0,0,42580.7,42580.7,56405.5,73652.40000000001,nan,nan,nan
D2,results/d2_formal/r1/boot_04/batch_20260914T164723.261274Z_b2971d29.json.gz,20260914T164723.261274Z_b2971d29,528c526d-4dd2-47ae-8cc5-3db3c161e654,rootkit,baseline,100,100,100,100,0,0,40984.9,40984.9,44562.5,71127.6,nan,nan,nan
D2,results/d2_formal/r1/boot_04/batch_20260914T164732.190254Z_9c759c38.json.gz,20260914T164732.190254Z_9c759c38,528c526d-4dd2-47ae-8cc5-3db3c161e654,rootkit,memory,100,100,100,100,0,0,40669.4,40669.4,43449.5,72046.60000000002,nan,nan,nan
D2,results/d2_formal/r1/boot_04/batch_20260914T164746.235150Z_167a8931.json.gz,20260914T164746.235150Z_167a8931,528c526d-4dd2-47ae-8cc5-3db3c161e654,rootkit,cpu,100,100,100,100,0,0,44012.9,44012.9,61070.5,97107.7,nan,nan,nan
D2,results/d2_formal/r1/boot_04/batch_20260914T164753.477021Z_04ffa382.json.gz,20260914T164753.477021Z_04ffa382,528c526d-4dd2-47ae-8cc5-3db3c161e654,normal,baseline,100,200,100,0,100,0,13753.3,99048.2,108094.5,148488.1,13649.0,14025.0,14466.0
D2,results/d2_formal/r1/boot_04/batch_20260914T164801.936082Z_d3ed808f.json.gz,20260914T164801.936082Z_d3ed808f,528c526d-4dd2-47ae-8cc5-3db3c161e654,normal,memory,100,200,100,0,100,0,13560.8,97280.6,100217.0,144575.40000000005,13463.6,13841.5,15958.200000000003
D2,results/d2_formal/r1/boot_04/batch_20260914T164815.856650Z_7571d5de.json.gz,20260914T164815.856650Z_7571d5de,528c526d-4dd2-47ae-8cc5-3db3c161e654,normal,mixed,100,200,100,0,100,0,13626.0,99944.9,121852.0,185473.90000000002,13417.8,15684.0,18145.9
D2,results/d2_formal/r1/boot_04/batch_20260914T164829.301083Z_57ee4b4a.json.gz,20260914T164829.301083Z_57ee4b4a,528c526d-4dd2-47ae-8cc5-3db3c161e654,normal,cpu,100,200,100,0,100,0,13720.9,102570.0,123527.0,192660.1,13440.5,15699.5,17451.600000000002
D2,results/d2_formal/r1/boot_04/batch_20260914T164836.355747Z_f89bd6fa.json.gz,20260914T164836.355747Z_f89bd6fa,528c526d-4dd2-47ae-8cc5-3db3c161e654,rootkit,baseline,100,100,100,100,0,0,39381.8,39381.8,62476.0,71441.90000000001,nan,nan,nan
D2,results/d2_formal/r1/boot_04/batch_20260914T164844.363758Z_76797fc9.json.gz,20260914T164844.363758Z_76797fc9,528c526d-4dd2-47ae-8cc5-3db3c161e654,rootkit,memory,100,100,100,100,0,0,36829.1,36829.1,37909.5,59077.90000000003,nan,nan,nan
D2,results/d2_formal/r1/boot_04/batch_20260914T164857.930067Z_90be0ca0.json.gz,20260914T164857.930067Z_90be0ca0,528c526d-4dd2-47ae-8cc5-3db3c161e654,rootkit,cpu,100,100,100,100,0,0,40822.9,40822.9,54147.5,87393.20000000006,nan,nan,nan
D2,results/d2_formal/r1/boot_04/batch_20260914T164911.959796Z_bfca0e86.json.gz,20260914T164911.959796Z_bfca0e86,528c526d-4dd2-47ae-8cc5-3db3c161e654,rootkit,mixed,100,100,100,100,0,0,43753.1,43753.1,59099.0,96870.3,nan,nan,nan
D2,results/d2_formal/r1/boot_04/batch_20260914T164926.593095Z_9711ebcd.json.gz,20260914T164926.593095Z_9711ebcd,528c526d-4dd2-47ae-8cc5-3db3c161e654,normal,mixed,100,200,100,0,100,0,13601.8,102951.9,123971.5,183009.90000000008,13465.0,14396.0,20221.7
D2,results/d2_formal/r1/boot_04/batch_20260914T164940.859467Z_aac67e15.json.gz,20260914T164940.859467Z_aac67e15,528c526d-4dd2-47ae-8cc5-3db3c161e654,normal,cpu,100,200,100,0,100,0,13545.6,103451.5,123553.0,175723.80000000005,13372.3,14446.0,17479.4
D2,results/d2_formal/r1/boot_04/batch_20260914T164948.095183Z_cef0e415.json.gz,20260914T164948.095183Z_cef0e415,528c526d-4dd2-47ae-8cc5-3db3c161e654,normal,baseline,100,200,100,0,100,0,13645.6,98476.3,124603.5,157044.00000000015,13519.7,14020.0,14660.4
D2,results/d2_formal/r1/boot_04/batch_20260914T164956.410067Z_e473d0a8.json.gz,20260914T164956.410067Z_e473d0a8,528c526d-4dd2-47ae-8cc5-3db3c161e654,normal,memory,100,200,100,0,100,0,13627.9,98519.1,104076.5,182778.40000000002,13531.7,14051.5,16676.0
D2,results/d2_formal/r1/boot_05/batch_20260914T165022.734588Z_7a0f1d65.json.gz,20260914T165022.734588Z_7a0f1d65,326e444b-dd39-4b03-81d0-5f7187a4ff16,normal,baseline,100,200,100,0,100,0,13601.0,100859.1,125749.0,160375.80000000002,13471.8,13916.5,14551.4
D2,results/d2_formal/r1/boot_05/batch_20260914T165036.810493Z_00575361.json.gz,20260914T165036.810493Z_00575361,326e444b-dd39-4b03-81d0-5f7187a4ff16,normal,cpu,100,200,100,0,100,0,14080.2,107285.0,135231.0,216109.4,13538.1,16112.0,19290.000000000007
D2,results/d2_formal/r1/boot_05/batch_20260914T165044.686119Z_3551700c.json.gz,20260914T165044.686119Z_3551700c,326e444b-dd39-4b03-81d0-5f7187a4ff16,normal,memory,100,200,100,0,100,0,13488.9,97385.8,100772.0,132048.30000000002,13402.5,13715.0,14444.4
D2,results/d2_formal/r1/boot_05/batch_20260914T165058.636140Z_c5e8faf7.json.gz,20260914T165058.636140Z_c5e8faf7,326e444b-dd39-4b03-81d0-5f7187a4ff16,normal,mixed,100,200,100,0,100,0,13588.0,102039.1,114794.0,184852.00000000003,13426.0,14249.0,17384.5
D2,results/d2_formal/r1/boot_05/batch_20260914T165112.352521Z_d204f04c.json.gz,20260914T165112.352521Z_d204f04c,326e444b-dd39-4b03-81d0-5f7187a4ff16,rootkit,mixed,100,100,100,100,0,0,40186.8,40186.8,52189.5,82870.10000000003,nan,nan,nan
D2,results/d2_formal/r1/boot_05/batch_20260914T165119.411210Z_e537f16b.json.gz,20260914T165119.411210Z_e537f16b,326e444b-dd39-4b03-81d0-5f7187a4ff16,rootkit,baseline,100,100,100,100,0,0,38072.4,38072.4,64161.0,76183.40000000005,nan,nan,nan
D2,results/d2_formal/r1/boot_05/batch_20260914T165133.127428Z_80cee762.json.gz,20260914T165133.127428Z_80cee762,326e444b-dd39-4b03-81d0-5f7187a4ff16,rootkit,cpu,100,100,100,100,0,0,41612.9,41612.9,59619.5,96194.30000000003,nan,nan,nan
D2,results/d2_formal/r1/boot_05/batch_20260914T165141.390189Z_d987c0c5.json.gz,20260914T165141.390189Z_d987c0c5,326e444b-dd39-4b03-81d0-5f7187a4ff16,rootkit,memory,100,100,100,100,0,0,43967.3,43967.3,54105.5,134269.30000000002,nan,nan,nan
D2,results/d2_formal/r1/boot_05/batch_20260914T165155.593574Z_d349f33a.json.gz,20260914T165155.593574Z_d349f33a,326e444b-dd39-4b03-81d0-5f7187a4ff16,normal,mixed,100,200,100,0,100,0,13781.5,101999.4,123224.0,163916.5,13585.4,15830.5,17299.2
D2,results/d2_formal/r1/boot_05/batch_20260914T165209.072151Z_abc7b16f.json.gz,20260914T165209.072151Z_abc7b16f,326e444b-dd39-4b03-81d0-5f7187a4ff16,normal,cpu,100,200,100,0,100,0,13597.7,99714.0,117115.5,163000.90000000002,13425.3,16045.0,17502.9
D2,results/d2_formal/r1/boot_05/batch_20260914T165216.761954Z_bdb35d7c.json.gz,20260914T165216.761954Z_bdb35d7c,326e444b-dd39-4b03-81d0-5f7187a4ff16,normal,memory,100,200,100,0,100,0,13590.0,96833.2,99385.5,123901.2,13498.6,13764.0,14453.4
D2,results/d2_formal/r1/boot_05/batch_20260914T165223.514509Z_c057e3ea.json.gz,20260914T165223.514509Z_c057e3ea,326e444b-dd39-4b03-81d0-5f7187a4ff16,normal,baseline,100,200,100,0,100,0,13692.3,100214.9,125576.5,153416.2,13577.7,14083.0,14653.800000000001
D2,results/d2_formal/r1/boot_05/batch_20260914T165236.808901Z_77f53704.json.gz,20260914T165236.808901Z_77f53704,326e444b-dd39-4b03-81d0-5f7187a4ff16,rootkit,cpu,100,100,100,100,0,0,37076.2,37076.2,47604.0,71235.40000000001,nan,nan,nan
D2,results/d2_formal/r1/boot_05/batch_20260914T165250.826895Z_e01f9fe7.json.gz,20260914T165250.826895Z_e01f9fe7,326e444b-dd39-4b03-81d0-5f7187a4ff16,rootkit,mixed,100,100,100,100,0,0,41718.7,41718.7,57399.0,89900.80000000003,nan,nan,nan
D2,results/d2_formal/r1/boot_05/batch_20260914T165257.603241Z_defbe7bf.json.gz,20260914T165257.603241Z_defbe7bf,326e444b-dd39-4b03-81d0-5f7187a4ff16,rootkit,baseline,100,100,100,100,0,0,36631.3,36631.3,39529.5,74562.00000000003,nan,nan,nan
D2,results/d2_formal/r1/boot_05/batch_20260914T165304.252192Z_c7cd3232.json.gz,20260914T165304.252192Z_c7cd3232,326e444b-dd39-4b03-81d0-5f7187a4ff16,rootkit,memory,100,100,100,100,0,0,36452.2,36452.2,39750.0,111962.4,nan,nan,nan
D2,results/d2_formal/r1/boot_05/batch_20260914T165317.170139Z_7c9c7bd8.json.gz,20260914T165317.170139Z_7c9c7bd8,326e444b-dd39-4b03-81d0-5f7187a4ff16,rootkit,mixed,100,100,100,100,0,0,37061.2,37061.2,44003.0,62669.3,nan,nan,nan
D2,results/d2_formal/r1/boot_05/batch_20260914T165330.149372Z_52bf1cc1.json.gz,20260914T165330.149372Z_52bf1cc1,326e444b-dd39-4b03-81d0-5f7187a4ff16,rootkit,cpu,100,100,100,100,0,0,36592.9,36592.9,46228.5,64593.8,nan,nan,nan
D2,results/d2_formal/r1/boot_05/batch_20260914T165336.635180Z_211d5078.json.gz,20260914T165336.635180Z_211d5078,326e444b-dd39-4b03-81d0-5f7187a4ff16,rootkit,baseline,100,100,100,100,0,0,36216.8,36216.8,39023.5,73286.70000000007,nan,nan,nan
D2,results/d2_formal/r1/boot_05/batch_20260914T165344.138130Z_36dc13d2.json.gz,20260914T165344.138130Z_36dc13d2,326e444b-dd39-4b03-81d0-5f7187a4ff16,rootkit,memory,100,100,100,100,0,0,36574.9,36574.9,37965.0,48070.500000000015,nan,nan,nan
D2,results/d2_formal/r1/boot_05/batch_20260914T165352.145113Z_45fa2a46.json.gz,20260914T165352.145113Z_45fa2a46,326e444b-dd39-4b03-81d0-5f7187a4ff16,normal,memory,100,200,100,0,100,0,13556.2,95752.0,97717.5,126423.40000000001,13437.7,13743.0,14250.1
D2,results/d2_formal/r1/boot_05/batch_20260914T165405.258585Z_46cbf432.json.gz,20260914T165405.258585Z_46cbf432,326e444b-dd39-4b03-81d0-5f7187a4ff16,normal,cpu,100,200,100,0,100,0,13598.2,98251.2,119792.0,163729.10000000006,13491.8,15570.0,16586.4
D2,results/d2_formal/r1/boot_05/batch_20260914T165411.874042Z_40426544.json.gz,20260914T165411.874042Z_40426544,326e444b-dd39-4b03-81d0-5f7187a4ff16,normal,baseline,100,200,100,0,100,0,13683.3,97331.9,106101.5,132660.5,13518.9,13888.0,14650.800000000005
D2,results/d2_formal/r1/boot_05/batch_20260914T165424.863149Z_d86463bc.json.gz,20260914T165424.863149Z_d86463bc,326e444b-dd39-4b03-81d0-5f7187a4ff16,normal,mixed,100,200,100,0,100,0,13753.2,99670.1,116329.0,172415.3,13561.5,15713.0,16636.300000000003
D2,results/d2_formal/r1/boot_05/batch_20260914T165432.484482Z_9a8aae22.json.gz,20260914T165432.484482Z_9a8aae22,326e444b-dd39-4b03-81d0-5f7187a4ff16,rootkit,memory,100,100,100,100,0,0,36955.0,36955.0,38090.5,65507.90000000001,nan,nan,nan
D2,results/d2_formal/r1/boot_05/batch_20260914T165445.754793Z_d0486690.json.gz,20260914T165445.754793Z_d0486690,326e444b-dd39-4b03-81d0-5f7187a4ff16,rootkit,mixed,100,100,100,100,0,0,43652.0,43652.0,60189.5,82088.30000000002,nan,nan,nan
D2,results/d2_formal/r1/boot_05/batch_20260914T165458.748594Z_8cc8b6ad.json.gz,20260914T165458.748594Z_8cc8b6ad,326e444b-dd39-4b03-81d0-5f7187a4ff16,rootkit,cpu,100,100,100,100,0,0,37018.7,37018.7,46190.0,75838.50000000003,nan,nan,nan
D2,results/d2_formal/r1/boot_05/batch_20260914T165505.219553Z_06a84afb.json.gz,20260914T165505.219553Z_06a84afb,326e444b-dd39-4b03-81d0-5f7187a4ff16,rootkit,baseline,100,100,100,100,0,0,36679.0,36679.0,61146.5,67690.6,nan,nan,nan
D2,results/d2_formal/r1/boot_05/batch_20260914T165513.285825Z_e6050c73.json.gz,20260914T165513.285825Z_e6050c73,326e444b-dd39-4b03-81d0-5f7187a4ff16,normal,memory,100,200,100,0,100,0,13530.8,96382.2,98728.0,124457.50000000006,13464.0,13736.5,14313.300000000001
D2,results/d2_formal/r1/boot_05/batch_20260914T165526.414990Z_39ce8945.json.gz,20260914T165526.414990Z_39ce8945,326e444b-dd39-4b03-81d0-5f7187a4ff16,normal,cpu,100,200,100,0,100,0,13664.0,98364.9,116741.0,170430.7,13422.2,15597.5,16645.2
D2,results/d2_formal/r1/boot_05/batch_20260914T165532.855782Z_f41d4e0b.json.gz,20260914T165532.855782Z_f41d4e0b,326e444b-dd39-4b03-81d0-5f7187a4ff16,normal,baseline,100,200,100,0,100,0,13555.6,97201.5,122916.0,155292.6,13423.1,13826.5,14423.800000000001
D2,results/d2_formal/r1/boot_05/batch_20260914T165545.992373Z_0b4edb5e.json.gz,20260914T165545.992373Z_0b4edb5e,326e444b-dd39-4b03-81d0-5f7187a4ff16,normal,mixed,100,200,100,0,100,0,13646.5,101137.7,115993.5,162850.80000000005,13480.8,14370.0,16659.0
D2,results/d2_formal/r1/boot_05/batch_20260914T165559.051148Z_a111f0b2.json.gz,20260914T165559.051148Z_a111f0b2,326e444b-dd39-4b03-81d0-5f7187a4ff16,normal,mixed,100,200,100,0,100,0,13632.3,97570.1,105722.5,139706.50000000003,13445.1,14004.0,16331.1
D2,results/d2_formal/r1/boot_05/batch_20260914T165606.627994Z_529d8c9e.json.gz,20260914T165606.627994Z_529d8c9e,326e444b-dd39-4b03-81d0-5f7187a4ff16,normal,memory,100,200,100,0,100,0,13557.6,96576.3,98101.5,128323.70000000008,13394.8,13734.0,14286.1
D2,results/d2_formal/r1/boot_05/batch_20260914T165619.768532Z_0b6ec395.json.gz,20260914T165619.768532Z_0b6ec395,326e444b-dd39-4b03-81d0-5f7187a4ff16,normal,cpu,100,200,100,0,100,0,13628.5,99502.7,115319.5,157666.7000000001,13481.7,15525.5,16863.8
D2,results/d2_formal/r1/boot_05/batch_20260914T165626.307117Z_29efd536.json.gz,20260914T165626.307117Z_29efd536,326e444b-dd39-4b03-81d0-5f7187a4ff16,normal,baseline,100,200,100,0,100,0,13539.3,96891.9,99661.0,139604.40000000002,13434.5,13777.5,14269.800000000001
D2,results/d2_formal/r1/boot_05/batch_20260914T165632.883483Z_c1bfa583.json.gz,20260914T165632.883483Z_c1bfa583,326e444b-dd39-4b03-81d0-5f7187a4ff16,rootkit,baseline,100,100,100,100,0,0,36544.9,36544.9,38120.5,66676.70000000001,nan,nan,nan
D2,results/d2_formal/r1/boot_05/batch_20260914T165645.869601Z_a30f5a2b.json.gz,20260914T165645.869601Z_a30f5a2b,326e444b-dd39-4b03-81d0-5f7187a4ff16,rootkit,mixed,100,100,100,100,0,0,37027.6,37027.6,43410.5,67425.1,nan,nan,nan
D2,results/d2_formal/r1/boot_05/batch_20260914T165658.938806Z_4da7813f.json.gz,20260914T165658.938806Z_4da7813f,326e444b-dd39-4b03-81d0-5f7187a4ff16,rootkit,cpu,100,100,100,100,0,0,37305.8,37305.8,47792.0,63166.10000000001,nan,nan,nan
D2,results/d2_formal/r1/boot_05/batch_20260914T165706.458364Z_f226fd2f.json.gz,20260914T165706.458364Z_f226fd2f,326e444b-dd39-4b03-81d0-5f7187a4ff16,rootkit,memory,100,100,100,100,0,0,36387.5,36387.5,37585.5,42026.3,nan,nan,nan
D2,results/d2_formal/r1/boot_05/batch_20260914T165713.685456Z_c26743d2.json.gz,20260914T165713.685456Z_c26743d2,326e444b-dd39-4b03-81d0-5f7187a4ff16,normal,baseline,100,200,100,0,100,0,13527.0,97330.1,99980.5,139985.80000000005,13463.3,13784.5,14183.1
D2,results/d2_formal/r1/boot_05/batch_20260914T165721.289847Z_dd545666.json.gz,20260914T165721.289847Z_dd545666,326e444b-dd39-4b03-81d0-5f7187a4ff16,normal,memory,100,200,100,0,100,0,13533.6,96667.2,98694.5,130015.50000000004,13418.0,13824.0,14431.9
D2,results/d2_formal/r1/boot_05/batch_20260914T165734.334247Z_fba11b12.json.gz,20260914T165734.334247Z_fba11b12,326e444b-dd39-4b03-81d0-5f7187a4ff16,normal,cpu,100,200,100,0,100,0,13612.3,96152.8,107998.0,126248.2,13441.5,14057.0,16461.600000000002
D2,results/d2_formal/r1/boot_05/batch_20260914T165747.370369Z_99307ddc.json.gz,20260914T165747.370369Z_99307ddc,326e444b-dd39-4b03-81d0-5f7187a4ff16,normal,mixed,100,200,100,0,100,0,13613.7,97393.6,103989.0,132223.90000000002,13449.7,13901.5,15918.1
D2,results/d2_formal/r1/boot_05/batch_20260914T165755.047318Z_b164a568.json.gz,20260914T165755.047318Z_b164a568,326e444b-dd39-4b03-81d0-5f7187a4ff16,rootkit,memory,100,100,100,100,0,0,36315.3,36315.3,37895.0,41839.30000000001,nan,nan,nan
D2,results/d2_formal/r1/boot_05/batch_20260914T165808.008356Z_00374270.json.gz,20260914T165808.008356Z_00374270,326e444b-dd39-4b03-81d0-5f7187a4ff16,rootkit,cpu,100,100,100,100,0,0,39112.8,39112.8,46422.0,61745.700000000004,nan,nan,nan
D2,results/d2_formal/r1/boot_05/batch_20260914T165821.051704Z_7ac2deb3.json.gz,20260914T165821.051704Z_7ac2deb3,326e444b-dd39-4b03-81d0-5f7187a4ff16,rootkit,mixed,100,100,100,100,0,0,39107.9,39107.9,50244.5,70341.8,nan,nan,nan
D2,results/d2_formal/r1/boot_05/batch_20260914T165827.503277Z_4711a31f.json.gz,20260914T165827.503277Z_4711a31f,326e444b-dd39-4b03-81d0-5f7187a4ff16,rootkit,baseline,100,100,100,100,0,0,36685.4,36685.4,39436.5,67315.20000000001,nan,nan,nan
D2,results/d2_formal/r1/boot_05/batch_20260914T165834.452427Z_96d8f514.json.gz,20260914T165834.452427Z_96d8f514,326e444b-dd39-4b03-81d0-5f7187a4ff16,normal,baseline,100,200,100,0,100,0,13595.6,98215.3,121570.5,145493.9,13482.2,13965.0,14483.3
D2,results/d2_formal/r1/boot_05/batch_20260914T165847.621524Z_87be5243.json.gz,20260914T165847.621524Z_87be5243,326e444b-dd39-4b03-81d0-5f7187a4ff16,normal,cpu,100,200,100,0,100,0,13605.7,99870.1,121535.5,154275.70000000007,13501.8,15568.0,16636.3
D2,results/d2_formal/r1/boot_05/batch_20260914T165900.735150Z_40700175.json.gz,20260914T165900.735150Z_40700175,326e444b-dd39-4b03-81d0-5f7187a4ff16,normal,mixed,100,200,100,0,100,0,13688.8,97986.7,120129.5,149391.10000000003,13440.8,15627.5,16574.2
D2,results/d2_formal/r1/boot_05/batch_20260914T165908.176992Z_7e256b7d.json.gz,20260914T165908.176992Z_7e256b7d,326e444b-dd39-4b03-81d0-5f7187a4ff16,normal,memory,100,200,100,0,100,0,13537.1,97438.2,100919.0,126016.0,13460.1,13790.5,14312.9
D2,results/d2_formal/r1/boot_05/batch_20260914T165914.838207Z_1e69f827.json.gz,20260914T165914.838207Z_1e69f827,326e444b-dd39-4b03-81d0-5f7187a4ff16,rootkit,baseline,100,100,100,100,0,0,36039.0,36039.0,37574.5,65966.1,nan,nan,nan
D2,results/d2_formal/r1/boot_05/batch_20260914T165927.975272Z_199eaec7.json.gz,20260914T165927.975272Z_199eaec7,326e444b-dd39-4b03-81d0-5f7187a4ff16,rootkit,mixed,100,100,100,100,0,0,42428.6,42428.6,53955.5,76103.0,nan,nan,nan
D2,results/d2_formal/r1/boot_05/batch_20260914T165935.475225Z_3a696680.json.gz,20260914T165935.475225Z_3a696680,326e444b-dd39-4b03-81d0-5f7187a4ff16,rootkit,memory,100,100,100,100,0,0,36617.0,36617.0,37598.0,51355.30000000004,nan,nan,nan
D2,results/d2_formal/r1/boot_05/batch_20260914T165948.447822Z_2b428196.json.gz,20260914T165948.447822Z_2b428196,326e444b-dd39-4b03-81d0-5f7187a4ff16,rootkit,cpu,100,100,100,100,0,0,36892.6,36892.6,46356.0,67721.00000000001,nan,nan,nan
D2,results/d2_formal/r1/boot_05/batch_20260914T170001.453010Z_1a2281c9.json.gz,20260914T170001.453010Z_1a2281c9,326e444b-dd39-4b03-81d0-5f7187a4ff16,rootkit,cpu,100,100,100,100,0,0,40421.6,40421.6,47700.5,68444.6,nan,nan,nan
D2,results/d2_formal/r1/boot_05/batch_20260914T170014.503455Z_2dcde064.json.gz,20260914T170014.503455Z_2dcde064,326e444b-dd39-4b03-81d0-5f7187a4ff16,rootkit,mixed,100,100,100,100,0,0,38111.8,38111.8,48433.0,72893.2,nan,nan,nan
D2,results/d2_formal/r1/boot_05/batch_20260914T170022.042226Z_7d9f70b2.json.gz,20260914T170022.042226Z_7d9f70b2,326e444b-dd39-4b03-81d0-5f7187a4ff16,rootkit,memory,100,100,100,100,0,0,35981.0,35981.0,37365.5,68054.10000000003,nan,nan,nan
D2,results/d2_formal/r1/boot_05/batch_20260914T170028.532694Z_58c1c8fe.json.gz,20260914T170028.532694Z_58c1c8fe,326e444b-dd39-4b03-81d0-5f7187a4ff16,rootkit,baseline,100,100,100,100,0,0,37445.0,37445.0,63406.5,71197.20000000001,nan,nan,nan
D2,results/d2_formal/r1/boot_05/batch_20260914T170041.994394Z_9e3e9d8e.json.gz,20260914T170041.994394Z_9e3e9d8e,326e444b-dd39-4b03-81d0-5f7187a4ff16,normal,cpu,100,200,100,0,100,0,13687.7,97675.9,117318.0,161065.60000000003,13513.2,15692.0,18030.10000000001
D2,results/d2_formal/r1/boot_05/batch_20260914T170049.498740Z_8cb2c42f.json.gz,20260914T170049.498740Z_8cb2c42f,326e444b-dd39-4b03-81d0-5f7187a4ff16,normal,memory,100,200,100,0,100,0,13528.3,97087.0,99595.0,126330.1,13423.3,13748.0,14164.0
D2,results/d2_formal/r1/boot_05/batch_20260914T170055.976752Z_84cdea17.json.gz,20260914T170055.976752Z_84cdea17,326e444b-dd39-4b03-81d0-5f7187a4ff16,normal,baseline,100,200,100,0,100,0,13501.2,97287.0,100327.0,141043.2,13457.0,13824.5,14414.3
D2,results/d2_formal/r1/boot_05/batch_20260914T170109.142893Z_14d343f9.json.gz,20260914T170109.142893Z_14d343f9,326e444b-dd39-4b03-81d0-5f7187a4ff16,normal,mixed,100,200,100,0,100,0,13720.6,98485.4,118680.5,146838.2,13533.1,15742.5,17031.2
D2,results/d2_formal/r1/boot_05/batch_20260914T170116.793273Z_a730b579.json.gz,20260914T170116.793273Z_a730b579,326e444b-dd39-4b03-81d0-5f7187a4ff16,rootkit,memory,100,100,100,100,0,0,36184.3,36184.3,38153.5,77526.6,nan,nan,nan
D2,results/d2_formal/r1/boot_05/batch_20260914T170123.250532Z_a302e533.json.gz,20260914T170123.250532Z_a302e533,326e444b-dd39-4b03-81d0-5f7187a4ff16,rootkit,baseline,100,100,100,100,0,0,36346.3,36346.3,38609.0,67689.7,nan,nan,nan
D2,results/d2_formal/r1/boot_05/batch_20260914T170136.327117Z_556c5a8a.json.gz,20260914T170136.327117Z_556c5a8a,326e444b-dd39-4b03-81d0-5f7187a4ff16,rootkit,mixed,100,100,100,100,0,0,38749.1,38749.1,49389.0,77030.20000000006,nan,nan,nan
D2,results/d2_formal/r1/boot_05/batch_20260914T170149.303478Z_c346321e.json.gz,20260914T170149.303478Z_c346321e,326e444b-dd39-4b03-81d0-5f7187a4ff16,rootkit,cpu,100,100,100,100,0,0,37749.6,37749.6,45490.0,59730.90000000002,nan,nan,nan
D2,results/d2_formal/r1/boot_05/batch_20260914T170156.310146Z_574d3cb6.json.gz,20260914T170156.310146Z_574d3cb6,326e444b-dd39-4b03-81d0-5f7187a4ff16,normal,baseline,100,200,100,0,100,0,13626.7,97151.9,100831.0,139658.40000000008,13535.0,13896.5,14416.4
D2,results/d2_formal/r1/boot_05/batch_20260914T170203.820662Z_e4cd2f59.json.gz,20260914T170203.820662Z_e4cd2f59,326e444b-dd39-4b03-81d0-5f7187a4ff16,normal,memory,100,200,100,0,100,0,13478.4,96614.0,98377.0,132168.1,13423.0,13681.5,14120.4
D2,results/d2_formal/r1/boot_05/batch_20260914T170216.809771Z_4c9e45c2.json.gz,20260914T170216.809771Z_4c9e45c2,326e444b-dd39-4b03-81d0-5f7187a4ff16,normal,mixed,100,200,100,0,100,0,13544.7,95660.0,103975.0,144788.80000000005,13404.2,13881.0,16102.800000000001
D2,results/d2_formal/r1/boot_05/batch_20260914T170229.876536Z_136a4b4b.json.gz,20260914T170229.876536Z_136a4b4b,326e444b-dd39-4b03-81d0-5f7187a4ff16,normal,cpu,100,200,100,0,100,0,13847.5,97297.3,113240.0,154282.10000000003,13569.0,15651.0,16725.0
D2,results/d2_formal/r1/boot_05/batch_20260914T170243.062465Z_ecd2f2d2.json.gz,20260914T170243.062465Z_ecd2f2d2,326e444b-dd39-4b03-81d0-5f7187a4ff16,rootkit,cpu,100,100,100,100,0,0,39239.2,39239.2,47928.0,81070.20000000001,nan,nan,nan
D2,results/d2_formal/r1/boot_05/batch_20260914T170256.178465Z_faa71921.json.gz,20260914T170256.178465Z_faa71921,326e444b-dd39-4b03-81d0-5f7187a4ff16,rootkit,mixed,100,100,100,100,0,0,38726.8,38726.8,47870.5,72637.60000000005,nan,nan,nan
D2,results/d2_formal/r1/boot_05/batch_20260914T170302.744176Z_6632742d.json.gz,20260914T170302.744176Z_6632742d,326e444b-dd39-4b03-81d0-5f7187a4ff16,rootkit,baseline,100,100,100,100,0,0,35840.6,35840.6,38246.0,67054.6,nan,nan,nan
D2,results/d2_formal/r1/boot_05/batch_20260914T170310.239012Z_6001be92.json.gz,20260914T170310.239012Z_6001be92,326e444b-dd39-4b03-81d0-5f7187a4ff16,rootkit,memory,100,100,100,100,0,0,36477.6,36477.6,37754.5,51374.30000000006,nan,nan,nan
D2,results/d2_formal/r1/boot_05/batch_20260914T170317.248056Z_cb39f3c9.json.gz,20260914T170317.248056Z_cb39f3c9,326e444b-dd39-4b03-81d0-5f7187a4ff16,normal,baseline,100,200,100,0,100,0,13741.5,99553.4,126737.5,169678.40000000005,13555.3,14006.5,14643.400000000001
D2,results/d2_formal/r1/boot_05/batch_20260914T170324.748565Z_5fda5336.json.gz,20260914T170324.748565Z_5fda5336,326e444b-dd39-4b03-81d0-5f7187a4ff16,normal,memory,100,200,100,0,100,0,13612.7,97203.1,99036.0,126837.80000000002,13541.9,13813.5,14411.7
D2,results/d2_formal/r1/boot_05/batch_20260914T170337.862477Z_89dac1b6.json.gz,20260914T170337.862477Z_89dac1b6,326e444b-dd39-4b03-81d0-5f7187a4ff16,normal,mixed,100,200,100,0,100,0,13650.7,98918.0,116290.5,163251.80000000002,13503.2,15730.5,16689.7
D2,results/d2_formal/r1/boot_05/batch_20260914T170350.899338Z_ecbe2608.json.gz,20260914T170350.899338Z_ecbe2608,326e444b-dd39-4b03-81d0-5f7187a4ff16,normal,cpu,100,200,100,0,100,0,13714.6,97475.5,110787.5,139314.7,13544.3,14401.0,16060.800000000001
D2,results/d2_formal/r1/boot_05/batch_20260914T170403.936554Z_df522625.json.gz,20260914T170403.936554Z_df522625,326e444b-dd39-4b03-81d0-5f7187a4ff16,normal,mixed,100,200,100,0,100,0,13752.4,97958.7,116983.5,154094.3000000001,13532.7,15682.0,16799.800000000003
D2,results/d2_formal/r1/boot_05/batch_20260914T170410.598255Z_23e98e20.json.gz,20260914T170410.598255Z_23e98e20,326e444b-dd39-4b03-81d0-5f7187a4ff16,normal,baseline,100,200,100,0,100,0,13788.7,97275.4,125496.0,151845.7,13579.9,14020.5,14509.8
D2,results/d2_formal/r1/boot_05/batch_20260914T170423.643133Z_a788df9e.json.gz,20260914T170423.643133Z_a788df9e,326e444b-dd39-4b03-81d0-5f7187a4ff16,normal,cpu,100,200,100,0,100,0,13640.0,99573.2,116858.5,144840.70000000004,13463.6,15598.5,16725.4
D2,results/d2_formal/r1/boot_05/batch_20260914T170431.119952Z_f6a831f9.json.gz,20260914T170431.119952Z_f6a831f9,326e444b-dd39-4b03-81d0-5f7187a4ff16,normal,memory,100,200,100,0,100,0,13616.5,96428.8,98392.5,143148.1,13537.0,13780.5,14215.1
D2,results/d2_formal/r1/boot_05/batch_20260914T170438.756037Z_ec1b38c4.json.gz,20260914T170438.756037Z_ec1b38c4,326e444b-dd39-4b03-81d0-5f7187a4ff16,rootkit,memory,100,100,100,100,0,0,36979.5,36979.5,39225.0,66936.0,nan,nan,nan
D2,results/d2_formal/r1/boot_05/batch_20260914T170445.262326Z_c944c238.json.gz,20260914T170445.262326Z_c944c238,326e444b-dd39-4b03-81d0-5f7187a4ff16,rootkit,baseline,100,100,100,100,0,0,36341.5,36341.5,38591.0,67804.8,nan,nan,nan
D2,results/d2_formal/r1/boot_05/batch_20260914T170458.411244Z_2518059b.json.gz,20260914T170458.411244Z_2518059b,326e444b-dd39-4b03-81d0-5f7187a4ff16,rootkit,cpu,100,100,100,100,0,0,36960.9,36960.9,47053.5,65162.200000000004,nan,nan,nan
D2,results/d2_formal/r1/boot_05/batch_20260914T170511.542004Z_56cc6b94.json.gz,20260914T170511.542004Z_56cc6b94,326e444b-dd39-4b03-81d0-5f7187a4ff16,rootkit,mixed,100,100,100,100,0,0,37733.1,37733.1,47727.5,68668.70000000001,nan,nan,nan
D2,results/d2_formal/r1/boot_05/batch_20260914T170518.004752Z_c395a741.json.gz,20260914T170518.004752Z_c395a741,326e444b-dd39-4b03-81d0-5f7187a4ff16,rootkit,baseline,100,100,100,100,0,0,36812.8,36812.8,38998.0,67797.70000000001,nan,nan,nan
D2,results/d2_formal/r1/boot_05/batch_20260914T170525.590173Z_9a9f701b.json.gz,20260914T170525.590173Z_9a9f701b,326e444b-dd39-4b03-81d0-5f7187a4ff16,rootkit,memory,100,100,100,100,0,0,36354.9,36354.9,37385.5,43315.9,nan,nan,nan
D2,results/d2_formal/r1/boot_05/batch_20260914T170538.618802Z_4def8db3.json.gz,20260914T170538.618802Z_4def8db3,326e444b-dd39-4b03-81d0-5f7187a4ff16,rootkit,cpu,100,100,100,100,0,0,37426.0,37426.0,47964.0,67902.3,nan,nan,nan
D2,results/d2_formal/r1/boot_05/batch_20260914T170551.546222Z_641c07d3.json.gz,20260914T170551.546222Z_641c07d3,326e444b-dd39-4b03-81d0-5f7187a4ff16,rootkit,mixed,100,100,100,100,0,0,37033.8,37033.8,42719.0,58975.4,nan,nan,nan
D2,results/d2_formal/r1/boot_05/batch_20260914T170605.144679Z_d515d276.json.gz,20260914T170605.144679Z_d515d276,326e444b-dd39-4b03-81d0-5f7187a4ff16,normal,mixed,100,200,100,0,100,0,14002.2,101168.3,122389.0,157338.90000000002,13487.3,15701.0,16977.3
D2,results/d2_formal/r1/boot_05/batch_20260914T170611.724998Z_bb828dc8.json.gz,20260914T170611.724998Z_bb828dc8,326e444b-dd39-4b03-81d0-5f7187a4ff16,normal,baseline,100,200,100,0,100,0,13632.7,96783.7,99263.5,131914.60000000012,13545.0,13846.5,14371.4
D2,results/d2_formal/r1/boot_05/batch_20260914T170619.122159Z_8a209492.json.gz,20260914T170619.122159Z_8a209492,326e444b-dd39-4b03-81d0-5f7187a4ff16,normal,memory,100,200,100,0,100,0,13621.3,96619.0,99078.0,124352.0,13515.4,13851.5,14323.9
D2,results/d2_formal/r1/boot_05/batch_20260914T170632.071878Z_7fd478b5.json.gz,20260914T170632.071878Z_7fd478b5,326e444b-dd39-4b03-81d0-5f7187a4ff16,normal,cpu,100,200,100,0,100,0,13624.9,96525.0,113155.5,133001.5,13443.3,15529.5,16377.7
D2,results/d2_formal/r1/boot_05/batch_20260914T170638.674225Z_df8b2f0e.json.gz,20260914T170638.674225Z_df8b2f0e,326e444b-dd39-4b03-81d0-5f7187a4ff16,normal,baseline,100,200,100,0,100,0,13573.7,97347.7,100536.0,139923.40000000002,13480.3,13792.0,14380.9
D2,results/d2_formal/r1/boot_05/batch_20260914T170651.685268Z_149bc649.json.gz,20260914T170651.685268Z_149bc649,326e444b-dd39-4b03-81d0-5f7187a4ff16,normal,mixed,100,200,100,0,100,0,13633.6,99418.1,104978.5,150964.70000000013,13540.2,14054.0,16454.600000000002
D2,results/d2_formal/r1/boot_05/batch_20260914T170659.186255Z_d1124d08.json.gz,20260914T170659.186255Z_d1124d08,326e444b-dd39-4b03-81d0-5f7187a4ff16,normal,memory,100,200,100,0,100,0,13555.3,96056.7,98218.5,124598.40000000002,13479.7,13752.0,14250.5
D2,results/d2_formal/r1/boot_05/batch_20260914T170712.282075Z_993d53b0.json.gz,20260914T170712.282075Z_993d53b0,326e444b-dd39-4b03-81d0-5f7187a4ff16,normal,cpu,100,200,100,0,100,0,13709.2,96260.1,112325.5,137673.40000000005,13555.4,14401.5,16340.5
D2,results/d2_formal/r1/boot_05/batch_20260914T170718.918330Z_7d367721.json.gz,20260914T170718.918330Z_7d367721,326e444b-dd39-4b03-81d0-5f7187a4ff16,rootkit,baseline,100,100,100,100,0,0,36864.2,36864.2,38900.0,66917.1,nan,nan,nan
D2,results/d2_formal/r1/boot_05/batch_20260914T170732.067059Z_58f8041c.json.gz,20260914T170732.067059Z_58f8041c,326e444b-dd39-4b03-81d0-5f7187a4ff16,rootkit,mixed,100,100,100,100,0,0,36862.9,36862.9,44103.5,62092.4,nan,nan,nan
D2,results/d2_formal/r1/boot_05/batch_20260914T170739.606237Z_5dfdbab0.json.gz,20260914T170739.606237Z_5dfdbab0,326e444b-dd39-4b03-81d0-5f7187a4ff16,rootkit,memory,100,100,100,100,0,0,36561.9,36561.9,38313.0,44650.10000000006,nan,nan,nan
D2,results/d2_formal/r1/boot_05/batch_20260914T170752.647765Z_902b21a8.json.gz,20260914T170752.647765Z_902b21a8,326e444b-dd39-4b03-81d0-5f7187a4ff16,rootkit,cpu,100,100,100,100,0,0,39518.0,39518.0,49446.5,68542.00000000001,nan,nan,nan
D2,results/d2_formal/r1/boot_05/batch_20260914T170800.144256Z_07afb59a.json.gz,20260914T170800.144256Z_07afb59a,326e444b-dd39-4b03-81d0-5f7187a4ff16,rootkit,memory,100,100,100,100,0,0,36789.8,36789.8,39065.0,65636.10000000002,nan,nan,nan
D2,results/d2_formal/r1/boot_05/batch_20260914T170806.615242Z_1bc94375.json.gz,20260914T170806.615242Z_1bc94375,326e444b-dd39-4b03-81d0-5f7187a4ff16,rootkit,baseline,100,100,100,100,0,0,36309.5,36309.5,38498.0,67763.3,nan,nan,nan
D2,results/d2_formal/r1/boot_05/batch_20260914T170819.645449Z_c58c5932.json.gz,20260914T170819.645449Z_c58c5932,326e444b-dd39-4b03-81d0-5f7187a4ff16,rootkit,cpu,100,100,100,100,0,0,37112.7,37112.7,47134.5,64966.50000000003,nan,nan,nan
D2,results/d2_formal/r1/boot_05/batch_20260914T170832.651064Z_b494d095.json.gz,20260914T170832.651064Z_b494d095,326e444b-dd39-4b03-81d0-5f7187a4ff16,rootkit,mixed,100,100,100,100,0,0,39398.0,39398.0,52364.0,74619.90000000001,nan,nan,nan
D2,results/d2_formal/r1/boot_05/batch_20260914T170846.159072Z_f228f0d5.json.gz,20260914T170846.159072Z_f228f0d5,326e444b-dd39-4b03-81d0-5f7187a4ff16,normal,cpu,100,200,100,0,100,0,13696.2,98618.1,120747.0,159728.80000000002,13496.9,15693.5,16976.6
D2,results/d2_formal/r1/boot_05/batch_20260914T170859.276868Z_132fa4f0.json.gz,20260914T170859.276868Z_132fa4f0,326e444b-dd39-4b03-81d0-5f7187a4ff16,normal,mixed,100,200,100,0,100,0,13694.6,98659.2,117615.5,154168.50000000006,13511.5,15588.5,16494.1
D2,results/d2_formal/r1/boot_05/batch_20260914T170905.817753Z_1ab4e06f.json.gz,20260914T170905.817753Z_1ab4e06f,326e444b-dd39-4b03-81d0-5f7187a4ff16,normal,baseline,100,200,100,0,100,0,13603.0,97392.1,101109.5,138317.20000000007,13500.0,13910.5,14691.1
D2,results/d2_formal/r1/boot_05/batch_20260914T170913.398160Z_4f6e0b46.json.gz,20260914T170913.398160Z_4f6e0b46,326e444b-dd39-4b03-81d0-5f7187a4ff16,normal,memory,100,200,100,0,100,0,13573.8,96296.5,98391.0,121113.6,13454.2,13764.0,14117.800000000001
D2,results/d2_formal/r1/boot_05/batch_20260914T170920.008309Z_6f437868.json.gz,20260914T170920.008309Z_6f437868,326e444b-dd39-4b03-81d0-5f7187a4ff16,rootkit,baseline,100,100,100,100,0,0,36517.2,36517.2,38559.0,66605.40000000001,nan,nan,nan
D2,results/d2_formal/r1/boot_05/batch_20260914T170927.522181Z_76f4404a.json.gz,20260914T170927.522181Z_76f4404a,326e444b-dd39-4b03-81d0-5f7187a4ff16,rootkit,memory,100,100,100,100,0,0,36380.8,36380.8,37747.0,60282.30000000001,nan,nan,nan
D2,results/d2_formal/r1/boot_05/batch_20260914T170940.562053Z_f69b8b98.json.gz,20260914T170940.562053Z_f69b8b98,326e444b-dd39-4b03-81d0-5f7187a4ff16,rootkit,mixed,100,100,100,100,0,0,37163.1,37163.1,46780.5,68914.0,nan,nan,nan
D2,results/d2_formal/r1/boot_05/batch_20260914T170953.531667Z_79f1649c.json.gz,20260914T170953.531667Z_79f1649c,326e444b-dd39-4b03-81d0-5f7187a4ff16,rootkit,cpu,100,100,100,100,0,0,37316.5,37316.5,46266.5,62928.30000000001,nan,nan,nan
D2,results/d2_formal/r1/boot_05/batch_20260914T171007.077930Z_0234108e.json.gz,20260914T171007.077930Z_0234108e,326e444b-dd39-4b03-81d0-5f7187a4ff16,normal,cpu,100,200,100,0,100,0,13824.9,100262.9,115255.0,160838.5,13538.2,15685.5,17195.4
D2,results/d2_formal/r1/boot_05/batch_20260914T171020.200503Z_ded72ddb.json.gz,20260914T171020.200503Z_ded72ddb,326e444b-dd39-4b03-81d0-5f7187a4ff16,normal,mixed,100,200,100,0,100,0,14100.0,102536.4,122798.0,160973.6,13791.4,15819.0,16678.600000000002
D2,results/d2_formal/r1/boot_05/batch_20260914T171027.705234Z_6c008d06.json.gz,20260914T171027.705234Z_6c008d06,326e444b-dd39-4b03-81d0-5f7187a4ff16,normal,memory,100,200,100,0,100,0,13595.0,96863.6,99226.0,143606.00000000006,13441.2,13784.5,14340.0
D2,results/d2_formal/r1/boot_05/batch_20260914T171034.239443Z_b101b143.json.gz,20260914T171034.239443Z_b101b143,326e444b-dd39-4b03-81d0-5f7187a4ff16,normal,baseline,100,200,100,0,100,0,13708.4,97638.5,108257.0,152028.5,13572.8,14041.5,14776.800000000001
D2,results/d2_formal/r1/boot_05/batch_20260914T171040.723194Z_9d0549fb.json.gz,20260914T171040.723194Z_9d0549fb,326e444b-dd39-4b03-81d0-5f7187a4ff16,normal,baseline,100,200,100,0,100,0,13560.6,96819.7,100805.0,143880.0,13522.9,13811.0,14490.2
D2,results/d2_formal/r1/boot_05/batch_20260914T171053.826756Z_fffaf083.json.gz,20260914T171053.826756Z_fffaf083,326e444b-dd39-4b03-81d0-5f7187a4ff16,normal,mixed,100,200,100,0,100,0,13596.1,97817.1,114887.0,161533.30000000002,13518.6,15497.0,17433.3
D2,results/d2_formal/r1/boot_05/batch_20260914T171106.908402Z_7e114f1c.json.gz,20260914T171106.908402Z_7e114f1c,326e444b-dd39-4b03-81d0-5f7187a4ff16,normal,cpu,100,200,100,0,100,0,13710.3,97260.8,118018.0,153885.2,13530.9,15660.5,16618.6
D2,results/d2_formal/r1/boot_05/batch_20260914T171114.423414Z_48bad365.json.gz,20260914T171114.423414Z_48bad365,326e444b-dd39-4b03-81d0-5f7187a4ff16,normal,memory,100,200,100,0,100,0,13548.0,96716.6,98646.0,127855.10000000002,13481.3,13737.0,14233.300000000001
D2,results/d2_formal/r1/boot_05/batch_20260914T171122.098580Z_02c757ad.json.gz,20260914T171122.098580Z_02c757ad,326e444b-dd39-4b03-81d0-5f7187a4ff16,rootkit,memory,100,100,100,100,0,0,36439.3,36439.3,38178.5,61438.30000000002,nan,nan,nan
D2,results/d2_formal/r1/boot_05/batch_20260914T171135.147857Z_b425a358.json.gz,20260914T171135.147857Z_b425a358,326e444b-dd39-4b03-81d0-5f7187a4ff16,rootkit,cpu,100,100,100,100,0,0,38013.3,38013.3,48275.0,71879.50000000001,nan,nan,nan
D2,results/d2_formal/r1/boot_05/batch_20260914T171141.632892Z_ab3a8b15.json.gz,20260914T171141.632892Z_ab3a8b15,326e444b-dd39-4b03-81d0-5f7187a4ff16,rootkit,baseline,100,100,100,100,0,0,36712.0,36712.0,38274.5,66303.8,nan,nan,nan
D2,results/d2_formal/r1/boot_05/batch_20260914T171154.749679Z_aedc0175.json.gz,20260914T171154.749679Z_aedc0175,326e444b-dd39-4b03-81d0-5f7187a4ff16,rootkit,mixed,100,100,100,100,0,0,38130.1,38130.1,50442.5,81408.50000000006,nan,nan,nan
D2,results/d2_formal/r1/boot_05/batch_20260914T171207.716046Z_c5e05303.json.gz,20260914T171207.716046Z_c5e05303,326e444b-dd39-4b03-81d0-5f7187a4ff16,rootkit,cpu,100,100,100,100,0,0,38557.6,38557.6,46206.5,61542.0,nan,nan,nan
D2,results/d2_formal/r1/boot_05/batch_20260914T171220.762013Z_d2d2bc76.json.gz,20260914T171220.762013Z_d2d2bc76,326e444b-dd39-4b03-81d0-5f7187a4ff16,rootkit,mixed,100,100,100,100,0,0,37523.1,37523.1,54337.0,72261.2,nan,nan,nan
D2,results/d2_formal/r1/boot_05/batch_20260914T171228.247539Z_292bdedc.json.gz,20260914T171228.247539Z_292bdedc,326e444b-dd39-4b03-81d0-5f7187a4ff16,rootkit,memory,100,100,100,100,0,0,36780.8,36780.8,38079.0,43565.60000000001,nan,nan,nan
D2,results/d2_formal/r1/boot_05/batch_20260914T171234.728607Z_a5dcab80.json.gz,20260914T171234.728607Z_a5dcab80,326e444b-dd39-4b03-81d0-5f7187a4ff16,rootkit,baseline,100,100,100,100,0,0,37111.8,37111.8,41893.0,76296.60000000002,nan,nan,nan
D2,results/d2_formal/r1/boot_05/batch_20260914T171248.306644Z_a0525af5.json.gz,20260914T171248.306644Z_a0525af5,326e444b-dd39-4b03-81d0-5f7187a4ff16,normal,mixed,100,200,100,0,100,0,13761.9,100706.3,121775.5,161917.50000000003,13552.4,15727.0,16733.2
D2,results/d2_formal/r1/boot_05/batch_20260914T171254.813325Z_9e8d075e.json.gz,20260914T171254.813325Z_9e8d075e,326e444b-dd39-4b03-81d0-5f7187a4ff16,normal,baseline,100,200,100,0,100,0,13665.4,97280.8,99673.0,129475.5,13577.1,13990.0,14479.6
D2,results/d2_formal/r1/boot_05/batch_20260914T171302.370795Z_c085484d.json.gz,20260914T171302.370795Z_c085484d,326e444b-dd39-4b03-81d0-5f7187a4ff16,normal,memory,100,200,100,0,100,0,13605.6,96757.0,98321.0,124582.20000000001,13472.1,13828.5,14315.5
D2,results/d2_formal/r1/boot_05/batch_20260914T171315.359643Z_abe11658.json.gz,20260914T171315.359643Z_abe11658,326e444b-dd39-4b03-81d0-5f7187a4ff16,normal,cpu,100,200,100,0,100,0,13696.5,99700.7,110986.5,131856.9,13487.9,14264.0,16262.500000000002
D2,results/d2_formal/r1/boot_05/batch_20260914T171328.406835Z_366b2e2f.json.gz,20260914T171328.406835Z_366b2e2f,326e444b-dd39-4b03-81d0-5f7187a4ff16,normal,cpu,100,200,100,0,100,0,13638.0,100091.4,115001.0,179491.30000000002,13561.7,15501.5,16738.2
D2,results/d2_formal/r1/boot_05/batch_20260914T171341.504194Z_b699016f.json.gz,20260914T171341.504194Z_b699016f,326e444b-dd39-4b03-81d0-5f7187a4ff16,normal,mixed,100,200,100,0,100,0,13683.2,98463.4,117915.0,138672.1,13527.0,15676.0,16873.1
D2,results/d2_formal/r1/boot_05/batch_20260914T171348.061107Z_dbed5c86.json.gz,20260914T171348.061107Z_dbed5c86,326e444b-dd39-4b03-81d0-5f7187a4ff16,normal,baseline,100,200,100,0,100,0,13630.9,97117.8,100250.5,140734.7000000001,13578.0,13900.5,14484.6
D2,results/d2_formal/r1/boot_05/batch_20260914T171355.580817Z_59a0ab7a.json.gz,20260914T171355.580817Z_59a0ab7a,326e444b-dd39-4b03-81d0-5f7187a4ff16,normal,memory,100,200,100,0,100,0,13612.6,96431.4,98352.5,130261.70000000004,13516.5,13796.0,14290.4
D2,results/d2_formal/r1/boot_05/batch_20260914T171408.797048Z_4c558512.json.gz,20260914T171408.797048Z_4c558512,326e444b-dd39-4b03-81d0-5f7187a4ff16,rootkit,mixed,100,100,100,100,0,0,41045.8,41045.8,49905.5,67896.70000000003,nan,nan,nan
D2,results/d2_formal/r1/boot_05/batch_20260914T171415.322993Z_0d9f469f.json.gz,20260914T171415.322993Z_0d9f469f,326e444b-dd39-4b03-81d0-5f7187a4ff16,rootkit,baseline,100,100,100,100,0,0,36978.7,36978.7,57885.5,69408.3,nan,nan,nan
D2,results/d2_formal/r1/boot_05/batch_20260914T171428.311452Z_c85b0b2e.json.gz,20260914T171428.311452Z_c85b0b2e,326e444b-dd39-4b03-81d0-5f7187a4ff16,rootkit,cpu,100,100,100,100,0,0,37137.8,37137.8,46909.5,69945.5,nan,nan,nan
D2,results/d2_formal/r1/boot_05/batch_20260914T171435.818267Z_6f7ad1b9.json.gz,20260914T171435.818267Z_6f7ad1b9,326e444b-dd39-4b03-81d0-5f7187a4ff16,rootkit,memory,100,100,100,100,0,0,36935.9,36935.9,38559.5,60523.10000000001,nan,nan,nan
D2,results/d2_formal/r1/boot_05/batch_20260914T171442.317003Z_611ebb92.json.gz,20260914T171442.317003Z_611ebb92,326e444b-dd39-4b03-81d0-5f7187a4ff16,rootkit,baseline,100,100,100,100,0,0,37851.7,37851.7,39860.0,68273.8,nan,nan,nan
D2,results/d2_formal/r1/boot_05/batch_20260914T171449.790277Z_41dae530.json.gz,20260914T171449.790277Z_41dae530,326e444b-dd39-4b03-81d0-5f7187a4ff16,rootkit,memory,100,100,100,100,0,0,36315.8,36315.8,37956.0,56869.800000000076,nan,nan,nan
D2,results/d2_formal/r1/boot_05/batch_20260914T171502.839715Z_529650ca.json.gz,20260914T171502.839715Z_529650ca,326e444b-dd39-4b03-81d0-5f7187a4ff16,rootkit,mixed,100,100,100,100,0,0,40021.2,40021.2,50235.0,73788.60000000002,nan,nan,nan
D2,results/d2_formal/r1/boot_05/batch_20260914T171516.153133Z_08646234.json.gz,20260914T171516.153133Z_08646234,326e444b-dd39-4b03-81d0-5f7187a4ff16,rootkit,cpu,100,100,100,100,0,0,36795.9,36795.9,45628.5,64064.60000000001,nan,nan,nan
D2,results/d2_formal/r1/boot_05/batch_20260914T171523.219212Z_044f00ef.json.gz,20260914T171523.219212Z_044f00ef,326e444b-dd39-4b03-81d0-5f7187a4ff16,normal,baseline,100,200,100,0,100,0,13702.8,97936.6,109566.0,142409.90000000002,13508.9,14009.0,14558.6
D2,results/d2_formal/r1/boot_05/batch_20260914T171536.196434Z_569689f2.json.gz,20260914T171536.196434Z_569689f2,326e444b-dd39-4b03-81d0-5f7187a4ff16,normal,cpu,100,200,100,0,100,0,13782.8,99506.4,112106.5,130207.10000000002,13555.0,15470.5,16313.9
D2,results/d2_formal/r1/boot_05/batch_20260914T171543.670349Z_c4694330.json.gz,20260914T171543.670349Z_c4694330,326e444b-dd39-4b03-81d0-5f7187a4ff16,normal,memory,100,200,100,0,100,0,13560.5,96568.1,97801.5,127877.1,13446.7,13812.0,14228.7
D2,results/d2_formal/r1/boot_05/batch_20260914T171556.719693Z_549e5ebe.json.gz,20260914T171556.719693Z_549e5ebe,326e444b-dd39-4b03-81d0-5f7187a4ff16,normal,mixed,100,200,100,0,100,0,13632.7,98107.4,104423.0,134910.0,13523.3,14038.0,16321.5
D2,results/d2_formal/r1/boot_05/batch_20260914T171603.277093Z_60ec78d3.json.gz,20260914T171603.277093Z_60ec78d3,326e444b-dd39-4b03-81d0-5f7187a4ff16,normal,baseline,100,200,100,0,100,0,13669.3,97745.8,122523.5,155179.1,13531.8,13970.5,14512.1
D2,results/d2_formal/r1/boot_05/batch_20260914T171610.757526Z_a423ee28.json.gz,20260914T171610.757526Z_a423ee28,326e444b-dd39-4b03-81d0-5f7187a4ff16,normal,memory,100,200,100,0,100,0,13508.5,96117.7,97590.0,121988.70000000001,13374.2,13741.0,14117.6
D2,results/d2_formal/r1/boot_05/batch_20260914T171623.827433Z_a799c71f.json.gz,20260914T171623.827433Z_a799c71f,326e444b-dd39-4b03-81d0-5f7187a4ff16,normal,mixed,100,200,100,0,100,0,13601.5,100153.5,111091.0,138835.5,13482.8,14235.5,16320.2
D2,results/d2_formal/r1/boot_05/batch_20260914T171636.953813Z_ef62152a.json.gz,20260914T171636.953813Z_ef62152a,326e444b-dd39-4b03-81d0-5f7187a4ff16,normal,cpu,100,200,100,0,100,0,13686.7,98158.8,103014.0,137753.2,13546.4,14165.5,16511.9
D2,results/d2_formal/r1/boot_05/batch_20260914T171650.148510Z_050feb2f.json.gz,20260914T171650.148510Z_050feb2f,326e444b-dd39-4b03-81d0-5f7187a4ff16,rootkit,cpu,100,100,100,100,0,0,38270.9,38270.9,46689.5,69074.40000000001,nan,nan,nan
D2,results/d2_formal/r1/boot_05/batch_20260914T171703.171648Z_a698d966.json.gz,20260914T171703.171648Z_a698d966,326e444b-dd39-4b03-81d0-5f7187a4ff16,rootkit,mixed,100,100,100,100,0,0,39896.4,39896.4,50466.0,78859.90000000002,nan,nan,nan
D2,results/d2_formal/r1/boot_05/batch_20260914T171709.693762Z_18fdb45d.json.gz,20260914T171709.693762Z_18fdb45d,326e444b-dd39-4b03-81d0-5f7187a4ff16,rootkit,baseline,100,100,100,100,0,0,36305.7,36305.7,44104.0,67145.30000000002,nan,nan,nan
D2,results/d2_formal/r1/boot_05/batch_20260914T171717.249957Z_1eeac954.json.gz,20260914T171717.249957Z_1eeac954,326e444b-dd39-4b03-81d0-5f7187a4ff16,rootkit,memory,100,100,100,100,0,0,36816.9,36816.9,38327.5,62074.9,nan,nan,nan
D2,results/d2_formal/r1/boot_05/batch_20260914T171723.668283Z_7a594161.json.gz,20260914T171723.668283Z_7a594161,326e444b-dd39-4b03-81d0-5f7187a4ff16,rootkit,baseline,100,100,100,100,0,0,36852.6,36852.6,40990.0,69364.1,nan,nan,nan
D2,results/d2_formal/r1/boot_05/batch_20260914T171736.612527Z_eff58ac3.json.gz,20260914T171736.612527Z_eff58ac3,326e444b-dd39-4b03-81d0-5f7187a4ff16,rootkit,cpu,100,100,100,100,0,0,36281.2,36281.2,47314.5,69267.0,nan,nan,nan
D2,results/d2_formal/r1/boot_05/batch_20260914T171744.157190Z_de1205aa.json.gz,20260914T171744.157190Z_de1205aa,326e444b-dd39-4b03-81d0-5f7187a4ff16,rootkit,memory,100,100,100,100,0,0,36948.9,36948.9,38180.0,43222.50000000003,nan,nan,nan
D2,results/d2_formal/r1/boot_05/batch_20260914T171757.162872Z_eb44782d.json.gz,20260914T171757.162872Z_eb44782d,326e444b-dd39-4b03-81d0-5f7187a4ff16,rootkit,mixed,100,100,100,100,0,0,36710.5,36710.5,44208.5,63724.20000000001,nan,nan,nan
D2,results/d2_formal/r1/boot_05/batch_20260914T171810.708834Z_416d69a9.json.gz,20260914T171810.708834Z_416d69a9,326e444b-dd39-4b03-81d0-5f7187a4ff16,normal,cpu,100,200,100,0,100,0,13656.2,99343.2,118997.5,138930.30000000008,13439.6,15566.5,16654.0
D2,results/d2_formal/r1/boot_05/batch_20260914T171823.879168Z_b0c1bcea.json.gz,20260914T171823.879168Z_b0c1bcea,326e444b-dd39-4b03-81d0-5f7187a4ff16,normal,mixed,100,200,100,0,100,0,13673.6,99619.9,114107.5,149089.10000000003,13468.8,15691.5,16480.3
D2,results/d2_formal/r1/boot_05/batch_20260914T171831.392996Z_d23710bf.json.gz,20260914T171831.392996Z_d23710bf,326e444b-dd39-4b03-81d0-5f7187a4ff16,normal,memory,100,200,100,0,100,0,13553.6,96406.4,98205.5,128031.3,13448.8,13817.0,14443.3
D2,results/d2_formal/r1/boot_05/batch_20260914T171837.920568Z_d0def3ef.json.gz,20260914T171837.920568Z_d0def3ef,326e444b-dd39-4b03-81d0-5f7187a4ff16,normal,baseline,100,200,100,0,100,0,13594.8,97912.7,115204.0,150893.60000000003,13468.6,13914.5,14751.300000000001
D2,results/d2_formal/r1/boot_05/batch_20260914T171845.427930Z_4e813cb1.json.gz,20260914T171845.427930Z_4e813cb1,326e444b-dd39-4b03-81d0-5f7187a4ff16,normal,memory,100,200,100,0,100,0,13578.6,97511.9,99261.5,122341.8,13484.6,13868.5,14361.8
D2,results/d2_formal/r1/boot_05/batch_20260914T171858.613310Z_5d8b62ab.json.gz,20260914T171858.613310Z_5d8b62ab,326e444b-dd39-4b03-81d0-5f7187a4ff16,normal,mixed,100,200,100,0,100,0,13730.5,99474.0,122039.0,170173.60000000003,13497.4,15748.0,16955.100000000002
D2,results/d2_formal/r1/boot_05/batch_20260914T171911.685933Z_51b1be62.json.gz,20260914T171911.685933Z_51b1be62,326e444b-dd39-4b03-81d0-5f7187a4ff16,normal,cpu,100,200,100,0,100,0,13718.1,97142.5,112086.5,148478.20000000004,13512.1,15510.0,16574.1
D2,results/d2_formal/r1/boot_05/batch_20260914T171918.244412Z_0f232c7e.json.gz,20260914T171918.244412Z_0f232c7e,326e444b-dd39-4b03-81d0-5f7187a4ff16,normal,baseline,100,200,100,0,100,0,13569.8,96921.4,99625.5,136041.10000000003,13466.3,13800.5,14371.0
D2,results/d2_formal/r1/boot_05/batch_20260914T171924.892312Z_c9b53f9d.json.gz,20260914T171924.892312Z_c9b53f9d,326e444b-dd39-4b03-81d0-5f7187a4ff16,rootkit,baseline,100,100,100,100,0,0,37029.4,37029.4,39636.0,66141.7,nan,nan,nan
D2,results/d2_formal/r1/boot_05/batch_20260914T171937.864868Z_66d882f4.json.gz,20260914T171937.864868Z_66d882f4,326e444b-dd39-4b03-81d0-5f7187a4ff16,rootkit,cpu,100,100,100,100,0,0,36071.1,36071.1,47321.0,68878.20000000006,nan,nan,nan
D2,results/d2_formal/r1/boot_05/batch_20260914T171950.946932Z_9a5e9b74.json.gz,20260914T171950.946932Z_9a5e9b74,326e444b-dd39-4b03-81d0-5f7187a4ff16,rootkit,mixed,100,100,100,100,0,0,36630.1,36630.1,46094.5,69928.70000000001,nan,nan,nan
D2,results/d2_formal/r1/boot_05/batch_20260914T171958.399766Z_d27695af.json.gz,20260914T171958.399766Z_d27695af,326e444b-dd39-4b03-81d0-5f7187a4ff16,rootkit,memory,100,100,100,100,0,0,36584.4,36584.4,38131.0,45094.1000000001,nan,nan,nan
D2,results/d2_formal/r1/boot_05/batch_20260914T172005.392820Z_ccf5f46c.json.gz,20260914T172005.392820Z_ccf5f46c,326e444b-dd39-4b03-81d0-5f7187a4ff16,normal,baseline,100,200,100,0,100,0,13520.3,96568.3,98763.0,186324.10000000006,13459.9,13759.5,14248.5
D2,results/d2_formal/r1/boot_05/batch_20260914T172018.463250Z_ebbe3ba7.json.gz,20260914T172018.463250Z_ebbe3ba7,326e444b-dd39-4b03-81d0-5f7187a4ff16,normal,cpu,100,200,100,0,100,0,13625.4,97699.8,104641.0,129701.20000000001,13474.4,14114.0,16642.9
D2,results/d2_formal/r1/boot_05/batch_20260914T172025.953364Z_8cd5bdfd.json.gz,20260914T172025.953364Z_8cd5bdfd,326e444b-dd39-4b03-81d0-5f7187a4ff16,normal,memory,100,200,100,0,100,0,13607.9,97212.7,98599.5,113989.40000000001,13546.6,13829.5,14209.5
D2,results/d2_formal/r1/boot_05/batch_20260914T172039.027338Z_aa0b523e.json.gz,20260914T172039.027338Z_aa0b523e,326e444b-dd39-4b03-81d0-5f7187a4ff16,normal,mixed,100,200,100,0,100,0,13646.0,100005.0,119812.0,138889.90000000002,13414.4,14709.0,17023.7
D2,results/d2_formal/r1/boot_05/batch_20260914T172052.180116Z_35841760.json.gz,20260914T172052.180116Z_35841760,326e444b-dd39-4b03-81d0-5f7187a4ff16,rootkit,mixed,100,100,100,100,0,0,37620.8,37620.8,43476.0,67082.1,nan,nan,nan
D2,results/d2_formal/r1/boot_05/batch_20260914T172105.064209Z_60634b7d.json.gz,20260914T172105.064209Z_60634b7d,326e444b-dd39-4b03-81d0-5f7187a4ff16,rootkit,cpu,100,100,100,100,0,0,38935.3,38935.3,43301.5,59217.600000000006,nan,nan,nan
D2,results/d2_formal/r1/boot_05/batch_20260914T172111.508647Z_baa71c98.json.gz,20260914T172111.508647Z_baa71c98,326e444b-dd39-4b03-81d0-5f7187a4ff16,rootkit,baseline,100,100,100,100,0,0,36370.3,36370.3,38200.0,66133.7,nan,nan,nan
D2,results/d2_formal/r1/boot_05/batch_20260914T172119.019385Z_74420385.json.gz,20260914T172119.019385Z_74420385,326e444b-dd39-4b03-81d0-5f7187a4ff16,rootkit,memory,100,100,100,100,0,0,36390.6,36390.6,37685.5,43807.60000000004,nan,nan,nan
D2,results/d2_formal/r1/boot_05/batch_20260914T172126.486113Z_7de0e8d5.json.gz,20260914T172126.486113Z_7de0e8d5,326e444b-dd39-4b03-81d0-5f7187a4ff16,rootkit,memory,100,100,100,100,0,0,35977.5,35977.5,37140.5,63086.40000000001,nan,nan,nan
D2,results/d2_formal/r1/boot_05/batch_20260914T172139.656103Z_06b494df.json.gz,20260914T172139.656103Z_06b494df,326e444b-dd39-4b03-81d0-5f7187a4ff16,rootkit,mixed,100,100,100,100,0,0,39533.8,39533.8,51768.0,68596.50000000003,nan,nan,nan
D2,results/d2_formal/r1/boot_05/batch_20260914T172152.590531Z_d1f74745.json.gz,20260914T172152.590531Z_d1f74745,326e444b-dd39-4b03-81d0-5f7187a4ff16,rootkit,cpu,100,100,100,100,0,0,36570.2,36570.2,46210.0,66671.50000000001,nan,nan,nan
D2,results/d2_formal/r1/boot_05/batch_20260914T172158.997694Z_d751f9ac.json.gz,20260914T172158.997694Z_d751f9ac,326e444b-dd39-4b03-81d0-5f7187a4ff16,rootkit,baseline,100,100,100,100,0,0,36049.6,36049.6,37883.0,67889.0,nan,nan,nan
D2,results/d2_formal/r1/boot_05/batch_20260914T172206.987481Z_9ce313a2.json.gz,20260914T172206.987481Z_9ce313a2,326e444b-dd39-4b03-81d0-5f7187a4ff16,normal,memory,100,200,100,0,100,0,13564.5,96912.0,98743.0,123717.40000000002,13467.5,13855.5,14332.2
D2,results/d2_formal/r1/boot_05/batch_20260914T172213.472115Z_bc784ade.json.gz,20260914T172213.472115Z_bc784ade,326e444b-dd39-4b03-81d0-5f7187a4ff16,normal,baseline,100,200,100,0,100,0,13633.9,97839.2,100162.0,147109.5000000001,13514.4,13908.0,14313.2
D2,results/d2_formal/r1/boot_05/batch_20260914T172226.503984Z_c223e4b4.json.gz,20260914T172226.503984Z_c223e4b4,326e444b-dd39-4b03-81d0-5f7187a4ff16,normal,cpu,100,200,100,0,100,0,13622.9,98489.2,112536.0,166422.90000000002,13498.6,14551.0,16576.3
D2,results/d2_formal/r1/boot_05/batch_20260914T172238.794485Z_3a08fc1d.json.gz,20260914T172238.794485Z_3a08fc1d,326e444b-dd39-4b03-81d0-5f7187a4ff16,normal,mixed,100,200,100,0,100,0,13934.5,105074.6,128259.5,156910.80000000008,13595.3,15793.5,18789.50000000002
D2,results/d2_formal/r1/boot_05/batch_20260914T172251.915019Z_a402fd76.json.gz,20260914T172251.915019Z_a402fd76,326e444b-dd39-4b03-81d0-5f7187a4ff16,normal,mixed,100,200,100,0,100,0,13605.0,98394.3,117697.5,148418.20000000004,13503.5,15622.5,16496.100000000002
D2,results/d2_formal/r1/boot_05/batch_20260914T172258.403777Z_b660ee6b.json.gz,20260914T172258.403777Z_b660ee6b,326e444b-dd39-4b03-81d0-5f7187a4ff16,normal,baseline,100,200,100,0,100,0,13818.8,97323.0,102305.5,150381.90000000002,13690.0,14066.5,14736.300000000001
D2,results/d2_formal/r1/boot_05/batch_20260914T172311.443548Z_780e3a56.json.gz,20260914T172311.443548Z_780e3a56,326e444b-dd39-4b03-81d0-5f7187a4ff16,normal,cpu,100,200,100,0,100,0,13638.6,97213.2,116670.5,150363.10000000006,13460.5,15467.5,16958.800000000003
D2,results/d2_formal/r1/boot_05/batch_20260914T172318.924923Z_10092009.json.gz,20260914T172318.924923Z_10092009,326e444b-dd39-4b03-81d0-5f7187a4ff16,normal,memory,100,200,100,0,100,0,13586.8,95947.9,98167.0,131762.40000000002,13508.4,13811.0,14394.300000000001
D2,results/d2_formal/r1/boot_05/batch_20260914T172326.523949Z_1ace9601.json.gz,20260914T172326.523949Z_1ace9601,326e444b-dd39-4b03-81d0-5f7187a4ff16,rootkit,memory,100,100,100,100,0,0,36719.5,36719.5,37951.5,60699.60000000001,nan,nan,nan
D2,results/d2_formal/r1/boot_05/batch_20260914T172332.991085Z_98f27b67.json.gz,20260914T172332.991085Z_98f27b67,326e444b-dd39-4b03-81d0-5f7187a4ff16,rootkit,baseline,100,100,100,100,0,0,36283.2,36283.2,38018.5,65138.3,nan,nan,nan
D2,results/d2_formal/r1/boot_05/batch_20260914T172346.025312Z_3f0b8412.json.gz,20260914T172346.025312Z_3f0b8412,326e444b-dd39-4b03-81d0-5f7187a4ff16,rootkit,mixed,100,100,100,100,0,0,41141.5,41141.5,55180.0,70196.0,nan,nan,nan
D2,results/d2_formal/r1/boot_05/batch_20260914T172359.041651Z_3a6c1167.json.gz,20260914T172359.041651Z_3a6c1167,326e444b-dd39-4b03-81d0-5f7187a4ff16,rootkit,cpu,100,100,100,100,0,0,38358.8,38358.8,51204.5,71247.70000000004,nan,nan,nan
D2,results/d2_formal/r1/boot_05/batch_20260914T172406.057428Z_4fd74d21.json.gz,20260914T172406.057428Z_4fd74d21,326e444b-dd39-4b03-81d0-5f7187a4ff16,normal,baseline,100,200,100,0,100,0,13692.1,97662.4,122864.0,145869.30000000002,13551.6,14024.0,14736.6
D2,results/d2_formal/r1/boot_05/batch_20260914T172413.543269Z_92d6d377.json.gz,20260914T172413.543269Z_92d6d377,326e444b-dd39-4b03-81d0-5f7187a4ff16,normal,memory,100,200,100,0,100,0,13504.0,96060.6,97840.5,129176.1,13404.8,13705.5,14109.7
D2,results/d2_formal/r1/boot_05/batch_20260914T172426.589260Z_9de542d4.json.gz,20260914T172426.589260Z_9de542d4,326e444b-dd39-4b03-81d0-5f7187a4ff16,normal,cpu,100,200,100,0,100,0,13742.4,98758.9,114881.5,133007.7,13441.4,15520.5,16460.7
D2,results/d2_formal/r1/boot_05/batch_20260914T172439.492626Z_429e0a75.json.gz,20260914T172439.492626Z_429e0a75,326e444b-dd39-4b03-81d0-5f7187a4ff16,normal,mixed,100,200,100,0,100,0,13552.8,96787.9,102161.0,131336.2,13429.2,13853.0,16128.6
D2,results/d2_formal/r1/boot_05/batch_20260914T172447.080944Z_35c2714a.json.gz,20260914T172447.080944Z_35c2714a,326e444b-dd39-4b03-81d0-5f7187a4ff16,rootkit,memory,100,100,100,100,0,0,37097.0,37097.0,38570.0,65970.8,nan,nan,nan
D2,results/d2_formal/r1/boot_05/batch_20260914T172500.151230Z_18755304.json.gz,20260914T172500.151230Z_18755304,326e444b-dd39-4b03-81d0-5f7187a4ff16,rootkit,mixed,100,100,100,100,0,0,38689.3,38689.3,48145.5,74914.3,nan,nan,nan
D2,results/d2_formal/r1/boot_05/batch_20260914T172506.692877Z_70d5ec3a.json.gz,20260914T172506.692877Z_70d5ec3a,326e444b-dd39-4b03-81d0-5f7187a4ff16,rootkit,baseline,100,100,100,100,0,0,36235.2,36235.2,38205.0,66791.3,nan,nan,nan
D2,results/d2_formal/r1/boot_05/batch_20260914T172519.709390Z_e92d9868.json.gz,20260914T172519.709390Z_e92d9868,326e444b-dd39-4b03-81d0-5f7187a4ff16,rootkit,cpu,100,100,100,100,0,0,38243.3,38243.3,44568.0,63774.600000000006,nan,nan,nan
D2,results/d2_formal/r1/boot_05/batch_20260914T172533.229982Z_08707dd2.json.gz,20260914T172533.229982Z_08707dd2,326e444b-dd39-4b03-81d0-5f7187a4ff16,normal,cpu,100,200,100,0,100,0,13529.7,97098.2,109481.5,143979.90000000002,13425.6,14258.5,16624.600000000002
D2,results/d2_formal/r1/boot_05/batch_20260914T172539.766003Z_f8beb2ea.json.gz,20260914T172539.766003Z_f8beb2ea,326e444b-dd39-4b03-81d0-5f7187a4ff16,normal,baseline,100,200,100,0,100,0,13713.8,97535.3,100342.0,167286.40000000002,13546.1,14005.0,14485.5
D2,results/d2_formal/r1/boot_05/batch_20260914T172552.828958Z_58c0b20d.json.gz,20260914T172552.828958Z_58c0b20d,326e444b-dd39-4b03-81d0-5f7187a4ff16,normal,mixed,100,200,100,0,100,0,13877.9,101808.1,122158.0,149438.50000000003,13657.4,15898.5,16697.3
D2,results/d2_formal/r1/boot_05/batch_20260914T172600.282980Z_dad6f274.json.gz,20260914T172600.282980Z_dad6f274,326e444b-dd39-4b03-81d0-5f7187a4ff16,normal,memory,100,200,100,0,100,0,13584.9,97000.4,98677.0,118205.50000000001,13489.6,13873.0,14296.4
D2,results/d2_formal/r1/boot_05/batch_20260914T172613.326952Z_56897d9d.json.gz,20260914T172613.326952Z_56897d9d,326e444b-dd39-4b03-81d0-5f7187a4ff16,rootkit,mixed,100,100,100,100,0,0,37809.8,37809.8,49671.0,84203.10000000005,nan,nan,nan
D2,results/d2_formal/r1/boot_05/batch_20260914T172626.333291Z_7c6a3699.json.gz,20260914T172626.333291Z_7c6a3699,326e444b-dd39-4b03-81d0-5f7187a4ff16,rootkit,cpu,100,100,100,100,0,0,36471.6,36471.6,47675.5,70764.60000000005,nan,nan,nan
D2,results/d2_formal/r1/boot_05/batch_20260914T172633.880906Z_3202228d.json.gz,20260914T172633.880906Z_3202228d,326e444b-dd39-4b03-81d0-5f7187a4ff16,rootkit,memory,100,100,100,100,0,0,36202.6,36202.6,37788.0,41208.700000000004,nan,nan,nan
D2,results/d2_formal/r1/boot_05/batch_20260914T172640.299927Z_726be53f.json.gz,20260914T172640.299927Z_726be53f,326e444b-dd39-4b03-81d0-5f7187a4ff16,rootkit,baseline,100,100,100,100,0,0,36658.0,36658.0,40859.0,68025.40000000002,nan,nan,nan
D2,results/d2_formal/r1/boot_05/batch_20260914T172646.879938Z_7d71a5f6.json.gz,20260914T172646.879938Z_7d71a5f6,326e444b-dd39-4b03-81d0-5f7187a4ff16,rootkit,baseline,100,100,100,100,0,0,37573.9,37573.9,63005.5,72827.70000000001,nan,nan,nan
D2,results/d2_formal/r1/boot_05/batch_20260914T172659.869635Z_04152ac7.json.gz,20260914T172659.869635Z_04152ac7,326e444b-dd39-4b03-81d0-5f7187a4ff16,rootkit,cpu,100,100,100,100,0,0,36488.1,36488.1,45615.5,71947.80000000003,nan,nan,nan
D2,results/d2_formal/r1/boot_05/batch_20260914T172707.372383Z_0a364f91.json.gz,20260914T172707.372383Z_0a364f91,326e444b-dd39-4b03-81d0-5f7187a4ff16,rootkit,memory,100,100,100,100,0,0,36462.8,36462.8,37858.0,50913.300000000025,nan,nan,nan
D2,results/d2_formal/r1/boot_05/batch_20260914T172720.414503Z_00a23ccf.json.gz,20260914T172720.414503Z_00a23ccf,326e444b-dd39-4b03-81d0-5f7187a4ff16,rootkit,mixed,100,100,100,100,0,0,37008.9,37008.9,46927.5,65638.50000000003,nan,nan,nan
D2,results/d2_formal/r1/boot_05/batch_20260914T172733.863344Z_9868ce00.json.gz,20260914T172733.863344Z_9868ce00,326e444b-dd39-4b03-81d0-5f7187a4ff16,normal,cpu,100,200,100,0,100,0,13532.6,97975.0,111741.5,145728.90000000008,13391.3,14973.5,16533.1
D2,results/d2_formal/r1/boot_05/batch_20260914T172740.478377Z_ea4b4309.json.gz,20260914T172740.478377Z_ea4b4309,326e444b-dd39-4b03-81d0-5f7187a4ff16,normal,baseline,100,200,100,0,100,0,13660.7,97154.6,101495.0,149861.30000000002,13545.7,14069.0,14474.800000000001
D2,results/d2_formal/r1/boot_05/batch_20260914T172747.959353Z_46a1b2c5.json.gz,20260914T172747.959353Z_46a1b2c5,326e444b-dd39-4b03-81d0-5f7187a4ff16,normal,memory,100,200,100,0,100,0,13506.4,97304.6,99427.5,125725.3,13389.9,13769.0,14276.7
D2,results/d2_formal/r1/boot_05/batch_20260914T172801.118081Z_49e67747.json.gz,20260914T172801.118081Z_49e67747,326e444b-dd39-4b03-81d0-5f7187a4ff16,normal,mixed,100,200,100,0,100,0,13961.3,101102.7,122821.0,168836.2,13730.7,15826.5,16734.9
D2,results/d2_formal/r1/boot_05/batch_20260914T172814.331855Z_1d8ca03e.json.gz,20260914T172814.331855Z_1d8ca03e,326e444b-dd39-4b03-81d0-5f7187a4ff16,rootkit,mixed,100,100,100,100,0,0,41091.9,41091.9,52329.5,75631.70000000001,nan,nan,nan
D2,results/d2_formal/r1/boot_05/batch_20260914T172821.821309Z_7a093239.json.gz,20260914T172821.821309Z_7a093239,326e444b-dd39-4b03-81d0-5f7187a4ff16,rootkit,memory,100,100,100,100,0,0,36651.8,36651.8,38107.5,41446.700000000004,nan,nan,nan
D2,results/d2_formal/r1/boot_05/batch_20260914T172828.317533Z_5fdd6e8c.json.gz,20260914T172828.317533Z_5fdd6e8c,326e444b-dd39-4b03-81d0-5f7187a4ff16,rootkit,baseline,100,100,100,100,0,0,36227.0,36227.0,38019.5,64657.6,nan,nan,nan
D2,results/d2_formal/r1/boot_05/batch_20260914T172841.348395Z_9d73d843.json.gz,20260914T172841.348395Z_9d73d843,326e444b-dd39-4b03-81d0-5f7187a4ff16,rootkit,cpu,100,100,100,100,0,0,36983.1,36983.1,45555.5,66603.7,nan,nan,nan
D2,results/d2_formal/r1/boot_05/batch_20260914T172848.352040Z_e94398bb.json.gz,20260914T172848.352040Z_e94398bb,326e444b-dd39-4b03-81d0-5f7187a4ff16,normal,baseline,100,200,100,0,100,0,13623.5,97536.5,101521.5,150411.0,13504.8,13936.5,14359.2
D2,results/d2_formal/r1/boot_05/batch_20260914T172901.476445Z_162f60bd.json.gz,20260914T172901.476445Z_162f60bd,326e444b-dd39-4b03-81d0-5f7187a4ff16,normal,mixed,100,200,100,0,100,0,13663.9,98812.3,118958.5,165385.0,13536.7,15778.5,17013.7
D2,results/d2_formal/r1/boot_05/batch_20260914T172914.489821Z_14ad8ce8.json.gz,20260914T172914.489821Z_14ad8ce8,326e444b-dd39-4b03-81d0-5f7187a4ff16,normal,cpu,100,200,100,0,100,0,13592.8,96578.5,112401.0,142567.80000000002,13403.1,14843.5,16281.8
D2,results/d2_formal/r1/boot_05/batch_20260914T172921.952334Z_769ca7ae.json.gz,20260914T172921.952334Z_769ca7ae,326e444b-dd39-4b03-81d0-5f7187a4ff16,normal,memory,100,200,100,0,100,0,13480.7,96263.6,98431.0,117194.0,13418.1,13722.0,14142.7
D2,results/d2_formal/r1/boot_05/batch_20260914T172935.003819Z_22256efa.json.gz,20260914T172935.003819Z_22256efa,326e444b-dd39-4b03-81d0-5f7187a4ff16,normal,cpu,100,200,100,0,100,0,13768.9,98833.9,110601.0,153571.20000000004,13616.7,14371.0,16422.7
D2,results/d2_formal/r1/boot_05/batch_20260914T172948.093405Z_b840c04a.json.gz,20260914T172948.093405Z_b840c04a,326e444b-dd39-4b03-81d0-5f7187a4ff16,normal,mixed,100,200,100,0,100,0,13739.3,99534.2,117817.5,150921.50000000003,13574.8,15689.5,16563.0
D2,results/d2_formal/r1/boot_05/batch_20260914T172954.661225Z_484d184f.json.gz,20260914T172954.661225Z_484d184f,326e444b-dd39-4b03-81d0-5f7187a4ff16,normal,baseline,100,200,100,0,100,0,13579.6,97126.4,99132.5,154444.70000000004,13448.5,13797.5,14365.800000000001
D2,results/d2_formal/r1/boot_05/batch_20260914T173002.186560Z_56d1f949.json.gz,20260914T173002.186560Z_56d1f949,326e444b-dd39-4b03-81d0-5f7187a4ff16,normal,memory,100,200,100,0,100,0,13503.7,96986.6,98673.0,106406.50000000009,13378.0,13903.5,14283.9
D2,results/d2_formal/r1/boot_05/batch_20260914T173015.304512Z_303b730c.json.gz,20260914T173015.304512Z_303b730c,326e444b-dd39-4b03-81d0-5f7187a4ff16,rootkit,mixed,100,100,100,100,0,0,41020.1,41020.1,45239.0,70032.80000000002,nan,nan,nan
D2,results/d2_formal/r1/boot_05/batch_20260914T173028.252560Z_a2c422f5.json.gz,20260914T173028.252560Z_a2c422f5,326e444b-dd39-4b03-81d0-5f7187a4ff16,rootkit,cpu,100,100,100,100,0,0,38744.0,38744.0,48550.5,77971.90000000001,nan,nan,nan
D2,results/d2_formal/r1/boot_05/batch_20260914T173034.657048Z_59b0e15c.json.gz,20260914T173034.657048Z_59b0e15c,326e444b-dd39-4b03-81d0-5f7187a4ff16,rootkit,baseline,100,100,100,100,0,0,36748.2,36748.2,39436.5,67120.1,nan,nan,nan
D2,results/d2_formal/r1/boot_05/batch_20260914T173042.123614Z_5ce8456b.json.gz,20260914T173042.123614Z_5ce8456b,326e444b-dd39-4b03-81d0-5f7187a4ff16,rootkit,memory,100,100,100,100,0,0,36427.6,36427.6,37856.0,41080.2,nan,nan,nan
D3-r1-calibration,results/d3_formal/raw_r1/calibration/batch_20260918T060537.104726Z_955e247d.json.gz,20260918T060537.104726Z_955e247d,76d11ffe-3a90-4f24-a325-f0ca66b35715,normal,cpu,100,200,100,0,100,0,16442.6,121812.9,150856.0,182226.0,14877.5,20659.5,23073.800000000003
D3-r1-calibration,results/d3_formal/raw_r1/calibration/batch_20260918T060551.509238Z_551677ae.json.gz,20260918T060551.509238Z_551677ae,76d11ffe-3a90-4f24-a325-f0ca66b35715,normal,cpu,100,200,100,0,100,0,15993.9,110518.0,149943.0,198650.6,14609.2,20250.0,22755.300000000003
D3-r1-calibration,results/d3_formal/raw_r1/calibration/batch_20260918T060605.730136Z_0201de51.json.gz,20260918T060605.730136Z_0201de51,76d11ffe-3a90-4f24-a325-f0ca66b35715,normal,cpu,100,200,100,0,100,0,16162.7,113997.9,151467.5,208691.50000000012,14694.7,20135.0,22859.200000000004
D3-r1-calibration,results/d3_formal/raw_r1/calibration/batch_20260918T060620.089460Z_0eb685ac.json.gz,20260918T060620.089460Z_0eb685ac,76d11ffe-3a90-4f24-a325-f0ca66b35715,normal,cpu,100,200,100,0,100,0,16254.9,114154.1,150921.5,172019.40000000002,14769.1,20250.5,22884.9
D3-r1-calibration,results/d3_formal/raw_r1/calibration/batch_20260918T060634.518122Z_e64bfd2c.json.gz,20260918T060634.518122Z_e64bfd2c,76d11ffe-3a90-4f24-a325-f0ca66b35715,normal,cpu,100,200,100,0,100,0,17089.600000000002,126514.1,153135.0,189492.5,16010.4,20187.5,22673.600000000002
D3-r1-calibration,results/d3_formal/raw_r1/calibration/batch_20260918T060649.099613Z_23336ecd.json.gz,20260918T060649.099613Z_23336ecd,76d11ffe-3a90-4f24-a325-f0ca66b35715,normal,cpu,100,200,100,0,100,0,16063.6,114455.5,150119.0,191947.20000000007,14970.5,19826.5,22466.0
D3-r1-calibration,results/d3_formal/raw_r1/calibration/batch_20260918T060703.976306Z_e887fa93.json.gz,20260918T060703.976306Z_e887fa93,76d11ffe-3a90-4f24-a325-f0ca66b35715,normal,cpu,100,200,100,0,100,0,16138.0,114571.9,151316.5,188531.0,14701.1,20504.5,24270.500000000007
D3-r1-calibration,results/d3_formal/raw_r1/calibration/batch_20260918T060718.707595Z_8df5e9f0.json.gz,20260918T060718.707595Z_8df5e9f0,76d11ffe-3a90-4f24-a325-f0ca66b35715,normal,cpu,100,200,100,0,100,0,18382.6,121920.6,152507.5,195197.8,15163.2,20583.0,22637.6
D3-r1-calibration,results/d3_formal/raw_r1/calibration/batch_20260918T060733.252901Z_2cc98d9c.json.gz,20260918T060733.252901Z_2cc98d9c,76d11ffe-3a90-4f24-a325-f0ca66b35715,normal,cpu,100,200,100,0,100,0,16505.2,116974.1,150885.5,184731.30000000002,15922.8,20190.0,22561.4
D3-r1-calibration,results/d3_formal/raw_r1/calibration/batch_20260918T060748.639034Z_601224aa.json.gz,20260918T060748.639034Z_601224aa,76d11ffe-3a90-4f24-a325-f0ca66b35715,normal,cpu,100,200,100,0,100,0,18218.2,129004.5,153133.0,192032.9,15056.2,20331.5,22137.2
D3-r1-calibration,results/d3_formal/raw_r1/calibration/batch_20260918T060803.076120Z_769b6bee.json.gz,20260918T060803.076120Z_769b6bee,76d11ffe-3a90-4f24-a325-f0ca66b35715,normal,cpu,100,200,100,0,100,0,16103.8,115261.0,150744.5,183286.30000000002,15837.9,20269.5,22476.2
D3-r1-calibration,results/d3_formal/raw_r1/calibration/batch_20260918T060817.411079Z_76c8b8f4.json.gz,20260918T060817.411079Z_76c8b8f4,76d11ffe-3a90-4f24-a325-f0ca66b35715,normal,cpu,100,200,100,0,100,0,16693.100000000002,121346.4,149835.0,192315.30000000002,15911.0,20103.0,22285.5
D3-r1-calibration,results/d3_formal/raw_r1/calibration/batch_20260918T060831.799760Z_ca7fa802.json.gz,20260918T060831.799760Z_ca7fa802,76d11ffe-3a90-4f24-a325-f0ca66b35715,normal,cpu,100,200,100,0,100,0,16376.800000000001,114492.8,155914.5,190327.2,14665.6,20427.0,22785.700000000004
D3-r1-calibration,results/d3_formal/raw_r1/calibration/batch_20260918T060846.296612Z_fc2c9fed.json.gz,20260918T060846.296612Z_fc2c9fed,76d11ffe-3a90-4f24-a325-f0ca66b35715,normal,cpu,100,200,100,0,100,0,18508.600000000002,113175.8,153984.0,178565.6,14547.5,20476.0,22635.4
D3-r1-calibration,results/d3_formal/raw_r1/calibration/batch_20260918T060900.537970Z_2cb4913d.json.gz,20260918T060900.537970Z_2cb4913d,76d11ffe-3a90-4f24-a325-f0ca66b35715,normal,cpu,100,200,100,0,100,0,18897.3,125717.5,154563.0,186870.0,16158.1,20726.5,23058.000000000004
D3-r1-calibration,results/d3_formal/raw_r1/calibration/batch_20260918T060914.854059Z_6a82e796.json.gz,20260918T060914.854059Z_6a82e796,76d11ffe-3a90-4f24-a325-f0ca66b35715,normal,cpu,100,200,100,0,100,0,18865.2,121538.8,153770.5,182624.00000000003,16052.8,20589.5,25341.800000000054
D3-r1-calibration,results/d3_formal/raw_r1/calibration/batch_20260918T060929.236782Z_c427cd11.json.gz,20260918T060929.236782Z_c427cd11,76d11ffe-3a90-4f24-a325-f0ca66b35715,normal,cpu,100,200,100,0,100,0,16418.3,113213.5,152145.5,180052.4,14933.2,20985.5,23227.000000000004
D3-r1-calibration,results/d3_formal/raw_r1/calibration/batch_20260918T060943.604736Z_b46e564f.json.gz,20260918T060943.604736Z_b46e564f,76d11ffe-3a90-4f24-a325-f0ca66b35715,normal,cpu,100,200,100,0,100,0,16248.7,117192.9,148857.0,181813.10000000012,15788.9,19973.0,22288.9
D3-r1-calibration,results/d3_formal/raw_r1/calibration/batch_20260918T060958.090625Z_0b88e512.json.gz,20260918T060958.090625Z_0b88e512,76d11ffe-3a90-4f24-a325-f0ca66b35715,normal,cpu,100,200,100,0,100,0,17968.800000000003,110334.1,148591.0,187573.80000000002,14830.3,20555.0,22424.600000000002
D3-r1-calibration,results/d3_formal/raw_r1/calibration/batch_20260918T061012.398504Z_869c0d5a.json.gz,20260918T061012.398504Z_869c0d5a,76d11ffe-3a90-4f24-a325-f0ca66b35715,normal,cpu,100,200,100,0,100,0,16271.2,123827.0,149977.5,177910.8,15994.1,20429.5,22900.3
D3-r1-calibration,results/d3_formal/raw_r1/calibration/batch_20260918T061026.732235Z_acccd1e2.json.gz,20260918T061026.732235Z_acccd1e2,76d11ffe-3a90-4f24-a325-f0ca66b35715,normal,cpu,100,200,100,0,100,0,16244.1,109408.3,150060.0,185416.3,14583.7,20406.0,22635.500000000004
D3-r1-calibration,results/d3_formal/raw_r1/calibration/batch_20260918T061041.566704Z_5868c8ed.json.gz,20260918T061041.566704Z_5868c8ed,76d11ffe-3a90-4f24-a325-f0ca66b35715,normal,cpu,100,200,100,0,100,0,16480.7,116583.2,148010.0,184093.90000000002,15821.0,20443.0,22630.1
D3-r1-calibration,results/d3_formal/raw_r1/calibration/batch_20260918T061055.870637Z_a509a560.json.gz,20260918T061055.870637Z_a509a560,76d11ffe-3a90-4f24-a325-f0ca66b35715,normal,cpu,100,200,100,0,100,0,16203.1,115170.8,152563.0,203766.30000000002,15474.5,20327.5,22680.2
D3-r1-calibration,results/d3_formal/raw_r1/calibration/batch_20260918T061110.202353Z_ebb05b22.json.gz,20260918T061110.202353Z_ebb05b22,76d11ffe-3a90-4f24-a325-f0ca66b35715,normal,cpu,100,200,100,0,100,0,16445.2,116419.0,149949.0,180413.9,15761.6,20491.0,23340.60000000001
D3-r1-calibration,results/d3_formal/raw_r1/calibration/batch_20260918T061124.502558Z_2289c93b.json.gz,20260918T061124.502558Z_2289c93b,76d11ffe-3a90-4f24-a325-f0ca66b35715,normal,cpu,100,200,100,0,100,0,16707.0,114609.9,150954.5,186655.40000000002,15774.6,20292.5,23190.100000000006
D3-r1-calibration,results/d3_formal/raw_r1/calibration/batch_20260918T061138.806692Z_fb7699ee.json.gz,20260918T061138.806692Z_fb7699ee,76d11ffe-3a90-4f24-a325-f0ca66b35715,normal,cpu,100,200,100,0,100,0,18569.2,121815.8,151293.0,182280.30000000013,15870.1,20418.0,22600.7
D3-r1-calibration,results/d3_formal/raw_r1/calibration/batch_20260918T061153.235085Z_4c12c3bf.json.gz,20260918T061153.235085Z_4c12c3bf,76d11ffe-3a90-4f24-a325-f0ca66b35715,normal,cpu,100,200,100,0,100,0,16383.7,115177.5,152141.5,199932.30000000002,15733.8,20496.0,22684.9
D3-r1-calibration,results/d3_formal/raw_r1/calibration/batch_20260918T061207.554218Z_98e4d1c4.json.gz,20260918T061207.554218Z_98e4d1c4,76d11ffe-3a90-4f24-a325-f0ca66b35715,normal,cpu,100,200,100,0,100,0,16905.8,124648.0,154180.0,195289.30000000002,14929.2,20382.5,23038.800000000003
D3-r1-calibration,results/d3_formal/raw_r1/calibration/batch_20260918T061221.597231Z_f1d52b2b.json.gz,20260918T061221.597231Z_f1d52b2b,76d11ffe-3a90-4f24-a325-f0ca66b35715,normal,cpu,100,200,100,0,100,0,18451.6,116945.0,150391.0,182733.3,16132.0,20547.5,22926.9
D3-r1-calibration,results/d3_formal/raw_r1/calibration/batch_20260918T061235.887460Z_cf1d417c.json.gz,20260918T061235.887460Z_cf1d417c,76d11ffe-3a90-4f24-a325-f0ca66b35715,normal,cpu,100,200,100,0,100,0,17741.200000000004,117075.0,150320.5,190162.30000000002,15992.5,20550.0,22524.3
D3-r1-calibration,results/d3_formal/raw_r1/calibration/batch_20260918T061243.907732Z_0f8b3e5c.json.gz,20260918T061243.907732Z_0f8b3e5c,76d11ffe-3a90-4f24-a325-f0ca66b35715,normal,baseline,100,200,100,0,100,0,20583.9,150410.5,179281.5,221173.50000000006,19639.3,22271.0,23007.5
D3-r1-calibration,results/d3_formal/raw_r1/calibration/batch_20260918T061251.815373Z_9e941af3.json.gz,20260918T061251.815373Z_9e941af3,76d11ffe-3a90-4f24-a325-f0ca66b35715,normal,baseline,100,200,100,0,100,0,15178.7,105667.1,155486.5,263109.1000000001,14646.4,21931.5,23091.4
D3-r1-calibration,results/d3_formal/raw_r1/calibration/batch_20260918T061259.636763Z_662dc981.json.gz,20260918T061259.636763Z_662dc981,76d11ffe-3a90-4f24-a325-f0ca66b35715,normal,baseline,100,200,100,0,100,0,14514.7,104341.2,143814.0,216081.90000000008,14392.2,19467.5,23095.2
D3-r1-calibration,results/d3_formal/raw_r1/calibration/batch_20260918T061307.596057Z_e455459c.json.gz,20260918T061307.596057Z_e455459c,76d11ffe-3a90-4f24-a325-f0ca66b35715,normal,baseline,100,200,100,0,100,0,21135.3,146760.5,162101.5,222153.70000000004,20110.7,22492.0,23498.1
D3-r1-calibration,results/d3_formal/raw_r1/calibration/batch_20260918T061315.574351Z_f9323423.json.gz,20260918T061315.574351Z_f9323423,76d11ffe-3a90-4f24-a325-f0ca66b35715,normal,baseline,100,200,100,0,100,0,14806.4,106257.4,155055.0,209352.50000000003,14419.1,21627.0,25648.100000000006
D3-r1-calibration,results/d3_formal/raw_r1/calibration/batch_20260918T061323.337618Z_a58c4e2b.json.gz,20260918T061323.337618Z_a58c4e2b,76d11ffe-3a90-4f24-a325-f0ca66b35715,normal,baseline,100,200,100,0,100,0,14453.0,103274.5,106004.5,160727.20000000016,14340.1,14680.0,22222.5
D3-r1-calibration,results/d3_formal/raw_r1/calibration/batch_20260918T061331.064092Z_40fcf2fc.json.gz,20260918T061331.064092Z_40fcf2fc,76d11ffe-3a90-4f24-a325-f0ca66b35715,normal,baseline,100,200,100,0,100,0,21849.8,149037.5,165693.0,230463.00000000006,20245.4,22248.0,22892.4
D3-r1-calibration,results/d3_formal/raw_r1/calibration/batch_20260918T061338.894519Z_60aab5ff.json.gz,20260918T061338.894519Z_60aab5ff,76d11ffe-3a90-4f24-a325-f0ca66b35715,normal,baseline,100,200,100,0,100,0,18158.0,121687.3,160497.5,210439.5,14587.2,22144.5,22686.4
D3-r1-calibration,results/d3_formal/raw_r1/calibration/batch_20260918T061347.105599Z_edacb2fe.json.gz,20260918T061347.105599Z_edacb2fe,76d11ffe-3a90-4f24-a325-f0ca66b35715,normal,baseline,100,200,100,0,100,0,14511.2,104609.5,147807.0,201192.0,14345.4,20236.5,22834.4
D3-r1-calibration,results/d3_formal/raw_r1/calibration/batch_20260918T061354.902022Z_c789a54c.json.gz,20260918T061354.902022Z_c789a54c,76d11ffe-3a90-4f24-a325-f0ca66b35715,normal,baseline,100,200,100,0,100,0,14440.7,103895.6,109366.5,185390.2,14381.0,14881.0,22090.4
D3-r1-calibration,results/d3_formal/raw_r1/calibration/batch_20260918T061402.965325Z_ca7c01b1.json.gz,20260918T061402.965325Z_ca7c01b1,76d11ffe-3a90-4f24-a325-f0ca66b35715,normal,baseline,100,200,100,0,100,0,19622.4,133497.6,157375.5,195978.6,14958.2,22056.5,23444.2
D3-r1-calibration,results/d3_formal/raw_r1/calibration/batch_20260918T061410.784455Z_fc8cd08b.json.gz,20260918T061410.784455Z_fc8cd08b,76d11ffe-3a90-4f24-a325-f0ca66b35715,normal,baseline,100,200,100,0,100,0,14485.8,104367.5,110199.5,161644.70000000004,14393.9,14923.5,22170.300000000003
D3-r1-calibration,results/d3_formal/raw_r1/calibration/batch_20260918T061418.759063Z_5c71f154.json.gz,20260918T061418.759063Z_5c71f154,76d11ffe-3a90-4f24-a325-f0ca66b35715,normal,baseline,100,200,100,0,100,0,18949.600000000002,133962.0,152694.0,204826.90000000002,15611.4,21793.0,22629.1
D3-r1-calibration,results/d3_formal/raw_r1/calibration/batch_20260918T061426.680812Z_2f7a092c.json.gz,20260918T061426.680812Z_2f7a092c,76d11ffe-3a90-4f24-a325-f0ca66b35715,normal,baseline,100,200,100,0,100,0,19107.4,104330.2,174521.0,214593.90000000002,14520.6,22119.5,22886.0
D3-r1-calibration,results/d3_formal/raw_r1/calibration/batch_20260918T061434.365363Z_e0252602.json.gz,20260918T061434.365363Z_e0252602,76d11ffe-3a90-4f24-a325-f0ca66b35715,normal,baseline,100,200,100,0,100,0,14525.9,104789.8,135931.5,192995.80000000002,14440.3,17793.0,23427.8
D3-r1-calibration,results/d3_formal/raw_r1/calibration/batch_20260918T061442.312908Z_cd8f3462.json.gz,20260918T061442.312908Z_cd8f3462,76d11ffe-3a90-4f24-a325-f0ca66b35715,normal,baseline,100,200,100,0,100,0,14509.5,104276.2,134278.0,182430.6,14380.4,15030.5,22332.9
D3-r1-calibration,results/d3_formal/raw_r1/calibration/batch_20260918T061450.490421Z_2e033696.json.gz,20260918T061450.490421Z_2e033696,76d11ffe-3a90-4f24-a325-f0ca66b35715,normal,baseline,100,200,100,0,100,0,21025.5,146105.9,166245.0,207572.1,20128.9,22258.5,22990.4
D3-r1-calibration,results/d3_formal/raw_r1/calibration/batch_20260918T061458.258219Z_ea088ba5.json.gz,20260918T061458.258219Z_ea088ba5,76d11ffe-3a90-4f24-a325-f0ca66b35715,normal,baseline,100,200,100,0,100,0,14433.8,104624.7,114543.0,183081.80000000008,14275.7,14819.5,21931.5
D3-r1-calibration,results/d3_formal/raw_r1/calibration/batch_20260918T061506.084543Z_597f2e35.json.gz,20260918T061506.084543Z_597f2e35,76d11ffe-3a90-4f24-a325-f0ca66b35715,normal,baseline,100,200,100,0,100,0,14632.0,104180.9,143577.0,185366.50000000006,14473.8,19293.5,22558.4
D3-r1-calibration,results/d3_formal/raw_r1/calibration/batch_20260918T061513.824815Z_36307a0f.json.gz,20260918T061513.824815Z_36307a0f,76d11ffe-3a90-4f24-a325-f0ca66b35715,normal,baseline,100,200,100,0,100,0,20764.8,150544.2,179449.5,237690.40000000002,19671.6,22338.5,23037.3
D3-r1-calibration,results/d3_formal/raw_r1/calibration/batch_20260918T061521.643503Z_c5551732.json.gz,20260918T061521.643503Z_c5551732,76d11ffe-3a90-4f24-a325-f0ca66b35715,normal,baseline,100,200,100,0,100,0,14436.0,104452.9,130733.0,198116.5,14337.3,14826.0,20783.600000000002
D3-r1-calibration,results/d3_formal/raw_r1/calibration/batch_20260918T061529.591497Z_bb19f367.json.gz,20260918T061529.591497Z_bb19f367,76d11ffe-3a90-4f24-a325-f0ca66b35715,normal,baseline,100,200,100,0,100,0,14566.8,105681.0,148261.5,227073.30000000002,14468.7,15399.0,22883.6
D3-r1-calibration,results/d3_formal/raw_r1/calibration/batch_20260918T061537.369139Z_14d981fd.json.gz,20260918T061537.369139Z_14d981fd,76d11ffe-3a90-4f24-a325-f0ca66b35715,normal,baseline,100,200,100,0,100,0,21027.3,143760.4,173208.5,239232.50000000006,20213.0,22303.5,23095.3
D3-r1-calibration,results/d3_formal/raw_r1/calibration/batch_20260918T061545.256545Z_1d6fb1c1.json.gz,20260918T061545.256545Z_1d6fb1c1,76d11ffe-3a90-4f24-a325-f0ca66b35715,normal,baseline,100,200,100,0,100,0,14703.2,105756.2,155192.5,196406.70000000004,14495.4,20295.0,23099.5
D3-r1-calibration,results/d3_formal/raw_r1/calibration/batch_20260918T061553.115596Z_f8f3df17.json.gz,20260918T061553.115596Z_f8f3df17,76d11ffe-3a90-4f24-a325-f0ca66b35715,normal,baseline,100,200,100,0,100,0,14609.6,105782.0,147550.0,222951.80000000008,14491.9,19180.0,22770.4
D3-r1-calibration,results/d3_formal/raw_r1/calibration/batch_20260918T061601.062455Z_6f8f0d1b.json.gz,20260918T061601.062455Z_6f8f0d1b,76d11ffe-3a90-4f24-a325-f0ca66b35715,normal,baseline,100,200,100,0,100,0,19578.6,141759.9,178267.5,241529.50000000012,18880.3,21951.5,22755.3
D3-r1-calibration,results/d3_formal/raw_r1/calibration/batch_20260918T061608.908447Z_a56f730b.json.gz,20260918T061608.908447Z_a56f730b,76d11ffe-3a90-4f24-a325-f0ca66b35715,normal,baseline,100,200,100,0,100,0,14505.6,104355.0,130124.5,184883.00000000003,14396.0,14920.5,22523.7
D3-r1-calibration,results/d3_formal/raw_r1/calibration/batch_20260918T061616.635061Z_6d08b119.json.gz,20260918T061616.635061Z_6d08b119,76d11ffe-3a90-4f24-a325-f0ca66b35715,normal,baseline,100,200,100,0,100,0,14434.8,103681.9,123042.5,197341.50000000006,14314.4,14795.0,22280.600000000002
D3-r1-calibration,results/d3_formal/raw_r1/calibration/batch_20260918T061624.556846Z_481d35d6.json.gz,20260918T061624.556846Z_481d35d6,76d11ffe-3a90-4f24-a325-f0ca66b35715,normal,baseline,100,200,100,0,100,0,21438.6,151058.1,175293.5,244621.30000000005,19918.2,22443.0,23064.600000000002
D3-r1-calibration,results/d3_formal/raw_r1/calibration/batch_20260918T061632.355454Z_3a9362f3.json.gz,20260918T061632.355454Z_3a9362f3,76d11ffe-3a90-4f24-a325-f0ca66b35715,normal,baseline,100,200,100,0,100,0,20960.6,149245.4,165277.0,227182.50000000015,20051.6,22313.0,23126.3
D3-r1-calibration,results/d3_formal/raw_r1/calibration/batch_20260918T061646.633469Z_b2b694b7.json.gz,20260918T061646.633469Z_b2b694b7,76d11ffe-3a90-4f24-a325-f0ca66b35715,normal,mixed,100,200,100,0,100,0,18558.5,116793.7,153858.0,192229.40000000002,14974.9,20582.5,22613.100000000002
D3-r1-calibration,results/d3_formal/raw_r1/calibration/batch_20260918T061700.951601Z_29e6ab31.json.gz,20260918T061700.951601Z_29e6ab31,76d11ffe-3a90-4f24-a325-f0ca66b35715,normal,mixed,100,200,100,0,100,0,15858.1,113233.4,151444.0,192657.10000000003,14528.2,20011.0,22619.3
D3-r1-calibration,results/d3_formal/raw_r1/calibration/batch_20260918T061715.271424Z_4341daf1.json.gz,20260918T061715.271424Z_4341daf1,76d11ffe-3a90-4f24-a325-f0ca66b35715,normal,mixed,100,200,100,0,100,0,16391.2,117661.0,152337.0,186106.40000000005,14959.0,20155.0,22991.400000000005
D3-r1-calibration,results/d3_formal/raw_r1/calibration/batch_20260918T061729.559957Z_67b3568b.json.gz,20260918T061729.559957Z_67b3568b,76d11ffe-3a90-4f24-a325-f0ca66b35715,normal,mixed,100,200,100,0,100,0,16098.5,112844.6,149157.5,174694.80000000005,14663.3,20224.5,22828.0
D3-r1-calibration,results/d3_formal/raw_r1/calibration/batch_20260918T061743.819906Z_8d00b29f.json.gz,20260918T061743.819906Z_8d00b29f,76d11ffe-3a90-4f24-a325-f0ca66b35715,normal,mixed,100,200,100,0,100,0,16023.8,112114.7,150964.5,188535.7,14560.8,20464.5,22438.0
D3-r1-calibration,results/d3_formal/raw_r1/calibration/batch_20260918T061758.624096Z_2655ac9e.json.gz,20260918T061758.624096Z_2655ac9e,76d11ffe-3a90-4f24-a325-f0ca66b35715,normal,mixed,100,200,100,0,100,0,16653.5,111067.7,152431.5,202281.7,14739.5,20374.0,22944.000000000015
D3-r1-calibration,results/d3_formal/raw_r1/calibration/batch_20260918T061813.660734Z_8fe5edec.json.gz,20260918T061813.660734Z_8fe5edec,76d11ffe-3a90-4f24-a325-f0ca66b35715,normal,mixed,100,200,100,0,100,0,16151.9,123243.1,153774.5,188808.6,15697.2,20388.0,23054.2
D3-r1-calibration,results/d3_formal/raw_r1/calibration/batch_20260918T061828.200240Z_ccebc5c6.json.gz,20260918T061828.200240Z_ccebc5c6,76d11ffe-3a90-4f24-a325-f0ca66b35715,normal,mixed,100,200,100,0,100,0,15070.6,109801.7,151543.5,213760.7,14551.6,20328.0,23210.600000000002
D3-r1-calibration,results/d3_formal/raw_r1/calibration/batch_20260918T061842.619948Z_fd8f508f.json.gz,20260918T061842.619948Z_fd8f508f,76d11ffe-3a90-4f24-a325-f0ca66b35715,normal,mixed,100,200,100,0,100,0,16516.2,110573.3,151870.5,187134.6,14677.8,20255.0,22352.6
D3-r1-calibration,results/d3_formal/raw_r1/calibration/batch_20260918T061857.108627Z_8a748a42.json.gz,20260918T061857.108627Z_8a748a42,76d11ffe-3a90-4f24-a325-f0ca66b35715,normal,mixed,100,200,100,0,100,0,16011.8,110319.7,155068.5,204516.7,14523.3,19851.5,22631.600000000002
D3-r1-calibration,results/d3_formal/raw_r1/calibration/batch_20260918T061911.369282Z_d5a62fb6.json.gz,20260918T061911.369282Z_d5a62fb6,76d11ffe-3a90-4f24-a325-f0ca66b35715,normal,mixed,100,200,100,0,100,0,16053.5,116208.4,152720.0,189739.00000000003,14596.8,20422.0,24012.3
D3-r1-calibration,results/d3_formal/raw_r1/calibration/batch_20260918T061925.616589Z_b2d2ef11.json.gz,20260918T061925.616589Z_b2d2ef11,76d11ffe-3a90-4f24-a325-f0ca66b35715,normal,mixed,100,200,100,0,100,0,15809.6,113085.4,150984.5,189849.8000000001,14526.8,20218.5,22659.100000000002
D3-r1-calibration,results/d3_formal/raw_r1/calibration/batch_20260918T061939.956003Z_9b9c78df.json.gz,20260918T061939.956003Z_9b9c78df,76d11ffe-3a90-4f24-a325-f0ca66b35715,normal,mixed,100,200,100,0,100,0,18384.9,131167.3,159910.0,193313.80000000002,15157.8,21307.0,22836.2
D3-r1-calibration,results/d3_formal/raw_r1/calibration/batch_20260918T061954.404408Z_7cb03f62.json.gz,20260918T061954.404408Z_7cb03f62,76d11ffe-3a90-4f24-a325-f0ca66b35715,normal,mixed,100,200,100,0,100,0,18645.4,118056.4,152343.0,197750.0,14843.7,20317.0,22596.9
D3-r1-calibration,results/d3_formal/raw_r1/calibration/batch_20260918T062008.893495Z_8dead201.json.gz,20260918T062008.893495Z_8dead201,76d11ffe-3a90-4f24-a325-f0ca66b35715,normal,mixed,100,200,100,0,100,0,16385.6,115319.7,152002.5,188343.80000000002,15314.0,20108.0,23382.900000000005
D3-r1-calibration,results/d3_formal/raw_r1/calibration/batch_20260918T062023.058157Z_e721fbce.json.gz,20260918T062023.058157Z_e721fbce,76d11ffe-3a90-4f24-a325-f0ca66b35715,normal,mixed,100,200,100,0,100,0,16280.7,116373.4,149316.5,194168.00000000006,14699.8,20130.0,22366.6
D3-r1-calibration,results/d3_formal/raw_r1/calibration/batch_20260918T062038.943697Z_efa9cc7a.json.gz,20260918T062038.943697Z_efa9cc7a,76d11ffe-3a90-4f24-a325-f0ca66b35715,normal,mixed,100,200,100,0,100,0,16795.1,129567.5,164155.5,232941.9,16262.8,19055.5,26975.7
D3-r1-calibration,results/d3_formal/raw_r1/calibration/batch_20260918T062054.734424Z_7112c925.json.gz,20260918T062054.734424Z_7112c925,76d11ffe-3a90-4f24-a325-f0ca66b35715,normal,mixed,100,200,100,0,100,0,17241.4,135050.4,158147.5,244764.40000000005,16353.0,20680.0,30825.400000000012
D3-r1-calibration,results/d3_formal/raw_r1/calibration/batch_20260918T062110.344584Z_15658073.json.gz,20260918T062110.344584Z_15658073,76d11ffe-3a90-4f24-a325-f0ca66b35715,normal,mixed,100,200,100,0,100,0,15827.3,114509.6,154461.0,209621.7,14667.2,20064.5,23355.30000000002
D3-r1-calibration,results/d3_formal/raw_r1/calibration/batch_20260918T062125.232612Z_ae4332b9.json.gz,20260918T062125.232612Z_ae4332b9,76d11ffe-3a90-4f24-a325-f0ca66b35715,normal,mixed,100,200,100,0,100,0,16724.9,126187.9,156147.0,197318.6,16135.6,19924.0,22750.100000000002
D3-r1-calibration,results/d3_formal/raw_r1/calibration/batch_20260918T062139.847413Z_b37a0ac1.json.gz,20260918T062139.847413Z_b37a0ac1,76d11ffe-3a90-4f24-a325-f0ca66b35715,normal,mixed,100,200,100,0,100,0,19025.0,129625.0,155993.0,205136.1,16153.3,20618.0,25330.10000000013
D3-r1-calibration,results/d3_formal/raw_r1/calibration/batch_20260918T062154.349963Z_2920467b.json.gz,20260918T062154.349963Z_2920467b,76d11ffe-3a90-4f24-a325-f0ca66b35715,normal,mixed,100,200,100,0,100,0,16612.4,120825.3,152883.0,201908.60000000003,15380.2,20492.0,22545.3
D3-r1-calibration,results/d3_formal/raw_r1/calibration/batch_20260918T062208.947005Z_1aa52fdd.json.gz,20260918T062208.947005Z_1aa52fdd,76d11ffe-3a90-4f24-a325-f0ca66b35715,normal,mixed,100,200,100,0,100,0,18961.5,134017.6,160303.5,215766.90000000002,16980.4,21170.0,22973.200000000004
D3-r1-calibration,results/d3_formal/raw_r1/calibration/batch_20260918T062223.860904Z_2ec97586.json.gz,20260918T062223.860904Z_2ec97586,76d11ffe-3a90-4f24-a325-f0ca66b35715,normal,mixed,100,200,100,0,100,0,16806.5,120341.4,153399.5,200011.80000000002,15788.800000000001,20431.0,22631.4
D3-r1-calibration,results/d3_formal/raw_r1/calibration/batch_20260918T062238.519564Z_26f81a3c.json.gz,20260918T062238.519564Z_26f81a3c,76d11ffe-3a90-4f24-a325-f0ca66b35715,normal,mixed,100,200,100,0,100,0,16117.5,119059.4,152952.0,180307.80000000002,14761.3,20449.0,22437.9
D3-r1-calibration,results/d3_formal/raw_r1/calibration/batch_20260918T062253.149223Z_4ca0063e.json.gz,20260918T062253.149223Z_4ca0063e,76d11ffe-3a90-4f24-a325-f0ca66b35715,normal,mixed,100,200,100,0,100,0,16667.7,129094.6,158220.0,197454.1,15890.4,21103.5,23192.7
D3-r1-calibration,results/d3_formal/raw_r1/calibration/batch_20260918T062307.438665Z_56e19394.json.gz,20260918T062307.438665Z_56e19394,76d11ffe-3a90-4f24-a325-f0ca66b35715,normal,mixed,100,200,100,0,100,0,18260.600000000002,124426.7,155945.0,191458.80000000002,16041.4,21114.0,26217.600000000013
D3-r1-calibration,results/d3_formal/raw_r1/calibration/batch_20260918T062322.023501Z_1c089486.json.gz,20260918T062322.023501Z_1c089486,76d11ffe-3a90-4f24-a325-f0ca66b35715,normal,mixed,100,200,100,0,100,0,16186.8,118158.9,150409.5,192038.00000000003,15624.7,20286.0,22264.9
D3-r1-calibration,results/d3_formal/raw_r1/calibration/batch_20260918T062336.402658Z_ab854da8.json.gz,20260918T062336.402658Z_ab854da8,76d11ffe-3a90-4f24-a325-f0ca66b35715,normal,mixed,100,200,100,0,100,0,17633.9,127226.2,157777.5,216074.30000000016,16017.7,20423.5,22841.8
D3-r1-calibration,results/d3_formal/raw_r1/calibration/batch_20260918T062350.794926Z_e669e4ea.json.gz,20260918T062350.794926Z_e669e4ea,76d11ffe-3a90-4f24-a325-f0ca66b35715,normal,mixed,100,200,100,0,100,0,17947.9,111952.4,155058.0,195942.30000000002,14789.6,21068.5,24705.7
D3-r1-calibration,results/d3_formal/raw_r1/calibration/batch_20260918T062359.969407Z_ff867215.json.gz,20260918T062359.969407Z_ff867215,76d11ffe-3a90-4f24-a325-f0ca66b35715,normal,memory,100,200,100,0,100,0,14868.2,107013.5,176324.0,240580.70000000007,14603.8,19876.0,22464.4
D3-r1-calibration,results/d3_formal/raw_r1/calibration/batch_20260918T062408.902129Z_4470bd42.json.gz,20260918T062408.902129Z_4470bd42,76d11ffe-3a90-4f24-a325-f0ca66b35715,normal,memory,100,200,100,0,100,0,14772.4,106031.0,159167.5,214306.0,14481.2,19631.5,22707.2
D3-r1-calibration,results/d3_formal/raw_r1/calibration/batch_20260918T062417.973844Z_9dfcfa36.json.gz,20260918T062417.973844Z_9dfcfa36,76d11ffe-3a90-4f24-a325-f0ca66b35715,normal,memory,100,200,100,0,100,0,19196.9,107853.6,176203.0,234764.40000000002,14916.7,20052.0,22755.600000000002
D3-r1-calibration,results/d3_formal/raw_r1/calibration/batch_20260918T062427.230481Z_90141e9a.json.gz,20260918T062427.230481Z_90141e9a,76d11ffe-3a90-4f24-a325-f0ca66b35715,normal,memory,100,200,100,0,100,0,19276.9,137303.5,178315.0,238526.3000000001,15195.4,20082.5,22977.100000000002
D3-r1-calibration,results/d3_formal/raw_r1/calibration/batch_20260918T062436.260949Z_a90a2a0e.json.gz,20260918T062436.260949Z_a90a2a0e,76d11ffe-3a90-4f24-a325-f0ca66b35715,normal,memory,100,200,100,0,100,0,14723.4,105643.9,156121.5,208090.70000000007,14492.5,19876.0,22639.1
D3-r1-calibration,results/d3_formal/raw_r1/calibration/batch_20260918T062445.493020Z_b12e2395.json.gz,20260918T062445.493020Z_b12e2395,76d11ffe-3a90-4f24-a325-f0ca66b35715,normal,memory,100,200,100,0,100,0,17810.100000000006,109971.8,176189.0,222628.90000000005,14622.8,19810.5,22574.8
D3-r1-calibration,results/d3_formal/raw_r1/calibration/batch_20260918T062454.421736Z_bd1a7fee.json.gz,20260918T062454.421736Z_bd1a7fee,76d11ffe-3a90-4f24-a325-f0ca66b35715,normal,memory,100,200,100,0,100,0,15187.1,108672.2,176272.0,207777.3000000001,14612.6,20474.5,22736.4
D3-r1-calibration,results/d3_formal/raw_r1/calibration/batch_20260918T062503.464255Z_99c6d87c.json.gz,20260918T062503.464255Z_99c6d87c,76d11ffe-3a90-4f24-a325-f0ca66b35715,normal,memory,100,200,100,0,100,0,18950.8,106391.5,169304.0,221755.5,14517.0,21211.0,25688.400000000005
D3-r1-calibration,results/d3_formal/raw_r1/calibration/batch_20260918T062512.428765Z_1c5c8312.json.gz,20260918T062512.428765Z_1c5c8312,76d11ffe-3a90-4f24-a325-f0ca66b35715,normal,memory,100,200,100,0,100,0,14596.9,106879.5,158217.0,239105.10000000015,14448.9,19836.5,22818.3
D3-r1-calibration,results/d3_formal/raw_r1/calibration/batch_20260918T062521.264897Z_dd3376f6.json.gz,20260918T062521.264897Z_dd3376f6,76d11ffe-3a90-4f24-a325-f0ca66b35715,normal,memory,100,200,100,0,100,0,14837.0,107036.6,158803.0,205117.40000000002,14553.2,21011.5,24358.90000000006
D3-r1-calibration,results/d3_formal/raw_r1/calibration/batch_20260918T062530.201126Z_e8921a49.json.gz,20260918T062530.201126Z_e8921a49,76d11ffe-3a90-4f24-a325-f0ca66b35715,normal,memory,100,200,100,0,100,0,14731.0,106778.6,158212.0,208036.70000000004,14544.0,19376.5,22500.6
D3-r1-calibration,results/d3_formal/raw_r1/calibration/batch_20260918T062539.371978Z_17f3eb71.json.gz,20260918T062539.371978Z_17f3eb71,76d11ffe-3a90-4f24-a325-f0ca66b35715,normal,memory,100,200,100,0,100,0,15398.000000000002,107638.4,159298.5,210557.30000000002,14586.8,20711.5,22967.2
D3-r1-calibration,results/d3_formal/raw_r1/calibration/batch_20260918T062548.543439Z_64b68482.json.gz,20260918T062548.543439Z_64b68482,76d11ffe-3a90-4f24-a325-f0ca66b35715,normal,memory,100,200,100,0,100,0,15468.400000000001,108816.3,158409.0,223513.90000000005,14527.7,19780.0,22911.5
D3-r1-calibration,results/d3_formal/raw_r1/calibration/batch_20260918T062557.510014Z_6c0454b5.json.gz,20260918T062557.510014Z_6c0454b5,76d11ffe-3a90-4f24-a325-f0ca66b35715,normal,memory,100,200,100,0,100,0,18682.800000000003,108687.9,174211.5,213525.30000000002,14514.0,19892.0,22667.800000000003
D3-r1-calibration,results/d3_formal/raw_r1/calibration/batch_20260918T062606.735107Z_0d703a1f.json.gz,20260918T062606.735107Z_0d703a1f,76d11ffe-3a90-4f24-a325-f0ca66b35715,normal,memory,100,200,100,0,100,0,19002.6,129196.5,173195.0,220079.00000000017,14692.9,20213.5,22831.300000000003
D3-r1-calibration,results/d3_formal/raw_r1/calibration/batch_20260918T062615.780759Z_f27eb578.json.gz,20260918T062615.780759Z_f27eb578,76d11ffe-3a90-4f24-a325-f0ca66b35715,normal,memory,100,200,100,0,100,0,14864.1,105430.4,173228.0,229548.2,14477.3,19844.5,22660.600000000002
D3-r1-calibration,results/d3_formal/raw_r1/calibration/batch_20260918T062624.728533Z_3ab07d2a.json.gz,20260918T062624.728533Z_3ab07d2a,76d11ffe-3a90-4f24-a325-f0ca66b35715,normal,memory,100,200,100,0,100,0,19137.4,131084.80000000002,168480.0,200163.40000000002,15008.9,20356.0,22834.5
D3-r1-calibration,results/d3_formal/raw_r1/calibration/batch_20260918T062633.796574Z_51ce8944.json.gz,20260918T062633.796574Z_51ce8944,76d11ffe-3a90-4f24-a325-f0ca66b35715,normal,memory,100,200,100,0,100,0,15239.4,107266.7,176800.0,234636.30000000005,14529.9,19608.5,22397.5
D3-r1-calibration,results/d3_formal/raw_r1/calibration/batch_20260918T062643.010369Z_45bdd1b6.json.gz,20260918T062643.010369Z_45bdd1b6,76d11ffe-3a90-4f24-a325-f0ca66b35715,normal,memory,100,200,100,0,100,0,14885.800000000001,107349.1,159494.0,209047.2,14423.0,19177.5,22526.8
D3-r1-calibration,results/d3_formal/raw_r1/calibration/batch_20260918T062652.238848Z_666fb539.json.gz,20260918T062652.238848Z_666fb539,76d11ffe-3a90-4f24-a325-f0ca66b35715,normal,memory,100,200,100,0,100,0,15497.800000000001,107801.7,169811.0,248072.5,14457.0,21929.5,23412.100000000002
D3-r1-calibration,results/d3_formal/raw_r1/calibration/batch_20260918T062701.076720Z_3b7dfd2c.json.gz,20260918T062701.076720Z_3b7dfd2c,76d11ffe-3a90-4f24-a325-f0ca66b35715,normal,memory,100,200,100,0,100,0,14874.800000000001,107238.1,161881.0,234051.2,14578.7,20367.0,22763.2
D3-r1-calibration,results/d3_formal/raw_r1/calibration/batch_20260918T062710.052281Z_a9f201f8.json.gz,20260918T062710.052281Z_a9f201f8,76d11ffe-3a90-4f24-a325-f0ca66b35715,normal,memory,100,200,100,0,100,0,14690.9,106075.8,155478.5,218932.10000000003,14555.7,19615.0,22641.4
D3-r1-calibration,results/d3_formal/raw_r1/calibration/batch_20260918T062719.157193Z_29e06cd4.json.gz,20260918T062719.157193Z_29e06cd4,76d11ffe-3a90-4f24-a325-f0ca66b35715,normal,memory,100,200,100,0,100,0,14829.9,106911.6,175569.0,235082.7000000001,14541.7,20764.0,22949.4
D3-r1-calibration,results/d3_formal/raw_r1/calibration/batch_20260918T062728.264541Z_df9c0ec9.json.gz,20260918T062728.264541Z_df9c0ec9,76d11ffe-3a90-4f24-a325-f0ca66b35715,normal,memory,100,200,100,0,100,0,15104.6,106762.6,175193.5,212665.30000000002,14498.5,20019.0,22748.4
D3-r1-calibration,results/d3_formal/raw_r1/calibration/batch_20260918T062737.071323Z_683d77ac.json.gz,20260918T062737.071323Z_683d77ac,76d11ffe-3a90-4f24-a325-f0ca66b35715,normal,memory,100,200,100,0,100,0,14670.8,107224.4,155922.0,232905.00000000003,14464.3,21326.0,22786.9
D3-r1-calibration,results/d3_formal/raw_r1/calibration/batch_20260918T062746.041257Z_5dda11d7.json.gz,20260918T062746.041257Z_5dda11d7,76d11ffe-3a90-4f24-a325-f0ca66b35715,normal,memory,100,200,100,0,100,0,14897.0,106517.6,160666.5,228019.40000000002,14453.5,20324.5,22699.2
D3-r1-calibration,results/d3_formal/raw_r1/calibration/batch_20260918T062754.925891Z_8d5a8b30.json.gz,20260918T062754.925891Z_8d5a8b30,76d11ffe-3a90-4f24-a325-f0ca66b35715,normal,memory,100,200,100,0,100,0,14742.5,107593.2,162522.5,215007.00000000003,14546.8,20132.5,23180.3
D3-r1-calibration,results/d3_formal/raw_r1/calibration/batch_20260918T062803.930317Z_329cb22c.json.gz,20260918T062803.930317Z_329cb22c,76d11ffe-3a90-4f24-a325-f0ca66b35715,normal,memory,100,200,100,0,100,0,18118.4,109285.1,176313.5,235550.7,14661.9,20012.5,22657.600000000002
D3-r1-calibration,results/d3_formal/raw_r1/calibration/batch_20260918T062813.218117Z_f787e3d3.json.gz,20260918T062813.218117Z_f787e3d3,76d11ffe-3a90-4f24-a325-f0ca66b35715,normal,memory,100,200,100,0,100,0,16768.3,124402.8,170487.5,219893.30000000008,14954.2,17931.0,22403.5
D3-r1-calibration,results/d3_formal/raw_r1/calibration/batch_20260918T062822.962743Z_71f808f9.json.gz,20260918T062822.962743Z_71f808f9,76d11ffe-3a90-4f24-a325-f0ca66b35715,normal,memory,100,200,100,0,100,0,14632.7,108195.7,150698.5,215807.0,14324.4,17964.0,22696.7
D3-r1-test,results/d3_formal/raw_r1/test/boot_01/batch_20260918T085706.733047Z_f7a35500.json.gz,20260918T085706.733047Z_f7a35500,62930e5a-2815-4bb7-b720-3e0c744573a9,normal,memory,100,200,100,0,100,0,14977.4,107569.2,178384.5,259794.1000000001,14645.9,21965.0,23081.8
D3-r1-test,results/d3_formal/raw_r1/test/boot_01/batch_20260918T085715.810896Z_13b1bf33.json.gz,20260918T085715.810896Z_13b1bf33,62930e5a-2815-4bb7-b720-3e0c744573a9,normal,memory,100,200,100,0,100,0,15065.300000000001,107220.6,175881.5,217338.60000000003,14528.4,20267.0,22623.0
D3-r1-test,results/d3_formal/raw_r1/test/boot_01/batch_20260918T085724.843302Z_fb300e1c.json.gz,20260918T085724.843302Z_fb300e1c,62930e5a-2815-4bb7-b720-3e0c744573a9,normal,memory,100,200,100,0,100,0,14962.3,112151.0,175472.5,211083.50000000006,14611.4,19834.0,22645.2
D3-r1-test,results/d3_formal/raw_r1/test/boot_01/batch_20260918T085733.893754Z_40f9e316.json.gz,20260918T085733.893754Z_40f9e316,62930e5a-2815-4bb7-b720-3e0c744573a9,normal,memory,100,200,100,0,100,0,18990.600000000002,106976.4,171650.0,245661.90000000002,14622.6,21871.5,22897.6
D3-r1-test,results/d3_formal/raw_r1/test/boot_01/batch_20260918T085742.902590Z_bba27291.json.gz,20260918T085742.902590Z_bba27291,62930e5a-2815-4bb7-b720-3e0c744573a9,normal,memory,100,200,100,0,100,0,15183.1,108406.3,157992.5,228950.20000000007,14555.9,21435.0,23124.4
D3-r1-test,results/d3_formal/raw_r1/test/boot_01/batch_20260918T085751.720063Z_0a21288c.json.gz,20260918T085751.720063Z_0a21288c,62930e5a-2815-4bb7-b720-3e0c744573a9,normal,memory,100,200,100,0,100,0,19023.2,111232.8,175456.0,222086.6,14831.7,20202.5,22842.0
D3-r1-test,results/d3_formal/raw_r1/test/boot_01/batch_20260918T085800.880994Z_07a31bef.json.gz,20260918T085800.880994Z_07a31bef,62930e5a-2815-4bb7-b720-3e0c744573a9,normal,memory,100,200,100,0,100,0,14984.7,105940.6,172165.5,205892.20000000007,14608.3,19932.0,22835.6
D3-r1-test,results/d3_formal/raw_r1/test/boot_01/batch_20260918T085809.961954Z_2ac6838c.json.gz,20260918T085809.961954Z_2ac6838c,62930e5a-2815-4bb7-b720-3e0c744573a9,normal,memory,100,200,100,0,100,0,18996.9,109700.5,177487.5,217088.5,14579.6,20105.0,22561.7
D3-r1-test,results/d3_formal/raw_r1/test/boot_01/batch_20260918T085819.097304Z_a2dee4b6.json.gz,20260918T085819.097304Z_a2dee4b6,62930e5a-2815-4bb7-b720-3e0c744573a9,normal,memory,100,200,100,0,100,0,18857.0,106708.4,175662.5,214911.0,14661.4,20160.5,22659.9
D3-r1-test,results/d3_formal/raw_r1/test/boot_01/batch_20260918T085828.174337Z_be554522.json.gz,20260918T085828.174337Z_be554522,62930e5a-2815-4bb7-b720-3e0c744573a9,normal,memory,100,200,100,0,100,0,15041.4,107021.0,175508.0,239760.7,14558.9,19854.0,22667.3
D3-r1-test,results/d3_formal/raw_r1/test/boot_01/batch_20260918T085837.241751Z_0d3c0fab.json.gz,20260918T085837.241751Z_0d3c0fab,62930e5a-2815-4bb7-b720-3e0c744573a9,normal,memory,100,200,100,0,100,0,14906.9,107008.8,175865.5,223020.9000000001,14582.4,19909.0,22937.8
D3-r1-test,results/d3_formal/raw_r1/test/boot_01/batch_20260918T085846.426683Z_81f162c5.json.gz,20260918T085846.426683Z_81f162c5,62930e5a-2815-4bb7-b720-3e0c744573a9,normal,memory,100,200,100,0,100,0,19118.7,140546.2,177653.5,208310.50000000003,17891.2,21034.0,23006.2
D3-r1-test,results/d3_formal/raw_r1/test/boot_01/batch_20260918T085856.561645Z_84dc3e24.json.gz,20260918T085856.561645Z_84dc3e24,62930e5a-2815-4bb7-b720-3e0c744573a9,normal,memory,100,200,100,0,100,0,14870.9,107671.4,173843.5,210537.0,14593.0,19816.0,23979.800000000007
D3-r1-test,results/d3_formal/raw_r1/test/boot_01/batch_20260918T085906.449773Z_4017bcf4.json.gz,20260918T085906.449773Z_4017bcf4,62930e5a-2815-4bb7-b720-3e0c744573a9,normal,memory,100,200,100,0,100,0,19084.1,133740.2,180036.5,236642.90000000017,15049.0,20344.0,22779.8
D3-r1-test,results/d3_formal/raw_r1/test/boot_01/batch_20260918T085915.808035Z_9f9159b3.json.gz,20260918T085915.808035Z_9f9159b3,62930e5a-2815-4bb7-b720-3e0c744573a9,normal,memory,100,200,100,0,100,0,19331.1,139384.1,168479.5,215500.6,18926.1,21473.0,24345.10000000003
D3-r1-test,results/d3_formal/raw_r1/test/boot_01/batch_20260918T085924.894600Z_778e8bec.json.gz,20260918T085924.894600Z_778e8bec,62930e5a-2815-4bb7-b720-3e0c744573a9,normal,memory,100,200,100,0,100,0,18932.5,108996.3,178111.5,226040.20000000004,14606.8,20719.0,22898.2
D3-r1-test,results/d3_formal/raw_r1/test/boot_01/batch_20260918T085933.951562Z_3febc517.json.gz,20260918T085933.951562Z_3febc517,62930e5a-2815-4bb7-b720-3e0c744573a9,normal,memory,100,200,100,0,100,0,17453.7,107213.2,174966.0,230959.00000000003,14790.3,19955.0,22908.9
D3-r1-test,results/d3_formal/raw_r1/test/boot_01/batch_20260918T085943.064790Z_83e3c248.json.gz,20260918T085943.064790Z_83e3c248,62930e5a-2815-4bb7-b720-3e0c744573a9,normal,memory,100,200,100,0,100,0,14958.7,107167.0,171099.5,217230.90000000002,14454.5,20055.5,23267.1
D3-r1-test,results/d3_formal/raw_r1/test/boot_01/batch_20260918T085952.169499Z_7ab850f2.json.gz,20260918T085952.169499Z_7ab850f2,62930e5a-2815-4bb7-b720-3e0c744573a9,normal,memory,100,200,100,0,100,0,14746.3,106163.0,172014.0,216726.90000000002,14441.7,20437.5,23076.5
D3-r1-test,results/d3_formal/raw_r1/test/boot_01/batch_20260918T090001.419287Z_259d4b0e.json.gz,20260918T090001.419287Z_259d4b0e,62930e5a-2815-4bb7-b720-3e0c744573a9,normal,memory,100,200,100,0,100,0,14738.2,107388.1,163648.5,208653.40000000002,14510.0,19839.0,22641.2
D3-r1-test,results/d3_formal/raw_r1/test/boot_01/batch_20260918T090010.595254Z_93f5cc3e.json.gz,20260918T090010.595254Z_93f5cc3e,62930e5a-2815-4bb7-b720-3e0c744573a9,normal,memory,100,200,100,0,100,0,14890.4,107727.6,177169.0,230428.30000000005,14670.4,19802.0,23383.800000000003
D3-r1-test,results/d3_formal/raw_r1/test/boot_01/batch_20260918T090019.764427Z_7ab3d934.json.gz,20260918T090019.764427Z_7ab3d934,62930e5a-2815-4bb7-b720-3e0c744573a9,normal,memory,100,200,100,0,100,0,18127.6,122513.6,163450.0,234469.30000000005,14657.8,20139.0,22659.5
D3-r1-test,results/d3_formal/raw_r1/test/boot_01/batch_20260918T090028.870230Z_be007d13.json.gz,20260918T090028.870230Z_be007d13,62930e5a-2815-4bb7-b720-3e0c744573a9,normal,memory,100,200,100,0,100,0,14873.4,106385.9,173102.5,208755.2,14480.4,19993.0,22812.9
D3-r1-test,results/d3_formal/raw_r1/test/boot_01/batch_20260918T090037.868943Z_1ea65f4a.json.gz,20260918T090037.868943Z_1ea65f4a,62930e5a-2815-4bb7-b720-3e0c744573a9,normal,memory,100,200,100,0,100,0,16754.9,107415.9,173710.0,237958.7,14782.2,20012.5,22815.3
D3-r1-test,results/d3_formal/raw_r1/test/boot_01/batch_20260918T090046.942299Z_649e48c9.json.gz,20260918T090046.942299Z_649e48c9,62930e5a-2815-4bb7-b720-3e0c744573a9,normal,memory,100,200,100,0,100,0,17765.900000000005,106375.5,174490.5,223038.40000000005,14529.4,20113.0,23074.400000000005
D3-r1-test,results/d3_formal/raw_r1/test/boot_01/batch_20260918T090056.005476Z_4758f20e.json.gz,20260918T090056.005476Z_4758f20e,62930e5a-2815-4bb7-b720-3e0c744573a9,normal,memory,100,200,100,0,100,0,18180.9,109637.7,173026.0,197270.0,14707.9,20029.5,22788.100000000002
D3-r1-test,results/d3_formal/raw_r1/test/boot_01/batch_20260918T090105.009015Z_e38c420e.json.gz,20260918T090105.009015Z_e38c420e,62930e5a-2815-4bb7-b720-3e0c744573a9,normal,memory,100,200,100,0,100,0,14966.2,107399.6,167623.0,214869.50000000006,14612.3,21381.0,22931.1
D3-r1-test,results/d3_formal/raw_r1/test/boot_01/batch_20260918T090113.841610Z_3d307403.json.gz,20260918T090113.841610Z_3d307403,62930e5a-2815-4bb7-b720-3e0c744573a9,normal,memory,100,200,100,0,100,0,15151.0,106797.6,159842.5,214411.0,14533.1,20819.0,22687.3
D3-r1-test,results/d3_formal/raw_r1/test/boot_01/batch_20260918T090122.977054Z_62cd2667.json.gz,20260918T090122.977054Z_62cd2667,62930e5a-2815-4bb7-b720-3e0c744573a9,normal,memory,100,200,100,0,100,0,14745.2,106239.6,160667.0,243247.4,14464.5,21585.5,22918.7
D3-r1-test,results/d3_formal/raw_r1/test/boot_01/batch_20260918T090131.917187Z_da630ca8.json.gz,20260918T090131.917187Z_da630ca8,62930e5a-2815-4bb7-b720-3e0c744573a9,normal,memory,100,200,100,0,100,0,14885.7,107351.3,166322.5,217727.0,14506.7,20326.0,22855.5
D3-r1-test,results/d3_formal/raw_r1/test/boot_01/batch_20260918T090146.492634Z_c289ca44.json.gz,20260918T090146.492634Z_c289ca44,62930e5a-2815-4bb7-b720-3e0c744573a9,normal,cpu,100,200,100,0,100,0,17973.300000000003,128781.4,153389.5,200636.30000000005,14858.4,20372.5,23735.70000000001
D3-r1-test,results/d3_formal/raw_r1/test/boot_01/batch_20260918T090201.088789Z_0ccd0b02.json.gz,20260918T090201.088789Z_0ccd0b02,62930e5a-2815-4bb7-b720-3e0c744573a9,normal,cpu,100,200,100,0,100,0,16424.0,122855.0,155748.0,189625.50000000012,15892.8,20824.0,23527.2
D3-r1-test,results/d3_formal/raw_r1/test/boot_01/batch_20260918T090215.466156Z_7730f569.json.gz,20260918T090215.466156Z_7730f569,62930e5a-2815-4bb7-b720-3e0c744573a9,normal,cpu,100,200,100,0,100,0,16459.5,121630.4,157352.5,191040.0,15864.6,20496.5,22574.5
D3-r1-test,results/d3_formal/raw_r1/test/boot_01/batch_20260918T090229.843856Z_bcabeeb9.json.gz,20260918T090229.843856Z_bcabeeb9,62930e5a-2815-4bb7-b720-3e0c744573a9,normal,cpu,100,200,100,0,100,0,16374.9,115329.3,150208.0,175050.5,15905.3,20282.0,23626.700000000004
D3-r1-test,results/d3_formal/raw_r1/test/boot_01/batch_20260918T090244.260716Z_bb33aa6e.json.gz,20260918T090244.260716Z_bb33aa6e,62930e5a-2815-4bb7-b720-3e0c744573a9,normal,cpu,100,200,100,0,100,0,18547.0,124855.0,153552.0,187795.10000000003,15718.7,20847.0,23256.0
D3-r1-test,results/d3_formal/raw_r1/test/boot_01/batch_20260918T090258.893369Z_73bc540a.json.gz,20260918T090258.893369Z_73bc540a,62930e5a-2815-4bb7-b720-3e0c744573a9,normal,cpu,100,200,100,0,100,0,16448.4,125736.4,148610.5,180118.40000000005,15220.5,20453.5,22791.2
D3-r1-test,results/d3_formal/raw_r1/test/boot_01/batch_20260918T090313.239628Z_bbd97db0.json.gz,20260918T090313.239628Z_bbd97db0,62930e5a-2815-4bb7-b720-3e0c744573a9,normal,cpu,100,200,100,0,100,0,16289.800000000001,116513.4,152608.5,205929.70000000004,14640.3,20162.5,22646.3
D3-r1-test,results/d3_formal/raw_r1/test/boot_01/batch_20260918T090327.531222Z_bc5f060f.json.gz,20260918T090327.531222Z_bc5f060f,62930e5a-2815-4bb7-b720-3e0c744573a9,normal,cpu,100,200,100,0,100,0,16043.3,115623.2,151344.0,184664.5,14634.4,20263.0,22674.5
D3-r1-test,results/d3_formal/raw_r1/test/boot_01/batch_20260918T090341.891522Z_9949f1f3.json.gz,20260918T090341.891522Z_9949f1f3,62930e5a-2815-4bb7-b720-3e0c744573a9,normal,cpu,100,200,100,0,100,0,18190.6,129359.1,150413.5,185005.7,15814.5,20184.0,22658.7
D3-r1-test,results/d3_formal/raw_r1/test/boot_01/batch_20260918T090356.484278Z_95f43133.json.gz,20260918T090356.484278Z_95f43133,62930e5a-2815-4bb7-b720-3e0c744573a9,normal,cpu,100,200,100,0,100,0,16745.7,114625.9,150929.5,189073.20000000004,14880.2,20568.5,22729.4
D3-r1-test,results/d3_formal/raw_r1/test/boot_01/batch_20260918T090410.845335Z_0d57b180.json.gz,20260918T090410.845335Z_0d57b180,62930e5a-2815-4bb7-b720-3e0c744573a9,normal,cpu,100,200,100,0,100,0,16760.0,118398.3,150440.0,188022.90000000008,14676.9,20462.0,22722.500000000004
D3-r1-test,results/d3_formal/raw_r1/test/boot_01/batch_20260918T090425.411434Z_63cd411e.json.gz,20260918T090425.411434Z_63cd411e,62930e5a-2815-4bb7-b720-3e0c744573a9,normal,cpu,100,200,100,0,100,0,19157.0,124594.0,152943.5,186044.70000000004,16302.9,20800.0,23508.800000000003
D3-r1-test,results/d3_formal/raw_r1/test/boot_01/batch_20260918T090439.832108Z_936aa3e9.json.gz,20260918T090439.832108Z_936aa3e9,62930e5a-2815-4bb7-b720-3e0c744573a9,normal,cpu,100,200,100,0,100,0,16450.2,117537.0,153465.0,191052.2,14967.5,20096.0,22867.0
D3-r1-test,results/d3_formal/raw_r1/test/boot_01/batch_20260918T090454.251484Z_517cc6d6.json.gz,20260918T090454.251484Z_517cc6d6,62930e5a-2815-4bb7-b720-3e0c744573a9,normal,cpu,100,200,100,0,100,0,16025.1,114764.5,147751.5,176883.9,14741.4,19919.0,23012.2
D3-r1-test,results/d3_formal/raw_r1/test/boot_01/batch_20260918T090509.307612Z_f140e765.json.gz,20260918T090509.307612Z_f140e765,62930e5a-2815-4bb7-b720-3e0c744573a9,normal,cpu,100,200,100,0,100,0,18704.3,118931.2,151659.0,181987.80000000002,15028.9,20704.0,22978.700000000004
D3-r1-test,results/d3_formal/raw_r1/test/boot_01/batch_20260918T090523.580956Z_1c72143c.json.gz,20260918T090523.580956Z_1c72143c,62930e5a-2815-4bb7-b720-3e0c744573a9,normal,cpu,100,200,100,0,100,0,16557.600000000002,120599.9,151442.0,189723.40000000002,15060.4,20907.0,22868.9
D3-r1-test,results/d3_formal/raw_r1/test/boot_01/batch_20260918T090538.092177Z_e068a903.json.gz,20260918T090538.092177Z_e068a903,62930e5a-2815-4bb7-b720-3e0c744573a9,normal,cpu,100,200,100,0,100,0,18311.9,124872.9,151081.0,185944.4,15673.9,20423.0,23119.7
D3-r1-test,results/d3_formal/raw_r1/test/boot_01/batch_20260918T090552.411061Z_8627f6e8.json.gz,20260918T090552.411061Z_8627f6e8,62930e5a-2815-4bb7-b720-3e0c744573a9,normal,cpu,100,200,100,0,100,0,18479.9,126262.2,151955.0,180407.9,15717.1,20280.5,22340.7
D3-r1-test,results/d3_formal/raw_r1/test/boot_01/batch_20260918T090606.961315Z_b5e4f9a3.json.gz,20260918T090606.961315Z_b5e4f9a3,62930e5a-2815-4bb7-b720-3e0c744573a9,normal,cpu,100,200,100,0,100,0,16347.5,120655.2,150878.5,206178.90000000002,15628.5,20167.0,23315.500000000004
D3-r1-test,results/d3_formal/raw_r1/test/boot_01/batch_20260918T090621.360932Z_253463e6.json.gz,20260918T090621.360932Z_253463e6,62930e5a-2815-4bb7-b720-3e0c744573a9,normal,cpu,100,200,100,0,100,0,15576.4,109863.3,142765.0,171952.10000000003,14480.5,19961.0,22206.8
D3-r1-test,results/d3_formal/raw_r1/test/boot_01/batch_20260918T090635.860577Z_997bbf48.json.gz,20260918T090635.860577Z_997bbf48,62930e5a-2815-4bb7-b720-3e0c744573a9,normal,cpu,100,200,100,0,100,0,17691.7,113805.3,153731.5,215836.20000000022,14710.7,20578.5,22311.000000000004
D3-r1-test,results/d3_formal/raw_r1/test/boot_01/batch_20260918T090650.429551Z_186279c9.json.gz,20260918T090650.429551Z_186279c9,62930e5a-2815-4bb7-b720-3e0c744573a9,normal,cpu,100,200,100,0,100,0,15902.4,113935.7,146702.0,180873.80000000002,14578.5,19738.0,22537.8
D3-r1-test,results/d3_formal/raw_r1/test/boot_01/batch_20260918T090705.962839Z_c864731b.json.gz,20260918T090705.962839Z_c864731b,62930e5a-2815-4bb7-b720-3e0c744573a9,normal,cpu,100,200,100,0,100,0,15874.0,114178.6,145273.0,228010.10000000003,14527.3,17636.0,22923.0
D3-r1-test,results/d3_formal/raw_r1/test/boot_01/batch_20260918T090721.539821Z_51459273.json.gz,20260918T090721.539821Z_51459273,62930e5a-2815-4bb7-b720-3e0c744573a9,normal,cpu,100,200,100,0,100,0,15963.6,122541.3,152705.0,211266.6,14718.5,19393.5,28025.70000000003
D3-r1-test,results/d3_formal/raw_r1/test/boot_01/batch_20260918T090736.003120Z_f7eed8a2.json.gz,20260918T090736.003120Z_f7eed8a2,62930e5a-2815-4bb7-b720-3e0c744573a9,normal,cpu,100,200,100,0,100,0,16150.4,115870.8,149342.5,181351.2,14756.5,20354.0,22734.8
D3-r1-test,results/d3_formal/raw_r1/test/boot_01/batch_20260918T090750.402279Z_d54848bb.json.gz,20260918T090750.402279Z_d54848bb,62930e5a-2815-4bb7-b720-3e0c744573a9,normal,cpu,100,200,100,0,100,0,16363.7,113241.0,151900.0,187676.7,14872.5,20268.0,22570.600000000002
D3-r1-test,results/d3_formal/raw_r1/test/boot_01/batch_20260918T090804.921138Z_1dfce79a.json.gz,20260918T090804.921138Z_1dfce79a,62930e5a-2815-4bb7-b720-3e0c744573a9,normal,cpu,100,200,100,0,100,0,16112.4,113094.7,149826.0,193759.6,14805.6,20193.5,22826.0
D3-r1-test,results/d3_formal/raw_r1/test/boot_01/batch_20260918T090819.291370Z_40d51c24.json.gz,20260918T090819.291370Z_40d51c24,62930e5a-2815-4bb7-b720-3e0c744573a9,normal,cpu,100,200,100,0,100,0,16831.2,121426.4,152540.5,187368.90000000002,15772.6,20423.5,22442.2
D3-r1-test,results/d3_formal/raw_r1/test/boot_01/batch_20260918T090833.589177Z_60f41b6e.json.gz,20260918T090833.589177Z_60f41b6e,62930e5a-2815-4bb7-b720-3e0c744573a9,normal,cpu,100,200,100,0,100,0,16536.7,122752.7,151881.5,180089.90000000002,15954.7,20471.0,23030.600000000002
D3-r1-test,results/d3_formal/raw_r1/test/boot_01/batch_20260918T090848.101878Z_687ebfcd.json.gz,20260918T090848.101878Z_687ebfcd,62930e5a-2815-4bb7-b720-3e0c744573a9,normal,cpu,100,200,100,0,100,0,18857.4,128005.4,153916.5,192130.70000000004,16548.2,20481.5,25766.20000000001
D3-r1-test,results/d3_formal/raw_r1/test/boot_01/batch_20260918T090903.134871Z_65b24599.json.gz,20260918T090903.134871Z_65b24599,62930e5a-2815-4bb7-b720-3e0c744573a9,normal,mixed,100,200,100,0,100,0,16201.6,116314.0,156823.0,213077.50000000003,14666.9,20372.0,25063.90000000001
D3-r1-test,results/d3_formal/raw_r1/test/boot_01/batch_20260918T090917.682507Z_381897a0.json.gz,20260918T090917.682507Z_381897a0,62930e5a-2815-4bb7-b720-3e0c744573a9,normal,mixed,100,200,100,0,100,0,17267.9,118107.1,154537.0,190185.6000000001,15805.300000000001,20935.5,22566.7
D3-r1-test,results/d3_formal/raw_r1/test/boot_01/batch_20260918T090932.425311Z_dba5dcba.json.gz,20260918T090932.425311Z_dba5dcba,62930e5a-2815-4bb7-b720-3e0c744573a9,normal,mixed,100,200,100,0,100,0,16678.4,118438.3,152483.5,181756.2,15624.0,20412.5,23043.800000000007
D3-r1-test,results/d3_formal/raw_r1/test/boot_01/batch_20260918T090947.004313Z_db9fbf12.json.gz,20260918T090947.004313Z_db9fbf12,62930e5a-2815-4bb7-b720-3e0c744573a9,normal,mixed,100,200,100,0,100,0,16252.9,114957.5,149601.5,171063.7,14851.5,20996.0,22936.9
D3-r1-test,results/d3_formal/raw_r1/test/boot_01/batch_20260918T091001.570701Z_412f791d.json.gz,20260918T091001.570701Z_412f791d,62930e5a-2815-4bb7-b720-3e0c744573a9,normal,mixed,100,200,100,0,100,0,16060.8,115190.4,150582.0,211887.2,14640.7,20097.5,24155.800000000003
D3-r1-test,results/d3_formal/raw_r1/test/boot_01/batch_20260918T091017.059155Z_7d6d519e.json.gz,20260918T091017.059155Z_7d6d519e,62930e5a-2815-4bb7-b720-3e0c744573a9,normal,mixed,100,200,100,0,100,0,16419.3,118969.7,150638.5,188694.5,16025.3,20167.5,23902.100000000002
D3-r1-test,results/d3_formal/raw_r1/test/boot_01/batch_20260918T091031.522416Z_2f4308e2.json.gz,20260918T091031.522416Z_2f4308e2,62930e5a-2815-4bb7-b720-3e0c744573a9,normal,mixed,100,200,100,0,100,0,16658.2,115485.8,155020.0,207831.40000000008,14789.3,20599.0,23171.3
D3-r1-test,results/d3_formal/raw_r1/test/boot_01/batch_20260918T091045.913830Z_6be7c6fb.json.gz,20260918T091045.913830Z_6be7c6fb,62930e5a-2815-4bb7-b720-3e0c744573a9,normal,mixed,100,200,100,0,100,0,16593.5,121533.3,155739.5,224873.10000000003,15790.8,20898.0,23788.100000000002
D3-r1-test,results/d3_formal/raw_r1/test/boot_01/batch_20260918T091100.336356Z_e9f06862.json.gz,20260918T091100.336356Z_e9f06862,62930e5a-2815-4bb7-b720-3e0c744573a9,normal,mixed,100,200,100,0,100,0,16244.4,120738.6,150056.5,194287.40000000002,15525.8,20376.5,22700.7
D3-r1-test,results/d3_formal/raw_r1/test/boot_01/batch_20260918T091114.748852Z_34853767.json.gz,20260918T091114.748852Z_34853767,62930e5a-2815-4bb7-b720-3e0c744573a9,normal,mixed,100,200,100,0,100,0,17395.0,123972.9,153059.0,191884.10000000006,15680.9,20522.0,22540.5
D3-r1-test,results/d3_formal/raw_r1/test/boot_01/batch_20260918T091129.116700Z_89e5cb05.json.gz,20260918T091129.116700Z_89e5cb05,62930e5a-2815-4bb7-b720-3e0c744573a9,normal,mixed,100,200,100,0,100,0,16243.4,119466.9,150468.0,192683.9,15149.3,19866.0,25017.500000000004
D3-r1-test,results/d3_formal/raw_r1/test/boot_01/batch_20260918T091143.619350Z_f1bc9067.json.gz,20260918T091143.619350Z_f1bc9067,62930e5a-2815-4bb7-b720-3e0c744573a9,normal,mixed,100,200,100,0,100,0,16534.8,120828.5,147433.5,188259.00000000003,15689.5,20043.0,22932.4
D3-r1-test,results/d3_formal/raw_r1/test/boot_01/batch_20260918T091158.069221Z_2a7b7bc3.json.gz,20260918T091158.069221Z_2a7b7bc3,62930e5a-2815-4bb7-b720-3e0c744573a9,normal,mixed,100,200,100,0,100,0,17853.9,119477.3,153526.5,194991.40000000005,15390.0,20288.0,22847.300000000003
D3-r1-test,results/d3_formal/raw_r1/test/boot_01/batch_20260918T091212.427656Z_532a3882.json.gz,20260918T091212.427656Z_532a3882,62930e5a-2815-4bb7-b720-3e0c744573a9,normal,mixed,100,200,100,0,100,0,19274.6,130992.2,152415.0,193522.2,15950.800000000001,21174.5,23241.300000000003
D3-r1-test,results/d3_formal/raw_r1/test/boot_01/batch_20260918T091227.002168Z_a537c0c4.json.gz,20260918T091227.002168Z_a537c0c4,62930e5a-2815-4bb7-b720-3e0c744573a9,normal,mixed,100,200,100,0,100,0,18635.4,128136.5,154040.5,188522.90000000002,15893.6,20607.0,23566.800000000007
D3-r1-test,results/d3_formal/raw_r1/test/boot_01/batch_20260918T091241.426660Z_df0bd7b9.json.gz,20260918T091241.426660Z_df0bd7b9,62930e5a-2815-4bb7-b720-3e0c744573a9,normal,mixed,100,200,100,0,100,0,18373.0,130629.7,153252.0,193807.1,15972.2,20642.0,23044.4
D3-r1-test,results/d3_formal/raw_r1/test/boot_01/batch_20260918T091255.958075Z_c3df5f84.json.gz,20260918T091255.958075Z_c3df5f84,62930e5a-2815-4bb7-b720-3e0c744573a9,normal,mixed,100,200,100,0,100,0,16487.0,111124.8,153023.5,180815.30000000002,14903.0,20473.0,23236.800000000014
D3-r1-test,results/d3_formal/raw_r1/test/boot_01/batch_20260918T091310.714998Z_bcced41b.json.gz,20260918T091310.714998Z_bcced41b,62930e5a-2815-4bb7-b720-3e0c744573a9,normal,mixed,100,200,100,0,100,0,16949.7,123684.90000000001,154048.0,192445.00000000003,15643.9,20653.5,22809.7
D3-r1-test,results/d3_formal/raw_r1/test/boot_01/batch_20260918T091325.201242Z_bf652b3c.json.gz,20260918T091325.201242Z_bf652b3c,62930e5a-2815-4bb7-b720-3e0c744573a9,normal,mixed,100,200,100,0,100,0,16492.6,116784.3,153181.0,187205.30000000002,15753.3,20310.5,22594.5
D3-r1-test,results/d3_formal/raw_r1/test/boot_01/batch_20260918T091339.556925Z_ec824991.json.gz,20260918T091339.556925Z_ec824991,62930e5a-2815-4bb7-b720-3e0c744573a9,normal,mixed,100,200,100,0,100,0,16327.9,115997.8,151764.5,182339.4,15011.7,20799.0,22405.2
D3-r1-test,results/d3_formal/raw_r1/test/boot_01/batch_20260918T091354.113776Z_c4bfb359.json.gz,20260918T091354.113776Z_c4bfb359,62930e5a-2815-4bb7-b720-3e0c744573a9,normal,mixed,100,200,100,0,100,0,17973.200000000004,117495.7,156821.0,196320.70000000004,14786.2,20741.0,23238.700000000008
D3-r1-test,results/d3_formal/raw_r1/test/boot_01/batch_20260918T091408.750198Z_25dc5a4b.json.gz,20260918T091408.750198Z_25dc5a4b,62930e5a-2815-4bb7-b720-3e0c744573a9,normal,mixed,100,200,100,0,100,0,16251.2,118233.1,155075.5,194635.6,14609.6,20501.0,22973.300000000003
D3-r1-test,results/d3_formal/raw_r1/test/boot_01/batch_20260918T091423.367753Z_3ce8967a.json.gz,20260918T091423.367753Z_3ce8967a,62930e5a-2815-4bb7-b720-3e0c744573a9,normal,mixed,100,200,100,0,100,0,18946.3,118988.0,155196.0,197232.6,16032.2,20911.0,23111.600000000002
D3-r1-test,results/d3_formal/raw_r1/test/boot_01/batch_20260918T091437.770521Z_f3aecbd2.json.gz,20260918T091437.770521Z_f3aecbd2,62930e5a-2815-4bb7-b720-3e0c744573a9,normal,mixed,100,200,100,0,100,0,16005.0,111302.6,149102.0,194781.7,14584.3,20033.0,22527.3
D3-r1-test,results/d3_formal/raw_r1/test/boot_01/batch_20260918T091452.268216Z_b270a32f.json.gz,20260918T091452.268216Z_b270a32f,62930e5a-2815-4bb7-b720-3e0c744573a9,normal,mixed,100,200,100,0,100,0,18583.5,117990.5,155596.0,194699.0,14693.9,20336.5,22727.3
D3-r1-test,results/d3_formal/raw_r1/test/boot_01/batch_20260918T091506.893620Z_487356e3.json.gz,20260918T091506.893620Z_487356e3,62930e5a-2815-4bb7-b720-3e0c744573a9,normal,mixed,100,200,100,0,100,0,16005.7,116016.9,150578.5,187146.30000000002,14803.0,20168.5,22517.7
D3-r1-test,results/d3_formal/raw_r1/test/boot_01/batch_20260918T091521.399822Z_b5b876a3.json.gz,20260918T091521.399822Z_b5b876a3,62930e5a-2815-4bb7-b720-3e0c744573a9,normal,mixed,100,200,100,0,100,0,16157.4,120751.7,154360.0,192205.20000000004,15056.9,20264.0,23294.50000000001
D3-r1-test,results/d3_formal/raw_r1/test/boot_01/batch_20260918T091536.005626Z_34e5bcb2.json.gz,20260918T091536.005626Z_34e5bcb2,62930e5a-2815-4bb7-b720-3e0c744573a9,normal,mixed,100,200,100,0,100,0,19178.6,126984.4,156747.0,212742.5,16008.8,20624.5,22576.5
D3-r1-test,results/d3_formal/raw_r1/test/boot_01/batch_20260918T091550.575313Z_b9f90e81.json.gz,20260918T091550.575313Z_b9f90e81,62930e5a-2815-4bb7-b720-3e0c744573a9,normal,mixed,100,200,100,0,100,0,16074.8,113303.1,148754.5,191556.5,14974.5,20098.0,22757.100000000002
D3-r1-test,results/d3_formal/raw_r1/test/boot_01/batch_20260918T091605.064892Z_3734da34.json.gz,20260918T091605.064892Z_3734da34,62930e5a-2815-4bb7-b720-3e0c744573a9,normal,mixed,100,200,100,0,100,0,16280.0,121473.5,151552.5,190815.2,14730.4,20448.0,22697.9
D3-r1-test,results/d3_formal/raw_r1/test/boot_01/batch_20260918T091612.954515Z_697ffa36.json.gz,20260918T091612.954515Z_697ffa36,62930e5a-2815-4bb7-b720-3e0c744573a9,normal,baseline,100,200,100,0,100,0,20499.9,144129.2,176764.5,220556.60000000006,19731.2,22206.5,23137.5
D3-r1-test,results/d3_formal/raw_r1/test/boot_01/batch_20260918T091621.071008Z_e454ce09.json.gz,20260918T091621.071008Z_e454ce09,62930e5a-2815-4bb7-b720-3e0c744573a9,normal,baseline,100,200,100,0,100,0,21839.4,143202.8,175307.0,215199.2,20270.0,22320.5,23220.9
D3-r1-test,results/d3_formal/raw_r1/test/boot_01/batch_20260918T091629.023600Z_7b4fd20f.json.gz,20260918T091629.023600Z_7b4fd20f,62930e5a-2815-4bb7-b720-3e0c744573a9,normal,baseline,100,200,100,0,100,0,21366.4,146128.7,181842.5,235749.7000000002,19955.8,22444.0,25189.30000000001
D3-r1-test,results/d3_formal/raw_r1/test/boot_01/batch_20260918T091636.789001Z_4edd610f.json.gz,20260918T091636.789001Z_4edd610f,62930e5a-2815-4bb7-b720-3e0c744573a9,normal,baseline,100,200,100,0,100,0,14625.0,104132.2,158820.5,234350.60000000003,14426.6,21029.0,22987.9
D3-r1-test,results/d3_formal/raw_r1/test/boot_01/batch_20260918T091644.677622Z_1c0ee26a.json.gz,20260918T091644.677622Z_1c0ee26a,62930e5a-2815-4bb7-b720-3e0c744573a9,normal,baseline,100,200,100,0,100,0,14918.1,106708.6,155801.5,213601.60000000003,14607.9,21538.0,23893.1
D3-r1-test,results/d3_formal/raw_r1/test/boot_01/batch_20260918T091652.718789Z_f77b3e3d.json.gz,20260918T091652.718789Z_f77b3e3d,62930e5a-2815-4bb7-b720-3e0c744573a9,normal,baseline,100,200,100,0,100,0,18325.5,127502.90000000001,172388.5,213109.2,14631.9,21287.0,22852.800000000003
D3-r1-test,results/d3_formal/raw_r1/test/boot_01/batch_20260918T091700.799840Z_2305b2c6.json.gz,20260918T091700.799840Z_2305b2c6,62930e5a-2815-4bb7-b720-3e0c744573a9,normal,baseline,100,200,100,0,100,0,17934.300000000003,104663.4,180204.0,221139.80000000013,14464.7,22056.0,23271.5
D3-r1-test,results/d3_formal/raw_r1/test/boot_01/batch_20260918T091708.663670Z_361e0f37.json.gz,20260918T091708.663670Z_361e0f37,62930e5a-2815-4bb7-b720-3e0c744573a9,normal,baseline,100,200,100,0,100,0,14539.4,106182.1,133077.5,195114.10000000003,14422.8,14917.0,21669.7
D3-r1-test,results/d3_formal/raw_r1/test/boot_01/batch_20260918T091716.442810Z_89d797ca.json.gz,20260918T091716.442810Z_89d797ca,62930e5a-2815-4bb7-b720-3e0c744573a9,normal,baseline,100,200,100,0,100,0,14828.9,105016.9,140806.5,184580.0,14596.6,19640.0,23135.600000000002
D3-r1-test,results/d3_formal/raw_r1/test/boot_01/batch_20260918T091724.397546Z_1e78e4cc.json.gz,20260918T091724.397546Z_1e78e4cc,62930e5a-2815-4bb7-b720-3e0c744573a9,normal,baseline,100,200,100,0,100,0,19955.8,118272.5,162056.0,208995.20000000007,14867.4,22204.5,22908.0
D3-r1-test,results/d3_formal/raw_r1/test/boot_01/batch_20260918T091732.285527Z_73671e96.json.gz,20260918T091732.285527Z_73671e96,62930e5a-2815-4bb7-b720-3e0c744573a9,normal,baseline,100,200,100,0,100,0,14521.1,105751.8,135140.0,187381.40000000002,14383.4,15299.5,23005.4
D3-r1-test,results/d3_formal/raw_r1/test/boot_01/batch_20260918T091740.012489Z_d6f615ee.json.gz,20260918T091740.012489Z_d6f615ee,62930e5a-2815-4bb7-b720-3e0c744573a9,normal,baseline,100,200,100,0,100,0,14543.7,105055.0,135202.0,185932.0,14423.3,15313.0,22753.9
D3-r1-test,results/d3_formal/raw_r1/test/boot_01/batch_20260918T091748.290137Z_68809f43.json.gz,20260918T091748.290137Z_68809f43,62930e5a-2815-4bb7-b720-3e0c744573a9,normal,baseline,100,200,100,0,100,0,14479.6,104475.0,135939.5,190768.50000000006,14353.0,15127.5,23308.300000000003
D3-r1-test,results/d3_formal/raw_r1/test/boot_01/batch_20260918T091756.378909Z_52e47ef3.json.gz,20260918T091756.378909Z_52e47ef3,62930e5a-2815-4bb7-b720-3e0c744573a9,normal,baseline,100,200,100,0,100,0,14521.7,104292.3,123922.0,220007.00000000003,14345.0,14999.5,22477.1
D3-r1-test,results/d3_formal/raw_r1/test/boot_01/batch_20260918T091804.584812Z_b62a3e36.json.gz,20260918T091804.584812Z_b62a3e36,62930e5a-2815-4bb7-b720-3e0c744573a9,normal,baseline,100,200,100,0,100,0,21334.8,147568.0,176136.5,218740.7,20054.4,22525.0,26701.00000000001
D3-r1-test,results/d3_formal/raw_r1/test/boot_01/batch_20260918T091812.775936Z_7bfb0dba.json.gz,20260918T091812.775936Z_7bfb0dba,62930e5a-2815-4bb7-b720-3e0c744573a9,normal,baseline,100,200,100,0,100,0,14530.2,103988.3,153218.0,208103.60000000003,14379.4,20825.5,23031.5
D3-r1-test,results/d3_formal/raw_r1/test/boot_01/batch_20260918T091820.872009Z_226f88b7.json.gz,20260918T091820.872009Z_226f88b7,62930e5a-2815-4bb7-b720-3e0c744573a9,normal,baseline,100,200,100,0,100,0,20166.2,146297.4,180848.5,215810.0,19610.7,22280.5,23397.700000000004
D3-r1-test,results/d3_formal/raw_r1/test/boot_01/batch_20260918T091828.823507Z_26fb49a0.json.gz,20260918T091828.823507Z_26fb49a0,62930e5a-2815-4bb7-b720-3e0c744573a9,normal,baseline,100,200,100,0,100,0,14505.6,105844.6,147193.0,232648.10000000024,14404.3,16029.0,26385.20000000001
D3-r1-test,results/d3_formal/raw_r1/test/boot_01/batch_20260918T091836.711064Z_b051fe37.json.gz,20260918T091836.711064Z_b051fe37,62930e5a-2815-4bb7-b720-3e0c744573a9,normal,baseline,100,200,100,0,100,0,14418.5,104257.1,126881.0,165827.60000000006,14328.4,14763.5,22414.100000000002
D3-r1-test,results/d3_formal/raw_r1/test/boot_01/batch_20260918T091844.834459Z_7711b73c.json.gz,20260918T091844.834459Z_7711b73c,62930e5a-2815-4bb7-b720-3e0c744573a9,normal,baseline,100,200,100,0,100,0,14475.0,107400.2,127811.5,183796.4,14389.4,15281.0,22094.8
D3-r1-test,results/d3_formal/raw_r1/test/boot_01/batch_20260918T091852.792090Z_922bd55c.json.gz,20260918T091852.792090Z_922bd55c,62930e5a-2815-4bb7-b720-3e0c744573a9,normal,baseline,100,200,100,0,100,0,14720.3,106972.5,146197.0,207449.90000000002,14596.7,15267.0,22414.4
D3-r1-test,results/d3_formal/raw_r1/test/boot_01/batch_20260918T091900.826397Z_9501eeaa.json.gz,20260918T091900.826397Z_9501eeaa,62930e5a-2815-4bb7-b720-3e0c744573a9,normal,baseline,100,200,100,0,100,0,14662.8,106584.0,143875.5,221573.30000000002,14423.0,15939.5,22793.9
D3-r1-test,results/d3_formal/raw_r1/test/boot_01/batch_20260918T091908.998964Z_3c20ead0.json.gz,20260918T091908.998964Z_3c20ead0,62930e5a-2815-4bb7-b720-3e0c744573a9,normal,baseline,100,200,100,0,100,0,19345.600000000002,109454.1,171550.5,255234.3000000001,14693.5,22099.0,22998.100000000002
D3-r1-test,results/d3_formal/raw_r1/test/boot_01/batch_20260918T091916.642303Z_db71d38e.json.gz,20260918T091916.642303Z_db71d38e,62930e5a-2815-4bb7-b720-3e0c744573a9,normal,baseline,100,200,100,0,100,0,14423.7,103410.8,106341.0,164251.20000000013,14342.4,14642.5,16184.300000000001
D3-r1-test,results/d3_formal/raw_r1/test/boot_01/batch_20260918T091924.595070Z_cda57775.json.gz,20260918T091924.595070Z_cda57775,62930e5a-2815-4bb7-b720-3e0c744573a9,normal,baseline,100,200,100,0,100,0,21196.0,146495.3,171108.0,233766.7000000001,20184.4,22323.0,24259.100000000035
D3-r1-test,results/d3_formal/raw_r1/test/boot_01/batch_20260918T091932.672771Z_2b49b18a.json.gz,20260918T091932.672771Z_2b49b18a,62930e5a-2815-4bb7-b720-3e0c744573a9,normal,baseline,100,200,100,0,100,0,19659.2,139801.7,169736.5,247671.1,18624.0,22291.5,33000.70000000009
D3-r1-test,results/d3_formal/raw_r1/test/boot_01/batch_20260918T091940.558120Z_ed627cd5.json.gz,20260918T091940.558120Z_ed627cd5,62930e5a-2815-4bb7-b720-3e0c744573a9,normal,baseline,100,200,100,0,100,0,14504.4,105025.6,151803.0,217754.40000000002,14390.1,19786.0,22789.600000000002
D3-r1-test,results/d3_formal/raw_r1/test/boot_01/batch_20260918T091948.438011Z_79285748.json.gz,20260918T091948.438011Z_79285748,62930e5a-2815-4bb7-b720-3e0c744573a9,normal,baseline,100,200,100,0,100,0,14431.8,104432.2,133259.0,184662.50000000003,14349.8,14985.0,22689.1
D3-r1-test,results/d3_formal/raw_r1/test/boot_01/batch_20260918T091956.177490Z_1d65eb87.json.gz,20260918T091956.177490Z_1d65eb87,62930e5a-2815-4bb7-b720-3e0c744573a9,normal,baseline,100,200,100,0,100,0,14614.6,106025.1,132981.5,174923.60000000003,14499.9,15012.0,22770.5
D3-r1-test,results/d3_formal/raw_r1/test/boot_01/batch_20260918T092004.022267Z_357e1944.json.gz,20260918T092004.022267Z_357e1944,62930e5a-2815-4bb7-b720-3e0c744573a9,normal,baseline,100,200,100,0,100,0,14459.8,104425.2,126250.5,185186.90000000002,14326.3,14811.5,22465.7
D3-r1-test,results/d3_formal/raw_r1/test/boot_01/batch_20260918T092018.684593Z_21cd797c.json.gz,20260918T092018.684593Z_21cd797c,62930e5a-2815-4bb7-b720-3e0c744573a9,rootkit,cpu,100,100,100,100,0,0,48095.0,48095.0,58446.0,73435.90000000001,nan,nan,nan
D3-r1-test,results/d3_formal/raw_r1/test/boot_01/batch_20260918T092032.953173Z_59e58257.json.gz,20260918T092032.953173Z_59e58257,62930e5a-2815-4bb7-b720-3e0c744573a9,rootkit,cpu,100,100,100,100,0,0,49624.8,49624.8,57577.5,83850.40000000001,nan,nan,nan
D3-r1-test,results/d3_formal/raw_r1/test/boot_01/batch_20260918T092047.268480Z_37429e87.json.gz,20260918T092047.268480Z_37429e87,62930e5a-2815-4bb7-b720-3e0c744573a9,rootkit,cpu,100,100,100,100,0,0,45738.5,45738.5,57747.5,70106.5,nan,nan,nan
D3-r1-test,results/d3_formal/raw_r1/test/boot_01/batch_20260918T092101.639803Z_9c3f7bbf.json.gz,20260918T092101.639803Z_9c3f7bbf,62930e5a-2815-4bb7-b720-3e0c744573a9,rootkit,cpu,100,100,100,100,0,0,48202.8,48202.8,57041.0,70183.20000000001,nan,nan,nan
D3-r1-test,results/d3_formal/raw_r1/test/boot_01/batch_20260918T092116.244240Z_0b37711a.json.gz,20260918T092116.244240Z_0b37711a,62930e5a-2815-4bb7-b720-3e0c744573a9,rootkit,cpu,100,100,100,100,0,0,50270.8,50270.8,60181.5,86319.80000000002,nan,nan,nan
D3-r1-test,results/d3_formal/raw_r1/test/boot_01/batch_20260918T092130.837608Z_b7e8a1c2.json.gz,20260918T092130.837608Z_b7e8a1c2,62930e5a-2815-4bb7-b720-3e0c744573a9,rootkit,cpu,100,100,100,100,0,0,47724.1,47724.1,59625.0,84329.1,nan,nan,nan
D3-r1-test,results/d3_formal/raw_r1/test/boot_01/batch_20260918T092145.051321Z_17fd4d7d.json.gz,20260918T092145.051321Z_17fd4d7d,62930e5a-2815-4bb7-b720-3e0c744573a9,rootkit,cpu,100,100,100,100,0,0,49924.4,49924.4,58445.5,75932.10000000002,nan,nan,nan
D3-r1-test,results/d3_formal/raw_r1/test/boot_01/batch_20260918T092159.472566Z_dc83be61.json.gz,20260918T092159.472566Z_dc83be61,62930e5a-2815-4bb7-b720-3e0c744573a9,rootkit,cpu,100,100,100,100,0,0,46581.2,46581.2,59188.5,72787.6,nan,nan,nan
D3-r1-test,results/d3_formal/raw_r1/test/boot_01/batch_20260918T092213.790431Z_9bd92bd5.json.gz,20260918T092213.790431Z_9bd92bd5,62930e5a-2815-4bb7-b720-3e0c744573a9,rootkit,cpu,100,100,100,100,0,0,49058.7,49058.7,57526.5,82152.1,nan,nan,nan
D3-r1-test,results/d3_formal/raw_r1/test/boot_01/batch_20260918T092228.252251Z_2daaf73c.json.gz,20260918T092228.252251Z_2daaf73c,62930e5a-2815-4bb7-b720-3e0c744573a9,rootkit,cpu,100,100,100,100,0,0,47977.2,47977.2,57842.5,73438.90000000001,nan,nan,nan
D3-r1-test,results/d3_formal/raw_r1/test/boot_01/batch_20260918T092242.586532Z_b2778c90.json.gz,20260918T092242.586532Z_b2778c90,62930e5a-2815-4bb7-b720-3e0c744573a9,rootkit,cpu,100,100,100,100,0,0,46272.5,46272.5,60021.0,71238.80000000003,nan,nan,nan
D3-r1-test,results/d3_formal/raw_r1/test/boot_01/batch_20260918T092257.012027Z_57d2be57.json.gz,20260918T092257.012027Z_57d2be57,62930e5a-2815-4bb7-b720-3e0c744573a9,rootkit,cpu,100,100,100,100,0,0,48081.0,48081.0,57458.0,67041.3,nan,nan,nan
D3-r1-test,results/d3_formal/raw_r1/test/boot_01/batch_20260918T092311.529859Z_8565b856.json.gz,20260918T092311.529859Z_8565b856,62930e5a-2815-4bb7-b720-3e0c744573a9,rootkit,cpu,100,100,100,100,0,0,48183.8,48183.8,59361.0,80600.00000000001,nan,nan,nan
D3-r1-test,results/d3_formal/raw_r1/test/boot_01/batch_20260918T092325.601961Z_d050613f.json.gz,20260918T092325.601961Z_d050613f,62930e5a-2815-4bb7-b720-3e0c744573a9,rootkit,cpu,100,100,100,100,0,0,49160.9,49160.9,58441.5,79780.80000000002,nan,nan,nan
D3-r1-test,results/d3_formal/raw_r1/test/boot_01/batch_20260918T092339.814704Z_9649db6c.json.gz,20260918T092339.814704Z_9649db6c,62930e5a-2815-4bb7-b720-3e0c744573a9,rootkit,cpu,100,100,100,100,0,0,50066.0,50066.0,58416.0,82865.50000000001,nan,nan,nan
D3-r1-test,results/d3_formal/raw_r1/test/boot_01/batch_20260918T092353.997154Z_a6e8ba5a.json.gz,20260918T092353.997154Z_a6e8ba5a,62930e5a-2815-4bb7-b720-3e0c744573a9,rootkit,cpu,100,100,100,100,0,0,45040.1,45040.1,57632.0,78200.40000000002,nan,nan,nan
D3-r1-test,results/d3_formal/raw_r1/test/boot_01/batch_20260918T092408.512916Z_1e028218.json.gz,20260918T092408.512916Z_1e028218,62930e5a-2815-4bb7-b720-3e0c744573a9,rootkit,cpu,100,100,100,100,0,0,48991.1,48991.1,57971.5,87727.00000000003,nan,nan,nan
D3-r1-test,results/d3_formal/raw_r1/test/boot_01/batch_20260918T092422.819129Z_6745058e.json.gz,20260918T092422.819129Z_6745058e,62930e5a-2815-4bb7-b720-3e0c744573a9,rootkit,cpu,100,100,100,100,0,0,45526.6,45526.6,57351.5,74524.10000000005,nan,nan,nan
D3-r1-test,results/d3_formal/raw_r1/test/boot_01/batch_20260918T092437.185314Z_3d8383ff.json.gz,20260918T092437.185314Z_3d8383ff,62930e5a-2815-4bb7-b720-3e0c744573a9,rootkit,cpu,100,100,100,100,0,0,47803.8,47803.8,57957.5,84320.50000000001,nan,nan,nan
D3-r1-test,results/d3_formal/raw_r1/test/boot_01/batch_20260918T092451.494324Z_c2e3886e.json.gz,20260918T092451.494324Z_c2e3886e,62930e5a-2815-4bb7-b720-3e0c744573a9,rootkit,cpu,100,100,100,100,0,0,46025.1,46025.1,58377.0,68951.5,nan,nan,nan
D3-r1-test,results/d3_formal/raw_r1/test/boot_01/batch_20260918T092505.868526Z_0812ad5e.json.gz,20260918T092505.868526Z_0812ad5e,62930e5a-2815-4bb7-b720-3e0c744573a9,rootkit,cpu,100,100,100,100,0,0,49348.5,49348.5,58043.0,74678.4,nan,nan,nan
D3-r1-test,results/d3_formal/raw_r1/test/boot_01/batch_20260918T092520.408085Z_63568f3f.json.gz,20260918T092520.408085Z_63568f3f,62930e5a-2815-4bb7-b720-3e0c744573a9,rootkit,cpu,100,100,100,100,0,0,48581.3,48581.3,58695.5,75234.30000000002,nan,nan,nan
D3-r1-test,results/d3_formal/raw_r1/test/boot_01/batch_20260918T092534.666640Z_e3fbac87.json.gz,20260918T092534.666640Z_e3fbac87,62930e5a-2815-4bb7-b720-3e0c744573a9,rootkit,cpu,100,100,100,100,0,0,47942.700000000004,47942.700000000004,57643.0,73996.50000000001,nan,nan,nan
D3-r1-test,results/d3_formal/raw_r1/test/boot_01/batch_20260918T092548.922371Z_f88933f7.json.gz,20260918T092548.922371Z_f88933f7,62930e5a-2815-4bb7-b720-3e0c744573a9,rootkit,cpu,100,100,100,100,0,0,49816.8,49816.8,57805.0,73837.40000000005,nan,nan,nan
D3-r1-test,results/d3_formal/raw_r1/test/boot_01/batch_20260918T092603.229885Z_2f3f57c6.json.gz,20260918T092603.229885Z_2f3f57c6,62930e5a-2815-4bb7-b720-3e0c744573a9,rootkit,cpu,100,100,100,100,0,0,44149.5,44149.5,57854.5,77542.9000000001,nan,nan,nan
D3-r1-test,results/d3_formal/raw_r1/test/boot_01/batch_20260918T092617.559879Z_0359e2e8.json.gz,20260918T092617.559879Z_0359e2e8,62930e5a-2815-4bb7-b720-3e0c744573a9,rootkit,cpu,100,100,100,100,0,0,48889.3,48889.3,57754.0,69120.80000000002,nan,nan,nan
D3-r1-test,results/d3_formal/raw_r1/test/boot_01/batch_20260918T092631.869631Z_95be50b5.json.gz,20260918T092631.869631Z_95be50b5,62930e5a-2815-4bb7-b720-3e0c744573a9,rootkit,cpu,100,100,100,100,0,0,49887.6,49887.6,59528.5,72270.1,nan,nan,nan
D3-r1-test,results/d3_formal/raw_r1/test/boot_01/batch_20260918T092646.288934Z_1bd43635.json.gz,20260918T092646.288934Z_1bd43635,62930e5a-2815-4bb7-b720-3e0c744573a9,rootkit,cpu,100,100,100,100,0,0,46739.2,46739.2,57153.5,68863.70000000001,nan,nan,nan
D3-r1-test,results/d3_formal/raw_r1/test/boot_01/batch_20260918T092700.729151Z_024603db.json.gz,20260918T092700.729151Z_024603db,62930e5a-2815-4bb7-b720-3e0c744573a9,rootkit,cpu,100,100,100,100,0,0,49230.7,49230.7,59828.5,87813.90000000002,nan,nan,nan
D3-r1-test,results/d3_formal/raw_r1/test/boot_01/batch_20260918T092715.069496Z_9abefc3c.json.gz,20260918T092715.069496Z_9abefc3c,62930e5a-2815-4bb7-b720-3e0c744573a9,rootkit,cpu,100,100,100,100,0,0,46778.7,46778.7,57811.5,72076.5,nan,nan,nan
D3-r1-test,results/d3_formal/raw_r1/test/boot_01/batch_20260918T092723.799774Z_401a025b.json.gz,20260918T092723.799774Z_401a025b,62930e5a-2815-4bb7-b720-3e0c744573a9,rootkit,memory,100,100,100,100,0,0,40617.0,40617.0,55088.0,101079.60000000002,nan,nan,nan
D3-r1-test,results/d3_formal/raw_r1/test/boot_01/batch_20260918T092732.541255Z_63997a61.json.gz,20260918T092732.541255Z_63997a61,62930e5a-2815-4bb7-b720-3e0c744573a9,rootkit,memory,100,100,100,100,0,0,41809.6,41809.6,59165.0,92731.80000000002,nan,nan,nan
D3-r1-test,results/d3_formal/raw_r1/test/boot_01/batch_20260918T092741.211936Z_9dfdae0e.json.gz,20260918T092741.211936Z_9dfdae0e,62930e5a-2815-4bb7-b720-3e0c744573a9,rootkit,memory,100,100,100,100,0,0,41207.9,41207.9,58517.5,112900.60000000002,nan,nan,nan
D3-r1-test,results/d3_formal/raw_r1/test/boot_01/batch_20260918T092750.149141Z_b34bea12.json.gz,20260918T092750.149141Z_b34bea12,62930e5a-2815-4bb7-b720-3e0c744573a9,rootkit,memory,100,100,100,100,0,0,41690.9,41690.9,74656.5,111452.40000000001,nan,nan,nan
D3-r1-test,results/d3_formal/raw_r1/test/boot_01/batch_20260918T092759.159471Z_df477453.json.gz,20260918T092759.159471Z_df477453,62930e5a-2815-4bb7-b720-3e0c744573a9,rootkit,memory,100,100,100,100,0,0,41112.0,41112.0,56550.0,92171.70000000001,nan,nan,nan
D3-r1-test,results/d3_formal/raw_r1/test/boot_01/batch_20260918T092807.860073Z_bb0508b0.json.gz,20260918T092807.860073Z_bb0508b0,62930e5a-2815-4bb7-b720-3e0c744573a9,rootkit,memory,100,100,100,100,0,0,41274.5,41274.5,63345.5,114071.20000000003,nan,nan,nan
D3-r1-test,results/d3_formal/raw_r1/test/boot_01/batch_20260918T092816.800075Z_76e144d3.json.gz,20260918T092816.800075Z_76e144d3,62930e5a-2815-4bb7-b720-3e0c744573a9,rootkit,memory,100,100,100,100,0,0,41276.9,41276.9,75840.0,109817.00000000001,nan,nan,nan
D3-r1-test,results/d3_formal/raw_r1/test/boot_01/batch_20260918T092826.253295Z_09dc67a9.json.gz,20260918T092826.253295Z_09dc67a9,62930e5a-2815-4bb7-b720-3e0c744573a9,rootkit,memory,100,100,100,100,0,0,41518.6,41518.6,62381.0,110306.30000000005,nan,nan,nan
D3-r1-test,results/d3_formal/raw_r1/test/boot_01/batch_20260918T092835.030620Z_6c15a12a.json.gz,20260918T092835.030620Z_6c15a12a,62930e5a-2815-4bb7-b720-3e0c744573a9,rootkit,memory,100,100,100,100,0,0,41367.3,41367.3,62141.0,103869.40000000004,nan,nan,nan
D3-r1-test,results/d3_formal/raw_r1/test/boot_01/batch_20260918T092843.956140Z_c1cffdcd.json.gz,20260918T092843.956140Z_c1cffdcd,62930e5a-2815-4bb7-b720-3e0c744573a9,rootkit,memory,100,100,100,100,0,0,46145.8,46145.8,92690.5,121398.90000000001,nan,nan,nan
D3-r1-test,results/d3_formal/raw_r1/test/boot_01/batch_20260918T092852.880328Z_be96bfe6.json.gz,20260918T092852.880328Z_be96bfe6,62930e5a-2815-4bb7-b720-3e0c744573a9,rootkit,memory,100,100,100,100,0,0,41954.6,41954.6,88424.5,108508.60000000002,nan,nan,nan
D3-r1-test,results/d3_formal/raw_r1/test/boot_01/batch_20260918T092901.774597Z_1da56626.json.gz,20260918T092901.774597Z_1da56626,62930e5a-2815-4bb7-b720-3e0c744573a9,rootkit,memory,100,100,100,100,0,0,43236.4,43236.4,87646.5,115694.40000000002,nan,nan,nan
D3-r1-test,results/d3_formal/raw_r1/test/boot_01/batch_20260918T092910.966104Z_6515bea4.json.gz,20260918T092910.966104Z_6515bea4,62930e5a-2815-4bb7-b720-3e0c744573a9,rootkit,memory,100,100,100,100,0,0,42338.7,42338.7,59804.0,104034.40000000001,nan,nan,nan
D3-r1-test,results/d3_formal/raw_r1/test/boot_01/batch_20260918T092919.850167Z_bede0066.json.gz,20260918T092919.850167Z_bede0066,62930e5a-2815-4bb7-b720-3e0c744573a9,rootkit,memory,100,100,100,100,0,0,41942.6,41942.6,59349.0,101513.90000000005,nan,nan,nan
D3-r1-test,results/d3_formal/raw_r1/test/boot_01/batch_20260918T092928.949692Z_786a6663.json.gz,20260918T092928.949692Z_786a6663,62930e5a-2815-4bb7-b720-3e0c744573a9,rootkit,memory,100,100,100,100,0,0,48004.0,48004.0,57082.0,89902.30000000002,nan,nan,nan
D3-r1-test,results/d3_formal/raw_r1/test/boot_01/batch_20260918T092937.775689Z_6a15a45f.json.gz,20260918T092937.775689Z_6a15a45f,62930e5a-2815-4bb7-b720-3e0c744573a9,rootkit,memory,100,100,100,100,0,0,40391.3,40391.3,57111.5,99439.7,nan,nan,nan
D3-r1-test,results/d3_formal/raw_r1/test/boot_01/batch_20260918T092946.565586Z_11cc83f5.json.gz,20260918T092946.565586Z_11cc83f5,62930e5a-2815-4bb7-b720-3e0c744573a9,rootkit,memory,100,100,100,100,0,0,40809.0,40809.0,56224.0,98309.0,nan,nan,nan
D3-r1-test,results/d3_formal/raw_r1/test/boot_01/batch_20260918T092955.415596Z_1cd2b5b8.json.gz,20260918T092955.415596Z_1cd2b5b8,62930e5a-2815-4bb7-b720-3e0c744573a9,rootkit,memory,100,100,100,100,0,0,40965.6,40965.6,56749.5,103866.70000000004,nan,nan,nan
D3-r1-test,results/d3_formal/raw_r1/test/boot_01/batch_20260918T093004.315809Z_dd01652c.json.gz,20260918T093004.315809Z_dd01652c,62930e5a-2815-4bb7-b720-3e0c744573a9,rootkit,memory,100,100,100,100,0,0,41820.4,41820.4,59531.5,99081.70000000003,nan,nan,nan
D3-r1-test,results/d3_formal/raw_r1/test/boot_01/batch_20260918T093013.157437Z_9b642d44.json.gz,20260918T093013.157437Z_9b642d44,62930e5a-2815-4bb7-b720-3e0c744573a9,rootkit,memory,100,100,100,100,0,0,41481.4,41481.4,81746.5,107805.70000000007,nan,nan,nan
D3-r1-test,results/d3_formal/raw_r1/test/boot_01/batch_20260918T093022.272645Z_6bf125df.json.gz,20260918T093022.272645Z_6bf125df,62930e5a-2815-4bb7-b720-3e0c744573a9,rootkit,memory,100,100,100,100,0,0,41847.6,41847.6,80159.0,113984.3,nan,nan,nan
D3-r1-test,results/d3_formal/raw_r1/test/boot_01/batch_20260918T093031.285249Z_d27874e0.json.gz,20260918T093031.285249Z_d27874e0,62930e5a-2815-4bb7-b720-3e0c744573a9,rootkit,memory,100,100,100,100,0,0,40757.1,40757.1,56230.5,98372.50000000003,nan,nan,nan
D3-r1-test,results/d3_formal/raw_r1/test/boot_01/batch_20260918T093040.382643Z_3cd62c31.json.gz,20260918T093040.382643Z_3cd62c31,62930e5a-2815-4bb7-b720-3e0c744573a9,rootkit,memory,100,100,100,100,0,0,40600.4,40600.4,58587.0,97944.3,nan,nan,nan
D3-r1-test,results/d3_formal/raw_r1/test/boot_01/batch_20260918T093049.260007Z_428668b5.json.gz,20260918T093049.260007Z_428668b5,62930e5a-2815-4bb7-b720-3e0c744573a9,rootkit,memory,100,100,100,100,0,0,42632.7,42632.7,86181.0,127878.5,nan,nan,nan
D3-r1-test,results/d3_formal/raw_r1/test/boot_01/batch_20260918T093058.137989Z_4f5413d3.json.gz,20260918T093058.137989Z_4f5413d3,62930e5a-2815-4bb7-b720-3e0c744573a9,rootkit,memory,100,100,100,100,0,0,41001.4,41001.4,64553.5,97150.10000000002,nan,nan,nan
D3-r1-test,results/d3_formal/raw_r1/test/boot_01/batch_20260918T093107.190117Z_36e46c9f.json.gz,20260918T093107.190117Z_36e46c9f,62930e5a-2815-4bb7-b720-3e0c744573a9,rootkit,memory,100,100,100,100,0,0,41295.4,41295.4,56928.5,94351.40000000002,nan,nan,nan
D3-r1-test,results/d3_formal/raw_r1/test/boot_01/batch_20260918T093116.209917Z_b872f2a6.json.gz,20260918T093116.209917Z_b872f2a6,62930e5a-2815-4bb7-b720-3e0c744573a9,rootkit,memory,100,100,100,100,0,0,42954.6,42954.6,83956.0,116309.40000000001,nan,nan,nan
D3-r1-test,results/d3_formal/raw_r1/test/boot_01/batch_20260918T093125.064064Z_faa2ec57.json.gz,20260918T093125.064064Z_faa2ec57,62930e5a-2815-4bb7-b720-3e0c744573a9,rootkit,memory,100,100,100,100,0,0,43296.8,43296.8,59448.5,114913.40000000002,nan,nan,nan
D3-r1-test,results/d3_formal/raw_r1/test/boot_01/batch_20260918T093133.897813Z_dad9a243.json.gz,20260918T093133.897813Z_dad9a243,62930e5a-2815-4bb7-b720-3e0c744573a9,rootkit,memory,100,100,100,100,0,0,42910.0,42910.0,58373.0,93503.40000000001,nan,nan,nan
D3-r1-test,results/d3_formal/raw_r1/test/boot_01/batch_20260918T093142.677059Z_e3574ca9.json.gz,20260918T093142.677059Z_e3574ca9,62930e5a-2815-4bb7-b720-3e0c744573a9,rootkit,memory,100,100,100,100,0,0,44690.8,44690.8,72316.0,113281.50000000004,nan,nan,nan
D3-r1-test,results/d3_formal/raw_r1/test/boot_01/batch_20260918T093157.218887Z_90d54740.json.gz,20260918T093157.218887Z_90d54740,62930e5a-2815-4bb7-b720-3e0c744573a9,rootkit,mixed,100,100,100,100,0,0,48862.4,48862.4,60523.5,77463.0,nan,nan,nan
D3-r1-test,results/d3_formal/raw_r1/test/boot_01/batch_20260918T093211.763955Z_508997bd.json.gz,20260918T093211.763955Z_508997bd,62930e5a-2815-4bb7-b720-3e0c744573a9,rootkit,mixed,100,100,100,100,0,0,49499.4,49499.4,59196.5,84701.80000000003,nan,nan,nan
D3-r1-test,results/d3_formal/raw_r1/test/boot_01/batch_20260918T093226.241182Z_c540d52d.json.gz,20260918T093226.241182Z_c540d52d,62930e5a-2815-4bb7-b720-3e0c744573a9,rootkit,mixed,100,100,100,100,0,0,45472.7,45472.7,63497.0,94737.9,nan,nan,nan
D3-r1-test,results/d3_formal/raw_r1/test/boot_01/batch_20260918T093240.631602Z_4c0214ea.json.gz,20260918T093240.631602Z_4c0214ea,62930e5a-2815-4bb7-b720-3e0c744573a9,rootkit,mixed,100,100,100,100,0,0,48343.7,48343.7,59876.0,89349.30000000006,nan,nan,nan
D3-r1-test,results/d3_formal/raw_r1/test/boot_01/batch_20260918T093254.896508Z_f8f2872f.json.gz,20260918T093254.896508Z_f8f2872f,62930e5a-2815-4bb7-b720-3e0c744573a9,rootkit,mixed,100,100,100,100,0,0,48426.8,48426.8,60335.5,81875.80000000008,nan,nan,nan
D3-r1-test,results/d3_formal/raw_r1/test/boot_01/batch_20260918T093309.457538Z_e659a473.json.gz,20260918T093309.457538Z_e659a473,62930e5a-2815-4bb7-b720-3e0c744573a9,rootkit,mixed,100,100,100,100,0,0,50073.2,50073.2,58844.0,73497.50000000003,nan,nan,nan
D3-r1-test,results/d3_formal/raw_r1/test/boot_01/batch_20260918T093323.810265Z_9489224e.json.gz,20260918T093323.810265Z_9489224e,62930e5a-2815-4bb7-b720-3e0c744573a9,rootkit,mixed,100,100,100,100,0,0,49658.1,49658.1,60279.5,83468.5,nan,nan,nan
D3-r1-test,results/d3_formal/raw_r1/test/boot_01/batch_20260918T093338.173254Z_e39c33c4.json.gz,20260918T093338.173254Z_e39c33c4,62930e5a-2815-4bb7-b720-3e0c744573a9,rootkit,mixed,100,100,100,100,0,0,46748.8,46748.8,60169.5,94043.20000000001,nan,nan,nan
D3-r1-test,results/d3_formal/raw_r1/test/boot_01/batch_20260918T093352.494299Z_4626e3d6.json.gz,20260918T093352.494299Z_4626e3d6,62930e5a-2815-4bb7-b720-3e0c744573a9,rootkit,mixed,100,100,100,100,0,0,47321.3,47321.3,60609.5,72159.70000000004,nan,nan,nan
D3-r1-test,results/d3_formal/raw_r1/test/boot_01/batch_20260918T093406.679925Z_81589401.json.gz,20260918T093406.679925Z_81589401,62930e5a-2815-4bb7-b720-3e0c744573a9,rootkit,mixed,100,100,100,100,0,0,45773.4,45773.4,60198.5,92237.3,nan,nan,nan
D3-r1-test,results/d3_formal/raw_r1/test/boot_01/batch_20260918T093421.142171Z_50ebeec4.json.gz,20260918T093421.142171Z_50ebeec4,62930e5a-2815-4bb7-b720-3e0c744573a9,rootkit,mixed,100,100,100,100,0,0,45824.7,45824.7,59300.5,83882.70000000001,nan,nan,nan
D3-r1-test,results/d3_formal/raw_r1/test/boot_01/batch_20260918T093435.570521Z_9d10a8d7.json.gz,20260918T093435.570521Z_9d10a8d7,62930e5a-2815-4bb7-b720-3e0c744573a9,rootkit,mixed,100,100,100,100,0,0,49681.1,49681.1,60874.5,82091.00000000001,nan,nan,nan
D3-r1-test,results/d3_formal/raw_r1/test/boot_01/batch_20260918T093450.034024Z_e18694ca.json.gz,20260918T093450.034024Z_e18694ca,62930e5a-2815-4bb7-b720-3e0c744573a9,rootkit,mixed,100,100,100,100,0,0,49757.9,49757.9,58077.5,93180.20000000001,nan,nan,nan
D3-r1-test,results/d3_formal/raw_r1/test/boot_01/batch_20260918T093504.580339Z_cab45563.json.gz,20260918T093504.580339Z_cab45563,62930e5a-2815-4bb7-b720-3e0c744573a9,rootkit,mixed,100,100,100,100,0,0,50059.0,50059.0,62826.0,73521.8,nan,nan,nan
D3-r1-test,results/d3_formal/raw_r1/test/boot_01/batch_20260918T093519.095163Z_e61e458a.json.gz,20260918T093519.095163Z_e61e458a,62930e5a-2815-4bb7-b720-3e0c744573a9,rootkit,mixed,100,100,100,100,0,0,50851.7,50851.7,59974.0,86484.60000000005,nan,nan,nan
D3-r1-test,results/d3_formal/raw_r1/test/boot_01/batch_20260918T093533.372331Z_4d7155f3.json.gz,20260918T093533.372331Z_4d7155f3,62930e5a-2815-4bb7-b720-3e0c744573a9,rootkit,mixed,100,100,100,100,0,0,45893.6,45893.6,56859.5,74708.10000000002,nan,nan,nan
D3-r1-test,results/d3_formal/raw_r1/test/boot_01/batch_20260918T093547.865081Z_257fea10.json.gz,20260918T093547.865081Z_257fea10,62930e5a-2815-4bb7-b720-3e0c744573a9,rootkit,mixed,100,100,100,100,0,0,51496.2,51496.2,60029.5,86937.00000000001,nan,nan,nan
D3-r1-test,results/d3_formal/raw_r1/test/boot_01/batch_20260918T093602.311400Z_b21edc67.json.gz,20260918T093602.311400Z_b21edc67,62930e5a-2815-4bb7-b720-3e0c744573a9,rootkit,mixed,100,100,100,100,0,0,49995.4,49995.4,61673.0,79183.30000000002,nan,nan,nan
D3-r1-test,results/d3_formal/raw_r1/test/boot_01/batch_20260918T093616.446387Z_71928cd9.json.gz,20260918T093616.446387Z_71928cd9,62930e5a-2815-4bb7-b720-3e0c744573a9,rootkit,mixed,100,100,100,100,0,0,51606.5,51606.5,61418.0,84862.90000000001,nan,nan,nan
D3-r1-test,results/d3_formal/raw_r1/test/boot_01/batch_20260918T093630.973916Z_2d5b1d63.json.gz,20260918T093630.973916Z_2d5b1d63,62930e5a-2815-4bb7-b720-3e0c744573a9,rootkit,mixed,100,100,100,100,0,0,51297.8,51297.8,58764.5,86879.00000000001,nan,nan,nan
D3-r1-test,results/d3_formal/raw_r1/test/boot_01/batch_20260918T093645.297885Z_eca3b80f.json.gz,20260918T093645.297885Z_eca3b80f,62930e5a-2815-4bb7-b720-3e0c744573a9,rootkit,mixed,100,100,100,100,0,0,51043.1,51043.1,59472.0,84964.30000000002,nan,nan,nan
D3-r1-test,results/d3_formal/raw_r1/test/boot_01/batch_20260918T093659.852056Z_4dcdf518.json.gz,20260918T093659.852056Z_4dcdf518,62930e5a-2815-4bb7-b720-3e0c744573a9,rootkit,mixed,100,100,100,100,0,0,49500.7,49500.7,58782.0,71469.40000000001,nan,nan,nan
D3-r1-test,results/d3_formal/raw_r1/test/boot_01/batch_20260918T093714.215821Z_197858ec.json.gz,20260918T093714.215821Z_197858ec,62930e5a-2815-4bb7-b720-3e0c744573a9,rootkit,mixed,100,100,100,100,0,0,50025.0,50025.0,60253.5,77874.90000000002,nan,nan,nan
D3-r1-test,results/d3_formal/raw_r1/test/boot_01/batch_20260918T093728.790780Z_676f6053.json.gz,20260918T093728.790780Z_676f6053,62930e5a-2815-4bb7-b720-3e0c744573a9,rootkit,mixed,100,100,100,100,0,0,50883.3,50883.3,60131.0,87747.70000000001,nan,nan,nan
D3-r1-test,results/d3_formal/raw_r1/test/boot_01/batch_20260918T093743.037773Z_a6019e90.json.gz,20260918T093743.037773Z_a6019e90,62930e5a-2815-4bb7-b720-3e0c744573a9,rootkit,mixed,100,100,100,100,0,0,47887.4,47887.4,61091.0,78583.20000000004,nan,nan,nan
D3-r1-test,results/d3_formal/raw_r1/test/boot_01/batch_20260918T093757.407184Z_ecd090fb.json.gz,20260918T093757.407184Z_ecd090fb,62930e5a-2815-4bb7-b720-3e0c744573a9,rootkit,mixed,100,100,100,100,0,0,50901.7,50901.7,61361.5,90085.90000000011,nan,nan,nan
D3-r1-test,results/d3_formal/raw_r1/test/boot_01/batch_20260918T093811.975474Z_be182bb3.json.gz,20260918T093811.975474Z_be182bb3,62930e5a-2815-4bb7-b720-3e0c744573a9,rootkit,mixed,100,100,100,100,0,0,50060.2,50060.2,59628.0,80471.90000000004,nan,nan,nan
D3-r1-test,results/d3_formal/raw_r1/test/boot_01/batch_20260918T093826.442923Z_a376438b.json.gz,20260918T093826.442923Z_a376438b,62930e5a-2815-4bb7-b720-3e0c744573a9,rootkit,mixed,100,100,100,100,0,0,50822.2,50822.2,61933.5,77483.80000000002,nan,nan,nan
D3-r1-test,results/d3_formal/raw_r1/test/boot_01/batch_20260918T093841.061557Z_4970252b.json.gz,20260918T093841.061557Z_4970252b,62930e5a-2815-4bb7-b720-3e0c744573a9,rootkit,mixed,100,100,100,100,0,0,50388.3,50388.3,59948.5,80052.40000000002,nan,nan,nan
D3-r1-test,results/d3_formal/raw_r1/test/boot_01/batch_20260918T093855.736392Z_f9ef6826.json.gz,20260918T093855.736392Z_f9ef6826,62930e5a-2815-4bb7-b720-3e0c744573a9,rootkit,mixed,100,100,100,100,0,0,48207.0,48207.0,57522.5,68946.10000000002,nan,nan,nan
D3-r1-test,results/d3_formal/raw_r1/test/boot_01/batch_20260918T093903.668437Z_395f3e2f.json.gz,20260918T093903.668437Z_395f3e2f,62930e5a-2815-4bb7-b720-3e0c744573a9,rootkit,baseline,100,100,100,100,0,0,52564.1,52564.1,77556.5,103335.6,nan,nan,nan
D3-r1-test,results/d3_formal/raw_r1/test/boot_01/batch_20260918T093911.511144Z_bda9de99.json.gz,20260918T093911.511144Z_bda9de99,62930e5a-2815-4bb7-b720-3e0c744573a9,rootkit,baseline,100,100,100,100,0,0,40587.3,40587.3,52592.0,91560.00000000001,nan,nan,nan
D3-r1-test,results/d3_formal/raw_r1/test/boot_01/batch_20260918T093919.220950Z_c69e00a9.json.gz,20260918T093919.220950Z_c69e00a9,62930e5a-2815-4bb7-b720-3e0c744573a9,rootkit,baseline,100,100,100,100,0,0,39947.4,39947.4,42788.5,94761.60000000003,nan,nan,nan
D3-r1-test,results/d3_formal/raw_r1/test/boot_01/batch_20260918T093926.955541Z_3973691c.json.gz,20260918T093926.955541Z_3973691c,62930e5a-2815-4bb7-b720-3e0c744573a9,rootkit,baseline,100,100,100,100,0,0,39708.3,39708.3,62897.0,91656.80000000003,nan,nan,nan
D3-r1-test,results/d3_formal/raw_r1/test/boot_01/batch_20260918T093934.670243Z_e96a7f03.json.gz,20260918T093934.670243Z_e96a7f03,62930e5a-2815-4bb7-b720-3e0c744573a9,rootkit,baseline,100,100,100,100,0,0,39531.2,39531.2,41971.5,72349.70000000006,nan,nan,nan
D3-r1-test,results/d3_formal/raw_r1/test/boot_01/batch_20260918T093942.452136Z_bfe55205.json.gz,20260918T093942.452136Z_bfe55205,62930e5a-2815-4bb7-b720-3e0c744573a9,rootkit,baseline,100,100,100,100,0,0,39949.5,39949.5,54171.0,87051.50000000001,nan,nan,nan
D3-r1-test,results/d3_formal/raw_r1/test/boot_01/batch_20260918T093950.312764Z_fc61b9a8.json.gz,20260918T093950.312764Z_fc61b9a8,62930e5a-2815-4bb7-b720-3e0c744573a9,rootkit,baseline,100,100,100,100,0,0,42316.9,42316.9,56795.0,92973.00000000006,nan,nan,nan
D3-r1-test,results/d3_formal/raw_r1/test/boot_01/batch_20260918T093958.235043Z_d0143ec7.json.gz,20260918T093958.235043Z_d0143ec7,62930e5a-2815-4bb7-b720-3e0c744573a9,rootkit,baseline,100,100,100,100,0,0,43138.4,43138.4,60522.0,117167.40000000001,nan,nan,nan
D3-r1-test,results/d3_formal/raw_r1/test/boot_01/batch_20260918T094005.975830Z_ec7f1807.json.gz,20260918T094005.975830Z_ec7f1807,62930e5a-2815-4bb7-b720-3e0c744573a9,rootkit,baseline,100,100,100,100,0,0,39411.3,39411.3,42080.0,90870.50000000001,nan,nan,nan
D3-r1-test,results/d3_formal/raw_r1/test/boot_01/batch_20260918T094013.920148Z_f59c7618.json.gz,20260918T094013.920148Z_f59c7618,62930e5a-2815-4bb7-b720-3e0c744573a9,rootkit,baseline,100,100,100,100,0,0,48628.7,48628.7,61602.5,98942.20000000001,nan,nan,nan
D3-r1-test,results/d3_formal/raw_r1/test/boot_01/batch_20260918T094021.707287Z_57fa622d.json.gz,20260918T094021.707287Z_57fa622d,62930e5a-2815-4bb7-b720-3e0c744573a9,rootkit,baseline,100,100,100,100,0,0,39784.9,39784.9,43869.0,84626.20000000006,nan,nan,nan
D3-r1-test,results/d3_formal/raw_r1/test/boot_01/batch_20260918T094030.155142Z_8df33b80.json.gz,20260918T094030.155142Z_8df33b80,62930e5a-2815-4bb7-b720-3e0c744573a9,rootkit,baseline,100,100,100,100,0,0,43777.5,43777.5,62368.0,101535.50000000001,nan,nan,nan
D3-r1-test,results/d3_formal/raw_r1/test/boot_01/batch_20260918T094038.596289Z_f256950e.json.gz,20260918T094038.596289Z_f256950e,62930e5a-2815-4bb7-b720-3e0c744573a9,rootkit,baseline,100,100,100,100,0,0,45685.0,45685.0,65373.0,102595.5,nan,nan,nan
D3-r1-test,results/d3_formal/raw_r1/test/boot_01/batch_20260918T094047.084483Z_3199226e.json.gz,20260918T094047.084483Z_3199226e,62930e5a-2815-4bb7-b720-3e0c744573a9,rootkit,baseline,100,100,100,100,0,0,44893.6,44893.6,70082.5,107194.80000000005,nan,nan,nan
D3-r1-test,results/d3_formal/raw_r1/test/boot_01/batch_20260918T094055.908129Z_6e4067b8.json.gz,20260918T094055.908129Z_6e4067b8,62930e5a-2815-4bb7-b720-3e0c744573a9,rootkit,baseline,100,100,100,100,0,0,40487.8,40487.8,53773.0,94970.5,nan,nan,nan
D3-r1-test,results/d3_formal/raw_r1/test/boot_01/batch_20260918T094104.028811Z_6f8b75ce.json.gz,20260918T094104.028811Z_6f8b75ce,62930e5a-2815-4bb7-b720-3e0c744573a9,rootkit,baseline,100,100,100,100,0,0,39805.6,39805.6,43628.0,90692.40000000001,nan,nan,nan
D3-r1-test,results/d3_formal/raw_r1/test/boot_01/batch_20260918T094111.883120Z_715a5fff.json.gz,20260918T094111.883120Z_715a5fff,62930e5a-2815-4bb7-b720-3e0c744573a9,rootkit,baseline,100,100,100,100,0,0,40426.3,40426.3,62460.0,103588.50000000003,nan,nan,nan
D3-r1-test,results/d3_formal/raw_r1/test/boot_01/batch_20260918T094119.859977Z_6c71bffb.json.gz,20260918T094119.859977Z_6c71bffb,62930e5a-2815-4bb7-b720-3e0c744573a9,rootkit,baseline,100,100,100,100,0,0,39300.7,39300.7,50388.5,88789.6,nan,nan,nan
D3-r1-test,results/d3_formal/raw_r1/test/boot_01/batch_20260918T094127.699405Z_ccd928f5.json.gz,20260918T094127.699405Z_ccd928f5,62930e5a-2815-4bb7-b720-3e0c744573a9,rootkit,baseline,100,100,100,100,0,0,40314.5,40314.5,55791.0,97672.90000000001,nan,nan,nan
D3-r1-test,results/d3_formal/raw_r1/test/boot_01/batch_20260918T094135.598340Z_d0045e30.json.gz,20260918T094135.598340Z_d0045e30,62930e5a-2815-4bb7-b720-3e0c744573a9,rootkit,baseline,100,100,100,100,0,0,41701.2,41701.2,64647.0,88711.20000000001,nan,nan,nan
D3-r1-test,results/d3_formal/raw_r1/test/boot_01/batch_20260918T094143.662529Z_c4a5d886.json.gz,20260918T094143.662529Z_c4a5d886,62930e5a-2815-4bb7-b720-3e0c744573a9,rootkit,baseline,100,100,100,100,0,0,52408.6,52408.6,79248.5,94921.3,nan,nan,nan
D3-r1-test,results/d3_formal/raw_r1/test/boot_01/batch_20260918T094151.692742Z_2abfdf62.json.gz,20260918T094151.692742Z_2abfdf62,62930e5a-2815-4bb7-b720-3e0c744573a9,rootkit,baseline,100,100,100,100,0,0,40653.7,40653.7,58006.0,91721.40000000001,nan,nan,nan
D3-r1-test,results/d3_formal/raw_r1/test/boot_01/batch_20260918T094159.859801Z_f114c78c.json.gz,20260918T094159.859801Z_f114c78c,62930e5a-2815-4bb7-b720-3e0c744573a9,rootkit,baseline,100,100,100,100,0,0,40961.8,40961.8,58255.0,104545.80000000003,nan,nan,nan
D3-r1-test,results/d3_formal/raw_r1/test/boot_01/batch_20260918T094207.891715Z_27eaf7cc.json.gz,20260918T094207.891715Z_27eaf7cc,62930e5a-2815-4bb7-b720-3e0c744573a9,rootkit,baseline,100,100,100,100,0,0,41112.9,41112.9,56189.5,120154.60000000003,nan,nan,nan
D3-r1-test,results/d3_formal/raw_r1/test/boot_01/batch_20260918T094215.820449Z_f7563897.json.gz,20260918T094215.820449Z_f7563897,62930e5a-2815-4bb7-b720-3e0c744573a9,rootkit,baseline,100,100,100,100,0,0,39484.0,39484.0,67158.5,96805.40000000002,nan,nan,nan
D3-r1-test,results/d3_formal/raw_r1/test/boot_01/batch_20260918T094223.800800Z_97d19041.json.gz,20260918T094223.800800Z_97d19041,62930e5a-2815-4bb7-b720-3e0c744573a9,rootkit,baseline,100,100,100,100,0,0,52123.2,52123.2,59726.5,111332.30000000002,nan,nan,nan
D3-r1-test,results/d3_formal/raw_r1/test/boot_01/batch_20260918T094231.929920Z_cae9e8ef.json.gz,20260918T094231.929920Z_cae9e8ef,62930e5a-2815-4bb7-b720-3e0c744573a9,rootkit,baseline,100,100,100,100,0,0,39943.3,39943.3,51318.0,101462.80000000002,nan,nan,nan
D3-r1-test,results/d3_formal/raw_r1/test/boot_01/batch_20260918T094239.777172Z_c73f80e2.json.gz,20260918T094239.777172Z_c73f80e2,62930e5a-2815-4bb7-b720-3e0c744573a9,rootkit,baseline,100,100,100,100,0,0,40369.9,40369.9,56774.0,95740.70000000001,nan,nan,nan
D3-r1-test,results/d3_formal/raw_r1/test/boot_01/batch_20260918T094247.872892Z_1159d40d.json.gz,20260918T094247.872892Z_1159d40d,62930e5a-2815-4bb7-b720-3e0c744573a9,rootkit,baseline,100,100,100,100,0,0,41225.5,41225.5,59812.5,101221.30000000002,nan,nan,nan
D3-r1-test,results/d3_formal/raw_r1/test/boot_01/batch_20260918T094255.731918Z_bd2d4e71.json.gz,20260918T094255.731918Z_bd2d4e71,62930e5a-2815-4bb7-b720-3e0c744573a9,rootkit,baseline,100,100,100,100,0,0,40479.8,40479.8,50700.0,89039.8,nan,nan,nan
D3-r1-test,results/d3_formal/raw_r1/test/boot_02/batch_20260918T094331.295628Z_7a6b9e9e.json.gz,20260918T094331.295628Z_7a6b9e9e,211c7cc0-8d01-45f6-9085-de70dd8b239f,normal,cpu,100,200,100,0,100,0,16768.4,117517.8,151434.0,182941.9,14917.4,20397.0,23428.0
D3-r1-test,results/d3_formal/raw_r1/test/boot_02/batch_20260918T094345.569608Z_115e3fb2.json.gz,20260918T094345.569608Z_115e3fb2,211c7cc0-8d01-45f6-9085-de70dd8b239f,normal,cpu,100,200,100,0,100,0,16878.8,117781.7,151006.5,184733.3000000001,16230.1,20458.0,22417.6
D3-r1-test,results/d3_formal/raw_r1/test/boot_02/batch_20260918T094400.108120Z_15f08b42.json.gz,20260918T094400.108120Z_15f08b42,211c7cc0-8d01-45f6-9085-de70dd8b239f,normal,cpu,100,200,100,0,100,0,16605.9,121458.9,149072.0,194857.2,15937.7,20173.0,22334.4
D3-r1-test,results/d3_formal/raw_r1/test/boot_02/batch_20260918T094414.434328Z_a4485c5e.json.gz,20260918T094414.434328Z_a4485c5e,211c7cc0-8d01-45f6-9085-de70dd8b239f,normal,cpu,100,200,100,0,100,0,18102.9,119709.9,152616.0,189948.7,14909.7,20433.5,22858.4
D3-r1-test,results/d3_formal/raw_r1/test/boot_02/batch_20260918T094428.867056Z_39b3047d.json.gz,20260918T094428.867056Z_39b3047d,211c7cc0-8d01-45f6-9085-de70dd8b239f,normal,cpu,100,200,100,0,100,0,18588.0,122480.2,156249.5,187210.5,16224.4,20252.5,23055.9
D3-r1-test,results/d3_formal/raw_r1/test/boot_02/batch_20260918T094443.373411Z_da1d1634.json.gz,20260918T094443.373411Z_da1d1634,211c7cc0-8d01-45f6-9085-de70dd8b239f,normal,cpu,100,200,100,0,100,0,17058.600000000002,117083.2,152079.0,179813.20000000004,15594.9,20685.5,22592.2
D3-r1-test,results/d3_formal/raw_r1/test/boot_02/batch_20260918T094457.858181Z_4e70eb6c.json.gz,20260918T094457.858181Z_4e70eb6c,211c7cc0-8d01-45f6-9085-de70dd8b239f,normal,cpu,100,200,100,0,100,0,16790.6,112883.8,151657.5,191028.40000000002,14863.7,20701.0,22716.9
D3-r1-test,results/d3_formal/raw_r1/test/boot_02/batch_20260918T094512.548709Z_bf4bf167.json.gz,20260918T094512.548709Z_bf4bf167,211c7cc0-8d01-45f6-9085-de70dd8b239f,normal,cpu,100,200,100,0,100,0,16267.3,117879.5,153275.5,184164.3,14992.7,20302.0,22797.9
D3-r1-test,results/d3_formal/raw_r1/test/boot_02/batch_20260918T094527.288213Z_7580d27c.json.gz,20260918T094527.288213Z_7580d27c,211c7cc0-8d01-45f6-9085-de70dd8b239f,normal,cpu,100,200,100,0,100,0,18170.2,115500.40000000001,151901.5,192243.1,16459.9,20495.0,22470.2
D3-r1-test,results/d3_formal/raw_r1/test/boot_02/batch_20260918T094541.752592Z_809f128f.json.gz,20260918T094541.752592Z_809f128f,211c7cc0-8d01-45f6-9085-de70dd8b239f,normal,cpu,100,200,100,0,100,0,16879.0,124816.1,152872.5,203267.6,15888.6,20519.5,22819.100000000002
D3-r1-test,results/d3_formal/raw_r1/test/boot_02/batch_20260918T094556.421305Z_663f11d3.json.gz,20260918T094556.421305Z_663f11d3,211c7cc0-8d01-45f6-9085-de70dd8b239f,normal,cpu,100,200,100,0,100,0,16654.4,123686.1,152983.0,206413.60000000003,15916.0,20469.5,22613.7
D3-r1-test,results/d3_formal/raw_r1/test/boot_02/batch_20260918T094611.016149Z_613efd55.json.gz,20260918T094611.016149Z_613efd55,211c7cc0-8d01-45f6-9085-de70dd8b239f,normal,cpu,100,200,100,0,100,0,18354.4,130593.3,149069.5,197719.80000000005,16279.4,20368.5,22604.2
D3-r1-test,results/d3_formal/raw_r1/test/boot_02/batch_20260918T094625.476966Z_6d2f8dba.json.gz,20260918T094625.476966Z_6d2f8dba,211c7cc0-8d01-45f6-9085-de70dd8b239f,normal,cpu,100,200,100,0,100,0,18145.7,124054.9,150096.0,185759.80000000002,15028.2,20178.0,22570.5
D3-r1-test,results/d3_formal/raw_r1/test/boot_02/batch_20260918T094640.031847Z_eba363f0.json.gz,20260918T094640.031847Z_eba363f0,211c7cc0-8d01-45f6-9085-de70dd8b239f,normal,cpu,100,200,100,0,100,0,18208.3,119880.1,152167.0,185754.2,15060.9,20492.0,23524.3
D3-r1-test,results/d3_formal/raw_r1/test/boot_02/batch_20260918T094654.652947Z_0f71eaae.json.gz,20260918T094654.652947Z_0f71eaae,211c7cc0-8d01-45f6-9085-de70dd8b239f,normal,cpu,100,200,100,0,100,0,18127.700000000004,120964.3,151916.0,175305.90000000002,15897.9,20380.5,23185.100000000002
D3-r1-test,results/d3_formal/raw_r1/test/boot_02/batch_20260918T094709.234397Z_abe81dfd.json.gz,20260918T094709.234397Z_abe81dfd,211c7cc0-8d01-45f6-9085-de70dd8b239f,normal,cpu,100,200,100,0,100,0,16124.9,111971.0,150589.5,187887.0,14804.5,20361.5,22592.7
D3-r1-test,results/d3_formal/raw_r1/test/boot_02/batch_20260918T094723.746268Z_ac192b81.json.gz,20260918T094723.746268Z_ac192b81,211c7cc0-8d01-45f6-9085-de70dd8b239f,normal,cpu,100,200,100,0,100,0,16631.3,111755.4,154275.5,194105.2,14702.8,20521.0,22643.9
D3-r1-test,results/d3_formal/raw_r1/test/boot_02/batch_20260918T094738.336425Z_f2da2fcc.json.gz,20260918T094738.336425Z_f2da2fcc,211c7cc0-8d01-45f6-9085-de70dd8b239f,normal,cpu,100,200,100,0,100,0,16321.0,119464.6,148828.5,194629.80000000002,14844.5,20057.0,22472.5
D3-r1-test,results/d3_formal/raw_r1/test/boot_02/batch_20260918T094752.992249Z_5366fd55.json.gz,20260918T094752.992249Z_5366fd55,211c7cc0-8d01-45f6-9085-de70dd8b239f,normal,cpu,100,200,100,0,100,0,16201.7,112433.4,154265.5,211205.70000000007,14798.3,20571.5,22671.8
D3-r1-test,results/d3_formal/raw_r1/test/boot_02/batch_20260918T094807.436067Z_6e09f3ce.json.gz,20260918T094807.436067Z_6e09f3ce,211c7cc0-8d01-45f6-9085-de70dd8b239f,normal,cpu,100,200,100,0,100,0,19359.5,127186.8,153491.5,193921.40000000008,16662.7,20690.5,25617.60000000001
D3-r1-test,results/d3_formal/raw_r1/test/boot_02/batch_20260918T094822.250220Z_908ac47e.json.gz,20260918T094822.250220Z_908ac47e,211c7cc0-8d01-45f6-9085-de70dd8b239f,normal,cpu,100,200,100,0,100,0,16222.4,113731.4,151334.5,184691.10000000003,14824.1,20368.0,23077.8
D3-r1-test,results/d3_formal/raw_r1/test/boot_02/batch_20260918T094836.798316Z_223c9d01.json.gz,20260918T094836.798316Z_223c9d01,211c7cc0-8d01-45f6-9085-de70dd8b239f,normal,cpu,100,200,100,0,100,0,16113.5,115086.9,147586.5,194262.80000000002,14568.0,20090.5,22367.100000000002
D3-r1-test,results/d3_formal/raw_r1/test/boot_02/batch_20260918T094851.648395Z_c549571a.json.gz,20260918T094851.648395Z_c549571a,211c7cc0-8d01-45f6-9085-de70dd8b239f,normal,cpu,100,200,100,0,100,0,16039.300000000001,119244.7,149264.5,179375.7,14714.4,20181.0,22836.4
D3-r1-test,results/d3_formal/raw_r1/test/boot_02/batch_20260918T094906.233005Z_d4829b69.json.gz,20260918T094906.233005Z_d4829b69,211c7cc0-8d01-45f6-9085-de70dd8b239f,normal,cpu,100,200,100,0,100,0,16581.4,121680.6,152130.0,193041.30000000002,15250.0,20366.5,22893.5
D3-r1-test,results/d3_formal/raw_r1/test/boot_02/batch_20260918T094920.506808Z_840d59cb.json.gz,20260918T094920.506808Z_840d59cb,211c7cc0-8d01-45f6-9085-de70dd8b239f,normal,cpu,100,200,100,0,100,0,18407.7,120810.7,153270.5,184369.1,15938.0,20556.0,22370.7
D3-r1-test,results/d3_formal/raw_r1/test/boot_02/batch_20260918T094935.200536Z_158ef6d4.json.gz,20260918T094935.200536Z_158ef6d4,211c7cc0-8d01-45f6-9085-de70dd8b239f,normal,cpu,100,200,100,0,100,0,17082.2,118643.9,149463.5,188347.6,15766.2,20637.5,23373.000000000004
D3-r1-test,results/d3_formal/raw_r1/test/boot_02/batch_20260918T094949.711773Z_fa165ad0.json.gz,20260918T094949.711773Z_fa165ad0,211c7cc0-8d01-45f6-9085-de70dd8b239f,normal,cpu,100,200,100,0,100,0,18233.200000000004,125811.3,151915.0,196760.5,16203.7,20285.0,22217.7
D3-r1-test,results/d3_formal/raw_r1/test/boot_02/batch_20260918T095004.119493Z_29743cee.json.gz,20260918T095004.119493Z_29743cee,211c7cc0-8d01-45f6-9085-de70dd8b239f,normal,cpu,100,200,100,0,100,0,16666.3,114522.3,152463.0,201506.50000000006,14769.2,20528.0,23005.5
D3-r1-test,results/d3_formal/raw_r1/test/boot_02/batch_20260918T095018.668899Z_22307988.json.gz,20260918T095018.668899Z_22307988,211c7cc0-8d01-45f6-9085-de70dd8b239f,normal,cpu,100,200,100,0,100,0,16789.5,114547.2,153721.5,197255.50000000003,14977.7,20334.5,22496.600000000002
D3-r1-test,results/d3_formal/raw_r1/test/boot_02/batch_20260918T095033.361368Z_28c54da4.json.gz,20260918T095033.361368Z_28c54da4,211c7cc0-8d01-45f6-9085-de70dd8b239f,normal,cpu,100,200,100,0,100,0,16781.600000000002,125176.7,153829.5,185152.5,16030.1,20478.0,22754.7
D3-r1-test,results/d3_formal/raw_r1/test/boot_02/batch_20260918T095048.089231Z_0504a71e.json.gz,20260918T095048.089231Z_0504a71e,211c7cc0-8d01-45f6-9085-de70dd8b239f,normal,mixed,100,200,100,0,100,0,18763.2,126816.3,154498.0,194286.2,15856.7,20471.5,25002.000000000004
D3-r1-test,results/d3_formal/raw_r1/test/boot_02/batch_20260918T095102.623675Z_3bb658b4.json.gz,20260918T095102.623675Z_3bb658b4,211c7cc0-8d01-45f6-9085-de70dd8b239f,normal,mixed,100,200,100,0,100,0,17378.3,121251.1,152305.0,190621.30000000002,15326.5,20294.0,22808.600000000002
D3-r1-test,results/d3_formal/raw_r1/test/boot_02/batch_20260918T095117.162566Z_1ce2cfa7.json.gz,20260918T095117.162566Z_1ce2cfa7,211c7cc0-8d01-45f6-9085-de70dd8b239f,normal,mixed,100,200,100,0,100,0,16756.0,121088.2,156387.0,192060.5,16024.3,20454.5,23005.2
D3-r1-test,results/d3_formal/raw_r1/test/boot_02/batch_20260918T095131.909699Z_40e4fac4.json.gz,20260918T095131.909699Z_40e4fac4,211c7cc0-8d01-45f6-9085-de70dd8b239f,normal,mixed,100,200,100,0,100,0,16121.5,119554.5,153083.5,200350.30000000005,15867.6,19800.0,22557.000000000004
D3-r1-test,results/d3_formal/raw_r1/test/boot_02/batch_20260918T095146.510925Z_ba326291.json.gz,20260918T095146.510925Z_ba326291,211c7cc0-8d01-45f6-9085-de70dd8b239f,normal,mixed,100,200,100,0,100,0,16016.4,110820.4,150705.0,203579.30000000008,14647.8,20167.0,23756.500000000007
D3-r1-test,results/d3_formal/raw_r1/test/boot_02/batch_20260918T095201.123671Z_ea908ba8.json.gz,20260918T095201.123671Z_ea908ba8,211c7cc0-8d01-45f6-9085-de70dd8b239f,normal,mixed,100,200,100,0,100,0,18464.3,130560.8,154162.0,201356.30000000002,15909.1,20575.5,24148.200000000033
D3-r1-test,results/d3_formal/raw_r1/test/boot_02/batch_20260918T095216.318598Z_17dd5b28.json.gz,20260918T095216.318598Z_17dd5b28,211c7cc0-8d01-45f6-9085-de70dd8b239f,normal,mixed,100,200,100,0,100,0,17069.4,123525.4,153767.0,186048.4,16423.3,20506.0,22875.100000000002
D3-r1-test,results/d3_formal/raw_r1/test/boot_02/batch_20260918T095230.746802Z_73ef8583.json.gz,20260918T095230.746802Z_73ef8583,211c7cc0-8d01-45f6-9085-de70dd8b239f,normal,mixed,100,200,100,0,100,0,18519.100000000002,126538.3,152552.0,191091.70000000007,16191.9,20421.0,22817.8
D3-r1-test,results/d3_formal/raw_r1/test/boot_02/batch_20260918T095245.118283Z_427935a0.json.gz,20260918T095245.118283Z_427935a0,211c7cc0-8d01-45f6-9085-de70dd8b239f,normal,mixed,100,200,100,0,100,0,19253.2,120972.6,154400.0,196225.10000000003,15748.4,21145.0,22407.800000000003
D3-r1-test,results/d3_formal/raw_r1/test/boot_02/batch_20260918T095259.538353Z_7151121b.json.gz,20260918T095259.538353Z_7151121b,211c7cc0-8d01-45f6-9085-de70dd8b239f,normal,mixed,100,200,100,0,100,0,16129.6,112755.6,150904.5,184433.30000000008,14505.4,19778.0,22758.600000000002
D3-r1-test,results/d3_formal/raw_r1/test/boot_02/batch_20260918T095314.095179Z_de7048a1.json.gz,20260918T095314.095179Z_de7048a1,211c7cc0-8d01-45f6-9085-de70dd8b239f,normal,mixed,100,200,100,0,100,0,18045.5,114860.3,153349.5,205481.7,14859.4,20569.5,22551.2
D3-r1-test,results/d3_formal/raw_r1/test/boot_02/batch_20260918T095328.426729Z_cdd6b542.json.gz,20260918T095328.426729Z_cdd6b542,211c7cc0-8d01-45f6-9085-de70dd8b239f,normal,mixed,100,200,100,0,100,0,18814.7,118885.7,154200.0,193131.40000000008,15280.0,20609.0,23061.600000000006
D3-r1-test,results/d3_formal/raw_r1/test/boot_02/batch_20260918T095342.745821Z_906a7832.json.gz,20260918T095342.745821Z_906a7832,211c7cc0-8d01-45f6-9085-de70dd8b239f,normal,mixed,100,200,100,0,100,0,16272.9,117847.2,151179.5,198892.1,15107.9,20307.0,22551.4
D3-r1-test,results/d3_formal/raw_r1/test/boot_02/batch_20260918T095357.218165Z_fb101acf.json.gz,20260918T095357.218165Z_fb101acf,211c7cc0-8d01-45f6-9085-de70dd8b239f,normal,mixed,100,200,100,0,100,0,17291.9,117087.4,152098.5,190381.1,15123.0,20878.0,22442.2
D3-r1-test,results/d3_formal/raw_r1/test/boot_02/batch_20260918T095411.756072Z_de6c58e1.json.gz,20260918T095411.756072Z_de6c58e1,211c7cc0-8d01-45f6-9085-de70dd8b239f,normal,mixed,100,200,100,0,100,0,16579.7,126422.2,156087.5,196172.40000000002,14797.3,20183.5,22870.9
D3-r1-test,results/d3_formal/raw_r1/test/boot_02/batch_20260918T095426.381727Z_299a6eba.json.gz,20260918T095426.381727Z_299a6eba,211c7cc0-8d01-45f6-9085-de70dd8b239f,normal,mixed,100,200,100,0,100,0,18801.1,118096.3,151523.5,186957.90000000005,14940.2,20499.0,23890.0
D3-r1-test,results/d3_formal/raw_r1/test/boot_02/batch_20260918T095440.804716Z_469d63c2.json.gz,20260918T095440.804716Z_469d63c2,211c7cc0-8d01-45f6-9085-de70dd8b239f,normal,mixed,100,200,100,0,100,0,18526.0,132533.0,154886.0,203214.50000000003,16511.1,20626.5,22893.900000000005
D3-r1-test,results/d3_formal/raw_r1/test/boot_02/batch_20260918T095455.307939Z_85cbe8a4.json.gz,20260918T095455.307939Z_85cbe8a4,211c7cc0-8d01-45f6-9085-de70dd8b239f,normal,mixed,100,200,100,0,100,0,16710.7,117766.5,151093.0,204174.60000000012,14811.0,20328.5,24350.100000000002
D3-r1-test,results/d3_formal/raw_r1/test/boot_02/batch_20260918T095509.836658Z_0c53873b.json.gz,20260918T095509.836658Z_0c53873b,211c7cc0-8d01-45f6-9085-de70dd8b239f,normal,mixed,100,200,100,0,100,0,17823.4,125336.3,150783.0,192687.50000000012,14840.0,21130.0,25807.90000000002
D3-r1-test,results/d3_formal/raw_r1/test/boot_02/batch_20260918T095524.105983Z_d4a7d55a.json.gz,20260918T095524.105983Z_d4a7d55a,211c7cc0-8d01-45f6-9085-de70dd8b239f,normal,mixed,100,200,100,0,100,0,16060.6,118032.7,150597.5,190973.6,15602.7,20227.5,22925.9
D3-r1-test,results/d3_formal/raw_r1/test/boot_02/batch_20260918T095538.617822Z_16d369d4.json.gz,20260918T095538.617822Z_16d369d4,211c7cc0-8d01-45f6-9085-de70dd8b239f,normal,mixed,100,200,100,0,100,0,18726.600000000002,131847.7,154584.5,187886.90000000005,16301.9,20718.0,23323.0
D3-r1-test,results/d3_formal/raw_r1/test/boot_02/batch_20260918T095553.056580Z_ba79b9a5.json.gz,20260918T095553.056580Z_ba79b9a5,211c7cc0-8d01-45f6-9085-de70dd8b239f,normal,mixed,100,200,100,0,100,0,17430.2,125253.5,155884.5,190169.90000000005,15973.9,20622.5,23777.2
D3-r1-test,results/d3_formal/raw_r1/test/boot_02/batch_20260918T095607.539138Z_6e8d5e22.json.gz,20260918T095607.539138Z_6e8d5e22,211c7cc0-8d01-45f6-9085-de70dd8b239f,normal,mixed,100,200,100,0,100,0,16303.5,120994.5,150007.5,186814.10000000003,15718.4,20108.0,22807.300000000003
D3-r1-test,results/d3_formal/raw_r1/test/boot_02/batch_20260918T095622.182532Z_7bdc0937.json.gz,20260918T095622.182532Z_7bdc0937,211c7cc0-8d01-45f6-9085-de70dd8b239f,normal,mixed,100,200,100,0,100,0,16434.6,111495.9,148814.0,181291.80000000002,14684.2,20199.5,22264.8
D3-r1-test,results/d3_formal/raw_r1/test/boot_02/batch_20260918T095636.697222Z_28855e3c.json.gz,20260918T095636.697222Z_28855e3c,211c7cc0-8d01-45f6-9085-de70dd8b239f,normal,mixed,100,200,100,0,100,0,16559.7,120285.0,150507.0,208558.2,15704.9,20407.5,22572.0
D3-r1-test,results/d3_formal/raw_r1/test/boot_02/batch_20260918T095651.042761Z_425b66cf.json.gz,20260918T095651.042761Z_425b66cf,211c7cc0-8d01-45f6-9085-de70dd8b239f,normal,mixed,100,200,100,0,100,0,19059.2,128262.3,151920.5,178672.6,16065.0,20630.5,25117.500000000015
D3-r1-test,results/d3_formal/raw_r1/test/boot_02/batch_20260918T095705.586363Z_3d360179.json.gz,20260918T095705.586363Z_3d360179,211c7cc0-8d01-45f6-9085-de70dd8b239f,normal,mixed,100,200,100,0,100,0,16939.600000000002,111276.0,149649.0,171040.40000000002,14655.1,20199.5,22467.0
D3-r1-test,results/d3_formal/raw_r1/test/boot_02/batch_20260918T095720.059774Z_398844b2.json.gz,20260918T095720.059774Z_398844b2,211c7cc0-8d01-45f6-9085-de70dd8b239f,normal,mixed,100,200,100,0,100,0,16972.3,113760.8,151472.0,187944.20000000004,14604.2,20141.5,22502.100000000002
D3-r1-test,results/d3_formal/raw_r1/test/boot_02/batch_20260918T095734.426377Z_ae1125ba.json.gz,20260918T095734.426377Z_ae1125ba,211c7cc0-8d01-45f6-9085-de70dd8b239f,normal,mixed,100,200,100,0,100,0,16933.0,112444.9,152044.5,194341.1,14842.2,20505.0,22885.200000000015
D3-r1-test,results/d3_formal/raw_r1/test/boot_02/batch_20260918T095748.771586Z_fe1c5146.json.gz,20260918T095748.771586Z_fe1c5146,211c7cc0-8d01-45f6-9085-de70dd8b239f,normal,mixed,100,200,100,0,100,0,16683.4,123803.2,155724.0,180633.8,15838.1,21145.0,23908.300000000003
D3-r1-test,results/d3_formal/raw_r1/test/boot_02/batch_20260918T095757.827815Z_ce31e2ee.json.gz,20260918T095757.827815Z_ce31e2ee,211c7cc0-8d01-45f6-9085-de70dd8b239f,normal,memory,100,200,100,0,100,0,19211.9,130128.8,171465.5,208134.60000000003,14614.5,20673.5,22459.9
D3-r1-test,results/d3_formal/raw_r1/test/boot_02/batch_20260918T095806.804196Z_2a0e8d86.json.gz,20260918T095806.804196Z_2a0e8d86,211c7cc0-8d01-45f6-9085-de70dd8b239f,normal,memory,100,200,100,0,100,0,14839.800000000001,105980.6,171634.0,218220.10000000003,14455.9,19798.0,22450.100000000002
D3-r1-test,results/d3_formal/raw_r1/test/boot_02/batch_20260918T095815.780655Z_720d237c.json.gz,20260918T095815.780655Z_720d237c,211c7cc0-8d01-45f6-9085-de70dd8b239f,normal,memory,100,200,100,0,100,0,15275.400000000001,106295.7,168519.0,215996.40000000005,14574.1,19955.5,22719.2
D3-r1-test,results/d3_formal/raw_r1/test/boot_02/batch_20260918T095824.893988Z_78a6d606.json.gz,20260918T095824.893988Z_78a6d606,211c7cc0-8d01-45f6-9085-de70dd8b239f,normal,memory,100,200,100,0,100,0,18424.4,120753.0,171590.5,219090.90000000002,14837.7,19858.0,22473.7
D3-r1-test,results/d3_formal/raw_r1/test/boot_02/batch_20260918T095833.664835Z_cd3565c6.json.gz,20260918T095833.664835Z_cd3565c6,211c7cc0-8d01-45f6-9085-de70dd8b239f,normal,memory,100,200,100,0,100,0,19298.2,137590.6,175836.0,265297.7,14844.4,20171.0,23507.3
D3-r1-test,results/d3_formal/raw_r1/test/boot_02/batch_20260918T095842.518005Z_c35c5367.json.gz,20260918T095842.518005Z_c35c5367,211c7cc0-8d01-45f6-9085-de70dd8b239f,normal,memory,100,200,100,0,100,0,19099.8,131075.6,160963.5,215947.9,15147.2,20499.5,22545.4
D3-r1-test,results/d3_formal/raw_r1/test/boot_02/batch_20260918T095851.719131Z_9dde6813.json.gz,20260918T095851.719131Z_9dde6813,211c7cc0-8d01-45f6-9085-de70dd8b239f,normal,memory,100,200,100,0,100,0,18739.4,109917.1,173979.5,223203.4,14789.7,20113.5,22915.6
D3-r1-test,results/d3_formal/raw_r1/test/boot_02/batch_20260918T095900.770281Z_782032fe.json.gz,20260918T095900.770281Z_782032fe,211c7cc0-8d01-45f6-9085-de70dd8b239f,normal,memory,100,200,100,0,100,0,16259.400000000003,106293.7,146802.0,205785.0,14666.1,19587.5,22265.4
D3-r1-test,results/d3_formal/raw_r1/test/boot_02/batch_20260918T095909.817126Z_b3b149fd.json.gz,20260918T095909.817126Z_b3b149fd,211c7cc0-8d01-45f6-9085-de70dd8b239f,normal,memory,100,200,100,0,100,0,19402.8,131408.3,176504.5,249384.90000000005,14603.4,21618.5,23084.6
D3-r1-test,results/d3_formal/raw_r1/test/boot_02/batch_20260918T095918.613153Z_6422e0e9.json.gz,20260918T095918.613153Z_6422e0e9,211c7cc0-8d01-45f6-9085-de70dd8b239f,normal,memory,100,200,100,0,100,0,15155.0,106003.6,166922.5,229378.0000000001,14728.4,20304.5,22992.5
D3-r1-test,results/d3_formal/raw_r1/test/boot_02/batch_20260918T095927.531731Z_c5c1b743.json.gz,20260918T095927.531731Z_c5c1b743,211c7cc0-8d01-45f6-9085-de70dd8b239f,normal,memory,100,200,100,0,100,0,17361.000000000007,106306.1,172488.0,216225.10000000006,14501.5,21079.0,22767.7
D3-r1-test,results/d3_formal/raw_r1/test/boot_02/batch_20260918T095936.324197Z_101d4bfe.json.gz,20260918T095936.324197Z_101d4bfe,211c7cc0-8d01-45f6-9085-de70dd8b239f,normal,memory,100,200,100,0,100,0,14770.4,106441.8,153968.5,210259.5,14505.8,20612.0,22646.7
D3-r1-test,results/d3_formal/raw_r1/test/boot_02/batch_20260918T095945.224515Z_576ca6c4.json.gz,20260918T095945.224515Z_576ca6c4,211c7cc0-8d01-45f6-9085-de70dd8b239f,normal,memory,100,200,100,0,100,0,19268.1,107959.5,164065.5,197447.60000000006,14821.2,21391.5,22643.4
D3-r1-test,results/d3_formal/raw_r1/test/boot_02/batch_20260918T095954.156694Z_ea16dd58.json.gz,20260918T095954.156694Z_ea16dd58,211c7cc0-8d01-45f6-9085-de70dd8b239f,normal,memory,100,200,100,0,100,0,17643.100000000006,106905.7,165827.5,246893.3000000001,14516.3,21644.0,25272.400000000063
D3-r1-test,results/d3_formal/raw_r1/test/boot_02/batch_20260918T100003.027137Z_f70c6b14.json.gz,20260918T100003.027137Z_f70c6b14,211c7cc0-8d01-45f6-9085-de70dd8b239f,normal,memory,100,200,100,0,100,0,15063.0,108039.0,173070.5,221523.70000000004,14569.6,21766.0,22663.2
D3-r1-test,results/d3_formal/raw_r1/test/boot_02/batch_20260918T100012.100498Z_2110106c.json.gz,20260918T100012.100498Z_2110106c,211c7cc0-8d01-45f6-9085-de70dd8b239f,normal,memory,100,200,100,0,100,0,14914.8,106526.4,174276.0,227943.2,14545.8,20101.5,22775.1
D3-r1-test,results/d3_formal/raw_r1/test/boot_02/batch_20260918T100021.070353Z_f6e2438c.json.gz,20260918T100021.070353Z_f6e2438c,211c7cc0-8d01-45f6-9085-de70dd8b239f,normal,memory,100,200,100,0,100,0,14849.9,106525.6,159412.0,201731.30000000002,14624.5,19606.0,22823.5
D3-r1-test,results/d3_formal/raw_r1/test/boot_02/batch_20260918T100030.200351Z_244c8d89.json.gz,20260918T100030.200351Z_244c8d89,211c7cc0-8d01-45f6-9085-de70dd8b239f,normal,memory,100,200,100,0,100,0,19209.1,128066.2,178629.0,220012.30000000005,14936.2,20123.5,22617.0
D3-r1-test,results/d3_formal/raw_r1/test/boot_02/batch_20260918T100039.130232Z_d148d25b.json.gz,20260918T100039.130232Z_d148d25b,211c7cc0-8d01-45f6-9085-de70dd8b239f,normal,memory,100,200,100,0,100,0,19311.5,131560.7,176472.0,254093.90000000008,14754.4,20132.5,23083.2
D3-r1-test,results/d3_formal/raw_r1/test/boot_02/batch_20260918T100047.872006Z_ebe2c9d6.json.gz,20260918T100047.872006Z_ebe2c9d6,211c7cc0-8d01-45f6-9085-de70dd8b239f,normal,memory,100,200,100,0,100,0,14662.6,105899.8,155180.5,204271.2,14426.7,19397.5,22626.5
D3-r1-test,results/d3_formal/raw_r1/test/boot_02/batch_20260918T100056.724557Z_1afe24bf.json.gz,20260918T100056.724557Z_1afe24bf,211c7cc0-8d01-45f6-9085-de70dd8b239f,normal,memory,100,200,100,0,100,0,14796.2,108058.7,175242.5,223768.4,14602.8,19668.5,23250.500000000004
D3-r1-test,results/d3_formal/raw_r1/test/boot_02/batch_20260918T100105.686836Z_6763d797.json.gz,20260918T100105.686836Z_6763d797,211c7cc0-8d01-45f6-9085-de70dd8b239f,normal,memory,100,200,100,0,100,0,19193.9,107232.0,159188.5,229286.90000000078,14834.1,21595.0,23009.0
D3-r1-test,results/d3_formal/raw_r1/test/boot_02/batch_20260918T100114.439217Z_9c4167ea.json.gz,20260918T100114.439217Z_9c4167ea,211c7cc0-8d01-45f6-9085-de70dd8b239f,normal,memory,100,200,100,0,100,0,15129.4,107721.9,178438.5,263258.5000000001,14660.6,20608.5,22823.300000000003
D3-r1-test,results/d3_formal/raw_r1/test/boot_02/batch_20260918T100123.382342Z_467d7841.json.gz,20260918T100123.382342Z_467d7841,211c7cc0-8d01-45f6-9085-de70dd8b239f,normal,memory,100,200,100,0,100,0,15079.9,106798.6,159348.5,228897.50000000006,14658.0,20001.0,22544.4
D3-r1-test,results/d3_formal/raw_r1/test/boot_02/batch_20260918T100132.425985Z_69cac088.json.gz,20260918T100132.425985Z_69cac088,211c7cc0-8d01-45f6-9085-de70dd8b239f,normal,memory,100,200,100,0,100,0,16055.000000000002,106425.8,173655.5,234112.20000000013,14756.5,20068.0,22740.6
D3-r1-test,results/d3_formal/raw_r1/test/boot_02/batch_20260918T100141.288231Z_f3cdb837.json.gz,20260918T100141.288231Z_f3cdb837,211c7cc0-8d01-45f6-9085-de70dd8b239f,normal,memory,100,200,100,0,100,0,15764.400000000001,107399.3,175464.0,238593.6,14501.1,21531.5,22974.5
D3-r1-test,results/d3_formal/raw_r1/test/boot_02/batch_20260918T100150.254587Z_479db5e5.json.gz,20260918T100150.254587Z_479db5e5,211c7cc0-8d01-45f6-9085-de70dd8b239f,normal,memory,100,200,100,0,100,0,15137.7,106659.7,163436.5,208560.9,14464.3,21155.0,23029.3
D3-r1-test,results/d3_formal/raw_r1/test/boot_02/batch_20260918T100159.195861Z_4602cb02.json.gz,20260918T100159.195861Z_4602cb02,211c7cc0-8d01-45f6-9085-de70dd8b239f,normal,memory,100,200,100,0,100,0,14843.4,108532.3,165591.0,234929.30000000008,14441.3,19941.5,25633.90000000012
D3-r1-test,results/d3_formal/raw_r1/test/boot_02/batch_20260918T100208.268699Z_2edccd9d.json.gz,20260918T100208.268699Z_2edccd9d,211c7cc0-8d01-45f6-9085-de70dd8b239f,normal,memory,100,200,100,0,100,0,17887.200000000004,107463.5,172789.0,231190.2000000002,14708.1,19918.0,22538.8
D3-r1-test,results/d3_formal/raw_r1/test/boot_02/batch_20260918T100217.193129Z_704f0ca3.json.gz,20260918T100217.193129Z_704f0ca3,211c7cc0-8d01-45f6-9085-de70dd8b239f,normal,memory,100,200,100,0,100,0,14894.5,106975.1,162332.0,232079.80000000002,14564.5,20081.5,23120.5
D3-r1-test,results/d3_formal/raw_r1/test/boot_02/batch_20260918T100225.005291Z_1565964b.json.gz,20260918T100225.005291Z_1565964b,211c7cc0-8d01-45f6-9085-de70dd8b239f,normal,baseline,100,200,100,0,100,0,14502.4,105540.7,109831.5,181590.00000000012,14395.2,14779.5,22340.3
D3-r1-test,results/d3_formal/raw_r1/test/boot_02/batch_20260918T100232.832225Z_8a256feb.json.gz,20260918T100232.832225Z_8a256feb,211c7cc0-8d01-45f6-9085-de70dd8b239f,normal,baseline,100,200,100,0,100,0,14757.4,106079.2,159976.5,222536.7,14465.7,21727.5,23520.5
D3-r1-test,results/d3_formal/raw_r1/test/boot_02/batch_20260918T100240.647737Z_ae7bbd62.json.gz,20260918T100240.647737Z_ae7bbd62,211c7cc0-8d01-45f6-9085-de70dd8b239f,normal,baseline,100,200,100,0,100,0,20317.5,151361.1,172765.5,227813.10000000006,19309.6,22201.0,23405.0
D3-r1-test,results/d3_formal/raw_r1/test/boot_02/batch_20260918T100248.604879Z_577d8444.json.gz,20260918T100248.604879Z_577d8444,211c7cc0-8d01-45f6-9085-de70dd8b239f,normal,baseline,100,200,100,0,100,0,21019.100000000002,148815.5,184847.0,272226.50000000006,19771.0,22291.5,23209.100000000002
D3-r1-test,results/d3_formal/raw_r1/test/boot_02/batch_20260918T100256.518649Z_7fb089d5.json.gz,20260918T100256.518649Z_7fb089d5,211c7cc0-8d01-45f6-9085-de70dd8b239f,normal,baseline,100,200,100,0,100,0,20091.8,140273.0,155694.5,228027.70000000004,19292.2,21585.5,22215.8
D3-r1-test,results/d3_formal/raw_r1/test/boot_02/batch_20260918T100304.258447Z_6aa823fa.json.gz,20260918T100304.258447Z_6aa823fa,211c7cc0-8d01-45f6-9085-de70dd8b239f,normal,baseline,100,200,100,0,100,0,14563.3,106043.3,140175.0,209910.2,14412.5,16851.0,22765.2
D3-r1-test,results/d3_formal/raw_r1/test/boot_02/batch_20260918T100312.171437Z_f2a869b0.json.gz,20260918T100312.171437Z_f2a869b0,211c7cc0-8d01-45f6-9085-de70dd8b239f,normal,baseline,100,200,100,0,100,0,20742.4,144450.5,174979.5,225453.90000000014,19399.7,22512.5,24169.100000000028
D3-r1-test,results/d3_formal/raw_r1/test/boot_02/batch_20260918T100319.967329Z_249d780c.json.gz,20260918T100319.967329Z_249d780c,211c7cc0-8d01-45f6-9085-de70dd8b239f,normal,baseline,100,200,100,0,100,0,14575.4,105526.7,123367.5,175811.00000000015,14432.0,15069.0,22618.3
D3-r1-test,results/d3_formal/raw_r1/test/boot_02/batch_20260918T100327.905273Z_922e3e56.json.gz,20260918T100327.905273Z_922e3e56,211c7cc0-8d01-45f6-9085-de70dd8b239f,normal,baseline,100,200,100,0,100,0,20130.4,145117.1,173379.5,211998.2,19351.8,22165.5,22768.5
D3-r1-test,results/d3_formal/raw_r1/test/boot_02/batch_20260918T100335.494245Z_a50a2278.json.gz,20260918T100335.494245Z_a50a2278,211c7cc0-8d01-45f6-9085-de70dd8b239f,normal,baseline,100,200,100,0,100,0,14673.4,107811.2,134308.5,180525.7,14453.4,14920.5,21742.600000000002
D3-r1-test,results/d3_formal/raw_r1/test/boot_02/batch_20260918T100343.334909Z_292fbb13.json.gz,20260918T100343.334909Z_292fbb13,211c7cc0-8d01-45f6-9085-de70dd8b239f,normal,baseline,100,200,100,0,100,0,19456.3,134423.0,170804.5,227201.00000000003,15245.2,22094.5,23073.4
D3-r1-test,results/d3_formal/raw_r1/test/boot_02/batch_20260918T100351.226260Z_c386c228.json.gz,20260918T100351.226260Z_c386c228,211c7cc0-8d01-45f6-9085-de70dd8b239f,normal,baseline,100,200,100,0,100,0,14404.3,105006.4,112941.0,202388.30000000002,14336.7,14841.0,22394.3
D3-r1-test,results/d3_formal/raw_r1/test/boot_02/batch_20260918T100359.176747Z_56fd8784.json.gz,20260918T100359.176747Z_56fd8784,211c7cc0-8d01-45f6-9085-de70dd8b239f,normal,baseline,100,200,100,0,100,0,14493.8,105461.0,133046.5,192992.50000000003,14355.1,15021.5,22976.0
D3-r1-test,results/d3_formal/raw_r1/test/boot_02/batch_20260918T100407.191939Z_75ea92d8.json.gz,20260918T100407.191939Z_75ea92d8,211c7cc0-8d01-45f6-9085-de70dd8b239f,normal,baseline,100,200,100,0,100,0,18895.6,130891.90000000001,163652.5,216838.80000000002,14611.0,21944.5,23209.300000000003
D3-r1-test,results/d3_formal/raw_r1/test/boot_02/batch_20260918T100414.985854Z_08be7e33.json.gz,20260918T100414.985854Z_08be7e33,211c7cc0-8d01-45f6-9085-de70dd8b239f,normal,baseline,100,200,100,0,100,0,14624.6,105016.2,135790.5,211814.0,14468.8,15252.5,29594.900000000045
D3-r1-test,results/d3_formal/raw_r1/test/boot_02/batch_20260918T100422.773998Z_4ec139e6.json.gz,20260918T100422.773998Z_4ec139e6,211c7cc0-8d01-45f6-9085-de70dd8b239f,normal,baseline,100,200,100,0,100,0,14528.8,105349.1,147067.0,216065.1,14428.7,15138.0,22696.8
D3-r1-test,results/d3_formal/raw_r1/test/boot_02/batch_20260918T100430.721351Z_02692117.json.gz,20260918T100430.721351Z_02692117,211c7cc0-8d01-45f6-9085-de70dd8b239f,normal,baseline,100,200,100,0,100,0,14499.2,105564.3,132340.0,183888.90000000002,14341.9,15178.5,22373.5
D3-r1-test,results/d3_formal/raw_r1/test/boot_02/batch_20260918T100438.604987Z_8715a3c0.json.gz,20260918T100438.604987Z_8715a3c0,211c7cc0-8d01-45f6-9085-de70dd8b239f,normal,baseline,100,200,100,0,100,0,20172.4,149416.8,181111.5,269847.7,19437.6,22369.5,23361.2
D3-r1-test,results/d3_formal/raw_r1/test/boot_02/batch_20260918T100446.636334Z_c417c0fa.json.gz,20260918T100446.636334Z_c417c0fa,211c7cc0-8d01-45f6-9085-de70dd8b239f,normal,baseline,100,200,100,0,100,0,20552.3,148125.2,178821.0,317870.9000000001,19749.8,22238.5,23256.4
D3-r1-test,results/d3_formal/raw_r1/test/boot_02/batch_20260918T100454.501332Z_c20f060f.json.gz,20260918T100454.501332Z_c20f060f,211c7cc0-8d01-45f6-9085-de70dd8b239f,normal,baseline,100,200,100,0,100,0,14572.1,105797.9,136003.0,201704.7,14446.7,18413.5,22757.7
D3-r1-test,results/d3_formal/raw_r1/test/boot_02/batch_20260918T100502.522426Z_76003b4b.json.gz,20260918T100502.522426Z_76003b4b,211c7cc0-8d01-45f6-9085-de70dd8b239f,normal,baseline,100,200,100,0,100,0,14756.7,106993.8,180786.5,227781.40000000002,14510.0,20441.0,23015.1
D3-r1-test,results/d3_formal/raw_r1/test/boot_02/batch_20260918T100510.548475Z_d27de4b0.json.gz,20260918T100510.548475Z_d27de4b0,211c7cc0-8d01-45f6-9085-de70dd8b239f,normal,baseline,100,200,100,0,100,0,14555.5,105075.5,153289.5,224973.7,14454.4,19809.5,22947.5
D3-r1-test,results/d3_formal/raw_r1/test/boot_02/batch_20260918T100518.465409Z_dc6b56bf.json.gz,20260918T100518.465409Z_dc6b56bf,211c7cc0-8d01-45f6-9085-de70dd8b239f,normal,baseline,100,200,100,0,100,0,20863.3,147876.3,177506.0,233766.0000000001,19509.5,22308.5,27411.600000000002
D3-r1-test,results/d3_formal/raw_r1/test/boot_02/batch_20260918T100526.439683Z_818d5557.json.gz,20260918T100526.439683Z_818d5557,211c7cc0-8d01-45f6-9085-de70dd8b239f,normal,baseline,100,200,100,0,100,0,18120.600000000002,107847.1,156679.0,228272.7,14543.9,22082.0,22985.6
D3-r1-test,results/d3_formal/raw_r1/test/boot_02/batch_20260918T100534.219514Z_fb30b6b6.json.gz,20260918T100534.219514Z_fb30b6b6,211c7cc0-8d01-45f6-9085-de70dd8b239f,normal,baseline,100,200,100,0,100,0,20588.100000000002,145134.7,172089.0,245911.20000000004,19670.1,22322.5,27030.7
D3-r1-test,results/d3_formal/raw_r1/test/boot_02/batch_20260918T100542.125397Z_1c9a1fe7.json.gz,20260918T100542.125397Z_1c9a1fe7,211c7cc0-8d01-45f6-9085-de70dd8b239f,normal,baseline,100,200,100,0,100,0,21046.2,150849.8,176371.0,253873.80000000022,19829.6,22235.5,23055.0
D3-r1-test,results/d3_formal/raw_r1/test/boot_02/batch_20260918T100549.901433Z_d23e4f9a.json.gz,20260918T100549.901433Z_d23e4f9a,211c7cc0-8d01-45f6-9085-de70dd8b239f,normal,baseline,100,200,100,0,100,0,17957.8,132858.3,166409.0,247292.60000000015,14829.4,21750.0,22941.2
D3-r1-test,results/d3_formal/raw_r1/test/boot_02/batch_20260918T100557.533140Z_9b9977db.json.gz,20260918T100557.533140Z_9b9977db,211c7cc0-8d01-45f6-9085-de70dd8b239f,normal,baseline,100,200,100,0,100,0,14491.6,105630.1,129315.0,200698.20000000004,14353.9,14935.5,21857.2
D3-r1-test,results/d3_formal/raw_r1/test/boot_02/batch_20260918T100605.392689Z_4a87a017.json.gz,20260918T100605.392689Z_4a87a017,211c7cc0-8d01-45f6-9085-de70dd8b239f,normal,baseline,100,200,100,0,100,0,14676.4,106893.5,147818.5,192423.00000000003,14539.6,18407.5,22754.5
D3-r1-test,results/d3_formal/raw_r1/test/boot_02/batch_20260918T100613.278058Z_dcb46d53.json.gz,20260918T100613.278058Z_dcb46d53,211c7cc0-8d01-45f6-9085-de70dd8b239f,normal,baseline,100,200,100,0,100,0,14718.8,105624.9,154166.5,190177.2,14495.8,21500.5,26334.5
D3-r1-test,results/d3_formal/raw_r1/test/boot_02/batch_20260918T100627.715867Z_4798cb03.json.gz,20260918T100627.715867Z_4798cb03,211c7cc0-8d01-45f6-9085-de70dd8b239f,rootkit,mixed,100,100,100,100,0,0,47557.6,47557.6,60065.0,74924.00000000004,nan,nan,nan
D3-r1-test,results/d3_formal/raw_r1/test/boot_02/batch_20260918T100641.898287Z_4afef55b.json.gz,20260918T100641.898287Z_4afef55b,211c7cc0-8d01-45f6-9085-de70dd8b239f,rootkit,mixed,100,100,100,100,0,0,50261.7,50261.7,60088.5,85572.8,nan,nan,nan
D3-r1-test,results/d3_formal/raw_r1/test/boot_02/batch_20260918T100656.191883Z_0a7b8836.json.gz,20260918T100656.191883Z_0a7b8836,211c7cc0-8d01-45f6-9085-de70dd8b239f,rootkit,mixed,100,100,100,100,0,0,47922.5,47922.5,59455.0,75255.00000000006,nan,nan,nan
D3-r1-test,results/d3_formal/raw_r1/test/boot_02/batch_20260918T100710.593324Z_62c643c9.json.gz,20260918T100710.593324Z_62c643c9,211c7cc0-8d01-45f6-9085-de70dd8b239f,rootkit,mixed,100,100,100,100,0,0,45870.2,45870.2,60181.0,76741.40000000001,nan,nan,nan
D3-r1-test,results/d3_formal/raw_r1/test/boot_02/batch_20260918T100724.836026Z_6d928d48.json.gz,20260918T100724.836026Z_6d928d48,211c7cc0-8d01-45f6-9085-de70dd8b239f,rootkit,mixed,100,100,100,100,0,0,51214.1,51214.1,61722.5,71358.8,nan,nan,nan
D3-r1-test,results/d3_formal/raw_r1/test/boot_02/batch_20260918T100739.224165Z_f99e5511.json.gz,20260918T100739.224165Z_f99e5511,211c7cc0-8d01-45f6-9085-de70dd8b239f,rootkit,mixed,100,100,100,100,0,0,49938.1,49938.1,60184.5,76166.90000000001,nan,nan,nan
D3-r1-test,results/d3_formal/raw_r1/test/boot_02/batch_20260918T100753.561701Z_7d046a43.json.gz,20260918T100753.561701Z_7d046a43,211c7cc0-8d01-45f6-9085-de70dd8b239f,rootkit,mixed,100,100,100,100,0,0,48370.5,48370.5,60911.0,75288.00000000001,nan,nan,nan
D3-r1-test,results/d3_formal/raw_r1/test/boot_02/batch_20260918T100807.839598Z_ad2237e9.json.gz,20260918T100807.839598Z_ad2237e9,211c7cc0-8d01-45f6-9085-de70dd8b239f,rootkit,mixed,100,100,100,100,0,0,42347.5,42347.5,57161.0,82428.00000000009,nan,nan,nan
D3-r1-test,results/d3_formal/raw_r1/test/boot_02/batch_20260918T100822.204842Z_41bd7c02.json.gz,20260918T100822.204842Z_41bd7c02,211c7cc0-8d01-45f6-9085-de70dd8b239f,rootkit,mixed,100,100,100,100,0,0,48439.6,48439.6,58635.5,73549.00000000001,nan,nan,nan
D3-r1-test,results/d3_formal/raw_r1/test/boot_02/batch_20260918T100836.570480Z_fad4b7bd.json.gz,20260918T100836.570480Z_fad4b7bd,211c7cc0-8d01-45f6-9085-de70dd8b239f,rootkit,mixed,100,100,100,100,0,0,50898.1,50898.1,60492.5,69746.40000000001,nan,nan,nan
D3-r1-test,results/d3_formal/raw_r1/test/boot_02/batch_20260918T100851.062030Z_c33426a0.json.gz,20260918T100851.062030Z_c33426a0,211c7cc0-8d01-45f6-9085-de70dd8b239f,rootkit,mixed,100,100,100,100,0,0,47424.1,47424.1,60317.0,81693.0,nan,nan,nan
D3-r1-test,results/d3_formal/raw_r1/test/boot_02/batch_20260918T100905.444181Z_cede40c3.json.gz,20260918T100905.444181Z_cede40c3,211c7cc0-8d01-45f6-9085-de70dd8b239f,rootkit,mixed,100,100,100,100,0,0,46830.1,46830.1,58976.0,71690.10000000002,nan,nan,nan
D3-r1-test,results/d3_formal/raw_r1/test/boot_02/batch_20260918T100919.771356Z_2341cf78.json.gz,20260918T100919.771356Z_2341cf78,211c7cc0-8d01-45f6-9085-de70dd8b239f,rootkit,mixed,100,100,100,100,0,0,45590.6,45590.6,61227.0,86437.90000000002,nan,nan,nan
D3-r1-test,results/d3_formal/raw_r1/test/boot_02/batch_20260918T100934.261987Z_744a33b7.json.gz,20260918T100934.261987Z_744a33b7,211c7cc0-8d01-45f6-9085-de70dd8b239f,rootkit,mixed,100,100,100,100,0,0,47407.4,47407.4,59359.0,76709.40000000002,nan,nan,nan
D3-r1-test,results/d3_formal/raw_r1/test/boot_02/batch_20260918T100948.545625Z_e22e4749.json.gz,20260918T100948.545625Z_e22e4749,211c7cc0-8d01-45f6-9085-de70dd8b239f,rootkit,mixed,100,100,100,100,0,0,51785.2,51785.2,59614.5,85787.90000000001,nan,nan,nan
D3-r1-test,results/d3_formal/raw_r1/test/boot_02/batch_20260918T101002.904701Z_bfad5148.json.gz,20260918T101002.904701Z_bfad5148,211c7cc0-8d01-45f6-9085-de70dd8b239f,rootkit,mixed,100,100,100,100,0,0,49843.5,49843.5,59765.5,82167.20000000001,nan,nan,nan
D3-r1-test,results/d3_formal/raw_r1/test/boot_02/batch_20260918T101017.147861Z_fb868fbe.json.gz,20260918T101017.147861Z_fb868fbe,211c7cc0-8d01-45f6-9085-de70dd8b239f,rootkit,mixed,100,100,100,100,0,0,47602.4,47602.4,59718.5,85833.50000000001,nan,nan,nan
D3-r1-test,results/d3_formal/raw_r1/test/boot_02/batch_20260918T101031.237462Z_e4c0f013.json.gz,20260918T101031.237462Z_e4c0f013,211c7cc0-8d01-45f6-9085-de70dd8b239f,rootkit,mixed,100,100,100,100,0,0,44837.8,44837.8,59822.5,78843.7,nan,nan,nan
D3-r1-test,results/d3_formal/raw_r1/test/boot_02/batch_20260918T101045.497420Z_48852126.json.gz,20260918T101045.497420Z_48852126,211c7cc0-8d01-45f6-9085-de70dd8b239f,rootkit,mixed,100,100,100,100,0,0,50857.9,50857.9,61232.5,94284.8,nan,nan,nan
D3-r1-test,results/d3_formal/raw_r1/test/boot_02/batch_20260918T101100.039599Z_b58669cd.json.gz,20260918T101100.039599Z_b58669cd,211c7cc0-8d01-45f6-9085-de70dd8b239f,rootkit,mixed,100,100,100,100,0,0,58189.5,58189.5,69788.5,103448.2,nan,nan,nan
D3-r1-test,results/d3_formal/raw_r1/test/boot_02/batch_20260918T101116.033147Z_b968d0cd.json.gz,20260918T101116.033147Z_b968d0cd,211c7cc0-8d01-45f6-9085-de70dd8b239f,rootkit,mixed,100,100,100,100,0,0,50412.0,50412.0,67746.0,123308.60000000005,nan,nan,nan
D3-r1-test,results/d3_formal/raw_r1/test/boot_02/batch_20260918T101131.297462Z_72932899.json.gz,20260918T101131.297462Z_72932899,211c7cc0-8d01-45f6-9085-de70dd8b239f,rootkit,mixed,100,100,100,100,0,0,45930.1,45930.1,59837.5,73170.6,nan,nan,nan
D3-r1-test,results/d3_formal/raw_r1/test/boot_02/batch_20260918T101145.246103Z_4581e6db.json.gz,20260918T101145.246103Z_4581e6db,211c7cc0-8d01-45f6-9085-de70dd8b239f,rootkit,mixed,100,100,100,100,0,0,45655.5,45655.5,56508.0,75413.10000000006,nan,nan,nan
D3-r1-test,results/d3_formal/raw_r1/test/boot_02/batch_20260918T101200.230675Z_1e780abc.json.gz,20260918T101200.230675Z_1e780abc,211c7cc0-8d01-45f6-9085-de70dd8b239f,rootkit,mixed,100,100,100,100,0,0,53517.0,53517.0,68475.5,125676.50000000017,nan,nan,nan
D3-r1-test,results/d3_formal/raw_r1/test/boot_02/batch_20260918T101213.877615Z_c4bc83ad.json.gz,20260918T101213.877615Z_c4bc83ad,211c7cc0-8d01-45f6-9085-de70dd8b239f,rootkit,mixed,100,100,100,100,0,0,45506.0,45506.0,58207.0,80446.9,nan,nan,nan
D3-r1-test,results/d3_formal/raw_r1/test/boot_02/batch_20260918T101227.922334Z_d6065d2c.json.gz,20260918T101227.922334Z_d6065d2c,211c7cc0-8d01-45f6-9085-de70dd8b239f,rootkit,mixed,100,100,100,100,0,0,47173.0,47173.0,67394.0,82890.70000000004,nan,nan,nan
D3-r1-test,results/d3_formal/raw_r1/test/boot_02/batch_20260918T101241.793456Z_598ea3c3.json.gz,20260918T101241.793456Z_598ea3c3,211c7cc0-8d01-45f6-9085-de70dd8b239f,rootkit,mixed,100,100,100,100,0,0,47148.6,47148.6,66796.0,109408.40000000004,nan,nan,nan
D3-r1-test,results/d3_formal/raw_r1/test/boot_02/batch_20260918T101255.177869Z_f7606be6.json.gz,20260918T101255.177869Z_f7606be6,211c7cc0-8d01-45f6-9085-de70dd8b239f,rootkit,mixed,100,100,100,100,0,0,44358.4,44358.4,50041.0,80622.40000000001,nan,nan,nan
D3-r1-test,results/d3_formal/raw_r1/test/boot_02/batch_20260918T101308.627779Z_359c1e55.json.gz,20260918T101308.627779Z_359c1e55,211c7cc0-8d01-45f6-9085-de70dd8b239f,rootkit,mixed,100,100,100,100,0,0,44688.2,44688.2,58938.5,109648.90000000001,nan,nan,nan
D3-r1-test,results/d3_formal/raw_r1/test/boot_02/batch_20260918T101322.161143Z_8b1e7768.json.gz,20260918T101322.161143Z_8b1e7768,211c7cc0-8d01-45f6-9085-de70dd8b239f,rootkit,mixed,100,100,100,100,0,0,46029.7,46029.7,67272.0,90618.1,nan,nan,nan
D3-r1-test,results/d3_formal/raw_r1/test/boot_02/batch_20260918T101328.851042Z_0aac4bf1.json.gz,20260918T101328.851042Z_0aac4bf1,211c7cc0-8d01-45f6-9085-de70dd8b239f,rootkit,baseline,100,100,100,100,0,0,43560.9,43560.9,70953.0,85146.3,nan,nan,nan
D3-r1-test,results/d3_formal/raw_r1/test/boot_02/batch_20260918T101335.535638Z_3f05047c.json.gz,20260918T101335.535638Z_3f05047c,211c7cc0-8d01-45f6-9085-de70dd8b239f,rootkit,baseline,100,100,100,100,0,0,43492.4,43492.4,46331.0,75797.5,nan,nan,nan
D3-r1-test,results/d3_formal/raw_r1/test/boot_02/batch_20260918T101342.454947Z_cfde77c5.json.gz,20260918T101342.454947Z_cfde77c5,211c7cc0-8d01-45f6-9085-de70dd8b239f,rootkit,baseline,100,100,100,100,0,0,42683.8,42683.8,44514.5,75345.8,nan,nan,nan
D3-r1-test,results/d3_formal/raw_r1/test/boot_02/batch_20260918T101349.249436Z_4d2be9aa.json.gz,20260918T101349.249436Z_4d2be9aa,211c7cc0-8d01-45f6-9085-de70dd8b239f,rootkit,baseline,100,100,100,100,0,0,42456.9,42456.9,44445.0,73840.1,nan,nan,nan
D3-r1-test,results/d3_formal/raw_r1/test/boot_02/batch_20260918T101356.003517Z_5789feaf.json.gz,20260918T101356.003517Z_5789feaf,211c7cc0-8d01-45f6-9085-de70dd8b239f,rootkit,baseline,100,100,100,100,0,0,42789.1,42789.1,44978.5,74085.0,nan,nan,nan
D3-r1-test,results/d3_formal/raw_r1/test/boot_02/batch_20260918T101402.730685Z_9dd25d21.json.gz,20260918T101402.730685Z_9dd25d21,211c7cc0-8d01-45f6-9085-de70dd8b239f,rootkit,baseline,100,100,100,100,0,0,44133.9,44133.9,71400.5,82171.60000000005,nan,nan,nan
D3-r1-test,results/d3_formal/raw_r1/test/boot_02/batch_20260918T101409.460360Z_9be60ae4.json.gz,20260918T101409.460360Z_9be60ae4,211c7cc0-8d01-45f6-9085-de70dd8b239f,rootkit,baseline,100,100,100,100,0,0,43491.6,43491.6,70968.0,90544.70000000001,nan,nan,nan
D3-r1-test,results/d3_formal/raw_r1/test/boot_02/batch_20260918T101416.134865Z_1b3ae328.json.gz,20260918T101416.134865Z_1b3ae328,211c7cc0-8d01-45f6-9085-de70dd8b239f,rootkit,baseline,100,100,100,100,0,0,43437.9,43437.9,69181.5,86484.1,nan,nan,nan
D3-r1-test,results/d3_formal/raw_r1/test/boot_02/batch_20260918T101422.840775Z_9dcc99a9.json.gz,20260918T101422.840775Z_9dcc99a9,211c7cc0-8d01-45f6-9085-de70dd8b239f,rootkit,baseline,100,100,100,100,0,0,42572.6,42572.6,68626.0,73574.90000000001,nan,nan,nan
D3-r1-test,results/d3_formal/raw_r1/test/boot_02/batch_20260918T101429.560577Z_5f262ce8.json.gz,20260918T101429.560577Z_5f262ce8,211c7cc0-8d01-45f6-9085-de70dd8b239f,rootkit,baseline,100,100,100,100,0,0,42028.4,42028.4,43489.5,76087.30000000005,nan,nan,nan
D3-r1-test,results/d3_formal/raw_r1/test/boot_02/batch_20260918T101436.256913Z_249be9a8.json.gz,20260918T101436.256913Z_249be9a8,211c7cc0-8d01-45f6-9085-de70dd8b239f,rootkit,baseline,100,100,100,100,0,0,42445.9,42445.9,43752.5,72751.1,nan,nan,nan
D3-r1-test,results/d3_formal/raw_r1/test/boot_02/batch_20260918T101442.936363Z_687ca6c1.json.gz,20260918T101442.936363Z_687ca6c1,211c7cc0-8d01-45f6-9085-de70dd8b239f,rootkit,baseline,100,100,100,100,0,0,42335.1,42335.1,43536.5,72154.70000000001,nan,nan,nan
D3-r1-test,results/d3_formal/raw_r1/test/boot_02/batch_20260918T101449.730205Z_e3b4cf10.json.gz,20260918T101449.730205Z_e3b4cf10,211c7cc0-8d01-45f6-9085-de70dd8b239f,rootkit,baseline,100,100,100,100,0,0,45380.1,45380.1,72648.5,82643.20000000004,nan,nan,nan
D3-r1-test,results/d3_formal/raw_r1/test/boot_02/batch_20260918T101456.618255Z_4a797f3b.json.gz,20260918T101456.618255Z_4a797f3b,211c7cc0-8d01-45f6-9085-de70dd8b239f,rootkit,baseline,100,100,100,100,0,0,43210.7,43210.7,70108.0,77136.2,nan,nan,nan
D3-r1-test,results/d3_formal/raw_r1/test/boot_02/batch_20260918T101503.396038Z_7beafa9a.json.gz,20260918T101503.396038Z_7beafa9a,211c7cc0-8d01-45f6-9085-de70dd8b239f,rootkit,baseline,100,100,100,100,0,0,42562.9,42562.9,44210.5,73620.70000000003,nan,nan,nan
D3-r1-test,results/d3_formal/raw_r1/test/boot_02/batch_20260918T101510.160580Z_e2a3d26b.json.gz,20260918T101510.160580Z_e2a3d26b,211c7cc0-8d01-45f6-9085-de70dd8b239f,rootkit,baseline,100,100,100,100,0,0,43227.0,43227.0,45439.0,73120.5,nan,nan,nan
D3-r1-test,results/d3_formal/raw_r1/test/boot_02/batch_20260918T101517.082684Z_7b282e07.json.gz,20260918T101517.082684Z_7b282e07,211c7cc0-8d01-45f6-9085-de70dd8b239f,rootkit,baseline,100,100,100,100,0,0,44292.4,44292.4,71225.5,78041.00000000001,nan,nan,nan
D3-r1-test,results/d3_formal/raw_r1/test/boot_02/batch_20260918T101524.026870Z_ea9695b8.json.gz,20260918T101524.026870Z_ea9695b8,211c7cc0-8d01-45f6-9085-de70dd8b239f,rootkit,baseline,100,100,100,100,0,0,43763.9,43763.9,46045.0,79427.30000000002,nan,nan,nan
D3-r1-test,results/d3_formal/raw_r1/test/boot_02/batch_20260918T101530.795632Z_0f9f1738.json.gz,20260918T101530.795632Z_0f9f1738,211c7cc0-8d01-45f6-9085-de70dd8b239f,rootkit,baseline,100,100,100,100,0,0,41635.0,41635.0,68270.0,89727.00000000003,nan,nan,nan
D3-r1-test,results/d3_formal/raw_r1/test/boot_02/batch_20260918T101537.744213Z_df24d0b3.json.gz,20260918T101537.744213Z_df24d0b3,211c7cc0-8d01-45f6-9085-de70dd8b239f,rootkit,baseline,100,100,100,100,0,0,43695.5,43695.5,45886.0,74838.2,nan,nan,nan
D3-r1-test,results/d3_formal/raw_r1/test/boot_02/batch_20260918T101544.730886Z_681a9581.json.gz,20260918T101544.730886Z_681a9581,211c7cc0-8d01-45f6-9085-de70dd8b239f,rootkit,baseline,100,100,100,100,0,0,44661.1,44661.1,62203.5,88593.10000000002,nan,nan,nan
D3-r1-test,results/d3_formal/raw_r1/test/boot_02/batch_20260918T101551.691535Z_4fdba404.json.gz,20260918T101551.691535Z_4fdba404,211c7cc0-8d01-45f6-9085-de70dd8b239f,rootkit,baseline,100,100,100,100,0,0,44059.9,44059.9,71047.5,79906.10000000003,nan,nan,nan
D3-r1-test,results/d3_formal/raw_r1/test/boot_02/batch_20260918T101558.498516Z_c65ed43e.json.gz,20260918T101558.498516Z_c65ed43e,211c7cc0-8d01-45f6-9085-de70dd8b239f,rootkit,baseline,100,100,100,100,0,0,43301.0,43301.0,45665.5,75652.0,nan,nan,nan
D3-r1-test,results/d3_formal/raw_r1/test/boot_02/batch_20260918T101605.201897Z_d15adb14.json.gz,20260918T101605.201897Z_d15adb14,211c7cc0-8d01-45f6-9085-de70dd8b239f,rootkit,baseline,100,100,100,100,0,0,43145.8,43145.8,45136.5,72969.6,nan,nan,nan
D3-r1-test,results/d3_formal/raw_r1/test/boot_02/batch_20260918T101611.887255Z_09ec2435.json.gz,20260918T101611.887255Z_09ec2435,211c7cc0-8d01-45f6-9085-de70dd8b239f,rootkit,baseline,100,100,100,100,0,0,43936.8,43936.8,45586.0,76032.2,nan,nan,nan
D3-r1-test,results/d3_formal/raw_r1/test/boot_02/batch_20260918T101618.859113Z_f36dd37e.json.gz,20260918T101618.859113Z_f36dd37e,211c7cc0-8d01-45f6-9085-de70dd8b239f,rootkit,baseline,100,100,100,100,0,0,43103.4,43103.4,45264.0,75322.40000000005,nan,nan,nan
D3-r1-test,results/d3_formal/raw_r1/test/boot_02/batch_20260918T101625.662904Z_2bce7be5.json.gz,20260918T101625.662904Z_2bce7be5,211c7cc0-8d01-45f6-9085-de70dd8b239f,rootkit,baseline,100,100,100,100,0,0,42902.8,42902.8,71493.0,86359.90000000004,nan,nan,nan
D3-r1-test,results/d3_formal/raw_r1/test/boot_02/batch_20260918T101632.435412Z_52185297.json.gz,20260918T101632.435412Z_52185297,211c7cc0-8d01-45f6-9085-de70dd8b239f,rootkit,baseline,100,100,100,100,0,0,42591.8,42591.8,50221.5,87191.8,nan,nan,nan
D3-r1-test,results/d3_formal/raw_r1/test/boot_02/batch_20260918T101639.184613Z_522ddfa3.json.gz,20260918T101639.184613Z_522ddfa3,211c7cc0-8d01-45f6-9085-de70dd8b239f,rootkit,baseline,100,100,100,100,0,0,43506.6,43506.6,46210.5,74641.5,nan,nan,nan
D3-r1-test,results/d3_formal/raw_r1/test/boot_02/batch_20260918T101645.988108Z_7735f4e5.json.gz,20260918T101645.988108Z_7735f4e5,211c7cc0-8d01-45f6-9085-de70dd8b239f,rootkit,baseline,100,100,100,100,0,0,43988.6,43988.6,47358.0,76508.4,nan,nan,nan
D3-r1-test,results/d3_formal/raw_r1/test/boot_02/batch_20260918T101659.394127Z_870ccd29.json.gz,20260918T101659.394127Z_870ccd29,211c7cc0-8d01-45f6-9085-de70dd8b239f,rootkit,cpu,100,100,100,100,0,0,44951.5,44951.5,52913.0,84559.30000000002,nan,nan,nan
D3-r1-test,results/d3_formal/raw_r1/test/boot_02/batch_20260918T101713.249496Z_031ef5b6.json.gz,20260918T101713.249496Z_031ef5b6,211c7cc0-8d01-45f6-9085-de70dd8b239f,rootkit,cpu,100,100,100,100,0,0,45951.8,45951.8,61835.0,87261.40000000002,nan,nan,nan
D3-r1-test,results/d3_formal/raw_r1/test/boot_02/batch_20260918T101726.793515Z_d44a3a7e.json.gz,20260918T101726.793515Z_d44a3a7e,211c7cc0-8d01-45f6-9085-de70dd8b239f,rootkit,cpu,100,100,100,100,0,0,45737.7,45737.7,62026.5,105264.10000000002,nan,nan,nan
D3-r1-test,results/d3_formal/raw_r1/test/boot_02/batch_20260918T101740.311576Z_f17d7df5.json.gz,20260918T101740.311576Z_f17d7df5,211c7cc0-8d01-45f6-9085-de70dd8b239f,rootkit,cpu,100,100,100,100,0,0,45392.7,45392.7,67867.0,93880.5000000001,nan,nan,nan
D3-r1-test,results/d3_formal/raw_r1/test/boot_02/batch_20260918T101753.757414Z_88876aca.json.gz,20260918T101753.757414Z_88876aca,211c7cc0-8d01-45f6-9085-de70dd8b239f,rootkit,cpu,100,100,100,100,0,0,44308.8,44308.8,59779.5,116958.1,nan,nan,nan
D3-r1-test,results/d3_formal/raw_r1/test/boot_02/batch_20260918T101807.182018Z_3e533913.json.gz,20260918T101807.182018Z_3e533913,211c7cc0-8d01-45f6-9085-de70dd8b239f,rootkit,cpu,100,100,100,100,0,0,44509.3,44509.3,59824.5,82825.90000000002,nan,nan,nan
D3-r1-test,results/d3_formal/raw_r1/test/boot_02/batch_20260918T101820.678512Z_652f1d22.json.gz,20260918T101820.678512Z_652f1d22,211c7cc0-8d01-45f6-9085-de70dd8b239f,rootkit,cpu,100,100,100,100,0,0,44869.3,44869.3,53638.0,98833.00000000004,nan,nan,nan
D3-r1-test,results/d3_formal/raw_r1/test/boot_02/batch_20260918T101834.162676Z_77574df1.json.gz,20260918T101834.162676Z_77574df1,211c7cc0-8d01-45f6-9085-de70dd8b239f,rootkit,cpu,100,100,100,100,0,0,45195.9,45195.9,57445.5,98639.70000000001,nan,nan,nan
D3-r1-test,results/d3_formal/raw_r1/test/boot_02/batch_20260918T101847.627129Z_32e4c678.json.gz,20260918T101847.627129Z_32e4c678,211c7cc0-8d01-45f6-9085-de70dd8b239f,rootkit,cpu,100,100,100,100,0,0,45850.4,45850.4,66009.0,81465.70000000001,nan,nan,nan
D3-r1-test,results/d3_formal/raw_r1/test/boot_02/batch_20260918T101901.079572Z_83fcae1e.json.gz,20260918T101901.079572Z_83fcae1e,211c7cc0-8d01-45f6-9085-de70dd8b239f,rootkit,cpu,100,100,100,100,0,0,44949.6,44949.6,59551.0,80508.3,nan,nan,nan
D3-r1-test,results/d3_formal/raw_r1/test/boot_02/batch_20260918T101914.519719Z_de83fd2f.json.gz,20260918T101914.519719Z_de83fd2f,211c7cc0-8d01-45f6-9085-de70dd8b239f,rootkit,cpu,100,100,100,100,0,0,44384.6,44384.6,51205.0,76262.7,nan,nan,nan
D3-r1-test,results/d3_formal/raw_r1/test/boot_02/batch_20260918T101928.220851Z_13034949.json.gz,20260918T101928.220851Z_13034949,211c7cc0-8d01-45f6-9085-de70dd8b239f,rootkit,cpu,100,100,100,100,0,0,44946.6,44946.6,57201.0,99530.80000000003,nan,nan,nan
D3-r1-test,results/d3_formal/raw_r1/test/boot_02/batch_20260918T101941.741970Z_606b5634.json.gz,20260918T101941.741970Z_606b5634,211c7cc0-8d01-45f6-9085-de70dd8b239f,rootkit,cpu,100,100,100,100,0,0,45516.5,45516.5,63658.0,91953.80000000002,nan,nan,nan
D3-r1-test,results/d3_formal/raw_r1/test/boot_02/batch_20260918T101955.614746Z_bcda1445.json.gz,20260918T101955.614746Z_bcda1445,211c7cc0-8d01-45f6-9085-de70dd8b239f,rootkit,cpu,100,100,100,100,0,0,45430.9,45430.9,56685.5,98185.70000000004,nan,nan,nan
D3-r1-test,results/d3_formal/raw_r1/test/boot_02/batch_20260918T102010.818878Z_a7780cd9.json.gz,20260918T102010.818878Z_a7780cd9,211c7cc0-8d01-45f6-9085-de70dd8b239f,rootkit,cpu,100,100,100,100,0,0,59224.0,59224.0,67422.5,101706.80000000002,nan,nan,nan
D3-r1-test,results/d3_formal/raw_r1/test/boot_02/batch_20260918T102024.479826Z_1847fc57.json.gz,20260918T102024.479826Z_1847fc57,211c7cc0-8d01-45f6-9085-de70dd8b239f,rootkit,cpu,100,100,100,100,0,0,45529.1,45529.1,55968.0,94286.90000000002,nan,nan,nan
D3-r1-test,results/d3_formal/raw_r1/test/boot_02/batch_20260918T102037.761876Z_36dc84f1.json.gz,20260918T102037.761876Z_36dc84f1,211c7cc0-8d01-45f6-9085-de70dd8b239f,rootkit,cpu,100,100,100,100,0,0,44453.2,44453.2,54458.5,85594.20000000007,nan,nan,nan
D3-r1-test,results/d3_formal/raw_r1/test/boot_02/batch_20260918T102051.107404Z_8115df38.json.gz,20260918T102051.107404Z_8115df38,211c7cc0-8d01-45f6-9085-de70dd8b239f,rootkit,cpu,100,100,100,100,0,0,44640.7,44640.7,55937.5,78848.5,nan,nan,nan
D3-r1-test,results/d3_formal/raw_r1/test/boot_02/batch_20260918T102104.536037Z_3e65e870.json.gz,20260918T102104.536037Z_3e65e870,211c7cc0-8d01-45f6-9085-de70dd8b239f,rootkit,cpu,100,100,100,100,0,0,44649.5,44649.5,63585.0,88472.30000000009,nan,nan,nan
D3-r1-test,results/d3_formal/raw_r1/test/boot_02/batch_20260918T102117.867097Z_4983effe.json.gz,20260918T102117.867097Z_4983effe,211c7cc0-8d01-45f6-9085-de70dd8b239f,rootkit,cpu,100,100,100,100,0,0,44479.9,44479.9,59885.0,94597.3,nan,nan,nan
D3-r1-test,results/d3_formal/raw_r1/test/boot_02/batch_20260918T102131.266320Z_0428c1fd.json.gz,20260918T102131.266320Z_0428c1fd,211c7cc0-8d01-45f6-9085-de70dd8b239f,rootkit,cpu,100,100,100,100,0,0,44635.6,44635.6,58586.5,90485.60000000002,nan,nan,nan
D3-r1-test,results/d3_formal/raw_r1/test/boot_02/batch_20260918T102144.687936Z_3db76050.json.gz,20260918T102144.687936Z_3db76050,211c7cc0-8d01-45f6-9085-de70dd8b239f,rootkit,cpu,100,100,100,100,0,0,45541.7,45541.7,67813.5,115258.20000000003,nan,nan,nan
D3-r1-test,results/d3_formal/raw_r1/test/boot_02/batch_20260918T102158.179251Z_da30da2f.json.gz,20260918T102158.179251Z_da30da2f,211c7cc0-8d01-45f6-9085-de70dd8b239f,rootkit,cpu,100,100,100,100,0,0,44982.2,44982.2,56692.5,94129.90000000004,nan,nan,nan
D3-r1-test,results/d3_formal/raw_r1/test/boot_02/batch_20260918T102211.473308Z_74a8b8e2.json.gz,20260918T102211.473308Z_74a8b8e2,211c7cc0-8d01-45f6-9085-de70dd8b239f,rootkit,cpu,100,100,100,100,0,0,44919.0,44919.0,54615.5,80041.20000000001,nan,nan,nan
D3-r1-test,results/d3_formal/raw_r1/test/boot_02/batch_20260918T102224.966311Z_d6a00a4d.json.gz,20260918T102224.966311Z_d6a00a4d,211c7cc0-8d01-45f6-9085-de70dd8b239f,rootkit,cpu,100,100,100,100,0,0,45178.6,45178.6,65716.5,81269.00000000009,nan,nan,nan
D3-r1-test,results/d3_formal/raw_r1/test/boot_02/batch_20260918T102238.403476Z_e3b9d01a.json.gz,20260918T102238.403476Z_e3b9d01a,211c7cc0-8d01-45f6-9085-de70dd8b239f,rootkit,cpu,100,100,100,100,0,0,44076.0,44076.0,51165.5,84398.00000000003,nan,nan,nan
D3-r1-test,results/d3_formal/raw_r1/test/boot_02/batch_20260918T102251.863909Z_fde87982.json.gz,20260918T102251.863909Z_fde87982,211c7cc0-8d01-45f6-9085-de70dd8b239f,rootkit,cpu,100,100,100,100,0,0,45359.2,45359.2,60453.0,81720.00000000001,nan,nan,nan
D3-r1-test,results/d3_formal/raw_r1/test/boot_02/batch_20260918T102305.242834Z_92467f72.json.gz,20260918T102305.242834Z_92467f72,211c7cc0-8d01-45f6-9085-de70dd8b239f,rootkit,cpu,100,100,100,100,0,0,44608.1,44608.1,54131.5,85062.20000000004,nan,nan,nan
D3-r1-test,results/d3_formal/raw_r1/test/boot_02/batch_20260918T102318.630134Z_5b311d1f.json.gz,20260918T102318.630134Z_5b311d1f,211c7cc0-8d01-45f6-9085-de70dd8b239f,rootkit,cpu,100,100,100,100,0,0,44401.3,44401.3,52236.5,84499.30000000002,nan,nan,nan
D3-r1-test,results/d3_formal/raw_r1/test/boot_02/batch_20260918T102332.047323Z_3dab80d5.json.gz,20260918T102332.047323Z_3dab80d5,211c7cc0-8d01-45f6-9085-de70dd8b239f,rootkit,cpu,100,100,100,100,0,0,44442.8,44442.8,56234.0,81239.90000000004,nan,nan,nan
D3-r1-test,results/d3_formal/raw_r1/test/boot_02/batch_20260918T102339.859320Z_a260991e.json.gz,20260918T102339.859320Z_a260991e,211c7cc0-8d01-45f6-9085-de70dd8b239f,rootkit,memory,100,100,100,100,0,0,42327.3,42327.3,43671.5,45940.9,nan,nan,nan
D3-r1-test,results/d3_formal/raw_r1/test/boot_02/batch_20260918T102347.976274Z_087c0b35.json.gz,20260918T102347.976274Z_087c0b35,211c7cc0-8d01-45f6-9085-de70dd8b239f,rootkit,memory,100,100,100,100,0,0,46193.3,46193.3,62257.0,162714.50000000006,nan,nan,nan
D3-r1-test,results/d3_formal/raw_r1/test/boot_02/batch_20260918T102355.812685Z_bcbe216a.json.gz,20260918T102355.812685Z_bcbe216a,211c7cc0-8d01-45f6-9085-de70dd8b239f,rootkit,memory,100,100,100,100,0,0,42861.8,42861.8,44219.5,67023.20000000001,nan,nan,nan
D3-r1-test,results/d3_formal/raw_r1/test/boot_02/batch_20260918T102403.565339Z_a490842f.json.gz,20260918T102403.565339Z_a490842f,211c7cc0-8d01-45f6-9085-de70dd8b239f,rootkit,memory,100,100,100,100,0,0,43205.2,43205.2,45532.0,69879.40000000002,nan,nan,nan
D3-r1-test,results/d3_formal/raw_r1/test/boot_02/batch_20260918T102411.300471Z_3266b183.json.gz,20260918T102411.300471Z_3266b183,211c7cc0-8d01-45f6-9085-de70dd8b239f,rootkit,memory,100,100,100,100,0,0,42924.7,42924.7,44137.5,71058.40000000002,nan,nan,nan
D3-r1-test,results/d3_formal/raw_r1/test/boot_02/batch_20260918T102419.265963Z_31d62216.json.gz,20260918T102419.265963Z_31d62216,211c7cc0-8d01-45f6-9085-de70dd8b239f,rootkit,memory,100,100,100,100,0,0,45347.7,45347.7,48193.0,89877.20000000006,nan,nan,nan
D3-r1-test,results/d3_formal/raw_r1/test/boot_02/batch_20260918T102431.019915Z_b039a09e.json.gz,20260918T102431.019915Z_b039a09e,211c7cc0-8d01-45f6-9085-de70dd8b239f,rootkit,memory,100,100,100,100,0,0,60365.6,60365.6,65757.5,140931.6,nan,nan,nan
D3-r1-test,results/d3_formal/raw_r1/test/boot_02/batch_20260918T102439.765678Z_1be8aa9d.json.gz,20260918T102439.765678Z_1be8aa9d,211c7cc0-8d01-45f6-9085-de70dd8b239f,rootkit,memory,100,100,100,100,0,0,46403.2,46403.2,51976.5,155544.00000000003,nan,nan,nan
D3-r1-test,results/d3_formal/raw_r1/test/boot_02/batch_20260918T102448.795441Z_8c90ff76.json.gz,20260918T102448.795441Z_8c90ff76,211c7cc0-8d01-45f6-9085-de70dd8b239f,rootkit,memory,100,100,100,100,0,0,45902.9,45902.9,47339.5,125964.70000000004,nan,nan,nan
D3-r1-test,results/d3_formal/raw_r1/test/boot_02/batch_20260918T102457.512660Z_02dbd2ad.json.gz,20260918T102457.512660Z_02dbd2ad,211c7cc0-8d01-45f6-9085-de70dd8b239f,rootkit,memory,100,100,100,100,0,0,45691.7,45691.7,47863.5,143308.6,nan,nan,nan
D3-r1-test,results/d3_formal/raw_r1/test/boot_02/batch_20260918T102505.819121Z_258c7424.json.gz,20260918T102505.819121Z_258c7424,211c7cc0-8d01-45f6-9085-de70dd8b239f,rootkit,memory,100,100,100,100,0,0,45838.5,45838.5,48100.5,132868.1,nan,nan,nan
D3-r1-test,results/d3_formal/raw_r1/test/boot_02/batch_20260918T102514.480141Z_61be88ec.json.gz,20260918T102514.480141Z_61be88ec,211c7cc0-8d01-45f6-9085-de70dd8b239f,rootkit,memory,100,100,100,100,0,0,45503.1,45503.1,47031.5,141321.90000000002,nan,nan,nan
D3-r1-test,results/d3_formal/raw_r1/test/boot_02/batch_20260918T102522.760371Z_699f2167.json.gz,20260918T102522.760371Z_699f2167,211c7cc0-8d01-45f6-9085-de70dd8b239f,rootkit,memory,100,100,100,100,0,0,45609.0,45609.0,47221.5,132955.0,nan,nan,nan
D3-r1-test,results/d3_formal/raw_r1/test/boot_02/batch_20260918T102531.048045Z_900e5e1a.json.gz,20260918T102531.048045Z_900e5e1a,211c7cc0-8d01-45f6-9085-de70dd8b239f,rootkit,memory,100,100,100,100,0,0,45594.4,45594.4,47517.0,128787.70000000001,nan,nan,nan
D3-r1-test,results/d3_formal/raw_r1/test/boot_02/batch_20260918T102539.828327Z_b53862df.json.gz,20260918T102539.828327Z_b53862df,211c7cc0-8d01-45f6-9085-de70dd8b239f,rootkit,memory,100,100,100,100,0,0,45948.3,45948.3,49795.0,155409.8000000001,nan,nan,nan
D3-r1-test,results/d3_formal/raw_r1/test/boot_02/batch_20260918T102549.280482Z_11534f95.json.gz,20260918T102549.280482Z_11534f95,211c7cc0-8d01-45f6-9085-de70dd8b239f,rootkit,memory,100,100,100,100,0,0,49126.3,49126.3,64257.0,148311.60000000003,nan,nan,nan
D3-r1-test,results/d3_formal/raw_r1/test/boot_02/batch_20260918T102559.571500Z_dbb2a6c6.json.gz,20260918T102559.571500Z_dbb2a6c6,211c7cc0-8d01-45f6-9085-de70dd8b239f,rootkit,memory,100,100,100,100,0,0,47189.3,47189.3,63420.0,149384.60000000003,nan,nan,nan
D3-r1-test,results/d3_formal/raw_r1/test/boot_02/batch_20260918T102610.241327Z_18c18b71.json.gz,20260918T102610.241327Z_18c18b71,211c7cc0-8d01-45f6-9085-de70dd8b239f,rootkit,memory,100,100,100,100,0,0,50197.3,50197.3,64779.0,153399.4000000001,nan,nan,nan
D3-r1-test,results/d3_formal/raw_r1/test/boot_02/batch_20260918T102619.837544Z_8738aaa7.json.gz,20260918T102619.837544Z_8738aaa7,211c7cc0-8d01-45f6-9085-de70dd8b239f,rootkit,memory,100,100,100,100,0,0,47565.1,47565.1,63948.0,147805.2,nan,nan,nan
D3-r1-test,results/d3_formal/raw_r1/test/boot_02/batch_20260918T102629.245048Z_0eb51543.json.gz,20260918T102629.245048Z_0eb51543,211c7cc0-8d01-45f6-9085-de70dd8b239f,rootkit,memory,100,100,100,100,0,0,46100.7,46100.7,47836.0,76060.50000000001,nan,nan,nan
D3-r1-test,results/d3_formal/raw_r1/test/boot_02/batch_20260918T102640.572736Z_eb0b0960.json.gz,20260918T102640.572736Z_eb0b0960,211c7cc0-8d01-45f6-9085-de70dd8b239f,rootkit,memory,100,100,100,100,0,0,45542.7,45542.7,48133.5,138597.40000000002,nan,nan,nan
D3-r1-test,results/d3_formal/raw_r1/test/boot_02/batch_20260918T102649.248173Z_f8fede38.json.gz,20260918T102649.248173Z_f8fede38,211c7cc0-8d01-45f6-9085-de70dd8b239f,rootkit,memory,100,100,100,100,0,0,45605.4,45605.4,47154.5,127586.80000000003,nan,nan,nan
D3-r1-test,results/d3_formal/raw_r1/test/boot_02/batch_20260918T102658.194324Z_a9a82321.json.gz,20260918T102658.194324Z_a9a82321,211c7cc0-8d01-45f6-9085-de70dd8b239f,rootkit,memory,100,100,100,100,0,0,45572.8,45572.8,47403.0,163111.00000000012,nan,nan,nan
D3-r1-test,results/d3_formal/raw_r1/test/boot_02/batch_20260918T102706.735542Z_ce433ef0.json.gz,20260918T102706.735542Z_ce433ef0,211c7cc0-8d01-45f6-9085-de70dd8b239f,rootkit,memory,100,100,100,100,0,0,44405.4,44405.4,46266.0,73877.40000000001,nan,nan,nan
D3-r1-test,results/d3_formal/raw_r1/test/boot_02/batch_20260918T102714.869688Z_3eb40f57.json.gz,20260918T102714.869688Z_3eb40f57,211c7cc0-8d01-45f6-9085-de70dd8b239f,rootkit,memory,100,100,100,100,0,0,44463.3,44463.3,46570.0,95074.10000000025,nan,nan,nan
D3-r1-test,results/d3_formal/raw_r1/test/boot_02/batch_20260918T102723.002188Z_407c5cd4.json.gz,20260918T102723.002188Z_407c5cd4,211c7cc0-8d01-45f6-9085-de70dd8b239f,rootkit,memory,100,100,100,100,0,0,44258.7,44258.7,46287.0,92183.40000000007,nan,nan,nan
D3-r1-test,results/d3_formal/raw_r1/test/boot_02/batch_20260918T102731.080691Z_e80b6186.json.gz,20260918T102731.080691Z_e80b6186,211c7cc0-8d01-45f6-9085-de70dd8b239f,rootkit,memory,100,100,100,100,0,0,44289.5,44289.5,46539.5,89179.20000000004,nan,nan,nan
D3-r1-test,results/d3_formal/raw_r1/test/boot_02/batch_20260918T102739.171343Z_cef942e5.json.gz,20260918T102739.171343Z_cef942e5,211c7cc0-8d01-45f6-9085-de70dd8b239f,rootkit,memory,100,100,100,100,0,0,43661.1,43661.1,46040.5,80617.00000000001,nan,nan,nan
D3-r1-test,results/d3_formal/raw_r1/test/boot_02/batch_20260918T102747.254718Z_a1c2872a.json.gz,20260918T102747.254718Z_a1c2872a,211c7cc0-8d01-45f6-9085-de70dd8b239f,rootkit,memory,100,100,100,100,0,0,43913.1,43913.1,46482.5,124544.40000000001,nan,nan,nan
D3-r1-test,results/d3_formal/raw_r1/test/boot_02/batch_20260918T102755.324470Z_2599893e.json.gz,20260918T102755.324470Z_2599893e,211c7cc0-8d01-45f6-9085-de70dd8b239f,rootkit,memory,100,100,100,100,0,0,44354.1,44354.1,46377.0,78801.00000000004,nan,nan,nan
D3-r1-test,results/d3_formal/raw_r1/test/boot_03/batch_20260918T102829.677769Z_f013da20.json.gz,20260918T102829.677769Z_f013da20,0b20a343-e0ef-4420-8d59-14f7f32c45ae,rootkit,mixed,100,100,100,100,0,0,46269.9,46269.9,61097.0,94375.20000000001,nan,nan,nan
D3-r1-test,results/d3_formal/raw_r1/test/boot_03/batch_20260918T102843.500983Z_8d2fa910.json.gz,20260918T102843.500983Z_8d2fa910,0b20a343-e0ef-4420-8d59-14f7f32c45ae,rootkit,mixed,100,100,100,100,0,0,45924.9,45924.9,65512.0,97665.30000000002,nan,nan,nan
D3-r1-test,results/d3_formal/raw_r1/test/boot_03/batch_20260918T102857.415527Z_f45d6609.json.gz,20260918T102857.415527Z_f45d6609,0b20a343-e0ef-4420-8d59-14f7f32c45ae,rootkit,mixed,100,100,100,100,0,0,45806.8,45806.8,66466.5,111910.20000000007,nan,nan,nan
D3-r1-test,results/d3_formal/raw_r1/test/boot_03/batch_20260918T102911.217732Z_19c0b566.json.gz,20260918T102911.217732Z_19c0b566,0b20a343-e0ef-4420-8d59-14f7f32c45ae,rootkit,mixed,100,100,100,100,0,0,46189.7,46189.7,68464.0,86305.5,nan,nan,nan
D3-r1-test,results/d3_formal/raw_r1/test/boot_03/batch_20260918T102925.073457Z_6cb9d3ca.json.gz,20260918T102925.073457Z_6cb9d3ca,0b20a343-e0ef-4420-8d59-14f7f32c45ae,rootkit,mixed,100,100,100,100,0,0,46264.3,46264.3,59332.5,97959.30000000002,nan,nan,nan
D3-r1-test,results/d3_formal/raw_r1/test/boot_03/batch_20260918T102938.817776Z_2b4d8abc.json.gz,20260918T102938.817776Z_2b4d8abc,0b20a343-e0ef-4420-8d59-14f7f32c45ae,rootkit,mixed,100,100,100,100,0,0,44682.1,44682.1,50947.5,82807.8,nan,nan,nan
D3-r1-test,results/d3_formal/raw_r1/test/boot_03/batch_20260918T102953.977837Z_dfbf59e1.json.gz,20260918T102953.977837Z_dfbf59e1,0b20a343-e0ef-4420-8d59-14f7f32c45ae,rootkit,mixed,100,100,100,100,0,0,59725.9,59725.9,71271.0,96687.0,nan,nan,nan
D3-r1-test,results/d3_formal/raw_r1/test/boot_03/batch_20260918T103008.994712Z_c398ec47.json.gz,20260918T103008.994712Z_c398ec47,0b20a343-e0ef-4420-8d59-14f7f32c45ae,rootkit,mixed,100,100,100,100,0,0,58816.9,58816.9,68894.0,102392.60000000003,nan,nan,nan
D3-r1-test,results/d3_formal/raw_r1/test/boot_03/batch_20260918T103024.238832Z_df26ee00.json.gz,20260918T103024.238832Z_df26ee00,0b20a343-e0ef-4420-8d59-14f7f32c45ae,rootkit,mixed,100,100,100,100,0,0,51382.1,51382.1,69008.5,103658.50000000001,nan,nan,nan
D3-r1-test,results/d3_formal/raw_r1/test/boot_03/batch_20260918T103039.100821Z_1db54934.json.gz,20260918T103039.100821Z_1db54934,0b20a343-e0ef-4420-8d59-14f7f32c45ae,rootkit,mixed,100,100,100,100,0,0,47102.6,47102.6,64752.5,104416.20000000006,nan,nan,nan
D3-r1-test,results/d3_formal/raw_r1/test/boot_03/batch_20260918T103053.972723Z_a90bdfa8.json.gz,20260918T103053.972723Z_a90bdfa8,0b20a343-e0ef-4420-8d59-14f7f32c45ae,rootkit,mixed,100,100,100,100,0,0,47314.9,47314.9,70023.5,94522.1,nan,nan,nan
D3-r1-test,results/d3_formal/raw_r1/test/boot_03/batch_20260918T103108.799471Z_dac164be.json.gz,20260918T103108.799471Z_dac164be,0b20a343-e0ef-4420-8d59-14f7f32c45ae,rootkit,mixed,100,100,100,100,0,0,47263.6,47263.6,68804.0,102269.40000000001,nan,nan,nan
D3-r1-test,results/d3_formal/raw_r1/test/boot_03/batch_20260918T103123.719546Z_f0e040ed.json.gz,20260918T103123.719546Z_f0e040ed,0b20a343-e0ef-4420-8d59-14f7f32c45ae,rootkit,mixed,100,100,100,100,0,0,47177.3,47177.3,69661.5,132702.6000000002,nan,nan,nan
D3-r1-test,results/d3_formal/raw_r1/test/boot_03/batch_20260918T103138.259631Z_bbb79ae5.json.gz,20260918T103138.259631Z_bbb79ae5,0b20a343-e0ef-4420-8d59-14f7f32c45ae,rootkit,mixed,100,100,100,100,0,0,45355.4,45355.4,66564.0,85647.0,nan,nan,nan
D3-r1-test,results/d3_formal/raw_r1/test/boot_03/batch_20260918T103152.709748Z_48db66b9.json.gz,20260918T103152.709748Z_48db66b9,0b20a343-e0ef-4420-8d59-14f7f32c45ae,rootkit,mixed,100,100,100,100,0,0,45866.2,45866.2,66880.0,110203.60000000012,nan,nan,nan
D3-r1-test,results/d3_formal/raw_r1/test/boot_03/batch_20260918T103207.066675Z_5e3fa75d.json.gz,20260918T103207.066675Z_5e3fa75d,0b20a343-e0ef-4420-8d59-14f7f32c45ae,rootkit,mixed,100,100,100,100,0,0,46188.4,46188.4,66009.0,102147.90000000004,nan,nan,nan
D3-r1-test,results/d3_formal/raw_r1/test/boot_03/batch_20260918T103221.354432Z_2c230da0.json.gz,20260918T103221.354432Z_2c230da0,0b20a343-e0ef-4420-8d59-14f7f32c45ae,rootkit,mixed,100,100,100,100,0,0,46285.3,46285.3,66243.0,87428.70000000001,nan,nan,nan
D3-r1-test,results/d3_formal/raw_r1/test/boot_03/batch_20260918T103235.473861Z_eacdb5f2.json.gz,20260918T103235.473861Z_eacdb5f2,0b20a343-e0ef-4420-8d59-14f7f32c45ae,rootkit,mixed,100,100,100,100,0,0,46165.7,46165.7,53839.5,81762.20000000001,nan,nan,nan
D3-r1-test,results/d3_formal/raw_r1/test/boot_03/batch_20260918T103249.747673Z_8bb726d9.json.gz,20260918T103249.747673Z_8bb726d9,0b20a343-e0ef-4420-8d59-14f7f32c45ae,rootkit,mixed,100,100,100,100,0,0,46126.7,46126.7,60033.5,130279.10000000003,nan,nan,nan
D3-r1-test,results/d3_formal/raw_r1/test/boot_03/batch_20260918T103304.200750Z_7e195b10.json.gz,20260918T103304.200750Z_7e195b10,0b20a343-e0ef-4420-8d59-14f7f32c45ae,rootkit,mixed,100,100,100,100,0,0,46683.9,46683.9,67115.0,138172.5000000001,nan,nan,nan
D3-r1-test,results/d3_formal/raw_r1/test/boot_03/batch_20260918T103318.793393Z_0118248e.json.gz,20260918T103318.793393Z_0118248e,0b20a343-e0ef-4420-8d59-14f7f32c45ae,rootkit,mixed,100,100,100,100,0,0,48239.8,48239.8,70220.5,104343.00000000006,nan,nan,nan
D3-r1-test,results/d3_formal/raw_r1/test/boot_03/batch_20260918T103333.139646Z_1b27c28f.json.gz,20260918T103333.139646Z_1b27c28f,0b20a343-e0ef-4420-8d59-14f7f32c45ae,rootkit,mixed,100,100,100,100,0,0,47185.9,47185.9,67784.5,124532.10000000033,nan,nan,nan
D3-r1-test,results/d3_formal/raw_r1/test/boot_03/batch_20260918T103347.568569Z_6e4e8eff.json.gz,20260918T103347.568569Z_6e4e8eff,0b20a343-e0ef-4420-8d59-14f7f32c45ae,rootkit,mixed,100,100,100,100,0,0,45816.9,45816.9,63280.5,94933.10000000002,nan,nan,nan
D3-r1-test,results/d3_formal/raw_r1/test/boot_03/batch_20260918T103402.033838Z_be38de83.json.gz,20260918T103402.033838Z_be38de83,0b20a343-e0ef-4420-8d59-14f7f32c45ae,rootkit,mixed,100,100,100,100,0,0,46517.7,46517.7,62064.0,92445.00000000001,nan,nan,nan
D3-r1-test,results/d3_formal/raw_r1/test/boot_03/batch_20260918T103416.547773Z_fa37aee4.json.gz,20260918T103416.547773Z_fa37aee4,0b20a343-e0ef-4420-8d59-14f7f32c45ae,rootkit,mixed,100,100,100,100,0,0,45276.3,45276.3,52344.0,99495.60000000008,nan,nan,nan
D3-r1-test,results/d3_formal/raw_r1/test/boot_03/batch_20260918T103431.110163Z_b4add7ae.json.gz,20260918T103431.110163Z_b4add7ae,0b20a343-e0ef-4420-8d59-14f7f32c45ae,rootkit,mixed,100,100,100,100,0,0,45588.6,45588.6,60721.5,90265.90000000002,nan,nan,nan
D3-r1-test,results/d3_formal/raw_r1/test/boot_03/batch_20260918T103445.866707Z_14cb2608.json.gz,20260918T103445.866707Z_14cb2608,0b20a343-e0ef-4420-8d59-14f7f32c45ae,rootkit,mixed,100,100,100,100,0,0,47527.4,47527.4,68312.5,121583.60000000006,nan,nan,nan
D3-r1-test,results/d3_formal/raw_r1/test/boot_03/batch_20260918T103500.900552Z_ab11dc66.json.gz,20260918T103500.900552Z_ab11dc66,0b20a343-e0ef-4420-8d59-14f7f32c45ae,rootkit,mixed,100,100,100,100,0,0,47036.7,47036.7,63311.5,107336.40000000002,nan,nan,nan
D3-r1-test,results/d3_formal/raw_r1/test/boot_03/batch_20260918T103515.439926Z_d2d3216a.json.gz,20260918T103515.439926Z_d2d3216a,0b20a343-e0ef-4420-8d59-14f7f32c45ae,rootkit,mixed,100,100,100,100,0,0,46397.8,46397.8,53974.0,92721.40000000001,nan,nan,nan
D3-r1-test,results/d3_formal/raw_r1/test/boot_03/batch_20260918T103530.051589Z_8dac6b3e.json.gz,20260918T103530.051589Z_8dac6b3e,0b20a343-e0ef-4420-8d59-14f7f32c45ae,rootkit,mixed,100,100,100,100,0,0,45440.0,45440.0,61260.5,101568.10000000025,nan,nan,nan
D3-r1-test,results/d3_formal/raw_r1/test/boot_03/batch_20260918T103537.274720Z_9777df13.json.gz,20260918T103537.274720Z_9777df13,0b20a343-e0ef-4420-8d59-14f7f32c45ae,rootkit,baseline,100,100,100,100,0,0,45021.0,45021.0,47107.0,78867.50000000003,nan,nan,nan
D3-r1-test,results/d3_formal/raw_r1/test/boot_03/batch_20260918T103544.451748Z_9f858d40.json.gz,20260918T103544.451748Z_9f858d40,0b20a343-e0ef-4420-8d59-14f7f32c45ae,rootkit,baseline,100,100,100,100,0,0,44510.4,44510.4,46408.0,80632.00000000001,nan,nan,nan
D3-r1-test,results/d3_formal/raw_r1/test/boot_03/batch_20260918T103551.544887Z_069e7c98.json.gz,20260918T103551.544887Z_069e7c98,0b20a343-e0ef-4420-8d59-14f7f32c45ae,rootkit,baseline,100,100,100,100,0,0,44048.3,44048.3,45842.5,75648.3,nan,nan,nan
D3-r1-test,results/d3_formal/raw_r1/test/boot_03/batch_20260918T103558.780244Z_5caf8e47.json.gz,20260918T103558.780244Z_5caf8e47,0b20a343-e0ef-4420-8d59-14f7f32c45ae,rootkit,baseline,100,100,100,100,0,0,44445.6,44445.6,46006.0,73640.3,nan,nan,nan
D3-r1-test,results/d3_formal/raw_r1/test/boot_03/batch_20260918T103605.842000Z_686273a9.json.gz,20260918T103605.842000Z_686273a9,0b20a343-e0ef-4420-8d59-14f7f32c45ae,rootkit,baseline,100,100,100,100,0,0,43990.3,43990.3,46095.0,74998.2,nan,nan,nan
D3-r1-test,results/d3_formal/raw_r1/test/boot_03/batch_20260918T103612.956010Z_fcbc3c9a.json.gz,20260918T103612.956010Z_fcbc3c9a,0b20a343-e0ef-4420-8d59-14f7f32c45ae,rootkit,baseline,100,100,100,100,0,0,44276.7,44276.7,46379.0,88949.80000000003,nan,nan,nan
D3-r1-test,results/d3_formal/raw_r1/test/boot_03/batch_20260918T103620.087885Z_0e883517.json.gz,20260918T103620.087885Z_0e883517,0b20a343-e0ef-4420-8d59-14f7f32c45ae,rootkit,baseline,100,100,100,100,0,0,44578.3,44578.3,46318.0,85390.30000000002,nan,nan,nan
D3-r1-test,results/d3_formal/raw_r1/test/boot_03/batch_20260918T103630.223571Z_f06a1a28.json.gz,20260918T103630.223571Z_f06a1a28,0b20a343-e0ef-4420-8d59-14f7f32c45ae,rootkit,baseline,100,100,100,100,0,0,54197.8,54197.8,71955.0,114063.60000000005,nan,nan,nan
D3-r1-test,results/d3_formal/raw_r1/test/boot_03/batch_20260918T103639.044840Z_e3848156.json.gz,20260918T103639.044840Z_e3848156,0b20a343-e0ef-4420-8d59-14f7f32c45ae,rootkit,baseline,100,100,100,100,0,0,45447.0,45447.0,69903.5,118642.1,nan,nan,nan
D3-r1-test,results/d3_formal/raw_r1/test/boot_03/batch_20260918T103647.896942Z_d17f14c5.json.gz,20260918T103647.896942Z_d17f14c5,0b20a343-e0ef-4420-8d59-14f7f32c45ae,rootkit,baseline,100,100,100,100,0,0,46352.4,46352.4,65299.0,116023.20000000001,nan,nan,nan
D3-r1-test,results/d3_formal/raw_r1/test/boot_03/batch_20260918T103657.131286Z_9236b6aa.json.gz,20260918T103657.131286Z_9236b6aa,0b20a343-e0ef-4420-8d59-14f7f32c45ae,rootkit,baseline,100,100,100,100,0,0,46562.3,46562.3,66107.5,116967.60000000006,nan,nan,nan
D3-r1-test,results/d3_formal/raw_r1/test/boot_03/batch_20260918T103705.994581Z_95d98351.json.gz,20260918T103705.994581Z_95d98351,0b20a343-e0ef-4420-8d59-14f7f32c45ae,rootkit,baseline,100,100,100,100,0,0,56229.0,56229.0,74941.0,123202.40000000004,nan,nan,nan
D3-r1-test,results/d3_formal/raw_r1/test/boot_03/batch_20260918T103715.114385Z_eb5ee990.json.gz,20260918T103715.114385Z_eb5ee990,0b20a343-e0ef-4420-8d59-14f7f32c45ae,rootkit,baseline,100,100,100,100,0,0,47507.2,47507.2,73999.0,124849.60000000008,nan,nan,nan
D3-r1-test,results/d3_formal/raw_r1/test/boot_03/batch_20260918T103723.924039Z_1eca8a67.json.gz,20260918T103723.924039Z_1eca8a67,0b20a343-e0ef-4420-8d59-14f7f32c45ae,rootkit,baseline,100,100,100,100,0,0,45621.2,45621.2,69093.5,134754.5,nan,nan,nan
D3-r1-test,results/d3_formal/raw_r1/test/boot_03/batch_20260918T103732.664384Z_4ec6e671.json.gz,20260918T103732.664384Z_4ec6e671,0b20a343-e0ef-4420-8d59-14f7f32c45ae,rootkit,baseline,100,100,100,100,0,0,45406.9,45406.9,71682.5,115276.70000000003,nan,nan,nan
D3-r1-test,results/d3_formal/raw_r1/test/boot_03/batch_20260918T103741.336608Z_4b271bc3.json.gz,20260918T103741.336608Z_4b271bc3,0b20a343-e0ef-4420-8d59-14f7f32c45ae,rootkit,baseline,100,100,100,100,0,0,54680.9,54680.9,77284.5,127218.7,nan,nan,nan
D3-r1-test,results/d3_formal/raw_r1/test/boot_03/batch_20260918T103750.320301Z_180e7526.json.gz,20260918T103750.320301Z_180e7526,0b20a343-e0ef-4420-8d59-14f7f32c45ae,rootkit,baseline,100,100,100,100,0,0,50891.6,50891.6,71550.0,125183.7,nan,nan,nan
D3-r1-test,results/d3_formal/raw_r1/test/boot_03/batch_20260918T103759.356799Z_792d5136.json.gz,20260918T103759.356799Z_792d5136,0b20a343-e0ef-4420-8d59-14f7f32c45ae,rootkit,baseline,100,100,100,100,0,0,54125.8,54125.8,73182.5,123488.80000000002,nan,nan,nan
D3-r1-test,results/d3_formal/raw_r1/test/boot_03/batch_20260918T103808.038231Z_2a11980c.json.gz,20260918T103808.038231Z_2a11980c,0b20a343-e0ef-4420-8d59-14f7f32c45ae,rootkit,baseline,100,100,100,100,0,0,45243.5,45243.5,65606.5,115533.0,nan,nan,nan
D3-r1-test,results/d3_formal/raw_r1/test/boot_03/batch_20260918T103816.802609Z_af1a80d0.json.gz,20260918T103816.802609Z_af1a80d0,0b20a343-e0ef-4420-8d59-14f7f32c45ae,rootkit,baseline,100,100,100,100,0,0,45883.4,45883.4,72371.5,136900.7,nan,nan,nan
D3-r1-test,results/d3_formal/raw_r1/test/boot_03/batch_20260918T103825.643163Z_b9d7100a.json.gz,20260918T103825.643163Z_b9d7100a,0b20a343-e0ef-4420-8d59-14f7f32c45ae,rootkit,baseline,100,100,100,100,0,0,48022.4,48022.4,72542.0,133558.1,nan,nan,nan
D3-r1-test,results/d3_formal/raw_r1/test/boot_03/batch_20260918T103834.512293Z_5b7ef812.json.gz,20260918T103834.512293Z_5b7ef812,0b20a343-e0ef-4420-8d59-14f7f32c45ae,rootkit,baseline,100,100,100,100,0,0,47462.4,47462.4,74933.0,133975.7,nan,nan,nan
D3-r1-test,results/d3_formal/raw_r1/test/boot_03/batch_20260918T103843.173549Z_66dbb8de.json.gz,20260918T103843.173549Z_66dbb8de,0b20a343-e0ef-4420-8d59-14f7f32c45ae,rootkit,baseline,100,100,100,100,0,0,45867.2,45867.2,70302.5,110950.6,nan,nan,nan
D3-r1-test,results/d3_formal/raw_r1/test/boot_03/batch_20260918T103851.865851Z_854e5e87.json.gz,20260918T103851.865851Z_854e5e87,0b20a343-e0ef-4420-8d59-14f7f32c45ae,rootkit,baseline,100,100,100,100,0,0,47711.7,47711.7,74462.5,133016.5,nan,nan,nan
D3-r1-test,results/d3_formal/raw_r1/test/boot_03/batch_20260918T103900.672892Z_4facac4d.json.gz,20260918T103900.672892Z_4facac4d,0b20a343-e0ef-4420-8d59-14f7f32c45ae,rootkit,baseline,100,100,100,100,0,0,54514.9,54514.9,72254.0,115790.40000000002,nan,nan,nan
D3-r1-test,results/d3_formal/raw_r1/test/boot_03/batch_20260918T103909.563219Z_388ad8fe.json.gz,20260918T103909.563219Z_388ad8fe,0b20a343-e0ef-4420-8d59-14f7f32c45ae,rootkit,baseline,100,100,100,100,0,0,46714.2,46714.2,71563.0,122673.50000000004,nan,nan,nan
D3-r1-test,results/d3_formal/raw_r1/test/boot_03/batch_20260918T103918.341643Z_74ad97ae.json.gz,20260918T103918.341643Z_74ad97ae,0b20a343-e0ef-4420-8d59-14f7f32c45ae,rootkit,baseline,100,100,100,100,0,0,55940.5,55940.5,74348.5,125695.30000000003,nan,nan,nan
D3-r1-test,results/d3_formal/raw_r1/test/boot_03/batch_20260918T103927.270167Z_297534bf.json.gz,20260918T103927.270167Z_297534bf,0b20a343-e0ef-4420-8d59-14f7f32c45ae,rootkit,baseline,100,100,100,100,0,0,45372.5,45372.5,73544.0,122215.20000000003,nan,nan,nan
D3-r1-test,results/d3_formal/raw_r1/test/boot_03/batch_20260918T103936.198772Z_47b8d825.json.gz,20260918T103936.198772Z_47b8d825,0b20a343-e0ef-4420-8d59-14f7f32c45ae,rootkit,baseline,100,100,100,100,0,0,45129.8,45129.8,67346.5,113262.50000000003,nan,nan,nan
D3-r1-test,results/d3_formal/raw_r1/test/boot_03/batch_20260918T103944.993370Z_7379d006.json.gz,20260918T103944.993370Z_7379d006,0b20a343-e0ef-4420-8d59-14f7f32c45ae,rootkit,baseline,100,100,100,100,0,0,52575.200000000004,52575.200000000004,74625.0,130746.50000000001,nan,nan,nan
D3-r1-test,results/d3_formal/raw_r1/test/boot_03/batch_20260918T103954.824911Z_b5219948.json.gz,20260918T103954.824911Z_b5219948,0b20a343-e0ef-4420-8d59-14f7f32c45ae,rootkit,memory,100,100,100,100,0,0,51705.700000000004,51705.700000000004,63458.0,112383.40000000001,nan,nan,nan
D3-r1-test,results/d3_formal/raw_r1/test/boot_03/batch_20260918T104004.695454Z_52eac600.json.gz,20260918T104004.695454Z_52eac600,0b20a343-e0ef-4420-8d59-14f7f32c45ae,rootkit,memory,100,100,100,100,0,0,57745.3,57745.3,70332.0,146924.6,nan,nan,nan
D3-r1-test,results/d3_formal/raw_r1/test/boot_03/batch_20260918T104014.651934Z_9f85cd2a.json.gz,20260918T104014.651934Z_9f85cd2a,0b20a343-e0ef-4420-8d59-14f7f32c45ae,rootkit,memory,100,100,100,100,0,0,57096.4,57096.4,67526.0,118112.8,nan,nan,nan
D3-r1-test,results/d3_formal/raw_r1/test/boot_03/batch_20260918T104025.534620Z_4b9c6acb.json.gz,20260918T104025.534620Z_4b9c6acb,0b20a343-e0ef-4420-8d59-14f7f32c45ae,rootkit,memory,100,100,100,100,0,0,46228.9,46228.9,80541.0,148219.50000000003,nan,nan,nan
D3-r1-test,results/d3_formal/raw_r1/test/boot_03/batch_20260918T104035.392487Z_70519f40.json.gz,20260918T104035.392487Z_70519f40,0b20a343-e0ef-4420-8d59-14f7f32c45ae,rootkit,memory,100,100,100,100,0,0,48435.3,48435.3,69689.5,127948.60000000005,nan,nan,nan
D3-r1-test,results/d3_formal/raw_r1/test/boot_03/batch_20260918T104045.385237Z_183faca7.json.gz,20260918T104045.385237Z_183faca7,0b20a343-e0ef-4420-8d59-14f7f32c45ae,rootkit,memory,100,100,100,100,0,0,54462.9,54462.9,76516.0,124049.50000000006,nan,nan,nan
D3-r1-test,results/d3_formal/raw_r1/test/boot_03/batch_20260918T104055.289770Z_624bd841.json.gz,20260918T104055.289770Z_624bd841,0b20a343-e0ef-4420-8d59-14f7f32c45ae,rootkit,memory,100,100,100,100,0,0,45176.3,45176.3,62168.0,120790.2,nan,nan,nan
D3-r1-test,results/d3_formal/raw_r1/test/boot_03/batch_20260918T104105.092446Z_1967fbb6.json.gz,20260918T104105.092446Z_1967fbb6,0b20a343-e0ef-4420-8d59-14f7f32c45ae,rootkit,memory,100,100,100,100,0,0,57303.8,57303.8,77270.5,121036.20000000003,nan,nan,nan
D3-r1-test,results/d3_formal/raw_r1/test/boot_03/batch_20260918T104115.057834Z_52c05386.json.gz,20260918T104115.057834Z_52c05386,0b20a343-e0ef-4420-8d59-14f7f32c45ae,rootkit,memory,100,100,100,100,0,0,45771.1,45771.1,63441.5,108384.00000000003,nan,nan,nan
D3-r1-test,results/d3_formal/raw_r1/test/boot_03/batch_20260918T104124.987585Z_d527dcdb.json.gz,20260918T104124.987585Z_d527dcdb,0b20a343-e0ef-4420-8d59-14f7f32c45ae,rootkit,memory,100,100,100,100,0,0,48504.7,48504.7,64162.0,122634.6,nan,nan,nan
D3-r1-test,results/d3_formal/raw_r1/test/boot_03/batch_20260918T104134.936173Z_445284ae.json.gz,20260918T104134.936173Z_445284ae,0b20a343-e0ef-4420-8d59-14f7f32c45ae,rootkit,memory,100,100,100,100,0,0,56664.9,56664.9,91388.5,141983.70000000007,nan,nan,nan
D3-r1-test,results/d3_formal/raw_r1/test/boot_03/batch_20260918T104144.741800Z_41bff3ec.json.gz,20260918T104144.741800Z_41bff3ec,0b20a343-e0ef-4420-8d59-14f7f32c45ae,rootkit,memory,100,100,100,100,0,0,53473.3,53473.3,80739.0,114818.40000000007,nan,nan,nan
D3-r1-test,results/d3_formal/raw_r1/test/boot_03/batch_20260918T104154.820063Z_3f48330a.json.gz,20260918T104154.820063Z_3f48330a,0b20a343-e0ef-4420-8d59-14f7f32c45ae,rootkit,memory,100,100,100,100,0,0,57505.7,57505.7,64889.0,116677.40000000004,nan,nan,nan
D3-r1-test,results/d3_formal/raw_r1/test/boot_03/batch_20260918T104205.359595Z_02899e4c.json.gz,20260918T104205.359595Z_02899e4c,0b20a343-e0ef-4420-8d59-14f7f32c45ae,rootkit,memory,100,100,100,100,0,0,46440.8,46440.8,89293.0,134128.90000000002,nan,nan,nan
D3-r1-test,results/d3_formal/raw_r1/test/boot_03/batch_20260918T104215.410343Z_2616db82.json.gz,20260918T104215.410343Z_2616db82,0b20a343-e0ef-4420-8d59-14f7f32c45ae,rootkit,memory,100,100,100,100,0,0,56695.4,56695.4,75410.5,130015.50000000013,nan,nan,nan
D3-r1-test,results/d3_formal/raw_r1/test/boot_03/batch_20260918T104225.273969Z_d990f6ad.json.gz,20260918T104225.273969Z_d990f6ad,0b20a343-e0ef-4420-8d59-14f7f32c45ae,rootkit,memory,100,100,100,100,0,0,56667.0,56667.0,65931.5,117018.80000000002,nan,nan,nan
D3-r1-test,results/d3_formal/raw_r1/test/boot_03/batch_20260918T104235.240427Z_56a60d3a.json.gz,20260918T104235.240427Z_56a60d3a,0b20a343-e0ef-4420-8d59-14f7f32c45ae,rootkit,memory,100,100,100,100,0,0,57656.6,57656.6,79721.0,132862.4000000001,nan,nan,nan
D3-r1-test,results/d3_formal/raw_r1/test/boot_03/batch_20260918T104245.263333Z_674b3180.json.gz,20260918T104245.263333Z_674b3180,0b20a343-e0ef-4420-8d59-14f7f32c45ae,rootkit,memory,100,100,100,100,0,0,45947.5,45947.5,90216.0,127125.10000000003,nan,nan,nan
D3-r1-test,results/d3_formal/raw_r1/test/boot_03/batch_20260918T104255.119000Z_be99c2cc.json.gz,20260918T104255.119000Z_be99c2cc,0b20a343-e0ef-4420-8d59-14f7f32c45ae,rootkit,memory,100,100,100,100,0,0,57185.9,57185.9,64982.5,108727.00000000001,nan,nan,nan
D3-r1-test,results/d3_formal/raw_r1/test/boot_03/batch_20260918T104304.842144Z_f5483530.json.gz,20260918T104304.842144Z_f5483530,0b20a343-e0ef-4420-8d59-14f7f32c45ae,rootkit,memory,100,100,100,100,0,0,45283.1,45283.1,65561.0,119290.70000000004,nan,nan,nan
D3-r1-test,results/d3_formal/raw_r1/test/boot_03/batch_20260918T104314.683275Z_a626c7e5.json.gz,20260918T104314.683275Z_a626c7e5,0b20a343-e0ef-4420-8d59-14f7f32c45ae,rootkit,memory,100,100,100,100,0,0,57227.0,57227.0,67786.0,111585.10000000003,nan,nan,nan
D3-r1-test,results/d3_formal/raw_r1/test/boot_03/batch_20260918T104324.606480Z_a2c0e7c4.json.gz,20260918T104324.606480Z_a2c0e7c4,0b20a343-e0ef-4420-8d59-14f7f32c45ae,rootkit,memory,100,100,100,100,0,0,53973.4,53973.4,66328.0,118981.20000000001,nan,nan,nan
D3-r1-test,results/d3_formal/raw_r1/test/boot_03/batch_20260918T104334.511273Z_234d8552.json.gz,20260918T104334.511273Z_234d8552,0b20a343-e0ef-4420-8d59-14f7f32c45ae,rootkit,memory,100,100,100,100,0,0,55204.9,55204.9,65564.0,120734.90000000002,nan,nan,nan
D3-r1-test,results/d3_formal/raw_r1/test/boot_03/batch_20260918T104344.229472Z_d256d3dc.json.gz,20260918T104344.229472Z_d256d3dc,0b20a343-e0ef-4420-8d59-14f7f32c45ae,rootkit,memory,100,100,100,100,0,0,55733.1,55733.1,90876.5,124775.70000000001,nan,nan,nan
D3-r1-test,results/d3_formal/raw_r1/test/boot_03/batch_20260918T104354.099211Z_636dba36.json.gz,20260918T104354.099211Z_636dba36,0b20a343-e0ef-4420-8d59-14f7f32c45ae,rootkit,memory,100,100,100,100,0,0,49215.1,49215.1,87158.5,147161.7,nan,nan,nan
D3-r1-test,results/d3_formal/raw_r1/test/boot_03/batch_20260918T104403.984430Z_8084984d.json.gz,20260918T104403.984430Z_8084984d,0b20a343-e0ef-4420-8d59-14f7f32c45ae,rootkit,memory,100,100,100,100,0,0,48544.200000000004,48544.200000000004,65558.5,123203.30000000005,nan,nan,nan
D3-r1-test,results/d3_formal/raw_r1/test/boot_03/batch_20260918T104413.758232Z_02af4542.json.gz,20260918T104413.758232Z_02af4542,0b20a343-e0ef-4420-8d59-14f7f32c45ae,rootkit,memory,100,100,100,100,0,0,45243.1,45243.1,64144.0,129135.20000000004,nan,nan,nan
D3-r1-test,results/d3_formal/raw_r1/test/boot_03/batch_20260918T104423.718056Z_a93f0c53.json.gz,20260918T104423.718056Z_a93f0c53,0b20a343-e0ef-4420-8d59-14f7f32c45ae,rootkit,memory,100,100,100,100,0,0,54566.0,54566.0,62540.0,121641.70000000003,nan,nan,nan
D3-r1-test,results/d3_formal/raw_r1/test/boot_03/batch_20260918T104433.541231Z_937c1794.json.gz,20260918T104433.541231Z_937c1794,0b20a343-e0ef-4420-8d59-14f7f32c45ae,rootkit,memory,100,100,100,100,0,0,57400.1,57400.1,75669.0,125872.50000000001,nan,nan,nan
D3-r1-test,results/d3_formal/raw_r1/test/boot_03/batch_20260918T104443.401989Z_4189c54b.json.gz,20260918T104443.401989Z_4189c54b,0b20a343-e0ef-4420-8d59-14f7f32c45ae,rootkit,memory,100,100,100,100,0,0,55857.6,55857.6,73682.0,115255.60000000003,nan,nan,nan
D3-r1-test,results/d3_formal/raw_r1/test/boot_03/batch_20260918T104459.167250Z_fe246da3.json.gz,20260918T104459.167250Z_fe246da3,0b20a343-e0ef-4420-8d59-14f7f32c45ae,rootkit,cpu,100,100,100,100,0,0,56054.9,56054.9,68851.5,95299.80000000006,nan,nan,nan
D3-r1-test,results/d3_formal/raw_r1/test/boot_03/batch_20260918T104514.852271Z_e99191d1.json.gz,20260918T104514.852271Z_e99191d1,0b20a343-e0ef-4420-8d59-14f7f32c45ae,rootkit,cpu,100,100,100,100,0,0,58083.6,58083.6,67269.5,91058.00000000001,nan,nan,nan
D3-r1-test,results/d3_formal/raw_r1/test/boot_03/batch_20260918T104530.413790Z_4b4106d9.json.gz,20260918T104530.413790Z_4b4106d9,0b20a343-e0ef-4420-8d59-14f7f32c45ae,rootkit,cpu,100,100,100,100,0,0,54319.3,54319.3,68275.5,91300.0,nan,nan,nan
D3-r1-test,results/d3_formal/raw_r1/test/boot_03/batch_20260918T104545.952292Z_630b66b7.json.gz,20260918T104545.952292Z_630b66b7,0b20a343-e0ef-4420-8d59-14f7f32c45ae,rootkit,cpu,100,100,100,100,0,0,57700.1,57700.1,68129.5,117166.40000000011,nan,nan,nan
D3-r1-test,results/d3_formal/raw_r1/test/boot_03/batch_20260918T104601.603069Z_4bc9c7b5.json.gz,20260918T104601.603069Z_4bc9c7b5,0b20a343-e0ef-4420-8d59-14f7f32c45ae,rootkit,cpu,100,100,100,100,0,0,54175.5,54175.5,69657.0,95124.20000000001,nan,nan,nan
D3-r1-test,results/d3_formal/raw_r1/test/boot_03/batch_20260918T104617.529822Z_157e8fde.json.gz,20260918T104617.529822Z_157e8fde,0b20a343-e0ef-4420-8d59-14f7f32c45ae,rootkit,cpu,100,100,100,100,0,0,53197.4,53197.4,69418.0,89955.90000000004,nan,nan,nan
D3-r1-test,results/d3_formal/raw_r1/test/boot_03/batch_20260918T104632.941685Z_08b0e402.json.gz,20260918T104632.941685Z_08b0e402,0b20a343-e0ef-4420-8d59-14f7f32c45ae,rootkit,cpu,100,100,100,100,0,0,52425.0,52425.0,68354.0,89916.5,nan,nan,nan
D3-r1-test,results/d3_formal/raw_r1/test/boot_03/batch_20260918T104648.589628Z_74aa7127.json.gz,20260918T104648.589628Z_74aa7127,0b20a343-e0ef-4420-8d59-14f7f32c45ae,rootkit,cpu,100,100,100,100,0,0,52716.5,52716.5,68688.0,108074.50000000006,nan,nan,nan
D3-r1-test,results/d3_formal/raw_r1/test/boot_03/batch_20260918T104704.422882Z_a6a3e064.json.gz,20260918T104704.422882Z_a6a3e064,0b20a343-e0ef-4420-8d59-14f7f32c45ae,rootkit,cpu,100,100,100,100,0,0,53833.0,53833.0,67470.0,112774.70000000006,nan,nan,nan
D3-r1-test,results/d3_formal/raw_r1/test/boot_03/batch_20260918T104720.216432Z_e0e4a3e9.json.gz,20260918T104720.216432Z_e0e4a3e9,0b20a343-e0ef-4420-8d59-14f7f32c45ae,rootkit,cpu,100,100,100,100,0,0,52648.8,52648.8,67628.0,99602.00000000004,nan,nan,nan
D3-r1-test,results/d3_formal/raw_r1/test/boot_03/batch_20260918T104736.672433Z_e7305d9e.json.gz,20260918T104736.672433Z_e7305d9e,0b20a343-e0ef-4420-8d59-14f7f32c45ae,rootkit,cpu,100,100,100,100,0,0,47393.2,47393.2,66111.5,96515.60000000002,nan,nan,nan
D3-r1-test,results/d3_formal/raw_r1/test/boot_03/batch_20260918T104754.141671Z_bab9b43b.json.gz,20260918T104754.141671Z_bab9b43b,0b20a343-e0ef-4420-8d59-14f7f32c45ae,rootkit,cpu,100,100,100,100,0,0,56704.2,56704.2,66085.5,97551.50000000017,nan,nan,nan
D3-r1-test,results/d3_formal/raw_r1/test/boot_03/batch_20260918T104810.097441Z_e066578a.json.gz,20260918T104810.097441Z_e066578a,0b20a343-e0ef-4420-8d59-14f7f32c45ae,rootkit,cpu,100,100,100,100,0,0,54505.2,54505.2,70132.5,104438.60000000011,nan,nan,nan
D3-r1-test,results/d3_formal/raw_r1/test/boot_03/batch_20260918T104825.989768Z_6b666711.json.gz,20260918T104825.989768Z_6b666711,0b20a343-e0ef-4420-8d59-14f7f32c45ae,rootkit,cpu,100,100,100,100,0,0,58835.5,58835.5,68741.5,111023.00000000006,nan,nan,nan
D3-r1-test,results/d3_formal/raw_r1/test/boot_03/batch_20260918T104841.499530Z_48ecc561.json.gz,20260918T104841.499530Z_48ecc561,0b20a343-e0ef-4420-8d59-14f7f32c45ae,rootkit,cpu,100,100,100,100,0,0,51537.4,51537.4,66439.0,103264.20000000014,nan,nan,nan
D3-r1-test,results/d3_formal/raw_r1/test/boot_03/batch_20260918T104857.032899Z_f14993a4.json.gz,20260918T104857.032899Z_f14993a4,0b20a343-e0ef-4420-8d59-14f7f32c45ae,rootkit,cpu,100,100,100,100,0,0,57454.0,57454.0,69761.5,93877.70000000001,nan,nan,nan
D3-r1-test,results/d3_formal/raw_r1/test/boot_03/batch_20260918T104912.912870Z_5c67fee3.json.gz,20260918T104912.912870Z_5c67fee3,0b20a343-e0ef-4420-8d59-14f7f32c45ae,rootkit,cpu,100,100,100,100,0,0,58766.0,58766.0,69487.5,104755.50000000001,nan,nan,nan
D3-r1-test,results/d3_formal/raw_r1/test/boot_03/batch_20260918T104928.593164Z_f2571b9d.json.gz,20260918T104928.593164Z_f2571b9d,0b20a343-e0ef-4420-8d59-14f7f32c45ae,rootkit,cpu,100,100,100,100,0,0,52874.3,52874.3,68861.5,94229.30000000003,nan,nan,nan
D3-r1-test,results/d3_formal/raw_r1/test/boot_03/batch_20260918T104944.410414Z_5449a529.json.gz,20260918T104944.410414Z_5449a529,0b20a343-e0ef-4420-8d59-14f7f32c45ae,rootkit,cpu,100,100,100,100,0,0,57897.9,57897.9,68778.5,104253.20000000004,nan,nan,nan
D3-r1-test,results/d3_formal/raw_r1/test/boot_03/batch_20260918T105000.027835Z_eca0f640.json.gz,20260918T105000.027835Z_eca0f640,0b20a343-e0ef-4420-8d59-14f7f32c45ae,rootkit,cpu,100,100,100,100,0,0,52960.1,52960.1,68952.0,111266.90000000004,nan,nan,nan
D3-r1-test,results/d3_formal/raw_r1/test/boot_03/batch_20260918T105015.648587Z_5ada7d34.json.gz,20260918T105015.648587Z_5ada7d34,0b20a343-e0ef-4420-8d59-14f7f32c45ae,rootkit,cpu,100,100,100,100,0,0,55663.0,55663.0,69370.0,106788.30000000008,nan,nan,nan
D3-r1-test,results/d3_formal/raw_r1/test/boot_03/batch_20260918T105031.389678Z_69311e97.json.gz,20260918T105031.389678Z_69311e97,0b20a343-e0ef-4420-8d59-14f7f32c45ae,rootkit,cpu,100,100,100,100,0,0,52217.4,52217.4,68323.5,92743.70000000001,nan,nan,nan
D3-r1-test,results/d3_formal/raw_r1/test/boot_03/batch_20260918T105047.509455Z_5d9e4c18.json.gz,20260918T105047.509455Z_5d9e4c18,0b20a343-e0ef-4420-8d59-14f7f32c45ae,rootkit,cpu,100,100,100,100,0,0,57158.9,57158.9,71713.5,137423.50000000006,nan,nan,nan
D3-r1-test,results/d3_formal/raw_r1/test/boot_03/batch_20260918T105103.194383Z_5d90122b.json.gz,20260918T105103.194383Z_5d90122b,0b20a343-e0ef-4420-8d59-14f7f32c45ae,rootkit,cpu,100,100,100,100,0,0,56909.7,56909.7,68358.5,98782.40000000001,nan,nan,nan
D3-r1-test,results/d3_formal/raw_r1/test/boot_03/batch_20260918T105119.002136Z_f43e91ea.json.gz,20260918T105119.002136Z_f43e91ea,0b20a343-e0ef-4420-8d59-14f7f32c45ae,rootkit,cpu,100,100,100,100,0,0,51830.1,51830.1,69207.5,118827.30000000008,nan,nan,nan
D3-r1-test,results/d3_formal/raw_r1/test/boot_03/batch_20260918T105134.700594Z_5f2fcfee.json.gz,20260918T105134.700594Z_5f2fcfee,0b20a343-e0ef-4420-8d59-14f7f32c45ae,rootkit,cpu,100,100,100,100,0,0,50964.5,50964.5,68045.0,107872.40000000004,nan,nan,nan
D3-r1-test,results/d3_formal/raw_r1/test/boot_03/batch_20260918T105150.350407Z_d83a787a.json.gz,20260918T105150.350407Z_d83a787a,0b20a343-e0ef-4420-8d59-14f7f32c45ae,rootkit,cpu,100,100,100,100,0,0,51128.9,51128.9,69456.5,120071.0,nan,nan,nan
D3-r1-test,results/d3_formal/raw_r1/test/boot_03/batch_20260918T105206.171418Z_4dba0e91.json.gz,20260918T105206.171418Z_4dba0e91,0b20a343-e0ef-4420-8d59-14f7f32c45ae,rootkit,cpu,100,100,100,100,0,0,51819.0,51819.0,67632.0,94595.3,nan,nan,nan
D3-r1-test,results/d3_formal/raw_r1/test/boot_03/batch_20260918T105221.880076Z_a5cec208.json.gz,20260918T105221.880076Z_a5cec208,0b20a343-e0ef-4420-8d59-14f7f32c45ae,rootkit,cpu,100,100,100,100,0,0,51461.700000000004,51461.700000000004,68764.0,84486.50000000001,nan,nan,nan
D3-r1-test,results/d3_formal/raw_r1/test/boot_03/batch_20260918T105237.662913Z_86eb7238.json.gz,20260918T105237.662913Z_86eb7238,0b20a343-e0ef-4420-8d59-14f7f32c45ae,rootkit,cpu,100,100,100,100,0,0,50912.3,50912.3,65695.5,118686.90000000001,nan,nan,nan
D3-r1-test,results/d3_formal/raw_r1/test/boot_03/batch_20260918T105247.173373Z_0dfe1689.json.gz,20260918T105247.173373Z_0dfe1689,0b20a343-e0ef-4420-8d59-14f7f32c45ae,normal,baseline,100,200,100,0,100,0,14909.9,110460.7,165848.5,238288.10000000003,14571.2,19990.5,23327.000000000004
D3-r1-test,results/d3_formal/raw_r1/test/boot_03/batch_20260918T105256.297537Z_aa4836ca.json.gz,20260918T105256.297537Z_aa4836ca,0b20a343-e0ef-4420-8d59-14f7f32c45ae,normal,baseline,100,200,100,0,100,0,15197.3,124845.7,168336.0,239042.60000000003,14897.9,21373.5,30821.700000000015
D3-r1-test,results/d3_formal/raw_r1/test/boot_03/batch_20260918T105305.418943Z_054ed1c1.json.gz,20260918T105305.418943Z_054ed1c1,0b20a343-e0ef-4420-8d59-14f7f32c45ae,normal,baseline,100,200,100,0,100,0,14827.5,116578.6,164034.5,226636.4,14630.5,19646.5,23145.1
D3-r1-test,results/d3_formal/raw_r1/test/boot_03/batch_20260918T105314.248442Z_80d11ac1.json.gz,20260918T105314.248442Z_80d11ac1,0b20a343-e0ef-4420-8d59-14f7f32c45ae,normal,baseline,100,200,100,0,100,0,14870.9,123182.2,157582.0,229774.0,14662.0,19145.5,22854.2
D3-r1-test,results/d3_formal/raw_r1/test/boot_03/batch_20260918T105323.200313Z_20759666.json.gz,20260918T105323.200313Z_20759666,0b20a343-e0ef-4420-8d59-14f7f32c45ae,normal,baseline,100,200,100,0,100,0,14854.9,111631.1,158871.0,218940.00000000003,14639.2,19637.0,22689.200000000004
D3-r1-test,results/d3_formal/raw_r1/test/boot_03/batch_20260918T105332.187213Z_a3d6aa66.json.gz,20260918T105332.187213Z_a3d6aa66,0b20a343-e0ef-4420-8d59-14f7f32c45ae,normal,baseline,100,200,100,0,100,0,15021.8,122969.3,161548.0,219542.40000000002,14727.3,20326.0,22985.5
D3-r1-test,results/d3_formal/raw_r1/test/boot_03/batch_20260918T105341.141692Z_1d1d3e08.json.gz,20260918T105341.141692Z_1d1d3e08,0b20a343-e0ef-4420-8d59-14f7f32c45ae,normal,baseline,100,200,100,0,100,0,14842.7,110767.8,154751.5,212354.80000000005,14714.1,19181.5,22775.4
D3-r1-test,results/d3_formal/raw_r1/test/boot_03/batch_20260918T105350.308602Z_e3a211be.json.gz,20260918T105350.308602Z_e3a211be,0b20a343-e0ef-4420-8d59-14f7f32c45ae,normal,baseline,100,200,100,0,100,0,15256.2,115180.5,162459.5,226441.2,14834.4,20309.5,22904.2
D3-r1-test,results/d3_formal/raw_r1/test/boot_03/batch_20260918T105359.365434Z_0bfbe1d3.json.gz,20260918T105359.365434Z_0bfbe1d3,0b20a343-e0ef-4420-8d59-14f7f32c45ae,normal,baseline,100,200,100,0,100,0,15053.8,118944.6,166443.0,243195.40000000008,14745.7,20390.5,23124.1
D3-r1-test,results/d3_formal/raw_r1/test/boot_03/batch_20260918T105408.265800Z_20b94d69.json.gz,20260918T105408.265800Z_20b94d69,0b20a343-e0ef-4420-8d59-14f7f32c45ae,normal,baseline,100,200,100,0,100,0,15067.9,111600.2,163671.5,214779.80000000002,14670.3,20261.0,23424.5
D3-r1-test,results/d3_formal/raw_r1/test/boot_03/batch_20260918T105417.147614Z_65b406ef.json.gz,20260918T105417.147614Z_65b406ef,0b20a343-e0ef-4420-8d59-14f7f32c45ae,normal,baseline,100,200,100,0,100,0,15072.8,125030.5,165137.0,227131.8,14762.9,20890.5,23314.100000000002
D3-r1-test,results/d3_formal/raw_r1/test/boot_03/batch_20260918T105426.170494Z_d500cc59.json.gz,20260918T105426.170494Z_d500cc59,0b20a343-e0ef-4420-8d59-14f7f32c45ae,normal,baseline,100,200,100,0,100,0,15114.7,128195.6,165785.5,259026.60000000003,14843.1,21360.5,31864.700000000004
D3-r1-test,results/d3_formal/raw_r1/test/boot_03/batch_20260918T105435.125807Z_6b85177e.json.gz,20260918T105435.125807Z_6b85177e,0b20a343-e0ef-4420-8d59-14f7f32c45ae,normal,baseline,100,200,100,0,100,0,15069.4,131789.1,162796.5,211057.70000000007,14829.0,20231.5,23210.1
D3-r1-test,results/d3_formal/raw_r1/test/boot_03/batch_20260918T105444.072555Z_75058741.json.gz,20260918T105444.072555Z_75058741,0b20a343-e0ef-4420-8d59-14f7f32c45ae,normal,baseline,100,200,100,0,100,0,14990.9,111888.4,159675.0,212987.7,14782.9,19370.0,22685.800000000003
D3-r1-test,results/d3_formal/raw_r1/test/boot_03/batch_20260918T105452.907203Z_c6517136.json.gz,20260918T105452.907203Z_c6517136,0b20a343-e0ef-4420-8d59-14f7f32c45ae,normal,baseline,100,200,100,0,100,0,14924.9,113038.9,158502.0,226689.0,14730.7,19842.0,31177.300000000003
D3-r1-test,results/d3_formal/raw_r1/test/boot_03/batch_20260918T105501.854248Z_70f6e2af.json.gz,20260918T105501.854248Z_70f6e2af,0b20a343-e0ef-4420-8d59-14f7f32c45ae,normal,baseline,100,200,100,0,100,0,14856.4,112689.7,159809.0,211102.2,14581.7,19806.5,22739.0
D3-r1-test,results/d3_formal/raw_r1/test/boot_03/batch_20260918T105510.811726Z_c2cfc5ad.json.gz,20260918T105510.811726Z_c2cfc5ad,0b20a343-e0ef-4420-8d59-14f7f32c45ae,normal,baseline,100,200,100,0,100,0,14847.3,110198.1,153788.5,222552.10000000003,14692.2,16259.0,22463.2
D3-r1-test,results/d3_formal/raw_r1/test/boot_03/batch_20260918T105519.968127Z_d55442b0.json.gz,20260918T105519.968127Z_d55442b0,0b20a343-e0ef-4420-8d59-14f7f32c45ae,normal,baseline,100,200,100,0,100,0,15025.4,116518.1,172982.5,221607.6,14843.0,21138.5,25893.800000000065
D3-r1-test,results/d3_formal/raw_r1/test/boot_03/batch_20260918T105528.897377Z_97406ce2.json.gz,20260918T105528.897377Z_97406ce2,0b20a343-e0ef-4420-8d59-14f7f32c45ae,normal,baseline,100,200,100,0,100,0,14677.6,108878.9,154046.0,208856.7,14507.9,17789.5,23315.600000000006
D3-r1-test,results/d3_formal/raw_r1/test/boot_03/batch_20260918T105537.753994Z_ecd6d2d3.json.gz,20260918T105537.753994Z_ecd6d2d3,0b20a343-e0ef-4420-8d59-14f7f32c45ae,normal,baseline,100,200,100,0,100,0,15352.4,134614.4,158992.0,213449.6,14842.6,20305.0,22735.600000000002
D3-r1-test,results/d3_formal/raw_r1/test/boot_03/batch_20260918T105546.266168Z_edf47948.json.gz,20260918T105546.266168Z_edf47948,0b20a343-e0ef-4420-8d59-14f7f32c45ae,normal,baseline,100,200,100,0,100,0,14709.5,108472.0,149656.5,214964.40000000002,14477.8,19570.0,21691.5
D3-r1-test,results/d3_formal/raw_r1/test/boot_03/batch_20260918T105554.720965Z_f5040787.json.gz,20260918T105554.720965Z_f5040787,0b20a343-e0ef-4420-8d59-14f7f32c45ae,normal,baseline,100,200,100,0,100,0,15084.9,109891.4,159955.0,219739.1,14740.7,20529.0,22712.9
D3-r1-test,results/d3_formal/raw_r1/test/boot_03/batch_20260918T105603.411914Z_494e7b99.json.gz,20260918T105603.411914Z_494e7b99,0b20a343-e0ef-4420-8d59-14f7f32c45ae,normal,baseline,100,200,100,0,100,0,14633.8,108299.9,154728.0,195084.40000000002,14490.4,19641.5,22786.8
D3-r1-test,results/d3_formal/raw_r1/test/boot_03/batch_20260918T105611.980770Z_9a38866d.json.gz,20260918T105611.980770Z_9a38866d,0b20a343-e0ef-4420-8d59-14f7f32c45ae,normal,baseline,100,200,100,0,100,0,14744.0,108041.8,144948.5,189066.6,14494.1,18346.5,22593.3
D3-r1-test,results/d3_formal/raw_r1/test/boot_03/batch_20260918T105620.457401Z_0ddb7c9b.json.gz,20260918T105620.457401Z_0ddb7c9b,0b20a343-e0ef-4420-8d59-14f7f32c45ae,normal,baseline,100,200,100,0,100,0,14663.6,107779.3,151334.5,199183.1,14499.9,18608.5,22295.3
D3-r1-test,results/d3_formal/raw_r1/test/boot_03/batch_20260918T105629.025401Z_2be7c440.json.gz,20260918T105629.025401Z_2be7c440,0b20a343-e0ef-4420-8d59-14f7f32c45ae,normal,baseline,100,200,100,0,100,0,14642.6,107437.8,149507.0,208369.6,14498.3,19027.5,22648.4
D3-r1-test,results/d3_formal/raw_r1/test/boot_03/batch_20260918T105637.618507Z_f6113549.json.gz,20260918T105637.618507Z_f6113549,0b20a343-e0ef-4420-8d59-14f7f32c45ae,normal,baseline,100,200,100,0,100,0,14672.1,108661.8,150812.5,220609.80000000002,14512.3,19710.0,22512.100000000002
D3-r1-test,results/d3_formal/raw_r1/test/boot_03/batch_20260918T105646.302556Z_551be69e.json.gz,20260918T105646.302556Z_551be69e,0b20a343-e0ef-4420-8d59-14f7f32c45ae,normal,baseline,100,200,100,0,100,0,18771.0,136639.1,174215.5,229683.30000000008,14744.2,20733.5,45011.90000000001
D3-r1-test,results/d3_formal/raw_r1/test/boot_03/batch_20260918T105655.088182Z_978f2567.json.gz,20260918T105655.088182Z_978f2567,0b20a343-e0ef-4420-8d59-14f7f32c45ae,normal,baseline,100,200,100,0,100,0,14585.7,108032.7,136059.0,193453.50000000003,14404.6,15113.0,22250.9
D3-r1-test,results/d3_formal/raw_r1/test/boot_03/batch_20260918T105703.514302Z_33cfcdd5.json.gz,20260918T105703.514302Z_33cfcdd5,0b20a343-e0ef-4420-8d59-14f7f32c45ae,normal,baseline,100,200,100,0,100,0,14749.8,112453.6,163106.5,221839.60000000003,14559.8,20481.0,22684.2
D3-r1-test,results/d3_formal/raw_r1/test/boot_03/batch_20260918T105718.492012Z_bf7fae2c.json.gz,20260918T105718.492012Z_bf7fae2c,0b20a343-e0ef-4420-8d59-14f7f32c45ae,normal,mixed,100,200,100,0,100,0,16072.2,109809.1,150907.0,189416.30000000008,14600.6,19596.0,22740.000000000004
D3-r1-test,results/d3_formal/raw_r1/test/boot_03/batch_20260918T105733.504925Z_a636946e.json.gz,20260918T105733.504925Z_a636946e,0b20a343-e0ef-4420-8d59-14f7f32c45ae,normal,mixed,100,200,100,0,100,0,16529.3,113256.5,157672.0,201243.30000000002,14751.5,20352.0,26420.800000000007
D3-r1-test,results/d3_formal/raw_r1/test/boot_03/batch_20260918T105748.676988Z_dabc9d6f.json.gz,20260918T105748.676988Z_dabc9d6f,0b20a343-e0ef-4420-8d59-14f7f32c45ae,normal,mixed,100,200,100,0,100,0,15949.400000000001,116821.6,157793.5,199872.90000000002,14556.7,19848.5,25524.500000000004
D3-r1-test,results/d3_formal/raw_r1/test/boot_03/batch_20260918T105803.474795Z_e4b9923a.json.gz,20260918T105803.474795Z_e4b9923a,0b20a343-e0ef-4420-8d59-14f7f32c45ae,normal,mixed,100,200,100,0,100,0,16587.1,114135.2,152332.0,204845.1000000001,14850.0,20358.5,23060.0
D3-r1-test,results/d3_formal/raw_r1/test/boot_03/batch_20260918T105818.340136Z_6665839b.json.gz,20260918T105818.340136Z_6665839b,0b20a343-e0ef-4420-8d59-14f7f32c45ae,normal,mixed,100,200,100,0,100,0,18873.2,118999.3,155525.0,192718.0,15085.4,20730.0,24507.300000000007
D3-r1-test,results/d3_formal/raw_r1/test/boot_03/batch_20260918T105833.315041Z_2bf3efa5.json.gz,20260918T105833.315041Z_2bf3efa5,0b20a343-e0ef-4420-8d59-14f7f32c45ae,normal,mixed,100,200,100,0,100,0,14931.800000000001,110399.3,149119.5,195039.2,14470.9,20194.5,27965.000000000007
D3-r1-test,results/d3_formal/raw_r1/test/boot_03/batch_20260918T105848.241431Z_15f3cd62.json.gz,20260918T105848.241431Z_15f3cd62,0b20a343-e0ef-4420-8d59-14f7f32c45ae,normal,mixed,100,200,100,0,100,0,16194.8,115235.3,158116.0,190642.00000000003,14857.8,20456.5,22837.200000000004
D3-r1-test,results/d3_formal/raw_r1/test/boot_03/batch_20260918T105903.006706Z_3947649b.json.gz,20260918T105903.006706Z_3947649b,0b20a343-e0ef-4420-8d59-14f7f32c45ae,normal,mixed,100,200,100,0,100,0,16186.2,113226.2,153532.5,213825.10000000018,14735.3,20357.5,22585.5
D3-r1-test,results/d3_formal/raw_r1/test/boot_03/batch_20260918T105918.515593Z_6716ae66.json.gz,20260918T105918.515593Z_6716ae66,0b20a343-e0ef-4420-8d59-14f7f32c45ae,normal,mixed,100,200,100,0,100,0,16239.8,122736.0,153220.5,213461.10000000003,15587.3,20066.0,25377.800000000007
D3-r1-test,results/d3_formal/raw_r1/test/boot_03/batch_20260918T105933.370939Z_327638b8.json.gz,20260918T105933.370939Z_327638b8,0b20a343-e0ef-4420-8d59-14f7f32c45ae,normal,mixed,100,200,100,0,100,0,17908.600000000002,117394.3,155555.0,196749.1,15456.800000000001,20817.5,24186.7
D3-r1-test,results/d3_formal/raw_r1/test/boot_03/batch_20260918T105947.913750Z_c67ea24d.json.gz,20260918T105947.913750Z_c67ea24d,0b20a343-e0ef-4420-8d59-14f7f32c45ae,normal,mixed,100,200,100,0,100,0,16557.4,116325.8,153126.5,228626.80000000002,14690.3,20624.5,23144.5
D3-r1-test,results/d3_formal/raw_r1/test/boot_03/batch_20260918T110002.384941Z_f734f2c2.json.gz,20260918T110002.384941Z_f734f2c2,0b20a343-e0ef-4420-8d59-14f7f32c45ae,normal,mixed,100,200,100,0,100,0,15945.9,113991.9,152629.5,193229.40000000002,14763.5,19838.5,22616.5
D3-r1-test,results/d3_formal/raw_r1/test/boot_03/batch_20260918T110017.231942Z_2dbb8eaf.json.gz,20260918T110017.231942Z_2dbb8eaf,0b20a343-e0ef-4420-8d59-14f7f32c45ae,normal,mixed,100,200,100,0,100,0,16893.100000000002,119673.8,154996.0,195508.80000000002,14742.9,20479.0,22606.100000000002
D3-r1-test,results/d3_formal/raw_r1/test/boot_03/batch_20260918T110032.299005Z_42920bb2.json.gz,20260918T110032.299005Z_42920bb2,0b20a343-e0ef-4420-8d59-14f7f32c45ae,normal,mixed,100,200,100,0,100,0,16419.4,113788.2,152054.0,183744.30000000002,14954.6,20052.5,23196.300000000003
D3-r1-test,results/d3_formal/raw_r1/test/boot_03/batch_20260918T110047.033054Z_6b897380.json.gz,20260918T110047.033054Z_6b897380,0b20a343-e0ef-4420-8d59-14f7f32c45ae,normal,mixed,100,200,100,0,100,0,16327.2,112083.1,155530.5,198770.70000000004,14768.7,20340.0,22398.3
D3-r1-test,results/d3_formal/raw_r1/test/boot_03/batch_20260918T110101.869111Z_b29a7229.json.gz,20260918T110101.869111Z_b29a7229,0b20a343-e0ef-4420-8d59-14f7f32c45ae,normal,mixed,100,200,100,0,100,0,15977.200000000003,109743.8,151348.5,199648.9000000001,14583.9,20165.0,22989.100000000002
D3-r1-test,results/d3_formal/raw_r1/test/boot_03/batch_20260918T110116.354779Z_641bb0a5.json.gz,20260918T110116.354779Z_641bb0a5,0b20a343-e0ef-4420-8d59-14f7f32c45ae,normal,mixed,100,200,100,0,100,0,16922.3,116346.1,153019.0,188525.80000000002,15181.6,20661.0,26966.7
D3-r1-test,results/d3_formal/raw_r1/test/boot_03/batch_20260918T110131.257262Z_b60e5da8.json.gz,20260918T110131.257262Z_b60e5da8,0b20a343-e0ef-4420-8d59-14f7f32c45ae,normal,mixed,100,200,100,0,100,0,16919.4,124022.1,154775.5,194936.10000000003,15976.8,20423.5,23469.200000000008
D3-r1-test,results/d3_formal/raw_r1/test/boot_03/batch_20260918T110145.785870Z_d676d2ed.json.gz,20260918T110145.785870Z_d676d2ed,0b20a343-e0ef-4420-8d59-14f7f32c45ae,normal,mixed,100,200,100,0,100,0,18641.0,128522.3,156232.5,189488.80000000002,16253.8,20769.0,23207.300000000003
D3-r1-test,results/d3_formal/raw_r1/test/boot_03/batch_20260918T110200.531909Z_71ddf979.json.gz,20260918T110200.531909Z_71ddf979,0b20a343-e0ef-4420-8d59-14f7f32c45ae,normal,mixed,100,200,100,0,100,0,16462.4,119550.8,151341.5,205161.50000000003,15579.5,19946.0,22637.500000000004
D3-r1-test,results/d3_formal/raw_r1/test/boot_03/batch_20260918T110215.139472Z_fc5dea84.json.gz,20260918T110215.139472Z_fc5dea84,0b20a343-e0ef-4420-8d59-14f7f32c45ae,normal,mixed,100,200,100,0,100,0,16951.2,126116.1,154259.5,190115.70000000007,15682.7,20422.5,23708.20000000002
D3-r1-test,results/d3_formal/raw_r1/test/boot_03/batch_20260918T110229.833808Z_f9a4226a.json.gz,20260918T110229.833808Z_f9a4226a,0b20a343-e0ef-4420-8d59-14f7f32c45ae,normal,mixed,100,200,100,0,100,0,16827.6,120337.40000000001,150770.0,204955.70000000013,15648.5,20418.5,23149.600000000002
D3-r1-test,results/d3_formal/raw_r1/test/boot_03/batch_20260918T110244.532511Z_8c4fbc5a.json.gz,20260918T110244.532511Z_8c4fbc5a,0b20a343-e0ef-4420-8d59-14f7f32c45ae,normal,mixed,100,200,100,0,100,0,16117.1,115713.7,150988.0,195919.9,14796.9,20421.0,23125.300000000003
D3-r1-test,results/d3_formal/raw_r1/test/boot_03/batch_20260918T110259.258925Z_0831d7ad.json.gz,20260918T110259.258925Z_0831d7ad,0b20a343-e0ef-4420-8d59-14f7f32c45ae,normal,mixed,100,200,100,0,100,0,16184.6,118493.3,151291.5,212442.70000000024,14687.8,20249.0,28034.900000000005
D3-r1-test,results/d3_formal/raw_r1/test/boot_03/batch_20260918T110313.782965Z_d1d7e8b0.json.gz,20260918T110313.782965Z_d1d7e8b0,0b20a343-e0ef-4420-8d59-14f7f32c45ae,normal,mixed,100,200,100,0,100,0,16442.8,123730.9,151946.0,201931.1,15102.9,20319.5,22542.3
D3-r1-test,results/d3_formal/raw_r1/test/boot_03/batch_20260918T110328.363394Z_d6fa82ee.json.gz,20260918T110328.363394Z_d6fa82ee,0b20a343-e0ef-4420-8d59-14f7f32c45ae,normal,mixed,100,200,100,0,100,0,17763.5,129147.0,155848.5,196602.4,16045.1,20571.0,22987.100000000002
D3-r1-test,results/d3_formal/raw_r1/test/boot_03/batch_20260918T110342.874094Z_da47fa03.json.gz,20260918T110342.874094Z_da47fa03,0b20a343-e0ef-4420-8d59-14f7f32c45ae,normal,mixed,100,200,100,0,100,0,18786.4,130417.9,154446.0,185155.7000000001,15789.9,20693.5,22864.000000000004
D3-r1-test,results/d3_formal/raw_r1/test/boot_03/batch_20260918T110357.206433Z_7badc06c.json.gz,20260918T110357.206433Z_7badc06c,0b20a343-e0ef-4420-8d59-14f7f32c45ae,normal,mixed,100,200,100,0,100,0,16353.5,125826.6,150945.5,179940.2,15088.4,19930.0,22454.100000000002
D3-r1-test,results/d3_formal/raw_r1/test/boot_03/batch_20260918T110411.841200Z_f1e6ec7a.json.gz,20260918T110411.841200Z_f1e6ec7a,0b20a343-e0ef-4420-8d59-14f7f32c45ae,normal,mixed,100,200,100,0,100,0,16325.5,121141.8,157722.0,204532.60000000003,15853.4,20671.5,22742.0
D3-r1-test,results/d3_formal/raw_r1/test/boot_03/batch_20260918T110426.526265Z_dc008799.json.gz,20260918T110426.526265Z_dc008799,0b20a343-e0ef-4420-8d59-14f7f32c45ae,normal,mixed,100,200,100,0,100,0,16141.0,118221.0,152097.5,193162.30000000002,14860.7,20327.5,23883.200000000008
D3-r1-test,results/d3_formal/raw_r1/test/boot_03/batch_20260918T110441.000914Z_a699d5ed.json.gz,20260918T110441.000914Z_a699d5ed,0b20a343-e0ef-4420-8d59-14f7f32c45ae,normal,cpu,100,200,100,0,100,0,16769.3,117949.3,150570.5,197688.7,14996.6,20608.5,23996.20000000001
D3-r1-test,results/d3_formal/raw_r1/test/boot_03/batch_20260918T110455.759725Z_f9cc3c21.json.gz,20260918T110455.759725Z_f9cc3c21,0b20a343-e0ef-4420-8d59-14f7f32c45ae,normal,cpu,100,200,100,0,100,0,16287.9,114303.8,149301.0,187824.2,14843.5,20157.5,22423.8
D3-r1-test,results/d3_formal/raw_r1/test/boot_03/batch_20260918T110510.568755Z_b334cdde.json.gz,20260918T110510.568755Z_b334cdde,0b20a343-e0ef-4420-8d59-14f7f32c45ae,normal,cpu,100,200,100,0,100,0,15995.3,112553.4,149450.5,189356.50000000003,14695.2,19972.5,22438.2
D3-r1-test,results/d3_formal/raw_r1/test/boot_03/batch_20260918T110525.022921Z_f7a052c0.json.gz,20260918T110525.022921Z_f7a052c0,0b20a343-e0ef-4420-8d59-14f7f32c45ae,normal,cpu,100,200,100,0,100,0,16020.7,112557.7,151815.0,195562.50000000003,14871.1,20380.0,22798.5
D3-r1-test,results/d3_formal/raw_r1/test/boot_03/batch_20260918T110540.328223Z_4b9f60c6.json.gz,20260918T110540.328223Z_4b9f60c6,0b20a343-e0ef-4420-8d59-14f7f32c45ae,normal,cpu,100,200,100,0,100,0,16469.9,116117.9,155074.0,197087.90000000002,14736.4,20467.0,23394.200000000004
D3-r1-test,results/d3_formal/raw_r1/test/boot_03/batch_20260918T110554.586718Z_816ae522.json.gz,20260918T110554.586718Z_816ae522,0b20a343-e0ef-4420-8d59-14f7f32c45ae,normal,cpu,100,200,100,0,100,0,15916.6,114324.5,151171.5,198656.90000000002,14680.5,20326.5,22706.100000000002
D3-r1-test,results/d3_formal/raw_r1/test/boot_03/batch_20260918T110608.770186Z_99bba59c.json.gz,20260918T110608.770186Z_99bba59c,0b20a343-e0ef-4420-8d59-14f7f32c45ae,normal,cpu,100,200,100,0,100,0,16210.5,116135.90000000001,151315.5,200890.6,14654.2,20332.0,22609.100000000002
D3-r1-test,results/d3_formal/raw_r1/test/boot_03/batch_20260918T110622.909445Z_e9cf3ee0.json.gz,20260918T110622.909445Z_e9cf3ee0,0b20a343-e0ef-4420-8d59-14f7f32c45ae,normal,cpu,100,200,100,0,100,0,16014.7,108737.9,150760.5,185286.00000000003,14685.8,20678.0,25806.7
D3-r1-test,results/d3_formal/raw_r1/test/boot_03/batch_20260918T110637.122373Z_eefdbbc7.json.gz,20260918T110637.122373Z_eefdbbc7,0b20a343-e0ef-4420-8d59-14f7f32c45ae,normal,cpu,100,200,100,0,100,0,16885.7,116880.1,150790.0,185752.30000000005,15483.7,20295.5,22665.600000000002
D3-r1-test,results/d3_formal/raw_r1/test/boot_03/batch_20260918T110651.282403Z_d164fb50.json.gz,20260918T110651.282403Z_d164fb50,0b20a343-e0ef-4420-8d59-14f7f32c45ae,normal,cpu,100,200,100,0,100,0,18621.100000000002,117558.2,151499.5,187406.80000000005,15765.3,20622.0,22513.8
D3-r1-test,results/d3_formal/raw_r1/test/boot_03/batch_20260918T110705.558047Z_2c6422c2.json.gz,20260918T110705.558047Z_2c6422c2,0b20a343-e0ef-4420-8d59-14f7f32c45ae,normal,cpu,100,200,100,0,100,0,17132.5,122140.3,148717.0,179956.00000000003,15967.8,20345.5,22685.300000000003
D3-r1-test,results/d3_formal/raw_r1/test/boot_03/batch_20260918T110719.602916Z_496f24f7.json.gz,20260918T110719.602916Z_496f24f7,0b20a343-e0ef-4420-8d59-14f7f32c45ae,normal,cpu,100,200,100,0,100,0,17731.600000000002,121574.0,148483.5,195456.30000000002,15704.7,20489.5,22557.5
D3-r1-test,results/d3_formal/raw_r1/test/boot_03/batch_20260918T110733.659793Z_11bc856b.json.gz,20260918T110733.659793Z_11bc856b,0b20a343-e0ef-4420-8d59-14f7f32c45ae,normal,cpu,100,200,100,0,100,0,16277.2,116027.2,150404.0,191678.00000000003,14701.9,20482.0,22711.4
D3-r1-test,results/d3_formal/raw_r1/test/boot_03/batch_20260918T110747.710572Z_82fc62f8.json.gz,20260918T110747.710572Z_82fc62f8,0b20a343-e0ef-4420-8d59-14f7f32c45ae,normal,cpu,100,200,100,0,100,0,16138.6,109389.0,151402.0,190661.10000000003,14495.7,20284.0,22843.8
D3-r1-test,results/d3_formal/raw_r1/test/boot_03/batch_20260918T110802.496985Z_4e958934.json.gz,20260918T110802.496985Z_4e958934,0b20a343-e0ef-4420-8d59-14f7f32c45ae,normal,cpu,100,200,100,0,100,0,16169.2,118481.5,154724.0,265490.10000000027,14835.1,18444.5,24176.9
D3-r1-test,results/d3_formal/raw_r1/test/boot_03/batch_20260918T110818.518227Z_f5f4522b.json.gz,20260918T110818.518227Z_f5f4522b,0b20a343-e0ef-4420-8d59-14f7f32c45ae,normal,cpu,100,200,100,0,100,0,14849.7,110107.1,150290.5,201798.2,14626.9,20121.0,22637.600000000002
D3-r1-test,results/d3_formal/raw_r1/test/boot_03/batch_20260918T110833.256856Z_3a745044.json.gz,20260918T110833.256856Z_3a745044,0b20a343-e0ef-4420-8d59-14f7f32c45ae,normal,cpu,100,200,100,0,100,0,16530.5,127257.3,152760.5,195044.40000000002,14807.7,20397.0,23538.800000000014
D3-r1-test,results/d3_formal/raw_r1/test/boot_03/batch_20260918T110847.487275Z_0f07e9d1.json.gz,20260918T110847.487275Z_0f07e9d1,0b20a343-e0ef-4420-8d59-14f7f32c45ae,normal,cpu,100,200,100,0,100,0,18745.2,122133.1,152143.5,189363.80000000005,16103.7,20603.0,23344.600000000002
D3-r1-test,results/d3_formal/raw_r1/test/boot_03/batch_20260918T110901.876006Z_75293ef5.json.gz,20260918T110901.876006Z_75293ef5,0b20a343-e0ef-4420-8d59-14f7f32c45ae,normal,cpu,100,200,100,0,100,0,16526.4,116042.9,152161.0,184480.80000000002,14884.8,20489.5,22383.3
D3-r1-test,results/d3_formal/raw_r1/test/boot_03/batch_20260918T110916.233819Z_2d7373f5.json.gz,20260918T110916.233819Z_2d7373f5,0b20a343-e0ef-4420-8d59-14f7f32c45ae,normal,cpu,100,200,100,0,100,0,16708.8,110704.3,150959.5,184193.2,15099.7,20466.5,22581.2
D3-r1-test,results/d3_formal/raw_r1/test/boot_03/batch_20260918T110930.892011Z_216b986e.json.gz,20260918T110930.892011Z_216b986e,0b20a343-e0ef-4420-8d59-14f7f32c45ae,normal,cpu,100,200,100,0,100,0,17274.7,121751.0,150225.0,195444.10000000006,14857.8,20501.5,23182.8
D3-r1-test,results/d3_formal/raw_r1/test/boot_03/batch_20260918T110945.027506Z_74b63301.json.gz,20260918T110945.027506Z_74b63301,0b20a343-e0ef-4420-8d59-14f7f32c45ae,normal,cpu,100,200,100,0,100,0,15950.1,109084.9,148301.5,176197.2,14602.4,20204.5,22591.8
D3-r1-test,results/d3_formal/raw_r1/test/boot_03/batch_20260918T110959.124835Z_4e91ca51.json.gz,20260918T110959.124835Z_4e91ca51,0b20a343-e0ef-4420-8d59-14f7f32c45ae,normal,cpu,100,200,100,0,100,0,16004.4,113736.0,152149.5,186159.50000000003,14604.9,20630.5,22572.2
D3-r1-test,results/d3_formal/raw_r1/test/boot_03/batch_20260918T111013.386756Z_e920162b.json.gz,20260918T111013.386756Z_e920162b,0b20a343-e0ef-4420-8d59-14f7f32c45ae,normal,cpu,100,200,100,0,100,0,16242.6,114879.6,148264.0,169668.3,15590.1,20249.5,22465.5
D3-r1-test,results/d3_formal/raw_r1/test/boot_03/batch_20260918T111027.543865Z_fed953cc.json.gz,20260918T111027.543865Z_fed953cc,0b20a343-e0ef-4420-8d59-14f7f32c45ae,normal,cpu,100,200,100,0,100,0,15852.400000000001,107472.2,142947.0,190986.30000000002,14672.8,19746.0,22496.600000000002
D3-r1-test,results/d3_formal/raw_r1/test/boot_03/batch_20260918T111041.713167Z_59923184.json.gz,20260918T111041.713167Z_59923184,0b20a343-e0ef-4420-8d59-14f7f32c45ae,normal,cpu,100,200,100,0,100,0,16041.300000000001,113946.8,152283.5,197780.7,14837.0,20513.5,22926.8
D3-r1-test,results/d3_formal/raw_r1/test/boot_03/batch_20260918T111056.069185Z_389f9fed.json.gz,20260918T111056.069185Z_389f9fed,0b20a343-e0ef-4420-8d59-14f7f32c45ae,normal,cpu,100,200,100,0,100,0,16595.7,112864.2,151100.5,181707.2,14856.6,20234.0,22577.10000000001
D3-r1-test,results/d3_formal/raw_r1/test/boot_03/batch_20260918T111111.093536Z_75228b86.json.gz,20260918T111111.093536Z_75228b86,0b20a343-e0ef-4420-8d59-14f7f32c45ae,normal,cpu,100,200,100,0,100,0,16776.6,120546.3,149651.0,210045.90000000002,15685.800000000001,20177.5,22208.8
D3-r1-test,results/d3_formal/raw_r1/test/boot_03/batch_20260918T111127.081355Z_ba3d8ac3.json.gz,20260918T111127.081355Z_ba3d8ac3,0b20a343-e0ef-4420-8d59-14f7f32c45ae,normal,cpu,100,200,100,0,100,0,17798.0,131092.1,158555.0,216561.30000000013,16107.2,20350.5,22898.600000000002
D3-r1-test,results/d3_formal/raw_r1/test/boot_03/batch_20260918T111142.031441Z_0572555d.json.gz,20260918T111142.031441Z_0572555d,0b20a343-e0ef-4420-8d59-14f7f32c45ae,normal,cpu,100,200,100,0,100,0,15918.300000000001,109730.1,146380.5,184944.6,14657.3,19973.0,22343.2
D3-r1-test,results/d3_formal/raw_r1/test/boot_03/batch_20260918T111151.189374Z_b9fed9c4.json.gz,20260918T111151.189374Z_b9fed9c4,0b20a343-e0ef-4420-8d59-14f7f32c45ae,normal,memory,100,200,100,0,100,0,14550.0,106696.4,146399.0,200802.1,14364.3,19613.0,22270.8
D3-r1-test,results/d3_formal/raw_r1/test/boot_03/batch_20260918T111200.411989Z_895f2211.json.gz,20260918T111200.411989Z_895f2211,0b20a343-e0ef-4420-8d59-14f7f32c45ae,normal,memory,100,200,100,0,100,0,18615.100000000002,106844.1,171655.5,235021.90000000002,14718.3,19699.0,23139.600000000002
D3-r1-test,results/d3_formal/raw_r1/test/boot_03/batch_20260918T111209.713153Z_323258ed.json.gz,20260918T111209.713153Z_323258ed,0b20a343-e0ef-4420-8d59-14f7f32c45ae,normal,memory,100,200,100,0,100,0,16942.8,127763.1,162089.5,236306.80000000005,16141.800000000001,20513.0,23354.600000000006
D3-r1-test,results/d3_formal/raw_r1/test/boot_03/batch_20260918T111220.090355Z_71229f06.json.gz,20260918T111220.090355Z_71229f06,0b20a343-e0ef-4420-8d59-14f7f32c45ae,normal,memory,100,200,100,0,100,0,17294.3,124530.5,158730.0,222504.6,15005.8,19724.0,22239.800000000003
D3-r1-test,results/d3_formal/raw_r1/test/boot_03/batch_20260918T111230.154091Z_7db90a9b.json.gz,20260918T111230.154091Z_7db90a9b,0b20a343-e0ef-4420-8d59-14f7f32c45ae,normal,memory,100,200,100,0,100,0,14793.3,106890.9,163027.0,239738.5000000001,14389.5,19108.5,22336.9
D3-r1-test,results/d3_formal/raw_r1/test/boot_03/batch_20260918T111239.734997Z_cbbcaf73.json.gz,20260918T111239.734997Z_cbbcaf73,0b20a343-e0ef-4420-8d59-14f7f32c45ae,normal,memory,100,200,100,0,100,0,14711.9,106193.6,174548.5,227414.90000000002,14438.8,19792.5,22723.1
D3-r1-test,results/d3_formal/raw_r1/test/boot_03/batch_20260918T111248.558208Z_fee2b637.json.gz,20260918T111248.558208Z_fee2b637,0b20a343-e0ef-4420-8d59-14f7f32c45ae,normal,memory,100,200,100,0,100,0,14761.1,106089.9,156785.0,242217.9,14539.2,19547.5,22877.100000000002
D3-r1-test,results/d3_formal/raw_r1/test/boot_03/batch_20260918T111257.642353Z_59231b26.json.gz,20260918T111257.642353Z_59231b26,0b20a343-e0ef-4420-8d59-14f7f32c45ae,normal,memory,100,200,100,0,100,0,17655.6,108610.6,169287.0,230665.0,14677.2,19889.0,23343.2
D3-r1-test,results/d3_formal/raw_r1/test/boot_03/batch_20260918T111306.574590Z_aae01be5.json.gz,20260918T111306.574590Z_aae01be5,0b20a343-e0ef-4420-8d59-14f7f32c45ae,normal,memory,100,200,100,0,100,0,14760.4,106011.5,163275.0,227317.10000000015,14524.0,19767.5,22968.0
D3-r1-test,results/d3_formal/raw_r1/test/boot_03/batch_20260918T111315.660229Z_1ea3f188.json.gz,20260918T111315.660229Z_1ea3f188,0b20a343-e0ef-4420-8d59-14f7f32c45ae,normal,memory,100,200,100,0,100,0,19248.4,143095.0,174731.0,225984.3,18824.4,21153.5,22956.7
D3-r1-test,results/d3_formal/raw_r1/test/boot_03/batch_20260918T111324.535724Z_09413e17.json.gz,20260918T111324.535724Z_09413e17,0b20a343-e0ef-4420-8d59-14f7f32c45ae,normal,memory,100,200,100,0,100,0,14642.2,106137.0,156680.5,219850.60000000012,14525.2,19346.0,22246.7
D3-r1-test,results/d3_formal/raw_r1/test/boot_03/batch_20260918T111333.347076Z_27301dc4.json.gz,20260918T111333.347076Z_27301dc4,0b20a343-e0ef-4420-8d59-14f7f32c45ae,normal,memory,100,200,100,0,100,0,18707.0,112689.7,175229.0,233638.40000000002,14685.9,20120.5,22915.5
D3-r1-test,results/d3_formal/raw_r1/test/boot_03/batch_20260918T111342.283564Z_a62bafca.json.gz,20260918T111342.283564Z_a62bafca,0b20a343-e0ef-4420-8d59-14f7f32c45ae,normal,memory,100,200,100,0,100,0,14891.800000000001,107535.2,157245.5,225877.6,14405.4,19229.5,22587.6
D3-r1-test,results/d3_formal/raw_r1/test/boot_03/batch_20260918T111354.261790Z_43782478.json.gz,20260918T111354.261790Z_43782478,0b20a343-e0ef-4420-8d59-14f7f32c45ae,normal,memory,100,200,100,0,100,0,17173.9,119253.5,170542.5,221454.1,14852.9,19913.0,22753.100000000002
D3-r1-test,results/d3_formal/raw_r1/test/boot_03/batch_20260918T111404.988474Z_38b7be76.json.gz,20260918T111404.988474Z_38b7be76,0b20a343-e0ef-4420-8d59-14f7f32c45ae,normal,memory,100,200,100,0,100,0,18147.7,123769.0,175447.5,228393.80000000008,15058.8,19913.0,22907.700000000004
D3-r1-test,results/d3_formal/raw_r1/test/boot_03/batch_20260918T111415.114466Z_f06fc3f4.json.gz,20260918T111415.114466Z_f06fc3f4,0b20a343-e0ef-4420-8d59-14f7f32c45ae,normal,memory,100,200,100,0,100,0,14899.1,106227.2,159298.0,199427.1,14528.9,19979.5,22889.7
D3-r1-test,results/d3_formal/raw_r1/test/boot_03/batch_20260918T111424.357201Z_38bbd9b8.json.gz,20260918T111424.357201Z_38bbd9b8,0b20a343-e0ef-4420-8d59-14f7f32c45ae,normal,memory,100,200,100,0,100,0,14610.1,105545.4,153299.0,197257.80000000002,14487.0,19313.0,22770.9
D3-r1-test,results/d3_formal/raw_r1/test/boot_03/batch_20260918T111433.862061Z_916bc1a6.json.gz,20260918T111433.862061Z_916bc1a6,0b20a343-e0ef-4420-8d59-14f7f32c45ae,normal,memory,100,200,100,0,100,0,14872.1,105784.7,157804.5,208635.80000000002,14595.1,20039.0,22892.000000000004
D3-r1-test,results/d3_formal/raw_r1/test/boot_03/batch_20260918T111443.136194Z_b8633106.json.gz,20260918T111443.136194Z_b8633106,0b20a343-e0ef-4420-8d59-14f7f32c45ae,normal,memory,100,200,100,0,100,0,15157.2,106665.4,173838.0,230108.40000000005,14609.8,20059.5,22934.0
D3-r1-test,results/d3_formal/raw_r1/test/boot_03/batch_20260918T111452.029689Z_0263b4d9.json.gz,20260918T111452.029689Z_0263b4d9,0b20a343-e0ef-4420-8d59-14f7f32c45ae,normal,memory,100,200,100,0,100,0,19169.6,124961.9,179017.0,243321.80000000002,14759.2,20131.0,22846.8
D3-r1-test,results/d3_formal/raw_r1/test/boot_03/batch_20260918T111500.987891Z_b8ac1edb.json.gz,20260918T111500.987891Z_b8ac1edb,0b20a343-e0ef-4420-8d59-14f7f32c45ae,normal,memory,100,200,100,0,100,0,15077.9,106498.9,161333.5,214892.10000000006,14562.4,19866.5,23071.8
D3-r1-test,results/d3_formal/raw_r1/test/boot_03/batch_20260918T111509.700940Z_ed1a360b.json.gz,20260918T111509.700940Z_ed1a360b,0b20a343-e0ef-4420-8d59-14f7f32c45ae,normal,memory,100,200,100,0,100,0,14697.3,105868.8,155731.5,235918.80000000016,14447.5,20283.5,22960.8
D3-r1-test,results/d3_formal/raw_r1/test/boot_03/batch_20260918T111518.724461Z_7d557edc.json.gz,20260918T111518.724461Z_7d557edc,0b20a343-e0ef-4420-8d59-14f7f32c45ae,normal,memory,100,200,100,0,100,0,14907.0,107814.4,160875.0,222986.30000000005,14559.0,20374.5,23056.3
D3-r1-test,results/d3_formal/raw_r1/test/boot_03/batch_20260918T111527.986130Z_8a9ec7c5.json.gz,20260918T111527.986130Z_8a9ec7c5,0b20a343-e0ef-4420-8d59-14f7f32c45ae,normal,memory,100,200,100,0,100,0,15080.3,106227.2,161817.5,212639.4,14589.1,20525.5,23367.10000000001
D3-r1-test,results/d3_formal/raw_r1/test/boot_03/batch_20260918T111537.021745Z_ef603463.json.gz,20260918T111537.021745Z_ef603463,0b20a343-e0ef-4420-8d59-14f7f32c45ae,normal,memory,100,200,100,0,100,0,19118.0,109634.2,173029.0,233613.00000000003,14776.2,20294.0,24297.600000000013
D3-r1-test,results/d3_formal/raw_r1/test/boot_03/batch_20260918T111545.984808Z_3f53092c.json.gz,20260918T111545.984808Z_3f53092c,0b20a343-e0ef-4420-8d59-14f7f32c45ae,normal,memory,100,200,100,0,100,0,14704.9,105409.8,148518.5,238260.60000000006,14608.0,19773.0,22757.2
D3-r1-test,results/d3_formal/raw_r1/test/boot_03/batch_20260918T111555.044891Z_b4e0517d.json.gz,20260918T111555.044891Z_b4e0517d,0b20a343-e0ef-4420-8d59-14f7f32c45ae,normal,memory,100,200,100,0,100,0,15066.2,106982.8,155449.5,209655.70000000004,14682.0,19843.5,22785.8
D3-r1-test,results/d3_formal/raw_r1/test/boot_03/batch_20260918T111604.160082Z_ce17da2f.json.gz,20260918T111604.160082Z_ce17da2f,0b20a343-e0ef-4420-8d59-14f7f32c45ae,normal,memory,100,200,100,0,100,0,19076.6,107599.6,177164.0,239175.40000000002,14557.1,21137.0,22609.4
D3-r1-test,results/d3_formal/raw_r1/test/boot_03/batch_20260918T111613.040813Z_9ba9d560.json.gz,20260918T111613.040813Z_9ba9d560,0b20a343-e0ef-4420-8d59-14f7f32c45ae,normal,memory,100,200,100,0,100,0,15271.2,107887.0,153809.5,214887.70000000007,14487.7,19740.5,22664.8
D3-r1-test,results/d3_formal/raw_r1/test/boot_03/batch_20260918T111622.303424Z_4e1a2e78.json.gz,20260918T111622.303424Z_4e1a2e78,0b20a343-e0ef-4420-8d59-14f7f32c45ae,normal,memory,100,200,100,0,100,0,18662.100000000002,130888.9,170181.0,255305.30000000016,14535.9,19765.0,22514.9
D3-r1-test,results/d3_formal/raw_r1/test/boot_04/batch_20260918T111650.576484Z_90b0c660.json.gz,20260918T111650.576484Z_90b0c660,7d677e67-ac07-455b-ae12-d922bc6fe728,rootkit,baseline,100,100,100,100,0,0,39818.9,39818.9,43505.0,96253.90000000002,nan,nan,nan
D3-r1-test,results/d3_formal/raw_r1/test/boot_04/batch_20260918T111658.518749Z_90b69835.json.gz,20260918T111658.518749Z_90b69835,7d677e67-ac07-455b-ae12-d922bc6fe728,rootkit,baseline,100,100,100,100,0,0,39739.8,39739.8,51639.0,100428.0,nan,nan,nan
D3-r1-test,results/d3_formal/raw_r1/test/boot_04/batch_20260918T111706.111929Z_416b6def.json.gz,20260918T111706.111929Z_416b6def,7d677e67-ac07-455b-ae12-d922bc6fe728,rootkit,baseline,100,100,100,100,0,0,40057.8,40057.8,55507.0,100130.30000000008,nan,nan,nan
D3-r1-test,results/d3_formal/raw_r1/test/boot_04/batch_20260918T111714.031317Z_af7673b9.json.gz,20260918T111714.031317Z_af7673b9,7d677e67-ac07-455b-ae12-d922bc6fe728,rootkit,baseline,100,100,100,100,0,0,39187.1,39187.1,53882.0,93171.5,nan,nan,nan
D3-r1-test,results/d3_formal/raw_r1/test/boot_04/batch_20260918T111721.683503Z_fbc37385.json.gz,20260918T111721.683503Z_fbc37385,7d677e67-ac07-455b-ae12-d922bc6fe728,rootkit,baseline,100,100,100,100,0,0,40571.6,40571.6,57171.5,93355.00000000003,nan,nan,nan
D3-r1-test,results/d3_formal/raw_r1/test/boot_04/batch_20260918T111729.491618Z_16fd0c9f.json.gz,20260918T111729.491618Z_16fd0c9f,7d677e67-ac07-455b-ae12-d922bc6fe728,rootkit,baseline,100,100,100,100,0,0,39797.0,39797.0,42559.5,77998.40000000001,nan,nan,nan
D3-r1-test,results/d3_formal/raw_r1/test/boot_04/batch_20260918T111737.052497Z_aaa69671.json.gz,20260918T111737.052497Z_aaa69671,7d677e67-ac07-455b-ae12-d922bc6fe728,rootkit,baseline,100,100,100,100,0,0,39440.2,39440.2,42547.0,81495.20000000001,nan,nan,nan
D3-r1-test,results/d3_formal/raw_r1/test/boot_04/batch_20260918T111744.685800Z_f3b5e9bf.json.gz,20260918T111744.685800Z_f3b5e9bf,7d677e67-ac07-455b-ae12-d922bc6fe728,rootkit,baseline,100,100,100,100,0,0,39044.2,39044.2,43079.5,72372.00000000003,nan,nan,nan
D3-r1-test,results/d3_formal/raw_r1/test/boot_04/batch_20260918T111752.432247Z_71970e9f.json.gz,20260918T111752.432247Z_71970e9f,7d677e67-ac07-455b-ae12-d922bc6fe728,rootkit,baseline,100,100,100,100,0,0,52479.0,52479.0,64553.5,102630.90000000001,nan,nan,nan
D3-r1-test,results/d3_formal/raw_r1/test/boot_04/batch_20260918T111800.465212Z_c0bd5638.json.gz,20260918T111800.465212Z_c0bd5638,7d677e67-ac07-455b-ae12-d922bc6fe728,rootkit,baseline,100,100,100,100,0,0,51750.9,51750.9,60168.0,102937.00000000006,nan,nan,nan
D3-r1-test,results/d3_formal/raw_r1/test/boot_04/batch_20260918T111808.134867Z_e7596b16.json.gz,20260918T111808.134867Z_e7596b16,7d677e67-ac07-455b-ae12-d922bc6fe728,rootkit,baseline,100,100,100,100,0,0,52996.2,52996.2,64082.0,106439.6,nan,nan,nan
D3-r1-test,results/d3_formal/raw_r1/test/boot_04/batch_20260918T111815.819390Z_0aaa6960.json.gz,20260918T111815.819390Z_0aaa6960,7d677e67-ac07-455b-ae12-d922bc6fe728,rootkit,baseline,100,100,100,100,0,0,39656.7,39656.7,42740.0,82567.40000000007,nan,nan,nan
D3-r1-test,results/d3_formal/raw_r1/test/boot_04/batch_20260918T111823.563401Z_fdfec537.json.gz,20260918T111823.563401Z_fdfec537,7d677e67-ac07-455b-ae12-d922bc6fe728,rootkit,baseline,100,100,100,100,0,0,53332.5,53332.5,62126.0,94298.6,nan,nan,nan
D3-r1-test,results/d3_formal/raw_r1/test/boot_04/batch_20260918T111831.376698Z_4fd20496.json.gz,20260918T111831.376698Z_4fd20496,7d677e67-ac07-455b-ae12-d922bc6fe728,rootkit,baseline,100,100,100,100,0,0,51152.0,51152.0,57249.5,111926.90000000005,nan,nan,nan
D3-r1-test,results/d3_formal/raw_r1/test/boot_04/batch_20260918T111839.080617Z_d472e279.json.gz,20260918T111839.080617Z_d472e279,7d677e67-ac07-455b-ae12-d922bc6fe728,rootkit,baseline,100,100,100,100,0,0,52855.8,52855.8,80111.5,97021.6,nan,nan,nan
D3-r1-test,results/d3_formal/raw_r1/test/boot_04/batch_20260918T111847.197990Z_18c8b498.json.gz,20260918T111847.197990Z_18c8b498,7d677e67-ac07-455b-ae12-d922bc6fe728,rootkit,baseline,100,100,100,100,0,0,41093.2,41093.2,58729.5,110492.70000000001,nan,nan,nan
D3-r1-test,results/d3_formal/raw_r1/test/boot_04/batch_20260918T111855.283538Z_6d80f8ad.json.gz,20260918T111855.283538Z_6d80f8ad,7d677e67-ac07-455b-ae12-d922bc6fe728,rootkit,baseline,100,100,100,100,0,0,40062.4,40062.4,48110.5,95167.1,nan,nan,nan
D3-r1-test,results/d3_formal/raw_r1/test/boot_04/batch_20260918T111903.071945Z_0852d831.json.gz,20260918T111903.071945Z_0852d831,7d677e67-ac07-455b-ae12-d922bc6fe728,rootkit,baseline,100,100,100,100,0,0,40195.2,40195.2,66602.0,98264.5,nan,nan,nan
D3-r1-test,results/d3_formal/raw_r1/test/boot_04/batch_20260918T111910.724810Z_19fd8490.json.gz,20260918T111910.724810Z_19fd8490,7d677e67-ac07-455b-ae12-d922bc6fe728,rootkit,baseline,100,100,100,100,0,0,52570.6,52570.6,57698.0,94489.0,nan,nan,nan
D3-r1-test,results/d3_formal/raw_r1/test/boot_04/batch_20260918T111918.546351Z_6f86ac9d.json.gz,20260918T111918.546351Z_6f86ac9d,7d677e67-ac07-455b-ae12-d922bc6fe728,rootkit,baseline,100,100,100,100,0,0,39672.5,39672.5,49684.5,112090.60000000002,nan,nan,nan
D3-r1-test,results/d3_formal/raw_r1/test/boot_04/batch_20260918T111926.431791Z_266e3776.json.gz,20260918T111926.431791Z_266e3776,7d677e67-ac07-455b-ae12-d922bc6fe728,rootkit,baseline,100,100,100,100,0,0,52753.2,52753.2,60388.0,113708.70000000003,nan,nan,nan
D3-r1-test,results/d3_formal/raw_r1/test/boot_04/batch_20260918T111934.208949Z_e58210ae.json.gz,20260918T111934.208949Z_e58210ae,7d677e67-ac07-455b-ae12-d922bc6fe728,rootkit,baseline,100,100,100,100,0,0,39106.0,39106.0,42735.5,88461.8,nan,nan,nan
D3-r1-test,results/d3_formal/raw_r1/test/boot_04/batch_20260918T111941.936542Z_e6bd7d5b.json.gz,20260918T111941.936542Z_e6bd7d5b,7d677e67-ac07-455b-ae12-d922bc6fe728,rootkit,baseline,100,100,100,100,0,0,39830.8,39830.8,54597.5,95693.9,nan,nan,nan
D3-r1-test,results/d3_formal/raw_r1/test/boot_04/batch_20260918T111949.612251Z_6810b7a8.json.gz,20260918T111949.612251Z_6810b7a8,7d677e67-ac07-455b-ae12-d922bc6fe728,rootkit,baseline,100,100,100,100,0,0,40267.9,40267.9,66611.0,109858.8000000001,nan,nan,nan
D3-r1-test,results/d3_formal/raw_r1/test/boot_04/batch_20260918T111957.104124Z_1c07162b.json.gz,20260918T111957.104124Z_1c07162b,7d677e67-ac07-455b-ae12-d922bc6fe728,rootkit,baseline,100,100,100,100,0,0,39005.9,39005.9,42477.0,69478.1,nan,nan,nan
D3-r1-test,results/d3_formal/raw_r1/test/boot_04/batch_20260918T112004.905905Z_f700c82d.json.gz,20260918T112004.905905Z_f700c82d,7d677e67-ac07-455b-ae12-d922bc6fe728,rootkit,baseline,100,100,100,100,0,0,40005.9,40005.9,56121.0,97126.1,nan,nan,nan
D3-r1-test,results/d3_formal/raw_r1/test/boot_04/batch_20260918T112012.654044Z_0855538c.json.gz,20260918T112012.654044Z_0855538c,7d677e67-ac07-455b-ae12-d922bc6fe728,rootkit,baseline,100,100,100,100,0,0,39635.9,39635.9,51608.5,95119.50000000003,nan,nan,nan
D3-r1-test,results/d3_formal/raw_r1/test/boot_04/batch_20260918T112020.589124Z_41e5dde7.json.gz,20260918T112020.589124Z_41e5dde7,7d677e67-ac07-455b-ae12-d922bc6fe728,rootkit,baseline,100,100,100,100,0,0,39935.2,39935.2,45738.0,91190.90000000004,nan,nan,nan
D3-r1-test,results/d3_formal/raw_r1/test/boot_04/batch_20260918T112028.288776Z_ceae391f.json.gz,20260918T112028.288776Z_ceae391f,7d677e67-ac07-455b-ae12-d922bc6fe728,rootkit,baseline,100,100,100,100,0,0,40032.0,40032.0,43060.0,99391.90000000004,nan,nan,nan
D3-r1-test,results/d3_formal/raw_r1/test/boot_04/batch_20260918T112036.034538Z_ecb2303e.json.gz,20260918T112036.034538Z_ecb2303e,7d677e67-ac07-455b-ae12-d922bc6fe728,rootkit,baseline,100,100,100,100,0,0,52333.9,52333.9,76937.0,111945.6,nan,nan,nan
D3-r1-test,results/d3_formal/raw_r1/test/boot_04/batch_20260918T112044.996042Z_62697427.json.gz,20260918T112044.996042Z_62697427,7d677e67-ac07-455b-ae12-d922bc6fe728,rootkit,memory,100,100,100,100,0,0,42953.5,42953.5,85607.0,117386.7,nan,nan,nan
D3-r1-test,results/d3_formal/raw_r1/test/boot_04/batch_20260918T112053.890852Z_a8289535.json.gz,20260918T112053.890852Z_a8289535,7d677e67-ac07-455b-ae12-d922bc6fe728,rootkit,memory,100,100,100,100,0,0,41460.0,41460.0,60729.0,116960.00000000001,nan,nan,nan
D3-r1-test,results/d3_formal/raw_r1/test/boot_04/batch_20260918T112102.796327Z_25d6e1c6.json.gz,20260918T112102.796327Z_25d6e1c6,7d677e67-ac07-455b-ae12-d922bc6fe728,rootkit,memory,100,100,100,100,0,0,52572.3,52572.3,82085.5,130413.90000000004,nan,nan,nan
D3-r1-test,results/d3_formal/raw_r1/test/boot_04/batch_20260918T112111.688592Z_845ed0b2.json.gz,20260918T112111.688592Z_845ed0b2,7d677e67-ac07-455b-ae12-d922bc6fe728,rootkit,memory,100,100,100,100,0,0,41141.8,41141.8,59057.0,99782.3,nan,nan,nan
D3-r1-test,results/d3_formal/raw_r1/test/boot_04/batch_20260918T112120.429185Z_312c0e62.json.gz,20260918T112120.429185Z_312c0e62,7d677e67-ac07-455b-ae12-d922bc6fe728,rootkit,memory,100,100,100,100,0,0,40936.6,40936.6,59529.5,117006.20000000003,nan,nan,nan
D3-r1-test,results/d3_formal/raw_r1/test/boot_04/batch_20260918T112129.330764Z_c557017b.json.gz,20260918T112129.330764Z_c557017b,7d677e67-ac07-455b-ae12-d922bc6fe728,rootkit,memory,100,100,100,100,0,0,42092.3,42092.3,63220.0,109475.30000000002,nan,nan,nan
D3-r1-test,results/d3_formal/raw_r1/test/boot_04/batch_20260918T112138.204104Z_fe64cd32.json.gz,20260918T112138.204104Z_fe64cd32,7d677e67-ac07-455b-ae12-d922bc6fe728,rootkit,memory,100,100,100,100,0,0,41045.9,41045.9,61952.0,93691.6,nan,nan,nan
D3-r1-test,results/d3_formal/raw_r1/test/boot_04/batch_20260918T112146.916609Z_92ac7e25.json.gz,20260918T112146.916609Z_92ac7e25,7d677e67-ac07-455b-ae12-d922bc6fe728,rootkit,memory,100,100,100,100,0,0,41984.5,41984.5,59094.0,105921.90000000007,nan,nan,nan
D3-r1-test,results/d3_formal/raw_r1/test/boot_04/batch_20260918T112156.028872Z_052dd0bf.json.gz,20260918T112156.028872Z_052dd0bf,7d677e67-ac07-455b-ae12-d922bc6fe728,rootkit,memory,100,100,100,100,0,0,46182.4,46182.4,64093.0,118537.90000000001,nan,nan,nan
D3-r1-test,results/d3_formal/raw_r1/test/boot_04/batch_20260918T112205.007073Z_ab7064a5.json.gz,20260918T112205.007073Z_ab7064a5,7d677e67-ac07-455b-ae12-d922bc6fe728,rootkit,memory,100,100,100,100,0,0,41198.5,41198.5,59413.0,105637.00000000001,nan,nan,nan
D3-r1-test,results/d3_formal/raw_r1/test/boot_04/batch_20260918T112213.950375Z_de038deb.json.gz,20260918T112213.950375Z_de038deb,7d677e67-ac07-455b-ae12-d922bc6fe728,rootkit,memory,100,100,100,100,0,0,43264.0,43264.0,69603.5,112269.70000000003,nan,nan,nan
D3-r1-test,results/d3_formal/raw_r1/test/boot_04/batch_20260918T112222.649436Z_dde3809a.json.gz,20260918T112222.649436Z_dde3809a,7d677e67-ac07-455b-ae12-d922bc6fe728,rootkit,memory,100,100,100,100,0,0,40918.5,40918.5,57444.0,95908.70000000001,nan,nan,nan
D3-r1-test,results/d3_formal/raw_r1/test/boot_04/batch_20260918T112231.583336Z_bfb14036.json.gz,20260918T112231.583336Z_bfb14036,7d677e67-ac07-455b-ae12-d922bc6fe728,rootkit,memory,100,100,100,100,0,0,40611.6,40611.6,59257.0,115616.00000000001,nan,nan,nan
D3-r1-test,results/d3_formal/raw_r1/test/boot_04/batch_20260918T112240.523798Z_49d02e0b.json.gz,20260918T112240.523798Z_49d02e0b,7d677e67-ac07-455b-ae12-d922bc6fe728,rootkit,memory,100,100,100,100,0,0,52096.9,52096.9,78330.5,106210.10000000012,nan,nan,nan
D3-r1-test,results/d3_formal/raw_r1/test/boot_04/batch_20260918T112249.796406Z_2cabdc4f.json.gz,20260918T112249.796406Z_2cabdc4f,7d677e67-ac07-455b-ae12-d922bc6fe728,rootkit,memory,100,100,100,100,0,0,41974.9,41974.9,59896.0,99988.10000000002,nan,nan,nan
D3-r1-test,results/d3_formal/raw_r1/test/boot_04/batch_20260918T112259.090579Z_8c15f3fb.json.gz,20260918T112259.090579Z_8c15f3fb,7d677e67-ac07-455b-ae12-d922bc6fe728,rootkit,memory,100,100,100,100,0,0,41384.3,41384.3,58237.0,117965.20000000001,nan,nan,nan
D3-r1-test,results/d3_formal/raw_r1/test/boot_04/batch_20260918T112308.057575Z_1882e5cb.json.gz,20260918T112308.057575Z_1882e5cb,7d677e67-ac07-455b-ae12-d922bc6fe728,rootkit,memory,100,100,100,100,0,0,43757.3,43757.3,69731.0,108025.30000000005,nan,nan,nan
D3-r1-test,results/d3_formal/raw_r1/test/boot_04/batch_20260918T112317.015805Z_15be110c.json.gz,20260918T112317.015805Z_15be110c,7d677e67-ac07-455b-ae12-d922bc6fe728,rootkit,memory,100,100,100,100,0,0,42621.1,42621.1,64811.0,115066.6,nan,nan,nan
D3-r1-test,results/d3_formal/raw_r1/test/boot_04/batch_20260918T112326.584857Z_91bd7e92.json.gz,20260918T112326.584857Z_91bd7e92,7d677e67-ac07-455b-ae12-d922bc6fe728,rootkit,memory,100,100,100,100,0,0,42539.6,42539.6,72413.5,114303.80000000002,nan,nan,nan
D3-r1-test,results/d3_formal/raw_r1/test/boot_04/batch_20260918T112335.453461Z_f4464a66.json.gz,20260918T112335.453461Z_f4464a66,7d677e67-ac07-455b-ae12-d922bc6fe728,rootkit,memory,100,100,100,100,0,0,51215.9,51215.9,64764.5,116667.80000000002,nan,nan,nan
D3-r1-test,results/d3_formal/raw_r1/test/boot_04/batch_20260918T112344.893955Z_1f79a640.json.gz,20260918T112344.893955Z_1f79a640,7d677e67-ac07-455b-ae12-d922bc6fe728,rootkit,memory,100,100,100,100,0,0,41627.1,41627.1,66111.0,128744.8,nan,nan,nan
D3-r1-test,results/d3_formal/raw_r1/test/boot_04/batch_20260918T112354.190496Z_16fa26df.json.gz,20260918T112354.190496Z_16fa26df,7d677e67-ac07-455b-ae12-d922bc6fe728,rootkit,memory,100,100,100,100,0,0,42967.7,42967.7,59869.0,96520.2,nan,nan,nan
D3-r1-test,results/d3_formal/raw_r1/test/boot_04/batch_20260918T112402.849217Z_f940cf7d.json.gz,20260918T112402.849217Z_f940cf7d,7d677e67-ac07-455b-ae12-d922bc6fe728,rootkit,memory,100,100,100,100,0,0,41368.7,41368.7,60653.5,116746.5,nan,nan,nan
D3-r1-test,results/d3_formal/raw_r1/test/boot_04/batch_20260918T112411.811876Z_8cdc4ac2.json.gz,20260918T112411.811876Z_8cdc4ac2,7d677e67-ac07-455b-ae12-d922bc6fe728,rootkit,memory,100,100,100,100,0,0,41443.3,41443.3,58349.0,113524.50000000007,nan,nan,nan
D3-r1-test,results/d3_formal/raw_r1/test/boot_04/batch_20260918T112420.944639Z_8f4bf87a.json.gz,20260918T112420.944639Z_8f4bf87a,7d677e67-ac07-455b-ae12-d922bc6fe728,rootkit,memory,100,100,100,100,0,0,47358.200000000004,47358.200000000004,66039.5,125850.90000000004,nan,nan,nan
D3-r1-test,results/d3_formal/raw_r1/test/boot_04/batch_20260918T112429.889492Z_43eea1db.json.gz,20260918T112429.889492Z_43eea1db,7d677e67-ac07-455b-ae12-d922bc6fe728,rootkit,memory,100,100,100,100,0,0,41913.4,41913.4,59281.5,111062.8,nan,nan,nan
D3-r1-test,results/d3_formal/raw_r1/test/boot_04/batch_20260918T112438.624748Z_c6b03f75.json.gz,20260918T112438.624748Z_c6b03f75,7d677e67-ac07-455b-ae12-d922bc6fe728,rootkit,memory,100,100,100,100,0,0,41503.5,41503.5,59974.0,100532.40000000004,nan,nan,nan
D3-r1-test,results/d3_formal/raw_r1/test/boot_04/batch_20260918T112448.276552Z_ebbbce8c.json.gz,20260918T112448.276552Z_ebbbce8c,7d677e67-ac07-455b-ae12-d922bc6fe728,rootkit,memory,100,100,100,100,0,0,53852.8,53852.8,82932.5,133137.0,nan,nan,nan
D3-r1-test,results/d3_formal/raw_r1/test/boot_04/batch_20260918T112457.815634Z_b91b725f.json.gz,20260918T112457.815634Z_b91b725f,7d677e67-ac07-455b-ae12-d922bc6fe728,rootkit,memory,100,100,100,100,0,0,41218.6,41218.6,56668.5,97255.8,nan,nan,nan
D3-r1-test,results/d3_formal/raw_r1/test/boot_04/batch_20260918T112507.495382Z_c0bb8040.json.gz,20260918T112507.495382Z_c0bb8040,7d677e67-ac07-455b-ae12-d922bc6fe728,rootkit,memory,100,100,100,100,0,0,41910.6,41910.6,59350.5,101365.6,nan,nan,nan
D3-r1-test,results/d3_formal/raw_r1/test/boot_04/batch_20260918T112522.249832Z_bfe0ee30.json.gz,20260918T112522.249832Z_bfe0ee30,7d677e67-ac07-455b-ae12-d922bc6fe728,rootkit,mixed,100,100,100,100,0,0,47184.9,47184.9,60278.5,89974.50000000001,nan,nan,nan
D3-r1-test,results/d3_formal/raw_r1/test/boot_04/batch_20260918T112537.243912Z_02f38509.json.gz,20260918T112537.243912Z_02f38509,7d677e67-ac07-455b-ae12-d922bc6fe728,rootkit,mixed,100,100,100,100,0,0,46707.5,46707.5,61680.5,80828.50000000001,nan,nan,nan
D3-r1-test,results/d3_formal/raw_r1/test/boot_04/batch_20260918T112551.999275Z_8bdb4ebf.json.gz,20260918T112551.999275Z_8bdb4ebf,7d677e67-ac07-455b-ae12-d922bc6fe728,rootkit,mixed,100,100,100,100,0,0,47277.9,47277.9,59020.0,89918.90000000001,nan,nan,nan
D3-r1-test,results/d3_formal/raw_r1/test/boot_04/batch_20260918T112606.703628Z_e2194f3a.json.gz,20260918T112606.703628Z_e2194f3a,7d677e67-ac07-455b-ae12-d922bc6fe728,rootkit,mixed,100,100,100,100,0,0,48981.0,48981.0,63472.5,97872.40000000002,nan,nan,nan
D3-r1-test,results/d3_formal/raw_r1/test/boot_04/batch_20260918T112621.444103Z_0feea93c.json.gz,20260918T112621.444103Z_0feea93c,7d677e67-ac07-455b-ae12-d922bc6fe728,rootkit,mixed,100,100,100,100,0,0,50186.4,50186.4,59319.0,93470.6,nan,nan,nan
D3-r1-test,results/d3_formal/raw_r1/test/boot_04/batch_20260918T112636.003368Z_fd5dc736.json.gz,20260918T112636.003368Z_fd5dc736,7d677e67-ac07-455b-ae12-d922bc6fe728,rootkit,mixed,100,100,100,100,0,0,45438.0,45438.0,59041.5,99100.3,nan,nan,nan
D3-r1-test,results/d3_formal/raw_r1/test/boot_04/batch_20260918T112650.673534Z_12cb0003.json.gz,20260918T112650.673534Z_12cb0003,7d677e67-ac07-455b-ae12-d922bc6fe728,rootkit,mixed,100,100,100,100,0,0,47552.5,47552.5,63212.0,95273.90000000001,nan,nan,nan
D3-r1-test,results/d3_formal/raw_r1/test/boot_04/batch_20260918T112705.531916Z_e514d119.json.gz,20260918T112705.531916Z_e514d119,7d677e67-ac07-455b-ae12-d922bc6fe728,rootkit,mixed,100,100,100,100,0,0,50417.8,50417.8,63732.5,89323.20000000008,nan,nan,nan
D3-r1-test,results/d3_formal/raw_r1/test/boot_04/batch_20260918T112720.357910Z_bea84ee7.json.gz,20260918T112720.357910Z_bea84ee7,7d677e67-ac07-455b-ae12-d922bc6fe728,rootkit,mixed,100,100,100,100,0,0,46915.8,46915.8,60473.5,76827.70000000003,nan,nan,nan
D3-r1-test,results/d3_formal/raw_r1/test/boot_04/batch_20260918T112735.136824Z_6b01beba.json.gz,20260918T112735.136824Z_6b01beba,7d677e67-ac07-455b-ae12-d922bc6fe728,rootkit,mixed,100,100,100,100,0,0,49911.8,49911.8,61750.0,95437.20000000001,nan,nan,nan
D3-r1-test,results/d3_formal/raw_r1/test/boot_04/batch_20260918T112749.592577Z_cca340bc.json.gz,20260918T112749.592577Z_cca340bc,7d677e67-ac07-455b-ae12-d922bc6fe728,rootkit,mixed,100,100,100,100,0,0,49385.9,49385.9,61673.5,76827.40000000001,nan,nan,nan
D3-r1-test,results/d3_formal/raw_r1/test/boot_04/batch_20260918T112804.299160Z_18bbd9d8.json.gz,20260918T112804.299160Z_18bbd9d8,7d677e67-ac07-455b-ae12-d922bc6fe728,rootkit,mixed,100,100,100,100,0,0,47138.0,47138.0,63576.5,92695.6,nan,nan,nan
D3-r1-test,results/d3_formal/raw_r1/test/boot_04/batch_20260918T112818.968327Z_008140bb.json.gz,20260918T112818.968327Z_008140bb,7d677e67-ac07-455b-ae12-d922bc6fe728,rootkit,mixed,100,100,100,100,0,0,51134.5,51134.5,62237.5,81818.00000000004,nan,nan,nan
D3-r1-test,results/d3_formal/raw_r1/test/boot_04/batch_20260918T112834.284251Z_252a1997.json.gz,20260918T112834.284251Z_252a1997,7d677e67-ac07-455b-ae12-d922bc6fe728,rootkit,mixed,100,100,100,100,0,0,52335.4,52335.4,63162.5,76965.0,nan,nan,nan
D3-r1-test,results/d3_formal/raw_r1/test/boot_04/batch_20260918T112849.489446Z_b69bb34a.json.gz,20260918T112849.489446Z_b69bb34a,7d677e67-ac07-455b-ae12-d922bc6fe728,rootkit,mixed,100,100,100,100,0,0,50716.7,50716.7,64531.5,93739.10000000005,nan,nan,nan
D3-r1-test,results/d3_formal/raw_r1/test/boot_04/batch_20260918T112904.324994Z_c4540ca2.json.gz,20260918T112904.324994Z_c4540ca2,7d677e67-ac07-455b-ae12-d922bc6fe728,rootkit,mixed,100,100,100,100,0,0,47535.2,47535.2,60026.0,89674.1,nan,nan,nan
D3-r1-test,results/d3_formal/raw_r1/test/boot_04/batch_20260918T112919.281476Z_c739bcdf.json.gz,20260918T112919.281476Z_c739bcdf,7d677e67-ac07-455b-ae12-d922bc6fe728,rootkit,mixed,100,100,100,100,0,0,49711.9,49711.9,64413.0,86900.40000000001,nan,nan,nan
D3-r1-test,results/d3_formal/raw_r1/test/boot_04/batch_20260918T112933.749252Z_8b7df07e.json.gz,20260918T112933.749252Z_8b7df07e,7d677e67-ac07-455b-ae12-d922bc6fe728,rootkit,mixed,100,100,100,100,0,0,50409.4,50409.4,64953.5,96406.00000000006,nan,nan,nan
D3-r1-test,results/d3_formal/raw_r1/test/boot_04/batch_20260918T112948.349343Z_5b6ab915.json.gz,20260918T112948.349343Z_5b6ab915,7d677e67-ac07-455b-ae12-d922bc6fe728,rootkit,mixed,100,100,100,100,0,0,51290.2,51290.2,63512.5,95832.60000000011,nan,nan,nan
D3-r1-test,results/d3_formal/raw_r1/test/boot_04/batch_20260918T113003.074571Z_bc086215.json.gz,20260918T113003.074571Z_bc086215,7d677e67-ac07-455b-ae12-d922bc6fe728,rootkit,mixed,100,100,100,100,0,0,44197.0,44197.0,57313.5,72552.8,nan,nan,nan
D3-r1-test,results/d3_formal/raw_r1/test/boot_04/batch_20260918T113017.849337Z_66adb1ba.json.gz,20260918T113017.849337Z_66adb1ba,7d677e67-ac07-455b-ae12-d922bc6fe728,rootkit,mixed,100,100,100,100,0,0,47067.2,47067.2,59461.5,86991.40000000005,nan,nan,nan
D3-r1-test,results/d3_formal/raw_r1/test/boot_04/batch_20260918T113032.937757Z_d5da8a58.json.gz,20260918T113032.937757Z_d5da8a58,7d677e67-ac07-455b-ae12-d922bc6fe728,rootkit,mixed,100,100,100,100,0,0,51701.1,51701.1,66042.5,91003.1,nan,nan,nan
D3-r1-test,results/d3_formal/raw_r1/test/boot_04/batch_20260918T113047.854852Z_dc11eecb.json.gz,20260918T113047.854852Z_dc11eecb,7d677e67-ac07-455b-ae12-d922bc6fe728,rootkit,mixed,100,100,100,100,0,0,49983.7,49983.7,61681.0,76185.3,nan,nan,nan
D3-r1-test,results/d3_formal/raw_r1/test/boot_04/batch_20260918T113102.587387Z_33402d23.json.gz,20260918T113102.587387Z_33402d23,7d677e67-ac07-455b-ae12-d922bc6fe728,rootkit,mixed,100,100,100,100,0,0,50034.4,50034.4,62208.5,83226.70000000001,nan,nan,nan
D3-r1-test,results/d3_formal/raw_r1/test/boot_04/batch_20260918T113117.220978Z_df741ee0.json.gz,20260918T113117.220978Z_df741ee0,7d677e67-ac07-455b-ae12-d922bc6fe728,rootkit,mixed,100,100,100,100,0,0,44880.9,44880.9,61461.5,72357.90000000001,nan,nan,nan
D3-r1-test,results/d3_formal/raw_r1/test/boot_04/batch_20260918T113132.352977Z_b0e00413.json.gz,20260918T113132.352977Z_b0e00413,7d677e67-ac07-455b-ae12-d922bc6fe728,rootkit,mixed,100,100,100,100,0,0,46331.7,46331.7,63966.0,88066.8,nan,nan,nan
D3-r1-test,results/d3_formal/raw_r1/test/boot_04/batch_20260918T113148.099427Z_8feebb2e.json.gz,20260918T113148.099427Z_8feebb2e,7d677e67-ac07-455b-ae12-d922bc6fe728,rootkit,mixed,100,100,100,100,0,0,51768.9,51768.9,64572.5,82184.40000000001,nan,nan,nan
D3-r1-test,results/d3_formal/raw_r1/test/boot_04/batch_20260918T113202.742863Z_aef89aea.json.gz,20260918T113202.742863Z_aef89aea,7d677e67-ac07-455b-ae12-d922bc6fe728,rootkit,mixed,100,100,100,100,0,0,50164.2,50164.2,63247.0,76570.40000000002,nan,nan,nan
D3-r1-test,results/d3_formal/raw_r1/test/boot_04/batch_20260918T113218.771072Z_9d1e840b.json.gz,20260918T113218.771072Z_9d1e840b,7d677e67-ac07-455b-ae12-d922bc6fe728,rootkit,mixed,100,100,100,100,0,0,49900.0,49900.0,65534.5,96992.70000000008,nan,nan,nan
D3-r1-test,results/d3_formal/raw_r1/test/boot_04/batch_20260918T113233.766218Z_076662c9.json.gz,20260918T113233.766218Z_076662c9,7d677e67-ac07-455b-ae12-d922bc6fe728,rootkit,mixed,100,100,100,100,0,0,45127.3,45127.3,61478.5,72857.10000000002,nan,nan,nan
D3-r1-test,results/d3_formal/raw_r1/test/boot_04/batch_20260918T113248.992130Z_5b83659e.json.gz,20260918T113248.992130Z_5b83659e,7d677e67-ac07-455b-ae12-d922bc6fe728,rootkit,cpu,100,100,100,100,0,0,45841.5,45841.5,56655.5,74477.80000000003,nan,nan,nan
D3-r1-test,results/d3_formal/raw_r1/test/boot_04/batch_20260918T113300.774415Z_12e952b7.json.gz,20260918T113300.774415Z_12e952b7,7d677e67-ac07-455b-ae12-d922bc6fe728,rootkit,cpu,100,100,100,100,0,0,49904.1,49904.1,66476.0,98545.6,nan,nan,nan
D3-r1-test,results/d3_formal/raw_r1/test/boot_04/batch_20260918T113316.502019Z_d722a49f.json.gz,20260918T113316.502019Z_d722a49f,7d677e67-ac07-455b-ae12-d922bc6fe728,rootkit,cpu,100,100,100,100,0,0,49179.7,49179.7,60933.0,83611.20000000001,nan,nan,nan
D3-r1-test,results/d3_formal/raw_r1/test/boot_04/batch_20260918T113328.869534Z_7ecbb730.json.gz,20260918T113328.869534Z_7ecbb730,7d677e67-ac07-455b-ae12-d922bc6fe728,rootkit,cpu,100,100,100,100,0,0,48827.7,48827.7,61415.0,92610.20000000004,nan,nan,nan
D3-r1-test,results/d3_formal/raw_r1/test/boot_04/batch_20260918T113343.542859Z_c1224ef0.json.gz,20260918T113343.542859Z_c1224ef0,7d677e67-ac07-455b-ae12-d922bc6fe728,rootkit,cpu,100,100,100,100,0,0,51218.7,51218.7,62157.0,83007.70000000013,nan,nan,nan
D3-r1-test,results/d3_formal/raw_r1/test/boot_04/batch_20260918T113359.265729Z_769bc72d.json.gz,20260918T113359.265729Z_769bc72d,7d677e67-ac07-455b-ae12-d922bc6fe728,rootkit,cpu,100,100,100,100,0,0,25476.7,25476.7,58738.5,82474.00000000001,nan,nan,nan
D3-r1-test,results/d3_formal/raw_r1/test/boot_04/batch_20260918T113415.311966Z_3ae75cc7.json.gz,20260918T113415.311966Z_3ae75cc7,7d677e67-ac07-455b-ae12-d922bc6fe728,rootkit,cpu,100,100,100,100,0,0,47201.5,47201.5,63978.5,82121.20000000001,nan,nan,nan
D3-r1-test,results/d3_formal/raw_r1/test/boot_04/batch_20260918T113428.333745Z_c182f1fa.json.gz,20260918T113428.333745Z_c182f1fa,7d677e67-ac07-455b-ae12-d922bc6fe728,rootkit,cpu,100,100,100,100,0,0,48457.5,48457.5,65538.0,107803.30000000003,nan,nan,nan
D3-r1-test,results/d3_formal/raw_r1/test/boot_04/batch_20260918T113443.432216Z_8d14c0a5.json.gz,20260918T113443.432216Z_8d14c0a5,7d677e67-ac07-455b-ae12-d922bc6fe728,rootkit,cpu,100,100,100,100,0,0,45777.4,45777.4,65979.0,99843.00000000003,nan,nan,nan
D3-r1-test,results/d3_formal/raw_r1/test/boot_04/batch_20260918T113458.035838Z_5e3dd657.json.gz,20260918T113458.035838Z_5e3dd657,7d677e67-ac07-455b-ae12-d922bc6fe728,rootkit,cpu,100,100,100,100,0,0,50244.1,50244.1,65645.0,78912.40000000001,nan,nan,nan
D3-r1-test,results/d3_formal/raw_r1/test/boot_04/batch_20260918T113513.169723Z_e9294263.json.gz,20260918T113513.169723Z_e9294263,7d677e67-ac07-455b-ae12-d922bc6fe728,rootkit,cpu,100,100,100,100,0,0,49989.5,49989.5,68456.5,92990.00000000001,nan,nan,nan
D3-r1-test,results/d3_formal/raw_r1/test/boot_04/batch_20260918T113528.643487Z_48469129.json.gz,20260918T113528.643487Z_48469129,7d677e67-ac07-455b-ae12-d922bc6fe728,rootkit,cpu,100,100,100,100,0,0,55159.7,55159.7,70073.5,128147.10000000011,nan,nan,nan
D3-r1-test,results/d3_formal/raw_r1/test/boot_04/batch_20260918T113543.746096Z_c16c74c3.json.gz,20260918T113543.746096Z_c16c74c3,7d677e67-ac07-455b-ae12-d922bc6fe728,rootkit,cpu,100,100,100,100,0,0,50663.5,50663.5,66312.0,90530.10000000002,nan,nan,nan
D3-r1-test,results/d3_formal/raw_r1/test/boot_04/batch_20260918T113559.341734Z_40247d6d.json.gz,20260918T113559.341734Z_40247d6d,7d677e67-ac07-455b-ae12-d922bc6fe728,rootkit,cpu,100,100,100,100,0,0,50819.9,50819.9,68427.0,116648.3,nan,nan,nan
D3-r1-test,results/d3_formal/raw_r1/test/boot_04/batch_20260918T113615.371718Z_88025962.json.gz,20260918T113615.371718Z_88025962,7d677e67-ac07-455b-ae12-d922bc6fe728,rootkit,cpu,100,100,100,100,0,0,50900.6,50900.6,69424.0,119245.70000000016,nan,nan,nan
D3-r1-test,results/d3_formal/raw_r1/test/boot_04/batch_20260918T113630.673274Z_66c2c2bf.json.gz,20260918T113630.673274Z_66c2c2bf,7d677e67-ac07-455b-ae12-d922bc6fe728,rootkit,cpu,100,100,100,100,0,0,47024.8,47024.8,65066.0,88452.80000000002,nan,nan,nan
D3-r1-test,results/d3_formal/raw_r1/test/boot_04/batch_20260918T113645.917408Z_4fbf0a73.json.gz,20260918T113645.917408Z_4fbf0a73,7d677e67-ac07-455b-ae12-d922bc6fe728,rootkit,cpu,100,100,100,100,0,0,45279.7,45279.7,60921.5,89437.30000000002,nan,nan,nan
D3-r1-test,results/d3_formal/raw_r1/test/boot_04/batch_20260918T113700.857692Z_ac56d4c9.json.gz,20260918T113700.857692Z_ac56d4c9,7d677e67-ac07-455b-ae12-d922bc6fe728,rootkit,cpu,100,100,100,100,0,0,47792.4,47792.4,59322.5,70317.3,nan,nan,nan
D3-r1-test,results/d3_formal/raw_r1/test/boot_04/batch_20260918T113716.009988Z_54dd7461.json.gz,20260918T113716.009988Z_54dd7461,7d677e67-ac07-455b-ae12-d922bc6fe728,rootkit,cpu,100,100,100,100,0,0,48837.6,48837.6,64890.0,77818.00000000001,nan,nan,nan
D3-r1-test,results/d3_formal/raw_r1/test/boot_04/batch_20260918T113730.389318Z_79bb63f7.json.gz,20260918T113730.389318Z_79bb63f7,7d677e67-ac07-455b-ae12-d922bc6fe728,rootkit,cpu,100,100,100,100,0,0,46529.2,46529.2,58244.5,78497.7000000001,nan,nan,nan
D3-r1-test,results/d3_formal/raw_r1/test/boot_04/batch_20260918T113745.583568Z_49f49c03.json.gz,20260918T113745.583568Z_49f49c03,7d677e67-ac07-455b-ae12-d922bc6fe728,rootkit,cpu,100,100,100,100,0,0,50912.5,50912.5,63125.0,86940.90000000004,nan,nan,nan
D3-r1-test,results/d3_formal/raw_r1/test/boot_04/batch_20260918T113800.043791Z_dd54cd8e.json.gz,20260918T113800.043791Z_dd54cd8e,7d677e67-ac07-455b-ae12-d922bc6fe728,rootkit,cpu,100,100,100,100,0,0,45419.5,45419.5,59423.0,84581.7,nan,nan,nan
D3-r1-test,results/d3_formal/raw_r1/test/boot_04/batch_20260918T113814.521307Z_477bc59b.json.gz,20260918T113814.521307Z_477bc59b,7d677e67-ac07-455b-ae12-d922bc6fe728,rootkit,cpu,100,100,100,100,0,0,47786.9,47786.9,61102.0,72631.00000000001,nan,nan,nan
D3-r1-test,results/d3_formal/raw_r1/test/boot_04/batch_20260918T113828.754831Z_981313f5.json.gz,20260918T113828.754831Z_981313f5,7d677e67-ac07-455b-ae12-d922bc6fe728,rootkit,cpu,100,100,100,100,0,0,49052.0,49052.0,60916.5,92122.8000000001,nan,nan,nan
D3-r1-test,results/d3_formal/raw_r1/test/boot_04/batch_20260918T113843.661121Z_e13c77fb.json.gz,20260918T113843.661121Z_e13c77fb,7d677e67-ac07-455b-ae12-d922bc6fe728,rootkit,cpu,100,100,100,100,0,0,53463.6,53463.6,63489.0,87981.20000000004,nan,nan,nan
D3-r1-test,results/d3_formal/raw_r1/test/boot_04/batch_20260918T113858.300058Z_80a69a23.json.gz,20260918T113858.300058Z_80a69a23,7d677e67-ac07-455b-ae12-d922bc6fe728,rootkit,cpu,100,100,100,100,0,0,54051.5,54051.5,65676.0,90101.10000000002,nan,nan,nan
D3-r1-test,results/d3_formal/raw_r1/test/boot_04/batch_20260918T113913.038740Z_4314d23a.json.gz,20260918T113913.038740Z_4314d23a,7d677e67-ac07-455b-ae12-d922bc6fe728,rootkit,cpu,100,100,100,100,0,0,48794.7,48794.7,63483.5,92067.8,nan,nan,nan
D3-r1-test,results/d3_formal/raw_r1/test/boot_04/batch_20260918T113928.014886Z_ffb08045.json.gz,20260918T113928.014886Z_ffb08045,7d677e67-ac07-455b-ae12-d922bc6fe728,rootkit,cpu,100,100,100,100,0,0,46538.5,46538.5,62584.5,91358.30000000002,nan,nan,nan
D3-r1-test,results/d3_formal/raw_r1/test/boot_04/batch_20260918T113942.591693Z_aba59c13.json.gz,20260918T113942.591693Z_aba59c13,7d677e67-ac07-455b-ae12-d922bc6fe728,rootkit,cpu,100,100,100,100,0,0,48929.4,48929.4,63143.0,93793.30000000005,nan,nan,nan
D3-r1-test,results/d3_formal/raw_r1/test/boot_04/batch_20260918T113957.111014Z_c6982ea3.json.gz,20260918T113957.111014Z_c6982ea3,7d677e67-ac07-455b-ae12-d922bc6fe728,rootkit,cpu,100,100,100,100,0,0,51478.7,51478.7,65689.0,88668.70000000003,nan,nan,nan
D3-r1-test,results/d3_formal/raw_r1/test/boot_04/batch_20260918T114005.222578Z_baf22a73.json.gz,20260918T114005.222578Z_baf22a73,7d677e67-ac07-455b-ae12-d922bc6fe728,normal,baseline,100,200,100,0,100,0,14525.0,106765.5,130073.0,187198.6,14407.4,14952.5,22441.2
D3-r1-test,results/d3_formal/raw_r1/test/boot_04/batch_20260918T114013.123995Z_eda9bbfb.json.gz,20260918T114013.123995Z_eda9bbfb,7d677e67-ac07-455b-ae12-d922bc6fe728,normal,baseline,100,200,100,0,100,0,15057.3,109739.5,153158.5,213816.90000000002,14704.9,19537.0,22506.600000000002
D3-r1-test,results/d3_formal/raw_r1/test/boot_04/batch_20260918T114021.111155Z_3975f730.json.gz,20260918T114021.111155Z_3975f730,7d677e67-ac07-455b-ae12-d922bc6fe728,normal,baseline,100,200,100,0,100,0,14616.1,106595.5,137315.0,209944.7,14423.9,15040.5,23089.100000000002
D3-r1-test,results/d3_formal/raw_r1/test/boot_04/batch_20260918T114029.252579Z_3a581dc9.json.gz,20260918T114029.252579Z_3a581dc9,7d677e67-ac07-455b-ae12-d922bc6fe728,normal,baseline,100,200,100,0,100,0,14478.3,106761.2,142137.5,234435.6,14300.3,15036.5,22621.9
D3-r1-test,results/d3_formal/raw_r1/test/boot_04/batch_20260918T114037.262205Z_cb059926.json.gz,20260918T114037.262205Z_cb059926,7d677e67-ac07-455b-ae12-d922bc6fe728,normal,baseline,100,200,100,0,100,0,14610.9,110149.2,165966.5,225884.70000000004,14446.7,18917.5,22199.600000000002
D3-r1-test,results/d3_formal/raw_r1/test/boot_04/batch_20260918T114045.704502Z_9abf98e4.json.gz,20260918T114045.704502Z_9abf98e4,7d677e67-ac07-455b-ae12-d922bc6fe728,normal,baseline,100,200,100,0,100,0,14566.7,108533.6,152688.5,215648.40000000002,14441.7,17679.5,22352.100000000002
D3-r1-test,results/d3_formal/raw_r1/test/boot_04/batch_20260918T114054.875158Z_81fe0ece.json.gz,20260918T114054.875158Z_81fe0ece,7d677e67-ac07-455b-ae12-d922bc6fe728,normal,baseline,100,200,100,0,100,0,14475.3,107509.2,142461.0,220203.10000000003,14357.7,16414.0,21624.0
D3-r1-test,results/d3_formal/raw_r1/test/boot_04/batch_20260918T114102.713463Z_032c24ac.json.gz,20260918T114102.713463Z_032c24ac,7d677e67-ac07-455b-ae12-d922bc6fe728,normal,baseline,100,200,100,0,100,0,14574.6,106385.2,134281.0,197982.00000000003,14462.9,15215.0,22435.800000000003
D3-r1-test,results/d3_formal/raw_r1/test/boot_04/batch_20260918T114110.656742Z_2ed64f3c.json.gz,20260918T114110.656742Z_2ed64f3c,7d677e67-ac07-455b-ae12-d922bc6fe728,normal,baseline,100,200,100,0,100,0,14687.2,107930.1,146640.5,214543.70000000013,14468.6,15265.0,22356.5
D3-r1-test,results/d3_formal/raw_r1/test/boot_04/batch_20260918T114118.499951Z_efcb3b66.json.gz,20260918T114118.499951Z_efcb3b66,7d677e67-ac07-455b-ae12-d922bc6fe728,normal,baseline,100,200,100,0,100,0,14480.3,106401.0,134936.0,185591.50000000003,14369.1,14889.5,22032.4
D3-r1-test,results/d3_formal/raw_r1/test/boot_04/batch_20260918T114127.239099Z_21b502c1.json.gz,20260918T114127.239099Z_21b502c1,7d677e67-ac07-455b-ae12-d922bc6fe728,normal,baseline,100,200,100,0,100,0,14686.0,108553.4,145089.5,197955.2,14482.6,15302.5,22207.4
D3-r1-test,results/d3_formal/raw_r1/test/boot_04/batch_20260918T114134.755774Z_6ab9d023.json.gz,20260918T114134.755774Z_6ab9d023,7d677e67-ac07-455b-ae12-d922bc6fe728,normal,baseline,100,200,100,0,100,0,14569.3,105442.6,133821.0,192009.10000000006,14460.6,14909.0,21217.700000000004
D3-r1-test,results/d3_formal/raw_r1/test/boot_04/batch_20260918T114142.228730Z_64266b7f.json.gz,20260918T114142.228730Z_64266b7f,7d677e67-ac07-455b-ae12-d922bc6fe728,normal,baseline,100,200,100,0,100,0,20964.2,146410.9,161854.0,206101.90000000002,19588.0,22157.5,22709.9
D3-r1-test,results/d3_formal/raw_r1/test/boot_04/batch_20260918T114149.577350Z_dc911899.json.gz,20260918T114149.577350Z_dc911899,7d677e67-ac07-455b-ae12-d922bc6fe728,normal,baseline,100,200,100,0,100,0,19171.6,132967.7,158948.0,210778.10000000003,17599.600000000002,22148.0,22947.100000000002
D3-r1-test,results/d3_formal/raw_r1/test/boot_04/batch_20260918T114157.102072Z_4f00e743.json.gz,20260918T114157.102072Z_4f00e743,7d677e67-ac07-455b-ae12-d922bc6fe728,normal,baseline,100,200,100,0,100,0,14762.1,105115.4,152016.5,201486.10000000003,14495.2,19501.0,23290.9
D3-r1-test,results/d3_formal/raw_r1/test/boot_04/batch_20260918T114204.733182Z_b44ac175.json.gz,20260918T114204.733182Z_b44ac175,7d677e67-ac07-455b-ae12-d922bc6fe728,normal,baseline,100,200,100,0,100,0,14333.2,103915.2,111122.0,164959.20000000004,14250.0,14804.5,21955.7
D3-r1-test,results/d3_formal/raw_r1/test/boot_04/batch_20260918T114212.684987Z_b06a696b.json.gz,20260918T114212.684987Z_b06a696b,7d677e67-ac07-455b-ae12-d922bc6fe728,normal,baseline,100,200,100,0,100,0,14663.7,106674.9,154542.0,213033.70000000016,14541.4,18458.0,22000.600000000002
D3-r1-test,results/d3_formal/raw_r1/test/boot_04/batch_20260918T114220.415639Z_7e08ff3e.json.gz,20260918T114220.415639Z_7e08ff3e,7d677e67-ac07-455b-ae12-d922bc6fe728,normal,baseline,100,200,100,0,100,0,14425.3,104441.6,133333.5,200587.1,14357.9,14802.5,22547.0
D3-r1-test,results/d3_formal/raw_r1/test/boot_04/batch_20260918T114227.570566Z_82ff2549.json.gz,20260918T114227.570566Z_82ff2549,7d677e67-ac07-455b-ae12-d922bc6fe728,normal,baseline,100,200,100,0,100,0,14589.5,105165.8,134378.5,194463.7,14435.7,14997.0,22582.800000000003
D3-r1-test,results/d3_formal/raw_r1/test/boot_04/batch_20260918T114234.967427Z_e14f58df.json.gz,20260918T114234.967427Z_e14f58df,7d677e67-ac07-455b-ae12-d922bc6fe728,normal,baseline,100,200,100,0,100,0,14438.2,104668.0,134389.5,194378.60000000006,14331.3,14919.5,24335.900000000016
D3-r1-test,results/d3_formal/raw_r1/test/boot_04/batch_20260918T114242.580522Z_5b485488.json.gz,20260918T114242.580522Z_5b485488,7d677e67-ac07-455b-ae12-d922bc6fe728,normal,baseline,100,200,100,0,100,0,20698.5,144439.5,180840.0,238760.1,19578.0,22527.0,27911.800000000032
D3-r1-test,results/d3_formal/raw_r1/test/boot_04/batch_20260918T114250.208639Z_e1411056.json.gz,20260918T114250.208639Z_e1411056,7d677e67-ac07-455b-ae12-d922bc6fe728,normal,baseline,100,200,100,0,100,0,14441.4,104273.7,124975.5,186144.80000000002,14336.4,14997.0,23049.700000000004
D3-r1-test,results/d3_formal/raw_r1/test/boot_04/batch_20260918T114257.390311Z_737108cf.json.gz,20260918T114257.390311Z_737108cf,7d677e67-ac07-455b-ae12-d922bc6fe728,normal,baseline,100,200,100,0,100,0,14426.5,104325.6,108160.0,185908.00000000006,14301.4,14696.5,21700.000000000004
D3-r1-test,results/d3_formal/raw_r1/test/boot_04/batch_20260918T114305.078882Z_33c6be0c.json.gz,20260918T114305.078882Z_33c6be0c,7d677e67-ac07-455b-ae12-d922bc6fe728,normal,baseline,100,200,100,0,100,0,14794.8,106156.8,151370.5,205833.90000000008,14430.9,20247.0,22671.2
D3-r1-test,results/d3_formal/raw_r1/test/boot_04/batch_20260918T114312.730444Z_31d7970e.json.gz,20260918T114312.730444Z_31d7970e,7d677e67-ac07-455b-ae12-d922bc6fe728,normal,baseline,100,200,100,0,100,0,20723.5,141085.7,166568.0,235539.20000000004,19257.7,22193.0,24465.100000000002
D3-r1-test,results/d3_formal/raw_r1/test/boot_04/batch_20260918T114320.182782Z_51c55485.json.gz,20260918T114320.182782Z_51c55485,7d677e67-ac07-455b-ae12-d922bc6fe728,normal,baseline,100,200,100,0,100,0,14450.0,104293.9,121623.0,160504.3000000001,14348.7,14749.0,20069.100000000002
D3-r1-test,results/d3_formal/raw_r1/test/boot_04/batch_20260918T114327.785166Z_cf4b4d9a.json.gz,20260918T114327.785166Z_cf4b4d9a,7d677e67-ac07-455b-ae12-d922bc6fe728,normal,baseline,100,200,100,0,100,0,20167.8,141342.8,166642.0,224055.50000000003,19612.3,22319.0,23213.600000000002
D3-r1-test,results/d3_formal/raw_r1/test/boot_04/batch_20260918T114335.806393Z_2da0054f.json.gz,20260918T114335.806393Z_2da0054f,7d677e67-ac07-455b-ae12-d922bc6fe728,normal,baseline,100,200,100,0,100,0,19541.4,146861.9,174053.0,240984.10000000015,18325.3,22142.5,22980.3
D3-r1-test,results/d3_formal/raw_r1/test/boot_04/batch_20260918T114342.851325Z_7b625a4b.json.gz,20260918T114342.851325Z_7b625a4b,7d677e67-ac07-455b-ae12-d922bc6fe728,normal,baseline,100,200,100,0,100,0,14408.8,104778.3,108142.0,164354.10000000006,14281.6,14746.0,20158.000000000015
D3-r1-test,results/d3_formal/raw_r1/test/boot_04/batch_20260918T114350.020127Z_20c9fbab.json.gz,20260918T114350.020127Z_20c9fbab,7d677e67-ac07-455b-ae12-d922bc6fe728,normal,baseline,100,200,100,0,100,0,14515.4,106038.6,137276.5,201987.1,14402.8,15504.5,23067.600000000002
D3-r1-test,results/d3_formal/raw_r1/test/boot_04/batch_20260918T114403.867966Z_96711323.json.gz,20260918T114403.867966Z_96711323,7d677e67-ac07-455b-ae12-d922bc6fe728,normal,mixed,100,200,100,0,100,0,18705.3,127890.1,159210.5,212649.0,15969.2,20880.5,23035.400000000005
D3-r1-test,results/d3_formal/raw_r1/test/boot_04/batch_20260918T114417.789525Z_a6dd24bc.json.gz,20260918T114417.789525Z_a6dd24bc,7d677e67-ac07-455b-ae12-d922bc6fe728,normal,mixed,100,200,100,0,100,0,16774.9,116646.5,154646.5,183772.80000000002,14659.2,20851.5,22518.4
D3-r1-test,results/d3_formal/raw_r1/test/boot_04/batch_20260918T114432.002596Z_073f7b08.json.gz,20260918T114432.002596Z_073f7b08,7d677e67-ac07-455b-ae12-d922bc6fe728,normal,mixed,100,200,100,0,100,0,16241.2,114162.0,151111.0,196277.70000000007,14599.6,20386.5,23426.7
D3-r1-test,results/d3_formal/raw_r1/test/boot_04/batch_20260918T114446.247957Z_ec6ee5d9.json.gz,20260918T114446.247957Z_ec6ee5d9,7d677e67-ac07-455b-ae12-d922bc6fe728,normal,mixed,100,200,100,0,100,0,17731.7,121244.4,155672.0,203216.0,16071.4,20294.0,22600.0
D3-r1-test,results/d3_formal/raw_r1/test/boot_04/batch_20260918T114500.389567Z_a3cfc136.json.gz,20260918T114500.389567Z_a3cfc136,7d677e67-ac07-455b-ae12-d922bc6fe728,normal,mixed,100,200,100,0,100,0,17884.100000000002,108478.3,152436.5,192410.6,14668.4,20192.0,23775.4
D3-r1-test,results/d3_formal/raw_r1/test/boot_04/batch_20260918T114514.489396Z_2a7c14d0.json.gz,20260918T114514.489396Z_2a7c14d0,7d677e67-ac07-455b-ae12-d922bc6fe728,normal,mixed,100,200,100,0,100,0,16883.9,111559.9,152762.0,184452.0,14653.0,20705.5,22867.5
D3-r1-test,results/d3_formal/raw_r1/test/boot_04/batch_20260918T114528.738774Z_3efa6597.json.gz,20260918T114528.738774Z_3efa6597,7d677e67-ac07-455b-ae12-d922bc6fe728,normal,mixed,100,200,100,0,100,0,15794.800000000001,114118.4,152418.5,208220.9,14613.5,20536.5,22826.0
D3-r1-test,results/d3_formal/raw_r1/test/boot_04/batch_20260918T114542.730975Z_117edd9f.json.gz,20260918T114542.730975Z_117edd9f,7d677e67-ac07-455b-ae12-d922bc6fe728,normal,mixed,100,200,100,0,100,0,16560.1,116013.8,147838.5,181164.00000000006,14836.7,19766.0,22943.6
D3-r1-test,results/d3_formal/raw_r1/test/boot_04/batch_20260918T114556.963098Z_e4631163.json.gz,20260918T114556.963098Z_e4631163,7d677e67-ac07-455b-ae12-d922bc6fe728,normal,mixed,100,200,100,0,100,0,16750.9,127423.3,154506.0,182424.00000000003,16000.9,20361.5,23927.400000000005
D3-r1-test,results/d3_formal/raw_r1/test/boot_04/batch_20260918T114611.168734Z_b0403fb7.json.gz,20260918T114611.168734Z_b0403fb7,7d677e67-ac07-455b-ae12-d922bc6fe728,normal,mixed,100,200,100,0,100,0,17728.3,119934.2,153508.0,190358.2,15676.8,20579.5,22915.800000000003
D3-r1-test,results/d3_formal/raw_r1/test/boot_04/batch_20260918T114625.377301Z_27830d2e.json.gz,20260918T114625.377301Z_27830d2e,7d677e67-ac07-455b-ae12-d922bc6fe728,normal,mixed,100,200,100,0,100,0,19066.1,134940.9,156552.0,193403.80000000002,16291.6,20766.0,22772.600000000002
D3-r1-test,results/d3_formal/raw_r1/test/boot_04/batch_20260918T114639.315396Z_63a4fe73.json.gz,20260918T114639.315396Z_63a4fe73,7d677e67-ac07-455b-ae12-d922bc6fe728,normal,mixed,100,200,100,0,100,0,16220.7,125907.7,152593.0,192167.30000000002,14793.3,20407.5,22815.4
D3-r1-test,results/d3_formal/raw_r1/test/boot_04/batch_20260918T114653.543617Z_9b999b9d.json.gz,20260918T114653.543617Z_9b999b9d,7d677e67-ac07-455b-ae12-d922bc6fe728,normal,mixed,100,200,100,0,100,0,19149.7,127583.3,158594.0,192503.2,16527.6,21024.0,23050.200000000004
D3-r1-test,results/d3_formal/raw_r1/test/boot_04/batch_20260918T114707.860159Z_e90f8eb9.json.gz,20260918T114707.860159Z_e90f8eb9,7d677e67-ac07-455b-ae12-d922bc6fe728,normal,mixed,100,200,100,0,100,0,17331.4,115537.3,155332.0,176561.5,15188.6,20776.5,22892.7
D3-r1-test,results/d3_formal/raw_r1/test/boot_04/batch_20260918T114721.925832Z_05249f4b.json.gz,20260918T114721.925832Z_05249f4b,7d677e67-ac07-455b-ae12-d922bc6fe728,normal,mixed,100,200,100,0,100,0,19233.9,136866.4,155353.5,185131.1,15884.8,20779.5,23036.300000000003
D3-r1-test,results/d3_formal/raw_r1/test/boot_04/batch_20260918T114736.103695Z_528d902f.json.gz,20260918T114736.103695Z_528d902f,7d677e67-ac07-455b-ae12-d922bc6fe728,normal,mixed,100,200,100,0,100,0,16587.8,114602.3,154476.0,190527.00000000003,14546.3,20946.0,22986.600000000006
D3-r1-test,results/d3_formal/raw_r1/test/boot_04/batch_20260918T114750.170230Z_cfa88b66.json.gz,20260918T114750.170230Z_cfa88b66,7d677e67-ac07-455b-ae12-d922bc6fe728,normal,mixed,100,200,100,0,100,0,16757.2,112879.8,150999.0,202679.00000000003,15175.7,20321.5,22880.8
D3-r1-test,results/d3_formal/raw_r1/test/boot_04/batch_20260918T114804.453593Z_19f945c1.json.gz,20260918T114804.453593Z_19f945c1,7d677e67-ac07-455b-ae12-d922bc6fe728,normal,mixed,100,200,100,0,100,0,19054.2,137012.1,152838.0,178071.20000000007,18536.1,20710.5,23380.2
D3-r1-test,results/d3_formal/raw_r1/test/boot_04/batch_20260918T114818.443485Z_607f9f59.json.gz,20260918T114818.443485Z_607f9f59,7d677e67-ac07-455b-ae12-d922bc6fe728,normal,mixed,100,200,100,0,100,0,18523.2,126484.7,158037.0,190288.20000000004,15931.8,20842.5,22782.8
D3-r1-test,results/d3_formal/raw_r1/test/boot_04/batch_20260918T114832.814782Z_87ca49e4.json.gz,20260918T114832.814782Z_87ca49e4,7d677e67-ac07-455b-ae12-d922bc6fe728,normal,mixed,100,200,100,0,100,0,16479.2,116782.4,151482.5,181993.5,15141.6,20453.0,22789.600000000002
D3-r1-test,results/d3_formal/raw_r1/test/boot_04/batch_20260918T114847.803692Z_30fcdd7c.json.gz,20260918T114847.803692Z_30fcdd7c,7d677e67-ac07-455b-ae12-d922bc6fe728,normal,mixed,100,200,100,0,100,0,16023.7,111727.1,152795.0,192172.5,14595.6,20278.0,22841.3
D3-r1-test,results/d3_formal/raw_r1/test/boot_04/batch_20260918T114902.102801Z_52edfa47.json.gz,20260918T114902.102801Z_52edfa47,7d677e67-ac07-455b-ae12-d922bc6fe728,normal,mixed,100,200,100,0,100,0,17087.600000000002,123396.7,157029.5,195854.1,15941.9,21060.0,23337.2
D3-r1-test,results/d3_formal/raw_r1/test/boot_04/batch_20260918T114916.295973Z_fbf90a89.json.gz,20260918T114916.295973Z_fbf90a89,7d677e67-ac07-455b-ae12-d922bc6fe728,normal,mixed,100,200,100,0,100,0,16043.5,113382.2,150033.0,180133.40000000002,14664.7,20495.0,22659.1
D3-r1-test,results/d3_formal/raw_r1/test/boot_04/batch_20260918T114930.405906Z_a4240464.json.gz,20260918T114930.405906Z_a4240464,7d677e67-ac07-455b-ae12-d922bc6fe728,normal,mixed,100,200,100,0,100,0,16084.0,121572.1,151990.5,196039.60000000006,14743.8,20250.5,23144.8
D3-r1-test,results/d3_formal/raw_r1/test/boot_04/batch_20260918T114944.634100Z_95d69b40.json.gz,20260918T114944.634100Z_95d69b40,7d677e67-ac07-455b-ae12-d922bc6fe728,normal,mixed,100,200,100,0,100,0,18978.8,130597.9,159153.5,204358.30000000005,16448.7,20913.5,22699.3
D3-r1-test,results/d3_formal/raw_r1/test/boot_04/batch_20260918T114958.510200Z_6c3d88aa.json.gz,20260918T114958.510200Z_6c3d88aa,7d677e67-ac07-455b-ae12-d922bc6fe728,normal,mixed,100,200,100,0,100,0,16544.4,127072.0,153918.0,189907.30000000002,15776.300000000001,20658.0,23645.800000000003
D3-r1-test,results/d3_formal/raw_r1/test/boot_04/batch_20260918T115012.454494Z_45b4555d.json.gz,20260918T115012.454494Z_45b4555d,7d677e67-ac07-455b-ae12-d922bc6fe728,normal,mixed,100,200,100,0,100,0,16448.6,126379.0,153687.0,188087.6,15935.5,20301.0,22608.2
D3-r1-test,results/d3_formal/raw_r1/test/boot_04/batch_20260918T115026.646323Z_fc057b0f.json.gz,20260918T115026.646323Z_fc057b0f,7d677e67-ac07-455b-ae12-d922bc6fe728,normal,mixed,100,200,100,0,100,0,16375.7,111995.7,152534.5,186475.90000000005,14560.3,20353.0,22854.000000000007
D3-r1-test,results/d3_formal/raw_r1/test/boot_04/batch_20260918T115040.961786Z_fe36d41e.json.gz,20260918T115040.961786Z_fe36d41e,7d677e67-ac07-455b-ae12-d922bc6fe728,normal,mixed,100,200,100,0,100,0,16774.3,125052.9,153235.0,195858.40000000005,15864.2,20531.0,24328.7
D3-r1-test,results/d3_formal/raw_r1/test/boot_04/batch_20260918T115055.287699Z_4b773cf5.json.gz,20260918T115055.287699Z_4b773cf5,7d677e67-ac07-455b-ae12-d922bc6fe728,normal,mixed,100,200,100,0,100,0,16637.1,125789.5,155639.0,188551.9,14826.5,20467.5,22918.300000000007
D3-r1-test,results/d3_formal/raw_r1/test/boot_04/batch_20260918T115104.277945Z_aa1a60a7.json.gz,20260918T115104.277945Z_aa1a60a7,7d677e67-ac07-455b-ae12-d922bc6fe728,normal,memory,100,200,100,0,100,0,14755.5,105521.3,155846.5,205300.1,14456.0,19816.0,22818.4
D3-r1-test,results/d3_formal/raw_r1/test/boot_04/batch_20260918T115112.915138Z_191b44df.json.gz,20260918T115112.915138Z_191b44df,7d677e67-ac07-455b-ae12-d922bc6fe728,normal,memory,100,200,100,0,100,0,17735.8,107138.6,175286.0,218908.7,14551.8,20346.5,22619.2
D3-r1-test,results/d3_formal/raw_r1/test/boot_04/batch_20260918T115121.551725Z_b517d01c.json.gz,20260918T115121.551725Z_b517d01c,7d677e67-ac07-455b-ae12-d922bc6fe728,normal,memory,100,200,100,0,100,0,14685.3,104818.1,154712.0,209298.20000000007,14497.4,20244.0,22706.9
D3-r1-test,results/d3_formal/raw_r1/test/boot_04/batch_20260918T115130.268074Z_f68d5ca2.json.gz,20260918T115130.268074Z_f68d5ca2,7d677e67-ac07-455b-ae12-d922bc6fe728,normal,memory,100,200,100,0,100,0,19049.6,127038.5,178311.0,219676.4,15428.2,20620.5,22906.8
D3-r1-test,results/d3_formal/raw_r1/test/boot_04/batch_20260918T115138.939446Z_996d765e.json.gz,20260918T115138.939446Z_996d765e,7d677e67-ac07-455b-ae12-d922bc6fe728,normal,memory,100,200,100,0,100,0,16247.400000000003,106405.5,157301.5,221342.7,14528.7,21480.5,23100.7
D3-r1-test,results/d3_formal/raw_r1/test/boot_04/batch_20260918T115147.655595Z_0f4c8c25.json.gz,20260918T115147.655595Z_0f4c8c25,7d677e67-ac07-455b-ae12-d922bc6fe728,normal,memory,100,200,100,0,100,0,18365.4,105950.7,168926.5,218314.0000000001,14737.6,21353.0,22776.2
D3-r1-test,results/d3_formal/raw_r1/test/boot_04/batch_20260918T115156.590841Z_9f4546ec.json.gz,20260918T115156.590841Z_9f4546ec,7d677e67-ac07-455b-ae12-d922bc6fe728,normal,memory,100,200,100,0,100,0,14984.4,109469.6,165390.0,237509.30000000002,14614.0,20964.0,23004.300000000007
D3-r1-test,results/d3_formal/raw_r1/test/boot_04/batch_20260918T115205.220230Z_6aaae7f9.json.gz,20260918T115205.220230Z_6aaae7f9,7d677e67-ac07-455b-ae12-d922bc6fe728,normal,memory,100,200,100,0,100,0,14912.7,106124.0,171197.5,222128.10000000003,14643.2,19469.0,22364.7
D3-r1-test,results/d3_formal/raw_r1/test/boot_04/batch_20260918T115214.108164Z_cc759f7e.json.gz,20260918T115214.108164Z_cc759f7e,7d677e67-ac07-455b-ae12-d922bc6fe728,normal,memory,100,200,100,0,100,0,18930.7,107490.3,164548.0,203449.60000000006,14500.6,19594.0,22750.2
D3-r1-test,results/d3_formal/raw_r1/test/boot_04/batch_20260918T115222.935010Z_096888c7.json.gz,20260918T115222.935010Z_096888c7,7d677e67-ac07-455b-ae12-d922bc6fe728,normal,memory,100,200,100,0,100,0,14841.5,106197.9,174029.5,235055.20000000007,14626.8,19669.5,23150.2
D3-r1-test,results/d3_formal/raw_r1/test/boot_04/batch_20260918T115231.740459Z_220380d8.json.gz,20260918T115231.740459Z_220380d8,7d677e67-ac07-455b-ae12-d922bc6fe728,normal,memory,100,200,100,0,100,0,18836.9,107643.2,171596.0,213090.10000000006,14785.0,20027.0,22999.3
D3-r1-test,results/d3_formal/raw_r1/test/boot_04/batch_20260918T115240.540890Z_6e107e09.json.gz,20260918T115240.540890Z_6e107e09,7d677e67-ac07-455b-ae12-d922bc6fe728,normal,memory,100,200,100,0,100,0,18744.0,108804.7,160547.0,215263.90000000002,14631.6,20198.5,22919.0
D3-r1-test,results/d3_formal/raw_r1/test/boot_04/batch_20260918T115249.271788Z_5878aaa1.json.gz,20260918T115249.271788Z_5878aaa1,7d677e67-ac07-455b-ae12-d922bc6fe728,normal,memory,100,200,100,0,100,0,18937.6,115865.6,160935.0,213281.90000000005,14669.8,19971.0,23056.5
D3-r1-test,results/d3_formal/raw_r1/test/boot_04/batch_20260918T115257.973417Z_641c922e.json.gz,20260918T115257.973417Z_641c922e,7d677e67-ac07-455b-ae12-d922bc6fe728,normal,memory,100,200,100,0,100,0,17955.600000000002,107566.8,170979.0,239449.2,14702.0,19933.0,23293.5
D3-r1-test,results/d3_formal/raw_r1/test/boot_04/batch_20260918T115306.777921Z_07e42155.json.gz,20260918T115306.777921Z_07e42155,7d677e67-ac07-455b-ae12-d922bc6fe728,normal,memory,100,200,100,0,100,0,14669.9,105661.9,146632.5,201941.2,14552.0,19572.0,22438.7
D3-r1-test,results/d3_formal/raw_r1/test/boot_04/batch_20260918T115315.379990Z_6b1b3c59.json.gz,20260918T115315.379990Z_6b1b3c59,7d677e67-ac07-455b-ae12-d922bc6fe728,normal,memory,100,200,100,0,100,0,18339.3,107584.5,169720.0,224827.3,14548.7,21826.5,22890.4
D3-r1-test,results/d3_formal/raw_r1/test/boot_04/batch_20260918T115324.080335Z_0f242ea6.json.gz,20260918T115324.080335Z_0f242ea6,7d677e67-ac07-455b-ae12-d922bc6fe728,normal,memory,100,200,100,0,100,0,17289.500000000004,106690.0,159569.0,210070.80000000002,14529.4,20467.0,22643.600000000002
D3-r1-test,results/d3_formal/raw_r1/test/boot_04/batch_20260918T115332.695376Z_bebd1c45.json.gz,20260918T115332.695376Z_bebd1c45,7d677e67-ac07-455b-ae12-d922bc6fe728,normal,memory,100,200,100,0,100,0,14780.8,105866.6,156954.5,211954.30000000008,14535.0,21762.0,22811.100000000002
D3-r1-test,results/d3_formal/raw_r1/test/boot_04/batch_20260918T115341.474464Z_3d8bfe4a.json.gz,20260918T115341.474464Z_3d8bfe4a,7d677e67-ac07-455b-ae12-d922bc6fe728,normal,memory,100,200,100,0,100,0,14734.5,104988.7,155801.0,219974.0000000002,14563.6,21130.0,22858.1
D3-r1-test,results/d3_formal/raw_r1/test/boot_04/batch_20260918T115350.313081Z_d5de9db8.json.gz,20260918T115350.313081Z_d5de9db8,7d677e67-ac07-455b-ae12-d922bc6fe728,normal,memory,100,200,100,0,100,0,18702.2,106211.2,156768.0,199568.10000000003,14614.4,20982.5,23178.4
D3-r1-test,results/d3_formal/raw_r1/test/boot_04/batch_20260918T115359.109776Z_8470ee61.json.gz,20260918T115359.109776Z_8470ee61,7d677e67-ac07-455b-ae12-d922bc6fe728,normal,memory,100,200,100,0,100,0,14744.9,105907.7,151104.0,221035.90000000002,14481.8,19688.5,22953.3
D3-r1-test,results/d3_formal/raw_r1/test/boot_04/batch_20260918T115407.779182Z_630089cc.json.gz,20260918T115407.779182Z_630089cc,7d677e67-ac07-455b-ae12-d922bc6fe728,normal,memory,100,200,100,0,100,0,14884.8,106018.8,173028.5,208179.2,14681.8,19857.5,22597.3
D3-r1-test,results/d3_formal/raw_r1/test/boot_04/batch_20260918T115416.487563Z_6bc13746.json.gz,20260918T115416.487563Z_6bc13746,7d677e67-ac07-455b-ae12-d922bc6fe728,normal,memory,100,200,100,0,100,0,14704.9,106378.5,143209.0,194369.4000000001,14509.2,19367.5,22395.0
D3-r1-test,results/d3_formal/raw_r1/test/boot_04/batch_20260918T115425.248600Z_46c83075.json.gz,20260918T115425.248600Z_46c83075,7d677e67-ac07-455b-ae12-d922bc6fe728,normal,memory,100,200,100,0,100,0,14958.6,107427.9,167656.0,208677.2,14688.2,19681.0,22447.8
D3-r1-test,results/d3_formal/raw_r1/test/boot_04/batch_20260918T115434.038587Z_c0f986fd.json.gz,20260918T115434.038587Z_c0f986fd,7d677e67-ac07-455b-ae12-d922bc6fe728,normal,memory,100,200,100,0,100,0,15010.1,118036.2,164613.5,222232.40000000008,14670.6,19889.0,22747.4
D3-r1-test,results/d3_formal/raw_r1/test/boot_04/batch_20260918T115442.842575Z_fc9ac5e0.json.gz,20260918T115442.842575Z_fc9ac5e0,7d677e67-ac07-455b-ae12-d922bc6fe728,normal,memory,100,200,100,0,100,0,18581.800000000003,123373.5,171360.0,232270.10000000003,14566.3,19769.0,22420.7
D3-r1-test,results/d3_formal/raw_r1/test/boot_04/batch_20260918T115451.537466Z_fb29730d.json.gz,20260918T115451.537466Z_fb29730d,7d677e67-ac07-455b-ae12-d922bc6fe728,normal,memory,100,200,100,0,100,0,15103.6,108125.1,173458.0,206101.80000000005,14592.2,20034.5,22952.5
D3-r1-test,results/d3_formal/raw_r1/test/boot_04/batch_20260918T115500.300487Z_ab1caf1c.json.gz,20260918T115500.300487Z_ab1caf1c,7d677e67-ac07-455b-ae12-d922bc6fe728,normal,memory,100,200,100,0,100,0,14984.6,106108.9,175390.0,227437.9,14501.8,19670.5,22694.8
D3-r1-test,results/d3_formal/raw_r1/test/boot_04/batch_20260918T115509.014260Z_7900336d.json.gz,20260918T115509.014260Z_7900336d,7d677e67-ac07-455b-ae12-d922bc6fe728,normal,memory,100,200,100,0,100,0,15235.6,106651.5,157536.5,206803.60000000003,14631.9,21444.0,22719.5
D3-r1-test,results/d3_formal/raw_r1/test/boot_04/batch_20260918T115517.673335Z_2fd84cd3.json.gz,20260918T115517.673335Z_2fd84cd3,7d677e67-ac07-455b-ae12-d922bc6fe728,normal,memory,100,200,100,0,100,0,14694.8,107605.7,153162.5,206812.7000000001,14461.4,19483.5,23175.0
D3-r1-test,results/d3_formal/raw_r1/test/boot_04/batch_20260918T115531.804251Z_84c2c66d.json.gz,20260918T115531.804251Z_84c2c66d,7d677e67-ac07-455b-ae12-d922bc6fe728,normal,cpu,100,200,100,0,100,0,16102.7,118667.5,150298.0,193484.7,14764.5,20161.5,22138.600000000002
D3-r1-test,results/d3_formal/raw_r1/test/boot_04/batch_20260918T115545.936086Z_6eebd331.json.gz,20260918T115545.936086Z_6eebd331,7d677e67-ac07-455b-ae12-d922bc6fe728,normal,cpu,100,200,100,0,100,0,18866.0,131574.8,151422.0,194659.80000000013,16070.6,20408.5,23779.60000000001
D3-r1-test,results/d3_formal/raw_r1/test/boot_04/batch_20260918T115600.303428Z_0efb7d96.json.gz,20260918T115600.303428Z_0efb7d96,7d677e67-ac07-455b-ae12-d922bc6fe728,normal,cpu,100,200,100,0,100,0,18135.800000000003,108815.5,152624.5,190476.90000000005,14693.3,20878.0,22495.0
D3-r1-test,results/d3_formal/raw_r1/test/boot_04/batch_20260918T115614.311375Z_35481b9c.json.gz,20260918T115614.311375Z_35481b9c,7d677e67-ac07-455b-ae12-d922bc6fe728,normal,cpu,100,200,100,0,100,0,19256.9,133844.9,155276.0,212375.7,18473.1,21022.5,29482.200000000088
D3-r1-test,results/d3_formal/raw_r1/test/boot_04/batch_20260918T115628.428710Z_f284bbf0.json.gz,20260918T115628.428710Z_f284bbf0,7d677e67-ac07-455b-ae12-d922bc6fe728,normal,cpu,100,200,100,0,100,0,19021.9,127923.3,153888.0,192884.7,16156.2,20723.5,22855.9
D3-r1-test,results/d3_formal/raw_r1/test/boot_04/batch_20260918T115642.552841Z_5cdf13a7.json.gz,20260918T115642.552841Z_5cdf13a7,7d677e67-ac07-455b-ae12-d922bc6fe728,normal,cpu,100,200,100,0,100,0,16039.2,113239.6,148387.0,186899.10000000003,14785.8,20273.0,22832.000000000004
D3-r1-test,results/d3_formal/raw_r1/test/boot_04/batch_20260918T115656.716165Z_09417752.json.gz,20260918T115656.716165Z_09417752,7d677e67-ac07-455b-ae12-d922bc6fe728,normal,cpu,100,200,100,0,100,0,19129.0,137160.5,155548.0,191928.6,16841.0,20616.0,22662.500000000004
D3-r1-test,results/d3_formal/raw_r1/test/boot_04/batch_20260918T115710.952271Z_bfffdc18.json.gz,20260918T115710.952271Z_bfffdc18,7d677e67-ac07-455b-ae12-d922bc6fe728,normal,cpu,100,200,100,0,100,0,17936.7,118701.3,151283.5,185722.90000000002,15940.9,20055.5,22233.0
D3-r1-test,results/d3_formal/raw_r1/test/boot_04/batch_20260918T115725.126688Z_fe8677be.json.gz,20260918T115725.126688Z_fe8677be,7d677e67-ac07-455b-ae12-d922bc6fe728,normal,cpu,100,200,100,0,100,0,19593.0,131731.1,153968.0,180700.30000000002,15800.0,20787.0,22833.4
D3-r1-test,results/d3_formal/raw_r1/test/boot_04/batch_20260918T115739.386897Z_9289246c.json.gz,20260918T115739.386897Z_9289246c,7d677e67-ac07-455b-ae12-d922bc6fe728,normal,cpu,100,200,100,0,100,0,18749.0,126720.7,153076.0,191931.6,15767.4,20664.5,22509.8
D3-r1-test,results/d3_formal/raw_r1/test/boot_04/batch_20260918T115753.422865Z_a964fcf1.json.gz,20260918T115753.422865Z_a964fcf1,7d677e67-ac07-455b-ae12-d922bc6fe728,normal,cpu,100,200,100,0,100,0,16183.9,114884.6,151618.5,181229.80000000002,14816.4,20396.0,22663.600000000002
D3-r1-test,results/d3_formal/raw_r1/test/boot_04/batch_20260918T115807.255211Z_e03987ca.json.gz,20260918T115807.255211Z_e03987ca,7d677e67-ac07-455b-ae12-d922bc6fe728,normal,cpu,100,200,100,0,100,0,17070.2,112336.9,155052.0,186726.2,14677.9,20563.0,23280.90000000001
D3-r1-test,results/d3_formal/raw_r1/test/boot_04/batch_20260918T115821.768044Z_8c27d743.json.gz,20260918T115821.768044Z_8c27d743,7d677e67-ac07-455b-ae12-d922bc6fe728,normal,cpu,100,200,100,0,100,0,18870.5,125732.5,152571.5,185958.90000000002,16339.7,20411.0,22429.5
D3-r1-test,results/d3_formal/raw_r1/test/boot_04/batch_20260918T115835.917546Z_88a05500.json.gz,20260918T115835.917546Z_88a05500,7d677e67-ac07-455b-ae12-d922bc6fe728,normal,cpu,100,200,100,0,100,0,16193.9,120553.6,149403.0,197122.60000000003,15647.6,20361.5,24122.60000000001
D3-r1-test,results/d3_formal/raw_r1/test/boot_04/batch_20260918T115850.026709Z_526670c0.json.gz,20260918T115850.026709Z_526670c0,7d677e67-ac07-455b-ae12-d922bc6fe728,normal,cpu,100,200,100,0,100,0,18962.2,125706.0,158330.5,202541.80000000008,15895.0,20869.5,22635.4
D3-r1-test,results/d3_formal/raw_r1/test/boot_04/batch_20260918T115905.121968Z_da8c507d.json.gz,20260918T115905.121968Z_da8c507d,7d677e67-ac07-455b-ae12-d922bc6fe728,normal,cpu,100,200,100,0,100,0,17586.3,127541.5,153733.5,219580.00000000003,16557.5,20019.5,25496.200000000023
D3-r1-test,results/d3_formal/raw_r1/test/boot_04/batch_20260918T115918.512524Z_3c546847.json.gz,20260918T115918.512524Z_3c546847,7d677e67-ac07-455b-ae12-d922bc6fe728,normal,cpu,100,200,100,0,100,0,14584.7,107899.1,128654.5,190021.7,14419.8,16060.5,20807.10000000001
D3-r1-test,results/d3_formal/raw_r1/test/boot_04/batch_20260918T115931.800791Z_33d8d09d.json.gz,20260918T115931.800791Z_33d8d09d,7d677e67-ac07-455b-ae12-d922bc6fe728,normal,cpu,100,200,100,0,100,0,14539.7,105962.7,122469.5,178859.30000000002,14436.9,15066.5,17703.500000000004
D3-r1-test,results/d3_formal/raw_r1/test/boot_04/batch_20260918T115945.210964Z_b80f4681.json.gz,20260918T115945.210964Z_b80f4681,7d677e67-ac07-455b-ae12-d922bc6fe728,normal,cpu,100,200,100,0,100,0,14746.7,106526.6,125003.0,173719.7,14504.0,16486.5,18388.7
D3-r1-test,results/d3_formal/raw_r1/test/boot_04/batch_20260918T115958.668319Z_66978029.json.gz,20260918T115958.668319Z_66978029,7d677e67-ac07-455b-ae12-d922bc6fe728,normal,cpu,100,200,100,0,100,0,14557.5,105322.9,119826.0,159793.00000000003,14463.7,15032.0,17156.6
D3-r1-test,results/d3_formal/raw_r1/test/boot_04/batch_20260918T120012.103861Z_a767b598.json.gz,20260918T120012.103861Z_a767b598,7d677e67-ac07-455b-ae12-d922bc6fe728,normal,cpu,100,200,100,0,100,0,14658.3,106962.9,126939.0,179816.9,14514.9,16550.5,18482.000000000007
D3-r1-test,results/d3_formal/raw_r1/test/boot_04/batch_20260918T120025.612616Z_c11b30fa.json.gz,20260918T120025.612616Z_c11b30fa,7d677e67-ac07-455b-ae12-d922bc6fe728,normal,cpu,100,200,100,0,100,0,14543.6,107221.6,117955.5,160623.90000000008,14417.3,16301.5,22271.60000000002
D3-r1-test,results/d3_formal/raw_r1/test/boot_04/batch_20260918T120039.093047Z_bfedb16e.json.gz,20260918T120039.093047Z_bfedb16e,7d677e67-ac07-455b-ae12-d922bc6fe728,normal,cpu,100,200,100,0,100,0,14729.7,108446.9,126027.5,170020.20000000004,14547.4,16509.0,19715.500000000015
D3-r1-test,results/d3_formal/raw_r1/test/boot_04/batch_20260918T120052.558507Z_3b06fa51.json.gz,20260918T120052.558507Z_3b06fa51,7d677e67-ac07-455b-ae12-d922bc6fe728,normal,cpu,100,200,100,0,100,0,14576.4,105288.7,124329.0,142668.60000000003,14345.2,15693.0,22450.50000000003
D3-r1-test,results/d3_formal/raw_r1/test/boot_04/batch_20260918T120106.071223Z_de39d948.json.gz,20260918T120106.071223Z_de39d948,7d677e67-ac07-455b-ae12-d922bc6fe728,normal,cpu,100,200,100,0,100,0,14597.8,106638.0,127674.0,186538.7000000002,14411.8,15873.0,17486.100000000002
D3-r1-test,results/d3_formal/raw_r1/test/boot_04/batch_20260918T120119.511371Z_e8e1bd6e.json.gz,20260918T120119.511371Z_e8e1bd6e,7d677e67-ac07-455b-ae12-d922bc6fe728,normal,cpu,100,200,100,0,100,0,14558.5,106025.5,125159.5,169860.00000000003,14405.3,16306.0,18552.30000000001
D3-r1-test,results/d3_formal/raw_r1/test/boot_04/batch_20260918T120132.968230Z_c05c37c6.json.gz,20260918T120132.968230Z_c05c37c6,7d677e67-ac07-455b-ae12-d922bc6fe728,normal,cpu,100,200,100,0,100,0,14632.9,106205.7,123796.5,178027.30000000005,14429.0,15354.5,17811.6
D3-r1-test,results/d3_formal/raw_r1/test/boot_04/batch_20260918T120146.488897Z_41a6ae2a.json.gz,20260918T120146.488897Z_41a6ae2a,7d677e67-ac07-455b-ae12-d922bc6fe728,normal,cpu,100,200,100,0,100,0,14569.3,109142.4,127868.5,172430.10000000003,14467.0,15451.5,17787.100000000002
D3-r1-test,results/d3_formal/raw_r1/test/boot_04/batch_20260918T120159.948825Z_35d065ea.json.gz,20260918T120159.948825Z_35d065ea,7d677e67-ac07-455b-ae12-d922bc6fe728,normal,cpu,100,200,100,0,100,0,14574.7,105590.1,126905.0,173819.20000000004,14451.0,15091.0,17623.4
D3-r1-test,results/d3_formal/raw_r1/test/boot_04/batch_20260918T120213.271677Z_64c00cb3.json.gz,20260918T120213.271677Z_64c00cb3,7d677e67-ac07-455b-ae12-d922bc6fe728,normal,cpu,100,200,100,0,100,0,14532.4,107032.9,127172.0,159396.2,14464.8,16133.5,19121.700000000004
D3-r1-test,results/d3_formal/raw_r1/test/boot_05/batch_20260918T120239.650673Z_098377b6.json.gz,20260918T120239.650673Z_098377b6,7d9cd8f6-f1b9-4a3a-a784-7b3453a4210d,normal,memory,100,200,100,0,100,0,14358.0,103305.7,105555.0,126527.90000000004,14306.6,14555.5,15401.200000000003
D3-r1-test,results/d3_formal/raw_r1/test/boot_05/batch_20260918T120247.458718Z_a101295d.json.gz,20260918T120247.458718Z_a101295d,7d9cd8f6-f1b9-4a3a-a784-7b3453a4210d,normal,memory,100,200,100,0,100,0,14260.7,103178.7,105209.5,143370.6,14166.8,14428.5,14841.3
D3-r1-test,results/d3_formal/raw_r1/test/boot_05/batch_20260918T120255.230453Z_54d050b6.json.gz,20260918T120255.230453Z_54d050b6,7d9cd8f6-f1b9-4a3a-a784-7b3453a4210d,normal,memory,100,200,100,0,100,0,14300.8,103790.1,106351.0,155837.7,14205.8,14520.0,15231.900000000001
D3-r1-test,results/d3_formal/raw_r1/test/boot_05/batch_20260918T120303.048380Z_b7319175.json.gz,20260918T120303.048380Z_b7319175,7d9cd8f6-f1b9-4a3a-a784-7b3453a4210d,normal,memory,100,200,100,0,100,0,14221.6,102577.9,105027.0,137735.60000000006,14145.8,14439.5,14947.6
D3-r1-test,results/d3_formal/raw_r1/test/boot_05/batch_20260918T120310.898117Z_defd893b.json.gz,20260918T120310.898117Z_defd893b,7d9cd8f6-f1b9-4a3a-a784-7b3453a4210d,normal,memory,100,200,100,0,100,0,14361.4,102412.8,105135.5,152347.30000000002,14238.1,14559.5,15477.0
D3-r1-test,results/d3_formal/raw_r1/test/boot_05/batch_20260918T120318.867324Z_639594fa.json.gz,20260918T120318.867324Z_639594fa,7d9cd8f6-f1b9-4a3a-a784-7b3453a4210d,normal,memory,100,200,100,0,100,0,14335.9,104683.0,108308.5,162865.90000000002,14301.1,14588.5,15347.900000000001
D3-r1-test,results/d3_formal/raw_r1/test/boot_05/batch_20260918T120326.684324Z_26223641.json.gz,20260918T120326.684324Z_26223641,7d9cd8f6-f1b9-4a3a-a784-7b3453a4210d,normal,memory,100,200,100,0,100,0,14398.2,103688.5,105411.0,150610.30000000002,14277.1,14579.0,15066.5
D3-r1-test,results/d3_formal/raw_r1/test/boot_05/batch_20260918T120334.501759Z_a9a5b2ab.json.gz,20260918T120334.501759Z_a9a5b2ab,7d9cd8f6-f1b9-4a3a-a784-7b3453a4210d,normal,memory,100,200,100,0,100,0,14345.8,103678.0,105981.0,128390.70000000003,14238.0,14532.0,15042.4
D3-r1-test,results/d3_formal/raw_r1/test/boot_05/batch_20260918T120342.376282Z_a1175108.json.gz,20260918T120342.376282Z_a1175108,7d9cd8f6-f1b9-4a3a-a784-7b3453a4210d,normal,memory,100,200,100,0,100,0,14344.7,103433.4,105645.0,133200.2,14248.0,14562.5,15162.5
D3-r1-test,results/d3_formal/raw_r1/test/boot_05/batch_20260918T120350.133155Z_7ff8a582.json.gz,20260918T120350.133155Z_7ff8a582,7d9cd8f6-f1b9-4a3a-a784-7b3453a4210d,normal,memory,100,200,100,0,100,0,14391.8,103751.5,106055.5,148140.6,14307.2,14532.0,15071.6
D3-r1-test,results/d3_formal/raw_r1/test/boot_05/batch_20260918T120358.014458Z_ccc5fd49.json.gz,20260918T120358.014458Z_ccc5fd49,7d9cd8f6-f1b9-4a3a-a784-7b3453a4210d,normal,memory,100,200,100,0,100,0,14312.8,104794.3,109878.5,157178.50000000003,14242.6,14515.0,15038.300000000001
D3-r1-test,results/d3_formal/raw_r1/test/boot_05/batch_20260918T120406.679932Z_d67f06df.json.gz,20260918T120406.679932Z_d67f06df,7d9cd8f6-f1b9-4a3a-a784-7b3453a4210d,normal,memory,100,200,100,0,100,0,14338.3,104685.1,108420.5,155012.70000000004,14185.6,14558.0,17006.600000000013
D3-r1-test,results/d3_formal/raw_r1/test/boot_05/batch_20260918T120414.535080Z_958ee529.json.gz,20260918T120414.535080Z_958ee529,7d9cd8f6-f1b9-4a3a-a784-7b3453a4210d,normal,memory,100,200,100,0,100,0,14302.4,102925.2,105733.5,131321.0,14231.3,14532.0,15046.0
D3-r1-test,results/d3_formal/raw_r1/test/boot_05/batch_20260918T120422.394070Z_2e8632d4.json.gz,20260918T120422.394070Z_2e8632d4,7d9cd8f6-f1b9-4a3a-a784-7b3453a4210d,normal,memory,100,200,100,0,100,0,14294.2,103008.7,105051.0,146727.50000000006,14220.0,14509.5,15090.500000000002
D3-r1-test,results/d3_formal/raw_r1/test/boot_05/batch_20260918T120430.186159Z_14de3d98.json.gz,20260918T120430.186159Z_14de3d98,7d9cd8f6-f1b9-4a3a-a784-7b3453a4210d,normal,memory,100,200,100,0,100,0,14329.9,103042.4,105652.5,134902.30000000005,14254.4,14501.0,15351.1
D3-r1-test,results/d3_formal/raw_r1/test/boot_05/batch_20260918T120437.973422Z_c8b614e3.json.gz,20260918T120437.973422Z_c8b614e3,7d9cd8f6-f1b9-4a3a-a784-7b3453a4210d,normal,memory,100,200,100,0,100,0,14292.6,103186.0,106080.5,151781.9,14198.1,14526.0,15030.5
D3-r1-test,results/d3_formal/raw_r1/test/boot_05/batch_20260918T120445.861020Z_b70a07ef.json.gz,20260918T120445.861020Z_b70a07ef,7d9cd8f6-f1b9-4a3a-a784-7b3453a4210d,normal,memory,100,200,100,0,100,0,14307.8,104414.8,107326.0,142105.1,14183.4,14481.5,15059.0
D3-r1-test,results/d3_formal/raw_r1/test/boot_05/batch_20260918T120453.614305Z_a7df0e76.json.gz,20260918T120453.614305Z_a7df0e76,7d9cd8f6-f1b9-4a3a-a784-7b3453a4210d,normal,memory,100,200,100,0,100,0,14273.4,103253.2,105490.5,130703.90000000002,14168.0,14475.5,15054.0
D3-r1-test,results/d3_formal/raw_r1/test/boot_05/batch_20260918T120501.476612Z_962f7d5f.json.gz,20260918T120501.476612Z_962f7d5f,7d9cd8f6-f1b9-4a3a-a784-7b3453a4210d,normal,memory,100,200,100,0,100,0,14264.2,103464.3,106307.0,137219.5,14205.8,14479.0,15077.0
D3-r1-test,results/d3_formal/raw_r1/test/boot_05/batch_20260918T120509.345841Z_9acbd262.json.gz,20260918T120509.345841Z_9acbd262,7d9cd8f6-f1b9-4a3a-a784-7b3453a4210d,normal,memory,100,200,100,0,100,0,14302.9,102878.2,105197.5,142780.40000000005,14232.2,14486.5,15162.2
D3-r1-test,results/d3_formal/raw_r1/test/boot_05/batch_20260918T120517.216745Z_f07bf700.json.gz,20260918T120517.216745Z_f07bf700,7d9cd8f6-f1b9-4a3a-a784-7b3453a4210d,normal,memory,100,200,100,0,100,0,14292.6,103991.5,107528.5,141546.00000000012,14213.3,14454.0,15016.7
D3-r1-test,results/d3_formal/raw_r1/test/boot_05/batch_20260918T120525.009197Z_f95dedbd.json.gz,20260918T120525.009197Z_f95dedbd,7d9cd8f6-f1b9-4a3a-a784-7b3453a4210d,normal,memory,100,200,100,0,100,0,14292.0,103097.7,105288.0,133655.50000000003,14230.2,14502.5,15023.9
D3-r1-test,results/d3_formal/raw_r1/test/boot_05/batch_20260918T120532.766282Z_e5c9f16e.json.gz,20260918T120532.766282Z_e5c9f16e,7d9cd8f6-f1b9-4a3a-a784-7b3453a4210d,normal,memory,100,200,100,0,100,0,14273.4,103225.1,106084.0,127412.2,14216.6,14453.0,15117.7
D3-r1-test,results/d3_formal/raw_r1/test/boot_05/batch_20260918T120540.507371Z_fb12ed2a.json.gz,20260918T120540.507371Z_fb12ed2a,7d9cd8f6-f1b9-4a3a-a784-7b3453a4210d,normal,memory,100,200,100,0,100,0,14202.6,103039.7,104932.0,134869.40000000002,14112.4,14504.0,14900.0
D3-r1-test,results/d3_formal/raw_r1/test/boot_05/batch_20260918T120548.290356Z_4acb6a4c.json.gz,20260918T120548.290356Z_4acb6a4c,7d9cd8f6-f1b9-4a3a-a784-7b3453a4210d,normal,memory,100,200,100,0,100,0,14366.4,103128.0,105250.5,137158.3000000001,14257.8,14560.0,15245.300000000001
D3-r1-test,results/d3_formal/raw_r1/test/boot_05/batch_20260918T120556.138743Z_3efa5d26.json.gz,20260918T120556.138743Z_3efa5d26,7d9cd8f6-f1b9-4a3a-a784-7b3453a4210d,normal,memory,100,200,100,0,100,0,14242.8,102765.9,105576.5,133578.5,14173.5,14426.0,15189.0
D3-r1-test,results/d3_formal/raw_r1/test/boot_05/batch_20260918T120604.001783Z_6de6ccbd.json.gz,20260918T120604.001783Z_6de6ccbd,7d9cd8f6-f1b9-4a3a-a784-7b3453a4210d,normal,memory,100,200,100,0,100,0,14291.6,103331.5,106687.5,151365.00000000003,14158.3,14434.0,15237.400000000001
D3-r1-test,results/d3_formal/raw_r1/test/boot_05/batch_20260918T120611.873731Z_b2fe5029.json.gz,20260918T120611.873731Z_b2fe5029,7d9cd8f6-f1b9-4a3a-a784-7b3453a4210d,normal,memory,100,200,100,0,100,0,14202.8,102700.1,105283.5,128173.20000000001,14120.9,14390.5,14848.300000000001
D3-r1-test,results/d3_formal/raw_r1/test/boot_05/batch_20260918T120619.728290Z_a5f19523.json.gz,20260918T120619.728290Z_a5f19523,7d9cd8f6-f1b9-4a3a-a784-7b3453a4210d,normal,memory,100,200,100,0,100,0,14216.0,103220.2,106150.0,136480.30000000005,14167.2,14437.0,14987.1
D3-r1-test,results/d3_formal/raw_r1/test/boot_05/batch_20260918T120627.520667Z_a46f4099.json.gz,20260918T120627.520667Z_a46f4099,7d9cd8f6-f1b9-4a3a-a784-7b3453a4210d,normal,memory,100,200,100,0,100,0,14282.7,103375.1,105616.0,137994.50000000006,14202.3,14477.5,14931.7
D3-r1-test,results/d3_formal/raw_r1/test/boot_05/batch_20260918T120634.366970Z_bdb09d65.json.gz,20260918T120634.366970Z_bdb09d65,7d9cd8f6-f1b9-4a3a-a784-7b3453a4210d,normal,baseline,100,200,100,0,100,0,14506.8,105387.9,132585.0,161009.80000000002,14436.5,14761.5,15456.1
D3-r1-test,results/d3_formal/raw_r1/test/boot_05/batch_20260918T120641.217254Z_04dae6fb.json.gz,20260918T120641.217254Z_04dae6fb,7d9cd8f6-f1b9-4a3a-a784-7b3453a4210d,normal,baseline,100,200,100,0,100,0,14577.7,105866.4,132019.5,153097.80000000002,14452.0,14834.0,15446.600000000004
D3-r1-test,results/d3_formal/raw_r1/test/boot_05/batch_20260918T120648.040283Z_45a7c2da.json.gz,20260918T120648.040283Z_45a7c2da,7d9cd8f6-f1b9-4a3a-a784-7b3453a4210d,normal,baseline,100,200,100,0,100,0,14609.4,105236.1,132863.5,170375.40000000002,14452.5,15023.0,15724.3
D3-r1-test,results/d3_formal/raw_r1/test/boot_05/batch_20260918T120654.919662Z_989001dd.json.gz,20260918T120654.919662Z_989001dd,7d9cd8f6-f1b9-4a3a-a784-7b3453a4210d,normal,baseline,100,200,100,0,100,0,14548.4,103538.4,109375.5,164114.80000000002,14378.6,14788.5,15567.4
D3-r1-test,results/d3_formal/raw_r1/test/boot_05/batch_20260918T120701.727289Z_b4ecddbf.json.gz,20260918T120701.727289Z_b4ecddbf,7d9cd8f6-f1b9-4a3a-a784-7b3453a4210d,normal,baseline,100,200,100,0,100,0,14400.0,104322.6,122598.0,149781.70000000004,14311.7,14648.0,15221.300000000001
D3-r1-test,results/d3_formal/raw_r1/test/boot_05/batch_20260918T120708.602239Z_70181e21.json.gz,20260918T120708.602239Z_70181e21,7d9cd8f6-f1b9-4a3a-a784-7b3453a4210d,normal,baseline,100,200,100,0,100,0,14537.8,104466.4,132202.0,143553.80000000002,14389.4,14855.0,15550.7
D3-r1-test,results/d3_formal/raw_r1/test/boot_05/batch_20260918T120715.445819Z_0ffa10e6.json.gz,20260918T120715.445819Z_0ffa10e6,7d9cd8f6-f1b9-4a3a-a784-7b3453a4210d,normal,baseline,100,200,100,0,100,0,14490.8,104329.5,131235.5,162658.2000000001,14390.0,14781.0,15306.4
D3-r1-test,results/d3_formal/raw_r1/test/boot_05/batch_20260918T120722.195591Z_92ecb83e.json.gz,20260918T120722.195591Z_92ecb83e,7d9cd8f6-f1b9-4a3a-a784-7b3453a4210d,normal,baseline,100,200,100,0,100,0,14444.5,103903.2,107472.5,141231.70000000004,14299.3,14680.5,15282.9
D3-r1-test,results/d3_formal/raw_r1/test/boot_05/batch_20260918T120729.031474Z_b45332c7.json.gz,20260918T120729.031474Z_b45332c7,7d9cd8f6-f1b9-4a3a-a784-7b3453a4210d,normal,baseline,100,200,100,0,100,0,14380.7,103806.7,107780.0,141332.30000000005,14277.9,14611.5,15147.6
D3-r1-test,results/d3_formal/raw_r1/test/boot_05/batch_20260918T120735.812541Z_58ccc2a9.json.gz,20260918T120735.812541Z_58ccc2a9,7d9cd8f6-f1b9-4a3a-a784-7b3453a4210d,normal,baseline,100,200,100,0,100,0,14585.4,104731.6,133223.0,198364.60000000003,14415.7,14817.5,15504.5
D3-r1-test,results/d3_formal/raw_r1/test/boot_05/batch_20260918T120742.615696Z_a26c5516.json.gz,20260918T120742.615696Z_a26c5516,7d9cd8f6-f1b9-4a3a-a784-7b3453a4210d,normal,baseline,100,200,100,0,100,0,14634.1,107574.8,135035.5,167611.2,14564.7,14904.0,15727.800000000001
D3-r1-test,results/d3_formal/raw_r1/test/boot_05/batch_20260918T120749.405852Z_2e480cc9.json.gz,20260918T120749.405852Z_2e480cc9,7d9cd8f6-f1b9-4a3a-a784-7b3453a4210d,normal,baseline,100,200,100,0,100,0,14516.8,105421.3,133641.5,167273.1000000001,14459.5,14809.5,15372.8
D3-r1-test,results/d3_formal/raw_r1/test/boot_05/batch_20260918T120756.157750Z_4f44a13b.json.gz,20260918T120756.157750Z_4f44a13b,7d9cd8f6-f1b9-4a3a-a784-7b3453a4210d,normal,baseline,100,200,100,0,100,0,14494.9,106604.5,134061.0,154826.00000000003,14348.1,14845.0,15332.9
D3-r1-test,results/d3_formal/raw_r1/test/boot_05/batch_20260918T120803.032324Z_9e6cad37.json.gz,20260918T120803.032324Z_9e6cad37,7d9cd8f6-f1b9-4a3a-a784-7b3453a4210d,normal,baseline,100,200,100,0,100,0,14594.8,104968.2,134167.0,163051.5,14442.0,14857.0,15519.7
D3-r1-test,results/d3_formal/raw_r1/test/boot_05/batch_20260918T120809.849804Z_faaaf262.json.gz,20260918T120809.849804Z_faaaf262,7d9cd8f6-f1b9-4a3a-a784-7b3453a4210d,normal,baseline,100,200,100,0,100,0,14670.8,106474.4,133673.0,166471.10000000003,14600.2,14941.5,15496.6
D3-r1-test,results/d3_formal/raw_r1/test/boot_05/batch_20260918T120816.694066Z_5d1d582a.json.gz,20260918T120816.694066Z_5d1d582a,7d9cd8f6-f1b9-4a3a-a784-7b3453a4210d,normal,baseline,100,200,100,0,100,0,14639.1,105441.5,133743.0,149971.1,14523.9,14903.5,15431.6
D3-r1-test,results/d3_formal/raw_r1/test/boot_05/batch_20260918T120823.435798Z_368aa406.json.gz,20260918T120823.435798Z_368aa406,7d9cd8f6-f1b9-4a3a-a784-7b3453a4210d,normal,baseline,100,200,100,0,100,0,14397.7,104002.2,107079.0,149956.50000000003,14285.8,14590.5,15012.2
D3-r1-test,results/d3_formal/raw_r1/test/boot_05/batch_20260918T120830.245496Z_7b6a2cad.json.gz,20260918T120830.245496Z_7b6a2cad,7d9cd8f6-f1b9-4a3a-a784-7b3453a4210d,normal,baseline,100,200,100,0,100,0,14571.3,106238.6,133498.5,179686.40000000005,14429.6,14922.5,15634.0
D3-r1-test,results/d3_formal/raw_r1/test/boot_05/batch_20260918T120837.011280Z_26523fa6.json.gz,20260918T120837.011280Z_26523fa6,7d9cd8f6-f1b9-4a3a-a784-7b3453a4210d,normal,baseline,100,200,100,0,100,0,14552.9,105576.0,132786.0,167452.0,14408.9,14770.0,15647.7
D3-r1-test,results/d3_formal/raw_r1/test/boot_05/batch_20260918T120843.868164Z_f517c2f5.json.gz,20260918T120843.868164Z_f517c2f5,7d9cd8f6-f1b9-4a3a-a784-7b3453a4210d,normal,baseline,100,200,100,0,100,0,14690.2,108545.5,136497.5,161725.60000000003,14513.3,14910.5,15317.6
D3-r1-test,results/d3_formal/raw_r1/test/boot_05/batch_20260918T120850.649006Z_637e7622.json.gz,20260918T120850.649006Z_637e7622,7d9cd8f6-f1b9-4a3a-a784-7b3453a4210d,normal,baseline,100,200,100,0,100,0,14429.9,103358.7,106830.5,153557.2,14326.2,14638.5,15121.1
D3-r1-test,results/d3_formal/raw_r1/test/boot_05/batch_20260918T120857.414728Z_db23d77d.json.gz,20260918T120857.414728Z_db23d77d,7d9cd8f6-f1b9-4a3a-a784-7b3453a4210d,normal,baseline,100,200,100,0,100,0,14659.1,105904.9,133784.0,158245.30000000002,14495.5,14918.5,15659.4
D3-r1-test,results/d3_formal/raw_r1/test/boot_05/batch_20260918T120904.244551Z_05ad4bf4.json.gz,20260918T120904.244551Z_05ad4bf4,7d9cd8f6-f1b9-4a3a-a784-7b3453a4210d,normal,baseline,100,200,100,0,100,0,14551.5,104288.9,131945.0,156599.00000000003,14410.9,14791.5,15298.2
D3-r1-test,results/d3_formal/raw_r1/test/boot_05/batch_20260918T120910.997032Z_0d967b23.json.gz,20260918T120910.997032Z_0d967b23,7d9cd8f6-f1b9-4a3a-a784-7b3453a4210d,normal,baseline,100,200,100,0,100,0,14380.5,103964.8,108225.0,152262.70000000004,14272.6,14545.0,15169.300000000001
D3-r1-test,results/d3_formal/raw_r1/test/boot_05/batch_20260918T120917.742172Z_6af3d13e.json.gz,20260918T120917.742172Z_6af3d13e,7d9cd8f6-f1b9-4a3a-a784-7b3453a4210d,normal,baseline,100,200,100,0,100,0,14348.5,103569.0,126364.0,162580.4000000001,14269.6,14657.0,15365.900000000001
D3-r1-test,results/d3_formal/raw_r1/test/boot_05/batch_20260918T120924.527861Z_6485f1ba.json.gz,20260918T120924.527861Z_6485f1ba,7d9cd8f6-f1b9-4a3a-a784-7b3453a4210d,normal,baseline,100,200,100,0,100,0,14494.1,105205.8,132320.5,163298.5,14354.9,14887.0,15587.5
D3-r1-test,results/d3_formal/raw_r1/test/boot_05/batch_20260918T120931.361828Z_8a918c8d.json.gz,20260918T120931.361828Z_8a918c8d,7d9cd8f6-f1b9-4a3a-a784-7b3453a4210d,normal,baseline,100,200,100,0,100,0,14509.7,104240.8,131755.5,177639.80000000002,14286.5,14805.5,15472.300000000001
D3-r1-test,results/d3_formal/raw_r1/test/boot_05/batch_20260918T120938.243239Z_b771ac28.json.gz,20260918T120938.243239Z_b771ac28,7d9cd8f6-f1b9-4a3a-a784-7b3453a4210d,normal,baseline,100,200,100,0,100,0,14532.8,106755.8,134243.5,164425.5000000001,14383.3,14743.5,15340.8
D3-r1-test,results/d3_formal/raw_r1/test/boot_05/batch_20260918T120945.117619Z_dbd8bc9c.json.gz,20260918T120945.117619Z_dbd8bc9c,7d9cd8f6-f1b9-4a3a-a784-7b3453a4210d,normal,baseline,100,200,100,0,100,0,14542.9,105249.7,132365.5,155751.30000000002,14389.4,14822.0,15389.1
D3-r1-test,results/d3_formal/raw_r1/test/boot_05/batch_20260918T120951.868808Z_9a38d915.json.gz,20260918T120951.868808Z_9a38d915,7d9cd8f6-f1b9-4a3a-a784-7b3453a4210d,normal,baseline,100,200,100,0,100,0,14578.3,105736.6,133506.5,213429.80000000002,14387.3,14850.0,15375.1
D3-r1-test,results/d3_formal/raw_r1/test/boot_05/batch_20260918T121005.427622Z_e7df1686.json.gz,20260918T121005.427622Z_e7df1686,7d9cd8f6-f1b9-4a3a-a784-7b3453a4210d,normal,mixed,100,200,100,0,100,0,14446.8,106860.2,128115.5,177988.90000000014,14342.1,15273.0,17764.1
D3-r1-test,results/d3_formal/raw_r1/test/boot_05/batch_20260918T121018.875332Z_a7f8090a.json.gz,20260918T121018.875332Z_a7f8090a,7d9cd8f6-f1b9-4a3a-a784-7b3453a4210d,normal,mixed,100,200,100,0,100,0,14611.6,107048.9,130918.0,165105.2,14428.6,16369.0,18549.10000000003
D3-r1-test,results/d3_formal/raw_r1/test/boot_05/batch_20260918T121032.452209Z_369754d3.json.gz,20260918T121032.452209Z_369754d3,7d9cd8f6-f1b9-4a3a-a784-7b3453a4210d,normal,mixed,100,200,100,0,100,0,14451.0,106846.2,122508.5,189005.90000000002,14273.9,15254.5,17877.4
D3-r1-test,results/d3_formal/raw_r1/test/boot_05/batch_20260918T121046.008769Z_0c5a8b6b.json.gz,20260918T121046.008769Z_0c5a8b6b,7d9cd8f6-f1b9-4a3a-a784-7b3453a4210d,normal,mixed,100,200,100,0,100,0,14702.5,110595.2,131296.0,178057.80000000002,14522.0,16405.5,17664.100000000002
D3-r1-test,results/d3_formal/raw_r1/test/boot_05/batch_20260918T121059.595234Z_544cadd0.json.gz,20260918T121059.595234Z_544cadd0,7d9cd8f6-f1b9-4a3a-a784-7b3453a4210d,normal,mixed,100,200,100,0,100,0,14699.3,108395.3,130462.0,171021.00000000003,14531.1,16301.0,21229.600000000006
D3-r1-test,results/d3_formal/raw_r1/test/boot_05/batch_20260918T121113.118851Z_6f014a78.json.gz,20260918T121113.118851Z_6f014a78,7d9cd8f6-f1b9-4a3a-a784-7b3453a4210d,normal,mixed,100,200,100,0,100,0,14573.5,106780.1,129419.0,174157.00000000015,14413.4,16481.5,18220.800000000003
D3-r1-test,results/d3_formal/raw_r1/test/boot_05/batch_20260918T121126.662413Z_a485dab4.json.gz,20260918T121126.662413Z_a485dab4,7d9cd8f6-f1b9-4a3a-a784-7b3453a4210d,normal,mixed,100,200,100,0,100,0,14442.6,106896.5,125265.5,179769.7,14332.9,15130.5,19426.20000000003
D3-r1-test,results/d3_formal/raw_r1/test/boot_05/batch_20260918T121140.263794Z_031f56cd.json.gz,20260918T121140.263794Z_031f56cd,7d9cd8f6-f1b9-4a3a-a784-7b3453a4210d,normal,mixed,100,200,100,0,100,0,14505.1,108087.9,130218.0,168671.30000000002,14315.7,16456.5,17617.0
D3-r1-test,results/d3_formal/raw_r1/test/boot_05/batch_20260918T121153.917337Z_7112cf01.json.gz,20260918T121153.917337Z_7112cf01,7d9cd8f6-f1b9-4a3a-a784-7b3453a4210d,normal,mixed,100,200,100,0,100,0,14615.9,107827.5,128988.0,167223.1,14441.1,16505.5,17317.8
D3-r1-test,results/d3_formal/raw_r1/test/boot_05/batch_20260918T121207.561976Z_7736fb97.json.gz,20260918T121207.561976Z_7736fb97,7d9cd8f6-f1b9-4a3a-a784-7b3453a4210d,normal,mixed,100,200,100,0,100,0,14406.7,108157.5,127640.0,172863.00000000006,14331.9,15198.5,17598.500000000004
D3-r1-test,results/d3_formal/raw_r1/test/boot_05/batch_20260918T121221.126375Z_cd499fd4.json.gz,20260918T121221.126375Z_cd499fd4,7d9cd8f6-f1b9-4a3a-a784-7b3453a4210d,normal,mixed,100,200,100,0,100,0,14543.9,106207.1,124827.0,169139.00000000012,14391.3,16353.0,17751.30000000001
D3-r1-test,results/d3_formal/raw_r1/test/boot_05/batch_20260918T121234.712765Z_f8b212fc.json.gz,20260918T121234.712765Z_f8b212fc,7d9cd8f6-f1b9-4a3a-a784-7b3453a4210d,normal,mixed,100,200,100,0,100,0,14876.0,109425.2,131061.0,169898.1,14617.3,16684.5,20882.200000000004
D3-r1-test,results/d3_formal/raw_r1/test/boot_05/batch_20260918T121248.214315Z_482cff23.json.gz,20260918T121248.214315Z_482cff23,7d9cd8f6-f1b9-4a3a-a784-7b3453a4210d,normal,mixed,100,200,100,0,100,0,14467.1,108846.9,130674.0,174150.1,14325.5,14793.5,19487.90000000002
D3-r1-test,results/d3_formal/raw_r1/test/boot_05/batch_20260918T121301.865765Z_a79ab1d0.json.gz,20260918T121301.865765Z_a79ab1d0,7d9cd8f6-f1b9-4a3a-a784-7b3453a4210d,normal,mixed,100,200,100,0,100,0,14578.6,110019.0,129856.0,183951.60000000003,14395.3,16590.0,18165.5
D3-r1-test,results/d3_formal/raw_r1/test/boot_05/batch_20260918T121315.416514Z_8a6b0bef.json.gz,20260918T121315.416514Z_8a6b0bef,7d9cd8f6-f1b9-4a3a-a784-7b3453a4210d,normal,mixed,100,200,100,0,100,0,14649.1,110177.0,127190.5,163182.10000000006,14408.9,16112.5,18000.100000000002
D3-r1-test,results/d3_formal/raw_r1/test/boot_05/batch_20260918T121328.982139Z_0fc92238.json.gz,20260918T121328.982139Z_0fc92238,7d9cd8f6-f1b9-4a3a-a784-7b3453a4210d,normal,mixed,100,200,100,0,100,0,14497.8,108004.8,127410.5,179035.2000000002,14323.7,16258.0,18606.200000000023
D3-r1-test,results/d3_formal/raw_r1/test/boot_05/batch_20260918T121342.547530Z_2c040e53.json.gz,20260918T121342.547530Z_2c040e53,7d9cd8f6-f1b9-4a3a-a784-7b3453a4210d,normal,mixed,100,200,100,0,100,0,14754.6,112152.8,130975.5,163625.90000000005,14515.8,16415.0,17425.5
D3-r1-test,results/d3_formal/raw_r1/test/boot_05/batch_20260918T121356.121509Z_6402090e.json.gz,20260918T121356.121509Z_6402090e,7d9cd8f6-f1b9-4a3a-a784-7b3453a4210d,normal,mixed,100,200,100,0,100,0,14682.8,107263.9,126743.5,181655.6,14372.9,16118.5,17626.600000000002
D3-r1-test,results/d3_formal/raw_r1/test/boot_05/batch_20260918T121409.799323Z_2fd96363.json.gz,20260918T121409.799323Z_2fd96363,7d9cd8f6-f1b9-4a3a-a784-7b3453a4210d,normal,mixed,100,200,100,0,100,0,14476.4,107106.8,125278.5,162540.10000000003,14363.8,16427.5,23666.400000000016
D3-r1-test,results/d3_formal/raw_r1/test/boot_05/batch_20260918T121423.335440Z_c610be50.json.gz,20260918T121423.335440Z_c610be50,7d9cd8f6-f1b9-4a3a-a784-7b3453a4210d,normal,mixed,100,200,100,0,100,0,14655.0,107083.3,121351.5,164641.9,14419.5,15058.0,17303.8
D3-r1-test,results/d3_formal/raw_r1/test/boot_05/batch_20260918T121436.887324Z_f1eb3d79.json.gz,20260918T121436.887324Z_f1eb3d79,7d9cd8f6-f1b9-4a3a-a784-7b3453a4210d,normal,mixed,100,200,100,0,100,0,14541.2,107305.9,132336.5,189210.80000000002,14404.6,16332.0,22691.8
D3-r1-test,results/d3_formal/raw_r1/test/boot_05/batch_20260918T121450.394651Z_d9f58148.json.gz,20260918T121450.394651Z_d9f58148,7d9cd8f6-f1b9-4a3a-a784-7b3453a4210d,normal,mixed,100,200,100,0,100,0,14496.7,106752.9,121408.0,170448.40000000008,14355.3,15832.5,17513.9
D3-r1-test,results/d3_formal/raw_r1/test/boot_05/batch_20260918T121503.981667Z_603e7340.json.gz,20260918T121503.981667Z_603e7340,7d9cd8f6-f1b9-4a3a-a784-7b3453a4210d,normal,mixed,100,200,100,0,100,0,14773.2,111799.6,131934.0,169555.30000000002,14548.5,16505.0,17759.5
D3-r1-test,results/d3_formal/raw_r1/test/boot_05/batch_20260918T121517.505192Z_71280319.json.gz,20260918T121517.505192Z_71280319,7d9cd8f6-f1b9-4a3a-a784-7b3453a4210d,normal,mixed,100,200,100,0,100,0,14682.7,107170.9,126602.0,162406.40000000002,14521.9,15204.5,17868.1
D3-r1-test,results/d3_formal/raw_r1/test/boot_05/batch_20260918T121531.069195Z_f4c47921.json.gz,20260918T121531.069195Z_f4c47921,7d9cd8f6-f1b9-4a3a-a784-7b3453a4210d,normal,mixed,100,200,100,0,100,0,14702.5,108849.9,129300.0,162623.0,14538.0,16440.0,20660.900000000005
D3-r1-test,results/d3_formal/raw_r1/test/boot_05/batch_20260918T121544.684705Z_05fe9ea5.json.gz,20260918T121544.684705Z_05fe9ea5,7d9cd8f6-f1b9-4a3a-a784-7b3453a4210d,normal,mixed,100,200,100,0,100,0,14538.8,108481.0,128477.0,160930.8,14434.9,16401.5,27778.800000000007
D3-r1-test,results/d3_formal/raw_r1/test/boot_05/batch_20260918T121558.203295Z_0b6d1c1d.json.gz,20260918T121558.203295Z_0b6d1c1d,7d9cd8f6-f1b9-4a3a-a784-7b3453a4210d,normal,mixed,100,200,100,0,100,0,14642.3,107211.4,130428.5,167605.40000000002,14409.3,16577.5,17717.0
D3-r1-test,results/d3_formal/raw_r1/test/boot_05/batch_20260918T121611.837789Z_60ad3b2a.json.gz,20260918T121611.837789Z_60ad3b2a,7d9cd8f6-f1b9-4a3a-a784-7b3453a4210d,normal,mixed,100,200,100,0,100,0,14728.0,111731.8,124999.5,173424.10000000003,14481.8,16378.0,21914.800000000014
D3-r1-test,results/d3_formal/raw_r1/test/boot_05/batch_20260918T121625.426867Z_3d9b88a2.json.gz,20260918T121625.426867Z_3d9b88a2,7d9cd8f6-f1b9-4a3a-a784-7b3453a4210d,normal,mixed,100,200,100,0,100,0,14634.8,109221.8,130127.5,174702.00000000006,14424.9,16369.0,17828.2
D3-r1-test,results/d3_formal/raw_r1/test/boot_05/batch_20260918T121639.005522Z_db59c9a1.json.gz,20260918T121639.005522Z_db59c9a1,7d9cd8f6-f1b9-4a3a-a784-7b3453a4210d,normal,mixed,100,200,100,0,100,0,14713.8,108933.9,131947.0,171824.6,14561.3,16353.0,23271.2
D3-r1-test,results/d3_formal/raw_r1/test/boot_05/batch_20260918T121652.488285Z_77aa0938.json.gz,20260918T121652.488285Z_77aa0938,7d9cd8f6-f1b9-4a3a-a784-7b3453a4210d,normal,cpu,100,200,100,0,100,0,14522.6,105464.0,122637.0,176003.1000000001,14370.3,15209.5,19012.400000000016
D3-r1-test,results/d3_formal/raw_r1/test/boot_05/batch_20260918T121706.009323Z_c270c711.json.gz,20260918T121706.009323Z_c270c711,7d9cd8f6-f1b9-4a3a-a784-7b3453a4210d,normal,cpu,100,200,100,0,100,0,14523.1,107728.0,125672.0,165456.0,14321.1,16127.0,17427.0
D3-r1-test,results/d3_formal/raw_r1/test/boot_05/batch_20260918T121719.462920Z_05af0cea.json.gz,20260918T121719.462920Z_05af0cea,7d9cd8f6-f1b9-4a3a-a784-7b3453a4210d,normal,cpu,100,200,100,0,100,0,14594.0,106196.5,125279.5,174998.90000000005,14444.6,15836.0,17333.2
D3-r1-test,results/d3_formal/raw_r1/test/boot_05/batch_20260918T121732.863582Z_fe8bf01d.json.gz,20260918T121732.863582Z_fe8bf01d,7d9cd8f6-f1b9-4a3a-a784-7b3453a4210d,normal,cpu,100,200,100,0,100,0,14515.2,104662.5,121918.0,150889.1,14391.1,14868.0,18115.800000000036
D3-r1-test,results/d3_formal/raw_r1/test/boot_05/batch_20260918T121746.322960Z_43c038a1.json.gz,20260918T121746.322960Z_43c038a1,7d9cd8f6-f1b9-4a3a-a784-7b3453a4210d,normal,cpu,100,200,100,0,100,0,14525.1,107840.7,128069.5,171267.90000000002,14404.0,16166.5,19634.200000000008
D3-r1-test,results/d3_formal/raw_r1/test/boot_05/batch_20260918T121759.764424Z_5783117f.json.gz,20260918T121759.764424Z_5783117f,7d9cd8f6-f1b9-4a3a-a784-7b3453a4210d,normal,cpu,100,200,100,0,100,0,14594.0,107017.7,122264.5,179476.1,14386.3,15969.0,18491.9
D3-r1-test,results/d3_formal/raw_r1/test/boot_05/batch_20260918T121813.346559Z_83cd4ed7.json.gz,20260918T121813.346559Z_83cd4ed7,7d9cd8f6-f1b9-4a3a-a784-7b3453a4210d,normal,cpu,100,200,100,0,100,0,14514.9,105932.4,121994.0,154457.6,14342.7,16299.0,17462.4
D3-r1-test,results/d3_formal/raw_r1/test/boot_05/batch_20260918T121826.797192Z_3af41b55.json.gz,20260918T121826.797192Z_3af41b55,7d9cd8f6-f1b9-4a3a-a784-7b3453a4210d,normal,cpu,100,200,100,0,100,0,14471.2,106881.6,127444.0,167033.90000000005,14369.1,16389.5,17767.2
D3-r1-test,results/d3_formal/raw_r1/test/boot_05/batch_20260918T121840.275488Z_efb3ac90.json.gz,20260918T121840.275488Z_efb3ac90,7d9cd8f6-f1b9-4a3a-a784-7b3453a4210d,normal,cpu,100,200,100,0,100,0,14531.6,106705.8,125349.0,169923.6,14427.3,15139.5,18581.600000000002
D3-r1-test,results/d3_formal/raw_r1/test/boot_05/batch_20260918T121853.774665Z_b8934143.json.gz,20260918T121853.774665Z_b8934143,7d9cd8f6-f1b9-4a3a-a784-7b3453a4210d,normal,cpu,100,200,100,0,100,0,14576.6,107077.4,127911.5,173019.00000000003,14443.1,16347.0,19281.600000000006
D3-r1-test,results/d3_formal/raw_r1/test/boot_05/batch_20260918T121907.257564Z_d298a2d7.json.gz,20260918T121907.257564Z_d298a2d7,7d9cd8f6-f1b9-4a3a-a784-7b3453a4210d,normal,cpu,100,200,100,0,100,0,14549.6,107779.2,121141.0,158838.2,14434.2,14948.0,17285.0
D3-r1-test,results/d3_formal/raw_r1/test/boot_05/batch_20260918T121920.702963Z_501bcdd4.json.gz,20260918T121920.702963Z_501bcdd4,7d9cd8f6-f1b9-4a3a-a784-7b3453a4210d,normal,cpu,100,200,100,0,100,0,14530.3,106482.1,119927.5,170386.30000000005,14373.5,14965.0,17538.0
D3-r1-test,results/d3_formal/raw_r1/test/boot_05/batch_20260918T121934.088817Z_7705f092.json.gz,20260918T121934.088817Z_7705f092,7d9cd8f6-f1b9-4a3a-a784-7b3453a4210d,normal,cpu,100,200,100,0,100,0,14400.2,106785.9,123312.0,168917.90000000002,14317.4,15069.5,17696.500000000004
D3-r1-test,results/d3_formal/raw_r1/test/boot_05/batch_20260918T121947.562672Z_6913739e.json.gz,20260918T121947.562672Z_6913739e,7d9cd8f6-f1b9-4a3a-a784-7b3453a4210d,normal,cpu,100,200,100,0,100,0,14575.9,105717.6,127093.5,170604.70000000007,14412.3,16500.0,22616.200000000004
D3-r1-test,results/d3_formal/raw_r1/test/boot_05/batch_20260918T122000.990721Z_8165eb4d.json.gz,20260918T122000.990721Z_8165eb4d,7d9cd8f6-f1b9-4a3a-a784-7b3453a4210d,normal,cpu,100,200,100,0,100,0,14553.0,106278.8,126196.5,166360.6,14455.1,15237.0,17587.4
D3-r1-test,results/d3_formal/raw_r1/test/boot_05/batch_20260918T122014.462949Z_385214ab.json.gz,20260918T122014.462949Z_385214ab,7d9cd8f6-f1b9-4a3a-a784-7b3453a4210d,normal,cpu,100,200,100,0,100,0,14608.0,108132.1,125914.5,175063.30000000022,14444.9,16272.0,18278.600000000024
D3-r1-test,results/d3_formal/raw_r1/test/boot_05/batch_20260918T122027.952898Z_cba2a8f5.json.gz,20260918T122027.952898Z_cba2a8f5,7d9cd8f6-f1b9-4a3a-a784-7b3453a4210d,normal,cpu,100,200,100,0,100,0,14576.5,106881.7,121434.0,179908.40000000002,14434.0,15351.5,33724.40000000001
D3-r1-test,results/d3_formal/raw_r1/test/boot_05/batch_20260918T122041.406744Z_d88520aa.json.gz,20260918T122041.406744Z_d88520aa,7d9cd8f6-f1b9-4a3a-a784-7b3453a4210d,normal,cpu,100,200,100,0,100,0,14481.6,105097.2,122807.0,171697.40000000002,14407.9,15183.0,17568.3
D3-r1-test,results/d3_formal/raw_r1/test/boot_05/batch_20260918T122055.235076Z_bd49e0de.json.gz,20260918T122055.235076Z_bd49e0de,7d9cd8f6-f1b9-4a3a-a784-7b3453a4210d,normal,cpu,100,200,100,0,100,0,14960.4,113278.4,140831.0,216502.80000000002,14523.8,16852.0,19331.20000000001
D3-r1-test,results/d3_formal/raw_r1/test/boot_05/batch_20260918T122108.848798Z_d68eea8f.json.gz,20260918T122108.848798Z_d68eea8f,7d9cd8f6-f1b9-4a3a-a784-7b3453a4210d,normal,cpu,100,200,100,0,100,0,14560.7,109390.3,128977.0,191134.40000000002,14341.7,15692.5,18731.900000000012
D3-r1-test,results/d3_formal/raw_r1/test/boot_05/batch_20260918T122122.385043Z_97722734.json.gz,20260918T122122.385043Z_97722734,7d9cd8f6-f1b9-4a3a-a784-7b3453a4210d,normal,cpu,100,200,100,0,100,0,14511.3,109746.2,130712.0,194673.40000000008,14393.9,15896.0,24815.1
D3-r1-test,results/d3_formal/raw_r1/test/boot_05/batch_20260918T122135.997633Z_80d2e5c6.json.gz,20260918T122135.997633Z_80d2e5c6,7d9cd8f6-f1b9-4a3a-a784-7b3453a4210d,normal,cpu,100,200,100,0,100,0,14586.8,108103.1,130626.5,177381.60000000003,14359.6,16496.5,25701.600000000006
D3-r1-test,results/d3_formal/raw_r1/test/boot_05/batch_20260918T122149.598205Z_d6eed879.json.gz,20260918T122149.598205Z_d6eed879,7d9cd8f6-f1b9-4a3a-a784-7b3453a4210d,normal,cpu,100,200,100,0,100,0,14413.8,108051.9,125498.5,186267.90000000008,14350.1,14721.5,18168.6
D3-r1-test,results/d3_formal/raw_r1/test/boot_05/batch_20260918T122203.235979Z_e068bb75.json.gz,20260918T122203.235979Z_e068bb75,7d9cd8f6-f1b9-4a3a-a784-7b3453a4210d,normal,cpu,100,200,100,0,100,0,14590.0,108903.9,131774.5,184691.70000000007,14397.8,15972.5,23367.20000000001
D3-r1-test,results/d3_formal/raw_r1/test/boot_05/batch_20260918T122216.804194Z_2e1ac473.json.gz,20260918T122216.804194Z_2e1ac473,7d9cd8f6-f1b9-4a3a-a784-7b3453a4210d,normal,cpu,100,200,100,0,100,0,14508.8,108556.2,127117.5,191536.0,14307.7,16099.5,24360.600000000006
D3-r1-test,results/d3_formal/raw_r1/test/boot_05/batch_20260918T122230.242532Z_62cc09db.json.gz,20260918T122230.242532Z_62cc09db,7d9cd8f6-f1b9-4a3a-a784-7b3453a4210d,normal,cpu,100,200,100,0,100,0,14638.6,108887.8,127899.0,205072.00000000003,14519.4,15915.0,18811.000000000004
D3-r1-test,results/d3_formal/raw_r1/test/boot_05/batch_20260918T122243.632581Z_802cdff4.json.gz,20260918T122243.632581Z_802cdff4,7d9cd8f6-f1b9-4a3a-a784-7b3453a4210d,normal,cpu,100,200,100,0,100,0,14454.5,107546.1,129752.0,180874.00000000003,14284.3,15718.5,23645.10000000001
D3-r1-test,results/d3_formal/raw_r1/test/boot_05/batch_20260918T122256.981207Z_14f2afaa.json.gz,20260918T122256.981207Z_14f2afaa,7d9cd8f6-f1b9-4a3a-a784-7b3453a4210d,normal,cpu,100,200,100,0,100,0,14540.8,108601.1,125699.5,182814.80000000002,14400.8,15070.5,17972.4
D3-r1-test,results/d3_formal/raw_r1/test/boot_05/batch_20260918T122310.364037Z_d004d9dc.json.gz,20260918T122310.364037Z_d004d9dc,7d9cd8f6-f1b9-4a3a-a784-7b3453a4210d,normal,cpu,100,200,100,0,100,0,14510.0,107698.9,127434.0,177035.20000000004,14348.1,16053.0,19414.50000000002
D3-r1-test,results/d3_formal/raw_r1/test/boot_05/batch_20260918T122323.672602Z_6feb954a.json.gz,20260918T122323.672602Z_6feb954a,7d9cd8f6-f1b9-4a3a-a784-7b3453a4210d,normal,cpu,100,200,100,0,100,0,14538.9,108734.3,133276.0,167152.7,14397.7,16378.5,17964.2
D3-r1-test,results/d3_formal/raw_r1/test/boot_05/batch_20260918T122337.029534Z_80bf9516.json.gz,20260918T122337.029534Z_80bf9516,7d9cd8f6-f1b9-4a3a-a784-7b3453a4210d,rootkit,mixed,100,100,100,100,0,0,43343.8,43343.8,51057.5,101590.60000000002,nan,nan,nan
D3-r1-test,results/d3_formal/raw_r1/test/boot_05/batch_20260918T122350.525876Z_22f6552f.json.gz,20260918T122350.525876Z_22f6552f,7d9cd8f6-f1b9-4a3a-a784-7b3453a4210d,rootkit,mixed,100,100,100,100,0,0,43781.4,43781.4,57940.5,90293.70000000008,nan,nan,nan
D3-r1-test,results/d3_formal/raw_r1/test/boot_05/batch_20260918T122403.999150Z_5ddb5d1b.json.gz,20260918T122403.999150Z_5ddb5d1b,7d9cd8f6-f1b9-4a3a-a784-7b3453a4210d,rootkit,mixed,100,100,100,100,0,0,46099.5,46099.5,66474.5,97107.00000000006,nan,nan,nan
D3-r1-test,results/d3_formal/raw_r1/test/boot_05/batch_20260918T122417.615237Z_2437784f.json.gz,20260918T122417.615237Z_2437784f,7d9cd8f6-f1b9-4a3a-a784-7b3453a4210d,rootkit,mixed,100,100,100,100,0,0,44499.7,44499.7,67748.5,108942.60000000002,nan,nan,nan
D3-r1-test,results/d3_formal/raw_r1/test/boot_05/batch_20260918T122431.604595Z_7650da99.json.gz,20260918T122431.604595Z_7650da99,7d9cd8f6-f1b9-4a3a-a784-7b3453a4210d,rootkit,mixed,100,100,100,100,0,0,44688.6,44688.6,61813.0,100962.0000000002,nan,nan,nan
D3-r1-test,results/d3_formal/raw_r1/test/boot_05/batch_20260918T122445.311569Z_ab79f05c.json.gz,20260918T122445.311569Z_ab79f05c,7d9cd8f6-f1b9-4a3a-a784-7b3453a4210d,rootkit,mixed,100,100,100,100,0,0,44453.4,44453.4,61469.0,86482.40000000001,nan,nan,nan
D3-r1-test,results/d3_formal/raw_r1/test/boot_05/batch_20260918T122458.914133Z_09cfccb3.json.gz,20260918T122458.914133Z_09cfccb3,7d9cd8f6-f1b9-4a3a-a784-7b3453a4210d,rootkit,mixed,100,100,100,100,0,0,44669.1,44669.1,59901.5,92211.40000000004,nan,nan,nan
D3-r1-test,results/d3_formal/raw_r1/test/boot_05/batch_20260918T122512.550246Z_f7deca65.json.gz,20260918T122512.550246Z_f7deca65,7d9cd8f6-f1b9-4a3a-a784-7b3453a4210d,rootkit,mixed,100,100,100,100,0,0,45486.7,45486.7,62626.5,88479.30000000003,nan,nan,nan
D3-r1-test,results/d3_formal/raw_r1/test/boot_05/batch_20260918T122526.418563Z_68293ada.json.gz,20260918T122526.418563Z_68293ada,7d9cd8f6-f1b9-4a3a-a784-7b3453a4210d,rootkit,mixed,100,100,100,100,0,0,44356.8,44356.8,52921.5,111483.20000000007,nan,nan,nan
D3-r1-test,results/d3_formal/raw_r1/test/boot_05/batch_20260918T122539.808773Z_0580eacd.json.gz,20260918T122539.808773Z_0580eacd,7d9cd8f6-f1b9-4a3a-a784-7b3453a4210d,rootkit,mixed,100,100,100,100,0,0,43481.3,43481.3,50810.0,79724.1,nan,nan,nan
D3-r1-test,results/d3_formal/raw_r1/test/boot_05/batch_20260918T122553.282057Z_f49ab41a.json.gz,20260918T122553.282057Z_f49ab41a,7d9cd8f6-f1b9-4a3a-a784-7b3453a4210d,rootkit,mixed,100,100,100,100,0,0,44798.2,44798.2,65051.0,123807.30000000002,nan,nan,nan
D3-r1-test,results/d3_formal/raw_r1/test/boot_05/batch_20260918T122606.827908Z_3f2f779e.json.gz,20260918T122606.827908Z_3f2f779e,7d9cd8f6-f1b9-4a3a-a784-7b3453a4210d,rootkit,mixed,100,100,100,100,0,0,44697.2,44697.2,60127.0,122299.80000000002,nan,nan,nan
D3-r1-test,results/d3_formal/raw_r1/test/boot_05/batch_20260918T122620.261496Z_afe6cf49.json.gz,20260918T122620.261496Z_afe6cf49,7d9cd8f6-f1b9-4a3a-a784-7b3453a4210d,rootkit,mixed,100,100,100,100,0,0,45489.6,45489.6,67531.5,101915.6,nan,nan,nan
D3-r1-test,results/d3_formal/raw_r1/test/boot_05/batch_20260918T122633.799508Z_2ca3968a.json.gz,20260918T122633.799508Z_2ca3968a,7d9cd8f6-f1b9-4a3a-a784-7b3453a4210d,rootkit,mixed,100,100,100,100,0,0,43624.6,43624.6,62993.5,93342.6,nan,nan,nan
D3-r1-test,results/d3_formal/raw_r1/test/boot_05/batch_20260918T122647.295834Z_1a772647.json.gz,20260918T122647.295834Z_1a772647,7d9cd8f6-f1b9-4a3a-a784-7b3453a4210d,rootkit,mixed,100,100,100,100,0,0,43689.4,43689.4,58577.5,107339.80000000006,nan,nan,nan
D3-r1-test,results/d3_formal/raw_r1/test/boot_05/batch_20260918T122700.638132Z_0b4af3af.json.gz,20260918T122700.638132Z_0b4af3af,7d9cd8f6-f1b9-4a3a-a784-7b3453a4210d,rootkit,mixed,100,100,100,100,0,0,41920.0,41920.0,48992.0,78592.40000000001,nan,nan,nan
D3-r1-test,results/d3_formal/raw_r1/test/boot_05/batch_20260918T122713.934156Z_18f9f49e.json.gz,20260918T122713.934156Z_18f9f49e,7d9cd8f6-f1b9-4a3a-a784-7b3453a4210d,rootkit,mixed,100,100,100,100,0,0,43970.2,43970.2,50268.0,78212.50000000001,nan,nan,nan
D3-r1-test,results/d3_formal/raw_r1/test/boot_05/batch_20260918T122727.440346Z_6e9447da.json.gz,20260918T122727.440346Z_6e9447da,7d9cd8f6-f1b9-4a3a-a784-7b3453a4210d,rootkit,mixed,100,100,100,100,0,0,43006.2,43006.2,61062.5,84227.80000000002,nan,nan,nan
D3-r1-test,results/d3_formal/raw_r1/test/boot_05/batch_20260918T122740.735484Z_b7499693.json.gz,20260918T122740.735484Z_b7499693,7d9cd8f6-f1b9-4a3a-a784-7b3453a4210d,rootkit,mixed,100,100,100,100,0,0,43650.5,43650.5,49029.0,82704.00000000001,nan,nan,nan
D3-r1-test,results/d3_formal/raw_r1/test/boot_05/batch_20260918T122754.079150Z_98d862cf.json.gz,20260918T122754.079150Z_98d862cf,7d9cd8f6-f1b9-4a3a-a784-7b3453a4210d,rootkit,mixed,100,100,100,100,0,0,42319.0,42319.0,50201.5,77621.5,nan,nan,nan
D3-r1-test,results/d3_formal/raw_r1/test/boot_05/batch_20260918T122807.513694Z_1920efa0.json.gz,20260918T122807.513694Z_1920efa0,7d9cd8f6-f1b9-4a3a-a784-7b3453a4210d,rootkit,mixed,100,100,100,100,0,0,43900.3,43900.3,54756.0,80984.90000000001,nan,nan,nan
D3-r1-test,results/d3_formal/raw_r1/test/boot_05/batch_20260918T122820.784653Z_ba030f5a.json.gz,20260918T122820.784653Z_ba030f5a,7d9cd8f6-f1b9-4a3a-a784-7b3453a4210d,rootkit,mixed,100,100,100,100,0,0,42353.9,42353.9,48907.0,84200.3,nan,nan,nan
D3-r1-test,results/d3_formal/raw_r1/test/boot_05/batch_20260918T122834.178783Z_277ba3f9.json.gz,20260918T122834.178783Z_277ba3f9,7d9cd8f6-f1b9-4a3a-a784-7b3453a4210d,rootkit,mixed,100,100,100,100,0,0,43657.7,43657.7,57990.5,99804.00000000001,nan,nan,nan
D3-r1-test,results/d3_formal/raw_r1/test/boot_05/batch_20260918T122847.635946Z_a390328c.json.gz,20260918T122847.635946Z_a390328c,7d9cd8f6-f1b9-4a3a-a784-7b3453a4210d,rootkit,mixed,100,100,100,100,0,0,42534.0,42534.0,62854.5,84196.00000000013,nan,nan,nan
D3-r1-test,results/d3_formal/raw_r1/test/boot_05/batch_20260918T122900.965831Z_c1345ae1.json.gz,20260918T122900.965831Z_c1345ae1,7d9cd8f6-f1b9-4a3a-a784-7b3453a4210d,rootkit,mixed,100,100,100,100,0,0,42580.6,42580.6,52526.0,82220.40000000005,nan,nan,nan
D3-r1-test,results/d3_formal/raw_r1/test/boot_05/batch_20260918T122914.350503Z_1a9c1aaa.json.gz,20260918T122914.350503Z_1a9c1aaa,7d9cd8f6-f1b9-4a3a-a784-7b3453a4210d,rootkit,mixed,100,100,100,100,0,0,45105.2,45105.2,61525.0,87768.50000000015,nan,nan,nan
D3-r1-test,results/d3_formal/raw_r1/test/boot_05/batch_20260918T122927.809069Z_8fe3a387.json.gz,20260918T122927.809069Z_8fe3a387,7d9cd8f6-f1b9-4a3a-a784-7b3453a4210d,rootkit,mixed,100,100,100,100,0,0,44621.5,44621.5,68085.5,84525.40000000001,nan,nan,nan
D3-r1-test,results/d3_formal/raw_r1/test/boot_05/batch_20260918T122941.663924Z_e4ad81a1.json.gz,20260918T122941.663924Z_e4ad81a1,7d9cd8f6-f1b9-4a3a-a784-7b3453a4210d,rootkit,mixed,100,100,100,100,0,0,47068.4,47068.4,66501.5,80340.10000000006,nan,nan,nan
D3-r1-test,results/d3_formal/raw_r1/test/boot_05/batch_20260918T122955.131681Z_3f61c354.json.gz,20260918T122955.131681Z_3f61c354,7d9cd8f6-f1b9-4a3a-a784-7b3453a4210d,rootkit,mixed,100,100,100,100,0,0,42993.2,42993.2,50554.5,77934.1,nan,nan,nan
D3-r1-test,results/d3_formal/raw_r1/test/boot_05/batch_20260918T123008.588942Z_c5a0e87e.json.gz,20260918T123008.588942Z_c5a0e87e,7d9cd8f6-f1b9-4a3a-a784-7b3453a4210d,rootkit,mixed,100,100,100,100,0,0,43967.0,43967.0,52910.0,73826.7,nan,nan,nan
D3-r1-test,results/d3_formal/raw_r1/test/boot_05/batch_20260918T123016.568501Z_9995c320.json.gz,20260918T123016.568501Z_9995c320,7d9cd8f6-f1b9-4a3a-a784-7b3453a4210d,rootkit,memory,100,100,100,100,0,0,40499.5,40499.5,43163.0,117691.30000000002,nan,nan,nan
D3-r1-test,results/d3_formal/raw_r1/test/boot_05/batch_20260918T123024.418758Z_87dd49d8.json.gz,20260918T123024.418758Z_87dd49d8,7d9cd8f6-f1b9-4a3a-a784-7b3453a4210d,rootkit,memory,100,100,100,100,0,0,41638.3,41638.3,43541.0,76400.50000000001,nan,nan,nan
D3-r1-test,results/d3_formal/raw_r1/test/boot_05/batch_20260918T123032.177992Z_b9db86c2.json.gz,20260918T123032.177992Z_b9db86c2,7d9cd8f6-f1b9-4a3a-a784-7b3453a4210d,rootkit,memory,100,100,100,100,0,0,40013.6,40013.6,42560.0,67691.60000000002,nan,nan,nan
D3-r1-test,results/d3_formal/raw_r1/test/boot_05/batch_20260918T123039.964015Z_facc81ad.json.gz,20260918T123039.964015Z_facc81ad,7d9cd8f6-f1b9-4a3a-a784-7b3453a4210d,rootkit,memory,100,100,100,100,0,0,39583.5,39583.5,41480.0,65252.20000000001,nan,nan,nan
D3-r1-test,results/d3_formal/raw_r1/test/boot_05/batch_20260918T123047.787013Z_abfce861.json.gz,20260918T123047.787013Z_abfce861,7d9cd8f6-f1b9-4a3a-a784-7b3453a4210d,rootkit,memory,100,100,100,100,0,0,39048.2,39048.2,40599.0,69432.70000000001,nan,nan,nan
D3-r1-test,results/d3_formal/raw_r1/test/boot_05/batch_20260918T123055.564046Z_b35f02da.json.gz,20260918T123055.564046Z_b35f02da,7d9cd8f6-f1b9-4a3a-a784-7b3453a4210d,rootkit,memory,100,100,100,100,0,0,39378.9,39378.9,41122.5,57582.50000000001,nan,nan,nan
D3-r1-test,results/d3_formal/raw_r1/test/boot_05/batch_20260918T123103.460370Z_a8856d15.json.gz,20260918T123103.460370Z_a8856d15,7d9cd8f6-f1b9-4a3a-a784-7b3453a4210d,rootkit,memory,100,100,100,100,0,0,40911.6,40911.6,44354.5,71459.0,nan,nan,nan
D3-r1-test,results/d3_formal/raw_r1/test/boot_05/batch_20260918T123111.769394Z_46b6b1a1.json.gz,20260918T123111.769394Z_46b6b1a1,7d9cd8f6-f1b9-4a3a-a784-7b3453a4210d,rootkit,memory,100,100,100,100,0,0,39327.3,39327.3,41586.0,57836.40000000002,nan,nan,nan
D3-r1-test,results/d3_formal/raw_r1/test/boot_05/batch_20260918T123119.559631Z_4bfada24.json.gz,20260918T123119.559631Z_4bfada24,7d9cd8f6-f1b9-4a3a-a784-7b3453a4210d,rootkit,memory,100,100,100,100,0,0,39224.5,39224.5,41325.0,62517.00000000002,nan,nan,nan
D3-r1-test,results/d3_formal/raw_r1/test/boot_05/batch_20260918T123127.375847Z_3ca4058d.json.gz,20260918T123127.375847Z_3ca4058d,7d9cd8f6-f1b9-4a3a-a784-7b3453a4210d,rootkit,memory,100,100,100,100,0,0,39034.5,39034.5,40910.0,57131.500000000044,nan,nan,nan
D3-r1-test,results/d3_formal/raw_r1/test/boot_05/batch_20260918T123135.229674Z_e9c7b6b8.json.gz,20260918T123135.229674Z_e9c7b6b8,7d9cd8f6-f1b9-4a3a-a784-7b3453a4210d,rootkit,memory,100,100,100,100,0,0,39341.6,39341.6,42683.5,74528.3,nan,nan,nan
D3-r1-test,results/d3_formal/raw_r1/test/boot_05/batch_20260918T123143.078523Z_dd95ee66.json.gz,20260918T123143.078523Z_dd95ee66,7d9cd8f6-f1b9-4a3a-a784-7b3453a4210d,rootkit,memory,100,100,100,100,0,0,39309.0,39309.0,41442.5,72232.1,nan,nan,nan
D3-r1-test,results/d3_formal/raw_r1/test/boot_05/batch_20260918T123150.915366Z_cf87d7e8.json.gz,20260918T123150.915366Z_cf87d7e8,7d9cd8f6-f1b9-4a3a-a784-7b3453a4210d,rootkit,memory,100,100,100,100,0,0,39274.4,39274.4,40798.0,45776.3,nan,nan,nan
D3-r1-test,results/d3_formal/raw_r1/test/boot_05/batch_20260918T123158.819969Z_ae386b70.json.gz,20260918T123158.819969Z_ae386b70,7d9cd8f6-f1b9-4a3a-a784-7b3453a4210d,rootkit,memory,100,100,100,100,0,0,38931.2,38931.2,40520.5,55250.40000000001,nan,nan,nan
D3-r1-test,results/d3_formal/raw_r1/test/boot_05/batch_20260918T123206.632709Z_b83bb65f.json.gz,20260918T123206.632709Z_b83bb65f,7d9cd8f6-f1b9-4a3a-a784-7b3453a4210d,rootkit,memory,100,100,100,100,0,0,38999.3,38999.3,41924.5,55465.80000000002,nan,nan,nan
D3-r1-test,results/d3_formal/raw_r1/test/boot_05/batch_20260918T123214.489064Z_02731193.json.gz,20260918T123214.489064Z_02731193,7d9cd8f6-f1b9-4a3a-a784-7b3453a4210d,rootkit,memory,100,100,100,100,0,0,39129.1,39129.1,40622.5,44592.50000000001,nan,nan,nan
D3-r1-test,results/d3_formal/raw_r1/test/boot_05/batch_20260918T123222.286828Z_13181c57.json.gz,20260918T123222.286828Z_13181c57,7d9cd8f6-f1b9-4a3a-a784-7b3453a4210d,rootkit,memory,100,100,100,100,0,0,39460.1,39460.1,41812.0,63788.30000000001,nan,nan,nan
D3-r1-test,results/d3_formal/raw_r1/test/boot_05/batch_20260918T123230.129686Z_c818492d.json.gz,20260918T123230.129686Z_c818492d,7d9cd8f6-f1b9-4a3a-a784-7b3453a4210d,rootkit,memory,100,100,100,100,0,0,39422.3,39422.3,41134.0,49657.900000000045,nan,nan,nan
D3-r1-test,results/d3_formal/raw_r1/test/boot_05/batch_20260918T123237.944229Z_42a9ec55.json.gz,20260918T123237.944229Z_42a9ec55,7d9cd8f6-f1b9-4a3a-a784-7b3453a4210d,rootkit,memory,100,100,100,100,0,0,40267.6,40267.6,42160.5,58243.600000000006,nan,nan,nan
D3-r1-test,results/d3_formal/raw_r1/test/boot_05/batch_20260918T123245.749165Z_4bc2e004.json.gz,20260918T123245.749165Z_4bc2e004,7d9cd8f6-f1b9-4a3a-a784-7b3453a4210d,rootkit,memory,100,100,100,100,0,0,39101.5,39101.5,40851.0,68881.3,nan,nan,nan
D3-r1-test,results/d3_formal/raw_r1/test/boot_05/batch_20260918T123253.639637Z_9e0d0284.json.gz,20260918T123253.639637Z_9e0d0284,7d9cd8f6-f1b9-4a3a-a784-7b3453a4210d,rootkit,memory,100,100,100,100,0,0,39219.0,39219.0,42048.0,46983.30000000001,nan,nan,nan
D3-r1-test,results/d3_formal/raw_r1/test/boot_05/batch_20260918T123301.520177Z_c923e797.json.gz,20260918T123301.520177Z_c923e797,7d9cd8f6-f1b9-4a3a-a784-7b3453a4210d,rootkit,memory,100,100,100,100,0,0,39002.7,39002.7,40735.5,45118.90000000001,nan,nan,nan
D3-r1-test,results/d3_formal/raw_r1/test/boot_05/batch_20260918T123309.373283Z_e565d1a3.json.gz,20260918T123309.373283Z_e565d1a3,7d9cd8f6-f1b9-4a3a-a784-7b3453a4210d,rootkit,memory,100,100,100,100,0,0,39120.6,39120.6,40765.5,66250.50000000001,nan,nan,nan
D3-r1-test,results/d3_formal/raw_r1/test/boot_05/batch_20260918T123317.270354Z_db85c361.json.gz,20260918T123317.270354Z_db85c361,7d9cd8f6-f1b9-4a3a-a784-7b3453a4210d,rootkit,memory,100,100,100,100,0,0,38721.3,38721.3,40611.5,45313.8,nan,nan,nan
D3-r1-test,results/d3_formal/raw_r1/test/boot_05/batch_20260918T123325.001347Z_ba1b98f7.json.gz,20260918T123325.001347Z_ba1b98f7,7d9cd8f6-f1b9-4a3a-a784-7b3453a4210d,rootkit,memory,100,100,100,100,0,0,39014.2,39014.2,40864.0,46490.3,nan,nan,nan
D3-r1-test,results/d3_formal/raw_r1/test/boot_05/batch_20260918T123332.989554Z_56a9f4dc.json.gz,20260918T123332.989554Z_56a9f4dc,7d9cd8f6-f1b9-4a3a-a784-7b3453a4210d,rootkit,memory,100,100,100,100,0,0,42136.9,42136.9,45354.0,77077.10000000003,nan,nan,nan
D3-r1-test,results/d3_formal/raw_r1/test/boot_05/batch_20260918T123340.864496Z_7139ff7b.json.gz,20260918T123340.864496Z_7139ff7b,7d9cd8f6-f1b9-4a3a-a784-7b3453a4210d,rootkit,memory,100,100,100,100,0,0,39401.9,39401.9,40910.0,46449.700000000084,nan,nan,nan
D3-r1-test,results/d3_formal/raw_r1/test/boot_05/batch_20260918T123348.715298Z_812ff840.json.gz,20260918T123348.715298Z_812ff840,7d9cd8f6-f1b9-4a3a-a784-7b3453a4210d,rootkit,memory,100,100,100,100,0,0,39462.8,39462.8,41678.0,45405.700000000004,nan,nan,nan
D3-r1-test,results/d3_formal/raw_r1/test/boot_05/batch_20260918T123356.580621Z_05ad64a7.json.gz,20260918T123356.580621Z_05ad64a7,7d9cd8f6-f1b9-4a3a-a784-7b3453a4210d,rootkit,memory,100,100,100,100,0,0,39078.3,39078.3,40773.0,60525.70000000001,nan,nan,nan
D3-r1-test,results/d3_formal/raw_r1/test/boot_05/batch_20260918T123404.418405Z_66cafa01.json.gz,20260918T123404.418405Z_66cafa01,7d9cd8f6-f1b9-4a3a-a784-7b3453a4210d,rootkit,memory,100,100,100,100,0,0,39411.3,39411.3,40826.0,45447.50000000004,nan,nan,nan
D3-r1-test,results/d3_formal/raw_r1/test/boot_05/batch_20260918T123417.858003Z_1251dacc.json.gz,20260918T123417.858003Z_1251dacc,7d9cd8f6-f1b9-4a3a-a784-7b3453a4210d,rootkit,cpu,100,100,100,100,0,0,41683.1,41683.1,58431.0,80917.40000000005,nan,nan,nan
D3-r1-test,results/d3_formal/raw_r1/test/boot_05/batch_20260918T123431.364825Z_423f4e94.json.gz,20260918T123431.364825Z_423f4e94,7d9cd8f6-f1b9-4a3a-a784-7b3453a4210d,rootkit,cpu,100,100,100,100,0,0,42262.9,42262.9,53628.5,86645.90000000014,nan,nan,nan
D3-r1-test,results/d3_formal/raw_r1/test/boot_05/batch_20260918T123444.754740Z_bceaf924.json.gz,20260918T123444.754740Z_bceaf924,7d9cd8f6-f1b9-4a3a-a784-7b3453a4210d,rootkit,cpu,100,100,100,100,0,0,40591.0,40591.0,53582.5,78400.00000000003,nan,nan,nan
D3-r1-test,results/d3_formal/raw_r1/test/boot_05/batch_20260918T123458.238903Z_52226ddc.json.gz,20260918T123458.238903Z_52226ddc,7d9cd8f6-f1b9-4a3a-a784-7b3453a4210d,rootkit,cpu,100,100,100,100,0,0,40107.9,40107.9,48446.5,78977.60000000002,nan,nan,nan
D3-r1-test,results/d3_formal/raw_r1/test/boot_05/batch_20260918T123511.674450Z_d986a8e7.json.gz,20260918T123511.674450Z_d986a8e7,7d9cd8f6-f1b9-4a3a-a784-7b3453a4210d,rootkit,cpu,100,100,100,100,0,0,41342.8,41342.8,53225.5,94541.80000000002,nan,nan,nan
D3-r1-test,results/d3_formal/raw_r1/test/boot_05/batch_20260918T123525.107552Z_bc4dab96.json.gz,20260918T123525.107552Z_bc4dab96,7d9cd8f6-f1b9-4a3a-a784-7b3453a4210d,rootkit,cpu,100,100,100,100,0,0,41008.7,41008.7,55393.0,104606.50000000003,nan,nan,nan
D3-r1-test,results/d3_formal/raw_r1/test/boot_05/batch_20260918T123538.489339Z_e89b5ad1.json.gz,20260918T123538.489339Z_e89b5ad1,7d9cd8f6-f1b9-4a3a-a784-7b3453a4210d,rootkit,cpu,100,100,100,100,0,0,41411.8,41411.8,50981.5,82838.6,nan,nan,nan
D3-r1-test,results/d3_formal/raw_r1/test/boot_05/batch_20260918T123551.894726Z_964df9f1.json.gz,20260918T123551.894726Z_964df9f1,7d9cd8f6-f1b9-4a3a-a784-7b3453a4210d,rootkit,cpu,100,100,100,100,0,0,40636.6,40636.6,56226.5,80467.30000000002,nan,nan,nan
D3-r1-test,results/d3_formal/raw_r1/test/boot_05/batch_20260918T123605.337496Z_bb57c5ff.json.gz,20260918T123605.337496Z_bb57c5ff,7d9cd8f6-f1b9-4a3a-a784-7b3453a4210d,rootkit,cpu,100,100,100,100,0,0,41218.6,41218.6,55407.5,77527.80000000003,nan,nan,nan
D3-r1-test,results/d3_formal/raw_r1/test/boot_05/batch_20260918T123618.790076Z_9ed9ed43.json.gz,20260918T123618.790076Z_9ed9ed43,7d9cd8f6-f1b9-4a3a-a784-7b3453a4210d,rootkit,cpu,100,100,100,100,0,0,41639.2,41639.2,53414.5,78071.8,nan,nan,nan
D3-r1-test,results/d3_formal/raw_r1/test/boot_05/batch_20260918T123632.185610Z_355080e5.json.gz,20260918T123632.185610Z_355080e5,7d9cd8f6-f1b9-4a3a-a784-7b3453a4210d,rootkit,cpu,100,100,100,100,0,0,40966.1,40966.1,59437.5,81140.20000000004,nan,nan,nan
D3-r1-test,results/d3_formal/raw_r1/test/boot_05/batch_20260918T123645.576990Z_ac02e7e1.json.gz,20260918T123645.576990Z_ac02e7e1,7d9cd8f6-f1b9-4a3a-a784-7b3453a4210d,rootkit,cpu,100,100,100,100,0,0,40828.7,40828.7,54098.5,82177.80000000002,nan,nan,nan
D3-r1-test,results/d3_formal/raw_r1/test/boot_05/batch_20260918T123659.017949Z_6e6c99d1.json.gz,20260918T123659.017949Z_6e6c99d1,7d9cd8f6-f1b9-4a3a-a784-7b3453a4210d,rootkit,cpu,100,100,100,100,0,0,40921.6,40921.6,53631.0,76518.40000000001,nan,nan,nan
D3-r1-test,results/d3_formal/raw_r1/test/boot_05/batch_20260918T123712.495931Z_cb11f330.json.gz,20260918T123712.495931Z_cb11f330,7d9cd8f6-f1b9-4a3a-a784-7b3453a4210d,rootkit,cpu,100,100,100,100,0,0,42638.7,42638.7,55387.0,85661.1,nan,nan,nan
D3-r1-test,results/d3_formal/raw_r1/test/boot_05/batch_20260918T123725.967244Z_87dfe2d7.json.gz,20260918T123725.967244Z_87dfe2d7,7d9cd8f6-f1b9-4a3a-a784-7b3453a4210d,rootkit,cpu,100,100,100,100,0,0,41778.8,41778.8,59267.5,83646.70000000001,nan,nan,nan
D3-r1-test,results/d3_formal/raw_r1/test/boot_05/batch_20260918T123739.456524Z_ca9543df.json.gz,20260918T123739.456524Z_ca9543df,7d9cd8f6-f1b9-4a3a-a784-7b3453a4210d,rootkit,cpu,100,100,100,100,0,0,42384.7,42384.7,56857.5,104814.80000000002,nan,nan,nan
D3-r1-test,results/d3_formal/raw_r1/test/boot_05/batch_20260918T123752.868615Z_dca94058.json.gz,20260918T123752.868615Z_dca94058,7d9cd8f6-f1b9-4a3a-a784-7b3453a4210d,rootkit,cpu,100,100,100,100,0,0,40344.8,40344.8,51458.0,77301.40000000001,nan,nan,nan
D3-r1-test,results/d3_formal/raw_r1/test/boot_05/batch_20260918T123806.272588Z_851068e1.json.gz,20260918T123806.272588Z_851068e1,7d9cd8f6-f1b9-4a3a-a784-7b3453a4210d,rootkit,cpu,100,100,100,100,0,0,41673.0,41673.0,52778.0,92617.00000000003,nan,nan,nan
D3-r1-test,results/d3_formal/raw_r1/test/boot_05/batch_20260918T123819.671025Z_31ae6b91.json.gz,20260918T123819.671025Z_31ae6b91,7d9cd8f6-f1b9-4a3a-a784-7b3453a4210d,rootkit,cpu,100,100,100,100,0,0,41001.0,41001.0,55052.0,93699.50000000006,nan,nan,nan
D3-r1-test,results/d3_formal/raw_r1/test/boot_05/batch_20260918T123833.070345Z_9f6180a0.json.gz,20260918T123833.070345Z_9f6180a0,7d9cd8f6-f1b9-4a3a-a784-7b3453a4210d,rootkit,cpu,100,100,100,100,0,0,40985.8,40985.8,54981.5,78986.40000000002,nan,nan,nan
D3-r1-test,results/d3_formal/raw_r1/test/boot_05/batch_20260918T123846.516378Z_a80aad8a.json.gz,20260918T123846.516378Z_a80aad8a,7d9cd8f6-f1b9-4a3a-a784-7b3453a4210d,rootkit,cpu,100,100,100,100,0,0,44426.1,44426.1,62123.5,121233.2000000001,nan,nan,nan
D3-r1-test,results/d3_formal/raw_r1/test/boot_05/batch_20260918T123859.972309Z_2447b01e.json.gz,20260918T123859.972309Z_2447b01e,7d9cd8f6-f1b9-4a3a-a784-7b3453a4210d,rootkit,cpu,100,100,100,100,0,0,43730.4,43730.4,63727.5,88574.30000000002,nan,nan,nan
D3-r1-test,results/d3_formal/raw_r1/test/boot_05/batch_20260918T123913.388584Z_499ce54c.json.gz,20260918T123913.388584Z_499ce54c,7d9cd8f6-f1b9-4a3a-a784-7b3453a4210d,rootkit,cpu,100,100,100,100,0,0,43880.3,43880.3,56789.5,116495.5,nan,nan,nan
D3-r1-test,results/d3_formal/raw_r1/test/boot_05/batch_20260918T123926.736858Z_fead07d1.json.gz,20260918T123926.736858Z_fead07d1,7d9cd8f6-f1b9-4a3a-a784-7b3453a4210d,rootkit,cpu,100,100,100,100,0,0,41501.1,41501.1,54681.0,85677.20000000003,nan,nan,nan
D3-r1-test,results/d3_formal/raw_r1/test/boot_05/batch_20260918T123940.088704Z_eb86c1cc.json.gz,20260918T123940.088704Z_eb86c1cc,7d9cd8f6-f1b9-4a3a-a784-7b3453a4210d,rootkit,cpu,100,100,100,100,0,0,44140.8,44140.8,66062.5,87493.1,nan,nan,nan
D3-r1-test,results/d3_formal/raw_r1/test/boot_05/batch_20260918T123953.498811Z_d9d42895.json.gz,20260918T123953.498811Z_d9d42895,7d9cd8f6-f1b9-4a3a-a784-7b3453a4210d,rootkit,cpu,100,100,100,100,0,0,43301.7,43301.7,59379.5,84451.40000000001,nan,nan,nan
D3-r1-test,results/d3_formal/raw_r1/test/boot_05/batch_20260918T124006.829435Z_1681da75.json.gz,20260918T124006.829435Z_1681da75,7d9cd8f6-f1b9-4a3a-a784-7b3453a4210d,rootkit,cpu,100,100,100,100,0,0,43933.1,43933.1,58805.0,91865.50000000003,nan,nan,nan
D3-r1-test,results/d3_formal/raw_r1/test/boot_05/batch_20260918T124020.304062Z_899c154f.json.gz,20260918T124020.304062Z_899c154f,7d9cd8f6-f1b9-4a3a-a784-7b3453a4210d,rootkit,cpu,100,100,100,100,0,0,43767.2,43767.2,63292.0,101538.20000000004,nan,nan,nan
D3-r1-test,results/d3_formal/raw_r1/test/boot_05/batch_20260918T124033.832120Z_b403f926.json.gz,20260918T124033.832120Z_b403f926,7d9cd8f6-f1b9-4a3a-a784-7b3453a4210d,rootkit,cpu,100,100,100,100,0,0,43364.8,43364.8,65727.0,95042.90000000005,nan,nan,nan
D3-r1-test,results/d3_formal/raw_r1/test/boot_05/batch_20260918T124047.239267Z_c0cc7100.json.gz,20260918T124047.239267Z_c0cc7100,7d9cd8f6-f1b9-4a3a-a784-7b3453a4210d,rootkit,cpu,100,100,100,100,0,0,43825.1,43825.1,61205.5,84433.3,nan,nan,nan
D3-r1-test,results/d3_formal/raw_r1/test/boot_05/batch_20260918T124053.846863Z_6ca88e54.json.gz,20260918T124053.846863Z_6ca88e54,7d9cd8f6-f1b9-4a3a-a784-7b3453a4210d,rootkit,baseline,100,100,100,100,0,0,40815.9,40815.9,42901.0,61436.30000000002,nan,nan,nan
D3-r1-test,results/d3_formal/raw_r1/test/boot_05/batch_20260918T124100.518866Z_a608ee04.json.gz,20260918T124100.518866Z_a608ee04,7d9cd8f6-f1b9-4a3a-a784-7b3453a4210d,rootkit,baseline,100,100,100,100,0,0,40918.2,40918.2,43405.0,78258.80000000006,nan,nan,nan
D3-r1-test,results/d3_formal/raw_r1/test/boot_05/batch_20260918T124107.284057Z_655afcfa.json.gz,20260918T124107.284057Z_655afcfa,7d9cd8f6-f1b9-4a3a-a784-7b3453a4210d,rootkit,baseline,100,100,100,100,0,0,41445.5,41445.5,43677.0,64514.00000000001,nan,nan,nan
D3-r1-test,results/d3_formal/raw_r1/test/boot_05/batch_20260918T124114.056383Z_26d997b1.json.gz,20260918T124114.056383Z_26d997b1,7d9cd8f6-f1b9-4a3a-a784-7b3453a4210d,rootkit,baseline,100,100,100,100,0,0,41460.7,41460.7,42692.0,64194.90000000002,nan,nan,nan
D3-r1-test,results/d3_formal/raw_r1/test/boot_05/batch_20260918T124120.835780Z_b12e63c2.json.gz,20260918T124120.835780Z_b12e63c2,7d9cd8f6-f1b9-4a3a-a784-7b3453a4210d,rootkit,baseline,100,100,100,100,0,0,41119.7,41119.7,43642.0,75535.60000000003,nan,nan,nan
D3-r1-test,results/d3_formal/raw_r1/test/boot_05/batch_20260918T124127.672766Z_d232880f.json.gz,20260918T124127.672766Z_d232880f,7d9cd8f6-f1b9-4a3a-a784-7b3453a4210d,rootkit,baseline,100,100,100,100,0,0,41476.1,41476.1,43481.0,70359.90000000001,nan,nan,nan
D3-r1-test,results/d3_formal/raw_r1/test/boot_05/batch_20260918T124134.401359Z_cbb21df7.json.gz,20260918T124134.401359Z_cbb21df7,7d9cd8f6-f1b9-4a3a-a784-7b3453a4210d,rootkit,baseline,100,100,100,100,0,0,42132.4,42132.4,44128.0,71185.0,nan,nan,nan
D3-r1-test,results/d3_formal/raw_r1/test/boot_05/batch_20260918T124141.160326Z_b0d6f5b5.json.gz,20260918T124141.160326Z_b0d6f5b5,7d9cd8f6-f1b9-4a3a-a784-7b3453a4210d,rootkit,baseline,100,100,100,100,0,0,41605.2,41605.2,43683.0,80485.60000000002,nan,nan,nan
D3-r1-test,results/d3_formal/raw_r1/test/boot_05/batch_20260918T124147.871574Z_f2de11a8.json.gz,20260918T124147.871574Z_f2de11a8,7d9cd8f6-f1b9-4a3a-a784-7b3453a4210d,rootkit,baseline,100,100,100,100,0,0,41814.0,41814.0,44308.5,73078.20000000001,nan,nan,nan
D3-r1-test,results/d3_formal/raw_r1/test/boot_05/batch_20260918T124154.803934Z_a3c931a9.json.gz,20260918T124154.803934Z_a3c931a9,7d9cd8f6-f1b9-4a3a-a784-7b3453a4210d,rootkit,baseline,100,100,100,100,0,0,40900.7,40900.7,43129.0,72507.3,nan,nan,nan
D3-r1-test,results/d3_formal/raw_r1/test/boot_05/batch_20260918T124201.680233Z_7f9f5091.json.gz,20260918T124201.680233Z_7f9f5091,7d9cd8f6-f1b9-4a3a-a784-7b3453a4210d,rootkit,baseline,100,100,100,100,0,0,39275.2,39275.2,42632.5,58839.80000000001,nan,nan,nan
D3-r1-test,results/d3_formal/raw_r1/test/boot_05/batch_20260918T124208.539361Z_e266ea0e.json.gz,20260918T124208.539361Z_e266ea0e,7d9cd8f6-f1b9-4a3a-a784-7b3453a4210d,rootkit,baseline,100,100,100,100,0,0,41559.6,41559.6,44350.5,73125.1,nan,nan,nan
D3-r1-test,results/d3_formal/raw_r1/test/boot_05/batch_20260918T124215.266828Z_20adfb9b.json.gz,20260918T124215.266828Z_20adfb9b,7d9cd8f6-f1b9-4a3a-a784-7b3453a4210d,rootkit,baseline,100,100,100,100,0,0,38441.0,38441.0,40528.5,50627.200000000055,nan,nan,nan
D3-r1-test,results/d3_formal/raw_r1/test/boot_05/batch_20260918T124221.965007Z_52a59b2a.json.gz,20260918T124221.965007Z_52a59b2a,7d9cd8f6-f1b9-4a3a-a784-7b3453a4210d,rootkit,baseline,100,100,100,100,0,0,38911.4,38911.4,40692.5,52433.00000000003,nan,nan,nan
D3-r1-test,results/d3_formal/raw_r1/test/boot_05/batch_20260918T124228.728416Z_dc6332e3.json.gz,20260918T124228.728416Z_dc6332e3,7d9cd8f6-f1b9-4a3a-a784-7b3453a4210d,rootkit,baseline,100,100,100,100,0,0,39128.7,39128.7,41091.5,65691.80000000005,nan,nan,nan
D3-r1-test,results/d3_formal/raw_r1/test/boot_05/batch_20260918T124235.360854Z_1bb69665.json.gz,20260918T124235.360854Z_1bb69665,7d9cd8f6-f1b9-4a3a-a784-7b3453a4210d,rootkit,baseline,100,100,100,100,0,0,38888.0,38888.0,41257.5,63458.10000000002,nan,nan,nan
D3-r1-test,results/d3_formal/raw_r1/test/boot_05/batch_20260918T124242.082451Z_808364eb.json.gz,20260918T124242.082451Z_808364eb,7d9cd8f6-f1b9-4a3a-a784-7b3453a4210d,rootkit,baseline,100,100,100,100,0,0,39140.5,39140.5,41746.5,60656.20000000002,nan,nan,nan
D3-r1-test,results/d3_formal/raw_r1/test/boot_05/batch_20260918T124248.707774Z_b12b3e45.json.gz,20260918T124248.707774Z_b12b3e45,7d9cd8f6-f1b9-4a3a-a784-7b3453a4210d,rootkit,baseline,100,100,100,100,0,0,39154.7,39154.7,41812.0,63512.600000000006,nan,nan,nan
D3-r1-test,results/d3_formal/raw_r1/test/boot_05/batch_20260918T124255.400764Z_85700f31.json.gz,20260918T124255.400764Z_85700f31,7d9cd8f6-f1b9-4a3a-a784-7b3453a4210d,rootkit,baseline,100,100,100,100,0,0,40277.8,40277.8,42618.0,73581.40000000002,nan,nan,nan
D3-r1-test,results/d3_formal/raw_r1/test/boot_05/batch_20260918T124302.122293Z_9332bffd.json.gz,20260918T124302.122293Z_9332bffd,7d9cd8f6-f1b9-4a3a-a784-7b3453a4210d,rootkit,baseline,100,100,100,100,0,0,40986.8,40986.8,42671.0,71735.50000000003,nan,nan,nan
D3-r1-test,results/d3_formal/raw_r1/test/boot_05/batch_20260918T124308.821358Z_71f2248e.json.gz,20260918T124308.821358Z_71f2248e,7d9cd8f6-f1b9-4a3a-a784-7b3453a4210d,rootkit,baseline,100,100,100,100,0,0,40989.3,40989.3,42973.5,65123.100000000006,nan,nan,nan
D3-r1-test,results/d3_formal/raw_r1/test/boot_05/batch_20260918T124315.631390Z_2db24039.json.gz,20260918T124315.631390Z_2db24039,7d9cd8f6-f1b9-4a3a-a784-7b3453a4210d,rootkit,baseline,100,100,100,100,0,0,40060.9,40060.9,43116.5,73277.1,nan,nan,nan
D3-r1-test,results/d3_formal/raw_r1/test/boot_05/batch_20260918T124322.517923Z_f7baad61.json.gz,20260918T124322.517923Z_f7baad61,7d9cd8f6-f1b9-4a3a-a784-7b3453a4210d,rootkit,baseline,100,100,100,100,0,0,40696.4,40696.4,43794.0,77055.70000000001,nan,nan,nan
D3-r1-test,results/d3_formal/raw_r1/test/boot_05/batch_20260918T124329.250966Z_b8271ce2.json.gz,20260918T124329.250966Z_b8271ce2,7d9cd8f6-f1b9-4a3a-a784-7b3453a4210d,rootkit,baseline,100,100,100,100,0,0,41668.7,41668.7,43432.5,72308.80000000003,nan,nan,nan
D3-r1-test,results/d3_formal/raw_r1/test/boot_05/batch_20260918T124335.882303Z_1bfc4895.json.gz,20260918T124335.882303Z_1bfc4895,7d9cd8f6-f1b9-4a3a-a784-7b3453a4210d,rootkit,baseline,100,100,100,100,0,0,40743.4,40743.4,42687.5,76399.70000000003,nan,nan,nan
D3-r1-test,results/d3_formal/raw_r1/test/boot_05/batch_20260918T124342.551829Z_f7f827a7.json.gz,20260918T124342.551829Z_f7f827a7,7d9cd8f6-f1b9-4a3a-a784-7b3453a4210d,rootkit,baseline,100,100,100,100,0,0,40487.9,40487.9,42761.5,68111.1,nan,nan,nan
D3-r1-test,results/d3_formal/raw_r1/test/boot_05/batch_20260918T124349.221558Z_4fa6807d.json.gz,20260918T124349.221558Z_4fa6807d,7d9cd8f6-f1b9-4a3a-a784-7b3453a4210d,rootkit,baseline,100,100,100,100,0,0,39967.6,39967.6,42994.5,87962.30000000002,nan,nan,nan
D3-r1-test,results/d3_formal/raw_r1/test/boot_05/batch_20260918T124356.233401Z_a7b0f67b.json.gz,20260918T124356.233401Z_a7b0f67b,7d9cd8f6-f1b9-4a3a-a784-7b3453a4210d,rootkit,baseline,100,100,100,100,0,0,40538.3,40538.3,42644.5,91810.10000000006,nan,nan,nan
D3-r1-test,results/d3_formal/raw_r1/test/boot_05/batch_20260918T124403.042662Z_dd06eea2.json.gz,20260918T124403.042662Z_dd06eea2,7d9cd8f6-f1b9-4a3a-a784-7b3453a4210d,rootkit,baseline,100,100,100,100,0,0,40821.5,40821.5,43316.0,79662.90000000001,nan,nan,nan
D3-r1-test,results/d3_formal/raw_r1/test/boot_05/batch_20260918T124409.702487Z_fd708da0.json.gz,20260918T124409.702487Z_fd708da0,7d9cd8f6-f1b9-4a3a-a784-7b3453a4210d,rootkit,baseline,100,100,100,100,0,0,40199.8,40199.8,42920.5,75715.7,nan,nan,nan
