path,batch_id,schema_version,boot_id,campaign_id,campaign_position,campaign_phase,label,condition,probe_profile,iterations,visible_cardinality,filename_length,hidden_slot,valid,exact_output_pass,lost_events,iterate_pid_count,iterate_calls,iterate_call_count_distribution,pids_one_call,pids_two_calls,pids_other_calls,hidden_visible_iterations,normal_hidden_observed_index
results\d5_formal\raw_r1\boot_01\batch_20260919T112513.190229Z_ecfcd7ba.json.gz,20260919T112513.190229Z_ecfcd7ba,4,b7600d17-1e0b-43ba-96cd-edb4c442fe93,d5_b7600d17-1e0b-43ba-96cd-edb4c442fe93_8601_fc49b050,0,calibration:unloaded,normal,baseline,role_aggregate,20,128,32,middle,True,True,0,20,40,"{""2"": 20}",0,20,0,20,129
results\d5_formal\raw_r1\boot_01\batch_20260919T112521.774120Z_33fd5156.json.gz,20260919T112521.774120Z_33fd5156,4,b7600d17-1e0b-43ba-96cd-edb4c442fe93,d5_b7600d17-1e0b-43ba-96cd-edb4c442fe93_8601_fc49b050,1,calibration:sham,normal,cpu,role_aggregate,20,128,32,middle,True,True,0,20,40,"{""2"": 20}",0,20,0,20,129
results\d5_formal\raw_r1\boot_01\batch_20260919T112524.182014Z_dd8f0f58.json.gz,20260919T112524.182014Z_dd8f0f58,4,b7600d17-1e0b-43ba-96cd-edb4c442fe93,d5_b7600d17-1e0b-43ba-96cd-edb4c442fe93_8601_fc49b050,2,calibration:unloaded,normal,baseline,role_aggregate,20,128,32,middle,True,True,0,20,40,"{""2"": 20}",0,20,0,20,129
results\d5_formal\raw_r1\boot_01\batch_20260919T112532.678059Z_45ad971d.json.gz,20260919T112532.678059Z_45ad971d,4,b7600d17-1e0b-43ba-96cd-edb4c442fe93,d5_b7600d17-1e0b-43ba-96cd-edb4c442fe93_8601_fc49b050,3,calibration:unloaded,normal,cpu,role_aggregate,20,128,32,middle,True,True,0,20,40,"{""2"": 20}",0,20,0,20,129
results\d5_formal\raw_r1\boot_01\batch_20260919T112535.195815Z_b2261a84.json.gz,20260919T112535.195815Z_b2261a84,4,b7600d17-1e0b-43ba-96cd-edb4c442fe93,d5_b7600d17-1e0b-43ba-96cd-edb4c442fe93_8601_fc49b050,4,calibration:sham,normal,baseline,role_aggregate,20,128,32,middle,True,True,0,20,40,"{""2"": 20}",0,20,0,20,129
results\d5_formal\raw_r1\boot_01\batch_20260919T112537.851991Z_4333974b.json.gz,20260919T112537.851991Z_4333974b,4,b7600d17-1e0b-43ba-96cd-edb4c442fe93,d5_b7600d17-1e0b-43ba-96cd-edb4c442fe93_8601_fc49b050,5,calibration:unloaded,normal,baseline,role_aggregate,20,128,32,middle,True,True,0,20,40,"{""2"": 20}",0,20,0,20,129
results\d5_formal\raw_r1\boot_01\batch_20260919T112540.311250Z_73d9f24b.json.gz,20260919T112540.311250Z_73d9f24b,4,b7600d17-1e0b-43ba-96cd-edb4c442fe93,d5_b7600d17-1e0b-43ba-96cd-edb4c442fe93_8601_fc49b050,6,calibration:sham,normal,baseline,role_aggregate,20,128,32,middle,True,True,0,20,40,"{""2"": 20}",0,20,0,20,129
results\d5_formal\raw_r1\boot_01\batch_20260919T112542.754937Z_33d7565c.json.gz,20260919T112542.754937Z_33d7565c,4,b7600d17-1e0b-43ba-96cd-edb4c442fe93,d5_b7600d17-1e0b-43ba-96cd-edb4c442fe93_8601_fc49b050,7,calibration:sham,normal,baseline,role_aggregate,20,128,32,middle,True,True,0,20,40,"{""2"": 20}",0,20,0,20,129
results\d5_formal\raw_r1\boot_01\batch_20260919T112551.495159Z_666f1e56.json.gz,20260919T112551.495159Z_666f1e56,4,b7600d17-1e0b-43ba-96cd-edb4c442fe93,d5_b7600d17-1e0b-43ba-96cd-edb4c442fe93_8601_fc49b050,8,calibration:sham,normal,cpu,role_aggregate,20,128,32,middle,True,True,0,20,40,"{""2"": 20}",0,20,0,20,129
results\d5_formal\raw_r1\boot_01\batch_20260919T112553.849729Z_f53980f7.json.gz,20260919T112553.849729Z_f53980f7,4,b7600d17-1e0b-43ba-96cd-edb4c442fe93,d5_b7600d17-1e0b-43ba-96cd-edb4c442fe93_8601_fc49b050,9,calibration:sham,normal,baseline,role_aggregate,20,128,32,middle,True,True,0,20,40,"{""2"": 20}",0,20,0,20,129
results\d5_formal\raw_r1\boot_01\batch_20260919T112556.289326Z_d7cfe4e8.json.gz,20260919T112556.289326Z_d7cfe4e8,4,b7600d17-1e0b-43ba-96cd-edb4c442fe93,d5_b7600d17-1e0b-43ba-96cd-edb4c442fe93_8601_fc49b050,10,calibration:sham,normal,baseline,role_aggregate,20,128,32,middle,True,True,0,20,40,"{""2"": 20}",0,20,0,20,129
results\d5_formal\raw_r1\boot_01\batch_20260919T112558.803909Z_741930ba.json.gz,20260919T112558.803909Z_741930ba,4,b7600d17-1e0b-43ba-96cd-edb4c442fe93,d5_b7600d17-1e0b-43ba-96cd-edb4c442fe93_8601_fc49b050,11,calibration:unloaded,normal,baseline,role_aggregate,20,128,32,middle,True,True,0,20,40,"{""2"": 20}",0,20,0,20,129
results\d5_formal\raw_r1\boot_01\batch_20260919T112607.309867Z_b41dde55.json.gz,20260919T112607.309867Z_b41dde55,4,b7600d17-1e0b-43ba-96cd-edb4c442fe93,d5_b7600d17-1e0b-43ba-96cd-edb4c442fe93_8601_fc49b050,12,calibration:unloaded,normal,cpu,role_aggregate,20,128,32,middle,True,True,0,20,40,"{""2"": 20}",0,20,0,20,129
results\d5_formal\raw_r1\boot_01\batch_20260919T112616.011189Z_5d260dc8.json.gz,20260919T112616.011189Z_5d260dc8,4,b7600d17-1e0b-43ba-96cd-edb4c442fe93,d5_b7600d17-1e0b-43ba-96cd-edb4c442fe93_8601_fc49b050,13,calibration:sham,normal,cpu,role_aggregate,20,128,32,middle,True,True,0,20,40,"{""2"": 20}",0,20,0,20,129
results\d5_formal\raw_r1\boot_01\batch_20260919T112624.602860Z_17d61a77.json.gz,20260919T112624.602860Z_17d61a77,4,b7600d17-1e0b-43ba-96cd-edb4c442fe93,d5_b7600d17-1e0b-43ba-96cd-edb4c442fe93_8601_fc49b050,14,calibration:sham,normal,cpu,role_aggregate,20,128,32,middle,True,True,0,20,40,"{""2"": 20}",0,20,0,20,129
results\d5_formal\raw_r1\boot_01\batch_20260919T112627.146787Z_97cfdfd1.json.gz,20260919T112627.146787Z_97cfdfd1,4,b7600d17-1e0b-43ba-96cd-edb4c442fe93,d5_b7600d17-1e0b-43ba-96cd-edb4c442fe93_8601_fc49b050,15,calibration:sham,normal,baseline,role_aggregate,20,128,32,middle,True,True,0,20,40,"{""2"": 20}",0,20,0,20,129
results\d5_formal\raw_r1\boot_01\batch_20260919T112635.878882Z_119b438b.json.gz,20260919T112635.878882Z_119b438b,4,b7600d17-1e0b-43ba-96cd-edb4c442fe93,d5_b7600d17-1e0b-43ba-96cd-edb4c442fe93_8601_fc49b050,16,calibration:sham,normal,cpu,role_aggregate,20,128,32,middle,True,True,0,20,40,"{""2"": 20}",0,20,0,20,129
results\d5_formal\raw_r1\boot_01\batch_20260919T112644.713190Z_7a604e51.json.gz,20260919T112644.713190Z_7a604e51,4,b7600d17-1e0b-43ba-96cd-edb4c442fe93,d5_b7600d17-1e0b-43ba-96cd-edb4c442fe93_8601_fc49b050,17,calibration:sham,normal,cpu,role_aggregate,20,128,32,middle,True,True,0,20,40,"{""2"": 20}",0,20,0,20,129
results\d5_formal\raw_r1\boot_01\batch_20260919T112653.487888Z_34b168c0.json.gz,20260919T112653.487888Z_34b168c0,4,b7600d17-1e0b-43ba-96cd-edb4c442fe93,d5_b7600d17-1e0b-43ba-96cd-edb4c442fe93_8601_fc49b050,18,calibration:sham,normal,cpu,role_aggregate,20,128,32,middle,True,True,0,20,40,"{""2"": 20}",0,20,0,20,129
results\d5_formal\raw_r1\boot_01\batch_20260919T112657.100226Z_29e9c41a.json.gz,20260919T112657.100226Z_29e9c41a,4,b7600d17-1e0b-43ba-96cd-edb4c442fe93,d5_b7600d17-1e0b-43ba-96cd-edb4c442fe93_8601_fc49b050,19,calibration:unloaded,normal,baseline,role_aggregate,20,128,32,middle,True,True,0,20,40,"{""2"": 20}",0,20,0,20,129
results\d5_formal\raw_r1\boot_01\batch_20260919T112705.757087Z_774669fc.json.gz,20260919T112705.757087Z_774669fc,4,b7600d17-1e0b-43ba-96cd-edb4c442fe93,d5_b7600d17-1e0b-43ba-96cd-edb4c442fe93_8601_fc49b050,20,calibration:unloaded,normal,cpu,role_aggregate,20,128,32,middle,True,True,0,20,40,"{""2"": 20}",0,20,0,20,129
results\d5_formal\raw_r1\boot_01\batch_20260919T112713.994355Z_d0f92ab0.json.gz,20260919T112713.994355Z_d0f92ab0,4,b7600d17-1e0b-43ba-96cd-edb4c442fe93,d5_b7600d17-1e0b-43ba-96cd-edb4c442fe93_8601_fc49b050,21,calibration:sham,normal,cpu,role_aggregate,20,128,32,middle,True,True,0,20,40,"{""2"": 20}",0,20,0,20,129
results\d5_formal\raw_r1\boot_01\batch_20260919T112722.364490Z_6a0c2e01.json.gz,20260919T112722.364490Z_6a0c2e01,4,b7600d17-1e0b-43ba-96cd-edb4c442fe93,d5_b7600d17-1e0b-43ba-96cd-edb4c442fe93_8601_fc49b050,22,calibration:sham,normal,cpu,role_aggregate,20,128,32,middle,True,True,0,20,40,"{""2"": 20}",0,20,0,20,129
results\d5_formal\raw_r1\boot_01\batch_20260919T112731.662102Z_048b3dda.json.gz,20260919T112731.662102Z_048b3dda,4,b7600d17-1e0b-43ba-96cd-edb4c442fe93,d5_b7600d17-1e0b-43ba-96cd-edb4c442fe93_8601_fc49b050,23,calibration:sham,normal,cpu,role_aggregate,20,128,32,middle,True,True,0,20,40,"{""2"": 20}",0,20,0,20,129
results\d5_formal\raw_r1\boot_01\batch_20260919T112733.679330Z_90494901.json.gz,20260919T112733.679330Z_90494901,4,b7600d17-1e0b-43ba-96cd-edb4c442fe93,d5_b7600d17-1e0b-43ba-96cd-edb4c442fe93_8601_fc49b050,24,calibration:unloaded,normal,baseline,role_aggregate,20,128,32,middle,True,True,0,20,40,"{""2"": 20}",0,20,0,20,129
results\d5_formal\raw_r1\boot_01\batch_20260919T112742.193805Z_2a280015.json.gz,20260919T112742.193805Z_2a280015,4,b7600d17-1e0b-43ba-96cd-edb4c442fe93,d5_b7600d17-1e0b-43ba-96cd-edb4c442fe93_8601_fc49b050,25,calibration:unloaded,normal,cpu,role_aggregate,20,128,32,middle,True,True,0,20,40,"{""2"": 20}",0,20,0,20,129
results\d5_formal\raw_r1\boot_01\batch_20260919T112744.610130Z_cc06ff36.json.gz,20260919T112744.610130Z_cc06ff36,4,b7600d17-1e0b-43ba-96cd-edb4c442fe93,d5_b7600d17-1e0b-43ba-96cd-edb4c442fe93_8601_fc49b050,26,calibration:sham,normal,baseline,role_aggregate,20,128,32,middle,True,True,0,20,40,"{""2"": 20}",0,20,0,20,129
results\d5_formal\raw_r1\boot_01\batch_20260919T112753.400002Z_4f0d1036.json.gz,20260919T112753.400002Z_4f0d1036,4,b7600d17-1e0b-43ba-96cd-edb4c442fe93,d5_b7600d17-1e0b-43ba-96cd-edb4c442fe93_8601_fc49b050,27,calibration:unloaded,normal,cpu,role_aggregate,20,128,32,middle,True,True,0,20,40,"{""2"": 20}",0,20,0,20,129
results\d5_formal\raw_r1\boot_01\batch_20260919T112755.871904Z_69ae0665.json.gz,20260919T112755.871904Z_69ae0665,4,b7600d17-1e0b-43ba-96cd-edb4c442fe93,d5_b7600d17-1e0b-43ba-96cd-edb4c442fe93_8601_fc49b050,28,calibration:unloaded,normal,baseline,role_aggregate,20,128,32,middle,True,True,0,20,40,"{""2"": 20}",0,20,0,20,129
results\d5_formal\raw_r1\boot_01\batch_20260919T112758.271974Z_27ac098e.json.gz,20260919T112758.271974Z_27ac098e,4,b7600d17-1e0b-43ba-96cd-edb4c442fe93,d5_b7600d17-1e0b-43ba-96cd-edb4c442fe93_8601_fc49b050,29,calibration:sham,normal,baseline,role_aggregate,20,128,32,middle,True,True,0,20,40,"{""2"": 20}",0,20,0,20,129
results\d5_formal\raw_r1\boot_01\batch_20260919T112800.694113Z_58d285fe.json.gz,20260919T112800.694113Z_58d285fe,4,b7600d17-1e0b-43ba-96cd-edb4c442fe93,d5_b7600d17-1e0b-43ba-96cd-edb4c442fe93_8601_fc49b050,30,calibration:unloaded,normal,baseline,role_aggregate,20,128,32,middle,True,True,0,20,40,"{""2"": 20}",0,20,0,20,129
results\d5_formal\raw_r1\boot_01\batch_20260919T112802.947780Z_3d68947b.json.gz,20260919T112802.947780Z_3d68947b,4,b7600d17-1e0b-43ba-96cd-edb4c442fe93,d5_b7600d17-1e0b-43ba-96cd-edb4c442fe93_8601_fc49b050,31,calibration:sham,normal,baseline,role_aggregate,20,128,32,middle,True,True,0,20,40,"{""2"": 20}",0,20,0,20,129
results\d5_formal\raw_r1\boot_01\batch_20260919T112811.513946Z_4d86ba63.json.gz,20260919T112811.513946Z_4d86ba63,4,b7600d17-1e0b-43ba-96cd-edb4c442fe93,d5_b7600d17-1e0b-43ba-96cd-edb4c442fe93_8601_fc49b050,32,calibration:unloaded,normal,cpu,role_aggregate,20,128,32,middle,True,True,0,20,40,"{""2"": 20}",0,20,0,20,129
results\d5_formal\raw_r1\boot_01\batch_20260919T112820.045087Z_a0a00b77.json.gz,20260919T112820.045087Z_a0a00b77,4,b7600d17-1e0b-43ba-96cd-edb4c442fe93,d5_b7600d17-1e0b-43ba-96cd-edb4c442fe93_8601_fc49b050,33,calibration:sham,normal,cpu,role_aggregate,20,128,32,middle,True,True,0,20,40,"{""2"": 20}",0,20,0,20,129
results\d5_formal\raw_r1\boot_01\batch_20260919T112822.536167Z_9b5ddb0c.json.gz,20260919T112822.536167Z_9b5ddb0c,4,b7600d17-1e0b-43ba-96cd-edb4c442fe93,d5_b7600d17-1e0b-43ba-96cd-edb4c442fe93_8601_fc49b050,34,calibration:unloaded,normal,baseline,role_aggregate,20,128,32,middle,True,True,0,20,40,"{""2"": 20}",0,20,0,20,129
results\d5_formal\raw_r1\boot_01\batch_20260919T112825.035961Z_dc5b26e2.json.gz,20260919T112825.035961Z_dc5b26e2,4,b7600d17-1e0b-43ba-96cd-edb4c442fe93,d5_b7600d17-1e0b-43ba-96cd-edb4c442fe93_8601_fc49b050,35,calibration:unloaded,normal,baseline,role_aggregate,20,128,32,middle,True,True,0,20,40,"{""2"": 20}",0,20,0,20,129
results\d5_formal\raw_r1\boot_01\batch_20260919T112827.574145Z_80b31bf2.json.gz,20260919T112827.574145Z_80b31bf2,4,b7600d17-1e0b-43ba-96cd-edb4c442fe93,d5_b7600d17-1e0b-43ba-96cd-edb4c442fe93_8601_fc49b050,36,calibration:sham,normal,baseline,role_aggregate,20,128,32,middle,True,True,0,20,40,"{""2"": 20}",0,20,0,20,129
results\d5_formal\raw_r1\boot_01\batch_20260919T112830.055290Z_5b82b1ba.json.gz,20260919T112830.055290Z_5b82b1ba,4,b7600d17-1e0b-43ba-96cd-edb4c442fe93,d5_b7600d17-1e0b-43ba-96cd-edb4c442fe93_8601_fc49b050,37,calibration:sham,normal,baseline,role_aggregate,20,128,32,middle,True,True,0,20,40,"{""2"": 20}",0,20,0,20,129
results\d5_formal\raw_r1\boot_01\batch_20260919T112838.761544Z_6e3fd94b.json.gz,20260919T112838.761544Z_6e3fd94b,4,b7600d17-1e0b-43ba-96cd-edb4c442fe93,d5_b7600d17-1e0b-43ba-96cd-edb4c442fe93_8601_fc49b050,38,calibration:sham,normal,cpu,role_aggregate,20,128,32,middle,True,True,0,20,40,"{""2"": 20}",0,20,0,20,129
results\d5_formal\raw_r1\boot_01\batch_20260919T112847.439989Z_38714059.json.gz,20260919T112847.439989Z_38714059,4,b7600d17-1e0b-43ba-96cd-edb4c442fe93,d5_b7600d17-1e0b-43ba-96cd-edb4c442fe93_8601_fc49b050,39,calibration:unloaded,normal,cpu,role_aggregate,20,128,32,middle,True,True,0,20,40,"{""2"": 20}",0,20,0,20,129
results\d5_formal\raw_r1\boot_01\batch_20260919T112855.949796Z_aa583579.json.gz,20260919T112855.949796Z_aa583579,4,b7600d17-1e0b-43ba-96cd-edb4c442fe93,d5_b7600d17-1e0b-43ba-96cd-edb4c442fe93_8601_fc49b050,40,calibration:unloaded,normal,cpu,role_aggregate,20,128,32,middle,True,True,0,20,40,"{""2"": 20}",0,20,0,20,129
results\d5_formal\raw_r1\boot_01\batch_20260919T112904.549753Z_3309d9aa.json.gz,20260919T112904.549753Z_3309d9aa,4,b7600d17-1e0b-43ba-96cd-edb4c442fe93,d5_b7600d17-1e0b-43ba-96cd-edb4c442fe93_8601_fc49b050,41,calibration:unloaded,normal,cpu,role_aggregate,20,128,32,middle,True,True,0,20,40,"{""2"": 20}",0,20,0,20,129
results\d5_formal\raw_r1\boot_01\batch_20260919T112912.933921Z_02ab2672.json.gz,20260919T112912.933921Z_02ab2672,4,b7600d17-1e0b-43ba-96cd-edb4c442fe93,d5_b7600d17-1e0b-43ba-96cd-edb4c442fe93_8601_fc49b050,42,calibration:unloaded,normal,cpu,role_aggregate,20,128,32,middle,True,True,0,20,40,"{""2"": 20}",0,20,0,20,129
results\d5_formal\raw_r1\boot_01\batch_20260919T112915.247910Z_766a0663.json.gz,20260919T112915.247910Z_766a0663,4,b7600d17-1e0b-43ba-96cd-edb4c442fe93,d5_b7600d17-1e0b-43ba-96cd-edb4c442fe93_8601_fc49b050,43,calibration:sham,normal,baseline,role_aggregate,20,128,32,middle,True,True,0,20,40,"{""2"": 20}",0,20,0,20,129
results\d5_formal\raw_r1\boot_01\batch_20260919T112917.683768Z_37e6aec8.json.gz,20260919T112917.683768Z_37e6aec8,4,b7600d17-1e0b-43ba-96cd-edb4c442fe93,d5_b7600d17-1e0b-43ba-96cd-edb4c442fe93_8601_fc49b050,44,calibration:unloaded,normal,baseline,role_aggregate,20,128,32,middle,True,True,0,20,40,"{""2"": 20}",0,20,0,20,129
results\d5_formal\raw_r1\boot_01\batch_20260919T112926.054872Z_a914c935.json.gz,20260919T112926.054872Z_a914c935,4,b7600d17-1e0b-43ba-96cd-edb4c442fe93,d5_b7600d17-1e0b-43ba-96cd-edb4c442fe93_8601_fc49b050,45,calibration:unloaded,normal,cpu,role_aggregate,20,128,32,middle,True,True,0,20,40,"{""2"": 20}",0,20,0,20,129
results\d5_formal\raw_r1\boot_01\batch_20260919T112934.479205Z_50750939.json.gz,20260919T112934.479205Z_50750939,4,b7600d17-1e0b-43ba-96cd-edb4c442fe93,d5_b7600d17-1e0b-43ba-96cd-edb4c442fe93_8601_fc49b050,46,calibration:unloaded,normal,cpu,role_aggregate,20,128,32,middle,True,True,0,20,40,"{""2"": 20}",0,20,0,20,129
results\d5_formal\raw_r1\boot_01\batch_20260919T112936.928744Z_f4bd7621.json.gz,20260919T112936.928744Z_f4bd7621,4,b7600d17-1e0b-43ba-96cd-edb4c442fe93,d5_b7600d17-1e0b-43ba-96cd-edb4c442fe93_8601_fc49b050,47,calibration:unloaded,normal,baseline,role_aggregate,20,128,32,middle,True,True,0,20,40,"{""2"": 20}",0,20,0,20,129
results\d5_formal\raw_r1\boot_01\batch_20260919T112939.211918Z_8df00268.json.gz,20260919T112939.211918Z_8df00268,4,b7600d17-1e0b-43ba-96cd-edb4c442fe93,d5_b7600d17-1e0b-43ba-96cd-edb4c442fe93_8601_fc49b050,48,test:unloaded,normal,baseline,role_aggregate,20,128,32,middle,True,True,0,20,40,"{""2"": 20}",0,20,0,20,129
results\d5_formal\raw_r1\boot_01\batch_20260919T112941.564925Z_0d1113fd.json.gz,20260919T112941.564925Z_0d1113fd,4,b7600d17-1e0b-43ba-96cd-edb4c442fe93,d5_b7600d17-1e0b-43ba-96cd-edb4c442fe93_8601_fc49b050,49,test:unloaded,normal,baseline,role_aggregate,20,128,32,middle,True,True,0,20,40,"{""2"": 20}",0,20,0,20,129
results\d5_formal\raw_r1\boot_01\batch_20260919T112943.930887Z_922ee232.json.gz,20260919T112943.930887Z_922ee232,4,b7600d17-1e0b-43ba-96cd-edb4c442fe93,d5_b7600d17-1e0b-43ba-96cd-edb4c442fe93_8601_fc49b050,50,test:unloaded,normal,baseline,role_aggregate,20,128,32,middle,True,True,0,20,40,"{""2"": 20}",0,20,0,20,129
results\d5_formal\raw_r1\boot_01\batch_20260919T112946.264055Z_6ab37baa.json.gz,20260919T112946.264055Z_6ab37baa,4,b7600d17-1e0b-43ba-96cd-edb4c442fe93,d5_b7600d17-1e0b-43ba-96cd-edb4c442fe93_8601_fc49b050,51,test:unloaded,normal,baseline,role_aggregate,20,128,32,middle,True,True,0,20,40,"{""2"": 20}",0,20,0,20,129
results\d5_formal\raw_r1\boot_01\batch_20260919T112948.530364Z_feefdd6e.json.gz,20260919T112948.530364Z_feefdd6e,4,b7600d17-1e0b-43ba-96cd-edb4c442fe93,d5_b7600d17-1e0b-43ba-96cd-edb4c442fe93_8601_fc49b050,52,test:unloaded,normal,baseline,role_aggregate,20,128,32,middle,True,True,0,20,40,"{""2"": 20}",0,20,0,20,129
results\d5_formal\raw_r1\boot_01\batch_20260919T112950.890922Z_5a33c183.json.gz,20260919T112950.890922Z_5a33c183,4,b7600d17-1e0b-43ba-96cd-edb4c442fe93,d5_b7600d17-1e0b-43ba-96cd-edb4c442fe93_8601_fc49b050,53,test:unloaded,normal,baseline,role_aggregate,20,128,32,middle,True,True,0,20,40,"{""2"": 20}",0,20,0,20,129
results\d5_formal\raw_r1\boot_01\batch_20260919T112953.240146Z_d2911172.json.gz,20260919T112953.240146Z_d2911172,4,b7600d17-1e0b-43ba-96cd-edb4c442fe93,d5_b7600d17-1e0b-43ba-96cd-edb4c442fe93_8601_fc49b050,54,test:unloaded,normal,baseline,role_aggregate,20,128,32,middle,True,True,0,20,40,"{""2"": 20}",0,20,0,20,129
results\d5_formal\raw_r1\boot_01\batch_20260919T112955.561940Z_60fc371b.json.gz,20260919T112955.561940Z_60fc371b,4,b7600d17-1e0b-43ba-96cd-edb4c442fe93,d5_b7600d17-1e0b-43ba-96cd-edb4c442fe93_8601_fc49b050,55,test:unloaded,normal,baseline,role_aggregate,20,128,32,middle,True,True,0,20,40,"{""2"": 20}",0,20,0,20,129
results\d5_formal\raw_r1\boot_01\batch_20260919T112957.916067Z_834d23d9.json.gz,20260919T112957.916067Z_834d23d9,4,b7600d17-1e0b-43ba-96cd-edb4c442fe93,d5_b7600d17-1e0b-43ba-96cd-edb4c442fe93_8601_fc49b050,56,test:unloaded,normal,baseline,role_aggregate,20,128,32,middle,True,True,0,20,40,"{""2"": 20}",0,20,0,20,129
results\d5_formal\raw_r1\boot_01\batch_20260919T113000.225804Z_7d1615e8.json.gz,20260919T113000.225804Z_7d1615e8,4,b7600d17-1e0b-43ba-96cd-edb4c442fe93,d5_b7600d17-1e0b-43ba-96cd-edb4c442fe93_8601_fc49b050,57,test:unloaded,normal,baseline,role_aggregate,20,128,32,middle,True,True,0,20,40,"{""2"": 20}",0,20,0,20,129
results\d5_formal\raw_r1\boot_01\batch_20260919T113002.513534Z_aba57317.json.gz,20260919T113002.513534Z_aba57317,4,b7600d17-1e0b-43ba-96cd-edb4c442fe93,d5_b7600d17-1e0b-43ba-96cd-edb4c442fe93_8601_fc49b050,58,test:unloaded,normal,baseline,role_aggregate,20,128,32,middle,True,True,0,20,40,"{""2"": 20}",0,20,0,20,129
results\d5_formal\raw_r1\boot_01\batch_20260919T113004.800847Z_d35b774a.json.gz,20260919T113004.800847Z_d35b774a,4,b7600d17-1e0b-43ba-96cd-edb4c442fe93,d5_b7600d17-1e0b-43ba-96cd-edb4c442fe93_8601_fc49b050,59,test:unloaded,normal,baseline,role_aggregate,20,128,32,middle,True,True,0,20,40,"{""2"": 20}",0,20,0,20,129
results\d5_formal\raw_r1\boot_01\batch_20260919T113007.281075Z_6d6a7fc7.json.gz,20260919T113007.281075Z_6d6a7fc7,4,b7600d17-1e0b-43ba-96cd-edb4c442fe93,d5_b7600d17-1e0b-43ba-96cd-edb4c442fe93_8601_fc49b050,60,test:unloaded,normal,baseline,role_aggregate,20,128,32,middle,True,True,0,20,40,"{""2"": 20}",0,20,0,20,129
results\d5_formal\raw_r1\boot_01\batch_20260919T113009.760813Z_8a199aab.json.gz,20260919T113009.760813Z_8a199aab,4,b7600d17-1e0b-43ba-96cd-edb4c442fe93,d5_b7600d17-1e0b-43ba-96cd-edb4c442fe93_8601_fc49b050,61,test:unloaded,normal,baseline,role_aggregate,20,128,32,middle,True,True,0,20,40,"{""2"": 20}",0,20,0,20,129
results\d5_formal\raw_r1\boot_01\batch_20260919T113012.226724Z_bacdbecf.json.gz,20260919T113012.226724Z_bacdbecf,4,b7600d17-1e0b-43ba-96cd-edb4c442fe93,d5_b7600d17-1e0b-43ba-96cd-edb4c442fe93_8601_fc49b050,62,test:unloaded,normal,baseline,role_aggregate,20,128,32,middle,True,True,0,20,40,"{""2"": 20}",0,20,0,20,129
results\d5_formal\raw_r1\boot_01\batch_20260919T113014.791956Z_191a0399.json.gz,20260919T113014.791956Z_191a0399,4,b7600d17-1e0b-43ba-96cd-edb4c442fe93,d5_b7600d17-1e0b-43ba-96cd-edb4c442fe93_8601_fc49b050,63,test:unloaded,normal,baseline,role_aggregate,20,128,32,middle,True,True,0,20,40,"{""2"": 20}",0,20,0,20,129
results\d5_formal\raw_r1\boot_01\batch_20260919T113017.337100Z_75e6783f.json.gz,20260919T113017.337100Z_75e6783f,4,b7600d17-1e0b-43ba-96cd-edb4c442fe93,d5_b7600d17-1e0b-43ba-96cd-edb4c442fe93_8601_fc49b050,64,test:unloaded,normal,baseline,role_aggregate,20,128,32,middle,True,True,0,20,40,"{""2"": 20}",0,20,0,20,129
results\d5_formal\raw_r1\boot_01\batch_20260919T113019.758768Z_17a6a3da.json.gz,20260919T113019.758768Z_17a6a3da,4,b7600d17-1e0b-43ba-96cd-edb4c442fe93,d5_b7600d17-1e0b-43ba-96cd-edb4c442fe93_8601_fc49b050,65,test:unloaded,normal,baseline,role_aggregate,20,128,32,middle,True,True,0,20,40,"{""2"": 20}",0,20,0,20,129
results\d5_formal\raw_r1\boot_01\batch_20260919T113022.181085Z_060d14d7.json.gz,20260919T113022.181085Z_060d14d7,4,b7600d17-1e0b-43ba-96cd-edb4c442fe93,d5_b7600d17-1e0b-43ba-96cd-edb4c442fe93_8601_fc49b050,66,test:unloaded,normal,baseline,role_aggregate,20,128,32,middle,True,True,0,20,40,"{""2"": 20}",0,20,0,20,129
results\d5_formal\raw_r1\boot_01\batch_20260919T113024.657766Z_aaf2c1ba.json.gz,20260919T113024.657766Z_aaf2c1ba,4,b7600d17-1e0b-43ba-96cd-edb4c442fe93,d5_b7600d17-1e0b-43ba-96cd-edb4c442fe93_8601_fc49b050,67,test:unloaded,normal,baseline,role_aggregate,20,128,32,middle,True,True,0,20,40,"{""2"": 20}",0,20,0,20,129
results\d5_formal\raw_r1\boot_01\batch_20260919T113033.222867Z_8bbffee5.json.gz,20260919T113033.222867Z_8bbffee5,4,b7600d17-1e0b-43ba-96cd-edb4c442fe93,d5_b7600d17-1e0b-43ba-96cd-edb4c442fe93_8601_fc49b050,68,test:unloaded,normal,cpu,role_aggregate,20,128,32,middle,True,True,0,20,40,"{""2"": 20}",0,20,0,20,129
results\d5_formal\raw_r1\boot_01\batch_20260919T113041.820485Z_2f85387a.json.gz,20260919T113041.820485Z_2f85387a,4,b7600d17-1e0b-43ba-96cd-edb4c442fe93,d5_b7600d17-1e0b-43ba-96cd-edb4c442fe93_8601_fc49b050,69,test:unloaded,normal,cpu,role_aggregate,20,128,32,middle,True,True,0,20,40,"{""2"": 20}",0,20,0,20,129
results\d5_formal\raw_r1\boot_01\batch_20260919T113050.381239Z_e4205aa5.json.gz,20260919T113050.381239Z_e4205aa5,4,b7600d17-1e0b-43ba-96cd-edb4c442fe93,d5_b7600d17-1e0b-43ba-96cd-edb4c442fe93_8601_fc49b050,70,test:unloaded,normal,cpu,role_aggregate,20,128,32,middle,True,True,0,20,40,"{""2"": 20}",0,20,0,20,129
results\d5_formal\raw_r1\boot_01\batch_20260919T113058.955172Z_931649ed.json.gz,20260919T113058.955172Z_931649ed,4,b7600d17-1e0b-43ba-96cd-edb4c442fe93,d5_b7600d17-1e0b-43ba-96cd-edb4c442fe93_8601_fc49b050,71,test:unloaded,normal,cpu,role_aggregate,20,128,32,middle,True,True,0,20,40,"{""2"": 20}",0,20,0,20,129
results\d5_formal\raw_r1\boot_01\batch_20260919T113107.467065Z_6c9bfea5.json.gz,20260919T113107.467065Z_6c9bfea5,4,b7600d17-1e0b-43ba-96cd-edb4c442fe93,d5_b7600d17-1e0b-43ba-96cd-edb4c442fe93_8601_fc49b050,72,test:unloaded,normal,cpu,role_aggregate,20,128,32,middle,True,True,0,20,40,"{""2"": 20}",0,20,0,20,129
results\d5_formal\raw_r1\boot_01\batch_20260919T113115.855097Z_2abec36d.json.gz,20260919T113115.855097Z_2abec36d,4,b7600d17-1e0b-43ba-96cd-edb4c442fe93,d5_b7600d17-1e0b-43ba-96cd-edb4c442fe93_8601_fc49b050,73,test:unloaded,normal,cpu,role_aggregate,20,128,32,middle,True,True,0,20,40,"{""2"": 20}",0,20,0,20,129
results\d5_formal\raw_r1\boot_01\batch_20260919T113124.367733Z_5a01a012.json.gz,20260919T113124.367733Z_5a01a012,4,b7600d17-1e0b-43ba-96cd-edb4c442fe93,d5_b7600d17-1e0b-43ba-96cd-edb4c442fe93_8601_fc49b050,74,test:unloaded,normal,cpu,role_aggregate,20,128,32,middle,True,True,0,20,40,"{""2"": 20}",0,20,0,20,129
results\d5_formal\raw_r1\boot_01\batch_20260919T113132.721077Z_9aae0761.json.gz,20260919T113132.721077Z_9aae0761,4,b7600d17-1e0b-43ba-96cd-edb4c442fe93,d5_b7600d17-1e0b-43ba-96cd-edb4c442fe93_8601_fc49b050,75,test:unloaded,normal,cpu,role_aggregate,20,128,32,middle,True,True,0,20,40,"{""2"": 20}",0,20,0,20,129
results\d5_formal\raw_r1\boot_01\batch_20260919T113141.492152Z_373f7340.json.gz,20260919T113141.492152Z_373f7340,4,b7600d17-1e0b-43ba-96cd-edb4c442fe93,d5_b7600d17-1e0b-43ba-96cd-edb4c442fe93_8601_fc49b050,76,test:unloaded,normal,cpu,role_aggregate,20,128,32,middle,True,True,0,20,40,"{""2"": 20}",0,20,0,20,129
results\d5_formal\raw_r1\boot_01\batch_20260919T113149.879320Z_a92dbf3d.json.gz,20260919T113149.879320Z_a92dbf3d,4,b7600d17-1e0b-43ba-96cd-edb4c442fe93,d5_b7600d17-1e0b-43ba-96cd-edb4c442fe93_8601_fc49b050,77,test:unloaded,normal,cpu,role_aggregate,20,128,32,middle,True,True,0,20,40,"{""2"": 20}",0,20,0,20,129
results\d5_formal\raw_r1\boot_01\batch_20260919T113158.262117Z_0dae8e28.json.gz,20260919T113158.262117Z_0dae8e28,4,b7600d17-1e0b-43ba-96cd-edb4c442fe93,d5_b7600d17-1e0b-43ba-96cd-edb4c442fe93_8601_fc49b050,78,test:unloaded,normal,cpu,role_aggregate,20,128,32,middle,True,True,0,20,40,"{""2"": 20}",0,20,0,20,129
results\d5_formal\raw_r1\boot_01\batch_20260919T113206.865155Z_f379dc95.json.gz,20260919T113206.865155Z_f379dc95,4,b7600d17-1e0b-43ba-96cd-edb4c442fe93,d5_b7600d17-1e0b-43ba-96cd-edb4c442fe93_8601_fc49b050,79,test:unloaded,normal,cpu,role_aggregate,20,128,32,middle,True,True,0,20,40,"{""2"": 20}",0,20,0,20,129
results\d5_formal\raw_r1\boot_01\batch_20260919T113215.375029Z_33e7ff55.json.gz,20260919T113215.375029Z_33e7ff55,4,b7600d17-1e0b-43ba-96cd-edb4c442fe93,d5_b7600d17-1e0b-43ba-96cd-edb4c442fe93_8601_fc49b050,80,test:unloaded,normal,cpu,role_aggregate,20,128,32,middle,True,True,0,20,40,"{""2"": 20}",0,20,0,20,129
results\d5_formal\raw_r1\boot_01\batch_20260919T113223.996924Z_f97fc33e.json.gz,20260919T113223.996924Z_f97fc33e,4,b7600d17-1e0b-43ba-96cd-edb4c442fe93,d5_b7600d17-1e0b-43ba-96cd-edb4c442fe93_8601_fc49b050,81,test:unloaded,normal,cpu,role_aggregate,20,128,32,middle,True,True,0,20,40,"{""2"": 20}",0,20,0,20,129
results\d5_formal\raw_r1\boot_01\batch_20260919T113232.655826Z_2a6646ef.json.gz,20260919T113232.655826Z_2a6646ef,4,b7600d17-1e0b-43ba-96cd-edb4c442fe93,d5_b7600d17-1e0b-43ba-96cd-edb4c442fe93_8601_fc49b050,82,test:unloaded,normal,cpu,role_aggregate,20,128,32,middle,True,True,0,20,40,"{""2"": 20}",0,20,0,20,129
results\d5_formal\raw_r1\boot_01\batch_20260919T113241.163828Z_2e1859d6.json.gz,20260919T113241.163828Z_2e1859d6,4,b7600d17-1e0b-43ba-96cd-edb4c442fe93,d5_b7600d17-1e0b-43ba-96cd-edb4c442fe93_8601_fc49b050,83,test:unloaded,normal,cpu,role_aggregate,20,128,32,middle,True,True,0,20,40,"{""2"": 20}",0,20,0,20,129
results\d5_formal\raw_r1\boot_01\batch_20260919T113249.725812Z_ed1d2a4e.json.gz,20260919T113249.725812Z_ed1d2a4e,4,b7600d17-1e0b-43ba-96cd-edb4c442fe93,d5_b7600d17-1e0b-43ba-96cd-edb4c442fe93_8601_fc49b050,84,test:unloaded,normal,cpu,role_aggregate,20,128,32,middle,True,True,0,20,40,"{""2"": 20}",0,20,0,20,129
results\d5_formal\raw_r1\boot_01\batch_20260919T113258.293050Z_e5893d0d.json.gz,20260919T113258.293050Z_e5893d0d,4,b7600d17-1e0b-43ba-96cd-edb4c442fe93,d5_b7600d17-1e0b-43ba-96cd-edb4c442fe93_8601_fc49b050,85,test:unloaded,normal,cpu,role_aggregate,20,128,32,middle,True,True,0,20,40,"{""2"": 20}",0,20,0,20,129
results\d5_formal\raw_r1\boot_01\batch_20260919T113306.816002Z_f73fc671.json.gz,20260919T113306.816002Z_f73fc671,4,b7600d17-1e0b-43ba-96cd-edb4c442fe93,d5_b7600d17-1e0b-43ba-96cd-edb4c442fe93_8601_fc49b050,86,test:unloaded,normal,cpu,role_aggregate,20,128,32,middle,True,True,0,20,40,"{""2"": 20}",0,20,0,20,129
results\d5_formal\raw_r1\boot_01\batch_20260919T113315.147731Z_a8a1af93.json.gz,20260919T113315.147731Z_a8a1af93,4,b7600d17-1e0b-43ba-96cd-edb4c442fe93,d5_b7600d17-1e0b-43ba-96cd-edb4c442fe93_8601_fc49b050,87,test:unloaded,normal,cpu,role_aggregate,20,128,32,middle,True,True,0,20,40,"{""2"": 20}",0,20,0,20,129
results\d5_formal\raw_r1\boot_01\batch_20260919T113323.667888Z_4240728c.json.gz,20260919T113323.667888Z_4240728c,4,b7600d17-1e0b-43ba-96cd-edb4c442fe93,d5_b7600d17-1e0b-43ba-96cd-edb4c442fe93_8601_fc49b050,88,test:unloaded,normal,cpu,role_aggregate,20,128,32,middle,True,True,0,20,40,"{""2"": 20}",0,20,0,20,129
results\d5_formal\raw_r1\boot_01\batch_20260919T113332.050908Z_31540755.json.gz,20260919T113332.050908Z_31540755,4,b7600d17-1e0b-43ba-96cd-edb4c442fe93,d5_b7600d17-1e0b-43ba-96cd-edb4c442fe93_8601_fc49b050,89,test:unloaded,normal,cpu,role_aggregate,20,128,32,middle,True,True,0,20,40,"{""2"": 20}",0,20,0,20,129
results\d5_formal\raw_r1\boot_01\batch_20260919T113340.544055Z_3f4578f5.json.gz,20260919T113340.544055Z_3f4578f5,4,b7600d17-1e0b-43ba-96cd-edb4c442fe93,d5_b7600d17-1e0b-43ba-96cd-edb4c442fe93_8601_fc49b050,90,test:unloaded,normal,cpu,role_aggregate,20,128,32,middle,True,True,0,20,40,"{""2"": 20}",0,20,0,20,129
results\d5_formal\raw_r1\boot_01\batch_20260919T113348.986731Z_02d9f485.json.gz,20260919T113348.986731Z_02d9f485,4,b7600d17-1e0b-43ba-96cd-edb4c442fe93,d5_b7600d17-1e0b-43ba-96cd-edb4c442fe93_8601_fc49b050,91,test:unloaded,normal,cpu,role_aggregate,20,128,32,middle,True,True,0,20,40,"{""2"": 20}",0,20,0,20,129
results\d5_formal\raw_r1\boot_01\batch_20260919T113357.419019Z_f78a5f56.json.gz,20260919T113357.419019Z_f78a5f56,4,b7600d17-1e0b-43ba-96cd-edb4c442fe93,d5_b7600d17-1e0b-43ba-96cd-edb4c442fe93_8601_fc49b050,92,test:unloaded,normal,cpu,role_aggregate,20,128,32,middle,True,True,0,20,40,"{""2"": 20}",0,20,0,20,129
results\d5_formal\raw_r1\boot_01\batch_20260919T113405.805820Z_427d7493.json.gz,20260919T113405.805820Z_427d7493,4,b7600d17-1e0b-43ba-96cd-edb4c442fe93,d5_b7600d17-1e0b-43ba-96cd-edb4c442fe93_8601_fc49b050,93,test:unloaded,normal,cpu,role_aggregate,20,128,32,middle,True,True,0,20,40,"{""2"": 20}",0,20,0,20,129
results\d5_formal\raw_r1\boot_01\batch_20260919T113414.516193Z_b974702e.json.gz,20260919T113414.516193Z_b974702e,4,b7600d17-1e0b-43ba-96cd-edb4c442fe93,d5_b7600d17-1e0b-43ba-96cd-edb4c442fe93_8601_fc49b050,94,test:unloaded,normal,cpu,role_aggregate,20,128,32,middle,True,True,0,20,40,"{""2"": 20}",0,20,0,20,129
results\d5_formal\raw_r1\boot_01\batch_20260919T113423.099803Z_99e8fb46.json.gz,20260919T113423.099803Z_99e8fb46,4,b7600d17-1e0b-43ba-96cd-edb4c442fe93,d5_b7600d17-1e0b-43ba-96cd-edb4c442fe93_8601_fc49b050,95,test:unloaded,normal,cpu,role_aggregate,20,128,32,middle,True,True,0,20,40,"{""2"": 20}",0,20,0,20,129
results\d5_formal\raw_r1\boot_01\batch_20260919T113431.620960Z_420624b7.json.gz,20260919T113431.620960Z_420624b7,4,b7600d17-1e0b-43ba-96cd-edb4c442fe93,d5_b7600d17-1e0b-43ba-96cd-edb4c442fe93_8601_fc49b050,96,test:unloaded,normal,cpu,role_aggregate,20,128,32,middle,True,True,0,20,40,"{""2"": 20}",0,20,0,20,129
results\d5_formal\raw_r1\boot_01\batch_20260919T113440.263764Z_1bfefc21.json.gz,20260919T113440.263764Z_1bfefc21,4,b7600d17-1e0b-43ba-96cd-edb4c442fe93,d5_b7600d17-1e0b-43ba-96cd-edb4c442fe93_8601_fc49b050,97,test:unloaded,normal,cpu,role_aggregate,20,128,32,middle,True,True,0,20,40,"{""2"": 20}",0,20,0,20,129
results\d5_formal\raw_r1\boot_01\batch_20260919T113448.830234Z_34506472.json.gz,20260919T113448.830234Z_34506472,4,b7600d17-1e0b-43ba-96cd-edb4c442fe93,d5_b7600d17-1e0b-43ba-96cd-edb4c442fe93_8601_fc49b050,98,test:unloaded,normal,cpu,role_aggregate,20,128,32,middle,True,True,0,20,40,"{""2"": 20}",0,20,0,20,129
results\d5_formal\raw_r1\boot_01\batch_20260919T113457.476861Z_57e7e86d.json.gz,20260919T113457.476861Z_57e7e86d,4,b7600d17-1e0b-43ba-96cd-edb4c442fe93,d5_b7600d17-1e0b-43ba-96cd-edb4c442fe93_8601_fc49b050,99,test:unloaded,normal,cpu,role_aggregate,20,128,32,middle,True,True,0,20,40,"{""2"": 20}",0,20,0,20,129
results\d5_formal\raw_r1\boot_01\batch_20260919T113506.037079Z_4970b9dd.json.gz,20260919T113506.037079Z_4970b9dd,4,b7600d17-1e0b-43ba-96cd-edb4c442fe93,d5_b7600d17-1e0b-43ba-96cd-edb4c442fe93_8601_fc49b050,100,test:unloaded,normal,cpu,role_aggregate,20,128,32,middle,True,True,0,20,40,"{""2"": 20}",0,20,0,20,129
results\d5_formal\raw_r1\boot_01\batch_20260919T113514.557824Z_9df9905e.json.gz,20260919T113514.557824Z_9df9905e,4,b7600d17-1e0b-43ba-96cd-edb4c442fe93,d5_b7600d17-1e0b-43ba-96cd-edb4c442fe93_8601_fc49b050,101,test:unloaded,normal,cpu,role_aggregate,20,128,32,middle,True,True,0,20,40,"{""2"": 20}",0,20,0,20,129
results\d5_formal\raw_r1\boot_01\batch_20260919T113522.953111Z_17540af7.json.gz,20260919T113522.953111Z_17540af7,4,b7600d17-1e0b-43ba-96cd-edb4c442fe93,d5_b7600d17-1e0b-43ba-96cd-edb4c442fe93_8601_fc49b050,102,test:unloaded,normal,cpu,role_aggregate,20,128,32,middle,True,True,0,20,40,"{""2"": 20}",0,20,0,20,129
results\d5_formal\raw_r1\boot_01\batch_20260919T113531.378811Z_9efbda16.json.gz,20260919T113531.378811Z_9efbda16,4,b7600d17-1e0b-43ba-96cd-edb4c442fe93,d5_b7600d17-1e0b-43ba-96cd-edb4c442fe93_8601_fc49b050,103,test:unloaded,normal,cpu,role_aggregate,20,128,32,middle,True,True,0,20,40,"{""2"": 20}",0,20,0,20,129
results\d5_formal\raw_r1\boot_01\batch_20260919T113539.882047Z_17c5b079.json.gz,20260919T113539.882047Z_17c5b079,4,b7600d17-1e0b-43ba-96cd-edb4c442fe93,d5_b7600d17-1e0b-43ba-96cd-edb4c442fe93_8601_fc49b050,104,test:unloaded,normal,cpu,role_aggregate,20,128,32,middle,True,True,0,20,40,"{""2"": 20}",0,20,0,20,129
results\d5_formal\raw_r1\boot_01\batch_20260919T113548.283864Z_f5c2f36d.json.gz,20260919T113548.283864Z_f5c2f36d,4,b7600d17-1e0b-43ba-96cd-edb4c442fe93,d5_b7600d17-1e0b-43ba-96cd-edb4c442fe93_8601_fc49b050,105,test:unloaded,normal,cpu,role_aggregate,20,128,32,middle,True,True,0,20,40,"{""2"": 20}",0,20,0,20,129
results\d5_formal\raw_r1\boot_01\batch_20260919T113556.709193Z_3add1c71.json.gz,20260919T113556.709193Z_3add1c71,4,b7600d17-1e0b-43ba-96cd-edb4c442fe93,d5_b7600d17-1e0b-43ba-96cd-edb4c442fe93_8601_fc49b050,106,test:unloaded,normal,cpu,role_aggregate,20,128,32,middle,True,True,0,20,40,"{""2"": 20}",0,20,0,20,129
results\d5_formal\raw_r1\boot_01\batch_20260919T113605.051837Z_33ddb317.json.gz,20260919T113605.051837Z_33ddb317,4,b7600d17-1e0b-43ba-96cd-edb4c442fe93,d5_b7600d17-1e0b-43ba-96cd-edb4c442fe93_8601_fc49b050,107,test:unloaded,normal,cpu,role_aggregate,20,128,32,middle,True,True,0,20,40,"{""2"": 20}",0,20,0,20,129
results\d5_formal\raw_r1\boot_01\batch_20260919T113608.630101Z_c1049d8a.json.gz,20260919T113608.630101Z_c1049d8a,4,b7600d17-1e0b-43ba-96cd-edb4c442fe93,d5_b7600d17-1e0b-43ba-96cd-edb4c442fe93_8601_fc49b050,108,test:unloaded,normal,memory,role_aggregate,20,128,32,middle,True,True,0,20,40,"{""2"": 20}",0,20,0,20,129
results\d5_formal\raw_r1\boot_01\batch_20260919T113612.168020Z_ffca3199.json.gz,20260919T113612.168020Z_ffca3199,4,b7600d17-1e0b-43ba-96cd-edb4c442fe93,d5_b7600d17-1e0b-43ba-96cd-edb4c442fe93_8601_fc49b050,109,test:unloaded,normal,memory,role_aggregate,20,128,32,middle,True,True,0,20,40,"{""2"": 20}",0,20,0,20,129
results\d5_formal\raw_r1\boot_01\batch_20260919T113615.798840Z_63114990.json.gz,20260919T113615.798840Z_63114990,4,b7600d17-1e0b-43ba-96cd-edb4c442fe93,d5_b7600d17-1e0b-43ba-96cd-edb4c442fe93_8601_fc49b050,110,test:unloaded,normal,memory,role_aggregate,20,128,32,middle,True,True,0,20,40,"{""2"": 20}",0,20,0,20,129
results\d5_formal\raw_r1\boot_01\batch_20260919T113619.343824Z_14586004.json.gz,20260919T113619.343824Z_14586004,4,b7600d17-1e0b-43ba-96cd-edb4c442fe93,d5_b7600d17-1e0b-43ba-96cd-edb4c442fe93_8601_fc49b050,111,test:unloaded,normal,memory,role_aggregate,20,128,32,middle,True,True,0,20,40,"{""2"": 20}",0,20,0,20,129
results\d5_formal\raw_r1\boot_01\batch_20260919T113622.922256Z_bd45c094.json.gz,20260919T113622.922256Z_bd45c094,4,b7600d17-1e0b-43ba-96cd-edb4c442fe93,d5_b7600d17-1e0b-43ba-96cd-edb4c442fe93_8601_fc49b050,112,test:unloaded,normal,memory,role_aggregate,20,128,32,middle,True,True,0,20,40,"{""2"": 20}",0,20,0,20,129
results\d5_formal\raw_r1\boot_01\batch_20260919T113626.347893Z_17ff43d2.json.gz,20260919T113626.347893Z_17ff43d2,4,b7600d17-1e0b-43ba-96cd-edb4c442fe93,d5_b7600d17-1e0b-43ba-96cd-edb4c442fe93_8601_fc49b050,113,test:unloaded,normal,memory,role_aggregate,20,128,32,middle,True,True,0,20,40,"{""2"": 20}",0,20,0,20,129
results\d5_formal\raw_r1\boot_01\batch_20260919T113629.836808Z_74a3c315.json.gz,20260919T113629.836808Z_74a3c315,4,b7600d17-1e0b-43ba-96cd-edb4c442fe93,d5_b7600d17-1e0b-43ba-96cd-edb4c442fe93_8601_fc49b050,114,test:unloaded,normal,memory,role_aggregate,20,128,32,middle,True,True,0,20,40,"{""2"": 20}",0,20,0,20,129
results\d5_formal\raw_r1\boot_01\batch_20260919T113633.370286Z_abcd3d13.json.gz,20260919T113633.370286Z_abcd3d13,4,b7600d17-1e0b-43ba-96cd-edb4c442fe93,d5_b7600d17-1e0b-43ba-96cd-edb4c442fe93_8601_fc49b050,115,test:unloaded,normal,memory,role_aggregate,20,128,32,middle,True,True,0,20,40,"{""2"": 20}",0,20,0,20,129
results\d5_formal\raw_r1\boot_01\batch_20260919T113637.074264Z_4aa04433.json.gz,20260919T113637.074264Z_4aa04433,4,b7600d17-1e0b-43ba-96cd-edb4c442fe93,d5_b7600d17-1e0b-43ba-96cd-edb4c442fe93_8601_fc49b050,116,test:unloaded,normal,memory,role_aggregate,20,128,32,middle,True,True,0,20,40,"{""2"": 20}",0,20,0,20,129
results\d5_formal\raw_r1\boot_01\batch_20260919T113640.890242Z_bb3a9122.json.gz,20260919T113640.890242Z_bb3a9122,4,b7600d17-1e0b-43ba-96cd-edb4c442fe93,d5_b7600d17-1e0b-43ba-96cd-edb4c442fe93_8601_fc49b050,117,test:unloaded,normal,memory,role_aggregate,20,128,32,middle,True,True,0,20,40,"{""2"": 20}",0,20,0,20,129
results\d5_formal\raw_r1\boot_01\batch_20260919T113644.577272Z_bd193f2f.json.gz,20260919T113644.577272Z_bd193f2f,4,b7600d17-1e0b-43ba-96cd-edb4c442fe93,d5_b7600d17-1e0b-43ba-96cd-edb4c442fe93_8601_fc49b050,118,test:unloaded,normal,memory,role_aggregate,20,128,32,middle,True,True,0,20,40,"{""2"": 20}",0,20,0,20,129
results\d5_formal\raw_r1\boot_01\batch_20260919T113648.232247Z_bf4d2ce6.json.gz,20260919T113648.232247Z_bf4d2ce6,4,b7600d17-1e0b-43ba-96cd-edb4c442fe93,d5_b7600d17-1e0b-43ba-96cd-edb4c442fe93_8601_fc49b050,119,test:unloaded,normal,memory,role_aggregate,20,128,32,middle,True,True,0,20,40,"{""2"": 20}",0,20,0,20,129
results\d5_formal\raw_r1\boot_01\batch_20260919T113651.845853Z_24819dfd.json.gz,20260919T113651.845853Z_24819dfd,4,b7600d17-1e0b-43ba-96cd-edb4c442fe93,d5_b7600d17-1e0b-43ba-96cd-edb4c442fe93_8601_fc49b050,120,test:unloaded,normal,memory,role_aggregate,20,128,32,middle,True,True,0,20,40,"{""2"": 20}",0,20,0,20,129
results\d5_formal\raw_r1\boot_01\batch_20260919T113655.483849Z_c68a7e2a.json.gz,20260919T113655.483849Z_c68a7e2a,4,b7600d17-1e0b-43ba-96cd-edb4c442fe93,d5_b7600d17-1e0b-43ba-96cd-edb4c442fe93_8601_fc49b050,121,test:unloaded,normal,memory,role_aggregate,20,128,32,middle,True,True,0,20,40,"{""2"": 20}",0,20,0,20,129
results\d5_formal\raw_r1\boot_01\batch_20260919T113659.107238Z_41be1997.json.gz,20260919T113659.107238Z_41be1997,4,b7600d17-1e0b-43ba-96cd-edb4c442fe93,d5_b7600d17-1e0b-43ba-96cd-edb4c442fe93_8601_fc49b050,122,test:unloaded,normal,memory,role_aggregate,20,128,32,middle,True,True,0,20,40,"{""2"": 20}",0,20,0,20,129
results\d5_formal\raw_r1\boot_01\batch_20260919T113702.874291Z_87e2b894.json.gz,20260919T113702.874291Z_87e2b894,4,b7600d17-1e0b-43ba-96cd-edb4c442fe93,d5_b7600d17-1e0b-43ba-96cd-edb4c442fe93_8601_fc49b050,123,test:unloaded,normal,memory,role_aggregate,20,128,32,middle,True,True,0,20,40,"{""2"": 20}",0,20,0,20,129
results\d5_formal\raw_r1\boot_01\batch_20260919T113706.486256Z_08920f47.json.gz,20260919T113706.486256Z_08920f47,4,b7600d17-1e0b-43ba-96cd-edb4c442fe93,d5_b7600d17-1e0b-43ba-96cd-edb4c442fe93_8601_fc49b050,124,test:unloaded,normal,memory,role_aggregate,20,128,32,middle,True,True,0,20,40,"{""2"": 20}",0,20,0,20,129
results\d5_formal\raw_r1\boot_01\batch_20260919T113709.840078Z_bba1d78e.json.gz,20260919T113709.840078Z_bba1d78e,4,b7600d17-1e0b-43ba-96cd-edb4c442fe93,d5_b7600d17-1e0b-43ba-96cd-edb4c442fe93_8601_fc49b050,125,test:unloaded,normal,memory,role_aggregate,20,128,32,middle,True,True,0,20,40,"{""2"": 20}",0,20,0,20,129
results\d5_formal\raw_r1\boot_01\batch_20260919T113713.300953Z_a341e880.json.gz,20260919T113713.300953Z_a341e880,4,b7600d17-1e0b-43ba-96cd-edb4c442fe93,d5_b7600d17-1e0b-43ba-96cd-edb4c442fe93_8601_fc49b050,126,test:unloaded,normal,memory,role_aggregate,20,128,32,middle,True,True,0,20,40,"{""2"": 20}",0,20,0,20,129
results\d5_formal\raw_r1\boot_01\batch_20260919T113716.761052Z_9069a51f.json.gz,20260919T113716.761052Z_9069a51f,4,b7600d17-1e0b-43ba-96cd-edb4c442fe93,d5_b7600d17-1e0b-43ba-96cd-edb4c442fe93_8601_fc49b050,127,test:unloaded,normal,memory,role_aggregate,20,128,32,middle,True,True,0,20,40,"{""2"": 20}",0,20,0,20,129
results\d5_formal\raw_r1\boot_01\batch_20260919T113720.529339Z_108f7520.json.gz,20260919T113720.529339Z_108f7520,4,b7600d17-1e0b-43ba-96cd-edb4c442fe93,d5_b7600d17-1e0b-43ba-96cd-edb4c442fe93_8601_fc49b050,128,test:unloaded,normal,memory,role_aggregate,20,128,32,middle,True,True,0,20,40,"{""2"": 20}",0,20,0,20,129
results\d5_formal\raw_r1\boot_01\batch_20260919T113724.121496Z_05c225e9.json.gz,20260919T113724.121496Z_05c225e9,4,b7600d17-1e0b-43ba-96cd-edb4c442fe93,d5_b7600d17-1e0b-43ba-96cd-edb4c442fe93_8601_fc49b050,129,test:unloaded,normal,memory,role_aggregate,20,128,32,middle,True,True,0,20,40,"{""2"": 20}",0,20,0,20,129
results\d5_formal\raw_r1\boot_01\batch_20260919T113727.769072Z_9ebd8d37.json.gz,20260919T113727.769072Z_9ebd8d37,4,b7600d17-1e0b-43ba-96cd-edb4c442fe93,d5_b7600d17-1e0b-43ba-96cd-edb4c442fe93_8601_fc49b050,130,test:unloaded,normal,memory,role_aggregate,20,128,32,middle,True,True,0,20,40,"{""2"": 20}",0,20,0,20,129
results\d5_formal\raw_r1\boot_01\batch_20260919T113731.353132Z_087c3552.json.gz,20260919T113731.353132Z_087c3552,4,b7600d17-1e0b-43ba-96cd-edb4c442fe93,d5_b7600d17-1e0b-43ba-96cd-edb4c442fe93_8601_fc49b050,131,test:unloaded,normal,memory,role_aggregate,20,128,32,middle,True,True,0,20,40,"{""2"": 20}",0,20,0,20,129
results\d5_formal\raw_r1\boot_01\batch_20260919T113734.767868Z_c49614d0.json.gz,20260919T113734.767868Z_c49614d0,4,b7600d17-1e0b-43ba-96cd-edb4c442fe93,d5_b7600d17-1e0b-43ba-96cd-edb4c442fe93_8601_fc49b050,132,test:unloaded,normal,memory,role_aggregate,20,128,32,middle,True,True,0,20,40,"{""2"": 20}",0,20,0,20,129
results\d5_formal\raw_r1\boot_01\batch_20260919T113738.169368Z_d197e573.json.gz,20260919T113738.169368Z_d197e573,4,b7600d17-1e0b-43ba-96cd-edb4c442fe93,d5_b7600d17-1e0b-43ba-96cd-edb4c442fe93_8601_fc49b050,133,test:unloaded,normal,memory,role_aggregate,20,128,32,middle,True,True,0,20,40,"{""2"": 20}",0,20,0,20,129
results\d5_formal\raw_r1\boot_01\batch_20260919T113741.604863Z_f9c01fc3.json.gz,20260919T113741.604863Z_f9c01fc3,4,b7600d17-1e0b-43ba-96cd-edb4c442fe93,d5_b7600d17-1e0b-43ba-96cd-edb4c442fe93_8601_fc49b050,134,test:unloaded,normal,memory,role_aggregate,20,128,32,middle,True,True,0,20,40,"{""2"": 20}",0,20,0,20,129
results\d5_formal\raw_r1\boot_01\batch_20260919T113745.040916Z_0c2655ff.json.gz,20260919T113745.040916Z_0c2655ff,4,b7600d17-1e0b-43ba-96cd-edb4c442fe93,d5_b7600d17-1e0b-43ba-96cd-edb4c442fe93_8601_fc49b050,135,test:unloaded,normal,memory,role_aggregate,20,128,32,middle,True,True,0,20,40,"{""2"": 20}",0,20,0,20,129
results\d5_formal\raw_r1\boot_01\batch_20260919T113748.463216Z_6c995fab.json.gz,20260919T113748.463216Z_6c995fab,4,b7600d17-1e0b-43ba-96cd-edb4c442fe93,d5_b7600d17-1e0b-43ba-96cd-edb4c442fe93_8601_fc49b050,136,test:unloaded,normal,memory,role_aggregate,20,128,32,middle,True,True,0,20,40,"{""2"": 20}",0,20,0,20,129
results\d5_formal\raw_r1\boot_01\batch_20260919T113751.801857Z_14898887.json.gz,20260919T113751.801857Z_14898887,4,b7600d17-1e0b-43ba-96cd-edb4c442fe93,d5_b7600d17-1e0b-43ba-96cd-edb4c442fe93_8601_fc49b050,137,test:unloaded,normal,memory,role_aggregate,20,128,32,middle,True,True,0,20,40,"{""2"": 20}",0,20,0,20,129
results\d5_formal\raw_r1\boot_01\batch_20260919T113755.178931Z_6bae7a5f.json.gz,20260919T113755.178931Z_6bae7a5f,4,b7600d17-1e0b-43ba-96cd-edb4c442fe93,d5_b7600d17-1e0b-43ba-96cd-edb4c442fe93_8601_fc49b050,138,test:unloaded,normal,memory,role_aggregate,20,128,32,middle,True,True,0,20,40,"{""2"": 20}",0,20,0,20,129
results\d5_formal\raw_r1\boot_01\batch_20260919T113758.578864Z_db1951d5.json.gz,20260919T113758.578864Z_db1951d5,4,b7600d17-1e0b-43ba-96cd-edb4c442fe93,d5_b7600d17-1e0b-43ba-96cd-edb4c442fe93_8601_fc49b050,139,test:unloaded,normal,memory,role_aggregate,20,128,32,middle,True,True,0,20,40,"{""2"": 20}",0,20,0,20,129
results\d5_formal\raw_r1\boot_01\batch_20260919T113801.998227Z_83fe35f7.json.gz,20260919T113801.998227Z_83fe35f7,4,b7600d17-1e0b-43ba-96cd-edb4c442fe93,d5_b7600d17-1e0b-43ba-96cd-edb4c442fe93_8601_fc49b050,140,test:unloaded,normal,memory,role_aggregate,20,128,32,middle,True,True,0,20,40,"{""2"": 20}",0,20,0,20,129
results\d5_formal\raw_r1\boot_01\batch_20260919T113805.314345Z_004ff1a4.json.gz,20260919T113805.314345Z_004ff1a4,4,b7600d17-1e0b-43ba-96cd-edb4c442fe93,d5_b7600d17-1e0b-43ba-96cd-edb4c442fe93_8601_fc49b050,141,test:unloaded,normal,memory,role_aggregate,20,128,32,middle,True,True,0,20,40,"{""2"": 20}",0,20,0,20,129
results\d5_formal\raw_r1\boot_01\batch_20260919T113808.889151Z_9e522807.json.gz,20260919T113808.889151Z_9e522807,4,b7600d17-1e0b-43ba-96cd-edb4c442fe93,d5_b7600d17-1e0b-43ba-96cd-edb4c442fe93_8601_fc49b050,142,test:unloaded,normal,memory,role_aggregate,20,128,32,middle,True,True,0,20,40,"{""2"": 20}",0,20,0,20,129
results\d5_formal\raw_r1\boot_01\batch_20260919T113812.395812Z_0cb3aa38.json.gz,20260919T113812.395812Z_0cb3aa38,4,b7600d17-1e0b-43ba-96cd-edb4c442fe93,d5_b7600d17-1e0b-43ba-96cd-edb4c442fe93_8601_fc49b050,143,test:unloaded,normal,memory,role_aggregate,20,128,32,middle,True,True,0,20,40,"{""2"": 20}",0,20,0,20,129
results\d5_formal\raw_r1\boot_01\batch_20260919T113815.894896Z_0c5e4243.json.gz,20260919T113815.894896Z_0c5e4243,4,b7600d17-1e0b-43ba-96cd-edb4c442fe93,d5_b7600d17-1e0b-43ba-96cd-edb4c442fe93_8601_fc49b050,144,test:unloaded,normal,memory,role_aggregate,20,128,32,middle,True,True,0,20,40,"{""2"": 20}",0,20,0,20,129
results\d5_formal\raw_r1\boot_01\batch_20260919T113819.415311Z_1af6fdec.json.gz,20260919T113819.415311Z_1af6fdec,4,b7600d17-1e0b-43ba-96cd-edb4c442fe93,d5_b7600d17-1e0b-43ba-96cd-edb4c442fe93_8601_fc49b050,145,test:unloaded,normal,memory,role_aggregate,20,128,32,middle,True,True,0,20,40,"{""2"": 20}",0,20,0,20,129
results\d5_formal\raw_r1\boot_01\batch_20260919T113822.921735Z_2d30d709.json.gz,20260919T113822.921735Z_2d30d709,4,b7600d17-1e0b-43ba-96cd-edb4c442fe93,d5_b7600d17-1e0b-43ba-96cd-edb4c442fe93_8601_fc49b050,146,test:unloaded,normal,memory,role_aggregate,20,128,32,middle,True,True,0,20,40,"{""2"": 20}",0,20,0,20,129
results\d5_formal\raw_r1\boot_01\batch_20260919T113826.396738Z_33e48372.json.gz,20260919T113826.396738Z_33e48372,4,b7600d17-1e0b-43ba-96cd-edb4c442fe93,d5_b7600d17-1e0b-43ba-96cd-edb4c442fe93_8601_fc49b050,147,test:unloaded,normal,memory,role_aggregate,20,128,32,middle,True,True,0,20,40,"{""2"": 20}",0,20,0,20,129
results\d5_formal\raw_r1\boot_01\batch_20260919T113835.085890Z_72584dcb.json.gz,20260919T113835.085890Z_72584dcb,4,b7600d17-1e0b-43ba-96cd-edb4c442fe93,d5_b7600d17-1e0b-43ba-96cd-edb4c442fe93_8601_fc49b050,148,test:unloaded,normal,mixed,role_aggregate,20,128,32,middle,True,True,0,20,40,"{""2"": 20}",0,20,0,20,129
results\d5_formal\raw_r1\boot_01\batch_20260919T113843.731862Z_a2f4cb74.json.gz,20260919T113843.731862Z_a2f4cb74,4,b7600d17-1e0b-43ba-96cd-edb4c442fe93,d5_b7600d17-1e0b-43ba-96cd-edb4c442fe93_8601_fc49b050,149,test:unloaded,normal,mixed,role_aggregate,20,128,32,middle,True,True,0,20,40,"{""2"": 20}",0,20,0,20,129
results\d5_formal\raw_r1\boot_01\batch_20260919T113852.335703Z_a591e6e6.json.gz,20260919T113852.335703Z_a591e6e6,4,b7600d17-1e0b-43ba-96cd-edb4c442fe93,d5_b7600d17-1e0b-43ba-96cd-edb4c442fe93_8601_fc49b050,150,test:unloaded,normal,mixed,role_aggregate,20,128,32,middle,True,True,0,20,40,"{""2"": 20}",0,20,0,20,129
results\d5_formal\raw_r1\boot_01\batch_20260919T113900.951821Z_0e144933.json.gz,20260919T113900.951821Z_0e144933,4,b7600d17-1e0b-43ba-96cd-edb4c442fe93,d5_b7600d17-1e0b-43ba-96cd-edb4c442fe93_8601_fc49b050,151,test:unloaded,normal,mixed,role_aggregate,20,128,32,middle,True,True,0,20,40,"{""2"": 20}",0,20,0,20,129
results\d5_formal\raw_r1\boot_01\batch_20260919T113909.647851Z_1cc32ea3.json.gz,20260919T113909.647851Z_1cc32ea3,4,b7600d17-1e0b-43ba-96cd-edb4c442fe93,d5_b7600d17-1e0b-43ba-96cd-edb4c442fe93_8601_fc49b050,152,test:unloaded,normal,mixed,role_aggregate,20,128,32,middle,True,True,0,20,40,"{""2"": 20}",0,20,0,20,129
results\d5_formal\raw_r1\boot_01\batch_20260919T113918.025349Z_a9507d1f.json.gz,20260919T113918.025349Z_a9507d1f,4,b7600d17-1e0b-43ba-96cd-edb4c442fe93,d5_b7600d17-1e0b-43ba-96cd-edb4c442fe93_8601_fc49b050,153,test:unloaded,normal,mixed,role_aggregate,20,128,32,middle,True,True,0,20,40,"{""2"": 20}",0,20,0,20,129
results\d5_formal\raw_r1\boot_01\batch_20260919T113926.564271Z_f5c24494.json.gz,20260919T113926.564271Z_f5c24494,4,b7600d17-1e0b-43ba-96cd-edb4c442fe93,d5_b7600d17-1e0b-43ba-96cd-edb4c442fe93_8601_fc49b050,154,test:unloaded,normal,mixed,role_aggregate,20,128,32,middle,True,True,0,20,40,"{""2"": 20}",0,20,0,20,129
results\d5_formal\raw_r1\boot_01\batch_20260919T113934.985805Z_c4630bd8.json.gz,20260919T113934.985805Z_c4630bd8,4,b7600d17-1e0b-43ba-96cd-edb4c442fe93,d5_b7600d17-1e0b-43ba-96cd-edb4c442fe93_8601_fc49b050,155,test:unloaded,normal,mixed,role_aggregate,20,128,32,middle,True,True,0,20,40,"{""2"": 20}",0,20,0,20,129
results\d5_formal\raw_r1\boot_01\batch_20260919T113943.384898Z_c75517e2.json.gz,20260919T113943.384898Z_c75517e2,4,b7600d17-1e0b-43ba-96cd-edb4c442fe93,d5_b7600d17-1e0b-43ba-96cd-edb4c442fe93_8601_fc49b050,156,test:unloaded,normal,mixed,role_aggregate,20,128,32,middle,True,True,0,20,40,"{""2"": 20}",0,20,0,20,129
results\d5_formal\raw_r1\boot_01\batch_20260919T113951.857136Z_9fc55cf0.json.gz,20260919T113951.857136Z_9fc55cf0,4,b7600d17-1e0b-43ba-96cd-edb4c442fe93,d5_b7600d17-1e0b-43ba-96cd-edb4c442fe93_8601_fc49b050,157,test:unloaded,normal,mixed,role_aggregate,20,128,32,middle,True,True,0,20,40,"{""2"": 20}",0,20,0,20,129
results\d5_formal\raw_r1\boot_01\batch_20260919T114000.230916Z_807b7991.json.gz,20260919T114000.230916Z_807b7991,4,b7600d17-1e0b-43ba-96cd-edb4c442fe93,d5_b7600d17-1e0b-43ba-96cd-edb4c442fe93_8601_fc49b050,158,test:unloaded,normal,mixed,role_aggregate,20,128,32,middle,True,True,0,20,40,"{""2"": 20}",0,20,0,20,129
results\d5_formal\raw_r1\boot_01\batch_20260919T114008.655967Z_626651ad.json.gz,20260919T114008.655967Z_626651ad,4,b7600d17-1e0b-43ba-96cd-edb4c442fe93,d5_b7600d17-1e0b-43ba-96cd-edb4c442fe93_8601_fc49b050,159,test:unloaded,normal,mixed,role_aggregate,20,128,32,middle,True,True,0,20,40,"{""2"": 20}",0,20,0,20,129
results\d5_formal\raw_r1\boot_01\batch_20260919T114017.138886Z_052874db.json.gz,20260919T114017.138886Z_052874db,4,b7600d17-1e0b-43ba-96cd-edb4c442fe93,d5_b7600d17-1e0b-43ba-96cd-edb4c442fe93_8601_fc49b050,160,test:unloaded,normal,mixed,role_aggregate,20,128,32,middle,True,True,0,20,40,"{""2"": 20}",0,20,0,20,129
results\d5_formal\raw_r1\boot_01\batch_20260919T114025.562757Z_7f308271.json.gz,20260919T114025.562757Z_7f308271,4,b7600d17-1e0b-43ba-96cd-edb4c442fe93,d5_b7600d17-1e0b-43ba-96cd-edb4c442fe93_8601_fc49b050,161,test:unloaded,normal,mixed,role_aggregate,20,128,32,middle,True,True,0,20,40,"{""2"": 20}",0,20,0,20,129
results\d5_formal\raw_r1\boot_01\batch_20260919T114034.180323Z_f6e4c4cf.json.gz,20260919T114034.180323Z_f6e4c4cf,4,b7600d17-1e0b-43ba-96cd-edb4c442fe93,d5_b7600d17-1e0b-43ba-96cd-edb4c442fe93_8601_fc49b050,162,test:unloaded,normal,mixed,role_aggregate,20,128,32,middle,True,True,0,20,40,"{""2"": 20}",0,20,0,20,129
results\d5_formal\raw_r1\boot_01\batch_20260919T114042.778245Z_52ad524f.json.gz,20260919T114042.778245Z_52ad524f,4,b7600d17-1e0b-43ba-96cd-edb4c442fe93,d5_b7600d17-1e0b-43ba-96cd-edb4c442fe93_8601_fc49b050,163,test:unloaded,normal,mixed,role_aggregate,20,128,32,middle,True,True,0,20,40,"{""2"": 20}",0,20,0,20,129
results\d5_formal\raw_r1\boot_01\batch_20260919T114051.382831Z_581acf73.json.gz,20260919T114051.382831Z_581acf73,4,b7600d17-1e0b-43ba-96cd-edb4c442fe93,d5_b7600d17-1e0b-43ba-96cd-edb4c442fe93_8601_fc49b050,164,test:unloaded,normal,mixed,role_aggregate,20,128,32,middle,True,True,0,20,40,"{""2"": 20}",0,20,0,20,129
results\d5_formal\raw_r1\boot_01\batch_20260919T114059.909092Z_4a16cf81.json.gz,20260919T114059.909092Z_4a16cf81,4,b7600d17-1e0b-43ba-96cd-edb4c442fe93,d5_b7600d17-1e0b-43ba-96cd-edb4c442fe93_8601_fc49b050,165,test:unloaded,normal,mixed,role_aggregate,20,128,32,middle,True,True,0,20,40,"{""2"": 20}",0,20,0,20,129
results\d5_formal\raw_r1\boot_01\batch_20260919T114108.370994Z_2eb9935c.json.gz,20260919T114108.370994Z_2eb9935c,4,b7600d17-1e0b-43ba-96cd-edb4c442fe93,d5_b7600d17-1e0b-43ba-96cd-edb4c442fe93_8601_fc49b050,166,test:unloaded,normal,mixed,role_aggregate,20,128,32,middle,True,True,0,20,40,"{""2"": 20}",0,20,0,20,129
results\d5_formal\raw_r1\boot_01\batch_20260919T114116.795991Z_ce71ce6e.json.gz,20260919T114116.795991Z_ce71ce6e,4,b7600d17-1e0b-43ba-96cd-edb4c442fe93,d5_b7600d17-1e0b-43ba-96cd-edb4c442fe93_8601_fc49b050,167,test:unloaded,normal,mixed,role_aggregate,20,128,32,middle,True,True,0,20,40,"{""2"": 20}",0,20,0,20,129
results\d5_formal\raw_r1\boot_01\batch_20260919T114125.201078Z_23a90a59.json.gz,20260919T114125.201078Z_23a90a59,4,b7600d17-1e0b-43ba-96cd-edb4c442fe93,d5_b7600d17-1e0b-43ba-96cd-edb4c442fe93_8601_fc49b050,168,test:unloaded,normal,mixed,role_aggregate,20,128,32,middle,True,True,0,20,40,"{""2"": 20}",0,20,0,20,129
results\d5_formal\raw_r1\boot_01\batch_20260919T114133.639185Z_0725f2f1.json.gz,20260919T114133.639185Z_0725f2f1,4,b7600d17-1e0b-43ba-96cd-edb4c442fe93,d5_b7600d17-1e0b-43ba-96cd-edb4c442fe93_8601_fc49b050,169,test:unloaded,normal,mixed,role_aggregate,20,128,32,middle,True,True,0,20,40,"{""2"": 20}",0,20,0,20,129
results\d5_formal\raw_r1\boot_01\batch_20260919T114142.134978Z_a923adf5.json.gz,20260919T114142.134978Z_a923adf5,4,b7600d17-1e0b-43ba-96cd-edb4c442fe93,d5_b7600d17-1e0b-43ba-96cd-edb4c442fe93_8601_fc49b050,170,test:unloaded,normal,mixed,role_aggregate,20,128,32,middle,True,True,0,20,40,"{""2"": 20}",0,20,0,20,129
results\d5_formal\raw_r1\boot_01\batch_20260919T114150.634818Z_98a9dd1b.json.gz,20260919T114150.634818Z_98a9dd1b,4,b7600d17-1e0b-43ba-96cd-edb4c442fe93,d5_b7600d17-1e0b-43ba-96cd-edb4c442fe93_8601_fc49b050,171,test:unloaded,normal,mixed,role_aggregate,20,128,32,middle,True,True,0,20,40,"{""2"": 20}",0,20,0,20,129
results\d5_formal\raw_r1\boot_01\batch_20260919T114159.055828Z_2f4baac0.json.gz,20260919T114159.055828Z_2f4baac0,4,b7600d17-1e0b-43ba-96cd-edb4c442fe93,d5_b7600d17-1e0b-43ba-96cd-edb4c442fe93_8601_fc49b050,172,test:unloaded,normal,mixed,role_aggregate,20,128,32,middle,True,True,0,20,40,"{""2"": 20}",0,20,0,20,129
results\d5_formal\raw_r1\boot_01\batch_20260919T114207.545009Z_6f895dd1.json.gz,20260919T114207.545009Z_6f895dd1,4,b7600d17-1e0b-43ba-96cd-edb4c442fe93,d5_b7600d17-1e0b-43ba-96cd-edb4c442fe93_8601_fc49b050,173,test:unloaded,normal,mixed,role_aggregate,20,128,32,middle,True,True,0,20,40,"{""2"": 20}",0,20,0,20,129
results\d5_formal\raw_r1\boot_01\batch_20260919T114216.060884Z_a451ad3c.json.gz,20260919T114216.060884Z_a451ad3c,4,b7600d17-1e0b-43ba-96cd-edb4c442fe93,d5_b7600d17-1e0b-43ba-96cd-edb4c442fe93_8601_fc49b050,174,test:unloaded,normal,mixed,role_aggregate,20,128,32,middle,True,True,0,20,40,"{""2"": 20}",0,20,0,20,129
results\d5_formal\raw_r1\boot_01\batch_20260919T114224.614889Z_b1a6e895.json.gz,20260919T114224.614889Z_b1a6e895,4,b7600d17-1e0b-43ba-96cd-edb4c442fe93,d5_b7600d17-1e0b-43ba-96cd-edb4c442fe93_8601_fc49b050,175,test:unloaded,normal,mixed,role_aggregate,20,128,32,middle,True,True,0,20,40,"{""2"": 20}",0,20,0,20,129
results\d5_formal\raw_r1\boot_01\batch_20260919T114233.212818Z_fc5ead9b.json.gz,20260919T114233.212818Z_fc5ead9b,4,b7600d17-1e0b-43ba-96cd-edb4c442fe93,d5_b7600d17-1e0b-43ba-96cd-edb4c442fe93_8601_fc49b050,176,test:unloaded,normal,mixed,role_aggregate,20,128,32,middle,True,True,0,20,40,"{""2"": 20}",0,20,0,20,129
results\d5_formal\raw_r1\boot_01\batch_20260919T114241.745197Z_d5af550d.json.gz,20260919T114241.745197Z_d5af550d,4,b7600d17-1e0b-43ba-96cd-edb4c442fe93,d5_b7600d17-1e0b-43ba-96cd-edb4c442fe93_8601_fc49b050,177,test:unloaded,normal,mixed,role_aggregate,20,128,32,middle,True,True,0,20,40,"{""2"": 20}",0,20,0,20,129
results\d5_formal\raw_r1\boot_01\batch_20260919T114250.320878Z_4340b5cf.json.gz,20260919T114250.320878Z_4340b5cf,4,b7600d17-1e0b-43ba-96cd-edb4c442fe93,d5_b7600d17-1e0b-43ba-96cd-edb4c442fe93_8601_fc49b050,178,test:unloaded,normal,mixed,role_aggregate,20,128,32,middle,True,True,0,20,40,"{""2"": 20}",0,20,0,20,129
results\d5_formal\raw_r1\boot_01\batch_20260919T114258.911125Z_86e9328d.json.gz,20260919T114258.911125Z_86e9328d,4,b7600d17-1e0b-43ba-96cd-edb4c442fe93,d5_b7600d17-1e0b-43ba-96cd-edb4c442fe93_8601_fc49b050,179,test:unloaded,normal,mixed,role_aggregate,20,128,32,middle,True,True,0,20,40,"{""2"": 20}",0,20,0,20,129
results\d5_formal\raw_r1\boot_01\batch_20260919T114307.548181Z_4d28c492.json.gz,20260919T114307.548181Z_4d28c492,4,b7600d17-1e0b-43ba-96cd-edb4c442fe93,d5_b7600d17-1e0b-43ba-96cd-edb4c442fe93_8601_fc49b050,180,test:unloaded,normal,mixed,role_aggregate,20,128,32,middle,True,True,0,20,40,"{""2"": 20}",0,20,0,20,129
results\d5_formal\raw_r1\boot_01\batch_20260919T114316.001884Z_1cf9e865.json.gz,20260919T114316.001884Z_1cf9e865,4,b7600d17-1e0b-43ba-96cd-edb4c442fe93,d5_b7600d17-1e0b-43ba-96cd-edb4c442fe93_8601_fc49b050,181,test:unloaded,normal,mixed,role_aggregate,20,128,32,middle,True,True,0,20,40,"{""2"": 20}",0,20,0,20,129
results\d5_formal\raw_r1\boot_01\batch_20260919T114324.497856Z_e98609c2.json.gz,20260919T114324.497856Z_e98609c2,4,b7600d17-1e0b-43ba-96cd-edb4c442fe93,d5_b7600d17-1e0b-43ba-96cd-edb4c442fe93_8601_fc49b050,182,test:unloaded,normal,mixed,role_aggregate,20,128,32,middle,True,True,0,20,40,"{""2"": 20}",0,20,0,20,129
results\d5_formal\raw_r1\boot_01\batch_20260919T114332.869906Z_284b1bc7.json.gz,20260919T114332.869906Z_284b1bc7,4,b7600d17-1e0b-43ba-96cd-edb4c442fe93,d5_b7600d17-1e0b-43ba-96cd-edb4c442fe93_8601_fc49b050,183,test:unloaded,normal,mixed,role_aggregate,20,128,32,middle,True,True,0,20,40,"{""2"": 20}",0,20,0,20,129
results\d5_formal\raw_r1\boot_01\batch_20260919T114341.350967Z_29e1aae1.json.gz,20260919T114341.350967Z_29e1aae1,4,b7600d17-1e0b-43ba-96cd-edb4c442fe93,d5_b7600d17-1e0b-43ba-96cd-edb4c442fe93_8601_fc49b050,184,test:unloaded,normal,mixed,role_aggregate,20,128,32,middle,True,True,0,20,40,"{""2"": 20}",0,20,0,20,129
results\d5_formal\raw_r1\boot_01\batch_20260919T114349.787815Z_fa01f23e.json.gz,20260919T114349.787815Z_fa01f23e,4,b7600d17-1e0b-43ba-96cd-edb4c442fe93,d5_b7600d17-1e0b-43ba-96cd-edb4c442fe93_8601_fc49b050,185,test:unloaded,normal,mixed,role_aggregate,20,128,32,middle,True,True,0,20,40,"{""2"": 20}",0,20,0,20,129
results\d5_formal\raw_r1\boot_01\batch_20260919T114358.186791Z_56f95187.json.gz,20260919T114358.186791Z_56f95187,4,b7600d17-1e0b-43ba-96cd-edb4c442fe93,d5_b7600d17-1e0b-43ba-96cd-edb4c442fe93_8601_fc49b050,186,test:unloaded,normal,mixed,role_aggregate,20,128,32,middle,True,True,0,20,40,"{""2"": 20}",0,20,0,20,129
results\d5_formal\raw_r1\boot_01\batch_20260919T114406.603729Z_e954893b.json.gz,20260919T114406.603729Z_e954893b,4,b7600d17-1e0b-43ba-96cd-edb4c442fe93,d5_b7600d17-1e0b-43ba-96cd-edb4c442fe93_8601_fc49b050,187,test:unloaded,normal,mixed,role_aggregate,20,128,32,middle,True,True,0,20,40,"{""2"": 20}",0,20,0,20,129
results\d5_formal\raw_r1\boot_01\batch_20260919T114409.041147Z_a1a95f5e.json.gz,20260919T114409.041147Z_a1a95f5e,4,b7600d17-1e0b-43ba-96cd-edb4c442fe93,d5_b7600d17-1e0b-43ba-96cd-edb4c442fe93_8601_fc49b050,188,test:unloaded,normal,baseline,role_aggregate,20,128,32,middle,True,True,0,20,40,"{""2"": 20}",0,20,0,20,129
results\d5_formal\raw_r1\boot_01\batch_20260919T114411.521074Z_c59a5bee.json.gz,20260919T114411.521074Z_c59a5bee,4,b7600d17-1e0b-43ba-96cd-edb4c442fe93,d5_b7600d17-1e0b-43ba-96cd-edb4c442fe93_8601_fc49b050,189,test:unloaded,normal,baseline,role_aggregate,20,128,32,middle,True,True,0,20,40,"{""2"": 20}",0,20,0,20,129
results\d5_formal\raw_r1\boot_01\batch_20260919T114413.970859Z_9edc0679.json.gz,20260919T114413.970859Z_9edc0679,4,b7600d17-1e0b-43ba-96cd-edb4c442fe93,d5_b7600d17-1e0b-43ba-96cd-edb4c442fe93_8601_fc49b050,190,test:unloaded,normal,baseline,role_aggregate,20,128,32,middle,True,True,0,20,40,"{""2"": 20}",0,20,0,20,129
results\d5_formal\raw_r1\boot_01\batch_20260919T114416.384066Z_061bfaa1.json.gz,20260919T114416.384066Z_061bfaa1,4,b7600d17-1e0b-43ba-96cd-edb4c442fe93,d5_b7600d17-1e0b-43ba-96cd-edb4c442fe93_8601_fc49b050,191,test:unloaded,normal,baseline,role_aggregate,20,128,32,middle,True,True,0,20,40,"{""2"": 20}",0,20,0,20,129
results\d5_formal\raw_r1\boot_01\batch_20260919T114418.811883Z_3d81135e.json.gz,20260919T114418.811883Z_3d81135e,4,b7600d17-1e0b-43ba-96cd-edb4c442fe93,d5_b7600d17-1e0b-43ba-96cd-edb4c442fe93_8601_fc49b050,192,test:unloaded,normal,baseline,role_aggregate,20,128,32,middle,True,True,0,20,40,"{""2"": 20}",0,20,0,20,129
results\d5_formal\raw_r1\boot_01\batch_20260919T114421.244819Z_b90a571d.json.gz,20260919T114421.244819Z_b90a571d,4,b7600d17-1e0b-43ba-96cd-edb4c442fe93,d5_b7600d17-1e0b-43ba-96cd-edb4c442fe93_8601_fc49b050,193,test:unloaded,normal,baseline,role_aggregate,20,128,32,middle,True,True,0,20,40,"{""2"": 20}",0,20,0,20,129
results\d5_formal\raw_r1\boot_01\batch_20260919T114423.657842Z_7d93ea0f.json.gz,20260919T114423.657842Z_7d93ea0f,4,b7600d17-1e0b-43ba-96cd-edb4c442fe93,d5_b7600d17-1e0b-43ba-96cd-edb4c442fe93_8601_fc49b050,194,test:unloaded,normal,baseline,role_aggregate,20,128,32,middle,True,True,0,20,40,"{""2"": 20}",0,20,0,20,129
results\d5_formal\raw_r1\boot_01\batch_20260919T114425.999919Z_ac3f3341.json.gz,20260919T114425.999919Z_ac3f3341,4,b7600d17-1e0b-43ba-96cd-edb4c442fe93,d5_b7600d17-1e0b-43ba-96cd-edb4c442fe93_8601_fc49b050,195,test:unloaded,normal,baseline,role_aggregate,20,128,32,middle,True,True,0,20,40,"{""2"": 20}",0,20,0,20,129
results\d5_formal\raw_r1\boot_01\batch_20260919T114428.617771Z_8a681703.json.gz,20260919T114428.617771Z_8a681703,4,b7600d17-1e0b-43ba-96cd-edb4c442fe93,d5_b7600d17-1e0b-43ba-96cd-edb4c442fe93_8601_fc49b050,196,test:unloaded,normal,baseline,role_aggregate,20,128,32,middle,True,True,0,20,40,"{""2"": 20}",0,20,0,20,129
results\d5_formal\raw_r1\boot_01\batch_20260919T114431.105738Z_d4ba342e.json.gz,20260919T114431.105738Z_d4ba342e,4,b7600d17-1e0b-43ba-96cd-edb4c442fe93,d5_b7600d17-1e0b-43ba-96cd-edb4c442fe93_8601_fc49b050,197,test:unloaded,normal,baseline,role_aggregate,20,128,32,middle,True,True,0,20,40,"{""2"": 20}",0,20,0,20,129
results\d5_formal\raw_r1\boot_01\batch_20260919T114433.662214Z_af2ce623.json.gz,20260919T114433.662214Z_af2ce623,4,b7600d17-1e0b-43ba-96cd-edb4c442fe93,d5_b7600d17-1e0b-43ba-96cd-edb4c442fe93_8601_fc49b050,198,test:unloaded,normal,baseline,role_aggregate,20,128,32,middle,True,True,0,20,40,"{""2"": 20}",0,20,0,20,129
results\d5_formal\raw_r1\boot_01\batch_20260919T114436.140189Z_0366b6ff.json.gz,20260919T114436.140189Z_0366b6ff,4,b7600d17-1e0b-43ba-96cd-edb4c442fe93,d5_b7600d17-1e0b-43ba-96cd-edb4c442fe93_8601_fc49b050,199,test:unloaded,normal,baseline,role_aggregate,20,128,32,middle,True,True,0,20,40,"{""2"": 20}",0,20,0,20,129
results\d5_formal\raw_r1\boot_01\batch_20260919T114438.659743Z_d5b4a7ed.json.gz,20260919T114438.659743Z_d5b4a7ed,4,b7600d17-1e0b-43ba-96cd-edb4c442fe93,d5_b7600d17-1e0b-43ba-96cd-edb4c442fe93_8601_fc49b050,200,test:unloaded,normal,baseline,role_aggregate,20,128,32,middle,True,True,0,20,40,"{""2"": 20}",0,20,0,20,129
results\d5_formal\raw_r1\boot_01\batch_20260919T114441.228873Z_3d4ae544.json.gz,20260919T114441.228873Z_3d4ae544,4,b7600d17-1e0b-43ba-96cd-edb4c442fe93,d5_b7600d17-1e0b-43ba-96cd-edb4c442fe93_8601_fc49b050,201,test:unloaded,normal,baseline,role_aggregate,20,128,32,middle,True,True,0,20,40,"{""2"": 20}",0,20,0,20,129
results\d5_formal\raw_r1\boot_01\batch_20260919T114443.691746Z_c94cb50f.json.gz,20260919T114443.691746Z_c94cb50f,4,b7600d17-1e0b-43ba-96cd-edb4c442fe93,d5_b7600d17-1e0b-43ba-96cd-edb4c442fe93_8601_fc49b050,202,test:unloaded,normal,baseline,role_aggregate,20,128,32,middle,True,True,0,20,40,"{""2"": 20}",0,20,0,20,129
results\d5_formal\raw_r1\boot_01\batch_20260919T114446.079347Z_10876b7b.json.gz,20260919T114446.079347Z_10876b7b,4,b7600d17-1e0b-43ba-96cd-edb4c442fe93,d5_b7600d17-1e0b-43ba-96cd-edb4c442fe93_8601_fc49b050,203,test:unloaded,normal,baseline,role_aggregate,20,128,32,middle,True,True,0,20,40,"{""2"": 20}",0,20,0,20,129
results\d5_formal\raw_r1\boot_01\batch_20260919T114448.519981Z_e443ee72.json.gz,20260919T114448.519981Z_e443ee72,4,b7600d17-1e0b-43ba-96cd-edb4c442fe93,d5_b7600d17-1e0b-43ba-96cd-edb4c442fe93_8601_fc49b050,204,test:unloaded,normal,baseline,role_aggregate,20,128,32,middle,True,True,0,20,40,"{""2"": 20}",0,20,0,20,129
results\d5_formal\raw_r1\boot_01\batch_20260919T114450.990707Z_756bf5da.json.gz,20260919T114450.990707Z_756bf5da,4,b7600d17-1e0b-43ba-96cd-edb4c442fe93,d5_b7600d17-1e0b-43ba-96cd-edb4c442fe93_8601_fc49b050,205,test:unloaded,normal,baseline,role_aggregate,20,128,32,middle,True,True,0,20,40,"{""2"": 20}",0,20,0,20,129
results\d5_formal\raw_r1\boot_01\batch_20260919T114453.511300Z_2953bfb7.json.gz,20260919T114453.511300Z_2953bfb7,4,b7600d17-1e0b-43ba-96cd-edb4c442fe93,d5_b7600d17-1e0b-43ba-96cd-edb4c442fe93_8601_fc49b050,206,test:unloaded,normal,baseline,role_aggregate,20,128,32,middle,True,True,0,20,40,"{""2"": 20}",0,20,0,20,129
results\d5_formal\raw_r1\boot_01\batch_20260919T114456.125306Z_6abae450.json.gz,20260919T114456.125306Z_6abae450,4,b7600d17-1e0b-43ba-96cd-edb4c442fe93,d5_b7600d17-1e0b-43ba-96cd-edb4c442fe93_8601_fc49b050,207,test:unloaded,normal,baseline,role_aggregate,20,128,32,middle,True,True,0,20,40,"{""2"": 20}",0,20,0,20,129
results\d5_formal\raw_r1\boot_01\batch_20260919T114458.725244Z_936ac4dd.json.gz,20260919T114458.725244Z_936ac4dd,4,b7600d17-1e0b-43ba-96cd-edb4c442fe93,d5_b7600d17-1e0b-43ba-96cd-edb4c442fe93_8601_fc49b050,208,test:hiding,rootkit,baseline,role_aggregate,20,128,32,middle,True,True,0,20,40,"{""2"": 20}",0,20,0,0,
results\d5_formal\raw_r1\boot_01\batch_20260919T114501.736986Z_1bcf6377.json.gz,20260919T114501.736986Z_1bcf6377,4,b7600d17-1e0b-43ba-96cd-edb4c442fe93,d5_b7600d17-1e0b-43ba-96cd-edb4c442fe93_8601_fc49b050,209,test:hiding,rootkit,baseline,role_aggregate,20,128,32,middle,True,True,0,20,40,"{""2"": 20}",0,20,0,0,
results\d5_formal\raw_r1\boot_01\batch_20260919T114504.856840Z_9cc3e229.json.gz,20260919T114504.856840Z_9cc3e229,4,b7600d17-1e0b-43ba-96cd-edb4c442fe93,d5_b7600d17-1e0b-43ba-96cd-edb4c442fe93_8601_fc49b050,210,test:hiding,rootkit,baseline,role_aggregate,20,128,32,middle,True,True,0,20,40,"{""2"": 20}",0,20,0,0,
results\d5_formal\raw_r1\boot_01\batch_20260919T114507.743158Z_ea4adbcb.json.gz,20260919T114507.743158Z_ea4adbcb,4,b7600d17-1e0b-43ba-96cd-edb4c442fe93,d5_b7600d17-1e0b-43ba-96cd-edb4c442fe93_8601_fc49b050,211,test:hiding,rootkit,baseline,role_aggregate,20,128,32,middle,True,True,0,20,40,"{""2"": 20}",0,20,0,0,
results\d5_formal\raw_r1\boot_01\batch_20260919T114510.673779Z_99edefbb.json.gz,20260919T114510.673779Z_99edefbb,4,b7600d17-1e0b-43ba-96cd-edb4c442fe93,d5_b7600d17-1e0b-43ba-96cd-edb4c442fe93_8601_fc49b050,212,test:hiding,rootkit,baseline,role_aggregate,20,128,32,middle,True,True,0,20,40,"{""2"": 20}",0,20,0,0,
results\d5_formal\raw_r1\boot_01\batch_20260919T114513.804830Z_51eaaef6.json.gz,20260919T114513.804830Z_51eaaef6,4,b7600d17-1e0b-43ba-96cd-edb4c442fe93,d5_b7600d17-1e0b-43ba-96cd-edb4c442fe93_8601_fc49b050,213,test:hiding,rootkit,baseline,role_aggregate,20,128,32,middle,True,True,0,20,40,"{""2"": 20}",0,20,0,0,
results\d5_formal\raw_r1\boot_01\batch_20260919T114516.735957Z_a0183f14.json.gz,20260919T114516.735957Z_a0183f14,4,b7600d17-1e0b-43ba-96cd-edb4c442fe93,d5_b7600d17-1e0b-43ba-96cd-edb4c442fe93_8601_fc49b050,214,test:hiding,rootkit,baseline,role_aggregate,20,128,32,middle,True,True,0,20,40,"{""2"": 20}",0,20,0,0,
results\d5_formal\raw_r1\boot_01\batch_20260919T114519.764992Z_44465f0f.json.gz,20260919T114519.764992Z_44465f0f,4,b7600d17-1e0b-43ba-96cd-edb4c442fe93,d5_b7600d17-1e0b-43ba-96cd-edb4c442fe93_8601_fc49b050,215,test:hiding,rootkit,baseline,role_aggregate,20,128,32,middle,True,True,0,20,40,"{""2"": 20}",0,20,0,0,
results\d5_formal\raw_r1\boot_01\batch_20260919T114522.813879Z_3ddb9ae4.json.gz,20260919T114522.813879Z_3ddb9ae4,4,b7600d17-1e0b-43ba-96cd-edb4c442fe93,d5_b7600d17-1e0b-43ba-96cd-edb4c442fe93_8601_fc49b050,216,test:hiding,rootkit,baseline,role_aggregate,20,128,32,middle,True,True,0,20,40,"{""2"": 20}",0,20,0,0,
results\d5_formal\raw_r1\boot_01\batch_20260919T114525.765844Z_9276834f.json.gz,20260919T114525.765844Z_9276834f,4,b7600d17-1e0b-43ba-96cd-edb4c442fe93,d5_b7600d17-1e0b-43ba-96cd-edb4c442fe93_8601_fc49b050,217,test:hiding,rootkit,baseline,role_aggregate,20,128,32,middle,True,True,0,20,40,"{""2"": 20}",0,20,0,0,
results\d5_formal\raw_r1\boot_01\batch_20260919T114528.783729Z_452c87ef.json.gz,20260919T114528.783729Z_452c87ef,4,b7600d17-1e0b-43ba-96cd-edb4c442fe93,d5_b7600d17-1e0b-43ba-96cd-edb4c442fe93_8601_fc49b050,218,test:hiding,rootkit,baseline,role_aggregate,20,128,32,middle,True,True,0,20,40,"{""2"": 20}",0,20,0,0,
results\d5_formal\raw_r1\boot_01\batch_20260919T114531.670868Z_9e89d0f6.json.gz,20260919T114531.670868Z_9e89d0f6,4,b7600d17-1e0b-43ba-96cd-edb4c442fe93,d5_b7600d17-1e0b-43ba-96cd-edb4c442fe93_8601_fc49b050,219,test:hiding,rootkit,baseline,role_aggregate,20,128,32,middle,True,True,0,20,40,"{""2"": 20}",0,20,0,0,
results\d5_formal\raw_r1\boot_01\batch_20260919T114534.733042Z_f16f820a.json.gz,20260919T114534.733042Z_f16f820a,4,b7600d17-1e0b-43ba-96cd-edb4c442fe93,d5_b7600d17-1e0b-43ba-96cd-edb4c442fe93_8601_fc49b050,220,test:hiding,rootkit,baseline,role_aggregate,20,128,32,middle,True,True,0,20,40,"{""2"": 20}",0,20,0,0,
results\d5_formal\raw_r1\boot_01\batch_20260919T114537.676011Z_031a4626.json.gz,20260919T114537.676011Z_031a4626,4,b7600d17-1e0b-43ba-96cd-edb4c442fe93,d5_b7600d17-1e0b-43ba-96cd-edb4c442fe93_8601_fc49b050,221,test:hiding,rootkit,baseline,role_aggregate,20,128,32,middle,True,True,0,20,40,"{""2"": 20}",0,20,0,0,
results\d5_formal\raw_r1\boot_01\batch_20260919T114540.637790Z_75771cad.json.gz,20260919T114540.637790Z_75771cad,4,b7600d17-1e0b-43ba-96cd-edb4c442fe93,d5_b7600d17-1e0b-43ba-96cd-edb4c442fe93_8601_fc49b050,222,test:hiding,rootkit,baseline,role_aggregate,20,128,32,middle,True,True,0,20,40,"{""2"": 20}",0,20,0,0,
results\d5_formal\raw_r1\boot_01\batch_20260919T114543.572926Z_e904af79.json.gz,20260919T114543.572926Z_e904af79,4,b7600d17-1e0b-43ba-96cd-edb4c442fe93,d5_b7600d17-1e0b-43ba-96cd-edb4c442fe93_8601_fc49b050,223,test:hiding,rootkit,baseline,role_aggregate,20,128,32,middle,True,True,0,20,40,"{""2"": 20}",0,20,0,0,
results\d5_formal\raw_r1\boot_01\batch_20260919T114546.512081Z_8d0718d2.json.gz,20260919T114546.512081Z_8d0718d2,4,b7600d17-1e0b-43ba-96cd-edb4c442fe93,d5_b7600d17-1e0b-43ba-96cd-edb4c442fe93_8601_fc49b050,224,test:hiding,rootkit,baseline,role_aggregate,20,128,32,middle,True,True,0,20,40,"{""2"": 20}",0,20,0,0,
results\d5_formal\raw_r1\boot_01\batch_20260919T114549.497215Z_db0ceb89.json.gz,20260919T114549.497215Z_db0ceb89,4,b7600d17-1e0b-43ba-96cd-edb4c442fe93,d5_b7600d17-1e0b-43ba-96cd-edb4c442fe93_8601_fc49b050,225,test:hiding,rootkit,baseline,role_aggregate,20,128,32,middle,True,True,0,20,40,"{""2"": 20}",0,20,0,0,
results\d5_formal\raw_r1\boot_01\batch_20260919T114552.457749Z_d7080eb8.json.gz,20260919T114552.457749Z_d7080eb8,4,b7600d17-1e0b-43ba-96cd-edb4c442fe93,d5_b7600d17-1e0b-43ba-96cd-edb4c442fe93_8601_fc49b050,226,test:hiding,rootkit,baseline,role_aggregate,20,128,32,middle,True,True,0,20,40,"{""2"": 20}",0,20,0,0,
results\d5_formal\raw_r1\boot_01\batch_20260919T114555.462822Z_2c0bcd18.json.gz,20260919T114555.462822Z_2c0bcd18,4,b7600d17-1e0b-43ba-96cd-edb4c442fe93,d5_b7600d17-1e0b-43ba-96cd-edb4c442fe93_8601_fc49b050,227,test:hiding,rootkit,baseline,role_aggregate,20,128,32,middle,True,True,0,20,40,"{""2"": 20}",0,20,0,0,
results\d5_formal\raw_r1\boot_01\batch_20260919T114558.421809Z_4a04f7d9.json.gz,20260919T114558.421809Z_4a04f7d9,4,b7600d17-1e0b-43ba-96cd-edb4c442fe93,d5_b7600d17-1e0b-43ba-96cd-edb4c442fe93_8601_fc49b050,228,test:hiding,rootkit,baseline,role_aggregate,20,128,32,middle,True,True,0,20,40,"{""2"": 20}",0,20,0,0,
results\d5_formal\raw_r1\boot_01\batch_20260919T114601.385877Z_968fc973.json.gz,20260919T114601.385877Z_968fc973,4,b7600d17-1e0b-43ba-96cd-edb4c442fe93,d5_b7600d17-1e0b-43ba-96cd-edb4c442fe93_8601_fc49b050,229,test:hiding,rootkit,baseline,role_aggregate,20,128,32,middle,True,True,0,20,40,"{""2"": 20}",0,20,0,0,
results\d5_formal\raw_r1\boot_01\batch_20260919T114604.392061Z_059ceb30.json.gz,20260919T114604.392061Z_059ceb30,4,b7600d17-1e0b-43ba-96cd-edb4c442fe93,d5_b7600d17-1e0b-43ba-96cd-edb4c442fe93_8601_fc49b050,230,test:hiding,rootkit,baseline,role_aggregate,20,128,32,middle,True,True,0,20,40,"{""2"": 20}",0,20,0,0,
results\d5_formal\raw_r1\boot_01\batch_20260919T114607.437199Z_6bc42489.json.gz,20260919T114607.437199Z_6bc42489,4,b7600d17-1e0b-43ba-96cd-edb4c442fe93,d5_b7600d17-1e0b-43ba-96cd-edb4c442fe93_8601_fc49b050,231,test:hiding,rootkit,baseline,role_aggregate,20,128,32,middle,True,True,0,20,40,"{""2"": 20}",0,20,0,0,
results\d5_formal\raw_r1\boot_01\batch_20260919T114610.563713Z_3da38343.json.gz,20260919T114610.563713Z_3da38343,4,b7600d17-1e0b-43ba-96cd-edb4c442fe93,d5_b7600d17-1e0b-43ba-96cd-edb4c442fe93_8601_fc49b050,232,test:hiding,rootkit,baseline,role_aggregate,20,128,32,middle,True,True,0,20,40,"{""2"": 20}",0,20,0,0,
results\d5_formal\raw_r1\boot_01\batch_20260919T114613.752172Z_1bdc0d13.json.gz,20260919T114613.752172Z_1bdc0d13,4,b7600d17-1e0b-43ba-96cd-edb4c442fe93,d5_b7600d17-1e0b-43ba-96cd-edb4c442fe93_8601_fc49b050,233,test:hiding,rootkit,baseline,role_aggregate,20,128,32,middle,True,True,0,20,40,"{""2"": 20}",0,20,0,0,
results\d5_formal\raw_r1\boot_01\batch_20260919T114616.851244Z_838c3333.json.gz,20260919T114616.851244Z_838c3333,4,b7600d17-1e0b-43ba-96cd-edb4c442fe93,d5_b7600d17-1e0b-43ba-96cd-edb4c442fe93_8601_fc49b050,234,test:hiding,rootkit,baseline,role_aggregate,20,128,32,middle,True,True,0,20,40,"{""2"": 20}",0,20,0,0,
results\d5_formal\raw_r1\boot_01\batch_20260919T114620.017753Z_7560cb0b.json.gz,20260919T114620.017753Z_7560cb0b,4,b7600d17-1e0b-43ba-96cd-edb4c442fe93,d5_b7600d17-1e0b-43ba-96cd-edb4c442fe93_8601_fc49b050,235,test:hiding,rootkit,baseline,role_aggregate,20,128,32,middle,True,True,0,20,40,"{""2"": 20}",0,20,0,0,
results\d5_formal\raw_r1\boot_01\batch_20260919T114623.120801Z_448fe002.json.gz,20260919T114623.120801Z_448fe002,4,b7600d17-1e0b-43ba-96cd-edb4c442fe93,d5_b7600d17-1e0b-43ba-96cd-edb4c442fe93_8601_fc49b050,236,test:hiding,rootkit,baseline,role_aggregate,20,128,32,middle,True,True,0,20,40,"{""2"": 20}",0,20,0,0,
results\d5_formal\raw_r1\boot_01\batch_20260919T114626.292863Z_003aeff6.json.gz,20260919T114626.292863Z_003aeff6,4,b7600d17-1e0b-43ba-96cd-edb4c442fe93,d5_b7600d17-1e0b-43ba-96cd-edb4c442fe93_8601_fc49b050,237,test:hiding,rootkit,baseline,role_aggregate,20,128,32,middle,True,True,0,20,40,"{""2"": 20}",0,20,0,0,
results\d5_formal\raw_r1\boot_01\batch_20260919T114629.417027Z_0d20f426.json.gz,20260919T114629.417027Z_0d20f426,4,b7600d17-1e0b-43ba-96cd-edb4c442fe93,d5_b7600d17-1e0b-43ba-96cd-edb4c442fe93_8601_fc49b050,238,test:hiding,rootkit,baseline,role_aggregate,20,128,32,middle,True,True,0,20,40,"{""2"": 20}",0,20,0,0,
results\d5_formal\raw_r1\boot_01\batch_20260919T114632.542069Z_647820a9.json.gz,20260919T114632.542069Z_647820a9,4,b7600d17-1e0b-43ba-96cd-edb4c442fe93,d5_b7600d17-1e0b-43ba-96cd-edb4c442fe93_8601_fc49b050,239,test:hiding,rootkit,baseline,role_aggregate,20,128,32,middle,True,True,0,20,40,"{""2"": 20}",0,20,0,0,
results\d5_formal\raw_r1\boot_01\batch_20260919T114635.599200Z_0293370b.json.gz,20260919T114635.599200Z_0293370b,4,b7600d17-1e0b-43ba-96cd-edb4c442fe93,d5_b7600d17-1e0b-43ba-96cd-edb4c442fe93_8601_fc49b050,240,test:hiding,rootkit,baseline,role_aggregate,20,128,32,middle,True,True,0,20,40,"{""2"": 20}",0,20,0,0,
results\d5_formal\raw_r1\boot_01\batch_20260919T114638.781041Z_8248e4aa.json.gz,20260919T114638.781041Z_8248e4aa,4,b7600d17-1e0b-43ba-96cd-edb4c442fe93,d5_b7600d17-1e0b-43ba-96cd-edb4c442fe93_8601_fc49b050,241,test:hiding,rootkit,baseline,role_aggregate,20,128,32,middle,True,True,0,20,40,"{""2"": 20}",0,20,0,0,
results\d5_formal\raw_r1\boot_01\batch_20260919T114641.933897Z_950ddc00.json.gz,20260919T114641.933897Z_950ddc00,4,b7600d17-1e0b-43ba-96cd-edb4c442fe93,d5_b7600d17-1e0b-43ba-96cd-edb4c442fe93_8601_fc49b050,242,test:hiding,rootkit,baseline,role_aggregate,20,128,32,middle,True,True,0,20,40,"{""2"": 20}",0,20,0,0,
results\d5_formal\raw_r1\boot_01\batch_20260919T114645.227746Z_dc16b5ec.json.gz,20260919T114645.227746Z_dc16b5ec,4,b7600d17-1e0b-43ba-96cd-edb4c442fe93,d5_b7600d17-1e0b-43ba-96cd-edb4c442fe93_8601_fc49b050,243,test:hiding,rootkit,baseline,role_aggregate,20,128,32,middle,True,True,0,20,40,"{""2"": 20}",0,20,0,0,
results\d5_formal\raw_r1\boot_01\batch_20260919T114648.351087Z_bfb6bf50.json.gz,20260919T114648.351087Z_bfb6bf50,4,b7600d17-1e0b-43ba-96cd-edb4c442fe93,d5_b7600d17-1e0b-43ba-96cd-edb4c442fe93_8601_fc49b050,244,test:hiding,rootkit,baseline,role_aggregate,20,128,32,middle,True,True,0,20,40,"{""2"": 20}",0,20,0,0,
results\d5_formal\raw_r1\boot_01\batch_20260919T114651.394819Z_af8be92b.json.gz,20260919T114651.394819Z_af8be92b,4,b7600d17-1e0b-43ba-96cd-edb4c442fe93,d5_b7600d17-1e0b-43ba-96cd-edb4c442fe93_8601_fc49b050,245,test:hiding,rootkit,baseline,role_aggregate,20,128,32,middle,True,True,0,20,40,"{""2"": 20}",0,20,0,0,
results\d5_formal\raw_r1\boot_01\batch_20260919T114654.530962Z_0525f692.json.gz,20260919T114654.530962Z_0525f692,4,b7600d17-1e0b-43ba-96cd-edb4c442fe93,d5_b7600d17-1e0b-43ba-96cd-edb4c442fe93_8601_fc49b050,246,test:hiding,rootkit,baseline,role_aggregate,20,128,32,middle,True,True,0,20,40,"{""2"": 20}",0,20,0,0,
results\d5_formal\raw_r1\boot_01\batch_20260919T114657.594049Z_31b76428.json.gz,20260919T114657.594049Z_31b76428,4,b7600d17-1e0b-43ba-96cd-edb4c442fe93,d5_b7600d17-1e0b-43ba-96cd-edb4c442fe93_8601_fc49b050,247,test:hiding,rootkit,baseline,role_aggregate,20,128,32,middle,True,True,0,20,40,"{""2"": 20}",0,20,0,0,
results\d5_formal\raw_r1\boot_01\batch_20260919T114706.973735Z_caaaeccc.json.gz,20260919T114706.973735Z_caaaeccc,4,b7600d17-1e0b-43ba-96cd-edb4c442fe93,d5_b7600d17-1e0b-43ba-96cd-edb4c442fe93_8601_fc49b050,248,test:hiding,rootkit,cpu,role_aggregate,20,128,32,middle,True,True,0,20,40,"{""2"": 20}",0,20,0,0,
results\d5_formal\raw_r1\boot_01\batch_20260919T114716.020000Z_210c1f47.json.gz,20260919T114716.020000Z_210c1f47,4,b7600d17-1e0b-43ba-96cd-edb4c442fe93,d5_b7600d17-1e0b-43ba-96cd-edb4c442fe93_8601_fc49b050,249,test:hiding,rootkit,cpu,role_aggregate,20,128,32,middle,True,True,0,20,40,"{""2"": 20}",0,20,0,0,
results\d5_formal\raw_r1\boot_01\batch_20260919T114725.062312Z_dd6f946e.json.gz,20260919T114725.062312Z_dd6f946e,4,b7600d17-1e0b-43ba-96cd-edb4c442fe93,d5_b7600d17-1e0b-43ba-96cd-edb4c442fe93_8601_fc49b050,250,test:hiding,rootkit,cpu,role_aggregate,20,128,32,middle,True,True,0,20,40,"{""2"": 20}",0,20,0,0,
results\d5_formal\raw_r1\boot_01\batch_20260919T114734.149223Z_3ac19733.json.gz,20260919T114734.149223Z_3ac19733,4,b7600d17-1e0b-43ba-96cd-edb4c442fe93,d5_b7600d17-1e0b-43ba-96cd-edb4c442fe93_8601_fc49b050,251,test:hiding,rootkit,cpu,role_aggregate,20,128,32,middle,True,True,0,20,40,"{""2"": 20}",0,20,0,0,
results\d5_formal\raw_r1\boot_01\batch_20260919T114743.282758Z_1f57adb1.json.gz,20260919T114743.282758Z_1f57adb1,4,b7600d17-1e0b-43ba-96cd-edb4c442fe93,d5_b7600d17-1e0b-43ba-96cd-edb4c442fe93_8601_fc49b050,252,test:hiding,rootkit,cpu,role_aggregate,20,128,32,middle,True,True,0,20,40,"{""2"": 20}",0,20,0,0,
results\d5_formal\raw_r1\boot_01\batch_20260919T114752.751255Z_efa87b9c.json.gz,20260919T114752.751255Z_efa87b9c,4,b7600d17-1e0b-43ba-96cd-edb4c442fe93,d5_b7600d17-1e0b-43ba-96cd-edb4c442fe93_8601_fc49b050,253,test:hiding,rootkit,cpu,role_aggregate,20,128,32,middle,True,True,0,20,40,"{""2"": 20}",0,20,0,0,
results\d5_formal\raw_r1\boot_01\batch_20260919T114801.842976Z_41a8aba4.json.gz,20260919T114801.842976Z_41a8aba4,4,b7600d17-1e0b-43ba-96cd-edb4c442fe93,d5_b7600d17-1e0b-43ba-96cd-edb4c442fe93_8601_fc49b050,254,test:hiding,rootkit,cpu,role_aggregate,20,128,32,middle,True,True,0,20,40,"{""2"": 20}",0,20,0,0,
results\d5_formal\raw_r1\boot_01\batch_20260919T114810.802814Z_777c8648.json.gz,20260919T114810.802814Z_777c8648,4,b7600d17-1e0b-43ba-96cd-edb4c442fe93,d5_b7600d17-1e0b-43ba-96cd-edb4c442fe93_8601_fc49b050,255,test:hiding,rootkit,cpu,role_aggregate,20,128,32,middle,True,True,0,20,40,"{""2"": 20}",0,20,0,0,
results\d5_formal\raw_r1\boot_01\batch_20260919T114820.004846Z_cd611a27.json.gz,20260919T114820.004846Z_cd611a27,4,b7600d17-1e0b-43ba-96cd-edb4c442fe93,d5_b7600d17-1e0b-43ba-96cd-edb4c442fe93_8601_fc49b050,256,test:hiding,rootkit,cpu,role_aggregate,20,128,32,middle,True,True,0,20,40,"{""2"": 20}",0,20,0,0,
results\d5_formal\raw_r1\boot_01\batch_20260919T114829.181479Z_503afbf9.json.gz,20260919T114829.181479Z_503afbf9,4,b7600d17-1e0b-43ba-96cd-edb4c442fe93,d5_b7600d17-1e0b-43ba-96cd-edb4c442fe93_8601_fc49b050,257,test:hiding,rootkit,cpu,role_aggregate,20,128,32,middle,True,True,0,20,40,"{""2"": 20}",0,20,0,0,
results\d5_formal\raw_r1\boot_01\batch_20260919T114838.407244Z_ec49ea76.json.gz,20260919T114838.407244Z_ec49ea76,4,b7600d17-1e0b-43ba-96cd-edb4c442fe93,d5_b7600d17-1e0b-43ba-96cd-edb4c442fe93_8601_fc49b050,258,test:hiding,rootkit,cpu,role_aggregate,20,128,32,middle,True,True,0,20,40,"{""2"": 20}",0,20,0,0,
results\d5_formal\raw_r1\boot_01\batch_20260919T114847.656103Z_92c4d1a9.json.gz,20260919T114847.656103Z_92c4d1a9,4,b7600d17-1e0b-43ba-96cd-edb4c442fe93,d5_b7600d17-1e0b-43ba-96cd-edb4c442fe93_8601_fc49b050,259,test:hiding,rootkit,cpu,role_aggregate,20,128,32,middle,True,True,0,20,40,"{""2"": 20}",0,20,0,0,
results\d5_formal\raw_r1\boot_01\batch_20260919T114856.877102Z_65286c97.json.gz,20260919T114856.877102Z_65286c97,4,b7600d17-1e0b-43ba-96cd-edb4c442fe93,d5_b7600d17-1e0b-43ba-96cd-edb4c442fe93_8601_fc49b050,260,test:hiding,rootkit,cpu,role_aggregate,20,128,32,middle,True,True,0,20,40,"{""2"": 20}",0,20,0,0,
results\d5_formal\raw_r1\boot_01\batch_20260919T114906.072354Z_52aa12ff.json.gz,20260919T114906.072354Z_52aa12ff,4,b7600d17-1e0b-43ba-96cd-edb4c442fe93,d5_b7600d17-1e0b-43ba-96cd-edb4c442fe93_8601_fc49b050,261,test:hiding,rootkit,cpu,role_aggregate,20,128,32,middle,True,True,0,20,40,"{""2"": 20}",0,20,0,0,
results\d5_formal\raw_r1\boot_01\batch_20260919T114915.141770Z_dc03d652.json.gz,20260919T114915.141770Z_dc03d652,4,b7600d17-1e0b-43ba-96cd-edb4c442fe93,d5_b7600d17-1e0b-43ba-96cd-edb4c442fe93_8601_fc49b050,262,test:hiding,rootkit,cpu,role_aggregate,20,128,32,middle,True,True,0,20,40,"{""2"": 20}",0,20,0,0,
results\d5_formal\raw_r1\boot_01\batch_20260919T114924.235939Z_f6a157b5.json.gz,20260919T114924.235939Z_f6a157b5,4,b7600d17-1e0b-43ba-96cd-edb4c442fe93,d5_b7600d17-1e0b-43ba-96cd-edb4c442fe93_8601_fc49b050,263,test:hiding,rootkit,cpu,role_aggregate,20,128,32,middle,True,True,0,20,40,"{""2"": 20}",0,20,0,0,
results\d5_formal\raw_r1\boot_01\batch_20260919T114933.213868Z_c0f2c66f.json.gz,20260919T114933.213868Z_c0f2c66f,4,b7600d17-1e0b-43ba-96cd-edb4c442fe93,d5_b7600d17-1e0b-43ba-96cd-edb4c442fe93_8601_fc49b050,264,test:hiding,rootkit,cpu,role_aggregate,20,128,32,middle,True,True,0,20,40,"{""2"": 20}",0,20,0,0,
results\d5_formal\raw_r1\boot_01\batch_20260919T114942.346934Z_5d1af099.json.gz,20260919T114942.346934Z_5d1af099,4,b7600d17-1e0b-43ba-96cd-edb4c442fe93,d5_b7600d17-1e0b-43ba-96cd-edb4c442fe93_8601_fc49b050,265,test:hiding,rootkit,cpu,role_aggregate,20,128,32,middle,True,True,0,20,40,"{""2"": 20}",0,20,0,0,
results\d5_formal\raw_r1\boot_01\batch_20260919T114951.553726Z_8e0ce24d.json.gz,20260919T114951.553726Z_8e0ce24d,4,b7600d17-1e0b-43ba-96cd-edb4c442fe93,d5_b7600d17-1e0b-43ba-96cd-edb4c442fe93_8601_fc49b050,266,test:hiding,rootkit,cpu,role_aggregate,20,128,32,middle,True,True,0,20,40,"{""2"": 20}",0,20,0,0,
results\d5_formal\raw_r1\boot_01\batch_20260919T115000.626213Z_10599b9c.json.gz,20260919T115000.626213Z_10599b9c,4,b7600d17-1e0b-43ba-96cd-edb4c442fe93,d5_b7600d17-1e0b-43ba-96cd-edb4c442fe93_8601_fc49b050,267,test:hiding,rootkit,cpu,role_aggregate,20,128,32,middle,True,True,0,20,40,"{""2"": 20}",0,20,0,0,
results\d5_formal\raw_r1\boot_01\batch_20260919T115009.722832Z_9c7f58e1.json.gz,20260919T115009.722832Z_9c7f58e1,4,b7600d17-1e0b-43ba-96cd-edb4c442fe93,d5_b7600d17-1e0b-43ba-96cd-edb4c442fe93_8601_fc49b050,268,test:hiding,rootkit,cpu,role_aggregate,20,128,32,middle,True,True,0,20,40,"{""2"": 20}",0,20,0,0,
results\d5_formal\raw_r1\boot_01\batch_20260919T115018.995833Z_d69567aa.json.gz,20260919T115018.995833Z_d69567aa,4,b7600d17-1e0b-43ba-96cd-edb4c442fe93,d5_b7600d17-1e0b-43ba-96cd-edb4c442fe93_8601_fc49b050,269,test:hiding,rootkit,cpu,role_aggregate,20,128,32,middle,True,True,0,20,40,"{""2"": 20}",0,20,0,0,
results\d5_formal\raw_r1\boot_01\batch_20260919T115028.188795Z_60fe24bd.json.gz,20260919T115028.188795Z_60fe24bd,4,b7600d17-1e0b-43ba-96cd-edb4c442fe93,d5_b7600d17-1e0b-43ba-96cd-edb4c442fe93_8601_fc49b050,270,test:hiding,rootkit,cpu,role_aggregate,20,128,32,middle,True,True,0,20,40,"{""2"": 20}",0,20,0,0,
results\d5_formal\raw_r1\boot_01\batch_20260919T115037.427227Z_584ac2a0.json.gz,20260919T115037.427227Z_584ac2a0,4,b7600d17-1e0b-43ba-96cd-edb4c442fe93,d5_b7600d17-1e0b-43ba-96cd-edb4c442fe93_8601_fc49b050,271,test:hiding,rootkit,cpu,role_aggregate,20,128,32,middle,True,True,0,20,40,"{""2"": 20}",0,20,0,0,
results\d5_formal\raw_r1\boot_01\batch_20260919T115046.575180Z_068bff8b.json.gz,20260919T115046.575180Z_068bff8b,4,b7600d17-1e0b-43ba-96cd-edb4c442fe93,d5_b7600d17-1e0b-43ba-96cd-edb4c442fe93_8601_fc49b050,272,test:hiding,rootkit,cpu,role_aggregate,20,128,32,middle,True,True,0,20,40,"{""2"": 20}",0,20,0,0,
results\d5_formal\raw_r1\boot_01\batch_20260919T115055.812119Z_3a684c89.json.gz,20260919T115055.812119Z_3a684c89,4,b7600d17-1e0b-43ba-96cd-edb4c442fe93,d5_b7600d17-1e0b-43ba-96cd-edb4c442fe93_8601_fc49b050,273,test:hiding,rootkit,cpu,role_aggregate,20,128,32,middle,True,True,0,20,40,"{""2"": 20}",0,20,0,0,
results\d5_formal\raw_r1\boot_01\batch_20260919T115105.021801Z_0bd59fba.json.gz,20260919T115105.021801Z_0bd59fba,4,b7600d17-1e0b-43ba-96cd-edb4c442fe93,d5_b7600d17-1e0b-43ba-96cd-edb4c442fe93_8601_fc49b050,274,test:hiding,rootkit,cpu,role_aggregate,20,128,32,middle,True,True,0,20,40,"{""2"": 20}",0,20,0,0,
results\d5_formal\raw_r1\boot_01\batch_20260919T115114.472802Z_31e50c63.json.gz,20260919T115114.472802Z_31e50c63,4,b7600d17-1e0b-43ba-96cd-edb4c442fe93,d5_b7600d17-1e0b-43ba-96cd-edb4c442fe93_8601_fc49b050,275,test:hiding,rootkit,cpu,role_aggregate,20,128,32,middle,True,True,0,20,40,"{""2"": 20}",0,20,0,0,
results\d5_formal\raw_r1\boot_01\batch_20260919T115123.514751Z_0affca4d.json.gz,20260919T115123.514751Z_0affca4d,4,b7600d17-1e0b-43ba-96cd-edb4c442fe93,d5_b7600d17-1e0b-43ba-96cd-edb4c442fe93_8601_fc49b050,276,test:hiding,rootkit,cpu,role_aggregate,20,128,32,middle,True,True,0,20,40,"{""2"": 20}",0,20,0,0,
results\d5_formal\raw_r1\boot_01\batch_20260919T115132.599798Z_ab8bef3e.json.gz,20260919T115132.599798Z_ab8bef3e,4,b7600d17-1e0b-43ba-96cd-edb4c442fe93,d5_b7600d17-1e0b-43ba-96cd-edb4c442fe93_8601_fc49b050,277,test:hiding,rootkit,cpu,role_aggregate,20,128,32,middle,True,True,0,20,40,"{""2"": 20}",0,20,0,0,
results\d5_formal\raw_r1\boot_01\batch_20260919T115141.798746Z_40fe2b69.json.gz,20260919T115141.798746Z_40fe2b69,4,b7600d17-1e0b-43ba-96cd-edb4c442fe93,d5_b7600d17-1e0b-43ba-96cd-edb4c442fe93_8601_fc49b050,278,test:hiding,rootkit,cpu,role_aggregate,20,128,32,middle,True,True,0,20,40,"{""2"": 20}",0,20,0,0,
results\d5_formal\raw_r1\boot_01\batch_20260919T115150.889831Z_fcc7e322.json.gz,20260919T115150.889831Z_fcc7e322,4,b7600d17-1e0b-43ba-96cd-edb4c442fe93,d5_b7600d17-1e0b-43ba-96cd-edb4c442fe93_8601_fc49b050,279,test:hiding,rootkit,cpu,role_aggregate,20,128,32,middle,True,True,0,20,40,"{""2"": 20}",0,20,0,0,
results\d5_formal\raw_r1\boot_01\batch_20260919T115159.932247Z_5a8db928.json.gz,20260919T115159.932247Z_5a8db928,4,b7600d17-1e0b-43ba-96cd-edb4c442fe93,d5_b7600d17-1e0b-43ba-96cd-edb4c442fe93_8601_fc49b050,280,test:hiding,rootkit,cpu,role_aggregate,20,128,32,middle,True,True,0,20,40,"{""2"": 20}",0,20,0,0,
results\d5_formal\raw_r1\boot_01\batch_20260919T115208.840815Z_2d1abdb0.json.gz,20260919T115208.840815Z_2d1abdb0,4,b7600d17-1e0b-43ba-96cd-edb4c442fe93,d5_b7600d17-1e0b-43ba-96cd-edb4c442fe93_8601_fc49b050,281,test:hiding,rootkit,cpu,role_aggregate,20,128,32,middle,True,True,0,20,40,"{""2"": 20}",0,20,0,0,
results\d5_formal\raw_r1\boot_01\batch_20260919T115218.023784Z_e90aa563.json.gz,20260919T115218.023784Z_e90aa563,4,b7600d17-1e0b-43ba-96cd-edb4c442fe93,d5_b7600d17-1e0b-43ba-96cd-edb4c442fe93_8601_fc49b050,282,test:hiding,rootkit,cpu,role_aggregate,20,128,32,middle,True,True,0,20,40,"{""2"": 20}",0,20,0,0,
results\d5_formal\raw_r1\boot_01\batch_20260919T115227.223921Z_2ae0549d.json.gz,20260919T115227.223921Z_2ae0549d,4,b7600d17-1e0b-43ba-96cd-edb4c442fe93,d5_b7600d17-1e0b-43ba-96cd-edb4c442fe93_8601_fc49b050,283,test:hiding,rootkit,cpu,role_aggregate,20,128,32,middle,True,True,0,20,40,"{""2"": 20}",0,20,0,0,
results\d5_formal\raw_r1\boot_01\batch_20260919T115236.396822Z_7be51bcc.json.gz,20260919T115236.396822Z_7be51bcc,4,b7600d17-1e0b-43ba-96cd-edb4c442fe93,d5_b7600d17-1e0b-43ba-96cd-edb4c442fe93_8601_fc49b050,284,test:hiding,rootkit,cpu,role_aggregate,20,128,32,middle,True,True,0,20,40,"{""2"": 20}",0,20,0,0,
results\d5_formal\raw_r1\boot_01\batch_20260919T115245.764912Z_f19a303f.json.gz,20260919T115245.764912Z_f19a303f,4,b7600d17-1e0b-43ba-96cd-edb4c442fe93,d5_b7600d17-1e0b-43ba-96cd-edb4c442fe93_8601_fc49b050,285,test:hiding,rootkit,cpu,role_aggregate,20,128,32,middle,True,True,0,20,40,"{""2"": 20}",0,20,0,0,
results\d5_formal\raw_r1\boot_01\batch_20260919T115255.099995Z_d0b8c239.json.gz,20260919T115255.099995Z_d0b8c239,4,b7600d17-1e0b-43ba-96cd-edb4c442fe93,d5_b7600d17-1e0b-43ba-96cd-edb4c442fe93_8601_fc49b050,286,test:hiding,rootkit,cpu,role_aggregate,20,128,32,middle,True,True,0,20,40,"{""2"": 20}",0,20,0,0,
results\d5_formal\raw_r1\boot_01\batch_20260919T115304.434845Z_b0e6f84b.json.gz,20260919T115304.434845Z_b0e6f84b,4,b7600d17-1e0b-43ba-96cd-edb4c442fe93,d5_b7600d17-1e0b-43ba-96cd-edb4c442fe93_8601_fc49b050,287,test:hiding,rootkit,cpu,role_aggregate,20,128,32,middle,True,True,0,20,40,"{""2"": 20}",0,20,0,0,
results\d5_formal\raw_r1\boot_01\batch_20260919T115308.431883Z_456eb0c3.json.gz,20260919T115308.431883Z_456eb0c3,4,b7600d17-1e0b-43ba-96cd-edb4c442fe93,d5_b7600d17-1e0b-43ba-96cd-edb4c442fe93_8601_fc49b050,288,test:hiding,rootkit,memory,role_aggregate,20,128,32,middle,True,True,0,20,40,"{""2"": 20}",0,20,0,0,
results\d5_formal\raw_r1\boot_01\batch_20260919T115312.403830Z_e55dd7fa.json.gz,20260919T115312.403830Z_e55dd7fa,4,b7600d17-1e0b-43ba-96cd-edb4c442fe93,d5_b7600d17-1e0b-43ba-96cd-edb4c442fe93_8601_fc49b050,289,test:hiding,rootkit,memory,role_aggregate,20,128,32,middle,True,True,0,20,40,"{""2"": 20}",0,20,0,0,
results\d5_formal\raw_r1\boot_01\batch_20260919T115316.551042Z_7c5a10c6.json.gz,20260919T115316.551042Z_7c5a10c6,4,b7600d17-1e0b-43ba-96cd-edb4c442fe93,d5_b7600d17-1e0b-43ba-96cd-edb4c442fe93_8601_fc49b050,290,test:hiding,rootkit,memory,role_aggregate,20,128,32,middle,True,True,0,20,40,"{""2"": 20}",0,20,0,0,
results\d5_formal\raw_r1\boot_01\batch_20260919T115320.624757Z_135c00ca.json.gz,20260919T115320.624757Z_135c00ca,4,b7600d17-1e0b-43ba-96cd-edb4c442fe93,d5_b7600d17-1e0b-43ba-96cd-edb4c442fe93_8601_fc49b050,291,test:hiding,rootkit,memory,role_aggregate,20,128,32,middle,True,True,0,20,40,"{""2"": 20}",0,20,0,0,
results\d5_formal\raw_r1\boot_01\batch_20260919T115324.610804Z_b7231fc8.json.gz,20260919T115324.610804Z_b7231fc8,4,b7600d17-1e0b-43ba-96cd-edb4c442fe93,d5_b7600d17-1e0b-43ba-96cd-edb4c442fe93_8601_fc49b050,292,test:hiding,rootkit,memory,role_aggregate,20,128,32,middle,True,True,0,20,40,"{""2"": 20}",0,20,0,0,
results\d5_formal\raw_r1\boot_01\batch_20260919T115328.506164Z_d0287a67.json.gz,20260919T115328.506164Z_d0287a67,4,b7600d17-1e0b-43ba-96cd-edb4c442fe93,d5_b7600d17-1e0b-43ba-96cd-edb4c442fe93_8601_fc49b050,293,test:hiding,rootkit,memory,role_aggregate,20,128,32,middle,True,True,0,20,40,"{""2"": 20}",0,20,0,0,
results\d5_formal\raw_r1\boot_01\batch_20260919T115332.431217Z_fe6f99d3.json.gz,20260919T115332.431217Z_fe6f99d3,4,b7600d17-1e0b-43ba-96cd-edb4c442fe93,d5_b7600d17-1e0b-43ba-96cd-edb4c442fe93_8601_fc49b050,294,test:hiding,rootkit,memory,role_aggregate,20,128,32,middle,True,True,0,20,40,"{""2"": 20}",0,20,0,0,
results\d5_formal\raw_r1\boot_01\batch_20260919T115336.478906Z_ad167a32.json.gz,20260919T115336.478906Z_ad167a32,4,b7600d17-1e0b-43ba-96cd-edb4c442fe93,d5_b7600d17-1e0b-43ba-96cd-edb4c442fe93_8601_fc49b050,295,test:hiding,rootkit,memory,role_aggregate,20,128,32,middle,True,True,0,20,40,"{""2"": 20}",0,20,0,0,
results\d5_formal\raw_r1\boot_01\batch_20260919T115340.525137Z_18dbfb52.json.gz,20260919T115340.525137Z_18dbfb52,4,b7600d17-1e0b-43ba-96cd-edb4c442fe93,d5_b7600d17-1e0b-43ba-96cd-edb4c442fe93_8601_fc49b050,296,test:hiding,rootkit,memory,role_aggregate,20,128,32,middle,True,True,0,20,40,"{""2"": 20}",0,20,0,0,
results\d5_formal\raw_r1\boot_01\batch_20260919T115344.465735Z_7cc1e11d.json.gz,20260919T115344.465735Z_7cc1e11d,4,b7600d17-1e0b-43ba-96cd-edb4c442fe93,d5_b7600d17-1e0b-43ba-96cd-edb4c442fe93_8601_fc49b050,297,test:hiding,rootkit,memory,role_aggregate,20,128,32,middle,True,True,0,20,40,"{""2"": 20}",0,20,0,0,
results\d5_formal\raw_r1\boot_01\batch_20260919T115348.463834Z_b8e36210.json.gz,20260919T115348.463834Z_b8e36210,4,b7600d17-1e0b-43ba-96cd-edb4c442fe93,d5_b7600d17-1e0b-43ba-96cd-edb4c442fe93_8601_fc49b050,298,test:hiding,rootkit,memory,role_aggregate,20,128,32,middle,True,True,0,20,40,"{""2"": 20}",0,20,0,0,
results\d5_formal\raw_r1\boot_01\batch_20260919T115352.466236Z_d87f7ab4.json.gz,20260919T115352.466236Z_d87f7ab4,4,b7600d17-1e0b-43ba-96cd-edb4c442fe93,d5_b7600d17-1e0b-43ba-96cd-edb4c442fe93_8601_fc49b050,299,test:hiding,rootkit,memory,role_aggregate,20,128,32,middle,True,True,0,20,40,"{""2"": 20}",0,20,0,0,
results\d5_formal\raw_r1\boot_01\batch_20260919T115356.450985Z_370531e2.json.gz,20260919T115356.450985Z_370531e2,4,b7600d17-1e0b-43ba-96cd-edb4c442fe93,d5_b7600d17-1e0b-43ba-96cd-edb4c442fe93_8601_fc49b050,300,test:hiding,rootkit,memory,role_aggregate,20,128,32,middle,True,True,0,20,40,"{""2"": 20}",0,20,0,0,
results\d5_formal\raw_r1\boot_01\batch_20260919T115400.411011Z_08cb7751.json.gz,20260919T115400.411011Z_08cb7751,4,b7600d17-1e0b-43ba-96cd-edb4c442fe93,d5_b7600d17-1e0b-43ba-96cd-edb4c442fe93_8601_fc49b050,301,test:hiding,rootkit,memory,role_aggregate,20,128,32,middle,True,True,0,20,40,"{""2"": 20}",0,20,0,0,
results\d5_formal\raw_r1\boot_01\batch_20260919T115404.256937Z_1f199cd9.json.gz,20260919T115404.256937Z_1f199cd9,4,b7600d17-1e0b-43ba-96cd-edb4c442fe93,d5_b7600d17-1e0b-43ba-96cd-edb4c442fe93_8601_fc49b050,302,test:hiding,rootkit,memory,role_aggregate,20,128,32,middle,True,True,0,20,40,"{""2"": 20}",0,20,0,0,
results\d5_formal\raw_r1\boot_01\batch_20260919T115408.429203Z_d2025f63.json.gz,20260919T115408.429203Z_d2025f63,4,b7600d17-1e0b-43ba-96cd-edb4c442fe93,d5_b7600d17-1e0b-43ba-96cd-edb4c442fe93_8601_fc49b050,303,test:hiding,rootkit,memory,role_aggregate,20,128,32,middle,True,True,0,20,40,"{""2"": 20}",0,20,0,0,
results\d5_formal\raw_r1\boot_01\batch_20260919T115412.498806Z_92f26d66.json.gz,20260919T115412.498806Z_92f26d66,4,b7600d17-1e0b-43ba-96cd-edb4c442fe93,d5_b7600d17-1e0b-43ba-96cd-edb4c442fe93_8601_fc49b050,304,test:hiding,rootkit,memory,role_aggregate,20,128,32,middle,True,True,0,20,40,"{""2"": 20}",0,20,0,0,
results\d5_formal\raw_r1\boot_01\batch_20260919T115416.679830Z_4db04ca3.json.gz,20260919T115416.679830Z_4db04ca3,4,b7600d17-1e0b-43ba-96cd-edb4c442fe93,d5_b7600d17-1e0b-43ba-96cd-edb4c442fe93_8601_fc49b050,305,test:hiding,rootkit,memory,role_aggregate,20,128,32,middle,True,True,0,20,40,"{""2"": 20}",0,20,0,0,
results\d5_formal\raw_r1\boot_01\batch_20260919T115420.846878Z_faf85f53.json.gz,20260919T115420.846878Z_faf85f53,4,b7600d17-1e0b-43ba-96cd-edb4c442fe93,d5_b7600d17-1e0b-43ba-96cd-edb4c442fe93_8601_fc49b050,306,test:hiding,rootkit,memory,role_aggregate,20,128,32,middle,True,True,0,20,40,"{""2"": 20}",0,20,0,0,
results\d5_formal\raw_r1\boot_01\batch_20260919T115424.963738Z_dcd84e93.json.gz,20260919T115424.963738Z_dcd84e93,4,b7600d17-1e0b-43ba-96cd-edb4c442fe93,d5_b7600d17-1e0b-43ba-96cd-edb4c442fe93_8601_fc49b050,307,test:hiding,rootkit,memory,role_aggregate,20,128,32,middle,True,True,0,20,40,"{""2"": 20}",0,20,0,0,
results\d5_formal\raw_r1\boot_01\batch_20260919T115429.053771Z_05912776.json.gz,20260919T115429.053771Z_05912776,4,b7600d17-1e0b-43ba-96cd-edb4c442fe93,d5_b7600d17-1e0b-43ba-96cd-edb4c442fe93_8601_fc49b050,308,test:hiding,rootkit,memory,role_aggregate,20,128,32,middle,True,True,0,20,40,"{""2"": 20}",0,20,0,0,
results\d5_formal\raw_r1\boot_01\batch_20260919T115433.178324Z_4e294b4f.json.gz,20260919T115433.178324Z_4e294b4f,4,b7600d17-1e0b-43ba-96cd-edb4c442fe93,d5_b7600d17-1e0b-43ba-96cd-edb4c442fe93_8601_fc49b050,309,test:hiding,rootkit,memory,role_aggregate,20,128,32,middle,True,True,0,20,40,"{""2"": 20}",0,20,0,0,
results\d5_formal\raw_r1\boot_01\batch_20260919T115437.427165Z_87c22f52.json.gz,20260919T115437.427165Z_87c22f52,4,b7600d17-1e0b-43ba-96cd-edb4c442fe93,d5_b7600d17-1e0b-43ba-96cd-edb4c442fe93_8601_fc49b050,310,test:hiding,rootkit,memory,role_aggregate,20,128,32,middle,True,True,0,20,40,"{""2"": 20}",0,20,0,0,
results\d5_formal\raw_r1\boot_01\batch_20260919T115441.526217Z_5cca2fa8.json.gz,20260919T115441.526217Z_5cca2fa8,4,b7600d17-1e0b-43ba-96cd-edb4c442fe93,d5_b7600d17-1e0b-43ba-96cd-edb4c442fe93_8601_fc49b050,311,test:hiding,rootkit,memory,role_aggregate,20,128,32,middle,True,True,0,20,40,"{""2"": 20}",0,20,0,0,
results\d5_formal\raw_r1\boot_01\batch_20260919T115445.492958Z_57a57e6f.json.gz,20260919T115445.492958Z_57a57e6f,4,b7600d17-1e0b-43ba-96cd-edb4c442fe93,d5_b7600d17-1e0b-43ba-96cd-edb4c442fe93_8601_fc49b050,312,test:hiding,rootkit,memory,role_aggregate,20,128,32,middle,True,True,0,20,40,"{""2"": 20}",0,20,0,0,
results\d5_formal\raw_r1\boot_01\batch_20260919T115449.580803Z_b6826e0f.json.gz,20260919T115449.580803Z_b6826e0f,4,b7600d17-1e0b-43ba-96cd-edb4c442fe93,d5_b7600d17-1e0b-43ba-96cd-edb4c442fe93_8601_fc49b050,313,test:hiding,rootkit,memory,role_aggregate,20,128,32,middle,True,True,0,20,40,"{""2"": 20}",0,20,0,0,
results\d5_formal\raw_r1\boot_01\batch_20260919T115453.708324Z_47e38c64.json.gz,20260919T115453.708324Z_47e38c64,4,b7600d17-1e0b-43ba-96cd-edb4c442fe93,d5_b7600d17-1e0b-43ba-96cd-edb4c442fe93_8601_fc49b050,314,test:hiding,rootkit,memory,role_aggregate,20,128,32,middle,True,True,0,20,40,"{""2"": 20}",0,20,0,0,
results\d5_formal\raw_r1\boot_01\batch_20260919T115457.782798Z_86954be8.json.gz,20260919T115457.782798Z_86954be8,4,b7600d17-1e0b-43ba-96cd-edb4c442fe93,d5_b7600d17-1e0b-43ba-96cd-edb4c442fe93_8601_fc49b050,315,test:hiding,rootkit,memory,role_aggregate,20,128,32,middle,True,True,0,20,40,"{""2"": 20}",0,20,0,0,
results\d5_formal\raw_r1\boot_01\batch_20260919T115501.877220Z_5c353edb.json.gz,20260919T115501.877220Z_5c353edb,4,b7600d17-1e0b-43ba-96cd-edb4c442fe93,d5_b7600d17-1e0b-43ba-96cd-edb4c442fe93_8601_fc49b050,316,test:hiding,rootkit,memory,role_aggregate,20,128,32,middle,True,True,0,20,40,"{""2"": 20}",0,20,0,0,
results\d5_formal\raw_r1\boot_01\batch_20260919T115505.992943Z_bc9c8c3f.json.gz,20260919T115505.992943Z_bc9c8c3f,4,b7600d17-1e0b-43ba-96cd-edb4c442fe93,d5_b7600d17-1e0b-43ba-96cd-edb4c442fe93_8601_fc49b050,317,test:hiding,rootkit,memory,role_aggregate,20,128,32,middle,True,True,0,20,40,"{""2"": 20}",0,20,0,0,
results\d5_formal\raw_r1\boot_01\batch_20260919T115510.030800Z_8e4b5748.json.gz,20260919T115510.030800Z_8e4b5748,4,b7600d17-1e0b-43ba-96cd-edb4c442fe93,d5_b7600d17-1e0b-43ba-96cd-edb4c442fe93_8601_fc49b050,318,test:hiding,rootkit,memory,role_aggregate,20,128,32,middle,True,True,0,20,40,"{""2"": 20}",0,20,0,0,
results\d5_formal\raw_r1\boot_01\batch_20260919T115514.022922Z_913dd0b1.json.gz,20260919T115514.022922Z_913dd0b1,4,b7600d17-1e0b-43ba-96cd-edb4c442fe93,d5_b7600d17-1e0b-43ba-96cd-edb4c442fe93_8601_fc49b050,319,test:hiding,rootkit,memory,role_aggregate,20,128,32,middle,True,True,0,20,40,"{""2"": 20}",0,20,0,0,
results\d5_formal\raw_r1\boot_01\batch_20260919T115518.019017Z_e04406dd.json.gz,20260919T115518.019017Z_e04406dd,4,b7600d17-1e0b-43ba-96cd-edb4c442fe93,d5_b7600d17-1e0b-43ba-96cd-edb4c442fe93_8601_fc49b050,320,test:hiding,rootkit,memory,role_aggregate,20,128,32,middle,True,True,0,20,40,"{""2"": 20}",0,20,0,0,
results\d5_formal\raw_r1\boot_01\batch_20260919T115521.997113Z_18a72e37.json.gz,20260919T115521.997113Z_18a72e37,4,b7600d17-1e0b-43ba-96cd-edb4c442fe93,d5_b7600d17-1e0b-43ba-96cd-edb4c442fe93_8601_fc49b050,321,test:hiding,rootkit,memory,role_aggregate,20,128,32,middle,True,True,0,20,40,"{""2"": 20}",0,20,0,0,
results\d5_formal\raw_r1\boot_01\batch_20260919T115526.039458Z_59ba3ec9.json.gz,20260919T115526.039458Z_59ba3ec9,4,b7600d17-1e0b-43ba-96cd-edb4c442fe93,d5_b7600d17-1e0b-43ba-96cd-edb4c442fe93_8601_fc49b050,322,test:hiding,rootkit,memory,role_aggregate,20,128,32,middle,True,True,0,20,40,"{""2"": 20}",0,20,0,0,
results\d5_formal\raw_r1\boot_01\batch_20260919T115530.011958Z_a8417665.json.gz,20260919T115530.011958Z_a8417665,4,b7600d17-1e0b-43ba-96cd-edb4c442fe93,d5_b7600d17-1e0b-43ba-96cd-edb4c442fe93_8601_fc49b050,323,test:hiding,rootkit,memory,role_aggregate,20,128,32,middle,True,True,0,20,40,"{""2"": 20}",0,20,0,0,
results\d5_formal\raw_r1\boot_01\batch_20260919T115534.025182Z_d8593818.json.gz,20260919T115534.025182Z_d8593818,4,b7600d17-1e0b-43ba-96cd-edb4c442fe93,d5_b7600d17-1e0b-43ba-96cd-edb4c442fe93_8601_fc49b050,324,test:hiding,rootkit,memory,role_aggregate,20,128,32,middle,True,True,0,20,40,"{""2"": 20}",0,20,0,0,
results\d5_formal\raw_r1\boot_01\batch_20260919T115538.185719Z_838d7382.json.gz,20260919T115538.185719Z_838d7382,4,b7600d17-1e0b-43ba-96cd-edb4c442fe93,d5_b7600d17-1e0b-43ba-96cd-edb4c442fe93_8601_fc49b050,325,test:hiding,rootkit,memory,role_aggregate,20,128,32,middle,True,True,0,20,40,"{""2"": 20}",0,20,0,0,
results\d5_formal\raw_r1\boot_01\batch_20260919T115542.121313Z_b99ae707.json.gz,20260919T115542.121313Z_b99ae707,4,b7600d17-1e0b-43ba-96cd-edb4c442fe93,d5_b7600d17-1e0b-43ba-96cd-edb4c442fe93_8601_fc49b050,326,test:hiding,rootkit,memory,role_aggregate,20,128,32,middle,True,True,0,20,40,"{""2"": 20}",0,20,0,0,
results\d5_formal\raw_r1\boot_01\batch_20260919T115546.105971Z_3383bdcd.json.gz,20260919T115546.105971Z_3383bdcd,4,b7600d17-1e0b-43ba-96cd-edb4c442fe93,d5_b7600d17-1e0b-43ba-96cd-edb4c442fe93_8601_fc49b050,327,test:hiding,rootkit,memory,role_aggregate,20,128,32,middle,True,True,0,20,40,"{""2"": 20}",0,20,0,0,
results\d5_formal\raw_r1\boot_01\batch_20260919T115555.228773Z_1f826a22.json.gz,20260919T115555.228773Z_1f826a22,4,b7600d17-1e0b-43ba-96cd-edb4c442fe93,d5_b7600d17-1e0b-43ba-96cd-edb4c442fe93_8601_fc49b050,328,test:hiding,rootkit,mixed,role_aggregate,20,128,32,middle,True,True,0,20,40,"{""2"": 20}",0,20,0,0,
results\d5_formal\raw_r1\boot_01\batch_20260919T115604.359885Z_223d3117.json.gz,20260919T115604.359885Z_223d3117,4,b7600d17-1e0b-43ba-96cd-edb4c442fe93,d5_b7600d17-1e0b-43ba-96cd-edb4c442fe93_8601_fc49b050,329,test:hiding,rootkit,mixed,role_aggregate,20,128,32,middle,True,True,0,20,40,"{""2"": 20}",0,20,0,0,
results\d5_formal\raw_r1\boot_01\batch_20260919T115613.625797Z_6a82df3c.json.gz,20260919T115613.625797Z_6a82df3c,4,b7600d17-1e0b-43ba-96cd-edb4c442fe93,d5_b7600d17-1e0b-43ba-96cd-edb4c442fe93_8601_fc49b050,330,test:hiding,rootkit,mixed,role_aggregate,20,128,32,middle,True,True,0,20,40,"{""2"": 20}",0,20,0,0,
results\d5_formal\raw_r1\boot_01\batch_20260919T115622.891492Z_6fe6e571.json.gz,20260919T115622.891492Z_6fe6e571,4,b7600d17-1e0b-43ba-96cd-edb4c442fe93,d5_b7600d17-1e0b-43ba-96cd-edb4c442fe93_8601_fc49b050,331,test:hiding,rootkit,mixed,role_aggregate,20,128,32,middle,True,True,0,20,40,"{""2"": 20}",0,20,0,0,
results\d5_formal\raw_r1\boot_01\batch_20260919T115632.085540Z_50c6032a.json.gz,20260919T115632.085540Z_50c6032a,4,b7600d17-1e0b-43ba-96cd-edb4c442fe93,d5_b7600d17-1e0b-43ba-96cd-edb4c442fe93_8601_fc49b050,332,test:hiding,rootkit,mixed,role_aggregate,20,128,32,middle,True,True,0,20,40,"{""2"": 20}",0,20,0,0,
results\d5_formal\raw_r1\boot_01\batch_20260919T115641.362080Z_7726181c.json.gz,20260919T115641.362080Z_7726181c,4,b7600d17-1e0b-43ba-96cd-edb4c442fe93,d5_b7600d17-1e0b-43ba-96cd-edb4c442fe93_8601_fc49b050,333,test:hiding,rootkit,mixed,role_aggregate,20,128,32,middle,True,True,0,20,40,"{""2"": 20}",0,20,0,0,
results\d5_formal\raw_r1\boot_01\batch_20260919T115650.812290Z_0bf8652a.json.gz,20260919T115650.812290Z_0bf8652a,4,b7600d17-1e0b-43ba-96cd-edb4c442fe93,d5_b7600d17-1e0b-43ba-96cd-edb4c442fe93_8601_fc49b050,334,test:hiding,rootkit,mixed,role_aggregate,20,128,32,middle,True,True,0,20,40,"{""2"": 20}",0,20,0,0,
results\d5_formal\raw_r1\boot_01\batch_20260919T115700.026338Z_0c04c3f2.json.gz,20260919T115700.026338Z_0c04c3f2,4,b7600d17-1e0b-43ba-96cd-edb4c442fe93,d5_b7600d17-1e0b-43ba-96cd-edb4c442fe93_8601_fc49b050,335,test:hiding,rootkit,mixed,role_aggregate,20,128,32,middle,True,True,0,20,40,"{""2"": 20}",0,20,0,0,
results\d5_formal\raw_r1\boot_01\batch_20260919T115709.047084Z_713ecfec.json.gz,20260919T115709.047084Z_713ecfec,4,b7600d17-1e0b-43ba-96cd-edb4c442fe93,d5_b7600d17-1e0b-43ba-96cd-edb4c442fe93_8601_fc49b050,336,test:hiding,rootkit,mixed,role_aggregate,20,128,32,middle,True,True,0,20,40,"{""2"": 20}",0,20,0,0,
results\d5_formal\raw_r1\boot_01\batch_20260919T115718.156041Z_22984ba9.json.gz,20260919T115718.156041Z_22984ba9,4,b7600d17-1e0b-43ba-96cd-edb4c442fe93,d5_b7600d17-1e0b-43ba-96cd-edb4c442fe93_8601_fc49b050,337,test:hiding,rootkit,mixed,role_aggregate,20,128,32,middle,True,True,0,20,40,"{""2"": 20}",0,20,0,0,
results\d5_formal\raw_r1\boot_01\batch_20260919T115727.203810Z_a700cb1f.json.gz,20260919T115727.203810Z_a700cb1f,4,b7600d17-1e0b-43ba-96cd-edb4c442fe93,d5_b7600d17-1e0b-43ba-96cd-edb4c442fe93_8601_fc49b050,338,test:hiding,rootkit,mixed,role_aggregate,20,128,32,middle,True,True,0,20,40,"{""2"": 20}",0,20,0,0,
results\d5_formal\raw_r1\boot_01\batch_20260919T115736.353878Z_8952a18b.json.gz,20260919T115736.353878Z_8952a18b,4,b7600d17-1e0b-43ba-96cd-edb4c442fe93,d5_b7600d17-1e0b-43ba-96cd-edb4c442fe93_8601_fc49b050,339,test:hiding,rootkit,mixed,role_aggregate,20,128,32,middle,True,True,0,20,40,"{""2"": 20}",0,20,0,0,
results\d5_formal\raw_r1\boot_01\batch_20260919T115745.486816Z_5491c7b3.json.gz,20260919T115745.486816Z_5491c7b3,4,b7600d17-1e0b-43ba-96cd-edb4c442fe93,d5_b7600d17-1e0b-43ba-96cd-edb4c442fe93_8601_fc49b050,340,test:hiding,rootkit,mixed,role_aggregate,20,128,32,middle,True,True,0,20,40,"{""2"": 20}",0,20,0,0,
results\d5_formal\raw_r1\boot_01\batch_20260919T115754.564887Z_a905f1f0.json.gz,20260919T115754.564887Z_a905f1f0,4,b7600d17-1e0b-43ba-96cd-edb4c442fe93,d5_b7600d17-1e0b-43ba-96cd-edb4c442fe93_8601_fc49b050,341,test:hiding,rootkit,mixed,role_aggregate,20,128,32,middle,True,True,0,20,40,"{""2"": 20}",0,20,0,0,
results\d5_formal\raw_r1\boot_01\batch_20260919T115803.616891Z_df9834f2.json.gz,20260919T115803.616891Z_df9834f2,4,b7600d17-1e0b-43ba-96cd-edb4c442fe93,d5_b7600d17-1e0b-43ba-96cd-edb4c442fe93_8601_fc49b050,342,test:hiding,rootkit,mixed,role_aggregate,20,128,32,middle,True,True,0,20,40,"{""2"": 20}",0,20,0,0,
results\d5_formal\raw_r1\boot_01\batch_20260919T115812.822951Z_a2d6ba38.json.gz,20260919T115812.822951Z_a2d6ba38,4,b7600d17-1e0b-43ba-96cd-edb4c442fe93,d5_b7600d17-1e0b-43ba-96cd-edb4c442fe93_8601_fc49b050,343,test:hiding,rootkit,mixed,role_aggregate,20,128,32,middle,True,True,0,20,40,"{""2"": 20}",0,20,0,0,
results\d5_formal\raw_r1\boot_01\batch_20260919T115822.176791Z_df11d139.json.gz,20260919T115822.176791Z_df11d139,4,b7600d17-1e0b-43ba-96cd-edb4c442fe93,d5_b7600d17-1e0b-43ba-96cd-edb4c442fe93_8601_fc49b050,344,test:hiding,rootkit,mixed,role_aggregate,20,128,32,middle,True,True,0,20,40,"{""2"": 20}",0,20,0,0,
results\d5_formal\raw_r1\boot_01\batch_20260919T115831.525344Z_2fc16b8e.json.gz,20260919T115831.525344Z_2fc16b8e,4,b7600d17-1e0b-43ba-96cd-edb4c442fe93,d5_b7600d17-1e0b-43ba-96cd-edb4c442fe93_8601_fc49b050,345,test:hiding,rootkit,mixed,role_aggregate,20,128,32,middle,True,True,0,20,40,"{""2"": 20}",0,20,0,0,
results\d5_formal\raw_r1\boot_01\batch_20260919T115840.893139Z_41a93af1.json.gz,20260919T115840.893139Z_41a93af1,4,b7600d17-1e0b-43ba-96cd-edb4c442fe93,d5_b7600d17-1e0b-43ba-96cd-edb4c442fe93_8601_fc49b050,346,test:hiding,rootkit,mixed,role_aggregate,20,128,32,middle,True,True,0,20,40,"{""2"": 20}",0,20,0,0,
results\d5_formal\raw_r1\boot_01\batch_20260919T115850.155867Z_41a2b123.json.gz,20260919T115850.155867Z_41a2b123,4,b7600d17-1e0b-43ba-96cd-edb4c442fe93,d5_b7600d17-1e0b-43ba-96cd-edb4c442fe93_8601_fc49b050,347,test:hiding,rootkit,mixed,role_aggregate,20,128,32,middle,True,True,0,20,40,"{""2"": 20}",0,20,0,0,
results\d5_formal\raw_r1\boot_01\batch_20260919T115859.403788Z_9b40a811.json.gz,20260919T115859.403788Z_9b40a811,4,b7600d17-1e0b-43ba-96cd-edb4c442fe93,d5_b7600d17-1e0b-43ba-96cd-edb4c442fe93_8601_fc49b050,348,test:hiding,rootkit,mixed,role_aggregate,20,128,32,middle,True,True,0,20,40,"{""2"": 20}",0,20,0,0,
results\d5_formal\raw_r1\boot_01\batch_20260919T115908.670334Z_6d7dee7a.json.gz,20260919T115908.670334Z_6d7dee7a,4,b7600d17-1e0b-43ba-96cd-edb4c442fe93,d5_b7600d17-1e0b-43ba-96cd-edb4c442fe93_8601_fc49b050,349,test:hiding,rootkit,mixed,role_aggregate,20,128,32,middle,True,True,0,20,40,"{""2"": 20}",0,20,0,0,
results\d5_formal\raw_r1\boot_01\batch_20260919T115917.759958Z_48cc4454.json.gz,20260919T115917.759958Z_48cc4454,4,b7600d17-1e0b-43ba-96cd-edb4c442fe93,d5_b7600d17-1e0b-43ba-96cd-edb4c442fe93_8601_fc49b050,350,test:hiding,rootkit,mixed,role_aggregate,20,128,32,middle,True,True,0,20,40,"{""2"": 20}",0,20,0,0,
results\d5_formal\raw_r1\boot_01\batch_20260919T115926.843879Z_3bccfcc8.json.gz,20260919T115926.843879Z_3bccfcc8,4,b7600d17-1e0b-43ba-96cd-edb4c442fe93,d5_b7600d17-1e0b-43ba-96cd-edb4c442fe93_8601_fc49b050,351,test:hiding,rootkit,mixed,role_aggregate,20,128,32,middle,True,True,0,20,40,"{""2"": 20}",0,20,0,0,
results\d5_formal\raw_r1\boot_01\batch_20260919T115935.983087Z_a6321b77.json.gz,20260919T115935.983087Z_a6321b77,4,b7600d17-1e0b-43ba-96cd-edb4c442fe93,d5_b7600d17-1e0b-43ba-96cd-edb4c442fe93_8601_fc49b050,352,test:hiding,rootkit,mixed,role_aggregate,20,128,32,middle,True,True,0,20,40,"{""2"": 20}",0,20,0,0,
results\d5_formal\raw_r1\boot_01\batch_20260919T115945.087738Z_c24b62f5.json.gz,20260919T115945.087738Z_c24b62f5,4,b7600d17-1e0b-43ba-96cd-edb4c442fe93,d5_b7600d17-1e0b-43ba-96cd-edb4c442fe93_8601_fc49b050,353,test:hiding,rootkit,mixed,role_aggregate,20,128,32,middle,True,True,0,20,40,"{""2"": 20}",0,20,0,0,
results\d5_formal\raw_r1\boot_01\batch_20260919T115954.153998Z_f6fa0f99.json.gz,20260919T115954.153998Z_f6fa0f99,4,b7600d17-1e0b-43ba-96cd-edb4c442fe93,d5_b7600d17-1e0b-43ba-96cd-edb4c442fe93_8601_fc49b050,354,test:hiding,rootkit,mixed,role_aggregate,20,128,32,middle,True,True,0,20,40,"{""2"": 20}",0,20,0,0,
results\d5_formal\raw_r1\boot_01\batch_20260919T120003.251065Z_0649eae3.json.gz,20260919T120003.251065Z_0649eae3,4,b7600d17-1e0b-43ba-96cd-edb4c442fe93,d5_b7600d17-1e0b-43ba-96cd-edb4c442fe93_8601_fc49b050,355,test:hiding,rootkit,mixed,role_aggregate,20,128,32,middle,True,True,0,20,40,"{""2"": 20}",0,20,0,0,
results\d5_formal\raw_r1\boot_01\batch_20260919T120012.599890Z_fe1db3d5.json.gz,20260919T120012.599890Z_fe1db3d5,4,b7600d17-1e0b-43ba-96cd-edb4c442fe93,d5_b7600d17-1e0b-43ba-96cd-edb4c442fe93_8601_fc49b050,356,test:hiding,rootkit,mixed,role_aggregate,20,128,32,middle,True,True,0,20,40,"{""2"": 20}",0,20,0,0,
results\d5_formal\raw_r1\boot_01\batch_20260919T120021.883007Z_64c0100b.json.gz,20260919T120021.883007Z_64c0100b,4,b7600d17-1e0b-43ba-96cd-edb4c442fe93,d5_b7600d17-1e0b-43ba-96cd-edb4c442fe93_8601_fc49b050,357,test:hiding,rootkit,mixed,role_aggregate,20,128,32,middle,True,True,0,20,40,"{""2"": 20}",0,20,0,0,
results\d5_formal\raw_r1\boot_01\batch_20260919T120031.102857Z_d5ae2e07.json.gz,20260919T120031.102857Z_d5ae2e07,4,b7600d17-1e0b-43ba-96cd-edb4c442fe93,d5_b7600d17-1e0b-43ba-96cd-edb4c442fe93_8601_fc49b050,358,test:hiding,rootkit,mixed,role_aggregate,20,128,32,middle,True,True,0,20,40,"{""2"": 20}",0,20,0,0,
results\d5_formal\raw_r1\boot_01\batch_20260919T120040.326872Z_1b1f9e40.json.gz,20260919T120040.326872Z_1b1f9e40,4,b7600d17-1e0b-43ba-96cd-edb4c442fe93,d5_b7600d17-1e0b-43ba-96cd-edb4c442fe93_8601_fc49b050,359,test:hiding,rootkit,mixed,role_aggregate,20,128,32,middle,True,True,0,20,40,"{""2"": 20}",0,20,0,0,
results\d5_formal\raw_r1\boot_01\batch_20260919T120049.588185Z_c1b37c92.json.gz,20260919T120049.588185Z_c1b37c92,4,b7600d17-1e0b-43ba-96cd-edb4c442fe93,d5_b7600d17-1e0b-43ba-96cd-edb4c442fe93_8601_fc49b050,360,test:hiding,rootkit,mixed,role_aggregate,20,128,32,middle,True,True,0,20,40,"{""2"": 20}",0,20,0,0,
results\d5_formal\raw_r1\boot_01\batch_20260919T120058.732909Z_f7172db5.json.gz,20260919T120058.732909Z_f7172db5,4,b7600d17-1e0b-43ba-96cd-edb4c442fe93,d5_b7600d17-1e0b-43ba-96cd-edb4c442fe93_8601_fc49b050,361,test:hiding,rootkit,mixed,role_aggregate,20,128,32,middle,True,True,0,20,40,"{""2"": 20}",0,20,0,0,
results\d5_formal\raw_r1\boot_01\batch_20260919T120107.999256Z_1f825885.json.gz,20260919T120107.999256Z_1f825885,4,b7600d17-1e0b-43ba-96cd-edb4c442fe93,d5_b7600d17-1e0b-43ba-96cd-edb4c442fe93_8601_fc49b050,362,test:hiding,rootkit,mixed,role_aggregate,20,128,32,middle,True,True,0,20,40,"{""2"": 20}",0,20,0,0,
results\d5_formal\raw_r1\boot_01\batch_20260919T120117.152827Z_15002e83.json.gz,20260919T120117.152827Z_15002e83,4,b7600d17-1e0b-43ba-96cd-edb4c442fe93,d5_b7600d17-1e0b-43ba-96cd-edb4c442fe93_8601_fc49b050,363,test:hiding,rootkit,mixed,role_aggregate,20,128,32,middle,True,True,0,20,40,"{""2"": 20}",0,20,0,0,
results\d5_formal\raw_r1\boot_01\batch_20260919T120126.294884Z_1617e17b.json.gz,20260919T120126.294884Z_1617e17b,4,b7600d17-1e0b-43ba-96cd-edb4c442fe93,d5_b7600d17-1e0b-43ba-96cd-edb4c442fe93_8601_fc49b050,364,test:hiding,rootkit,mixed,role_aggregate,20,128,32,middle,True,True,0,20,40,"{""2"": 20}",0,20,0,0,
results\d5_formal\raw_r1\boot_01\batch_20260919T120135.372090Z_9b63e9bf.json.gz,20260919T120135.372090Z_9b63e9bf,4,b7600d17-1e0b-43ba-96cd-edb4c442fe93,d5_b7600d17-1e0b-43ba-96cd-edb4c442fe93_8601_fc49b050,365,test:hiding,rootkit,mixed,role_aggregate,20,128,32,middle,True,True,0,20,40,"{""2"": 20}",0,20,0,0,
results\d5_formal\raw_r1\boot_01\batch_20260919T120144.555040Z_fc4fb655.json.gz,20260919T120144.555040Z_fc4fb655,4,b7600d17-1e0b-43ba-96cd-edb4c442fe93,d5_b7600d17-1e0b-43ba-96cd-edb4c442fe93_8601_fc49b050,366,test:hiding,rootkit,mixed,role_aggregate,20,128,32,middle,True,True,0,20,40,"{""2"": 20}",0,20,0,0,
results\d5_formal\raw_r1\boot_01\batch_20260919T120153.673267Z_f43c1e93.json.gz,20260919T120153.673267Z_f43c1e93,4,b7600d17-1e0b-43ba-96cd-edb4c442fe93,d5_b7600d17-1e0b-43ba-96cd-edb4c442fe93_8601_fc49b050,367,test:hiding,rootkit,mixed,role_aggregate,20,128,32,middle,True,True,0,20,40,"{""2"": 20}",0,20,0,0,
results\d5_formal\raw_r1\boot_01\batch_20260919T120156.641305Z_6d114a46.json.gz,20260919T120156.641305Z_6d114a46,4,b7600d17-1e0b-43ba-96cd-edb4c442fe93,d5_b7600d17-1e0b-43ba-96cd-edb4c442fe93_8601_fc49b050,368,test:unloaded,normal,baseline,role_aggregate,20,128,32,middle,True,True,0,20,40,"{""2"": 20}",0,20,0,20,129
results\d5_formal\raw_r1\boot_01\batch_20260919T120158.903006Z_0b91bc8b.json.gz,20260919T120158.903006Z_0b91bc8b,4,b7600d17-1e0b-43ba-96cd-edb4c442fe93,d5_b7600d17-1e0b-43ba-96cd-edb4c442fe93_8601_fc49b050,369,test:unloaded,normal,baseline,role_aggregate,20,128,32,middle,True,True,0,20,40,"{""2"": 20}",0,20,0,20,129
results\d5_formal\raw_r1\boot_01\batch_20260919T120201.253934Z_332cacb4.json.gz,20260919T120201.253934Z_332cacb4,4,b7600d17-1e0b-43ba-96cd-edb4c442fe93,d5_b7600d17-1e0b-43ba-96cd-edb4c442fe93_8601_fc49b050,370,test:unloaded,normal,baseline,role_aggregate,20,128,32,middle,True,True,0,20,40,"{""2"": 20}",0,20,0,20,129
results\d5_formal\raw_r1\boot_01\batch_20260919T120203.546902Z_de87ceb4.json.gz,20260919T120203.546902Z_de87ceb4,4,b7600d17-1e0b-43ba-96cd-edb4c442fe93,d5_b7600d17-1e0b-43ba-96cd-edb4c442fe93_8601_fc49b050,371,test:unloaded,normal,baseline,role_aggregate,20,128,32,middle,True,True,0,20,40,"{""2"": 20}",0,20,0,20,129
results\d5_formal\raw_r1\boot_01\batch_20260919T120205.919750Z_6b000079.json.gz,20260919T120205.919750Z_6b000079,4,b7600d17-1e0b-43ba-96cd-edb4c442fe93,d5_b7600d17-1e0b-43ba-96cd-edb4c442fe93_8601_fc49b050,372,test:unloaded,normal,baseline,role_aggregate,20,128,32,middle,True,True,0,20,40,"{""2"": 20}",0,20,0,20,129
results\d5_formal\raw_r1\boot_01\batch_20260919T120208.379774Z_c72b3ef4.json.gz,20260919T120208.379774Z_c72b3ef4,4,b7600d17-1e0b-43ba-96cd-edb4c442fe93,d5_b7600d17-1e0b-43ba-96cd-edb4c442fe93_8601_fc49b050,373,test:unloaded,normal,baseline,role_aggregate,20,128,32,middle,True,True,0,20,40,"{""2"": 20}",0,20,0,20,129
results\d5_formal\raw_r1\boot_01\batch_20260919T120210.727234Z_05cd48e3.json.gz,20260919T120210.727234Z_05cd48e3,4,b7600d17-1e0b-43ba-96cd-edb4c442fe93,d5_b7600d17-1e0b-43ba-96cd-edb4c442fe93_8601_fc49b050,374,test:unloaded,normal,baseline,role_aggregate,20,128,32,middle,True,True,0,20,40,"{""2"": 20}",0,20,0,20,129
results\d5_formal\raw_r1\boot_01\batch_20260919T120213.150829Z_cc3d4005.json.gz,20260919T120213.150829Z_cc3d4005,4,b7600d17-1e0b-43ba-96cd-edb4c442fe93,d5_b7600d17-1e0b-43ba-96cd-edb4c442fe93_8601_fc49b050,375,test:unloaded,normal,baseline,role_aggregate,20,128,32,middle,True,True,0,20,40,"{""2"": 20}",0,20,0,20,129
results\d5_formal\raw_r1\boot_01\batch_20260919T120215.571324Z_f9826637.json.gz,20260919T120215.571324Z_f9826637,4,b7600d17-1e0b-43ba-96cd-edb4c442fe93,d5_b7600d17-1e0b-43ba-96cd-edb4c442fe93_8601_fc49b050,376,test:unloaded,normal,baseline,role_aggregate,20,128,32,middle,True,True,0,20,40,"{""2"": 20}",0,20,0,20,129
results\d5_formal\raw_r1\boot_01\batch_20260919T120218.017195Z_e7d089c4.json.gz,20260919T120218.017195Z_e7d089c4,4,b7600d17-1e0b-43ba-96cd-edb4c442fe93,d5_b7600d17-1e0b-43ba-96cd-edb4c442fe93_8601_fc49b050,377,test:unloaded,normal,baseline,role_aggregate,20,128,32,middle,True,True,0,20,40,"{""2"": 20}",0,20,0,20,129
results\d5_formal\raw_r1\boot_01\batch_20260919T120220.437222Z_ebf85bb7.json.gz,20260919T120220.437222Z_ebf85bb7,4,b7600d17-1e0b-43ba-96cd-edb4c442fe93,d5_b7600d17-1e0b-43ba-96cd-edb4c442fe93_8601_fc49b050,378,test:unloaded,normal,baseline,role_aggregate,20,128,32,middle,True,True,0,20,40,"{""2"": 20}",0,20,0,20,129
results\d5_formal\raw_r1\boot_01\batch_20260919T120222.847313Z_8bfddff5.json.gz,20260919T120222.847313Z_8bfddff5,4,b7600d17-1e0b-43ba-96cd-edb4c442fe93,d5_b7600d17-1e0b-43ba-96cd-edb4c442fe93_8601_fc49b050,379,test:unloaded,normal,baseline,role_aggregate,20,128,32,middle,True,True,0,20,40,"{""2"": 20}",0,20,0,20,129
results\d5_formal\raw_r1\boot_01\batch_20260919T120225.338830Z_c95b8832.json.gz,20260919T120225.338830Z_c95b8832,4,b7600d17-1e0b-43ba-96cd-edb4c442fe93,d5_b7600d17-1e0b-43ba-96cd-edb4c442fe93_8601_fc49b050,380,test:unloaded,normal,baseline,role_aggregate,20,128,32,middle,True,True,0,20,40,"{""2"": 20}",0,20,0,20,129
results\d5_formal\raw_r1\boot_01\batch_20260919T120227.861840Z_f680fb7e.json.gz,20260919T120227.861840Z_f680fb7e,4,b7600d17-1e0b-43ba-96cd-edb4c442fe93,d5_b7600d17-1e0b-43ba-96cd-edb4c442fe93_8601_fc49b050,381,test:unloaded,normal,baseline,role_aggregate,20,128,32,middle,True,True,0,20,40,"{""2"": 20}",0,20,0,20,129
results\d5_formal\raw_r1\boot_01\batch_20260919T120230.319856Z_f010c1a5.json.gz,20260919T120230.319856Z_f010c1a5,4,b7600d17-1e0b-43ba-96cd-edb4c442fe93,d5_b7600d17-1e0b-43ba-96cd-edb4c442fe93_8601_fc49b050,382,test:unloaded,normal,baseline,role_aggregate,20,128,32,middle,True,True,0,20,40,"{""2"": 20}",0,20,0,20,129
results\d5_formal\raw_r1\boot_01\batch_20260919T120232.754852Z_72771a03.json.gz,20260919T120232.754852Z_72771a03,4,b7600d17-1e0b-43ba-96cd-edb4c442fe93,d5_b7600d17-1e0b-43ba-96cd-edb4c442fe93_8601_fc49b050,383,test:unloaded,normal,baseline,role_aggregate,20,128,32,middle,True,True,0,20,40,"{""2"": 20}",0,20,0,20,129
results\d5_formal\raw_r1\boot_01\batch_20260919T120235.387780Z_e9c826b1.json.gz,20260919T120235.387780Z_e9c826b1,4,b7600d17-1e0b-43ba-96cd-edb4c442fe93,d5_b7600d17-1e0b-43ba-96cd-edb4c442fe93_8601_fc49b050,384,test:unloaded,normal,baseline,role_aggregate,20,128,32,middle,True,True,0,20,40,"{""2"": 20}",0,20,0,20,129
results\d5_formal\raw_r1\boot_01\batch_20260919T120237.829096Z_20d2d851.json.gz,20260919T120237.829096Z_20d2d851,4,b7600d17-1e0b-43ba-96cd-edb4c442fe93,d5_b7600d17-1e0b-43ba-96cd-edb4c442fe93_8601_fc49b050,385,test:unloaded,normal,baseline,role_aggregate,20,128,32,middle,True,True,0,20,40,"{""2"": 20}",0,20,0,20,129
results\d5_formal\raw_r1\boot_01\batch_20260919T120240.380926Z_c3310ac6.json.gz,20260919T120240.380926Z_c3310ac6,4,b7600d17-1e0b-43ba-96cd-edb4c442fe93,d5_b7600d17-1e0b-43ba-96cd-edb4c442fe93_8601_fc49b050,386,test:unloaded,normal,baseline,role_aggregate,20,128,32,middle,True,True,0,20,40,"{""2"": 20}",0,20,0,20,129
results\d5_formal\raw_r1\boot_01\batch_20260919T120242.847781Z_729c6f07.json.gz,20260919T120242.847781Z_729c6f07,4,b7600d17-1e0b-43ba-96cd-edb4c442fe93,d5_b7600d17-1e0b-43ba-96cd-edb4c442fe93_8601_fc49b050,387,test:unloaded,normal,baseline,role_aggregate,20,128,32,middle,True,True,0,20,40,"{""2"": 20}",0,20,0,20,129
results\d5_formal\raw_r1\boot_01\batch_20260919T120245.529882Z_678bb169.json.gz,20260919T120245.529882Z_678bb169,4,b7600d17-1e0b-43ba-96cd-edb4c442fe93,d5_b7600d17-1e0b-43ba-96cd-edb4c442fe93_8601_fc49b050,388,test:sham,normal,baseline,role_aggregate,20,128,32,middle,True,True,0,20,40,"{""2"": 20}",0,20,0,20,129
results\d5_formal\raw_r1\boot_01\batch_20260919T120248.886243Z_67b2659c.json.gz,20260919T120248.886243Z_67b2659c,4,b7600d17-1e0b-43ba-96cd-edb4c442fe93,d5_b7600d17-1e0b-43ba-96cd-edb4c442fe93_8601_fc49b050,389,test:sham,normal,baseline,role_aggregate,20,128,32,middle,True,True,0,20,40,"{""2"": 20}",0,20,0,20,129
results\d5_formal\raw_r1\boot_01\batch_20260919T120251.646007Z_64ce46b0.json.gz,20260919T120251.646007Z_64ce46b0,4,b7600d17-1e0b-43ba-96cd-edb4c442fe93,d5_b7600d17-1e0b-43ba-96cd-edb4c442fe93_8601_fc49b050,390,test:sham,normal,baseline,role_aggregate,20,128,32,middle,True,True,0,20,40,"{""2"": 20}",0,20,0,20,129
results\d5_formal\raw_r1\boot_01\batch_20260919T120254.187810Z_7cd4dfad.json.gz,20260919T120254.187810Z_7cd4dfad,4,b7600d17-1e0b-43ba-96cd-edb4c442fe93,d5_b7600d17-1e0b-43ba-96cd-edb4c442fe93_8601_fc49b050,391,test:sham,normal,baseline,role_aggregate,20,128,32,middle,True,True,0,20,40,"{""2"": 20}",0,20,0,20,129
results\d5_formal\raw_r1\boot_01\batch_20260919T120256.653590Z_db2f6c47.json.gz,20260919T120256.653590Z_db2f6c47,4,b7600d17-1e0b-43ba-96cd-edb4c442fe93,d5_b7600d17-1e0b-43ba-96cd-edb4c442fe93_8601_fc49b050,392,test:sham,normal,baseline,role_aggregate,20,128,32,middle,True,True,0,20,40,"{""2"": 20}",0,20,0,20,129
results\d5_formal\raw_r1\boot_01\batch_20260919T120259.299879Z_edd335a3.json.gz,20260919T120259.299879Z_edd335a3,4,b7600d17-1e0b-43ba-96cd-edb4c442fe93,d5_b7600d17-1e0b-43ba-96cd-edb4c442fe93_8601_fc49b050,393,test:sham,normal,baseline,role_aggregate,20,128,32,middle,True,True,0,20,40,"{""2"": 20}",0,20,0,20,129
results\d5_formal\raw_r1\boot_01\batch_20260919T120302.107973Z_379a57a0.json.gz,20260919T120302.107973Z_379a57a0,4,b7600d17-1e0b-43ba-96cd-edb4c442fe93,d5_b7600d17-1e0b-43ba-96cd-edb4c442fe93_8601_fc49b050,394,test:sham,normal,baseline,role_aggregate,20,128,32,middle,True,True,0,20,40,"{""2"": 20}",0,20,0,20,129
results\d5_formal\raw_r1\boot_01\batch_20260919T120304.518869Z_e74998c5.json.gz,20260919T120304.518869Z_e74998c5,4,b7600d17-1e0b-43ba-96cd-edb4c442fe93,d5_b7600d17-1e0b-43ba-96cd-edb4c442fe93_8601_fc49b050,395,test:sham,normal,baseline,role_aggregate,20,128,32,middle,True,True,0,20,40,"{""2"": 20}",0,20,0,20,129
results\d5_formal\raw_r1\boot_01\batch_20260919T120306.840355Z_a1b4fe54.json.gz,20260919T120306.840355Z_a1b4fe54,4,b7600d17-1e0b-43ba-96cd-edb4c442fe93,d5_b7600d17-1e0b-43ba-96cd-edb4c442fe93_8601_fc49b050,396,test:sham,normal,baseline,role_aggregate,20,128,32,middle,True,True,0,20,40,"{""2"": 20}",0,20,0,20,129
results\d5_formal\raw_r1\boot_01\batch_20260919T120309.259853Z_1e7aa5f8.json.gz,20260919T120309.259853Z_1e7aa5f8,4,b7600d17-1e0b-43ba-96cd-edb4c442fe93,d5_b7600d17-1e0b-43ba-96cd-edb4c442fe93_8601_fc49b050,397,test:sham,normal,baseline,role_aggregate,20,128,32,middle,True,True,0,20,40,"{""2"": 20}",0,20,0,20,129
results\d5_formal\raw_r1\boot_01\batch_20260919T120317.592845Z_6d28257e.json.gz,20260919T120317.592845Z_6d28257e,4,b7600d17-1e0b-43ba-96cd-edb4c442fe93,d5_b7600d17-1e0b-43ba-96cd-edb4c442fe93_8601_fc49b050,398,test:sham,normal,cpu,role_aggregate,20,128,32,middle,True,True,0,20,40,"{""2"": 20}",0,20,0,20,129
results\d5_formal\raw_r1\boot_01\batch_20260919T120326.347563Z_cc7f6bbe.json.gz,20260919T120326.347563Z_cc7f6bbe,4,b7600d17-1e0b-43ba-96cd-edb4c442fe93,d5_b7600d17-1e0b-43ba-96cd-edb4c442fe93_8601_fc49b050,399,test:sham,normal,cpu,role_aggregate,20,128,32,middle,True,True,0,20,40,"{""2"": 20}",0,20,0,20,129
results\d5_formal\raw_r1\boot_01\batch_20260919T120334.659114Z_19a05bab.json.gz,20260919T120334.659114Z_19a05bab,4,b7600d17-1e0b-43ba-96cd-edb4c442fe93,d5_b7600d17-1e0b-43ba-96cd-edb4c442fe93_8601_fc49b050,400,test:sham,normal,cpu,role_aggregate,20,128,32,middle,True,True,0,20,40,"{""2"": 20}",0,20,0,20,129
results\d5_formal\raw_r1\boot_01\batch_20260919T120343.316149Z_0bfc0f04.json.gz,20260919T120343.316149Z_0bfc0f04,4,b7600d17-1e0b-43ba-96cd-edb4c442fe93,d5_b7600d17-1e0b-43ba-96cd-edb4c442fe93_8601_fc49b050,401,test:sham,normal,cpu,role_aggregate,20,128,32,middle,True,True,0,20,40,"{""2"": 20}",0,20,0,20,129
results\d5_formal\raw_r1\boot_01\batch_20260919T120351.872920Z_487cd3b4.json.gz,20260919T120351.872920Z_487cd3b4,4,b7600d17-1e0b-43ba-96cd-edb4c442fe93,d5_b7600d17-1e0b-43ba-96cd-edb4c442fe93_8601_fc49b050,402,test:sham,normal,cpu,role_aggregate,20,128,32,middle,True,True,0,20,40,"{""2"": 20}",0,20,0,20,129
results\d5_formal\raw_r1\boot_01\batch_20260919T120400.387180Z_b460f4fa.json.gz,20260919T120400.387180Z_b460f4fa,4,b7600d17-1e0b-43ba-96cd-edb4c442fe93,d5_b7600d17-1e0b-43ba-96cd-edb4c442fe93_8601_fc49b050,403,test:sham,normal,cpu,role_aggregate,20,128,32,middle,True,True,0,20,40,"{""2"": 20}",0,20,0,20,129
results\d5_formal\raw_r1\boot_01\batch_20260919T120408.960813Z_a94ac25e.json.gz,20260919T120408.960813Z_a94ac25e,4,b7600d17-1e0b-43ba-96cd-edb4c442fe93,d5_b7600d17-1e0b-43ba-96cd-edb4c442fe93_8601_fc49b050,404,test:sham,normal,cpu,role_aggregate,20,128,32,middle,True,True,0,20,40,"{""2"": 20}",0,20,0,20,129
results\d5_formal\raw_r1\boot_01\batch_20260919T120417.602864Z_db65348a.json.gz,20260919T120417.602864Z_db65348a,4,b7600d17-1e0b-43ba-96cd-edb4c442fe93,d5_b7600d17-1e0b-43ba-96cd-edb4c442fe93_8601_fc49b050,405,test:sham,normal,cpu,role_aggregate,20,128,32,middle,True,True,0,20,40,"{""2"": 20}",0,20,0,20,129
results\d5_formal\raw_r1\boot_01\batch_20260919T120426.194245Z_8d06dcab.json.gz,20260919T120426.194245Z_8d06dcab,4,b7600d17-1e0b-43ba-96cd-edb4c442fe93,d5_b7600d17-1e0b-43ba-96cd-edb4c442fe93_8601_fc49b050,406,test:sham,normal,cpu,role_aggregate,20,128,32,middle,True,True,0,20,40,"{""2"": 20}",0,20,0,20,129
results\d5_formal\raw_r1\boot_01\batch_20260919T120434.760893Z_1f0ce7c2.json.gz,20260919T120434.760893Z_1f0ce7c2,4,b7600d17-1e0b-43ba-96cd-edb4c442fe93,d5_b7600d17-1e0b-43ba-96cd-edb4c442fe93_8601_fc49b050,407,test:sham,normal,cpu,role_aggregate,20,128,32,middle,True,True,0,20,40,"{""2"": 20}",0,20,0,20,129
results\d5_formal\raw_r1\boot_02\batch_20260919T120503.215747Z_2bc6b674.json.gz,20260919T120503.215747Z_2bc6b674,4,d9aa7d65-0706-41a8-86e5-68d32ab33683,d5_d9aa7d65-0706-41a8-86e5-68d32ab33683_8602_b5a9f638,0,calibration:sham,normal,cpu,role_aggregate,20,128,32,middle,True,True,0,20,40,"{""2"": 20}",0,20,0,20,129
results\d5_formal\raw_r1\boot_02\batch_20260919T120505.788768Z_3d13c7a3.json.gz,20260919T120505.788768Z_3d13c7a3,4,d9aa7d65-0706-41a8-86e5-68d32ab33683,d5_d9aa7d65-0706-41a8-86e5-68d32ab33683_8602_b5a9f638,1,calibration:unloaded,normal,baseline,role_aggregate,20,128,32,middle,True,True,0,20,40,"{""2"": 20}",0,20,0,20,129
results\d5_formal\raw_r1\boot_02\batch_20260919T120508.155613Z_fb48169f.json.gz,20260919T120508.155613Z_fb48169f,4,d9aa7d65-0706-41a8-86e5-68d32ab33683,d5_d9aa7d65-0706-41a8-86e5-68d32ab33683_8602_b5a9f638,2,calibration:unloaded,normal,baseline,role_aggregate,20,128,32,middle,True,True,0,20,40,"{""2"": 20}",0,20,0,20,129
results\d5_formal\raw_r1\boot_02\batch_20260919T120516.655694Z_cd9db18b.json.gz,20260919T120516.655694Z_cd9db18b,4,d9aa7d65-0706-41a8-86e5-68d32ab33683,d5_d9aa7d65-0706-41a8-86e5-68d32ab33683_8602_b5a9f638,3,calibration:sham,normal,cpu,role_aggregate,20,128,32,middle,True,True,0,20,40,"{""2"": 20}",0,20,0,20,129
results\d5_formal\raw_r1\boot_02\batch_20260919T120525.180129Z_d314b974.json.gz,20260919T120525.180129Z_d314b974,4,d9aa7d65-0706-41a8-86e5-68d32ab33683,d5_d9aa7d65-0706-41a8-86e5-68d32ab33683_8602_b5a9f638,4,calibration:unloaded,normal,cpu,role_aggregate,20,128,32,middle,True,True,0,20,40,"{""2"": 20}",0,20,0,20,129
results\d5_formal\raw_r1\boot_02\batch_20260919T120533.646608Z_6129eca7.json.gz,20260919T120533.646608Z_6129eca7,4,d9aa7d65-0706-41a8-86e5-68d32ab33683,d5_d9aa7d65-0706-41a8-86e5-68d32ab33683_8602_b5a9f638,5,calibration:unloaded,normal,cpu,role_aggregate,20,128,32,middle,True,True,0,20,40,"{""2"": 20}",0,20,0,20,129
results\d5_formal\raw_r1\boot_02\batch_20260919T120536.233647Z_d80fd32a.json.gz,20260919T120536.233647Z_d80fd32a,4,d9aa7d65-0706-41a8-86e5-68d32ab33683,d5_d9aa7d65-0706-41a8-86e5-68d32ab33683_8602_b5a9f638,6,calibration:sham,normal,baseline,role_aggregate,20,128,32,middle,True,True,0,20,40,"{""2"": 20}",0,20,0,20,129
results\d5_formal\raw_r1\boot_02\batch_20260919T120544.767577Z_b47f652e.json.gz,20260919T120544.767577Z_b47f652e,4,d9aa7d65-0706-41a8-86e5-68d32ab33683,d5_d9aa7d65-0706-41a8-86e5-68d32ab33683_8602_b5a9f638,7,calibration:sham,normal,cpu,role_aggregate,20,128,32,middle,True,True,0,20,40,"{""2"": 20}",0,20,0,20,129
results\d5_formal\raw_r1\boot_02\batch_20260919T120553.252588Z_b0c86b0e.json.gz,20260919T120553.252588Z_b0c86b0e,4,d9aa7d65-0706-41a8-86e5-68d32ab33683,d5_d9aa7d65-0706-41a8-86e5-68d32ab33683_8602_b5a9f638,8,calibration:unloaded,normal,cpu,role_aggregate,20,128,32,middle,True,True,0,20,40,"{""2"": 20}",0,20,0,20,129
results\d5_formal\raw_r1\boot_02\batch_20260919T120555.744666Z_d3833681.json.gz,20260919T120555.744666Z_d3833681,4,d9aa7d65-0706-41a8-86e5-68d32ab33683,d5_d9aa7d65-0706-41a8-86e5-68d32ab33683_8602_b5a9f638,9,calibration:sham,normal,baseline,role_aggregate,20,128,32,middle,True,True,0,20,40,"{""2"": 20}",0,20,0,20,129
results\d5_formal\raw_r1\boot_02\batch_20260919T120604.192771Z_9a649e82.json.gz,20260919T120604.192771Z_9a649e82,4,d9aa7d65-0706-41a8-86e5-68d32ab33683,d5_d9aa7d65-0706-41a8-86e5-68d32ab33683_8602_b5a9f638,10,calibration:unloaded,normal,cpu,role_aggregate,20,128,32,middle,True,True,0,20,40,"{""2"": 20}",0,20,0,20,129
results\d5_formal\raw_r1\boot_02\batch_20260919T120612.937925Z_e95a2944.json.gz,20260919T120612.937925Z_e95a2944,4,d9aa7d65-0706-41a8-86e5-68d32ab33683,d5_d9aa7d65-0706-41a8-86e5-68d32ab33683_8602_b5a9f638,11,calibration:sham,normal,cpu,role_aggregate,20,128,32,middle,True,True,0,20,40,"{""2"": 20}",0,20,0,20,129
results\d5_formal\raw_r1\boot_02\batch_20260919T120621.582090Z_33cb3341.json.gz,20260919T120621.582090Z_33cb3341,4,d9aa7d65-0706-41a8-86e5-68d32ab33683,d5_d9aa7d65-0706-41a8-86e5-68d32ab33683_8602_b5a9f638,12,calibration:unloaded,normal,cpu,role_aggregate,20,128,32,middle,True,True,0,20,40,"{""2"": 20}",0,20,0,20,129
results\d5_formal\raw_r1\boot_02\batch_20260919T120624.168767Z_4a3e3f26.json.gz,20260919T120624.168767Z_4a3e3f26,4,d9aa7d65-0706-41a8-86e5-68d32ab33683,d5_d9aa7d65-0706-41a8-86e5-68d32ab33683_8602_b5a9f638,13,calibration:sham,normal,baseline,role_aggregate,20,128,32,middle,True,True,0,20,40,"{""2"": 20}",0,20,0,20,129
results\d5_formal\raw_r1\boot_02\batch_20260919T120626.749009Z_bda65afb.json.gz,20260919T120626.749009Z_bda65afb,4,d9aa7d65-0706-41a8-86e5-68d32ab33683,d5_d9aa7d65-0706-41a8-86e5-68d32ab33683_8602_b5a9f638,14,calibration:unloaded,normal,baseline,role_aggregate,20,128,32,middle,True,True,0,20,40,"{""2"": 20}",0,20,0,20,129
results\d5_formal\raw_r1\boot_02\batch_20260919T120629.152999Z_f3eb0511.json.gz,20260919T120629.152999Z_f3eb0511,4,d9aa7d65-0706-41a8-86e5-68d32ab33683,d5_d9aa7d65-0706-41a8-86e5-68d32ab33683_8602_b5a9f638,15,calibration:unloaded,normal,baseline,role_aggregate,20,128,32,middle,True,True,0,20,40,"{""2"": 20}",0,20,0,20,129
results\d5_formal\raw_r1\boot_02\batch_20260919T120637.776940Z_d7d0088c.json.gz,20260919T120637.776940Z_d7d0088c,4,d9aa7d65-0706-41a8-86e5-68d32ab33683,d5_d9aa7d65-0706-41a8-86e5-68d32ab33683_8602_b5a9f638,16,calibration:sham,normal,cpu,role_aggregate,20,128,32,middle,True,True,0,20,40,"{""2"": 20}",0,20,0,20,129
results\d5_formal\raw_r1\boot_02\batch_20260919T120646.378575Z_a4a32e48.json.gz,20260919T120646.378575Z_a4a32e48,4,d9aa7d65-0706-41a8-86e5-68d32ab33683,d5_d9aa7d65-0706-41a8-86e5-68d32ab33683_8602_b5a9f638,17,calibration:unloaded,normal,cpu,role_aggregate,20,128,32,middle,True,True,0,20,40,"{""2"": 20}",0,20,0,20,129
results\d5_formal\raw_r1\boot_02\batch_20260919T120648.884629Z_25c6fafe.json.gz,20260919T120648.884629Z_25c6fafe,4,d9aa7d65-0706-41a8-86e5-68d32ab33683,d5_d9aa7d65-0706-41a8-86e5-68d32ab33683_8602_b5a9f638,18,calibration:sham,normal,baseline,role_aggregate,20,128,32,middle,True,True,0,20,40,"{""2"": 20}",0,20,0,20,129
results\d5_formal\raw_r1\boot_02\batch_20260919T120657.620570Z_f36a5364.json.gz,20260919T120657.620570Z_f36a5364,4,d9aa7d65-0706-41a8-86e5-68d32ab33683,d5_d9aa7d65-0706-41a8-86e5-68d32ab33683_8602_b5a9f638,19,calibration:unloaded,normal,cpu,role_aggregate,20,128,32,middle,True,True,0,20,40,"{""2"": 20}",0,20,0,20,129
results\d5_formal\raw_r1\boot_02\batch_20260919T120706.335011Z_465df511.json.gz,20260919T120706.335011Z_465df511,4,d9aa7d65-0706-41a8-86e5-68d32ab33683,d5_d9aa7d65-0706-41a8-86e5-68d32ab33683_8602_b5a9f638,20,calibration:sham,normal,cpu,role_aggregate,20,128,32,middle,True,True,0,20,40,"{""2"": 20}",0,20,0,20,129
results\d5_formal\raw_r1\boot_02\batch_20260919T120714.744778Z_acfefaa8.json.gz,20260919T120714.744778Z_acfefaa8,4,d9aa7d65-0706-41a8-86e5-68d32ab33683,d5_d9aa7d65-0706-41a8-86e5-68d32ab33683_8602_b5a9f638,21,calibration:unloaded,normal,cpu,role_aggregate,20,128,32,middle,True,True,0,20,40,"{""2"": 20}",0,20,0,20,129
results\d5_formal\raw_r1\boot_02\batch_20260919T120717.140899Z_19ac4aee.json.gz,20260919T120717.140899Z_19ac4aee,4,d9aa7d65-0706-41a8-86e5-68d32ab33683,d5_d9aa7d65-0706-41a8-86e5-68d32ab33683_8602_b5a9f638,22,calibration:sham,normal,baseline,role_aggregate,20,128,32,middle,True,True,0,20,40,"{""2"": 20}",0,20,0,20,129
results\d5_formal\raw_r1\boot_02\batch_20260919T120719.569901Z_696f8d5b.json.gz,20260919T120719.569901Z_696f8d5b,4,d9aa7d65-0706-41a8-86e5-68d32ab33683,d5_d9aa7d65-0706-41a8-86e5-68d32ab33683_8602_b5a9f638,23,calibration:unloaded,normal,baseline,role_aggregate,20,128,32,middle,True,True,0,20,40,"{""2"": 20}",0,20,0,20,129
results\d5_formal\raw_r1\boot_02\batch_20260919T120728.074765Z_8095e4d4.json.gz,20260919T120728.074765Z_8095e4d4,4,d9aa7d65-0706-41a8-86e5-68d32ab33683,d5_d9aa7d65-0706-41a8-86e5-68d32ab33683_8602_b5a9f638,24,calibration:unloaded,normal,cpu,role_aggregate,20,128,32,middle,True,True,0,20,40,"{""2"": 20}",0,20,0,20,129
results\d5_formal\raw_r1\boot_02\batch_20260919T120736.874370Z_8a74a46b.json.gz,20260919T120736.874370Z_8a74a46b,4,d9aa7d65-0706-41a8-86e5-68d32ab33683,d5_d9aa7d65-0706-41a8-86e5-68d32ab33683_8602_b5a9f638,25,calibration:unloaded,normal,cpu,role_aggregate,20,128,32,middle,True,True,0,20,40,"{""2"": 20}",0,20,0,20,129
results\d5_formal\raw_r1\boot_02\batch_20260919T120739.267701Z_03a27a8f.json.gz,20260919T120739.267701Z_03a27a8f,4,d9aa7d65-0706-41a8-86e5-68d32ab33683,d5_d9aa7d65-0706-41a8-86e5-68d32ab33683_8602_b5a9f638,26,calibration:unloaded,normal,baseline,role_aggregate,20,128,32,middle,True,True,0,20,40,"{""2"": 20}",0,20,0,20,129
results\d5_formal\raw_r1\boot_02\batch_20260919T120741.634003Z_c65d121d.json.gz,20260919T120741.634003Z_c65d121d,4,d9aa7d65-0706-41a8-86e5-68d32ab33683,d5_d9aa7d65-0706-41a8-86e5-68d32ab33683_8602_b5a9f638,27,calibration:unloaded,normal,baseline,role_aggregate,20,128,32,middle,True,True,0,20,40,"{""2"": 20}",0,20,0,20,129
results\d5_formal\raw_r1\boot_02\batch_20260919T120743.977506Z_8ffff111.json.gz,20260919T120743.977506Z_8ffff111,4,d9aa7d65-0706-41a8-86e5-68d32ab33683,d5_d9aa7d65-0706-41a8-86e5-68d32ab33683_8602_b5a9f638,28,calibration:unloaded,normal,baseline,role_aggregate,20,128,32,middle,True,True,0,20,40,"{""2"": 20}",0,20,0,20,129
results\d5_formal\raw_r1\boot_02\batch_20260919T120752.373503Z_7b74f3f8.json.gz,20260919T120752.373503Z_7b74f3f8,4,d9aa7d65-0706-41a8-86e5-68d32ab33683,d5_d9aa7d65-0706-41a8-86e5-68d32ab33683_8602_b5a9f638,29,calibration:unloaded,normal,cpu,role_aggregate,20,128,32,middle,True,True,0,20,40,"{""2"": 20}",0,20,0,20,129
results\d5_formal\raw_r1\boot_02\batch_20260919T120754.812767Z_20203a5e.json.gz,20260919T120754.812767Z_20203a5e,4,d9aa7d65-0706-41a8-86e5-68d32ab33683,d5_d9aa7d65-0706-41a8-86e5-68d32ab33683_8602_b5a9f638,30,calibration:sham,normal,baseline,role_aggregate,20,128,32,middle,True,True,0,20,40,"{""2"": 20}",0,20,0,20,129
results\d5_formal\raw_r1\boot_02\batch_20260919T120757.275653Z_709f1498.json.gz,20260919T120757.275653Z_709f1498,4,d9aa7d65-0706-41a8-86e5-68d32ab33683,d5_d9aa7d65-0706-41a8-86e5-68d32ab33683_8602_b5a9f638,31,calibration:sham,normal,baseline,role_aggregate,20,128,32,middle,True,True,0,20,40,"{""2"": 20}",0,20,0,20,129
results\d5_formal\raw_r1\boot_02\batch_20260919T120805.759842Z_d93ce745.json.gz,20260919T120805.759842Z_d93ce745,4,d9aa7d65-0706-41a8-86e5-68d32ab33683,d5_d9aa7d65-0706-41a8-86e5-68d32ab33683_8602_b5a9f638,32,calibration:sham,normal,cpu,role_aggregate,20,128,32,middle,True,True,0,20,40,"{""2"": 20}",0,20,0,20,129
results\d5_formal\raw_r1\boot_02\batch_20260919T120808.224931Z_f081b176.json.gz,20260919T120808.224931Z_f081b176,4,d9aa7d65-0706-41a8-86e5-68d32ab33683,d5_d9aa7d65-0706-41a8-86e5-68d32ab33683_8602_b5a9f638,33,calibration:unloaded,normal,baseline,role_aggregate,20,128,32,middle,True,True,0,20,40,"{""2"": 20}",0,20,0,20,129
results\d5_formal\raw_r1\boot_02\batch_20260919T120816.802603Z_be798f42.json.gz,20260919T120816.802603Z_be798f42,4,d9aa7d65-0706-41a8-86e5-68d32ab33683,d5_d9aa7d65-0706-41a8-86e5-68d32ab33683_8602_b5a9f638,34,calibration:sham,normal,cpu,role_aggregate,20,128,32,middle,True,True,0,20,40,"{""2"": 20}",0,20,0,20,129
results\d5_formal\raw_r1\boot_02\batch_20260919T120819.294667Z_649df238.json.gz,20260919T120819.294667Z_649df238,4,d9aa7d65-0706-41a8-86e5-68d32ab33683,d5_d9aa7d65-0706-41a8-86e5-68d32ab33683_8602_b5a9f638,35,calibration:sham,normal,baseline,role_aggregate,20,128,32,middle,True,True,0,20,40,"{""2"": 20}",0,20,0,20,129
results\d5_formal\raw_r1\boot_02\batch_20260919T120827.928607Z_a7072ce4.json.gz,20260919T120827.928607Z_a7072ce4,4,d9aa7d65-0706-41a8-86e5-68d32ab33683,d5_d9aa7d65-0706-41a8-86e5-68d32ab33683_8602_b5a9f638,36,calibration:sham,normal,cpu,role_aggregate,20,128,32,middle,True,True,0,20,40,"{""2"": 20}",0,20,0,20,129
results\d5_formal\raw_r1\boot_02\batch_20260919T120830.515010Z_eba61738.json.gz,20260919T120830.515010Z_eba61738,4,d9aa7d65-0706-41a8-86e5-68d32ab33683,d5_d9aa7d65-0706-41a8-86e5-68d32ab33683_8602_b5a9f638,37,calibration:sham,normal,baseline,role_aggregate,20,128,32,middle,True,True,0,20,40,"{""2"": 20}",0,20,0,20,129
results\d5_formal\raw_r1\boot_02\batch_20260919T120839.220595Z_e79ada50.json.gz,20260919T120839.220595Z_e79ada50,4,d9aa7d65-0706-41a8-86e5-68d32ab33683,d5_d9aa7d65-0706-41a8-86e5-68d32ab33683_8602_b5a9f638,38,calibration:unloaded,normal,cpu,role_aggregate,20,128,32,middle,True,True,0,20,40,"{""2"": 20}",0,20,0,20,129
results\d5_formal\raw_r1\boot_02\batch_20260919T120841.706057Z_d5799d03.json.gz,20260919T120841.706057Z_d5799d03,4,d9aa7d65-0706-41a8-86e5-68d32ab33683,d5_d9aa7d65-0706-41a8-86e5-68d32ab33683_8602_b5a9f638,39,calibration:sham,normal,baseline,role_aggregate,20,128,32,middle,True,True,0,20,40,"{""2"": 20}",0,20,0,20,129
results\d5_formal\raw_r1\boot_02\batch_20260919T120844.347846Z_5d305e67.json.gz,20260919T120844.347846Z_5d305e67,4,d9aa7d65-0706-41a8-86e5-68d32ab33683,d5_d9aa7d65-0706-41a8-86e5-68d32ab33683_8602_b5a9f638,40,calibration:unloaded,normal,baseline,role_aggregate,20,128,32,middle,True,True,0,20,40,"{""2"": 20}",0,20,0,20,129
results\d5_formal\raw_r1\boot_02\batch_20260919T120846.782935Z_45c21c22.json.gz,20260919T120846.782935Z_45c21c22,4,d9aa7d65-0706-41a8-86e5-68d32ab33683,d5_d9aa7d65-0706-41a8-86e5-68d32ab33683_8602_b5a9f638,41,calibration:sham,normal,baseline,role_aggregate,20,128,32,middle,True,True,0,20,40,"{""2"": 20}",0,20,0,20,129
results\d5_formal\raw_r1\boot_02\batch_20260919T120855.453716Z_f342cfcd.json.gz,20260919T120855.453716Z_f342cfcd,4,d9aa7d65-0706-41a8-86e5-68d32ab33683,d5_d9aa7d65-0706-41a8-86e5-68d32ab33683_8602_b5a9f638,42,calibration:sham,normal,cpu,role_aggregate,20,128,32,middle,True,True,0,20,40,"{""2"": 20}",0,20,0,20,129
results\d5_formal\raw_r1\boot_02\batch_20260919T120904.128875Z_dec7fc94.json.gz,20260919T120904.128875Z_dec7fc94,4,d9aa7d65-0706-41a8-86e5-68d32ab33683,d5_d9aa7d65-0706-41a8-86e5-68d32ab33683_8602_b5a9f638,43,calibration:sham,normal,cpu,role_aggregate,20,128,32,middle,True,True,0,20,40,"{""2"": 20}",0,20,0,20,129
results\d5_formal\raw_r1\boot_02\batch_20260919T120906.519639Z_5c257027.json.gz,20260919T120906.519639Z_5c257027,4,d9aa7d65-0706-41a8-86e5-68d32ab33683,d5_d9aa7d65-0706-41a8-86e5-68d32ab33683_8602_b5a9f638,44,calibration:unloaded,normal,baseline,role_aggregate,20,128,32,middle,True,True,0,20,40,"{""2"": 20}",0,20,0,20,129
results\d5_formal\raw_r1\boot_02\batch_20260919T120908.978726Z_91436ed1.json.gz,20260919T120908.978726Z_91436ed1,4,d9aa7d65-0706-41a8-86e5-68d32ab33683,d5_d9aa7d65-0706-41a8-86e5-68d32ab33683_8602_b5a9f638,45,calibration:sham,normal,baseline,role_aggregate,20,128,32,middle,True,True,0,20,40,"{""2"": 20}",0,20,0,20,129
results\d5_formal\raw_r1\boot_02\batch_20260919T120911.349928Z_7fd7616f.json.gz,20260919T120911.349928Z_7fd7616f,4,d9aa7d65-0706-41a8-86e5-68d32ab33683,d5_d9aa7d65-0706-41a8-86e5-68d32ab33683_8602_b5a9f638,46,calibration:unloaded,normal,baseline,role_aggregate,20,128,32,middle,True,True,0,20,40,"{""2"": 20}",0,20,0,20,129
results\d5_formal\raw_r1\boot_02\batch_20260919T120919.872671Z_79a5ee58.json.gz,20260919T120919.872671Z_79a5ee58,4,d9aa7d65-0706-41a8-86e5-68d32ab33683,d5_d9aa7d65-0706-41a8-86e5-68d32ab33683_8602_b5a9f638,47,calibration:sham,normal,cpu,role_aggregate,20,128,32,middle,True,True,0,20,40,"{""2"": 20}",0,20,0,20,129
results\d5_formal\raw_r1\boot_02\batch_20260919T120922.417334Z_7ae66118.json.gz,20260919T120922.417334Z_7ae66118,4,d9aa7d65-0706-41a8-86e5-68d32ab33683,d5_d9aa7d65-0706-41a8-86e5-68d32ab33683_8602_b5a9f638,48,test:unloaded,normal,baseline,role_aggregate,20,128,32,middle,True,True,0,20,40,"{""2"": 20}",0,20,0,20,129
results\d5_formal\raw_r1\boot_02\batch_20260919T120924.722617Z_82588724.json.gz,20260919T120924.722617Z_82588724,4,d9aa7d65-0706-41a8-86e5-68d32ab33683,d5_d9aa7d65-0706-41a8-86e5-68d32ab33683_8602_b5a9f638,49,test:unloaded,normal,baseline,role_aggregate,20,128,32,middle,True,True,0,20,40,"{""2"": 20}",0,20,0,20,129
results\d5_formal\raw_r1\boot_02\batch_20260919T120927.039980Z_f91d2afc.json.gz,20260919T120927.039980Z_f91d2afc,4,d9aa7d65-0706-41a8-86e5-68d32ab33683,d5_d9aa7d65-0706-41a8-86e5-68d32ab33683_8602_b5a9f638,50,test:unloaded,normal,baseline,role_aggregate,20,128,32,middle,True,True,0,20,40,"{""2"": 20}",0,20,0,20,129
results\d5_formal\raw_r1\boot_02\batch_20260919T120929.844997Z_37f105af.json.gz,20260919T120929.844997Z_37f105af,4,d9aa7d65-0706-41a8-86e5-68d32ab33683,d5_d9aa7d65-0706-41a8-86e5-68d32ab33683_8602_b5a9f638,51,test:unloaded,normal,baseline,role_aggregate,20,128,32,middle,True,True,0,20,40,"{""2"": 20}",0,20,0,20,129
results\d5_formal\raw_r1\boot_02\batch_20260919T120932.648050Z_0829bd0b.json.gz,20260919T120932.648050Z_0829bd0b,4,d9aa7d65-0706-41a8-86e5-68d32ab33683,d5_d9aa7d65-0706-41a8-86e5-68d32ab33683_8602_b5a9f638,52,test:unloaded,normal,baseline,role_aggregate,20,128,32,middle,True,True,0,20,40,"{""2"": 20}",0,20,0,20,129
results\d5_formal\raw_r1\boot_02\batch_20260919T120935.291690Z_1cee0113.json.gz,20260919T120935.291690Z_1cee0113,4,d9aa7d65-0706-41a8-86e5-68d32ab33683,d5_d9aa7d65-0706-41a8-86e5-68d32ab33683_8602_b5a9f638,53,test:unloaded,normal,baseline,role_aggregate,20,128,32,middle,True,True,0,20,40,"{""2"": 20}",0,20,0,20,129
results\d5_formal\raw_r1\boot_02\batch_20260919T120937.811666Z_b280d4e5.json.gz,20260919T120937.811666Z_b280d4e5,4,d9aa7d65-0706-41a8-86e5-68d32ab33683,d5_d9aa7d65-0706-41a8-86e5-68d32ab33683_8602_b5a9f638,54,test:unloaded,normal,baseline,role_aggregate,20,128,32,middle,True,True,0,20,40,"{""2"": 20}",0,20,0,20,129
results\d5_formal\raw_r1\boot_02\batch_20260919T120940.201033Z_793a8237.json.gz,20260919T120940.201033Z_793a8237,4,d9aa7d65-0706-41a8-86e5-68d32ab33683,d5_d9aa7d65-0706-41a8-86e5-68d32ab33683_8602_b5a9f638,55,test:unloaded,normal,baseline,role_aggregate,20,128,32,middle,True,True,0,20,40,"{""2"": 20}",0,20,0,20,129
results\d5_formal\raw_r1\boot_02\batch_20260919T120942.553593Z_d7c2dadf.json.gz,20260919T120942.553593Z_d7c2dadf,4,d9aa7d65-0706-41a8-86e5-68d32ab33683,d5_d9aa7d65-0706-41a8-86e5-68d32ab33683_8602_b5a9f638,56,test:unloaded,normal,baseline,role_aggregate,20,128,32,middle,True,True,0,20,40,"{""2"": 20}",0,20,0,20,129
results\d5_formal\raw_r1\boot_02\batch_20260919T120944.963651Z_ad02caf2.json.gz,20260919T120944.963651Z_ad02caf2,4,d9aa7d65-0706-41a8-86e5-68d32ab33683,d5_d9aa7d65-0706-41a8-86e5-68d32ab33683_8602_b5a9f638,57,test:unloaded,normal,baseline,role_aggregate,20,128,32,middle,True,True,0,20,40,"{""2"": 20}",0,20,0,20,129
results\d5_formal\raw_r1\boot_02\batch_20260919T120947.300099Z_687ac1d4.json.gz,20260919T120947.300099Z_687ac1d4,4,d9aa7d65-0706-41a8-86e5-68d32ab33683,d5_d9aa7d65-0706-41a8-86e5-68d32ab33683_8602_b5a9f638,58,test:unloaded,normal,baseline,role_aggregate,20,128,32,middle,True,True,0,20,40,"{""2"": 20}",0,20,0,20,129
results\d5_formal\raw_r1\boot_02\batch_20260919T120949.674073Z_dc3bfdfb.json.gz,20260919T120949.674073Z_dc3bfdfb,4,d9aa7d65-0706-41a8-86e5-68d32ab33683,d5_d9aa7d65-0706-41a8-86e5-68d32ab33683_8602_b5a9f638,59,test:unloaded,normal,baseline,role_aggregate,20,128,32,middle,True,True,0,20,40,"{""2"": 20}",0,20,0,20,129
results\d5_formal\raw_r1\boot_02\batch_20260919T120952.017900Z_60e25315.json.gz,20260919T120952.017900Z_60e25315,4,d9aa7d65-0706-41a8-86e5-68d32ab33683,d5_d9aa7d65-0706-41a8-86e5-68d32ab33683_8602_b5a9f638,60,test:unloaded,normal,baseline,role_aggregate,20,128,32,middle,True,True,0,20,40,"{""2"": 20}",0,20,0,20,129
results\d5_formal\raw_r1\boot_02\batch_20260919T120954.596130Z_5cc0eff8.json.gz,20260919T120954.596130Z_5cc0eff8,4,d9aa7d65-0706-41a8-86e5-68d32ab33683,d5_d9aa7d65-0706-41a8-86e5-68d32ab33683_8602_b5a9f638,61,test:unloaded,normal,baseline,role_aggregate,20,128,32,middle,True,True,0,20,40,"{""2"": 20}",0,20,0,20,129
results\d5_formal\raw_r1\boot_02\batch_20260919T120957.012687Z_1b4abf4f.json.gz,20260919T120957.012687Z_1b4abf4f,4,d9aa7d65-0706-41a8-86e5-68d32ab33683,d5_d9aa7d65-0706-41a8-86e5-68d32ab33683_8602_b5a9f638,62,test:unloaded,normal,baseline,role_aggregate,20,128,32,middle,True,True,0,20,40,"{""2"": 20}",0,20,0,20,129
results\d5_formal\raw_r1\boot_02\batch_20260919T120959.404581Z_4b2915c4.json.gz,20260919T120959.404581Z_4b2915c4,4,d9aa7d65-0706-41a8-86e5-68d32ab33683,d5_d9aa7d65-0706-41a8-86e5-68d32ab33683_8602_b5a9f638,63,test:unloaded,normal,baseline,role_aggregate,20,128,32,middle,True,True,0,20,40,"{""2"": 20}",0,20,0,20,129
results\d5_formal\raw_r1\boot_02\batch_20260919T121001.609006Z_48a90599.json.gz,20260919T121001.609006Z_48a90599,4,d9aa7d65-0706-41a8-86e5-68d32ab33683,d5_d9aa7d65-0706-41a8-86e5-68d32ab33683_8602_b5a9f638,64,test:unloaded,normal,baseline,role_aggregate,20,128,32,middle,True,True,0,20,40,"{""2"": 20}",0,20,0,20,129
results\d5_formal\raw_r1\boot_02\batch_20260919T121003.913682Z_e6eb3826.json.gz,20260919T121003.913682Z_e6eb3826,4,d9aa7d65-0706-41a8-86e5-68d32ab33683,d5_d9aa7d65-0706-41a8-86e5-68d32ab33683_8602_b5a9f638,65,test:unloaded,normal,baseline,role_aggregate,20,128,32,middle,True,True,0,20,40,"{""2"": 20}",0,20,0,20,129
results\d5_formal\raw_r1\boot_02\batch_20260919T121006.422958Z_ee9efc3b.json.gz,20260919T121006.422958Z_ee9efc3b,4,d9aa7d65-0706-41a8-86e5-68d32ab33683,d5_d9aa7d65-0706-41a8-86e5-68d32ab33683_8602_b5a9f638,66,test:unloaded,normal,baseline,role_aggregate,20,128,32,middle,True,True,0,20,40,"{""2"": 20}",0,20,0,20,129
results\d5_formal\raw_r1\boot_02\batch_20260919T121008.892119Z_e932cfe7.json.gz,20260919T121008.892119Z_e932cfe7,4,d9aa7d65-0706-41a8-86e5-68d32ab33683,d5_d9aa7d65-0706-41a8-86e5-68d32ab33683_8602_b5a9f638,67,test:unloaded,normal,baseline,role_aggregate,20,128,32,middle,True,True,0,20,40,"{""2"": 20}",0,20,0,20,129
results\d5_formal\raw_r1\boot_02\batch_20260919T121017.407652Z_c9bf805f.json.gz,20260919T121017.407652Z_c9bf805f,4,d9aa7d65-0706-41a8-86e5-68d32ab33683,d5_d9aa7d65-0706-41a8-86e5-68d32ab33683_8602_b5a9f638,68,test:unloaded,normal,cpu,role_aggregate,20,128,32,middle,True,True,0,20,40,"{""2"": 20}",0,20,0,20,129
results\d5_formal\raw_r1\boot_02\batch_20260919T121025.956896Z_c1da196c.json.gz,20260919T121025.956896Z_c1da196c,4,d9aa7d65-0706-41a8-86e5-68d32ab33683,d5_d9aa7d65-0706-41a8-86e5-68d32ab33683_8602_b5a9f638,69,test:unloaded,normal,cpu,role_aggregate,20,128,32,middle,True,True,0,20,40,"{""2"": 20}",0,20,0,20,129
results\d5_formal\raw_r1\boot_02\batch_20260919T121034.447954Z_39e37e72.json.gz,20260919T121034.447954Z_39e37e72,4,d9aa7d65-0706-41a8-86e5-68d32ab33683,d5_d9aa7d65-0706-41a8-86e5-68d32ab33683_8602_b5a9f638,70,test:unloaded,normal,cpu,role_aggregate,20,128,32,middle,True,True,0,20,40,"{""2"": 20}",0,20,0,20,129
results\d5_formal\raw_r1\boot_02\batch_20260919T121043.043852Z_568b6db0.json.gz,20260919T121043.043852Z_568b6db0,4,d9aa7d65-0706-41a8-86e5-68d32ab33683,d5_d9aa7d65-0706-41a8-86e5-68d32ab33683_8602_b5a9f638,71,test:unloaded,normal,cpu,role_aggregate,20,128,32,middle,True,True,0,20,40,"{""2"": 20}",0,20,0,20,129
results\d5_formal\raw_r1\boot_02\batch_20260919T121051.548577Z_40f5a0d3.json.gz,20260919T121051.548577Z_40f5a0d3,4,d9aa7d65-0706-41a8-86e5-68d32ab33683,d5_d9aa7d65-0706-41a8-86e5-68d32ab33683_8602_b5a9f638,72,test:unloaded,normal,cpu,role_aggregate,20,128,32,middle,True,True,0,20,40,"{""2"": 20}",0,20,0,20,129
results\d5_formal\raw_r1\boot_02\batch_20260919T121100.122678Z_6ef2e55c.json.gz,20260919T121100.122678Z_6ef2e55c,4,d9aa7d65-0706-41a8-86e5-68d32ab33683,d5_d9aa7d65-0706-41a8-86e5-68d32ab33683_8602_b5a9f638,73,test:unloaded,normal,cpu,role_aggregate,20,128,32,middle,True,True,0,20,40,"{""2"": 20}",0,20,0,20,129
results\d5_formal\raw_r1\boot_02\batch_20260919T121108.450747Z_28401604.json.gz,20260919T121108.450747Z_28401604,4,d9aa7d65-0706-41a8-86e5-68d32ab33683,d5_d9aa7d65-0706-41a8-86e5-68d32ab33683_8602_b5a9f638,74,test:unloaded,normal,cpu,role_aggregate,20,128,32,middle,True,True,0,20,40,"{""2"": 20}",0,20,0,20,129
results\d5_formal\raw_r1\boot_02\batch_20260919T121116.921568Z_62692351.json.gz,20260919T121116.921568Z_62692351,4,d9aa7d65-0706-41a8-86e5-68d32ab33683,d5_d9aa7d65-0706-41a8-86e5-68d32ab33683_8602_b5a9f638,75,test:unloaded,normal,cpu,role_aggregate,20,128,32,middle,True,True,0,20,40,"{""2"": 20}",0,20,0,20,129
results\d5_formal\raw_r1\boot_02\batch_20260919T121125.280685Z_2585ef97.json.gz,20260919T121125.280685Z_2585ef97,4,d9aa7d65-0706-41a8-86e5-68d32ab33683,d5_d9aa7d65-0706-41a8-86e5-68d32ab33683_8602_b5a9f638,76,test:unloaded,normal,cpu,role_aggregate,20,128,32,middle,True,True,0,20,40,"{""2"": 20}",0,20,0,20,129
results\d5_formal\raw_r1\boot_02\batch_20260919T121133.742679Z_50125a8d.json.gz,20260919T121133.742679Z_50125a8d,4,d9aa7d65-0706-41a8-86e5-68d32ab33683,d5_d9aa7d65-0706-41a8-86e5-68d32ab33683_8602_b5a9f638,77,test:unloaded,normal,cpu,role_aggregate,20,128,32,middle,True,True,0,20,40,"{""2"": 20}",0,20,0,20,129
results\d5_formal\raw_r1\boot_02\batch_20260919T121142.145015Z_4c6d1873.json.gz,20260919T121142.145015Z_4c6d1873,4,d9aa7d65-0706-41a8-86e5-68d32ab33683,d5_d9aa7d65-0706-41a8-86e5-68d32ab33683_8602_b5a9f638,78,test:unloaded,normal,cpu,role_aggregate,20,128,32,middle,True,True,0,20,40,"{""2"": 20}",0,20,0,20,129
results\d5_formal\raw_r1\boot_02\batch_20260919T121150.620937Z_2f42d3da.json.gz,20260919T121150.620937Z_2f42d3da,4,d9aa7d65-0706-41a8-86e5-68d32ab33683,d5_d9aa7d65-0706-41a8-86e5-68d32ab33683_8602_b5a9f638,79,test:unloaded,normal,cpu,role_aggregate,20,128,32,middle,True,True,0,20,40,"{""2"": 20}",0,20,0,20,129
results\d5_formal\raw_r1\boot_02\batch_20260919T121158.973688Z_ac4fd1ca.json.gz,20260919T121158.973688Z_ac4fd1ca,4,d9aa7d65-0706-41a8-86e5-68d32ab33683,d5_d9aa7d65-0706-41a8-86e5-68d32ab33683_8602_b5a9f638,80,test:unloaded,normal,cpu,role_aggregate,20,128,32,middle,True,True,0,20,40,"{""2"": 20}",0,20,0,20,129
results\d5_formal\raw_r1\boot_02\batch_20260919T121207.383601Z_982ae6b7.json.gz,20260919T121207.383601Z_982ae6b7,4,d9aa7d65-0706-41a8-86e5-68d32ab33683,d5_d9aa7d65-0706-41a8-86e5-68d32ab33683_8602_b5a9f638,81,test:unloaded,normal,cpu,role_aggregate,20,128,32,middle,True,True,0,20,40,"{""2"": 20}",0,20,0,20,129
results\d5_formal\raw_r1\boot_02\batch_20260919T121215.921718Z_01cc7caf.json.gz,20260919T121215.921718Z_01cc7caf,4,d9aa7d65-0706-41a8-86e5-68d32ab33683,d5_d9aa7d65-0706-41a8-86e5-68d32ab33683_8602_b5a9f638,82,test:unloaded,normal,cpu,role_aggregate,20,128,32,middle,True,True,0,20,40,"{""2"": 20}",0,20,0,20,129
results\d5_formal\raw_r1\boot_02\batch_20260919T121224.457532Z_4883441e.json.gz,20260919T121224.457532Z_4883441e,4,d9aa7d65-0706-41a8-86e5-68d32ab33683,d5_d9aa7d65-0706-41a8-86e5-68d32ab33683_8602_b5a9f638,83,test:unloaded,normal,cpu,role_aggregate,20,128,32,middle,True,True,0,20,40,"{""2"": 20}",0,20,0,20,129
results\d5_formal\raw_r1\boot_02\batch_20260919T121232.966690Z_2d4b1e53.json.gz,20260919T121232.966690Z_2d4b1e53,4,d9aa7d65-0706-41a8-86e5-68d32ab33683,d5_d9aa7d65-0706-41a8-86e5-68d32ab33683_8602_b5a9f638,84,test:unloaded,normal,cpu,role_aggregate,20,128,32,middle,True,True,0,20,40,"{""2"": 20}",0,20,0,20,129
results\d5_formal\raw_r1\boot_02\batch_20260919T121241.507554Z_98579a1a.json.gz,20260919T121241.507554Z_98579a1a,4,d9aa7d65-0706-41a8-86e5-68d32ab33683,d5_d9aa7d65-0706-41a8-86e5-68d32ab33683_8602_b5a9f638,85,test:unloaded,normal,cpu,role_aggregate,20,128,32,middle,True,True,0,20,40,"{""2"": 20}",0,20,0,20,129
results\d5_formal\raw_r1\boot_02\batch_20260919T121250.067920Z_43739543.json.gz,20260919T121250.067920Z_43739543,4,d9aa7d65-0706-41a8-86e5-68d32ab33683,d5_d9aa7d65-0706-41a8-86e5-68d32ab33683_8602_b5a9f638,86,test:unloaded,normal,cpu,role_aggregate,20,128,32,middle,True,True,0,20,40,"{""2"": 20}",0,20,0,20,129
results\d5_formal\raw_r1\boot_02\batch_20260919T121258.706839Z_5e84a295.json.gz,20260919T121258.706839Z_5e84a295,4,d9aa7d65-0706-41a8-86e5-68d32ab33683,d5_d9aa7d65-0706-41a8-86e5-68d32ab33683_8602_b5a9f638,87,test:unloaded,normal,cpu,role_aggregate,20,128,32,middle,True,True,0,20,40,"{""2"": 20}",0,20,0,20,129
results\d5_formal\raw_r1\boot_02\batch_20260919T121307.145937Z_115aa8af.json.gz,20260919T121307.145937Z_115aa8af,4,d9aa7d65-0706-41a8-86e5-68d32ab33683,d5_d9aa7d65-0706-41a8-86e5-68d32ab33683_8602_b5a9f638,88,test:unloaded,normal,cpu,role_aggregate,20,128,32,middle,True,True,0,20,40,"{""2"": 20}",0,20,0,20,129
results\d5_formal\raw_r1\boot_02\batch_20260919T121315.578036Z_2aae5a6e.json.gz,20260919T121315.578036Z_2aae5a6e,4,d9aa7d65-0706-41a8-86e5-68d32ab33683,d5_d9aa7d65-0706-41a8-86e5-68d32ab33683_8602_b5a9f638,89,test:unloaded,normal,cpu,role_aggregate,20,128,32,middle,True,True,0,20,40,"{""2"": 20}",0,20,0,20,129
results\d5_formal\raw_r1\boot_02\batch_20260919T121324.033979Z_9dafcd73.json.gz,20260919T121324.033979Z_9dafcd73,4,d9aa7d65-0706-41a8-86e5-68d32ab33683,d5_d9aa7d65-0706-41a8-86e5-68d32ab33683_8602_b5a9f638,90,test:unloaded,normal,cpu,role_aggregate,20,128,32,middle,True,True,0,20,40,"{""2"": 20}",0,20,0,20,129
results\d5_formal\raw_r1\boot_02\batch_20260919T121332.473878Z_8f69d5cb.json.gz,20260919T121332.473878Z_8f69d5cb,4,d9aa7d65-0706-41a8-86e5-68d32ab33683,d5_d9aa7d65-0706-41a8-86e5-68d32ab33683_8602_b5a9f638,91,test:unloaded,normal,cpu,role_aggregate,20,128,32,middle,True,True,0,20,40,"{""2"": 20}",0,20,0,20,129
results\d5_formal\raw_r1\boot_02\batch_20260919T121340.955698Z_b84ea628.json.gz,20260919T121340.955698Z_b84ea628,4,d9aa7d65-0706-41a8-86e5-68d32ab33683,d5_d9aa7d65-0706-41a8-86e5-68d32ab33683_8602_b5a9f638,92,test:unloaded,normal,cpu,role_aggregate,20,128,32,middle,True,True,0,20,40,"{""2"": 20}",0,20,0,20,129
results\d5_formal\raw_r1\boot_02\batch_20260919T121349.359589Z_71a4216f.json.gz,20260919T121349.359589Z_71a4216f,4,d9aa7d65-0706-41a8-86e5-68d32ab33683,d5_d9aa7d65-0706-41a8-86e5-68d32ab33683_8602_b5a9f638,93,test:unloaded,normal,cpu,role_aggregate,20,128,32,middle,True,True,0,20,40,"{""2"": 20}",0,20,0,20,129
results\d5_formal\raw_r1\boot_02\batch_20260919T121357.825086Z_cc8d0d14.json.gz,20260919T121357.825086Z_cc8d0d14,4,d9aa7d65-0706-41a8-86e5-68d32ab33683,d5_d9aa7d65-0706-41a8-86e5-68d32ab33683_8602_b5a9f638,94,test:unloaded,normal,cpu,role_aggregate,20,128,32,middle,True,True,0,20,40,"{""2"": 20}",0,20,0,20,129
results\d5_formal\raw_r1\boot_02\batch_20260919T121406.288999Z_53b700c3.json.gz,20260919T121406.288999Z_53b700c3,4,d9aa7d65-0706-41a8-86e5-68d32ab33683,d5_d9aa7d65-0706-41a8-86e5-68d32ab33683_8602_b5a9f638,95,test:unloaded,normal,cpu,role_aggregate,20,128,32,middle,True,True,0,20,40,"{""2"": 20}",0,20,0,20,129
results\d5_formal\raw_r1\boot_02\batch_20260919T121414.842682Z_32f49b79.json.gz,20260919T121414.842682Z_32f49b79,4,d9aa7d65-0706-41a8-86e5-68d32ab33683,d5_d9aa7d65-0706-41a8-86e5-68d32ab33683_8602_b5a9f638,96,test:unloaded,normal,cpu,role_aggregate,20,128,32,middle,True,True,0,20,40,"{""2"": 20}",0,20,0,20,129
results\d5_formal\raw_r1\boot_02\batch_20260919T121423.465842Z_491f70c4.json.gz,20260919T121423.465842Z_491f70c4,4,d9aa7d65-0706-41a8-86e5-68d32ab33683,d5_d9aa7d65-0706-41a8-86e5-68d32ab33683_8602_b5a9f638,97,test:unloaded,normal,cpu,role_aggregate,20,128,32,middle,True,True,0,20,40,"{""2"": 20}",0,20,0,20,129
results\d5_formal\raw_r1\boot_02\batch_20260919T121431.973786Z_530e55a1.json.gz,20260919T121431.973786Z_530e55a1,4,d9aa7d65-0706-41a8-86e5-68d32ab33683,d5_d9aa7d65-0706-41a8-86e5-68d32ab33683_8602_b5a9f638,98,test:unloaded,normal,cpu,role_aggregate,20,128,32,middle,True,True,0,20,40,"{""2"": 20}",0,20,0,20,129
results\d5_formal\raw_r1\boot_02\batch_20260919T121440.568855Z_e494bbbb.json.gz,20260919T121440.568855Z_e494bbbb,4,d9aa7d65-0706-41a8-86e5-68d32ab33683,d5_d9aa7d65-0706-41a8-86e5-68d32ab33683_8602_b5a9f638,99,test:unloaded,normal,cpu,role_aggregate,20,128,32,middle,True,True,0,20,40,"{""2"": 20}",0,20,0,20,129
results\d5_formal\raw_r1\boot_02\batch_20260919T121449.298547Z_5028e756.json.gz,20260919T121449.298547Z_5028e756,4,d9aa7d65-0706-41a8-86e5-68d32ab33683,d5_d9aa7d65-0706-41a8-86e5-68d32ab33683_8602_b5a9f638,100,test:unloaded,normal,cpu,role_aggregate,20,128,32,middle,True,True,0,20,40,"{""2"": 20}",0,20,0,20,129
results\d5_formal\raw_r1\boot_02\batch_20260919T121457.944027Z_0344d1fd.json.gz,20260919T121457.944027Z_0344d1fd,4,d9aa7d65-0706-41a8-86e5-68d32ab33683,d5_d9aa7d65-0706-41a8-86e5-68d32ab33683_8602_b5a9f638,101,test:unloaded,normal,cpu,role_aggregate,20,128,32,middle,True,True,0,20,40,"{""2"": 20}",0,20,0,20,129
results\d5_formal\raw_r1\boot_02\batch_20260919T121506.721995Z_47afa15b.json.gz,20260919T121506.721995Z_47afa15b,4,d9aa7d65-0706-41a8-86e5-68d32ab33683,d5_d9aa7d65-0706-41a8-86e5-68d32ab33683_8602_b5a9f638,102,test:unloaded,normal,cpu,role_aggregate,20,128,32,middle,True,True,0,20,40,"{""2"": 20}",0,20,0,20,129
results\d5_formal\raw_r1\boot_02\batch_20260919T121515.187549Z_1b8d605b.json.gz,20260919T121515.187549Z_1b8d605b,4,d9aa7d65-0706-41a8-86e5-68d32ab33683,d5_d9aa7d65-0706-41a8-86e5-68d32ab33683_8602_b5a9f638,103,test:unloaded,normal,cpu,role_aggregate,20,128,32,middle,True,True,0,20,40,"{""2"": 20}",0,20,0,20,129
results\d5_formal\raw_r1\boot_02\batch_20260919T121523.533758Z_ebf807e4.json.gz,20260919T121523.533758Z_ebf807e4,4,d9aa7d65-0706-41a8-86e5-68d32ab33683,d5_d9aa7d65-0706-41a8-86e5-68d32ab33683_8602_b5a9f638,104,test:unloaded,normal,cpu,role_aggregate,20,128,32,middle,True,True,0,20,40,"{""2"": 20}",0,20,0,20,129
results\d5_formal\raw_r1\boot_02\batch_20260919T121531.975092Z_2462346b.json.gz,20260919T121531.975092Z_2462346b,4,d9aa7d65-0706-41a8-86e5-68d32ab33683,d5_d9aa7d65-0706-41a8-86e5-68d32ab33683_8602_b5a9f638,105,test:unloaded,normal,cpu,role_aggregate,20,128,32,middle,True,True,0,20,40,"{""2"": 20}",0,20,0,20,129
results\d5_formal\raw_r1\boot_02\batch_20260919T121540.334585Z_baa102ac.json.gz,20260919T121540.334585Z_baa102ac,4,d9aa7d65-0706-41a8-86e5-68d32ab33683,d5_d9aa7d65-0706-41a8-86e5-68d32ab33683_8602_b5a9f638,106,test:unloaded,normal,cpu,role_aggregate,20,128,32,middle,True,True,0,20,40,"{""2"": 20}",0,20,0,20,129
results\d5_formal\raw_r1\boot_02\batch_20260919T121548.916921Z_a4ff6212.json.gz,20260919T121548.916921Z_a4ff6212,4,d9aa7d65-0706-41a8-86e5-68d32ab33683,d5_d9aa7d65-0706-41a8-86e5-68d32ab33683_8602_b5a9f638,107,test:unloaded,normal,cpu,role_aggregate,20,128,32,middle,True,True,0,20,40,"{""2"": 20}",0,20,0,20,129
results\d5_formal\raw_r1\boot_02\batch_20260919T121552.407138Z_2897e928.json.gz,20260919T121552.407138Z_2897e928,4,d9aa7d65-0706-41a8-86e5-68d32ab33683,d5_d9aa7d65-0706-41a8-86e5-68d32ab33683_8602_b5a9f638,108,test:unloaded,normal,memory,role_aggregate,20,128,32,middle,True,True,0,20,40,"{""2"": 20}",0,20,0,20,129
results\d5_formal\raw_r1\boot_02\batch_20260919T121555.786829Z_a5a0b76b.json.gz,20260919T121555.786829Z_a5a0b76b,4,d9aa7d65-0706-41a8-86e5-68d32ab33683,d5_d9aa7d65-0706-41a8-86e5-68d32ab33683_8602_b5a9f638,109,test:unloaded,normal,memory,role_aggregate,20,128,32,middle,True,True,0,20,40,"{""2"": 20}",0,20,0,20,129
results\d5_formal\raw_r1\boot_02\batch_20260919T121559.094785Z_2a45ef4e.json.gz,20260919T121559.094785Z_2a45ef4e,4,d9aa7d65-0706-41a8-86e5-68d32ab33683,d5_d9aa7d65-0706-41a8-86e5-68d32ab33683_8602_b5a9f638,110,test:unloaded,normal,memory,role_aggregate,20,128,32,middle,True,True,0,20,40,"{""2"": 20}",0,20,0,20,129
results\d5_formal\raw_r1\boot_02\batch_20260919T121602.416553Z_3d6453bc.json.gz,20260919T121602.416553Z_3d6453bc,4,d9aa7d65-0706-41a8-86e5-68d32ab33683,d5_d9aa7d65-0706-41a8-86e5-68d32ab33683_8602_b5a9f638,111,test:unloaded,normal,memory,role_aggregate,20,128,32,middle,True,True,0,20,40,"{""2"": 20}",0,20,0,20,129
results\d5_formal\raw_r1\boot_02\batch_20260919T121605.798647Z_fb7b5c25.json.gz,20260919T121605.798647Z_fb7b5c25,4,d9aa7d65-0706-41a8-86e5-68d32ab33683,d5_d9aa7d65-0706-41a8-86e5-68d32ab33683_8602_b5a9f638,112,test:unloaded,normal,memory,role_aggregate,20,128,32,middle,True,True,0,20,40,"{""2"": 20}",0,20,0,20,129
results\d5_formal\raw_r1\boot_02\batch_20260919T121609.239874Z_ea36afec.json.gz,20260919T121609.239874Z_ea36afec,4,d9aa7d65-0706-41a8-86e5-68d32ab33683,d5_d9aa7d65-0706-41a8-86e5-68d32ab33683_8602_b5a9f638,113,test:unloaded,normal,memory,role_aggregate,20,128,32,middle,True,True,0,20,40,"{""2"": 20}",0,20,0,20,129
results\d5_formal\raw_r1\boot_02\batch_20260919T121612.707993Z_dc90b6cc.json.gz,20260919T121612.707993Z_dc90b6cc,4,d9aa7d65-0706-41a8-86e5-68d32ab33683,d5_d9aa7d65-0706-41a8-86e5-68d32ab33683_8602_b5a9f638,114,test:unloaded,normal,memory,role_aggregate,20,128,32,middle,True,True,0,20,40,"{""2"": 20}",0,20,0,20,129
results\d5_formal\raw_r1\boot_02\batch_20260919T121616.191989Z_38706f6f.json.gz,20260919T121616.191989Z_38706f6f,4,d9aa7d65-0706-41a8-86e5-68d32ab33683,d5_d9aa7d65-0706-41a8-86e5-68d32ab33683_8602_b5a9f638,115,test:unloaded,normal,memory,role_aggregate,20,128,32,middle,True,True,0,20,40,"{""2"": 20}",0,20,0,20,129
results\d5_formal\raw_r1\boot_02\batch_20260919T121619.665005Z_314ed4aa.json.gz,20260919T121619.665005Z_314ed4aa,4,d9aa7d65-0706-41a8-86e5-68d32ab33683,d5_d9aa7d65-0706-41a8-86e5-68d32ab33683_8602_b5a9f638,116,test:unloaded,normal,memory,role_aggregate,20,128,32,middle,True,True,0,20,40,"{""2"": 20}",0,20,0,20,129
results\d5_formal\raw_r1\boot_02\batch_20260919T121623.125623Z_0c260bf1.json.gz,20260919T121623.125623Z_0c260bf1,4,d9aa7d65-0706-41a8-86e5-68d32ab33683,d5_d9aa7d65-0706-41a8-86e5-68d32ab33683_8602_b5a9f638,117,test:unloaded,normal,memory,role_aggregate,20,128,32,middle,True,True,0,20,40,"{""2"": 20}",0,20,0,20,129
results\d5_formal\raw_r1\boot_02\batch_20260919T121626.573650Z_d5686f07.json.gz,20260919T121626.573650Z_d5686f07,4,d9aa7d65-0706-41a8-86e5-68d32ab33683,d5_d9aa7d65-0706-41a8-86e5-68d32ab33683_8602_b5a9f638,118,test:unloaded,normal,memory,role_aggregate,20,128,32,middle,True,True,0,20,40,"{""2"": 20}",0,20,0,20,129
results\d5_formal\raw_r1\boot_02\batch_20260919T121630.022617Z_1575049d.json.gz,20260919T121630.022617Z_1575049d,4,d9aa7d65-0706-41a8-86e5-68d32ab33683,d5_d9aa7d65-0706-41a8-86e5-68d32ab33683_8602_b5a9f638,119,test:unloaded,normal,memory,role_aggregate,20,128,32,middle,True,True,0,20,40,"{""2"": 20}",0,20,0,20,129
results\d5_formal\raw_r1\boot_02\batch_20260919T121633.554983Z_5997c424.json.gz,20260919T121633.554983Z_5997c424,4,d9aa7d65-0706-41a8-86e5-68d32ab33683,d5_d9aa7d65-0706-41a8-86e5-68d32ab33683_8602_b5a9f638,120,test:unloaded,normal,memory,role_aggregate,20,128,32,middle,True,True,0,20,40,"{""2"": 20}",0,20,0,20,129
results\d5_formal\raw_r1\boot_02\batch_20260919T121637.051609Z_7f21dcf2.json.gz,20260919T121637.051609Z_7f21dcf2,4,d9aa7d65-0706-41a8-86e5-68d32ab33683,d5_d9aa7d65-0706-41a8-86e5-68d32ab33683_8602_b5a9f638,121,test:unloaded,normal,memory,role_aggregate,20,128,32,middle,True,True,0,20,40,"{""2"": 20}",0,20,0,20,129
results\d5_formal\raw_r1\boot_02\batch_20260919T121640.585860Z_a946615e.json.gz,20260919T121640.585860Z_a946615e,4,d9aa7d65-0706-41a8-86e5-68d32ab33683,d5_d9aa7d65-0706-41a8-86e5-68d32ab33683_8602_b5a9f638,122,test:unloaded,normal,memory,role_aggregate,20,128,32,middle,True,True,0,20,40,"{""2"": 20}",0,20,0,20,129
results\d5_formal\raw_r1\boot_02\batch_20260919T121644.114117Z_31b81ca8.json.gz,20260919T121644.114117Z_31b81ca8,4,d9aa7d65-0706-41a8-86e5-68d32ab33683,d5_d9aa7d65-0706-41a8-86e5-68d32ab33683_8602_b5a9f638,123,test:unloaded,normal,memory,role_aggregate,20,128,32,middle,True,True,0,20,40,"{""2"": 20}",0,20,0,20,129
results\d5_formal\raw_r1\boot_02\batch_20260919T121647.730887Z_5095ff50.json.gz,20260919T121647.730887Z_5095ff50,4,d9aa7d65-0706-41a8-86e5-68d32ab33683,d5_d9aa7d65-0706-41a8-86e5-68d32ab33683_8602_b5a9f638,124,test:unloaded,normal,memory,role_aggregate,20,128,32,middle,True,True,0,20,40,"{""2"": 20}",0,20,0,20,129
results\d5_formal\raw_r1\boot_02\batch_20260919T121651.166959Z_a22836a1.json.gz,20260919T121651.166959Z_a22836a1,4,d9aa7d65-0706-41a8-86e5-68d32ab33683,d5_d9aa7d65-0706-41a8-86e5-68d32ab33683_8602_b5a9f638,125,test:unloaded,normal,memory,role_aggregate,20,128,32,middle,True,True,0,20,40,"{""2"": 20}",0,20,0,20,129
results\d5_formal\raw_r1\boot_02\batch_20260919T121654.885918Z_8d5062df.json.gz,20260919T121654.885918Z_8d5062df,4,d9aa7d65-0706-41a8-86e5-68d32ab33683,d5_d9aa7d65-0706-41a8-86e5-68d32ab33683_8602_b5a9f638,126,test:unloaded,normal,memory,role_aggregate,20,128,32,middle,True,True,0,20,40,"{""2"": 20}",0,20,0,20,129
results\d5_formal\raw_r1\boot_02\batch_20260919T121658.365665Z_40556405.json.gz,20260919T121658.365665Z_40556405,4,d9aa7d65-0706-41a8-86e5-68d32ab33683,d5_d9aa7d65-0706-41a8-86e5-68d32ab33683_8602_b5a9f638,127,test:unloaded,normal,memory,role_aggregate,20,128,32,middle,True,True,0,20,40,"{""2"": 20}",0,20,0,20,129
results\d5_formal\raw_r1\boot_02\batch_20260919T121701.776978Z_0abaa700.json.gz,20260919T121701.776978Z_0abaa700,4,d9aa7d65-0706-41a8-86e5-68d32ab33683,d5_d9aa7d65-0706-41a8-86e5-68d32ab33683_8602_b5a9f638,128,test:unloaded,normal,memory,role_aggregate,20,128,32,middle,True,True,0,20,40,"{""2"": 20}",0,20,0,20,129
results\d5_formal\raw_r1\boot_02\batch_20260919T121705.452880Z_1b516e70.json.gz,20260919T121705.452880Z_1b516e70,4,d9aa7d65-0706-41a8-86e5-68d32ab33683,d5_d9aa7d65-0706-41a8-86e5-68d32ab33683_8602_b5a9f638,129,test:unloaded,normal,memory,role_aggregate,20,128,32,middle,True,True,0,20,40,"{""2"": 20}",0,20,0,20,129
results\d5_formal\raw_r1\boot_02\batch_20260919T121708.858572Z_bbc5c05b.json.gz,20260919T121708.858572Z_bbc5c05b,4,d9aa7d65-0706-41a8-86e5-68d32ab33683,d5_d9aa7d65-0706-41a8-86e5-68d32ab33683_8602_b5a9f638,130,test:unloaded,normal,memory,role_aggregate,20,128,32,middle,True,True,0,20,40,"{""2"": 20}",0,20,0,20,129
results\d5_formal\raw_r1\boot_02\batch_20260919T121712.246576Z_f13931e3.json.gz,20260919T121712.246576Z_f13931e3,4,d9aa7d65-0706-41a8-86e5-68d32ab33683,d5_d9aa7d65-0706-41a8-86e5-68d32ab33683_8602_b5a9f638,131,test:unloaded,normal,memory,role_aggregate,20,128,32,middle,True,True,0,20,40,"{""2"": 20}",0,20,0,20,129
results\d5_formal\raw_r1\boot_02\batch_20260919T121715.761657Z_7d664cc0.json.gz,20260919T121715.761657Z_7d664cc0,4,d9aa7d65-0706-41a8-86e5-68d32ab33683,d5_d9aa7d65-0706-41a8-86e5-68d32ab33683_8602_b5a9f638,132,test:unloaded,normal,memory,role_aggregate,20,128,32,middle,True,True,0,20,40,"{""2"": 20}",0,20,0,20,129
results\d5_formal\raw_r1\boot_02\batch_20260919T121719.081692Z_485d1cb2.json.gz,20260919T121719.081692Z_485d1cb2,4,d9aa7d65-0706-41a8-86e5-68d32ab33683,d5_d9aa7d65-0706-41a8-86e5-68d32ab33683_8602_b5a9f638,133,test:unloaded,normal,memory,role_aggregate,20,128,32,middle,True,True,0,20,40,"{""2"": 20}",0,20,0,20,129
results\d5_formal\raw_r1\boot_02\batch_20260919T121722.493696Z_0bfbc347.json.gz,20260919T121722.493696Z_0bfbc347,4,d9aa7d65-0706-41a8-86e5-68d32ab33683,d5_d9aa7d65-0706-41a8-86e5-68d32ab33683_8602_b5a9f638,134,test:unloaded,normal,memory,role_aggregate,20,128,32,middle,True,True,0,20,40,"{""2"": 20}",0,20,0,20,129
results\d5_formal\raw_r1\boot_02\batch_20260919T121725.851083Z_61a58150.json.gz,20260919T121725.851083Z_61a58150,4,d9aa7d65-0706-41a8-86e5-68d32ab33683,d5_d9aa7d65-0706-41a8-86e5-68d32ab33683_8602_b5a9f638,135,test:unloaded,normal,memory,role_aggregate,20,128,32,middle,True,True,0,20,40,"{""2"": 20}",0,20,0,20,129
results\d5_formal\raw_r1\boot_02\batch_20260919T121729.218053Z_4b744e7c.json.gz,20260919T121729.218053Z_4b744e7c,4,d9aa7d65-0706-41a8-86e5-68d32ab33683,d5_d9aa7d65-0706-41a8-86e5-68d32ab33683_8602_b5a9f638,136,test:unloaded,normal,memory,role_aggregate,20,128,32,middle,True,True,0,20,40,"{""2"": 20}",0,20,0,20,129
results\d5_formal\raw_r1\boot_02\batch_20260919T121732.577705Z_dcf2b0c5.json.gz,20260919T121732.577705Z_dcf2b0c5,4,d9aa7d65-0706-41a8-86e5-68d32ab33683,d5_d9aa7d65-0706-41a8-86e5-68d32ab33683_8602_b5a9f638,137,test:unloaded,normal,memory,role_aggregate,20,128,32,middle,True,True,0,20,40,"{""2"": 20}",0,20,0,20,129
results\d5_formal\raw_r1\boot_02\batch_20260919T121735.923725Z_2b0c4203.json.gz,20260919T121735.923725Z_2b0c4203,4,d9aa7d65-0706-41a8-86e5-68d32ab33683,d5_d9aa7d65-0706-41a8-86e5-68d32ab33683_8602_b5a9f638,138,test:unloaded,normal,memory,role_aggregate,20,128,32,middle,True,True,0,20,40,"{""2"": 20}",0,20,0,20,129
results\d5_formal\raw_r1\boot_02\batch_20260919T121739.330760Z_42b13ff1.json.gz,20260919T121739.330760Z_42b13ff1,4,d9aa7d65-0706-41a8-86e5-68d32ab33683,d5_d9aa7d65-0706-41a8-86e5-68d32ab33683_8602_b5a9f638,139,test:unloaded,normal,memory,role_aggregate,20,128,32,middle,True,True,0,20,40,"{""2"": 20}",0,20,0,20,129
results\d5_formal\raw_r1\boot_02\batch_20260919T121742.718864Z_bc8aa39c.json.gz,20260919T121742.718864Z_bc8aa39c,4,d9aa7d65-0706-41a8-86e5-68d32ab33683,d5_d9aa7d65-0706-41a8-86e5-68d32ab33683_8602_b5a9f638,140,test:unloaded,normal,memory,role_aggregate,20,128,32,middle,True,True,0,20,40,"{""2"": 20}",0,20,0,20,129
results\d5_formal\raw_r1\boot_02\batch_20260919T121746.066900Z_84f68fc4.json.gz,20260919T121746.066900Z_84f68fc4,4,d9aa7d65-0706-41a8-86e5-68d32ab33683,d5_d9aa7d65-0706-41a8-86e5-68d32ab33683_8602_b5a9f638,141,test:unloaded,normal,memory,role_aggregate,20,128,32,middle,True,True,0,20,40,"{""2"": 20}",0,20,0,20,129
results\d5_formal\raw_r1\boot_02\batch_20260919T121749.396988Z_50dabc6b.json.gz,20260919T121749.396988Z_50dabc6b,4,d9aa7d65-0706-41a8-86e5-68d32ab33683,d5_d9aa7d65-0706-41a8-86e5-68d32ab33683_8602_b5a9f638,142,test:unloaded,normal,memory,role_aggregate,20,128,32,middle,True,True,0,20,40,"{""2"": 20}",0,20,0,20,129
results\d5_formal\raw_r1\boot_02\batch_20260919T121752.700779Z_f3057aed.json.gz,20260919T121752.700779Z_f3057aed,4,d9aa7d65-0706-41a8-86e5-68d32ab33683,d5_d9aa7d65-0706-41a8-86e5-68d32ab33683_8602_b5a9f638,143,test:unloaded,normal,memory,role_aggregate,20,128,32,middle,True,True,0,20,40,"{""2"": 20}",0,20,0,20,129
results\d5_formal\raw_r1\boot_02\batch_20260919T121756.166241Z_17d6d196.json.gz,20260919T121756.166241Z_17d6d196,4,d9aa7d65-0706-41a8-86e5-68d32ab33683,d5_d9aa7d65-0706-41a8-86e5-68d32ab33683_8602_b5a9f638,144,test:unloaded,normal,memory,role_aggregate,20,128,32,middle,True,True,0,20,40,"{""2"": 20}",0,20,0,20,129
results\d5_formal\raw_r1\boot_02\batch_20260919T121759.545707Z_6baedc56.json.gz,20260919T121759.545707Z_6baedc56,4,d9aa7d65-0706-41a8-86e5-68d32ab33683,d5_d9aa7d65-0706-41a8-86e5-68d32ab33683_8602_b5a9f638,145,test:unloaded,normal,memory,role_aggregate,20,128,32,middle,True,True,0,20,40,"{""2"": 20}",0,20,0,20,129
results\d5_formal\raw_r1\boot_02\batch_20260919T121802.798832Z_b76ecfa0.json.gz,20260919T121802.798832Z_b76ecfa0,4,d9aa7d65-0706-41a8-86e5-68d32ab33683,d5_d9aa7d65-0706-41a8-86e5-68d32ab33683_8602_b5a9f638,146,test:unloaded,normal,memory,role_aggregate,20,128,32,middle,True,True,0,20,40,"{""2"": 20}",0,20,0,20,129
results\d5_formal\raw_r1\boot_02\batch_20260919T121806.126496Z_e2ad1747.json.gz,20260919T121806.126496Z_e2ad1747,4,d9aa7d65-0706-41a8-86e5-68d32ab33683,d5_d9aa7d65-0706-41a8-86e5-68d32ab33683_8602_b5a9f638,147,test:unloaded,normal,memory,role_aggregate,20,128,32,middle,True,True,0,20,40,"{""2"": 20}",0,20,0,20,129
results\d5_formal\raw_r1\boot_02\batch_20260919T121814.695033Z_5c50f43a.json.gz,20260919T121814.695033Z_5c50f43a,4,d9aa7d65-0706-41a8-86e5-68d32ab33683,d5_d9aa7d65-0706-41a8-86e5-68d32ab33683_8602_b5a9f638,148,test:unloaded,normal,mixed,role_aggregate,20,128,32,middle,True,True,0,20,40,"{""2"": 20}",0,20,0,20,129
results\d5_formal\raw_r1\boot_02\batch_20260919T121823.262780Z_8f00c96a.json.gz,20260919T121823.262780Z_8f00c96a,4,d9aa7d65-0706-41a8-86e5-68d32ab33683,d5_d9aa7d65-0706-41a8-86e5-68d32ab33683_8602_b5a9f638,149,test:unloaded,normal,mixed,role_aggregate,20,128,32,middle,True,True,0,20,40,"{""2"": 20}",0,20,0,20,129
results\d5_formal\raw_r1\boot_02\batch_20260919T121831.734593Z_76504bb8.json.gz,20260919T121831.734593Z_76504bb8,4,d9aa7d65-0706-41a8-86e5-68d32ab33683,d5_d9aa7d65-0706-41a8-86e5-68d32ab33683_8602_b5a9f638,150,test:unloaded,normal,mixed,role_aggregate,20,128,32,middle,True,True,0,20,40,"{""2"": 20}",0,20,0,20,129
results\d5_formal\raw_r1\boot_02\batch_20260919T121840.211136Z_d5b523c3.json.gz,20260919T121840.211136Z_d5b523c3,4,d9aa7d65-0706-41a8-86e5-68d32ab33683,d5_d9aa7d65-0706-41a8-86e5-68d32ab33683_8602_b5a9f638,151,test:unloaded,normal,mixed,role_aggregate,20,128,32,middle,True,True,0,20,40,"{""2"": 20}",0,20,0,20,129
results\d5_formal\raw_r1\boot_02\batch_20260919T121848.721907Z_158bb290.json.gz,20260919T121848.721907Z_158bb290,4,d9aa7d65-0706-41a8-86e5-68d32ab33683,d5_d9aa7d65-0706-41a8-86e5-68d32ab33683_8602_b5a9f638,152,test:unloaded,normal,mixed,role_aggregate,20,128,32,middle,True,True,0,20,40,"{""2"": 20}",0,20,0,20,129
results\d5_formal\raw_r1\boot_02\batch_20260919T121857.366915Z_b02f9e53.json.gz,20260919T121857.366915Z_b02f9e53,4,d9aa7d65-0706-41a8-86e5-68d32ab33683,d5_d9aa7d65-0706-41a8-86e5-68d32ab33683_8602_b5a9f638,153,test:unloaded,normal,mixed,role_aggregate,20,128,32,middle,True,True,0,20,40,"{""2"": 20}",0,20,0,20,129
results\d5_formal\raw_r1\boot_02\batch_20260919T121906.019688Z_efa75f9f.json.gz,20260919T121906.019688Z_efa75f9f,4,d9aa7d65-0706-41a8-86e5-68d32ab33683,d5_d9aa7d65-0706-41a8-86e5-68d32ab33683_8602_b5a9f638,154,test:unloaded,normal,mixed,role_aggregate,20,128,32,middle,True,True,0,20,40,"{""2"": 20}",0,20,0,20,129
results\d5_formal\raw_r1\boot_02\batch_20260919T121914.472657Z_7e9436d4.json.gz,20260919T121914.472657Z_7e9436d4,4,d9aa7d65-0706-41a8-86e5-68d32ab33683,d5_d9aa7d65-0706-41a8-86e5-68d32ab33683_8602_b5a9f638,155,test:unloaded,normal,mixed,role_aggregate,20,128,32,middle,True,True,0,20,40,"{""2"": 20}",0,20,0,20,129
results\d5_formal\raw_r1\boot_02\batch_20260919T121922.871867Z_6161e17f.json.gz,20260919T121922.871867Z_6161e17f,4,d9aa7d65-0706-41a8-86e5-68d32ab33683,d5_d9aa7d65-0706-41a8-86e5-68d32ab33683_8602_b5a9f638,156,test:unloaded,normal,mixed,role_aggregate,20,128,32,middle,True,True,0,20,40,"{""2"": 20}",0,20,0,20,129
results\d5_formal\raw_r1\boot_02\batch_20260919T121931.291610Z_50d74907.json.gz,20260919T121931.291610Z_50d74907,4,d9aa7d65-0706-41a8-86e5-68d32ab33683,d5_d9aa7d65-0706-41a8-86e5-68d32ab33683_8602_b5a9f638,157,test:unloaded,normal,mixed,role_aggregate,20,128,32,middle,True,True,0,20,40,"{""2"": 20}",0,20,0,20,129
results\d5_formal\raw_r1\boot_02\batch_20260919T121939.761781Z_0a048fab.json.gz,20260919T121939.761781Z_0a048fab,4,d9aa7d65-0706-41a8-86e5-68d32ab33683,d5_d9aa7d65-0706-41a8-86e5-68d32ab33683_8602_b5a9f638,158,test:unloaded,normal,mixed,role_aggregate,20,128,32,middle,True,True,0,20,40,"{""2"": 20}",0,20,0,20,129
results\d5_formal\raw_r1\boot_02\batch_20260919T121948.324634Z_27bb3afc.json.gz,20260919T121948.324634Z_27bb3afc,4,d9aa7d65-0706-41a8-86e5-68d32ab33683,d5_d9aa7d65-0706-41a8-86e5-68d32ab33683_8602_b5a9f638,159,test:unloaded,normal,mixed,role_aggregate,20,128,32,middle,True,True,0,20,40,"{""2"": 20}",0,20,0,20,129
results\d5_formal\raw_r1\boot_02\batch_20260919T121956.741639Z_258df166.json.gz,20260919T121956.741639Z_258df166,4,d9aa7d65-0706-41a8-86e5-68d32ab33683,d5_d9aa7d65-0706-41a8-86e5-68d32ab33683_8602_b5a9f638,160,test:unloaded,normal,mixed,role_aggregate,20,128,32,middle,True,True,0,20,40,"{""2"": 20}",0,20,0,20,129
results\d5_formal\raw_r1\boot_02\batch_20260919T122005.225581Z_0d507174.json.gz,20260919T122005.225581Z_0d507174,4,d9aa7d65-0706-41a8-86e5-68d32ab33683,d5_d9aa7d65-0706-41a8-86e5-68d32ab33683_8602_b5a9f638,161,test:unloaded,normal,mixed,role_aggregate,20,128,32,middle,True,True,0,20,40,"{""2"": 20}",0,20,0,20,129
results\d5_formal\raw_r1\boot_02\batch_20260919T122013.792767Z_773aab11.json.gz,20260919T122013.792767Z_773aab11,4,d9aa7d65-0706-41a8-86e5-68d32ab33683,d5_d9aa7d65-0706-41a8-86e5-68d32ab33683_8602_b5a9f638,162,test:unloaded,normal,mixed,role_aggregate,20,128,32,middle,True,True,0,20,40,"{""2"": 20}",0,20,0,20,129
results\d5_formal\raw_r1\boot_02\batch_20260919T122022.286605Z_6ebaafea.json.gz,20260919T122022.286605Z_6ebaafea,4,d9aa7d65-0706-41a8-86e5-68d32ab33683,d5_d9aa7d65-0706-41a8-86e5-68d32ab33683_8602_b5a9f638,163,test:unloaded,normal,mixed,role_aggregate,20,128,32,middle,True,True,0,20,40,"{""2"": 20}",0,20,0,20,129
results\d5_formal\raw_r1\boot_02\batch_20260919T122030.729607Z_8345996d.json.gz,20260919T122030.729607Z_8345996d,4,d9aa7d65-0706-41a8-86e5-68d32ab33683,d5_d9aa7d65-0706-41a8-86e5-68d32ab33683_8602_b5a9f638,164,test:unloaded,normal,mixed,role_aggregate,20,128,32,middle,True,True,0,20,40,"{""2"": 20}",0,20,0,20,129
results\d5_formal\raw_r1\boot_02\batch_20260919T122039.273894Z_5b171a0e.json.gz,20260919T122039.273894Z_5b171a0e,4,d9aa7d65-0706-41a8-86e5-68d32ab33683,d5_d9aa7d65-0706-41a8-86e5-68d32ab33683_8602_b5a9f638,165,test:unloaded,normal,mixed,role_aggregate,20,128,32,middle,True,True,0,20,40,"{""2"": 20}",0,20,0,20,129
results\d5_formal\raw_r1\boot_02\batch_20260919T122047.843707Z_b65b5afd.json.gz,20260919T122047.843707Z_b65b5afd,4,d9aa7d65-0706-41a8-86e5-68d32ab33683,d5_d9aa7d65-0706-41a8-86e5-68d32ab33683_8602_b5a9f638,166,test:unloaded,normal,mixed,role_aggregate,20,128,32,middle,True,True,0,20,40,"{""2"": 20}",0,20,0,20,129
results\d5_formal\raw_r1\boot_02\batch_20260919T122056.389891Z_5bcb77c5.json.gz,20260919T122056.389891Z_5bcb77c5,4,d9aa7d65-0706-41a8-86e5-68d32ab33683,d5_d9aa7d65-0706-41a8-86e5-68d32ab33683_8602_b5a9f638,167,test:unloaded,normal,mixed,role_aggregate,20,128,32,middle,True,True,0,20,40,"{""2"": 20}",0,20,0,20,129
results\d5_formal\raw_r1\boot_02\batch_20260919T122105.044732Z_7b4e17b5.json.gz,20260919T122105.044732Z_7b4e17b5,4,d9aa7d65-0706-41a8-86e5-68d32ab33683,d5_d9aa7d65-0706-41a8-86e5-68d32ab33683_8602_b5a9f638,168,test:unloaded,normal,mixed,role_aggregate,20,128,32,middle,True,True,0,20,40,"{""2"": 20}",0,20,0,20,129
results\d5_formal\raw_r1\boot_02\batch_20260919T122113.430624Z_8ef8a25d.json.gz,20260919T122113.430624Z_8ef8a25d,4,d9aa7d65-0706-41a8-86e5-68d32ab33683,d5_d9aa7d65-0706-41a8-86e5-68d32ab33683_8602_b5a9f638,169,test:unloaded,normal,mixed,role_aggregate,20,128,32,middle,True,True,0,20,40,"{""2"": 20}",0,20,0,20,129
results\d5_formal\raw_r1\boot_02\batch_20260919T122121.906641Z_cda65513.json.gz,20260919T122121.906641Z_cda65513,4,d9aa7d65-0706-41a8-86e5-68d32ab33683,d5_d9aa7d65-0706-41a8-86e5-68d32ab33683_8602_b5a9f638,170,test:unloaded,normal,mixed,role_aggregate,20,128,32,middle,True,True,0,20,40,"{""2"": 20}",0,20,0,20,129
results\d5_formal\raw_r1\boot_02\batch_20260919T122130.341456Z_d0e67cc8.json.gz,20260919T122130.341456Z_d0e67cc8,4,d9aa7d65-0706-41a8-86e5-68d32ab33683,d5_d9aa7d65-0706-41a8-86e5-68d32ab33683_8602_b5a9f638,171,test:unloaded,normal,mixed,role_aggregate,20,128,32,middle,True,True,0,20,40,"{""2"": 20}",0,20,0,20,129
results\d5_formal\raw_r1\boot_02\batch_20260919T122138.772506Z_6864e876.json.gz,20260919T122138.772506Z_6864e876,4,d9aa7d65-0706-41a8-86e5-68d32ab33683,d5_d9aa7d65-0706-41a8-86e5-68d32ab33683_8602_b5a9f638,172,test:unloaded,normal,mixed,role_aggregate,20,128,32,middle,True,True,0,20,40,"{""2"": 20}",0,20,0,20,129
results\d5_formal\raw_r1\boot_02\batch_20260919T122147.232096Z_117ad625.json.gz,20260919T122147.232096Z_117ad625,4,d9aa7d65-0706-41a8-86e5-68d32ab33683,d5_d9aa7d65-0706-41a8-86e5-68d32ab33683_8602_b5a9f638,173,test:unloaded,normal,mixed,role_aggregate,20,128,32,middle,True,True,0,20,40,"{""2"": 20}",0,20,0,20,129
results\d5_formal\raw_r1\boot_02\batch_20260919T122155.674489Z_b5892896.json.gz,20260919T122155.674489Z_b5892896,4,d9aa7d65-0706-41a8-86e5-68d32ab33683,d5_d9aa7d65-0706-41a8-86e5-68d32ab33683_8602_b5a9f638,174,test:unloaded,normal,mixed,role_aggregate,20,128,32,middle,True,True,0,20,40,"{""2"": 20}",0,20,0,20,129
results\d5_formal\raw_r1\boot_02\batch_20260919T122204.249020Z_c48d9d79.json.gz,20260919T122204.249020Z_c48d9d79,4,d9aa7d65-0706-41a8-86e5-68d32ab33683,d5_d9aa7d65-0706-41a8-86e5-68d32ab33683_8602_b5a9f638,175,test:unloaded,normal,mixed,role_aggregate,20,128,32,middle,True,True,0,20,40,"{""2"": 20}",0,20,0,20,129
results\d5_formal\raw_r1\boot_02\batch_20260919T122212.840752Z_4e881598.json.gz,20260919T122212.840752Z_4e881598,4,d9aa7d65-0706-41a8-86e5-68d32ab33683,d5_d9aa7d65-0706-41a8-86e5-68d32ab33683_8602_b5a9f638,176,test:unloaded,normal,mixed,role_aggregate,20,128,32,middle,True,True,0,20,40,"{""2"": 20}",0,20,0,20,129
results\d5_formal\raw_r1\boot_02\batch_20260919T122221.508929Z_65e3e937.json.gz,20260919T122221.508929Z_65e3e937,4,d9aa7d65-0706-41a8-86e5-68d32ab33683,d5_d9aa7d65-0706-41a8-86e5-68d32ab33683_8602_b5a9f638,177,test:unloaded,normal,mixed,role_aggregate,20,128,32,middle,True,True,0,20,40,"{""2"": 20}",0,20,0,20,129
results\d5_formal\raw_r1\boot_02\batch_20260919T122230.110028Z_39830831.json.gz,20260919T122230.110028Z_39830831,4,d9aa7d65-0706-41a8-86e5-68d32ab33683,d5_d9aa7d65-0706-41a8-86e5-68d32ab33683_8602_b5a9f638,178,test:unloaded,normal,mixed,role_aggregate,20,128,32,middle,True,True,0,20,40,"{""2"": 20}",0,20,0,20,129
results\d5_formal\raw_r1\boot_02\batch_20260919T122238.640888Z_bd1b4dee.json.gz,20260919T122238.640888Z_bd1b4dee,4,d9aa7d65-0706-41a8-86e5-68d32ab33683,d5_d9aa7d65-0706-41a8-86e5-68d32ab33683_8602_b5a9f638,179,test:unloaded,normal,mixed,role_aggregate,20,128,32,middle,True,True,0,20,40,"{""2"": 20}",0,20,0,20,129
results\d5_formal\raw_r1\boot_02\batch_20260919T122247.192060Z_62e2d03e.json.gz,20260919T122247.192060Z_62e2d03e,4,d9aa7d65-0706-41a8-86e5-68d32ab33683,d5_d9aa7d65-0706-41a8-86e5-68d32ab33683_8602_b5a9f638,180,test:unloaded,normal,mixed,role_aggregate,20,128,32,middle,True,True,0,20,40,"{""2"": 20}",0,20,0,20,129
results\d5_formal\raw_r1\boot_02\batch_20260919T122255.833708Z_ed953995.json.gz,20260919T122255.833708Z_ed953995,4,d9aa7d65-0706-41a8-86e5-68d32ab33683,d5_d9aa7d65-0706-41a8-86e5-68d32ab33683_8602_b5a9f638,181,test:unloaded,normal,mixed,role_aggregate,20,128,32,middle,True,True,0,20,40,"{""2"": 20}",0,20,0,20,129
results\d5_formal\raw_r1\boot_02\batch_20260919T122304.386559Z_1f3b03d7.json.gz,20260919T122304.386559Z_1f3b03d7,4,d9aa7d65-0706-41a8-86e5-68d32ab33683,d5_d9aa7d65-0706-41a8-86e5-68d32ab33683_8602_b5a9f638,182,test:unloaded,normal,mixed,role_aggregate,20,128,32,middle,True,True,0,20,40,"{""2"": 20}",0,20,0,20,129
results\d5_formal\raw_r1\boot_02\batch_20260919T122312.787644Z_07b8d83f.json.gz,20260919T122312.787644Z_07b8d83f,4,d9aa7d65-0706-41a8-86e5-68d32ab33683,d5_d9aa7d65-0706-41a8-86e5-68d32ab33683_8602_b5a9f638,183,test:unloaded,normal,mixed,role_aggregate,20,128,32,middle,True,True,0,20,40,"{""2"": 20}",0,20,0,20,129
results\d5_formal\raw_r1\boot_02\batch_20260919T122321.186601Z_c67fefa6.json.gz,20260919T122321.186601Z_c67fefa6,4,d9aa7d65-0706-41a8-86e5-68d32ab33683,d5_d9aa7d65-0706-41a8-86e5-68d32ab33683_8602_b5a9f638,184,test:unloaded,normal,mixed,role_aggregate,20,128,32,middle,True,True,0,20,40,"{""2"": 20}",0,20,0,20,129
results\d5_formal\raw_r1\boot_02\batch_20260919T122329.580695Z_21490b1a.json.gz,20260919T122329.580695Z_21490b1a,4,d9aa7d65-0706-41a8-86e5-68d32ab33683,d5_d9aa7d65-0706-41a8-86e5-68d32ab33683_8602_b5a9f638,185,test:unloaded,normal,mixed,role_aggregate,20,128,32,middle,True,True,0,20,40,"{""2"": 20}",0,20,0,20,129
results\d5_formal\raw_r1\boot_02\batch_20260919T122338.023733Z_a9ce4de2.json.gz,20260919T122338.023733Z_a9ce4de2,4,d9aa7d65-0706-41a8-86e5-68d32ab33683,d5_d9aa7d65-0706-41a8-86e5-68d32ab33683_8602_b5a9f638,186,test:unloaded,normal,mixed,role_aggregate,20,128,32,middle,True,True,0,20,40,"{""2"": 20}",0,20,0,20,129
results\d5_formal\raw_r1\boot_02\batch_20260919T122346.619675Z_b8b58b67.json.gz,20260919T122346.619675Z_b8b58b67,4,d9aa7d65-0706-41a8-86e5-68d32ab33683,d5_d9aa7d65-0706-41a8-86e5-68d32ab33683_8602_b5a9f638,187,test:unloaded,normal,mixed,role_aggregate,20,128,32,middle,True,True,0,20,40,"{""2"": 20}",0,20,0,20,129
results\d5_formal\raw_r1\boot_02\batch_20260919T122348.989656Z_01baa07a.json.gz,20260919T122348.989656Z_01baa07a,4,d9aa7d65-0706-41a8-86e5-68d32ab33683,d5_d9aa7d65-0706-41a8-86e5-68d32ab33683_8602_b5a9f638,188,test:unloaded,normal,baseline,role_aggregate,20,128,32,middle,True,True,0,20,40,"{""2"": 20}",0,20,0,20,129
results\d5_formal\raw_r1\boot_02\batch_20260919T122351.431663Z_d7836fbf.json.gz,20260919T122351.431663Z_d7836fbf,4,d9aa7d65-0706-41a8-86e5-68d32ab33683,d5_d9aa7d65-0706-41a8-86e5-68d32ab33683_8602_b5a9f638,189,test:unloaded,normal,baseline,role_aggregate,20,128,32,middle,True,True,0,20,40,"{""2"": 20}",0,20,0,20,129
results\d5_formal\raw_r1\boot_02\batch_20260919T122353.746635Z_5dc19034.json.gz,20260919T122353.746635Z_5dc19034,4,d9aa7d65-0706-41a8-86e5-68d32ab33683,d5_d9aa7d65-0706-41a8-86e5-68d32ab33683_8602_b5a9f638,190,test:unloaded,normal,baseline,role_aggregate,20,128,32,middle,True,True,0,20,40,"{""2"": 20}",0,20,0,20,129
results\d5_formal\raw_r1\boot_02\batch_20260919T122356.881858Z_f95c613b.json.gz,20260919T122356.881858Z_f95c613b,4,d9aa7d65-0706-41a8-86e5-68d32ab33683,d5_d9aa7d65-0706-41a8-86e5-68d32ab33683_8602_b5a9f638,191,test:unloaded,normal,baseline,role_aggregate,20,128,32,middle,True,True,0,20,40,"{""2"": 20}",0,20,0,20,129
results\d5_formal\raw_r1\boot_02\batch_20260919T122359.540878Z_ed1f9c02.json.gz,20260919T122359.540878Z_ed1f9c02,4,d9aa7d65-0706-41a8-86e5-68d32ab33683,d5_d9aa7d65-0706-41a8-86e5-68d32ab33683_8602_b5a9f638,192,test:unloaded,normal,baseline,role_aggregate,20,128,32,middle,True,True,0,20,40,"{""2"": 20}",0,20,0,20,129
results\d5_formal\raw_r1\boot_02\batch_20260919T122401.966576Z_22c4f2ae.json.gz,20260919T122401.966576Z_22c4f2ae,4,d9aa7d65-0706-41a8-86e5-68d32ab33683,d5_d9aa7d65-0706-41a8-86e5-68d32ab33683_8602_b5a9f638,193,test:unloaded,normal,baseline,role_aggregate,20,128,32,middle,True,True,0,20,40,"{""2"": 20}",0,20,0,20,129
results\d5_formal\raw_r1\boot_02\batch_20260919T122404.183910Z_1f8b1d51.json.gz,20260919T122404.183910Z_1f8b1d51,4,d9aa7d65-0706-41a8-86e5-68d32ab33683,d5_d9aa7d65-0706-41a8-86e5-68d32ab33683_8602_b5a9f638,194,test:unloaded,normal,baseline,role_aggregate,20,128,32,middle,True,True,0,20,40,"{""2"": 20}",0,20,0,20,129
results\d5_formal\raw_r1\boot_02\batch_20260919T122406.693563Z_b63fc518.json.gz,20260919T122406.693563Z_b63fc518,4,d9aa7d65-0706-41a8-86e5-68d32ab33683,d5_d9aa7d65-0706-41a8-86e5-68d32ab33683_8602_b5a9f638,195,test:unloaded,normal,baseline,role_aggregate,20,128,32,middle,True,True,0,20,40,"{""2"": 20}",0,20,0,20,129
results\d5_formal\raw_r1\boot_02\batch_20260919T122409.536642Z_839a54e6.json.gz,20260919T122409.536642Z_839a54e6,4,d9aa7d65-0706-41a8-86e5-68d32ab33683,d5_d9aa7d65-0706-41a8-86e5-68d32ab33683_8602_b5a9f638,196,test:unloaded,normal,baseline,role_aggregate,20,128,32,middle,True,True,0,20,40,"{""2"": 20}",0,20,0,20,129
results\d5_formal\raw_r1\boot_02\batch_20260919T122412.120783Z_14076079.json.gz,20260919T122412.120783Z_14076079,4,d9aa7d65-0706-41a8-86e5-68d32ab33683,d5_d9aa7d65-0706-41a8-86e5-68d32ab33683_8602_b5a9f638,197,test:unloaded,normal,baseline,role_aggregate,20,128,32,middle,True,True,0,20,40,"{""2"": 20}",0,20,0,20,129
results\d5_formal\raw_r1\boot_02\batch_20260919T122414.412612Z_1c972716.json.gz,20260919T122414.412612Z_1c972716,4,d9aa7d65-0706-41a8-86e5-68d32ab33683,d5_d9aa7d65-0706-41a8-86e5-68d32ab33683_8602_b5a9f638,198,test:unloaded,normal,baseline,role_aggregate,20,128,32,middle,True,True,0,20,40,"{""2"": 20}",0,20,0,20,129
results\d5_formal\raw_r1\boot_02\batch_20260919T122415.805729Z_5f3af068.json.gz,20260919T122415.805729Z_5f3af068,4,d9aa7d65-0706-41a8-86e5-68d32ab33683,d5_d9aa7d65-0706-41a8-86e5-68d32ab33683_8602_b5a9f638,199,test:unloaded,normal,baseline,role_aggregate,20,128,32,middle,True,True,0,20,40,"{""2"": 20}",0,20,0,20,129
results\d5_formal\raw_r1\boot_02\batch_20260919T122416.740083Z_59d5fd2f.json.gz,20260919T122416.740083Z_59d5fd2f,4,d9aa7d65-0706-41a8-86e5-68d32ab33683,d5_d9aa7d65-0706-41a8-86e5-68d32ab33683_8602_b5a9f638,200,test:unloaded,normal,baseline,role_aggregate,20,128,32,middle,True,True,0,20,40,"{""2"": 20}",0,20,0,20,129
results\d5_formal\raw_r1\boot_02\batch_20260919T122417.639842Z_42e5f1cf.json.gz,20260919T122417.639842Z_42e5f1cf,4,d9aa7d65-0706-41a8-86e5-68d32ab33683,d5_d9aa7d65-0706-41a8-86e5-68d32ab33683_8602_b5a9f638,201,test:unloaded,normal,baseline,role_aggregate,20,128,32,middle,True,True,0,20,40,"{""2"": 20}",0,20,0,20,129
results\d5_formal\raw_r1\boot_02\batch_20260919T122418.487631Z_cb037018.json.gz,20260919T122418.487631Z_cb037018,4,d9aa7d65-0706-41a8-86e5-68d32ab33683,d5_d9aa7d65-0706-41a8-86e5-68d32ab33683_8602_b5a9f638,202,test:unloaded,normal,baseline,role_aggregate,20,128,32,middle,True,True,0,20,40,"{""2"": 20}",0,20,0,20,129
results\d5_formal\raw_r1\boot_02\batch_20260919T122420.229885Z_244ef737.json.gz,20260919T122420.229885Z_244ef737,4,d9aa7d65-0706-41a8-86e5-68d32ab33683,d5_d9aa7d65-0706-41a8-86e5-68d32ab33683_8602_b5a9f638,203,test:unloaded,normal,baseline,role_aggregate,20,128,32,middle,True,True,0,20,40,"{""2"": 20}",0,20,0,20,129
results\d5_formal\raw_r1\boot_02\batch_20260919T122422.962820Z_be101f81.json.gz,20260919T122422.962820Z_be101f81,4,d9aa7d65-0706-41a8-86e5-68d32ab33683,d5_d9aa7d65-0706-41a8-86e5-68d32ab33683_8602_b5a9f638,204,test:unloaded,normal,baseline,role_aggregate,20,128,32,middle,True,True,0,20,40,"{""2"": 20}",0,20,0,20,129
results\d5_formal\raw_r1\boot_02\batch_20260919T122425.197043Z_2575c4d5.json.gz,20260919T122425.197043Z_2575c4d5,4,d9aa7d65-0706-41a8-86e5-68d32ab33683,d5_d9aa7d65-0706-41a8-86e5-68d32ab33683_8602_b5a9f638,205,test:unloaded,normal,baseline,role_aggregate,20,128,32,middle,True,True,0,20,40,"{""2"": 20}",0,20,0,20,129
results\d5_formal\raw_r1\boot_02\batch_20260919T122427.742709Z_79186333.json.gz,20260919T122427.742709Z_79186333,4,d9aa7d65-0706-41a8-86e5-68d32ab33683,d5_d9aa7d65-0706-41a8-86e5-68d32ab33683_8602_b5a9f638,206,test:unloaded,normal,baseline,role_aggregate,20,128,32,middle,True,True,0,20,40,"{""2"": 20}",0,20,0,20,129
results\d5_formal\raw_r1\boot_02\batch_20260919T122430.189041Z_9bdca592.json.gz,20260919T122430.189041Z_9bdca592,4,d9aa7d65-0706-41a8-86e5-68d32ab33683,d5_d9aa7d65-0706-41a8-86e5-68d32ab33683_8602_b5a9f638,207,test:unloaded,normal,baseline,role_aggregate,20,128,32,middle,True,True,0,20,40,"{""2"": 20}",0,20,0,20,129
results\d5_formal\raw_r1\boot_02\batch_20260919T122432.692065Z_7068aeb6.json.gz,20260919T122432.692065Z_7068aeb6,4,d9aa7d65-0706-41a8-86e5-68d32ab33683,d5_d9aa7d65-0706-41a8-86e5-68d32ab33683_8602_b5a9f638,208,test:hiding,rootkit,baseline,role_aggregate,20,128,32,middle,True,True,0,20,40,"{""2"": 20}",0,20,0,0,
results\d5_formal\raw_r1\boot_02\batch_20260919T122435.709120Z_066d498c.json.gz,20260919T122435.709120Z_066d498c,4,d9aa7d65-0706-41a8-86e5-68d32ab33683,d5_d9aa7d65-0706-41a8-86e5-68d32ab33683_8602_b5a9f638,209,test:hiding,rootkit,baseline,role_aggregate,20,128,32,middle,True,True,0,20,40,"{""2"": 20}",0,20,0,0,
results\d5_formal\raw_r1\boot_02\batch_20260919T122438.732651Z_6964f15b.json.gz,20260919T122438.732651Z_6964f15b,4,d9aa7d65-0706-41a8-86e5-68d32ab33683,d5_d9aa7d65-0706-41a8-86e5-68d32ab33683_8602_b5a9f638,210,test:hiding,rootkit,baseline,role_aggregate,20,128,32,middle,True,True,0,20,40,"{""2"": 20}",0,20,0,0,
results\d5_formal\raw_r1\boot_02\batch_20260919T122441.678855Z_21ea16d7.json.gz,20260919T122441.678855Z_21ea16d7,4,d9aa7d65-0706-41a8-86e5-68d32ab33683,d5_d9aa7d65-0706-41a8-86e5-68d32ab33683_8602_b5a9f638,211,test:hiding,rootkit,baseline,role_aggregate,20,128,32,middle,True,True,0,20,40,"{""2"": 20}",0,20,0,0,
results\d5_formal\raw_r1\boot_02\batch_20260919T122444.643261Z_e98f5e38.json.gz,20260919T122444.643261Z_e98f5e38,4,d9aa7d65-0706-41a8-86e5-68d32ab33683,d5_d9aa7d65-0706-41a8-86e5-68d32ab33683_8602_b5a9f638,212,test:hiding,rootkit,baseline,role_aggregate,20,128,32,middle,True,True,0,20,40,"{""2"": 20}",0,20,0,0,
results\d5_formal\raw_r1\boot_02\batch_20260919T122448.015049Z_ea5a611e.json.gz,20260919T122448.015049Z_ea5a611e,4,d9aa7d65-0706-41a8-86e5-68d32ab33683,d5_d9aa7d65-0706-41a8-86e5-68d32ab33683_8602_b5a9f638,213,test:hiding,rootkit,baseline,role_aggregate,20,128,32,middle,True,True,0,20,40,"{""2"": 20}",0,20,0,0,
results\d5_formal\raw_r1\boot_02\batch_20260919T122451.468914Z_27be1a97.json.gz,20260919T122451.468914Z_27be1a97,4,d9aa7d65-0706-41a8-86e5-68d32ab33683,d5_d9aa7d65-0706-41a8-86e5-68d32ab33683_8602_b5a9f638,214,test:hiding,rootkit,baseline,role_aggregate,20,128,32,middle,True,True,0,20,40,"{""2"": 20}",0,20,0,0,
results\d5_formal\raw_r1\boot_02\batch_20260919T122454.605581Z_ad8310a9.json.gz,20260919T122454.605581Z_ad8310a9,4,d9aa7d65-0706-41a8-86e5-68d32ab33683,d5_d9aa7d65-0706-41a8-86e5-68d32ab33683_8602_b5a9f638,215,test:hiding,rootkit,baseline,role_aggregate,20,128,32,middle,True,True,0,20,40,"{""2"": 20}",0,20,0,0,
results\d5_formal\raw_r1\boot_02\batch_20260919T122457.638620Z_3ed5691f.json.gz,20260919T122457.638620Z_3ed5691f,4,d9aa7d65-0706-41a8-86e5-68d32ab33683,d5_d9aa7d65-0706-41a8-86e5-68d32ab33683_8602_b5a9f638,216,test:hiding,rootkit,baseline,role_aggregate,20,128,32,middle,True,True,0,20,40,"{""2"": 20}",0,20,0,0,
results\d5_formal\raw_r1\boot_02\batch_20260919T122500.491726Z_dc082f70.json.gz,20260919T122500.491726Z_dc082f70,4,d9aa7d65-0706-41a8-86e5-68d32ab33683,d5_d9aa7d65-0706-41a8-86e5-68d32ab33683_8602_b5a9f638,217,test:hiding,rootkit,baseline,role_aggregate,20,128,32,middle,True,True,0,20,40,"{""2"": 20}",0,20,0,0,
results\d5_formal\raw_r1\boot_02\batch_20260919T122503.218539Z_7f04f544.json.gz,20260919T122503.218539Z_7f04f544,4,d9aa7d65-0706-41a8-86e5-68d32ab33683,d5_d9aa7d65-0706-41a8-86e5-68d32ab33683_8602_b5a9f638,218,test:hiding,rootkit,baseline,role_aggregate,20,128,32,middle,True,True,0,20,40,"{""2"": 20}",0,20,0,0,
results\d5_formal\raw_r1\boot_02\batch_20260919T122505.873495Z_75669459.json.gz,20260919T122505.873495Z_75669459,4,d9aa7d65-0706-41a8-86e5-68d32ab33683,d5_d9aa7d65-0706-41a8-86e5-68d32ab33683_8602_b5a9f638,219,test:hiding,rootkit,baseline,role_aggregate,20,128,32,middle,True,True,0,20,40,"{""2"": 20}",0,20,0,0,
results\d5_formal\raw_r1\boot_02\batch_20260919T122508.694051Z_c96e365c.json.gz,20260919T122508.694051Z_c96e365c,4,d9aa7d65-0706-41a8-86e5-68d32ab33683,d5_d9aa7d65-0706-41a8-86e5-68d32ab33683_8602_b5a9f638,220,test:hiding,rootkit,baseline,role_aggregate,20,128,32,middle,True,True,0,20,40,"{""2"": 20}",0,20,0,0,
results\d5_formal\raw_r1\boot_02\batch_20260919T122511.377869Z_ae28b517.json.gz,20260919T122511.377869Z_ae28b517,4,d9aa7d65-0706-41a8-86e5-68d32ab33683,d5_d9aa7d65-0706-41a8-86e5-68d32ab33683_8602_b5a9f638,221,test:hiding,rootkit,baseline,role_aggregate,20,128,32,middle,True,True,0,20,40,"{""2"": 20}",0,20,0,0,
results\d5_formal\raw_r1\boot_02\batch_20260919T122514.084078Z_57c8f9d7.json.gz,20260919T122514.084078Z_57c8f9d7,4,d9aa7d65-0706-41a8-86e5-68d32ab33683,d5_d9aa7d65-0706-41a8-86e5-68d32ab33683_8602_b5a9f638,222,test:hiding,rootkit,baseline,role_aggregate,20,128,32,middle,True,True,0,20,40,"{""2"": 20}",0,20,0,0,
results\d5_formal\raw_r1\boot_02\batch_20260919T122516.825033Z_df4e8cfb.json.gz,20260919T122516.825033Z_df4e8cfb,4,d9aa7d65-0706-41a8-86e5-68d32ab33683,d5_d9aa7d65-0706-41a8-86e5-68d32ab33683_8602_b5a9f638,223,test:hiding,rootkit,baseline,role_aggregate,20,128,32,middle,True,True,0,20,40,"{""2"": 20}",0,20,0,0,
results\d5_formal\raw_r1\boot_02\batch_20260919T122519.534861Z_b4fd752a.json.gz,20260919T122519.534861Z_b4fd752a,4,d9aa7d65-0706-41a8-86e5-68d32ab33683,d5_d9aa7d65-0706-41a8-86e5-68d32ab33683_8602_b5a9f638,224,test:hiding,rootkit,baseline,role_aggregate,20,128,32,middle,True,True,0,20,40,"{""2"": 20}",0,20,0,0,
results\d5_formal\raw_r1\boot_02\batch_20260919T122522.338050Z_f2523d4b.json.gz,20260919T122522.338050Z_f2523d4b,4,d9aa7d65-0706-41a8-86e5-68d32ab33683,d5_d9aa7d65-0706-41a8-86e5-68d32ab33683_8602_b5a9f638,225,test:hiding,rootkit,baseline,role_aggregate,20,128,32,middle,True,True,0,20,40,"{""2"": 20}",0,20,0,0,
results\d5_formal\raw_r1\boot_02\batch_20260919T122525.081566Z_5bca838e.json.gz,20260919T122525.081566Z_5bca838e,4,d9aa7d65-0706-41a8-86e5-68d32ab33683,d5_d9aa7d65-0706-41a8-86e5-68d32ab33683_8602_b5a9f638,226,test:hiding,rootkit,baseline,role_aggregate,20,128,32,middle,True,True,0,20,40,"{""2"": 20}",0,20,0,0,
results\d5_formal\raw_r1\boot_02\batch_20260919T122527.804046Z_8136d986.json.gz,20260919T122527.804046Z_8136d986,4,d9aa7d65-0706-41a8-86e5-68d32ab33683,d5_d9aa7d65-0706-41a8-86e5-68d32ab33683_8602_b5a9f638,227,test:hiding,rootkit,baseline,role_aggregate,20,128,32,middle,True,True,0,20,40,"{""2"": 20}",0,20,0,0,
results\d5_formal\raw_r1\boot_02\batch_20260919T122530.494451Z_b2404e29.json.gz,20260919T122530.494451Z_b2404e29,4,d9aa7d65-0706-41a8-86e5-68d32ab33683,d5_d9aa7d65-0706-41a8-86e5-68d32ab33683_8602_b5a9f638,228,test:hiding,rootkit,baseline,role_aggregate,20,128,32,middle,True,True,0,20,40,"{""2"": 20}",0,20,0,0,
results\d5_formal\raw_r1\boot_02\batch_20260919T122533.244898Z_1a05a407.json.gz,20260919T122533.244898Z_1a05a407,4,d9aa7d65-0706-41a8-86e5-68d32ab33683,d5_d9aa7d65-0706-41a8-86e5-68d32ab33683_8602_b5a9f638,229,test:hiding,rootkit,baseline,role_aggregate,20,128,32,middle,True,True,0,20,40,"{""2"": 20}",0,20,0,0,
results\d5_formal\raw_r1\boot_02\batch_20260919T122535.949054Z_43e7c8a9.json.gz,20260919T122535.949054Z_43e7c8a9,4,d9aa7d65-0706-41a8-86e5-68d32ab33683,d5_d9aa7d65-0706-41a8-86e5-68d32ab33683_8602_b5a9f638,230,test:hiding,rootkit,baseline,role_aggregate,20,128,32,middle,True,True,0,20,40,"{""2"": 20}",0,20,0,0,
results\d5_formal\raw_r1\boot_02\batch_20260919T122538.790857Z_99fa2519.json.gz,20260919T122538.790857Z_99fa2519,4,d9aa7d65-0706-41a8-86e5-68d32ab33683,d5_d9aa7d65-0706-41a8-86e5-68d32ab33683_8602_b5a9f638,231,test:hiding,rootkit,baseline,role_aggregate,20,128,32,middle,True,True,0,20,40,"{""2"": 20}",0,20,0,0,
results\d5_formal\raw_r1\boot_02\batch_20260919T122541.472669Z_a427fe8d.json.gz,20260919T122541.472669Z_a427fe8d,4,d9aa7d65-0706-41a8-86e5-68d32ab33683,d5_d9aa7d65-0706-41a8-86e5-68d32ab33683_8602_b5a9f638,232,test:hiding,rootkit,baseline,role_aggregate,20,128,32,middle,True,True,0,20,40,"{""2"": 20}",0,20,0,0,
results\d5_formal\raw_r1\boot_02\batch_20260919T122544.096570Z_88abdb44.json.gz,20260919T122544.096570Z_88abdb44,4,d9aa7d65-0706-41a8-86e5-68d32ab33683,d5_d9aa7d65-0706-41a8-86e5-68d32ab33683_8602_b5a9f638,233,test:hiding,rootkit,baseline,role_aggregate,20,128,32,middle,True,True,0,20,40,"{""2"": 20}",0,20,0,0,
results\d5_formal\raw_r1\boot_02\batch_20260919T122546.882866Z_06bb8a2d.json.gz,20260919T122546.882866Z_06bb8a2d,4,d9aa7d65-0706-41a8-86e5-68d32ab33683,d5_d9aa7d65-0706-41a8-86e5-68d32ab33683_8602_b5a9f638,234,test:hiding,rootkit,baseline,role_aggregate,20,128,32,middle,True,True,0,20,40,"{""2"": 20}",0,20,0,0,
results\d5_formal\raw_r1\boot_02\batch_20260919T122549.626814Z_147aa925.json.gz,20260919T122549.626814Z_147aa925,4,d9aa7d65-0706-41a8-86e5-68d32ab33683,d5_d9aa7d65-0706-41a8-86e5-68d32ab33683_8602_b5a9f638,235,test:hiding,rootkit,baseline,role_aggregate,20,128,32,middle,True,True,0,20,40,"{""2"": 20}",0,20,0,0,
results\d5_formal\raw_r1\boot_02\batch_20260919T122552.321673Z_65d56eff.json.gz,20260919T122552.321673Z_65d56eff,4,d9aa7d65-0706-41a8-86e5-68d32ab33683,d5_d9aa7d65-0706-41a8-86e5-68d32ab33683_8602_b5a9f638,236,test:hiding,rootkit,baseline,role_aggregate,20,128,32,middle,True,True,0,20,40,"{""2"": 20}",0,20,0,0,
results\d5_formal\raw_r1\boot_02\batch_20260919T122554.932570Z_39f39974.json.gz,20260919T122554.932570Z_39f39974,4,d9aa7d65-0706-41a8-86e5-68d32ab33683,d5_d9aa7d65-0706-41a8-86e5-68d32ab33683_8602_b5a9f638,237,test:hiding,rootkit,baseline,role_aggregate,20,128,32,middle,True,True,0,20,40,"{""2"": 20}",0,20,0,0,
results\d5_formal\raw_r1\boot_02\batch_20260919T122557.606118Z_aa9b3017.json.gz,20260919T122557.606118Z_aa9b3017,4,d9aa7d65-0706-41a8-86e5-68d32ab33683,d5_d9aa7d65-0706-41a8-86e5-68d32ab33683_8602_b5a9f638,238,test:hiding,rootkit,baseline,role_aggregate,20,128,32,middle,True,True,0,20,40,"{""2"": 20}",0,20,0,0,
results\d5_formal\raw_r1\boot_02\batch_20260919T122600.287745Z_07eecdf9.json.gz,20260919T122600.287745Z_07eecdf9,4,d9aa7d65-0706-41a8-86e5-68d32ab33683,d5_d9aa7d65-0706-41a8-86e5-68d32ab33683_8602_b5a9f638,239,test:hiding,rootkit,baseline,role_aggregate,20,128,32,middle,True,True,0,20,40,"{""2"": 20}",0,20,0,0,
results\d5_formal\raw_r1\boot_02\batch_20260919T122603.362707Z_8c678268.json.gz,20260919T122603.362707Z_8c678268,4,d9aa7d65-0706-41a8-86e5-68d32ab33683,d5_d9aa7d65-0706-41a8-86e5-68d32ab33683_8602_b5a9f638,240,test:hiding,rootkit,baseline,role_aggregate,20,128,32,middle,True,True,0,20,40,"{""2"": 20}",0,20,0,0,
results\d5_formal\raw_r1\boot_02\batch_20260919T122606.115562Z_fca10892.json.gz,20260919T122606.115562Z_fca10892,4,d9aa7d65-0706-41a8-86e5-68d32ab33683,d5_d9aa7d65-0706-41a8-86e5-68d32ab33683_8602_b5a9f638,241,test:hiding,rootkit,baseline,role_aggregate,20,128,32,middle,True,True,0,20,40,"{""2"": 20}",0,20,0,0,
results\d5_formal\raw_r1\boot_02\batch_20260919T122609.001892Z_2a9cfe4b.json.gz,20260919T122609.001892Z_2a9cfe4b,4,d9aa7d65-0706-41a8-86e5-68d32ab33683,d5_d9aa7d65-0706-41a8-86e5-68d32ab33683_8602_b5a9f638,242,test:hiding,rootkit,baseline,role_aggregate,20,128,32,middle,True,True,0,20,40,"{""2"": 20}",0,20,0,0,
results\d5_formal\raw_r1\boot_02\batch_20260919T122611.729076Z_da7bd260.json.gz,20260919T122611.729076Z_da7bd260,4,d9aa7d65-0706-41a8-86e5-68d32ab33683,d5_d9aa7d65-0706-41a8-86e5-68d32ab33683_8602_b5a9f638,243,test:hiding,rootkit,baseline,role_aggregate,20,128,32,middle,True,True,0,20,40,"{""2"": 20}",0,20,0,0,
results\d5_formal\raw_r1\boot_02\batch_20260919T122614.511848Z_52ec9396.json.gz,20260919T122614.511848Z_52ec9396,4,d9aa7d65-0706-41a8-86e5-68d32ab33683,d5_d9aa7d65-0706-41a8-86e5-68d32ab33683_8602_b5a9f638,244,test:hiding,rootkit,baseline,role_aggregate,20,128,32,middle,True,True,0,20,40,"{""2"": 20}",0,20,0,0,
results\d5_formal\raw_r1\boot_02\batch_20260919T122617.281089Z_7b0ea35e.json.gz,20260919T122617.281089Z_7b0ea35e,4,d9aa7d65-0706-41a8-86e5-68d32ab33683,d5_d9aa7d65-0706-41a8-86e5-68d32ab33683_8602_b5a9f638,245,test:hiding,rootkit,baseline,role_aggregate,20,128,32,middle,True,True,0,20,40,"{""2"": 20}",0,20,0,0,
results\d5_formal\raw_r1\boot_02\batch_20260919T122620.155786Z_b489c7e7.json.gz,20260919T122620.155786Z_b489c7e7,4,d9aa7d65-0706-41a8-86e5-68d32ab33683,d5_d9aa7d65-0706-41a8-86e5-68d32ab33683_8602_b5a9f638,246,test:hiding,rootkit,baseline,role_aggregate,20,128,32,middle,True,True,0,20,40,"{""2"": 20}",0,20,0,0,
results\d5_formal\raw_r1\boot_02\batch_20260919T122623.000452Z_4233fd06.json.gz,20260919T122623.000452Z_4233fd06,4,d9aa7d65-0706-41a8-86e5-68d32ab33683,d5_d9aa7d65-0706-41a8-86e5-68d32ab33683_8602_b5a9f638,247,test:hiding,rootkit,baseline,role_aggregate,20,128,32,middle,True,True,0,20,40,"{""2"": 20}",0,20,0,0,
results\d5_formal\raw_r1\boot_02\batch_20260919T122631.968779Z_af8bd5ea.json.gz,20260919T122631.968779Z_af8bd5ea,4,d9aa7d65-0706-41a8-86e5-68d32ab33683,d5_d9aa7d65-0706-41a8-86e5-68d32ab33683_8602_b5a9f638,248,test:hiding,rootkit,cpu,role_aggregate,20,128,32,middle,True,True,0,20,40,"{""2"": 20}",0,20,0,0,
results\d5_formal\raw_r1\boot_02\batch_20260919T122641.180867Z_98399b06.json.gz,20260919T122641.180867Z_98399b06,4,d9aa7d65-0706-41a8-86e5-68d32ab33683,d5_d9aa7d65-0706-41a8-86e5-68d32ab33683_8602_b5a9f638,249,test:hiding,rootkit,cpu,role_aggregate,20,128,32,middle,True,True,0,20,40,"{""2"": 20}",0,20,0,0,
results\d5_formal\raw_r1\boot_02\batch_20260919T122650.142399Z_f8bf843b.json.gz,20260919T122650.142399Z_f8bf843b,4,d9aa7d65-0706-41a8-86e5-68d32ab33683,d5_d9aa7d65-0706-41a8-86e5-68d32ab33683_8602_b5a9f638,250,test:hiding,rootkit,cpu,role_aggregate,20,128,32,middle,True,True,0,20,40,"{""2"": 20}",0,20,0,0,
results\d5_formal\raw_r1\boot_02\batch_20260919T122659.258016Z_0f797a62.json.gz,20260919T122659.258016Z_0f797a62,4,d9aa7d65-0706-41a8-86e5-68d32ab33683,d5_d9aa7d65-0706-41a8-86e5-68d32ab33683_8602_b5a9f638,251,test:hiding,rootkit,cpu,role_aggregate,20,128,32,middle,True,True,0,20,40,"{""2"": 20}",0,20,0,0,
results\d5_formal\raw_r1\boot_02\batch_20260919T122708.177778Z_892a5809.json.gz,20260919T122708.177778Z_892a5809,4,d9aa7d65-0706-41a8-86e5-68d32ab33683,d5_d9aa7d65-0706-41a8-86e5-68d32ab33683_8602_b5a9f638,252,test:hiding,rootkit,cpu,role_aggregate,20,128,32,middle,True,True,0,20,40,"{""2"": 20}",0,20,0,0,
results\d5_formal\raw_r1\boot_02\batch_20260919T122717.013414Z_f25674f0.json.gz,20260919T122717.013414Z_f25674f0,4,d9aa7d65-0706-41a8-86e5-68d32ab33683,d5_d9aa7d65-0706-41a8-86e5-68d32ab33683_8602_b5a9f638,253,test:hiding,rootkit,cpu,role_aggregate,20,128,32,middle,True,True,0,20,40,"{""2"": 20}",0,20,0,0,
results\d5_formal\raw_r1\boot_02\batch_20260919T122725.873112Z_45c3532b.json.gz,20260919T122725.873112Z_45c3532b,4,d9aa7d65-0706-41a8-86e5-68d32ab33683,d5_d9aa7d65-0706-41a8-86e5-68d32ab33683_8602_b5a9f638,254,test:hiding,rootkit,cpu,role_aggregate,20,128,32,middle,True,True,0,20,40,"{""2"": 20}",0,20,0,0,
results\d5_formal\raw_r1\boot_02\batch_20260919T122734.659822Z_e98c0e77.json.gz,20260919T122734.659822Z_e98c0e77,4,d9aa7d65-0706-41a8-86e5-68d32ab33683,d5_d9aa7d65-0706-41a8-86e5-68d32ab33683_8602_b5a9f638,255,test:hiding,rootkit,cpu,role_aggregate,20,128,32,middle,True,True,0,20,40,"{""2"": 20}",0,20,0,0,
results\d5_formal\raw_r1\boot_02\batch_20260919T122743.515693Z_ff09cebf.json.gz,20260919T122743.515693Z_ff09cebf,4,d9aa7d65-0706-41a8-86e5-68d32ab33683,d5_d9aa7d65-0706-41a8-86e5-68d32ab33683_8602_b5a9f638,256,test:hiding,rootkit,cpu,role_aggregate,20,128,32,middle,True,True,0,20,40,"{""2"": 20}",0,20,0,0,
results\d5_formal\raw_r1\boot_02\batch_20260919T122752.355018Z_42f82666.json.gz,20260919T122752.355018Z_42f82666,4,d9aa7d65-0706-41a8-86e5-68d32ab33683,d5_d9aa7d65-0706-41a8-86e5-68d32ab33683_8602_b5a9f638,257,test:hiding,rootkit,cpu,role_aggregate,20,128,32,middle,True,True,0,20,40,"{""2"": 20}",0,20,0,0,
results\d5_formal\raw_r1\boot_02\batch_20260919T122801.294318Z_476d49fb.json.gz,20260919T122801.294318Z_476d49fb,4,d9aa7d65-0706-41a8-86e5-68d32ab33683,d5_d9aa7d65-0706-41a8-86e5-68d32ab33683_8602_b5a9f638,258,test:hiding,rootkit,cpu,role_aggregate,20,128,32,middle,True,True,0,20,40,"{""2"": 20}",0,20,0,0,
results\d5_formal\raw_r1\boot_02\batch_20260919T122810.242737Z_b5be5b94.json.gz,20260919T122810.242737Z_b5be5b94,4,d9aa7d65-0706-41a8-86e5-68d32ab33683,d5_d9aa7d65-0706-41a8-86e5-68d32ab33683_8602_b5a9f638,259,test:hiding,rootkit,cpu,role_aggregate,20,128,32,middle,True,True,0,20,40,"{""2"": 20}",0,20,0,0,
results\d5_formal\raw_r1\boot_02\batch_20260919T122819.044666Z_b7ae6815.json.gz,20260919T122819.044666Z_b7ae6815,4,d9aa7d65-0706-41a8-86e5-68d32ab33683,d5_d9aa7d65-0706-41a8-86e5-68d32ab33683_8602_b5a9f638,260,test:hiding,rootkit,cpu,role_aggregate,20,128,32,middle,True,True,0,20,40,"{""2"": 20}",0,20,0,0,
results\d5_formal\raw_r1\boot_02\batch_20260919T122827.927629Z_b4a36e6f.json.gz,20260919T122827.927629Z_b4a36e6f,4,d9aa7d65-0706-41a8-86e5-68d32ab33683,d5_d9aa7d65-0706-41a8-86e5-68d32ab33683_8602_b5a9f638,261,test:hiding,rootkit,cpu,role_aggregate,20,128,32,middle,True,True,0,20,40,"{""2"": 20}",0,20,0,0,
results\d5_formal\raw_r1\boot_02\batch_20260919T122836.776659Z_63188fb6.json.gz,20260919T122836.776659Z_63188fb6,4,d9aa7d65-0706-41a8-86e5-68d32ab33683,d5_d9aa7d65-0706-41a8-86e5-68d32ab33683_8602_b5a9f638,262,test:hiding,rootkit,cpu,role_aggregate,20,128,32,middle,True,True,0,20,40,"{""2"": 20}",0,20,0,0,
results\d5_formal\raw_r1\boot_02\batch_20260919T122846.018893Z_fccfa53c.json.gz,20260919T122846.018893Z_fccfa53c,4,d9aa7d65-0706-41a8-86e5-68d32ab33683,d5_d9aa7d65-0706-41a8-86e5-68d32ab33683_8602_b5a9f638,263,test:hiding,rootkit,cpu,role_aggregate,20,128,32,middle,True,True,0,20,40,"{""2"": 20}",0,20,0,0,
results\d5_formal\raw_r1\boot_02\batch_20260919T122854.847993Z_963b960d.json.gz,20260919T122854.847993Z_963b960d,4,d9aa7d65-0706-41a8-86e5-68d32ab33683,d5_d9aa7d65-0706-41a8-86e5-68d32ab33683_8602_b5a9f638,264,test:hiding,rootkit,cpu,role_aggregate,20,128,32,middle,True,True,0,20,40,"{""2"": 20}",0,20,0,0,
results\d5_formal\raw_r1\boot_02\batch_20260919T122904.466228Z_1c09163e.json.gz,20260919T122904.466228Z_1c09163e,4,d9aa7d65-0706-41a8-86e5-68d32ab33683,d5_d9aa7d65-0706-41a8-86e5-68d32ab33683_8602_b5a9f638,265,test:hiding,rootkit,cpu,role_aggregate,20,128,32,middle,True,True,0,20,40,"{""2"": 20}",0,20,0,0,
results\d5_formal\raw_r1\boot_02\batch_20260919T122913.687781Z_9026bd85.json.gz,20260919T122913.687781Z_9026bd85,4,d9aa7d65-0706-41a8-86e5-68d32ab33683,d5_d9aa7d65-0706-41a8-86e5-68d32ab33683_8602_b5a9f638,266,test:hiding,rootkit,cpu,role_aggregate,20,128,32,middle,True,True,0,20,40,"{""2"": 20}",0,20,0,0,
results\d5_formal\raw_r1\boot_02\batch_20260919T122923.305606Z_c91df376.json.gz,20260919T122923.305606Z_c91df376,4,d9aa7d65-0706-41a8-86e5-68d32ab33683,d5_d9aa7d65-0706-41a8-86e5-68d32ab33683_8602_b5a9f638,267,test:hiding,rootkit,cpu,role_aggregate,20,128,32,middle,True,True,0,20,40,"{""2"": 20}",0,20,0,0,
results\d5_formal\raw_r1\boot_02\batch_20260919T122933.012302Z_f8c35d19.json.gz,20260919T122933.012302Z_f8c35d19,4,d9aa7d65-0706-41a8-86e5-68d32ab33683,d5_d9aa7d65-0706-41a8-86e5-68d32ab33683_8602_b5a9f638,268,test:hiding,rootkit,cpu,role_aggregate,20,128,32,middle,True,True,0,20,40,"{""2"": 20}",0,20,0,0,
results\d5_formal\raw_r1\boot_02\batch_20260919T122942.028490Z_95632470.json.gz,20260919T122942.028490Z_95632470,4,d9aa7d65-0706-41a8-86e5-68d32ab33683,d5_d9aa7d65-0706-41a8-86e5-68d32ab33683_8602_b5a9f638,269,test:hiding,rootkit,cpu,role_aggregate,20,128,32,middle,True,True,0,20,40,"{""2"": 20}",0,20,0,0,
results\d5_formal\raw_r1\boot_02\batch_20260919T122951.226100Z_37bdabee.json.gz,20260919T122951.226100Z_37bdabee,4,d9aa7d65-0706-41a8-86e5-68d32ab33683,d5_d9aa7d65-0706-41a8-86e5-68d32ab33683_8602_b5a9f638,270,test:hiding,rootkit,cpu,role_aggregate,20,128,32,middle,True,True,0,20,40,"{""2"": 20}",0,20,0,0,
results\d5_formal\raw_r1\boot_02\batch_20260919T123000.086771Z_9defcb02.json.gz,20260919T123000.086771Z_9defcb02,4,d9aa7d65-0706-41a8-86e5-68d32ab33683,d5_d9aa7d65-0706-41a8-86e5-68d32ab33683_8602_b5a9f638,271,test:hiding,rootkit,cpu,role_aggregate,20,128,32,middle,True,True,0,20,40,"{""2"": 20}",0,20,0,0,
results\d5_formal\raw_r1\boot_02\batch_20260919T123009.079890Z_a70b1774.json.gz,20260919T123009.079890Z_a70b1774,4,d9aa7d65-0706-41a8-86e5-68d32ab33683,d5_d9aa7d65-0706-41a8-86e5-68d32ab33683_8602_b5a9f638,272,test:hiding,rootkit,cpu,role_aggregate,20,128,32,middle,True,True,0,20,40,"{""2"": 20}",0,20,0,0,
results\d5_formal\raw_r1\boot_02\batch_20260919T123017.955595Z_ae6a2044.json.gz,20260919T123017.955595Z_ae6a2044,4,d9aa7d65-0706-41a8-86e5-68d32ab33683,d5_d9aa7d65-0706-41a8-86e5-68d32ab33683_8602_b5a9f638,273,test:hiding,rootkit,cpu,role_aggregate,20,128,32,middle,True,True,0,20,40,"{""2"": 20}",0,20,0,0,
results\d5_formal\raw_r1\boot_02\batch_20260919T123027.062985Z_e04621a1.json.gz,20260919T123027.062985Z_e04621a1,4,d9aa7d65-0706-41a8-86e5-68d32ab33683,d5_d9aa7d65-0706-41a8-86e5-68d32ab33683_8602_b5a9f638,274,test:hiding,rootkit,cpu,role_aggregate,20,128,32,middle,True,True,0,20,40,"{""2"": 20}",0,20,0,0,
results\d5_formal\raw_r1\boot_02\batch_20260919T123036.084577Z_8edfb61b.json.gz,20260919T123036.084577Z_8edfb61b,4,d9aa7d65-0706-41a8-86e5-68d32ab33683,d5_d9aa7d65-0706-41a8-86e5-68d32ab33683_8602_b5a9f638,275,test:hiding,rootkit,cpu,role_aggregate,20,128,32,middle,True,True,0,20,40,"{""2"": 20}",0,20,0,0,
results\d5_formal\raw_r1\boot_02\batch_20260919T123045.490810Z_98fd17bf.json.gz,20260919T123045.490810Z_98fd17bf,4,d9aa7d65-0706-41a8-86e5-68d32ab33683,d5_d9aa7d65-0706-41a8-86e5-68d32ab33683_8602_b5a9f638,276,test:hiding,rootkit,cpu,role_aggregate,20,128,32,middle,True,True,0,20,40,"{""2"": 20}",0,20,0,0,
results\d5_formal\raw_r1\boot_02\batch_20260919T123054.763513Z_c06a4e83.json.gz,20260919T123054.763513Z_c06a4e83,4,d9aa7d65-0706-41a8-86e5-68d32ab33683,d5_d9aa7d65-0706-41a8-86e5-68d32ab33683_8602_b5a9f638,277,test:hiding,rootkit,cpu,role_aggregate,20,128,32,middle,True,True,0,20,40,"{""2"": 20}",0,20,0,0,
results\d5_formal\raw_r1\boot_02\batch_20260919T123104.138851Z_5a4d588a.json.gz,20260919T123104.138851Z_5a4d588a,4,d9aa7d65-0706-41a8-86e5-68d32ab33683,d5_d9aa7d65-0706-41a8-86e5-68d32ab33683_8602_b5a9f638,278,test:hiding,rootkit,cpu,role_aggregate,20,128,32,middle,True,True,0,20,40,"{""2"": 20}",0,20,0,0,
results\d5_formal\raw_r1\boot_02\batch_20260919T123113.131960Z_950374be.json.gz,20260919T123113.131960Z_950374be,4,d9aa7d65-0706-41a8-86e5-68d32ab33683,d5_d9aa7d65-0706-41a8-86e5-68d32ab33683_8602_b5a9f638,279,test:hiding,rootkit,cpu,role_aggregate,20,128,32,middle,True,True,0,20,40,"{""2"": 20}",0,20,0,0,
results\d5_formal\raw_r1\boot_02\batch_20260919T123122.263956Z_68bf8469.json.gz,20260919T123122.263956Z_68bf8469,4,d9aa7d65-0706-41a8-86e5-68d32ab33683,d5_d9aa7d65-0706-41a8-86e5-68d32ab33683_8602_b5a9f638,280,test:hiding,rootkit,cpu,role_aggregate,20,128,32,middle,True,True,0,20,40,"{""2"": 20}",0,20,0,0,
results\d5_formal\raw_r1\boot_02\batch_20260919T123131.188117Z_92f302ba.json.gz,20260919T123131.188117Z_92f302ba,4,d9aa7d65-0706-41a8-86e5-68d32ab33683,d5_d9aa7d65-0706-41a8-86e5-68d32ab33683_8602_b5a9f638,281,test:hiding,rootkit,cpu,role_aggregate,20,128,32,middle,True,True,0,20,40,"{""2"": 20}",0,20,0,0,
results\d5_formal\raw_r1\boot_02\batch_20260919T123140.387542Z_a9a4ec6b.json.gz,20260919T123140.387542Z_a9a4ec6b,4,d9aa7d65-0706-41a8-86e5-68d32ab33683,d5_d9aa7d65-0706-41a8-86e5-68d32ab33683_8602_b5a9f638,282,test:hiding,rootkit,cpu,role_aggregate,20,128,32,middle,True,True,0,20,40,"{""2"": 20}",0,20,0,0,
results\d5_formal\raw_r1\boot_02\batch_20260919T123149.434061Z_7ddef91e.json.gz,20260919T123149.434061Z_7ddef91e,4,d9aa7d65-0706-41a8-86e5-68d32ab33683,d5_d9aa7d65-0706-41a8-86e5-68d32ab33683_8602_b5a9f638,283,test:hiding,rootkit,cpu,role_aggregate,20,128,32,middle,True,True,0,20,40,"{""2"": 20}",0,20,0,0,
results\d5_formal\raw_r1\boot_02\batch_20260919T123158.308904Z_e6b51699.json.gz,20260919T123158.308904Z_e6b51699,4,d9aa7d65-0706-41a8-86e5-68d32ab33683,d5_d9aa7d65-0706-41a8-86e5-68d32ab33683_8602_b5a9f638,284,test:hiding,rootkit,cpu,role_aggregate,20,128,32,middle,True,True,0,20,40,"{""2"": 20}",0,20,0,0,
results\d5_formal\raw_r1\boot_02\batch_20260919T123207.399482Z_e5652e83.json.gz,20260919T123207.399482Z_e5652e83,4,d9aa7d65-0706-41a8-86e5-68d32ab33683,d5_d9aa7d65-0706-41a8-86e5-68d32ab33683_8602_b5a9f638,285,test:hiding,rootkit,cpu,role_aggregate,20,128,32,middle,True,True,0,20,40,"{""2"": 20}",0,20,0,0,
results\d5_formal\raw_r1\boot_02\batch_20260919T123216.436800Z_168ef027.json.gz,20260919T123216.436800Z_168ef027,4,d9aa7d65-0706-41a8-86e5-68d32ab33683,d5_d9aa7d65-0706-41a8-86e5-68d32ab33683_8602_b5a9f638,286,test:hiding,rootkit,cpu,role_aggregate,20,128,32,middle,True,True,0,20,40,"{""2"": 20}",0,20,0,0,
results\d5_formal\raw_r1\boot_02\batch_20260919T123225.533018Z_20febd00.json.gz,20260919T123225.533018Z_20febd00,4,d9aa7d65-0706-41a8-86e5-68d32ab33683,d5_d9aa7d65-0706-41a8-86e5-68d32ab33683_8602_b5a9f638,287,test:hiding,rootkit,cpu,role_aggregate,20,128,32,middle,True,True,0,20,40,"{""2"": 20}",0,20,0,0,
results\d5_formal\raw_r1\boot_02\batch_20260919T123229.763855Z_0c898bc8.json.gz,20260919T123229.763855Z_0c898bc8,4,d9aa7d65-0706-41a8-86e5-68d32ab33683,d5_d9aa7d65-0706-41a8-86e5-68d32ab33683_8602_b5a9f638,288,test:hiding,rootkit,memory,role_aggregate,20,128,32,middle,True,True,0,20,40,"{""2"": 20}",0,20,0,0,
results\d5_formal\raw_r1\boot_02\batch_20260919T123233.600583Z_3e9006a5.json.gz,20260919T123233.600583Z_3e9006a5,4,d9aa7d65-0706-41a8-86e5-68d32ab33683,d5_d9aa7d65-0706-41a8-86e5-68d32ab33683_8602_b5a9f638,289,test:hiding,rootkit,memory,role_aggregate,20,128,32,middle,True,True,0,20,40,"{""2"": 20}",0,20,0,0,
results\d5_formal\raw_r1\boot_02\batch_20260919T123237.668260Z_df630750.json.gz,20260919T123237.668260Z_df630750,4,d9aa7d65-0706-41a8-86e5-68d32ab33683,d5_d9aa7d65-0706-41a8-86e5-68d32ab33683_8602_b5a9f638,290,test:hiding,rootkit,memory,role_aggregate,20,128,32,middle,True,True,0,20,40,"{""2"": 20}",0,20,0,0,
results\d5_formal\raw_r1\boot_02\batch_20260919T123241.795013Z_20e1b953.json.gz,20260919T123241.795013Z_20e1b953,4,d9aa7d65-0706-41a8-86e5-68d32ab33683,d5_d9aa7d65-0706-41a8-86e5-68d32ab33683_8602_b5a9f638,291,test:hiding,rootkit,memory,role_aggregate,20,128,32,middle,True,True,0,20,40,"{""2"": 20}",0,20,0,0,
results\d5_formal\raw_r1\boot_02\batch_20260919T123245.662081Z_f0b4e5b1.json.gz,20260919T123245.662081Z_f0b4e5b1,4,d9aa7d65-0706-41a8-86e5-68d32ab33683,d5_d9aa7d65-0706-41a8-86e5-68d32ab33683_8602_b5a9f638,292,test:hiding,rootkit,memory,role_aggregate,20,128,32,middle,True,True,0,20,40,"{""2"": 20}",0,20,0,0,
results\d5_formal\raw_r1\boot_02\batch_20260919T123249.639998Z_3daf8aed.json.gz,20260919T123249.639998Z_3daf8aed,4,d9aa7d65-0706-41a8-86e5-68d32ab33683,d5_d9aa7d65-0706-41a8-86e5-68d32ab33683_8602_b5a9f638,293,test:hiding,rootkit,memory,role_aggregate,20,128,32,middle,True,True,0,20,40,"{""2"": 20}",0,20,0,0,
results\d5_formal\raw_r1\boot_02\batch_20260919T123253.492076Z_4d7f2d2b.json.gz,20260919T123253.492076Z_4d7f2d2b,4,d9aa7d65-0706-41a8-86e5-68d32ab33683,d5_d9aa7d65-0706-41a8-86e5-68d32ab33683_8602_b5a9f638,294,test:hiding,rootkit,memory,role_aggregate,20,128,32,middle,True,True,0,20,40,"{""2"": 20}",0,20,0,0,
results\d5_formal\raw_r1\boot_02\batch_20260919T123257.424891Z_9c4f9989.json.gz,20260919T123257.424891Z_9c4f9989,4,d9aa7d65-0706-41a8-86e5-68d32ab33683,d5_d9aa7d65-0706-41a8-86e5-68d32ab33683_8602_b5a9f638,295,test:hiding,rootkit,memory,role_aggregate,20,128,32,middle,True,True,0,20,40,"{""2"": 20}",0,20,0,0,
results\d5_formal\raw_r1\boot_02\batch_20260919T123301.511084Z_9412de26.json.gz,20260919T123301.511084Z_9412de26,4,d9aa7d65-0706-41a8-86e5-68d32ab33683,d5_d9aa7d65-0706-41a8-86e5-68d32ab33683_8602_b5a9f638,296,test:hiding,rootkit,memory,role_aggregate,20,128,32,middle,True,True,0,20,40,"{""2"": 20}",0,20,0,0,
results\d5_formal\raw_r1\boot_02\batch_20260919T123305.420816Z_68b81d49.json.gz,20260919T123305.420816Z_68b81d49,4,d9aa7d65-0706-41a8-86e5-68d32ab33683,d5_d9aa7d65-0706-41a8-86e5-68d32ab33683_8602_b5a9f638,297,test:hiding,rootkit,memory,role_aggregate,20,128,32,middle,True,True,0,20,40,"{""2"": 20}",0,20,0,0,
results\d5_formal\raw_r1\boot_02\batch_20260919T123309.214882Z_c87cd6f7.json.gz,20260919T123309.214882Z_c87cd6f7,4,d9aa7d65-0706-41a8-86e5-68d32ab33683,d5_d9aa7d65-0706-41a8-86e5-68d32ab33683_8602_b5a9f638,298,test:hiding,rootkit,memory,role_aggregate,20,128,32,middle,True,True,0,20,40,"{""2"": 20}",0,20,0,0,
results\d5_formal\raw_r1\boot_02\batch_20260919T123313.080933Z_8579db7e.json.gz,20260919T123313.080933Z_8579db7e,4,d9aa7d65-0706-41a8-86e5-68d32ab33683,d5_d9aa7d65-0706-41a8-86e5-68d32ab33683_8602_b5a9f638,299,test:hiding,rootkit,memory,role_aggregate,20,128,32,middle,True,True,0,20,40,"{""2"": 20}",0,20,0,0,
results\d5_formal\raw_r1\boot_02\batch_20260919T123316.842919Z_59ab7bf4.json.gz,20260919T123316.842919Z_59ab7bf4,4,d9aa7d65-0706-41a8-86e5-68d32ab33683,d5_d9aa7d65-0706-41a8-86e5-68d32ab33683_8602_b5a9f638,300,test:hiding,rootkit,memory,role_aggregate,20,128,32,middle,True,True,0,20,40,"{""2"": 20}",0,20,0,0,
results\d5_formal\raw_r1\boot_02\batch_20260919T123320.781915Z_b41268f4.json.gz,20260919T123320.781915Z_b41268f4,4,d9aa7d65-0706-41a8-86e5-68d32ab33683,d5_d9aa7d65-0706-41a8-86e5-68d32ab33683_8602_b5a9f638,301,test:hiding,rootkit,memory,role_aggregate,20,128,32,middle,True,True,0,20,40,"{""2"": 20}",0,20,0,0,
results\d5_formal\raw_r1\boot_02\batch_20260919T123324.689655Z_03c994ed.json.gz,20260919T123324.689655Z_03c994ed,4,d9aa7d65-0706-41a8-86e5-68d32ab33683,d5_d9aa7d65-0706-41a8-86e5-68d32ab33683_8602_b5a9f638,302,test:hiding,rootkit,memory,role_aggregate,20,128,32,middle,True,True,0,20,40,"{""2"": 20}",0,20,0,0,
results\d5_formal\raw_r1\boot_02\batch_20260919T123328.520792Z_5f01183a.json.gz,20260919T123328.520792Z_5f01183a,4,d9aa7d65-0706-41a8-86e5-68d32ab33683,d5_d9aa7d65-0706-41a8-86e5-68d32ab33683_8602_b5a9f638,303,test:hiding,rootkit,memory,role_aggregate,20,128,32,middle,True,True,0,20,40,"{""2"": 20}",0,20,0,0,
results\d5_formal\raw_r1\boot_02\batch_20260919T123332.625735Z_c379c13a.json.gz,20260919T123332.625735Z_c379c13a,4,d9aa7d65-0706-41a8-86e5-68d32ab33683,d5_d9aa7d65-0706-41a8-86e5-68d32ab33683_8602_b5a9f638,304,test:hiding,rootkit,memory,role_aggregate,20,128,32,middle,True,True,0,20,40,"{""2"": 20}",0,20,0,0,
results\d5_formal\raw_r1\boot_02\batch_20260919T123336.464016Z_1e942d77.json.gz,20260919T123336.464016Z_1e942d77,4,d9aa7d65-0706-41a8-86e5-68d32ab33683,d5_d9aa7d65-0706-41a8-86e5-68d32ab33683_8602_b5a9f638,305,test:hiding,rootkit,memory,role_aggregate,20,128,32,middle,True,True,0,20,40,"{""2"": 20}",0,20,0,0,
results\d5_formal\raw_r1\boot_02\batch_20260919T123340.241619Z_a306dd0b.json.gz,20260919T123340.241619Z_a306dd0b,4,d9aa7d65-0706-41a8-86e5-68d32ab33683,d5_d9aa7d65-0706-41a8-86e5-68d32ab33683_8602_b5a9f638,306,test:hiding,rootkit,memory,role_aggregate,20,128,32,middle,True,True,0,20,40,"{""2"": 20}",0,20,0,0,
results\d5_formal\raw_r1\boot_02\batch_20260919T123344.275016Z_1ca4306d.json.gz,20260919T123344.275016Z_1ca4306d,4,d9aa7d65-0706-41a8-86e5-68d32ab33683,d5_d9aa7d65-0706-41a8-86e5-68d32ab33683_8602_b5a9f638,307,test:hiding,rootkit,memory,role_aggregate,20,128,32,middle,True,True,0,20,40,"{""2"": 20}",0,20,0,0,
results\d5_formal\raw_r1\boot_02\batch_20260919T123348.025575Z_61675000.json.gz,20260919T123348.025575Z_61675000,4,d9aa7d65-0706-41a8-86e5-68d32ab33683,d5_d9aa7d65-0706-41a8-86e5-68d32ab33683_8602_b5a9f638,308,test:hiding,rootkit,memory,role_aggregate,20,128,32,middle,True,True,0,20,40,"{""2"": 20}",0,20,0,0,
results\d5_formal\raw_r1\boot_02\batch_20260919T123351.836765Z_4d5610fe.json.gz,20260919T123351.836765Z_4d5610fe,4,d9aa7d65-0706-41a8-86e5-68d32ab33683,d5_d9aa7d65-0706-41a8-86e5-68d32ab33683_8602_b5a9f638,309,test:hiding,rootkit,memory,role_aggregate,20,128,32,middle,True,True,0,20,40,"{""2"": 20}",0,20,0,0,
results\d5_formal\raw_r1\boot_02\batch_20260919T123355.961054Z_76448ee8.json.gz,20260919T123355.961054Z_76448ee8,4,d9aa7d65-0706-41a8-86e5-68d32ab33683,d5_d9aa7d65-0706-41a8-86e5-68d32ab33683_8602_b5a9f638,310,test:hiding,rootkit,memory,role_aggregate,20,128,32,middle,True,True,0,20,40,"{""2"": 20}",0,20,0,0,
results\d5_formal\raw_r1\boot_02\batch_20260919T123400.133915Z_c4bd3548.json.gz,20260919T123400.133915Z_c4bd3548,4,d9aa7d65-0706-41a8-86e5-68d32ab33683,d5_d9aa7d65-0706-41a8-86e5-68d32ab33683_8602_b5a9f638,311,test:hiding,rootkit,memory,role_aggregate,20,128,32,middle,True,True,0,20,40,"{""2"": 20}",0,20,0,0,
results\d5_formal\raw_r1\boot_02\batch_20260919T123404.631975Z_b60d4fd9.json.gz,20260919T123404.631975Z_b60d4fd9,4,d9aa7d65-0706-41a8-86e5-68d32ab33683,d5_d9aa7d65-0706-41a8-86e5-68d32ab33683_8602_b5a9f638,312,test:hiding,rootkit,memory,role_aggregate,20,128,32,middle,True,True,0,20,40,"{""2"": 20}",0,20,0,0,
results\d5_formal\raw_r1\boot_02\batch_20260919T123408.639560Z_e01f234b.json.gz,20260919T123408.639560Z_e01f234b,4,d9aa7d65-0706-41a8-86e5-68d32ab33683,d5_d9aa7d65-0706-41a8-86e5-68d32ab33683_8602_b5a9f638,313,test:hiding,rootkit,memory,role_aggregate,20,128,32,middle,True,True,0,20,40,"{""2"": 20}",0,20,0,0,
results\d5_formal\raw_r1\boot_02\batch_20260919T123412.774876Z_eaefcdc4.json.gz,20260919T123412.774876Z_eaefcdc4,4,d9aa7d65-0706-41a8-86e5-68d32ab33683,d5_d9aa7d65-0706-41a8-86e5-68d32ab33683_8602_b5a9f638,314,test:hiding,rootkit,memory,role_aggregate,20,128,32,middle,True,True,0,20,40,"{""2"": 20}",0,20,0,0,
results\d5_formal\raw_r1\boot_02\batch_20260919T123417.030896Z_48c1e37f.json.gz,20260919T123417.030896Z_48c1e37f,4,d9aa7d65-0706-41a8-86e5-68d32ab33683,d5_d9aa7d65-0706-41a8-86e5-68d32ab33683_8602_b5a9f638,315,test:hiding,rootkit,memory,role_aggregate,20,128,32,middle,True,True,0,20,40,"{""2"": 20}",0,20,0,0,
results\d5_formal\raw_r1\boot_02\batch_20260919T123421.206034Z_f944e7d3.json.gz,20260919T123421.206034Z_f944e7d3,4,d9aa7d65-0706-41a8-86e5-68d32ab33683,d5_d9aa7d65-0706-41a8-86e5-68d32ab33683_8602_b5a9f638,316,test:hiding,rootkit,memory,role_aggregate,20,128,32,middle,True,True,0,20,40,"{""2"": 20}",0,20,0,0,
results\d5_formal\raw_r1\boot_02\batch_20260919T123425.353579Z_803496ba.json.gz,20260919T123425.353579Z_803496ba,4,d9aa7d65-0706-41a8-86e5-68d32ab33683,d5_d9aa7d65-0706-41a8-86e5-68d32ab33683_8602_b5a9f638,317,test:hiding,rootkit,memory,role_aggregate,20,128,32,middle,True,True,0,20,40,"{""2"": 20}",0,20,0,0,
results\d5_formal\raw_r1\boot_02\batch_20260919T123429.455809Z_6b1d6a46.json.gz,20260919T123429.455809Z_6b1d6a46,4,d9aa7d65-0706-41a8-86e5-68d32ab33683,d5_d9aa7d65-0706-41a8-86e5-68d32ab33683_8602_b5a9f638,318,test:hiding,rootkit,memory,role_aggregate,20,128,32,middle,True,True,0,20,40,"{""2"": 20}",0,20,0,0,
results\d5_formal\raw_r1\boot_02\batch_20260919T123433.694634Z_ddc1c494.json.gz,20260919T123433.694634Z_ddc1c494,4,d9aa7d65-0706-41a8-86e5-68d32ab33683,d5_d9aa7d65-0706-41a8-86e5-68d32ab33683_8602_b5a9f638,319,test:hiding,rootkit,memory,role_aggregate,20,128,32,middle,True,True,0,20,40,"{""2"": 20}",0,20,0,0,
results\d5_formal\raw_r1\boot_02\batch_20260919T123437.834925Z_2b3d88b7.json.gz,20260919T123437.834925Z_2b3d88b7,4,d9aa7d65-0706-41a8-86e5-68d32ab33683,d5_d9aa7d65-0706-41a8-86e5-68d32ab33683_8602_b5a9f638,320,test:hiding,rootkit,memory,role_aggregate,20,128,32,middle,True,True,0,20,40,"{""2"": 20}",0,20,0,0,
results\d5_formal\raw_r1\boot_02\batch_20260919T123442.051793Z_ddf72da1.json.gz,20260919T123442.051793Z_ddf72da1,4,d9aa7d65-0706-41a8-86e5-68d32ab33683,d5_d9aa7d65-0706-41a8-86e5-68d32ab33683_8602_b5a9f638,321,test:hiding,rootkit,memory,role_aggregate,20,128,32,middle,True,True,0,20,40,"{""2"": 20}",0,20,0,0,
results\d5_formal\raw_r1\boot_02\batch_20260919T123446.225570Z_a72b1a52.json.gz,20260919T123446.225570Z_a72b1a52,4,d9aa7d65-0706-41a8-86e5-68d32ab33683,d5_d9aa7d65-0706-41a8-86e5-68d32ab33683_8602_b5a9f638,322,test:hiding,rootkit,memory,role_aggregate,20,128,32,middle,True,True,0,20,40,"{""2"": 20}",0,20,0,0,
results\d5_formal\raw_r1\boot_02\batch_20260919T123450.358003Z_10df57e7.json.gz,20260919T123450.358003Z_10df57e7,4,d9aa7d65-0706-41a8-86e5-68d32ab33683,d5_d9aa7d65-0706-41a8-86e5-68d32ab33683_8602_b5a9f638,323,test:hiding,rootkit,memory,role_aggregate,20,128,32,middle,True,True,0,20,40,"{""2"": 20}",0,20,0,0,
results\d5_formal\raw_r1\boot_02\batch_20260919T123454.357915Z_e3c30aa3.json.gz,20260919T123454.357915Z_e3c30aa3,4,d9aa7d65-0706-41a8-86e5-68d32ab33683,d5_d9aa7d65-0706-41a8-86e5-68d32ab33683_8602_b5a9f638,324,test:hiding,rootkit,memory,role_aggregate,20,128,32,middle,True,True,0,20,40,"{""2"": 20}",0,20,0,0,
results\d5_formal\raw_r1\boot_02\batch_20260919T123458.200924Z_521dfab6.json.gz,20260919T123458.200924Z_521dfab6,4,d9aa7d65-0706-41a8-86e5-68d32ab33683,d5_d9aa7d65-0706-41a8-86e5-68d32ab33683_8602_b5a9f638,325,test:hiding,rootkit,memory,role_aggregate,20,128,32,middle,True,True,0,20,40,"{""2"": 20}",0,20,0,0,
results\d5_formal\raw_r1\boot_02\batch_20260919T123502.123240Z_dc5716cb.json.gz,20260919T123502.123240Z_dc5716cb,4,d9aa7d65-0706-41a8-86e5-68d32ab33683,d5_d9aa7d65-0706-41a8-86e5-68d32ab33683_8602_b5a9f638,326,test:hiding,rootkit,memory,role_aggregate,20,128,32,middle,True,True,0,20,40,"{""2"": 20}",0,20,0,0,
results\d5_formal\raw_r1\boot_02\batch_20260919T123506.092922Z_566d34fa.json.gz,20260919T123506.092922Z_566d34fa,4,d9aa7d65-0706-41a8-86e5-68d32ab33683,d5_d9aa7d65-0706-41a8-86e5-68d32ab33683_8602_b5a9f638,327,test:hiding,rootkit,memory,role_aggregate,20,128,32,middle,True,True,0,20,40,"{""2"": 20}",0,20,0,0,
results\d5_formal\raw_r1\boot_02\batch_20260919T123515.003612Z_4d2ab84e.json.gz,20260919T123515.003612Z_4d2ab84e,4,d9aa7d65-0706-41a8-86e5-68d32ab33683,d5_d9aa7d65-0706-41a8-86e5-68d32ab33683_8602_b5a9f638,328,test:hiding,rootkit,mixed,role_aggregate,20,128,32,middle,True,True,0,20,40,"{""2"": 20}",0,20,0,0,
results\d5_formal\raw_r1\boot_02\batch_20260919T123523.863549Z_e099d55e.json.gz,20260919T123523.863549Z_e099d55e,4,d9aa7d65-0706-41a8-86e5-68d32ab33683,d5_d9aa7d65-0706-41a8-86e5-68d32ab33683_8602_b5a9f638,329,test:hiding,rootkit,mixed,role_aggregate,20,128,32,middle,True,True,0,20,40,"{""2"": 20}",0,20,0,0,
results\d5_formal\raw_r1\boot_02\batch_20260919T123532.833576Z_d39d0ef7.json.gz,20260919T123532.833576Z_d39d0ef7,4,d9aa7d65-0706-41a8-86e5-68d32ab33683,d5_d9aa7d65-0706-41a8-86e5-68d32ab33683_8602_b5a9f638,330,test:hiding,rootkit,mixed,role_aggregate,20,128,32,middle,True,True,0,20,40,"{""2"": 20}",0,20,0,0,
results\d5_formal\raw_r1\boot_02\batch_20260919T123541.819942Z_84699619.json.gz,20260919T123541.819942Z_84699619,4,d9aa7d65-0706-41a8-86e5-68d32ab33683,d5_d9aa7d65-0706-41a8-86e5-68d32ab33683_8602_b5a9f638,331,test:hiding,rootkit,mixed,role_aggregate,20,128,32,middle,True,True,0,20,40,"{""2"": 20}",0,20,0,0,
results\d5_formal\raw_r1\boot_02\batch_20260919T123551.195793Z_cac8cfb5.json.gz,20260919T123551.195793Z_cac8cfb5,4,d9aa7d65-0706-41a8-86e5-68d32ab33683,d5_d9aa7d65-0706-41a8-86e5-68d32ab33683_8602_b5a9f638,332,test:hiding,rootkit,mixed,role_aggregate,20,128,32,middle,True,True,0,20,40,"{""2"": 20}",0,20,0,0,
results\d5_formal\raw_r1\boot_02\batch_20260919T123600.068390Z_4aca176e.json.gz,20260919T123600.068390Z_4aca176e,4,d9aa7d65-0706-41a8-86e5-68d32ab33683,d5_d9aa7d65-0706-41a8-86e5-68d32ab33683_8602_b5a9f638,333,test:hiding,rootkit,mixed,role_aggregate,20,128,32,middle,True,True,0,20,40,"{""2"": 20}",0,20,0,0,
results\d5_formal\raw_r1\boot_02\batch_20260919T123608.790962Z_4bac99f5.json.gz,20260919T123608.790962Z_4bac99f5,4,d9aa7d65-0706-41a8-86e5-68d32ab33683,d5_d9aa7d65-0706-41a8-86e5-68d32ab33683_8602_b5a9f638,334,test:hiding,rootkit,mixed,role_aggregate,20,128,32,middle,True,True,0,20,40,"{""2"": 20}",0,20,0,0,
results\d5_formal\raw_r1\boot_02\batch_20260919T123617.759978Z_d7d04088.json.gz,20260919T123617.759978Z_d7d04088,4,d9aa7d65-0706-41a8-86e5-68d32ab33683,d5_d9aa7d65-0706-41a8-86e5-68d32ab33683_8602_b5a9f638,335,test:hiding,rootkit,mixed,role_aggregate,20,128,32,middle,True,True,0,20,40,"{""2"": 20}",0,20,0,0,
results\d5_formal\raw_r1\boot_02\batch_20260919T123626.526875Z_eb92495c.json.gz,20260919T123626.526875Z_eb92495c,4,d9aa7d65-0706-41a8-86e5-68d32ab33683,d5_d9aa7d65-0706-41a8-86e5-68d32ab33683_8602_b5a9f638,336,test:hiding,rootkit,mixed,role_aggregate,20,128,32,middle,True,True,0,20,40,"{""2"": 20}",0,20,0,0,
results\d5_formal\raw_r1\boot_02\batch_20260919T123635.342832Z_ca1070d5.json.gz,20260919T123635.342832Z_ca1070d5,4,d9aa7d65-0706-41a8-86e5-68d32ab33683,d5_d9aa7d65-0706-41a8-86e5-68d32ab33683_8602_b5a9f638,337,test:hiding,rootkit,mixed,role_aggregate,20,128,32,middle,True,True,0,20,40,"{""2"": 20}",0,20,0,0,
results\d5_formal\raw_r1\boot_02\batch_20260919T123644.200915Z_2a2a1550.json.gz,20260919T123644.200915Z_2a2a1550,4,d9aa7d65-0706-41a8-86e5-68d32ab33683,d5_d9aa7d65-0706-41a8-86e5-68d32ab33683_8602_b5a9f638,338,test:hiding,rootkit,mixed,role_aggregate,20,128,32,middle,True,True,0,20,40,"{""2"": 20}",0,20,0,0,
results\d5_formal\raw_r1\boot_02\batch_20260919T123653.096851Z_99e3ff71.json.gz,20260919T123653.096851Z_99e3ff71,4,d9aa7d65-0706-41a8-86e5-68d32ab33683,d5_d9aa7d65-0706-41a8-86e5-68d32ab33683_8602_b5a9f638,339,test:hiding,rootkit,mixed,role_aggregate,20,128,32,middle,True,True,0,20,40,"{""2"": 20}",0,20,0,0,
results\d5_formal\raw_r1\boot_02\batch_20260919T123702.012127Z_595c9abe.json.gz,20260919T123702.012127Z_595c9abe,4,d9aa7d65-0706-41a8-86e5-68d32ab33683,d5_d9aa7d65-0706-41a8-86e5-68d32ab33683_8602_b5a9f638,340,test:hiding,rootkit,mixed,role_aggregate,20,128,32,middle,True,True,0,20,40,"{""2"": 20}",0,20,0,0,
results\d5_formal\raw_r1\boot_02\batch_20260919T123710.989830Z_7f6267b6.json.gz,20260919T123710.989830Z_7f6267b6,4,d9aa7d65-0706-41a8-86e5-68d32ab33683,d5_d9aa7d65-0706-41a8-86e5-68d32ab33683_8602_b5a9f638,341,test:hiding,rootkit,mixed,role_aggregate,20,128,32,middle,True,True,0,20,40,"{""2"": 20}",0,20,0,0,
results\d5_formal\raw_r1\boot_02\batch_20260919T123719.784571Z_dc5a4af8.json.gz,20260919T123719.784571Z_dc5a4af8,4,d9aa7d65-0706-41a8-86e5-68d32ab33683,d5_d9aa7d65-0706-41a8-86e5-68d32ab33683_8602_b5a9f638,342,test:hiding,rootkit,mixed,role_aggregate,20,128,32,middle,True,True,0,20,40,"{""2"": 20}",0,20,0,0,
results\d5_formal\raw_r1\boot_02\batch_20260919T123728.527654Z_1186e105.json.gz,20260919T123728.527654Z_1186e105,4,d9aa7d65-0706-41a8-86e5-68d32ab33683,d5_d9aa7d65-0706-41a8-86e5-68d32ab33683_8602_b5a9f638,343,test:hiding,rootkit,mixed,role_aggregate,20,128,32,middle,True,True,0,20,40,"{""2"": 20}",0,20,0,0,
results\d5_formal\raw_r1\boot_02\batch_20260919T123737.348964Z_607096f2.json.gz,20260919T123737.348964Z_607096f2,4,d9aa7d65-0706-41a8-86e5-68d32ab33683,d5_d9aa7d65-0706-41a8-86e5-68d32ab33683_8602_b5a9f638,344,test:hiding,rootkit,mixed,role_aggregate,20,128,32,middle,True,True,0,20,40,"{""2"": 20}",0,20,0,0,
results\d5_formal\raw_r1\boot_02\batch_20260919T123746.117706Z_2743821c.json.gz,20260919T123746.117706Z_2743821c,4,d9aa7d65-0706-41a8-86e5-68d32ab33683,d5_d9aa7d65-0706-41a8-86e5-68d32ab33683_8602_b5a9f638,345,test:hiding,rootkit,mixed,role_aggregate,20,128,32,middle,True,True,0,20,40,"{""2"": 20}",0,20,0,0,
results\d5_formal\raw_r1\boot_02\batch_20260919T123754.903068Z_574da085.json.gz,20260919T123754.903068Z_574da085,4,d9aa7d65-0706-41a8-86e5-68d32ab33683,d5_d9aa7d65-0706-41a8-86e5-68d32ab33683_8602_b5a9f638,346,test:hiding,rootkit,mixed,role_aggregate,20,128,32,middle,True,True,0,20,40,"{""2"": 20}",0,20,0,0,
results\d5_formal\raw_r1\boot_02\batch_20260919T123803.688872Z_ec560b46.json.gz,20260919T123803.688872Z_ec560b46,4,d9aa7d65-0706-41a8-86e5-68d32ab33683,d5_d9aa7d65-0706-41a8-86e5-68d32ab33683_8602_b5a9f638,347,test:hiding,rootkit,mixed,role_aggregate,20,128,32,middle,True,True,0,20,40,"{""2"": 20}",0,20,0,0,
results\d5_formal\raw_r1\boot_02\batch_20260919T123812.522262Z_d32e5bf9.json.gz,20260919T123812.522262Z_d32e5bf9,4,d9aa7d65-0706-41a8-86e5-68d32ab33683,d5_d9aa7d65-0706-41a8-86e5-68d32ab33683_8602_b5a9f638,348,test:hiding,rootkit,mixed,role_aggregate,20,128,32,middle,True,True,0,20,40,"{""2"": 20}",0,20,0,0,
results\d5_formal\raw_r1\boot_02\batch_20260919T123821.347153Z_2fefe83a.json.gz,20260919T123821.347153Z_2fefe83a,4,d9aa7d65-0706-41a8-86e5-68d32ab33683,d5_d9aa7d65-0706-41a8-86e5-68d32ab33683_8602_b5a9f638,349,test:hiding,rootkit,mixed,role_aggregate,20,128,32,middle,True,True,0,20,40,"{""2"": 20}",0,20,0,0,
results\d5_formal\raw_r1\boot_02\batch_20260919T123830.157893Z_637716d0.json.gz,20260919T123830.157893Z_637716d0,4,d9aa7d65-0706-41a8-86e5-68d32ab33683,d5_d9aa7d65-0706-41a8-86e5-68d32ab33683_8602_b5a9f638,350,test:hiding,rootkit,mixed,role_aggregate,20,128,32,middle,True,True,0,20,40,"{""2"": 20}",0,20,0,0,
results\d5_formal\raw_r1\boot_02\batch_20260919T123838.896583Z_29014660.json.gz,20260919T123838.896583Z_29014660,4,d9aa7d65-0706-41a8-86e5-68d32ab33683,d5_d9aa7d65-0706-41a8-86e5-68d32ab33683_8602_b5a9f638,351,test:hiding,rootkit,mixed,role_aggregate,20,128,32,middle,True,True,0,20,40,"{""2"": 20}",0,20,0,0,
results\d5_formal\raw_r1\boot_02\batch_20260919T123847.942741Z_88684e40.json.gz,20260919T123847.942741Z_88684e40,4,d9aa7d65-0706-41a8-86e5-68d32ab33683,d5_d9aa7d65-0706-41a8-86e5-68d32ab33683_8602_b5a9f638,352,test:hiding,rootkit,mixed,role_aggregate,20,128,32,middle,True,True,0,20,40,"{""2"": 20}",0,20,0,0,
results\d5_formal\raw_r1\boot_02\batch_20260919T123856.740002Z_da7043ae.json.gz,20260919T123856.740002Z_da7043ae,4,d9aa7d65-0706-41a8-86e5-68d32ab33683,d5_d9aa7d65-0706-41a8-86e5-68d32ab33683_8602_b5a9f638,353,test:hiding,rootkit,mixed,role_aggregate,20,128,32,middle,True,True,0,20,40,"{""2"": 20}",0,20,0,0,
results\d5_formal\raw_r1\boot_02\batch_20260919T123905.554359Z_71fcb37f.json.gz,20260919T123905.554359Z_71fcb37f,4,d9aa7d65-0706-41a8-86e5-68d32ab33683,d5_d9aa7d65-0706-41a8-86e5-68d32ab33683_8602_b5a9f638,354,test:hiding,rootkit,mixed,role_aggregate,20,128,32,middle,True,True,0,20,40,"{""2"": 20}",0,20,0,0,
results\d5_formal\raw_r1\boot_02\batch_20260919T123914.408945Z_c7112262.json.gz,20260919T123914.408945Z_c7112262,4,d9aa7d65-0706-41a8-86e5-68d32ab33683,d5_d9aa7d65-0706-41a8-86e5-68d32ab33683_8602_b5a9f638,355,test:hiding,rootkit,mixed,role_aggregate,20,128,32,middle,True,True,0,20,40,"{""2"": 20}",0,20,0,0,
results\d5_formal\raw_r1\boot_02\batch_20260919T123923.080099Z_89807dc3.json.gz,20260919T123923.080099Z_89807dc3,4,d9aa7d65-0706-41a8-86e5-68d32ab33683,d5_d9aa7d65-0706-41a8-86e5-68d32ab33683_8602_b5a9f638,356,test:hiding,rootkit,mixed,role_aggregate,20,128,32,middle,True,True,0,20,40,"{""2"": 20}",0,20,0,0,
results\d5_formal\raw_r1\boot_02\batch_20260919T123931.840918Z_81ad2488.json.gz,20260919T123931.840918Z_81ad2488,4,d9aa7d65-0706-41a8-86e5-68d32ab33683,d5_d9aa7d65-0706-41a8-86e5-68d32ab33683_8602_b5a9f638,357,test:hiding,rootkit,mixed,role_aggregate,20,128,32,middle,True,True,0,20,40,"{""2"": 20}",0,20,0,0,
results\d5_formal\raw_r1\boot_02\batch_20260919T123940.639644Z_d6c776e9.json.gz,20260919T123940.639644Z_d6c776e9,4,d9aa7d65-0706-41a8-86e5-68d32ab33683,d5_d9aa7d65-0706-41a8-86e5-68d32ab33683_8602_b5a9f638,358,test:hiding,rootkit,mixed,role_aggregate,20,128,32,middle,True,True,0,20,40,"{""2"": 20}",0,20,0,0,
results\d5_formal\raw_r1\boot_02\batch_20260919T123949.580624Z_24ca087b.json.gz,20260919T123949.580624Z_24ca087b,4,d9aa7d65-0706-41a8-86e5-68d32ab33683,d5_d9aa7d65-0706-41a8-86e5-68d32ab33683_8602_b5a9f638,359,test:hiding,rootkit,mixed,role_aggregate,20,128,32,middle,True,True,0,20,40,"{""2"": 20}",0,20,0,0,
results\d5_formal\raw_r1\boot_02\batch_20260919T123958.566627Z_1de0dacf.json.gz,20260919T123958.566627Z_1de0dacf,4,d9aa7d65-0706-41a8-86e5-68d32ab33683,d5_d9aa7d65-0706-41a8-86e5-68d32ab33683_8602_b5a9f638,360,test:hiding,rootkit,mixed,role_aggregate,20,128,32,middle,True,True,0,20,40,"{""2"": 20}",0,20,0,0,
results\d5_formal\raw_r1\boot_02\batch_20260919T124007.408836Z_f07fecb1.json.gz,20260919T124007.408836Z_f07fecb1,4,d9aa7d65-0706-41a8-86e5-68d32ab33683,d5_d9aa7d65-0706-41a8-86e5-68d32ab33683_8602_b5a9f638,361,test:hiding,rootkit,mixed,role_aggregate,20,128,32,middle,True,True,0,20,40,"{""2"": 20}",0,20,0,0,
results\d5_formal\raw_r1\boot_02\batch_20260919T124016.192696Z_6af2eeda.json.gz,20260919T124016.192696Z_6af2eeda,4,d9aa7d65-0706-41a8-86e5-68d32ab33683,d5_d9aa7d65-0706-41a8-86e5-68d32ab33683_8602_b5a9f638,362,test:hiding,rootkit,mixed,role_aggregate,20,128,32,middle,True,True,0,20,40,"{""2"": 20}",0,20,0,0,
results\d5_formal\raw_r1\boot_02\batch_20260919T124025.007750Z_14a20976.json.gz,20260919T124025.007750Z_14a20976,4,d9aa7d65-0706-41a8-86e5-68d32ab33683,d5_d9aa7d65-0706-41a8-86e5-68d32ab33683_8602_b5a9f638,363,test:hiding,rootkit,mixed,role_aggregate,20,128,32,middle,True,True,0,20,40,"{""2"": 20}",0,20,0,0,
results\d5_formal\raw_r1\boot_02\batch_20260919T124033.768627Z_0676f082.json.gz,20260919T124033.768627Z_0676f082,4,d9aa7d65-0706-41a8-86e5-68d32ab33683,d5_d9aa7d65-0706-41a8-86e5-68d32ab33683_8602_b5a9f638,364,test:hiding,rootkit,mixed,role_aggregate,20,128,32,middle,True,True,0,20,40,"{""2"": 20}",0,20,0,0,
results\d5_formal\raw_r1\boot_02\batch_20260919T124042.596113Z_4fb8de1b.json.gz,20260919T124042.596113Z_4fb8de1b,4,d9aa7d65-0706-41a8-86e5-68d32ab33683,d5_d9aa7d65-0706-41a8-86e5-68d32ab33683_8602_b5a9f638,365,test:hiding,rootkit,mixed,role_aggregate,20,128,32,middle,True,True,0,20,40,"{""2"": 20}",0,20,0,0,
results\d5_formal\raw_r1\boot_02\batch_20260919T124051.494723Z_98c78d96.json.gz,20260919T124051.494723Z_98c78d96,4,d9aa7d65-0706-41a8-86e5-68d32ab33683,d5_d9aa7d65-0706-41a8-86e5-68d32ab33683_8602_b5a9f638,366,test:hiding,rootkit,mixed,role_aggregate,20,128,32,middle,True,True,0,20,40,"{""2"": 20}",0,20,0,0,
results\d5_formal\raw_r1\boot_02\batch_20260919T124100.319844Z_461b3d53.json.gz,20260919T124100.319844Z_461b3d53,4,d9aa7d65-0706-41a8-86e5-68d32ab33683,d5_d9aa7d65-0706-41a8-86e5-68d32ab33683_8602_b5a9f638,367,test:hiding,rootkit,mixed,role_aggregate,20,128,32,middle,True,True,0,20,40,"{""2"": 20}",0,20,0,0,
results\d5_formal\raw_r1\boot_02\batch_20260919T124102.870312Z_51b901cd.json.gz,20260919T124102.870312Z_51b901cd,4,d9aa7d65-0706-41a8-86e5-68d32ab33683,d5_d9aa7d65-0706-41a8-86e5-68d32ab33683_8602_b5a9f638,368,test:unloaded,normal,baseline,role_aggregate,20,128,32,middle,True,True,0,20,40,"{""2"": 20}",0,20,0,20,129
results\d5_formal\raw_r1\boot_02\batch_20260919T124104.893242Z_20d3dd89.json.gz,20260919T124104.893242Z_20d3dd89,4,d9aa7d65-0706-41a8-86e5-68d32ab33683,d5_d9aa7d65-0706-41a8-86e5-68d32ab33683_8602_b5a9f638,369,test:unloaded,normal,baseline,role_aggregate,20,128,32,middle,True,True,0,20,40,"{""2"": 20}",0,20,0,20,129
results\d5_formal\raw_r1\boot_02\batch_20260919T124106.832685Z_12b89df3.json.gz,20260919T124106.832685Z_12b89df3,4,d9aa7d65-0706-41a8-86e5-68d32ab33683,d5_d9aa7d65-0706-41a8-86e5-68d32ab33683_8602_b5a9f638,370,test:unloaded,normal,baseline,role_aggregate,20,128,32,middle,True,True,0,20,40,"{""2"": 20}",0,20,0,20,129
results\d5_formal\raw_r1\boot_02\batch_20260919T124108.915019Z_b883bdfc.json.gz,20260919T124108.915019Z_b883bdfc,4,d9aa7d65-0706-41a8-86e5-68d32ab33683,d5_d9aa7d65-0706-41a8-86e5-68d32ab33683_8602_b5a9f638,371,test:unloaded,normal,baseline,role_aggregate,20,128,32,middle,True,True,0,20,40,"{""2"": 20}",0,20,0,20,129
results\d5_formal\raw_r1\boot_02\batch_20260919T124110.867113Z_9621c155.json.gz,20260919T124110.867113Z_9621c155,4,d9aa7d65-0706-41a8-86e5-68d32ab33683,d5_d9aa7d65-0706-41a8-86e5-68d32ab33683_8602_b5a9f638,372,test:unloaded,normal,baseline,role_aggregate,20,128,32,middle,True,True,0,20,40,"{""2"": 20}",0,20,0,20,129
results\d5_formal\raw_r1\boot_02\batch_20260919T124112.922770Z_2d437841.json.gz,20260919T124112.922770Z_2d437841,4,d9aa7d65-0706-41a8-86e5-68d32ab33683,d5_d9aa7d65-0706-41a8-86e5-68d32ab33683_8602_b5a9f638,373,test:unloaded,normal,baseline,role_aggregate,20,128,32,middle,True,True,0,20,40,"{""2"": 20}",0,20,0,20,129
results\d5_formal\raw_r1\boot_02\batch_20260919T124114.863764Z_990e17fd.json.gz,20260919T124114.863764Z_990e17fd,4,d9aa7d65-0706-41a8-86e5-68d32ab33683,d5_d9aa7d65-0706-41a8-86e5-68d32ab33683_8602_b5a9f638,374,test:unloaded,normal,baseline,role_aggregate,20,128,32,middle,True,True,0,20,40,"{""2"": 20}",0,20,0,20,129
results\d5_formal\raw_r1\boot_02\batch_20260919T124116.932791Z_404adba6.json.gz,20260919T124116.932791Z_404adba6,4,d9aa7d65-0706-41a8-86e5-68d32ab33683,d5_d9aa7d65-0706-41a8-86e5-68d32ab33683_8602_b5a9f638,375,test:unloaded,normal,baseline,role_aggregate,20,128,32,middle,True,True,0,20,40,"{""2"": 20}",0,20,0,20,129
results\d5_formal\raw_r1\boot_02\batch_20260919T124118.860894Z_8530cbdc.json.gz,20260919T124118.860894Z_8530cbdc,4,d9aa7d65-0706-41a8-86e5-68d32ab33683,d5_d9aa7d65-0706-41a8-86e5-68d32ab33683_8602_b5a9f638,376,test:unloaded,normal,baseline,role_aggregate,20,128,32,middle,True,True,0,20,40,"{""2"": 20}",0,20,0,20,129
results\d5_formal\raw_r1\boot_02\batch_20260919T124120.853870Z_69f9575e.json.gz,20260919T124120.853870Z_69f9575e,4,d9aa7d65-0706-41a8-86e5-68d32ab33683,d5_d9aa7d65-0706-41a8-86e5-68d32ab33683_8602_b5a9f638,377,test:unloaded,normal,baseline,role_aggregate,20,128,32,middle,True,True,0,20,40,"{""2"": 20}",0,20,0,20,129
results\d5_formal\raw_r1\boot_02\batch_20260919T124122.798798Z_b38aaeb9.json.gz,20260919T124122.798798Z_b38aaeb9,4,d9aa7d65-0706-41a8-86e5-68d32ab33683,d5_d9aa7d65-0706-41a8-86e5-68d32ab33683_8602_b5a9f638,378,test:unloaded,normal,baseline,role_aggregate,20,128,32,middle,True,True,0,20,40,"{""2"": 20}",0,20,0,20,129
results\d5_formal\raw_r1\boot_02\batch_20260919T124124.889908Z_d8acaf04.json.gz,20260919T124124.889908Z_d8acaf04,4,d9aa7d65-0706-41a8-86e5-68d32ab33683,d5_d9aa7d65-0706-41a8-86e5-68d32ab33683_8602_b5a9f638,379,test:unloaded,normal,baseline,role_aggregate,20,128,32,middle,True,True,0,20,40,"{""2"": 20}",0,20,0,20,129
results\d5_formal\raw_r1\boot_02\batch_20260919T124126.897718Z_1f56b1eb.json.gz,20260919T124126.897718Z_1f56b1eb,4,d9aa7d65-0706-41a8-86e5-68d32ab33683,d5_d9aa7d65-0706-41a8-86e5-68d32ab33683_8602_b5a9f638,380,test:unloaded,normal,baseline,role_aggregate,20,128,32,middle,True,True,0,20,40,"{""2"": 20}",0,20,0,20,129
results\d5_formal\raw_r1\boot_02\batch_20260919T124128.870910Z_5375d64b.json.gz,20260919T124128.870910Z_5375d64b,4,d9aa7d65-0706-41a8-86e5-68d32ab33683,d5_d9aa7d65-0706-41a8-86e5-68d32ab33683_8602_b5a9f638,381,test:unloaded,normal,baseline,role_aggregate,20,128,32,middle,True,True,0,20,40,"{""2"": 20}",0,20,0,20,129
results\d5_formal\raw_r1\boot_02\batch_20260919T124130.788069Z_0ffd5b97.json.gz,20260919T124130.788069Z_0ffd5b97,4,d9aa7d65-0706-41a8-86e5-68d32ab33683,d5_d9aa7d65-0706-41a8-86e5-68d32ab33683_8602_b5a9f638,382,test:unloaded,normal,baseline,role_aggregate,20,128,32,middle,True,True,0,20,40,"{""2"": 20}",0,20,0,20,129
results\d5_formal\raw_r1\boot_02\batch_20260919T124132.811822Z_edc8916b.json.gz,20260919T124132.811822Z_edc8916b,4,d9aa7d65-0706-41a8-86e5-68d32ab33683,d5_d9aa7d65-0706-41a8-86e5-68d32ab33683_8602_b5a9f638,383,test:unloaded,normal,baseline,role_aggregate,20,128,32,middle,True,True,0,20,40,"{""2"": 20}",0,20,0,20,129
results\d5_formal\raw_r1\boot_02\batch_20260919T124134.824726Z_8da5dd8b.json.gz,20260919T124134.824726Z_8da5dd8b,4,d9aa7d65-0706-41a8-86e5-68d32ab33683,d5_d9aa7d65-0706-41a8-86e5-68d32ab33683_8602_b5a9f638,384,test:unloaded,normal,baseline,role_aggregate,20,128,32,middle,True,True,0,20,40,"{""2"": 20}",0,20,0,20,129
results\d5_formal\raw_r1\boot_02\batch_20260919T124136.798775Z_c301413a.json.gz,20260919T124136.798775Z_c301413a,4,d9aa7d65-0706-41a8-86e5-68d32ab33683,d5_d9aa7d65-0706-41a8-86e5-68d32ab33683_8602_b5a9f638,385,test:unloaded,normal,baseline,role_aggregate,20,128,32,middle,True,True,0,20,40,"{""2"": 20}",0,20,0,20,129
results\d5_formal\raw_r1\boot_02\batch_20260919T124138.807696Z_1d0db657.json.gz,20260919T124138.807696Z_1d0db657,4,d9aa7d65-0706-41a8-86e5-68d32ab33683,d5_d9aa7d65-0706-41a8-86e5-68d32ab33683_8602_b5a9f638,386,test:unloaded,normal,baseline,role_aggregate,20,128,32,middle,True,True,0,20,40,"{""2"": 20}",0,20,0,20,129
results\d5_formal\raw_r1\boot_02\batch_20260919T124140.950877Z_cf81f324.json.gz,20260919T124140.950877Z_cf81f324,4,d9aa7d65-0706-41a8-86e5-68d32ab33683,d5_d9aa7d65-0706-41a8-86e5-68d32ab33683_8602_b5a9f638,387,test:unloaded,normal,baseline,role_aggregate,20,128,32,middle,True,True,0,20,40,"{""2"": 20}",0,20,0,20,129
results\d5_formal\raw_r1\boot_02\batch_20260919T124143.166444Z_90d96938.json.gz,20260919T124143.166444Z_90d96938,4,d9aa7d65-0706-41a8-86e5-68d32ab33683,d5_d9aa7d65-0706-41a8-86e5-68d32ab33683_8602_b5a9f638,388,test:sham,normal,baseline,role_aggregate,20,128,32,middle,True,True,0,20,40,"{""2"": 20}",0,20,0,20,129
results\d5_formal\raw_r1\boot_02\batch_20260919T124145.359922Z_e0a8ce73.json.gz,20260919T124145.359922Z_e0a8ce73,4,d9aa7d65-0706-41a8-86e5-68d32ab33683,d5_d9aa7d65-0706-41a8-86e5-68d32ab33683_8602_b5a9f638,389,test:sham,normal,baseline,role_aggregate,20,128,32,middle,True,True,0,20,40,"{""2"": 20}",0,20,0,20,129
results\d5_formal\raw_r1\boot_02\batch_20260919T124147.395890Z_9922b0b0.json.gz,20260919T124147.395890Z_9922b0b0,4,d9aa7d65-0706-41a8-86e5-68d32ab33683,d5_d9aa7d65-0706-41a8-86e5-68d32ab33683_8602_b5a9f638,390,test:sham,normal,baseline,role_aggregate,20,128,32,middle,True,True,0,20,40,"{""2"": 20}",0,20,0,20,129
results\d5_formal\raw_r1\boot_02\batch_20260919T124149.436019Z_d06c349c.json.gz,20260919T124149.436019Z_d06c349c,4,d9aa7d65-0706-41a8-86e5-68d32ab33683,d5_d9aa7d65-0706-41a8-86e5-68d32ab33683_8602_b5a9f638,391,test:sham,normal,baseline,role_aggregate,20,128,32,middle,True,True,0,20,40,"{""2"": 20}",0,20,0,20,129
results\d5_formal\raw_r1\boot_02\batch_20260919T124151.451737Z_4e268bcf.json.gz,20260919T124151.451737Z_4e268bcf,4,d9aa7d65-0706-41a8-86e5-68d32ab33683,d5_d9aa7d65-0706-41a8-86e5-68d32ab33683_8602_b5a9f638,392,test:sham,normal,baseline,role_aggregate,20,128,32,middle,True,True,0,20,40,"{""2"": 20}",0,20,0,20,129
results\d5_formal\raw_r1\boot_02\batch_20260919T124153.551968Z_a1bd4ac0.json.gz,20260919T124153.551968Z_a1bd4ac0,4,d9aa7d65-0706-41a8-86e5-68d32ab33683,d5_d9aa7d65-0706-41a8-86e5-68d32ab33683_8602_b5a9f638,393,test:sham,normal,baseline,role_aggregate,20,128,32,middle,True,True,0,20,40,"{""2"": 20}",0,20,0,20,129
results\d5_formal\raw_r1\boot_02\batch_20260919T124155.655082Z_a54ca13a.json.gz,20260919T124155.655082Z_a54ca13a,4,d9aa7d65-0706-41a8-86e5-68d32ab33683,d5_d9aa7d65-0706-41a8-86e5-68d32ab33683_8602_b5a9f638,394,test:sham,normal,baseline,role_aggregate,20,128,32,middle,True,True,0,20,40,"{""2"": 20}",0,20,0,20,129
results\d5_formal\raw_r1\boot_02\batch_20260919T124157.789872Z_612eadc5.json.gz,20260919T124157.789872Z_612eadc5,4,d9aa7d65-0706-41a8-86e5-68d32ab33683,d5_d9aa7d65-0706-41a8-86e5-68d32ab33683_8602_b5a9f638,395,test:sham,normal,baseline,role_aggregate,20,128,32,middle,True,True,0,20,40,"{""2"": 20}",0,20,0,20,129
results\d5_formal\raw_r1\boot_02\batch_20260919T124159.863469Z_bad48d5f.json.gz,20260919T124159.863469Z_bad48d5f,4,d9aa7d65-0706-41a8-86e5-68d32ab33683,d5_d9aa7d65-0706-41a8-86e5-68d32ab33683_8602_b5a9f638,396,test:sham,normal,baseline,role_aggregate,20,128,32,middle,True,True,0,20,40,"{""2"": 20}",0,20,0,20,129
results\d5_formal\raw_r1\boot_02\batch_20260919T124202.007765Z_a31b7a0f.json.gz,20260919T124202.007765Z_a31b7a0f,4,d9aa7d65-0706-41a8-86e5-68d32ab33683,d5_d9aa7d65-0706-41a8-86e5-68d32ab33683_8602_b5a9f638,397,test:sham,normal,baseline,role_aggregate,20,128,32,middle,True,True,0,20,40,"{""2"": 20}",0,20,0,20,129
results\d5_formal\raw_r1\boot_02\batch_20260919T124210.142786Z_c06f59d5.json.gz,20260919T124210.142786Z_c06f59d5,4,d9aa7d65-0706-41a8-86e5-68d32ab33683,d5_d9aa7d65-0706-41a8-86e5-68d32ab33683_8602_b5a9f638,398,test:sham,normal,cpu,role_aggregate,20,128,32,middle,True,True,0,20,40,"{""2"": 20}",0,20,0,20,129
results\d5_formal\raw_r1\boot_02\batch_20260919T124218.309346Z_028754cb.json.gz,20260919T124218.309346Z_028754cb,4,d9aa7d65-0706-41a8-86e5-68d32ab33683,d5_d9aa7d65-0706-41a8-86e5-68d32ab33683_8602_b5a9f638,399,test:sham,normal,cpu,role_aggregate,20,128,32,middle,True,True,0,20,40,"{""2"": 20}",0,20,0,20,129
results\d5_formal\raw_r1\boot_02\batch_20260919T124226.523335Z_79e7030e.json.gz,20260919T124226.523335Z_79e7030e,4,d9aa7d65-0706-41a8-86e5-68d32ab33683,d5_d9aa7d65-0706-41a8-86e5-68d32ab33683_8602_b5a9f638,400,test:sham,normal,cpu,role_aggregate,20,128,32,middle,True,True,0,20,40,"{""2"": 20}",0,20,0,20,129
results\d5_formal\raw_r1\boot_02\batch_20260919T124234.769615Z_deacf2b4.json.gz,20260919T124234.769615Z_deacf2b4,4,d9aa7d65-0706-41a8-86e5-68d32ab33683,d5_d9aa7d65-0706-41a8-86e5-68d32ab33683_8602_b5a9f638,401,test:sham,normal,cpu,role_aggregate,20,128,32,middle,True,True,0,20,40,"{""2"": 20}",0,20,0,20,129
results\d5_formal\raw_r1\boot_02\batch_20260919T124243.042413Z_23c6cef1.json.gz,20260919T124243.042413Z_23c6cef1,4,d9aa7d65-0706-41a8-86e5-68d32ab33683,d5_d9aa7d65-0706-41a8-86e5-68d32ab33683_8602_b5a9f638,402,test:sham,normal,cpu,role_aggregate,20,128,32,middle,True,True,0,20,40,"{""2"": 20}",0,20,0,20,129
results\d5_formal\raw_r1\boot_02\batch_20260919T124251.294879Z_5bbc4f10.json.gz,20260919T124251.294879Z_5bbc4f10,4,d9aa7d65-0706-41a8-86e5-68d32ab33683,d5_d9aa7d65-0706-41a8-86e5-68d32ab33683_8602_b5a9f638,403,test:sham,normal,cpu,role_aggregate,20,128,32,middle,True,True,0,20,40,"{""2"": 20}",0,20,0,20,129
results\d5_formal\raw_r1\boot_02\batch_20260919T124259.549865Z_f1a1ed27.json.gz,20260919T124259.549865Z_f1a1ed27,4,d9aa7d65-0706-41a8-86e5-68d32ab33683,d5_d9aa7d65-0706-41a8-86e5-68d32ab33683_8602_b5a9f638,404,test:sham,normal,cpu,role_aggregate,20,128,32,middle,True,True,0,20,40,"{""2"": 20}",0,20,0,20,129
results\d5_formal\raw_r1\boot_02\batch_20260919T124307.865285Z_e05e1676.json.gz,20260919T124307.865285Z_e05e1676,4,d9aa7d65-0706-41a8-86e5-68d32ab33683,d5_d9aa7d65-0706-41a8-86e5-68d32ab33683_8602_b5a9f638,405,test:sham,normal,cpu,role_aggregate,20,128,32,middle,True,True,0,20,40,"{""2"": 20}",0,20,0,20,129
results\d5_formal\raw_r1\boot_02\batch_20260919T124316.046147Z_bb90b75a.json.gz,20260919T124316.046147Z_bb90b75a,4,d9aa7d65-0706-41a8-86e5-68d32ab33683,d5_d9aa7d65-0706-41a8-86e5-68d32ab33683_8602_b5a9f638,406,test:sham,normal,cpu,role_aggregate,20,128,32,middle,True,True,0,20,40,"{""2"": 20}",0,20,0,20,129
results\d5_formal\raw_r1\boot_02\batch_20260919T124324.279022Z_ff5bde57.json.gz,20260919T124324.279022Z_ff5bde57,4,d9aa7d65-0706-41a8-86e5-68d32ab33683,d5_d9aa7d65-0706-41a8-86e5-68d32ab33683_8602_b5a9f638,407,test:sham,normal,cpu,role_aggregate,20,128,32,middle,True,True,0,20,40,"{""2"": 20}",0,20,0,20,129
results\d5_formal\raw_r1\boot_03\batch_20260919T124347.027670Z_c4558e33.json.gz,20260919T124347.027670Z_c4558e33,4,f7aaa215-6074-4abe-9e1b-80af7b615811,d5_f7aaa215-6074-4abe-9e1b-80af7b615811_8603_6b758cb6,0,calibration:unloaded,normal,baseline,role_aggregate,20,128,32,middle,True,True,0,20,40,"{""2"": 20}",0,20,0,20,129
results\d5_formal\raw_r1\boot_03\batch_20260919T124349.026952Z_43274bf8.json.gz,20260919T124349.026952Z_43274bf8,4,f7aaa215-6074-4abe-9e1b-80af7b615811,d5_f7aaa215-6074-4abe-9e1b-80af7b615811_8603_6b758cb6,1,calibration:sham,normal,baseline,role_aggregate,20,128,32,middle,True,True,0,20,40,"{""2"": 20}",0,20,0,20,129
results\d5_formal\raw_r1\boot_03\batch_20260919T124357.213598Z_78c4b914.json.gz,20260919T124357.213598Z_78c4b914,4,f7aaa215-6074-4abe-9e1b-80af7b615811,d5_f7aaa215-6074-4abe-9e1b-80af7b615811_8603_6b758cb6,2,calibration:unloaded,normal,cpu,role_aggregate,20,128,32,middle,True,True,0,20,40,"{""2"": 20}",0,20,0,20,129
results\d5_formal\raw_r1\boot_03\batch_20260919T124359.225750Z_1818bce2.json.gz,20260919T124359.225750Z_1818bce2,4,f7aaa215-6074-4abe-9e1b-80af7b615811,d5_f7aaa215-6074-4abe-9e1b-80af7b615811_8603_6b758cb6,3,calibration:sham,normal,baseline,role_aggregate,20,128,32,middle,True,True,0,20,40,"{""2"": 20}",0,20,0,20,129
results\d5_formal\raw_r1\boot_03\batch_20260919T124407.383945Z_0b80e9fb.json.gz,20260919T124407.383945Z_0b80e9fb,4,f7aaa215-6074-4abe-9e1b-80af7b615811,d5_f7aaa215-6074-4abe-9e1b-80af7b615811_8603_6b758cb6,4,calibration:sham,normal,cpu,role_aggregate,20,128,32,middle,True,True,0,20,40,"{""2"": 20}",0,20,0,20,129
results\d5_formal\raw_r1\boot_03\batch_20260919T124409.411650Z_f5f33de1.json.gz,20260919T124409.411650Z_f5f33de1,4,f7aaa215-6074-4abe-9e1b-80af7b615811,d5_f7aaa215-6074-4abe-9e1b-80af7b615811_8603_6b758cb6,5,calibration:sham,normal,baseline,role_aggregate,20,128,32,middle,True,True,0,20,40,"{""2"": 20}",0,20,0,20,129
results\d5_formal\raw_r1\boot_03\batch_20260919T124411.596154Z_335191a7.json.gz,20260919T124411.596154Z_335191a7,4,f7aaa215-6074-4abe-9e1b-80af7b615811,d5_f7aaa215-6074-4abe-9e1b-80af7b615811_8603_6b758cb6,6,calibration:unloaded,normal,baseline,role_aggregate,20,128,32,middle,True,True,0,20,40,"{""2"": 20}",0,20,0,20,129
results\d5_formal\raw_r1\boot_03\batch_20260919T124419.838501Z_85872820.json.gz,20260919T124419.838501Z_85872820,4,f7aaa215-6074-4abe-9e1b-80af7b615811,d5_f7aaa215-6074-4abe-9e1b-80af7b615811_8603_6b758cb6,7,calibration:sham,normal,cpu,role_aggregate,20,128,32,middle,True,True,0,20,40,"{""2"": 20}",0,20,0,20,129
results\d5_formal\raw_r1\boot_03\batch_20260919T124421.972853Z_4a525145.json.gz,20260919T124421.972853Z_4a525145,4,f7aaa215-6074-4abe-9e1b-80af7b615811,d5_f7aaa215-6074-4abe-9e1b-80af7b615811_8603_6b758cb6,8,calibration:sham,normal,baseline,role_aggregate,20,128,32,middle,True,True,0,20,40,"{""2"": 20}",0,20,0,20,129
results\d5_formal\raw_r1\boot_03\batch_20260919T124430.168035Z_fbcbffe6.json.gz,20260919T124430.168035Z_fbcbffe6,4,f7aaa215-6074-4abe-9e1b-80af7b615811,d5_f7aaa215-6074-4abe-9e1b-80af7b615811_8603_6b758cb6,9,calibration:unloaded,normal,cpu,role_aggregate,20,128,32,middle,True,True,0,20,40,"{""2"": 20}",0,20,0,20,129
results\d5_formal\raw_r1\boot_03\batch_20260919T124432.177817Z_8bcb56a6.json.gz,20260919T124432.177817Z_8bcb56a6,4,f7aaa215-6074-4abe-9e1b-80af7b615811,d5_f7aaa215-6074-4abe-9e1b-80af7b615811_8603_6b758cb6,10,calibration:unloaded,normal,baseline,role_aggregate,20,128,32,middle,True,True,0,20,40,"{""2"": 20}",0,20,0,20,129
results\d5_formal\raw_r1\boot_03\batch_20260919T124434.188188Z_10598199.json.gz,20260919T124434.188188Z_10598199,4,f7aaa215-6074-4abe-9e1b-80af7b615811,d5_f7aaa215-6074-4abe-9e1b-80af7b615811_8603_6b758cb6,11,calibration:sham,normal,baseline,role_aggregate,20,128,32,middle,True,True,0,20,40,"{""2"": 20}",0,20,0,20,129
results\d5_formal\raw_r1\boot_03\batch_20260919T124442.373031Z_32e21000.json.gz,20260919T124442.373031Z_32e21000,4,f7aaa215-6074-4abe-9e1b-80af7b615811,d5_f7aaa215-6074-4abe-9e1b-80af7b615811_8603_6b758cb6,12,calibration:unloaded,normal,cpu,role_aggregate,20,128,32,middle,True,True,0,20,40,"{""2"": 20}",0,20,0,20,129
results\d5_formal\raw_r1\boot_03\batch_20260919T124450.589783Z_e3e94bba.json.gz,20260919T124450.589783Z_e3e94bba,4,f7aaa215-6074-4abe-9e1b-80af7b615811,d5_f7aaa215-6074-4abe-9e1b-80af7b615811_8603_6b758cb6,13,calibration:unloaded,normal,cpu,role_aggregate,20,128,32,middle,True,True,0,20,40,"{""2"": 20}",0,20,0,20,129
results\d5_formal\raw_r1\boot_03\batch_20260919T124458.734014Z_a72525df.json.gz,20260919T124458.734014Z_a72525df,4,f7aaa215-6074-4abe-9e1b-80af7b615811,d5_f7aaa215-6074-4abe-9e1b-80af7b615811_8603_6b758cb6,14,calibration:unloaded,normal,cpu,role_aggregate,20,128,32,middle,True,True,0,20,40,"{""2"": 20}",0,20,0,20,129
results\d5_formal\raw_r1\boot_03\batch_20260919T124500.845957Z_4b69c0e6.json.gz,20260919T124500.845957Z_4b69c0e6,4,f7aaa215-6074-4abe-9e1b-80af7b615811,d5_f7aaa215-6074-4abe-9e1b-80af7b615811_8603_6b758cb6,15,calibration:unloaded,normal,baseline,role_aggregate,20,128,32,middle,True,True,0,20,40,"{""2"": 20}",0,20,0,20,129
results\d5_formal\raw_r1\boot_03\batch_20260919T124503.001792Z_af813566.json.gz,20260919T124503.001792Z_af813566,4,f7aaa215-6074-4abe-9e1b-80af7b615811,d5_f7aaa215-6074-4abe-9e1b-80af7b615811_8603_6b758cb6,16,calibration:sham,normal,baseline,role_aggregate,20,128,32,middle,True,True,0,20,40,"{""2"": 20}",0,20,0,20,129
results\d5_formal\raw_r1\boot_03\batch_20260919T124511.280490Z_59b70c1e.json.gz,20260919T124511.280490Z_59b70c1e,4,f7aaa215-6074-4abe-9e1b-80af7b615811,d5_f7aaa215-6074-4abe-9e1b-80af7b615811_8603_6b758cb6,17,calibration:sham,normal,cpu,role_aggregate,20,128,32,middle,True,True,0,20,40,"{""2"": 20}",0,20,0,20,129
results\d5_formal\raw_r1\boot_03\batch_20260919T124519.488892Z_5039634d.json.gz,20260919T124519.488892Z_5039634d,4,f7aaa215-6074-4abe-9e1b-80af7b615811,d5_f7aaa215-6074-4abe-9e1b-80af7b615811_8603_6b758cb6,18,calibration:sham,normal,cpu,role_aggregate,20,128,32,middle,True,True,0,20,40,"{""2"": 20}",0,20,0,20,129
results\d5_formal\raw_r1\boot_03\batch_20260919T124527.677968Z_d6e491d6.json.gz,20260919T124527.677968Z_d6e491d6,4,f7aaa215-6074-4abe-9e1b-80af7b615811,d5_f7aaa215-6074-4abe-9e1b-80af7b615811_8603_6b758cb6,19,calibration:sham,normal,cpu,role_aggregate,20,128,32,middle,True,True,0,20,40,"{""2"": 20}",0,20,0,20,129
results\d5_formal\raw_r1\boot_03\batch_20260919T124535.833948Z_e23c9f24.json.gz,20260919T124535.833948Z_e23c9f24,4,f7aaa215-6074-4abe-9e1b-80af7b615811,d5_f7aaa215-6074-4abe-9e1b-80af7b615811_8603_6b758cb6,20,calibration:unloaded,normal,cpu,role_aggregate,20,128,32,middle,True,True,0,20,40,"{""2"": 20}",0,20,0,20,129
results\d5_formal\raw_r1\boot_03\batch_20260919T124543.991369Z_e14d8883.json.gz,20260919T124543.991369Z_e14d8883,4,f7aaa215-6074-4abe-9e1b-80af7b615811,d5_f7aaa215-6074-4abe-9e1b-80af7b615811_8603_6b758cb6,21,calibration:sham,normal,cpu,role_aggregate,20,128,32,middle,True,True,0,20,40,"{""2"": 20}",0,20,0,20,129
results\d5_formal\raw_r1\boot_03\batch_20260919T124546.127920Z_7b5443eb.json.gz,20260919T124546.127920Z_7b5443eb,4,f7aaa215-6074-4abe-9e1b-80af7b615811,d5_f7aaa215-6074-4abe-9e1b-80af7b615811_8603_6b758cb6,22,calibration:sham,normal,baseline,role_aggregate,20,128,32,middle,True,True,0,20,40,"{""2"": 20}",0,20,0,20,129
results\d5_formal\raw_r1\boot_03\batch_20260919T124548.182056Z_d4d73793.json.gz,20260919T124548.182056Z_d4d73793,4,f7aaa215-6074-4abe-9e1b-80af7b615811,d5_f7aaa215-6074-4abe-9e1b-80af7b615811_8603_6b758cb6,23,calibration:unloaded,normal,baseline,role_aggregate,20,128,32,middle,True,True,0,20,40,"{""2"": 20}",0,20,0,20,129
results\d5_formal\raw_r1\boot_03\batch_20260919T124550.168987Z_74de2018.json.gz,20260919T124550.168987Z_74de2018,4,f7aaa215-6074-4abe-9e1b-80af7b615811,d5_f7aaa215-6074-4abe-9e1b-80af7b615811_8603_6b758cb6,24,calibration:sham,normal,baseline,role_aggregate,20,128,32,middle,True,True,0,20,40,"{""2"": 20}",0,20,0,20,129
results\d5_formal\raw_r1\boot_03\batch_20260919T124552.197158Z_bf15b9ba.json.gz,20260919T124552.197158Z_bf15b9ba,4,f7aaa215-6074-4abe-9e1b-80af7b615811,d5_f7aaa215-6074-4abe-9e1b-80af7b615811_8603_6b758cb6,25,calibration:unloaded,normal,baseline,role_aggregate,20,128,32,middle,True,True,0,20,40,"{""2"": 20}",0,20,0,20,129
results\d5_formal\raw_r1\boot_03\batch_20260919T124600.288921Z_5a52563b.json.gz,20260919T124600.288921Z_5a52563b,4,f7aaa215-6074-4abe-9e1b-80af7b615811,d5_f7aaa215-6074-4abe-9e1b-80af7b615811_8603_6b758cb6,26,calibration:unloaded,normal,cpu,role_aggregate,20,128,32,middle,True,True,0,20,40,"{""2"": 20}",0,20,0,20,129
results\d5_formal\raw_r1\boot_03\batch_20260919T124608.348062Z_9a6cc682.json.gz,20260919T124608.348062Z_9a6cc682,4,f7aaa215-6074-4abe-9e1b-80af7b615811,d5_f7aaa215-6074-4abe-9e1b-80af7b615811_8603_6b758cb6,27,calibration:unloaded,normal,cpu,role_aggregate,20,128,32,middle,True,True,0,20,40,"{""2"": 20}",0,20,0,20,129
results\d5_formal\raw_r1\boot_03\batch_20260919T124610.337945Z_fc116eb4.json.gz,20260919T124610.337945Z_fc116eb4,4,f7aaa215-6074-4abe-9e1b-80af7b615811,d5_f7aaa215-6074-4abe-9e1b-80af7b615811_8603_6b758cb6,28,calibration:unloaded,normal,baseline,role_aggregate,20,128,32,middle,True,True,0,20,40,"{""2"": 20}",0,20,0,20,129
results\d5_formal\raw_r1\boot_03\batch_20260919T124618.540496Z_620846a3.json.gz,20260919T124618.540496Z_620846a3,4,f7aaa215-6074-4abe-9e1b-80af7b615811,d5_f7aaa215-6074-4abe-9e1b-80af7b615811_8603_6b758cb6,29,calibration:unloaded,normal,cpu,role_aggregate,20,128,32,middle,True,True,0,20,40,"{""2"": 20}",0,20,0,20,129
results\d5_formal\raw_r1\boot_03\batch_20260919T124620.581010Z_1be0b974.json.gz,20260919T124620.581010Z_1be0b974,4,f7aaa215-6074-4abe-9e1b-80af7b615811,d5_f7aaa215-6074-4abe-9e1b-80af7b615811_8603_6b758cb6,30,calibration:unloaded,normal,baseline,role_aggregate,20,128,32,middle,True,True,0,20,40,"{""2"": 20}",0,20,0,20,129
results\d5_formal\raw_r1\boot_03\batch_20260919T124628.773869Z_e4f1dd98.json.gz,20260919T124628.773869Z_e4f1dd98,4,f7aaa215-6074-4abe-9e1b-80af7b615811,d5_f7aaa215-6074-4abe-9e1b-80af7b615811_8603_6b758cb6,31,calibration:sham,normal,cpu,role_aggregate,20,128,32,middle,True,True,0,20,40,"{""2"": 20}",0,20,0,20,129
results\d5_formal\raw_r1\boot_03\batch_20260919T124630.792166Z_13730a49.json.gz,20260919T124630.792166Z_13730a49,4,f7aaa215-6074-4abe-9e1b-80af7b615811,d5_f7aaa215-6074-4abe-9e1b-80af7b615811_8603_6b758cb6,32,calibration:unloaded,normal,baseline,role_aggregate,20,128,32,middle,True,True,0,20,40,"{""2"": 20}",0,20,0,20,129
results\d5_formal\raw_r1\boot_03\batch_20260919T124638.993682Z_d888cf91.json.gz,20260919T124638.993682Z_d888cf91,4,f7aaa215-6074-4abe-9e1b-80af7b615811,d5_f7aaa215-6074-4abe-9e1b-80af7b615811_8603_6b758cb6,33,calibration:sham,normal,cpu,role_aggregate,20,128,32,middle,True,True,0,20,40,"{""2"": 20}",0,20,0,20,129
results\d5_formal\raw_r1\boot_03\batch_20260919T124647.279974Z_4197fc28.json.gz,20260919T124647.279974Z_4197fc28,4,f7aaa215-6074-4abe-9e1b-80af7b615811,d5_f7aaa215-6074-4abe-9e1b-80af7b615811_8603_6b758cb6,34,calibration:sham,normal,cpu,role_aggregate,20,128,32,middle,True,True,0,20,40,"{""2"": 20}",0,20,0,20,129
results\d5_formal\raw_r1\boot_03\batch_20260919T124655.481095Z_0a06e406.json.gz,20260919T124655.481095Z_0a06e406,4,f7aaa215-6074-4abe-9e1b-80af7b615811,d5_f7aaa215-6074-4abe-9e1b-80af7b615811_8603_6b758cb6,35,calibration:unloaded,normal,cpu,role_aggregate,20,128,32,middle,True,True,0,20,40,"{""2"": 20}",0,20,0,20,129
results\d5_formal\raw_r1\boot_03\batch_20260919T124703.772944Z_4579173d.json.gz,20260919T124703.772944Z_4579173d,4,f7aaa215-6074-4abe-9e1b-80af7b615811,d5_f7aaa215-6074-4abe-9e1b-80af7b615811_8603_6b758cb6,36,calibration:sham,normal,cpu,role_aggregate,20,128,32,middle,True,True,0,20,40,"{""2"": 20}",0,20,0,20,129
results\d5_formal\raw_r1\boot_03\batch_20260919T124705.966747Z_e099d427.json.gz,20260919T124705.966747Z_e099d427,4,f7aaa215-6074-4abe-9e1b-80af7b615811,d5_f7aaa215-6074-4abe-9e1b-80af7b615811_8603_6b758cb6,37,calibration:sham,normal,baseline,role_aggregate,20,128,32,middle,True,True,0,20,40,"{""2"": 20}",0,20,0,20,129
results\d5_formal\raw_r1\boot_03\batch_20260919T124708.107372Z_c88e230b.json.gz,20260919T124708.107372Z_c88e230b,4,f7aaa215-6074-4abe-9e1b-80af7b615811,d5_f7aaa215-6074-4abe-9e1b-80af7b615811_8603_6b758cb6,38,calibration:sham,normal,baseline,role_aggregate,20,128,32,middle,True,True,0,20,40,"{""2"": 20}",0,20,0,20,129
results\d5_formal\raw_r1\boot_03\batch_20260919T124716.368333Z_0ebc203f.json.gz,20260919T124716.368333Z_0ebc203f,4,f7aaa215-6074-4abe-9e1b-80af7b615811,d5_f7aaa215-6074-4abe-9e1b-80af7b615811_8603_6b758cb6,39,calibration:unloaded,normal,cpu,role_aggregate,20,128,32,middle,True,True,0,20,40,"{""2"": 20}",0,20,0,20,129
results\d5_formal\raw_r1\boot_03\batch_20260919T124718.545100Z_5cb49fc4.json.gz,20260919T124718.545100Z_5cb49fc4,4,f7aaa215-6074-4abe-9e1b-80af7b615811,d5_f7aaa215-6074-4abe-9e1b-80af7b615811_8603_6b758cb6,40,calibration:unloaded,normal,baseline,role_aggregate,20,128,32,middle,True,True,0,20,40,"{""2"": 20}",0,20,0,20,129
results\d5_formal\raw_r1\boot_03\batch_20260919T124726.732966Z_987311f2.json.gz,20260919T124726.732966Z_987311f2,4,f7aaa215-6074-4abe-9e1b-80af7b615811,d5_f7aaa215-6074-4abe-9e1b-80af7b615811_8603_6b758cb6,41,calibration:sham,normal,cpu,role_aggregate,20,128,32,middle,True,True,0,20,40,"{""2"": 20}",0,20,0,20,129
results\d5_formal\raw_r1\boot_03\batch_20260919T124728.800151Z_1f574fc2.json.gz,20260919T124728.800151Z_1f574fc2,4,f7aaa215-6074-4abe-9e1b-80af7b615811,d5_f7aaa215-6074-4abe-9e1b-80af7b615811_8603_6b758cb6,42,calibration:sham,normal,baseline,role_aggregate,20,128,32,middle,True,True,0,20,40,"{""2"": 20}",0,20,0,20,129
results\d5_formal\raw_r1\boot_03\batch_20260919T124730.803423Z_6bac67ee.json.gz,20260919T124730.803423Z_6bac67ee,4,f7aaa215-6074-4abe-9e1b-80af7b615811,d5_f7aaa215-6074-4abe-9e1b-80af7b615811_8603_6b758cb6,43,calibration:sham,normal,baseline,role_aggregate,20,128,32,middle,True,True,0,20,40,"{""2"": 20}",0,20,0,20,129
results\d5_formal\raw_r1\boot_03\batch_20260919T124738.984756Z_59159396.json.gz,20260919T124738.984756Z_59159396,4,f7aaa215-6074-4abe-9e1b-80af7b615811,d5_f7aaa215-6074-4abe-9e1b-80af7b615811_8603_6b758cb6,44,calibration:unloaded,normal,cpu,role_aggregate,20,128,32,middle,True,True,0,20,40,"{""2"": 20}",0,20,0,20,129
results\d5_formal\raw_r1\boot_03\batch_20260919T124740.971251Z_8508f8fe.json.gz,20260919T124740.971251Z_8508f8fe,4,f7aaa215-6074-4abe-9e1b-80af7b615811,d5_f7aaa215-6074-4abe-9e1b-80af7b615811_8603_6b758cb6,45,calibration:unloaded,normal,baseline,role_aggregate,20,128,32,middle,True,True,0,20,40,"{""2"": 20}",0,20,0,20,129
results\d5_formal\raw_r1\boot_03\batch_20260919T124749.125623Z_951bbdef.json.gz,20260919T124749.125623Z_951bbdef,4,f7aaa215-6074-4abe-9e1b-80af7b615811,d5_f7aaa215-6074-4abe-9e1b-80af7b615811_8603_6b758cb6,46,calibration:sham,normal,cpu,role_aggregate,20,128,32,middle,True,True,0,20,40,"{""2"": 20}",0,20,0,20,129
results\d5_formal\raw_r1\boot_03\batch_20260919T124751.150160Z_ea0b0c18.json.gz,20260919T124751.150160Z_ea0b0c18,4,f7aaa215-6074-4abe-9e1b-80af7b615811,d5_f7aaa215-6074-4abe-9e1b-80af7b615811_8603_6b758cb6,47,calibration:unloaded,normal,baseline,role_aggregate,20,128,32,middle,True,True,0,20,40,"{""2"": 20}",0,20,0,20,129
results\d5_formal\raw_r1\boot_03\batch_20260919T124753.210741Z_c655e5bf.json.gz,20260919T124753.210741Z_c655e5bf,4,f7aaa215-6074-4abe-9e1b-80af7b615811,d5_f7aaa215-6074-4abe-9e1b-80af7b615811_8603_6b758cb6,48,test:unloaded,normal,baseline,role_aggregate,20,128,32,middle,True,True,0,20,40,"{""2"": 20}",0,20,0,20,129
results\d5_formal\raw_r1\boot_03\batch_20260919T124755.191889Z_3ca00145.json.gz,20260919T124755.191889Z_3ca00145,4,f7aaa215-6074-4abe-9e1b-80af7b615811,d5_f7aaa215-6074-4abe-9e1b-80af7b615811_8603_6b758cb6,49,test:unloaded,normal,baseline,role_aggregate,20,128,32,middle,True,True,0,20,40,"{""2"": 20}",0,20,0,20,129
results\d5_formal\raw_r1\boot_03\batch_20260919T124757.260082Z_43a87efb.json.gz,20260919T124757.260082Z_43a87efb,4,f7aaa215-6074-4abe-9e1b-80af7b615811,d5_f7aaa215-6074-4abe-9e1b-80af7b615811_8603_6b758cb6,50,test:unloaded,normal,baseline,role_aggregate,20,128,32,middle,True,True,0,20,40,"{""2"": 20}",0,20,0,20,129
results\d5_formal\raw_r1\boot_03\batch_20260919T124759.372350Z_f659a592.json.gz,20260919T124759.372350Z_f659a592,4,f7aaa215-6074-4abe-9e1b-80af7b615811,d5_f7aaa215-6074-4abe-9e1b-80af7b615811_8603_6b758cb6,51,test:unloaded,normal,baseline,role_aggregate,20,128,32,middle,True,True,0,20,40,"{""2"": 20}",0,20,0,20,129
results\d5_formal\raw_r1\boot_03\batch_20260919T124801.388101Z_f97d88e2.json.gz,20260919T124801.388101Z_f97d88e2,4,f7aaa215-6074-4abe-9e1b-80af7b615811,d5_f7aaa215-6074-4abe-9e1b-80af7b615811_8603_6b758cb6,52,test:unloaded,normal,baseline,role_aggregate,20,128,32,middle,True,True,0,20,40,"{""2"": 20}",0,20,0,20,129
results\d5_formal\raw_r1\boot_03\batch_20260919T124803.413988Z_32b00ee9.json.gz,20260919T124803.413988Z_32b00ee9,4,f7aaa215-6074-4abe-9e1b-80af7b615811,d5_f7aaa215-6074-4abe-9e1b-80af7b615811_8603_6b758cb6,53,test:unloaded,normal,baseline,role_aggregate,20,128,32,middle,True,True,0,20,40,"{""2"": 20}",0,20,0,20,129
results\d5_formal\raw_r1\boot_03\batch_20260919T124805.354986Z_1b16ca82.json.gz,20260919T124805.354986Z_1b16ca82,4,f7aaa215-6074-4abe-9e1b-80af7b615811,d5_f7aaa215-6074-4abe-9e1b-80af7b615811_8603_6b758cb6,54,test:unloaded,normal,baseline,role_aggregate,20,128,32,middle,True,True,0,20,40,"{""2"": 20}",0,20,0,20,129
results\d5_formal\raw_r1\boot_03\batch_20260919T124807.378879Z_d2a64115.json.gz,20260919T124807.378879Z_d2a64115,4,f7aaa215-6074-4abe-9e1b-80af7b615811,d5_f7aaa215-6074-4abe-9e1b-80af7b615811_8603_6b758cb6,55,test:unloaded,normal,baseline,role_aggregate,20,128,32,middle,True,True,0,20,40,"{""2"": 20}",0,20,0,20,129
results\d5_formal\raw_r1\boot_03\batch_20260919T124809.442228Z_580c3549.json.gz,20260919T124809.442228Z_580c3549,4,f7aaa215-6074-4abe-9e1b-80af7b615811,d5_f7aaa215-6074-4abe-9e1b-80af7b615811_8603_6b758cb6,56,test:unloaded,normal,baseline,role_aggregate,20,128,32,middle,True,True,0,20,40,"{""2"": 20}",0,20,0,20,129
results\d5_formal\raw_r1\boot_03\batch_20260919T124811.520383Z_169aa0c4.json.gz,20260919T124811.520383Z_169aa0c4,4,f7aaa215-6074-4abe-9e1b-80af7b615811,d5_f7aaa215-6074-4abe-9e1b-80af7b615811_8603_6b758cb6,57,test:unloaded,normal,baseline,role_aggregate,20,128,32,middle,True,True,0,20,40,"{""2"": 20}",0,20,0,20,129
results\d5_formal\raw_r1\boot_03\batch_20260919T124813.519037Z_ad669db7.json.gz,20260919T124813.519037Z_ad669db7,4,f7aaa215-6074-4abe-9e1b-80af7b615811,d5_f7aaa215-6074-4abe-9e1b-80af7b615811_8603_6b758cb6,58,test:unloaded,normal,baseline,role_aggregate,20,128,32,middle,True,True,0,20,40,"{""2"": 20}",0,20,0,20,129
results\d5_formal\raw_r1\boot_03\batch_20260919T124815.549958Z_82fc4aaa.json.gz,20260919T124815.549958Z_82fc4aaa,4,f7aaa215-6074-4abe-9e1b-80af7b615811,d5_f7aaa215-6074-4abe-9e1b-80af7b615811_8603_6b758cb6,59,test:unloaded,normal,baseline,role_aggregate,20,128,32,middle,True,True,0,20,40,"{""2"": 20}",0,20,0,20,129
results\d5_formal\raw_r1\boot_03\batch_20260919T124817.655759Z_33825688.json.gz,20260919T124817.655759Z_33825688,4,f7aaa215-6074-4abe-9e1b-80af7b615811,d5_f7aaa215-6074-4abe-9e1b-80af7b615811_8603_6b758cb6,60,test:unloaded,normal,baseline,role_aggregate,20,128,32,middle,True,True,0,20,40,"{""2"": 20}",0,20,0,20,129
results\d5_formal\raw_r1\boot_03\batch_20260919T124819.678999Z_da0b44b1.json.gz,20260919T124819.678999Z_da0b44b1,4,f7aaa215-6074-4abe-9e1b-80af7b615811,d5_f7aaa215-6074-4abe-9e1b-80af7b615811_8603_6b758cb6,61,test:unloaded,normal,baseline,role_aggregate,20,128,32,middle,True,True,0,20,40,"{""2"": 20}",0,20,0,20,129
results\d5_formal\raw_r1\boot_03\batch_20260919T124821.798922Z_36f4fd87.json.gz,20260919T124821.798922Z_36f4fd87,4,f7aaa215-6074-4abe-9e1b-80af7b615811,d5_f7aaa215-6074-4abe-9e1b-80af7b615811_8603_6b758cb6,62,test:unloaded,normal,baseline,role_aggregate,20,128,32,middle,True,True,0,20,40,"{""2"": 20}",0,20,0,20,129
results\d5_formal\raw_r1\boot_03\batch_20260919T124823.771371Z_aa65a0c8.json.gz,20260919T124823.771371Z_aa65a0c8,4,f7aaa215-6074-4abe-9e1b-80af7b615811,d5_f7aaa215-6074-4abe-9e1b-80af7b615811_8603_6b758cb6,63,test:unloaded,normal,baseline,role_aggregate,20,128,32,middle,True,True,0,20,40,"{""2"": 20}",0,20,0,20,129
results\d5_formal\raw_r1\boot_03\batch_20260919T124825.889208Z_0afdeca8.json.gz,20260919T124825.889208Z_0afdeca8,4,f7aaa215-6074-4abe-9e1b-80af7b615811,d5_f7aaa215-6074-4abe-9e1b-80af7b615811_8603_6b758cb6,64,test:unloaded,normal,baseline,role_aggregate,20,128,32,middle,True,True,0,20,40,"{""2"": 20}",0,20,0,20,129
results\d5_formal\raw_r1\boot_03\batch_20260919T124827.969862Z_3205598f.json.gz,20260919T124827.969862Z_3205598f,4,f7aaa215-6074-4abe-9e1b-80af7b615811,d5_f7aaa215-6074-4abe-9e1b-80af7b615811_8603_6b758cb6,65,test:unloaded,normal,baseline,role_aggregate,20,128,32,middle,True,True,0,20,40,"{""2"": 20}",0,20,0,20,129
results\d5_formal\raw_r1\boot_03\batch_20260919T124829.980835Z_bb24def0.json.gz,20260919T124829.980835Z_bb24def0,4,f7aaa215-6074-4abe-9e1b-80af7b615811,d5_f7aaa215-6074-4abe-9e1b-80af7b615811_8603_6b758cb6,66,test:unloaded,normal,baseline,role_aggregate,20,128,32,middle,True,True,0,20,40,"{""2"": 20}",0,20,0,20,129
results\d5_formal\raw_r1\boot_03\batch_20260919T124832.052390Z_60cb532a.json.gz,20260919T124832.052390Z_60cb532a,4,f7aaa215-6074-4abe-9e1b-80af7b615811,d5_f7aaa215-6074-4abe-9e1b-80af7b615811_8603_6b758cb6,67,test:unloaded,normal,baseline,role_aggregate,20,128,32,middle,True,True,0,20,40,"{""2"": 20}",0,20,0,20,129
results\d5_formal\raw_r1\boot_03\batch_20260919T124840.233810Z_e16edc11.json.gz,20260919T124840.233810Z_e16edc11,4,f7aaa215-6074-4abe-9e1b-80af7b615811,d5_f7aaa215-6074-4abe-9e1b-80af7b615811_8603_6b758cb6,68,test:unloaded,normal,cpu,role_aggregate,20,128,32,middle,True,True,0,20,40,"{""2"": 20}",0,20,0,20,129
results\d5_formal\raw_r1\boot_03\batch_20260919T124848.386421Z_348002b0.json.gz,20260919T124848.386421Z_348002b0,4,f7aaa215-6074-4abe-9e1b-80af7b615811,d5_f7aaa215-6074-4abe-9e1b-80af7b615811_8603_6b758cb6,69,test:unloaded,normal,cpu,role_aggregate,20,128,32,middle,True,True,0,20,40,"{""2"": 20}",0,20,0,20,129
results\d5_formal\raw_r1\boot_03\batch_20260919T124856.708726Z_b644b810.json.gz,20260919T124856.708726Z_b644b810,4,f7aaa215-6074-4abe-9e1b-80af7b615811,d5_f7aaa215-6074-4abe-9e1b-80af7b615811_8603_6b758cb6,70,test:unloaded,normal,cpu,role_aggregate,20,128,32,middle,True,True,0,20,40,"{""2"": 20}",0,20,0,20,129
results\d5_formal\raw_r1\boot_03\batch_20260919T124904.938575Z_5defea22.json.gz,20260919T124904.938575Z_5defea22,4,f7aaa215-6074-4abe-9e1b-80af7b615811,d5_f7aaa215-6074-4abe-9e1b-80af7b615811_8603_6b758cb6,71,test:unloaded,normal,cpu,role_aggregate,20,128,32,middle,True,True,0,20,40,"{""2"": 20}",0,20,0,20,129
results\d5_formal\raw_r1\boot_03\batch_20260919T124913.068959Z_4f3dffa8.json.gz,20260919T124913.068959Z_4f3dffa8,4,f7aaa215-6074-4abe-9e1b-80af7b615811,d5_f7aaa215-6074-4abe-9e1b-80af7b615811_8603_6b758cb6,72,test:unloaded,normal,cpu,role_aggregate,20,128,32,middle,True,True,0,20,40,"{""2"": 20}",0,20,0,20,129
results\d5_formal\raw_r1\boot_03\batch_20260919T124921.164629Z_193923d1.json.gz,20260919T124921.164629Z_193923d1,4,f7aaa215-6074-4abe-9e1b-80af7b615811,d5_f7aaa215-6074-4abe-9e1b-80af7b615811_8603_6b758cb6,73,test:unloaded,normal,cpu,role_aggregate,20,128,32,middle,True,True,0,20,40,"{""2"": 20}",0,20,0,20,129
results\d5_formal\raw_r1\boot_03\batch_20260919T124929.360120Z_dbc0facb.json.gz,20260919T124929.360120Z_dbc0facb,4,f7aaa215-6074-4abe-9e1b-80af7b615811,d5_f7aaa215-6074-4abe-9e1b-80af7b615811_8603_6b758cb6,74,test:unloaded,normal,cpu,role_aggregate,20,128,32,middle,True,True,0,20,40,"{""2"": 20}",0,20,0,20,129
results\d5_formal\raw_r1\boot_03\batch_20260919T124937.616029Z_cac78672.json.gz,20260919T124937.616029Z_cac78672,4,f7aaa215-6074-4abe-9e1b-80af7b615811,d5_f7aaa215-6074-4abe-9e1b-80af7b615811_8603_6b758cb6,75,test:unloaded,normal,cpu,role_aggregate,20,128,32,middle,True,True,0,20,40,"{""2"": 20}",0,20,0,20,129
results\d5_formal\raw_r1\boot_03\batch_20260919T124945.757869Z_1dad1432.json.gz,20260919T124945.757869Z_1dad1432,4,f7aaa215-6074-4abe-9e1b-80af7b615811,d5_f7aaa215-6074-4abe-9e1b-80af7b615811_8603_6b758cb6,76,test:unloaded,normal,cpu,role_aggregate,20,128,32,middle,True,True,0,20,40,"{""2"": 20}",0,20,0,20,129
results\d5_formal\raw_r1\boot_03\batch_20260919T124953.880245Z_5d663c59.json.gz,20260919T124953.880245Z_5d663c59,4,f7aaa215-6074-4abe-9e1b-80af7b615811,d5_f7aaa215-6074-4abe-9e1b-80af7b615811_8603_6b758cb6,77,test:unloaded,normal,cpu,role_aggregate,20,128,32,middle,True,True,0,20,40,"{""2"": 20}",0,20,0,20,129
results\d5_formal\raw_r1\boot_03\batch_20260919T125002.057889Z_7721b3f3.json.gz,20260919T125002.057889Z_7721b3f3,4,f7aaa215-6074-4abe-9e1b-80af7b615811,d5_f7aaa215-6074-4abe-9e1b-80af7b615811_8603_6b758cb6,78,test:unloaded,normal,cpu,role_aggregate,20,128,32,middle,True,True,0,20,40,"{""2"": 20}",0,20,0,20,129
results\d5_formal\raw_r1\boot_03\batch_20260919T125010.216932Z_8e360fe7.json.gz,20260919T125010.216932Z_8e360fe7,4,f7aaa215-6074-4abe-9e1b-80af7b615811,d5_f7aaa215-6074-4abe-9e1b-80af7b615811_8603_6b758cb6,79,test:unloaded,normal,cpu,role_aggregate,20,128,32,middle,True,True,0,20,40,"{""2"": 20}",0,20,0,20,129
results\d5_formal\raw_r1\boot_03\batch_20260919T125018.524948Z_cecaa4b4.json.gz,20260919T125018.524948Z_cecaa4b4,4,f7aaa215-6074-4abe-9e1b-80af7b615811,d5_f7aaa215-6074-4abe-9e1b-80af7b615811_8603_6b758cb6,80,test:unloaded,normal,cpu,role_aggregate,20,128,32,middle,True,True,0,20,40,"{""2"": 20}",0,20,0,20,129
results\d5_formal\raw_r1\boot_03\batch_20260919T125026.687846Z_0d94b944.json.gz,20260919T125026.687846Z_0d94b944,4,f7aaa215-6074-4abe-9e1b-80af7b615811,d5_f7aaa215-6074-4abe-9e1b-80af7b615811_8603_6b758cb6,81,test:unloaded,normal,cpu,role_aggregate,20,128,32,middle,True,True,0,20,40,"{""2"": 20}",0,20,0,20,129
results\d5_formal\raw_r1\boot_03\batch_20260919T125034.881827Z_d5555c1f.json.gz,20260919T125034.881827Z_d5555c1f,4,f7aaa215-6074-4abe-9e1b-80af7b615811,d5_f7aaa215-6074-4abe-9e1b-80af7b615811_8603_6b758cb6,82,test:unloaded,normal,cpu,role_aggregate,20,128,32,middle,True,True,0,20,40,"{""2"": 20}",0,20,0,20,129
results\d5_formal\raw_r1\boot_03\batch_20260919T125042.995093Z_f94b99af.json.gz,20260919T125042.995093Z_f94b99af,4,f7aaa215-6074-4abe-9e1b-80af7b615811,d5_f7aaa215-6074-4abe-9e1b-80af7b615811_8603_6b758cb6,83,test:unloaded,normal,cpu,role_aggregate,20,128,32,middle,True,True,0,20,40,"{""2"": 20}",0,20,0,20,129
results\d5_formal\raw_r1\boot_03\batch_20260919T125051.286085Z_97eb569e.json.gz,20260919T125051.286085Z_97eb569e,4,f7aaa215-6074-4abe-9e1b-80af7b615811,d5_f7aaa215-6074-4abe-9e1b-80af7b615811_8603_6b758cb6,84,test:unloaded,normal,cpu,role_aggregate,20,128,32,middle,True,True,0,20,40,"{""2"": 20}",0,20,0,20,129
results\d5_formal\raw_r1\boot_03\batch_20260919T125059.562360Z_eec10ebc.json.gz,20260919T125059.562360Z_eec10ebc,4,f7aaa215-6074-4abe-9e1b-80af7b615811,d5_f7aaa215-6074-4abe-9e1b-80af7b615811_8603_6b758cb6,85,test:unloaded,normal,cpu,role_aggregate,20,128,32,middle,True,True,0,20,40,"{""2"": 20}",0,20,0,20,129
results\d5_formal\raw_r1\boot_03\batch_20260919T125107.812801Z_dce7a1a8.json.gz,20260919T125107.812801Z_dce7a1a8,4,f7aaa215-6074-4abe-9e1b-80af7b615811,d5_f7aaa215-6074-4abe-9e1b-80af7b615811_8603_6b758cb6,86,test:unloaded,normal,cpu,role_aggregate,20,128,32,middle,True,True,0,20,40,"{""2"": 20}",0,20,0,20,129
results\d5_formal\raw_r1\boot_03\batch_20260919T125115.959042Z_acbcd320.json.gz,20260919T125115.959042Z_acbcd320,4,f7aaa215-6074-4abe-9e1b-80af7b615811,d5_f7aaa215-6074-4abe-9e1b-80af7b615811_8603_6b758cb6,87,test:unloaded,normal,cpu,role_aggregate,20,128,32,middle,True,True,0,20,40,"{""2"": 20}",0,20,0,20,129
results\d5_formal\raw_r1\boot_03\batch_20260919T125124.029747Z_650044e7.json.gz,20260919T125124.029747Z_650044e7,4,f7aaa215-6074-4abe-9e1b-80af7b615811,d5_f7aaa215-6074-4abe-9e1b-80af7b615811_8603_6b758cb6,88,test:unloaded,normal,cpu,role_aggregate,20,128,32,middle,True,True,0,20,40,"{""2"": 20}",0,20,0,20,129
results\d5_formal\raw_r1\boot_03\batch_20260919T125132.201952Z_f9a0373e.json.gz,20260919T125132.201952Z_f9a0373e,4,f7aaa215-6074-4abe-9e1b-80af7b615811,d5_f7aaa215-6074-4abe-9e1b-80af7b615811_8603_6b758cb6,89,test:unloaded,normal,cpu,role_aggregate,20,128,32,middle,True,True,0,20,40,"{""2"": 20}",0,20,0,20,129
results\d5_formal\raw_r1\boot_03\batch_20260919T125140.352578Z_c541e925.json.gz,20260919T125140.352578Z_c541e925,4,f7aaa215-6074-4abe-9e1b-80af7b615811,d5_f7aaa215-6074-4abe-9e1b-80af7b615811_8603_6b758cb6,90,test:unloaded,normal,cpu,role_aggregate,20,128,32,middle,True,True,0,20,40,"{""2"": 20}",0,20,0,20,129
results\d5_formal\raw_r1\boot_03\batch_20260919T125148.467941Z_8077692b.json.gz,20260919T125148.467941Z_8077692b,4,f7aaa215-6074-4abe-9e1b-80af7b615811,d5_f7aaa215-6074-4abe-9e1b-80af7b615811_8603_6b758cb6,91,test:unloaded,normal,cpu,role_aggregate,20,128,32,middle,True,True,0,20,40,"{""2"": 20}",0,20,0,20,129
results\d5_formal\raw_r1\boot_03\batch_20260919T125156.675653Z_12df90b2.json.gz,20260919T125156.675653Z_12df90b2,4,f7aaa215-6074-4abe-9e1b-80af7b615811,d5_f7aaa215-6074-4abe-9e1b-80af7b615811_8603_6b758cb6,92,test:unloaded,normal,cpu,role_aggregate,20,128,32,middle,True,True,0,20,40,"{""2"": 20}",0,20,0,20,129
results\d5_formal\raw_r1\boot_03\batch_20260919T125204.914004Z_ac58aac9.json.gz,20260919T125204.914004Z_ac58aac9,4,f7aaa215-6074-4abe-9e1b-80af7b615811,d5_f7aaa215-6074-4abe-9e1b-80af7b615811_8603_6b758cb6,93,test:unloaded,normal,cpu,role_aggregate,20,128,32,middle,True,True,0,20,40,"{""2"": 20}",0,20,0,20,129
results\d5_formal\raw_r1\boot_03\batch_20260919T125213.079710Z_8f17c34e.json.gz,20260919T125213.079710Z_8f17c34e,4,f7aaa215-6074-4abe-9e1b-80af7b615811,d5_f7aaa215-6074-4abe-9e1b-80af7b615811_8603_6b758cb6,94,test:unloaded,normal,cpu,role_aggregate,20,128,32,middle,True,True,0,20,40,"{""2"": 20}",0,20,0,20,129
results\d5_formal\raw_r1\boot_03\batch_20260919T125221.256884Z_a1d13dc4.json.gz,20260919T125221.256884Z_a1d13dc4,4,f7aaa215-6074-4abe-9e1b-80af7b615811,d5_f7aaa215-6074-4abe-9e1b-80af7b615811_8603_6b758cb6,95,test:unloaded,normal,cpu,role_aggregate,20,128,32,middle,True,True,0,20,40,"{""2"": 20}",0,20,0,20,129
results\d5_formal\raw_r1\boot_03\batch_20260919T125229.497162Z_28ff7638.json.gz,20260919T125229.497162Z_28ff7638,4,f7aaa215-6074-4abe-9e1b-80af7b615811,d5_f7aaa215-6074-4abe-9e1b-80af7b615811_8603_6b758cb6,96,test:unloaded,normal,cpu,role_aggregate,20,128,32,middle,True,True,0,20,40,"{""2"": 20}",0,20,0,20,129
results\d5_formal\raw_r1\boot_03\batch_20260919T125237.717905Z_d5d254c4.json.gz,20260919T125237.717905Z_d5d254c4,4,f7aaa215-6074-4abe-9e1b-80af7b615811,d5_f7aaa215-6074-4abe-9e1b-80af7b615811_8603_6b758cb6,97,test:unloaded,normal,cpu,role_aggregate,20,128,32,middle,True,True,0,20,40,"{""2"": 20}",0,20,0,20,129
results\d5_formal\raw_r1\boot_03\batch_20260919T125245.921561Z_9b23cd64.json.gz,20260919T125245.921561Z_9b23cd64,4,f7aaa215-6074-4abe-9e1b-80af7b615811,d5_f7aaa215-6074-4abe-9e1b-80af7b615811_8603_6b758cb6,98,test:unloaded,normal,cpu,role_aggregate,20,128,32,middle,True,True,0,20,40,"{""2"": 20}",0,20,0,20,129
results\d5_formal\raw_r1\boot_03\batch_20260919T125254.047009Z_628517e3.json.gz,20260919T125254.047009Z_628517e3,4,f7aaa215-6074-4abe-9e1b-80af7b615811,d5_f7aaa215-6074-4abe-9e1b-80af7b615811_8603_6b758cb6,99,test:unloaded,normal,cpu,role_aggregate,20,128,32,middle,True,True,0,20,40,"{""2"": 20}",0,20,0,20,129
results\d5_formal\raw_r1\boot_03\batch_20260919T125302.218917Z_1fbcfc80.json.gz,20260919T125302.218917Z_1fbcfc80,4,f7aaa215-6074-4abe-9e1b-80af7b615811,d5_f7aaa215-6074-4abe-9e1b-80af7b615811_8603_6b758cb6,100,test:unloaded,normal,cpu,role_aggregate,20,128,32,middle,True,True,0,20,40,"{""2"": 20}",0,20,0,20,129
results\d5_formal\raw_r1\boot_03\batch_20260919T125310.707067Z_4920bc43.json.gz,20260919T125310.707067Z_4920bc43,4,f7aaa215-6074-4abe-9e1b-80af7b615811,d5_f7aaa215-6074-4abe-9e1b-80af7b615811_8603_6b758cb6,101,test:unloaded,normal,cpu,role_aggregate,20,128,32,middle,True,True,0,20,40,"{""2"": 20}",0,20,0,20,129
results\d5_formal\raw_r1\boot_03\batch_20260919T125318.928957Z_09c781c8.json.gz,20260919T125318.928957Z_09c781c8,4,f7aaa215-6074-4abe-9e1b-80af7b615811,d5_f7aaa215-6074-4abe-9e1b-80af7b615811_8603_6b758cb6,102,test:unloaded,normal,cpu,role_aggregate,20,128,32,middle,True,True,0,20,40,"{""2"": 20}",0,20,0,20,129
results\d5_formal\raw_r1\boot_03\batch_20260919T125327.058662Z_13f2211e.json.gz,20260919T125327.058662Z_13f2211e,4,f7aaa215-6074-4abe-9e1b-80af7b615811,d5_f7aaa215-6074-4abe-9e1b-80af7b615811_8603_6b758cb6,103,test:unloaded,normal,cpu,role_aggregate,20,128,32,middle,True,True,0,20,40,"{""2"": 20}",0,20,0,20,129
results\d5_formal\raw_r1\boot_03\batch_20260919T125335.270675Z_938b09af.json.gz,20260919T125335.270675Z_938b09af,4,f7aaa215-6074-4abe-9e1b-80af7b615811,d5_f7aaa215-6074-4abe-9e1b-80af7b615811_8603_6b758cb6,104,test:unloaded,normal,cpu,role_aggregate,20,128,32,middle,True,True,0,20,40,"{""2"": 20}",0,20,0,20,129
results\d5_formal\raw_r1\boot_03\batch_20260919T125343.400007Z_1fba46b9.json.gz,20260919T125343.400007Z_1fba46b9,4,f7aaa215-6074-4abe-9e1b-80af7b615811,d5_f7aaa215-6074-4abe-9e1b-80af7b615811_8603_6b758cb6,105,test:unloaded,normal,cpu,role_aggregate,20,128,32,middle,True,True,0,20,40,"{""2"": 20}",0,20,0,20,129
results\d5_formal\raw_r1\boot_03\batch_20260919T125351.724416Z_90d8e130.json.gz,20260919T125351.724416Z_90d8e130,4,f7aaa215-6074-4abe-9e1b-80af7b615811,d5_f7aaa215-6074-4abe-9e1b-80af7b615811_8603_6b758cb6,106,test:unloaded,normal,cpu,role_aggregate,20,128,32,middle,True,True,0,20,40,"{""2"": 20}",0,20,0,20,129
results\d5_formal\raw_r1\boot_03\batch_20260919T125359.891516Z_1ec801a2.json.gz,20260919T125359.891516Z_1ec801a2,4,f7aaa215-6074-4abe-9e1b-80af7b615811,d5_f7aaa215-6074-4abe-9e1b-80af7b615811_8603_6b758cb6,107,test:unloaded,normal,cpu,role_aggregate,20,128,32,middle,True,True,0,20,40,"{""2"": 20}",0,20,0,20,129
results\d5_formal\raw_r1\boot_03\batch_20260919T125403.083836Z_df3970fb.json.gz,20260919T125403.083836Z_df3970fb,4,f7aaa215-6074-4abe-9e1b-80af7b615811,d5_f7aaa215-6074-4abe-9e1b-80af7b615811_8603_6b758cb6,108,test:unloaded,normal,memory,role_aggregate,20,128,32,middle,True,True,0,20,40,"{""2"": 20}",0,20,0,20,129
results\d5_formal\raw_r1\boot_03\batch_20260919T125406.408117Z_54f8d27f.json.gz,20260919T125406.408117Z_54f8d27f,4,f7aaa215-6074-4abe-9e1b-80af7b615811,d5_f7aaa215-6074-4abe-9e1b-80af7b615811_8603_6b758cb6,109,test:unloaded,normal,memory,role_aggregate,20,128,32,middle,True,True,0,20,40,"{""2"": 20}",0,20,0,20,129
results\d5_formal\raw_r1\boot_03\batch_20260919T125409.836379Z_0e438d97.json.gz,20260919T125409.836379Z_0e438d97,4,f7aaa215-6074-4abe-9e1b-80af7b615811,d5_f7aaa215-6074-4abe-9e1b-80af7b615811_8603_6b758cb6,110,test:unloaded,normal,memory,role_aggregate,20,128,32,middle,True,True,0,20,40,"{""2"": 20}",0,20,0,20,129
results\d5_formal\raw_r1\boot_03\batch_20260919T125413.170966Z_5d52b81e.json.gz,20260919T125413.170966Z_5d52b81e,4,f7aaa215-6074-4abe-9e1b-80af7b615811,d5_f7aaa215-6074-4abe-9e1b-80af7b615811_8603_6b758cb6,111,test:unloaded,normal,memory,role_aggregate,20,128,32,middle,True,True,0,20,40,"{""2"": 20}",0,20,0,20,129
results\d5_formal\raw_r1\boot_03\batch_20260919T125416.551230Z_4a3cf34a.json.gz,20260919T125416.551230Z_4a3cf34a,4,f7aaa215-6074-4abe-9e1b-80af7b615811,d5_f7aaa215-6074-4abe-9e1b-80af7b615811_8603_6b758cb6,112,test:unloaded,normal,memory,role_aggregate,20,128,32,middle,True,True,0,20,40,"{""2"": 20}",0,20,0,20,129
results\d5_formal\raw_r1\boot_03\batch_20260919T125419.875640Z_1be55757.json.gz,20260919T125419.875640Z_1be55757,4,f7aaa215-6074-4abe-9e1b-80af7b615811,d5_f7aaa215-6074-4abe-9e1b-80af7b615811_8603_6b758cb6,113,test:unloaded,normal,memory,role_aggregate,20,128,32,middle,True,True,0,20,40,"{""2"": 20}",0,20,0,20,129
results\d5_formal\raw_r1\boot_03\batch_20260919T125423.151118Z_5a0ddb53.json.gz,20260919T125423.151118Z_5a0ddb53,4,f7aaa215-6074-4abe-9e1b-80af7b615811,d5_f7aaa215-6074-4abe-9e1b-80af7b615811_8603_6b758cb6,114,test:unloaded,normal,memory,role_aggregate,20,128,32,middle,True,True,0,20,40,"{""2"": 20}",0,20,0,20,129
results\d5_formal\raw_r1\boot_03\batch_20260919T125426.533872Z_2deaf9fa.json.gz,20260919T125426.533872Z_2deaf9fa,4,f7aaa215-6074-4abe-9e1b-80af7b615811,d5_f7aaa215-6074-4abe-9e1b-80af7b615811_8603_6b758cb6,115,test:unloaded,normal,memory,role_aggregate,20,128,32,middle,True,True,0,20,40,"{""2"": 20}",0,20,0,20,129
results\d5_formal\raw_r1\boot_03\batch_20260919T125429.772696Z_c05ad56c.json.gz,20260919T125429.772696Z_c05ad56c,4,f7aaa215-6074-4abe-9e1b-80af7b615811,d5_f7aaa215-6074-4abe-9e1b-80af7b615811_8603_6b758cb6,116,test:unloaded,normal,memory,role_aggregate,20,128,32,middle,True,True,0,20,40,"{""2"": 20}",0,20,0,20,129
results\d5_formal\raw_r1\boot_03\batch_20260919T125433.028762Z_b35098bc.json.gz,20260919T125433.028762Z_b35098bc,4,f7aaa215-6074-4abe-9e1b-80af7b615811,d5_f7aaa215-6074-4abe-9e1b-80af7b615811_8603_6b758cb6,117,test:unloaded,normal,memory,role_aggregate,20,128,32,middle,True,True,0,20,40,"{""2"": 20}",0,20,0,20,129
results\d5_formal\raw_r1\boot_03\batch_20260919T125436.305258Z_82cd2013.json.gz,20260919T125436.305258Z_82cd2013,4,f7aaa215-6074-4abe-9e1b-80af7b615811,d5_f7aaa215-6074-4abe-9e1b-80af7b615811_8603_6b758cb6,118,test:unloaded,normal,memory,role_aggregate,20,128,32,middle,True,True,0,20,40,"{""2"": 20}",0,20,0,20,129
results\d5_formal\raw_r1\boot_03\batch_20260919T125439.472444Z_1cd6da50.json.gz,20260919T125439.472444Z_1cd6da50,4,f7aaa215-6074-4abe-9e1b-80af7b615811,d5_f7aaa215-6074-4abe-9e1b-80af7b615811_8603_6b758cb6,119,test:unloaded,normal,memory,role_aggregate,20,128,32,middle,True,True,0,20,40,"{""2"": 20}",0,20,0,20,129
results\d5_formal\raw_r1\boot_03\batch_20260919T125442.635422Z_354687a7.json.gz,20260919T125442.635422Z_354687a7,4,f7aaa215-6074-4abe-9e1b-80af7b615811,d5_f7aaa215-6074-4abe-9e1b-80af7b615811_8603_6b758cb6,120,test:unloaded,normal,memory,role_aggregate,20,128,32,middle,True,True,0,20,40,"{""2"": 20}",0,20,0,20,129
results\d5_formal\raw_r1\boot_03\batch_20260919T125445.886885Z_27a9dbe9.json.gz,20260919T125445.886885Z_27a9dbe9,4,f7aaa215-6074-4abe-9e1b-80af7b615811,d5_f7aaa215-6074-4abe-9e1b-80af7b615811_8603_6b758cb6,121,test:unloaded,normal,memory,role_aggregate,20,128,32,middle,True,True,0,20,40,"{""2"": 20}",0,20,0,20,129
results\d5_formal\raw_r1\boot_03\batch_20260919T125448.925887Z_4042a3bb.json.gz,20260919T125448.925887Z_4042a3bb,4,f7aaa215-6074-4abe-9e1b-80af7b615811,d5_f7aaa215-6074-4abe-9e1b-80af7b615811_8603_6b758cb6,122,test:unloaded,normal,memory,role_aggregate,20,128,32,middle,True,True,0,20,40,"{""2"": 20}",0,20,0,20,129
results\d5_formal\raw_r1\boot_03\batch_20260919T125452.082189Z_22c0657f.json.gz,20260919T125452.082189Z_22c0657f,4,f7aaa215-6074-4abe-9e1b-80af7b615811,d5_f7aaa215-6074-4abe-9e1b-80af7b615811_8603_6b758cb6,123,test:unloaded,normal,memory,role_aggregate,20,128,32,middle,True,True,0,20,40,"{""2"": 20}",0,20,0,20,129
results\d5_formal\raw_r1\boot_03\batch_20260919T125455.352031Z_b854d145.json.gz,20260919T125455.352031Z_b854d145,4,f7aaa215-6074-4abe-9e1b-80af7b615811,d5_f7aaa215-6074-4abe-9e1b-80af7b615811_8603_6b758cb6,124,test:unloaded,normal,memory,role_aggregate,20,128,32,middle,True,True,0,20,40,"{""2"": 20}",0,20,0,20,129
results\d5_formal\raw_r1\boot_03\batch_20260919T125458.651883Z_c8a1ab63.json.gz,20260919T125458.651883Z_c8a1ab63,4,f7aaa215-6074-4abe-9e1b-80af7b615811,d5_f7aaa215-6074-4abe-9e1b-80af7b615811_8603_6b758cb6,125,test:unloaded,normal,memory,role_aggregate,20,128,32,middle,True,True,0,20,40,"{""2"": 20}",0,20,0,20,129
results\d5_formal\raw_r1\boot_03\batch_20260919T125501.811328Z_257d5e91.json.gz,20260919T125501.811328Z_257d5e91,4,f7aaa215-6074-4abe-9e1b-80af7b615811,d5_f7aaa215-6074-4abe-9e1b-80af7b615811_8603_6b758cb6,126,test:unloaded,normal,memory,role_aggregate,20,128,32,middle,True,True,0,20,40,"{""2"": 20}",0,20,0,20,129
results\d5_formal\raw_r1\boot_03\batch_20260919T125504.937822Z_ad760d39.json.gz,20260919T125504.937822Z_ad760d39,4,f7aaa215-6074-4abe-9e1b-80af7b615811,d5_f7aaa215-6074-4abe-9e1b-80af7b615811_8603_6b758cb6,127,test:unloaded,normal,memory,role_aggregate,20,128,32,middle,True,True,0,20,40,"{""2"": 20}",0,20,0,20,129
results\d5_formal\raw_r1\boot_03\batch_20260919T125508.134114Z_5a48ede8.json.gz,20260919T125508.134114Z_5a48ede8,4,f7aaa215-6074-4abe-9e1b-80af7b615811,d5_f7aaa215-6074-4abe-9e1b-80af7b615811_8603_6b758cb6,128,test:unloaded,normal,memory,role_aggregate,20,128,32,middle,True,True,0,20,40,"{""2"": 20}",0,20,0,20,129
results\d5_formal\raw_r1\boot_03\batch_20260919T125511.237191Z_ef822b88.json.gz,20260919T125511.237191Z_ef822b88,4,f7aaa215-6074-4abe-9e1b-80af7b615811,d5_f7aaa215-6074-4abe-9e1b-80af7b615811_8603_6b758cb6,129,test:unloaded,normal,memory,role_aggregate,20,128,32,middle,True,True,0,20,40,"{""2"": 20}",0,20,0,20,129
results\d5_formal\raw_r1\boot_03\batch_20260919T125514.326053Z_a03e9fd0.json.gz,20260919T125514.326053Z_a03e9fd0,4,f7aaa215-6074-4abe-9e1b-80af7b615811,d5_f7aaa215-6074-4abe-9e1b-80af7b615811_8603_6b758cb6,130,test:unloaded,normal,memory,role_aggregate,20,128,32,middle,True,True,0,20,40,"{""2"": 20}",0,20,0,20,129
results\d5_formal\raw_r1\boot_03\batch_20260919T125517.470108Z_cb3d5ebf.json.gz,20260919T125517.470108Z_cb3d5ebf,4,f7aaa215-6074-4abe-9e1b-80af7b615811,d5_f7aaa215-6074-4abe-9e1b-80af7b615811_8603_6b758cb6,131,test:unloaded,normal,memory,role_aggregate,20,128,32,middle,True,True,0,20,40,"{""2"": 20}",0,20,0,20,129
results\d5_formal\raw_r1\boot_03\batch_20260919T125520.540896Z_abd719d7.json.gz,20260919T125520.540896Z_abd719d7,4,f7aaa215-6074-4abe-9e1b-80af7b615811,d5_f7aaa215-6074-4abe-9e1b-80af7b615811_8603_6b758cb6,132,test:unloaded,normal,memory,role_aggregate,20,128,32,middle,True,True,0,20,40,"{""2"": 20}",0,20,0,20,129
results\d5_formal\raw_r1\boot_03\batch_20260919T125523.620643Z_fe4702b3.json.gz,20260919T125523.620643Z_fe4702b3,4,f7aaa215-6074-4abe-9e1b-80af7b615811,d5_f7aaa215-6074-4abe-9e1b-80af7b615811_8603_6b758cb6,133,test:unloaded,normal,memory,role_aggregate,20,128,32,middle,True,True,0,20,40,"{""2"": 20}",0,20,0,20,129
results\d5_formal\raw_r1\boot_03\batch_20260919T125526.766467Z_d2b6a390.json.gz,20260919T125526.766467Z_d2b6a390,4,f7aaa215-6074-4abe-9e1b-80af7b615811,d5_f7aaa215-6074-4abe-9e1b-80af7b615811_8603_6b758cb6,134,test:unloaded,normal,memory,role_aggregate,20,128,32,middle,True,True,0,20,40,"{""2"": 20}",0,20,0,20,129
results\d5_formal\raw_r1\boot_03\batch_20260919T125529.847354Z_b778f4af.json.gz,20260919T125529.847354Z_b778f4af,4,f7aaa215-6074-4abe-9e1b-80af7b615811,d5_f7aaa215-6074-4abe-9e1b-80af7b615811_8603_6b758cb6,135,test:unloaded,normal,memory,role_aggregate,20,128,32,middle,True,True,0,20,40,"{""2"": 20}",0,20,0,20,129
results\d5_formal\raw_r1\boot_03\batch_20260919T125532.899868Z_0db016a0.json.gz,20260919T125532.899868Z_0db016a0,4,f7aaa215-6074-4abe-9e1b-80af7b615811,d5_f7aaa215-6074-4abe-9e1b-80af7b615811_8603_6b758cb6,136,test:unloaded,normal,memory,role_aggregate,20,128,32,middle,True,True,0,20,40,"{""2"": 20}",0,20,0,20,129
results\d5_formal\raw_r1\boot_03\batch_20260919T125536.050674Z_5e9fd7f1.json.gz,20260919T125536.050674Z_5e9fd7f1,4,f7aaa215-6074-4abe-9e1b-80af7b615811,d5_f7aaa215-6074-4abe-9e1b-80af7b615811_8603_6b758cb6,137,test:unloaded,normal,memory,role_aggregate,20,128,32,middle,True,True,0,20,40,"{""2"": 20}",0,20,0,20,129
results\d5_formal\raw_r1\boot_03\batch_20260919T125539.099696Z_758643b4.json.gz,20260919T125539.099696Z_758643b4,4,f7aaa215-6074-4abe-9e1b-80af7b615811,d5_f7aaa215-6074-4abe-9e1b-80af7b615811_8603_6b758cb6,138,test:unloaded,normal,memory,role_aggregate,20,128,32,middle,True,True,0,20,40,"{""2"": 20}",0,20,0,20,129
results\d5_formal\raw_r1\boot_03\batch_20260919T125542.167678Z_382e1e71.json.gz,20260919T125542.167678Z_382e1e71,4,f7aaa215-6074-4abe-9e1b-80af7b615811,d5_f7aaa215-6074-4abe-9e1b-80af7b615811_8603_6b758cb6,139,test:unloaded,normal,memory,role_aggregate,20,128,32,middle,True,True,0,20,40,"{""2"": 20}",0,20,0,20,129
results\d5_formal\raw_r1\boot_03\batch_20260919T125545.349077Z_a6b132ed.json.gz,20260919T125545.349077Z_a6b132ed,4,f7aaa215-6074-4abe-9e1b-80af7b615811,d5_f7aaa215-6074-4abe-9e1b-80af7b615811_8603_6b758cb6,140,test:unloaded,normal,memory,role_aggregate,20,128,32,middle,True,True,0,20,40,"{""2"": 20}",0,20,0,20,129
results\d5_formal\raw_r1\boot_03\batch_20260919T125548.508109Z_05bc348c.json.gz,20260919T125548.508109Z_05bc348c,4,f7aaa215-6074-4abe-9e1b-80af7b615811,d5_f7aaa215-6074-4abe-9e1b-80af7b615811_8603_6b758cb6,141,test:unloaded,normal,memory,role_aggregate,20,128,32,middle,True,True,0,20,40,"{""2"": 20}",0,20,0,20,129
results\d5_formal\raw_r1\boot_03\batch_20260919T125551.666969Z_146137ce.json.gz,20260919T125551.666969Z_146137ce,4,f7aaa215-6074-4abe-9e1b-80af7b615811,d5_f7aaa215-6074-4abe-9e1b-80af7b615811_8603_6b758cb6,142,test:unloaded,normal,memory,role_aggregate,20,128,32,middle,True,True,0,20,40,"{""2"": 20}",0,20,0,20,129
results\d5_formal\raw_r1\boot_03\batch_20260919T125554.713960Z_c44569e8.json.gz,20260919T125554.713960Z_c44569e8,4,f7aaa215-6074-4abe-9e1b-80af7b615811,d5_f7aaa215-6074-4abe-9e1b-80af7b615811_8603_6b758cb6,143,test:unloaded,normal,memory,role_aggregate,20,128,32,middle,True,True,0,20,40,"{""2"": 20}",0,20,0,20,129
results\d5_formal\raw_r1\boot_03\batch_20260919T125557.866785Z_870b5b88.json.gz,20260919T125557.866785Z_870b5b88,4,f7aaa215-6074-4abe-9e1b-80af7b615811,d5_f7aaa215-6074-4abe-9e1b-80af7b615811_8603_6b758cb6,144,test:unloaded,normal,memory,role_aggregate,20,128,32,middle,True,True,0,20,40,"{""2"": 20}",0,20,0,20,129
results\d5_formal\raw_r1\boot_03\batch_20260919T125600.988309Z_5f4b2947.json.gz,20260919T125600.988309Z_5f4b2947,4,f7aaa215-6074-4abe-9e1b-80af7b615811,d5_f7aaa215-6074-4abe-9e1b-80af7b615811_8603_6b758cb6,145,test:unloaded,normal,memory,role_aggregate,20,128,32,middle,True,True,0,20,40,"{""2"": 20}",0,20,0,20,129
results\d5_formal\raw_r1\boot_03\batch_20260919T125604.121946Z_dd1ea50b.json.gz,20260919T125604.121946Z_dd1ea50b,4,f7aaa215-6074-4abe-9e1b-80af7b615811,d5_f7aaa215-6074-4abe-9e1b-80af7b615811_8603_6b758cb6,146,test:unloaded,normal,memory,role_aggregate,20,128,32,middle,True,True,0,20,40,"{""2"": 20}",0,20,0,20,129
results\d5_formal\raw_r1\boot_03\batch_20260919T125607.171943Z_1d9915ad.json.gz,20260919T125607.171943Z_1d9915ad,4,f7aaa215-6074-4abe-9e1b-80af7b615811,d5_f7aaa215-6074-4abe-9e1b-80af7b615811_8603_6b758cb6,147,test:unloaded,normal,memory,role_aggregate,20,128,32,middle,True,True,0,20,40,"{""2"": 20}",0,20,0,20,129
results\d5_formal\raw_r1\boot_03\batch_20260919T125615.324225Z_8d384f27.json.gz,20260919T125615.324225Z_8d384f27,4,f7aaa215-6074-4abe-9e1b-80af7b615811,d5_f7aaa215-6074-4abe-9e1b-80af7b615811_8603_6b758cb6,148,test:unloaded,normal,mixed,role_aggregate,20,128,32,middle,True,True,0,20,40,"{""2"": 20}",0,20,0,20,129
results\d5_formal\raw_r1\boot_03\batch_20260919T125623.510001Z_d49041ab.json.gz,20260919T125623.510001Z_d49041ab,4,f7aaa215-6074-4abe-9e1b-80af7b615811,d5_f7aaa215-6074-4abe-9e1b-80af7b615811_8603_6b758cb6,149,test:unloaded,normal,mixed,role_aggregate,20,128,32,middle,True,True,0,20,40,"{""2"": 20}",0,20,0,20,129
results\d5_formal\raw_r1\boot_03\batch_20260919T125631.709001Z_48d3ca3a.json.gz,20260919T125631.709001Z_48d3ca3a,4,f7aaa215-6074-4abe-9e1b-80af7b615811,d5_f7aaa215-6074-4abe-9e1b-80af7b615811_8603_6b758cb6,150,test:unloaded,normal,mixed,role_aggregate,20,128,32,middle,True,True,0,20,40,"{""2"": 20}",0,20,0,20,129
results\d5_formal\raw_r1\boot_03\batch_20260919T125639.908846Z_6ab3b052.json.gz,20260919T125639.908846Z_6ab3b052,4,f7aaa215-6074-4abe-9e1b-80af7b615811,d5_f7aaa215-6074-4abe-9e1b-80af7b615811_8603_6b758cb6,151,test:unloaded,normal,mixed,role_aggregate,20,128,32,middle,True,True,0,20,40,"{""2"": 20}",0,20,0,20,129
results\d5_formal\raw_r1\boot_03\batch_20260919T125648.235870Z_ae33fdd9.json.gz,20260919T125648.235870Z_ae33fdd9,4,f7aaa215-6074-4abe-9e1b-80af7b615811,d5_f7aaa215-6074-4abe-9e1b-80af7b615811_8603_6b758cb6,152,test:unloaded,normal,mixed,role_aggregate,20,128,32,middle,True,True,0,20,40,"{""2"": 20}",0,20,0,20,129
results\d5_formal\raw_r1\boot_03\batch_20260919T125656.455660Z_4c88d1fd.json.gz,20260919T125656.455660Z_4c88d1fd,4,f7aaa215-6074-4abe-9e1b-80af7b615811,d5_f7aaa215-6074-4abe-9e1b-80af7b615811_8603_6b758cb6,153,test:unloaded,normal,mixed,role_aggregate,20,128,32,middle,True,True,0,20,40,"{""2"": 20}",0,20,0,20,129
results\d5_formal\raw_r1\boot_03\batch_20260919T125704.700771Z_261332ff.json.gz,20260919T125704.700771Z_261332ff,4,f7aaa215-6074-4abe-9e1b-80af7b615811,d5_f7aaa215-6074-4abe-9e1b-80af7b615811_8603_6b758cb6,154,test:unloaded,normal,mixed,role_aggregate,20,128,32,middle,True,True,0,20,40,"{""2"": 20}",0,20,0,20,129
results\d5_formal\raw_r1\boot_03\batch_20260919T125713.050140Z_010c39c4.json.gz,20260919T125713.050140Z_010c39c4,4,f7aaa215-6074-4abe-9e1b-80af7b615811,d5_f7aaa215-6074-4abe-9e1b-80af7b615811_8603_6b758cb6,155,test:unloaded,normal,mixed,role_aggregate,20,128,32,middle,True,True,0,20,40,"{""2"": 20}",0,20,0,20,129
results\d5_formal\raw_r1\boot_03\batch_20260919T125721.220626Z_2b62eb68.json.gz,20260919T125721.220626Z_2b62eb68,4,f7aaa215-6074-4abe-9e1b-80af7b615811,d5_f7aaa215-6074-4abe-9e1b-80af7b615811_8603_6b758cb6,156,test:unloaded,normal,mixed,role_aggregate,20,128,32,middle,True,True,0,20,40,"{""2"": 20}",0,20,0,20,129
results\d5_formal\raw_r1\boot_03\batch_20260919T125729.372828Z_0e9e6ebd.json.gz,20260919T125729.372828Z_0e9e6ebd,4,f7aaa215-6074-4abe-9e1b-80af7b615811,d5_f7aaa215-6074-4abe-9e1b-80af7b615811_8603_6b758cb6,157,test:unloaded,normal,mixed,role_aggregate,20,128,32,middle,True,True,0,20,40,"{""2"": 20}",0,20,0,20,129
results\d5_formal\raw_r1\boot_03\batch_20260919T125737.667848Z_541ad41a.json.gz,20260919T125737.667848Z_541ad41a,4,f7aaa215-6074-4abe-9e1b-80af7b615811,d5_f7aaa215-6074-4abe-9e1b-80af7b615811_8603_6b758cb6,158,test:unloaded,normal,mixed,role_aggregate,20,128,32,middle,True,True,0,20,40,"{""2"": 20}",0,20,0,20,129
results\d5_formal\raw_r1\boot_03\batch_20260919T125745.863762Z_7041aef3.json.gz,20260919T125745.863762Z_7041aef3,4,f7aaa215-6074-4abe-9e1b-80af7b615811,d5_f7aaa215-6074-4abe-9e1b-80af7b615811_8603_6b758cb6,159,test:unloaded,normal,mixed,role_aggregate,20,128,32,middle,True,True,0,20,40,"{""2"": 20}",0,20,0,20,129
results\d5_formal\raw_r1\boot_03\batch_20260919T125754.121657Z_4867fa7c.json.gz,20260919T125754.121657Z_4867fa7c,4,f7aaa215-6074-4abe-9e1b-80af7b615811,d5_f7aaa215-6074-4abe-9e1b-80af7b615811_8603_6b758cb6,160,test:unloaded,normal,mixed,role_aggregate,20,128,32,middle,True,True,0,20,40,"{""2"": 20}",0,20,0,20,129
results\d5_formal\raw_r1\boot_03\batch_20260919T125802.285702Z_91edf4c5.json.gz,20260919T125802.285702Z_91edf4c5,4,f7aaa215-6074-4abe-9e1b-80af7b615811,d5_f7aaa215-6074-4abe-9e1b-80af7b615811_8603_6b758cb6,161,test:unloaded,normal,mixed,role_aggregate,20,128,32,middle,True,True,0,20,40,"{""2"": 20}",0,20,0,20,129
results\d5_formal\raw_r1\boot_03\batch_20260919T125810.388735Z_7eedab5c.json.gz,20260919T125810.388735Z_7eedab5c,4,f7aaa215-6074-4abe-9e1b-80af7b615811,d5_f7aaa215-6074-4abe-9e1b-80af7b615811_8603_6b758cb6,162,test:unloaded,normal,mixed,role_aggregate,20,128,32,middle,True,True,0,20,40,"{""2"": 20}",0,20,0,20,129
results\d5_formal\raw_r1\boot_03\batch_20260919T125818.568106Z_7f0da3ff.json.gz,20260919T125818.568106Z_7f0da3ff,4,f7aaa215-6074-4abe-9e1b-80af7b615811,d5_f7aaa215-6074-4abe-9e1b-80af7b615811_8603_6b758cb6,163,test:unloaded,normal,mixed,role_aggregate,20,128,32,middle,True,True,0,20,40,"{""2"": 20}",0,20,0,20,129
results\d5_formal\raw_r1\boot_03\batch_20260919T125826.703339Z_783cc91c.json.gz,20260919T125826.703339Z_783cc91c,4,f7aaa215-6074-4abe-9e1b-80af7b615811,d5_f7aaa215-6074-4abe-9e1b-80af7b615811_8603_6b758cb6,164,test:unloaded,normal,mixed,role_aggregate,20,128,32,middle,True,True,0,20,40,"{""2"": 20}",0,20,0,20,129
results\d5_formal\raw_r1\boot_03\batch_20260919T125834.847656Z_55055a99.json.gz,20260919T125834.847656Z_55055a99,4,f7aaa215-6074-4abe-9e1b-80af7b615811,d5_f7aaa215-6074-4abe-9e1b-80af7b615811_8603_6b758cb6,165,test:unloaded,normal,mixed,role_aggregate,20,128,32,middle,True,True,0,20,40,"{""2"": 20}",0,20,0,20,129
results\d5_formal\raw_r1\boot_03\batch_20260919T125843.124846Z_13b38896.json.gz,20260919T125843.124846Z_13b38896,4,f7aaa215-6074-4abe-9e1b-80af7b615811,d5_f7aaa215-6074-4abe-9e1b-80af7b615811_8603_6b758cb6,166,test:unloaded,normal,mixed,role_aggregate,20,128,32,middle,True,True,0,20,40,"{""2"": 20}",0,20,0,20,129
results\d5_formal\raw_r1\boot_03\batch_20260919T125851.369417Z_b24139c0.json.gz,20260919T125851.369417Z_b24139c0,4,f7aaa215-6074-4abe-9e1b-80af7b615811,d5_f7aaa215-6074-4abe-9e1b-80af7b615811_8603_6b758cb6,167,test:unloaded,normal,mixed,role_aggregate,20,128,32,middle,True,True,0,20,40,"{""2"": 20}",0,20,0,20,129
results\d5_formal\raw_r1\boot_03\batch_20260919T125859.538207Z_1a060f76.json.gz,20260919T125859.538207Z_1a060f76,4,f7aaa215-6074-4abe-9e1b-80af7b615811,d5_f7aaa215-6074-4abe-9e1b-80af7b615811_8603_6b758cb6,168,test:unloaded,normal,mixed,role_aggregate,20,128,32,middle,True,True,0,20,40,"{""2"": 20}",0,20,0,20,129
results\d5_formal\raw_r1\boot_03\batch_20260919T125907.768266Z_9e0ed5bf.json.gz,20260919T125907.768266Z_9e0ed5bf,4,f7aaa215-6074-4abe-9e1b-80af7b615811,d5_f7aaa215-6074-4abe-9e1b-80af7b615811_8603_6b758cb6,169,test:unloaded,normal,mixed,role_aggregate,20,128,32,middle,True,True,0,20,40,"{""2"": 20}",0,20,0,20,129
results\d5_formal\raw_r1\boot_03\batch_20260919T125915.965252Z_b2b8148d.json.gz,20260919T125915.965252Z_b2b8148d,4,f7aaa215-6074-4abe-9e1b-80af7b615811,d5_f7aaa215-6074-4abe-9e1b-80af7b615811_8603_6b758cb6,170,test:unloaded,normal,mixed,role_aggregate,20,128,32,middle,True,True,0,20,40,"{""2"": 20}",0,20,0,20,129
results\d5_formal\raw_r1\boot_03\batch_20260919T125924.236152Z_daa991c6.json.gz,20260919T125924.236152Z_daa991c6,4,f7aaa215-6074-4abe-9e1b-80af7b615811,d5_f7aaa215-6074-4abe-9e1b-80af7b615811_8603_6b758cb6,171,test:unloaded,normal,mixed,role_aggregate,20,128,32,middle,True,True,0,20,40,"{""2"": 20}",0,20,0,20,129
results\d5_formal\raw_r1\boot_03\batch_20260919T125932.375796Z_a1916441.json.gz,20260919T125932.375796Z_a1916441,4,f7aaa215-6074-4abe-9e1b-80af7b615811,d5_f7aaa215-6074-4abe-9e1b-80af7b615811_8603_6b758cb6,172,test:unloaded,normal,mixed,role_aggregate,20,128,32,middle,True,True,0,20,40,"{""2"": 20}",0,20,0,20,129
results\d5_formal\raw_r1\boot_03\batch_20260919T125940.525018Z_6e8fbeb0.json.gz,20260919T125940.525018Z_6e8fbeb0,4,f7aaa215-6074-4abe-9e1b-80af7b615811,d5_f7aaa215-6074-4abe-9e1b-80af7b615811_8603_6b758cb6,173,test:unloaded,normal,mixed,role_aggregate,20,128,32,middle,True,True,0,20,40,"{""2"": 20}",0,20,0,20,129
results\d5_formal\raw_r1\boot_03\batch_20260919T125948.685187Z_97ce7c11.json.gz,20260919T125948.685187Z_97ce7c11,4,f7aaa215-6074-4abe-9e1b-80af7b615811,d5_f7aaa215-6074-4abe-9e1b-80af7b615811_8603_6b758cb6,174,test:unloaded,normal,mixed,role_aggregate,20,128,32,middle,True,True,0,20,40,"{""2"": 20}",0,20,0,20,129
results\d5_formal\raw_r1\boot_03\batch_20260919T125956.810025Z_4e41e49e.json.gz,20260919T125956.810025Z_4e41e49e,4,f7aaa215-6074-4abe-9e1b-80af7b615811,d5_f7aaa215-6074-4abe-9e1b-80af7b615811_8603_6b758cb6,175,test:unloaded,normal,mixed,role_aggregate,20,128,32,middle,True,True,0,20,40,"{""2"": 20}",0,20,0,20,129
results\d5_formal\raw_r1\boot_03\batch_20260919T130005.084544Z_f08c5437.json.gz,20260919T130005.084544Z_f08c5437,4,f7aaa215-6074-4abe-9e1b-80af7b615811,d5_f7aaa215-6074-4abe-9e1b-80af7b615811_8603_6b758cb6,176,test:unloaded,normal,mixed,role_aggregate,20,128,32,middle,True,True,0,20,40,"{""2"": 20}",0,20,0,20,129
results\d5_formal\raw_r1\boot_03\batch_20260919T130013.249850Z_3c50364d.json.gz,20260919T130013.249850Z_3c50364d,4,f7aaa215-6074-4abe-9e1b-80af7b615811,d5_f7aaa215-6074-4abe-9e1b-80af7b615811_8603_6b758cb6,177,test:unloaded,normal,mixed,role_aggregate,20,128,32,middle,True,True,0,20,40,"{""2"": 20}",0,20,0,20,129
results\d5_formal\raw_r1\boot_03\batch_20260919T130021.430106Z_2093c8e6.json.gz,20260919T130021.430106Z_2093c8e6,4,f7aaa215-6074-4abe-9e1b-80af7b615811,d5_f7aaa215-6074-4abe-9e1b-80af7b615811_8603_6b758cb6,178,test:unloaded,normal,mixed,role_aggregate,20,128,32,middle,True,True,0,20,40,"{""2"": 20}",0,20,0,20,129
results\d5_formal\raw_r1\boot_03\batch_20260919T130029.682132Z_3987c89b.json.gz,20260919T130029.682132Z_3987c89b,4,f7aaa215-6074-4abe-9e1b-80af7b615811,d5_f7aaa215-6074-4abe-9e1b-80af7b615811_8603_6b758cb6,179,test:unloaded,normal,mixed,role_aggregate,20,128,32,middle,True,True,0,20,40,"{""2"": 20}",0,20,0,20,129
results\d5_formal\raw_r1\boot_03\batch_20260919T130037.920707Z_a2cb98bf.json.gz,20260919T130037.920707Z_a2cb98bf,4,f7aaa215-6074-4abe-9e1b-80af7b615811,d5_f7aaa215-6074-4abe-9e1b-80af7b615811_8603_6b758cb6,180,test:unloaded,normal,mixed,role_aggregate,20,128,32,middle,True,True,0,20,40,"{""2"": 20}",0,20,0,20,129
results\d5_formal\raw_r1\boot_03\batch_20260919T130046.175132Z_ac5a98d4.json.gz,20260919T130046.175132Z_ac5a98d4,4,f7aaa215-6074-4abe-9e1b-80af7b615811,d5_f7aaa215-6074-4abe-9e1b-80af7b615811_8603_6b758cb6,181,test:unloaded,normal,mixed,role_aggregate,20,128,32,middle,True,True,0,20,40,"{""2"": 20}",0,20,0,20,129
results\d5_formal\raw_r1\boot_03\batch_20260919T130054.431894Z_34d95033.json.gz,20260919T130054.431894Z_34d95033,4,f7aaa215-6074-4abe-9e1b-80af7b615811,d5_f7aaa215-6074-4abe-9e1b-80af7b615811_8603_6b758cb6,182,test:unloaded,normal,mixed,role_aggregate,20,128,32,middle,True,True,0,20,40,"{""2"": 20}",0,20,0,20,129
results\d5_formal\raw_r1\boot_03\batch_20260919T130102.574792Z_dd032513.json.gz,20260919T130102.574792Z_dd032513,4,f7aaa215-6074-4abe-9e1b-80af7b615811,d5_f7aaa215-6074-4abe-9e1b-80af7b615811_8603_6b758cb6,183,test:unloaded,normal,mixed,role_aggregate,20,128,32,middle,True,True,0,20,40,"{""2"": 20}",0,20,0,20,129
results\d5_formal\raw_r1\boot_03\batch_20260919T130110.767808Z_c060af61.json.gz,20260919T130110.767808Z_c060af61,4,f7aaa215-6074-4abe-9e1b-80af7b615811,d5_f7aaa215-6074-4abe-9e1b-80af7b615811_8603_6b758cb6,184,test:unloaded,normal,mixed,role_aggregate,20,128,32,middle,True,True,0,20,40,"{""2"": 20}",0,20,0,20,129
results\d5_formal\raw_r1\boot_03\batch_20260919T130118.923013Z_63b44e3e.json.gz,20260919T130118.923013Z_63b44e3e,4,f7aaa215-6074-4abe-9e1b-80af7b615811,d5_f7aaa215-6074-4abe-9e1b-80af7b615811_8603_6b758cb6,185,test:unloaded,normal,mixed,role_aggregate,20,128,32,middle,True,True,0,20,40,"{""2"": 20}",0,20,0,20,129
results\d5_formal\raw_r1\boot_03\batch_20260919T130127.038158Z_f6a55e3f.json.gz,20260919T130127.038158Z_f6a55e3f,4,f7aaa215-6074-4abe-9e1b-80af7b615811,d5_f7aaa215-6074-4abe-9e1b-80af7b615811_8603_6b758cb6,186,test:unloaded,normal,mixed,role_aggregate,20,128,32,middle,True,True,0,20,40,"{""2"": 20}",0,20,0,20,129
results\d5_formal\raw_r1\boot_03\batch_20260919T130135.213716Z_02208cb9.json.gz,20260919T130135.213716Z_02208cb9,4,f7aaa215-6074-4abe-9e1b-80af7b615811,d5_f7aaa215-6074-4abe-9e1b-80af7b615811_8603_6b758cb6,187,test:unloaded,normal,mixed,role_aggregate,20,128,32,middle,True,True,0,20,40,"{""2"": 20}",0,20,0,20,129
results\d5_formal\raw_r1\boot_03\batch_20260919T130137.170710Z_2753e7d2.json.gz,20260919T130137.170710Z_2753e7d2,4,f7aaa215-6074-4abe-9e1b-80af7b615811,d5_f7aaa215-6074-4abe-9e1b-80af7b615811_8603_6b758cb6,188,test:unloaded,normal,baseline,role_aggregate,20,128,32,middle,True,True,0,20,40,"{""2"": 20}",0,20,0,20,129
results\d5_formal\raw_r1\boot_03\batch_20260919T130139.234209Z_1f3b16f3.json.gz,20260919T130139.234209Z_1f3b16f3,4,f7aaa215-6074-4abe-9e1b-80af7b615811,d5_f7aaa215-6074-4abe-9e1b-80af7b615811_8603_6b758cb6,189,test:unloaded,normal,baseline,role_aggregate,20,128,32,middle,True,True,0,20,40,"{""2"": 20}",0,20,0,20,129
results\d5_formal\raw_r1\boot_03\batch_20260919T130141.236158Z_68e998c6.json.gz,20260919T130141.236158Z_68e998c6,4,f7aaa215-6074-4abe-9e1b-80af7b615811,d5_f7aaa215-6074-4abe-9e1b-80af7b615811_8603_6b758cb6,190,test:unloaded,normal,baseline,role_aggregate,20,128,32,middle,True,True,0,20,40,"{""2"": 20}",0,20,0,20,129
results\d5_formal\raw_r1\boot_03\batch_20260919T130143.183643Z_52f19b86.json.gz,20260919T130143.183643Z_52f19b86,4,f7aaa215-6074-4abe-9e1b-80af7b615811,d5_f7aaa215-6074-4abe-9e1b-80af7b615811_8603_6b758cb6,191,test:unloaded,normal,baseline,role_aggregate,20,128,32,middle,True,True,0,20,40,"{""2"": 20}",0,20,0,20,129
results\d5_formal\raw_r1\boot_03\batch_20260919T130145.202629Z_cd12d00c.json.gz,20260919T130145.202629Z_cd12d00c,4,f7aaa215-6074-4abe-9e1b-80af7b615811,d5_f7aaa215-6074-4abe-9e1b-80af7b615811_8603_6b758cb6,192,test:unloaded,normal,baseline,role_aggregate,20,128,32,middle,True,True,0,20,40,"{""2"": 20}",0,20,0,20,129
results\d5_formal\raw_r1\boot_03\batch_20260919T130147.401220Z_9f73c299.json.gz,20260919T130147.401220Z_9f73c299,4,f7aaa215-6074-4abe-9e1b-80af7b615811,d5_f7aaa215-6074-4abe-9e1b-80af7b615811_8603_6b758cb6,193,test:unloaded,normal,baseline,role_aggregate,20,128,32,middle,True,True,0,20,40,"{""2"": 20}",0,20,0,20,129
results\d5_formal\raw_r1\boot_03\batch_20260919T130149.719107Z_067a964d.json.gz,20260919T130149.719107Z_067a964d,4,f7aaa215-6074-4abe-9e1b-80af7b615811,d5_f7aaa215-6074-4abe-9e1b-80af7b615811_8603_6b758cb6,194,test:unloaded,normal,baseline,role_aggregate,20,128,32,middle,True,True,0,20,40,"{""2"": 20}",0,20,0,20,129
results\d5_formal\raw_r1\boot_03\batch_20260919T130152.049794Z_9ed2e324.json.gz,20260919T130152.049794Z_9ed2e324,4,f7aaa215-6074-4abe-9e1b-80af7b615811,d5_f7aaa215-6074-4abe-9e1b-80af7b615811_8603_6b758cb6,195,test:unloaded,normal,baseline,role_aggregate,20,128,32,middle,True,True,0,20,40,"{""2"": 20}",0,20,0,20,129
results\d5_formal\raw_r1\boot_03\batch_20260919T130154.108040Z_12210c9d.json.gz,20260919T130154.108040Z_12210c9d,4,f7aaa215-6074-4abe-9e1b-80af7b615811,d5_f7aaa215-6074-4abe-9e1b-80af7b615811_8603_6b758cb6,196,test:unloaded,normal,baseline,role_aggregate,20,128,32,middle,True,True,0,20,40,"{""2"": 20}",0,20,0,20,129
results\d5_formal\raw_r1\boot_03\batch_20260919T130156.200689Z_cc60f5fa.json.gz,20260919T130156.200689Z_cc60f5fa,4,f7aaa215-6074-4abe-9e1b-80af7b615811,d5_f7aaa215-6074-4abe-9e1b-80af7b615811_8603_6b758cb6,197,test:unloaded,normal,baseline,role_aggregate,20,128,32,middle,True,True,0,20,40,"{""2"": 20}",0,20,0,20,129
results\d5_formal\raw_r1\boot_03\batch_20260919T130158.380646Z_9e1dae44.json.gz,20260919T130158.380646Z_9e1dae44,4,f7aaa215-6074-4abe-9e1b-80af7b615811,d5_f7aaa215-6074-4abe-9e1b-80af7b615811_8603_6b758cb6,198,test:unloaded,normal,baseline,role_aggregate,20,128,32,middle,True,True,0,20,40,"{""2"": 20}",0,20,0,20,129
results\d5_formal\raw_r1\boot_03\batch_20260919T130200.382084Z_2b17c655.json.gz,20260919T130200.382084Z_2b17c655,4,f7aaa215-6074-4abe-9e1b-80af7b615811,d5_f7aaa215-6074-4abe-9e1b-80af7b615811_8603_6b758cb6,199,test:unloaded,normal,baseline,role_aggregate,20,128,32,middle,True,True,0,20,40,"{""2"": 20}",0,20,0,20,129
results\d5_formal\raw_r1\boot_03\batch_20260919T130202.360163Z_5847fc2e.json.gz,20260919T130202.360163Z_5847fc2e,4,f7aaa215-6074-4abe-9e1b-80af7b615811,d5_f7aaa215-6074-4abe-9e1b-80af7b615811_8603_6b758cb6,200,test:unloaded,normal,baseline,role_aggregate,20,128,32,middle,True,True,0,20,40,"{""2"": 20}",0,20,0,20,129
results\d5_formal\raw_r1\boot_03\batch_20260919T130204.375086Z_fc78aecb.json.gz,20260919T130204.375086Z_fc78aecb,4,f7aaa215-6074-4abe-9e1b-80af7b615811,d5_f7aaa215-6074-4abe-9e1b-80af7b615811_8603_6b758cb6,201,test:unloaded,normal,baseline,role_aggregate,20,128,32,middle,True,True,0,20,40,"{""2"": 20}",0,20,0,20,129
results\d5_formal\raw_r1\boot_03\batch_20260919T130206.439249Z_5206bc19.json.gz,20260919T130206.439249Z_5206bc19,4,f7aaa215-6074-4abe-9e1b-80af7b615811,d5_f7aaa215-6074-4abe-9e1b-80af7b615811_8603_6b758cb6,202,test:unloaded,normal,baseline,role_aggregate,20,128,32,middle,True,True,0,20,40,"{""2"": 20}",0,20,0,20,129
results\d5_formal\raw_r1\boot_03\batch_20260919T130208.441166Z_ea8ff251.json.gz,20260919T130208.441166Z_ea8ff251,4,f7aaa215-6074-4abe-9e1b-80af7b615811,d5_f7aaa215-6074-4abe-9e1b-80af7b615811_8603_6b758cb6,203,test:unloaded,normal,baseline,role_aggregate,20,128,32,middle,True,True,0,20,40,"{""2"": 20}",0,20,0,20,129
results\d5_formal\raw_r1\boot_03\batch_20260919T130210.584884Z_c0eb80f8.json.gz,20260919T130210.584884Z_c0eb80f8,4,f7aaa215-6074-4abe-9e1b-80af7b615811,d5_f7aaa215-6074-4abe-9e1b-80af7b615811_8603_6b758cb6,204,test:unloaded,normal,baseline,role_aggregate,20,128,32,middle,True,True,0,20,40,"{""2"": 20}",0,20,0,20,129
results\d5_formal\raw_r1\boot_03\batch_20260919T130212.634089Z_ba440ee9.json.gz,20260919T130212.634089Z_ba440ee9,4,f7aaa215-6074-4abe-9e1b-80af7b615811,d5_f7aaa215-6074-4abe-9e1b-80af7b615811_8603_6b758cb6,205,test:unloaded,normal,baseline,role_aggregate,20,128,32,middle,True,True,0,20,40,"{""2"": 20}",0,20,0,20,129
results\d5_formal\raw_r1\boot_03\batch_20260919T130214.674407Z_9574d6c2.json.gz,20260919T130214.674407Z_9574d6c2,4,f7aaa215-6074-4abe-9e1b-80af7b615811,d5_f7aaa215-6074-4abe-9e1b-80af7b615811_8603_6b758cb6,206,test:unloaded,normal,baseline,role_aggregate,20,128,32,middle,True,True,0,20,40,"{""2"": 20}",0,20,0,20,129
results\d5_formal\raw_r1\boot_03\batch_20260919T130216.982707Z_cc872ada.json.gz,20260919T130216.982707Z_cc872ada,4,f7aaa215-6074-4abe-9e1b-80af7b615811,d5_f7aaa215-6074-4abe-9e1b-80af7b615811_8603_6b758cb6,207,test:unloaded,normal,baseline,role_aggregate,20,128,32,middle,True,True,0,20,40,"{""2"": 20}",0,20,0,20,129
results\d5_formal\raw_r1\boot_03\batch_20260919T130219.166765Z_c7c292dd.json.gz,20260919T130219.166765Z_c7c292dd,4,f7aaa215-6074-4abe-9e1b-80af7b615811,d5_f7aaa215-6074-4abe-9e1b-80af7b615811_8603_6b758cb6,208,test:hiding,rootkit,baseline,role_aggregate,20,128,32,middle,True,True,0,20,40,"{""2"": 20}",0,20,0,0,
results\d5_formal\raw_r1\boot_03\batch_20260919T130221.980181Z_b8d86583.json.gz,20260919T130221.980181Z_b8d86583,4,f7aaa215-6074-4abe-9e1b-80af7b615811,d5_f7aaa215-6074-4abe-9e1b-80af7b615811_8603_6b758cb6,209,test:hiding,rootkit,baseline,role_aggregate,20,128,32,middle,True,True,0,20,40,"{""2"": 20}",0,20,0,0,
results\d5_formal\raw_r1\boot_03\batch_20260919T130224.564898Z_03d10d2a.json.gz,20260919T130224.564898Z_03d10d2a,4,f7aaa215-6074-4abe-9e1b-80af7b615811,d5_f7aaa215-6074-4abe-9e1b-80af7b615811_8603_6b758cb6,210,test:hiding,rootkit,baseline,role_aggregate,20,128,32,middle,True,True,0,20,40,"{""2"": 20}",0,20,0,0,
results\d5_formal\raw_r1\boot_03\batch_20260919T130227.311476Z_b5903ad6.json.gz,20260919T130227.311476Z_b5903ad6,4,f7aaa215-6074-4abe-9e1b-80af7b615811,d5_f7aaa215-6074-4abe-9e1b-80af7b615811_8603_6b758cb6,211,test:hiding,rootkit,baseline,role_aggregate,20,128,32,middle,True,True,0,20,40,"{""2"": 20}",0,20,0,0,
results\d5_formal\raw_r1\boot_03\batch_20260919T130229.993646Z_dd36d31a.json.gz,20260919T130229.993646Z_dd36d31a,4,f7aaa215-6074-4abe-9e1b-80af7b615811,d5_f7aaa215-6074-4abe-9e1b-80af7b615811_8603_6b758cb6,212,test:hiding,rootkit,baseline,role_aggregate,20,128,32,middle,True,True,0,20,40,"{""2"": 20}",0,20,0,0,
results\d5_formal\raw_r1\boot_03\batch_20260919T130232.709026Z_3d2d7694.json.gz,20260919T130232.709026Z_3d2d7694,4,f7aaa215-6074-4abe-9e1b-80af7b615811,d5_f7aaa215-6074-4abe-9e1b-80af7b615811_8603_6b758cb6,213,test:hiding,rootkit,baseline,role_aggregate,20,128,32,middle,True,True,0,20,40,"{""2"": 20}",0,20,0,0,
results\d5_formal\raw_r1\boot_03\batch_20260919T130235.423513Z_d34886e1.json.gz,20260919T130235.423513Z_d34886e1,4,f7aaa215-6074-4abe-9e1b-80af7b615811,d5_f7aaa215-6074-4abe-9e1b-80af7b615811_8603_6b758cb6,214,test:hiding,rootkit,baseline,role_aggregate,20,128,32,middle,True,True,0,20,40,"{""2"": 20}",0,20,0,0,
results\d5_formal\raw_r1\boot_03\batch_20260919T130238.049358Z_46a300d1.json.gz,20260919T130238.049358Z_46a300d1,4,f7aaa215-6074-4abe-9e1b-80af7b615811,d5_f7aaa215-6074-4abe-9e1b-80af7b615811_8603_6b758cb6,215,test:hiding,rootkit,baseline,role_aggregate,20,128,32,middle,True,True,0,20,40,"{""2"": 20}",0,20,0,0,
results\d5_formal\raw_r1\boot_03\batch_20260919T130240.772027Z_2de11c86.json.gz,20260919T130240.772027Z_2de11c86,4,f7aaa215-6074-4abe-9e1b-80af7b615811,d5_f7aaa215-6074-4abe-9e1b-80af7b615811_8603_6b758cb6,216,test:hiding,rootkit,baseline,role_aggregate,20,128,32,middle,True,True,0,20,40,"{""2"": 20}",0,20,0,0,
results\d5_formal\raw_r1\boot_03\batch_20260919T130243.392469Z_e8f87efd.json.gz,20260919T130243.392469Z_e8f87efd,4,f7aaa215-6074-4abe-9e1b-80af7b615811,d5_f7aaa215-6074-4abe-9e1b-80af7b615811_8603_6b758cb6,217,test:hiding,rootkit,baseline,role_aggregate,20,128,32,middle,True,True,0,20,40,"{""2"": 20}",0,20,0,0,
results\d5_formal\raw_r1\boot_03\batch_20260919T130246.149115Z_b2f906ff.json.gz,20260919T130246.149115Z_b2f906ff,4,f7aaa215-6074-4abe-9e1b-80af7b615811,d5_f7aaa215-6074-4abe-9e1b-80af7b615811_8603_6b758cb6,218,test:hiding,rootkit,baseline,role_aggregate,20,128,32,middle,True,True,0,20,40,"{""2"": 20}",0,20,0,0,
results\d5_formal\raw_r1\boot_03\batch_20260919T130248.851097Z_fa32c3f8.json.gz,20260919T130248.851097Z_fa32c3f8,4,f7aaa215-6074-4abe-9e1b-80af7b615811,d5_f7aaa215-6074-4abe-9e1b-80af7b615811_8603_6b758cb6,219,test:hiding,rootkit,baseline,role_aggregate,20,128,32,middle,True,True,0,20,40,"{""2"": 20}",0,20,0,0,
results\d5_formal\raw_r1\boot_03\batch_20260919T130251.527355Z_a6017b19.json.gz,20260919T130251.527355Z_a6017b19,4,f7aaa215-6074-4abe-9e1b-80af7b615811,d5_f7aaa215-6074-4abe-9e1b-80af7b615811_8603_6b758cb6,220,test:hiding,rootkit,baseline,role_aggregate,20,128,32,middle,True,True,0,20,40,"{""2"": 20}",0,20,0,0,
results\d5_formal\raw_r1\boot_03\batch_20260919T130254.291642Z_f4faf96a.json.gz,20260919T130254.291642Z_f4faf96a,4,f7aaa215-6074-4abe-9e1b-80af7b615811,d5_f7aaa215-6074-4abe-9e1b-80af7b615811_8603_6b758cb6,221,test:hiding,rootkit,baseline,role_aggregate,20,128,32,middle,True,True,0,20,40,"{""2"": 20}",0,20,0,0,
results\d5_formal\raw_r1\boot_03\batch_20260919T130256.967731Z_5ab205cf.json.gz,20260919T130256.967731Z_5ab205cf,4,f7aaa215-6074-4abe-9e1b-80af7b615811,d5_f7aaa215-6074-4abe-9e1b-80af7b615811_8603_6b758cb6,222,test:hiding,rootkit,baseline,role_aggregate,20,128,32,middle,True,True,0,20,40,"{""2"": 20}",0,20,0,0,
results\d5_formal\raw_r1\boot_03\batch_20260919T130259.714644Z_fa27090e.json.gz,20260919T130259.714644Z_fa27090e,4,f7aaa215-6074-4abe-9e1b-80af7b615811,d5_f7aaa215-6074-4abe-9e1b-80af7b615811_8603_6b758cb6,223,test:hiding,rootkit,baseline,role_aggregate,20,128,32,middle,True,True,0,20,40,"{""2"": 20}",0,20,0,0,
results\d5_formal\raw_r1\boot_03\batch_20260919T130302.481162Z_380360ce.json.gz,20260919T130302.481162Z_380360ce,4,f7aaa215-6074-4abe-9e1b-80af7b615811,d5_f7aaa215-6074-4abe-9e1b-80af7b615811_8603_6b758cb6,224,test:hiding,rootkit,baseline,role_aggregate,20,128,32,middle,True,True,0,20,40,"{""2"": 20}",0,20,0,0,
results\d5_formal\raw_r1\boot_03\batch_20260919T130305.179205Z_32fe1290.json.gz,20260919T130305.179205Z_32fe1290,4,f7aaa215-6074-4abe-9e1b-80af7b615811,d5_f7aaa215-6074-4abe-9e1b-80af7b615811_8603_6b758cb6,225,test:hiding,rootkit,baseline,role_aggregate,20,128,32,middle,True,True,0,20,40,"{""2"": 20}",0,20,0,0,
results\d5_formal\raw_r1\boot_03\batch_20260919T130307.749746Z_5865f002.json.gz,20260919T130307.749746Z_5865f002,4,f7aaa215-6074-4abe-9e1b-80af7b615811,d5_f7aaa215-6074-4abe-9e1b-80af7b615811_8603_6b758cb6,226,test:hiding,rootkit,baseline,role_aggregate,20,128,32,middle,True,True,0,20,40,"{""2"": 20}",0,20,0,0,
results\d5_formal\raw_r1\boot_03\batch_20260919T130310.429207Z_d607ff3a.json.gz,20260919T130310.429207Z_d607ff3a,4,f7aaa215-6074-4abe-9e1b-80af7b615811,d5_f7aaa215-6074-4abe-9e1b-80af7b615811_8603_6b758cb6,227,test:hiding,rootkit,baseline,role_aggregate,20,128,32,middle,True,True,0,20,40,"{""2"": 20}",0,20,0,0,
results\d5_formal\raw_r1\boot_03\batch_20260919T130313.057805Z_dd91574a.json.gz,20260919T130313.057805Z_dd91574a,4,f7aaa215-6074-4abe-9e1b-80af7b615811,d5_f7aaa215-6074-4abe-9e1b-80af7b615811_8603_6b758cb6,228,test:hiding,rootkit,baseline,role_aggregate,20,128,32,middle,True,True,0,20,40,"{""2"": 20}",0,20,0,0,
results\d5_formal\raw_r1\boot_03\batch_20260919T130315.648864Z_2a92d425.json.gz,20260919T130315.648864Z_2a92d425,4,f7aaa215-6074-4abe-9e1b-80af7b615811,d5_f7aaa215-6074-4abe-9e1b-80af7b615811_8603_6b758cb6,229,test:hiding,rootkit,baseline,role_aggregate,20,128,32,middle,True,True,0,20,40,"{""2"": 20}",0,20,0,0,
results\d5_formal\raw_r1\boot_03\batch_20260919T130318.354987Z_12349dce.json.gz,20260919T130318.354987Z_12349dce,4,f7aaa215-6074-4abe-9e1b-80af7b615811,d5_f7aaa215-6074-4abe-9e1b-80af7b615811_8603_6b758cb6,230,test:hiding,rootkit,baseline,role_aggregate,20,128,32,middle,True,True,0,20,40,"{""2"": 20}",0,20,0,0,
results\d5_formal\raw_r1\boot_03\batch_20260919T130321.037091Z_10acec50.json.gz,20260919T130321.037091Z_10acec50,4,f7aaa215-6074-4abe-9e1b-80af7b615811,d5_f7aaa215-6074-4abe-9e1b-80af7b615811_8603_6b758cb6,231,test:hiding,rootkit,baseline,role_aggregate,20,128,32,middle,True,True,0,20,40,"{""2"": 20}",0,20,0,0,
results\d5_formal\raw_r1\boot_03\batch_20260919T130323.612351Z_3790d2a3.json.gz,20260919T130323.612351Z_3790d2a3,4,f7aaa215-6074-4abe-9e1b-80af7b615811,d5_f7aaa215-6074-4abe-9e1b-80af7b615811_8603_6b758cb6,232,test:hiding,rootkit,baseline,role_aggregate,20,128,32,middle,True,True,0,20,40,"{""2"": 20}",0,20,0,0,
results\d5_formal\raw_r1\boot_03\batch_20260919T130327.028866Z_2f06ba41.json.gz,20260919T130327.028866Z_2f06ba41,4,f7aaa215-6074-4abe-9e1b-80af7b615811,d5_f7aaa215-6074-4abe-9e1b-80af7b615811_8603_6b758cb6,233,test:hiding,rootkit,baseline,role_aggregate,20,128,32,middle,True,True,0,20,40,"{""2"": 20}",0,20,0,0,
results\d5_formal\raw_r1\boot_03\batch_20260919T130330.005092Z_29eb27cc.json.gz,20260919T130330.005092Z_29eb27cc,4,f7aaa215-6074-4abe-9e1b-80af7b615811,d5_f7aaa215-6074-4abe-9e1b-80af7b615811_8603_6b758cb6,234,test:hiding,rootkit,baseline,role_aggregate,20,128,32,middle,True,True,0,20,40,"{""2"": 20}",0,20,0,0,
results\d5_formal\raw_r1\boot_03\batch_20260919T130332.949730Z_29053444.json.gz,20260919T130332.949730Z_29053444,4,f7aaa215-6074-4abe-9e1b-80af7b615811,d5_f7aaa215-6074-4abe-9e1b-80af7b615811_8603_6b758cb6,235,test:hiding,rootkit,baseline,role_aggregate,20,128,32,middle,True,True,0,20,40,"{""2"": 20}",0,20,0,0,
results\d5_formal\raw_r1\boot_03\batch_20260919T130336.146147Z_fc7697d3.json.gz,20260919T130336.146147Z_fc7697d3,4,f7aaa215-6074-4abe-9e1b-80af7b615811,d5_f7aaa215-6074-4abe-9e1b-80af7b615811_8603_6b758cb6,236,test:hiding,rootkit,baseline,role_aggregate,20,128,32,middle,True,True,0,20,40,"{""2"": 20}",0,20,0,0,
results\d5_formal\raw_r1\boot_03\batch_20260919T130338.839695Z_699e81d6.json.gz,20260919T130338.839695Z_699e81d6,4,f7aaa215-6074-4abe-9e1b-80af7b615811,d5_f7aaa215-6074-4abe-9e1b-80af7b615811_8603_6b758cb6,237,test:hiding,rootkit,baseline,role_aggregate,20,128,32,middle,True,True,0,20,40,"{""2"": 20}",0,20,0,0,
results\d5_formal\raw_r1\boot_03\batch_20260919T130341.550791Z_5e5f657f.json.gz,20260919T130341.550791Z_5e5f657f,4,f7aaa215-6074-4abe-9e1b-80af7b615811,d5_f7aaa215-6074-4abe-9e1b-80af7b615811_8603_6b758cb6,238,test:hiding,rootkit,baseline,role_aggregate,20,128,32,middle,True,True,0,20,40,"{""2"": 20}",0,20,0,0,
results\d5_formal\raw_r1\boot_03\batch_20260919T130344.446484Z_a6684959.json.gz,20260919T130344.446484Z_a6684959,4,f7aaa215-6074-4abe-9e1b-80af7b615811,d5_f7aaa215-6074-4abe-9e1b-80af7b615811_8603_6b758cb6,239,test:hiding,rootkit,baseline,role_aggregate,20,128,32,middle,True,True,0,20,40,"{""2"": 20}",0,20,0,0,
results\d5_formal\raw_r1\boot_03\batch_20260919T130347.336785Z_6a72a5e3.json.gz,20260919T130347.336785Z_6a72a5e3,4,f7aaa215-6074-4abe-9e1b-80af7b615811,d5_f7aaa215-6074-4abe-9e1b-80af7b615811_8603_6b758cb6,240,test:hiding,rootkit,baseline,role_aggregate,20,128,32,middle,True,True,0,20,40,"{""2"": 20}",0,20,0,0,
results\d5_formal\raw_r1\boot_03\batch_20260919T130349.990123Z_ac7832ed.json.gz,20260919T130349.990123Z_ac7832ed,4,f7aaa215-6074-4abe-9e1b-80af7b615811,d5_f7aaa215-6074-4abe-9e1b-80af7b615811_8603_6b758cb6,241,test:hiding,rootkit,baseline,role_aggregate,20,128,32,middle,True,True,0,20,40,"{""2"": 20}",0,20,0,0,
results\d5_formal\raw_r1\boot_03\batch_20260919T130352.702210Z_2d99f4ee.json.gz,20260919T130352.702210Z_2d99f4ee,4,f7aaa215-6074-4abe-9e1b-80af7b615811,d5_f7aaa215-6074-4abe-9e1b-80af7b615811_8603_6b758cb6,242,test:hiding,rootkit,baseline,role_aggregate,20,128,32,middle,True,True,0,20,40,"{""2"": 20}",0,20,0,0,
results\d5_formal\raw_r1\boot_03\batch_20260919T130355.422943Z_c9cc968b.json.gz,20260919T130355.422943Z_c9cc968b,4,f7aaa215-6074-4abe-9e1b-80af7b615811,d5_f7aaa215-6074-4abe-9e1b-80af7b615811_8603_6b758cb6,243,test:hiding,rootkit,baseline,role_aggregate,20,128,32,middle,True,True,0,20,40,"{""2"": 20}",0,20,0,0,
results\d5_formal\raw_r1\boot_03\batch_20260919T130358.072672Z_2ec24a62.json.gz,20260919T130358.072672Z_2ec24a62,4,f7aaa215-6074-4abe-9e1b-80af7b615811,d5_f7aaa215-6074-4abe-9e1b-80af7b615811_8603_6b758cb6,244,test:hiding,rootkit,baseline,role_aggregate,20,128,32,middle,True,True,0,20,40,"{""2"": 20}",0,20,0,0,
results\d5_formal\raw_r1\boot_03\batch_20260919T130400.708975Z_81610cda.json.gz,20260919T130400.708975Z_81610cda,4,f7aaa215-6074-4abe-9e1b-80af7b615811,d5_f7aaa215-6074-4abe-9e1b-80af7b615811_8603_6b758cb6,245,test:hiding,rootkit,baseline,role_aggregate,20,128,32,middle,True,True,0,20,40,"{""2"": 20}",0,20,0,0,
results\d5_formal\raw_r1\boot_03\batch_20260919T130403.337135Z_0efdf403.json.gz,20260919T130403.337135Z_0efdf403,4,f7aaa215-6074-4abe-9e1b-80af7b615811,d5_f7aaa215-6074-4abe-9e1b-80af7b615811_8603_6b758cb6,246,test:hiding,rootkit,baseline,role_aggregate,20,128,32,middle,True,True,0,20,40,"{""2"": 20}",0,20,0,0,
results\d5_formal\raw_r1\boot_03\batch_20260919T130406.011569Z_d4256048.json.gz,20260919T130406.011569Z_d4256048,4,f7aaa215-6074-4abe-9e1b-80af7b615811,d5_f7aaa215-6074-4abe-9e1b-80af7b615811_8603_6b758cb6,247,test:hiding,rootkit,baseline,role_aggregate,20,128,32,middle,True,True,0,20,40,"{""2"": 20}",0,20,0,0,
results\d5_formal\raw_r1\boot_03\batch_20260919T130414.879928Z_b54cdd57.json.gz,20260919T130414.879928Z_b54cdd57,4,f7aaa215-6074-4abe-9e1b-80af7b615811,d5_f7aaa215-6074-4abe-9e1b-80af7b615811_8603_6b758cb6,248,test:hiding,rootkit,cpu,role_aggregate,20,128,32,middle,True,True,0,20,40,"{""2"": 20}",0,20,0,0,
results\d5_formal\raw_r1\boot_03\batch_20260919T130423.755838Z_8bf6bf75.json.gz,20260919T130423.755838Z_8bf6bf75,4,f7aaa215-6074-4abe-9e1b-80af7b615811,d5_f7aaa215-6074-4abe-9e1b-80af7b615811_8603_6b758cb6,249,test:hiding,rootkit,cpu,role_aggregate,20,128,32,middle,True,True,0,20,40,"{""2"": 20}",0,20,0,0,
results\d5_formal\raw_r1\boot_03\batch_20260919T130432.575228Z_5abe6190.json.gz,20260919T130432.575228Z_5abe6190,4,f7aaa215-6074-4abe-9e1b-80af7b615811,d5_f7aaa215-6074-4abe-9e1b-80af7b615811_8603_6b758cb6,250,test:hiding,rootkit,cpu,role_aggregate,20,128,32,middle,True,True,0,20,40,"{""2"": 20}",0,20,0,0,
results\d5_formal\raw_r1\boot_03\batch_20260919T130441.462941Z_18bdba7f.json.gz,20260919T130441.462941Z_18bdba7f,4,f7aaa215-6074-4abe-9e1b-80af7b615811,d5_f7aaa215-6074-4abe-9e1b-80af7b615811_8603_6b758cb6,251,test:hiding,rootkit,cpu,role_aggregate,20,128,32,middle,True,True,0,20,40,"{""2"": 20}",0,20,0,0,
results\d5_formal\raw_r1\boot_03\batch_20260919T130450.321402Z_8bf1e265.json.gz,20260919T130450.321402Z_8bf1e265,4,f7aaa215-6074-4abe-9e1b-80af7b615811,d5_f7aaa215-6074-4abe-9e1b-80af7b615811_8603_6b758cb6,252,test:hiding,rootkit,cpu,role_aggregate,20,128,32,middle,True,True,0,20,40,"{""2"": 20}",0,20,0,0,
results\d5_formal\raw_r1\boot_03\batch_20260919T130459.189775Z_93e4d4d9.json.gz,20260919T130459.189775Z_93e4d4d9,4,f7aaa215-6074-4abe-9e1b-80af7b615811,d5_f7aaa215-6074-4abe-9e1b-80af7b615811_8603_6b758cb6,253,test:hiding,rootkit,cpu,role_aggregate,20,128,32,middle,True,True,0,20,40,"{""2"": 20}",0,20,0,0,
results\d5_formal\raw_r1\boot_03\batch_20260919T130508.132568Z_8022d4d9.json.gz,20260919T130508.132568Z_8022d4d9,4,f7aaa215-6074-4abe-9e1b-80af7b615811,d5_f7aaa215-6074-4abe-9e1b-80af7b615811_8603_6b758cb6,254,test:hiding,rootkit,cpu,role_aggregate,20,128,32,middle,True,True,0,20,40,"{""2"": 20}",0,20,0,0,
results\d5_formal\raw_r1\boot_03\batch_20260919T130516.859016Z_d32d5bce.json.gz,20260919T130516.859016Z_d32d5bce,4,f7aaa215-6074-4abe-9e1b-80af7b615811,d5_f7aaa215-6074-4abe-9e1b-80af7b615811_8603_6b758cb6,255,test:hiding,rootkit,cpu,role_aggregate,20,128,32,middle,True,True,0,20,40,"{""2"": 20}",0,20,0,0,
results\d5_formal\raw_r1\boot_03\batch_20260919T130525.722212Z_f90a987f.json.gz,20260919T130525.722212Z_f90a987f,4,f7aaa215-6074-4abe-9e1b-80af7b615811,d5_f7aaa215-6074-4abe-9e1b-80af7b615811_8603_6b758cb6,256,test:hiding,rootkit,cpu,role_aggregate,20,128,32,middle,True,True,0,20,40,"{""2"": 20}",0,20,0,0,
results\d5_formal\raw_r1\boot_03\batch_20260919T130534.549105Z_237ba1fd.json.gz,20260919T130534.549105Z_237ba1fd,4,f7aaa215-6074-4abe-9e1b-80af7b615811,d5_f7aaa215-6074-4abe-9e1b-80af7b615811_8603_6b758cb6,257,test:hiding,rootkit,cpu,role_aggregate,20,128,32,middle,True,True,0,20,40,"{""2"": 20}",0,20,0,0,
results\d5_formal\raw_r1\boot_03\batch_20260919T130543.459636Z_b69fb0f7.json.gz,20260919T130543.459636Z_b69fb0f7,4,f7aaa215-6074-4abe-9e1b-80af7b615811,d5_f7aaa215-6074-4abe-9e1b-80af7b615811_8603_6b758cb6,258,test:hiding,rootkit,cpu,role_aggregate,20,128,32,middle,True,True,0,20,40,"{""2"": 20}",0,20,0,0,
results\d5_formal\raw_r1\boot_03\batch_20260919T130552.377033Z_2c848e56.json.gz,20260919T130552.377033Z_2c848e56,4,f7aaa215-6074-4abe-9e1b-80af7b615811,d5_f7aaa215-6074-4abe-9e1b-80af7b615811_8603_6b758cb6,259,test:hiding,rootkit,cpu,role_aggregate,20,128,32,middle,True,True,0,20,40,"{""2"": 20}",0,20,0,0,
results\d5_formal\raw_r1\boot_03\batch_20260919T130601.107067Z_027f160a.json.gz,20260919T130601.107067Z_027f160a,4,f7aaa215-6074-4abe-9e1b-80af7b615811,d5_f7aaa215-6074-4abe-9e1b-80af7b615811_8603_6b758cb6,260,test:hiding,rootkit,cpu,role_aggregate,20,128,32,middle,True,True,0,20,40,"{""2"": 20}",0,20,0,0,
results\d5_formal\raw_r1\boot_03\batch_20260919T130609.888037Z_c9e2808c.json.gz,20260919T130609.888037Z_c9e2808c,4,f7aaa215-6074-4abe-9e1b-80af7b615811,d5_f7aaa215-6074-4abe-9e1b-80af7b615811_8603_6b758cb6,261,test:hiding,rootkit,cpu,role_aggregate,20,128,32,middle,True,True,0,20,40,"{""2"": 20}",0,20,0,0,
results\d5_formal\raw_r1\boot_03\batch_20260919T130618.746000Z_0ac2fcc0.json.gz,20260919T130618.746000Z_0ac2fcc0,4,f7aaa215-6074-4abe-9e1b-80af7b615811,d5_f7aaa215-6074-4abe-9e1b-80af7b615811_8603_6b758cb6,262,test:hiding,rootkit,cpu,role_aggregate,20,128,32,middle,True,True,0,20,40,"{""2"": 20}",0,20,0,0,
results\d5_formal\raw_r1\boot_03\batch_20260919T130627.737950Z_30b36adb.json.gz,20260919T130627.737950Z_30b36adb,4,f7aaa215-6074-4abe-9e1b-80af7b615811,d5_f7aaa215-6074-4abe-9e1b-80af7b615811_8603_6b758cb6,263,test:hiding,rootkit,cpu,role_aggregate,20,128,32,middle,True,True,0,20,40,"{""2"": 20}",0,20,0,0,
results\d5_formal\raw_r1\boot_03\batch_20260919T130636.562944Z_92ece979.json.gz,20260919T130636.562944Z_92ece979,4,f7aaa215-6074-4abe-9e1b-80af7b615811,d5_f7aaa215-6074-4abe-9e1b-80af7b615811_8603_6b758cb6,264,test:hiding,rootkit,cpu,role_aggregate,20,128,32,middle,True,True,0,20,40,"{""2"": 20}",0,20,0,0,
results\d5_formal\raw_r1\boot_03\batch_20260919T130645.427735Z_fde2f5bb.json.gz,20260919T130645.427735Z_fde2f5bb,4,f7aaa215-6074-4abe-9e1b-80af7b615811,d5_f7aaa215-6074-4abe-9e1b-80af7b615811_8603_6b758cb6,265,test:hiding,rootkit,cpu,role_aggregate,20,128,32,middle,True,True,0,20,40,"{""2"": 20}",0,20,0,0,
results\d5_formal\raw_r1\boot_03\batch_20260919T130654.418732Z_4a5a6b53.json.gz,20260919T130654.418732Z_4a5a6b53,4,f7aaa215-6074-4abe-9e1b-80af7b615811,d5_f7aaa215-6074-4abe-9e1b-80af7b615811_8603_6b758cb6,266,test:hiding,rootkit,cpu,role_aggregate,20,128,32,middle,True,True,0,20,40,"{""2"": 20}",0,20,0,0,
results\d5_formal\raw_r1\boot_03\batch_20260919T130703.254798Z_88cadff4.json.gz,20260919T130703.254798Z_88cadff4,4,f7aaa215-6074-4abe-9e1b-80af7b615811,d5_f7aaa215-6074-4abe-9e1b-80af7b615811_8603_6b758cb6,267,test:hiding,rootkit,cpu,role_aggregate,20,128,32,middle,True,True,0,20,40,"{""2"": 20}",0,20,0,0,
results\d5_formal\raw_r1\boot_03\batch_20260919T130712.233959Z_6267d95a.json.gz,20260919T130712.233959Z_6267d95a,4,f7aaa215-6074-4abe-9e1b-80af7b615811,d5_f7aaa215-6074-4abe-9e1b-80af7b615811_8603_6b758cb6,268,test:hiding,rootkit,cpu,role_aggregate,20,128,32,middle,True,True,0,20,40,"{""2"": 20}",0,20,0,0,
results\d5_formal\raw_r1\boot_03\batch_20260919T130721.402855Z_cbc54640.json.gz,20260919T130721.402855Z_cbc54640,4,f7aaa215-6074-4abe-9e1b-80af7b615811,d5_f7aaa215-6074-4abe-9e1b-80af7b615811_8603_6b758cb6,269,test:hiding,rootkit,cpu,role_aggregate,20,128,32,middle,True,True,0,20,40,"{""2"": 20}",0,20,0,0,
results\d5_formal\raw_r1\boot_03\batch_20260919T130730.973074Z_a46e84b5.json.gz,20260919T130730.973074Z_a46e84b5,4,f7aaa215-6074-4abe-9e1b-80af7b615811,d5_f7aaa215-6074-4abe-9e1b-80af7b615811_8603_6b758cb6,270,test:hiding,rootkit,cpu,role_aggregate,20,128,32,middle,True,True,0,20,40,"{""2"": 20}",0,20,0,0,
results\d5_formal\raw_r1\boot_03\batch_20260919T130740.128168Z_9b8c7912.json.gz,20260919T130740.128168Z_9b8c7912,4,f7aaa215-6074-4abe-9e1b-80af7b615811,d5_f7aaa215-6074-4abe-9e1b-80af7b615811_8603_6b758cb6,271,test:hiding,rootkit,cpu,role_aggregate,20,128,32,middle,True,True,0,20,40,"{""2"": 20}",0,20,0,0,
results\d5_formal\raw_r1\boot_03\batch_20260919T130749.240851Z_35e3d3b1.json.gz,20260919T130749.240851Z_35e3d3b1,4,f7aaa215-6074-4abe-9e1b-80af7b615811,d5_f7aaa215-6074-4abe-9e1b-80af7b615811_8603_6b758cb6,272,test:hiding,rootkit,cpu,role_aggregate,20,128,32,middle,True,True,0,20,40,"{""2"": 20}",0,20,0,0,
results\d5_formal\raw_r1\boot_03\batch_20260919T130758.075241Z_5ed25122.json.gz,20260919T130758.075241Z_5ed25122,4,f7aaa215-6074-4abe-9e1b-80af7b615811,d5_f7aaa215-6074-4abe-9e1b-80af7b615811_8603_6b758cb6,273,test:hiding,rootkit,cpu,role_aggregate,20,128,32,middle,True,True,0,20,40,"{""2"": 20}",0,20,0,0,
results\d5_formal\raw_r1\boot_03\batch_20260919T130806.981362Z_3bff2718.json.gz,20260919T130806.981362Z_3bff2718,4,f7aaa215-6074-4abe-9e1b-80af7b615811,d5_f7aaa215-6074-4abe-9e1b-80af7b615811_8603_6b758cb6,274,test:hiding,rootkit,cpu,role_aggregate,20,128,32,middle,True,True,0,20,40,"{""2"": 20}",0,20,0,0,
results\d5_formal\raw_r1\boot_03\batch_20260919T130815.852081Z_d3372870.json.gz,20260919T130815.852081Z_d3372870,4,f7aaa215-6074-4abe-9e1b-80af7b615811,d5_f7aaa215-6074-4abe-9e1b-80af7b615811_8603_6b758cb6,275,test:hiding,rootkit,cpu,role_aggregate,20,128,32,middle,True,True,0,20,40,"{""2"": 20}",0,20,0,0,
results\d5_formal\raw_r1\boot_03\batch_20260919T130824.598030Z_b0799550.json.gz,20260919T130824.598030Z_b0799550,4,f7aaa215-6074-4abe-9e1b-80af7b615811,d5_f7aaa215-6074-4abe-9e1b-80af7b615811_8603_6b758cb6,276,test:hiding,rootkit,cpu,role_aggregate,20,128,32,middle,True,True,0,20,40,"{""2"": 20}",0,20,0,0,
results\d5_formal\raw_r1\boot_03\batch_20260919T130833.416968Z_08daee97.json.gz,20260919T130833.416968Z_08daee97,4,f7aaa215-6074-4abe-9e1b-80af7b615811,d5_f7aaa215-6074-4abe-9e1b-80af7b615811_8603_6b758cb6,277,test:hiding,rootkit,cpu,role_aggregate,20,128,32,middle,True,True,0,20,40,"{""2"": 20}",0,20,0,0,
results\d5_formal\raw_r1\boot_03\batch_20260919T130842.272040Z_fa338c1f.json.gz,20260919T130842.272040Z_fa338c1f,4,f7aaa215-6074-4abe-9e1b-80af7b615811,d5_f7aaa215-6074-4abe-9e1b-80af7b615811_8603_6b758cb6,278,test:hiding,rootkit,cpu,role_aggregate,20,128,32,middle,True,True,0,20,40,"{""2"": 20}",0,20,0,0,
results\d5_formal\raw_r1\boot_03\batch_20260919T130851.161696Z_216b5e59.json.gz,20260919T130851.161696Z_216b5e59,4,f7aaa215-6074-4abe-9e1b-80af7b615811,d5_f7aaa215-6074-4abe-9e1b-80af7b615811_8603_6b758cb6,279,test:hiding,rootkit,cpu,role_aggregate,20,128,32,middle,True,True,0,20,40,"{""2"": 20}",0,20,0,0,
results\d5_formal\raw_r1\boot_03\batch_20260919T130900.069191Z_207f60c9.json.gz,20260919T130900.069191Z_207f60c9,4,f7aaa215-6074-4abe-9e1b-80af7b615811,d5_f7aaa215-6074-4abe-9e1b-80af7b615811_8603_6b758cb6,280,test:hiding,rootkit,cpu,role_aggregate,20,128,32,middle,True,True,0,20,40,"{""2"": 20}",0,20,0,0,
results\d5_formal\raw_r1\boot_03\batch_20260919T130908.911050Z_d33ee147.json.gz,20260919T130908.911050Z_d33ee147,4,f7aaa215-6074-4abe-9e1b-80af7b615811,d5_f7aaa215-6074-4abe-9e1b-80af7b615811_8603_6b758cb6,281,test:hiding,rootkit,cpu,role_aggregate,20,128,32,middle,True,True,0,20,40,"{""2"": 20}",0,20,0,0,
results\d5_formal\raw_r1\boot_03\batch_20260919T130917.708816Z_b03c7685.json.gz,20260919T130917.708816Z_b03c7685,4,f7aaa215-6074-4abe-9e1b-80af7b615811,d5_f7aaa215-6074-4abe-9e1b-80af7b615811_8603_6b758cb6,282,test:hiding,rootkit,cpu,role_aggregate,20,128,32,middle,True,True,0,20,40,"{""2"": 20}",0,20,0,0,
results\d5_formal\raw_r1\boot_03\batch_20260919T130926.521452Z_8377ad54.json.gz,20260919T130926.521452Z_8377ad54,4,f7aaa215-6074-4abe-9e1b-80af7b615811,d5_f7aaa215-6074-4abe-9e1b-80af7b615811_8603_6b758cb6,283,test:hiding,rootkit,cpu,role_aggregate,20,128,32,middle,True,True,0,20,40,"{""2"": 20}",0,20,0,0,
results\d5_formal\raw_r1\boot_03\batch_20260919T130935.290404Z_35c24fc0.json.gz,20260919T130935.290404Z_35c24fc0,4,f7aaa215-6074-4abe-9e1b-80af7b615811,d5_f7aaa215-6074-4abe-9e1b-80af7b615811_8603_6b758cb6,284,test:hiding,rootkit,cpu,role_aggregate,20,128,32,middle,True,True,0,20,40,"{""2"": 20}",0,20,0,0,
results\d5_formal\raw_r1\boot_03\batch_20260919T130944.090188Z_6bce4fc7.json.gz,20260919T130944.090188Z_6bce4fc7,4,f7aaa215-6074-4abe-9e1b-80af7b615811,d5_f7aaa215-6074-4abe-9e1b-80af7b615811_8603_6b758cb6,285,test:hiding,rootkit,cpu,role_aggregate,20,128,32,middle,True,True,0,20,40,"{""2"": 20}",0,20,0,0,
results\d5_formal\raw_r1\boot_03\batch_20260919T130952.860147Z_63a8329b.json.gz,20260919T130952.860147Z_63a8329b,4,f7aaa215-6074-4abe-9e1b-80af7b615811,d5_f7aaa215-6074-4abe-9e1b-80af7b615811_8603_6b758cb6,286,test:hiding,rootkit,cpu,role_aggregate,20,128,32,middle,True,True,0,20,40,"{""2"": 20}",0,20,0,0,
results\d5_formal\raw_r1\boot_03\batch_20260919T131001.628993Z_374b9f84.json.gz,20260919T131001.628993Z_374b9f84,4,f7aaa215-6074-4abe-9e1b-80af7b615811,d5_f7aaa215-6074-4abe-9e1b-80af7b615811_8603_6b758cb6,287,test:hiding,rootkit,cpu,role_aggregate,20,128,32,middle,True,True,0,20,40,"{""2"": 20}",0,20,0,0,
results\d5_formal\raw_r1\boot_03\batch_20260919T131005.451894Z_10fa333e.json.gz,20260919T131005.451894Z_10fa333e,4,f7aaa215-6074-4abe-9e1b-80af7b615811,d5_f7aaa215-6074-4abe-9e1b-80af7b615811_8603_6b758cb6,288,test:hiding,rootkit,memory,role_aggregate,20,128,32,middle,True,True,0,20,40,"{""2"": 20}",0,20,0,0,
results\d5_formal\raw_r1\boot_03\batch_20260919T131009.166917Z_ff5c77b4.json.gz,20260919T131009.166917Z_ff5c77b4,4,f7aaa215-6074-4abe-9e1b-80af7b615811,d5_f7aaa215-6074-4abe-9e1b-80af7b615811_8603_6b758cb6,289,test:hiding,rootkit,memory,role_aggregate,20,128,32,middle,True,True,0,20,40,"{""2"": 20}",0,20,0,0,
results\d5_formal\raw_r1\boot_03\batch_20260919T131012.935457Z_007ff193.json.gz,20260919T131012.935457Z_007ff193,4,f7aaa215-6074-4abe-9e1b-80af7b615811,d5_f7aaa215-6074-4abe-9e1b-80af7b615811_8603_6b758cb6,290,test:hiding,rootkit,memory,role_aggregate,20,128,32,middle,True,True,0,20,40,"{""2"": 20}",0,20,0,0,
results\d5_formal\raw_r1\boot_03\batch_20260919T131016.681580Z_5122336b.json.gz,20260919T131016.681580Z_5122336b,4,f7aaa215-6074-4abe-9e1b-80af7b615811,d5_f7aaa215-6074-4abe-9e1b-80af7b615811_8603_6b758cb6,291,test:hiding,rootkit,memory,role_aggregate,20,128,32,middle,True,True,0,20,40,"{""2"": 20}",0,20,0,0,
results\d5_formal\raw_r1\boot_03\batch_20260919T131020.431621Z_c23a5a34.json.gz,20260919T131020.431621Z_c23a5a34,4,f7aaa215-6074-4abe-9e1b-80af7b615811,d5_f7aaa215-6074-4abe-9e1b-80af7b615811_8603_6b758cb6,292,test:hiding,rootkit,memory,role_aggregate,20,128,32,middle,True,True,0,20,40,"{""2"": 20}",0,20,0,0,
results\d5_formal\raw_r1\boot_03\batch_20260919T131024.202146Z_73853549.json.gz,20260919T131024.202146Z_73853549,4,f7aaa215-6074-4abe-9e1b-80af7b615811,d5_f7aaa215-6074-4abe-9e1b-80af7b615811_8603_6b758cb6,293,test:hiding,rootkit,memory,role_aggregate,20,128,32,middle,True,True,0,20,40,"{""2"": 20}",0,20,0,0,
results\d5_formal\raw_r1\boot_03\batch_20260919T131027.992003Z_7529d721.json.gz,20260919T131027.992003Z_7529d721,4,f7aaa215-6074-4abe-9e1b-80af7b615811,d5_f7aaa215-6074-4abe-9e1b-80af7b615811_8603_6b758cb6,294,test:hiding,rootkit,memory,role_aggregate,20,128,32,middle,True,True,0,20,40,"{""2"": 20}",0,20,0,0,
results\d5_formal\raw_r1\boot_03\batch_20260919T131031.773377Z_9aa307ec.json.gz,20260919T131031.773377Z_9aa307ec,4,f7aaa215-6074-4abe-9e1b-80af7b615811,d5_f7aaa215-6074-4abe-9e1b-80af7b615811_8603_6b758cb6,295,test:hiding,rootkit,memory,role_aggregate,20,128,32,middle,True,True,0,20,40,"{""2"": 20}",0,20,0,0,
results\d5_formal\raw_r1\boot_03\batch_20260919T131035.538779Z_2b34adbb.json.gz,20260919T131035.538779Z_2b34adbb,4,f7aaa215-6074-4abe-9e1b-80af7b615811,d5_f7aaa215-6074-4abe-9e1b-80af7b615811_8603_6b758cb6,296,test:hiding,rootkit,memory,role_aggregate,20,128,32,middle,True,True,0,20,40,"{""2"": 20}",0,20,0,0,
results\d5_formal\raw_r1\boot_03\batch_20260919T131039.342119Z_f34b5d72.json.gz,20260919T131039.342119Z_f34b5d72,4,f7aaa215-6074-4abe-9e1b-80af7b615811,d5_f7aaa215-6074-4abe-9e1b-80af7b615811_8603_6b758cb6,297,test:hiding,rootkit,memory,role_aggregate,20,128,32,middle,True,True,0,20,40,"{""2"": 20}",0,20,0,0,
results\d5_formal\raw_r1\boot_03\batch_20260919T131043.164424Z_5b49815c.json.gz,20260919T131043.164424Z_5b49815c,4,f7aaa215-6074-4abe-9e1b-80af7b615811,d5_f7aaa215-6074-4abe-9e1b-80af7b615811_8603_6b758cb6,298,test:hiding,rootkit,memory,role_aggregate,20,128,32,middle,True,True,0,20,40,"{""2"": 20}",0,20,0,0,
results\d5_formal\raw_r1\boot_03\batch_20260919T131046.953166Z_b00b740b.json.gz,20260919T131046.953166Z_b00b740b,4,f7aaa215-6074-4abe-9e1b-80af7b615811,d5_f7aaa215-6074-4abe-9e1b-80af7b615811_8603_6b758cb6,299,test:hiding,rootkit,memory,role_aggregate,20,128,32,middle,True,True,0,20,40,"{""2"": 20}",0,20,0,0,
results\d5_formal\raw_r1\boot_03\batch_20260919T131050.710986Z_f025cd6e.json.gz,20260919T131050.710986Z_f025cd6e,4,f7aaa215-6074-4abe-9e1b-80af7b615811,d5_f7aaa215-6074-4abe-9e1b-80af7b615811_8603_6b758cb6,300,test:hiding,rootkit,memory,role_aggregate,20,128,32,middle,True,True,0,20,40,"{""2"": 20}",0,20,0,0,
results\d5_formal\raw_r1\boot_03\batch_20260919T131054.463467Z_44a4bda7.json.gz,20260919T131054.463467Z_44a4bda7,4,f7aaa215-6074-4abe-9e1b-80af7b615811,d5_f7aaa215-6074-4abe-9e1b-80af7b615811_8603_6b758cb6,301,test:hiding,rootkit,memory,role_aggregate,20,128,32,middle,True,True,0,20,40,"{""2"": 20}",0,20,0,0,
results\d5_formal\raw_r1\boot_03\batch_20260919T131058.244886Z_12a9624c.json.gz,20260919T131058.244886Z_12a9624c,4,f7aaa215-6074-4abe-9e1b-80af7b615811,d5_f7aaa215-6074-4abe-9e1b-80af7b615811_8603_6b758cb6,302,test:hiding,rootkit,memory,role_aggregate,20,128,32,middle,True,True,0,20,40,"{""2"": 20}",0,20,0,0,
results\d5_formal\raw_r1\boot_03\batch_20260919T131102.059523Z_780ae0b2.json.gz,20260919T131102.059523Z_780ae0b2,4,f7aaa215-6074-4abe-9e1b-80af7b615811,d5_f7aaa215-6074-4abe-9e1b-80af7b615811_8603_6b758cb6,303,test:hiding,rootkit,memory,role_aggregate,20,128,32,middle,True,True,0,20,40,"{""2"": 20}",0,20,0,0,
results\d5_formal\raw_r1\boot_03\batch_20260919T131105.769824Z_1bd8e3ae.json.gz,20260919T131105.769824Z_1bd8e3ae,4,f7aaa215-6074-4abe-9e1b-80af7b615811,d5_f7aaa215-6074-4abe-9e1b-80af7b615811_8603_6b758cb6,304,test:hiding,rootkit,memory,role_aggregate,20,128,32,middle,True,True,0,20,40,"{""2"": 20}",0,20,0,0,
results\d5_formal\raw_r1\boot_03\batch_20260919T131109.475243Z_b5faf721.json.gz,20260919T131109.475243Z_b5faf721,4,f7aaa215-6074-4abe-9e1b-80af7b615811,d5_f7aaa215-6074-4abe-9e1b-80af7b615811_8603_6b758cb6,305,test:hiding,rootkit,memory,role_aggregate,20,128,32,middle,True,True,0,20,40,"{""2"": 20}",0,20,0,0,
results\d5_formal\raw_r1\boot_03\batch_20260919T131113.140455Z_e03157cc.json.gz,20260919T131113.140455Z_e03157cc,4,f7aaa215-6074-4abe-9e1b-80af7b615811,d5_f7aaa215-6074-4abe-9e1b-80af7b615811_8603_6b758cb6,306,test:hiding,rootkit,memory,role_aggregate,20,128,32,middle,True,True,0,20,40,"{""2"": 20}",0,20,0,0,
results\d5_formal\raw_r1\boot_03\batch_20260919T131116.941024Z_1c8728cb.json.gz,20260919T131116.941024Z_1c8728cb,4,f7aaa215-6074-4abe-9e1b-80af7b615811,d5_f7aaa215-6074-4abe-9e1b-80af7b615811_8603_6b758cb6,307,test:hiding,rootkit,memory,role_aggregate,20,128,32,middle,True,True,0,20,40,"{""2"": 20}",0,20,0,0,
results\d5_formal\raw_r1\boot_03\batch_20260919T131120.619493Z_7b39e50e.json.gz,20260919T131120.619493Z_7b39e50e,4,f7aaa215-6074-4abe-9e1b-80af7b615811,d5_f7aaa215-6074-4abe-9e1b-80af7b615811_8603_6b758cb6,308,test:hiding,rootkit,memory,role_aggregate,20,128,32,middle,True,True,0,20,40,"{""2"": 20}",0,20,0,0,
results\d5_formal\raw_r1\boot_03\batch_20260919T131124.463719Z_cb3cc480.json.gz,20260919T131124.463719Z_cb3cc480,4,f7aaa215-6074-4abe-9e1b-80af7b615811,d5_f7aaa215-6074-4abe-9e1b-80af7b615811_8603_6b758cb6,309,test:hiding,rootkit,memory,role_aggregate,20,128,32,middle,True,True,0,20,40,"{""2"": 20}",0,20,0,0,
results\d5_formal\raw_r1\boot_03\batch_20260919T131128.153907Z_f9cfb2d0.json.gz,20260919T131128.153907Z_f9cfb2d0,4,f7aaa215-6074-4abe-9e1b-80af7b615811,d5_f7aaa215-6074-4abe-9e1b-80af7b615811_8603_6b758cb6,310,test:hiding,rootkit,memory,role_aggregate,20,128,32,middle,True,True,0,20,40,"{""2"": 20}",0,20,0,0,
results\d5_formal\raw_r1\boot_03\batch_20260919T131131.847716Z_526e7c24.json.gz,20260919T131131.847716Z_526e7c24,4,f7aaa215-6074-4abe-9e1b-80af7b615811,d5_f7aaa215-6074-4abe-9e1b-80af7b615811_8603_6b758cb6,311,test:hiding,rootkit,memory,role_aggregate,20,128,32,middle,True,True,0,20,40,"{""2"": 20}",0,20,0,0,
results\d5_formal\raw_r1\boot_03\batch_20260919T131135.759688Z_9e27db3d.json.gz,20260919T131135.759688Z_9e27db3d,4,f7aaa215-6074-4abe-9e1b-80af7b615811,d5_f7aaa215-6074-4abe-9e1b-80af7b615811_8603_6b758cb6,312,test:hiding,rootkit,memory,role_aggregate,20,128,32,middle,True,True,0,20,40,"{""2"": 20}",0,20,0,0,
results\d5_formal\raw_r1\boot_03\batch_20260919T131139.532987Z_bb6e167d.json.gz,20260919T131139.532987Z_bb6e167d,4,f7aaa215-6074-4abe-9e1b-80af7b615811,d5_f7aaa215-6074-4abe-9e1b-80af7b615811_8603_6b758cb6,313,test:hiding,rootkit,memory,role_aggregate,20,128,32,middle,True,True,0,20,40,"{""2"": 20}",0,20,0,0,
results\d5_formal\raw_r1\boot_03\batch_20260919T131143.195591Z_a4910228.json.gz,20260919T131143.195591Z_a4910228,4,f7aaa215-6074-4abe-9e1b-80af7b615811,d5_f7aaa215-6074-4abe-9e1b-80af7b615811_8603_6b758cb6,314,test:hiding,rootkit,memory,role_aggregate,20,128,32,middle,True,True,0,20,40,"{""2"": 20}",0,20,0,0,
results\d5_formal\raw_r1\boot_03\batch_20260919T131146.995925Z_f45c601e.json.gz,20260919T131146.995925Z_f45c601e,4,f7aaa215-6074-4abe-9e1b-80af7b615811,d5_f7aaa215-6074-4abe-9e1b-80af7b615811_8603_6b758cb6,315,test:hiding,rootkit,memory,role_aggregate,20,128,32,middle,True,True,0,20,40,"{""2"": 20}",0,20,0,0,
results\d5_formal\raw_r1\boot_03\batch_20260919T131150.681490Z_7b281203.json.gz,20260919T131150.681490Z_7b281203,4,f7aaa215-6074-4abe-9e1b-80af7b615811,d5_f7aaa215-6074-4abe-9e1b-80af7b615811_8603_6b758cb6,316,test:hiding,rootkit,memory,role_aggregate,20,128,32,middle,True,True,0,20,40,"{""2"": 20}",0,20,0,0,
results\d5_formal\raw_r1\boot_03\batch_20260919T131154.433418Z_2f7264ed.json.gz,20260919T131154.433418Z_2f7264ed,4,f7aaa215-6074-4abe-9e1b-80af7b615811,d5_f7aaa215-6074-4abe-9e1b-80af7b615811_8603_6b758cb6,317,test:hiding,rootkit,memory,role_aggregate,20,128,32,middle,True,True,0,20,40,"{""2"": 20}",0,20,0,0,
results\d5_formal\raw_r1\boot_03\batch_20260919T131158.117197Z_e0c3f7e8.json.gz,20260919T131158.117197Z_e0c3f7e8,4,f7aaa215-6074-4abe-9e1b-80af7b615811,d5_f7aaa215-6074-4abe-9e1b-80af7b615811_8603_6b758cb6,318,test:hiding,rootkit,memory,role_aggregate,20,128,32,middle,True,True,0,20,40,"{""2"": 20}",0,20,0,0,
results\d5_formal\raw_r1\boot_03\batch_20260919T131201.926609Z_40ceef28.json.gz,20260919T131201.926609Z_40ceef28,4,f7aaa215-6074-4abe-9e1b-80af7b615811,d5_f7aaa215-6074-4abe-9e1b-80af7b615811_8603_6b758cb6,319,test:hiding,rootkit,memory,role_aggregate,20,128,32,middle,True,True,0,20,40,"{""2"": 20}",0,20,0,0,
results\d5_formal\raw_r1\boot_03\batch_20260919T131205.782685Z_a157a0a2.json.gz,20260919T131205.782685Z_a157a0a2,4,f7aaa215-6074-4abe-9e1b-80af7b615811,d5_f7aaa215-6074-4abe-9e1b-80af7b615811_8603_6b758cb6,320,test:hiding,rootkit,memory,role_aggregate,20,128,32,middle,True,True,0,20,40,"{""2"": 20}",0,20,0,0,
results\d5_formal\raw_r1\boot_03\batch_20260919T131209.520104Z_664a6aba.json.gz,20260919T131209.520104Z_664a6aba,4,f7aaa215-6074-4abe-9e1b-80af7b615811,d5_f7aaa215-6074-4abe-9e1b-80af7b615811_8603_6b758cb6,321,test:hiding,rootkit,memory,role_aggregate,20,128,32,middle,True,True,0,20,40,"{""2"": 20}",0,20,0,0,
results\d5_formal\raw_r1\boot_03\batch_20260919T131213.344483Z_6ae9a82a.json.gz,20260919T131213.344483Z_6ae9a82a,4,f7aaa215-6074-4abe-9e1b-80af7b615811,d5_f7aaa215-6074-4abe-9e1b-80af7b615811_8603_6b758cb6,322,test:hiding,rootkit,memory,role_aggregate,20,128,32,middle,True,True,0,20,40,"{""2"": 20}",0,20,0,0,
results\d5_formal\raw_r1\boot_03\batch_20260919T131217.050922Z_32bd407d.json.gz,20260919T131217.050922Z_32bd407d,4,f7aaa215-6074-4abe-9e1b-80af7b615811,d5_f7aaa215-6074-4abe-9e1b-80af7b615811_8603_6b758cb6,323,test:hiding,rootkit,memory,role_aggregate,20,128,32,middle,True,True,0,20,40,"{""2"": 20}",0,20,0,0,
results\d5_formal\raw_r1\boot_03\batch_20260919T131220.860796Z_b5fab415.json.gz,20260919T131220.860796Z_b5fab415,4,f7aaa215-6074-4abe-9e1b-80af7b615811,d5_f7aaa215-6074-4abe-9e1b-80af7b615811_8603_6b758cb6,324,test:hiding,rootkit,memory,role_aggregate,20,128,32,middle,True,True,0,20,40,"{""2"": 20}",0,20,0,0,
results\d5_formal\raw_r1\boot_03\batch_20260919T131224.623766Z_6041d10d.json.gz,20260919T131224.623766Z_6041d10d,4,f7aaa215-6074-4abe-9e1b-80af7b615811,d5_f7aaa215-6074-4abe-9e1b-80af7b615811_8603_6b758cb6,325,test:hiding,rootkit,memory,role_aggregate,20,128,32,middle,True,True,0,20,40,"{""2"": 20}",0,20,0,0,
results\d5_formal\raw_r1\boot_03\batch_20260919T131228.420115Z_1682b242.json.gz,20260919T131228.420115Z_1682b242,4,f7aaa215-6074-4abe-9e1b-80af7b615811,d5_f7aaa215-6074-4abe-9e1b-80af7b615811_8603_6b758cb6,326,test:hiding,rootkit,memory,role_aggregate,20,128,32,middle,True,True,0,20,40,"{""2"": 20}",0,20,0,0,
results\d5_formal\raw_r1\boot_03\batch_20260919T131232.212976Z_360f8f09.json.gz,20260919T131232.212976Z_360f8f09,4,f7aaa215-6074-4abe-9e1b-80af7b615811,d5_f7aaa215-6074-4abe-9e1b-80af7b615811_8603_6b758cb6,327,test:hiding,rootkit,memory,role_aggregate,20,128,32,middle,True,True,0,20,40,"{""2"": 20}",0,20,0,0,
results\d5_formal\raw_r1\boot_03\batch_20260919T131241.084940Z_f6a9e3a7.json.gz,20260919T131241.084940Z_f6a9e3a7,4,f7aaa215-6074-4abe-9e1b-80af7b615811,d5_f7aaa215-6074-4abe-9e1b-80af7b615811_8603_6b758cb6,328,test:hiding,rootkit,mixed,role_aggregate,20,128,32,middle,True,True,0,20,40,"{""2"": 20}",0,20,0,0,
results\d5_formal\raw_r1\boot_03\batch_20260919T131250.051818Z_84f470b1.json.gz,20260919T131250.051818Z_84f470b1,4,f7aaa215-6074-4abe-9e1b-80af7b615811,d5_f7aaa215-6074-4abe-9e1b-80af7b615811_8603_6b758cb6,329,test:hiding,rootkit,mixed,role_aggregate,20,128,32,middle,True,True,0,20,40,"{""2"": 20}",0,20,0,0,
results\d5_formal\raw_r1\boot_03\batch_20260919T131258.832670Z_5a4ba23f.json.gz,20260919T131258.832670Z_5a4ba23f,4,f7aaa215-6074-4abe-9e1b-80af7b615811,d5_f7aaa215-6074-4abe-9e1b-80af7b615811_8603_6b758cb6,330,test:hiding,rootkit,mixed,role_aggregate,20,128,32,middle,True,True,0,20,40,"{""2"": 20}",0,20,0,0,
results\d5_formal\raw_r1\boot_03\batch_20260919T131307.682909Z_7c99aa1d.json.gz,20260919T131307.682909Z_7c99aa1d,4,f7aaa215-6074-4abe-9e1b-80af7b615811,d5_f7aaa215-6074-4abe-9e1b-80af7b615811_8603_6b758cb6,331,test:hiding,rootkit,mixed,role_aggregate,20,128,32,middle,True,True,0,20,40,"{""2"": 20}",0,20,0,0,
results\d5_formal\raw_r1\boot_03\batch_20260919T131316.400955Z_47c8918f.json.gz,20260919T131316.400955Z_47c8918f,4,f7aaa215-6074-4abe-9e1b-80af7b615811,d5_f7aaa215-6074-4abe-9e1b-80af7b615811_8603_6b758cb6,332,test:hiding,rootkit,mixed,role_aggregate,20,128,32,middle,True,True,0,20,40,"{""2"": 20}",0,20,0,0,
results\d5_formal\raw_r1\boot_03\batch_20260919T131325.287237Z_0e616f44.json.gz,20260919T131325.287237Z_0e616f44,4,f7aaa215-6074-4abe-9e1b-80af7b615811,d5_f7aaa215-6074-4abe-9e1b-80af7b615811_8603_6b758cb6,333,test:hiding,rootkit,mixed,role_aggregate,20,128,32,middle,True,True,0,20,40,"{""2"": 20}",0,20,0,0,
results\d5_formal\raw_r1\boot_03\batch_20260919T131334.603342Z_ae417556.json.gz,20260919T131334.603342Z_ae417556,4,f7aaa215-6074-4abe-9e1b-80af7b615811,d5_f7aaa215-6074-4abe-9e1b-80af7b615811_8603_6b758cb6,334,test:hiding,rootkit,mixed,role_aggregate,20,128,32,middle,True,True,0,20,40,"{""2"": 20}",0,20,0,0,
results\d5_formal\raw_r1\boot_03\batch_20260919T131343.806399Z_93572b60.json.gz,20260919T131343.806399Z_93572b60,4,f7aaa215-6074-4abe-9e1b-80af7b615811,d5_f7aaa215-6074-4abe-9e1b-80af7b615811_8603_6b758cb6,335,test:hiding,rootkit,mixed,role_aggregate,20,128,32,middle,True,True,0,20,40,"{""2"": 20}",0,20,0,0,
results\d5_formal\raw_r1\boot_03\batch_20260919T131352.607187Z_b36964db.json.gz,20260919T131352.607187Z_b36964db,4,f7aaa215-6074-4abe-9e1b-80af7b615811,d5_f7aaa215-6074-4abe-9e1b-80af7b615811_8603_6b758cb6,336,test:hiding,rootkit,mixed,role_aggregate,20,128,32,middle,True,True,0,20,40,"{""2"": 20}",0,20,0,0,
results\d5_formal\raw_r1\boot_03\batch_20260919T131401.463809Z_c593eab6.json.gz,20260919T131401.463809Z_c593eab6,4,f7aaa215-6074-4abe-9e1b-80af7b615811,d5_f7aaa215-6074-4abe-9e1b-80af7b615811_8603_6b758cb6,337,test:hiding,rootkit,mixed,role_aggregate,20,128,32,middle,True,True,0,20,40,"{""2"": 20}",0,20,0,0,
results\d5_formal\raw_r1\boot_03\batch_20260919T131410.291973Z_9412be85.json.gz,20260919T131410.291973Z_9412be85,4,f7aaa215-6074-4abe-9e1b-80af7b615811,d5_f7aaa215-6074-4abe-9e1b-80af7b615811_8603_6b758cb6,338,test:hiding,rootkit,mixed,role_aggregate,20,128,32,middle,True,True,0,20,40,"{""2"": 20}",0,20,0,0,
results\d5_formal\raw_r1\boot_03\batch_20260919T131419.148855Z_af0d62a4.json.gz,20260919T131419.148855Z_af0d62a4,4,f7aaa215-6074-4abe-9e1b-80af7b615811,d5_f7aaa215-6074-4abe-9e1b-80af7b615811_8603_6b758cb6,339,test:hiding,rootkit,mixed,role_aggregate,20,128,32,middle,True,True,0,20,40,"{""2"": 20}",0,20,0,0,
results\d5_formal\raw_r1\boot_03\batch_20260919T131427.906910Z_ad23ce90.json.gz,20260919T131427.906910Z_ad23ce90,4,f7aaa215-6074-4abe-9e1b-80af7b615811,d5_f7aaa215-6074-4abe-9e1b-80af7b615811_8603_6b758cb6,340,test:hiding,rootkit,mixed,role_aggregate,20,128,32,middle,True,True,0,20,40,"{""2"": 20}",0,20,0,0,
results\d5_formal\raw_r1\boot_03\batch_20260919T131436.689087Z_93476ca8.json.gz,20260919T131436.689087Z_93476ca8,4,f7aaa215-6074-4abe-9e1b-80af7b615811,d5_f7aaa215-6074-4abe-9e1b-80af7b615811_8603_6b758cb6,341,test:hiding,rootkit,mixed,role_aggregate,20,128,32,middle,True,True,0,20,40,"{""2"": 20}",0,20,0,0,
results\d5_formal\raw_r1\boot_03\batch_20260919T131445.539328Z_d47770fb.json.gz,20260919T131445.539328Z_d47770fb,4,f7aaa215-6074-4abe-9e1b-80af7b615811,d5_f7aaa215-6074-4abe-9e1b-80af7b615811_8603_6b758cb6,342,test:hiding,rootkit,mixed,role_aggregate,20,128,32,middle,True,True,0,20,40,"{""2"": 20}",0,20,0,0,
results\d5_formal\raw_r1\boot_03\batch_20260919T131454.450991Z_9b6cadd0.json.gz,20260919T131454.450991Z_9b6cadd0,4,f7aaa215-6074-4abe-9e1b-80af7b615811,d5_f7aaa215-6074-4abe-9e1b-80af7b615811_8603_6b758cb6,343,test:hiding,rootkit,mixed,role_aggregate,20,128,32,middle,True,True,0,20,40,"{""2"": 20}",0,20,0,0,
results\d5_formal\raw_r1\boot_03\batch_20260919T131503.231666Z_2a165844.json.gz,20260919T131503.231666Z_2a165844,4,f7aaa215-6074-4abe-9e1b-80af7b615811,d5_f7aaa215-6074-4abe-9e1b-80af7b615811_8603_6b758cb6,344,test:hiding,rootkit,mixed,role_aggregate,20,128,32,middle,True,True,0,20,40,"{""2"": 20}",0,20,0,0,
results\d5_formal\raw_r1\boot_03\batch_20260919T131512.064012Z_a1ab7b45.json.gz,20260919T131512.064012Z_a1ab7b45,4,f7aaa215-6074-4abe-9e1b-80af7b615811,d5_f7aaa215-6074-4abe-9e1b-80af7b615811_8603_6b758cb6,345,test:hiding,rootkit,mixed,role_aggregate,20,128,32,middle,True,True,0,20,40,"{""2"": 20}",0,20,0,0,
results\d5_formal\raw_r1\boot_03\batch_20260919T131520.878009Z_b090b225.json.gz,20260919T131520.878009Z_b090b225,4,f7aaa215-6074-4abe-9e1b-80af7b615811,d5_f7aaa215-6074-4abe-9e1b-80af7b615811_8603_6b758cb6,346,test:hiding,rootkit,mixed,role_aggregate,20,128,32,middle,True,True,0,20,40,"{""2"": 20}",0,20,0,0,
results\d5_formal\raw_r1\boot_03\batch_20260919T131529.613650Z_6a8c69e2.json.gz,20260919T131529.613650Z_6a8c69e2,4,f7aaa215-6074-4abe-9e1b-80af7b615811,d5_f7aaa215-6074-4abe-9e1b-80af7b615811_8603_6b758cb6,347,test:hiding,rootkit,mixed,role_aggregate,20,128,32,middle,True,True,0,20,40,"{""2"": 20}",0,20,0,0,
results\d5_formal\raw_r1\boot_03\batch_20260919T131538.324463Z_ad3a1939.json.gz,20260919T131538.324463Z_ad3a1939,4,f7aaa215-6074-4abe-9e1b-80af7b615811,d5_f7aaa215-6074-4abe-9e1b-80af7b615811_8603_6b758cb6,348,test:hiding,rootkit,mixed,role_aggregate,20,128,32,middle,True,True,0,20,40,"{""2"": 20}",0,20,0,0,
results\d5_formal\raw_r1\boot_03\batch_20260919T131547.235015Z_bee1e179.json.gz,20260919T131547.235015Z_bee1e179,4,f7aaa215-6074-4abe-9e1b-80af7b615811,d5_f7aaa215-6074-4abe-9e1b-80af7b615811_8603_6b758cb6,349,test:hiding,rootkit,mixed,role_aggregate,20,128,32,middle,True,True,0,20,40,"{""2"": 20}",0,20,0,0,
results\d5_formal\raw_r1\boot_03\batch_20260919T131556.060865Z_c21c6b97.json.gz,20260919T131556.060865Z_c21c6b97,4,f7aaa215-6074-4abe-9e1b-80af7b615811,d5_f7aaa215-6074-4abe-9e1b-80af7b615811_8603_6b758cb6,350,test:hiding,rootkit,mixed,role_aggregate,20,128,32,middle,True,True,0,20,40,"{""2"": 20}",0,20,0,0,
results\d5_formal\raw_r1\boot_03\batch_20260919T131604.914698Z_86458fee.json.gz,20260919T131604.914698Z_86458fee,4,f7aaa215-6074-4abe-9e1b-80af7b615811,d5_f7aaa215-6074-4abe-9e1b-80af7b615811_8603_6b758cb6,351,test:hiding,rootkit,mixed,role_aggregate,20,128,32,middle,True,True,0,20,40,"{""2"": 20}",0,20,0,0,
results\d5_formal\raw_r1\boot_03\batch_20260919T131613.754097Z_20ff6a9f.json.gz,20260919T131613.754097Z_20ff6a9f,4,f7aaa215-6074-4abe-9e1b-80af7b615811,d5_f7aaa215-6074-4abe-9e1b-80af7b615811_8603_6b758cb6,352,test:hiding,rootkit,mixed,role_aggregate,20,128,32,middle,True,True,0,20,40,"{""2"": 20}",0,20,0,0,
results\d5_formal\raw_r1\boot_03\batch_20260919T131622.499744Z_f2d5e324.json.gz,20260919T131622.499744Z_f2d5e324,4,f7aaa215-6074-4abe-9e1b-80af7b615811,d5_f7aaa215-6074-4abe-9e1b-80af7b615811_8603_6b758cb6,353,test:hiding,rootkit,mixed,role_aggregate,20,128,32,middle,True,True,0,20,40,"{""2"": 20}",0,20,0,0,
results\d5_formal\raw_r1\boot_03\batch_20260919T131631.375848Z_002d2e41.json.gz,20260919T131631.375848Z_002d2e41,4,f7aaa215-6074-4abe-9e1b-80af7b615811,d5_f7aaa215-6074-4abe-9e1b-80af7b615811_8603_6b758cb6,354,test:hiding,rootkit,mixed,role_aggregate,20,128,32,middle,True,True,0,20,40,"{""2"": 20}",0,20,0,0,
results\d5_formal\raw_r1\boot_03\batch_20260919T131640.255057Z_f89de3e0.json.gz,20260919T131640.255057Z_f89de3e0,4,f7aaa215-6074-4abe-9e1b-80af7b615811,d5_f7aaa215-6074-4abe-9e1b-80af7b615811_8603_6b758cb6,355,test:hiding,rootkit,mixed,role_aggregate,20,128,32,middle,True,True,0,20,40,"{""2"": 20}",0,20,0,0,
results\d5_formal\raw_r1\boot_03\batch_20260919T131649.033969Z_3b40501a.json.gz,20260919T131649.033969Z_3b40501a,4,f7aaa215-6074-4abe-9e1b-80af7b615811,d5_f7aaa215-6074-4abe-9e1b-80af7b615811_8603_6b758cb6,356,test:hiding,rootkit,mixed,role_aggregate,20,128,32,middle,True,True,0,20,40,"{""2"": 20}",0,20,0,0,
results\d5_formal\raw_r1\boot_03\batch_20260919T131657.941838Z_2baf57ba.json.gz,20260919T131657.941838Z_2baf57ba,4,f7aaa215-6074-4abe-9e1b-80af7b615811,d5_f7aaa215-6074-4abe-9e1b-80af7b615811_8603_6b758cb6,357,test:hiding,rootkit,mixed,role_aggregate,20,128,32,middle,True,True,0,20,40,"{""2"": 20}",0,20,0,0,
results\d5_formal\raw_r1\boot_03\batch_20260919T131706.807846Z_88009b74.json.gz,20260919T131706.807846Z_88009b74,4,f7aaa215-6074-4abe-9e1b-80af7b615811,d5_f7aaa215-6074-4abe-9e1b-80af7b615811_8603_6b758cb6,358,test:hiding,rootkit,mixed,role_aggregate,20,128,32,middle,True,True,0,20,40,"{""2"": 20}",0,20,0,0,
results\d5_formal\raw_r1\boot_03\batch_20260919T131715.640745Z_e8809d96.json.gz,20260919T131715.640745Z_e8809d96,4,f7aaa215-6074-4abe-9e1b-80af7b615811,d5_f7aaa215-6074-4abe-9e1b-80af7b615811_8603_6b758cb6,359,test:hiding,rootkit,mixed,role_aggregate,20,128,32,middle,True,True,0,20,40,"{""2"": 20}",0,20,0,0,
results\d5_formal\raw_r1\boot_03\batch_20260919T131724.557089Z_dea7e168.json.gz,20260919T131724.557089Z_dea7e168,4,f7aaa215-6074-4abe-9e1b-80af7b615811,d5_f7aaa215-6074-4abe-9e1b-80af7b615811_8603_6b758cb6,360,test:hiding,rootkit,mixed,role_aggregate,20,128,32,middle,True,True,0,20,40,"{""2"": 20}",0,20,0,0,
results\d5_formal\raw_r1\boot_03\batch_20260919T131733.412863Z_bf4bc6ea.json.gz,20260919T131733.412863Z_bf4bc6ea,4,f7aaa215-6074-4abe-9e1b-80af7b615811,d5_f7aaa215-6074-4abe-9e1b-80af7b615811_8603_6b758cb6,361,test:hiding,rootkit,mixed,role_aggregate,20,128,32,middle,True,True,0,20,40,"{""2"": 20}",0,20,0,0,
results\d5_formal\raw_r1\boot_03\batch_20260919T131742.354594Z_267befd3.json.gz,20260919T131742.354594Z_267befd3,4,f7aaa215-6074-4abe-9e1b-80af7b615811,d5_f7aaa215-6074-4abe-9e1b-80af7b615811_8603_6b758cb6,362,test:hiding,rootkit,mixed,role_aggregate,20,128,32,middle,True,True,0,20,40,"{""2"": 20}",0,20,0,0,
results\d5_formal\raw_r1\boot_03\batch_20260919T131751.207022Z_bfc4b921.json.gz,20260919T131751.207022Z_bfc4b921,4,f7aaa215-6074-4abe-9e1b-80af7b615811,d5_f7aaa215-6074-4abe-9e1b-80af7b615811_8603_6b758cb6,363,test:hiding,rootkit,mixed,role_aggregate,20,128,32,middle,True,True,0,20,40,"{""2"": 20}",0,20,0,0,
results\d5_formal\raw_r1\boot_03\batch_20260919T131759.991714Z_cc6acf87.json.gz,20260919T131759.991714Z_cc6acf87,4,f7aaa215-6074-4abe-9e1b-80af7b615811,d5_f7aaa215-6074-4abe-9e1b-80af7b615811_8603_6b758cb6,364,test:hiding,rootkit,mixed,role_aggregate,20,128,32,middle,True,True,0,20,40,"{""2"": 20}",0,20,0,0,
results\d5_formal\raw_r1\boot_03\batch_20260919T131808.825498Z_dff635bc.json.gz,20260919T131808.825498Z_dff635bc,4,f7aaa215-6074-4abe-9e1b-80af7b615811,d5_f7aaa215-6074-4abe-9e1b-80af7b615811_8603_6b758cb6,365,test:hiding,rootkit,mixed,role_aggregate,20,128,32,middle,True,True,0,20,40,"{""2"": 20}",0,20,0,0,
results\d5_formal\raw_r1\boot_03\batch_20260919T131817.679985Z_e2355656.json.gz,20260919T131817.679985Z_e2355656,4,f7aaa215-6074-4abe-9e1b-80af7b615811,d5_f7aaa215-6074-4abe-9e1b-80af7b615811_8603_6b758cb6,366,test:hiding,rootkit,mixed,role_aggregate,20,128,32,middle,True,True,0,20,40,"{""2"": 20}",0,20,0,0,
results\d5_formal\raw_r1\boot_03\batch_20260919T131826.545220Z_610420ad.json.gz,20260919T131826.545220Z_610420ad,4,f7aaa215-6074-4abe-9e1b-80af7b615811,d5_f7aaa215-6074-4abe-9e1b-80af7b615811_8603_6b758cb6,367,test:hiding,rootkit,mixed,role_aggregate,20,128,32,middle,True,True,0,20,40,"{""2"": 20}",0,20,0,0,
results\d5_formal\raw_r1\boot_03\batch_20260919T131829.172820Z_d9882b38.json.gz,20260919T131829.172820Z_d9882b38,4,f7aaa215-6074-4abe-9e1b-80af7b615811,d5_f7aaa215-6074-4abe-9e1b-80af7b615811_8603_6b758cb6,368,test:unloaded,normal,baseline,role_aggregate,20,128,32,middle,True,True,0,20,40,"{""2"": 20}",0,20,0,20,129
results\d5_formal\raw_r1\boot_03\batch_20260919T131831.217774Z_4b5ab3b8.json.gz,20260919T131831.217774Z_4b5ab3b8,4,f7aaa215-6074-4abe-9e1b-80af7b615811,d5_f7aaa215-6074-4abe-9e1b-80af7b615811_8603_6b758cb6,369,test:unloaded,normal,baseline,role_aggregate,20,128,32,middle,True,True,0,20,40,"{""2"": 20}",0,20,0,20,129
results\d5_formal\raw_r1\boot_03\batch_20260919T131833.270151Z_8a8a5ba9.json.gz,20260919T131833.270151Z_8a8a5ba9,4,f7aaa215-6074-4abe-9e1b-80af7b615811,d5_f7aaa215-6074-4abe-9e1b-80af7b615811_8603_6b758cb6,370,test:unloaded,normal,baseline,role_aggregate,20,128,32,middle,True,True,0,20,40,"{""2"": 20}",0,20,0,20,129
results\d5_formal\raw_r1\boot_03\batch_20260919T131835.388654Z_aac505a9.json.gz,20260919T131835.388654Z_aac505a9,4,f7aaa215-6074-4abe-9e1b-80af7b615811,d5_f7aaa215-6074-4abe-9e1b-80af7b615811_8603_6b758cb6,371,test:unloaded,normal,baseline,role_aggregate,20,128,32,middle,True,True,0,20,40,"{""2"": 20}",0,20,0,20,129
results\d5_formal\raw_r1\boot_03\batch_20260919T131837.652007Z_43571473.json.gz,20260919T131837.652007Z_43571473,4,f7aaa215-6074-4abe-9e1b-80af7b615811,d5_f7aaa215-6074-4abe-9e1b-80af7b615811_8603_6b758cb6,372,test:unloaded,normal,baseline,role_aggregate,20,128,32,middle,True,True,0,20,40,"{""2"": 20}",0,20,0,20,129
results\d5_formal\raw_r1\boot_03\batch_20260919T131839.878198Z_8f642d9b.json.gz,20260919T131839.878198Z_8f642d9b,4,f7aaa215-6074-4abe-9e1b-80af7b615811,d5_f7aaa215-6074-4abe-9e1b-80af7b615811_8603_6b758cb6,373,test:unloaded,normal,baseline,role_aggregate,20,128,32,middle,True,True,0,20,40,"{""2"": 20}",0,20,0,20,129
results\d5_formal\raw_r1\boot_03\batch_20260919T131841.930122Z_e342503b.json.gz,20260919T131841.930122Z_e342503b,4,f7aaa215-6074-4abe-9e1b-80af7b615811,d5_f7aaa215-6074-4abe-9e1b-80af7b615811_8603_6b758cb6,374,test:unloaded,normal,baseline,role_aggregate,20,128,32,middle,True,True,0,20,40,"{""2"": 20}",0,20,0,20,129
results\d5_formal\raw_r1\boot_03\batch_20260919T131844.025677Z_950dfbca.json.gz,20260919T131844.025677Z_950dfbca,4,f7aaa215-6074-4abe-9e1b-80af7b615811,d5_f7aaa215-6074-4abe-9e1b-80af7b615811_8603_6b758cb6,375,test:unloaded,normal,baseline,role_aggregate,20,128,32,middle,True,True,0,20,40,"{""2"": 20}",0,20,0,20,129
results\d5_formal\raw_r1\boot_03\batch_20260919T131846.124370Z_d8ae1cc9.json.gz,20260919T131846.124370Z_d8ae1cc9,4,f7aaa215-6074-4abe-9e1b-80af7b615811,d5_f7aaa215-6074-4abe-9e1b-80af7b615811_8603_6b758cb6,376,test:unloaded,normal,baseline,role_aggregate,20,128,32,middle,True,True,0,20,40,"{""2"": 20}",0,20,0,20,129
results\d5_formal\raw_r1\boot_03\batch_20260919T131848.330035Z_f08440c4.json.gz,20260919T131848.330035Z_f08440c4,4,f7aaa215-6074-4abe-9e1b-80af7b615811,d5_f7aaa215-6074-4abe-9e1b-80af7b615811_8603_6b758cb6,377,test:unloaded,normal,baseline,role_aggregate,20,128,32,middle,True,True,0,20,40,"{""2"": 20}",0,20,0,20,129
results\d5_formal\raw_r1\boot_03\batch_20260919T131850.359514Z_090a2e12.json.gz,20260919T131850.359514Z_090a2e12,4,f7aaa215-6074-4abe-9e1b-80af7b615811,d5_f7aaa215-6074-4abe-9e1b-80af7b615811_8603_6b758cb6,378,test:unloaded,normal,baseline,role_aggregate,20,128,32,middle,True,True,0,20,40,"{""2"": 20}",0,20,0,20,129
results\d5_formal\raw_r1\boot_03\batch_20260919T131852.389599Z_f0b442cd.json.gz,20260919T131852.389599Z_f0b442cd,4,f7aaa215-6074-4abe-9e1b-80af7b615811,d5_f7aaa215-6074-4abe-9e1b-80af7b615811_8603_6b758cb6,379,test:unloaded,normal,baseline,role_aggregate,20,128,32,middle,True,True,0,20,40,"{""2"": 20}",0,20,0,20,129
results\d5_formal\raw_r1\boot_03\batch_20260919T131854.504958Z_8e8b3cbf.json.gz,20260919T131854.504958Z_8e8b3cbf,4,f7aaa215-6074-4abe-9e1b-80af7b615811,d5_f7aaa215-6074-4abe-9e1b-80af7b615811_8603_6b758cb6,380,test:unloaded,normal,baseline,role_aggregate,20,128,32,middle,True,True,0,20,40,"{""2"": 20}",0,20,0,20,129
results\d5_formal\raw_r1\boot_03\batch_20260919T131856.606066Z_d12830dc.json.gz,20260919T131856.606066Z_d12830dc,4,f7aaa215-6074-4abe-9e1b-80af7b615811,d5_f7aaa215-6074-4abe-9e1b-80af7b615811_8603_6b758cb6,381,test:unloaded,normal,baseline,role_aggregate,20,128,32,middle,True,True,0,20,40,"{""2"": 20}",0,20,0,20,129
results\d5_formal\raw_r1\boot_03\batch_20260919T131858.674096Z_a4d7bc5b.json.gz,20260919T131858.674096Z_a4d7bc5b,4,f7aaa215-6074-4abe-9e1b-80af7b615811,d5_f7aaa215-6074-4abe-9e1b-80af7b615811_8603_6b758cb6,382,test:unloaded,normal,baseline,role_aggregate,20,128,32,middle,True,True,0,20,40,"{""2"": 20}",0,20,0,20,129
results\d5_formal\raw_r1\boot_03\batch_20260919T131900.912479Z_01f3be10.json.gz,20260919T131900.912479Z_01f3be10,4,f7aaa215-6074-4abe-9e1b-80af7b615811,d5_f7aaa215-6074-4abe-9e1b-80af7b615811_8603_6b758cb6,383,test:unloaded,normal,baseline,role_aggregate,20,128,32,middle,True,True,0,20,40,"{""2"": 20}",0,20,0,20,129
results\d5_formal\raw_r1\boot_03\batch_20260919T131902.993114Z_9f4ce0f5.json.gz,20260919T131902.993114Z_9f4ce0f5,4,f7aaa215-6074-4abe-9e1b-80af7b615811,d5_f7aaa215-6074-4abe-9e1b-80af7b615811_8603_6b758cb6,384,test:unloaded,normal,baseline,role_aggregate,20,128,32,middle,True,True,0,20,40,"{""2"": 20}",0,20,0,20,129
results\d5_formal\raw_r1\boot_03\batch_20260919T131905.016377Z_36e467ea.json.gz,20260919T131905.016377Z_36e467ea,4,f7aaa215-6074-4abe-9e1b-80af7b615811,d5_f7aaa215-6074-4abe-9e1b-80af7b615811_8603_6b758cb6,385,test:unloaded,normal,baseline,role_aggregate,20,128,32,middle,True,True,0,20,40,"{""2"": 20}",0,20,0,20,129
results\d5_formal\raw_r1\boot_03\batch_20260919T131907.077119Z_5974a5db.json.gz,20260919T131907.077119Z_5974a5db,4,f7aaa215-6074-4abe-9e1b-80af7b615811,d5_f7aaa215-6074-4abe-9e1b-80af7b615811_8603_6b758cb6,386,test:unloaded,normal,baseline,role_aggregate,20,128,32,middle,True,True,0,20,40,"{""2"": 20}",0,20,0,20,129
results\d5_formal\raw_r1\boot_03\batch_20260919T131909.088040Z_11666ac9.json.gz,20260919T131909.088040Z_11666ac9,4,f7aaa215-6074-4abe-9e1b-80af7b615811,d5_f7aaa215-6074-4abe-9e1b-80af7b615811_8603_6b758cb6,387,test:unloaded,normal,baseline,role_aggregate,20,128,32,middle,True,True,0,20,40,"{""2"": 20}",0,20,0,20,129
results\d5_formal\raw_r1\boot_03\batch_20260919T131911.134536Z_243eed94.json.gz,20260919T131911.134536Z_243eed94,4,f7aaa215-6074-4abe-9e1b-80af7b615811,d5_f7aaa215-6074-4abe-9e1b-80af7b615811_8603_6b758cb6,388,test:sham,normal,baseline,role_aggregate,20,128,32,middle,True,True,0,20,40,"{""2"": 20}",0,20,0,20,129
results\d5_formal\raw_r1\boot_03\batch_20260919T131913.222905Z_1678fd03.json.gz,20260919T131913.222905Z_1678fd03,4,f7aaa215-6074-4abe-9e1b-80af7b615811,d5_f7aaa215-6074-4abe-9e1b-80af7b615811_8603_6b758cb6,389,test:sham,normal,baseline,role_aggregate,20,128,32,middle,True,True,0,20,40,"{""2"": 20}",0,20,0,20,129
results\d5_formal\raw_r1\boot_03\batch_20260919T131915.304263Z_560535bf.json.gz,20260919T131915.304263Z_560535bf,4,f7aaa215-6074-4abe-9e1b-80af7b615811,d5_f7aaa215-6074-4abe-9e1b-80af7b615811_8603_6b758cb6,390,test:sham,normal,baseline,role_aggregate,20,128,32,middle,True,True,0,20,40,"{""2"": 20}",0,20,0,20,129
results\d5_formal\raw_r1\boot_03\batch_20260919T131917.440729Z_402ec181.json.gz,20260919T131917.440729Z_402ec181,4,f7aaa215-6074-4abe-9e1b-80af7b615811,d5_f7aaa215-6074-4abe-9e1b-80af7b615811_8603_6b758cb6,391,test:sham,normal,baseline,role_aggregate,20,128,32,middle,True,True,0,20,40,"{""2"": 20}",0,20,0,20,129
results\d5_formal\raw_r1\boot_03\batch_20260919T131919.604491Z_30b5bf57.json.gz,20260919T131919.604491Z_30b5bf57,4,f7aaa215-6074-4abe-9e1b-80af7b615811,d5_f7aaa215-6074-4abe-9e1b-80af7b615811_8603_6b758cb6,392,test:sham,normal,baseline,role_aggregate,20,128,32,middle,True,True,0,20,40,"{""2"": 20}",0,20,0,20,129
results\d5_formal\raw_r1\boot_03\batch_20260919T131921.846080Z_2eae61ad.json.gz,20260919T131921.846080Z_2eae61ad,4,f7aaa215-6074-4abe-9e1b-80af7b615811,d5_f7aaa215-6074-4abe-9e1b-80af7b615811_8603_6b758cb6,393,test:sham,normal,baseline,role_aggregate,20,128,32,middle,True,True,0,20,40,"{""2"": 20}",0,20,0,20,129
results\d5_formal\raw_r1\boot_03\batch_20260919T131923.915098Z_ecd34e72.json.gz,20260919T131923.915098Z_ecd34e72,4,f7aaa215-6074-4abe-9e1b-80af7b615811,d5_f7aaa215-6074-4abe-9e1b-80af7b615811_8603_6b758cb6,394,test:sham,normal,baseline,role_aggregate,20,128,32,middle,True,True,0,20,40,"{""2"": 20}",0,20,0,20,129
results\d5_formal\raw_r1\boot_03\batch_20260919T131925.975793Z_749c65bb.json.gz,20260919T131925.975793Z_749c65bb,4,f7aaa215-6074-4abe-9e1b-80af7b615811,d5_f7aaa215-6074-4abe-9e1b-80af7b615811_8603_6b758cb6,395,test:sham,normal,baseline,role_aggregate,20,128,32,middle,True,True,0,20,40,"{""2"": 20}",0,20,0,20,129
results\d5_formal\raw_r1\boot_03\batch_20260919T131928.146967Z_df787b07.json.gz,20260919T131928.146967Z_df787b07,4,f7aaa215-6074-4abe-9e1b-80af7b615811,d5_f7aaa215-6074-4abe-9e1b-80af7b615811_8603_6b758cb6,396,test:sham,normal,baseline,role_aggregate,20,128,32,middle,True,True,0,20,40,"{""2"": 20}",0,20,0,20,129
results\d5_formal\raw_r1\boot_03\batch_20260919T131930.306414Z_a609b25c.json.gz,20260919T131930.306414Z_a609b25c,4,f7aaa215-6074-4abe-9e1b-80af7b615811,d5_f7aaa215-6074-4abe-9e1b-80af7b615811_8603_6b758cb6,397,test:sham,normal,baseline,role_aggregate,20,128,32,middle,True,True,0,20,40,"{""2"": 20}",0,20,0,20,129
results\d5_formal\raw_r1\boot_03\batch_20260919T131938.523962Z_7b117fa5.json.gz,20260919T131938.523962Z_7b117fa5,4,f7aaa215-6074-4abe-9e1b-80af7b615811,d5_f7aaa215-6074-4abe-9e1b-80af7b615811_8603_6b758cb6,398,test:sham,normal,cpu,role_aggregate,20,128,32,middle,True,True,0,20,40,"{""2"": 20}",0,20,0,20,129
results\d5_formal\raw_r1\boot_03\batch_20260919T131946.791401Z_ce96db6a.json.gz,20260919T131946.791401Z_ce96db6a,4,f7aaa215-6074-4abe-9e1b-80af7b615811,d5_f7aaa215-6074-4abe-9e1b-80af7b615811_8603_6b758cb6,399,test:sham,normal,cpu,role_aggregate,20,128,32,middle,True,True,0,20,40,"{""2"": 20}",0,20,0,20,129
results\d5_formal\raw_r1\boot_03\batch_20260919T131955.096980Z_e3b5b13b.json.gz,20260919T131955.096980Z_e3b5b13b,4,f7aaa215-6074-4abe-9e1b-80af7b615811,d5_f7aaa215-6074-4abe-9e1b-80af7b615811_8603_6b758cb6,400,test:sham,normal,cpu,role_aggregate,20,128,32,middle,True,True,0,20,40,"{""2"": 20}",0,20,0,20,129
results\d5_formal\raw_r1\boot_03\batch_20260919T132003.321418Z_4c2ecaa1.json.gz,20260919T132003.321418Z_4c2ecaa1,4,f7aaa215-6074-4abe-9e1b-80af7b615811,d5_f7aaa215-6074-4abe-9e1b-80af7b615811_8603_6b758cb6,401,test:sham,normal,cpu,role_aggregate,20,128,32,middle,True,True,0,20,40,"{""2"": 20}",0,20,0,20,129
results\d5_formal\raw_r1\boot_03\batch_20260919T132011.540009Z_391da714.json.gz,20260919T132011.540009Z_391da714,4,f7aaa215-6074-4abe-9e1b-80af7b615811,d5_f7aaa215-6074-4abe-9e1b-80af7b615811_8603_6b758cb6,402,test:sham,normal,cpu,role_aggregate,20,128,32,middle,True,True,0,20,40,"{""2"": 20}",0,20,0,20,129
results\d5_formal\raw_r1\boot_03\batch_20260919T132020.122835Z_c3e0fdd0.json.gz,20260919T132020.122835Z_c3e0fdd0,4,f7aaa215-6074-4abe-9e1b-80af7b615811,d5_f7aaa215-6074-4abe-9e1b-80af7b615811_8603_6b758cb6,403,test:sham,normal,cpu,role_aggregate,20,128,32,middle,True,True,0,20,40,"{""2"": 20}",0,20,0,20,129
results\d5_formal\raw_r1\boot_03\batch_20260919T132028.435919Z_2534b26e.json.gz,20260919T132028.435919Z_2534b26e,4,f7aaa215-6074-4abe-9e1b-80af7b615811,d5_f7aaa215-6074-4abe-9e1b-80af7b615811_8603_6b758cb6,404,test:sham,normal,cpu,role_aggregate,20,128,32,middle,True,True,0,20,40,"{""2"": 20}",0,20,0,20,129
results\d5_formal\raw_r1\boot_03\batch_20260919T132036.742322Z_c681a7f9.json.gz,20260919T132036.742322Z_c681a7f9,4,f7aaa215-6074-4abe-9e1b-80af7b615811,d5_f7aaa215-6074-4abe-9e1b-80af7b615811_8603_6b758cb6,405,test:sham,normal,cpu,role_aggregate,20,128,32,middle,True,True,0,20,40,"{""2"": 20}",0,20,0,20,129
results\d5_formal\raw_r1\boot_03\batch_20260919T132044.946913Z_38cbdb39.json.gz,20260919T132044.946913Z_38cbdb39,4,f7aaa215-6074-4abe-9e1b-80af7b615811,d5_f7aaa215-6074-4abe-9e1b-80af7b615811_8603_6b758cb6,406,test:sham,normal,cpu,role_aggregate,20,128,32,middle,True,True,0,20,40,"{""2"": 20}",0,20,0,20,129
results\d5_formal\raw_r1\boot_03\batch_20260919T132053.217126Z_6267c2d4.json.gz,20260919T132053.217126Z_6267c2d4,4,f7aaa215-6074-4abe-9e1b-80af7b615811,d5_f7aaa215-6074-4abe-9e1b-80af7b615811_8603_6b758cb6,407,test:sham,normal,cpu,role_aggregate,20,128,32,middle,True,True,0,20,40,"{""2"": 20}",0,20,0,20,129
results\d5_formal\raw_r1\boot_04\batch_20260919T132114.118331Z_7b25ccc1.json.gz,20260919T132114.118331Z_7b25ccc1,4,78de548c-168e-47a4-b0a0-06fb0a2759b0,d5_78de548c-168e-47a4-b0a0-06fb0a2759b0_8604_2a6c1a24,0,calibration:sham,normal,baseline,role_aggregate,20,128,32,middle,True,True,0,20,40,"{""2"": 20}",0,20,0,20,129
results\d5_formal\raw_r1\boot_04\batch_20260919T132122.358221Z_14e10f63.json.gz,20260919T132122.358221Z_14e10f63,4,78de548c-168e-47a4-b0a0-06fb0a2759b0,d5_78de548c-168e-47a4-b0a0-06fb0a2759b0_8604_2a6c1a24,1,calibration:sham,normal,cpu,role_aggregate,20,128,32,middle,True,True,0,20,40,"{""2"": 20}",0,20,0,20,129
results\d5_formal\raw_r1\boot_04\batch_20260919T132124.451807Z_f97d7d43.json.gz,20260919T132124.451807Z_f97d7d43,4,78de548c-168e-47a4-b0a0-06fb0a2759b0,d5_78de548c-168e-47a4-b0a0-06fb0a2759b0_8604_2a6c1a24,2,calibration:sham,normal,baseline,role_aggregate,20,128,32,middle,True,True,0,20,40,"{""2"": 20}",0,20,0,20,129
results\d5_formal\raw_r1\boot_04\batch_20260919T132132.730614Z_1fe5b3f2.json.gz,20260919T132132.730614Z_1fe5b3f2,4,78de548c-168e-47a4-b0a0-06fb0a2759b0,d5_78de548c-168e-47a4-b0a0-06fb0a2759b0_8604_2a6c1a24,3,calibration:sham,normal,cpu,role_aggregate,20,128,32,middle,True,True,0,20,40,"{""2"": 20}",0,20,0,20,129
results\d5_formal\raw_r1\boot_04\batch_20260919T132134.807022Z_3fcf3ae0.json.gz,20260919T132134.807022Z_3fcf3ae0,4,78de548c-168e-47a4-b0a0-06fb0a2759b0,d5_78de548c-168e-47a4-b0a0-06fb0a2759b0_8604_2a6c1a24,4,calibration:sham,normal,baseline,role_aggregate,20,128,32,middle,True,True,0,20,40,"{""2"": 20}",0,20,0,20,129
results\d5_formal\raw_r1\boot_04\batch_20260919T132137.049373Z_91f68c2d.json.gz,20260919T132137.049373Z_91f68c2d,4,78de548c-168e-47a4-b0a0-06fb0a2759b0,d5_78de548c-168e-47a4-b0a0-06fb0a2759b0_8604_2a6c1a24,5,calibration:unloaded,normal,baseline,role_aggregate,20,128,32,middle,True,True,0,20,40,"{""2"": 20}",0,20,0,20,129
results\d5_formal\raw_r1\boot_04\batch_20260919T132145.360634Z_7d52f908.json.gz,20260919T132145.360634Z_7d52f908,4,78de548c-168e-47a4-b0a0-06fb0a2759b0,d5_78de548c-168e-47a4-b0a0-06fb0a2759b0_8604_2a6c1a24,6,calibration:sham,normal,cpu,role_aggregate,20,128,32,middle,True,True,0,20,40,"{""2"": 20}",0,20,0,20,129
results\d5_formal\raw_r1\boot_04\batch_20260919T132147.405281Z_45ad64bf.json.gz,20260919T132147.405281Z_45ad64bf,4,78de548c-168e-47a4-b0a0-06fb0a2759b0,d5_78de548c-168e-47a4-b0a0-06fb0a2759b0_8604_2a6c1a24,7,calibration:unloaded,normal,baseline,role_aggregate,20,128,32,middle,True,True,0,20,40,"{""2"": 20}",0,20,0,20,129
results\d5_formal\raw_r1\boot_04\batch_20260919T132149.523808Z_7d04f1e4.json.gz,20260919T132149.523808Z_7d04f1e4,4,78de548c-168e-47a4-b0a0-06fb0a2759b0,d5_78de548c-168e-47a4-b0a0-06fb0a2759b0_8604_2a6c1a24,8,calibration:sham,normal,baseline,role_aggregate,20,128,32,middle,True,True,0,20,40,"{""2"": 20}",0,20,0,20,129
results\d5_formal\raw_r1\boot_04\batch_20260919T132157.757552Z_fd592449.json.gz,20260919T132157.757552Z_fd592449,4,78de548c-168e-47a4-b0a0-06fb0a2759b0,d5_78de548c-168e-47a4-b0a0-06fb0a2759b0_8604_2a6c1a24,9,calibration:sham,normal,cpu,role_aggregate,20,128,32,middle,True,True,0,20,40,"{""2"": 20}",0,20,0,20,129
results\d5_formal\raw_r1\boot_04\batch_20260919T132205.948172Z_4219a150.json.gz,20260919T132205.948172Z_4219a150,4,78de548c-168e-47a4-b0a0-06fb0a2759b0,d5_78de548c-168e-47a4-b0a0-06fb0a2759b0_8604_2a6c1a24,10,calibration:sham,normal,cpu,role_aggregate,20,128,32,middle,True,True,0,20,40,"{""2"": 20}",0,20,0,20,129
results\d5_formal\raw_r1\boot_04\batch_20260919T132214.236616Z_8a04b57e.json.gz,20260919T132214.236616Z_8a04b57e,4,78de548c-168e-47a4-b0a0-06fb0a2759b0,d5_78de548c-168e-47a4-b0a0-06fb0a2759b0_8604_2a6c1a24,11,calibration:unloaded,normal,cpu,role_aggregate,20,128,32,middle,True,True,0,20,40,"{""2"": 20}",0,20,0,20,129
results\d5_formal\raw_r1\boot_04\batch_20260919T132216.337046Z_ad15bab8.json.gz,20260919T132216.337046Z_ad15bab8,4,78de548c-168e-47a4-b0a0-06fb0a2759b0,d5_78de548c-168e-47a4-b0a0-06fb0a2759b0_8604_2a6c1a24,12,calibration:sham,normal,baseline,role_aggregate,20,128,32,middle,True,True,0,20,40,"{""2"": 20}",0,20,0,20,129
results\d5_formal\raw_r1\boot_04\batch_20260919T132224.611235Z_81ec227a.json.gz,20260919T132224.611235Z_81ec227a,4,78de548c-168e-47a4-b0a0-06fb0a2759b0,d5_78de548c-168e-47a4-b0a0-06fb0a2759b0_8604_2a6c1a24,13,calibration:unloaded,normal,cpu,role_aggregate,20,128,32,middle,True,True,0,20,40,"{""2"": 20}",0,20,0,20,129
results\d5_formal\raw_r1\boot_04\batch_20260919T132232.768057Z_245e0b3d.json.gz,20260919T132232.768057Z_245e0b3d,4,78de548c-168e-47a4-b0a0-06fb0a2759b0,d5_78de548c-168e-47a4-b0a0-06fb0a2759b0_8604_2a6c1a24,14,calibration:unloaded,normal,cpu,role_aggregate,20,128,32,middle,True,True,0,20,40,"{""2"": 20}",0,20,0,20,129
results\d5_formal\raw_r1\boot_04\batch_20260919T132234.914147Z_377ce219.json.gz,20260919T132234.914147Z_377ce219,4,78de548c-168e-47a4-b0a0-06fb0a2759b0,d5_78de548c-168e-47a4-b0a0-06fb0a2759b0_8604_2a6c1a24,15,calibration:sham,normal,baseline,role_aggregate,20,128,32,middle,True,True,0,20,40,"{""2"": 20}",0,20,0,20,129
results\d5_formal\raw_r1\boot_04\batch_20260919T132243.190348Z_8d45113e.json.gz,20260919T132243.190348Z_8d45113e,4,78de548c-168e-47a4-b0a0-06fb0a2759b0,d5_78de548c-168e-47a4-b0a0-06fb0a2759b0_8604_2a6c1a24,16,calibration:unloaded,normal,cpu,role_aggregate,20,128,32,middle,True,True,0,20,40,"{""2"": 20}",0,20,0,20,129
results\d5_formal\raw_r1\boot_04\batch_20260919T132245.336914Z_57599f2c.json.gz,20260919T132245.336914Z_57599f2c,4,78de548c-168e-47a4-b0a0-06fb0a2759b0,d5_78de548c-168e-47a4-b0a0-06fb0a2759b0_8604_2a6c1a24,17,calibration:unloaded,normal,baseline,role_aggregate,20,128,32,middle,True,True,0,20,40,"{""2"": 20}",0,20,0,20,129
results\d5_formal\raw_r1\boot_04\batch_20260919T132247.477234Z_d54053cb.json.gz,20260919T132247.477234Z_d54053cb,4,78de548c-168e-47a4-b0a0-06fb0a2759b0,d5_78de548c-168e-47a4-b0a0-06fb0a2759b0_8604_2a6c1a24,18,calibration:sham,normal,baseline,role_aggregate,20,128,32,middle,True,True,0,20,40,"{""2"": 20}",0,20,0,20,129
results\d5_formal\raw_r1\boot_04\batch_20260919T132255.765847Z_1a6a8440.json.gz,20260919T132255.765847Z_1a6a8440,4,78de548c-168e-47a4-b0a0-06fb0a2759b0,d5_78de548c-168e-47a4-b0a0-06fb0a2759b0_8604_2a6c1a24,19,calibration:unloaded,normal,cpu,role_aggregate,20,128,32,middle,True,True,0,20,40,"{""2"": 20}",0,20,0,20,129
results\d5_formal\raw_r1\boot_04\batch_20260919T132303.940349Z_b95c3e6a.json.gz,20260919T132303.940349Z_b95c3e6a,4,78de548c-168e-47a4-b0a0-06fb0a2759b0,d5_78de548c-168e-47a4-b0a0-06fb0a2759b0_8604_2a6c1a24,20,calibration:unloaded,normal,cpu,role_aggregate,20,128,32,middle,True,True,0,20,40,"{""2"": 20}",0,20,0,20,129
results\d5_formal\raw_r1\boot_04\batch_20260919T132312.199273Z_ded1dccd.json.gz,20260919T132312.199273Z_ded1dccd,4,78de548c-168e-47a4-b0a0-06fb0a2759b0,d5_78de548c-168e-47a4-b0a0-06fb0a2759b0_8604_2a6c1a24,21,calibration:unloaded,normal,cpu,role_aggregate,20,128,32,middle,True,True,0,20,40,"{""2"": 20}",0,20,0,20,129
results\d5_formal\raw_r1\boot_04\batch_20260919T132314.281854Z_b9d0e27f.json.gz,20260919T132314.281854Z_b9d0e27f,4,78de548c-168e-47a4-b0a0-06fb0a2759b0,d5_78de548c-168e-47a4-b0a0-06fb0a2759b0_8604_2a6c1a24,22,calibration:sham,normal,baseline,role_aggregate,20,128,32,middle,True,True,0,20,40,"{""2"": 20}",0,20,0,20,129
results\d5_formal\raw_r1\boot_04\batch_20260919T132316.371391Z_322597f2.json.gz,20260919T132316.371391Z_322597f2,4,78de548c-168e-47a4-b0a0-06fb0a2759b0,d5_78de548c-168e-47a4-b0a0-06fb0a2759b0_8604_2a6c1a24,23,calibration:sham,normal,baseline,role_aggregate,20,128,32,middle,True,True,0,20,40,"{""2"": 20}",0,20,0,20,129
results\d5_formal\raw_r1\boot_04\batch_20260919T132324.621632Z_8d80975c.json.gz,20260919T132324.621632Z_8d80975c,4,78de548c-168e-47a4-b0a0-06fb0a2759b0,d5_78de548c-168e-47a4-b0a0-06fb0a2759b0_8604_2a6c1a24,24,calibration:unloaded,normal,cpu,role_aggregate,20,128,32,middle,True,True,0,20,40,"{""2"": 20}",0,20,0,20,129
results\d5_formal\raw_r1\boot_04\batch_20260919T132332.839249Z_8611b365.json.gz,20260919T132332.839249Z_8611b365,4,78de548c-168e-47a4-b0a0-06fb0a2759b0,d5_78de548c-168e-47a4-b0a0-06fb0a2759b0_8604_2a6c1a24,25,calibration:sham,normal,cpu,role_aggregate,20,128,32,middle,True,True,0,20,40,"{""2"": 20}",0,20,0,20,129
results\d5_formal\raw_r1\boot_04\batch_20260919T132334.898301Z_5df1bbd0.json.gz,20260919T132334.898301Z_5df1bbd0,4,78de548c-168e-47a4-b0a0-06fb0a2759b0,d5_78de548c-168e-47a4-b0a0-06fb0a2759b0_8604_2a6c1a24,26,calibration:unloaded,normal,baseline,role_aggregate,20,128,32,middle,True,True,0,20,40,"{""2"": 20}",0,20,0,20,129
results\d5_formal\raw_r1\boot_04\batch_20260919T132336.967044Z_98c8492a.json.gz,20260919T132336.967044Z_98c8492a,4,78de548c-168e-47a4-b0a0-06fb0a2759b0,d5_78de548c-168e-47a4-b0a0-06fb0a2759b0_8604_2a6c1a24,27,calibration:unloaded,normal,baseline,role_aggregate,20,128,32,middle,True,True,0,20,40,"{""2"": 20}",0,20,0,20,129
results\d5_formal\raw_r1\boot_04\batch_20260919T132339.086160Z_6c49d5de.json.gz,20260919T132339.086160Z_6c49d5de,4,78de548c-168e-47a4-b0a0-06fb0a2759b0,d5_78de548c-168e-47a4-b0a0-06fb0a2759b0_8604_2a6c1a24,28,calibration:sham,normal,baseline,role_aggregate,20,128,32,middle,True,True,0,20,40,"{""2"": 20}",0,20,0,20,129
results\d5_formal\raw_r1\boot_04\batch_20260919T132341.212275Z_74a9eb91.json.gz,20260919T132341.212275Z_74a9eb91,4,78de548c-168e-47a4-b0a0-06fb0a2759b0,d5_78de548c-168e-47a4-b0a0-06fb0a2759b0_8604_2a6c1a24,29,calibration:sham,normal,baseline,role_aggregate,20,128,32,middle,True,True,0,20,40,"{""2"": 20}",0,20,0,20,129
results\d5_formal\raw_r1\boot_04\batch_20260919T132343.259272Z_d0a5a119.json.gz,20260919T132343.259272Z_d0a5a119,4,78de548c-168e-47a4-b0a0-06fb0a2759b0,d5_78de548c-168e-47a4-b0a0-06fb0a2759b0_8604_2a6c1a24,30,calibration:unloaded,normal,baseline,role_aggregate,20,128,32,middle,True,True,0,20,40,"{""2"": 20}",0,20,0,20,129
results\d5_formal\raw_r1\boot_04\batch_20260919T132345.338149Z_a488ee76.json.gz,20260919T132345.338149Z_a488ee76,4,78de548c-168e-47a4-b0a0-06fb0a2759b0,d5_78de548c-168e-47a4-b0a0-06fb0a2759b0_8604_2a6c1a24,31,calibration:unloaded,normal,baseline,role_aggregate,20,128,32,middle,True,True,0,20,40,"{""2"": 20}",0,20,0,20,129
results\d5_formal\raw_r1\boot_04\batch_20260919T132353.625422Z_230a746a.json.gz,20260919T132353.625422Z_230a746a,4,78de548c-168e-47a4-b0a0-06fb0a2759b0,d5_78de548c-168e-47a4-b0a0-06fb0a2759b0_8604_2a6c1a24,32,calibration:sham,normal,cpu,role_aggregate,20,128,32,middle,True,True,0,20,40,"{""2"": 20}",0,20,0,20,129
results\d5_formal\raw_r1\boot_04\batch_20260919T132401.847013Z_396adc58.json.gz,20260919T132401.847013Z_396adc58,4,78de548c-168e-47a4-b0a0-06fb0a2759b0,d5_78de548c-168e-47a4-b0a0-06fb0a2759b0_8604_2a6c1a24,33,calibration:unloaded,normal,cpu,role_aggregate,20,128,32,middle,True,True,0,20,40,"{""2"": 20}",0,20,0,20,129
results\d5_formal\raw_r1\boot_04\batch_20260919T132410.014160Z_447009ad.json.gz,20260919T132410.014160Z_447009ad,4,78de548c-168e-47a4-b0a0-06fb0a2759b0,d5_78de548c-168e-47a4-b0a0-06fb0a2759b0_8604_2a6c1a24,34,calibration:sham,normal,cpu,role_aggregate,20,128,32,middle,True,True,0,20,40,"{""2"": 20}",0,20,0,20,129
results\d5_formal\raw_r1\boot_04\batch_20260919T132412.162989Z_886d44b1.json.gz,20260919T132412.162989Z_886d44b1,4,78de548c-168e-47a4-b0a0-06fb0a2759b0,d5_78de548c-168e-47a4-b0a0-06fb0a2759b0_8604_2a6c1a24,35,calibration:unloaded,normal,baseline,role_aggregate,20,128,32,middle,True,True,0,20,40,"{""2"": 20}",0,20,0,20,129
results\d5_formal\raw_r1\boot_04\batch_20260919T132420.321188Z_ea44ce64.json.gz,20260919T132420.321188Z_ea44ce64,4,78de548c-168e-47a4-b0a0-06fb0a2759b0,d5_78de548c-168e-47a4-b0a0-06fb0a2759b0_8604_2a6c1a24,36,calibration:unloaded,normal,cpu,role_aggregate,20,128,32,middle,True,True,0,20,40,"{""2"": 20}",0,20,0,20,129
results\d5_formal\raw_r1\boot_04\batch_20260919T132428.628141Z_c4bb6553.json.gz,20260919T132428.628141Z_c4bb6553,4,78de548c-168e-47a4-b0a0-06fb0a2759b0,d5_78de548c-168e-47a4-b0a0-06fb0a2759b0_8604_2a6c1a24,37,calibration:unloaded,normal,cpu,role_aggregate,20,128,32,middle,True,True,0,20,40,"{""2"": 20}",0,20,0,20,129
results\d5_formal\raw_r1\boot_04\batch_20260919T132430.737168Z_0e908670.json.gz,20260919T132430.737168Z_0e908670,4,78de548c-168e-47a4-b0a0-06fb0a2759b0,d5_78de548c-168e-47a4-b0a0-06fb0a2759b0_8604_2a6c1a24,38,calibration:unloaded,normal,baseline,role_aggregate,20,128,32,middle,True,True,0,20,40,"{""2"": 20}",0,20,0,20,129
results\d5_formal\raw_r1\boot_04\batch_20260919T132432.833171Z_efd44030.json.gz,20260919T132432.833171Z_efd44030,4,78de548c-168e-47a4-b0a0-06fb0a2759b0,d5_78de548c-168e-47a4-b0a0-06fb0a2759b0_8604_2a6c1a24,39,calibration:unloaded,normal,baseline,role_aggregate,20,128,32,middle,True,True,0,20,40,"{""2"": 20}",0,20,0,20,129
results\d5_formal\raw_r1\boot_04\batch_20260919T132440.988460Z_6237c536.json.gz,20260919T132440.988460Z_6237c536,4,78de548c-168e-47a4-b0a0-06fb0a2759b0,d5_78de548c-168e-47a4-b0a0-06fb0a2759b0_8604_2a6c1a24,40,calibration:sham,normal,cpu,role_aggregate,20,128,32,middle,True,True,0,20,40,"{""2"": 20}",0,20,0,20,129
results\d5_formal\raw_r1\boot_04\batch_20260919T132443.051728Z_4f413f8e.json.gz,20260919T132443.051728Z_4f413f8e,4,78de548c-168e-47a4-b0a0-06fb0a2759b0,d5_78de548c-168e-47a4-b0a0-06fb0a2759b0_8604_2a6c1a24,41,calibration:unloaded,normal,baseline,role_aggregate,20,128,32,middle,True,True,0,20,40,"{""2"": 20}",0,20,0,20,129
results\d5_formal\raw_r1\boot_04\batch_20260919T132445.209886Z_0d9933bd.json.gz,20260919T132445.209886Z_0d9933bd,4,78de548c-168e-47a4-b0a0-06fb0a2759b0,d5_78de548c-168e-47a4-b0a0-06fb0a2759b0_8604_2a6c1a24,42,calibration:sham,normal,baseline,role_aggregate,20,128,32,middle,True,True,0,20,40,"{""2"": 20}",0,20,0,20,129
results\d5_formal\raw_r1\boot_04\batch_20260919T132453.547946Z_b84f4309.json.gz,20260919T132453.547946Z_b84f4309,4,78de548c-168e-47a4-b0a0-06fb0a2759b0,d5_78de548c-168e-47a4-b0a0-06fb0a2759b0_8604_2a6c1a24,43,calibration:sham,normal,cpu,role_aggregate,20,128,32,middle,True,True,0,20,40,"{""2"": 20}",0,20,0,20,129
results\d5_formal\raw_r1\boot_04\batch_20260919T132501.824656Z_dee3b673.json.gz,20260919T132501.824656Z_dee3b673,4,78de548c-168e-47a4-b0a0-06fb0a2759b0,d5_78de548c-168e-47a4-b0a0-06fb0a2759b0_8604_2a6c1a24,44,calibration:sham,normal,cpu,role_aggregate,20,128,32,middle,True,True,0,20,40,"{""2"": 20}",0,20,0,20,129
results\d5_formal\raw_r1\boot_04\batch_20260919T132510.053599Z_66574462.json.gz,20260919T132510.053599Z_66574462,4,78de548c-168e-47a4-b0a0-06fb0a2759b0,d5_78de548c-168e-47a4-b0a0-06fb0a2759b0_8604_2a6c1a24,45,calibration:sham,normal,cpu,role_aggregate,20,128,32,middle,True,True,0,20,40,"{""2"": 20}",0,20,0,20,129
results\d5_formal\raw_r1\boot_04\batch_20260919T132518.337610Z_9172b6ff.json.gz,20260919T132518.337610Z_9172b6ff,4,78de548c-168e-47a4-b0a0-06fb0a2759b0,d5_78de548c-168e-47a4-b0a0-06fb0a2759b0_8604_2a6c1a24,46,calibration:unloaded,normal,cpu,role_aggregate,20,128,32,middle,True,True,0,20,40,"{""2"": 20}",0,20,0,20,129
results\d5_formal\raw_r1\boot_04\batch_20260919T132520.339968Z_e9350562.json.gz,20260919T132520.339968Z_e9350562,4,78de548c-168e-47a4-b0a0-06fb0a2759b0,d5_78de548c-168e-47a4-b0a0-06fb0a2759b0_8604_2a6c1a24,47,calibration:unloaded,normal,baseline,role_aggregate,20,128,32,middle,True,True,0,20,40,"{""2"": 20}",0,20,0,20,129
results\d5_formal\raw_r1\boot_04\batch_20260919T132522.453028Z_02c72619.json.gz,20260919T132522.453028Z_02c72619,4,78de548c-168e-47a4-b0a0-06fb0a2759b0,d5_78de548c-168e-47a4-b0a0-06fb0a2759b0_8604_2a6c1a24,48,test:unloaded,normal,baseline,role_aggregate,20,128,32,middle,True,True,0,20,40,"{""2"": 20}",0,20,0,20,129
results\d5_formal\raw_r1\boot_04\batch_20260919T132524.436268Z_c056ddd5.json.gz,20260919T132524.436268Z_c056ddd5,4,78de548c-168e-47a4-b0a0-06fb0a2759b0,d5_78de548c-168e-47a4-b0a0-06fb0a2759b0_8604_2a6c1a24,49,test:unloaded,normal,baseline,role_aggregate,20,128,32,middle,True,True,0,20,40,"{""2"": 20}",0,20,0,20,129
results\d5_formal\raw_r1\boot_04\batch_20260919T132526.442817Z_407b4f9b.json.gz,20260919T132526.442817Z_407b4f9b,4,78de548c-168e-47a4-b0a0-06fb0a2759b0,d5_78de548c-168e-47a4-b0a0-06fb0a2759b0_8604_2a6c1a24,50,test:unloaded,normal,baseline,role_aggregate,20,128,32,middle,True,True,0,20,40,"{""2"": 20}",0,20,0,20,129
results\d5_formal\raw_r1\boot_04\batch_20260919T132528.551421Z_f6ee219c.json.gz,20260919T132528.551421Z_f6ee219c,4,78de548c-168e-47a4-b0a0-06fb0a2759b0,d5_78de548c-168e-47a4-b0a0-06fb0a2759b0_8604_2a6c1a24,51,test:unloaded,normal,baseline,role_aggregate,20,128,32,middle,True,True,0,20,40,"{""2"": 20}",0,20,0,20,129
results\d5_formal\raw_r1\boot_04\batch_20260919T132530.553214Z_468a650a.json.gz,20260919T132530.553214Z_468a650a,4,78de548c-168e-47a4-b0a0-06fb0a2759b0,d5_78de548c-168e-47a4-b0a0-06fb0a2759b0_8604_2a6c1a24,52,test:unloaded,normal,baseline,role_aggregate,20,128,32,middle,True,True,0,20,40,"{""2"": 20}",0,20,0,20,129
results\d5_formal\raw_r1\boot_04\batch_20260919T132532.568132Z_b4807618.json.gz,20260919T132532.568132Z_b4807618,4,78de548c-168e-47a4-b0a0-06fb0a2759b0,d5_78de548c-168e-47a4-b0a0-06fb0a2759b0_8604_2a6c1a24,53,test:unloaded,normal,baseline,role_aggregate,20,128,32,middle,True,True,0,20,40,"{""2"": 20}",0,20,0,20,129
results\d5_formal\raw_r1\boot_04\batch_20260919T132534.537331Z_85cd7e7f.json.gz,20260919T132534.537331Z_85cd7e7f,4,78de548c-168e-47a4-b0a0-06fb0a2759b0,d5_78de548c-168e-47a4-b0a0-06fb0a2759b0_8604_2a6c1a24,54,test:unloaded,normal,baseline,role_aggregate,20,128,32,middle,True,True,0,20,40,"{""2"": 20}",0,20,0,20,129
results\d5_formal\raw_r1\boot_04\batch_20260919T132536.608843Z_0b2087c2.json.gz,20260919T132536.608843Z_0b2087c2,4,78de548c-168e-47a4-b0a0-06fb0a2759b0,d5_78de548c-168e-47a4-b0a0-06fb0a2759b0_8604_2a6c1a24,55,test:unloaded,normal,baseline,role_aggregate,20,128,32,middle,True,True,0,20,40,"{""2"": 20}",0,20,0,20,129
results\d5_formal\raw_r1\boot_04\batch_20260919T132538.619513Z_549b3cda.json.gz,20260919T132538.619513Z_549b3cda,4,78de548c-168e-47a4-b0a0-06fb0a2759b0,d5_78de548c-168e-47a4-b0a0-06fb0a2759b0_8604_2a6c1a24,56,test:unloaded,normal,baseline,role_aggregate,20,128,32,middle,True,True,0,20,40,"{""2"": 20}",0,20,0,20,129
results\d5_formal\raw_r1\boot_04\batch_20260919T132540.643596Z_263576d7.json.gz,20260919T132540.643596Z_263576d7,4,78de548c-168e-47a4-b0a0-06fb0a2759b0,d5_78de548c-168e-47a4-b0a0-06fb0a2759b0_8604_2a6c1a24,57,test:unloaded,normal,baseline,role_aggregate,20,128,32,middle,True,True,0,20,40,"{""2"": 20}",0,20,0,20,129
results\d5_formal\raw_r1\boot_04\batch_20260919T132542.693558Z_3f45fab8.json.gz,20260919T132542.693558Z_3f45fab8,4,78de548c-168e-47a4-b0a0-06fb0a2759b0,d5_78de548c-168e-47a4-b0a0-06fb0a2759b0_8604_2a6c1a24,58,test:unloaded,normal,baseline,role_aggregate,20,128,32,middle,True,True,0,20,40,"{""2"": 20}",0,20,0,20,129
results\d5_formal\raw_r1\boot_04\batch_20260919T132544.742567Z_a79c453c.json.gz,20260919T132544.742567Z_a79c453c,4,78de548c-168e-47a4-b0a0-06fb0a2759b0,d5_78de548c-168e-47a4-b0a0-06fb0a2759b0_8604_2a6c1a24,59,test:unloaded,normal,baseline,role_aggregate,20,128,32,middle,True,True,0,20,40,"{""2"": 20}",0,20,0,20,129
results\d5_formal\raw_r1\boot_04\batch_20260919T132546.785176Z_a30a3e26.json.gz,20260919T132546.785176Z_a30a3e26,4,78de548c-168e-47a4-b0a0-06fb0a2759b0,d5_78de548c-168e-47a4-b0a0-06fb0a2759b0_8604_2a6c1a24,60,test:unloaded,normal,baseline,role_aggregate,20,128,32,middle,True,True,0,20,40,"{""2"": 20}",0,20,0,20,129
results\d5_formal\raw_r1\boot_04\batch_20260919T132548.943352Z_5630ee22.json.gz,20260919T132548.943352Z_5630ee22,4,78de548c-168e-47a4-b0a0-06fb0a2759b0,d5_78de548c-168e-47a4-b0a0-06fb0a2759b0_8604_2a6c1a24,61,test:unloaded,normal,baseline,role_aggregate,20,128,32,middle,True,True,0,20,40,"{""2"": 20}",0,20,0,20,129
results\d5_formal\raw_r1\boot_04\batch_20260919T132550.988272Z_8dfbe222.json.gz,20260919T132550.988272Z_8dfbe222,4,78de548c-168e-47a4-b0a0-06fb0a2759b0,d5_78de548c-168e-47a4-b0a0-06fb0a2759b0_8604_2a6c1a24,62,test:unloaded,normal,baseline,role_aggregate,20,128,32,middle,True,True,0,20,40,"{""2"": 20}",0,20,0,20,129
results\d5_formal\raw_r1\boot_04\batch_20260919T132553.025643Z_3f3ed4cc.json.gz,20260919T132553.025643Z_3f3ed4cc,4,78de548c-168e-47a4-b0a0-06fb0a2759b0,d5_78de548c-168e-47a4-b0a0-06fb0a2759b0_8604_2a6c1a24,63,test:unloaded,normal,baseline,role_aggregate,20,128,32,middle,True,True,0,20,40,"{""2"": 20}",0,20,0,20,129
results\d5_formal\raw_r1\boot_04\batch_20260919T132555.021955Z_ab10985d.json.gz,20260919T132555.021955Z_ab10985d,4,78de548c-168e-47a4-b0a0-06fb0a2759b0,d5_78de548c-168e-47a4-b0a0-06fb0a2759b0_8604_2a6c1a24,64,test:unloaded,normal,baseline,role_aggregate,20,128,32,middle,True,True,0,20,40,"{""2"": 20}",0,20,0,20,129
results\d5_formal\raw_r1\boot_04\batch_20260919T132557.082726Z_fb1255b1.json.gz,20260919T132557.082726Z_fb1255b1,4,78de548c-168e-47a4-b0a0-06fb0a2759b0,d5_78de548c-168e-47a4-b0a0-06fb0a2759b0_8604_2a6c1a24,65,test:unloaded,normal,baseline,role_aggregate,20,128,32,middle,True,True,0,20,40,"{""2"": 20}",0,20,0,20,129
results\d5_formal\raw_r1\boot_04\batch_20260919T132559.082329Z_27bfe2b2.json.gz,20260919T132559.082329Z_27bfe2b2,4,78de548c-168e-47a4-b0a0-06fb0a2759b0,d5_78de548c-168e-47a4-b0a0-06fb0a2759b0_8604_2a6c1a24,66,test:unloaded,normal,baseline,role_aggregate,20,128,32,middle,True,True,0,20,40,"{""2"": 20}",0,20,0,20,129
results\d5_formal\raw_r1\boot_04\batch_20260919T132601.147279Z_a0edbc40.json.gz,20260919T132601.147279Z_a0edbc40,4,78de548c-168e-47a4-b0a0-06fb0a2759b0,d5_78de548c-168e-47a4-b0a0-06fb0a2759b0_8604_2a6c1a24,67,test:unloaded,normal,baseline,role_aggregate,20,128,32,middle,True,True,0,20,40,"{""2"": 20}",0,20,0,20,129
results\d5_formal\raw_r1\boot_04\batch_20260919T132609.324087Z_c5a8fea0.json.gz,20260919T132609.324087Z_c5a8fea0,4,78de548c-168e-47a4-b0a0-06fb0a2759b0,d5_78de548c-168e-47a4-b0a0-06fb0a2759b0_8604_2a6c1a24,68,test:unloaded,normal,cpu,role_aggregate,20,128,32,middle,True,True,0,20,40,"{""2"": 20}",0,20,0,20,129
results\d5_formal\raw_r1\boot_04\batch_20260919T132617.517961Z_d26f3e9a.json.gz,20260919T132617.517961Z_d26f3e9a,4,78de548c-168e-47a4-b0a0-06fb0a2759b0,d5_78de548c-168e-47a4-b0a0-06fb0a2759b0_8604_2a6c1a24,69,test:unloaded,normal,cpu,role_aggregate,20,128,32,middle,True,True,0,20,40,"{""2"": 20}",0,20,0,20,129
results\d5_formal\raw_r1\boot_04\batch_20260919T132625.765848Z_06229176.json.gz,20260919T132625.765848Z_06229176,4,78de548c-168e-47a4-b0a0-06fb0a2759b0,d5_78de548c-168e-47a4-b0a0-06fb0a2759b0_8604_2a6c1a24,70,test:unloaded,normal,cpu,role_aggregate,20,128,32,middle,True,True,0,20,40,"{""2"": 20}",0,20,0,20,129
results\d5_formal\raw_r1\boot_04\batch_20260919T132633.970198Z_b7867b92.json.gz,20260919T132633.970198Z_b7867b92,4,78de548c-168e-47a4-b0a0-06fb0a2759b0,d5_78de548c-168e-47a4-b0a0-06fb0a2759b0_8604_2a6c1a24,71,test:unloaded,normal,cpu,role_aggregate,20,128,32,middle,True,True,0,20,40,"{""2"": 20}",0,20,0,20,129
results\d5_formal\raw_r1\boot_04\batch_20260919T132642.160209Z_a168e677.json.gz,20260919T132642.160209Z_a168e677,4,78de548c-168e-47a4-b0a0-06fb0a2759b0,d5_78de548c-168e-47a4-b0a0-06fb0a2759b0_8604_2a6c1a24,72,test:unloaded,normal,cpu,role_aggregate,20,128,32,middle,True,True,0,20,40,"{""2"": 20}",0,20,0,20,129
results\d5_formal\raw_r1\boot_04\batch_20260919T132650.344884Z_6e88fff9.json.gz,20260919T132650.344884Z_6e88fff9,4,78de548c-168e-47a4-b0a0-06fb0a2759b0,d5_78de548c-168e-47a4-b0a0-06fb0a2759b0_8604_2a6c1a24,73,test:unloaded,normal,cpu,role_aggregate,20,128,32,middle,True,True,0,20,40,"{""2"": 20}",0,20,0,20,129
results\d5_formal\raw_r1\boot_04\batch_20260919T132658.727317Z_f533e635.json.gz,20260919T132658.727317Z_f533e635,4,78de548c-168e-47a4-b0a0-06fb0a2759b0,d5_78de548c-168e-47a4-b0a0-06fb0a2759b0_8604_2a6c1a24,74,test:unloaded,normal,cpu,role_aggregate,20,128,32,middle,True,True,0,20,40,"{""2"": 20}",0,20,0,20,129
results\d5_formal\raw_r1\boot_04\batch_20260919T132706.949244Z_292526b1.json.gz,20260919T132706.949244Z_292526b1,4,78de548c-168e-47a4-b0a0-06fb0a2759b0,d5_78de548c-168e-47a4-b0a0-06fb0a2759b0_8604_2a6c1a24,75,test:unloaded,normal,cpu,role_aggregate,20,128,32,middle,True,True,0,20,40,"{""2"": 20}",0,20,0,20,129
results\d5_formal\raw_r1\boot_04\batch_20260919T132715.149275Z_5a1d718c.json.gz,20260919T132715.149275Z_5a1d718c,4,78de548c-168e-47a4-b0a0-06fb0a2759b0,d5_78de548c-168e-47a4-b0a0-06fb0a2759b0_8604_2a6c1a24,76,test:unloaded,normal,cpu,role_aggregate,20,128,32,middle,True,True,0,20,40,"{""2"": 20}",0,20,0,20,129
results\d5_formal\raw_r1\boot_04\batch_20260919T132723.354238Z_6eb95cbb.json.gz,20260919T132723.354238Z_6eb95cbb,4,78de548c-168e-47a4-b0a0-06fb0a2759b0,d5_78de548c-168e-47a4-b0a0-06fb0a2759b0_8604_2a6c1a24,77,test:unloaded,normal,cpu,role_aggregate,20,128,32,middle,True,True,0,20,40,"{""2"": 20}",0,20,0,20,129
results\d5_formal\raw_r1\boot_04\batch_20260919T132731.481992Z_bbab9a23.json.gz,20260919T132731.481992Z_bbab9a23,4,78de548c-168e-47a4-b0a0-06fb0a2759b0,d5_78de548c-168e-47a4-b0a0-06fb0a2759b0_8604_2a6c1a24,78,test:unloaded,normal,cpu,role_aggregate,20,128,32,middle,True,True,0,20,40,"{""2"": 20}",0,20,0,20,129
results\d5_formal\raw_r1\boot_04\batch_20260919T132739.609895Z_83d80b00.json.gz,20260919T132739.609895Z_83d80b00,4,78de548c-168e-47a4-b0a0-06fb0a2759b0,d5_78de548c-168e-47a4-b0a0-06fb0a2759b0_8604_2a6c1a24,79,test:unloaded,normal,cpu,role_aggregate,20,128,32,middle,True,True,0,20,40,"{""2"": 20}",0,20,0,20,129
results\d5_formal\raw_r1\boot_04\batch_20260919T132747.841382Z_93ef47ac.json.gz,20260919T132747.841382Z_93ef47ac,4,78de548c-168e-47a4-b0a0-06fb0a2759b0,d5_78de548c-168e-47a4-b0a0-06fb0a2759b0_8604_2a6c1a24,80,test:unloaded,normal,cpu,role_aggregate,20,128,32,middle,True,True,0,20,40,"{""2"": 20}",0,20,0,20,129
results\d5_formal\raw_r1\boot_04\batch_20260919T132756.518124Z_b2d48231.json.gz,20260919T132756.518124Z_b2d48231,4,78de548c-168e-47a4-b0a0-06fb0a2759b0,d5_78de548c-168e-47a4-b0a0-06fb0a2759b0_8604_2a6c1a24,81,test:unloaded,normal,cpu,role_aggregate,20,128,32,middle,True,True,0,20,40,"{""2"": 20}",0,20,0,20,129
results\d5_formal\raw_r1\boot_04\batch_20260919T132804.633087Z_054b6a96.json.gz,20260919T132804.633087Z_054b6a96,4,78de548c-168e-47a4-b0a0-06fb0a2759b0,d5_78de548c-168e-47a4-b0a0-06fb0a2759b0_8604_2a6c1a24,82,test:unloaded,normal,cpu,role_aggregate,20,128,32,middle,True,True,0,20,40,"{""2"": 20}",0,20,0,20,129
results\d5_formal\raw_r1\boot_04\batch_20260919T132812.930431Z_677aa1a2.json.gz,20260919T132812.930431Z_677aa1a2,4,78de548c-168e-47a4-b0a0-06fb0a2759b0,d5_78de548c-168e-47a4-b0a0-06fb0a2759b0_8604_2a6c1a24,83,test:unloaded,normal,cpu,role_aggregate,20,128,32,middle,True,True,0,20,40,"{""2"": 20}",0,20,0,20,129
results\d5_formal\raw_r1\boot_04\batch_20260919T132821.092283Z_5ffb3674.json.gz,20260919T132821.092283Z_5ffb3674,4,78de548c-168e-47a4-b0a0-06fb0a2759b0,d5_78de548c-168e-47a4-b0a0-06fb0a2759b0_8604_2a6c1a24,84,test:unloaded,normal,cpu,role_aggregate,20,128,32,middle,True,True,0,20,40,"{""2"": 20}",0,20,0,20,129
results\d5_formal\raw_r1\boot_04\batch_20260919T132829.334099Z_2b2fb9f9.json.gz,20260919T132829.334099Z_2b2fb9f9,4,78de548c-168e-47a4-b0a0-06fb0a2759b0,d5_78de548c-168e-47a4-b0a0-06fb0a2759b0_8604_2a6c1a24,85,test:unloaded,normal,cpu,role_aggregate,20,128,32,middle,True,True,0,20,40,"{""2"": 20}",0,20,0,20,129
results\d5_formal\raw_r1\boot_04\batch_20260919T132837.570390Z_121d9989.json.gz,20260919T132837.570390Z_121d9989,4,78de548c-168e-47a4-b0a0-06fb0a2759b0,d5_78de548c-168e-47a4-b0a0-06fb0a2759b0_8604_2a6c1a24,86,test:unloaded,normal,cpu,role_aggregate,20,128,32,middle,True,True,0,20,40,"{""2"": 20}",0,20,0,20,129
results\d5_formal\raw_r1\boot_04\batch_20260919T132845.828860Z_5410ec45.json.gz,20260919T132845.828860Z_5410ec45,4,78de548c-168e-47a4-b0a0-06fb0a2759b0,d5_78de548c-168e-47a4-b0a0-06fb0a2759b0_8604_2a6c1a24,87,test:unloaded,normal,cpu,role_aggregate,20,128,32,middle,True,True,0,20,40,"{""2"": 20}",0,20,0,20,129
results\d5_formal\raw_r1\boot_04\batch_20260919T132854.061654Z_d9a61705.json.gz,20260919T132854.061654Z_d9a61705,4,78de548c-168e-47a4-b0a0-06fb0a2759b0,d5_78de548c-168e-47a4-b0a0-06fb0a2759b0_8604_2a6c1a24,88,test:unloaded,normal,cpu,role_aggregate,20,128,32,middle,True,True,0,20,40,"{""2"": 20}",0,20,0,20,129
results\d5_formal\raw_r1\boot_04\batch_20260919T132902.236822Z_32ce326a.json.gz,20260919T132902.236822Z_32ce326a,4,78de548c-168e-47a4-b0a0-06fb0a2759b0,d5_78de548c-168e-47a4-b0a0-06fb0a2759b0_8604_2a6c1a24,89,test:unloaded,normal,cpu,role_aggregate,20,128,32,middle,True,True,0,20,40,"{""2"": 20}",0,20,0,20,129
results\d5_formal\raw_r1\boot_04\batch_20260919T132910.485924Z_ddb0eb81.json.gz,20260919T132910.485924Z_ddb0eb81,4,78de548c-168e-47a4-b0a0-06fb0a2759b0,d5_78de548c-168e-47a4-b0a0-06fb0a2759b0_8604_2a6c1a24,90,test:unloaded,normal,cpu,role_aggregate,20,128,32,middle,True,True,0,20,40,"{""2"": 20}",0,20,0,20,129
results\d5_formal\raw_r1\boot_04\batch_20260919T132918.651146Z_552b6967.json.gz,20260919T132918.651146Z_552b6967,4,78de548c-168e-47a4-b0a0-06fb0a2759b0,d5_78de548c-168e-47a4-b0a0-06fb0a2759b0_8604_2a6c1a24,91,test:unloaded,normal,cpu,role_aggregate,20,128,32,middle,True,True,0,20,40,"{""2"": 20}",0,20,0,20,129
results\d5_formal\raw_r1\boot_04\batch_20260919T132926.783208Z_ca5d7a36.json.gz,20260919T132926.783208Z_ca5d7a36,4,78de548c-168e-47a4-b0a0-06fb0a2759b0,d5_78de548c-168e-47a4-b0a0-06fb0a2759b0_8604_2a6c1a24,92,test:unloaded,normal,cpu,role_aggregate,20,128,32,middle,True,True,0,20,40,"{""2"": 20}",0,20,0,20,129
results\d5_formal\raw_r1\boot_04\batch_20260919T132934.926788Z_0a8175f8.json.gz,20260919T132934.926788Z_0a8175f8,4,78de548c-168e-47a4-b0a0-06fb0a2759b0,d5_78de548c-168e-47a4-b0a0-06fb0a2759b0_8604_2a6c1a24,93,test:unloaded,normal,cpu,role_aggregate,20,128,32,middle,True,True,0,20,40,"{""2"": 20}",0,20,0,20,129
results\d5_formal\raw_r1\boot_04\batch_20260919T132943.715276Z_add528ea.json.gz,20260919T132943.715276Z_add528ea,4,78de548c-168e-47a4-b0a0-06fb0a2759b0,d5_78de548c-168e-47a4-b0a0-06fb0a2759b0_8604_2a6c1a24,94,test:unloaded,normal,cpu,role_aggregate,20,128,32,middle,True,True,0,20,40,"{""2"": 20}",0,20,0,20,129
results\d5_formal\raw_r1\boot_04\batch_20260919T132952.098211Z_0bae56de.json.gz,20260919T132952.098211Z_0bae56de,4,78de548c-168e-47a4-b0a0-06fb0a2759b0,d5_78de548c-168e-47a4-b0a0-06fb0a2759b0_8604_2a6c1a24,95,test:unloaded,normal,cpu,role_aggregate,20,128,32,middle,True,True,0,20,40,"{""2"": 20}",0,20,0,20,129
results\d5_formal\raw_r1\boot_04\batch_20260919T133000.678286Z_9b21e439.json.gz,20260919T133000.678286Z_9b21e439,4,78de548c-168e-47a4-b0a0-06fb0a2759b0,d5_78de548c-168e-47a4-b0a0-06fb0a2759b0_8604_2a6c1a24,96,test:unloaded,normal,cpu,role_aggregate,20,128,32,middle,True,True,0,20,40,"{""2"": 20}",0,20,0,20,129
results\d5_formal\raw_r1\boot_04\batch_20260919T133009.018448Z_735d9784.json.gz,20260919T133009.018448Z_735d9784,4,78de548c-168e-47a4-b0a0-06fb0a2759b0,d5_78de548c-168e-47a4-b0a0-06fb0a2759b0_8604_2a6c1a24,97,test:unloaded,normal,cpu,role_aggregate,20,128,32,middle,True,True,0,20,40,"{""2"": 20}",0,20,0,20,129
results\d5_formal\raw_r1\boot_04\batch_20260919T133017.161212Z_2c69fccb.json.gz,20260919T133017.161212Z_2c69fccb,4,78de548c-168e-47a4-b0a0-06fb0a2759b0,d5_78de548c-168e-47a4-b0a0-06fb0a2759b0_8604_2a6c1a24,98,test:unloaded,normal,cpu,role_aggregate,20,128,32,middle,True,True,0,20,40,"{""2"": 20}",0,20,0,20,129
results\d5_formal\raw_r1\boot_04\batch_20260919T133025.479598Z_e6c340f5.json.gz,20260919T133025.479598Z_e6c340f5,4,78de548c-168e-47a4-b0a0-06fb0a2759b0,d5_78de548c-168e-47a4-b0a0-06fb0a2759b0_8604_2a6c1a24,99,test:unloaded,normal,cpu,role_aggregate,20,128,32,middle,True,True,0,20,40,"{""2"": 20}",0,20,0,20,129
results\d5_formal\raw_r1\boot_04\batch_20260919T133033.625435Z_692214bc.json.gz,20260919T133033.625435Z_692214bc,4,78de548c-168e-47a4-b0a0-06fb0a2759b0,d5_78de548c-168e-47a4-b0a0-06fb0a2759b0_8604_2a6c1a24,100,test:unloaded,normal,cpu,role_aggregate,20,128,32,middle,True,True,0,20,40,"{""2"": 20}",0,20,0,20,129
results\d5_formal\raw_r1\boot_04\batch_20260919T133041.886296Z_cb3129db.json.gz,20260919T133041.886296Z_cb3129db,4,78de548c-168e-47a4-b0a0-06fb0a2759b0,d5_78de548c-168e-47a4-b0a0-06fb0a2759b0_8604_2a6c1a24,101,test:unloaded,normal,cpu,role_aggregate,20,128,32,middle,True,True,0,20,40,"{""2"": 20}",0,20,0,20,129
results\d5_formal\raw_r1\boot_04\batch_20260919T133050.081259Z_13e7f9ea.json.gz,20260919T133050.081259Z_13e7f9ea,4,78de548c-168e-47a4-b0a0-06fb0a2759b0,d5_78de548c-168e-47a4-b0a0-06fb0a2759b0_8604_2a6c1a24,102,test:unloaded,normal,cpu,role_aggregate,20,128,32,middle,True,True,0,20,40,"{""2"": 20}",0,20,0,20,129
results\d5_formal\raw_r1\boot_04\batch_20260919T133058.257795Z_4ca7aed4.json.gz,20260919T133058.257795Z_4ca7aed4,4,78de548c-168e-47a4-b0a0-06fb0a2759b0,d5_78de548c-168e-47a4-b0a0-06fb0a2759b0_8604_2a6c1a24,103,test:unloaded,normal,cpu,role_aggregate,20,128,32,middle,True,True,0,20,40,"{""2"": 20}",0,20,0,20,129
results\d5_formal\raw_r1\boot_04\batch_20260919T133106.389302Z_b8740cbb.json.gz,20260919T133106.389302Z_b8740cbb,4,78de548c-168e-47a4-b0a0-06fb0a2759b0,d5_78de548c-168e-47a4-b0a0-06fb0a2759b0_8604_2a6c1a24,104,test:unloaded,normal,cpu,role_aggregate,20,128,32,middle,True,True,0,20,40,"{""2"": 20}",0,20,0,20,129
results\d5_formal\raw_r1\boot_04\batch_20260919T133114.545402Z_9f4a0c95.json.gz,20260919T133114.545402Z_9f4a0c95,4,78de548c-168e-47a4-b0a0-06fb0a2759b0,d5_78de548c-168e-47a4-b0a0-06fb0a2759b0_8604_2a6c1a24,105,test:unloaded,normal,cpu,role_aggregate,20,128,32,middle,True,True,0,20,40,"{""2"": 20}",0,20,0,20,129
results\d5_formal\raw_r1\boot_04\batch_20260919T133122.659328Z_285805c9.json.gz,20260919T133122.659328Z_285805c9,4,78de548c-168e-47a4-b0a0-06fb0a2759b0,d5_78de548c-168e-47a4-b0a0-06fb0a2759b0_8604_2a6c1a24,106,test:unloaded,normal,cpu,role_aggregate,20,128,32,middle,True,True,0,20,40,"{""2"": 20}",0,20,0,20,129
results\d5_formal\raw_r1\boot_04\batch_20260919T133130.911124Z_cef677c8.json.gz,20260919T133130.911124Z_cef677c8,4,78de548c-168e-47a4-b0a0-06fb0a2759b0,d5_78de548c-168e-47a4-b0a0-06fb0a2759b0_8604_2a6c1a24,107,test:unloaded,normal,cpu,role_aggregate,20,128,32,middle,True,True,0,20,40,"{""2"": 20}",0,20,0,20,129
results\d5_formal\raw_r1\boot_04\batch_20260919T133133.986561Z_8601c7b2.json.gz,20260919T133133.986561Z_8601c7b2,4,78de548c-168e-47a4-b0a0-06fb0a2759b0,d5_78de548c-168e-47a4-b0a0-06fb0a2759b0_8604_2a6c1a24,108,test:unloaded,normal,memory,role_aggregate,20,128,32,middle,True,True,0,20,40,"{""2"": 20}",0,20,0,20,129
results\d5_formal\raw_r1\boot_04\batch_20260919T133137.168313Z_05a2d448.json.gz,20260919T133137.168313Z_05a2d448,4,78de548c-168e-47a4-b0a0-06fb0a2759b0,d5_78de548c-168e-47a4-b0a0-06fb0a2759b0_8604_2a6c1a24,109,test:unloaded,normal,memory,role_aggregate,20,128,32,middle,True,True,0,20,40,"{""2"": 20}",0,20,0,20,129
results\d5_formal\raw_r1\boot_04\batch_20260919T133140.242914Z_defe32a0.json.gz,20260919T133140.242914Z_defe32a0,4,78de548c-168e-47a4-b0a0-06fb0a2759b0,d5_78de548c-168e-47a4-b0a0-06fb0a2759b0_8604_2a6c1a24,110,test:unloaded,normal,memory,role_aggregate,20,128,32,middle,True,True,0,20,40,"{""2"": 20}",0,20,0,20,129
results\d5_formal\raw_r1\boot_04\batch_20260919T133143.339223Z_be3c69ea.json.gz,20260919T133143.339223Z_be3c69ea,4,78de548c-168e-47a4-b0a0-06fb0a2759b0,d5_78de548c-168e-47a4-b0a0-06fb0a2759b0_8604_2a6c1a24,111,test:unloaded,normal,memory,role_aggregate,20,128,32,middle,True,True,0,20,40,"{""2"": 20}",0,20,0,20,129
results\d5_formal\raw_r1\boot_04\batch_20260919T133146.518363Z_e0151f32.json.gz,20260919T133146.518363Z_e0151f32,4,78de548c-168e-47a4-b0a0-06fb0a2759b0,d5_78de548c-168e-47a4-b0a0-06fb0a2759b0_8604_2a6c1a24,112,test:unloaded,normal,memory,role_aggregate,20,128,32,middle,True,True,0,20,40,"{""2"": 20}",0,20,0,20,129
results\d5_formal\raw_r1\boot_04\batch_20260919T133149.707235Z_d44c200b.json.gz,20260919T133149.707235Z_d44c200b,4,78de548c-168e-47a4-b0a0-06fb0a2759b0,d5_78de548c-168e-47a4-b0a0-06fb0a2759b0_8604_2a6c1a24,113,test:unloaded,normal,memory,role_aggregate,20,128,32,middle,True,True,0,20,40,"{""2"": 20}",0,20,0,20,129
results\d5_formal\raw_r1\boot_04\batch_20260919T133152.864240Z_55f8f9b0.json.gz,20260919T133152.864240Z_55f8f9b0,4,78de548c-168e-47a4-b0a0-06fb0a2759b0,d5_78de548c-168e-47a4-b0a0-06fb0a2759b0_8604_2a6c1a24,114,test:unloaded,normal,memory,role_aggregate,20,128,32,middle,True,True,0,20,40,"{""2"": 20}",0,20,0,20,129
results\d5_formal\raw_r1\boot_04\batch_20260919T133156.064962Z_c30b3803.json.gz,20260919T133156.064962Z_c30b3803,4,78de548c-168e-47a4-b0a0-06fb0a2759b0,d5_78de548c-168e-47a4-b0a0-06fb0a2759b0_8604_2a6c1a24,115,test:unloaded,normal,memory,role_aggregate,20,128,32,middle,True,True,0,20,40,"{""2"": 20}",0,20,0,20,129
results\d5_formal\raw_r1\boot_04\batch_20260919T133159.379276Z_e2e5ddb2.json.gz,20260919T133159.379276Z_e2e5ddb2,4,78de548c-168e-47a4-b0a0-06fb0a2759b0,d5_78de548c-168e-47a4-b0a0-06fb0a2759b0_8604_2a6c1a24,116,test:unloaded,normal,memory,role_aggregate,20,128,32,middle,True,True,0,20,40,"{""2"": 20}",0,20,0,20,129
results\d5_formal\raw_r1\boot_04\batch_20260919T133202.520273Z_854298db.json.gz,20260919T133202.520273Z_854298db,4,78de548c-168e-47a4-b0a0-06fb0a2759b0,d5_78de548c-168e-47a4-b0a0-06fb0a2759b0_8604_2a6c1a24,117,test:unloaded,normal,memory,role_aggregate,20,128,32,middle,True,True,0,20,40,"{""2"": 20}",0,20,0,20,129
results\d5_formal\raw_r1\boot_04\batch_20260919T133205.576250Z_e226743d.json.gz,20260919T133205.576250Z_e226743d,4,78de548c-168e-47a4-b0a0-06fb0a2759b0,d5_78de548c-168e-47a4-b0a0-06fb0a2759b0_8604_2a6c1a24,118,test:unloaded,normal,memory,role_aggregate,20,128,32,middle,True,True,0,20,40,"{""2"": 20}",0,20,0,20,129
results\d5_formal\raw_r1\boot_04\batch_20260919T133208.633260Z_6e2148dd.json.gz,20260919T133208.633260Z_6e2148dd,4,78de548c-168e-47a4-b0a0-06fb0a2759b0,d5_78de548c-168e-47a4-b0a0-06fb0a2759b0_8604_2a6c1a24,119,test:unloaded,normal,memory,role_aggregate,20,128,32,middle,True,True,0,20,40,"{""2"": 20}",0,20,0,20,129
results\d5_formal\raw_r1\boot_04\batch_20260919T133211.768674Z_c2b81d28.json.gz,20260919T133211.768674Z_c2b81d28,4,78de548c-168e-47a4-b0a0-06fb0a2759b0,d5_78de548c-168e-47a4-b0a0-06fb0a2759b0_8604_2a6c1a24,120,test:unloaded,normal,memory,role_aggregate,20,128,32,middle,True,True,0,20,40,"{""2"": 20}",0,20,0,20,129
results\d5_formal\raw_r1\boot_04\batch_20260919T133214.860178Z_26cc74c7.json.gz,20260919T133214.860178Z_26cc74c7,4,78de548c-168e-47a4-b0a0-06fb0a2759b0,d5_78de548c-168e-47a4-b0a0-06fb0a2759b0_8604_2a6c1a24,121,test:unloaded,normal,memory,role_aggregate,20,128,32,middle,True,True,0,20,40,"{""2"": 20}",0,20,0,20,129
results\d5_formal\raw_r1\boot_04\batch_20260919T133217.967018Z_7ab02981.json.gz,20260919T133217.967018Z_7ab02981,4,78de548c-168e-47a4-b0a0-06fb0a2759b0,d5_78de548c-168e-47a4-b0a0-06fb0a2759b0_8604_2a6c1a24,122,test:unloaded,normal,memory,role_aggregate,20,128,32,middle,True,True,0,20,40,"{""2"": 20}",0,20,0,20,129
results\d5_formal\raw_r1\boot_04\batch_20260919T133221.151282Z_d30272b7.json.gz,20260919T133221.151282Z_d30272b7,4,78de548c-168e-47a4-b0a0-06fb0a2759b0,d5_78de548c-168e-47a4-b0a0-06fb0a2759b0_8604_2a6c1a24,123,test:unloaded,normal,memory,role_aggregate,20,128,32,middle,True,True,0,20,40,"{""2"": 20}",0,20,0,20,129
results\d5_formal\raw_r1\boot_04\batch_20260919T133224.305310Z_df708916.json.gz,20260919T133224.305310Z_df708916,4,78de548c-168e-47a4-b0a0-06fb0a2759b0,d5_78de548c-168e-47a4-b0a0-06fb0a2759b0_8604_2a6c1a24,124,test:unloaded,normal,memory,role_aggregate,20,128,32,middle,True,True,0,20,40,"{""2"": 20}",0,20,0,20,129
results\d5_formal\raw_r1\boot_04\batch_20260919T133227.430816Z_3085b5d3.json.gz,20260919T133227.430816Z_3085b5d3,4,78de548c-168e-47a4-b0a0-06fb0a2759b0,d5_78de548c-168e-47a4-b0a0-06fb0a2759b0_8604_2a6c1a24,125,test:unloaded,normal,memory,role_aggregate,20,128,32,middle,True,True,0,20,40,"{""2"": 20}",0,20,0,20,129
results\d5_formal\raw_r1\boot_04\batch_20260919T133230.493409Z_d50c8332.json.gz,20260919T133230.493409Z_d50c8332,4,78de548c-168e-47a4-b0a0-06fb0a2759b0,d5_78de548c-168e-47a4-b0a0-06fb0a2759b0_8604_2a6c1a24,126,test:unloaded,normal,memory,role_aggregate,20,128,32,middle,True,True,0,20,40,"{""2"": 20}",0,20,0,20,129
results\d5_formal\raw_r1\boot_04\batch_20260919T133233.634251Z_5ba7e7bc.json.gz,20260919T133233.634251Z_5ba7e7bc,4,78de548c-168e-47a4-b0a0-06fb0a2759b0,d5_78de548c-168e-47a4-b0a0-06fb0a2759b0_8604_2a6c1a24,127,test:unloaded,normal,memory,role_aggregate,20,128,32,middle,True,True,0,20,40,"{""2"": 20}",0,20,0,20,129
results\d5_formal\raw_r1\boot_04\batch_20260919T133236.745122Z_5cde9979.json.gz,20260919T133236.745122Z_5cde9979,4,78de548c-168e-47a4-b0a0-06fb0a2759b0,d5_78de548c-168e-47a4-b0a0-06fb0a2759b0_8604_2a6c1a24,128,test:unloaded,normal,memory,role_aggregate,20,128,32,middle,True,True,0,20,40,"{""2"": 20}",0,20,0,20,129
results\d5_formal\raw_r1\boot_04\batch_20260919T133239.870256Z_355552c9.json.gz,20260919T133239.870256Z_355552c9,4,78de548c-168e-47a4-b0a0-06fb0a2759b0,d5_78de548c-168e-47a4-b0a0-06fb0a2759b0_8604_2a6c1a24,129,test:unloaded,normal,memory,role_aggregate,20,128,32,middle,True,True,0,20,40,"{""2"": 20}",0,20,0,20,129
results\d5_formal\raw_r1\boot_04\batch_20260919T133242.959987Z_a524f8e4.json.gz,20260919T133242.959987Z_a524f8e4,4,78de548c-168e-47a4-b0a0-06fb0a2759b0,d5_78de548c-168e-47a4-b0a0-06fb0a2759b0_8604_2a6c1a24,130,test:unloaded,normal,memory,role_aggregate,20,128,32,middle,True,True,0,20,40,"{""2"": 20}",0,20,0,20,129
results\d5_formal\raw_r1\boot_04\batch_20260919T133246.198860Z_aa1219f8.json.gz,20260919T133246.198860Z_aa1219f8,4,78de548c-168e-47a4-b0a0-06fb0a2759b0,d5_78de548c-168e-47a4-b0a0-06fb0a2759b0_8604_2a6c1a24,131,test:unloaded,normal,memory,role_aggregate,20,128,32,middle,True,True,0,20,40,"{""2"": 20}",0,20,0,20,129
results\d5_formal\raw_r1\boot_04\batch_20260919T133249.389918Z_98f1ef8b.json.gz,20260919T133249.389918Z_98f1ef8b,4,78de548c-168e-47a4-b0a0-06fb0a2759b0,d5_78de548c-168e-47a4-b0a0-06fb0a2759b0_8604_2a6c1a24,132,test:unloaded,normal,memory,role_aggregate,20,128,32,middle,True,True,0,20,40,"{""2"": 20}",0,20,0,20,129
results\d5_formal\raw_r1\boot_04\batch_20260919T133252.600311Z_c27529f4.json.gz,20260919T133252.600311Z_c27529f4,4,78de548c-168e-47a4-b0a0-06fb0a2759b0,d5_78de548c-168e-47a4-b0a0-06fb0a2759b0_8604_2a6c1a24,133,test:unloaded,normal,memory,role_aggregate,20,128,32,middle,True,True,0,20,40,"{""2"": 20}",0,20,0,20,129
results\d5_formal\raw_r1\boot_04\batch_20260919T133255.821195Z_c25cb269.json.gz,20260919T133255.821195Z_c25cb269,4,78de548c-168e-47a4-b0a0-06fb0a2759b0,d5_78de548c-168e-47a4-b0a0-06fb0a2759b0_8604_2a6c1a24,134,test:unloaded,normal,memory,role_aggregate,20,128,32,middle,True,True,0,20,40,"{""2"": 20}",0,20,0,20,129
results\d5_formal\raw_r1\boot_04\batch_20260919T133259.140127Z_18dc1e85.json.gz,20260919T133259.140127Z_18dc1e85,4,78de548c-168e-47a4-b0a0-06fb0a2759b0,d5_78de548c-168e-47a4-b0a0-06fb0a2759b0_8604_2a6c1a24,135,test:unloaded,normal,memory,role_aggregate,20,128,32,middle,True,True,0,20,40,"{""2"": 20}",0,20,0,20,129
results\d5_formal\raw_r1\boot_04\batch_20260919T133302.293206Z_688eb6d1.json.gz,20260919T133302.293206Z_688eb6d1,4,78de548c-168e-47a4-b0a0-06fb0a2759b0,d5_78de548c-168e-47a4-b0a0-06fb0a2759b0_8604_2a6c1a24,136,test:unloaded,normal,memory,role_aggregate,20,128,32,middle,True,True,0,20,40,"{""2"": 20}",0,20,0,20,129
results\d5_formal\raw_r1\boot_04\batch_20260919T133305.470895Z_d42d2371.json.gz,20260919T133305.470895Z_d42d2371,4,78de548c-168e-47a4-b0a0-06fb0a2759b0,d5_78de548c-168e-47a4-b0a0-06fb0a2759b0_8604_2a6c1a24,137,test:unloaded,normal,memory,role_aggregate,20,128,32,middle,True,True,0,20,40,"{""2"": 20}",0,20,0,20,129
results\d5_formal\raw_r1\boot_04\batch_20260919T133308.635825Z_17d23cbd.json.gz,20260919T133308.635825Z_17d23cbd,4,78de548c-168e-47a4-b0a0-06fb0a2759b0,d5_78de548c-168e-47a4-b0a0-06fb0a2759b0_8604_2a6c1a24,138,test:unloaded,normal,memory,role_aggregate,20,128,32,middle,True,True,0,20,40,"{""2"": 20}",0,20,0,20,129
results\d5_formal\raw_r1\boot_04\batch_20260919T133311.749162Z_0fe6ef45.json.gz,20260919T133311.749162Z_0fe6ef45,4,78de548c-168e-47a4-b0a0-06fb0a2759b0,d5_78de548c-168e-47a4-b0a0-06fb0a2759b0_8604_2a6c1a24,139,test:unloaded,normal,memory,role_aggregate,20,128,32,middle,True,True,0,20,40,"{""2"": 20}",0,20,0,20,129
results\d5_formal\raw_r1\boot_04\batch_20260919T133315.032787Z_dcc57c08.json.gz,20260919T133315.032787Z_dcc57c08,4,78de548c-168e-47a4-b0a0-06fb0a2759b0,d5_78de548c-168e-47a4-b0a0-06fb0a2759b0_8604_2a6c1a24,140,test:unloaded,normal,memory,role_aggregate,20,128,32,middle,True,True,0,20,40,"{""2"": 20}",0,20,0,20,129
results\d5_formal\raw_r1\boot_04\batch_20260919T133318.168069Z_185f9d0d.json.gz,20260919T133318.168069Z_185f9d0d,4,78de548c-168e-47a4-b0a0-06fb0a2759b0,d5_78de548c-168e-47a4-b0a0-06fb0a2759b0_8604_2a6c1a24,141,test:unloaded,normal,memory,role_aggregate,20,128,32,middle,True,True,0,20,40,"{""2"": 20}",0,20,0,20,129
results\d5_formal\raw_r1\boot_04\batch_20260919T133321.198985Z_166d91ab.json.gz,20260919T133321.198985Z_166d91ab,4,78de548c-168e-47a4-b0a0-06fb0a2759b0,d5_78de548c-168e-47a4-b0a0-06fb0a2759b0_8604_2a6c1a24,142,test:unloaded,normal,memory,role_aggregate,20,128,32,middle,True,True,0,20,40,"{""2"": 20}",0,20,0,20,129
results\d5_formal\raw_r1\boot_04\batch_20260919T133324.242823Z_9c0e282c.json.gz,20260919T133324.242823Z_9c0e282c,4,78de548c-168e-47a4-b0a0-06fb0a2759b0,d5_78de548c-168e-47a4-b0a0-06fb0a2759b0_8604_2a6c1a24,143,test:unloaded,normal,memory,role_aggregate,20,128,32,middle,True,True,0,20,40,"{""2"": 20}",0,20,0,20,129
results\d5_formal\raw_r1\boot_04\batch_20260919T133327.376383Z_7e6f284b.json.gz,20260919T133327.376383Z_7e6f284b,4,78de548c-168e-47a4-b0a0-06fb0a2759b0,d5_78de548c-168e-47a4-b0a0-06fb0a2759b0_8604_2a6c1a24,144,test:unloaded,normal,memory,role_aggregate,20,128,32,middle,True,True,0,20,40,"{""2"": 20}",0,20,0,20,129
results\d5_formal\raw_r1\boot_04\batch_20260919T133330.556944Z_2d0bfb8c.json.gz,20260919T133330.556944Z_2d0bfb8c,4,78de548c-168e-47a4-b0a0-06fb0a2759b0,d5_78de548c-168e-47a4-b0a0-06fb0a2759b0_8604_2a6c1a24,145,test:unloaded,normal,memory,role_aggregate,20,128,32,middle,True,True,0,20,40,"{""2"": 20}",0,20,0,20,129
results\d5_formal\raw_r1\boot_04\batch_20260919T133333.621868Z_ed78b6d9.json.gz,20260919T133333.621868Z_ed78b6d9,4,78de548c-168e-47a4-b0a0-06fb0a2759b0,d5_78de548c-168e-47a4-b0a0-06fb0a2759b0_8604_2a6c1a24,146,test:unloaded,normal,memory,role_aggregate,20,128,32,middle,True,True,0,20,40,"{""2"": 20}",0,20,0,20,129
results\d5_formal\raw_r1\boot_04\batch_20260919T133336.817667Z_b0d90fd9.json.gz,20260919T133336.817667Z_b0d90fd9,4,78de548c-168e-47a4-b0a0-06fb0a2759b0,d5_78de548c-168e-47a4-b0a0-06fb0a2759b0_8604_2a6c1a24,147,test:unloaded,normal,memory,role_aggregate,20,128,32,middle,True,True,0,20,40,"{""2"": 20}",0,20,0,20,129
results\d5_formal\raw_r1\boot_04\batch_20260919T133345.009103Z_41206073.json.gz,20260919T133345.009103Z_41206073,4,78de548c-168e-47a4-b0a0-06fb0a2759b0,d5_78de548c-168e-47a4-b0a0-06fb0a2759b0_8604_2a6c1a24,148,test:unloaded,normal,mixed,role_aggregate,20,128,32,middle,True,True,0,20,40,"{""2"": 20}",0,20,0,20,129
results\d5_formal\raw_r1\boot_04\batch_20260919T133353.192402Z_7d987456.json.gz,20260919T133353.192402Z_7d987456,4,78de548c-168e-47a4-b0a0-06fb0a2759b0,d5_78de548c-168e-47a4-b0a0-06fb0a2759b0_8604_2a6c1a24,149,test:unloaded,normal,mixed,role_aggregate,20,128,32,middle,True,True,0,20,40,"{""2"": 20}",0,20,0,20,129
results\d5_formal\raw_r1\boot_04\batch_20260919T133401.338261Z_d2563c85.json.gz,20260919T133401.338261Z_d2563c85,4,78de548c-168e-47a4-b0a0-06fb0a2759b0,d5_78de548c-168e-47a4-b0a0-06fb0a2759b0_8604_2a6c1a24,150,test:unloaded,normal,mixed,role_aggregate,20,128,32,middle,True,True,0,20,40,"{""2"": 20}",0,20,0,20,129
results\d5_formal\raw_r1\boot_04\batch_20260919T133409.578731Z_8133a250.json.gz,20260919T133409.578731Z_8133a250,4,78de548c-168e-47a4-b0a0-06fb0a2759b0,d5_78de548c-168e-47a4-b0a0-06fb0a2759b0_8604_2a6c1a24,151,test:unloaded,normal,mixed,role_aggregate,20,128,32,middle,True,True,0,20,40,"{""2"": 20}",0,20,0,20,129
results\d5_formal\raw_r1\boot_04\batch_20260919T133417.755512Z_fd9c0044.json.gz,20260919T133417.755512Z_fd9c0044,4,78de548c-168e-47a4-b0a0-06fb0a2759b0,d5_78de548c-168e-47a4-b0a0-06fb0a2759b0_8604_2a6c1a24,152,test:unloaded,normal,mixed,role_aggregate,20,128,32,middle,True,True,0,20,40,"{""2"": 20}",0,20,0,20,129
results\d5_formal\raw_r1\boot_04\batch_20260919T133425.936221Z_cb26677b.json.gz,20260919T133425.936221Z_cb26677b,4,78de548c-168e-47a4-b0a0-06fb0a2759b0,d5_78de548c-168e-47a4-b0a0-06fb0a2759b0_8604_2a6c1a24,153,test:unloaded,normal,mixed,role_aggregate,20,128,32,middle,True,True,0,20,40,"{""2"": 20}",0,20,0,20,129
results\d5_formal\raw_r1\boot_04\batch_20260919T133434.170905Z_2cf5b2f3.json.gz,20260919T133434.170905Z_2cf5b2f3,4,78de548c-168e-47a4-b0a0-06fb0a2759b0,d5_78de548c-168e-47a4-b0a0-06fb0a2759b0_8604_2a6c1a24,154,test:unloaded,normal,mixed,role_aggregate,20,128,32,middle,True,True,0,20,40,"{""2"": 20}",0,20,0,20,129
results\d5_formal\raw_r1\boot_04\batch_20260919T133442.426080Z_c53c9b44.json.gz,20260919T133442.426080Z_c53c9b44,4,78de548c-168e-47a4-b0a0-06fb0a2759b0,d5_78de548c-168e-47a4-b0a0-06fb0a2759b0_8604_2a6c1a24,155,test:unloaded,normal,mixed,role_aggregate,20,128,32,middle,True,True,0,20,40,"{""2"": 20}",0,20,0,20,129
results\d5_formal\raw_r1\boot_04\batch_20260919T133450.594975Z_85756b00.json.gz,20260919T133450.594975Z_85756b00,4,78de548c-168e-47a4-b0a0-06fb0a2759b0,d5_78de548c-168e-47a4-b0a0-06fb0a2759b0_8604_2a6c1a24,156,test:unloaded,normal,mixed,role_aggregate,20,128,32,middle,True,True,0,20,40,"{""2"": 20}",0,20,0,20,129
results\d5_formal\raw_r1\boot_04\batch_20260919T133459.334386Z_532d09f5.json.gz,20260919T133459.334386Z_532d09f5,4,78de548c-168e-47a4-b0a0-06fb0a2759b0,d5_78de548c-168e-47a4-b0a0-06fb0a2759b0_8604_2a6c1a24,157,test:unloaded,normal,mixed,role_aggregate,20,128,32,middle,True,True,0,20,40,"{""2"": 20}",0,20,0,20,129
results\d5_formal\raw_r1\boot_04\batch_20260919T133507.723113Z_dcacd763.json.gz,20260919T133507.723113Z_dcacd763,4,78de548c-168e-47a4-b0a0-06fb0a2759b0,d5_78de548c-168e-47a4-b0a0-06fb0a2759b0_8604_2a6c1a24,158,test:unloaded,normal,mixed,role_aggregate,20,128,32,middle,True,True,0,20,40,"{""2"": 20}",0,20,0,20,129
results\d5_formal\raw_r1\boot_04\batch_20260919T133515.994051Z_4703c8d4.json.gz,20260919T133515.994051Z_4703c8d4,4,78de548c-168e-47a4-b0a0-06fb0a2759b0,d5_78de548c-168e-47a4-b0a0-06fb0a2759b0_8604_2a6c1a24,159,test:unloaded,normal,mixed,role_aggregate,20,128,32,middle,True,True,0,20,40,"{""2"": 20}",0,20,0,20,129
results\d5_formal\raw_r1\boot_04\batch_20260919T133524.302090Z_a09440ac.json.gz,20260919T133524.302090Z_a09440ac,4,78de548c-168e-47a4-b0a0-06fb0a2759b0,d5_78de548c-168e-47a4-b0a0-06fb0a2759b0_8604_2a6c1a24,160,test:unloaded,normal,mixed,role_aggregate,20,128,32,middle,True,True,0,20,40,"{""2"": 20}",0,20,0,20,129
results\d5_formal\raw_r1\boot_04\batch_20260919T133532.530966Z_780bd4b6.json.gz,20260919T133532.530966Z_780bd4b6,4,78de548c-168e-47a4-b0a0-06fb0a2759b0,d5_78de548c-168e-47a4-b0a0-06fb0a2759b0_8604_2a6c1a24,161,test:unloaded,normal,mixed,role_aggregate,20,128,32,middle,True,True,0,20,40,"{""2"": 20}",0,20,0,20,129
results\d5_formal\raw_r1\boot_04\batch_20260919T133540.855806Z_17e7e937.json.gz,20260919T133540.855806Z_17e7e937,4,78de548c-168e-47a4-b0a0-06fb0a2759b0,d5_78de548c-168e-47a4-b0a0-06fb0a2759b0_8604_2a6c1a24,162,test:unloaded,normal,mixed,role_aggregate,20,128,32,middle,True,True,0,20,40,"{""2"": 20}",0,20,0,20,129
results\d5_formal\raw_r1\boot_04\batch_20260919T133549.170028Z_1f7d903c.json.gz,20260919T133549.170028Z_1f7d903c,4,78de548c-168e-47a4-b0a0-06fb0a2759b0,d5_78de548c-168e-47a4-b0a0-06fb0a2759b0_8604_2a6c1a24,163,test:unloaded,normal,mixed,role_aggregate,20,128,32,middle,True,True,0,20,40,"{""2"": 20}",0,20,0,20,129
results\d5_formal\raw_r1\boot_04\batch_20260919T133557.614444Z_58f914dc.json.gz,20260919T133557.614444Z_58f914dc,4,78de548c-168e-47a4-b0a0-06fb0a2759b0,d5_78de548c-168e-47a4-b0a0-06fb0a2759b0_8604_2a6c1a24,164,test:unloaded,normal,mixed,role_aggregate,20,128,32,middle,True,True,0,20,40,"{""2"": 20}",0,20,0,20,129
results\d5_formal\raw_r1\boot_04\batch_20260919T133605.882776Z_d4de6b02.json.gz,20260919T133605.882776Z_d4de6b02,4,78de548c-168e-47a4-b0a0-06fb0a2759b0,d5_78de548c-168e-47a4-b0a0-06fb0a2759b0_8604_2a6c1a24,165,test:unloaded,normal,mixed,role_aggregate,20,128,32,middle,True,True,0,20,40,"{""2"": 20}",0,20,0,20,129
results\d5_formal\raw_r1\boot_04\batch_20260919T133614.284386Z_7a71e962.json.gz,20260919T133614.284386Z_7a71e962,4,78de548c-168e-47a4-b0a0-06fb0a2759b0,d5_78de548c-168e-47a4-b0a0-06fb0a2759b0_8604_2a6c1a24,166,test:unloaded,normal,mixed,role_aggregate,20,128,32,middle,True,True,0,20,40,"{""2"": 20}",0,20,0,20,129
results\d5_formal\raw_r1\boot_04\batch_20260919T133622.567726Z_0185f19e.json.gz,20260919T133622.567726Z_0185f19e,4,78de548c-168e-47a4-b0a0-06fb0a2759b0,d5_78de548c-168e-47a4-b0a0-06fb0a2759b0_8604_2a6c1a24,167,test:unloaded,normal,mixed,role_aggregate,20,128,32,middle,True,True,0,20,40,"{""2"": 20}",0,20,0,20,129
results\d5_formal\raw_r1\boot_04\batch_20260919T133630.852012Z_f49429ef.json.gz,20260919T133630.852012Z_f49429ef,4,78de548c-168e-47a4-b0a0-06fb0a2759b0,d5_78de548c-168e-47a4-b0a0-06fb0a2759b0_8604_2a6c1a24,168,test:unloaded,normal,mixed,role_aggregate,20,128,32,middle,True,True,0,20,40,"{""2"": 20}",0,20,0,20,129
results\d5_formal\raw_r1\boot_04\batch_20260919T133639.182091Z_cf194c06.json.gz,20260919T133639.182091Z_cf194c06,4,78de548c-168e-47a4-b0a0-06fb0a2759b0,d5_78de548c-168e-47a4-b0a0-06fb0a2759b0_8604_2a6c1a24,169,test:unloaded,normal,mixed,role_aggregate,20,128,32,middle,True,True,0,20,40,"{""2"": 20}",0,20,0,20,129
results\d5_formal\raw_r1\boot_04\batch_20260919T133647.518906Z_18499027.json.gz,20260919T133647.518906Z_18499027,4,78de548c-168e-47a4-b0a0-06fb0a2759b0,d5_78de548c-168e-47a4-b0a0-06fb0a2759b0_8604_2a6c1a24,170,test:unloaded,normal,mixed,role_aggregate,20,128,32,middle,True,True,0,20,40,"{""2"": 20}",0,20,0,20,129
results\d5_formal\raw_r1\boot_04\batch_20260919T133656.004663Z_b63189c5.json.gz,20260919T133656.004663Z_b63189c5,4,78de548c-168e-47a4-b0a0-06fb0a2759b0,d5_78de548c-168e-47a4-b0a0-06fb0a2759b0_8604_2a6c1a24,171,test:unloaded,normal,mixed,role_aggregate,20,128,32,middle,True,True,0,20,40,"{""2"": 20}",0,20,0,20,129
results\d5_formal\raw_r1\boot_04\batch_20260919T133704.300316Z_3eff7baa.json.gz,20260919T133704.300316Z_3eff7baa,4,78de548c-168e-47a4-b0a0-06fb0a2759b0,d5_78de548c-168e-47a4-b0a0-06fb0a2759b0_8604_2a6c1a24,172,test:unloaded,normal,mixed,role_aggregate,20,128,32,middle,True,True,0,20,40,"{""2"": 20}",0,20,0,20,129
results\d5_formal\raw_r1\boot_04\batch_20260919T133712.820001Z_03d73b84.json.gz,20260919T133712.820001Z_03d73b84,4,78de548c-168e-47a4-b0a0-06fb0a2759b0,d5_78de548c-168e-47a4-b0a0-06fb0a2759b0_8604_2a6c1a24,173,test:unloaded,normal,mixed,role_aggregate,20,128,32,middle,True,True,0,20,40,"{""2"": 20}",0,20,0,20,129
results\d5_formal\raw_r1\boot_04\batch_20260919T133721.090772Z_8abb3dd6.json.gz,20260919T133721.090772Z_8abb3dd6,4,78de548c-168e-47a4-b0a0-06fb0a2759b0,d5_78de548c-168e-47a4-b0a0-06fb0a2759b0_8604_2a6c1a24,174,test:unloaded,normal,mixed,role_aggregate,20,128,32,middle,True,True,0,20,40,"{""2"": 20}",0,20,0,20,129
results\d5_formal\raw_r1\boot_04\batch_20260919T133729.467082Z_ed8fa998.json.gz,20260919T133729.467082Z_ed8fa998,4,78de548c-168e-47a4-b0a0-06fb0a2759b0,d5_78de548c-168e-47a4-b0a0-06fb0a2759b0_8604_2a6c1a24,175,test:unloaded,normal,mixed,role_aggregate,20,128,32,middle,True,True,0,20,40,"{""2"": 20}",0,20,0,20,129
results\d5_formal\raw_r1\boot_04\batch_20260919T133737.700863Z_82a451d7.json.gz,20260919T133737.700863Z_82a451d7,4,78de548c-168e-47a4-b0a0-06fb0a2759b0,d5_78de548c-168e-47a4-b0a0-06fb0a2759b0_8604_2a6c1a24,176,test:unloaded,normal,mixed,role_aggregate,20,128,32,middle,True,True,0,20,40,"{""2"": 20}",0,20,0,20,129
results\d5_formal\raw_r1\boot_04\batch_20260919T133745.941255Z_bb9ef164.json.gz,20260919T133745.941255Z_bb9ef164,4,78de548c-168e-47a4-b0a0-06fb0a2759b0,d5_78de548c-168e-47a4-b0a0-06fb0a2759b0_8604_2a6c1a24,177,test:unloaded,normal,mixed,role_aggregate,20,128,32,middle,True,True,0,20,40,"{""2"": 20}",0,20,0,20,129
results\d5_formal\raw_r1\boot_04\batch_20260919T133754.277522Z_8e948ade.json.gz,20260919T133754.277522Z_8e948ade,4,78de548c-168e-47a4-b0a0-06fb0a2759b0,d5_78de548c-168e-47a4-b0a0-06fb0a2759b0_8604_2a6c1a24,178,test:unloaded,normal,mixed,role_aggregate,20,128,32,middle,True,True,0,20,40,"{""2"": 20}",0,20,0,20,129
results\d5_formal\raw_r1\boot_04\batch_20260919T133802.547070Z_f55fb26f.json.gz,20260919T133802.547070Z_f55fb26f,4,78de548c-168e-47a4-b0a0-06fb0a2759b0,d5_78de548c-168e-47a4-b0a0-06fb0a2759b0_8604_2a6c1a24,179,test:unloaded,normal,mixed,role_aggregate,20,128,32,middle,True,True,0,20,40,"{""2"": 20}",0,20,0,20,129
results\d5_formal\raw_r1\boot_04\batch_20260919T133810.829129Z_6b0c3ae6.json.gz,20260919T133810.829129Z_6b0c3ae6,4,78de548c-168e-47a4-b0a0-06fb0a2759b0,d5_78de548c-168e-47a4-b0a0-06fb0a2759b0_8604_2a6c1a24,180,test:unloaded,normal,mixed,role_aggregate,20,128,32,middle,True,True,0,20,40,"{""2"": 20}",0,20,0,20,129
results\d5_formal\raw_r1\boot_04\batch_20260919T133819.350056Z_18850618.json.gz,20260919T133819.350056Z_18850618,4,78de548c-168e-47a4-b0a0-06fb0a2759b0,d5_78de548c-168e-47a4-b0a0-06fb0a2759b0_8604_2a6c1a24,181,test:unloaded,normal,mixed,role_aggregate,20,128,32,middle,True,True,0,20,40,"{""2"": 20}",0,20,0,20,129
results\d5_formal\raw_r1\boot_04\batch_20260919T133827.580614Z_b52526e7.json.gz,20260919T133827.580614Z_b52526e7,4,78de548c-168e-47a4-b0a0-06fb0a2759b0,d5_78de548c-168e-47a4-b0a0-06fb0a2759b0_8604_2a6c1a24,182,test:unloaded,normal,mixed,role_aggregate,20,128,32,middle,True,True,0,20,40,"{""2"": 20}",0,20,0,20,129
results\d5_formal\raw_r1\boot_04\batch_20260919T133835.899932Z_c9112084.json.gz,20260919T133835.899932Z_c9112084,4,78de548c-168e-47a4-b0a0-06fb0a2759b0,d5_78de548c-168e-47a4-b0a0-06fb0a2759b0_8604_2a6c1a24,183,test:unloaded,normal,mixed,role_aggregate,20,128,32,middle,True,True,0,20,40,"{""2"": 20}",0,20,0,20,129
results\d5_formal\raw_r1\boot_04\batch_20260919T133844.317978Z_dc2adbae.json.gz,20260919T133844.317978Z_dc2adbae,4,78de548c-168e-47a4-b0a0-06fb0a2759b0,d5_78de548c-168e-47a4-b0a0-06fb0a2759b0_8604_2a6c1a24,184,test:unloaded,normal,mixed,role_aggregate,20,128,32,middle,True,True,0,20,40,"{""2"": 20}",0,20,0,20,129
results\d5_formal\raw_r1\boot_04\batch_20260919T133852.676850Z_f211377c.json.gz,20260919T133852.676850Z_f211377c,4,78de548c-168e-47a4-b0a0-06fb0a2759b0,d5_78de548c-168e-47a4-b0a0-06fb0a2759b0_8604_2a6c1a24,185,test:unloaded,normal,mixed,role_aggregate,20,128,32,middle,True,True,0,20,40,"{""2"": 20}",0,20,0,20,129
results\d5_formal\raw_r1\boot_04\batch_20260919T133900.996798Z_fe65cf2a.json.gz,20260919T133900.996798Z_fe65cf2a,4,78de548c-168e-47a4-b0a0-06fb0a2759b0,d5_78de548c-168e-47a4-b0a0-06fb0a2759b0_8604_2a6c1a24,186,test:unloaded,normal,mixed,role_aggregate,20,128,32,middle,True,True,0,20,40,"{""2"": 20}",0,20,0,20,129
results\d5_formal\raw_r1\boot_04\batch_20260919T133909.305049Z_da675186.json.gz,20260919T133909.305049Z_da675186,4,78de548c-168e-47a4-b0a0-06fb0a2759b0,d5_78de548c-168e-47a4-b0a0-06fb0a2759b0_8604_2a6c1a24,187,test:unloaded,normal,mixed,role_aggregate,20,128,32,middle,True,True,0,20,40,"{""2"": 20}",0,20,0,20,129
results\d5_formal\raw_r1\boot_04\batch_20260919T133911.488010Z_0e663abe.json.gz,20260919T133911.488010Z_0e663abe,4,78de548c-168e-47a4-b0a0-06fb0a2759b0,d5_78de548c-168e-47a4-b0a0-06fb0a2759b0_8604_2a6c1a24,188,test:unloaded,normal,baseline,role_aggregate,20,128,32,middle,True,True,0,20,40,"{""2"": 20}",0,20,0,20,129
results\d5_formal\raw_r1\boot_04\batch_20260919T133913.611421Z_3c7d8259.json.gz,20260919T133913.611421Z_3c7d8259,4,78de548c-168e-47a4-b0a0-06fb0a2759b0,d5_78de548c-168e-47a4-b0a0-06fb0a2759b0_8604_2a6c1a24,189,test:unloaded,normal,baseline,role_aggregate,20,128,32,middle,True,True,0,20,40,"{""2"": 20}",0,20,0,20,129
results\d5_formal\raw_r1\boot_04\batch_20260919T133915.711129Z_e417dbbf.json.gz,20260919T133915.711129Z_e417dbbf,4,78de548c-168e-47a4-b0a0-06fb0a2759b0,d5_78de548c-168e-47a4-b0a0-06fb0a2759b0_8604_2a6c1a24,190,test:unloaded,normal,baseline,role_aggregate,20,128,32,middle,True,True,0,20,40,"{""2"": 20}",0,20,0,20,129
results\d5_formal\raw_r1\boot_04\batch_20260919T133917.875809Z_6de98fb6.json.gz,20260919T133917.875809Z_6de98fb6,4,78de548c-168e-47a4-b0a0-06fb0a2759b0,d5_78de548c-168e-47a4-b0a0-06fb0a2759b0_8604_2a6c1a24,191,test:unloaded,normal,baseline,role_aggregate,20,128,32,middle,True,True,0,20,40,"{""2"": 20}",0,20,0,20,129
results\d5_formal\raw_r1\boot_04\batch_20260919T133919.968157Z_8f1afd6f.json.gz,20260919T133919.968157Z_8f1afd6f,4,78de548c-168e-47a4-b0a0-06fb0a2759b0,d5_78de548c-168e-47a4-b0a0-06fb0a2759b0_8604_2a6c1a24,192,test:unloaded,normal,baseline,role_aggregate,20,128,32,middle,True,True,0,20,40,"{""2"": 20}",0,20,0,20,129
results\d5_formal\raw_r1\boot_04\batch_20260919T133922.044950Z_f1bceb0f.json.gz,20260919T133922.044950Z_f1bceb0f,4,78de548c-168e-47a4-b0a0-06fb0a2759b0,d5_78de548c-168e-47a4-b0a0-06fb0a2759b0_8604_2a6c1a24,193,test:unloaded,normal,baseline,role_aggregate,20,128,32,middle,True,True,0,20,40,"{""2"": 20}",0,20,0,20,129
results\d5_formal\raw_r1\boot_04\batch_20260919T133924.234293Z_2c464a6d.json.gz,20260919T133924.234293Z_2c464a6d,4,78de548c-168e-47a4-b0a0-06fb0a2759b0,d5_78de548c-168e-47a4-b0a0-06fb0a2759b0_8604_2a6c1a24,194,test:unloaded,normal,baseline,role_aggregate,20,128,32,middle,True,True,0,20,40,"{""2"": 20}",0,20,0,20,129
results\d5_formal\raw_r1\boot_04\batch_20260919T133926.292042Z_4b4b4469.json.gz,20260919T133926.292042Z_4b4b4469,4,78de548c-168e-47a4-b0a0-06fb0a2759b0,d5_78de548c-168e-47a4-b0a0-06fb0a2759b0_8604_2a6c1a24,195,test:unloaded,normal,baseline,role_aggregate,20,128,32,middle,True,True,0,20,40,"{""2"": 20}",0,20,0,20,129
results\d5_formal\raw_r1\boot_04\batch_20260919T133928.412520Z_651fad46.json.gz,20260919T133928.412520Z_651fad46,4,78de548c-168e-47a4-b0a0-06fb0a2759b0,d5_78de548c-168e-47a4-b0a0-06fb0a2759b0_8604_2a6c1a24,196,test:unloaded,normal,baseline,role_aggregate,20,128,32,middle,True,True,0,20,40,"{""2"": 20}",0,20,0,20,129
results\d5_formal\raw_r1\boot_04\batch_20260919T133930.516065Z_659cbc73.json.gz,20260919T133930.516065Z_659cbc73,4,78de548c-168e-47a4-b0a0-06fb0a2759b0,d5_78de548c-168e-47a4-b0a0-06fb0a2759b0_8604_2a6c1a24,197,test:unloaded,normal,baseline,role_aggregate,20,128,32,middle,True,True,0,20,40,"{""2"": 20}",0,20,0,20,129
results\d5_formal\raw_r1\boot_04\batch_20260919T133932.621225Z_b7b35d9c.json.gz,20260919T133932.621225Z_b7b35d9c,4,78de548c-168e-47a4-b0a0-06fb0a2759b0,d5_78de548c-168e-47a4-b0a0-06fb0a2759b0_8604_2a6c1a24,198,test:unloaded,normal,baseline,role_aggregate,20,128,32,middle,True,True,0,20,40,"{""2"": 20}",0,20,0,20,129
results\d5_formal\raw_r1\boot_04\batch_20260919T133934.896130Z_e7dbaae5.json.gz,20260919T133934.896130Z_e7dbaae5,4,78de548c-168e-47a4-b0a0-06fb0a2759b0,d5_78de548c-168e-47a4-b0a0-06fb0a2759b0_8604_2a6c1a24,199,test:unloaded,normal,baseline,role_aggregate,20,128,32,middle,True,True,0,20,40,"{""2"": 20}",0,20,0,20,129
results\d5_formal\raw_r1\boot_04\batch_20260919T133937.027153Z_6de16ac8.json.gz,20260919T133937.027153Z_6de16ac8,4,78de548c-168e-47a4-b0a0-06fb0a2759b0,d5_78de548c-168e-47a4-b0a0-06fb0a2759b0_8604_2a6c1a24,200,test:unloaded,normal,baseline,role_aggregate,20,128,32,middle,True,True,0,20,40,"{""2"": 20}",0,20,0,20,129
results\d5_formal\raw_r1\boot_04\batch_20260919T133939.274889Z_38538f4f.json.gz,20260919T133939.274889Z_38538f4f,4,78de548c-168e-47a4-b0a0-06fb0a2759b0,d5_78de548c-168e-47a4-b0a0-06fb0a2759b0_8604_2a6c1a24,201,test:unloaded,normal,baseline,role_aggregate,20,128,32,middle,True,True,0,20,40,"{""2"": 20}",0,20,0,20,129
results\d5_formal\raw_r1\boot_04\batch_20260919T133941.390143Z_b02bbf09.json.gz,20260919T133941.390143Z_b02bbf09,4,78de548c-168e-47a4-b0a0-06fb0a2759b0,d5_78de548c-168e-47a4-b0a0-06fb0a2759b0_8604_2a6c1a24,202,test:unloaded,normal,baseline,role_aggregate,20,128,32,middle,True,True,0,20,40,"{""2"": 20}",0,20,0,20,129
results\d5_formal\raw_r1\boot_04\batch_20260919T133943.531052Z_5227c5ff.json.gz,20260919T133943.531052Z_5227c5ff,4,78de548c-168e-47a4-b0a0-06fb0a2759b0,d5_78de548c-168e-47a4-b0a0-06fb0a2759b0_8604_2a6c1a24,203,test:unloaded,normal,baseline,role_aggregate,20,128,32,middle,True,True,0,20,40,"{""2"": 20}",0,20,0,20,129
results\d5_formal\raw_r1\boot_04\batch_20260919T133945.636161Z_adadb40b.json.gz,20260919T133945.636161Z_adadb40b,4,78de548c-168e-47a4-b0a0-06fb0a2759b0,d5_78de548c-168e-47a4-b0a0-06fb0a2759b0_8604_2a6c1a24,204,test:unloaded,normal,baseline,role_aggregate,20,128,32,middle,True,True,0,20,40,"{""2"": 20}",0,20,0,20,129
results\d5_formal\raw_r1\boot_04\batch_20260919T133947.704236Z_fdb4e563.json.gz,20260919T133947.704236Z_fdb4e563,4,78de548c-168e-47a4-b0a0-06fb0a2759b0,d5_78de548c-168e-47a4-b0a0-06fb0a2759b0_8604_2a6c1a24,205,test:unloaded,normal,baseline,role_aggregate,20,128,32,middle,True,True,0,20,40,"{""2"": 20}",0,20,0,20,129
results\d5_formal\raw_r1\boot_04\batch_20260919T133949.852890Z_4aec9b9a.json.gz,20260919T133949.852890Z_4aec9b9a,4,78de548c-168e-47a4-b0a0-06fb0a2759b0,d5_78de548c-168e-47a4-b0a0-06fb0a2759b0_8604_2a6c1a24,206,test:unloaded,normal,baseline,role_aggregate,20,128,32,middle,True,True,0,20,40,"{""2"": 20}",0,20,0,20,129
results\d5_formal\raw_r1\boot_04\batch_20260919T133952.134072Z_b255cfe5.json.gz,20260919T133952.134072Z_b255cfe5,4,78de548c-168e-47a4-b0a0-06fb0a2759b0,d5_78de548c-168e-47a4-b0a0-06fb0a2759b0_8604_2a6c1a24,207,test:unloaded,normal,baseline,role_aggregate,20,128,32,middle,True,True,0,20,40,"{""2"": 20}",0,20,0,20,129
results\d5_formal\raw_r1\boot_04\batch_20260919T133954.438852Z_4f833797.json.gz,20260919T133954.438852Z_4f833797,4,78de548c-168e-47a4-b0a0-06fb0a2759b0,d5_78de548c-168e-47a4-b0a0-06fb0a2759b0_8604_2a6c1a24,208,test:hiding,rootkit,baseline,role_aggregate,20,128,32,middle,True,True,0,20,40,"{""2"": 20}",0,20,0,0,
results\d5_formal\raw_r1\boot_04\batch_20260919T133957.155300Z_48cdfffa.json.gz,20260919T133957.155300Z_48cdfffa,4,78de548c-168e-47a4-b0a0-06fb0a2759b0,d5_78de548c-168e-47a4-b0a0-06fb0a2759b0_8604_2a6c1a24,209,test:hiding,rootkit,baseline,role_aggregate,20,128,32,middle,True,True,0,20,40,"{""2"": 20}",0,20,0,0,
results\d5_formal\raw_r1\boot_04\batch_20260919T133959.941579Z_2c15c6d2.json.gz,20260919T133959.941579Z_2c15c6d2,4,78de548c-168e-47a4-b0a0-06fb0a2759b0,d5_78de548c-168e-47a4-b0a0-06fb0a2759b0_8604_2a6c1a24,210,test:hiding,rootkit,baseline,role_aggregate,20,128,32,middle,True,True,0,20,40,"{""2"": 20}",0,20,0,0,
results\d5_formal\raw_r1\boot_04\batch_20260919T134002.809255Z_ac3a025f.json.gz,20260919T134002.809255Z_ac3a025f,4,78de548c-168e-47a4-b0a0-06fb0a2759b0,d5_78de548c-168e-47a4-b0a0-06fb0a2759b0_8604_2a6c1a24,211,test:hiding,rootkit,baseline,role_aggregate,20,128,32,middle,True,True,0,20,40,"{""2"": 20}",0,20,0,0,
results\d5_formal\raw_r1\boot_04\batch_20260919T134005.544089Z_5b256cb4.json.gz,20260919T134005.544089Z_5b256cb4,4,78de548c-168e-47a4-b0a0-06fb0a2759b0,d5_78de548c-168e-47a4-b0a0-06fb0a2759b0_8604_2a6c1a24,212,test:hiding,rootkit,baseline,role_aggregate,20,128,32,middle,True,True,0,20,40,"{""2"": 20}",0,20,0,0,
results\d5_formal\raw_r1\boot_04\batch_20260919T134008.363057Z_e2272b5b.json.gz,20260919T134008.363057Z_e2272b5b,4,78de548c-168e-47a4-b0a0-06fb0a2759b0,d5_78de548c-168e-47a4-b0a0-06fb0a2759b0_8604_2a6c1a24,213,test:hiding,rootkit,baseline,role_aggregate,20,128,32,middle,True,True,0,20,40,"{""2"": 20}",0,20,0,0,
results\d5_formal\raw_r1\boot_04\batch_20260919T134011.119205Z_b1909a2e.json.gz,20260919T134011.119205Z_b1909a2e,4,78de548c-168e-47a4-b0a0-06fb0a2759b0,d5_78de548c-168e-47a4-b0a0-06fb0a2759b0_8604_2a6c1a24,214,test:hiding,rootkit,baseline,role_aggregate,20,128,32,middle,True,True,0,20,40,"{""2"": 20}",0,20,0,0,
results\d5_formal\raw_r1\boot_04\batch_20260919T134013.976860Z_d3983de0.json.gz,20260919T134013.976860Z_d3983de0,4,78de548c-168e-47a4-b0a0-06fb0a2759b0,d5_78de548c-168e-47a4-b0a0-06fb0a2759b0_8604_2a6c1a24,215,test:hiding,rootkit,baseline,role_aggregate,20,128,32,middle,True,True,0,20,40,"{""2"": 20}",0,20,0,0,
results\d5_formal\raw_r1\boot_04\batch_20260919T134016.815799Z_69b72b15.json.gz,20260919T134016.815799Z_69b72b15,4,78de548c-168e-47a4-b0a0-06fb0a2759b0,d5_78de548c-168e-47a4-b0a0-06fb0a2759b0_8604_2a6c1a24,216,test:hiding,rootkit,baseline,role_aggregate,20,128,32,middle,True,True,0,20,40,"{""2"": 20}",0,20,0,0,
results\d5_formal\raw_r1\boot_04\batch_20260919T134019.624058Z_a7f7afe5.json.gz,20260919T134019.624058Z_a7f7afe5,4,78de548c-168e-47a4-b0a0-06fb0a2759b0,d5_78de548c-168e-47a4-b0a0-06fb0a2759b0_8604_2a6c1a24,217,test:hiding,rootkit,baseline,role_aggregate,20,128,32,middle,True,True,0,20,40,"{""2"": 20}",0,20,0,0,
results\d5_formal\raw_r1\boot_04\batch_20260919T134022.383995Z_9ce7e2d9.json.gz,20260919T134022.383995Z_9ce7e2d9,4,78de548c-168e-47a4-b0a0-06fb0a2759b0,d5_78de548c-168e-47a4-b0a0-06fb0a2759b0_8604_2a6c1a24,218,test:hiding,rootkit,baseline,role_aggregate,20,128,32,middle,True,True,0,20,40,"{""2"": 20}",0,20,0,0,
results\d5_formal\raw_r1\boot_04\batch_20260919T134025.245714Z_ccfcacfb.json.gz,20260919T134025.245714Z_ccfcacfb,4,78de548c-168e-47a4-b0a0-06fb0a2759b0,d5_78de548c-168e-47a4-b0a0-06fb0a2759b0_8604_2a6c1a24,219,test:hiding,rootkit,baseline,role_aggregate,20,128,32,middle,True,True,0,20,40,"{""2"": 20}",0,20,0,0,
results\d5_formal\raw_r1\boot_04\batch_20260919T134027.959032Z_7547ca6a.json.gz,20260919T134027.959032Z_7547ca6a,4,78de548c-168e-47a4-b0a0-06fb0a2759b0,d5_78de548c-168e-47a4-b0a0-06fb0a2759b0_8604_2a6c1a24,220,test:hiding,rootkit,baseline,role_aggregate,20,128,32,middle,True,True,0,20,40,"{""2"": 20}",0,20,0,0,
results\d5_formal\raw_r1\boot_04\batch_20260919T134030.781139Z_5896292f.json.gz,20260919T134030.781139Z_5896292f,4,78de548c-168e-47a4-b0a0-06fb0a2759b0,d5_78de548c-168e-47a4-b0a0-06fb0a2759b0_8604_2a6c1a24,221,test:hiding,rootkit,baseline,role_aggregate,20,128,32,middle,True,True,0,20,40,"{""2"": 20}",0,20,0,0,
results\d5_formal\raw_r1\boot_04\batch_20260919T134033.585314Z_5e69e90e.json.gz,20260919T134033.585314Z_5e69e90e,4,78de548c-168e-47a4-b0a0-06fb0a2759b0,d5_78de548c-168e-47a4-b0a0-06fb0a2759b0_8604_2a6c1a24,222,test:hiding,rootkit,baseline,role_aggregate,20,128,32,middle,True,True,0,20,40,"{""2"": 20}",0,20,0,0,
results\d5_formal\raw_r1\boot_04\batch_20260919T134036.344110Z_f3fbcd82.json.gz,20260919T134036.344110Z_f3fbcd82,4,78de548c-168e-47a4-b0a0-06fb0a2759b0,d5_78de548c-168e-47a4-b0a0-06fb0a2759b0_8604_2a6c1a24,223,test:hiding,rootkit,baseline,role_aggregate,20,128,32,middle,True,True,0,20,40,"{""2"": 20}",0,20,0,0,
results\d5_formal\raw_r1\boot_04\batch_20260919T134039.177373Z_f17449de.json.gz,20260919T134039.177373Z_f17449de,4,78de548c-168e-47a4-b0a0-06fb0a2759b0,d5_78de548c-168e-47a4-b0a0-06fb0a2759b0_8604_2a6c1a24,224,test:hiding,rootkit,baseline,role_aggregate,20,128,32,middle,True,True,0,20,40,"{""2"": 20}",0,20,0,0,
results\d5_formal\raw_r1\boot_04\batch_20260919T134041.868846Z_35fef5ef.json.gz,20260919T134041.868846Z_35fef5ef,4,78de548c-168e-47a4-b0a0-06fb0a2759b0,d5_78de548c-168e-47a4-b0a0-06fb0a2759b0_8604_2a6c1a24,225,test:hiding,rootkit,baseline,role_aggregate,20,128,32,middle,True,True,0,20,40,"{""2"": 20}",0,20,0,0,
results\d5_formal\raw_r1\boot_04\batch_20260919T134044.648372Z_1c9a8831.json.gz,20260919T134044.648372Z_1c9a8831,4,78de548c-168e-47a4-b0a0-06fb0a2759b0,d5_78de548c-168e-47a4-b0a0-06fb0a2759b0_8604_2a6c1a24,226,test:hiding,rootkit,baseline,role_aggregate,20,128,32,middle,True,True,0,20,40,"{""2"": 20}",0,20,0,0,
results\d5_formal\raw_r1\boot_04\batch_20260919T134047.485311Z_407897c8.json.gz,20260919T134047.485311Z_407897c8,4,78de548c-168e-47a4-b0a0-06fb0a2759b0,d5_78de548c-168e-47a4-b0a0-06fb0a2759b0_8604_2a6c1a24,227,test:hiding,rootkit,baseline,role_aggregate,20,128,32,middle,True,True,0,20,40,"{""2"": 20}",0,20,0,0,
results\d5_formal\raw_r1\boot_04\batch_20260919T134050.321113Z_36e8c316.json.gz,20260919T134050.321113Z_36e8c316,4,78de548c-168e-47a4-b0a0-06fb0a2759b0,d5_78de548c-168e-47a4-b0a0-06fb0a2759b0_8604_2a6c1a24,228,test:hiding,rootkit,baseline,role_aggregate,20,128,32,middle,True,True,0,20,40,"{""2"": 20}",0,20,0,0,
results\d5_formal\raw_r1\boot_04\batch_20260919T134053.172004Z_c77d5e53.json.gz,20260919T134053.172004Z_c77d5e53,4,78de548c-168e-47a4-b0a0-06fb0a2759b0,d5_78de548c-168e-47a4-b0a0-06fb0a2759b0_8604_2a6c1a24,229,test:hiding,rootkit,baseline,role_aggregate,20,128,32,middle,True,True,0,20,40,"{""2"": 20}",0,20,0,0,
results\d5_formal\raw_r1\boot_04\batch_20260919T134056.140885Z_8a066168.json.gz,20260919T134056.140885Z_8a066168,4,78de548c-168e-47a4-b0a0-06fb0a2759b0,d5_78de548c-168e-47a4-b0a0-06fb0a2759b0_8604_2a6c1a24,230,test:hiding,rootkit,baseline,role_aggregate,20,128,32,middle,True,True,0,20,40,"{""2"": 20}",0,20,0,0,
results\d5_formal\raw_r1\boot_04\batch_20260919T134058.936871Z_294b368a.json.gz,20260919T134058.936871Z_294b368a,4,78de548c-168e-47a4-b0a0-06fb0a2759b0,d5_78de548c-168e-47a4-b0a0-06fb0a2759b0_8604_2a6c1a24,231,test:hiding,rootkit,baseline,role_aggregate,20,128,32,middle,True,True,0,20,40,"{""2"": 20}",0,20,0,0,
results\d5_formal\raw_r1\boot_04\batch_20260919T134101.951858Z_bc35c94f.json.gz,20260919T134101.951858Z_bc35c94f,4,78de548c-168e-47a4-b0a0-06fb0a2759b0,d5_78de548c-168e-47a4-b0a0-06fb0a2759b0_8604_2a6c1a24,232,test:hiding,rootkit,baseline,role_aggregate,20,128,32,middle,True,True,0,20,40,"{""2"": 20}",0,20,0,0,
results\d5_formal\raw_r1\boot_04\batch_20260919T134104.776173Z_81ecf0f3.json.gz,20260919T134104.776173Z_81ecf0f3,4,78de548c-168e-47a4-b0a0-06fb0a2759b0,d5_78de548c-168e-47a4-b0a0-06fb0a2759b0_8604_2a6c1a24,233,test:hiding,rootkit,baseline,role_aggregate,20,128,32,middle,True,True,0,20,40,"{""2"": 20}",0,20,0,0,
results\d5_formal\raw_r1\boot_04\batch_20260919T134107.469905Z_542ba256.json.gz,20260919T134107.469905Z_542ba256,4,78de548c-168e-47a4-b0a0-06fb0a2759b0,d5_78de548c-168e-47a4-b0a0-06fb0a2759b0_8604_2a6c1a24,234,test:hiding,rootkit,baseline,role_aggregate,20,128,32,middle,True,True,0,20,40,"{""2"": 20}",0,20,0,0,
results\d5_formal\raw_r1\boot_04\batch_20260919T134110.233145Z_0e31d459.json.gz,20260919T134110.233145Z_0e31d459,4,78de548c-168e-47a4-b0a0-06fb0a2759b0,d5_78de548c-168e-47a4-b0a0-06fb0a2759b0_8604_2a6c1a24,235,test:hiding,rootkit,baseline,role_aggregate,20,128,32,middle,True,True,0,20,40,"{""2"": 20}",0,20,0,0,
results\d5_formal\raw_r1\boot_04\batch_20260919T134112.915215Z_cb911f64.json.gz,20260919T134112.915215Z_cb911f64,4,78de548c-168e-47a4-b0a0-06fb0a2759b0,d5_78de548c-168e-47a4-b0a0-06fb0a2759b0_8604_2a6c1a24,236,test:hiding,rootkit,baseline,role_aggregate,20,128,32,middle,True,True,0,20,40,"{""2"": 20}",0,20,0,0,
results\d5_formal\raw_r1\boot_04\batch_20260919T134115.614056Z_5f7bc5e2.json.gz,20260919T134115.614056Z_5f7bc5e2,4,78de548c-168e-47a4-b0a0-06fb0a2759b0,d5_78de548c-168e-47a4-b0a0-06fb0a2759b0_8604_2a6c1a24,237,test:hiding,rootkit,baseline,role_aggregate,20,128,32,middle,True,True,0,20,40,"{""2"": 20}",0,20,0,0,
results\d5_formal\raw_r1\boot_04\batch_20260919T134118.370918Z_b386af22.json.gz,20260919T134118.370918Z_b386af22,4,78de548c-168e-47a4-b0a0-06fb0a2759b0,d5_78de548c-168e-47a4-b0a0-06fb0a2759b0_8604_2a6c1a24,238,test:hiding,rootkit,baseline,role_aggregate,20,128,32,middle,True,True,0,20,40,"{""2"": 20}",0,20,0,0,
results\d5_formal\raw_r1\boot_04\batch_20260919T134121.269237Z_78b18c57.json.gz,20260919T134121.269237Z_78b18c57,4,78de548c-168e-47a4-b0a0-06fb0a2759b0,d5_78de548c-168e-47a4-b0a0-06fb0a2759b0_8604_2a6c1a24,239,test:hiding,rootkit,baseline,role_aggregate,20,128,32,middle,True,True,0,20,40,"{""2"": 20}",0,20,0,0,
results\d5_formal\raw_r1\boot_04\batch_20260919T134124.228908Z_c921411b.json.gz,20260919T134124.228908Z_c921411b,4,78de548c-168e-47a4-b0a0-06fb0a2759b0,d5_78de548c-168e-47a4-b0a0-06fb0a2759b0_8604_2a6c1a24,240,test:hiding,rootkit,baseline,role_aggregate,20,128,32,middle,True,True,0,20,40,"{""2"": 20}",0,20,0,0,
results\d5_formal\raw_r1\boot_04\batch_20260919T134126.957018Z_4de2a91f.json.gz,20260919T134126.957018Z_4de2a91f,4,78de548c-168e-47a4-b0a0-06fb0a2759b0,d5_78de548c-168e-47a4-b0a0-06fb0a2759b0_8604_2a6c1a24,241,test:hiding,rootkit,baseline,role_aggregate,20,128,32,middle,True,True,0,20,40,"{""2"": 20}",0,20,0,0,
results\d5_formal\raw_r1\boot_04\batch_20260919T134129.753259Z_10cb49f4.json.gz,20260919T134129.753259Z_10cb49f4,4,78de548c-168e-47a4-b0a0-06fb0a2759b0,d5_78de548c-168e-47a4-b0a0-06fb0a2759b0_8604_2a6c1a24,242,test:hiding,rootkit,baseline,role_aggregate,20,128,32,middle,True,True,0,20,40,"{""2"": 20}",0,20,0,0,
results\d5_formal\raw_r1\boot_04\batch_20260919T134132.516591Z_cdd90610.json.gz,20260919T134132.516591Z_cdd90610,4,78de548c-168e-47a4-b0a0-06fb0a2759b0,d5_78de548c-168e-47a4-b0a0-06fb0a2759b0_8604_2a6c1a24,243,test:hiding,rootkit,baseline,role_aggregate,20,128,32,middle,True,True,0,20,40,"{""2"": 20}",0,20,0,0,
results\d5_formal\raw_r1\boot_04\batch_20260919T134135.353874Z_245cfd2a.json.gz,20260919T134135.353874Z_245cfd2a,4,78de548c-168e-47a4-b0a0-06fb0a2759b0,d5_78de548c-168e-47a4-b0a0-06fb0a2759b0_8604_2a6c1a24,244,test:hiding,rootkit,baseline,role_aggregate,20,128,32,middle,True,True,0,20,40,"{""2"": 20}",0,20,0,0,
results\d5_formal\raw_r1\boot_04\batch_20260919T134138.325462Z_afe58d7a.json.gz,20260919T134138.325462Z_afe58d7a,4,78de548c-168e-47a4-b0a0-06fb0a2759b0,d5_78de548c-168e-47a4-b0a0-06fb0a2759b0_8604_2a6c1a24,245,test:hiding,rootkit,baseline,role_aggregate,20,128,32,middle,True,True,0,20,40,"{""2"": 20}",0,20,0,0,
results\d5_formal\raw_r1\boot_04\batch_20260919T134141.055031Z_b06f8704.json.gz,20260919T134141.055031Z_b06f8704,4,78de548c-168e-47a4-b0a0-06fb0a2759b0,d5_78de548c-168e-47a4-b0a0-06fb0a2759b0_8604_2a6c1a24,246,test:hiding,rootkit,baseline,role_aggregate,20,128,32,middle,True,True,0,20,40,"{""2"": 20}",0,20,0,0,
results\d5_formal\raw_r1\boot_04\batch_20260919T134143.730619Z_54b93f06.json.gz,20260919T134143.730619Z_54b93f06,4,78de548c-168e-47a4-b0a0-06fb0a2759b0,d5_78de548c-168e-47a4-b0a0-06fb0a2759b0_8604_2a6c1a24,247,test:hiding,rootkit,baseline,role_aggregate,20,128,32,middle,True,True,0,20,40,"{""2"": 20}",0,20,0,0,
results\d5_formal\raw_r1\boot_04\batch_20260919T134152.536023Z_cfa935de.json.gz,20260919T134152.536023Z_cfa935de,4,78de548c-168e-47a4-b0a0-06fb0a2759b0,d5_78de548c-168e-47a4-b0a0-06fb0a2759b0_8604_2a6c1a24,248,test:hiding,rootkit,cpu,role_aggregate,20,128,32,middle,True,True,0,20,40,"{""2"": 20}",0,20,0,0,
results\d5_formal\raw_r1\boot_04\batch_20260919T134201.475220Z_47f0435e.json.gz,20260919T134201.475220Z_47f0435e,4,78de548c-168e-47a4-b0a0-06fb0a2759b0,d5_78de548c-168e-47a4-b0a0-06fb0a2759b0_8604_2a6c1a24,249,test:hiding,rootkit,cpu,role_aggregate,20,128,32,middle,True,True,0,20,40,"{""2"": 20}",0,20,0,0,
results\d5_formal\raw_r1\boot_04\batch_20260919T134210.378099Z_d9a47aaa.json.gz,20260919T134210.378099Z_d9a47aaa,4,78de548c-168e-47a4-b0a0-06fb0a2759b0,d5_78de548c-168e-47a4-b0a0-06fb0a2759b0_8604_2a6c1a24,250,test:hiding,rootkit,cpu,role_aggregate,20,128,32,middle,True,True,0,20,40,"{""2"": 20}",0,20,0,0,
results\d5_formal\raw_r1\boot_04\batch_20260919T134219.247944Z_89ebcff9.json.gz,20260919T134219.247944Z_89ebcff9,4,78de548c-168e-47a4-b0a0-06fb0a2759b0,d5_78de548c-168e-47a4-b0a0-06fb0a2759b0_8604_2a6c1a24,251,test:hiding,rootkit,cpu,role_aggregate,20,128,32,middle,True,True,0,20,40,"{""2"": 20}",0,20,0,0,
results\d5_formal\raw_r1\boot_04\batch_20260919T134228.182087Z_a6047d90.json.gz,20260919T134228.182087Z_a6047d90,4,78de548c-168e-47a4-b0a0-06fb0a2759b0,d5_78de548c-168e-47a4-b0a0-06fb0a2759b0_8604_2a6c1a24,252,test:hiding,rootkit,cpu,role_aggregate,20,128,32,middle,True,True,0,20,40,"{""2"": 20}",0,20,0,0,
results\d5_formal\raw_r1\boot_04\batch_20260919T134237.109030Z_6adadf62.json.gz,20260919T134237.109030Z_6adadf62,4,78de548c-168e-47a4-b0a0-06fb0a2759b0,d5_78de548c-168e-47a4-b0a0-06fb0a2759b0_8604_2a6c1a24,253,test:hiding,rootkit,cpu,role_aggregate,20,128,32,middle,True,True,0,20,40,"{""2"": 20}",0,20,0,0,
results\d5_formal\raw_r1\boot_04\batch_20260919T134246.134638Z_6ff4b982.json.gz,20260919T134246.134638Z_6ff4b982,4,78de548c-168e-47a4-b0a0-06fb0a2759b0,d5_78de548c-168e-47a4-b0a0-06fb0a2759b0_8604_2a6c1a24,254,test:hiding,rootkit,cpu,role_aggregate,20,128,32,middle,True,True,0,20,40,"{""2"": 20}",0,20,0,0,
results\d5_formal\raw_r1\boot_04\batch_20260919T134255.020088Z_5234dd6d.json.gz,20260919T134255.020088Z_5234dd6d,4,78de548c-168e-47a4-b0a0-06fb0a2759b0,d5_78de548c-168e-47a4-b0a0-06fb0a2759b0_8604_2a6c1a24,255,test:hiding,rootkit,cpu,role_aggregate,20,128,32,middle,True,True,0,20,40,"{""2"": 20}",0,20,0,0,
results\d5_formal\raw_r1\boot_04\batch_20260919T134303.965831Z_e72044d2.json.gz,20260919T134303.965831Z_e72044d2,4,78de548c-168e-47a4-b0a0-06fb0a2759b0,d5_78de548c-168e-47a4-b0a0-06fb0a2759b0_8604_2a6c1a24,256,test:hiding,rootkit,cpu,role_aggregate,20,128,32,middle,True,True,0,20,40,"{""2"": 20}",0,20,0,0,
results\d5_formal\raw_r1\boot_04\batch_20260919T134312.856716Z_e6e49cbc.json.gz,20260919T134312.856716Z_e6e49cbc,4,78de548c-168e-47a4-b0a0-06fb0a2759b0,d5_78de548c-168e-47a4-b0a0-06fb0a2759b0_8604_2a6c1a24,257,test:hiding,rootkit,cpu,role_aggregate,20,128,32,middle,True,True,0,20,40,"{""2"": 20}",0,20,0,0,
results\d5_formal\raw_r1\boot_04\batch_20260919T134321.738018Z_c0b6a222.json.gz,20260919T134321.738018Z_c0b6a222,4,78de548c-168e-47a4-b0a0-06fb0a2759b0,d5_78de548c-168e-47a4-b0a0-06fb0a2759b0_8604_2a6c1a24,258,test:hiding,rootkit,cpu,role_aggregate,20,128,32,middle,True,True,0,20,40,"{""2"": 20}",0,20,0,0,
results\d5_formal\raw_r1\boot_04\batch_20260919T134330.604859Z_7239f69b.json.gz,20260919T134330.604859Z_7239f69b,4,78de548c-168e-47a4-b0a0-06fb0a2759b0,d5_78de548c-168e-47a4-b0a0-06fb0a2759b0_8604_2a6c1a24,259,test:hiding,rootkit,cpu,role_aggregate,20,128,32,middle,True,True,0,20,40,"{""2"": 20}",0,20,0,0,
results\d5_formal\raw_r1\boot_04\batch_20260919T134339.470941Z_b05c0e0e.json.gz,20260919T134339.470941Z_b05c0e0e,4,78de548c-168e-47a4-b0a0-06fb0a2759b0,d5_78de548c-168e-47a4-b0a0-06fb0a2759b0_8604_2a6c1a24,260,test:hiding,rootkit,cpu,role_aggregate,20,128,32,middle,True,True,0,20,40,"{""2"": 20}",0,20,0,0,
results\d5_formal\raw_r1\boot_04\batch_20260919T134348.539640Z_be327891.json.gz,20260919T134348.539640Z_be327891,4,78de548c-168e-47a4-b0a0-06fb0a2759b0,d5_78de548c-168e-47a4-b0a0-06fb0a2759b0_8604_2a6c1a24,261,test:hiding,rootkit,cpu,role_aggregate,20,128,32,middle,True,True,0,20,40,"{""2"": 20}",0,20,0,0,
results\d5_formal\raw_r1\boot_04\batch_20260919T134357.552905Z_eca583b5.json.gz,20260919T134357.552905Z_eca583b5,4,78de548c-168e-47a4-b0a0-06fb0a2759b0,d5_78de548c-168e-47a4-b0a0-06fb0a2759b0_8604_2a6c1a24,262,test:hiding,rootkit,cpu,role_aggregate,20,128,32,middle,True,True,0,20,40,"{""2"": 20}",0,20,0,0,
results\d5_formal\raw_r1\boot_04\batch_20260919T134406.438992Z_ac38f3e6.json.gz,20260919T134406.438992Z_ac38f3e6,4,78de548c-168e-47a4-b0a0-06fb0a2759b0,d5_78de548c-168e-47a4-b0a0-06fb0a2759b0_8604_2a6c1a24,263,test:hiding,rootkit,cpu,role_aggregate,20,128,32,middle,True,True,0,20,40,"{""2"": 20}",0,20,0,0,
results\d5_formal\raw_r1\boot_04\batch_20260919T134415.528820Z_7ff79f62.json.gz,20260919T134415.528820Z_7ff79f62,4,78de548c-168e-47a4-b0a0-06fb0a2759b0,d5_78de548c-168e-47a4-b0a0-06fb0a2759b0_8604_2a6c1a24,264,test:hiding,rootkit,cpu,role_aggregate,20,128,32,middle,True,True,0,20,40,"{""2"": 20}",0,20,0,0,
results\d5_formal\raw_r1\boot_04\batch_20260919T134424.431902Z_cda07e75.json.gz,20260919T134424.431902Z_cda07e75,4,78de548c-168e-47a4-b0a0-06fb0a2759b0,d5_78de548c-168e-47a4-b0a0-06fb0a2759b0_8604_2a6c1a24,265,test:hiding,rootkit,cpu,role_aggregate,20,128,32,middle,True,True,0,20,40,"{""2"": 20}",0,20,0,0,
results\d5_formal\raw_r1\boot_04\batch_20260919T134433.558032Z_855b214d.json.gz,20260919T134433.558032Z_855b214d,4,78de548c-168e-47a4-b0a0-06fb0a2759b0,d5_78de548c-168e-47a4-b0a0-06fb0a2759b0_8604_2a6c1a24,266,test:hiding,rootkit,cpu,role_aggregate,20,128,32,middle,True,True,0,20,40,"{""2"": 20}",0,20,0,0,
results\d5_formal\raw_r1\boot_04\batch_20260919T134442.645284Z_ef04d883.json.gz,20260919T134442.645284Z_ef04d883,4,78de548c-168e-47a4-b0a0-06fb0a2759b0,d5_78de548c-168e-47a4-b0a0-06fb0a2759b0_8604_2a6c1a24,267,test:hiding,rootkit,cpu,role_aggregate,20,128,32,middle,True,True,0,20,40,"{""2"": 20}",0,20,0,0,
results\d5_formal\raw_r1\boot_04\batch_20260919T134451.546342Z_32ad4ffd.json.gz,20260919T134451.546342Z_32ad4ffd,4,78de548c-168e-47a4-b0a0-06fb0a2759b0,d5_78de548c-168e-47a4-b0a0-06fb0a2759b0_8604_2a6c1a24,268,test:hiding,rootkit,cpu,role_aggregate,20,128,32,middle,True,True,0,20,40,"{""2"": 20}",0,20,0,0,
results\d5_formal\raw_r1\boot_04\batch_20260919T134500.520809Z_b568e527.json.gz,20260919T134500.520809Z_b568e527,4,78de548c-168e-47a4-b0a0-06fb0a2759b0,d5_78de548c-168e-47a4-b0a0-06fb0a2759b0_8604_2a6c1a24,269,test:hiding,rootkit,cpu,role_aggregate,20,128,32,middle,True,True,0,20,40,"{""2"": 20}",0,20,0,0,
results\d5_formal\raw_r1\boot_04\batch_20260919T134509.669133Z_b5e3859a.json.gz,20260919T134509.669133Z_b5e3859a,4,78de548c-168e-47a4-b0a0-06fb0a2759b0,d5_78de548c-168e-47a4-b0a0-06fb0a2759b0_8604_2a6c1a24,270,test:hiding,rootkit,cpu,role_aggregate,20,128,32,middle,True,True,0,20,40,"{""2"": 20}",0,20,0,0,
results\d5_formal\raw_r1\boot_04\batch_20260919T134518.649337Z_c98207e7.json.gz,20260919T134518.649337Z_c98207e7,4,78de548c-168e-47a4-b0a0-06fb0a2759b0,d5_78de548c-168e-47a4-b0a0-06fb0a2759b0_8604_2a6c1a24,271,test:hiding,rootkit,cpu,role_aggregate,20,128,32,middle,True,True,0,20,40,"{""2"": 20}",0,20,0,0,
results\d5_formal\raw_r1\boot_04\batch_20260919T134527.739296Z_b6a53040.json.gz,20260919T134527.739296Z_b6a53040,4,78de548c-168e-47a4-b0a0-06fb0a2759b0,d5_78de548c-168e-47a4-b0a0-06fb0a2759b0_8604_2a6c1a24,272,test:hiding,rootkit,cpu,role_aggregate,20,128,32,middle,True,True,0,20,40,"{""2"": 20}",0,20,0,0,
results\d5_formal\raw_r1\boot_04\batch_20260919T134536.835835Z_7e7c81f2.json.gz,20260919T134536.835835Z_7e7c81f2,4,78de548c-168e-47a4-b0a0-06fb0a2759b0,d5_78de548c-168e-47a4-b0a0-06fb0a2759b0_8604_2a6c1a24,273,test:hiding,rootkit,cpu,role_aggregate,20,128,32,middle,True,True,0,20,40,"{""2"": 20}",0,20,0,0,
results\d5_formal\raw_r1\boot_04\batch_20260919T134545.702178Z_fd0507ff.json.gz,20260919T134545.702178Z_fd0507ff,4,78de548c-168e-47a4-b0a0-06fb0a2759b0,d5_78de548c-168e-47a4-b0a0-06fb0a2759b0_8604_2a6c1a24,274,test:hiding,rootkit,cpu,role_aggregate,20,128,32,middle,True,True,0,20,40,"{""2"": 20}",0,20,0,0,
results\d5_formal\raw_r1\boot_04\batch_20260919T134554.519259Z_865c1c5a.json.gz,20260919T134554.519259Z_865c1c5a,4,78de548c-168e-47a4-b0a0-06fb0a2759b0,d5_78de548c-168e-47a4-b0a0-06fb0a2759b0_8604_2a6c1a24,275,test:hiding,rootkit,cpu,role_aggregate,20,128,32,middle,True,True,0,20,40,"{""2"": 20}",0,20,0,0,
results\d5_formal\raw_r1\boot_04\batch_20260919T134603.395420Z_7f2b8120.json.gz,20260919T134603.395420Z_7f2b8120,4,78de548c-168e-47a4-b0a0-06fb0a2759b0,d5_78de548c-168e-47a4-b0a0-06fb0a2759b0_8604_2a6c1a24,276,test:hiding,rootkit,cpu,role_aggregate,20,128,32,middle,True,True,0,20,40,"{""2"": 20}",0,20,0,0,
results\d5_formal\raw_r1\boot_04\batch_20260919T134612.252124Z_870fbd5e.json.gz,20260919T134612.252124Z_870fbd5e,4,78de548c-168e-47a4-b0a0-06fb0a2759b0,d5_78de548c-168e-47a4-b0a0-06fb0a2759b0_8604_2a6c1a24,277,test:hiding,rootkit,cpu,role_aggregate,20,128,32,middle,True,True,0,20,40,"{""2"": 20}",0,20,0,0,
results\d5_formal\raw_r1\boot_04\batch_20260919T134621.141214Z_58809c9d.json.gz,20260919T134621.141214Z_58809c9d,4,78de548c-168e-47a4-b0a0-06fb0a2759b0,d5_78de548c-168e-47a4-b0a0-06fb0a2759b0_8604_2a6c1a24,278,test:hiding,rootkit,cpu,role_aggregate,20,128,32,middle,True,True,0,20,40,"{""2"": 20}",0,20,0,0,
results\d5_formal\raw_r1\boot_04\batch_20260919T134630.095264Z_a2baf475.json.gz,20260919T134630.095264Z_a2baf475,4,78de548c-168e-47a4-b0a0-06fb0a2759b0,d5_78de548c-168e-47a4-b0a0-06fb0a2759b0_8604_2a6c1a24,279,test:hiding,rootkit,cpu,role_aggregate,20,128,32,middle,True,True,0,20,40,"{""2"": 20}",0,20,0,0,
results\d5_formal\raw_r1\boot_04\batch_20260919T134638.975267Z_d074cf7b.json.gz,20260919T134638.975267Z_d074cf7b,4,78de548c-168e-47a4-b0a0-06fb0a2759b0,d5_78de548c-168e-47a4-b0a0-06fb0a2759b0_8604_2a6c1a24,280,test:hiding,rootkit,cpu,role_aggregate,20,128,32,middle,True,True,0,20,40,"{""2"": 20}",0,20,0,0,
results\d5_formal\raw_r1\boot_04\batch_20260919T134647.842124Z_99b07155.json.gz,20260919T134647.842124Z_99b07155,4,78de548c-168e-47a4-b0a0-06fb0a2759b0,d5_78de548c-168e-47a4-b0a0-06fb0a2759b0_8604_2a6c1a24,281,test:hiding,rootkit,cpu,role_aggregate,20,128,32,middle,True,True,0,20,40,"{""2"": 20}",0,20,0,0,
results\d5_formal\raw_r1\boot_04\batch_20260919T134656.815044Z_84f77f16.json.gz,20260919T134656.815044Z_84f77f16,4,78de548c-168e-47a4-b0a0-06fb0a2759b0,d5_78de548c-168e-47a4-b0a0-06fb0a2759b0_8604_2a6c1a24,282,test:hiding,rootkit,cpu,role_aggregate,20,128,32,middle,True,True,0,20,40,"{""2"": 20}",0,20,0,0,
results\d5_formal\raw_r1\boot_04\batch_20260919T134705.739291Z_69f3b1b6.json.gz,20260919T134705.739291Z_69f3b1b6,4,78de548c-168e-47a4-b0a0-06fb0a2759b0,d5_78de548c-168e-47a4-b0a0-06fb0a2759b0_8604_2a6c1a24,283,test:hiding,rootkit,cpu,role_aggregate,20,128,32,middle,True,True,0,20,40,"{""2"": 20}",0,20,0,0,
results\d5_formal\raw_r1\boot_04\batch_20260919T134714.810146Z_d4cd4a51.json.gz,20260919T134714.810146Z_d4cd4a51,4,78de548c-168e-47a4-b0a0-06fb0a2759b0,d5_78de548c-168e-47a4-b0a0-06fb0a2759b0_8604_2a6c1a24,284,test:hiding,rootkit,cpu,role_aggregate,20,128,32,middle,True,True,0,20,40,"{""2"": 20}",0,20,0,0,
results\d5_formal\raw_r1\boot_04\batch_20260919T134723.679231Z_22f546cc.json.gz,20260919T134723.679231Z_22f546cc,4,78de548c-168e-47a4-b0a0-06fb0a2759b0,d5_78de548c-168e-47a4-b0a0-06fb0a2759b0_8604_2a6c1a24,285,test:hiding,rootkit,cpu,role_aggregate,20,128,32,middle,True,True,0,20,40,"{""2"": 20}",0,20,0,0,
results\d5_formal\raw_r1\boot_04\batch_20260919T134732.603241Z_ec6e0915.json.gz,20260919T134732.603241Z_ec6e0915,4,78de548c-168e-47a4-b0a0-06fb0a2759b0,d5_78de548c-168e-47a4-b0a0-06fb0a2759b0_8604_2a6c1a24,286,test:hiding,rootkit,cpu,role_aggregate,20,128,32,middle,True,True,0,20,40,"{""2"": 20}",0,20,0,0,
results\d5_formal\raw_r1\boot_04\batch_20260919T134741.500005Z_0eeac72f.json.gz,20260919T134741.500005Z_0eeac72f,4,78de548c-168e-47a4-b0a0-06fb0a2759b0,d5_78de548c-168e-47a4-b0a0-06fb0a2759b0_8604_2a6c1a24,287,test:hiding,rootkit,cpu,role_aggregate,20,128,32,middle,True,True,0,20,40,"{""2"": 20}",0,20,0,0,
results\d5_formal\raw_r1\boot_04\batch_20260919T134745.262983Z_dfcc31cb.json.gz,20260919T134745.262983Z_dfcc31cb,4,78de548c-168e-47a4-b0a0-06fb0a2759b0,d5_78de548c-168e-47a4-b0a0-06fb0a2759b0_8604_2a6c1a24,288,test:hiding,rootkit,memory,role_aggregate,20,128,32,middle,True,True,0,20,40,"{""2"": 20}",0,20,0,0,
results\d5_formal\raw_r1\boot_04\batch_20260919T134749.266167Z_9a873fca.json.gz,20260919T134749.266167Z_9a873fca,4,78de548c-168e-47a4-b0a0-06fb0a2759b0,d5_78de548c-168e-47a4-b0a0-06fb0a2759b0_8604_2a6c1a24,289,test:hiding,rootkit,memory,role_aggregate,20,128,32,middle,True,True,0,20,40,"{""2"": 20}",0,20,0,0,
results\d5_formal\raw_r1\boot_04\batch_20260919T134753.062446Z_599bc69c.json.gz,20260919T134753.062446Z_599bc69c,4,78de548c-168e-47a4-b0a0-06fb0a2759b0,d5_78de548c-168e-47a4-b0a0-06fb0a2759b0_8604_2a6c1a24,290,test:hiding,rootkit,memory,role_aggregate,20,128,32,middle,True,True,0,20,40,"{""2"": 20}",0,20,0,0,
results\d5_formal\raw_r1\boot_04\batch_20260919T134757.035907Z_e001f342.json.gz,20260919T134757.035907Z_e001f342,4,78de548c-168e-47a4-b0a0-06fb0a2759b0,d5_78de548c-168e-47a4-b0a0-06fb0a2759b0_8604_2a6c1a24,291,test:hiding,rootkit,memory,role_aggregate,20,128,32,middle,True,True,0,20,40,"{""2"": 20}",0,20,0,0,
results\d5_formal\raw_r1\boot_04\batch_20260919T134800.786919Z_a600968d.json.gz,20260919T134800.786919Z_a600968d,4,78de548c-168e-47a4-b0a0-06fb0a2759b0,d5_78de548c-168e-47a4-b0a0-06fb0a2759b0_8604_2a6c1a24,292,test:hiding,rootkit,memory,role_aggregate,20,128,32,middle,True,True,0,20,40,"{""2"": 20}",0,20,0,0,
results\d5_formal\raw_r1\boot_04\batch_20260919T134804.629766Z_50e75f5d.json.gz,20260919T134804.629766Z_50e75f5d,4,78de548c-168e-47a4-b0a0-06fb0a2759b0,d5_78de548c-168e-47a4-b0a0-06fb0a2759b0_8604_2a6c1a24,293,test:hiding,rootkit,memory,role_aggregate,20,128,32,middle,True,True,0,20,40,"{""2"": 20}",0,20,0,0,
results\d5_formal\raw_r1\boot_04\batch_20260919T134808.534056Z_df8bf40a.json.gz,20260919T134808.534056Z_df8bf40a,4,78de548c-168e-47a4-b0a0-06fb0a2759b0,d5_78de548c-168e-47a4-b0a0-06fb0a2759b0_8604_2a6c1a24,294,test:hiding,rootkit,memory,role_aggregate,20,128,32,middle,True,True,0,20,40,"{""2"": 20}",0,20,0,0,
results\d5_formal\raw_r1\boot_04\batch_20260919T134812.343213Z_ea9f4145.json.gz,20260919T134812.343213Z_ea9f4145,4,78de548c-168e-47a4-b0a0-06fb0a2759b0,d5_78de548c-168e-47a4-b0a0-06fb0a2759b0_8604_2a6c1a24,295,test:hiding,rootkit,memory,role_aggregate,20,128,32,middle,True,True,0,20,40,"{""2"": 20}",0,20,0,0,
results\d5_formal\raw_r1\boot_04\batch_20260919T134816.326442Z_5d90bb8c.json.gz,20260919T134816.326442Z_5d90bb8c,4,78de548c-168e-47a4-b0a0-06fb0a2759b0,d5_78de548c-168e-47a4-b0a0-06fb0a2759b0_8604_2a6c1a24,296,test:hiding,rootkit,memory,role_aggregate,20,128,32,middle,True,True,0,20,40,"{""2"": 20}",0,20,0,0,
results\d5_formal\raw_r1\boot_04\batch_20260919T134820.134552Z_3aac80bd.json.gz,20260919T134820.134552Z_3aac80bd,4,78de548c-168e-47a4-b0a0-06fb0a2759b0,d5_78de548c-168e-47a4-b0a0-06fb0a2759b0_8604_2a6c1a24,297,test:hiding,rootkit,memory,role_aggregate,20,128,32,middle,True,True,0,20,40,"{""2"": 20}",0,20,0,0,
results\d5_formal\raw_r1\boot_04\batch_20260919T134824.019707Z_2572b394.json.gz,20260919T134824.019707Z_2572b394,4,78de548c-168e-47a4-b0a0-06fb0a2759b0,d5_78de548c-168e-47a4-b0a0-06fb0a2759b0_8604_2a6c1a24,298,test:hiding,rootkit,memory,role_aggregate,20,128,32,middle,True,True,0,20,40,"{""2"": 20}",0,20,0,0,
results\d5_formal\raw_r1\boot_04\batch_20260919T134827.898315Z_c3594e85.json.gz,20260919T134827.898315Z_c3594e85,4,78de548c-168e-47a4-b0a0-06fb0a2759b0,d5_78de548c-168e-47a4-b0a0-06fb0a2759b0_8604_2a6c1a24,299,test:hiding,rootkit,memory,role_aggregate,20,128,32,middle,True,True,0,20,40,"{""2"": 20}",0,20,0,0,
results\d5_formal\raw_r1\boot_04\batch_20260919T134831.716308Z_7f6a6eb4.json.gz,20260919T134831.716308Z_7f6a6eb4,4,78de548c-168e-47a4-b0a0-06fb0a2759b0,d5_78de548c-168e-47a4-b0a0-06fb0a2759b0_8604_2a6c1a24,300,test:hiding,rootkit,memory,role_aggregate,20,128,32,middle,True,True,0,20,40,"{""2"": 20}",0,20,0,0,
results\d5_formal\raw_r1\boot_04\batch_20260919T134835.500891Z_c5cfa22f.json.gz,20260919T134835.500891Z_c5cfa22f,4,78de548c-168e-47a4-b0a0-06fb0a2759b0,d5_78de548c-168e-47a4-b0a0-06fb0a2759b0_8604_2a6c1a24,301,test:hiding,rootkit,memory,role_aggregate,20,128,32,middle,True,True,0,20,40,"{""2"": 20}",0,20,0,0,
results\d5_formal\raw_r1\boot_04\batch_20260919T134839.336134Z_61ae7f60.json.gz,20260919T134839.336134Z_61ae7f60,4,78de548c-168e-47a4-b0a0-06fb0a2759b0,d5_78de548c-168e-47a4-b0a0-06fb0a2759b0_8604_2a6c1a24,302,test:hiding,rootkit,memory,role_aggregate,20,128,32,middle,True,True,0,20,40,"{""2"": 20}",0,20,0,0,
results\d5_formal\raw_r1\boot_04\batch_20260919T134843.347608Z_fcc32adc.json.gz,20260919T134843.347608Z_fcc32adc,4,78de548c-168e-47a4-b0a0-06fb0a2759b0,d5_78de548c-168e-47a4-b0a0-06fb0a2759b0_8604_2a6c1a24,303,test:hiding,rootkit,memory,role_aggregate,20,128,32,middle,True,True,0,20,40,"{""2"": 20}",0,20,0,0,
results\d5_formal\raw_r1\boot_04\batch_20260919T134847.201902Z_ba384b16.json.gz,20260919T134847.201902Z_ba384b16,4,78de548c-168e-47a4-b0a0-06fb0a2759b0,d5_78de548c-168e-47a4-b0a0-06fb0a2759b0_8604_2a6c1a24,304,test:hiding,rootkit,memory,role_aggregate,20,128,32,middle,True,True,0,20,40,"{""2"": 20}",0,20,0,0,
results\d5_formal\raw_r1\boot_04\batch_20260919T134851.023759Z_73e4992e.json.gz,20260919T134851.023759Z_73e4992e,4,78de548c-168e-47a4-b0a0-06fb0a2759b0,d5_78de548c-168e-47a4-b0a0-06fb0a2759b0_8604_2a6c1a24,305,test:hiding,rootkit,memory,role_aggregate,20,128,32,middle,True,True,0,20,40,"{""2"": 20}",0,20,0,0,
results\d5_formal\raw_r1\boot_04\batch_20260919T134855.023350Z_f68be7ee.json.gz,20260919T134855.023350Z_f68be7ee,4,78de548c-168e-47a4-b0a0-06fb0a2759b0,d5_78de548c-168e-47a4-b0a0-06fb0a2759b0_8604_2a6c1a24,306,test:hiding,rootkit,memory,role_aggregate,20,128,32,middle,True,True,0,20,40,"{""2"": 20}",0,20,0,0,
results\d5_formal\raw_r1\boot_04\batch_20260919T134858.954198Z_fbf5ddbf.json.gz,20260919T134858.954198Z_fbf5ddbf,4,78de548c-168e-47a4-b0a0-06fb0a2759b0,d5_78de548c-168e-47a4-b0a0-06fb0a2759b0_8604_2a6c1a24,307,test:hiding,rootkit,memory,role_aggregate,20,128,32,middle,True,True,0,20,40,"{""2"": 20}",0,20,0,0,
results\d5_formal\raw_r1\boot_04\batch_20260919T134902.797373Z_476add9f.json.gz,20260919T134902.797373Z_476add9f,4,78de548c-168e-47a4-b0a0-06fb0a2759b0,d5_78de548c-168e-47a4-b0a0-06fb0a2759b0_8604_2a6c1a24,308,test:hiding,rootkit,memory,role_aggregate,20,128,32,middle,True,True,0,20,40,"{""2"": 20}",0,20,0,0,
results\d5_formal\raw_r1\boot_04\batch_20260919T134906.560173Z_aeef4d5d.json.gz,20260919T134906.560173Z_aeef4d5d,4,78de548c-168e-47a4-b0a0-06fb0a2759b0,d5_78de548c-168e-47a4-b0a0-06fb0a2759b0_8604_2a6c1a24,309,test:hiding,rootkit,memory,role_aggregate,20,128,32,middle,True,True,0,20,40,"{""2"": 20}",0,20,0,0,
results\d5_formal\raw_r1\boot_04\batch_20260919T134910.560108Z_c47e8eb2.json.gz,20260919T134910.560108Z_c47e8eb2,4,78de548c-168e-47a4-b0a0-06fb0a2759b0,d5_78de548c-168e-47a4-b0a0-06fb0a2759b0_8604_2a6c1a24,310,test:hiding,rootkit,memory,role_aggregate,20,128,32,middle,True,True,0,20,40,"{""2"": 20}",0,20,0,0,
results\d5_formal\raw_r1\boot_04\batch_20260919T134914.385868Z_de6b7b59.json.gz,20260919T134914.385868Z_de6b7b59,4,78de548c-168e-47a4-b0a0-06fb0a2759b0,d5_78de548c-168e-47a4-b0a0-06fb0a2759b0_8604_2a6c1a24,311,test:hiding,rootkit,memory,role_aggregate,20,128,32,middle,True,True,0,20,40,"{""2"": 20}",0,20,0,0,
results\d5_formal\raw_r1\boot_04\batch_20260919T134918.214999Z_445986b5.json.gz,20260919T134918.214999Z_445986b5,4,78de548c-168e-47a4-b0a0-06fb0a2759b0,d5_78de548c-168e-47a4-b0a0-06fb0a2759b0_8604_2a6c1a24,312,test:hiding,rootkit,memory,role_aggregate,20,128,32,middle,True,True,0,20,40,"{""2"": 20}",0,20,0,0,
results\d5_formal\raw_r1\boot_04\batch_20260919T134922.097273Z_09813e9f.json.gz,20260919T134922.097273Z_09813e9f,4,78de548c-168e-47a4-b0a0-06fb0a2759b0,d5_78de548c-168e-47a4-b0a0-06fb0a2759b0_8604_2a6c1a24,313,test:hiding,rootkit,memory,role_aggregate,20,128,32,middle,True,True,0,20,40,"{""2"": 20}",0,20,0,0,
results\d5_formal\raw_r1\boot_04\batch_20260919T134925.890692Z_9f5061b7.json.gz,20260919T134925.890692Z_9f5061b7,4,78de548c-168e-47a4-b0a0-06fb0a2759b0,d5_78de548c-168e-47a4-b0a0-06fb0a2759b0_8604_2a6c1a24,314,test:hiding,rootkit,memory,role_aggregate,20,128,32,middle,True,True,0,20,40,"{""2"": 20}",0,20,0,0,
results\d5_formal\raw_r1\boot_04\batch_20260919T134929.762907Z_9ca1bce2.json.gz,20260919T134929.762907Z_9ca1bce2,4,78de548c-168e-47a4-b0a0-06fb0a2759b0,d5_78de548c-168e-47a4-b0a0-06fb0a2759b0_8604_2a6c1a24,315,test:hiding,rootkit,memory,role_aggregate,20,128,32,middle,True,True,0,20,40,"{""2"": 20}",0,20,0,0,
results\d5_formal\raw_r1\boot_04\batch_20260919T134933.546007Z_bb4cb1d9.json.gz,20260919T134933.546007Z_bb4cb1d9,4,78de548c-168e-47a4-b0a0-06fb0a2759b0,d5_78de548c-168e-47a4-b0a0-06fb0a2759b0_8604_2a6c1a24,316,test:hiding,rootkit,memory,role_aggregate,20,128,32,middle,True,True,0,20,40,"{""2"": 20}",0,20,0,0,
results\d5_formal\raw_r1\boot_04\batch_20260919T134937.357305Z_3bcfe095.json.gz,20260919T134937.357305Z_3bcfe095,4,78de548c-168e-47a4-b0a0-06fb0a2759b0,d5_78de548c-168e-47a4-b0a0-06fb0a2759b0_8604_2a6c1a24,317,test:hiding,rootkit,memory,role_aggregate,20,128,32,middle,True,True,0,20,40,"{""2"": 20}",0,20,0,0,
results\d5_formal\raw_r1\boot_04\batch_20260919T134941.175058Z_749b7028.json.gz,20260919T134941.175058Z_749b7028,4,78de548c-168e-47a4-b0a0-06fb0a2759b0,d5_78de548c-168e-47a4-b0a0-06fb0a2759b0_8604_2a6c1a24,318,test:hiding,rootkit,memory,role_aggregate,20,128,32,middle,True,True,0,20,40,"{""2"": 20}",0,20,0,0,
results\d5_formal\raw_r1\boot_04\batch_20260919T134945.002130Z_1069e208.json.gz,20260919T134945.002130Z_1069e208,4,78de548c-168e-47a4-b0a0-06fb0a2759b0,d5_78de548c-168e-47a4-b0a0-06fb0a2759b0_8604_2a6c1a24,319,test:hiding,rootkit,memory,role_aggregate,20,128,32,middle,True,True,0,20,40,"{""2"": 20}",0,20,0,0,
results\d5_formal\raw_r1\boot_04\batch_20260919T134948.776168Z_9b4aad10.json.gz,20260919T134948.776168Z_9b4aad10,4,78de548c-168e-47a4-b0a0-06fb0a2759b0,d5_78de548c-168e-47a4-b0a0-06fb0a2759b0_8604_2a6c1a24,320,test:hiding,rootkit,memory,role_aggregate,20,128,32,middle,True,True,0,20,40,"{""2"": 20}",0,20,0,0,
results\d5_formal\raw_r1\boot_04\batch_20260919T134952.603314Z_efbae545.json.gz,20260919T134952.603314Z_efbae545,4,78de548c-168e-47a4-b0a0-06fb0a2759b0,d5_78de548c-168e-47a4-b0a0-06fb0a2759b0_8604_2a6c1a24,321,test:hiding,rootkit,memory,role_aggregate,20,128,32,middle,True,True,0,20,40,"{""2"": 20}",0,20,0,0,
results\d5_formal\raw_r1\boot_04\batch_20260919T134956.447171Z_69b81f6a.json.gz,20260919T134956.447171Z_69b81f6a,4,78de548c-168e-47a4-b0a0-06fb0a2759b0,d5_78de548c-168e-47a4-b0a0-06fb0a2759b0_8604_2a6c1a24,322,test:hiding,rootkit,memory,role_aggregate,20,128,32,middle,True,True,0,20,40,"{""2"": 20}",0,20,0,0,
results\d5_formal\raw_r1\boot_04\batch_20260919T135000.285925Z_a20c632d.json.gz,20260919T135000.285925Z_a20c632d,4,78de548c-168e-47a4-b0a0-06fb0a2759b0,d5_78de548c-168e-47a4-b0a0-06fb0a2759b0_8604_2a6c1a24,323,test:hiding,rootkit,memory,role_aggregate,20,128,32,middle,True,True,0,20,40,"{""2"": 20}",0,20,0,0,
results\d5_formal\raw_r1\boot_04\batch_20260919T135004.202408Z_5dae95d8.json.gz,20260919T135004.202408Z_5dae95d8,4,78de548c-168e-47a4-b0a0-06fb0a2759b0,d5_78de548c-168e-47a4-b0a0-06fb0a2759b0_8604_2a6c1a24,324,test:hiding,rootkit,memory,role_aggregate,20,128,32,middle,True,True,0,20,40,"{""2"": 20}",0,20,0,0,
results\d5_formal\raw_r1\boot_04\batch_20260919T135007.987305Z_0c0178bf.json.gz,20260919T135007.987305Z_0c0178bf,4,78de548c-168e-47a4-b0a0-06fb0a2759b0,d5_78de548c-168e-47a4-b0a0-06fb0a2759b0_8604_2a6c1a24,325,test:hiding,rootkit,memory,role_aggregate,20,128,32,middle,True,True,0,20,40,"{""2"": 20}",0,20,0,0,
results\d5_formal\raw_r1\boot_04\batch_20260919T135011.853431Z_4e0e9c0b.json.gz,20260919T135011.853431Z_4e0e9c0b,4,78de548c-168e-47a4-b0a0-06fb0a2759b0,d5_78de548c-168e-47a4-b0a0-06fb0a2759b0_8604_2a6c1a24,326,test:hiding,rootkit,memory,role_aggregate,20,128,32,middle,True,True,0,20,40,"{""2"": 20}",0,20,0,0,
results\d5_formal\raw_r1\boot_04\batch_20260919T135015.726982Z_507b5de4.json.gz,20260919T135015.726982Z_507b5de4,4,78de548c-168e-47a4-b0a0-06fb0a2759b0,d5_78de548c-168e-47a4-b0a0-06fb0a2759b0_8604_2a6c1a24,327,test:hiding,rootkit,memory,role_aggregate,20,128,32,middle,True,True,0,20,40,"{""2"": 20}",0,20,0,0,
results\d5_formal\raw_r1\boot_04\batch_20260919T135024.673988Z_e3f125f3.json.gz,20260919T135024.673988Z_e3f125f3,4,78de548c-168e-47a4-b0a0-06fb0a2759b0,d5_78de548c-168e-47a4-b0a0-06fb0a2759b0_8604_2a6c1a24,328,test:hiding,rootkit,mixed,role_aggregate,20,128,32,middle,True,True,0,20,40,"{""2"": 20}",0,20,0,0,
results\d5_formal\raw_r1\boot_04\batch_20260919T135033.580382Z_4a8ff0ff.json.gz,20260919T135033.580382Z_4a8ff0ff,4,78de548c-168e-47a4-b0a0-06fb0a2759b0,d5_78de548c-168e-47a4-b0a0-06fb0a2759b0_8604_2a6c1a24,329,test:hiding,rootkit,mixed,role_aggregate,20,128,32,middle,True,True,0,20,40,"{""2"": 20}",0,20,0,0,
results\d5_formal\raw_r1\boot_04\batch_20260919T135042.570013Z_17b4b72c.json.gz,20260919T135042.570013Z_17b4b72c,4,78de548c-168e-47a4-b0a0-06fb0a2759b0,d5_78de548c-168e-47a4-b0a0-06fb0a2759b0_8604_2a6c1a24,330,test:hiding,rootkit,mixed,role_aggregate,20,128,32,middle,True,True,0,20,40,"{""2"": 20}",0,20,0,0,
results\d5_formal\raw_r1\boot_04\batch_20260919T135051.514087Z_1dc96db4.json.gz,20260919T135051.514087Z_1dc96db4,4,78de548c-168e-47a4-b0a0-06fb0a2759b0,d5_78de548c-168e-47a4-b0a0-06fb0a2759b0_8604_2a6c1a24,331,test:hiding,rootkit,mixed,role_aggregate,20,128,32,middle,True,True,0,20,40,"{""2"": 20}",0,20,0,0,
results\d5_formal\raw_r1\boot_04\batch_20260919T135100.442011Z_4b5db287.json.gz,20260919T135100.442011Z_4b5db287,4,78de548c-168e-47a4-b0a0-06fb0a2759b0,d5_78de548c-168e-47a4-b0a0-06fb0a2759b0_8604_2a6c1a24,332,test:hiding,rootkit,mixed,role_aggregate,20,128,32,middle,True,True,0,20,40,"{""2"": 20}",0,20,0,0,
results\d5_formal\raw_r1\boot_04\batch_20260919T135109.302941Z_7620862f.json.gz,20260919T135109.302941Z_7620862f,4,78de548c-168e-47a4-b0a0-06fb0a2759b0,d5_78de548c-168e-47a4-b0a0-06fb0a2759b0_8604_2a6c1a24,333,test:hiding,rootkit,mixed,role_aggregate,20,128,32,middle,True,True,0,20,40,"{""2"": 20}",0,20,0,0,
results\d5_formal\raw_r1\boot_04\batch_20260919T135118.206053Z_e44b3009.json.gz,20260919T135118.206053Z_e44b3009,4,78de548c-168e-47a4-b0a0-06fb0a2759b0,d5_78de548c-168e-47a4-b0a0-06fb0a2759b0_8604_2a6c1a24,334,test:hiding,rootkit,mixed,role_aggregate,20,128,32,middle,True,True,0,20,40,"{""2"": 20}",0,20,0,0,
results\d5_formal\raw_r1\boot_04\batch_20260919T135127.032072Z_90c794ba.json.gz,20260919T135127.032072Z_90c794ba,4,78de548c-168e-47a4-b0a0-06fb0a2759b0,d5_78de548c-168e-47a4-b0a0-06fb0a2759b0_8604_2a6c1a24,335,test:hiding,rootkit,mixed,role_aggregate,20,128,32,middle,True,True,0,20,40,"{""2"": 20}",0,20,0,0,
results\d5_formal\raw_r1\boot_04\batch_20260919T135136.021270Z_4751396b.json.gz,20260919T135136.021270Z_4751396b,4,78de548c-168e-47a4-b0a0-06fb0a2759b0,d5_78de548c-168e-47a4-b0a0-06fb0a2759b0_8604_2a6c1a24,336,test:hiding,rootkit,mixed,role_aggregate,20,128,32,middle,True,True,0,20,40,"{""2"": 20}",0,20,0,0,
results\d5_formal\raw_r1\boot_04\batch_20260919T135144.919989Z_079146bf.json.gz,20260919T135144.919989Z_079146bf,4,78de548c-168e-47a4-b0a0-06fb0a2759b0,d5_78de548c-168e-47a4-b0a0-06fb0a2759b0_8604_2a6c1a24,337,test:hiding,rootkit,mixed,role_aggregate,20,128,32,middle,True,True,0,20,40,"{""2"": 20}",0,20,0,0,
results\d5_formal\raw_r1\boot_04\batch_20260919T135153.735865Z_f4be1b1b.json.gz,20260919T135153.735865Z_f4be1b1b,4,78de548c-168e-47a4-b0a0-06fb0a2759b0,d5_78de548c-168e-47a4-b0a0-06fb0a2759b0_8604_2a6c1a24,338,test:hiding,rootkit,mixed,role_aggregate,20,128,32,middle,True,True,0,20,40,"{""2"": 20}",0,20,0,0,
results\d5_formal\raw_r1\boot_04\batch_20260919T135202.714952Z_01892441.json.gz,20260919T135202.714952Z_01892441,4,78de548c-168e-47a4-b0a0-06fb0a2759b0,d5_78de548c-168e-47a4-b0a0-06fb0a2759b0_8604_2a6c1a24,339,test:hiding,rootkit,mixed,role_aggregate,20,128,32,middle,True,True,0,20,40,"{""2"": 20}",0,20,0,0,
results\d5_formal\raw_r1\boot_04\batch_20260919T135211.607940Z_d622819a.json.gz,20260919T135211.607940Z_d622819a,4,78de548c-168e-47a4-b0a0-06fb0a2759b0,d5_78de548c-168e-47a4-b0a0-06fb0a2759b0_8604_2a6c1a24,340,test:hiding,rootkit,mixed,role_aggregate,20,128,32,middle,True,True,0,20,40,"{""2"": 20}",0,20,0,0,
results\d5_formal\raw_r1\boot_04\batch_20260919T135220.586182Z_730d2251.json.gz,20260919T135220.586182Z_730d2251,4,78de548c-168e-47a4-b0a0-06fb0a2759b0,d5_78de548c-168e-47a4-b0a0-06fb0a2759b0_8604_2a6c1a24,341,test:hiding,rootkit,mixed,role_aggregate,20,128,32,middle,True,True,0,20,40,"{""2"": 20}",0,20,0,0,
results\d5_formal\raw_r1\boot_04\batch_20260919T135229.646675Z_5bf0e4ab.json.gz,20260919T135229.646675Z_5bf0e4ab,4,78de548c-168e-47a4-b0a0-06fb0a2759b0,d5_78de548c-168e-47a4-b0a0-06fb0a2759b0_8604_2a6c1a24,342,test:hiding,rootkit,mixed,role_aggregate,20,128,32,middle,True,True,0,20,40,"{""2"": 20}",0,20,0,0,
results\d5_formal\raw_r1\boot_04\batch_20260919T135238.506201Z_81088e28.json.gz,20260919T135238.506201Z_81088e28,4,78de548c-168e-47a4-b0a0-06fb0a2759b0,d5_78de548c-168e-47a4-b0a0-06fb0a2759b0_8604_2a6c1a24,343,test:hiding,rootkit,mixed,role_aggregate,20,128,32,middle,True,True,0,20,40,"{""2"": 20}",0,20,0,0,
results\d5_formal\raw_r1\boot_04\batch_20260919T135247.400045Z_546f416d.json.gz,20260919T135247.400045Z_546f416d,4,78de548c-168e-47a4-b0a0-06fb0a2759b0,d5_78de548c-168e-47a4-b0a0-06fb0a2759b0_8604_2a6c1a24,344,test:hiding,rootkit,mixed,role_aggregate,20,128,32,middle,True,True,0,20,40,"{""2"": 20}",0,20,0,0,
results\d5_formal\raw_r1\boot_04\batch_20260919T135256.524967Z_20ad56dc.json.gz,20260919T135256.524967Z_20ad56dc,4,78de548c-168e-47a4-b0a0-06fb0a2759b0,d5_78de548c-168e-47a4-b0a0-06fb0a2759b0_8604_2a6c1a24,345,test:hiding,rootkit,mixed,role_aggregate,20,128,32,middle,True,True,0,20,40,"{""2"": 20}",0,20,0,0,
results\d5_formal\raw_r1\boot_04\batch_20260919T135305.490937Z_df67a980.json.gz,20260919T135305.490937Z_df67a980,4,78de548c-168e-47a4-b0a0-06fb0a2759b0,d5_78de548c-168e-47a4-b0a0-06fb0a2759b0_8604_2a6c1a24,346,test:hiding,rootkit,mixed,role_aggregate,20,128,32,middle,True,True,0,20,40,"{""2"": 20}",0,20,0,0,
results\d5_formal\raw_r1\boot_04\batch_20260919T135314.414293Z_3739cb3c.json.gz,20260919T135314.414293Z_3739cb3c,4,78de548c-168e-47a4-b0a0-06fb0a2759b0,d5_78de548c-168e-47a4-b0a0-06fb0a2759b0_8604_2a6c1a24,347,test:hiding,rootkit,mixed,role_aggregate,20,128,32,middle,True,True,0,20,40,"{""2"": 20}",0,20,0,0,
results\d5_formal\raw_r1\boot_04\batch_20260919T135323.458925Z_4f7a86fc.json.gz,20260919T135323.458925Z_4f7a86fc,4,78de548c-168e-47a4-b0a0-06fb0a2759b0,d5_78de548c-168e-47a4-b0a0-06fb0a2759b0_8604_2a6c1a24,348,test:hiding,rootkit,mixed,role_aggregate,20,128,32,middle,True,True,0,20,40,"{""2"": 20}",0,20,0,0,
results\d5_formal\raw_r1\boot_04\batch_20260919T135332.299162Z_24f3818e.json.gz,20260919T135332.299162Z_24f3818e,4,78de548c-168e-47a4-b0a0-06fb0a2759b0,d5_78de548c-168e-47a4-b0a0-06fb0a2759b0_8604_2a6c1a24,349,test:hiding,rootkit,mixed,role_aggregate,20,128,32,middle,True,True,0,20,40,"{""2"": 20}",0,20,0,0,
results\d5_formal\raw_r1\boot_04\batch_20260919T135341.145094Z_d25e2cde.json.gz,20260919T135341.145094Z_d25e2cde,4,78de548c-168e-47a4-b0a0-06fb0a2759b0,d5_78de548c-168e-47a4-b0a0-06fb0a2759b0_8604_2a6c1a24,350,test:hiding,rootkit,mixed,role_aggregate,20,128,32,middle,True,True,0,20,40,"{""2"": 20}",0,20,0,0,
results\d5_formal\raw_r1\boot_04\batch_20260919T135349.968043Z_84ded5d6.json.gz,20260919T135349.968043Z_84ded5d6,4,78de548c-168e-47a4-b0a0-06fb0a2759b0,d5_78de548c-168e-47a4-b0a0-06fb0a2759b0_8604_2a6c1a24,351,test:hiding,rootkit,mixed,role_aggregate,20,128,32,middle,True,True,0,20,40,"{""2"": 20}",0,20,0,0,
results\d5_formal\raw_r1\boot_04\batch_20260919T135358.851992Z_012c79d9.json.gz,20260919T135358.851992Z_012c79d9,4,78de548c-168e-47a4-b0a0-06fb0a2759b0,d5_78de548c-168e-47a4-b0a0-06fb0a2759b0_8604_2a6c1a24,352,test:hiding,rootkit,mixed,role_aggregate,20,128,32,middle,True,True,0,20,40,"{""2"": 20}",0,20,0,0,
results\d5_formal\raw_r1\boot_04\batch_20260919T135407.746905Z_98b8178a.json.gz,20260919T135407.746905Z_98b8178a,4,78de548c-168e-47a4-b0a0-06fb0a2759b0,d5_78de548c-168e-47a4-b0a0-06fb0a2759b0_8604_2a6c1a24,353,test:hiding,rootkit,mixed,role_aggregate,20,128,32,middle,True,True,0,20,40,"{""2"": 20}",0,20,0,0,
results\d5_formal\raw_r1\boot_04\batch_20260919T135416.824361Z_21e4ed95.json.gz,20260919T135416.824361Z_21e4ed95,4,78de548c-168e-47a4-b0a0-06fb0a2759b0,d5_78de548c-168e-47a4-b0a0-06fb0a2759b0_8604_2a6c1a24,354,test:hiding,rootkit,mixed,role_aggregate,20,128,32,middle,True,True,0,20,40,"{""2"": 20}",0,20,0,0,
results\d5_formal\raw_r1\boot_04\batch_20260919T135425.746987Z_62839c04.json.gz,20260919T135425.746987Z_62839c04,4,78de548c-168e-47a4-b0a0-06fb0a2759b0,d5_78de548c-168e-47a4-b0a0-06fb0a2759b0_8604_2a6c1a24,355,test:hiding,rootkit,mixed,role_aggregate,20,128,32,middle,True,True,0,20,40,"{""2"": 20}",0,20,0,0,
results\d5_formal\raw_r1\boot_04\batch_20260919T135434.628978Z_69fcf95f.json.gz,20260919T135434.628978Z_69fcf95f,4,78de548c-168e-47a4-b0a0-06fb0a2759b0,d5_78de548c-168e-47a4-b0a0-06fb0a2759b0_8604_2a6c1a24,356,test:hiding,rootkit,mixed,role_aggregate,20,128,32,middle,True,True,0,20,40,"{""2"": 20}",0,20,0,0,
results\d5_formal\raw_r1\boot_04\batch_20260919T135443.833149Z_37708f53.json.gz,20260919T135443.833149Z_37708f53,4,78de548c-168e-47a4-b0a0-06fb0a2759b0,d5_78de548c-168e-47a4-b0a0-06fb0a2759b0_8604_2a6c1a24,357,test:hiding,rootkit,mixed,role_aggregate,20,128,32,middle,True,True,0,20,40,"{""2"": 20}",0,20,0,0,
results\d5_formal\raw_r1\boot_04\batch_20260919T135452.715315Z_b69da829.json.gz,20260919T135452.715315Z_b69da829,4,78de548c-168e-47a4-b0a0-06fb0a2759b0,d5_78de548c-168e-47a4-b0a0-06fb0a2759b0_8604_2a6c1a24,358,test:hiding,rootkit,mixed,role_aggregate,20,128,32,middle,True,True,0,20,40,"{""2"": 20}",0,20,0,0,
results\d5_formal\raw_r1\boot_04\batch_20260919T135501.625234Z_a4b399bb.json.gz,20260919T135501.625234Z_a4b399bb,4,78de548c-168e-47a4-b0a0-06fb0a2759b0,d5_78de548c-168e-47a4-b0a0-06fb0a2759b0_8604_2a6c1a24,359,test:hiding,rootkit,mixed,role_aggregate,20,128,32,middle,True,True,0,20,40,"{""2"": 20}",0,20,0,0,
results\d5_formal\raw_r1\boot_04\batch_20260919T135510.548924Z_688d9ca3.json.gz,20260919T135510.548924Z_688d9ca3,4,78de548c-168e-47a4-b0a0-06fb0a2759b0,d5_78de548c-168e-47a4-b0a0-06fb0a2759b0_8604_2a6c1a24,360,test:hiding,rootkit,mixed,role_aggregate,20,128,32,middle,True,True,0,20,40,"{""2"": 20}",0,20,0,0,
results\d5_formal\raw_r1\boot_04\batch_20260919T135519.383300Z_6f2b5ce0.json.gz,20260919T135519.383300Z_6f2b5ce0,4,78de548c-168e-47a4-b0a0-06fb0a2759b0,d5_78de548c-168e-47a4-b0a0-06fb0a2759b0_8604_2a6c1a24,361,test:hiding,rootkit,mixed,role_aggregate,20,128,32,middle,True,True,0,20,40,"{""2"": 20}",0,20,0,0,
results\d5_formal\raw_r1\boot_04\batch_20260919T135528.233016Z_20ca8c68.json.gz,20260919T135528.233016Z_20ca8c68,4,78de548c-168e-47a4-b0a0-06fb0a2759b0,d5_78de548c-168e-47a4-b0a0-06fb0a2759b0_8604_2a6c1a24,362,test:hiding,rootkit,mixed,role_aggregate,20,128,32,middle,True,True,0,20,40,"{""2"": 20}",0,20,0,0,
results\d5_formal\raw_r1\boot_04\batch_20260919T135537.230012Z_ca532fdd.json.gz,20260919T135537.230012Z_ca532fdd,4,78de548c-168e-47a4-b0a0-06fb0a2759b0,d5_78de548c-168e-47a4-b0a0-06fb0a2759b0_8604_2a6c1a24,363,test:hiding,rootkit,mixed,role_aggregate,20,128,32,middle,True,True,0,20,40,"{""2"": 20}",0,20,0,0,
results\d5_formal\raw_r1\boot_04\batch_20260919T135546.145964Z_0004b6c4.json.gz,20260919T135546.145964Z_0004b6c4,4,78de548c-168e-47a4-b0a0-06fb0a2759b0,d5_78de548c-168e-47a4-b0a0-06fb0a2759b0_8604_2a6c1a24,364,test:hiding,rootkit,mixed,role_aggregate,20,128,32,middle,True,True,0,20,40,"{""2"": 20}",0,20,0,0,
results\d5_formal\raw_r1\boot_04\batch_20260919T135555.080876Z_d7dc585e.json.gz,20260919T135555.080876Z_d7dc585e,4,78de548c-168e-47a4-b0a0-06fb0a2759b0,d5_78de548c-168e-47a4-b0a0-06fb0a2759b0_8604_2a6c1a24,365,test:hiding,rootkit,mixed,role_aggregate,20,128,32,middle,True,True,0,20,40,"{""2"": 20}",0,20,0,0,
results\d5_formal\raw_r1\boot_04\batch_20260919T135604.100102Z_9dea6184.json.gz,20260919T135604.100102Z_9dea6184,4,78de548c-168e-47a4-b0a0-06fb0a2759b0,d5_78de548c-168e-47a4-b0a0-06fb0a2759b0_8604_2a6c1a24,366,test:hiding,rootkit,mixed,role_aggregate,20,128,32,middle,True,True,0,20,40,"{""2"": 20}",0,20,0,0,
results\d5_formal\raw_r1\boot_04\batch_20260919T135612.980289Z_069a1b49.json.gz,20260919T135612.980289Z_069a1b49,4,78de548c-168e-47a4-b0a0-06fb0a2759b0,d5_78de548c-168e-47a4-b0a0-06fb0a2759b0_8604_2a6c1a24,367,test:hiding,rootkit,mixed,role_aggregate,20,128,32,middle,True,True,0,20,40,"{""2"": 20}",0,20,0,0,
results\d5_formal\raw_r1\boot_04\batch_20260919T135615.651881Z_5e47e1b4.json.gz,20260919T135615.651881Z_5e47e1b4,4,78de548c-168e-47a4-b0a0-06fb0a2759b0,d5_78de548c-168e-47a4-b0a0-06fb0a2759b0_8604_2a6c1a24,368,test:unloaded,normal,baseline,role_aggregate,20,128,32,middle,True,True,0,20,40,"{""2"": 20}",0,20,0,20,129
results\d5_formal\raw_r1\boot_04\batch_20260919T135617.828354Z_de81d7f4.json.gz,20260919T135617.828354Z_de81d7f4,4,78de548c-168e-47a4-b0a0-06fb0a2759b0,d5_78de548c-168e-47a4-b0a0-06fb0a2759b0_8604_2a6c1a24,369,test:unloaded,normal,baseline,role_aggregate,20,128,32,middle,True,True,0,20,40,"{""2"": 20}",0,20,0,20,129
results\d5_formal\raw_r1\boot_04\batch_20260919T135619.931242Z_5ca87136.json.gz,20260919T135619.931242Z_5ca87136,4,78de548c-168e-47a4-b0a0-06fb0a2759b0,d5_78de548c-168e-47a4-b0a0-06fb0a2759b0_8604_2a6c1a24,370,test:unloaded,normal,baseline,role_aggregate,20,128,32,middle,True,True,0,20,40,"{""2"": 20}",0,20,0,20,129
results\d5_formal\raw_r1\boot_04\batch_20260919T135622.105364Z_8e578239.json.gz,20260919T135622.105364Z_8e578239,4,78de548c-168e-47a4-b0a0-06fb0a2759b0,d5_78de548c-168e-47a4-b0a0-06fb0a2759b0_8604_2a6c1a24,371,test:unloaded,normal,baseline,role_aggregate,20,128,32,middle,True,True,0,20,40,"{""2"": 20}",0,20,0,20,129
results\d5_formal\raw_r1\boot_04\batch_20260919T135624.234245Z_fe81bc11.json.gz,20260919T135624.234245Z_fe81bc11,4,78de548c-168e-47a4-b0a0-06fb0a2759b0,d5_78de548c-168e-47a4-b0a0-06fb0a2759b0_8604_2a6c1a24,372,test:unloaded,normal,baseline,role_aggregate,20,128,32,middle,True,True,0,20,40,"{""2"": 20}",0,20,0,20,129
results\d5_formal\raw_r1\boot_04\batch_20260919T135626.366971Z_03b9fa04.json.gz,20260919T135626.366971Z_03b9fa04,4,78de548c-168e-47a4-b0a0-06fb0a2759b0,d5_78de548c-168e-47a4-b0a0-06fb0a2759b0_8604_2a6c1a24,373,test:unloaded,normal,baseline,role_aggregate,20,128,32,middle,True,True,0,20,40,"{""2"": 20}",0,20,0,20,129
results\d5_formal\raw_r1\boot_04\batch_20260919T135628.591210Z_a6a6cae9.json.gz,20260919T135628.591210Z_a6a6cae9,4,78de548c-168e-47a4-b0a0-06fb0a2759b0,d5_78de548c-168e-47a4-b0a0-06fb0a2759b0_8604_2a6c1a24,374,test:unloaded,normal,baseline,role_aggregate,20,128,32,middle,True,True,0,20,40,"{""2"": 20}",0,20,0,20,129
results\d5_formal\raw_r1\boot_04\batch_20260919T135630.850954Z_b2452728.json.gz,20260919T135630.850954Z_b2452728,4,78de548c-168e-47a4-b0a0-06fb0a2759b0,d5_78de548c-168e-47a4-b0a0-06fb0a2759b0_8604_2a6c1a24,375,test:unloaded,normal,baseline,role_aggregate,20,128,32,middle,True,True,0,20,40,"{""2"": 20}",0,20,0,20,129
results\d5_formal\raw_r1\boot_04\batch_20260919T135633.056821Z_bfd1cee1.json.gz,20260919T135633.056821Z_bfd1cee1,4,78de548c-168e-47a4-b0a0-06fb0a2759b0,d5_78de548c-168e-47a4-b0a0-06fb0a2759b0_8604_2a6c1a24,376,test:unloaded,normal,baseline,role_aggregate,20,128,32,middle,True,True,0,20,40,"{""2"": 20}",0,20,0,20,129
results\d5_formal\raw_r1\boot_04\batch_20260919T135635.202456Z_a8b14b5a.json.gz,20260919T135635.202456Z_a8b14b5a,4,78de548c-168e-47a4-b0a0-06fb0a2759b0,d5_78de548c-168e-47a4-b0a0-06fb0a2759b0_8604_2a6c1a24,377,test:unloaded,normal,baseline,role_aggregate,20,128,32,middle,True,True,0,20,40,"{""2"": 20}",0,20,0,20,129
results\d5_formal\raw_r1\boot_04\batch_20260919T135637.418623Z_37d6e3ec.json.gz,20260919T135637.418623Z_37d6e3ec,4,78de548c-168e-47a4-b0a0-06fb0a2759b0,d5_78de548c-168e-47a4-b0a0-06fb0a2759b0_8604_2a6c1a24,378,test:unloaded,normal,baseline,role_aggregate,20,128,32,middle,True,True,0,20,40,"{""2"": 20}",0,20,0,20,129
results\d5_formal\raw_r1\boot_04\batch_20260919T135639.587895Z_3cff2fc1.json.gz,20260919T135639.587895Z_3cff2fc1,4,78de548c-168e-47a4-b0a0-06fb0a2759b0,d5_78de548c-168e-47a4-b0a0-06fb0a2759b0_8604_2a6c1a24,379,test:unloaded,normal,baseline,role_aggregate,20,128,32,middle,True,True,0,20,40,"{""2"": 20}",0,20,0,20,129
results\d5_formal\raw_r1\boot_04\batch_20260919T135641.796028Z_eeb6104f.json.gz,20260919T135641.796028Z_eeb6104f,4,78de548c-168e-47a4-b0a0-06fb0a2759b0,d5_78de548c-168e-47a4-b0a0-06fb0a2759b0_8604_2a6c1a24,380,test:unloaded,normal,baseline,role_aggregate,20,128,32,middle,True,True,0,20,40,"{""2"": 20}",0,20,0,20,129
results\d5_formal\raw_r1\boot_04\batch_20260919T135643.976044Z_239088ae.json.gz,20260919T135643.976044Z_239088ae,4,78de548c-168e-47a4-b0a0-06fb0a2759b0,d5_78de548c-168e-47a4-b0a0-06fb0a2759b0_8604_2a6c1a24,381,test:unloaded,normal,baseline,role_aggregate,20,128,32,middle,True,True,0,20,40,"{""2"": 20}",0,20,0,20,129
results\d5_formal\raw_r1\boot_04\batch_20260919T135646.554134Z_68f8f445.json.gz,20260919T135646.554134Z_68f8f445,4,78de548c-168e-47a4-b0a0-06fb0a2759b0,d5_78de548c-168e-47a4-b0a0-06fb0a2759b0_8604_2a6c1a24,382,test:unloaded,normal,baseline,role_aggregate,20,128,32,middle,True,True,0,20,40,"{""2"": 20}",0,20,0,20,129
results\d5_formal\raw_r1\boot_04\batch_20260919T135648.840951Z_ccd98fca.json.gz,20260919T135648.840951Z_ccd98fca,4,78de548c-168e-47a4-b0a0-06fb0a2759b0,d5_78de548c-168e-47a4-b0a0-06fb0a2759b0_8604_2a6c1a24,383,test:unloaded,normal,baseline,role_aggregate,20,128,32,middle,True,True,0,20,40,"{""2"": 20}",0,20,0,20,129
results\d5_formal\raw_r1\boot_04\batch_20260919T135651.114651Z_3217b4a1.json.gz,20260919T135651.114651Z_3217b4a1,4,78de548c-168e-47a4-b0a0-06fb0a2759b0,d5_78de548c-168e-47a4-b0a0-06fb0a2759b0_8604_2a6c1a24,384,test:unloaded,normal,baseline,role_aggregate,20,128,32,middle,True,True,0,20,40,"{""2"": 20}",0,20,0,20,129
results\d5_formal\raw_r1\boot_04\batch_20260919T135653.251076Z_f7f033bb.json.gz,20260919T135653.251076Z_f7f033bb,4,78de548c-168e-47a4-b0a0-06fb0a2759b0,d5_78de548c-168e-47a4-b0a0-06fb0a2759b0_8604_2a6c1a24,385,test:unloaded,normal,baseline,role_aggregate,20,128,32,middle,True,True,0,20,40,"{""2"": 20}",0,20,0,20,129
results\d5_formal\raw_r1\boot_04\batch_20260919T135655.353872Z_3b9d954a.json.gz,20260919T135655.353872Z_3b9d954a,4,78de548c-168e-47a4-b0a0-06fb0a2759b0,d5_78de548c-168e-47a4-b0a0-06fb0a2759b0_8604_2a6c1a24,386,test:unloaded,normal,baseline,role_aggregate,20,128,32,middle,True,True,0,20,40,"{""2"": 20}",0,20,0,20,129
results\d5_formal\raw_r1\boot_04\batch_20260919T135657.805062Z_1c2f118d.json.gz,20260919T135657.805062Z_1c2f118d,4,78de548c-168e-47a4-b0a0-06fb0a2759b0,d5_78de548c-168e-47a4-b0a0-06fb0a2759b0_8604_2a6c1a24,387,test:unloaded,normal,baseline,role_aggregate,20,128,32,middle,True,True,0,20,40,"{""2"": 20}",0,20,0,20,129
results\d5_formal\raw_r1\boot_04\batch_20260919T135700.024281Z_1f5ba4a1.json.gz,20260919T135700.024281Z_1f5ba4a1,4,78de548c-168e-47a4-b0a0-06fb0a2759b0,d5_78de548c-168e-47a4-b0a0-06fb0a2759b0_8604_2a6c1a24,388,test:sham,normal,baseline,role_aggregate,20,128,32,middle,True,True,0,20,40,"{""2"": 20}",0,20,0,20,129
results\d5_formal\raw_r1\boot_04\batch_20260919T135702.383005Z_a9fdfe8a.json.gz,20260919T135702.383005Z_a9fdfe8a,4,78de548c-168e-47a4-b0a0-06fb0a2759b0,d5_78de548c-168e-47a4-b0a0-06fb0a2759b0_8604_2a6c1a24,389,test:sham,normal,baseline,role_aggregate,20,128,32,middle,True,True,0,20,40,"{""2"": 20}",0,20,0,20,129
results\d5_formal\raw_r1\boot_04\batch_20260919T135704.747368Z_52d266da.json.gz,20260919T135704.747368Z_52d266da,4,78de548c-168e-47a4-b0a0-06fb0a2759b0,d5_78de548c-168e-47a4-b0a0-06fb0a2759b0_8604_2a6c1a24,390,test:sham,normal,baseline,role_aggregate,20,128,32,middle,True,True,0,20,40,"{""2"": 20}",0,20,0,20,129
results\d5_formal\raw_r1\boot_04\batch_20260919T135707.219892Z_65a04fa3.json.gz,20260919T135707.219892Z_65a04fa3,4,78de548c-168e-47a4-b0a0-06fb0a2759b0,d5_78de548c-168e-47a4-b0a0-06fb0a2759b0_8604_2a6c1a24,391,test:sham,normal,baseline,role_aggregate,20,128,32,middle,True,True,0,20,40,"{""2"": 20}",0,20,0,20,129
results\d5_formal\raw_r1\boot_04\batch_20260919T135709.599114Z_e5db5731.json.gz,20260919T135709.599114Z_e5db5731,4,78de548c-168e-47a4-b0a0-06fb0a2759b0,d5_78de548c-168e-47a4-b0a0-06fb0a2759b0_8604_2a6c1a24,392,test:sham,normal,baseline,role_aggregate,20,128,32,middle,True,True,0,20,40,"{""2"": 20}",0,20,0,20,129
results\d5_formal\raw_r1\boot_04\batch_20260919T135711.867098Z_46844ee1.json.gz,20260919T135711.867098Z_46844ee1,4,78de548c-168e-47a4-b0a0-06fb0a2759b0,d5_78de548c-168e-47a4-b0a0-06fb0a2759b0_8604_2a6c1a24,393,test:sham,normal,baseline,role_aggregate,20,128,32,middle,True,True,0,20,40,"{""2"": 20}",0,20,0,20,129
results\d5_formal\raw_r1\boot_04\batch_20260919T135714.118880Z_f29bca8d.json.gz,20260919T135714.118880Z_f29bca8d,4,78de548c-168e-47a4-b0a0-06fb0a2759b0,d5_78de548c-168e-47a4-b0a0-06fb0a2759b0_8604_2a6c1a24,394,test:sham,normal,baseline,role_aggregate,20,128,32,middle,True,True,0,20,40,"{""2"": 20}",0,20,0,20,129
results\d5_formal\raw_r1\boot_04\batch_20260919T135716.344092Z_a8905b25.json.gz,20260919T135716.344092Z_a8905b25,4,78de548c-168e-47a4-b0a0-06fb0a2759b0,d5_78de548c-168e-47a4-b0a0-06fb0a2759b0_8604_2a6c1a24,395,test:sham,normal,baseline,role_aggregate,20,128,32,middle,True,True,0,20,40,"{""2"": 20}",0,20,0,20,129
results\d5_formal\raw_r1\boot_04\batch_20260919T135718.519982Z_48cec5f8.json.gz,20260919T135718.519982Z_48cec5f8,4,78de548c-168e-47a4-b0a0-06fb0a2759b0,d5_78de548c-168e-47a4-b0a0-06fb0a2759b0_8604_2a6c1a24,396,test:sham,normal,baseline,role_aggregate,20,128,32,middle,True,True,0,20,40,"{""2"": 20}",0,20,0,20,129
results\d5_formal\raw_r1\boot_04\batch_20260919T135720.867119Z_89e3ac07.json.gz,20260919T135720.867119Z_89e3ac07,4,78de548c-168e-47a4-b0a0-06fb0a2759b0,d5_78de548c-168e-47a4-b0a0-06fb0a2759b0_8604_2a6c1a24,397,test:sham,normal,baseline,role_aggregate,20,128,32,middle,True,True,0,20,40,"{""2"": 20}",0,20,0,20,129
results\d5_formal\raw_r1\boot_04\batch_20260919T135729.218462Z_27471252.json.gz,20260919T135729.218462Z_27471252,4,78de548c-168e-47a4-b0a0-06fb0a2759b0,d5_78de548c-168e-47a4-b0a0-06fb0a2759b0_8604_2a6c1a24,398,test:sham,normal,cpu,role_aggregate,20,128,32,middle,True,True,0,20,40,"{""2"": 20}",0,20,0,20,129
results\d5_formal\raw_r1\boot_04\batch_20260919T135737.538934Z_3e521104.json.gz,20260919T135737.538934Z_3e521104,4,78de548c-168e-47a4-b0a0-06fb0a2759b0,d5_78de548c-168e-47a4-b0a0-06fb0a2759b0_8604_2a6c1a24,399,test:sham,normal,cpu,role_aggregate,20,128,32,middle,True,True,0,20,40,"{""2"": 20}",0,20,0,20,129
results\d5_formal\raw_r1\boot_04\batch_20260919T135745.781288Z_66af16a7.json.gz,20260919T135745.781288Z_66af16a7,4,78de548c-168e-47a4-b0a0-06fb0a2759b0,d5_78de548c-168e-47a4-b0a0-06fb0a2759b0_8604_2a6c1a24,400,test:sham,normal,cpu,role_aggregate,20,128,32,middle,True,True,0,20,40,"{""2"": 20}",0,20,0,20,129
results\d5_formal\raw_r1\boot_04\batch_20260919T135754.029016Z_02f92425.json.gz,20260919T135754.029016Z_02f92425,4,78de548c-168e-47a4-b0a0-06fb0a2759b0,d5_78de548c-168e-47a4-b0a0-06fb0a2759b0_8604_2a6c1a24,401,test:sham,normal,cpu,role_aggregate,20,128,32,middle,True,True,0,20,40,"{""2"": 20}",0,20,0,20,129
results\d5_formal\raw_r1\boot_04\batch_20260919T135802.366153Z_7eb73012.json.gz,20260919T135802.366153Z_7eb73012,4,78de548c-168e-47a4-b0a0-06fb0a2759b0,d5_78de548c-168e-47a4-b0a0-06fb0a2759b0_8604_2a6c1a24,402,test:sham,normal,cpu,role_aggregate,20,128,32,middle,True,True,0,20,40,"{""2"": 20}",0,20,0,20,129
results\d5_formal\raw_r1\boot_04\batch_20260919T135810.668256Z_6f2a3307.json.gz,20260919T135810.668256Z_6f2a3307,4,78de548c-168e-47a4-b0a0-06fb0a2759b0,d5_78de548c-168e-47a4-b0a0-06fb0a2759b0_8604_2a6c1a24,403,test:sham,normal,cpu,role_aggregate,20,128,32,middle,True,True,0,20,40,"{""2"": 20}",0,20,0,20,129
results\d5_formal\raw_r1\boot_04\batch_20260919T135818.993540Z_0c54d46e.json.gz,20260919T135818.993540Z_0c54d46e,4,78de548c-168e-47a4-b0a0-06fb0a2759b0,d5_78de548c-168e-47a4-b0a0-06fb0a2759b0_8604_2a6c1a24,404,test:sham,normal,cpu,role_aggregate,20,128,32,middle,True,True,0,20,40,"{""2"": 20}",0,20,0,20,129
results\d5_formal\raw_r1\boot_04\batch_20260919T135827.351924Z_28b95962.json.gz,20260919T135827.351924Z_28b95962,4,78de548c-168e-47a4-b0a0-06fb0a2759b0,d5_78de548c-168e-47a4-b0a0-06fb0a2759b0_8604_2a6c1a24,405,test:sham,normal,cpu,role_aggregate,20,128,32,middle,True,True,0,20,40,"{""2"": 20}",0,20,0,20,129
results\d5_formal\raw_r1\boot_04\batch_20260919T135835.707888Z_35549d18.json.gz,20260919T135835.707888Z_35549d18,4,78de548c-168e-47a4-b0a0-06fb0a2759b0,d5_78de548c-168e-47a4-b0a0-06fb0a2759b0_8604_2a6c1a24,406,test:sham,normal,cpu,role_aggregate,20,128,32,middle,True,True,0,20,40,"{""2"": 20}",0,20,0,20,129
results\d5_formal\raw_r1\boot_04\batch_20260919T135844.081092Z_e85ab74d.json.gz,20260919T135844.081092Z_e85ab74d,4,78de548c-168e-47a4-b0a0-06fb0a2759b0,d5_78de548c-168e-47a4-b0a0-06fb0a2759b0_8604_2a6c1a24,407,test:sham,normal,cpu,role_aggregate,20,128,32,middle,True,True,0,20,40,"{""2"": 20}",0,20,0,20,129
results\d5_formal\raw_r1\boot_05\batch_20260919T135905.210682Z_95815199.json.gz,20260919T135905.210682Z_95815199,4,d3e31330-37b4-4c44-bd02-2615e3fcaaa1,d5_d3e31330-37b4-4c44-bd02-2615e3fcaaa1_8605_82ec4ddd,0,calibration:sham,normal,baseline,role_aggregate,20,128,32,middle,True,True,0,20,40,"{""2"": 20}",0,20,0,20,129
results\d5_formal\raw_r1\boot_05\batch_20260919T135913.510285Z_abc6ee4f.json.gz,20260919T135913.510285Z_abc6ee4f,4,d3e31330-37b4-4c44-bd02-2615e3fcaaa1,d5_d3e31330-37b4-4c44-bd02-2615e3fcaaa1_8605_82ec4ddd,1,calibration:sham,normal,cpu,role_aggregate,20,128,32,middle,True,True,0,20,40,"{""2"": 20}",0,20,0,20,129
results\d5_formal\raw_r1\boot_05\batch_20260919T135915.805376Z_e394b77e.json.gz,20260919T135915.805376Z_e394b77e,4,d3e31330-37b4-4c44-bd02-2615e3fcaaa1,d5_d3e31330-37b4-4c44-bd02-2615e3fcaaa1_8605_82ec4ddd,2,calibration:unloaded,normal,baseline,role_aggregate,20,128,32,middle,True,True,0,20,40,"{""2"": 20}",0,20,0,20,129
results\d5_formal\raw_r1\boot_05\batch_20260919T135924.088026Z_44c50c6e.json.gz,20260919T135924.088026Z_44c50c6e,4,d3e31330-37b4-4c44-bd02-2615e3fcaaa1,d5_d3e31330-37b4-4c44-bd02-2615e3fcaaa1_8605_82ec4ddd,3,calibration:sham,normal,cpu,role_aggregate,20,128,32,middle,True,True,0,20,40,"{""2"": 20}",0,20,0,20,129
results\d5_formal\raw_r1\boot_05\batch_20260919T135932.331500Z_081cdcb2.json.gz,20260919T135932.331500Z_081cdcb2,4,d3e31330-37b4-4c44-bd02-2615e3fcaaa1,d5_d3e31330-37b4-4c44-bd02-2615e3fcaaa1_8605_82ec4ddd,4,calibration:unloaded,normal,cpu,role_aggregate,20,128,32,middle,True,True,0,20,40,"{""2"": 20}",0,20,0,20,129
results\d5_formal\raw_r1\boot_05\batch_20260919T135940.593407Z_6eef6111.json.gz,20260919T135940.593407Z_6eef6111,4,d3e31330-37b4-4c44-bd02-2615e3fcaaa1,d5_d3e31330-37b4-4c44-bd02-2615e3fcaaa1_8605_82ec4ddd,5,calibration:unloaded,normal,cpu,role_aggregate,20,128,32,middle,True,True,0,20,40,"{""2"": 20}",0,20,0,20,129
results\d5_formal\raw_r1\boot_05\batch_20260919T135942.909669Z_2f87220a.json.gz,20260919T135942.909669Z_2f87220a,4,d3e31330-37b4-4c44-bd02-2615e3fcaaa1,d5_d3e31330-37b4-4c44-bd02-2615e3fcaaa1_8605_82ec4ddd,6,calibration:sham,normal,baseline,role_aggregate,20,128,32,middle,True,True,0,20,40,"{""2"": 20}",0,20,0,20,129
results\d5_formal\raw_r1\boot_05\batch_20260919T135951.238034Z_d5d9ca99.json.gz,20260919T135951.238034Z_d5d9ca99,4,d3e31330-37b4-4c44-bd02-2615e3fcaaa1,d5_d3e31330-37b4-4c44-bd02-2615e3fcaaa1_8605_82ec4ddd,7,calibration:sham,normal,cpu,role_aggregate,20,128,32,middle,True,True,0,20,40,"{""2"": 20}",0,20,0,20,129
results\d5_formal\raw_r1\boot_05\batch_20260919T135959.526081Z_9423749d.json.gz,20260919T135959.526081Z_9423749d,4,d3e31330-37b4-4c44-bd02-2615e3fcaaa1,d5_d3e31330-37b4-4c44-bd02-2615e3fcaaa1_8605_82ec4ddd,8,calibration:unloaded,normal,cpu,role_aggregate,20,128,32,middle,True,True,0,20,40,"{""2"": 20}",0,20,0,20,129
results\d5_formal\raw_r1\boot_05\batch_20260919T140001.632065Z_477c0a05.json.gz,20260919T140001.632065Z_477c0a05,4,d3e31330-37b4-4c44-bd02-2615e3fcaaa1,d5_d3e31330-37b4-4c44-bd02-2615e3fcaaa1_8605_82ec4ddd,9,calibration:unloaded,normal,baseline,role_aggregate,20,128,32,middle,True,True,0,20,40,"{""2"": 20}",0,20,0,20,129
results\d5_formal\raw_r1\boot_05\batch_20260919T140009.856381Z_3ddd6980.json.gz,20260919T140009.856381Z_3ddd6980,4,d3e31330-37b4-4c44-bd02-2615e3fcaaa1,d5_d3e31330-37b4-4c44-bd02-2615e3fcaaa1_8605_82ec4ddd,10,calibration:unloaded,normal,cpu,role_aggregate,20,128,32,middle,True,True,0,20,40,"{""2"": 20}",0,20,0,20,129
results\d5_formal\raw_r1\boot_05\batch_20260919T140018.108873Z_ef0644f8.json.gz,20260919T140018.108873Z_ef0644f8,4,d3e31330-37b4-4c44-bd02-2615e3fcaaa1,d5_d3e31330-37b4-4c44-bd02-2615e3fcaaa1_8605_82ec4ddd,11,calibration:sham,normal,cpu,role_aggregate,20,128,32,middle,True,True,0,20,40,"{""2"": 20}",0,20,0,20,129
results\d5_formal\raw_r1\boot_05\batch_20260919T140026.440375Z_ee1f60ea.json.gz,20260919T140026.440375Z_ee1f60ea,4,d3e31330-37b4-4c44-bd02-2615e3fcaaa1,d5_d3e31330-37b4-4c44-bd02-2615e3fcaaa1_8605_82ec4ddd,12,calibration:sham,normal,cpu,role_aggregate,20,128,32,middle,True,True,0,20,40,"{""2"": 20}",0,20,0,20,129
results\d5_formal\raw_r1\boot_05\batch_20260919T140034.751978Z_1872a50c.json.gz,20260919T140034.751978Z_1872a50c,4,d3e31330-37b4-4c44-bd02-2615e3fcaaa1,d5_d3e31330-37b4-4c44-bd02-2615e3fcaaa1_8605_82ec4ddd,13,calibration:unloaded,normal,cpu,role_aggregate,20,128,32,middle,True,True,0,20,40,"{""2"": 20}",0,20,0,20,129
results\d5_formal\raw_r1\boot_05\batch_20260919T140043.214436Z_742bded7.json.gz,20260919T140043.214436Z_742bded7,4,d3e31330-37b4-4c44-bd02-2615e3fcaaa1,d5_d3e31330-37b4-4c44-bd02-2615e3fcaaa1_8605_82ec4ddd,14,calibration:sham,normal,cpu,role_aggregate,20,128,32,middle,True,True,0,20,40,"{""2"": 20}",0,20,0,20,129
results\d5_formal\raw_r1\boot_05\batch_20260919T140051.536136Z_0678c091.json.gz,20260919T140051.536136Z_0678c091,4,d3e31330-37b4-4c44-bd02-2615e3fcaaa1,d5_d3e31330-37b4-4c44-bd02-2615e3fcaaa1_8605_82ec4ddd,15,calibration:unloaded,normal,cpu,role_aggregate,20,128,32,middle,True,True,0,20,40,"{""2"": 20}",0,20,0,20,129
results\d5_formal\raw_r1\boot_05\batch_20260919T140053.823495Z_7d58cdf5.json.gz,20260919T140053.823495Z_7d58cdf5,4,d3e31330-37b4-4c44-bd02-2615e3fcaaa1,d5_d3e31330-37b4-4c44-bd02-2615e3fcaaa1_8605_82ec4ddd,16,calibration:sham,normal,baseline,role_aggregate,20,128,32,middle,True,True,0,20,40,"{""2"": 20}",0,20,0,20,129
results\d5_formal\raw_r1\boot_05\batch_20260919T140102.159362Z_2fa096ea.json.gz,20260919T140102.159362Z_2fa096ea,4,d3e31330-37b4-4c44-bd02-2615e3fcaaa1,d5_d3e31330-37b4-4c44-bd02-2615e3fcaaa1_8605_82ec4ddd,17,calibration:unloaded,normal,cpu,role_aggregate,20,128,32,middle,True,True,0,20,40,"{""2"": 20}",0,20,0,20,129
results\d5_formal\raw_r1\boot_05\batch_20260919T140104.534340Z_e6c71bdd.json.gz,20260919T140104.534340Z_e6c71bdd,4,d3e31330-37b4-4c44-bd02-2615e3fcaaa1,d5_d3e31330-37b4-4c44-bd02-2615e3fcaaa1_8605_82ec4ddd,18,calibration:sham,normal,baseline,role_aggregate,20,128,32,middle,True,True,0,20,40,"{""2"": 20}",0,20,0,20,129
results\d5_formal\raw_r1\boot_05\batch_20260919T140112.825104Z_f0b6cdc9.json.gz,20260919T140112.825104Z_f0b6cdc9,4,d3e31330-37b4-4c44-bd02-2615e3fcaaa1,d5_d3e31330-37b4-4c44-bd02-2615e3fcaaa1_8605_82ec4ddd,19,calibration:sham,normal,cpu,role_aggregate,20,128,32,middle,True,True,0,20,40,"{""2"": 20}",0,20,0,20,129
results\d5_formal\raw_r1\boot_05\batch_20260919T140114.916331Z_c2fc3380.json.gz,20260919T140114.916331Z_c2fc3380,4,d3e31330-37b4-4c44-bd02-2615e3fcaaa1,d5_d3e31330-37b4-4c44-bd02-2615e3fcaaa1_8605_82ec4ddd,20,calibration:unloaded,normal,baseline,role_aggregate,20,128,32,middle,True,True,0,20,40,"{""2"": 20}",0,20,0,20,129
results\d5_formal\raw_r1\boot_05\batch_20260919T140116.997374Z_42be82cf.json.gz,20260919T140116.997374Z_42be82cf,4,d3e31330-37b4-4c44-bd02-2615e3fcaaa1,d5_d3e31330-37b4-4c44-bd02-2615e3fcaaa1_8605_82ec4ddd,21,calibration:sham,normal,baseline,role_aggregate,20,128,32,middle,True,True,0,20,40,"{""2"": 20}",0,20,0,20,129
results\d5_formal\raw_r1\boot_05\batch_20260919T140119.167995Z_c9ab8848.json.gz,20260919T140119.167995Z_c9ab8848,4,d3e31330-37b4-4c44-bd02-2615e3fcaaa1,d5_d3e31330-37b4-4c44-bd02-2615e3fcaaa1_8605_82ec4ddd,22,calibration:sham,normal,baseline,role_aggregate,20,128,32,middle,True,True,0,20,40,"{""2"": 20}",0,20,0,20,129
results\d5_formal\raw_r1\boot_05\batch_20260919T140121.369110Z_35856384.json.gz,20260919T140121.369110Z_35856384,4,d3e31330-37b4-4c44-bd02-2615e3fcaaa1,d5_d3e31330-37b4-4c44-bd02-2615e3fcaaa1_8605_82ec4ddd,23,calibration:unloaded,normal,baseline,role_aggregate,20,128,32,middle,True,True,0,20,40,"{""2"": 20}",0,20,0,20,129
results\d5_formal\raw_r1\boot_05\batch_20260919T140129.582033Z_ffbcca53.json.gz,20260919T140129.582033Z_ffbcca53,4,d3e31330-37b4-4c44-bd02-2615e3fcaaa1,d5_d3e31330-37b4-4c44-bd02-2615e3fcaaa1_8605_82ec4ddd,24,calibration:unloaded,normal,cpu,role_aggregate,20,128,32,middle,True,True,0,20,40,"{""2"": 20}",0,20,0,20,129
results\d5_formal\raw_r1\boot_05\batch_20260919T140131.861322Z_cc37c8df.json.gz,20260919T140131.861322Z_cc37c8df,4,d3e31330-37b4-4c44-bd02-2615e3fcaaa1,d5_d3e31330-37b4-4c44-bd02-2615e3fcaaa1_8605_82ec4ddd,25,calibration:sham,normal,baseline,role_aggregate,20,128,32,middle,True,True,0,20,40,"{""2"": 20}",0,20,0,20,129
results\d5_formal\raw_r1\boot_05\batch_20260919T140140.145003Z_c8da3c39.json.gz,20260919T140140.145003Z_c8da3c39,4,d3e31330-37b4-4c44-bd02-2615e3fcaaa1,d5_d3e31330-37b4-4c44-bd02-2615e3fcaaa1_8605_82ec4ddd,26,calibration:unloaded,normal,cpu,role_aggregate,20,128,32,middle,True,True,0,20,40,"{""2"": 20}",0,20,0,20,129
results\d5_formal\raw_r1\boot_05\batch_20260919T140142.193069Z_7247ac87.json.gz,20260919T140142.193069Z_7247ac87,4,d3e31330-37b4-4c44-bd02-2615e3fcaaa1,d5_d3e31330-37b4-4c44-bd02-2615e3fcaaa1_8605_82ec4ddd,27,calibration:unloaded,normal,baseline,role_aggregate,20,128,32,middle,True,True,0,20,40,"{""2"": 20}",0,20,0,20,129
results\d5_formal\raw_r1\boot_05\batch_20260919T140150.376369Z_b2547754.json.gz,20260919T140150.376369Z_b2547754,4,d3e31330-37b4-4c44-bd02-2615e3fcaaa1,d5_d3e31330-37b4-4c44-bd02-2615e3fcaaa1_8605_82ec4ddd,28,calibration:unloaded,normal,cpu,role_aggregate,20,128,32,middle,True,True,0,20,40,"{""2"": 20}",0,20,0,20,129
results\d5_formal\raw_r1\boot_05\batch_20260919T140158.629239Z_b744c55b.json.gz,20260919T140158.629239Z_b744c55b,4,d3e31330-37b4-4c44-bd02-2615e3fcaaa1,d5_d3e31330-37b4-4c44-bd02-2615e3fcaaa1_8605_82ec4ddd,29,calibration:sham,normal,cpu,role_aggregate,20,128,32,middle,True,True,0,20,40,"{""2"": 20}",0,20,0,20,129
results\d5_formal\raw_r1\boot_05\batch_20260919T140200.865930Z_b13fa181.json.gz,20260919T140200.865930Z_b13fa181,4,d3e31330-37b4-4c44-bd02-2615e3fcaaa1,d5_d3e31330-37b4-4c44-bd02-2615e3fcaaa1_8605_82ec4ddd,30,calibration:unloaded,normal,baseline,role_aggregate,20,128,32,middle,True,True,0,20,40,"{""2"": 20}",0,20,0,20,129
results\d5_formal\raw_r1\boot_05\batch_20260919T140202.965326Z_9a20d884.json.gz,20260919T140202.965326Z_9a20d884,4,d3e31330-37b4-4c44-bd02-2615e3fcaaa1,d5_d3e31330-37b4-4c44-bd02-2615e3fcaaa1_8605_82ec4ddd,31,calibration:sham,normal,baseline,role_aggregate,20,128,32,middle,True,True,0,20,40,"{""2"": 20}",0,20,0,20,129
results\d5_formal\raw_r1\boot_05\batch_20260919T140205.160125Z_f8dbc599.json.gz,20260919T140205.160125Z_f8dbc599,4,d3e31330-37b4-4c44-bd02-2615e3fcaaa1,d5_d3e31330-37b4-4c44-bd02-2615e3fcaaa1_8605_82ec4ddd,32,calibration:sham,normal,baseline,role_aggregate,20,128,32,middle,True,True,0,20,40,"{""2"": 20}",0,20,0,20,129
results\d5_formal\raw_r1\boot_05\batch_20260919T140207.337198Z_480fa5ac.json.gz,20260919T140207.337198Z_480fa5ac,4,d3e31330-37b4-4c44-bd02-2615e3fcaaa1,d5_d3e31330-37b4-4c44-bd02-2615e3fcaaa1_8605_82ec4ddd,33,calibration:sham,normal,baseline,role_aggregate,20,128,32,middle,True,True,0,20,40,"{""2"": 20}",0,20,0,20,129
results\d5_formal\raw_r1\boot_05\batch_20260919T140209.545004Z_b24ba7ff.json.gz,20260919T140209.545004Z_b24ba7ff,4,d3e31330-37b4-4c44-bd02-2615e3fcaaa1,d5_d3e31330-37b4-4c44-bd02-2615e3fcaaa1_8605_82ec4ddd,34,calibration:unloaded,normal,baseline,role_aggregate,20,128,32,middle,True,True,0,20,40,"{""2"": 20}",0,20,0,20,129
results\d5_formal\raw_r1\boot_05\batch_20260919T140211.677292Z_b7f24c5a.json.gz,20260919T140211.677292Z_b7f24c5a,4,d3e31330-37b4-4c44-bd02-2615e3fcaaa1,d5_d3e31330-37b4-4c44-bd02-2615e3fcaaa1_8605_82ec4ddd,35,calibration:sham,normal,baseline,role_aggregate,20,128,32,middle,True,True,0,20,40,"{""2"": 20}",0,20,0,20,129
results\d5_formal\raw_r1\boot_05\batch_20260919T140220.036215Z_803481ab.json.gz,20260919T140220.036215Z_803481ab,4,d3e31330-37b4-4c44-bd02-2615e3fcaaa1,d5_d3e31330-37b4-4c44-bd02-2615e3fcaaa1_8605_82ec4ddd,36,calibration:sham,normal,cpu,role_aggregate,20,128,32,middle,True,True,0,20,40,"{""2"": 20}",0,20,0,20,129
results\d5_formal\raw_r1\boot_05\batch_20260919T140222.172151Z_97ef74bb.json.gz,20260919T140222.172151Z_97ef74bb,4,d3e31330-37b4-4c44-bd02-2615e3fcaaa1,d5_d3e31330-37b4-4c44-bd02-2615e3fcaaa1_8605_82ec4ddd,37,calibration:unloaded,normal,baseline,role_aggregate,20,128,32,middle,True,True,0,20,40,"{""2"": 20}",0,20,0,20,129
results\d5_formal\raw_r1\boot_05\batch_20260919T140224.335756Z_59155617.json.gz,20260919T140224.335756Z_59155617,4,d3e31330-37b4-4c44-bd02-2615e3fcaaa1,d5_d3e31330-37b4-4c44-bd02-2615e3fcaaa1_8605_82ec4ddd,38,calibration:unloaded,normal,baseline,role_aggregate,20,128,32,middle,True,True,0,20,40,"{""2"": 20}",0,20,0,20,129
results\d5_formal\raw_r1\boot_05\batch_20260919T140226.717479Z_f78361f2.json.gz,20260919T140226.717479Z_f78361f2,4,d3e31330-37b4-4c44-bd02-2615e3fcaaa1,d5_d3e31330-37b4-4c44-bd02-2615e3fcaaa1_8605_82ec4ddd,39,calibration:unloaded,normal,baseline,role_aggregate,20,128,32,middle,True,True,0,20,40,"{""2"": 20}",0,20,0,20,129
results\d5_formal\raw_r1\boot_05\batch_20260919T140228.833362Z_08c91157.json.gz,20260919T140228.833362Z_08c91157,4,d3e31330-37b4-4c44-bd02-2615e3fcaaa1,d5_d3e31330-37b4-4c44-bd02-2615e3fcaaa1_8605_82ec4ddd,40,calibration:unloaded,normal,baseline,role_aggregate,20,128,32,middle,True,True,0,20,40,"{""2"": 20}",0,20,0,20,129
results\d5_formal\raw_r1\boot_05\batch_20260919T140230.952270Z_72c494b2.json.gz,20260919T140230.952270Z_72c494b2,4,d3e31330-37b4-4c44-bd02-2615e3fcaaa1,d5_d3e31330-37b4-4c44-bd02-2615e3fcaaa1_8605_82ec4ddd,41,calibration:sham,normal,baseline,role_aggregate,20,128,32,middle,True,True,0,20,40,"{""2"": 20}",0,20,0,20,129
results\d5_formal\raw_r1\boot_05\batch_20260919T140233.100731Z_4e81e5a6.json.gz,20260919T140233.100731Z_4e81e5a6,4,d3e31330-37b4-4c44-bd02-2615e3fcaaa1,d5_d3e31330-37b4-4c44-bd02-2615e3fcaaa1_8605_82ec4ddd,42,calibration:unloaded,normal,baseline,role_aggregate,20,128,32,middle,True,True,0,20,40,"{""2"": 20}",0,20,0,20,129
results\d5_formal\raw_r1\boot_05\batch_20260919T140241.478762Z_95acbb5d.json.gz,20260919T140241.478762Z_95acbb5d,4,d3e31330-37b4-4c44-bd02-2615e3fcaaa1,d5_d3e31330-37b4-4c44-bd02-2615e3fcaaa1_8605_82ec4ddd,43,calibration:sham,normal,cpu,role_aggregate,20,128,32,middle,True,True,0,20,40,"{""2"": 20}",0,20,0,20,129
results\d5_formal\raw_r1\boot_05\batch_20260919T140249.767292Z_132350b7.json.gz,20260919T140249.767292Z_132350b7,4,d3e31330-37b4-4c44-bd02-2615e3fcaaa1,d5_d3e31330-37b4-4c44-bd02-2615e3fcaaa1_8605_82ec4ddd,44,calibration:sham,normal,cpu,role_aggregate,20,128,32,middle,True,True,0,20,40,"{""2"": 20}",0,20,0,20,129
results\d5_formal\raw_r1\boot_05\batch_20260919T140258.055969Z_0baebc73.json.gz,20260919T140258.055969Z_0baebc73,4,d3e31330-37b4-4c44-bd02-2615e3fcaaa1,d5_d3e31330-37b4-4c44-bd02-2615e3fcaaa1_8605_82ec4ddd,45,calibration:unloaded,normal,cpu,role_aggregate,20,128,32,middle,True,True,0,20,40,"{""2"": 20}",0,20,0,20,129
results\d5_formal\raw_r1\boot_05\batch_20260919T140306.385798Z_0572feee.json.gz,20260919T140306.385798Z_0572feee,4,d3e31330-37b4-4c44-bd02-2615e3fcaaa1,d5_d3e31330-37b4-4c44-bd02-2615e3fcaaa1_8605_82ec4ddd,46,calibration:unloaded,normal,cpu,role_aggregate,20,128,32,middle,True,True,0,20,40,"{""2"": 20}",0,20,0,20,129
results\d5_formal\raw_r1\boot_05\batch_20260919T140314.620272Z_25367998.json.gz,20260919T140314.620272Z_25367998,4,d3e31330-37b4-4c44-bd02-2615e3fcaaa1,d5_d3e31330-37b4-4c44-bd02-2615e3fcaaa1_8605_82ec4ddd,47,calibration:sham,normal,cpu,role_aggregate,20,128,32,middle,True,True,0,20,40,"{""2"": 20}",0,20,0,20,129
results\d5_formal\raw_r1\boot_05\batch_20260919T140316.768283Z_7de603d2.json.gz,20260919T140316.768283Z_7de603d2,4,d3e31330-37b4-4c44-bd02-2615e3fcaaa1,d5_d3e31330-37b4-4c44-bd02-2615e3fcaaa1_8605_82ec4ddd,48,test:unloaded,normal,baseline,role_aggregate,20,128,32,middle,True,True,0,20,40,"{""2"": 20}",0,20,0,20,129
results\d5_formal\raw_r1\boot_05\batch_20260919T140318.840411Z_2febcf0a.json.gz,20260919T140318.840411Z_2febcf0a,4,d3e31330-37b4-4c44-bd02-2615e3fcaaa1,d5_d3e31330-37b4-4c44-bd02-2615e3fcaaa1_8605_82ec4ddd,49,test:unloaded,normal,baseline,role_aggregate,20,128,32,middle,True,True,0,20,40,"{""2"": 20}",0,20,0,20,129
results\d5_formal\raw_r1\boot_05\batch_20260919T140320.900961Z_ecabd74e.json.gz,20260919T140320.900961Z_ecabd74e,4,d3e31330-37b4-4c44-bd02-2615e3fcaaa1,d5_d3e31330-37b4-4c44-bd02-2615e3fcaaa1_8605_82ec4ddd,50,test:unloaded,normal,baseline,role_aggregate,20,128,32,middle,True,True,0,20,40,"{""2"": 20}",0,20,0,20,129
results\d5_formal\raw_r1\boot_05\batch_20260919T140323.201170Z_9a800391.json.gz,20260919T140323.201170Z_9a800391,4,d3e31330-37b4-4c44-bd02-2615e3fcaaa1,d5_d3e31330-37b4-4c44-bd02-2615e3fcaaa1_8605_82ec4ddd,51,test:unloaded,normal,baseline,role_aggregate,20,128,32,middle,True,True,0,20,40,"{""2"": 20}",0,20,0,20,129
results\d5_formal\raw_r1\boot_05\batch_20260919T140325.298095Z_7133180c.json.gz,20260919T140325.298095Z_7133180c,4,d3e31330-37b4-4c44-bd02-2615e3fcaaa1,d5_d3e31330-37b4-4c44-bd02-2615e3fcaaa1_8605_82ec4ddd,52,test:unloaded,normal,baseline,role_aggregate,20,128,32,middle,True,True,0,20,40,"{""2"": 20}",0,20,0,20,129
results\d5_formal\raw_r1\boot_05\batch_20260919T140327.377787Z_2931f1c9.json.gz,20260919T140327.377787Z_2931f1c9,4,d3e31330-37b4-4c44-bd02-2615e3fcaaa1,d5_d3e31330-37b4-4c44-bd02-2615e3fcaaa1_8605_82ec4ddd,53,test:unloaded,normal,baseline,role_aggregate,20,128,32,middle,True,True,0,20,40,"{""2"": 20}",0,20,0,20,129
results\d5_formal\raw_r1\boot_05\batch_20260919T140329.388350Z_750ebdaa.json.gz,20260919T140329.388350Z_750ebdaa,4,d3e31330-37b4-4c44-bd02-2615e3fcaaa1,d5_d3e31330-37b4-4c44-bd02-2615e3fcaaa1_8605_82ec4ddd,54,test:unloaded,normal,baseline,role_aggregate,20,128,32,middle,True,True,0,20,40,"{""2"": 20}",0,20,0,20,129
results\d5_formal\raw_r1\boot_05\batch_20260919T140331.494264Z_8eb232be.json.gz,20260919T140331.494264Z_8eb232be,4,d3e31330-37b4-4c44-bd02-2615e3fcaaa1,d5_d3e31330-37b4-4c44-bd02-2615e3fcaaa1_8605_82ec4ddd,55,test:unloaded,normal,baseline,role_aggregate,20,128,32,middle,True,True,0,20,40,"{""2"": 20}",0,20,0,20,129
results\d5_formal\raw_r1\boot_05\batch_20260919T140333.571396Z_62c2d775.json.gz,20260919T140333.571396Z_62c2d775,4,d3e31330-37b4-4c44-bd02-2615e3fcaaa1,d5_d3e31330-37b4-4c44-bd02-2615e3fcaaa1_8605_82ec4ddd,56,test:unloaded,normal,baseline,role_aggregate,20,128,32,middle,True,True,0,20,40,"{""2"": 20}",0,20,0,20,129
results\d5_formal\raw_r1\boot_05\batch_20260919T140335.724789Z_0f82fc74.json.gz,20260919T140335.724789Z_0f82fc74,4,d3e31330-37b4-4c44-bd02-2615e3fcaaa1,d5_d3e31330-37b4-4c44-bd02-2615e3fcaaa1_8605_82ec4ddd,57,test:unloaded,normal,baseline,role_aggregate,20,128,32,middle,True,True,0,20,40,"{""2"": 20}",0,20,0,20,129
results\d5_formal\raw_r1\boot_05\batch_20260919T140337.858687Z_f635fcb6.json.gz,20260919T140337.858687Z_f635fcb6,4,d3e31330-37b4-4c44-bd02-2615e3fcaaa1,d5_d3e31330-37b4-4c44-bd02-2615e3fcaaa1_8605_82ec4ddd,58,test:unloaded,normal,baseline,role_aggregate,20,128,32,middle,True,True,0,20,40,"{""2"": 20}",0,20,0,20,129
results\d5_formal\raw_r1\boot_05\batch_20260919T140339.937958Z_df2cb605.json.gz,20260919T140339.937958Z_df2cb605,4,d3e31330-37b4-4c44-bd02-2615e3fcaaa1,d5_d3e31330-37b4-4c44-bd02-2615e3fcaaa1_8605_82ec4ddd,59,test:unloaded,normal,baseline,role_aggregate,20,128,32,middle,True,True,0,20,40,"{""2"": 20}",0,20,0,20,129
results\d5_formal\raw_r1\boot_05\batch_20260919T140342.002514Z_61e9881c.json.gz,20260919T140342.002514Z_61e9881c,4,d3e31330-37b4-4c44-bd02-2615e3fcaaa1,d5_d3e31330-37b4-4c44-bd02-2615e3fcaaa1_8605_82ec4ddd,60,test:unloaded,normal,baseline,role_aggregate,20,128,32,middle,True,True,0,20,40,"{""2"": 20}",0,20,0,20,129
results\d5_formal\raw_r1\boot_05\batch_20260919T140344.047510Z_66c7330d.json.gz,20260919T140344.047510Z_66c7330d,4,d3e31330-37b4-4c44-bd02-2615e3fcaaa1,d5_d3e31330-37b4-4c44-bd02-2615e3fcaaa1_8605_82ec4ddd,61,test:unloaded,normal,baseline,role_aggregate,20,128,32,middle,True,True,0,20,40,"{""2"": 20}",0,20,0,20,129
results\d5_formal\raw_r1\boot_05\batch_20260919T140346.247467Z_472e3012.json.gz,20260919T140346.247467Z_472e3012,4,d3e31330-37b4-4c44-bd02-2615e3fcaaa1,d5_d3e31330-37b4-4c44-bd02-2615e3fcaaa1_8605_82ec4ddd,62,test:unloaded,normal,baseline,role_aggregate,20,128,32,middle,True,True,0,20,40,"{""2"": 20}",0,20,0,20,129
results\d5_formal\raw_r1\boot_05\batch_20260919T140348.323232Z_c825ae56.json.gz,20260919T140348.323232Z_c825ae56,4,d3e31330-37b4-4c44-bd02-2615e3fcaaa1,d5_d3e31330-37b4-4c44-bd02-2615e3fcaaa1_8605_82ec4ddd,63,test:unloaded,normal,baseline,role_aggregate,20,128,32,middle,True,True,0,20,40,"{""2"": 20}",0,20,0,20,129
results\d5_formal\raw_r1\boot_05\batch_20260919T140350.775143Z_9323b8e5.json.gz,20260919T140350.775143Z_9323b8e5,4,d3e31330-37b4-4c44-bd02-2615e3fcaaa1,d5_d3e31330-37b4-4c44-bd02-2615e3fcaaa1_8605_82ec4ddd,64,test:unloaded,normal,baseline,role_aggregate,20,128,32,middle,True,True,0,20,40,"{""2"": 20}",0,20,0,20,129
results\d5_formal\raw_r1\boot_05\batch_20260919T140352.832368Z_b5ed6c99.json.gz,20260919T140352.832368Z_b5ed6c99,4,d3e31330-37b4-4c44-bd02-2615e3fcaaa1,d5_d3e31330-37b4-4c44-bd02-2615e3fcaaa1_8605_82ec4ddd,65,test:unloaded,normal,baseline,role_aggregate,20,128,32,middle,True,True,0,20,40,"{""2"": 20}",0,20,0,20,129
results\d5_formal\raw_r1\boot_05\batch_20260919T140354.950383Z_f3d7388e.json.gz,20260919T140354.950383Z_f3d7388e,4,d3e31330-37b4-4c44-bd02-2615e3fcaaa1,d5_d3e31330-37b4-4c44-bd02-2615e3fcaaa1_8605_82ec4ddd,66,test:unloaded,normal,baseline,role_aggregate,20,128,32,middle,True,True,0,20,40,"{""2"": 20}",0,20,0,20,129
results\d5_formal\raw_r1\boot_05\batch_20260919T140357.054249Z_b4d4ceb0.json.gz,20260919T140357.054249Z_b4d4ceb0,4,d3e31330-37b4-4c44-bd02-2615e3fcaaa1,d5_d3e31330-37b4-4c44-bd02-2615e3fcaaa1_8605_82ec4ddd,67,test:unloaded,normal,baseline,role_aggregate,20,128,32,middle,True,True,0,20,40,"{""2"": 20}",0,20,0,20,129
results\d5_formal\raw_r1\boot_05\batch_20260919T140405.371193Z_55c50b21.json.gz,20260919T140405.371193Z_55c50b21,4,d3e31330-37b4-4c44-bd02-2615e3fcaaa1,d5_d3e31330-37b4-4c44-bd02-2615e3fcaaa1_8605_82ec4ddd,68,test:unloaded,normal,cpu,role_aggregate,20,128,32,middle,True,True,0,20,40,"{""2"": 20}",0,20,0,20,129
results\d5_formal\raw_r1\boot_05\batch_20260919T140413.547010Z_075d0743.json.gz,20260919T140413.547010Z_075d0743,4,d3e31330-37b4-4c44-bd02-2615e3fcaaa1,d5_d3e31330-37b4-4c44-bd02-2615e3fcaaa1_8605_82ec4ddd,69,test:unloaded,normal,cpu,role_aggregate,20,128,32,middle,True,True,0,20,40,"{""2"": 20}",0,20,0,20,129
results\d5_formal\raw_r1\boot_05\batch_20260919T140421.829178Z_70e0b4d4.json.gz,20260919T140421.829178Z_70e0b4d4,4,d3e31330-37b4-4c44-bd02-2615e3fcaaa1,d5_d3e31330-37b4-4c44-bd02-2615e3fcaaa1_8605_82ec4ddd,70,test:unloaded,normal,cpu,role_aggregate,20,128,32,middle,True,True,0,20,40,"{""2"": 20}",0,20,0,20,129
results\d5_formal\raw_r1\boot_05\batch_20260919T140430.072187Z_14c7da91.json.gz,20260919T140430.072187Z_14c7da91,4,d3e31330-37b4-4c44-bd02-2615e3fcaaa1,d5_d3e31330-37b4-4c44-bd02-2615e3fcaaa1_8605_82ec4ddd,71,test:unloaded,normal,cpu,role_aggregate,20,128,32,middle,True,True,0,20,40,"{""2"": 20}",0,20,0,20,129
results\d5_formal\raw_r1\boot_05\batch_20260919T140438.265401Z_76f553ce.json.gz,20260919T140438.265401Z_76f553ce,4,d3e31330-37b4-4c44-bd02-2615e3fcaaa1,d5_d3e31330-37b4-4c44-bd02-2615e3fcaaa1_8605_82ec4ddd,72,test:unloaded,normal,cpu,role_aggregate,20,128,32,middle,True,True,0,20,40,"{""2"": 20}",0,20,0,20,129
results\d5_formal\raw_r1\boot_05\batch_20260919T140446.554127Z_953e687d.json.gz,20260919T140446.554127Z_953e687d,4,d3e31330-37b4-4c44-bd02-2615e3fcaaa1,d5_d3e31330-37b4-4c44-bd02-2615e3fcaaa1_8605_82ec4ddd,73,test:unloaded,normal,cpu,role_aggregate,20,128,32,middle,True,True,0,20,40,"{""2"": 20}",0,20,0,20,129
results\d5_formal\raw_r1\boot_05\batch_20260919T140454.754417Z_29d10cf0.json.gz,20260919T140454.754417Z_29d10cf0,4,d3e31330-37b4-4c44-bd02-2615e3fcaaa1,d5_d3e31330-37b4-4c44-bd02-2615e3fcaaa1_8605_82ec4ddd,74,test:unloaded,normal,cpu,role_aggregate,20,128,32,middle,True,True,0,20,40,"{""2"": 20}",0,20,0,20,129
results\d5_formal\raw_r1\boot_05\batch_20260919T140503.030359Z_6c34043f.json.gz,20260919T140503.030359Z_6c34043f,4,d3e31330-37b4-4c44-bd02-2615e3fcaaa1,d5_d3e31330-37b4-4c44-bd02-2615e3fcaaa1_8605_82ec4ddd,75,test:unloaded,normal,cpu,role_aggregate,20,128,32,middle,True,True,0,20,40,"{""2"": 20}",0,20,0,20,129
results\d5_formal\raw_r1\boot_05\batch_20260919T140511.336701Z_9f637f7d.json.gz,20260919T140511.336701Z_9f637f7d,4,d3e31330-37b4-4c44-bd02-2615e3fcaaa1,d5_d3e31330-37b4-4c44-bd02-2615e3fcaaa1_8605_82ec4ddd,76,test:unloaded,normal,cpu,role_aggregate,20,128,32,middle,True,True,0,20,40,"{""2"": 20}",0,20,0,20,129
results\d5_formal\raw_r1\boot_05\batch_20260919T140519.589197Z_b17c4170.json.gz,20260919T140519.589197Z_b17c4170,4,d3e31330-37b4-4c44-bd02-2615e3fcaaa1,d5_d3e31330-37b4-4c44-bd02-2615e3fcaaa1_8605_82ec4ddd,77,test:unloaded,normal,cpu,role_aggregate,20,128,32,middle,True,True,0,20,40,"{""2"": 20}",0,20,0,20,129
results\d5_formal\raw_r1\boot_05\batch_20260919T140527.758401Z_3893c252.json.gz,20260919T140527.758401Z_3893c252,4,d3e31330-37b4-4c44-bd02-2615e3fcaaa1,d5_d3e31330-37b4-4c44-bd02-2615e3fcaaa1_8605_82ec4ddd,78,test:unloaded,normal,cpu,role_aggregate,20,128,32,middle,True,True,0,20,40,"{""2"": 20}",0,20,0,20,129
results\d5_formal\raw_r1\boot_05\batch_20260919T140535.923932Z_fc5bae50.json.gz,20260919T140535.923932Z_fc5bae50,4,d3e31330-37b4-4c44-bd02-2615e3fcaaa1,d5_d3e31330-37b4-4c44-bd02-2615e3fcaaa1_8605_82ec4ddd,79,test:unloaded,normal,cpu,role_aggregate,20,128,32,middle,True,True,0,20,40,"{""2"": 20}",0,20,0,20,129
results\d5_formal\raw_r1\boot_05\batch_20260919T140544.142184Z_d0adad30.json.gz,20260919T140544.142184Z_d0adad30,4,d3e31330-37b4-4c44-bd02-2615e3fcaaa1,d5_d3e31330-37b4-4c44-bd02-2615e3fcaaa1_8605_82ec4ddd,80,test:unloaded,normal,cpu,role_aggregate,20,128,32,middle,True,True,0,20,40,"{""2"": 20}",0,20,0,20,129
results\d5_formal\raw_r1\boot_05\batch_20260919T140552.361384Z_365281a7.json.gz,20260919T140552.361384Z_365281a7,4,d3e31330-37b4-4c44-bd02-2615e3fcaaa1,d5_d3e31330-37b4-4c44-bd02-2615e3fcaaa1_8605_82ec4ddd,81,test:unloaded,normal,cpu,role_aggregate,20,128,32,middle,True,True,0,20,40,"{""2"": 20}",0,20,0,20,129
results\d5_formal\raw_r1\boot_05\batch_20260919T140600.566030Z_d9dbbd9e.json.gz,20260919T140600.566030Z_d9dbbd9e,4,d3e31330-37b4-4c44-bd02-2615e3fcaaa1,d5_d3e31330-37b4-4c44-bd02-2615e3fcaaa1_8605_82ec4ddd,82,test:unloaded,normal,cpu,role_aggregate,20,128,32,middle,True,True,0,20,40,"{""2"": 20}",0,20,0,20,129
results\d5_formal\raw_r1\boot_05\batch_20260919T140608.823462Z_a7b92b36.json.gz,20260919T140608.823462Z_a7b92b36,4,d3e31330-37b4-4c44-bd02-2615e3fcaaa1,d5_d3e31330-37b4-4c44-bd02-2615e3fcaaa1_8605_82ec4ddd,83,test:unloaded,normal,cpu,role_aggregate,20,128,32,middle,True,True,0,20,40,"{""2"": 20}",0,20,0,20,129
results\d5_formal\raw_r1\boot_05\batch_20260919T140617.099280Z_7818afd6.json.gz,20260919T140617.099280Z_7818afd6,4,d3e31330-37b4-4c44-bd02-2615e3fcaaa1,d5_d3e31330-37b4-4c44-bd02-2615e3fcaaa1_8605_82ec4ddd,84,test:unloaded,normal,cpu,role_aggregate,20,128,32,middle,True,True,0,20,40,"{""2"": 20}",0,20,0,20,129
results\d5_formal\raw_r1\boot_05\batch_20260919T140625.358415Z_b62cd048.json.gz,20260919T140625.358415Z_b62cd048,4,d3e31330-37b4-4c44-bd02-2615e3fcaaa1,d5_d3e31330-37b4-4c44-bd02-2615e3fcaaa1_8605_82ec4ddd,85,test:unloaded,normal,cpu,role_aggregate,20,128,32,middle,True,True,0,20,40,"{""2"": 20}",0,20,0,20,129
results\d5_formal\raw_r1\boot_05\batch_20260919T140633.695827Z_45e4c5ec.json.gz,20260919T140633.695827Z_45e4c5ec,4,d3e31330-37b4-4c44-bd02-2615e3fcaaa1,d5_d3e31330-37b4-4c44-bd02-2615e3fcaaa1_8605_82ec4ddd,86,test:unloaded,normal,cpu,role_aggregate,20,128,32,middle,True,True,0,20,40,"{""2"": 20}",0,20,0,20,129
results\d5_formal\raw_r1\boot_05\batch_20260919T140641.992712Z_ebb0571e.json.gz,20260919T140641.992712Z_ebb0571e,4,d3e31330-37b4-4c44-bd02-2615e3fcaaa1,d5_d3e31330-37b4-4c44-bd02-2615e3fcaaa1_8605_82ec4ddd,87,test:unloaded,normal,cpu,role_aggregate,20,128,32,middle,True,True,0,20,40,"{""2"": 20}",0,20,0,20,129
results\d5_formal\raw_r1\boot_05\batch_20260919T140650.227869Z_0edc7432.json.gz,20260919T140650.227869Z_0edc7432,4,d3e31330-37b4-4c44-bd02-2615e3fcaaa1,d5_d3e31330-37b4-4c44-bd02-2615e3fcaaa1_8605_82ec4ddd,88,test:unloaded,normal,cpu,role_aggregate,20,128,32,middle,True,True,0,20,40,"{""2"": 20}",0,20,0,20,129
results\d5_formal\raw_r1\boot_05\batch_20260919T140658.570514Z_d9726120.json.gz,20260919T140658.570514Z_d9726120,4,d3e31330-37b4-4c44-bd02-2615e3fcaaa1,d5_d3e31330-37b4-4c44-bd02-2615e3fcaaa1_8605_82ec4ddd,89,test:unloaded,normal,cpu,role_aggregate,20,128,32,middle,True,True,0,20,40,"{""2"": 20}",0,20,0,20,129
results\d5_formal\raw_r1\boot_05\batch_20260919T140706.846525Z_621d783c.json.gz,20260919T140706.846525Z_621d783c,4,d3e31330-37b4-4c44-bd02-2615e3fcaaa1,d5_d3e31330-37b4-4c44-bd02-2615e3fcaaa1_8605_82ec4ddd,90,test:unloaded,normal,cpu,role_aggregate,20,128,32,middle,True,True,0,20,40,"{""2"": 20}",0,20,0,20,129
results\d5_formal\raw_r1\boot_05\batch_20260919T140715.104058Z_97d797ea.json.gz,20260919T140715.104058Z_97d797ea,4,d3e31330-37b4-4c44-bd02-2615e3fcaaa1,d5_d3e31330-37b4-4c44-bd02-2615e3fcaaa1_8605_82ec4ddd,91,test:unloaded,normal,cpu,role_aggregate,20,128,32,middle,True,True,0,20,40,"{""2"": 20}",0,20,0,20,129
results\d5_formal\raw_r1\boot_05\batch_20260919T140723.357428Z_7071317e.json.gz,20260919T140723.357428Z_7071317e,4,d3e31330-37b4-4c44-bd02-2615e3fcaaa1,d5_d3e31330-37b4-4c44-bd02-2615e3fcaaa1_8605_82ec4ddd,92,test:unloaded,normal,cpu,role_aggregate,20,128,32,middle,True,True,0,20,40,"{""2"": 20}",0,20,0,20,129
results\d5_formal\raw_r1\boot_05\batch_20260919T140731.615504Z_2d076c6a.json.gz,20260919T140731.615504Z_2d076c6a,4,d3e31330-37b4-4c44-bd02-2615e3fcaaa1,d5_d3e31330-37b4-4c44-bd02-2615e3fcaaa1_8605_82ec4ddd,93,test:unloaded,normal,cpu,role_aggregate,20,128,32,middle,True,True,0,20,40,"{""2"": 20}",0,20,0,20,129
results\d5_formal\raw_r1\boot_05\batch_20260919T140739.866105Z_283690d4.json.gz,20260919T140739.866105Z_283690d4,4,d3e31330-37b4-4c44-bd02-2615e3fcaaa1,d5_d3e31330-37b4-4c44-bd02-2615e3fcaaa1_8605_82ec4ddd,94,test:unloaded,normal,cpu,role_aggregate,20,128,32,middle,True,True,0,20,40,"{""2"": 20}",0,20,0,20,129
results\d5_formal\raw_r1\boot_05\batch_20260919T140748.051128Z_e6387eaf.json.gz,20260919T140748.051128Z_e6387eaf,4,d3e31330-37b4-4c44-bd02-2615e3fcaaa1,d5_d3e31330-37b4-4c44-bd02-2615e3fcaaa1_8605_82ec4ddd,95,test:unloaded,normal,cpu,role_aggregate,20,128,32,middle,True,True,0,20,40,"{""2"": 20}",0,20,0,20,129
results\d5_formal\raw_r1\boot_05\batch_20260919T140756.214746Z_c996dbb1.json.gz,20260919T140756.214746Z_c996dbb1,4,d3e31330-37b4-4c44-bd02-2615e3fcaaa1,d5_d3e31330-37b4-4c44-bd02-2615e3fcaaa1_8605_82ec4ddd,96,test:unloaded,normal,cpu,role_aggregate,20,128,32,middle,True,True,0,20,40,"{""2"": 20}",0,20,0,20,129
results\d5_formal\raw_r1\boot_05\batch_20260919T140804.632160Z_7e3621d3.json.gz,20260919T140804.632160Z_7e3621d3,4,d3e31330-37b4-4c44-bd02-2615e3fcaaa1,d5_d3e31330-37b4-4c44-bd02-2615e3fcaaa1_8605_82ec4ddd,97,test:unloaded,normal,cpu,role_aggregate,20,128,32,middle,True,True,0,20,40,"{""2"": 20}",0,20,0,20,129
results\d5_formal\raw_r1\boot_05\batch_20260919T140812.880271Z_c962705b.json.gz,20260919T140812.880271Z_c962705b,4,d3e31330-37b4-4c44-bd02-2615e3fcaaa1,d5_d3e31330-37b4-4c44-bd02-2615e3fcaaa1_8605_82ec4ddd,98,test:unloaded,normal,cpu,role_aggregate,20,128,32,middle,True,True,0,20,40,"{""2"": 20}",0,20,0,20,129
results\d5_formal\raw_r1\boot_05\batch_20260919T140821.042203Z_5d2b96d5.json.gz,20260919T140821.042203Z_5d2b96d5,4,d3e31330-37b4-4c44-bd02-2615e3fcaaa1,d5_d3e31330-37b4-4c44-bd02-2615e3fcaaa1_8605_82ec4ddd,99,test:unloaded,normal,cpu,role_aggregate,20,128,32,middle,True,True,0,20,40,"{""2"": 20}",0,20,0,20,129
results\d5_formal\raw_r1\boot_05\batch_20260919T140829.336204Z_4d98d2ab.json.gz,20260919T140829.336204Z_4d98d2ab,4,d3e31330-37b4-4c44-bd02-2615e3fcaaa1,d5_d3e31330-37b4-4c44-bd02-2615e3fcaaa1_8605_82ec4ddd,100,test:unloaded,normal,cpu,role_aggregate,20,128,32,middle,True,True,0,20,40,"{""2"": 20}",0,20,0,20,129
results\d5_formal\raw_r1\boot_05\batch_20260919T140837.558824Z_41018cfc.json.gz,20260919T140837.558824Z_41018cfc,4,d3e31330-37b4-4c44-bd02-2615e3fcaaa1,d5_d3e31330-37b4-4c44-bd02-2615e3fcaaa1_8605_82ec4ddd,101,test:unloaded,normal,cpu,role_aggregate,20,128,32,middle,True,True,0,20,40,"{""2"": 20}",0,20,0,20,129
results\d5_formal\raw_r1\boot_05\batch_20260919T140845.820381Z_d7fd9549.json.gz,20260919T140845.820381Z_d7fd9549,4,d3e31330-37b4-4c44-bd02-2615e3fcaaa1,d5_d3e31330-37b4-4c44-bd02-2615e3fcaaa1_8605_82ec4ddd,102,test:unloaded,normal,cpu,role_aggregate,20,128,32,middle,True,True,0,20,40,"{""2"": 20}",0,20,0,20,129
results\d5_formal\raw_r1\boot_05\batch_20260919T140854.066783Z_5e473add.json.gz,20260919T140854.066783Z_5e473add,4,d3e31330-37b4-4c44-bd02-2615e3fcaaa1,d5_d3e31330-37b4-4c44-bd02-2615e3fcaaa1_8605_82ec4ddd,103,test:unloaded,normal,cpu,role_aggregate,20,128,32,middle,True,True,0,20,40,"{""2"": 20}",0,20,0,20,129
results\d5_formal\raw_r1\boot_05\batch_20260919T140902.392719Z_8c8f2785.json.gz,20260919T140902.392719Z_8c8f2785,4,d3e31330-37b4-4c44-bd02-2615e3fcaaa1,d5_d3e31330-37b4-4c44-bd02-2615e3fcaaa1_8605_82ec4ddd,104,test:unloaded,normal,cpu,role_aggregate,20,128,32,middle,True,True,0,20,40,"{""2"": 20}",0,20,0,20,129
results\d5_formal\raw_r1\boot_05\batch_20260919T140910.642523Z_2c1edf8f.json.gz,20260919T140910.642523Z_2c1edf8f,4,d3e31330-37b4-4c44-bd02-2615e3fcaaa1,d5_d3e31330-37b4-4c44-bd02-2615e3fcaaa1_8605_82ec4ddd,105,test:unloaded,normal,cpu,role_aggregate,20,128,32,middle,True,True,0,20,40,"{""2"": 20}",0,20,0,20,129
results\d5_formal\raw_r1\boot_05\batch_20260919T140918.905168Z_a1fcd347.json.gz,20260919T140918.905168Z_a1fcd347,4,d3e31330-37b4-4c44-bd02-2615e3fcaaa1,d5_d3e31330-37b4-4c44-bd02-2615e3fcaaa1_8605_82ec4ddd,106,test:unloaded,normal,cpu,role_aggregate,20,128,32,middle,True,True,0,20,40,"{""2"": 20}",0,20,0,20,129
results\d5_formal\raw_r1\boot_05\batch_20260919T140927.189311Z_79532d19.json.gz,20260919T140927.189311Z_79532d19,4,d3e31330-37b4-4c44-bd02-2615e3fcaaa1,d5_d3e31330-37b4-4c44-bd02-2615e3fcaaa1_8605_82ec4ddd,107,test:unloaded,normal,cpu,role_aggregate,20,128,32,middle,True,True,0,20,40,"{""2"": 20}",0,20,0,20,129
results\d5_formal\raw_r1\boot_05\batch_20260919T140930.335328Z_f00f528f.json.gz,20260919T140930.335328Z_f00f528f,4,d3e31330-37b4-4c44-bd02-2615e3fcaaa1,d5_d3e31330-37b4-4c44-bd02-2615e3fcaaa1_8605_82ec4ddd,108,test:unloaded,normal,memory,role_aggregate,20,128,32,middle,True,True,0,20,40,"{""2"": 20}",0,20,0,20,129
results\d5_formal\raw_r1\boot_05\batch_20260919T140933.444383Z_1fb3f74e.json.gz,20260919T140933.444383Z_1fb3f74e,4,d3e31330-37b4-4c44-bd02-2615e3fcaaa1,d5_d3e31330-37b4-4c44-bd02-2615e3fcaaa1_8605_82ec4ddd,109,test:unloaded,normal,memory,role_aggregate,20,128,32,middle,True,True,0,20,40,"{""2"": 20}",0,20,0,20,129
results\d5_formal\raw_r1\boot_05\batch_20260919T140936.563314Z_5f0e3a45.json.gz,20260919T140936.563314Z_5f0e3a45,4,d3e31330-37b4-4c44-bd02-2615e3fcaaa1,d5_d3e31330-37b4-4c44-bd02-2615e3fcaaa1_8605_82ec4ddd,110,test:unloaded,normal,memory,role_aggregate,20,128,32,middle,True,True,0,20,40,"{""2"": 20}",0,20,0,20,129
results\d5_formal\raw_r1\boot_05\batch_20260919T140939.729553Z_671107cf.json.gz,20260919T140939.729553Z_671107cf,4,d3e31330-37b4-4c44-bd02-2615e3fcaaa1,d5_d3e31330-37b4-4c44-bd02-2615e3fcaaa1_8605_82ec4ddd,111,test:unloaded,normal,memory,role_aggregate,20,128,32,middle,True,True,0,20,40,"{""2"": 20}",0,20,0,20,129
results\d5_formal\raw_r1\boot_05\batch_20260919T140942.887975Z_2f3fd8e2.json.gz,20260919T140942.887975Z_2f3fd8e2,4,d3e31330-37b4-4c44-bd02-2615e3fcaaa1,d5_d3e31330-37b4-4c44-bd02-2615e3fcaaa1_8605_82ec4ddd,112,test:unloaded,normal,memory,role_aggregate,20,128,32,middle,True,True,0,20,40,"{""2"": 20}",0,20,0,20,129
results\d5_formal\raw_r1\boot_05\batch_20260919T140946.219447Z_4eef02ab.json.gz,20260919T140946.219447Z_4eef02ab,4,d3e31330-37b4-4c44-bd02-2615e3fcaaa1,d5_d3e31330-37b4-4c44-bd02-2615e3fcaaa1_8605_82ec4ddd,113,test:unloaded,normal,memory,role_aggregate,20,128,32,middle,True,True,0,20,40,"{""2"": 20}",0,20,0,20,129
results\d5_formal\raw_r1\boot_05\batch_20260919T140949.360289Z_ae0ac43c.json.gz,20260919T140949.360289Z_ae0ac43c,4,d3e31330-37b4-4c44-bd02-2615e3fcaaa1,d5_d3e31330-37b4-4c44-bd02-2615e3fcaaa1_8605_82ec4ddd,114,test:unloaded,normal,memory,role_aggregate,20,128,32,middle,True,True,0,20,40,"{""2"": 20}",0,20,0,20,129
results\d5_formal\raw_r1\boot_05\batch_20260919T140952.567245Z_e73caeff.json.gz,20260919T140952.567245Z_e73caeff,4,d3e31330-37b4-4c44-bd02-2615e3fcaaa1,d5_d3e31330-37b4-4c44-bd02-2615e3fcaaa1_8605_82ec4ddd,115,test:unloaded,normal,memory,role_aggregate,20,128,32,middle,True,True,0,20,40,"{""2"": 20}",0,20,0,20,129
results\d5_formal\raw_r1\boot_05\batch_20260919T140955.717229Z_329f1954.json.gz,20260919T140955.717229Z_329f1954,4,d3e31330-37b4-4c44-bd02-2615e3fcaaa1,d5_d3e31330-37b4-4c44-bd02-2615e3fcaaa1_8605_82ec4ddd,116,test:unloaded,normal,memory,role_aggregate,20,128,32,middle,True,True,0,20,40,"{""2"": 20}",0,20,0,20,129
results\d5_formal\raw_r1\boot_05\batch_20260919T140958.859440Z_c13a5b5e.json.gz,20260919T140958.859440Z_c13a5b5e,4,d3e31330-37b4-4c44-bd02-2615e3fcaaa1,d5_d3e31330-37b4-4c44-bd02-2615e3fcaaa1_8605_82ec4ddd,117,test:unloaded,normal,memory,role_aggregate,20,128,32,middle,True,True,0,20,40,"{""2"": 20}",0,20,0,20,129
results\d5_formal\raw_r1\boot_05\batch_20260919T141002.005301Z_df18536d.json.gz,20260919T141002.005301Z_df18536d,4,d3e31330-37b4-4c44-bd02-2615e3fcaaa1,d5_d3e31330-37b4-4c44-bd02-2615e3fcaaa1_8605_82ec4ddd,118,test:unloaded,normal,memory,role_aggregate,20,128,32,middle,True,True,0,20,40,"{""2"": 20}",0,20,0,20,129
results\d5_formal\raw_r1\boot_05\batch_20260919T141005.078322Z_771bcc41.json.gz,20260919T141005.078322Z_771bcc41,4,d3e31330-37b4-4c44-bd02-2615e3fcaaa1,d5_d3e31330-37b4-4c44-bd02-2615e3fcaaa1_8605_82ec4ddd,119,test:unloaded,normal,memory,role_aggregate,20,128,32,middle,True,True,0,20,40,"{""2"": 20}",0,20,0,20,129
results\d5_formal\raw_r1\boot_05\batch_20260919T141008.211133Z_763961ec.json.gz,20260919T141008.211133Z_763961ec,4,d3e31330-37b4-4c44-bd02-2615e3fcaaa1,d5_d3e31330-37b4-4c44-bd02-2615e3fcaaa1_8605_82ec4ddd,120,test:unloaded,normal,memory,role_aggregate,20,128,32,middle,True,True,0,20,40,"{""2"": 20}",0,20,0,20,129
results\d5_formal\raw_r1\boot_05\batch_20260919T141011.408971Z_643d5206.json.gz,20260919T141011.408971Z_643d5206,4,d3e31330-37b4-4c44-bd02-2615e3fcaaa1,d5_d3e31330-37b4-4c44-bd02-2615e3fcaaa1_8605_82ec4ddd,121,test:unloaded,normal,memory,role_aggregate,20,128,32,middle,True,True,0,20,40,"{""2"": 20}",0,20,0,20,129
results\d5_formal\raw_r1\boot_05\batch_20260919T141014.712580Z_b0a2c08c.json.gz,20260919T141014.712580Z_b0a2c08c,4,d3e31330-37b4-4c44-bd02-2615e3fcaaa1,d5_d3e31330-37b4-4c44-bd02-2615e3fcaaa1_8605_82ec4ddd,122,test:unloaded,normal,memory,role_aggregate,20,128,32,middle,True,True,0,20,40,"{""2"": 20}",0,20,0,20,129
results\d5_formal\raw_r1\boot_05\batch_20260919T141017.925358Z_72aef453.json.gz,20260919T141017.925358Z_72aef453,4,d3e31330-37b4-4c44-bd02-2615e3fcaaa1,d5_d3e31330-37b4-4c44-bd02-2615e3fcaaa1_8605_82ec4ddd,123,test:unloaded,normal,memory,role_aggregate,20,128,32,middle,True,True,0,20,40,"{""2"": 20}",0,20,0,20,129
results\d5_formal\raw_r1\boot_05\batch_20260919T141021.161011Z_a4ba8aa0.json.gz,20260919T141021.161011Z_a4ba8aa0,4,d3e31330-37b4-4c44-bd02-2615e3fcaaa1,d5_d3e31330-37b4-4c44-bd02-2615e3fcaaa1_8605_82ec4ddd,124,test:unloaded,normal,memory,role_aggregate,20,128,32,middle,True,True,0,20,40,"{""2"": 20}",0,20,0,20,129
results\d5_formal\raw_r1\boot_05\batch_20260919T141024.443389Z_4bc2a86d.json.gz,20260919T141024.443389Z_4bc2a86d,4,d3e31330-37b4-4c44-bd02-2615e3fcaaa1,d5_d3e31330-37b4-4c44-bd02-2615e3fcaaa1_8605_82ec4ddd,125,test:unloaded,normal,memory,role_aggregate,20,128,32,middle,True,True,0,20,40,"{""2"": 20}",0,20,0,20,129
results\d5_formal\raw_r1\boot_05\batch_20260919T141027.647093Z_4f04ecf0.json.gz,20260919T141027.647093Z_4f04ecf0,4,d3e31330-37b4-4c44-bd02-2615e3fcaaa1,d5_d3e31330-37b4-4c44-bd02-2615e3fcaaa1_8605_82ec4ddd,126,test:unloaded,normal,memory,role_aggregate,20,128,32,middle,True,True,0,20,40,"{""2"": 20}",0,20,0,20,129
results\d5_formal\raw_r1\boot_05\batch_20260919T141030.883092Z_f241c1b5.json.gz,20260919T141030.883092Z_f241c1b5,4,d3e31330-37b4-4c44-bd02-2615e3fcaaa1,d5_d3e31330-37b4-4c44-bd02-2615e3fcaaa1_8605_82ec4ddd,127,test:unloaded,normal,memory,role_aggregate,20,128,32,middle,True,True,0,20,40,"{""2"": 20}",0,20,0,20,129
results\d5_formal\raw_r1\boot_05\batch_20260919T141034.042002Z_0ffb3262.json.gz,20260919T141034.042002Z_0ffb3262,4,d3e31330-37b4-4c44-bd02-2615e3fcaaa1,d5_d3e31330-37b4-4c44-bd02-2615e3fcaaa1_8605_82ec4ddd,128,test:unloaded,normal,memory,role_aggregate,20,128,32,middle,True,True,0,20,40,"{""2"": 20}",0,20,0,20,129
results\d5_formal\raw_r1\boot_05\batch_20260919T141037.254524Z_ff6387fc.json.gz,20260919T141037.254524Z_ff6387fc,4,d3e31330-37b4-4c44-bd02-2615e3fcaaa1,d5_d3e31330-37b4-4c44-bd02-2615e3fcaaa1_8605_82ec4ddd,129,test:unloaded,normal,memory,role_aggregate,20,128,32,middle,True,True,0,20,40,"{""2"": 20}",0,20,0,20,129
results\d5_formal\raw_r1\boot_05\batch_20260919T141040.490029Z_bf03b35f.json.gz,20260919T141040.490029Z_bf03b35f,4,d3e31330-37b4-4c44-bd02-2615e3fcaaa1,d5_d3e31330-37b4-4c44-bd02-2615e3fcaaa1_8605_82ec4ddd,130,test:unloaded,normal,memory,role_aggregate,20,128,32,middle,True,True,0,20,40,"{""2"": 20}",0,20,0,20,129
results\d5_formal\raw_r1\boot_05\batch_20260919T141043.843227Z_af93ce5d.json.gz,20260919T141043.843227Z_af93ce5d,4,d3e31330-37b4-4c44-bd02-2615e3fcaaa1,d5_d3e31330-37b4-4c44-bd02-2615e3fcaaa1_8605_82ec4ddd,131,test:unloaded,normal,memory,role_aggregate,20,128,32,middle,True,True,0,20,40,"{""2"": 20}",0,20,0,20,129
results\d5_formal\raw_r1\boot_05\batch_20260919T141046.987690Z_8c246b7e.json.gz,20260919T141046.987690Z_8c246b7e,4,d3e31330-37b4-4c44-bd02-2615e3fcaaa1,d5_d3e31330-37b4-4c44-bd02-2615e3fcaaa1_8605_82ec4ddd,132,test:unloaded,normal,memory,role_aggregate,20,128,32,middle,True,True,0,20,40,"{""2"": 20}",0,20,0,20,129
results\d5_formal\raw_r1\boot_05\batch_20260919T141050.192162Z_f9f2182c.json.gz,20260919T141050.192162Z_f9f2182c,4,d3e31330-37b4-4c44-bd02-2615e3fcaaa1,d5_d3e31330-37b4-4c44-bd02-2615e3fcaaa1_8605_82ec4ddd,133,test:unloaded,normal,memory,role_aggregate,20,128,32,middle,True,True,0,20,40,"{""2"": 20}",0,20,0,20,129
results\d5_formal\raw_r1\boot_05\batch_20260919T141053.429890Z_04edd513.json.gz,20260919T141053.429890Z_04edd513,4,d3e31330-37b4-4c44-bd02-2615e3fcaaa1,d5_d3e31330-37b4-4c44-bd02-2615e3fcaaa1_8605_82ec4ddd,134,test:unloaded,normal,memory,role_aggregate,20,128,32,middle,True,True,0,20,40,"{""2"": 20}",0,20,0,20,129
results\d5_formal\raw_r1\boot_05\batch_20260919T141056.581935Z_cbd74bed.json.gz,20260919T141056.581935Z_cbd74bed,4,d3e31330-37b4-4c44-bd02-2615e3fcaaa1,d5_d3e31330-37b4-4c44-bd02-2615e3fcaaa1_8605_82ec4ddd,135,test:unloaded,normal,memory,role_aggregate,20,128,32,middle,True,True,0,20,40,"{""2"": 20}",0,20,0,20,129
results\d5_formal\raw_r1\boot_05\batch_20260919T141059.861930Z_be356307.json.gz,20260919T141059.861930Z_be356307,4,d3e31330-37b4-4c44-bd02-2615e3fcaaa1,d5_d3e31330-37b4-4c44-bd02-2615e3fcaaa1_8605_82ec4ddd,136,test:unloaded,normal,memory,role_aggregate,20,128,32,middle,True,True,0,20,40,"{""2"": 20}",0,20,0,20,129
results\d5_formal\raw_r1\boot_05\batch_20260919T141103.077125Z_b20975d2.json.gz,20260919T141103.077125Z_b20975d2,4,d3e31330-37b4-4c44-bd02-2615e3fcaaa1,d5_d3e31330-37b4-4c44-bd02-2615e3fcaaa1_8605_82ec4ddd,137,test:unloaded,normal,memory,role_aggregate,20,128,32,middle,True,True,0,20,40,"{""2"": 20}",0,20,0,20,129
results\d5_formal\raw_r1\boot_05\batch_20260919T141106.231237Z_82130f7a.json.gz,20260919T141106.231237Z_82130f7a,4,d3e31330-37b4-4c44-bd02-2615e3fcaaa1,d5_d3e31330-37b4-4c44-bd02-2615e3fcaaa1_8605_82ec4ddd,138,test:unloaded,normal,memory,role_aggregate,20,128,32,middle,True,True,0,20,40,"{""2"": 20}",0,20,0,20,129
results\d5_formal\raw_r1\boot_05\batch_20260919T141109.558415Z_564f0855.json.gz,20260919T141109.558415Z_564f0855,4,d3e31330-37b4-4c44-bd02-2615e3fcaaa1,d5_d3e31330-37b4-4c44-bd02-2615e3fcaaa1_8605_82ec4ddd,139,test:unloaded,normal,memory,role_aggregate,20,128,32,middle,True,True,0,20,40,"{""2"": 20}",0,20,0,20,129
results\d5_formal\raw_r1\boot_05\batch_20260919T141112.742202Z_459dd05c.json.gz,20260919T141112.742202Z_459dd05c,4,d3e31330-37b4-4c44-bd02-2615e3fcaaa1,d5_d3e31330-37b4-4c44-bd02-2615e3fcaaa1_8605_82ec4ddd,140,test:unloaded,normal,memory,role_aggregate,20,128,32,middle,True,True,0,20,40,"{""2"": 20}",0,20,0,20,129
results\d5_formal\raw_r1\boot_05\batch_20260919T141115.863051Z_1b00b118.json.gz,20260919T141115.863051Z_1b00b118,4,d3e31330-37b4-4c44-bd02-2615e3fcaaa1,d5_d3e31330-37b4-4c44-bd02-2615e3fcaaa1_8605_82ec4ddd,141,test:unloaded,normal,memory,role_aggregate,20,128,32,middle,True,True,0,20,40,"{""2"": 20}",0,20,0,20,129
results\d5_formal\raw_r1\boot_05\batch_20260919T141119.007149Z_6fd581e7.json.gz,20260919T141119.007149Z_6fd581e7,4,d3e31330-37b4-4c44-bd02-2615e3fcaaa1,d5_d3e31330-37b4-4c44-bd02-2615e3fcaaa1_8605_82ec4ddd,142,test:unloaded,normal,memory,role_aggregate,20,128,32,middle,True,True,0,20,40,"{""2"": 20}",0,20,0,20,129
results\d5_formal\raw_r1\boot_05\batch_20260919T141122.198462Z_2cb7e4e9.json.gz,20260919T141122.198462Z_2cb7e4e9,4,d3e31330-37b4-4c44-bd02-2615e3fcaaa1,d5_d3e31330-37b4-4c44-bd02-2615e3fcaaa1_8605_82ec4ddd,143,test:unloaded,normal,memory,role_aggregate,20,128,32,middle,True,True,0,20,40,"{""2"": 20}",0,20,0,20,129
results\d5_formal\raw_r1\boot_05\batch_20260919T141125.360276Z_496b8571.json.gz,20260919T141125.360276Z_496b8571,4,d3e31330-37b4-4c44-bd02-2615e3fcaaa1,d5_d3e31330-37b4-4c44-bd02-2615e3fcaaa1_8605_82ec4ddd,144,test:unloaded,normal,memory,role_aggregate,20,128,32,middle,True,True,0,20,40,"{""2"": 20}",0,20,0,20,129
results\d5_formal\raw_r1\boot_05\batch_20260919T141128.503297Z_16534f9b.json.gz,20260919T141128.503297Z_16534f9b,4,d3e31330-37b4-4c44-bd02-2615e3fcaaa1,d5_d3e31330-37b4-4c44-bd02-2615e3fcaaa1_8605_82ec4ddd,145,test:unloaded,normal,memory,role_aggregate,20,128,32,middle,True,True,0,20,40,"{""2"": 20}",0,20,0,20,129
results\d5_formal\raw_r1\boot_05\batch_20260919T141131.674437Z_ea170324.json.gz,20260919T141131.674437Z_ea170324,4,d3e31330-37b4-4c44-bd02-2615e3fcaaa1,d5_d3e31330-37b4-4c44-bd02-2615e3fcaaa1_8605_82ec4ddd,146,test:unloaded,normal,memory,role_aggregate,20,128,32,middle,True,True,0,20,40,"{""2"": 20}",0,20,0,20,129
results\d5_formal\raw_r1\boot_05\batch_20260919T141134.778320Z_6817ca66.json.gz,20260919T141134.778320Z_6817ca66,4,d3e31330-37b4-4c44-bd02-2615e3fcaaa1,d5_d3e31330-37b4-4c44-bd02-2615e3fcaaa1_8605_82ec4ddd,147,test:unloaded,normal,memory,role_aggregate,20,128,32,middle,True,True,0,20,40,"{""2"": 20}",0,20,0,20,129
results\d5_formal\raw_r1\boot_05\batch_20260919T141143.216378Z_b4f25036.json.gz,20260919T141143.216378Z_b4f25036,4,d3e31330-37b4-4c44-bd02-2615e3fcaaa1,d5_d3e31330-37b4-4c44-bd02-2615e3fcaaa1_8605_82ec4ddd,148,test:unloaded,normal,mixed,role_aggregate,20,128,32,middle,True,True,0,20,40,"{""2"": 20}",0,20,0,20,129
results\d5_formal\raw_r1\boot_05\batch_20260919T141151.434512Z_2198e8aa.json.gz,20260919T141151.434512Z_2198e8aa,4,d3e31330-37b4-4c44-bd02-2615e3fcaaa1,d5_d3e31330-37b4-4c44-bd02-2615e3fcaaa1_8605_82ec4ddd,149,test:unloaded,normal,mixed,role_aggregate,20,128,32,middle,True,True,0,20,40,"{""2"": 20}",0,20,0,20,129
results\d5_formal\raw_r1\boot_05\batch_20260919T141159.669450Z_1866658d.json.gz,20260919T141159.669450Z_1866658d,4,d3e31330-37b4-4c44-bd02-2615e3fcaaa1,d5_d3e31330-37b4-4c44-bd02-2615e3fcaaa1_8605_82ec4ddd,150,test:unloaded,normal,mixed,role_aggregate,20,128,32,middle,True,True,0,20,40,"{""2"": 20}",0,20,0,20,129
results\d5_formal\raw_r1\boot_05\batch_20260919T141207.911182Z_686b2b7b.json.gz,20260919T141207.911182Z_686b2b7b,4,d3e31330-37b4-4c44-bd02-2615e3fcaaa1,d5_d3e31330-37b4-4c44-bd02-2615e3fcaaa1_8605_82ec4ddd,151,test:unloaded,normal,mixed,role_aggregate,20,128,32,middle,True,True,0,20,40,"{""2"": 20}",0,20,0,20,129
results\d5_formal\raw_r1\boot_05\batch_20260919T141216.205384Z_b7959c05.json.gz,20260919T141216.205384Z_b7959c05,4,d3e31330-37b4-4c44-bd02-2615e3fcaaa1,d5_d3e31330-37b4-4c44-bd02-2615e3fcaaa1_8605_82ec4ddd,152,test:unloaded,normal,mixed,role_aggregate,20,128,32,middle,True,True,0,20,40,"{""2"": 20}",0,20,0,20,129
results\d5_formal\raw_r1\boot_05\batch_20260919T141224.424815Z_21ad9335.json.gz,20260919T141224.424815Z_21ad9335,4,d3e31330-37b4-4c44-bd02-2615e3fcaaa1,d5_d3e31330-37b4-4c44-bd02-2615e3fcaaa1_8605_82ec4ddd,153,test:unloaded,normal,mixed,role_aggregate,20,128,32,middle,True,True,0,20,40,"{""2"": 20}",0,20,0,20,129
results\d5_formal\raw_r1\boot_05\batch_20260919T141232.590311Z_327d06a9.json.gz,20260919T141232.590311Z_327d06a9,4,d3e31330-37b4-4c44-bd02-2615e3fcaaa1,d5_d3e31330-37b4-4c44-bd02-2615e3fcaaa1_8605_82ec4ddd,154,test:unloaded,normal,mixed,role_aggregate,20,128,32,middle,True,True,0,20,40,"{""2"": 20}",0,20,0,20,129
results\d5_formal\raw_r1\boot_05\batch_20260919T141240.781318Z_f5161616.json.gz,20260919T141240.781318Z_f5161616,4,d3e31330-37b4-4c44-bd02-2615e3fcaaa1,d5_d3e31330-37b4-4c44-bd02-2615e3fcaaa1_8605_82ec4ddd,155,test:unloaded,normal,mixed,role_aggregate,20,128,32,middle,True,True,0,20,40,"{""2"": 20}",0,20,0,20,129
results\d5_formal\raw_r1\boot_05\batch_20260919T141248.990215Z_c0e8f706.json.gz,20260919T141248.990215Z_c0e8f706,4,d3e31330-37b4-4c44-bd02-2615e3fcaaa1,d5_d3e31330-37b4-4c44-bd02-2615e3fcaaa1_8605_82ec4ddd,156,test:unloaded,normal,mixed,role_aggregate,20,128,32,middle,True,True,0,20,40,"{""2"": 20}",0,20,0,20,129
results\d5_formal\raw_r1\boot_05\batch_20260919T141257.278176Z_bc89cf89.json.gz,20260919T141257.278176Z_bc89cf89,4,d3e31330-37b4-4c44-bd02-2615e3fcaaa1,d5_d3e31330-37b4-4c44-bd02-2615e3fcaaa1_8605_82ec4ddd,157,test:unloaded,normal,mixed,role_aggregate,20,128,32,middle,True,True,0,20,40,"{""2"": 20}",0,20,0,20,129
results\d5_formal\raw_r1\boot_05\batch_20260919T141305.731241Z_99f1dadd.json.gz,20260919T141305.731241Z_99f1dadd,4,d3e31330-37b4-4c44-bd02-2615e3fcaaa1,d5_d3e31330-37b4-4c44-bd02-2615e3fcaaa1_8605_82ec4ddd,158,test:unloaded,normal,mixed,role_aggregate,20,128,32,middle,True,True,0,20,40,"{""2"": 20}",0,20,0,20,129
results\d5_formal\raw_r1\boot_05\batch_20260919T141313.940297Z_5829355f.json.gz,20260919T141313.940297Z_5829355f,4,d3e31330-37b4-4c44-bd02-2615e3fcaaa1,d5_d3e31330-37b4-4c44-bd02-2615e3fcaaa1_8605_82ec4ddd,159,test:unloaded,normal,mixed,role_aggregate,20,128,32,middle,True,True,0,20,40,"{""2"": 20}",0,20,0,20,129
results\d5_formal\raw_r1\boot_05\batch_20260919T141322.115574Z_16dbdf24.json.gz,20260919T141322.115574Z_16dbdf24,4,d3e31330-37b4-4c44-bd02-2615e3fcaaa1,d5_d3e31330-37b4-4c44-bd02-2615e3fcaaa1_8605_82ec4ddd,160,test:unloaded,normal,mixed,role_aggregate,20,128,32,middle,True,True,0,20,40,"{""2"": 20}",0,20,0,20,129
results\d5_formal\raw_r1\boot_05\batch_20260919T141330.496230Z_234a7613.json.gz,20260919T141330.496230Z_234a7613,4,d3e31330-37b4-4c44-bd02-2615e3fcaaa1,d5_d3e31330-37b4-4c44-bd02-2615e3fcaaa1_8605_82ec4ddd,161,test:unloaded,normal,mixed,role_aggregate,20,128,32,middle,True,True,0,20,40,"{""2"": 20}",0,20,0,20,129
results\d5_formal\raw_r1\boot_05\batch_20260919T141338.754257Z_1d87c476.json.gz,20260919T141338.754257Z_1d87c476,4,d3e31330-37b4-4c44-bd02-2615e3fcaaa1,d5_d3e31330-37b4-4c44-bd02-2615e3fcaaa1_8605_82ec4ddd,162,test:unloaded,normal,mixed,role_aggregate,20,128,32,middle,True,True,0,20,40,"{""2"": 20}",0,20,0,20,129
results\d5_formal\raw_r1\boot_05\batch_20260919T141346.964171Z_3eaa7230.json.gz,20260919T141346.964171Z_3eaa7230,4,d3e31330-37b4-4c44-bd02-2615e3fcaaa1,d5_d3e31330-37b4-4c44-bd02-2615e3fcaaa1_8605_82ec4ddd,163,test:unloaded,normal,mixed,role_aggregate,20,128,32,middle,True,True,0,20,40,"{""2"": 20}",0,20,0,20,129
results\d5_formal\raw_r1\boot_05\batch_20260919T141355.189277Z_10489545.json.gz,20260919T141355.189277Z_10489545,4,d3e31330-37b4-4c44-bd02-2615e3fcaaa1,d5_d3e31330-37b4-4c44-bd02-2615e3fcaaa1_8605_82ec4ddd,164,test:unloaded,normal,mixed,role_aggregate,20,128,32,middle,True,True,0,20,40,"{""2"": 20}",0,20,0,20,129
results\d5_formal\raw_r1\boot_05\batch_20260919T141403.360103Z_d081654e.json.gz,20260919T141403.360103Z_d081654e,4,d3e31330-37b4-4c44-bd02-2615e3fcaaa1,d5_d3e31330-37b4-4c44-bd02-2615e3fcaaa1_8605_82ec4ddd,165,test:unloaded,normal,mixed,role_aggregate,20,128,32,middle,True,True,0,20,40,"{""2"": 20}",0,20,0,20,129
results\d5_formal\raw_r1\boot_05\batch_20260919T141411.522460Z_8256d4f6.json.gz,20260919T141411.522460Z_8256d4f6,4,d3e31330-37b4-4c44-bd02-2615e3fcaaa1,d5_d3e31330-37b4-4c44-bd02-2615e3fcaaa1_8605_82ec4ddd,166,test:unloaded,normal,mixed,role_aggregate,20,128,32,middle,True,True,0,20,40,"{""2"": 20}",0,20,0,20,129
results\d5_formal\raw_r1\boot_05\batch_20260919T141420.019108Z_69c0b475.json.gz,20260919T141420.019108Z_69c0b475,4,d3e31330-37b4-4c44-bd02-2615e3fcaaa1,d5_d3e31330-37b4-4c44-bd02-2615e3fcaaa1_8605_82ec4ddd,167,test:unloaded,normal,mixed,role_aggregate,20,128,32,middle,True,True,0,20,40,"{""2"": 20}",0,20,0,20,129
results\d5_formal\raw_r1\boot_05\batch_20260919T141428.569133Z_0ff4bcc4.json.gz,20260919T141428.569133Z_0ff4bcc4,4,d3e31330-37b4-4c44-bd02-2615e3fcaaa1,d5_d3e31330-37b4-4c44-bd02-2615e3fcaaa1_8605_82ec4ddd,168,test:unloaded,normal,mixed,role_aggregate,20,128,32,middle,True,True,0,20,40,"{""2"": 20}",0,20,0,20,129
results\d5_formal\raw_r1\boot_05\batch_20260919T141436.823221Z_ddce637d.json.gz,20260919T141436.823221Z_ddce637d,4,d3e31330-37b4-4c44-bd02-2615e3fcaaa1,d5_d3e31330-37b4-4c44-bd02-2615e3fcaaa1_8605_82ec4ddd,169,test:unloaded,normal,mixed,role_aggregate,20,128,32,middle,True,True,0,20,40,"{""2"": 20}",0,20,0,20,129
results\d5_formal\raw_r1\boot_05\batch_20260919T141445.078446Z_26061325.json.gz,20260919T141445.078446Z_26061325,4,d3e31330-37b4-4c44-bd02-2615e3fcaaa1,d5_d3e31330-37b4-4c44-bd02-2615e3fcaaa1_8605_82ec4ddd,170,test:unloaded,normal,mixed,role_aggregate,20,128,32,middle,True,True,0,20,40,"{""2"": 20}",0,20,0,20,129
results\d5_formal\raw_r1\boot_05\batch_20260919T141453.385197Z_e99c1880.json.gz,20260919T141453.385197Z_e99c1880,4,d3e31330-37b4-4c44-bd02-2615e3fcaaa1,d5_d3e31330-37b4-4c44-bd02-2615e3fcaaa1_8605_82ec4ddd,171,test:unloaded,normal,mixed,role_aggregate,20,128,32,middle,True,True,0,20,40,"{""2"": 20}",0,20,0,20,129
results\d5_formal\raw_r1\boot_05\batch_20260919T141501.637394Z_05ef4389.json.gz,20260919T141501.637394Z_05ef4389,4,d3e31330-37b4-4c44-bd02-2615e3fcaaa1,d5_d3e31330-37b4-4c44-bd02-2615e3fcaaa1_8605_82ec4ddd,172,test:unloaded,normal,mixed,role_aggregate,20,128,32,middle,True,True,0,20,40,"{""2"": 20}",0,20,0,20,129
results\d5_formal\raw_r1\boot_05\batch_20260919T141509.906186Z_ccafe3af.json.gz,20260919T141509.906186Z_ccafe3af,4,d3e31330-37b4-4c44-bd02-2615e3fcaaa1,d5_d3e31330-37b4-4c44-bd02-2615e3fcaaa1_8605_82ec4ddd,173,test:unloaded,normal,mixed,role_aggregate,20,128,32,middle,True,True,0,20,40,"{""2"": 20}",0,20,0,20,129
results\d5_formal\raw_r1\boot_05\batch_20260919T141518.269676Z_53cb1a38.json.gz,20260919T141518.269676Z_53cb1a38,4,d3e31330-37b4-4c44-bd02-2615e3fcaaa1,d5_d3e31330-37b4-4c44-bd02-2615e3fcaaa1_8605_82ec4ddd,174,test:unloaded,normal,mixed,role_aggregate,20,128,32,middle,True,True,0,20,40,"{""2"": 20}",0,20,0,20,129
results\d5_formal\raw_r1\boot_05\batch_20260919T141526.527252Z_16b35528.json.gz,20260919T141526.527252Z_16b35528,4,d3e31330-37b4-4c44-bd02-2615e3fcaaa1,d5_d3e31330-37b4-4c44-bd02-2615e3fcaaa1_8605_82ec4ddd,175,test:unloaded,normal,mixed,role_aggregate,20,128,32,middle,True,True,0,20,40,"{""2"": 20}",0,20,0,20,129
results\d5_formal\raw_r1\boot_05\batch_20260919T141534.710802Z_06fe69fb.json.gz,20260919T141534.710802Z_06fe69fb,4,d3e31330-37b4-4c44-bd02-2615e3fcaaa1,d5_d3e31330-37b4-4c44-bd02-2615e3fcaaa1_8605_82ec4ddd,176,test:unloaded,normal,mixed,role_aggregate,20,128,32,middle,True,True,0,20,40,"{""2"": 20}",0,20,0,20,129
results\d5_formal\raw_r1\boot_05\batch_20260919T141542.977236Z_75421720.json.gz,20260919T141542.977236Z_75421720,4,d3e31330-37b4-4c44-bd02-2615e3fcaaa1,d5_d3e31330-37b4-4c44-bd02-2615e3fcaaa1_8605_82ec4ddd,177,test:unloaded,normal,mixed,role_aggregate,20,128,32,middle,True,True,0,20,40,"{""2"": 20}",0,20,0,20,129
results\d5_formal\raw_r1\boot_05\batch_20260919T141551.208071Z_69c138d3.json.gz,20260919T141551.208071Z_69c138d3,4,d3e31330-37b4-4c44-bd02-2615e3fcaaa1,d5_d3e31330-37b4-4c44-bd02-2615e3fcaaa1_8605_82ec4ddd,178,test:unloaded,normal,mixed,role_aggregate,20,128,32,middle,True,True,0,20,40,"{""2"": 20}",0,20,0,20,129
results\d5_formal\raw_r1\boot_05\batch_20260919T141559.465433Z_5a465802.json.gz,20260919T141559.465433Z_5a465802,4,d3e31330-37b4-4c44-bd02-2615e3fcaaa1,d5_d3e31330-37b4-4c44-bd02-2615e3fcaaa1_8605_82ec4ddd,179,test:unloaded,normal,mixed,role_aggregate,20,128,32,middle,True,True,0,20,40,"{""2"": 20}",0,20,0,20,129
results\d5_formal\raw_r1\boot_05\batch_20260919T141607.729115Z_48c0e449.json.gz,20260919T141607.729115Z_48c0e449,4,d3e31330-37b4-4c44-bd02-2615e3fcaaa1,d5_d3e31330-37b4-4c44-bd02-2615e3fcaaa1_8605_82ec4ddd,180,test:unloaded,normal,mixed,role_aggregate,20,128,32,middle,True,True,0,20,40,"{""2"": 20}",0,20,0,20,129
results\d5_formal\raw_r1\boot_05\batch_20260919T141616.005413Z_1b67a2d8.json.gz,20260919T141616.005413Z_1b67a2d8,4,d3e31330-37b4-4c44-bd02-2615e3fcaaa1,d5_d3e31330-37b4-4c44-bd02-2615e3fcaaa1_8605_82ec4ddd,181,test:unloaded,normal,mixed,role_aggregate,20,128,32,middle,True,True,0,20,40,"{""2"": 20}",0,20,0,20,129
results\d5_formal\raw_r1\boot_05\batch_20260919T141624.221765Z_6be7280b.json.gz,20260919T141624.221765Z_6be7280b,4,d3e31330-37b4-4c44-bd02-2615e3fcaaa1,d5_d3e31330-37b4-4c44-bd02-2615e3fcaaa1_8605_82ec4ddd,182,test:unloaded,normal,mixed,role_aggregate,20,128,32,middle,True,True,0,20,40,"{""2"": 20}",0,20,0,20,129
results\d5_formal\raw_r1\boot_05\batch_20260919T141632.465510Z_19511afe.json.gz,20260919T141632.465510Z_19511afe,4,d3e31330-37b4-4c44-bd02-2615e3fcaaa1,d5_d3e31330-37b4-4c44-bd02-2615e3fcaaa1_8605_82ec4ddd,183,test:unloaded,normal,mixed,role_aggregate,20,128,32,middle,True,True,0,20,40,"{""2"": 20}",0,20,0,20,129
results\d5_formal\raw_r1\boot_05\batch_20260919T141640.746834Z_ad1b2764.json.gz,20260919T141640.746834Z_ad1b2764,4,d3e31330-37b4-4c44-bd02-2615e3fcaaa1,d5_d3e31330-37b4-4c44-bd02-2615e3fcaaa1_8605_82ec4ddd,184,test:unloaded,normal,mixed,role_aggregate,20,128,32,middle,True,True,0,20,40,"{""2"": 20}",0,20,0,20,129
results\d5_formal\raw_r1\boot_05\batch_20260919T141649.046377Z_25b9adf9.json.gz,20260919T141649.046377Z_25b9adf9,4,d3e31330-37b4-4c44-bd02-2615e3fcaaa1,d5_d3e31330-37b4-4c44-bd02-2615e3fcaaa1_8605_82ec4ddd,185,test:unloaded,normal,mixed,role_aggregate,20,128,32,middle,True,True,0,20,40,"{""2"": 20}",0,20,0,20,129
results\d5_formal\raw_r1\boot_05\batch_20260919T141657.304286Z_dd647403.json.gz,20260919T141657.304286Z_dd647403,4,d3e31330-37b4-4c44-bd02-2615e3fcaaa1,d5_d3e31330-37b4-4c44-bd02-2615e3fcaaa1_8605_82ec4ddd,186,test:unloaded,normal,mixed,role_aggregate,20,128,32,middle,True,True,0,20,40,"{""2"": 20}",0,20,0,20,129
results\d5_formal\raw_r1\boot_05\batch_20260919T141705.637542Z_3a334add.json.gz,20260919T141705.637542Z_3a334add,4,d3e31330-37b4-4c44-bd02-2615e3fcaaa1,d5_d3e31330-37b4-4c44-bd02-2615e3fcaaa1_8605_82ec4ddd,187,test:unloaded,normal,mixed,role_aggregate,20,128,32,middle,True,True,0,20,40,"{""2"": 20}",0,20,0,20,129
results\d5_formal\raw_r1\boot_05\batch_20260919T141707.990426Z_9ef124c5.json.gz,20260919T141707.990426Z_9ef124c5,4,d3e31330-37b4-4c44-bd02-2615e3fcaaa1,d5_d3e31330-37b4-4c44-bd02-2615e3fcaaa1_8605_82ec4ddd,188,test:unloaded,normal,baseline,role_aggregate,20,128,32,middle,True,True,0,20,40,"{""2"": 20}",0,20,0,20,129
results\d5_formal\raw_r1\boot_05\batch_20260919T141710.163444Z_a7a90337.json.gz,20260919T141710.163444Z_a7a90337,4,d3e31330-37b4-4c44-bd02-2615e3fcaaa1,d5_d3e31330-37b4-4c44-bd02-2615e3fcaaa1_8605_82ec4ddd,189,test:unloaded,normal,baseline,role_aggregate,20,128,32,middle,True,True,0,20,40,"{""2"": 20}",0,20,0,20,129
results\d5_formal\raw_r1\boot_05\batch_20260919T141712.322290Z_4c431fd6.json.gz,20260919T141712.322290Z_4c431fd6,4,d3e31330-37b4-4c44-bd02-2615e3fcaaa1,d5_d3e31330-37b4-4c44-bd02-2615e3fcaaa1_8605_82ec4ddd,190,test:unloaded,normal,baseline,role_aggregate,20,128,32,middle,True,True,0,20,40,"{""2"": 20}",0,20,0,20,129
results\d5_formal\raw_r1\boot_05\batch_20260919T141714.380447Z_9985bcd5.json.gz,20260919T141714.380447Z_9985bcd5,4,d3e31330-37b4-4c44-bd02-2615e3fcaaa1,d5_d3e31330-37b4-4c44-bd02-2615e3fcaaa1_8605_82ec4ddd,191,test:unloaded,normal,baseline,role_aggregate,20,128,32,middle,True,True,0,20,40,"{""2"": 20}",0,20,0,20,129
results\d5_formal\raw_r1\boot_05\batch_20260919T141716.413459Z_ce35ad38.json.gz,20260919T141716.413459Z_ce35ad38,4,d3e31330-37b4-4c44-bd02-2615e3fcaaa1,d5_d3e31330-37b4-4c44-bd02-2615e3fcaaa1_8605_82ec4ddd,192,test:unloaded,normal,baseline,role_aggregate,20,128,32,middle,True,True,0,20,40,"{""2"": 20}",0,20,0,20,129
results\d5_formal\raw_r1\boot_05\batch_20260919T141718.451273Z_2d3d3b4e.json.gz,20260919T141718.451273Z_2d3d3b4e,4,d3e31330-37b4-4c44-bd02-2615e3fcaaa1,d5_d3e31330-37b4-4c44-bd02-2615e3fcaaa1_8605_82ec4ddd,193,test:unloaded,normal,baseline,role_aggregate,20,128,32,middle,True,True,0,20,40,"{""2"": 20}",0,20,0,20,129
results\d5_formal\raw_r1\boot_05\batch_20260919T141720.555300Z_43418b89.json.gz,20260919T141720.555300Z_43418b89,4,d3e31330-37b4-4c44-bd02-2615e3fcaaa1,d5_d3e31330-37b4-4c44-bd02-2615e3fcaaa1_8605_82ec4ddd,194,test:unloaded,normal,baseline,role_aggregate,20,128,32,middle,True,True,0,20,40,"{""2"": 20}",0,20,0,20,129
results\d5_formal\raw_r1\boot_05\batch_20260919T141722.709403Z_314dc8d3.json.gz,20260919T141722.709403Z_314dc8d3,4,d3e31330-37b4-4c44-bd02-2615e3fcaaa1,d5_d3e31330-37b4-4c44-bd02-2615e3fcaaa1_8605_82ec4ddd,195,test:unloaded,normal,baseline,role_aggregate,20,128,32,middle,True,True,0,20,40,"{""2"": 20}",0,20,0,20,129
results\d5_formal\raw_r1\boot_05\batch_20260919T141724.888079Z_1297ab64.json.gz,20260919T141724.888079Z_1297ab64,4,d3e31330-37b4-4c44-bd02-2615e3fcaaa1,d5_d3e31330-37b4-4c44-bd02-2615e3fcaaa1_8605_82ec4ddd,196,test:unloaded,normal,baseline,role_aggregate,20,128,32,middle,True,True,0,20,40,"{""2"": 20}",0,20,0,20,129
results\d5_formal\raw_r1\boot_05\batch_20260919T141726.982024Z_a932bc51.json.gz,20260919T141726.982024Z_a932bc51,4,d3e31330-37b4-4c44-bd02-2615e3fcaaa1,d5_d3e31330-37b4-4c44-bd02-2615e3fcaaa1_8605_82ec4ddd,197,test:unloaded,normal,baseline,role_aggregate,20,128,32,middle,True,True,0,20,40,"{""2"": 20}",0,20,0,20,129
results\d5_formal\raw_r1\boot_05\batch_20260919T141729.038095Z_2318fa2d.json.gz,20260919T141729.038095Z_2318fa2d,4,d3e31330-37b4-4c44-bd02-2615e3fcaaa1,d5_d3e31330-37b4-4c44-bd02-2615e3fcaaa1_8605_82ec4ddd,198,test:unloaded,normal,baseline,role_aggregate,20,128,32,middle,True,True,0,20,40,"{""2"": 20}",0,20,0,20,129
results\d5_formal\raw_r1\boot_05\batch_20260919T141731.060415Z_e70bd934.json.gz,20260919T141731.060415Z_e70bd934,4,d3e31330-37b4-4c44-bd02-2615e3fcaaa1,d5_d3e31330-37b4-4c44-bd02-2615e3fcaaa1_8605_82ec4ddd,199,test:unloaded,normal,baseline,role_aggregate,20,128,32,middle,True,True,0,20,40,"{""2"": 20}",0,20,0,20,129
results\d5_formal\raw_r1\boot_05\batch_20260919T141733.310117Z_8cf60059.json.gz,20260919T141733.310117Z_8cf60059,4,d3e31330-37b4-4c44-bd02-2615e3fcaaa1,d5_d3e31330-37b4-4c44-bd02-2615e3fcaaa1_8605_82ec4ddd,200,test:unloaded,normal,baseline,role_aggregate,20,128,32,middle,True,True,0,20,40,"{""2"": 20}",0,20,0,20,129
results\d5_formal\raw_r1\boot_05\batch_20260919T141735.397893Z_6482c988.json.gz,20260919T141735.397893Z_6482c988,4,d3e31330-37b4-4c44-bd02-2615e3fcaaa1,d5_d3e31330-37b4-4c44-bd02-2615e3fcaaa1_8605_82ec4ddd,201,test:unloaded,normal,baseline,role_aggregate,20,128,32,middle,True,True,0,20,40,"{""2"": 20}",0,20,0,20,129
results\d5_formal\raw_r1\boot_05\batch_20260919T141737.488690Z_cdb9f6a2.json.gz,20260919T141737.488690Z_cdb9f6a2,4,d3e31330-37b4-4c44-bd02-2615e3fcaaa1,d5_d3e31330-37b4-4c44-bd02-2615e3fcaaa1_8605_82ec4ddd,202,test:unloaded,normal,baseline,role_aggregate,20,128,32,middle,True,True,0,20,40,"{""2"": 20}",0,20,0,20,129
results\d5_formal\raw_r1\boot_05\batch_20260919T141739.663068Z_fa73e536.json.gz,20260919T141739.663068Z_fa73e536,4,d3e31330-37b4-4c44-bd02-2615e3fcaaa1,d5_d3e31330-37b4-4c44-bd02-2615e3fcaaa1_8605_82ec4ddd,203,test:unloaded,normal,baseline,role_aggregate,20,128,32,middle,True,True,0,20,40,"{""2"": 20}",0,20,0,20,129
results\d5_formal\raw_r1\boot_05\batch_20260919T141741.981281Z_031ec6c7.json.gz,20260919T141741.981281Z_031ec6c7,4,d3e31330-37b4-4c44-bd02-2615e3fcaaa1,d5_d3e31330-37b4-4c44-bd02-2615e3fcaaa1_8605_82ec4ddd,204,test:unloaded,normal,baseline,role_aggregate,20,128,32,middle,True,True,0,20,40,"{""2"": 20}",0,20,0,20,129
results\d5_formal\raw_r1\boot_05\batch_20260919T141744.252579Z_2aee6f1f.json.gz,20260919T141744.252579Z_2aee6f1f,4,d3e31330-37b4-4c44-bd02-2615e3fcaaa1,d5_d3e31330-37b4-4c44-bd02-2615e3fcaaa1_8605_82ec4ddd,205,test:unloaded,normal,baseline,role_aggregate,20,128,32,middle,True,True,0,20,40,"{""2"": 20}",0,20,0,20,129
results\d5_formal\raw_r1\boot_05\batch_20260919T141746.288737Z_f6437bd2.json.gz,20260919T141746.288737Z_f6437bd2,4,d3e31330-37b4-4c44-bd02-2615e3fcaaa1,d5_d3e31330-37b4-4c44-bd02-2615e3fcaaa1_8605_82ec4ddd,206,test:unloaded,normal,baseline,role_aggregate,20,128,32,middle,True,True,0,20,40,"{""2"": 20}",0,20,0,20,129
results\d5_formal\raw_r1\boot_05\batch_20260919T141748.352745Z_50465bc3.json.gz,20260919T141748.352745Z_50465bc3,4,d3e31330-37b4-4c44-bd02-2615e3fcaaa1,d5_d3e31330-37b4-4c44-bd02-2615e3fcaaa1_8605_82ec4ddd,207,test:unloaded,normal,baseline,role_aggregate,20,128,32,middle,True,True,0,20,40,"{""2"": 20}",0,20,0,20,129
results\d5_formal\raw_r1\boot_05\batch_20260919T141750.482192Z_b3f120d9.json.gz,20260919T141750.482192Z_b3f120d9,4,d3e31330-37b4-4c44-bd02-2615e3fcaaa1,d5_d3e31330-37b4-4c44-bd02-2615e3fcaaa1_8605_82ec4ddd,208,test:hiding,rootkit,baseline,role_aggregate,20,128,32,middle,True,True,0,20,40,"{""2"": 20}",0,20,0,0,
results\d5_formal\raw_r1\boot_05\batch_20260919T141753.242277Z_51193474.json.gz,20260919T141753.242277Z_51193474,4,d3e31330-37b4-4c44-bd02-2615e3fcaaa1,d5_d3e31330-37b4-4c44-bd02-2615e3fcaaa1_8605_82ec4ddd,209,test:hiding,rootkit,baseline,role_aggregate,20,128,32,middle,True,True,0,20,40,"{""2"": 20}",0,20,0,0,
results\d5_formal\raw_r1\boot_05\batch_20260919T141755.954206Z_3415456d.json.gz,20260919T141755.954206Z_3415456d,4,d3e31330-37b4-4c44-bd02-2615e3fcaaa1,d5_d3e31330-37b4-4c44-bd02-2615e3fcaaa1_8605_82ec4ddd,210,test:hiding,rootkit,baseline,role_aggregate,20,128,32,middle,True,True,0,20,40,"{""2"": 20}",0,20,0,0,
results\d5_formal\raw_r1\boot_05\batch_20260919T141758.622327Z_b308e4d7.json.gz,20260919T141758.622327Z_b308e4d7,4,d3e31330-37b4-4c44-bd02-2615e3fcaaa1,d5_d3e31330-37b4-4c44-bd02-2615e3fcaaa1_8605_82ec4ddd,211,test:hiding,rootkit,baseline,role_aggregate,20,128,32,middle,True,True,0,20,40,"{""2"": 20}",0,20,0,0,
results\d5_formal\raw_r1\boot_05\batch_20260919T141801.446400Z_995efc93.json.gz,20260919T141801.446400Z_995efc93,4,d3e31330-37b4-4c44-bd02-2615e3fcaaa1,d5_d3e31330-37b4-4c44-bd02-2615e3fcaaa1_8605_82ec4ddd,212,test:hiding,rootkit,baseline,role_aggregate,20,128,32,middle,True,True,0,20,40,"{""2"": 20}",0,20,0,0,
results\d5_formal\raw_r1\boot_05\batch_20260919T141804.134266Z_fcb6c675.json.gz,20260919T141804.134266Z_fcb6c675,4,d3e31330-37b4-4c44-bd02-2615e3fcaaa1,d5_d3e31330-37b4-4c44-bd02-2615e3fcaaa1_8605_82ec4ddd,213,test:hiding,rootkit,baseline,role_aggregate,20,128,32,middle,True,True,0,20,40,"{""2"": 20}",0,20,0,0,
results\d5_formal\raw_r1\boot_05\batch_20260919T141806.812891Z_8fe139a1.json.gz,20260919T141806.812891Z_8fe139a1,4,d3e31330-37b4-4c44-bd02-2615e3fcaaa1,d5_d3e31330-37b4-4c44-bd02-2615e3fcaaa1_8605_82ec4ddd,214,test:hiding,rootkit,baseline,role_aggregate,20,128,32,middle,True,True,0,20,40,"{""2"": 20}",0,20,0,0,
results\d5_formal\raw_r1\boot_05\batch_20260919T141809.495555Z_2a5c3d9d.json.gz,20260919T141809.495555Z_2a5c3d9d,4,d3e31330-37b4-4c44-bd02-2615e3fcaaa1,d5_d3e31330-37b4-4c44-bd02-2615e3fcaaa1_8605_82ec4ddd,215,test:hiding,rootkit,baseline,role_aggregate,20,128,32,middle,True,True,0,20,40,"{""2"": 20}",0,20,0,0,
results\d5_formal\raw_r1\boot_05\batch_20260919T141812.299151Z_f30f6833.json.gz,20260919T141812.299151Z_f30f6833,4,d3e31330-37b4-4c44-bd02-2615e3fcaaa1,d5_d3e31330-37b4-4c44-bd02-2615e3fcaaa1_8605_82ec4ddd,216,test:hiding,rootkit,baseline,role_aggregate,20,128,32,middle,True,True,0,20,40,"{""2"": 20}",0,20,0,0,
results\d5_formal\raw_r1\boot_05\batch_20260919T141815.033066Z_46b205ea.json.gz,20260919T141815.033066Z_46b205ea,4,d3e31330-37b4-4c44-bd02-2615e3fcaaa1,d5_d3e31330-37b4-4c44-bd02-2615e3fcaaa1_8605_82ec4ddd,217,test:hiding,rootkit,baseline,role_aggregate,20,128,32,middle,True,True,0,20,40,"{""2"": 20}",0,20,0,0,
results\d5_formal\raw_r1\boot_05\batch_20260919T141817.841154Z_4c56762f.json.gz,20260919T141817.841154Z_4c56762f,4,d3e31330-37b4-4c44-bd02-2615e3fcaaa1,d5_d3e31330-37b4-4c44-bd02-2615e3fcaaa1_8605_82ec4ddd,218,test:hiding,rootkit,baseline,role_aggregate,20,128,32,middle,True,True,0,20,40,"{""2"": 20}",0,20,0,0,
results\d5_formal\raw_r1\boot_05\batch_20260919T141820.575169Z_49ad4ba3.json.gz,20260919T141820.575169Z_49ad4ba3,4,d3e31330-37b4-4c44-bd02-2615e3fcaaa1,d5_d3e31330-37b4-4c44-bd02-2615e3fcaaa1_8605_82ec4ddd,219,test:hiding,rootkit,baseline,role_aggregate,20,128,32,middle,True,True,0,20,40,"{""2"": 20}",0,20,0,0,
results\d5_formal\raw_r1\boot_05\batch_20260919T141823.283272Z_ee136474.json.gz,20260919T141823.283272Z_ee136474,4,d3e31330-37b4-4c44-bd02-2615e3fcaaa1,d5_d3e31330-37b4-4c44-bd02-2615e3fcaaa1_8605_82ec4ddd,220,test:hiding,rootkit,baseline,role_aggregate,20,128,32,middle,True,True,0,20,40,"{""2"": 20}",0,20,0,0,
results\d5_formal\raw_r1\boot_05\batch_20260919T141826.098046Z_4404cae4.json.gz,20260919T141826.098046Z_4404cae4,4,d3e31330-37b4-4c44-bd02-2615e3fcaaa1,d5_d3e31330-37b4-4c44-bd02-2615e3fcaaa1_8605_82ec4ddd,221,test:hiding,rootkit,baseline,role_aggregate,20,128,32,middle,True,True,0,20,40,"{""2"": 20}",0,20,0,0,
results\d5_formal\raw_r1\boot_05\batch_20260919T141829.034312Z_787d6008.json.gz,20260919T141829.034312Z_787d6008,4,d3e31330-37b4-4c44-bd02-2615e3fcaaa1,d5_d3e31330-37b4-4c44-bd02-2615e3fcaaa1_8605_82ec4ddd,222,test:hiding,rootkit,baseline,role_aggregate,20,128,32,middle,True,True,0,20,40,"{""2"": 20}",0,20,0,0,
results\d5_formal\raw_r1\boot_05\batch_20260919T141831.783457Z_6d88b22c.json.gz,20260919T141831.783457Z_6d88b22c,4,d3e31330-37b4-4c44-bd02-2615e3fcaaa1,d5_d3e31330-37b4-4c44-bd02-2615e3fcaaa1_8605_82ec4ddd,223,test:hiding,rootkit,baseline,role_aggregate,20,128,32,middle,True,True,0,20,40,"{""2"": 20}",0,20,0,0,
results\d5_formal\raw_r1\boot_05\batch_20260919T141834.528789Z_ba10190b.json.gz,20260919T141834.528789Z_ba10190b,4,d3e31330-37b4-4c44-bd02-2615e3fcaaa1,d5_d3e31330-37b4-4c44-bd02-2615e3fcaaa1_8605_82ec4ddd,224,test:hiding,rootkit,baseline,role_aggregate,20,128,32,middle,True,True,0,20,40,"{""2"": 20}",0,20,0,0,
results\d5_formal\raw_r1\boot_05\batch_20260919T141837.340293Z_6391a802.json.gz,20260919T141837.340293Z_6391a802,4,d3e31330-37b4-4c44-bd02-2615e3fcaaa1,d5_d3e31330-37b4-4c44-bd02-2615e3fcaaa1_8605_82ec4ddd,225,test:hiding,rootkit,baseline,role_aggregate,20,128,32,middle,True,True,0,20,40,"{""2"": 20}",0,20,0,0,
results\d5_formal\raw_r1\boot_05\batch_20260919T141840.106433Z_aad17c5c.json.gz,20260919T141840.106433Z_aad17c5c,4,d3e31330-37b4-4c44-bd02-2615e3fcaaa1,d5_d3e31330-37b4-4c44-bd02-2615e3fcaaa1_8605_82ec4ddd,226,test:hiding,rootkit,baseline,role_aggregate,20,128,32,middle,True,True,0,20,40,"{""2"": 20}",0,20,0,0,
results\d5_formal\raw_r1\boot_05\batch_20260919T141842.825305Z_08b2697d.json.gz,20260919T141842.825305Z_08b2697d,4,d3e31330-37b4-4c44-bd02-2615e3fcaaa1,d5_d3e31330-37b4-4c44-bd02-2615e3fcaaa1_8605_82ec4ddd,227,test:hiding,rootkit,baseline,role_aggregate,20,128,32,middle,True,True,0,20,40,"{""2"": 20}",0,20,0,0,
results\d5_formal\raw_r1\boot_05\batch_20260919T141845.534522Z_522fed5e.json.gz,20260919T141845.534522Z_522fed5e,4,d3e31330-37b4-4c44-bd02-2615e3fcaaa1,d5_d3e31330-37b4-4c44-bd02-2615e3fcaaa1_8605_82ec4ddd,228,test:hiding,rootkit,baseline,role_aggregate,20,128,32,middle,True,True,0,20,40,"{""2"": 20}",0,20,0,0,
results\d5_formal\raw_r1\boot_05\batch_20260919T141848.378997Z_293e5e34.json.gz,20260919T141848.378997Z_293e5e34,4,d3e31330-37b4-4c44-bd02-2615e3fcaaa1,d5_d3e31330-37b4-4c44-bd02-2615e3fcaaa1_8605_82ec4ddd,229,test:hiding,rootkit,baseline,role_aggregate,20,128,32,middle,True,True,0,20,40,"{""2"": 20}",0,20,0,0,
results\d5_formal\raw_r1\boot_05\batch_20260919T141851.170305Z_67d96993.json.gz,20260919T141851.170305Z_67d96993,4,d3e31330-37b4-4c44-bd02-2615e3fcaaa1,d5_d3e31330-37b4-4c44-bd02-2615e3fcaaa1_8605_82ec4ddd,230,test:hiding,rootkit,baseline,role_aggregate,20,128,32,middle,True,True,0,20,40,"{""2"": 20}",0,20,0,0,
results\d5_formal\raw_r1\boot_05\batch_20260919T141853.929200Z_48124d10.json.gz,20260919T141853.929200Z_48124d10,4,d3e31330-37b4-4c44-bd02-2615e3fcaaa1,d5_d3e31330-37b4-4c44-bd02-2615e3fcaaa1_8605_82ec4ddd,231,test:hiding,rootkit,baseline,role_aggregate,20,128,32,middle,True,True,0,20,40,"{""2"": 20}",0,20,0,0,
results\d5_formal\raw_r1\boot_05\batch_20260919T141856.848231Z_fc2c01c5.json.gz,20260919T141856.848231Z_fc2c01c5,4,d3e31330-37b4-4c44-bd02-2615e3fcaaa1,d5_d3e31330-37b4-4c44-bd02-2615e3fcaaa1_8605_82ec4ddd,232,test:hiding,rootkit,baseline,role_aggregate,20,128,32,middle,True,True,0,20,40,"{""2"": 20}",0,20,0,0,
results\d5_formal\raw_r1\boot_05\batch_20260919T141859.583267Z_f9ccf058.json.gz,20260919T141859.583267Z_f9ccf058,4,d3e31330-37b4-4c44-bd02-2615e3fcaaa1,d5_d3e31330-37b4-4c44-bd02-2615e3fcaaa1_8605_82ec4ddd,233,test:hiding,rootkit,baseline,role_aggregate,20,128,32,middle,True,True,0,20,40,"{""2"": 20}",0,20,0,0,
results\d5_formal\raw_r1\boot_05\batch_20260919T141902.350110Z_ec73f2a3.json.gz,20260919T141902.350110Z_ec73f2a3,4,d3e31330-37b4-4c44-bd02-2615e3fcaaa1,d5_d3e31330-37b4-4c44-bd02-2615e3fcaaa1_8605_82ec4ddd,234,test:hiding,rootkit,baseline,role_aggregate,20,128,32,middle,True,True,0,20,40,"{""2"": 20}",0,20,0,0,
results\d5_formal\raw_r1\boot_05\batch_20260919T141905.197426Z_ad522802.json.gz,20260919T141905.197426Z_ad522802,4,d3e31330-37b4-4c44-bd02-2615e3fcaaa1,d5_d3e31330-37b4-4c44-bd02-2615e3fcaaa1_8605_82ec4ddd,235,test:hiding,rootkit,baseline,role_aggregate,20,128,32,middle,True,True,0,20,40,"{""2"": 20}",0,20,0,0,
results\d5_formal\raw_r1\boot_05\batch_20260919T141907.864457Z_df77cbf5.json.gz,20260919T141907.864457Z_df77cbf5,4,d3e31330-37b4-4c44-bd02-2615e3fcaaa1,d5_d3e31330-37b4-4c44-bd02-2615e3fcaaa1_8605_82ec4ddd,236,test:hiding,rootkit,baseline,role_aggregate,20,128,32,middle,True,True,0,20,40,"{""2"": 20}",0,20,0,0,
results\d5_formal\raw_r1\boot_05\batch_20260919T141910.590033Z_0f8a6212.json.gz,20260919T141910.590033Z_0f8a6212,4,d3e31330-37b4-4c44-bd02-2615e3fcaaa1,d5_d3e31330-37b4-4c44-bd02-2615e3fcaaa1_8605_82ec4ddd,237,test:hiding,rootkit,baseline,role_aggregate,20,128,32,middle,True,True,0,20,40,"{""2"": 20}",0,20,0,0,
results\d5_formal\raw_r1\boot_05\batch_20260919T141913.281004Z_4a87db2c.json.gz,20260919T141913.281004Z_4a87db2c,4,d3e31330-37b4-4c44-bd02-2615e3fcaaa1,d5_d3e31330-37b4-4c44-bd02-2615e3fcaaa1_8605_82ec4ddd,238,test:hiding,rootkit,baseline,role_aggregate,20,128,32,middle,True,True,0,20,40,"{""2"": 20}",0,20,0,0,
results\d5_formal\raw_r1\boot_05\batch_20260919T141915.993534Z_f1b819f3.json.gz,20260919T141915.993534Z_f1b819f3,4,d3e31330-37b4-4c44-bd02-2615e3fcaaa1,d5_d3e31330-37b4-4c44-bd02-2615e3fcaaa1_8605_82ec4ddd,239,test:hiding,rootkit,baseline,role_aggregate,20,128,32,middle,True,True,0,20,40,"{""2"": 20}",0,20,0,0,
results\d5_formal\raw_r1\boot_05\batch_20260919T141918.650109Z_65f29224.json.gz,20260919T141918.650109Z_65f29224,4,d3e31330-37b4-4c44-bd02-2615e3fcaaa1,d5_d3e31330-37b4-4c44-bd02-2615e3fcaaa1_8605_82ec4ddd,240,test:hiding,rootkit,baseline,role_aggregate,20,128,32,middle,True,True,0,20,40,"{""2"": 20}",0,20,0,0,
results\d5_formal\raw_r1\boot_05\batch_20260919T141921.311535Z_895436c9.json.gz,20260919T141921.311535Z_895436c9,4,d3e31330-37b4-4c44-bd02-2615e3fcaaa1,d5_d3e31330-37b4-4c44-bd02-2615e3fcaaa1_8605_82ec4ddd,241,test:hiding,rootkit,baseline,role_aggregate,20,128,32,middle,True,True,0,20,40,"{""2"": 20}",0,20,0,0,
results\d5_formal\raw_r1\boot_05\batch_20260919T141924.261173Z_aebdeda6.json.gz,20260919T141924.261173Z_aebdeda6,4,d3e31330-37b4-4c44-bd02-2615e3fcaaa1,d5_d3e31330-37b4-4c44-bd02-2615e3fcaaa1_8605_82ec4ddd,242,test:hiding,rootkit,baseline,role_aggregate,20,128,32,middle,True,True,0,20,40,"{""2"": 20}",0,20,0,0,
results\d5_formal\raw_r1\boot_05\batch_20260919T141926.956336Z_c287932f.json.gz,20260919T141926.956336Z_c287932f,4,d3e31330-37b4-4c44-bd02-2615e3fcaaa1,d5_d3e31330-37b4-4c44-bd02-2615e3fcaaa1_8605_82ec4ddd,243,test:hiding,rootkit,baseline,role_aggregate,20,128,32,middle,True,True,0,20,40,"{""2"": 20}",0,20,0,0,
results\d5_formal\raw_r1\boot_05\batch_20260919T141929.625238Z_c20bc0a3.json.gz,20260919T141929.625238Z_c20bc0a3,4,d3e31330-37b4-4c44-bd02-2615e3fcaaa1,d5_d3e31330-37b4-4c44-bd02-2615e3fcaaa1_8605_82ec4ddd,244,test:hiding,rootkit,baseline,role_aggregate,20,128,32,middle,True,True,0,20,40,"{""2"": 20}",0,20,0,0,
results\d5_formal\raw_r1\boot_05\batch_20260919T141932.284347Z_b2351aa7.json.gz,20260919T141932.284347Z_b2351aa7,4,d3e31330-37b4-4c44-bd02-2615e3fcaaa1,d5_d3e31330-37b4-4c44-bd02-2615e3fcaaa1_8605_82ec4ddd,245,test:hiding,rootkit,baseline,role_aggregate,20,128,32,middle,True,True,0,20,40,"{""2"": 20}",0,20,0,0,
results\d5_formal\raw_r1\boot_05\batch_20260919T141935.023248Z_e5f25a1f.json.gz,20260919T141935.023248Z_e5f25a1f,4,d3e31330-37b4-4c44-bd02-2615e3fcaaa1,d5_d3e31330-37b4-4c44-bd02-2615e3fcaaa1_8605_82ec4ddd,246,test:hiding,rootkit,baseline,role_aggregate,20,128,32,middle,True,True,0,20,40,"{""2"": 20}",0,20,0,0,
results\d5_formal\raw_r1\boot_05\batch_20260919T141937.696053Z_76477279.json.gz,20260919T141937.696053Z_76477279,4,d3e31330-37b4-4c44-bd02-2615e3fcaaa1,d5_d3e31330-37b4-4c44-bd02-2615e3fcaaa1_8605_82ec4ddd,247,test:hiding,rootkit,baseline,role_aggregate,20,128,32,middle,True,True,0,20,40,"{""2"": 20}",0,20,0,0,
results\d5_formal\raw_r1\boot_05\batch_20260919T141946.498533Z_509cd9ed.json.gz,20260919T141946.498533Z_509cd9ed,4,d3e31330-37b4-4c44-bd02-2615e3fcaaa1,d5_d3e31330-37b4-4c44-bd02-2615e3fcaaa1_8605_82ec4ddd,248,test:hiding,rootkit,cpu,role_aggregate,20,128,32,middle,True,True,0,20,40,"{""2"": 20}",0,20,0,0,
results\d5_formal\raw_r1\boot_05\batch_20260919T141955.289275Z_f0624879.json.gz,20260919T141955.289275Z_f0624879,4,d3e31330-37b4-4c44-bd02-2615e3fcaaa1,d5_d3e31330-37b4-4c44-bd02-2615e3fcaaa1_8605_82ec4ddd,249,test:hiding,rootkit,cpu,role_aggregate,20,128,32,middle,True,True,0,20,40,"{""2"": 20}",0,20,0,0,
results\d5_formal\raw_r1\boot_05\batch_20260919T142004.171176Z_024d992c.json.gz,20260919T142004.171176Z_024d992c,4,d3e31330-37b4-4c44-bd02-2615e3fcaaa1,d5_d3e31330-37b4-4c44-bd02-2615e3fcaaa1_8605_82ec4ddd,250,test:hiding,rootkit,cpu,role_aggregate,20,128,32,middle,True,True,0,20,40,"{""2"": 20}",0,20,0,0,
results\d5_formal\raw_r1\boot_05\batch_20260919T142013.009987Z_f4734091.json.gz,20260919T142013.009987Z_f4734091,4,d3e31330-37b4-4c44-bd02-2615e3fcaaa1,d5_d3e31330-37b4-4c44-bd02-2615e3fcaaa1_8605_82ec4ddd,251,test:hiding,rootkit,cpu,role_aggregate,20,128,32,middle,True,True,0,20,40,"{""2"": 20}",0,20,0,0,
results\d5_formal\raw_r1\boot_05\batch_20260919T142021.883464Z_6025b8a3.json.gz,20260919T142021.883464Z_6025b8a3,4,d3e31330-37b4-4c44-bd02-2615e3fcaaa1,d5_d3e31330-37b4-4c44-bd02-2615e3fcaaa1_8605_82ec4ddd,252,test:hiding,rootkit,cpu,role_aggregate,20,128,32,middle,True,True,0,20,40,"{""2"": 20}",0,20,0,0,
results\d5_formal\raw_r1\boot_05\batch_20260919T142030.831026Z_1b38fa0e.json.gz,20260919T142030.831026Z_1b38fa0e,4,d3e31330-37b4-4c44-bd02-2615e3fcaaa1,d5_d3e31330-37b4-4c44-bd02-2615e3fcaaa1_8605_82ec4ddd,253,test:hiding,rootkit,cpu,role_aggregate,20,128,32,middle,True,True,0,20,40,"{""2"": 20}",0,20,0,0,
results\d5_formal\raw_r1\boot_05\batch_20260919T142039.673496Z_48d15ac7.json.gz,20260919T142039.673496Z_48d15ac7,4,d3e31330-37b4-4c44-bd02-2615e3fcaaa1,d5_d3e31330-37b4-4c44-bd02-2615e3fcaaa1_8605_82ec4ddd,254,test:hiding,rootkit,cpu,role_aggregate,20,128,32,middle,True,True,0,20,40,"{""2"": 20}",0,20,0,0,
results\d5_formal\raw_r1\boot_05\batch_20260919T142048.592180Z_1e5a6616.json.gz,20260919T142048.592180Z_1e5a6616,4,d3e31330-37b4-4c44-bd02-2615e3fcaaa1,d5_d3e31330-37b4-4c44-bd02-2615e3fcaaa1_8605_82ec4ddd,255,test:hiding,rootkit,cpu,role_aggregate,20,128,32,middle,True,True,0,20,40,"{""2"": 20}",0,20,0,0,
results\d5_formal\raw_r1\boot_05\batch_20260919T142057.585049Z_7434a729.json.gz,20260919T142057.585049Z_7434a729,4,d3e31330-37b4-4c44-bd02-2615e3fcaaa1,d5_d3e31330-37b4-4c44-bd02-2615e3fcaaa1_8605_82ec4ddd,256,test:hiding,rootkit,cpu,role_aggregate,20,128,32,middle,True,True,0,20,40,"{""2"": 20}",0,20,0,0,
results\d5_formal\raw_r1\boot_05\batch_20260919T142106.501988Z_b0cb99b9.json.gz,20260919T142106.501988Z_b0cb99b9,4,d3e31330-37b4-4c44-bd02-2615e3fcaaa1,d5_d3e31330-37b4-4c44-bd02-2615e3fcaaa1_8605_82ec4ddd,257,test:hiding,rootkit,cpu,role_aggregate,20,128,32,middle,True,True,0,20,40,"{""2"": 20}",0,20,0,0,
results\d5_formal\raw_r1\boot_05\batch_20260919T142115.297738Z_e8099f91.json.gz,20260919T142115.297738Z_e8099f91,4,d3e31330-37b4-4c44-bd02-2615e3fcaaa1,d5_d3e31330-37b4-4c44-bd02-2615e3fcaaa1_8605_82ec4ddd,258,test:hiding,rootkit,cpu,role_aggregate,20,128,32,middle,True,True,0,20,40,"{""2"": 20}",0,20,0,0,
results\d5_formal\raw_r1\boot_05\batch_20260919T142124.062368Z_6294bdab.json.gz,20260919T142124.062368Z_6294bdab,4,d3e31330-37b4-4c44-bd02-2615e3fcaaa1,d5_d3e31330-37b4-4c44-bd02-2615e3fcaaa1_8605_82ec4ddd,259,test:hiding,rootkit,cpu,role_aggregate,20,128,32,middle,True,True,0,20,40,"{""2"": 20}",0,20,0,0,
results\d5_formal\raw_r1\boot_05\batch_20260919T142132.911095Z_da4b0b9b.json.gz,20260919T142132.911095Z_da4b0b9b,4,d3e31330-37b4-4c44-bd02-2615e3fcaaa1,d5_d3e31330-37b4-4c44-bd02-2615e3fcaaa1_8605_82ec4ddd,260,test:hiding,rootkit,cpu,role_aggregate,20,128,32,middle,True,True,0,20,40,"{""2"": 20}",0,20,0,0,
results\d5_formal\raw_r1\boot_05\batch_20260919T142141.734695Z_961a2796.json.gz,20260919T142141.734695Z_961a2796,4,d3e31330-37b4-4c44-bd02-2615e3fcaaa1,d5_d3e31330-37b4-4c44-bd02-2615e3fcaaa1_8605_82ec4ddd,261,test:hiding,rootkit,cpu,role_aggregate,20,128,32,middle,True,True,0,20,40,"{""2"": 20}",0,20,0,0,
results\d5_formal\raw_r1\boot_05\batch_20260919T142150.653193Z_6c18ef7d.json.gz,20260919T142150.653193Z_6c18ef7d,4,d3e31330-37b4-4c44-bd02-2615e3fcaaa1,d5_d3e31330-37b4-4c44-bd02-2615e3fcaaa1_8605_82ec4ddd,262,test:hiding,rootkit,cpu,role_aggregate,20,128,32,middle,True,True,0,20,40,"{""2"": 20}",0,20,0,0,
results\d5_formal\raw_r1\boot_05\batch_20260919T142159.456528Z_b23459dd.json.gz,20260919T142159.456528Z_b23459dd,4,d3e31330-37b4-4c44-bd02-2615e3fcaaa1,d5_d3e31330-37b4-4c44-bd02-2615e3fcaaa1_8605_82ec4ddd,263,test:hiding,rootkit,cpu,role_aggregate,20,128,32,middle,True,True,0,20,40,"{""2"": 20}",0,20,0,0,
results\d5_formal\raw_r1\boot_05\batch_20260919T142208.246096Z_3c24a664.json.gz,20260919T142208.246096Z_3c24a664,4,d3e31330-37b4-4c44-bd02-2615e3fcaaa1,d5_d3e31330-37b4-4c44-bd02-2615e3fcaaa1_8605_82ec4ddd,264,test:hiding,rootkit,cpu,role_aggregate,20,128,32,middle,True,True,0,20,40,"{""2"": 20}",0,20,0,0,
results\d5_formal\raw_r1\boot_05\batch_20260919T142217.130117Z_59feccdb.json.gz,20260919T142217.130117Z_59feccdb,4,d3e31330-37b4-4c44-bd02-2615e3fcaaa1,d5_d3e31330-37b4-4c44-bd02-2615e3fcaaa1_8605_82ec4ddd,265,test:hiding,rootkit,cpu,role_aggregate,20,128,32,middle,True,True,0,20,40,"{""2"": 20}",0,20,0,0,
results\d5_formal\raw_r1\boot_05\batch_20260919T142225.960464Z_02bfcc4a.json.gz,20260919T142225.960464Z_02bfcc4a,4,d3e31330-37b4-4c44-bd02-2615e3fcaaa1,d5_d3e31330-37b4-4c44-bd02-2615e3fcaaa1_8605_82ec4ddd,266,test:hiding,rootkit,cpu,role_aggregate,20,128,32,middle,True,True,0,20,40,"{""2"": 20}",0,20,0,0,
results\d5_formal\raw_r1\boot_05\batch_20260919T142234.824730Z_7408dc45.json.gz,20260919T142234.824730Z_7408dc45,4,d3e31330-37b4-4c44-bd02-2615e3fcaaa1,d5_d3e31330-37b4-4c44-bd02-2615e3fcaaa1_8605_82ec4ddd,267,test:hiding,rootkit,cpu,role_aggregate,20,128,32,middle,True,True,0,20,40,"{""2"": 20}",0,20,0,0,
results\d5_formal\raw_r1\boot_05\batch_20260919T142243.769015Z_249de418.json.gz,20260919T142243.769015Z_249de418,4,d3e31330-37b4-4c44-bd02-2615e3fcaaa1,d5_d3e31330-37b4-4c44-bd02-2615e3fcaaa1_8605_82ec4ddd,268,test:hiding,rootkit,cpu,role_aggregate,20,128,32,middle,True,True,0,20,40,"{""2"": 20}",0,20,0,0,
results\d5_formal\raw_r1\boot_05\batch_20260919T142252.657280Z_fb62e250.json.gz,20260919T142252.657280Z_fb62e250,4,d3e31330-37b4-4c44-bd02-2615e3fcaaa1,d5_d3e31330-37b4-4c44-bd02-2615e3fcaaa1_8605_82ec4ddd,269,test:hiding,rootkit,cpu,role_aggregate,20,128,32,middle,True,True,0,20,40,"{""2"": 20}",0,20,0,0,
results\d5_formal\raw_r1\boot_05\batch_20260919T142301.556373Z_56e6f2f8.json.gz,20260919T142301.556373Z_56e6f2f8,4,d3e31330-37b4-4c44-bd02-2615e3fcaaa1,d5_d3e31330-37b4-4c44-bd02-2615e3fcaaa1_8605_82ec4ddd,270,test:hiding,rootkit,cpu,role_aggregate,20,128,32,middle,True,True,0,20,40,"{""2"": 20}",0,20,0,0,
results\d5_formal\raw_r1\boot_05\batch_20260919T142310.560161Z_93566c04.json.gz,20260919T142310.560161Z_93566c04,4,d3e31330-37b4-4c44-bd02-2615e3fcaaa1,d5_d3e31330-37b4-4c44-bd02-2615e3fcaaa1_8605_82ec4ddd,271,test:hiding,rootkit,cpu,role_aggregate,20,128,32,middle,True,True,0,20,40,"{""2"": 20}",0,20,0,0,
results\d5_formal\raw_r1\boot_05\batch_20260919T142319.554192Z_28daa388.json.gz,20260919T142319.554192Z_28daa388,4,d3e31330-37b4-4c44-bd02-2615e3fcaaa1,d5_d3e31330-37b4-4c44-bd02-2615e3fcaaa1_8605_82ec4ddd,272,test:hiding,rootkit,cpu,role_aggregate,20,128,32,middle,True,True,0,20,40,"{""2"": 20}",0,20,0,0,
results\d5_formal\raw_r1\boot_05\batch_20260919T142328.355395Z_910c26d2.json.gz,20260919T142328.355395Z_910c26d2,4,d3e31330-37b4-4c44-bd02-2615e3fcaaa1,d5_d3e31330-37b4-4c44-bd02-2615e3fcaaa1_8605_82ec4ddd,273,test:hiding,rootkit,cpu,role_aggregate,20,128,32,middle,True,True,0,20,40,"{""2"": 20}",0,20,0,0,
results\d5_formal\raw_r1\boot_05\batch_20260919T142337.311963Z_89277700.json.gz,20260919T142337.311963Z_89277700,4,d3e31330-37b4-4c44-bd02-2615e3fcaaa1,d5_d3e31330-37b4-4c44-bd02-2615e3fcaaa1_8605_82ec4ddd,274,test:hiding,rootkit,cpu,role_aggregate,20,128,32,middle,True,True,0,20,40,"{""2"": 20}",0,20,0,0,
results\d5_formal\raw_r1\boot_05\batch_20260919T142346.073973Z_fa69aaea.json.gz,20260919T142346.073973Z_fa69aaea,4,d3e31330-37b4-4c44-bd02-2615e3fcaaa1,d5_d3e31330-37b4-4c44-bd02-2615e3fcaaa1_8605_82ec4ddd,275,test:hiding,rootkit,cpu,role_aggregate,20,128,32,middle,True,True,0,20,40,"{""2"": 20}",0,20,0,0,
results\d5_formal\raw_r1\boot_05\batch_20260919T142354.914108Z_f81d59c2.json.gz,20260919T142354.914108Z_f81d59c2,4,d3e31330-37b4-4c44-bd02-2615e3fcaaa1,d5_d3e31330-37b4-4c44-bd02-2615e3fcaaa1_8605_82ec4ddd,276,test:hiding,rootkit,cpu,role_aggregate,20,128,32,middle,True,True,0,20,40,"{""2"": 20}",0,20,0,0,
results\d5_formal\raw_r1\boot_05\batch_20260919T142403.764329Z_fb7a10ef.json.gz,20260919T142403.764329Z_fb7a10ef,4,d3e31330-37b4-4c44-bd02-2615e3fcaaa1,d5_d3e31330-37b4-4c44-bd02-2615e3fcaaa1_8605_82ec4ddd,277,test:hiding,rootkit,cpu,role_aggregate,20,128,32,middle,True,True,0,20,40,"{""2"": 20}",0,20,0,0,
results\d5_formal\raw_r1\boot_05\batch_20260919T142412.602285Z_dbb49553.json.gz,20260919T142412.602285Z_dbb49553,4,d3e31330-37b4-4c44-bd02-2615e3fcaaa1,d5_d3e31330-37b4-4c44-bd02-2615e3fcaaa1_8605_82ec4ddd,278,test:hiding,rootkit,cpu,role_aggregate,20,128,32,middle,True,True,0,20,40,"{""2"": 20}",0,20,0,0,
results\d5_formal\raw_r1\boot_05\batch_20260919T142421.480645Z_e2626086.json.gz,20260919T142421.480645Z_e2626086,4,d3e31330-37b4-4c44-bd02-2615e3fcaaa1,d5_d3e31330-37b4-4c44-bd02-2615e3fcaaa1_8605_82ec4ddd,279,test:hiding,rootkit,cpu,role_aggregate,20,128,32,middle,True,True,0,20,40,"{""2"": 20}",0,20,0,0,
results\d5_formal\raw_r1\boot_05\batch_20260919T142430.341286Z_760272ae.json.gz,20260919T142430.341286Z_760272ae,4,d3e31330-37b4-4c44-bd02-2615e3fcaaa1,d5_d3e31330-37b4-4c44-bd02-2615e3fcaaa1_8605_82ec4ddd,280,test:hiding,rootkit,cpu,role_aggregate,20,128,32,middle,True,True,0,20,40,"{""2"": 20}",0,20,0,0,
results\d5_formal\raw_r1\boot_05\batch_20260919T142439.213193Z_e5af60f3.json.gz,20260919T142439.213193Z_e5af60f3,4,d3e31330-37b4-4c44-bd02-2615e3fcaaa1,d5_d3e31330-37b4-4c44-bd02-2615e3fcaaa1_8605_82ec4ddd,281,test:hiding,rootkit,cpu,role_aggregate,20,128,32,middle,True,True,0,20,40,"{""2"": 20}",0,20,0,0,
results\d5_formal\raw_r1\boot_05\batch_20260919T142448.110216Z_2f108045.json.gz,20260919T142448.110216Z_2f108045,4,d3e31330-37b4-4c44-bd02-2615e3fcaaa1,d5_d3e31330-37b4-4c44-bd02-2615e3fcaaa1_8605_82ec4ddd,282,test:hiding,rootkit,cpu,role_aggregate,20,128,32,middle,True,True,0,20,40,"{""2"": 20}",0,20,0,0,
results\d5_formal\raw_r1\boot_05\batch_20260919T142456.976373Z_12e5d4ee.json.gz,20260919T142456.976373Z_12e5d4ee,4,d3e31330-37b4-4c44-bd02-2615e3fcaaa1,d5_d3e31330-37b4-4c44-bd02-2615e3fcaaa1_8605_82ec4ddd,283,test:hiding,rootkit,cpu,role_aggregate,20,128,32,middle,True,True,0,20,40,"{""2"": 20}",0,20,0,0,
results\d5_formal\raw_r1\boot_05\batch_20260919T142505.971167Z_36e745b8.json.gz,20260919T142505.971167Z_36e745b8,4,d3e31330-37b4-4c44-bd02-2615e3fcaaa1,d5_d3e31330-37b4-4c44-bd02-2615e3fcaaa1_8605_82ec4ddd,284,test:hiding,rootkit,cpu,role_aggregate,20,128,32,middle,True,True,0,20,40,"{""2"": 20}",0,20,0,0,
results\d5_formal\raw_r1\boot_05\batch_20260919T142514.791076Z_6f9fb13a.json.gz,20260919T142514.791076Z_6f9fb13a,4,d3e31330-37b4-4c44-bd02-2615e3fcaaa1,d5_d3e31330-37b4-4c44-bd02-2615e3fcaaa1_8605_82ec4ddd,285,test:hiding,rootkit,cpu,role_aggregate,20,128,32,middle,True,True,0,20,40,"{""2"": 20}",0,20,0,0,
results\d5_formal\raw_r1\boot_05\batch_20260919T142523.620466Z_8cc3deab.json.gz,20260919T142523.620466Z_8cc3deab,4,d3e31330-37b4-4c44-bd02-2615e3fcaaa1,d5_d3e31330-37b4-4c44-bd02-2615e3fcaaa1_8605_82ec4ddd,286,test:hiding,rootkit,cpu,role_aggregate,20,128,32,middle,True,True,0,20,40,"{""2"": 20}",0,20,0,0,
results\d5_formal\raw_r1\boot_05\batch_20260919T142532.491292Z_50961202.json.gz,20260919T142532.491292Z_50961202,4,d3e31330-37b4-4c44-bd02-2615e3fcaaa1,d5_d3e31330-37b4-4c44-bd02-2615e3fcaaa1_8605_82ec4ddd,287,test:hiding,rootkit,cpu,role_aggregate,20,128,32,middle,True,True,0,20,40,"{""2"": 20}",0,20,0,0,
results\d5_formal\raw_r1\boot_05\batch_20260919T142536.215387Z_38217696.json.gz,20260919T142536.215387Z_38217696,4,d3e31330-37b4-4c44-bd02-2615e3fcaaa1,d5_d3e31330-37b4-4c44-bd02-2615e3fcaaa1_8605_82ec4ddd,288,test:hiding,rootkit,memory,role_aggregate,20,128,32,middle,True,True,0,20,40,"{""2"": 20}",0,20,0,0,
results\d5_formal\raw_r1\boot_05\batch_20260919T142539.970719Z_84b4b7f4.json.gz,20260919T142539.970719Z_84b4b7f4,4,d3e31330-37b4-4c44-bd02-2615e3fcaaa1,d5_d3e31330-37b4-4c44-bd02-2615e3fcaaa1_8605_82ec4ddd,289,test:hiding,rootkit,memory,role_aggregate,20,128,32,middle,True,True,0,20,40,"{""2"": 20}",0,20,0,0,
results\d5_formal\raw_r1\boot_05\batch_20260919T142543.839343Z_b6eeeb9a.json.gz,20260919T142543.839343Z_b6eeeb9a,4,d3e31330-37b4-4c44-bd02-2615e3fcaaa1,d5_d3e31330-37b4-4c44-bd02-2615e3fcaaa1_8605_82ec4ddd,290,test:hiding,rootkit,memory,role_aggregate,20,128,32,middle,True,True,0,20,40,"{""2"": 20}",0,20,0,0,
results\d5_formal\raw_r1\boot_05\batch_20260919T142547.754374Z_d020b573.json.gz,20260919T142547.754374Z_d020b573,4,d3e31330-37b4-4c44-bd02-2615e3fcaaa1,d5_d3e31330-37b4-4c44-bd02-2615e3fcaaa1_8605_82ec4ddd,291,test:hiding,rootkit,memory,role_aggregate,20,128,32,middle,True,True,0,20,40,"{""2"": 20}",0,20,0,0,
results\d5_formal\raw_r1\boot_05\batch_20260919T142551.504266Z_05b5e5b8.json.gz,20260919T142551.504266Z_05b5e5b8,4,d3e31330-37b4-4c44-bd02-2615e3fcaaa1,d5_d3e31330-37b4-4c44-bd02-2615e3fcaaa1_8605_82ec4ddd,292,test:hiding,rootkit,memory,role_aggregate,20,128,32,middle,True,True,0,20,40,"{""2"": 20}",0,20,0,0,
results\d5_formal\raw_r1\boot_05\batch_20260919T142555.269334Z_38d0c05a.json.gz,20260919T142555.269334Z_38d0c05a,4,d3e31330-37b4-4c44-bd02-2615e3fcaaa1,d5_d3e31330-37b4-4c44-bd02-2615e3fcaaa1_8605_82ec4ddd,293,test:hiding,rootkit,memory,role_aggregate,20,128,32,middle,True,True,0,20,40,"{""2"": 20}",0,20,0,0,
results\d5_formal\raw_r1\boot_05\batch_20260919T142559.004064Z_649cb564.json.gz,20260919T142559.004064Z_649cb564,4,d3e31330-37b4-4c44-bd02-2615e3fcaaa1,d5_d3e31330-37b4-4c44-bd02-2615e3fcaaa1_8605_82ec4ddd,294,test:hiding,rootkit,memory,role_aggregate,20,128,32,middle,True,True,0,20,40,"{""2"": 20}",0,20,0,0,
results\d5_formal\raw_r1\boot_05\batch_20260919T142602.823181Z_1182f8d4.json.gz,20260919T142602.823181Z_1182f8d4,4,d3e31330-37b4-4c44-bd02-2615e3fcaaa1,d5_d3e31330-37b4-4c44-bd02-2615e3fcaaa1_8605_82ec4ddd,295,test:hiding,rootkit,memory,role_aggregate,20,128,32,middle,True,True,0,20,40,"{""2"": 20}",0,20,0,0,
results\d5_formal\raw_r1\boot_05\batch_20260919T142606.581349Z_ff731769.json.gz,20260919T142606.581349Z_ff731769,4,d3e31330-37b4-4c44-bd02-2615e3fcaaa1,d5_d3e31330-37b4-4c44-bd02-2615e3fcaaa1_8605_82ec4ddd,296,test:hiding,rootkit,memory,role_aggregate,20,128,32,middle,True,True,0,20,40,"{""2"": 20}",0,20,0,0,
results\d5_formal\raw_r1\boot_05\batch_20260919T142610.405406Z_c5135726.json.gz,20260919T142610.405406Z_c5135726,4,d3e31330-37b4-4c44-bd02-2615e3fcaaa1,d5_d3e31330-37b4-4c44-bd02-2615e3fcaaa1_8605_82ec4ddd,297,test:hiding,rootkit,memory,role_aggregate,20,128,32,middle,True,True,0,20,40,"{""2"": 20}",0,20,0,0,
results\d5_formal\raw_r1\boot_05\batch_20260919T142614.206199Z_1a372933.json.gz,20260919T142614.206199Z_1a372933,4,d3e31330-37b4-4c44-bd02-2615e3fcaaa1,d5_d3e31330-37b4-4c44-bd02-2615e3fcaaa1_8605_82ec4ddd,298,test:hiding,rootkit,memory,role_aggregate,20,128,32,middle,True,True,0,20,40,"{""2"": 20}",0,20,0,0,
results\d5_formal\raw_r1\boot_05\batch_20260919T142618.191193Z_47ee7c12.json.gz,20260919T142618.191193Z_47ee7c12,4,d3e31330-37b4-4c44-bd02-2615e3fcaaa1,d5_d3e31330-37b4-4c44-bd02-2615e3fcaaa1_8605_82ec4ddd,299,test:hiding,rootkit,memory,role_aggregate,20,128,32,middle,True,True,0,20,40,"{""2"": 20}",0,20,0,0,
results\d5_formal\raw_r1\boot_05\batch_20260919T142621.988026Z_34edddfc.json.gz,20260919T142621.988026Z_34edddfc,4,d3e31330-37b4-4c44-bd02-2615e3fcaaa1,d5_d3e31330-37b4-4c44-bd02-2615e3fcaaa1_8605_82ec4ddd,300,test:hiding,rootkit,memory,role_aggregate,20,128,32,middle,True,True,0,20,40,"{""2"": 20}",0,20,0,0,
results\d5_formal\raw_r1\boot_05\batch_20260919T142625.821172Z_ec821909.json.gz,20260919T142625.821172Z_ec821909,4,d3e31330-37b4-4c44-bd02-2615e3fcaaa1,d5_d3e31330-37b4-4c44-bd02-2615e3fcaaa1_8605_82ec4ddd,301,test:hiding,rootkit,memory,role_aggregate,20,128,32,middle,True,True,0,20,40,"{""2"": 20}",0,20,0,0,
results\d5_formal\raw_r1\boot_05\batch_20260919T142629.609525Z_1a9dd40d.json.gz,20260919T142629.609525Z_1a9dd40d,4,d3e31330-37b4-4c44-bd02-2615e3fcaaa1,d5_d3e31330-37b4-4c44-bd02-2615e3fcaaa1_8605_82ec4ddd,302,test:hiding,rootkit,memory,role_aggregate,20,128,32,middle,True,True,0,20,40,"{""2"": 20}",0,20,0,0,
results\d5_formal\raw_r1\boot_05\batch_20260919T142633.368399Z_68ab90ca.json.gz,20260919T142633.368399Z_68ab90ca,4,d3e31330-37b4-4c44-bd02-2615e3fcaaa1,d5_d3e31330-37b4-4c44-bd02-2615e3fcaaa1_8605_82ec4ddd,303,test:hiding,rootkit,memory,role_aggregate,20,128,32,middle,True,True,0,20,40,"{""2"": 20}",0,20,0,0,
results\d5_formal\raw_r1\boot_05\batch_20260919T142637.173968Z_8cdf3e67.json.gz,20260919T142637.173968Z_8cdf3e67,4,d3e31330-37b4-4c44-bd02-2615e3fcaaa1,d5_d3e31330-37b4-4c44-bd02-2615e3fcaaa1_8605_82ec4ddd,304,test:hiding,rootkit,memory,role_aggregate,20,128,32,middle,True,True,0,20,40,"{""2"": 20}",0,20,0,0,
results\d5_formal\raw_r1\boot_05\batch_20260919T142640.995253Z_36c4d0b8.json.gz,20260919T142640.995253Z_36c4d0b8,4,d3e31330-37b4-4c44-bd02-2615e3fcaaa1,d5_d3e31330-37b4-4c44-bd02-2615e3fcaaa1_8605_82ec4ddd,305,test:hiding,rootkit,memory,role_aggregate,20,128,32,middle,True,True,0,20,40,"{""2"": 20}",0,20,0,0,
results\d5_formal\raw_r1\boot_05\batch_20260919T142644.965399Z_d9ed2773.json.gz,20260919T142644.965399Z_d9ed2773,4,d3e31330-37b4-4c44-bd02-2615e3fcaaa1,d5_d3e31330-37b4-4c44-bd02-2615e3fcaaa1_8605_82ec4ddd,306,test:hiding,rootkit,memory,role_aggregate,20,128,32,middle,True,True,0,20,40,"{""2"": 20}",0,20,0,0,
results\d5_formal\raw_r1\boot_05\batch_20260919T142648.951736Z_48b38b32.json.gz,20260919T142648.951736Z_48b38b32,4,d3e31330-37b4-4c44-bd02-2615e3fcaaa1,d5_d3e31330-37b4-4c44-bd02-2615e3fcaaa1_8605_82ec4ddd,307,test:hiding,rootkit,memory,role_aggregate,20,128,32,middle,True,True,0,20,40,"{""2"": 20}",0,20,0,0,
results\d5_formal\raw_r1\boot_05\batch_20260919T142652.714853Z_a05acd1c.json.gz,20260919T142652.714853Z_a05acd1c,4,d3e31330-37b4-4c44-bd02-2615e3fcaaa1,d5_d3e31330-37b4-4c44-bd02-2615e3fcaaa1_8605_82ec4ddd,308,test:hiding,rootkit,memory,role_aggregate,20,128,32,middle,True,True,0,20,40,"{""2"": 20}",0,20,0,0,
results\d5_formal\raw_r1\boot_05\batch_20260919T142656.532582Z_ec9ffd5c.json.gz,20260919T142656.532582Z_ec9ffd5c,4,d3e31330-37b4-4c44-bd02-2615e3fcaaa1,d5_d3e31330-37b4-4c44-bd02-2615e3fcaaa1_8605_82ec4ddd,309,test:hiding,rootkit,memory,role_aggregate,20,128,32,middle,True,True,0,20,40,"{""2"": 20}",0,20,0,0,
results\d5_formal\raw_r1\boot_05\batch_20260919T142700.394165Z_b6335435.json.gz,20260919T142700.394165Z_b6335435,4,d3e31330-37b4-4c44-bd02-2615e3fcaaa1,d5_d3e31330-37b4-4c44-bd02-2615e3fcaaa1_8605_82ec4ddd,310,test:hiding,rootkit,memory,role_aggregate,20,128,32,middle,True,True,0,20,40,"{""2"": 20}",0,20,0,0,
results\d5_formal\raw_r1\boot_05\batch_20260919T142704.219906Z_f118dede.json.gz,20260919T142704.219906Z_f118dede,4,d3e31330-37b4-4c44-bd02-2615e3fcaaa1,d5_d3e31330-37b4-4c44-bd02-2615e3fcaaa1_8605_82ec4ddd,311,test:hiding,rootkit,memory,role_aggregate,20,128,32,middle,True,True,0,20,40,"{""2"": 20}",0,20,0,0,
results\d5_formal\raw_r1\boot_05\batch_20260919T142708.258387Z_d897183a.json.gz,20260919T142708.258387Z_d897183a,4,d3e31330-37b4-4c44-bd02-2615e3fcaaa1,d5_d3e31330-37b4-4c44-bd02-2615e3fcaaa1_8605_82ec4ddd,312,test:hiding,rootkit,memory,role_aggregate,20,128,32,middle,True,True,0,20,40,"{""2"": 20}",0,20,0,0,
results\d5_formal\raw_r1\boot_05\batch_20260919T142712.122929Z_002adef2.json.gz,20260919T142712.122929Z_002adef2,4,d3e31330-37b4-4c44-bd02-2615e3fcaaa1,d5_d3e31330-37b4-4c44-bd02-2615e3fcaaa1_8605_82ec4ddd,313,test:hiding,rootkit,memory,role_aggregate,20,128,32,middle,True,True,0,20,40,"{""2"": 20}",0,20,0,0,
results\d5_formal\raw_r1\boot_05\batch_20260919T142715.914179Z_23a4c259.json.gz,20260919T142715.914179Z_23a4c259,4,d3e31330-37b4-4c44-bd02-2615e3fcaaa1,d5_d3e31330-37b4-4c44-bd02-2615e3fcaaa1_8605_82ec4ddd,314,test:hiding,rootkit,memory,role_aggregate,20,128,32,middle,True,True,0,20,40,"{""2"": 20}",0,20,0,0,
results\d5_formal\raw_r1\boot_05\batch_20260919T142719.653534Z_932ced12.json.gz,20260919T142719.653534Z_932ced12,4,d3e31330-37b4-4c44-bd02-2615e3fcaaa1,d5_d3e31330-37b4-4c44-bd02-2615e3fcaaa1_8605_82ec4ddd,315,test:hiding,rootkit,memory,role_aggregate,20,128,32,middle,True,True,0,20,40,"{""2"": 20}",0,20,0,0,
results\d5_formal\raw_r1\boot_05\batch_20260919T142723.581458Z_0f354d8e.json.gz,20260919T142723.581458Z_0f354d8e,4,d3e31330-37b4-4c44-bd02-2615e3fcaaa1,d5_d3e31330-37b4-4c44-bd02-2615e3fcaaa1_8605_82ec4ddd,316,test:hiding,rootkit,memory,role_aggregate,20,128,32,middle,True,True,0,20,40,"{""2"": 20}",0,20,0,0,
results\d5_formal\raw_r1\boot_05\batch_20260919T142727.326446Z_b45aea80.json.gz,20260919T142727.326446Z_b45aea80,4,d3e31330-37b4-4c44-bd02-2615e3fcaaa1,d5_d3e31330-37b4-4c44-bd02-2615e3fcaaa1_8605_82ec4ddd,317,test:hiding,rootkit,memory,role_aggregate,20,128,32,middle,True,True,0,20,40,"{""2"": 20}",0,20,0,0,
results\d5_formal\raw_r1\boot_05\batch_20260919T142731.117303Z_a2fe0aa7.json.gz,20260919T142731.117303Z_a2fe0aa7,4,d3e31330-37b4-4c44-bd02-2615e3fcaaa1,d5_d3e31330-37b4-4c44-bd02-2615e3fcaaa1_8605_82ec4ddd,318,test:hiding,rootkit,memory,role_aggregate,20,128,32,middle,True,True,0,20,40,"{""2"": 20}",0,20,0,0,
results\d5_formal\raw_r1\boot_05\batch_20260919T142734.881412Z_f9687229.json.gz,20260919T142734.881412Z_f9687229,4,d3e31330-37b4-4c44-bd02-2615e3fcaaa1,d5_d3e31330-37b4-4c44-bd02-2615e3fcaaa1_8605_82ec4ddd,319,test:hiding,rootkit,memory,role_aggregate,20,128,32,middle,True,True,0,20,40,"{""2"": 20}",0,20,0,0,
results\d5_formal\raw_r1\boot_05\batch_20260919T142738.643366Z_0e9e07fa.json.gz,20260919T142738.643366Z_0e9e07fa,4,d3e31330-37b4-4c44-bd02-2615e3fcaaa1,d5_d3e31330-37b4-4c44-bd02-2615e3fcaaa1_8605_82ec4ddd,320,test:hiding,rootkit,memory,role_aggregate,20,128,32,middle,True,True,0,20,40,"{""2"": 20}",0,20,0,0,
results\d5_formal\raw_r1\boot_05\batch_20260919T142742.373368Z_0d92a52b.json.gz,20260919T142742.373368Z_0d92a52b,4,d3e31330-37b4-4c44-bd02-2615e3fcaaa1,d5_d3e31330-37b4-4c44-bd02-2615e3fcaaa1_8605_82ec4ddd,321,test:hiding,rootkit,memory,role_aggregate,20,128,32,middle,True,True,0,20,40,"{""2"": 20}",0,20,0,0,
results\d5_formal\raw_r1\boot_05\batch_20260919T142746.184404Z_ced9cec3.json.gz,20260919T142746.184404Z_ced9cec3,4,d3e31330-37b4-4c44-bd02-2615e3fcaaa1,d5_d3e31330-37b4-4c44-bd02-2615e3fcaaa1_8605_82ec4ddd,322,test:hiding,rootkit,memory,role_aggregate,20,128,32,middle,True,True,0,20,40,"{""2"": 20}",0,20,0,0,
results\d5_formal\raw_r1\boot_05\batch_20260919T142749.939741Z_fca99712.json.gz,20260919T142749.939741Z_fca99712,4,d3e31330-37b4-4c44-bd02-2615e3fcaaa1,d5_d3e31330-37b4-4c44-bd02-2615e3fcaaa1_8605_82ec4ddd,323,test:hiding,rootkit,memory,role_aggregate,20,128,32,middle,True,True,0,20,40,"{""2"": 20}",0,20,0,0,
results\d5_formal\raw_r1\boot_05\batch_20260919T142753.674982Z_aedca6a7.json.gz,20260919T142753.674982Z_aedca6a7,4,d3e31330-37b4-4c44-bd02-2615e3fcaaa1,d5_d3e31330-37b4-4c44-bd02-2615e3fcaaa1_8605_82ec4ddd,324,test:hiding,rootkit,memory,role_aggregate,20,128,32,middle,True,True,0,20,40,"{""2"": 20}",0,20,0,0,
results\d5_formal\raw_r1\boot_05\batch_20260919T142757.528340Z_8d0206c0.json.gz,20260919T142757.528340Z_8d0206c0,4,d3e31330-37b4-4c44-bd02-2615e3fcaaa1,d5_d3e31330-37b4-4c44-bd02-2615e3fcaaa1_8605_82ec4ddd,325,test:hiding,rootkit,memory,role_aggregate,20,128,32,middle,True,True,0,20,40,"{""2"": 20}",0,20,0,0,
results\d5_formal\raw_r1\boot_05\batch_20260919T142801.501468Z_16258392.json.gz,20260919T142801.501468Z_16258392,4,d3e31330-37b4-4c44-bd02-2615e3fcaaa1,d5_d3e31330-37b4-4c44-bd02-2615e3fcaaa1_8605_82ec4ddd,326,test:hiding,rootkit,memory,role_aggregate,20,128,32,middle,True,True,0,20,40,"{""2"": 20}",0,20,0,0,
results\d5_formal\raw_r1\boot_05\batch_20260919T142805.238997Z_93593851.json.gz,20260919T142805.238997Z_93593851,4,d3e31330-37b4-4c44-bd02-2615e3fcaaa1,d5_d3e31330-37b4-4c44-bd02-2615e3fcaaa1_8605_82ec4ddd,327,test:hiding,rootkit,memory,role_aggregate,20,128,32,middle,True,True,0,20,40,"{""2"": 20}",0,20,0,0,
results\d5_formal\raw_r1\boot_05\batch_20260919T142814.146123Z_4f2f92cd.json.gz,20260919T142814.146123Z_4f2f92cd,4,d3e31330-37b4-4c44-bd02-2615e3fcaaa1,d5_d3e31330-37b4-4c44-bd02-2615e3fcaaa1_8605_82ec4ddd,328,test:hiding,rootkit,mixed,role_aggregate,20,128,32,middle,True,True,0,20,40,"{""2"": 20}",0,20,0,0,
results\d5_formal\raw_r1\boot_05\batch_20260919T142823.008924Z_85d0561f.json.gz,20260919T142823.008924Z_85d0561f,4,d3e31330-37b4-4c44-bd02-2615e3fcaaa1,d5_d3e31330-37b4-4c44-bd02-2615e3fcaaa1_8605_82ec4ddd,329,test:hiding,rootkit,mixed,role_aggregate,20,128,32,middle,True,True,0,20,40,"{""2"": 20}",0,20,0,0,
results\d5_formal\raw_r1\boot_05\batch_20260919T142831.926012Z_36bb22c1.json.gz,20260919T142831.926012Z_36bb22c1,4,d3e31330-37b4-4c44-bd02-2615e3fcaaa1,d5_d3e31330-37b4-4c44-bd02-2615e3fcaaa1_8605_82ec4ddd,330,test:hiding,rootkit,mixed,role_aggregate,20,128,32,middle,True,True,0,20,40,"{""2"": 20}",0,20,0,0,
results\d5_formal\raw_r1\boot_05\batch_20260919T142840.989985Z_0fe0ca83.json.gz,20260919T142840.989985Z_0fe0ca83,4,d3e31330-37b4-4c44-bd02-2615e3fcaaa1,d5_d3e31330-37b4-4c44-bd02-2615e3fcaaa1_8605_82ec4ddd,331,test:hiding,rootkit,mixed,role_aggregate,20,128,32,middle,True,True,0,20,40,"{""2"": 20}",0,20,0,0,
results\d5_formal\raw_r1\boot_05\batch_20260919T142850.080781Z_64696ab1.json.gz,20260919T142850.080781Z_64696ab1,4,d3e31330-37b4-4c44-bd02-2615e3fcaaa1,d5_d3e31330-37b4-4c44-bd02-2615e3fcaaa1_8605_82ec4ddd,332,test:hiding,rootkit,mixed,role_aggregate,20,128,32,middle,True,True,0,20,40,"{""2"": 20}",0,20,0,0,
results\d5_formal\raw_r1\boot_05\batch_20260919T142858.933025Z_a6e4736d.json.gz,20260919T142858.933025Z_a6e4736d,4,d3e31330-37b4-4c44-bd02-2615e3fcaaa1,d5_d3e31330-37b4-4c44-bd02-2615e3fcaaa1_8605_82ec4ddd,333,test:hiding,rootkit,mixed,role_aggregate,20,128,32,middle,True,True,0,20,40,"{""2"": 20}",0,20,0,0,
results\d5_formal\raw_r1\boot_05\batch_20260919T142908.029189Z_2111864a.json.gz,20260919T142908.029189Z_2111864a,4,d3e31330-37b4-4c44-bd02-2615e3fcaaa1,d5_d3e31330-37b4-4c44-bd02-2615e3fcaaa1_8605_82ec4ddd,334,test:hiding,rootkit,mixed,role_aggregate,20,128,32,middle,True,True,0,20,40,"{""2"": 20}",0,20,0,0,
results\d5_formal\raw_r1\boot_05\batch_20260919T142916.934885Z_70d436a5.json.gz,20260919T142916.934885Z_70d436a5,4,d3e31330-37b4-4c44-bd02-2615e3fcaaa1,d5_d3e31330-37b4-4c44-bd02-2615e3fcaaa1_8605_82ec4ddd,335,test:hiding,rootkit,mixed,role_aggregate,20,128,32,middle,True,True,0,20,40,"{""2"": 20}",0,20,0,0,
results\d5_formal\raw_r1\boot_05\batch_20260919T142925.746748Z_c10bf19a.json.gz,20260919T142925.746748Z_c10bf19a,4,d3e31330-37b4-4c44-bd02-2615e3fcaaa1,d5_d3e31330-37b4-4c44-bd02-2615e3fcaaa1_8605_82ec4ddd,336,test:hiding,rootkit,mixed,role_aggregate,20,128,32,middle,True,True,0,20,40,"{""2"": 20}",0,20,0,0,
results\d5_formal\raw_r1\boot_05\batch_20260919T142934.808997Z_69e5fb41.json.gz,20260919T142934.808997Z_69e5fb41,4,d3e31330-37b4-4c44-bd02-2615e3fcaaa1,d5_d3e31330-37b4-4c44-bd02-2615e3fcaaa1_8605_82ec4ddd,337,test:hiding,rootkit,mixed,role_aggregate,20,128,32,middle,True,True,0,20,40,"{""2"": 20}",0,20,0,0,
results\d5_formal\raw_r1\boot_05\batch_20260919T142943.699040Z_27a2e630.json.gz,20260919T142943.699040Z_27a2e630,4,d3e31330-37b4-4c44-bd02-2615e3fcaaa1,d5_d3e31330-37b4-4c44-bd02-2615e3fcaaa1_8605_82ec4ddd,338,test:hiding,rootkit,mixed,role_aggregate,20,128,32,middle,True,True,0,20,40,"{""2"": 20}",0,20,0,0,
results\d5_formal\raw_r1\boot_05\batch_20260919T142952.806979Z_c24f9233.json.gz,20260919T142952.806979Z_c24f9233,4,d3e31330-37b4-4c44-bd02-2615e3fcaaa1,d5_d3e31330-37b4-4c44-bd02-2615e3fcaaa1_8605_82ec4ddd,339,test:hiding,rootkit,mixed,role_aggregate,20,128,32,middle,True,True,0,20,40,"{""2"": 20}",0,20,0,0,
results\d5_formal\raw_r1\boot_05\batch_20260919T143001.836229Z_d9f720c9.json.gz,20260919T143001.836229Z_d9f720c9,4,d3e31330-37b4-4c44-bd02-2615e3fcaaa1,d5_d3e31330-37b4-4c44-bd02-2615e3fcaaa1_8605_82ec4ddd,340,test:hiding,rootkit,mixed,role_aggregate,20,128,32,middle,True,True,0,20,40,"{""2"": 20}",0,20,0,0,
results\d5_formal\raw_r1\boot_05\batch_20260919T143010.725128Z_28ce465f.json.gz,20260919T143010.725128Z_28ce465f,4,d3e31330-37b4-4c44-bd02-2615e3fcaaa1,d5_d3e31330-37b4-4c44-bd02-2615e3fcaaa1_8605_82ec4ddd,341,test:hiding,rootkit,mixed,role_aggregate,20,128,32,middle,True,True,0,20,40,"{""2"": 20}",0,20,0,0,
results\d5_formal\raw_r1\boot_05\batch_20260919T143019.778010Z_ff09d465.json.gz,20260919T143019.778010Z_ff09d465,4,d3e31330-37b4-4c44-bd02-2615e3fcaaa1,d5_d3e31330-37b4-4c44-bd02-2615e3fcaaa1_8605_82ec4ddd,342,test:hiding,rootkit,mixed,role_aggregate,20,128,32,middle,True,True,0,20,40,"{""2"": 20}",0,20,0,0,
results\d5_formal\raw_r1\boot_05\batch_20260919T143029.401024Z_9c1e63af.json.gz,20260919T143029.401024Z_9c1e63af,4,d3e31330-37b4-4c44-bd02-2615e3fcaaa1,d5_d3e31330-37b4-4c44-bd02-2615e3fcaaa1_8605_82ec4ddd,343,test:hiding,rootkit,mixed,role_aggregate,20,128,32,middle,True,True,0,20,40,"{""2"": 20}",0,20,0,0,
results\d5_formal\raw_r1\boot_05\batch_20260919T143038.398831Z_a2059277.json.gz,20260919T143038.398831Z_a2059277,4,d3e31330-37b4-4c44-bd02-2615e3fcaaa1,d5_d3e31330-37b4-4c44-bd02-2615e3fcaaa1_8605_82ec4ddd,344,test:hiding,rootkit,mixed,role_aggregate,20,128,32,middle,True,True,0,20,40,"{""2"": 20}",0,20,0,0,
results\d5_formal\raw_r1\boot_05\batch_20260919T143047.330353Z_d1a38231.json.gz,20260919T143047.330353Z_d1a38231,4,d3e31330-37b4-4c44-bd02-2615e3fcaaa1,d5_d3e31330-37b4-4c44-bd02-2615e3fcaaa1_8605_82ec4ddd,345,test:hiding,rootkit,mixed,role_aggregate,20,128,32,middle,True,True,0,20,40,"{""2"": 20}",0,20,0,0,
results\d5_formal\raw_r1\boot_05\batch_20260919T143056.151351Z_f5b6b2bd.json.gz,20260919T143056.151351Z_f5b6b2bd,4,d3e31330-37b4-4c44-bd02-2615e3fcaaa1,d5_d3e31330-37b4-4c44-bd02-2615e3fcaaa1_8605_82ec4ddd,346,test:hiding,rootkit,mixed,role_aggregate,20,128,32,middle,True,True,0,20,40,"{""2"": 20}",0,20,0,0,
results\d5_formal\raw_r1\boot_05\batch_20260919T143104.971455Z_fd8f849d.json.gz,20260919T143104.971455Z_fd8f849d,4,d3e31330-37b4-4c44-bd02-2615e3fcaaa1,d5_d3e31330-37b4-4c44-bd02-2615e3fcaaa1_8605_82ec4ddd,347,test:hiding,rootkit,mixed,role_aggregate,20,128,32,middle,True,True,0,20,40,"{""2"": 20}",0,20,0,0,
results\d5_formal\raw_r1\boot_05\batch_20260919T143113.793025Z_da2bca2f.json.gz,20260919T143113.793025Z_da2bca2f,4,d3e31330-37b4-4c44-bd02-2615e3fcaaa1,d5_d3e31330-37b4-4c44-bd02-2615e3fcaaa1_8605_82ec4ddd,348,test:hiding,rootkit,mixed,role_aggregate,20,128,32,middle,True,True,0,20,40,"{""2"": 20}",0,20,0,0,
results\d5_formal\raw_r1\boot_05\batch_20260919T143122.656539Z_8b27ca86.json.gz,20260919T143122.656539Z_8b27ca86,4,d3e31330-37b4-4c44-bd02-2615e3fcaaa1,d5_d3e31330-37b4-4c44-bd02-2615e3fcaaa1_8605_82ec4ddd,349,test:hiding,rootkit,mixed,role_aggregate,20,128,32,middle,True,True,0,20,40,"{""2"": 20}",0,20,0,0,
results\d5_formal\raw_r1\boot_05\batch_20260919T143131.459958Z_18ec2e0f.json.gz,20260919T143131.459958Z_18ec2e0f,4,d3e31330-37b4-4c44-bd02-2615e3fcaaa1,d5_d3e31330-37b4-4c44-bd02-2615e3fcaaa1_8605_82ec4ddd,350,test:hiding,rootkit,mixed,role_aggregate,20,128,32,middle,True,True,0,20,40,"{""2"": 20}",0,20,0,0,
results\d5_formal\raw_r1\boot_05\batch_20260919T143140.392403Z_7449d9b2.json.gz,20260919T143140.392403Z_7449d9b2,4,d3e31330-37b4-4c44-bd02-2615e3fcaaa1,d5_d3e31330-37b4-4c44-bd02-2615e3fcaaa1_8605_82ec4ddd,351,test:hiding,rootkit,mixed,role_aggregate,20,128,32,middle,True,True,0,20,40,"{""2"": 20}",0,20,0,0,
results\d5_formal\raw_r1\boot_05\batch_20260919T143149.158302Z_e7812c78.json.gz,20260919T143149.158302Z_e7812c78,4,d3e31330-37b4-4c44-bd02-2615e3fcaaa1,d5_d3e31330-37b4-4c44-bd02-2615e3fcaaa1_8605_82ec4ddd,352,test:hiding,rootkit,mixed,role_aggregate,20,128,32,middle,True,True,0,20,40,"{""2"": 20}",0,20,0,0,
results\d5_formal\raw_r1\boot_05\batch_20260919T143158.067263Z_32d0dc52.json.gz,20260919T143158.067263Z_32d0dc52,4,d3e31330-37b4-4c44-bd02-2615e3fcaaa1,d5_d3e31330-37b4-4c44-bd02-2615e3fcaaa1_8605_82ec4ddd,353,test:hiding,rootkit,mixed,role_aggregate,20,128,32,middle,True,True,0,20,40,"{""2"": 20}",0,20,0,0,
results\d5_formal\raw_r1\boot_05\batch_20260919T143207.085020Z_f8edb6d2.json.gz,20260919T143207.085020Z_f8edb6d2,4,d3e31330-37b4-4c44-bd02-2615e3fcaaa1,d5_d3e31330-37b4-4c44-bd02-2615e3fcaaa1_8605_82ec4ddd,354,test:hiding,rootkit,mixed,role_aggregate,20,128,32,middle,True,True,0,20,40,"{""2"": 20}",0,20,0,0,
results\d5_formal\raw_r1\boot_05\batch_20260919T143216.010417Z_c6069f2b.json.gz,20260919T143216.010417Z_c6069f2b,4,d3e31330-37b4-4c44-bd02-2615e3fcaaa1,d5_d3e31330-37b4-4c44-bd02-2615e3fcaaa1_8605_82ec4ddd,355,test:hiding,rootkit,mixed,role_aggregate,20,128,32,middle,True,True,0,20,40,"{""2"": 20}",0,20,0,0,
results\d5_formal\raw_r1\boot_05\batch_20260919T143224.921523Z_0279f040.json.gz,20260919T143224.921523Z_0279f040,4,d3e31330-37b4-4c44-bd02-2615e3fcaaa1,d5_d3e31330-37b4-4c44-bd02-2615e3fcaaa1_8605_82ec4ddd,356,test:hiding,rootkit,mixed,role_aggregate,20,128,32,middle,True,True,0,20,40,"{""2"": 20}",0,20,0,0,
results\d5_formal\raw_r1\boot_05\batch_20260919T143233.899272Z_100a57ee.json.gz,20260919T143233.899272Z_100a57ee,4,d3e31330-37b4-4c44-bd02-2615e3fcaaa1,d5_d3e31330-37b4-4c44-bd02-2615e3fcaaa1_8605_82ec4ddd,357,test:hiding,rootkit,mixed,role_aggregate,20,128,32,middle,True,True,0,20,40,"{""2"": 20}",0,20,0,0,
results\d5_formal\raw_r1\boot_05\batch_20260919T143242.803264Z_8fd2759a.json.gz,20260919T143242.803264Z_8fd2759a,4,d3e31330-37b4-4c44-bd02-2615e3fcaaa1,d5_d3e31330-37b4-4c44-bd02-2615e3fcaaa1_8605_82ec4ddd,358,test:hiding,rootkit,mixed,role_aggregate,20,128,32,middle,True,True,0,20,40,"{""2"": 20}",0,20,0,0,
results\d5_formal\raw_r1\boot_05\batch_20260919T143251.688663Z_1d60ed43.json.gz,20260919T143251.688663Z_1d60ed43,4,d3e31330-37b4-4c44-bd02-2615e3fcaaa1,d5_d3e31330-37b4-4c44-bd02-2615e3fcaaa1_8605_82ec4ddd,359,test:hiding,rootkit,mixed,role_aggregate,20,128,32,middle,True,True,0,20,40,"{""2"": 20}",0,20,0,0,
results\d5_formal\raw_r1\boot_05\batch_20260919T143300.748187Z_73e3de2a.json.gz,20260919T143300.748187Z_73e3de2a,4,d3e31330-37b4-4c44-bd02-2615e3fcaaa1,d5_d3e31330-37b4-4c44-bd02-2615e3fcaaa1_8605_82ec4ddd,360,test:hiding,rootkit,mixed,role_aggregate,20,128,32,middle,True,True,0,20,40,"{""2"": 20}",0,20,0,0,
results\d5_formal\raw_r1\boot_05\batch_20260919T143309.771013Z_f18af6f9.json.gz,20260919T143309.771013Z_f18af6f9,4,d3e31330-37b4-4c44-bd02-2615e3fcaaa1,d5_d3e31330-37b4-4c44-bd02-2615e3fcaaa1_8605_82ec4ddd,361,test:hiding,rootkit,mixed,role_aggregate,20,128,32,middle,True,True,0,20,40,"{""2"": 20}",0,20,0,0,
results\d5_formal\raw_r1\boot_05\batch_20260919T143318.609292Z_67c45b9f.json.gz,20260919T143318.609292Z_67c45b9f,4,d3e31330-37b4-4c44-bd02-2615e3fcaaa1,d5_d3e31330-37b4-4c44-bd02-2615e3fcaaa1_8605_82ec4ddd,362,test:hiding,rootkit,mixed,role_aggregate,20,128,32,middle,True,True,0,20,40,"{""2"": 20}",0,20,0,0,
results\d5_formal\raw_r1\boot_05\batch_20260919T143327.377055Z_72adbcf4.json.gz,20260919T143327.377055Z_72adbcf4,4,d3e31330-37b4-4c44-bd02-2615e3fcaaa1,d5_d3e31330-37b4-4c44-bd02-2615e3fcaaa1_8605_82ec4ddd,363,test:hiding,rootkit,mixed,role_aggregate,20,128,32,middle,True,True,0,20,40,"{""2"": 20}",0,20,0,0,
results\d5_formal\raw_r1\boot_05\batch_20260919T143336.206815Z_a11a8282.json.gz,20260919T143336.206815Z_a11a8282,4,d3e31330-37b4-4c44-bd02-2615e3fcaaa1,d5_d3e31330-37b4-4c44-bd02-2615e3fcaaa1_8605_82ec4ddd,364,test:hiding,rootkit,mixed,role_aggregate,20,128,32,middle,True,True,0,20,40,"{""2"": 20}",0,20,0,0,
results\d5_formal\raw_r1\boot_05\batch_20260919T143345.002045Z_92a93eed.json.gz,20260919T143345.002045Z_92a93eed,4,d3e31330-37b4-4c44-bd02-2615e3fcaaa1,d5_d3e31330-37b4-4c44-bd02-2615e3fcaaa1_8605_82ec4ddd,365,test:hiding,rootkit,mixed,role_aggregate,20,128,32,middle,True,True,0,20,40,"{""2"": 20}",0,20,0,0,
results\d5_formal\raw_r1\boot_05\batch_20260919T143354.063250Z_c90e7f6e.json.gz,20260919T143354.063250Z_c90e7f6e,4,d3e31330-37b4-4c44-bd02-2615e3fcaaa1,d5_d3e31330-37b4-4c44-bd02-2615e3fcaaa1_8605_82ec4ddd,366,test:hiding,rootkit,mixed,role_aggregate,20,128,32,middle,True,True,0,20,40,"{""2"": 20}",0,20,0,0,
results\d5_formal\raw_r1\boot_05\batch_20260919T143403.168148Z_ce6a14f3.json.gz,20260919T143403.168148Z_ce6a14f3,4,d3e31330-37b4-4c44-bd02-2615e3fcaaa1,d5_d3e31330-37b4-4c44-bd02-2615e3fcaaa1_8605_82ec4ddd,367,test:hiding,rootkit,mixed,role_aggregate,20,128,32,middle,True,True,0,20,40,"{""2"": 20}",0,20,0,0,
results\d5_formal\raw_r1\boot_05\batch_20260919T143406.394260Z_05974561.json.gz,20260919T143406.394260Z_05974561,4,d3e31330-37b4-4c44-bd02-2615e3fcaaa1,d5_d3e31330-37b4-4c44-bd02-2615e3fcaaa1_8605_82ec4ddd,368,test:unloaded,normal,baseline,role_aggregate,20,128,32,middle,True,True,0,20,40,"{""2"": 20}",0,20,0,20,129
results\d5_formal\raw_r1\boot_05\batch_20260919T143408.801100Z_d7bab03b.json.gz,20260919T143408.801100Z_d7bab03b,4,d3e31330-37b4-4c44-bd02-2615e3fcaaa1,d5_d3e31330-37b4-4c44-bd02-2615e3fcaaa1_8605_82ec4ddd,369,test:unloaded,normal,baseline,role_aggregate,20,128,32,middle,True,True,0,20,40,"{""2"": 20}",0,20,0,20,129
results\d5_formal\raw_r1\boot_05\batch_20260919T143411.179136Z_370700c1.json.gz,20260919T143411.179136Z_370700c1,4,d3e31330-37b4-4c44-bd02-2615e3fcaaa1,d5_d3e31330-37b4-4c44-bd02-2615e3fcaaa1_8605_82ec4ddd,370,test:unloaded,normal,baseline,role_aggregate,20,128,32,middle,True,True,0,20,40,"{""2"": 20}",0,20,0,20,129
results\d5_formal\raw_r1\boot_05\batch_20260919T143413.614254Z_99be5035.json.gz,20260919T143413.614254Z_99be5035,4,d3e31330-37b4-4c44-bd02-2615e3fcaaa1,d5_d3e31330-37b4-4c44-bd02-2615e3fcaaa1_8605_82ec4ddd,371,test:unloaded,normal,baseline,role_aggregate,20,128,32,middle,True,True,0,20,40,"{""2"": 20}",0,20,0,20,129
results\d5_formal\raw_r1\boot_05\batch_20260919T143416.123433Z_b1940e8e.json.gz,20260919T143416.123433Z_b1940e8e,4,d3e31330-37b4-4c44-bd02-2615e3fcaaa1,d5_d3e31330-37b4-4c44-bd02-2615e3fcaaa1_8605_82ec4ddd,372,test:unloaded,normal,baseline,role_aggregate,20,128,32,middle,True,True,0,20,40,"{""2"": 20}",0,20,0,20,129
results\d5_formal\raw_r1\boot_05\batch_20260919T143418.703399Z_08c36759.json.gz,20260919T143418.703399Z_08c36759,4,d3e31330-37b4-4c44-bd02-2615e3fcaaa1,d5_d3e31330-37b4-4c44-bd02-2615e3fcaaa1_8605_82ec4ddd,373,test:unloaded,normal,baseline,role_aggregate,20,128,32,middle,True,True,0,20,40,"{""2"": 20}",0,20,0,20,129
results\d5_formal\raw_r1\boot_05\batch_20260919T143421.221370Z_cf335155.json.gz,20260919T143421.221370Z_cf335155,4,d3e31330-37b4-4c44-bd02-2615e3fcaaa1,d5_d3e31330-37b4-4c44-bd02-2615e3fcaaa1_8605_82ec4ddd,374,test:unloaded,normal,baseline,role_aggregate,20,128,32,middle,True,True,0,20,40,"{""2"": 20}",0,20,0,20,129
results\d5_formal\raw_r1\boot_05\batch_20260919T143423.936543Z_6606bbe5.json.gz,20260919T143423.936543Z_6606bbe5,4,d3e31330-37b4-4c44-bd02-2615e3fcaaa1,d5_d3e31330-37b4-4c44-bd02-2615e3fcaaa1_8605_82ec4ddd,375,test:unloaded,normal,baseline,role_aggregate,20,128,32,middle,True,True,0,20,40,"{""2"": 20}",0,20,0,20,129
results\d5_formal\raw_r1\boot_05\batch_20260919T143426.504336Z_995cd8ca.json.gz,20260919T143426.504336Z_995cd8ca,4,d3e31330-37b4-4c44-bd02-2615e3fcaaa1,d5_d3e31330-37b4-4c44-bd02-2615e3fcaaa1_8605_82ec4ddd,376,test:unloaded,normal,baseline,role_aggregate,20,128,32,middle,True,True,0,20,40,"{""2"": 20}",0,20,0,20,129
results\d5_formal\raw_r1\boot_05\batch_20260919T143429.004267Z_b86586c3.json.gz,20260919T143429.004267Z_b86586c3,4,d3e31330-37b4-4c44-bd02-2615e3fcaaa1,d5_d3e31330-37b4-4c44-bd02-2615e3fcaaa1_8605_82ec4ddd,377,test:unloaded,normal,baseline,role_aggregate,20,128,32,middle,True,True,0,20,40,"{""2"": 20}",0,20,0,20,129
results\d5_formal\raw_r1\boot_05\batch_20260919T143431.551126Z_94ff2114.json.gz,20260919T143431.551126Z_94ff2114,4,d3e31330-37b4-4c44-bd02-2615e3fcaaa1,d5_d3e31330-37b4-4c44-bd02-2615e3fcaaa1_8605_82ec4ddd,378,test:unloaded,normal,baseline,role_aggregate,20,128,32,middle,True,True,0,20,40,"{""2"": 20}",0,20,0,20,129
results\d5_formal\raw_r1\boot_05\batch_20260919T143434.074517Z_8c5a9295.json.gz,20260919T143434.074517Z_8c5a9295,4,d3e31330-37b4-4c44-bd02-2615e3fcaaa1,d5_d3e31330-37b4-4c44-bd02-2615e3fcaaa1_8605_82ec4ddd,379,test:unloaded,normal,baseline,role_aggregate,20,128,32,middle,True,True,0,20,40,"{""2"": 20}",0,20,0,20,129
results\d5_formal\raw_r1\boot_05\batch_20260919T143436.702241Z_0c982c34.json.gz,20260919T143436.702241Z_0c982c34,4,d3e31330-37b4-4c44-bd02-2615e3fcaaa1,d5_d3e31330-37b4-4c44-bd02-2615e3fcaaa1_8605_82ec4ddd,380,test:unloaded,normal,baseline,role_aggregate,20,128,32,middle,True,True,0,20,40,"{""2"": 20}",0,20,0,20,129
results\d5_formal\raw_r1\boot_05\batch_20260919T143439.020337Z_0282a3dc.json.gz,20260919T143439.020337Z_0282a3dc,4,d3e31330-37b4-4c44-bd02-2615e3fcaaa1,d5_d3e31330-37b4-4c44-bd02-2615e3fcaaa1_8605_82ec4ddd,381,test:unloaded,normal,baseline,role_aggregate,20,128,32,middle,True,True,0,20,40,"{""2"": 20}",0,20,0,20,129
results\d5_formal\raw_r1\boot_05\batch_20260919T143441.142728Z_3f81687e.json.gz,20260919T143441.142728Z_3f81687e,4,d3e31330-37b4-4c44-bd02-2615e3fcaaa1,d5_d3e31330-37b4-4c44-bd02-2615e3fcaaa1_8605_82ec4ddd,382,test:unloaded,normal,baseline,role_aggregate,20,128,32,middle,True,True,0,20,40,"{""2"": 20}",0,20,0,20,129
results\d5_formal\raw_r1\boot_05\batch_20260919T143443.367047Z_7da862fa.json.gz,20260919T143443.367047Z_7da862fa,4,d3e31330-37b4-4c44-bd02-2615e3fcaaa1,d5_d3e31330-37b4-4c44-bd02-2615e3fcaaa1_8605_82ec4ddd,383,test:unloaded,normal,baseline,role_aggregate,20,128,32,middle,True,True,0,20,40,"{""2"": 20}",0,20,0,20,129
results\d5_formal\raw_r1\boot_05\batch_20260919T143445.645330Z_74a14d18.json.gz,20260919T143445.645330Z_74a14d18,4,d3e31330-37b4-4c44-bd02-2615e3fcaaa1,d5_d3e31330-37b4-4c44-bd02-2615e3fcaaa1_8605_82ec4ddd,384,test:unloaded,normal,baseline,role_aggregate,20,128,32,middle,True,True,0,20,40,"{""2"": 20}",0,20,0,20,129
results\d5_formal\raw_r1\boot_05\batch_20260919T143447.762266Z_fc6315ed.json.gz,20260919T143447.762266Z_fc6315ed,4,d3e31330-37b4-4c44-bd02-2615e3fcaaa1,d5_d3e31330-37b4-4c44-bd02-2615e3fcaaa1_8605_82ec4ddd,385,test:unloaded,normal,baseline,role_aggregate,20,128,32,middle,True,True,0,20,40,"{""2"": 20}",0,20,0,20,129
results\d5_formal\raw_r1\boot_05\batch_20260919T143449.893397Z_379378e7.json.gz,20260919T143449.893397Z_379378e7,4,d3e31330-37b4-4c44-bd02-2615e3fcaaa1,d5_d3e31330-37b4-4c44-bd02-2615e3fcaaa1_8605_82ec4ddd,386,test:unloaded,normal,baseline,role_aggregate,20,128,32,middle,True,True,0,20,40,"{""2"": 20}",0,20,0,20,129
results\d5_formal\raw_r1\boot_05\batch_20260919T143452.037839Z_402aec76.json.gz,20260919T143452.037839Z_402aec76,4,d3e31330-37b4-4c44-bd02-2615e3fcaaa1,d5_d3e31330-37b4-4c44-bd02-2615e3fcaaa1_8605_82ec4ddd,387,test:unloaded,normal,baseline,role_aggregate,20,128,32,middle,True,True,0,20,40,"{""2"": 20}",0,20,0,20,129
results\d5_formal\raw_r1\boot_05\batch_20260919T143454.223271Z_07c75ffc.json.gz,20260919T143454.223271Z_07c75ffc,4,d3e31330-37b4-4c44-bd02-2615e3fcaaa1,d5_d3e31330-37b4-4c44-bd02-2615e3fcaaa1_8605_82ec4ddd,388,test:sham,normal,baseline,role_aggregate,20,128,32,middle,True,True,0,20,40,"{""2"": 20}",0,20,0,20,129
results\d5_formal\raw_r1\boot_05\batch_20260919T143456.505464Z_7830397a.json.gz,20260919T143456.505464Z_7830397a,4,d3e31330-37b4-4c44-bd02-2615e3fcaaa1,d5_d3e31330-37b4-4c44-bd02-2615e3fcaaa1_8605_82ec4ddd,389,test:sham,normal,baseline,role_aggregate,20,128,32,middle,True,True,0,20,40,"{""2"": 20}",0,20,0,20,129
results\d5_formal\raw_r1\boot_05\batch_20260919T143458.634429Z_43bebc8b.json.gz,20260919T143458.634429Z_43bebc8b,4,d3e31330-37b4-4c44-bd02-2615e3fcaaa1,d5_d3e31330-37b4-4c44-bd02-2615e3fcaaa1_8605_82ec4ddd,390,test:sham,normal,baseline,role_aggregate,20,128,32,middle,True,True,0,20,40,"{""2"": 20}",0,20,0,20,129
results\d5_formal\raw_r1\boot_05\batch_20260919T143500.868830Z_2f642a2e.json.gz,20260919T143500.868830Z_2f642a2e,4,d3e31330-37b4-4c44-bd02-2615e3fcaaa1,d5_d3e31330-37b4-4c44-bd02-2615e3fcaaa1_8605_82ec4ddd,391,test:sham,normal,baseline,role_aggregate,20,128,32,middle,True,True,0,20,40,"{""2"": 20}",0,20,0,20,129
results\d5_formal\raw_r1\boot_05\batch_20260919T143503.214233Z_9c211a8f.json.gz,20260919T143503.214233Z_9c211a8f,4,d3e31330-37b4-4c44-bd02-2615e3fcaaa1,d5_d3e31330-37b4-4c44-bd02-2615e3fcaaa1_8605_82ec4ddd,392,test:sham,normal,baseline,role_aggregate,20,128,32,middle,True,True,0,20,40,"{""2"": 20}",0,20,0,20,129
results\d5_formal\raw_r1\boot_05\batch_20260919T143505.449805Z_4c8527a8.json.gz,20260919T143505.449805Z_4c8527a8,4,d3e31330-37b4-4c44-bd02-2615e3fcaaa1,d5_d3e31330-37b4-4c44-bd02-2615e3fcaaa1_8605_82ec4ddd,393,test:sham,normal,baseline,role_aggregate,20,128,32,middle,True,True,0,20,40,"{""2"": 20}",0,20,0,20,129
results\d5_formal\raw_r1\boot_05\batch_20260919T143507.678867Z_2777af49.json.gz,20260919T143507.678867Z_2777af49,4,d3e31330-37b4-4c44-bd02-2615e3fcaaa1,d5_d3e31330-37b4-4c44-bd02-2615e3fcaaa1_8605_82ec4ddd,394,test:sham,normal,baseline,role_aggregate,20,128,32,middle,True,True,0,20,40,"{""2"": 20}",0,20,0,20,129
results\d5_formal\raw_r1\boot_05\batch_20260919T143509.845307Z_ef4f3da7.json.gz,20260919T143509.845307Z_ef4f3da7,4,d3e31330-37b4-4c44-bd02-2615e3fcaaa1,d5_d3e31330-37b4-4c44-bd02-2615e3fcaaa1_8605_82ec4ddd,395,test:sham,normal,baseline,role_aggregate,20,128,32,middle,True,True,0,20,40,"{""2"": 20}",0,20,0,20,129
results\d5_formal\raw_r1\boot_05\batch_20260919T143512.120231Z_3a34792d.json.gz,20260919T143512.120231Z_3a34792d,4,d3e31330-37b4-4c44-bd02-2615e3fcaaa1,d5_d3e31330-37b4-4c44-bd02-2615e3fcaaa1_8605_82ec4ddd,396,test:sham,normal,baseline,role_aggregate,20,128,32,middle,True,True,0,20,40,"{""2"": 20}",0,20,0,20,129
results\d5_formal\raw_r1\boot_05\batch_20260919T143514.248008Z_300adbae.json.gz,20260919T143514.248008Z_300adbae,4,d3e31330-37b4-4c44-bd02-2615e3fcaaa1,d5_d3e31330-37b4-4c44-bd02-2615e3fcaaa1_8605_82ec4ddd,397,test:sham,normal,baseline,role_aggregate,20,128,32,middle,True,True,0,20,40,"{""2"": 20}",0,20,0,20,129
results\d5_formal\raw_r1\boot_05\batch_20260919T143522.498425Z_29eda3e5.json.gz,20260919T143522.498425Z_29eda3e5,4,d3e31330-37b4-4c44-bd02-2615e3fcaaa1,d5_d3e31330-37b4-4c44-bd02-2615e3fcaaa1_8605_82ec4ddd,398,test:sham,normal,cpu,role_aggregate,20,128,32,middle,True,True,0,20,40,"{""2"": 20}",0,20,0,20,129
results\d5_formal\raw_r1\boot_05\batch_20260919T143530.835693Z_bbe83d69.json.gz,20260919T143530.835693Z_bbe83d69,4,d3e31330-37b4-4c44-bd02-2615e3fcaaa1,d5_d3e31330-37b4-4c44-bd02-2615e3fcaaa1_8605_82ec4ddd,399,test:sham,normal,cpu,role_aggregate,20,128,32,middle,True,True,0,20,40,"{""2"": 20}",0,20,0,20,129
results\d5_formal\raw_r1\boot_05\batch_20260919T143539.063022Z_3d172648.json.gz,20260919T143539.063022Z_3d172648,4,d3e31330-37b4-4c44-bd02-2615e3fcaaa1,d5_d3e31330-37b4-4c44-bd02-2615e3fcaaa1_8605_82ec4ddd,400,test:sham,normal,cpu,role_aggregate,20,128,32,middle,True,True,0,20,40,"{""2"": 20}",0,20,0,20,129
results\d5_formal\raw_r1\boot_05\batch_20260919T143547.334993Z_42072d2a.json.gz,20260919T143547.334993Z_42072d2a,4,d3e31330-37b4-4c44-bd02-2615e3fcaaa1,d5_d3e31330-37b4-4c44-bd02-2615e3fcaaa1_8605_82ec4ddd,401,test:sham,normal,cpu,role_aggregate,20,128,32,middle,True,True,0,20,40,"{""2"": 20}",0,20,0,20,129
results\d5_formal\raw_r1\boot_05\batch_20260919T143555.621221Z_1bc14531.json.gz,20260919T143555.621221Z_1bc14531,4,d3e31330-37b4-4c44-bd02-2615e3fcaaa1,d5_d3e31330-37b4-4c44-bd02-2615e3fcaaa1_8605_82ec4ddd,402,test:sham,normal,cpu,role_aggregate,20,128,32,middle,True,True,0,20,40,"{""2"": 20}",0,20,0,20,129
results\d5_formal\raw_r1\boot_05\batch_20260919T143603.825996Z_cfb3a0b1.json.gz,20260919T143603.825996Z_cfb3a0b1,4,d3e31330-37b4-4c44-bd02-2615e3fcaaa1,d5_d3e31330-37b4-4c44-bd02-2615e3fcaaa1_8605_82ec4ddd,403,test:sham,normal,cpu,role_aggregate,20,128,32,middle,True,True,0,20,40,"{""2"": 20}",0,20,0,20,129
results\d5_formal\raw_r1\boot_05\batch_20260919T143612.330373Z_497fc4f2.json.gz,20260919T143612.330373Z_497fc4f2,4,d3e31330-37b4-4c44-bd02-2615e3fcaaa1,d5_d3e31330-37b4-4c44-bd02-2615e3fcaaa1_8605_82ec4ddd,404,test:sham,normal,cpu,role_aggregate,20,128,32,middle,True,True,0,20,40,"{""2"": 20}",0,20,0,20,129
results\d5_formal\raw_r1\boot_05\batch_20260919T143620.798807Z_b5f6358d.json.gz,20260919T143620.798807Z_b5f6358d,4,d3e31330-37b4-4c44-bd02-2615e3fcaaa1,d5_d3e31330-37b4-4c44-bd02-2615e3fcaaa1_8605_82ec4ddd,405,test:sham,normal,cpu,role_aggregate,20,128,32,middle,True,True,0,20,40,"{""2"": 20}",0,20,0,20,129
results\d5_formal\raw_r1\boot_05\batch_20260919T143629.097257Z_70dacb48.json.gz,20260919T143629.097257Z_70dacb48,4,d3e31330-37b4-4c44-bd02-2615e3fcaaa1,d5_d3e31330-37b4-4c44-bd02-2615e3fcaaa1_8605_82ec4ddd,406,test:sham,normal,cpu,role_aggregate,20,128,32,middle,True,True,0,20,40,"{""2"": 20}",0,20,0,20,129
results\d5_formal\raw_r1\boot_05\batch_20260919T143637.473401Z_0e2cc0ab.json.gz,20260919T143637.473401Z_0e2cc0ab,4,d3e31330-37b4-4c44-bd02-2615e3fcaaa1,d5_d3e31330-37b4-4c44-bd02-2615e3fcaaa1_8605_82ec4ddd,407,test:sham,normal,cpu,role_aggregate,20,128,32,middle,True,True,0,20,40,"{""2"": 20}",0,20,0,20,129
