path,batch_id,schema_version,boot_id,campaign_id,campaign_position,campaign_phase,label,condition,probe_profile,iterations,visible_cardinality,filename_length,hidden_slot,valid,exact_output_pass,lost_events,iterate_pid_count,iterate_calls,iterate_call_count_distribution,pids_one_call,pids_two_calls,pids_other_calls,hidden_visible_iterations,normal_hidden_observed_index
results\d4_stable\blocks_development_r4\batch_20260919T092638.955423Z_c3289ddd.json.gz,20260919T092638.955423Z_c3289ddd,4,382e110e-9e87-4f22-bd54-d79192f535ab,d4stable_382e110e-9e87-4f22-bd54-d79192f535ab_7604_f49deef9,0,calibration:sham,normal,baseline,role_aggregate,10,128,32,middle,True,True,0,10,20,"{""2"": 10}",0,10,0,10,129
results\d4_stable\blocks_development_r4\batch_20260919T092647.133144Z_c8d24333.json.gz,20260919T092647.133144Z_c8d24333,4,382e110e-9e87-4f22-bd54-d79192f535ab,d4stable_382e110e-9e87-4f22-bd54-d79192f535ab_7604_f49deef9,1,calibration:unloaded,normal,cpu,role_aggregate,10,128,32,middle,True,True,0,10,20,"{""2"": 10}",0,10,0,10,129
results\d4_stable\blocks_development_r4\batch_20260919T092655.167950Z_24aca65c.json.gz,20260919T092655.167950Z_24aca65c,4,382e110e-9e87-4f22-bd54-d79192f535ab,d4stable_382e110e-9e87-4f22-bd54-d79192f535ab_7604_f49deef9,2,calibration:unloaded,normal,cpu,role_aggregate,10,128,32,middle,True,True,0,10,20,"{""2"": 10}",0,10,0,10,129
results\d4_stable\blocks_development_r4\batch_20260919T092657.153358Z_1504f715.json.gz,20260919T092657.153358Z_1504f715,4,382e110e-9e87-4f22-bd54-d79192f535ab,d4stable_382e110e-9e87-4f22-bd54-d79192f535ab_7604_f49deef9,3,calibration:unloaded,normal,baseline,role_aggregate,10,128,32,middle,True,True,0,10,20,"{""2"": 10}",0,10,0,10,129
results\d4_stable\blocks_development_r4\batch_20260919T092659.174733Z_6c8c0597.json.gz,20260919T092659.174733Z_6c8c0597,4,382e110e-9e87-4f22-bd54-d79192f535ab,d4stable_382e110e-9e87-4f22-bd54-d79192f535ab_7604_f49deef9,4,calibration:unloaded,normal,baseline,role_aggregate,10,128,32,middle,True,True,0,10,20,"{""2"": 10}",0,10,0,10,129
results\d4_stable\blocks_development_r4\batch_20260919T092707.201196Z_01a8c093.json.gz,20260919T092707.201196Z_01a8c093,4,382e110e-9e87-4f22-bd54-d79192f535ab,d4stable_382e110e-9e87-4f22-bd54-d79192f535ab_7604_f49deef9,5,calibration:unloaded,normal,cpu,role_aggregate,10,128,32,middle,True,True,0,10,20,"{""2"": 10}",0,10,0,10,129
results\d4_stable\blocks_development_r4\batch_20260919T092715.242148Z_f6d4b70d.json.gz,20260919T092715.242148Z_f6d4b70d,4,382e110e-9e87-4f22-bd54-d79192f535ab,d4stable_382e110e-9e87-4f22-bd54-d79192f535ab_7604_f49deef9,6,calibration:unloaded,normal,cpu,role_aggregate,10,128,32,middle,True,True,0,10,20,"{""2"": 10}",0,10,0,10,129
results\d4_stable\blocks_development_r4\batch_20260919T092723.329205Z_77e45984.json.gz,20260919T092723.329205Z_77e45984,4,382e110e-9e87-4f22-bd54-d79192f535ab,d4stable_382e110e-9e87-4f22-bd54-d79192f535ab_7604_f49deef9,7,calibration:sham,normal,cpu,role_aggregate,10,128,32,middle,True,True,0,10,20,"{""2"": 10}",0,10,0,10,129
results\d4_stable\blocks_development_r4\batch_20260919T092731.504132Z_d4c83293.json.gz,20260919T092731.504132Z_d4c83293,4,382e110e-9e87-4f22-bd54-d79192f535ab,d4stable_382e110e-9e87-4f22-bd54-d79192f535ab_7604_f49deef9,8,calibration:sham,normal,cpu,role_aggregate,10,128,32,middle,True,True,0,10,20,"{""2"": 10}",0,10,0,10,129
results\d4_stable\blocks_development_r4\batch_20260919T092733.484718Z_2e6def1c.json.gz,20260919T092733.484718Z_2e6def1c,4,382e110e-9e87-4f22-bd54-d79192f535ab,d4stable_382e110e-9e87-4f22-bd54-d79192f535ab_7604_f49deef9,9,calibration:unloaded,normal,baseline,role_aggregate,10,128,32,middle,True,True,0,10,20,"{""2"": 10}",0,10,0,10,129
results\d4_stable\blocks_development_r4\batch_20260919T092735.466926Z_75fdfabc.json.gz,20260919T092735.466926Z_75fdfabc,4,382e110e-9e87-4f22-bd54-d79192f535ab,d4stable_382e110e-9e87-4f22-bd54-d79192f535ab_7604_f49deef9,10,calibration:sham,normal,baseline,role_aggregate,10,128,32,middle,True,True,0,10,20,"{""2"": 10}",0,10,0,10,129
results\d4_stable\blocks_development_r4\batch_20260919T092743.617928Z_1b6e4370.json.gz,20260919T092743.617928Z_1b6e4370,4,382e110e-9e87-4f22-bd54-d79192f535ab,d4stable_382e110e-9e87-4f22-bd54-d79192f535ab_7604_f49deef9,11,calibration:sham,normal,cpu,role_aggregate,10,128,32,middle,True,True,0,10,20,"{""2"": 10}",0,10,0,10,129
results\d4_stable\blocks_development_r4\batch_20260919T092745.529656Z_48f6774a.json.gz,20260919T092745.529656Z_48f6774a,4,382e110e-9e87-4f22-bd54-d79192f535ab,d4stable_382e110e-9e87-4f22-bd54-d79192f535ab_7604_f49deef9,12,calibration:unloaded,normal,baseline,role_aggregate,10,128,32,middle,True,True,0,10,20,"{""2"": 10}",0,10,0,10,129
results\d4_stable\blocks_development_r4\batch_20260919T092753.529209Z_28d9107b.json.gz,20260919T092753.529209Z_28d9107b,4,382e110e-9e87-4f22-bd54-d79192f535ab,d4stable_382e110e-9e87-4f22-bd54-d79192f535ab_7604_f49deef9,13,calibration:sham,normal,cpu,role_aggregate,10,128,32,middle,True,True,0,10,20,"{""2"": 10}",0,10,0,10,129
results\d4_stable\blocks_development_r4\batch_20260919T092801.503026Z_321b8c04.json.gz,20260919T092801.503026Z_321b8c04,4,382e110e-9e87-4f22-bd54-d79192f535ab,d4stable_382e110e-9e87-4f22-bd54-d79192f535ab_7604_f49deef9,14,calibration:unloaded,normal,cpu,role_aggregate,10,128,32,middle,True,True,0,10,20,"{""2"": 10}",0,10,0,10,129
results\d4_stable\blocks_development_r4\batch_20260919T092809.451601Z_0d9b6907.json.gz,20260919T092809.451601Z_0d9b6907,4,382e110e-9e87-4f22-bd54-d79192f535ab,d4stable_382e110e-9e87-4f22-bd54-d79192f535ab_7604_f49deef9,15,calibration:sham,normal,cpu,role_aggregate,10,128,32,middle,True,True,0,10,20,"{""2"": 10}",0,10,0,10,129
results\d4_stable\blocks_development_r4\batch_20260919T092811.374969Z_c1682635.json.gz,20260919T092811.374969Z_c1682635,4,382e110e-9e87-4f22-bd54-d79192f535ab,d4stable_382e110e-9e87-4f22-bd54-d79192f535ab_7604_f49deef9,16,calibration:sham,normal,baseline,role_aggregate,10,128,32,middle,True,True,0,10,20,"{""2"": 10}",0,10,0,10,129
results\d4_stable\blocks_development_r4\batch_20260919T092819.386955Z_e57fb925.json.gz,20260919T092819.386955Z_e57fb925,4,382e110e-9e87-4f22-bd54-d79192f535ab,d4stable_382e110e-9e87-4f22-bd54-d79192f535ab_7604_f49deef9,17,calibration:sham,normal,cpu,role_aggregate,10,128,32,middle,True,True,0,10,20,"{""2"": 10}",0,10,0,10,129
results\d4_stable\blocks_development_r4\batch_20260919T092821.265121Z_05b4e1c3.json.gz,20260919T092821.265121Z_05b4e1c3,4,382e110e-9e87-4f22-bd54-d79192f535ab,d4stable_382e110e-9e87-4f22-bd54-d79192f535ab_7604_f49deef9,18,calibration:unloaded,normal,baseline,role_aggregate,10,128,32,middle,True,True,0,10,20,"{""2"": 10}",0,10,0,10,129
results\d4_stable\blocks_development_r4\batch_20260919T092823.160158Z_09648e83.json.gz,20260919T092823.160158Z_09648e83,4,382e110e-9e87-4f22-bd54-d79192f535ab,d4stable_382e110e-9e87-4f22-bd54-d79192f535ab_7604_f49deef9,19,calibration:unloaded,normal,baseline,role_aggregate,10,128,32,middle,True,True,0,10,20,"{""2"": 10}",0,10,0,10,129
results\d4_stable\blocks_development_r4\batch_20260919T092825.062384Z_603ef342.json.gz,20260919T092825.062384Z_603ef342,4,382e110e-9e87-4f22-bd54-d79192f535ab,d4stable_382e110e-9e87-4f22-bd54-d79192f535ab_7604_f49deef9,20,calibration:sham,normal,baseline,role_aggregate,10,128,32,middle,True,True,0,10,20,"{""2"": 10}",0,10,0,10,129
results\d4_stable\blocks_development_r4\batch_20260919T092833.038000Z_57113810.json.gz,20260919T092833.038000Z_57113810,4,382e110e-9e87-4f22-bd54-d79192f535ab,d4stable_382e110e-9e87-4f22-bd54-d79192f535ab_7604_f49deef9,21,calibration:unloaded,normal,cpu,role_aggregate,10,128,32,middle,True,True,0,10,20,"{""2"": 10}",0,10,0,10,129
results\d4_stable\blocks_development_r4\batch_20260919T092841.002068Z_4c995a04.json.gz,20260919T092841.002068Z_4c995a04,4,382e110e-9e87-4f22-bd54-d79192f535ab,d4stable_382e110e-9e87-4f22-bd54-d79192f535ab_7604_f49deef9,22,calibration:sham,normal,cpu,role_aggregate,10,128,32,middle,True,True,0,10,20,"{""2"": 10}",0,10,0,10,129
results\d4_stable\blocks_development_r4\batch_20260919T092849.015816Z_bb568cce.json.gz,20260919T092849.015816Z_bb568cce,4,382e110e-9e87-4f22-bd54-d79192f535ab,d4stable_382e110e-9e87-4f22-bd54-d79192f535ab_7604_f49deef9,23,calibration:sham,normal,cpu,role_aggregate,10,128,32,middle,True,True,0,10,20,"{""2"": 10}",0,10,0,10,129
results\d4_stable\blocks_development_r4\batch_20260919T092851.176796Z_4eb470b1.json.gz,20260919T092851.176796Z_4eb470b1,4,382e110e-9e87-4f22-bd54-d79192f535ab,d4stable_382e110e-9e87-4f22-bd54-d79192f535ab_7604_f49deef9,24,calibration:sham,normal,baseline,role_aggregate,10,128,32,middle,True,True,0,10,20,"{""2"": 10}",0,10,0,10,129
results\d4_stable\blocks_development_r4\batch_20260919T092853.290625Z_b34b59ff.json.gz,20260919T092853.290625Z_b34b59ff,4,382e110e-9e87-4f22-bd54-d79192f535ab,d4stable_382e110e-9e87-4f22-bd54-d79192f535ab_7604_f49deef9,25,calibration:unloaded,normal,baseline,role_aggregate,10,128,32,middle,True,True,0,10,20,"{""2"": 10}",0,10,0,10,129
results\d4_stable\blocks_development_r4\batch_20260919T092855.353815Z_a0f9a2ad.json.gz,20260919T092855.353815Z_a0f9a2ad,4,382e110e-9e87-4f22-bd54-d79192f535ab,d4stable_382e110e-9e87-4f22-bd54-d79192f535ab_7604_f49deef9,26,calibration:sham,normal,baseline,role_aggregate,10,128,32,middle,True,True,0,10,20,"{""2"": 10}",0,10,0,10,129
results\d4_stable\blocks_development_r4\batch_20260919T092903.531775Z_498f13a7.json.gz,20260919T092903.531775Z_498f13a7,4,382e110e-9e87-4f22-bd54-d79192f535ab,d4stable_382e110e-9e87-4f22-bd54-d79192f535ab_7604_f49deef9,27,calibration:unloaded,normal,cpu,role_aggregate,10,128,32,middle,True,True,0,10,20,"{""2"": 10}",0,10,0,10,129
results\d4_stable\blocks_development_r4\batch_20260919T092911.687388Z_ecc5579d.json.gz,20260919T092911.687388Z_ecc5579d,4,382e110e-9e87-4f22-bd54-d79192f535ab,d4stable_382e110e-9e87-4f22-bd54-d79192f535ab_7604_f49deef9,28,calibration:unloaded,normal,cpu,role_aggregate,10,128,32,middle,True,True,0,10,20,"{""2"": 10}",0,10,0,10,129
results\d4_stable\blocks_development_r4\batch_20260919T092913.796542Z_87e79ec6.json.gz,20260919T092913.796542Z_87e79ec6,4,382e110e-9e87-4f22-bd54-d79192f535ab,d4stable_382e110e-9e87-4f22-bd54-d79192f535ab_7604_f49deef9,29,calibration:unloaded,normal,baseline,role_aggregate,10,128,32,middle,True,True,0,10,20,"{""2"": 10}",0,10,0,10,129
results\d4_stable\blocks_development_r4\batch_20260919T092921.943872Z_08dc284c.json.gz,20260919T092921.943872Z_08dc284c,4,382e110e-9e87-4f22-bd54-d79192f535ab,d4stable_382e110e-9e87-4f22-bd54-d79192f535ab_7604_f49deef9,30,calibration:unloaded,normal,cpu,role_aggregate,10,128,32,middle,True,True,0,10,20,"{""2"": 10}",0,10,0,10,129
results\d4_stable\blocks_development_r4\batch_20260919T092930.128896Z_bb6513fd.json.gz,20260919T092930.128896Z_bb6513fd,4,382e110e-9e87-4f22-bd54-d79192f535ab,d4stable_382e110e-9e87-4f22-bd54-d79192f535ab_7604_f49deef9,31,calibration:sham,normal,cpu,role_aggregate,10,128,32,middle,True,True,0,10,20,"{""2"": 10}",0,10,0,10,129
results\d4_stable\blocks_development_r4\batch_20260919T092938.262235Z_67fb8d21.json.gz,20260919T092938.262235Z_67fb8d21,4,382e110e-9e87-4f22-bd54-d79192f535ab,d4stable_382e110e-9e87-4f22-bd54-d79192f535ab_7604_f49deef9,32,calibration:unloaded,normal,cpu,role_aggregate,10,128,32,middle,True,True,0,10,20,"{""2"": 10}",0,10,0,10,129
results\d4_stable\blocks_development_r4\batch_20260919T092940.368157Z_1aa09843.json.gz,20260919T092940.368157Z_1aa09843,4,382e110e-9e87-4f22-bd54-d79192f535ab,d4stable_382e110e-9e87-4f22-bd54-d79192f535ab_7604_f49deef9,33,calibration:sham,normal,baseline,role_aggregate,10,128,32,middle,True,True,0,10,20,"{""2"": 10}",0,10,0,10,129
results\d4_stable\blocks_development_r4\batch_20260919T092942.436997Z_9070a1c7.json.gz,20260919T092942.436997Z_9070a1c7,4,382e110e-9e87-4f22-bd54-d79192f535ab,d4stable_382e110e-9e87-4f22-bd54-d79192f535ab_7604_f49deef9,34,calibration:unloaded,normal,baseline,role_aggregate,10,128,32,middle,True,True,0,10,20,"{""2"": 10}",0,10,0,10,129
results\d4_stable\blocks_development_r4\batch_20260919T092950.643487Z_fb1d62e9.json.gz,20260919T092950.643487Z_fb1d62e9,4,382e110e-9e87-4f22-bd54-d79192f535ab,d4stable_382e110e-9e87-4f22-bd54-d79192f535ab_7604_f49deef9,35,calibration:unloaded,normal,cpu,role_aggregate,10,128,32,middle,True,True,0,10,20,"{""2"": 10}",0,10,0,10,129
results\d4_stable\blocks_development_r4\batch_20260919T092958.822029Z_fbe3cbd3.json.gz,20260919T092958.822029Z_fbe3cbd3,4,382e110e-9e87-4f22-bd54-d79192f535ab,d4stable_382e110e-9e87-4f22-bd54-d79192f535ab_7604_f49deef9,36,calibration:sham,normal,cpu,role_aggregate,10,128,32,middle,True,True,0,10,20,"{""2"": 10}",0,10,0,10,129
results\d4_stable\blocks_development_r4\batch_20260919T093006.991065Z_738c67aa.json.gz,20260919T093006.991065Z_738c67aa,4,382e110e-9e87-4f22-bd54-d79192f535ab,d4stable_382e110e-9e87-4f22-bd54-d79192f535ab_7604_f49deef9,37,calibration:sham,normal,cpu,role_aggregate,10,128,32,middle,True,True,0,10,20,"{""2"": 10}",0,10,0,10,129
results\d4_stable\blocks_development_r4\batch_20260919T093009.166472Z_1dd1e51a.json.gz,20260919T093009.166472Z_1dd1e51a,4,382e110e-9e87-4f22-bd54-d79192f535ab,d4stable_382e110e-9e87-4f22-bd54-d79192f535ab_7604_f49deef9,38,calibration:sham,normal,baseline,role_aggregate,10,128,32,middle,True,True,0,10,20,"{""2"": 10}",0,10,0,10,129
results\d4_stable\blocks_development_r4\batch_20260919T093011.311776Z_bd0e542d.json.gz,20260919T093011.311776Z_bd0e542d,4,382e110e-9e87-4f22-bd54-d79192f535ab,d4stable_382e110e-9e87-4f22-bd54-d79192f535ab_7604_f49deef9,39,calibration:unloaded,normal,baseline,role_aggregate,10,128,32,middle,True,True,0,10,20,"{""2"": 10}",0,10,0,10,129
results\d4_stable\blocks_development_r4\batch_20260919T093013.365767Z_f755daa0.json.gz,20260919T093013.365767Z_f755daa0,4,382e110e-9e87-4f22-bd54-d79192f535ab,d4stable_382e110e-9e87-4f22-bd54-d79192f535ab_7604_f49deef9,40,calibration:sham,normal,baseline,role_aggregate,10,128,32,middle,True,True,0,10,20,"{""2"": 10}",0,10,0,10,129
results\d4_stable\blocks_development_r4\batch_20260919T093021.523822Z_6405dedf.json.gz,20260919T093021.523822Z_6405dedf,4,382e110e-9e87-4f22-bd54-d79192f535ab,d4stable_382e110e-9e87-4f22-bd54-d79192f535ab_7604_f49deef9,41,calibration:unloaded,normal,cpu,role_aggregate,10,128,32,middle,True,True,0,10,20,"{""2"": 10}",0,10,0,10,129
results\d4_stable\blocks_development_r4\batch_20260919T093023.698959Z_a21a5548.json.gz,20260919T093023.698959Z_a21a5548,4,382e110e-9e87-4f22-bd54-d79192f535ab,d4stable_382e110e-9e87-4f22-bd54-d79192f535ab_7604_f49deef9,42,calibration:sham,normal,baseline,role_aggregate,10,128,32,middle,True,True,0,10,20,"{""2"": 10}",0,10,0,10,129
results\d4_stable\blocks_development_r4\batch_20260919T093025.756639Z_61803e0d.json.gz,20260919T093025.756639Z_61803e0d,4,382e110e-9e87-4f22-bd54-d79192f535ab,d4stable_382e110e-9e87-4f22-bd54-d79192f535ab_7604_f49deef9,43,calibration:sham,normal,baseline,role_aggregate,10,128,32,middle,True,True,0,10,20,"{""2"": 10}",0,10,0,10,129
results\d4_stable\blocks_development_r4\batch_20260919T093027.897134Z_28ec9020.json.gz,20260919T093027.897134Z_28ec9020,4,382e110e-9e87-4f22-bd54-d79192f535ab,d4stable_382e110e-9e87-4f22-bd54-d79192f535ab_7604_f49deef9,44,calibration:sham,normal,baseline,role_aggregate,10,128,32,middle,True,True,0,10,20,"{""2"": 10}",0,10,0,10,129
results\d4_stable\blocks_development_r4\batch_20260919T093029.997700Z_a445f999.json.gz,20260919T093029.997700Z_a445f999,4,382e110e-9e87-4f22-bd54-d79192f535ab,d4stable_382e110e-9e87-4f22-bd54-d79192f535ab_7604_f49deef9,45,calibration:sham,normal,baseline,role_aggregate,10,128,32,middle,True,True,0,10,20,"{""2"": 10}",0,10,0,10,129
results\d4_stable\blocks_development_r4\batch_20260919T093038.058785Z_166855ba.json.gz,20260919T093038.058785Z_166855ba,4,382e110e-9e87-4f22-bd54-d79192f535ab,d4stable_382e110e-9e87-4f22-bd54-d79192f535ab_7604_f49deef9,46,calibration:sham,normal,cpu,role_aggregate,10,128,32,middle,True,True,0,10,20,"{""2"": 10}",0,10,0,10,129
results\d4_stable\blocks_development_r4\batch_20260919T093040.135897Z_b2082bb3.json.gz,20260919T093040.135897Z_b2082bb3,4,382e110e-9e87-4f22-bd54-d79192f535ab,d4stable_382e110e-9e87-4f22-bd54-d79192f535ab_7604_f49deef9,47,calibration:sham,normal,baseline,role_aggregate,10,128,32,middle,True,True,0,10,20,"{""2"": 10}",0,10,0,10,129
results\d4_stable\blocks_development_r4\batch_20260919T093048.260868Z_a3c95cc5.json.gz,20260919T093048.260868Z_a3c95cc5,4,382e110e-9e87-4f22-bd54-d79192f535ab,d4stable_382e110e-9e87-4f22-bd54-d79192f535ab_7604_f49deef9,48,calibration:unloaded,normal,cpu,role_aggregate,10,128,32,middle,True,True,0,10,20,"{""2"": 10}",0,10,0,10,129
results\d4_stable\blocks_development_r4\batch_20260919T093056.336958Z_70a75440.json.gz,20260919T093056.336958Z_70a75440,4,382e110e-9e87-4f22-bd54-d79192f535ab,d4stable_382e110e-9e87-4f22-bd54-d79192f535ab_7604_f49deef9,49,calibration:sham,normal,cpu,role_aggregate,10,128,32,middle,True,True,0,10,20,"{""2"": 10}",0,10,0,10,129
results\d4_stable\blocks_development_r4\batch_20260919T093104.479729Z_d0236751.json.gz,20260919T093104.479729Z_d0236751,4,382e110e-9e87-4f22-bd54-d79192f535ab,d4stable_382e110e-9e87-4f22-bd54-d79192f535ab_7604_f49deef9,50,calibration:unloaded,normal,cpu,role_aggregate,10,128,32,middle,True,True,0,10,20,"{""2"": 10}",0,10,0,10,129
results\d4_stable\blocks_development_r4\batch_20260919T093112.584998Z_4497bfb2.json.gz,20260919T093112.584998Z_4497bfb2,4,382e110e-9e87-4f22-bd54-d79192f535ab,d4stable_382e110e-9e87-4f22-bd54-d79192f535ab_7604_f49deef9,51,calibration:sham,normal,cpu,role_aggregate,10,128,32,middle,True,True,0,10,20,"{""2"": 10}",0,10,0,10,129
results\d4_stable\blocks_development_r4\batch_20260919T093120.831977Z_60312edf.json.gz,20260919T093120.831977Z_60312edf,4,382e110e-9e87-4f22-bd54-d79192f535ab,d4stable_382e110e-9e87-4f22-bd54-d79192f535ab_7604_f49deef9,52,calibration:sham,normal,cpu,role_aggregate,10,128,32,middle,True,True,0,10,20,"{""2"": 10}",0,10,0,10,129
results\d4_stable\blocks_development_r4\batch_20260919T093129.268164Z_6e646906.json.gz,20260919T093129.268164Z_6e646906,4,382e110e-9e87-4f22-bd54-d79192f535ab,d4stable_382e110e-9e87-4f22-bd54-d79192f535ab_7604_f49deef9,53,calibration:unloaded,normal,cpu,role_aggregate,10,128,32,middle,True,True,0,10,20,"{""2"": 10}",0,10,0,10,129
results\d4_stable\blocks_development_r4\batch_20260919T093131.143161Z_00519926.json.gz,20260919T093131.143161Z_00519926,4,382e110e-9e87-4f22-bd54-d79192f535ab,d4stable_382e110e-9e87-4f22-bd54-d79192f535ab_7604_f49deef9,54,calibration:sham,normal,baseline,role_aggregate,10,128,32,middle,True,True,0,10,20,"{""2"": 10}",0,10,0,10,129
results\d4_stable\blocks_development_r4\batch_20260919T093139.184792Z_c00b4d7b.json.gz,20260919T093139.184792Z_c00b4d7b,4,382e110e-9e87-4f22-bd54-d79192f535ab,d4stable_382e110e-9e87-4f22-bd54-d79192f535ab_7604_f49deef9,55,calibration:sham,normal,cpu,role_aggregate,10,128,32,middle,True,True,0,10,20,"{""2"": 10}",0,10,0,10,129
results\d4_stable\blocks_development_r4\batch_20260919T093141.142260Z_82d9ae5b.json.gz,20260919T093141.142260Z_82d9ae5b,4,382e110e-9e87-4f22-bd54-d79192f535ab,d4stable_382e110e-9e87-4f22-bd54-d79192f535ab_7604_f49deef9,56,calibration:sham,normal,baseline,role_aggregate,10,128,32,middle,True,True,0,10,20,"{""2"": 10}",0,10,0,10,129
results\d4_stable\blocks_development_r4\batch_20260919T093149.118906Z_a7672c73.json.gz,20260919T093149.118906Z_a7672c73,4,382e110e-9e87-4f22-bd54-d79192f535ab,d4stable_382e110e-9e87-4f22-bd54-d79192f535ab_7604_f49deef9,57,calibration:unloaded,normal,cpu,role_aggregate,10,128,32,middle,True,True,0,10,20,"{""2"": 10}",0,10,0,10,129
results\d4_stable\blocks_development_r4\batch_20260919T093150.969072Z_1648d005.json.gz,20260919T093150.969072Z_1648d005,4,382e110e-9e87-4f22-bd54-d79192f535ab,d4stable_382e110e-9e87-4f22-bd54-d79192f535ab_7604_f49deef9,58,calibration:unloaded,normal,baseline,role_aggregate,10,128,32,middle,True,True,0,10,20,"{""2"": 10}",0,10,0,10,129
results\d4_stable\blocks_development_r4\batch_20260919T093152.851306Z_c0eb5a39.json.gz,20260919T093152.851306Z_c0eb5a39,4,382e110e-9e87-4f22-bd54-d79192f535ab,d4stable_382e110e-9e87-4f22-bd54-d79192f535ab_7604_f49deef9,59,calibration:unloaded,normal,baseline,role_aggregate,10,128,32,middle,True,True,0,10,20,"{""2"": 10}",0,10,0,10,129
results\d4_stable\blocks_development_r4\batch_20260919T093154.764606Z_026709ee.json.gz,20260919T093154.764606Z_026709ee,4,382e110e-9e87-4f22-bd54-d79192f535ab,d4stable_382e110e-9e87-4f22-bd54-d79192f535ab_7604_f49deef9,60,calibration:sham,normal,baseline,role_aggregate,10,128,32,middle,True,True,0,10,20,"{""2"": 10}",0,10,0,10,129
results\d4_stable\blocks_development_r4\batch_20260919T093202.778853Z_38f00109.json.gz,20260919T093202.778853Z_38f00109,4,382e110e-9e87-4f22-bd54-d79192f535ab,d4stable_382e110e-9e87-4f22-bd54-d79192f535ab_7604_f49deef9,61,calibration:sham,normal,cpu,role_aggregate,10,128,32,middle,True,True,0,10,20,"{""2"": 10}",0,10,0,10,129
results\d4_stable\blocks_development_r4\batch_20260919T093204.687941Z_749addf9.json.gz,20260919T093204.687941Z_749addf9,4,382e110e-9e87-4f22-bd54-d79192f535ab,d4stable_382e110e-9e87-4f22-bd54-d79192f535ab_7604_f49deef9,62,calibration:sham,normal,baseline,role_aggregate,10,128,32,middle,True,True,0,10,20,"{""2"": 10}",0,10,0,10,129
results\d4_stable\blocks_development_r4\batch_20260919T093212.668887Z_4fa4cf85.json.gz,20260919T093212.668887Z_4fa4cf85,4,382e110e-9e87-4f22-bd54-d79192f535ab,d4stable_382e110e-9e87-4f22-bd54-d79192f535ab_7604_f49deef9,63,calibration:unloaded,normal,cpu,role_aggregate,10,128,32,middle,True,True,0,10,20,"{""2"": 10}",0,10,0,10,129
results\d4_stable\blocks_development_r4\batch_20260919T093214.551674Z_2007fa38.json.gz,20260919T093214.551674Z_2007fa38,4,382e110e-9e87-4f22-bd54-d79192f535ab,d4stable_382e110e-9e87-4f22-bd54-d79192f535ab_7604_f49deef9,64,calibration:sham,normal,baseline,role_aggregate,10,128,32,middle,True,True,0,10,20,"{""2"": 10}",0,10,0,10,129
results\d4_stable\blocks_development_r4\batch_20260919T093216.495755Z_d35b57d0.json.gz,20260919T093216.495755Z_d35b57d0,4,382e110e-9e87-4f22-bd54-d79192f535ab,d4stable_382e110e-9e87-4f22-bd54-d79192f535ab_7604_f49deef9,65,calibration:sham,normal,baseline,role_aggregate,10,128,32,middle,True,True,0,10,20,"{""2"": 10}",0,10,0,10,129
results\d4_stable\blocks_development_r4\batch_20260919T093218.420131Z_ffcd5aa6.json.gz,20260919T093218.420131Z_ffcd5aa6,4,382e110e-9e87-4f22-bd54-d79192f535ab,d4stable_382e110e-9e87-4f22-bd54-d79192f535ab_7604_f49deef9,66,calibration:unloaded,normal,baseline,role_aggregate,10,128,32,middle,True,True,0,10,20,"{""2"": 10}",0,10,0,10,129
results\d4_stable\blocks_development_r4\batch_20260919T093220.285754Z_081c08af.json.gz,20260919T093220.285754Z_081c08af,4,382e110e-9e87-4f22-bd54-d79192f535ab,d4stable_382e110e-9e87-4f22-bd54-d79192f535ab_7604_f49deef9,67,calibration:unloaded,normal,baseline,role_aggregate,10,128,32,middle,True,True,0,10,20,"{""2"": 10}",0,10,0,10,129
results\d4_stable\blocks_development_r4\batch_20260919T093222.155126Z_a82b56d9.json.gz,20260919T093222.155126Z_a82b56d9,4,382e110e-9e87-4f22-bd54-d79192f535ab,d4stable_382e110e-9e87-4f22-bd54-d79192f535ab_7604_f49deef9,68,calibration:unloaded,normal,baseline,role_aggregate,10,128,32,middle,True,True,0,10,20,"{""2"": 10}",0,10,0,10,129
results\d4_stable\blocks_development_r4\batch_20260919T093224.024123Z_f74f5aff.json.gz,20260919T093224.024123Z_f74f5aff,4,382e110e-9e87-4f22-bd54-d79192f535ab,d4stable_382e110e-9e87-4f22-bd54-d79192f535ab_7604_f49deef9,69,calibration:unloaded,normal,baseline,role_aggregate,10,128,32,middle,True,True,0,10,20,"{""2"": 10}",0,10,0,10,129
results\d4_stable\blocks_development_r4\batch_20260919T093225.919217Z_ef893227.json.gz,20260919T093225.919217Z_ef893227,4,382e110e-9e87-4f22-bd54-d79192f535ab,d4stable_382e110e-9e87-4f22-bd54-d79192f535ab_7604_f49deef9,70,calibration:unloaded,normal,baseline,role_aggregate,10,128,32,middle,True,True,0,10,20,"{""2"": 10}",0,10,0,10,129
results\d4_stable\blocks_development_r4\batch_20260919T093227.779869Z_322df6ba.json.gz,20260919T093227.779869Z_322df6ba,4,382e110e-9e87-4f22-bd54-d79192f535ab,d4stable_382e110e-9e87-4f22-bd54-d79192f535ab_7604_f49deef9,71,calibration:unloaded,normal,baseline,role_aggregate,10,128,32,middle,True,True,0,10,20,"{""2"": 10}",0,10,0,10,129
results\d4_stable\blocks_development_r4\batch_20260919T093235.757770Z_ce150028.json.gz,20260919T093235.757770Z_ce150028,4,382e110e-9e87-4f22-bd54-d79192f535ab,d4stable_382e110e-9e87-4f22-bd54-d79192f535ab_7604_f49deef9,72,calibration:sham,normal,cpu,role_aggregate,10,128,32,middle,True,True,0,10,20,"{""2"": 10}",0,10,0,10,129
results\d4_stable\blocks_development_r4\batch_20260919T093237.639909Z_14164fb4.json.gz,20260919T093237.639909Z_14164fb4,4,382e110e-9e87-4f22-bd54-d79192f535ab,d4stable_382e110e-9e87-4f22-bd54-d79192f535ab_7604_f49deef9,73,calibration:unloaded,normal,baseline,role_aggregate,10,128,32,middle,True,True,0,10,20,"{""2"": 10}",0,10,0,10,129
results\d4_stable\blocks_development_r4\batch_20260919T093245.593098Z_dcd5658e.json.gz,20260919T093245.593098Z_dcd5658e,4,382e110e-9e87-4f22-bd54-d79192f535ab,d4stable_382e110e-9e87-4f22-bd54-d79192f535ab_7604_f49deef9,74,calibration:unloaded,normal,cpu,role_aggregate,10,128,32,middle,True,True,0,10,20,"{""2"": 10}",0,10,0,10,129
results\d4_stable\blocks_development_r4\batch_20260919T093253.592468Z_444a5347.json.gz,20260919T093253.592468Z_444a5347,4,382e110e-9e87-4f22-bd54-d79192f535ab,d4stable_382e110e-9e87-4f22-bd54-d79192f535ab_7604_f49deef9,75,calibration:sham,normal,cpu,role_aggregate,10,128,32,middle,True,True,0,10,20,"{""2"": 10}",0,10,0,10,129
results\d4_stable\blocks_development_r4\batch_20260919T093255.499965Z_5281ff1b.json.gz,20260919T093255.499965Z_5281ff1b,4,382e110e-9e87-4f22-bd54-d79192f535ab,d4stable_382e110e-9e87-4f22-bd54-d79192f535ab_7604_f49deef9,76,calibration:unloaded,normal,baseline,role_aggregate,10,128,32,middle,True,True,0,10,20,"{""2"": 10}",0,10,0,10,129
results\d4_stable\blocks_development_r4\batch_20260919T093303.420397Z_dd2b78bd.json.gz,20260919T093303.420397Z_dd2b78bd,4,382e110e-9e87-4f22-bd54-d79192f535ab,d4stable_382e110e-9e87-4f22-bd54-d79192f535ab_7604_f49deef9,77,calibration:unloaded,normal,cpu,role_aggregate,10,128,32,middle,True,True,0,10,20,"{""2"": 10}",0,10,0,10,129
results\d4_stable\blocks_development_r4\batch_20260919T093311.352766Z_e1f9cc0d.json.gz,20260919T093311.352766Z_e1f9cc0d,4,382e110e-9e87-4f22-bd54-d79192f535ab,d4stable_382e110e-9e87-4f22-bd54-d79192f535ab_7604_f49deef9,78,calibration:unloaded,normal,cpu,role_aggregate,10,128,32,middle,True,True,0,10,20,"{""2"": 10}",0,10,0,10,129
results\d4_stable\blocks_development_r4\batch_20260919T093319.348095Z_8d5afa6c.json.gz,20260919T093319.348095Z_8d5afa6c,4,382e110e-9e87-4f22-bd54-d79192f535ab,d4stable_382e110e-9e87-4f22-bd54-d79192f535ab_7604_f49deef9,79,calibration:sham,normal,cpu,role_aggregate,10,128,32,middle,True,True,0,10,20,"{""2"": 10}",0,10,0,10,129
results\d4_stable\blocks_development_r4\batch_20260919T093321.284088Z_a8ccfe83.json.gz,20260919T093321.284088Z_a8ccfe83,4,382e110e-9e87-4f22-bd54-d79192f535ab,d4stable_382e110e-9e87-4f22-bd54-d79192f535ab_7604_f49deef9,80,test:unloaded,normal,baseline,role_aggregate,10,128,32,middle,True,True,0,10,20,"{""2"": 10}",0,10,0,10,129
results\d4_stable\blocks_development_r4\batch_20260919T093323.187580Z_04db5157.json.gz,20260919T093323.187580Z_04db5157,4,382e110e-9e87-4f22-bd54-d79192f535ab,d4stable_382e110e-9e87-4f22-bd54-d79192f535ab_7604_f49deef9,81,test:unloaded,normal,baseline,role_aggregate,10,128,32,middle,True,True,0,10,20,"{""2"": 10}",0,10,0,10,129
results\d4_stable\blocks_development_r4\batch_20260919T093325.069566Z_e65e71b2.json.gz,20260919T093325.069566Z_e65e71b2,4,382e110e-9e87-4f22-bd54-d79192f535ab,d4stable_382e110e-9e87-4f22-bd54-d79192f535ab_7604_f49deef9,82,test:unloaded,normal,baseline,role_aggregate,10,128,32,middle,True,True,0,10,20,"{""2"": 10}",0,10,0,10,129
results\d4_stable\blocks_development_r4\batch_20260919T093326.938934Z_4b2bbeee.json.gz,20260919T093326.938934Z_4b2bbeee,4,382e110e-9e87-4f22-bd54-d79192f535ab,d4stable_382e110e-9e87-4f22-bd54-d79192f535ab_7604_f49deef9,83,test:unloaded,normal,baseline,role_aggregate,10,128,32,middle,True,True,0,10,20,"{""2"": 10}",0,10,0,10,129
results\d4_stable\blocks_development_r4\batch_20260919T093328.836020Z_64b6b4ed.json.gz,20260919T093328.836020Z_64b6b4ed,4,382e110e-9e87-4f22-bd54-d79192f535ab,d4stable_382e110e-9e87-4f22-bd54-d79192f535ab_7604_f49deef9,84,test:unloaded,normal,baseline,role_aggregate,10,128,32,middle,True,True,0,10,20,"{""2"": 10}",0,10,0,10,129
results\d4_stable\blocks_development_r4\batch_20260919T093330.692090Z_1a452087.json.gz,20260919T093330.692090Z_1a452087,4,382e110e-9e87-4f22-bd54-d79192f535ab,d4stable_382e110e-9e87-4f22-bd54-d79192f535ab_7604_f49deef9,85,test:unloaded,normal,baseline,role_aggregate,10,128,32,middle,True,True,0,10,20,"{""2"": 10}",0,10,0,10,129
results\d4_stable\blocks_development_r4\batch_20260919T093332.583218Z_7dc05af7.json.gz,20260919T093332.583218Z_7dc05af7,4,382e110e-9e87-4f22-bd54-d79192f535ab,d4stable_382e110e-9e87-4f22-bd54-d79192f535ab_7604_f49deef9,86,test:unloaded,normal,baseline,role_aggregate,10,128,32,middle,True,True,0,10,20,"{""2"": 10}",0,10,0,10,129
results\d4_stable\blocks_development_r4\batch_20260919T093334.481061Z_bac56433.json.gz,20260919T093334.481061Z_bac56433,4,382e110e-9e87-4f22-bd54-d79192f535ab,d4stable_382e110e-9e87-4f22-bd54-d79192f535ab_7604_f49deef9,87,test:unloaded,normal,baseline,role_aggregate,10,128,32,middle,True,True,0,10,20,"{""2"": 10}",0,10,0,10,129
results\d4_stable\blocks_development_r4\batch_20260919T093336.359016Z_466119a8.json.gz,20260919T093336.359016Z_466119a8,4,382e110e-9e87-4f22-bd54-d79192f535ab,d4stable_382e110e-9e87-4f22-bd54-d79192f535ab_7604_f49deef9,88,test:unloaded,normal,baseline,role_aggregate,10,128,32,middle,True,True,0,10,20,"{""2"": 10}",0,10,0,10,129
results\d4_stable\blocks_development_r4\batch_20260919T093338.231016Z_53308775.json.gz,20260919T093338.231016Z_53308775,4,382e110e-9e87-4f22-bd54-d79192f535ab,d4stable_382e110e-9e87-4f22-bd54-d79192f535ab_7604_f49deef9,89,test:unloaded,normal,baseline,role_aggregate,10,128,32,middle,True,True,0,10,20,"{""2"": 10}",0,10,0,10,129
results\d4_stable\blocks_development_r4\batch_20260919T093340.142891Z_7f6f7041.json.gz,20260919T093340.142891Z_7f6f7041,4,382e110e-9e87-4f22-bd54-d79192f535ab,d4stable_382e110e-9e87-4f22-bd54-d79192f535ab_7604_f49deef9,90,test:unloaded,normal,baseline,role_aggregate,10,128,32,middle,True,True,0,10,20,"{""2"": 10}",0,10,0,10,129
results\d4_stable\blocks_development_r4\batch_20260919T093342.024647Z_623c9a63.json.gz,20260919T093342.024647Z_623c9a63,4,382e110e-9e87-4f22-bd54-d79192f535ab,d4stable_382e110e-9e87-4f22-bd54-d79192f535ab_7604_f49deef9,91,test:unloaded,normal,baseline,role_aggregate,10,128,32,middle,True,True,0,10,20,"{""2"": 10}",0,10,0,10,129
results\d4_stable\blocks_development_r4\batch_20260919T093343.926216Z_2d4ca578.json.gz,20260919T093343.926216Z_2d4ca578,4,382e110e-9e87-4f22-bd54-d79192f535ab,d4stable_382e110e-9e87-4f22-bd54-d79192f535ab_7604_f49deef9,92,test:unloaded,normal,baseline,role_aggregate,10,128,32,middle,True,True,0,10,20,"{""2"": 10}",0,10,0,10,129
results\d4_stable\blocks_development_r4\batch_20260919T093345.823807Z_00c84c42.json.gz,20260919T093345.823807Z_00c84c42,4,382e110e-9e87-4f22-bd54-d79192f535ab,d4stable_382e110e-9e87-4f22-bd54-d79192f535ab_7604_f49deef9,93,test:unloaded,normal,baseline,role_aggregate,10,128,32,middle,True,True,0,10,20,"{""2"": 10}",0,10,0,10,129
results\d4_stable\blocks_development_r4\batch_20260919T093347.755104Z_8ef03308.json.gz,20260919T093347.755104Z_8ef03308,4,382e110e-9e87-4f22-bd54-d79192f535ab,d4stable_382e110e-9e87-4f22-bd54-d79192f535ab_7604_f49deef9,94,test:unloaded,normal,baseline,role_aggregate,10,128,32,middle,True,True,0,10,20,"{""2"": 10}",0,10,0,10,129
results\d4_stable\blocks_development_r4\batch_20260919T093349.616599Z_3ca2024d.json.gz,20260919T093349.616599Z_3ca2024d,4,382e110e-9e87-4f22-bd54-d79192f535ab,d4stable_382e110e-9e87-4f22-bd54-d79192f535ab_7604_f49deef9,95,test:unloaded,normal,baseline,role_aggregate,10,128,32,middle,True,True,0,10,20,"{""2"": 10}",0,10,0,10,129
results\d4_stable\blocks_development_r4\batch_20260919T093351.488165Z_7cd776b2.json.gz,20260919T093351.488165Z_7cd776b2,4,382e110e-9e87-4f22-bd54-d79192f535ab,d4stable_382e110e-9e87-4f22-bd54-d79192f535ab_7604_f49deef9,96,test:unloaded,normal,baseline,role_aggregate,10,128,32,middle,True,True,0,10,20,"{""2"": 10}",0,10,0,10,129
results\d4_stable\blocks_development_r4\batch_20260919T093353.355383Z_0c3f5e52.json.gz,20260919T093353.355383Z_0c3f5e52,4,382e110e-9e87-4f22-bd54-d79192f535ab,d4stable_382e110e-9e87-4f22-bd54-d79192f535ab_7604_f49deef9,97,test:unloaded,normal,baseline,role_aggregate,10,128,32,middle,True,True,0,10,20,"{""2"": 10}",0,10,0,10,129
results\d4_stable\blocks_development_r4\batch_20260919T093355.230691Z_b5a3e4ba.json.gz,20260919T093355.230691Z_b5a3e4ba,4,382e110e-9e87-4f22-bd54-d79192f535ab,d4stable_382e110e-9e87-4f22-bd54-d79192f535ab_7604_f49deef9,98,test:unloaded,normal,baseline,role_aggregate,10,128,32,middle,True,True,0,10,20,"{""2"": 10}",0,10,0,10,129
results\d4_stable\blocks_development_r4\batch_20260919T093357.127927Z_ec448536.json.gz,20260919T093357.127927Z_ec448536,4,382e110e-9e87-4f22-bd54-d79192f535ab,d4stable_382e110e-9e87-4f22-bd54-d79192f535ab_7604_f49deef9,99,test:unloaded,normal,baseline,role_aggregate,10,128,32,middle,True,True,0,10,20,"{""2"": 10}",0,10,0,10,129
results\d4_stable\blocks_development_r4\batch_20260919T093358.992983Z_d090d49b.json.gz,20260919T093358.992983Z_d090d49b,4,382e110e-9e87-4f22-bd54-d79192f535ab,d4stable_382e110e-9e87-4f22-bd54-d79192f535ab_7604_f49deef9,100,test:unloaded,normal,baseline,role_aggregate,10,128,32,middle,True,True,0,10,20,"{""2"": 10}",0,10,0,10,129
results\d4_stable\blocks_development_r4\batch_20260919T093400.927365Z_a8fb57fe.json.gz,20260919T093400.927365Z_a8fb57fe,4,382e110e-9e87-4f22-bd54-d79192f535ab,d4stable_382e110e-9e87-4f22-bd54-d79192f535ab_7604_f49deef9,101,test:unloaded,normal,baseline,role_aggregate,10,128,32,middle,True,True,0,10,20,"{""2"": 10}",0,10,0,10,129
results\d4_stable\blocks_development_r4\batch_20260919T093402.794043Z_fdc195b0.json.gz,20260919T093402.794043Z_fdc195b0,4,382e110e-9e87-4f22-bd54-d79192f535ab,d4stable_382e110e-9e87-4f22-bd54-d79192f535ab_7604_f49deef9,102,test:unloaded,normal,baseline,role_aggregate,10,128,32,middle,True,True,0,10,20,"{""2"": 10}",0,10,0,10,129
results\d4_stable\blocks_development_r4\batch_20260919T093404.664965Z_57d15dde.json.gz,20260919T093404.664965Z_57d15dde,4,382e110e-9e87-4f22-bd54-d79192f535ab,d4stable_382e110e-9e87-4f22-bd54-d79192f535ab_7604_f49deef9,103,test:unloaded,normal,baseline,role_aggregate,10,128,32,middle,True,True,0,10,20,"{""2"": 10}",0,10,0,10,129
results\d4_stable\blocks_development_r4\batch_20260919T093406.531416Z_7c6bd3b2.json.gz,20260919T093406.531416Z_7c6bd3b2,4,382e110e-9e87-4f22-bd54-d79192f535ab,d4stable_382e110e-9e87-4f22-bd54-d79192f535ab_7604_f49deef9,104,test:unloaded,normal,baseline,role_aggregate,10,128,32,middle,True,True,0,10,20,"{""2"": 10}",0,10,0,10,129
results\d4_stable\blocks_development_r4\batch_20260919T093408.420062Z_69993992.json.gz,20260919T093408.420062Z_69993992,4,382e110e-9e87-4f22-bd54-d79192f535ab,d4stable_382e110e-9e87-4f22-bd54-d79192f535ab_7604_f49deef9,105,test:unloaded,normal,baseline,role_aggregate,10,128,32,middle,True,True,0,10,20,"{""2"": 10}",0,10,0,10,129
results\d4_stable\blocks_development_r4\batch_20260919T093410.270116Z_09aa74f7.json.gz,20260919T093410.270116Z_09aa74f7,4,382e110e-9e87-4f22-bd54-d79192f535ab,d4stable_382e110e-9e87-4f22-bd54-d79192f535ab_7604_f49deef9,106,test:unloaded,normal,baseline,role_aggregate,10,128,32,middle,True,True,0,10,20,"{""2"": 10}",0,10,0,10,129
results\d4_stable\blocks_development_r4\batch_20260919T093412.140994Z_faf4558b.json.gz,20260919T093412.140994Z_faf4558b,4,382e110e-9e87-4f22-bd54-d79192f535ab,d4stable_382e110e-9e87-4f22-bd54-d79192f535ab_7604_f49deef9,107,test:unloaded,normal,baseline,role_aggregate,10,128,32,middle,True,True,0,10,20,"{""2"": 10}",0,10,0,10,129
results\d4_stable\blocks_development_r4\batch_20260919T093414.004601Z_5b53647c.json.gz,20260919T093414.004601Z_5b53647c,4,382e110e-9e87-4f22-bd54-d79192f535ab,d4stable_382e110e-9e87-4f22-bd54-d79192f535ab_7604_f49deef9,108,test:unloaded,normal,baseline,role_aggregate,10,128,32,middle,True,True,0,10,20,"{""2"": 10}",0,10,0,10,129
results\d4_stable\blocks_development_r4\batch_20260919T093415.874598Z_9531ce0a.json.gz,20260919T093415.874598Z_9531ce0a,4,382e110e-9e87-4f22-bd54-d79192f535ab,d4stable_382e110e-9e87-4f22-bd54-d79192f535ab_7604_f49deef9,109,test:unloaded,normal,baseline,role_aggregate,10,128,32,middle,True,True,0,10,20,"{""2"": 10}",0,10,0,10,129
results\d4_stable\blocks_development_r4\batch_20260919T093423.818656Z_cf85ac8b.json.gz,20260919T093423.818656Z_cf85ac8b,4,382e110e-9e87-4f22-bd54-d79192f535ab,d4stable_382e110e-9e87-4f22-bd54-d79192f535ab_7604_f49deef9,110,test:unloaded,normal,cpu,role_aggregate,10,128,32,middle,True,True,0,10,20,"{""2"": 10}",0,10,0,10,129
results\d4_stable\blocks_development_r4\batch_20260919T093431.762656Z_a804f5dd.json.gz,20260919T093431.762656Z_a804f5dd,4,382e110e-9e87-4f22-bd54-d79192f535ab,d4stable_382e110e-9e87-4f22-bd54-d79192f535ab_7604_f49deef9,111,test:unloaded,normal,cpu,role_aggregate,10,128,32,middle,True,True,0,10,20,"{""2"": 10}",0,10,0,10,129
results\d4_stable\blocks_development_r4\batch_20260919T093439.878085Z_85e389c4.json.gz,20260919T093439.878085Z_85e389c4,4,382e110e-9e87-4f22-bd54-d79192f535ab,d4stable_382e110e-9e87-4f22-bd54-d79192f535ab_7604_f49deef9,112,test:unloaded,normal,cpu,role_aggregate,10,128,32,middle,True,True,0,10,20,"{""2"": 10}",0,10,0,10,129
results\d4_stable\blocks_development_r4\batch_20260919T093448.246755Z_2064429e.json.gz,20260919T093448.246755Z_2064429e,4,382e110e-9e87-4f22-bd54-d79192f535ab,d4stable_382e110e-9e87-4f22-bd54-d79192f535ab_7604_f49deef9,113,test:unloaded,normal,cpu,role_aggregate,10,128,32,middle,True,True,0,10,20,"{""2"": 10}",0,10,0,10,129
results\d4_stable\blocks_development_r4\batch_20260919T093456.468707Z_47b0e234.json.gz,20260919T093456.468707Z_47b0e234,4,382e110e-9e87-4f22-bd54-d79192f535ab,d4stable_382e110e-9e87-4f22-bd54-d79192f535ab_7604_f49deef9,114,test:unloaded,normal,cpu,role_aggregate,10,128,32,middle,True,True,0,10,20,"{""2"": 10}",0,10,0,10,129
results\d4_stable\blocks_development_r4\batch_20260919T093504.881914Z_c10f9932.json.gz,20260919T093504.881914Z_c10f9932,4,382e110e-9e87-4f22-bd54-d79192f535ab,d4stable_382e110e-9e87-4f22-bd54-d79192f535ab_7604_f49deef9,115,test:unloaded,normal,cpu,role_aggregate,10,128,32,middle,True,True,0,10,20,"{""2"": 10}",0,10,0,10,129
results\d4_stable\blocks_development_r4\batch_20260919T093513.062188Z_13b5664d.json.gz,20260919T093513.062188Z_13b5664d,4,382e110e-9e87-4f22-bd54-d79192f535ab,d4stable_382e110e-9e87-4f22-bd54-d79192f535ab_7604_f49deef9,116,test:unloaded,normal,cpu,role_aggregate,10,128,32,middle,True,True,0,10,20,"{""2"": 10}",0,10,0,10,129
results\d4_stable\blocks_development_r4\batch_20260919T093520.991917Z_9e510333.json.gz,20260919T093520.991917Z_9e510333,4,382e110e-9e87-4f22-bd54-d79192f535ab,d4stable_382e110e-9e87-4f22-bd54-d79192f535ab_7604_f49deef9,117,test:unloaded,normal,cpu,role_aggregate,10,128,32,middle,True,True,0,10,20,"{""2"": 10}",0,10,0,10,129
results\d4_stable\blocks_development_r4\batch_20260919T093528.524996Z_4dbff579.json.gz,20260919T093528.524996Z_4dbff579,4,382e110e-9e87-4f22-bd54-d79192f535ab,d4stable_382e110e-9e87-4f22-bd54-d79192f535ab_7604_f49deef9,118,test:unloaded,normal,cpu,role_aggregate,10,128,32,middle,True,True,0,10,20,"{""2"": 10}",0,10,0,10,129
results\d4_stable\blocks_development_r4\batch_20260919T093536.455390Z_9053a731.json.gz,20260919T093536.455390Z_9053a731,4,382e110e-9e87-4f22-bd54-d79192f535ab,d4stable_382e110e-9e87-4f22-bd54-d79192f535ab_7604_f49deef9,119,test:unloaded,normal,cpu,role_aggregate,10,128,32,middle,True,True,0,10,20,"{""2"": 10}",0,10,0,10,129
results\d4_stable\blocks_development_r4\batch_20260919T093544.386962Z_39dcc7c3.json.gz,20260919T093544.386962Z_39dcc7c3,4,382e110e-9e87-4f22-bd54-d79192f535ab,d4stable_382e110e-9e87-4f22-bd54-d79192f535ab_7604_f49deef9,120,test:unloaded,normal,cpu,role_aggregate,10,128,32,middle,True,True,0,10,20,"{""2"": 10}",0,10,0,10,129
results\d4_stable\blocks_development_r4\batch_20260919T093552.328813Z_f48f51e9.json.gz,20260919T093552.328813Z_f48f51e9,4,382e110e-9e87-4f22-bd54-d79192f535ab,d4stable_382e110e-9e87-4f22-bd54-d79192f535ab_7604_f49deef9,121,test:unloaded,normal,cpu,role_aggregate,10,128,32,middle,True,True,0,10,20,"{""2"": 10}",0,10,0,10,129
results\d4_stable\blocks_development_r4\batch_20260919T093600.291262Z_9a61ad48.json.gz,20260919T093600.291262Z_9a61ad48,4,382e110e-9e87-4f22-bd54-d79192f535ab,d4stable_382e110e-9e87-4f22-bd54-d79192f535ab_7604_f49deef9,122,test:unloaded,normal,cpu,role_aggregate,10,128,32,middle,True,True,0,10,20,"{""2"": 10}",0,10,0,10,129
results\d4_stable\blocks_development_r4\batch_20260919T093608.233104Z_e0381c7c.json.gz,20260919T093608.233104Z_e0381c7c,4,382e110e-9e87-4f22-bd54-d79192f535ab,d4stable_382e110e-9e87-4f22-bd54-d79192f535ab_7604_f49deef9,123,test:unloaded,normal,cpu,role_aggregate,10,128,32,middle,True,True,0,10,20,"{""2"": 10}",0,10,0,10,129
results\d4_stable\blocks_development_r4\batch_20260919T093616.144225Z_cc18901b.json.gz,20260919T093616.144225Z_cc18901b,4,382e110e-9e87-4f22-bd54-d79192f535ab,d4stable_382e110e-9e87-4f22-bd54-d79192f535ab_7604_f49deef9,124,test:unloaded,normal,cpu,role_aggregate,10,128,32,middle,True,True,0,10,20,"{""2"": 10}",0,10,0,10,129
results\d4_stable\blocks_development_r4\batch_20260919T093624.045978Z_7e71dfbb.json.gz,20260919T093624.045978Z_7e71dfbb,4,382e110e-9e87-4f22-bd54-d79192f535ab,d4stable_382e110e-9e87-4f22-bd54-d79192f535ab_7604_f49deef9,125,test:unloaded,normal,cpu,role_aggregate,10,128,32,middle,True,True,0,10,20,"{""2"": 10}",0,10,0,10,129
results\d4_stable\blocks_development_r4\batch_20260919T093631.960173Z_01f47474.json.gz,20260919T093631.960173Z_01f47474,4,382e110e-9e87-4f22-bd54-d79192f535ab,d4stable_382e110e-9e87-4f22-bd54-d79192f535ab_7604_f49deef9,126,test:unloaded,normal,cpu,role_aggregate,10,128,32,middle,True,True,0,10,20,"{""2"": 10}",0,10,0,10,129
results\d4_stable\blocks_development_r4\batch_20260919T093639.897151Z_ebc1d899.json.gz,20260919T093639.897151Z_ebc1d899,4,382e110e-9e87-4f22-bd54-d79192f535ab,d4stable_382e110e-9e87-4f22-bd54-d79192f535ab_7604_f49deef9,127,test:unloaded,normal,cpu,role_aggregate,10,128,32,middle,True,True,0,10,20,"{""2"": 10}",0,10,0,10,129
results\d4_stable\blocks_development_r4\batch_20260919T093647.785947Z_23316c23.json.gz,20260919T093647.785947Z_23316c23,4,382e110e-9e87-4f22-bd54-d79192f535ab,d4stable_382e110e-9e87-4f22-bd54-d79192f535ab_7604_f49deef9,128,test:unloaded,normal,cpu,role_aggregate,10,128,32,middle,True,True,0,10,20,"{""2"": 10}",0,10,0,10,129
results\d4_stable\blocks_development_r4\batch_20260919T093655.709665Z_f1a6442a.json.gz,20260919T093655.709665Z_f1a6442a,4,382e110e-9e87-4f22-bd54-d79192f535ab,d4stable_382e110e-9e87-4f22-bd54-d79192f535ab_7604_f49deef9,129,test:unloaded,normal,cpu,role_aggregate,10,128,32,middle,True,True,0,10,20,"{""2"": 10}",0,10,0,10,129
results\d4_stable\blocks_development_r4\batch_20260919T093703.655874Z_2326a23d.json.gz,20260919T093703.655874Z_2326a23d,4,382e110e-9e87-4f22-bd54-d79192f535ab,d4stable_382e110e-9e87-4f22-bd54-d79192f535ab_7604_f49deef9,130,test:unloaded,normal,cpu,role_aggregate,10,128,32,middle,True,True,0,10,20,"{""2"": 10}",0,10,0,10,129
results\d4_stable\blocks_development_r4\batch_20260919T093711.585445Z_e7d544f4.json.gz,20260919T093711.585445Z_e7d544f4,4,382e110e-9e87-4f22-bd54-d79192f535ab,d4stable_382e110e-9e87-4f22-bd54-d79192f535ab_7604_f49deef9,131,test:unloaded,normal,cpu,role_aggregate,10,128,32,middle,True,True,0,10,20,"{""2"": 10}",0,10,0,10,129
results\d4_stable\blocks_development_r4\batch_20260919T093719.548073Z_0360130c.json.gz,20260919T093719.548073Z_0360130c,4,382e110e-9e87-4f22-bd54-d79192f535ab,d4stable_382e110e-9e87-4f22-bd54-d79192f535ab_7604_f49deef9,132,test:unloaded,normal,cpu,role_aggregate,10,128,32,middle,True,True,0,10,20,"{""2"": 10}",0,10,0,10,129
results\d4_stable\blocks_development_r4\batch_20260919T093727.430474Z_f4395a11.json.gz,20260919T093727.430474Z_f4395a11,4,382e110e-9e87-4f22-bd54-d79192f535ab,d4stable_382e110e-9e87-4f22-bd54-d79192f535ab_7604_f49deef9,133,test:unloaded,normal,cpu,role_aggregate,10,128,32,middle,True,True,0,10,20,"{""2"": 10}",0,10,0,10,129
results\d4_stable\blocks_development_r4\batch_20260919T093735.366108Z_a9739a18.json.gz,20260919T093735.366108Z_a9739a18,4,382e110e-9e87-4f22-bd54-d79192f535ab,d4stable_382e110e-9e87-4f22-bd54-d79192f535ab_7604_f49deef9,134,test:unloaded,normal,cpu,role_aggregate,10,128,32,middle,True,True,0,10,20,"{""2"": 10}",0,10,0,10,129
results\d4_stable\blocks_development_r4\batch_20260919T093743.266437Z_a93bb20a.json.gz,20260919T093743.266437Z_a93bb20a,4,382e110e-9e87-4f22-bd54-d79192f535ab,d4stable_382e110e-9e87-4f22-bd54-d79192f535ab_7604_f49deef9,135,test:unloaded,normal,cpu,role_aggregate,10,128,32,middle,True,True,0,10,20,"{""2"": 10}",0,10,0,10,129
results\d4_stable\blocks_development_r4\batch_20260919T093751.220600Z_7b2c4435.json.gz,20260919T093751.220600Z_7b2c4435,4,382e110e-9e87-4f22-bd54-d79192f535ab,d4stable_382e110e-9e87-4f22-bd54-d79192f535ab_7604_f49deef9,136,test:unloaded,normal,cpu,role_aggregate,10,128,32,middle,True,True,0,10,20,"{""2"": 10}",0,10,0,10,129
results\d4_stable\blocks_development_r4\batch_20260919T093759.143690Z_01ffec4e.json.gz,20260919T093759.143690Z_01ffec4e,4,382e110e-9e87-4f22-bd54-d79192f535ab,d4stable_382e110e-9e87-4f22-bd54-d79192f535ab_7604_f49deef9,137,test:unloaded,normal,cpu,role_aggregate,10,128,32,middle,True,True,0,10,20,"{""2"": 10}",0,10,0,10,129
results\d4_stable\blocks_development_r4\batch_20260919T093807.156991Z_aa4f8493.json.gz,20260919T093807.156991Z_aa4f8493,4,382e110e-9e87-4f22-bd54-d79192f535ab,d4stable_382e110e-9e87-4f22-bd54-d79192f535ab_7604_f49deef9,138,test:unloaded,normal,cpu,role_aggregate,10,128,32,middle,True,True,0,10,20,"{""2"": 10}",0,10,0,10,129
results\d4_stable\blocks_development_r4\batch_20260919T093815.081982Z_bf61c193.json.gz,20260919T093815.081982Z_bf61c193,4,382e110e-9e87-4f22-bd54-d79192f535ab,d4stable_382e110e-9e87-4f22-bd54-d79192f535ab_7604_f49deef9,139,test:unloaded,normal,cpu,role_aggregate,10,128,32,middle,True,True,0,10,20,"{""2"": 10}",0,10,0,10,129
results\d4_stable\blocks_development_r4\batch_20260919T093823.036071Z_cd516cf5.json.gz,20260919T093823.036071Z_cd516cf5,4,382e110e-9e87-4f22-bd54-d79192f535ab,d4stable_382e110e-9e87-4f22-bd54-d79192f535ab_7604_f49deef9,140,test:unloaded,normal,cpu,role_aggregate,10,128,32,middle,True,True,0,10,20,"{""2"": 10}",0,10,0,10,129
results\d4_stable\blocks_development_r4\batch_20260919T093830.998746Z_f8a5f7df.json.gz,20260919T093830.998746Z_f8a5f7df,4,382e110e-9e87-4f22-bd54-d79192f535ab,d4stable_382e110e-9e87-4f22-bd54-d79192f535ab_7604_f49deef9,141,test:unloaded,normal,cpu,role_aggregate,10,128,32,middle,True,True,0,10,20,"{""2"": 10}",0,10,0,10,129
results\d4_stable\blocks_development_r4\batch_20260919T093838.957391Z_6db0151a.json.gz,20260919T093838.957391Z_6db0151a,4,382e110e-9e87-4f22-bd54-d79192f535ab,d4stable_382e110e-9e87-4f22-bd54-d79192f535ab_7604_f49deef9,142,test:unloaded,normal,cpu,role_aggregate,10,128,32,middle,True,True,0,10,20,"{""2"": 10}",0,10,0,10,129
results\d4_stable\blocks_development_r4\batch_20260919T093846.884624Z_3fda88e2.json.gz,20260919T093846.884624Z_3fda88e2,4,382e110e-9e87-4f22-bd54-d79192f535ab,d4stable_382e110e-9e87-4f22-bd54-d79192f535ab_7604_f49deef9,143,test:unloaded,normal,cpu,role_aggregate,10,128,32,middle,True,True,0,10,20,"{""2"": 10}",0,10,0,10,129
results\d4_stable\blocks_development_r4\batch_20260919T093854.815831Z_848f8f63.json.gz,20260919T093854.815831Z_848f8f63,4,382e110e-9e87-4f22-bd54-d79192f535ab,d4stable_382e110e-9e87-4f22-bd54-d79192f535ab_7604_f49deef9,144,test:unloaded,normal,cpu,role_aggregate,10,128,32,middle,True,True,0,10,20,"{""2"": 10}",0,10,0,10,129
results\d4_stable\blocks_development_r4\batch_20260919T093902.720154Z_a857c126.json.gz,20260919T093902.720154Z_a857c126,4,382e110e-9e87-4f22-bd54-d79192f535ab,d4stable_382e110e-9e87-4f22-bd54-d79192f535ab_7604_f49deef9,145,test:unloaded,normal,cpu,role_aggregate,10,128,32,middle,True,True,0,10,20,"{""2"": 10}",0,10,0,10,129
results\d4_stable\blocks_development_r4\batch_20260919T093910.694671Z_f84af305.json.gz,20260919T093910.694671Z_f84af305,4,382e110e-9e87-4f22-bd54-d79192f535ab,d4stable_382e110e-9e87-4f22-bd54-d79192f535ab_7604_f49deef9,146,test:unloaded,normal,cpu,role_aggregate,10,128,32,middle,True,True,0,10,20,"{""2"": 10}",0,10,0,10,129
results\d4_stable\blocks_development_r4\batch_20260919T093918.617821Z_ed963d48.json.gz,20260919T093918.617821Z_ed963d48,4,382e110e-9e87-4f22-bd54-d79192f535ab,d4stable_382e110e-9e87-4f22-bd54-d79192f535ab_7604_f49deef9,147,test:unloaded,normal,cpu,role_aggregate,10,128,32,middle,True,True,0,10,20,"{""2"": 10}",0,10,0,10,129
results\d4_stable\blocks_development_r4\batch_20260919T093926.550092Z_c70f1539.json.gz,20260919T093926.550092Z_c70f1539,4,382e110e-9e87-4f22-bd54-d79192f535ab,d4stable_382e110e-9e87-4f22-bd54-d79192f535ab_7604_f49deef9,148,test:unloaded,normal,cpu,role_aggregate,10,128,32,middle,True,True,0,10,20,"{""2"": 10}",0,10,0,10,129
results\d4_stable\blocks_development_r4\batch_20260919T093934.459906Z_962636a9.json.gz,20260919T093934.459906Z_962636a9,4,382e110e-9e87-4f22-bd54-d79192f535ab,d4stable_382e110e-9e87-4f22-bd54-d79192f535ab_7604_f49deef9,149,test:unloaded,normal,cpu,role_aggregate,10,128,32,middle,True,True,0,10,20,"{""2"": 10}",0,10,0,10,129
results\d4_stable\blocks_development_r4\batch_20260919T093942.418713Z_cb18a1b0.json.gz,20260919T093942.418713Z_cb18a1b0,4,382e110e-9e87-4f22-bd54-d79192f535ab,d4stable_382e110e-9e87-4f22-bd54-d79192f535ab_7604_f49deef9,150,test:unloaded,normal,cpu,role_aggregate,10,128,32,middle,True,True,0,10,20,"{""2"": 10}",0,10,0,10,129
results\d4_stable\blocks_development_r4\batch_20260919T093950.333406Z_f0c54015.json.gz,20260919T093950.333406Z_f0c54015,4,382e110e-9e87-4f22-bd54-d79192f535ab,d4stable_382e110e-9e87-4f22-bd54-d79192f535ab_7604_f49deef9,151,test:unloaded,normal,cpu,role_aggregate,10,128,32,middle,True,True,0,10,20,"{""2"": 10}",0,10,0,10,129
results\d4_stable\blocks_development_r4\batch_20260919T093958.288394Z_aebf836c.json.gz,20260919T093958.288394Z_aebf836c,4,382e110e-9e87-4f22-bd54-d79192f535ab,d4stable_382e110e-9e87-4f22-bd54-d79192f535ab_7604_f49deef9,152,test:unloaded,normal,cpu,role_aggregate,10,128,32,middle,True,True,0,10,20,"{""2"": 10}",0,10,0,10,129
results\d4_stable\blocks_development_r4\batch_20260919T094006.240407Z_00e8ad56.json.gz,20260919T094006.240407Z_00e8ad56,4,382e110e-9e87-4f22-bd54-d79192f535ab,d4stable_382e110e-9e87-4f22-bd54-d79192f535ab_7604_f49deef9,153,test:unloaded,normal,cpu,role_aggregate,10,128,32,middle,True,True,0,10,20,"{""2"": 10}",0,10,0,10,129
results\d4_stable\blocks_development_r4\batch_20260919T094014.184269Z_3ca1d7bd.json.gz,20260919T094014.184269Z_3ca1d7bd,4,382e110e-9e87-4f22-bd54-d79192f535ab,d4stable_382e110e-9e87-4f22-bd54-d79192f535ab_7604_f49deef9,154,test:unloaded,normal,cpu,role_aggregate,10,128,32,middle,True,True,0,10,20,"{""2"": 10}",0,10,0,10,129
results\d4_stable\blocks_development_r4\batch_20260919T094022.084843Z_b65bf9cb.json.gz,20260919T094022.084843Z_b65bf9cb,4,382e110e-9e87-4f22-bd54-d79192f535ab,d4stable_382e110e-9e87-4f22-bd54-d79192f535ab_7604_f49deef9,155,test:unloaded,normal,cpu,role_aggregate,10,128,32,middle,True,True,0,10,20,"{""2"": 10}",0,10,0,10,129
results\d4_stable\blocks_development_r4\batch_20260919T094030.001700Z_58949d53.json.gz,20260919T094030.001700Z_58949d53,4,382e110e-9e87-4f22-bd54-d79192f535ab,d4stable_382e110e-9e87-4f22-bd54-d79192f535ab_7604_f49deef9,156,test:unloaded,normal,cpu,role_aggregate,10,128,32,middle,True,True,0,10,20,"{""2"": 10}",0,10,0,10,129
results\d4_stable\blocks_development_r4\batch_20260919T094037.938028Z_0d65a2a1.json.gz,20260919T094037.938028Z_0d65a2a1,4,382e110e-9e87-4f22-bd54-d79192f535ab,d4stable_382e110e-9e87-4f22-bd54-d79192f535ab_7604_f49deef9,157,test:unloaded,normal,cpu,role_aggregate,10,128,32,middle,True,True,0,10,20,"{""2"": 10}",0,10,0,10,129
results\d4_stable\blocks_development_r4\batch_20260919T094045.883097Z_0805ad3a.json.gz,20260919T094045.883097Z_0805ad3a,4,382e110e-9e87-4f22-bd54-d79192f535ab,d4stable_382e110e-9e87-4f22-bd54-d79192f535ab_7604_f49deef9,158,test:unloaded,normal,cpu,role_aggregate,10,128,32,middle,True,True,0,10,20,"{""2"": 10}",0,10,0,10,129
results\d4_stable\blocks_development_r4\batch_20260919T094053.823991Z_36333ccc.json.gz,20260919T094053.823991Z_36333ccc,4,382e110e-9e87-4f22-bd54-d79192f535ab,d4stable_382e110e-9e87-4f22-bd54-d79192f535ab_7604_f49deef9,159,test:unloaded,normal,cpu,role_aggregate,10,128,32,middle,True,True,0,10,20,"{""2"": 10}",0,10,0,10,129
results\d4_stable\blocks_development_r4\batch_20260919T094101.677926Z_373a0455.json.gz,20260919T094101.677926Z_373a0455,4,382e110e-9e87-4f22-bd54-d79192f535ab,d4stable_382e110e-9e87-4f22-bd54-d79192f535ab_7604_f49deef9,160,test:unloaded,normal,cpu,role_aggregate,10,128,32,middle,True,True,0,10,20,"{""2"": 10}",0,10,0,10,129
results\d4_stable\blocks_development_r4\batch_20260919T094109.594044Z_54b9c1a7.json.gz,20260919T094109.594044Z_54b9c1a7,4,382e110e-9e87-4f22-bd54-d79192f535ab,d4stable_382e110e-9e87-4f22-bd54-d79192f535ab_7604_f49deef9,161,test:unloaded,normal,cpu,role_aggregate,10,128,32,middle,True,True,0,10,20,"{""2"": 10}",0,10,0,10,129
results\d4_stable\blocks_development_r4\batch_20260919T094117.533803Z_b4fd97b1.json.gz,20260919T094117.533803Z_b4fd97b1,4,382e110e-9e87-4f22-bd54-d79192f535ab,d4stable_382e110e-9e87-4f22-bd54-d79192f535ab_7604_f49deef9,162,test:unloaded,normal,cpu,role_aggregate,10,128,32,middle,True,True,0,10,20,"{""2"": 10}",0,10,0,10,129
results\d4_stable\blocks_development_r4\batch_20260919T094125.484820Z_15af057b.json.gz,20260919T094125.484820Z_15af057b,4,382e110e-9e87-4f22-bd54-d79192f535ab,d4stable_382e110e-9e87-4f22-bd54-d79192f535ab_7604_f49deef9,163,test:unloaded,normal,cpu,role_aggregate,10,128,32,middle,True,True,0,10,20,"{""2"": 10}",0,10,0,10,129
results\d4_stable\blocks_development_r4\batch_20260919T094133.457720Z_5cc94090.json.gz,20260919T094133.457720Z_5cc94090,4,382e110e-9e87-4f22-bd54-d79192f535ab,d4stable_382e110e-9e87-4f22-bd54-d79192f535ab_7604_f49deef9,164,test:unloaded,normal,cpu,role_aggregate,10,128,32,middle,True,True,0,10,20,"{""2"": 10}",0,10,0,10,129
results\d4_stable\blocks_development_r4\batch_20260919T094141.434070Z_4ddc6520.json.gz,20260919T094141.434070Z_4ddc6520,4,382e110e-9e87-4f22-bd54-d79192f535ab,d4stable_382e110e-9e87-4f22-bd54-d79192f535ab_7604_f49deef9,165,test:unloaded,normal,cpu,role_aggregate,10,128,32,middle,True,True,0,10,20,"{""2"": 10}",0,10,0,10,129
results\d4_stable\blocks_development_r4\batch_20260919T094149.368955Z_d9dc9a3f.json.gz,20260919T094149.368955Z_d9dc9a3f,4,382e110e-9e87-4f22-bd54-d79192f535ab,d4stable_382e110e-9e87-4f22-bd54-d79192f535ab_7604_f49deef9,166,test:unloaded,normal,cpu,role_aggregate,10,128,32,middle,True,True,0,10,20,"{""2"": 10}",0,10,0,10,129
results\d4_stable\blocks_development_r4\batch_20260919T094157.317448Z_02569015.json.gz,20260919T094157.317448Z_02569015,4,382e110e-9e87-4f22-bd54-d79192f535ab,d4stable_382e110e-9e87-4f22-bd54-d79192f535ab_7604_f49deef9,167,test:unloaded,normal,cpu,role_aggregate,10,128,32,middle,True,True,0,10,20,"{""2"": 10}",0,10,0,10,129
results\d4_stable\blocks_development_r4\batch_20260919T094205.253418Z_f7172b73.json.gz,20260919T094205.253418Z_f7172b73,4,382e110e-9e87-4f22-bd54-d79192f535ab,d4stable_382e110e-9e87-4f22-bd54-d79192f535ab_7604_f49deef9,168,test:unloaded,normal,cpu,role_aggregate,10,128,32,middle,True,True,0,10,20,"{""2"": 10}",0,10,0,10,129
results\d4_stable\blocks_development_r4\batch_20260919T094213.186177Z_70705273.json.gz,20260919T094213.186177Z_70705273,4,382e110e-9e87-4f22-bd54-d79192f535ab,d4stable_382e110e-9e87-4f22-bd54-d79192f535ab_7604_f49deef9,169,test:unloaded,normal,cpu,role_aggregate,10,128,32,middle,True,True,0,10,20,"{""2"": 10}",0,10,0,10,129
results\d4_stable\blocks_development_r4\batch_20260919T094221.095869Z_2846b9d4.json.gz,20260919T094221.095869Z_2846b9d4,4,382e110e-9e87-4f22-bd54-d79192f535ab,d4stable_382e110e-9e87-4f22-bd54-d79192f535ab_7604_f49deef9,170,test:unloaded,normal,cpu,role_aggregate,10,128,32,middle,True,True,0,10,20,"{""2"": 10}",0,10,0,10,129
results\d4_stable\blocks_development_r4\batch_20260919T094229.046184Z_e7118bcd.json.gz,20260919T094229.046184Z_e7118bcd,4,382e110e-9e87-4f22-bd54-d79192f535ab,d4stable_382e110e-9e87-4f22-bd54-d79192f535ab_7604_f49deef9,171,test:unloaded,normal,cpu,role_aggregate,10,128,32,middle,True,True,0,10,20,"{""2"": 10}",0,10,0,10,129
results\d4_stable\blocks_development_r4\batch_20260919T094236.978124Z_b798664b.json.gz,20260919T094236.978124Z_b798664b,4,382e110e-9e87-4f22-bd54-d79192f535ab,d4stable_382e110e-9e87-4f22-bd54-d79192f535ab_7604_f49deef9,172,test:unloaded,normal,cpu,role_aggregate,10,128,32,middle,True,True,0,10,20,"{""2"": 10}",0,10,0,10,129
results\d4_stable\blocks_development_r4\batch_20260919T094244.902201Z_da2c8ccf.json.gz,20260919T094244.902201Z_da2c8ccf,4,382e110e-9e87-4f22-bd54-d79192f535ab,d4stable_382e110e-9e87-4f22-bd54-d79192f535ab_7604_f49deef9,173,test:unloaded,normal,cpu,role_aggregate,10,128,32,middle,True,True,0,10,20,"{""2"": 10}",0,10,0,10,129
results\d4_stable\blocks_development_r4\batch_20260919T094252.822952Z_21c106f3.json.gz,20260919T094252.822952Z_21c106f3,4,382e110e-9e87-4f22-bd54-d79192f535ab,d4stable_382e110e-9e87-4f22-bd54-d79192f535ab_7604_f49deef9,174,test:unloaded,normal,cpu,role_aggregate,10,128,32,middle,True,True,0,10,20,"{""2"": 10}",0,10,0,10,129
results\d4_stable\blocks_development_r4\batch_20260919T094300.753699Z_1da7e9e8.json.gz,20260919T094300.753699Z_1da7e9e8,4,382e110e-9e87-4f22-bd54-d79192f535ab,d4stable_382e110e-9e87-4f22-bd54-d79192f535ab_7604_f49deef9,175,test:unloaded,normal,cpu,role_aggregate,10,128,32,middle,True,True,0,10,20,"{""2"": 10}",0,10,0,10,129
results\d4_stable\blocks_development_r4\batch_20260919T094308.695065Z_eedcbaec.json.gz,20260919T094308.695065Z_eedcbaec,4,382e110e-9e87-4f22-bd54-d79192f535ab,d4stable_382e110e-9e87-4f22-bd54-d79192f535ab_7604_f49deef9,176,test:unloaded,normal,cpu,role_aggregate,10,128,32,middle,True,True,0,10,20,"{""2"": 10}",0,10,0,10,129
results\d4_stable\blocks_development_r4\batch_20260919T094316.585209Z_c15da599.json.gz,20260919T094316.585209Z_c15da599,4,382e110e-9e87-4f22-bd54-d79192f535ab,d4stable_382e110e-9e87-4f22-bd54-d79192f535ab_7604_f49deef9,177,test:unloaded,normal,cpu,role_aggregate,10,128,32,middle,True,True,0,10,20,"{""2"": 10}",0,10,0,10,129
results\d4_stable\blocks_development_r4\batch_20260919T094324.543733Z_a0d8ebdf.json.gz,20260919T094324.543733Z_a0d8ebdf,4,382e110e-9e87-4f22-bd54-d79192f535ab,d4stable_382e110e-9e87-4f22-bd54-d79192f535ab_7604_f49deef9,178,test:unloaded,normal,cpu,role_aggregate,10,128,32,middle,True,True,0,10,20,"{""2"": 10}",0,10,0,10,129
results\d4_stable\blocks_development_r4\batch_20260919T094332.463054Z_d81910cd.json.gz,20260919T094332.463054Z_d81910cd,4,382e110e-9e87-4f22-bd54-d79192f535ab,d4stable_382e110e-9e87-4f22-bd54-d79192f535ab_7604_f49deef9,179,test:unloaded,normal,cpu,role_aggregate,10,128,32,middle,True,True,0,10,20,"{""2"": 10}",0,10,0,10,129
results\d4_stable\blocks_development_r4\batch_20260919T094340.384835Z_8a2591dd.json.gz,20260919T094340.384835Z_8a2591dd,4,382e110e-9e87-4f22-bd54-d79192f535ab,d4stable_382e110e-9e87-4f22-bd54-d79192f535ab_7604_f49deef9,180,test:unloaded,normal,cpu,role_aggregate,10,128,32,middle,True,True,0,10,20,"{""2"": 10}",0,10,0,10,129
results\d4_stable\blocks_development_r4\batch_20260919T094348.322019Z_7960dd91.json.gz,20260919T094348.322019Z_7960dd91,4,382e110e-9e87-4f22-bd54-d79192f535ab,d4stable_382e110e-9e87-4f22-bd54-d79192f535ab_7604_f49deef9,181,test:unloaded,normal,cpu,role_aggregate,10,128,32,middle,True,True,0,10,20,"{""2"": 10}",0,10,0,10,129
results\d4_stable\blocks_development_r4\batch_20260919T094356.228956Z_89bd9e19.json.gz,20260919T094356.228956Z_89bd9e19,4,382e110e-9e87-4f22-bd54-d79192f535ab,d4stable_382e110e-9e87-4f22-bd54-d79192f535ab_7604_f49deef9,182,test:unloaded,normal,cpu,role_aggregate,10,128,32,middle,True,True,0,10,20,"{""2"": 10}",0,10,0,10,129
results\d4_stable\blocks_development_r4\batch_20260919T094404.147778Z_2d305a4a.json.gz,20260919T094404.147778Z_2d305a4a,4,382e110e-9e87-4f22-bd54-d79192f535ab,d4stable_382e110e-9e87-4f22-bd54-d79192f535ab_7604_f49deef9,183,test:unloaded,normal,cpu,role_aggregate,10,128,32,middle,True,True,0,10,20,"{""2"": 10}",0,10,0,10,129
results\d4_stable\blocks_development_r4\batch_20260919T094412.071495Z_4d204bc7.json.gz,20260919T094412.071495Z_4d204bc7,4,382e110e-9e87-4f22-bd54-d79192f535ab,d4stable_382e110e-9e87-4f22-bd54-d79192f535ab_7604_f49deef9,184,test:unloaded,normal,cpu,role_aggregate,10,128,32,middle,True,True,0,10,20,"{""2"": 10}",0,10,0,10,129
results\d4_stable\blocks_development_r4\batch_20260919T094420.034358Z_602e3ed9.json.gz,20260919T094420.034358Z_602e3ed9,4,382e110e-9e87-4f22-bd54-d79192f535ab,d4stable_382e110e-9e87-4f22-bd54-d79192f535ab_7604_f49deef9,185,test:unloaded,normal,cpu,role_aggregate,10,128,32,middle,True,True,0,10,20,"{""2"": 10}",0,10,0,10,129
results\d4_stable\blocks_development_r4\batch_20260919T094427.995854Z_d5f95fb0.json.gz,20260919T094427.995854Z_d5f95fb0,4,382e110e-9e87-4f22-bd54-d79192f535ab,d4stable_382e110e-9e87-4f22-bd54-d79192f535ab_7604_f49deef9,186,test:unloaded,normal,cpu,role_aggregate,10,128,32,middle,True,True,0,10,20,"{""2"": 10}",0,10,0,10,129
results\d4_stable\blocks_development_r4\batch_20260919T094435.931633Z_ba7e113d.json.gz,20260919T094435.931633Z_ba7e113d,4,382e110e-9e87-4f22-bd54-d79192f535ab,d4stable_382e110e-9e87-4f22-bd54-d79192f535ab_7604_f49deef9,187,test:unloaded,normal,cpu,role_aggregate,10,128,32,middle,True,True,0,10,20,"{""2"": 10}",0,10,0,10,129
results\d4_stable\blocks_development_r4\batch_20260919T094443.827913Z_c1088219.json.gz,20260919T094443.827913Z_c1088219,4,382e110e-9e87-4f22-bd54-d79192f535ab,d4stable_382e110e-9e87-4f22-bd54-d79192f535ab_7604_f49deef9,188,test:unloaded,normal,cpu,role_aggregate,10,128,32,middle,True,True,0,10,20,"{""2"": 10}",0,10,0,10,129
results\d4_stable\blocks_development_r4\batch_20260919T094451.750534Z_b63462c1.json.gz,20260919T094451.750534Z_b63462c1,4,382e110e-9e87-4f22-bd54-d79192f535ab,d4stable_382e110e-9e87-4f22-bd54-d79192f535ab_7604_f49deef9,189,test:unloaded,normal,cpu,role_aggregate,10,128,32,middle,True,True,0,10,20,"{""2"": 10}",0,10,0,10,129
results\d4_stable\blocks_development_r4\batch_20260919T094459.697238Z_c559442e.json.gz,20260919T094459.697238Z_c559442e,4,382e110e-9e87-4f22-bd54-d79192f535ab,d4stable_382e110e-9e87-4f22-bd54-d79192f535ab_7604_f49deef9,190,test:unloaded,normal,cpu,role_aggregate,10,128,32,middle,True,True,0,10,20,"{""2"": 10}",0,10,0,10,129
results\d4_stable\blocks_development_r4\batch_20260919T094507.647136Z_54a7cce3.json.gz,20260919T094507.647136Z_54a7cce3,4,382e110e-9e87-4f22-bd54-d79192f535ab,d4stable_382e110e-9e87-4f22-bd54-d79192f535ab_7604_f49deef9,191,test:unloaded,normal,cpu,role_aggregate,10,128,32,middle,True,True,0,10,20,"{""2"": 10}",0,10,0,10,129
results\d4_stable\blocks_development_r4\batch_20260919T094515.623390Z_de749488.json.gz,20260919T094515.623390Z_de749488,4,382e110e-9e87-4f22-bd54-d79192f535ab,d4stable_382e110e-9e87-4f22-bd54-d79192f535ab_7604_f49deef9,192,test:unloaded,normal,cpu,role_aggregate,10,128,32,middle,True,True,0,10,20,"{""2"": 10}",0,10,0,10,129
results\d4_stable\blocks_development_r4\batch_20260919T094523.569857Z_7def1bb7.json.gz,20260919T094523.569857Z_7def1bb7,4,382e110e-9e87-4f22-bd54-d79192f535ab,d4stable_382e110e-9e87-4f22-bd54-d79192f535ab_7604_f49deef9,193,test:unloaded,normal,cpu,role_aggregate,10,128,32,middle,True,True,0,10,20,"{""2"": 10}",0,10,0,10,129
results\d4_stable\blocks_development_r4\batch_20260919T094531.533108Z_b2447251.json.gz,20260919T094531.533108Z_b2447251,4,382e110e-9e87-4f22-bd54-d79192f535ab,d4stable_382e110e-9e87-4f22-bd54-d79192f535ab_7604_f49deef9,194,test:unloaded,normal,cpu,role_aggregate,10,128,32,middle,True,True,0,10,20,"{""2"": 10}",0,10,0,10,129
results\d4_stable\blocks_development_r4\batch_20260919T094539.476150Z_d0055f1a.json.gz,20260919T094539.476150Z_d0055f1a,4,382e110e-9e87-4f22-bd54-d79192f535ab,d4stable_382e110e-9e87-4f22-bd54-d79192f535ab_7604_f49deef9,195,test:unloaded,normal,cpu,role_aggregate,10,128,32,middle,True,True,0,10,20,"{""2"": 10}",0,10,0,10,129
results\d4_stable\blocks_development_r4\batch_20260919T094547.400214Z_c5e237db.json.gz,20260919T094547.400214Z_c5e237db,4,382e110e-9e87-4f22-bd54-d79192f535ab,d4stable_382e110e-9e87-4f22-bd54-d79192f535ab_7604_f49deef9,196,test:unloaded,normal,cpu,role_aggregate,10,128,32,middle,True,True,0,10,20,"{""2"": 10}",0,10,0,10,129
results\d4_stable\blocks_development_r4\batch_20260919T094555.344700Z_6dd88cad.json.gz,20260919T094555.344700Z_6dd88cad,4,382e110e-9e87-4f22-bd54-d79192f535ab,d4stable_382e110e-9e87-4f22-bd54-d79192f535ab_7604_f49deef9,197,test:unloaded,normal,cpu,role_aggregate,10,128,32,middle,True,True,0,10,20,"{""2"": 10}",0,10,0,10,129
results\d4_stable\blocks_development_r4\batch_20260919T094603.255108Z_d56f738d.json.gz,20260919T094603.255108Z_d56f738d,4,382e110e-9e87-4f22-bd54-d79192f535ab,d4stable_382e110e-9e87-4f22-bd54-d79192f535ab_7604_f49deef9,198,test:unloaded,normal,cpu,role_aggregate,10,128,32,middle,True,True,0,10,20,"{""2"": 10}",0,10,0,10,129
results\d4_stable\blocks_development_r4\batch_20260919T094611.197144Z_f756c537.json.gz,20260919T094611.197144Z_f756c537,4,382e110e-9e87-4f22-bd54-d79192f535ab,d4stable_382e110e-9e87-4f22-bd54-d79192f535ab_7604_f49deef9,199,test:unloaded,normal,cpu,role_aggregate,10,128,32,middle,True,True,0,10,20,"{""2"": 10}",0,10,0,10,129
results\d4_stable\blocks_development_r4\batch_20260919T094619.158890Z_266ca83e.json.gz,20260919T094619.158890Z_266ca83e,4,382e110e-9e87-4f22-bd54-d79192f535ab,d4stable_382e110e-9e87-4f22-bd54-d79192f535ab_7604_f49deef9,200,test:unloaded,normal,cpu,role_aggregate,10,128,32,middle,True,True,0,10,20,"{""2"": 10}",0,10,0,10,129
results\d4_stable\blocks_development_r4\batch_20260919T094627.066864Z_466ca297.json.gz,20260919T094627.066864Z_466ca297,4,382e110e-9e87-4f22-bd54-d79192f535ab,d4stable_382e110e-9e87-4f22-bd54-d79192f535ab_7604_f49deef9,201,test:unloaded,normal,cpu,role_aggregate,10,128,32,middle,True,True,0,10,20,"{""2"": 10}",0,10,0,10,129
results\d4_stable\blocks_development_r4\batch_20260919T094635.031018Z_a3722a26.json.gz,20260919T094635.031018Z_a3722a26,4,382e110e-9e87-4f22-bd54-d79192f535ab,d4stable_382e110e-9e87-4f22-bd54-d79192f535ab_7604_f49deef9,202,test:unloaded,normal,cpu,role_aggregate,10,128,32,middle,True,True,0,10,20,"{""2"": 10}",0,10,0,10,129
results\d4_stable\blocks_development_r4\batch_20260919T094643.155372Z_aedacd0f.json.gz,20260919T094643.155372Z_aedacd0f,4,382e110e-9e87-4f22-bd54-d79192f535ab,d4stable_382e110e-9e87-4f22-bd54-d79192f535ab_7604_f49deef9,203,test:unloaded,normal,cpu,role_aggregate,10,128,32,middle,True,True,0,10,20,"{""2"": 10}",0,10,0,10,129
results\d4_stable\blocks_development_r4\batch_20260919T094651.196641Z_51814114.json.gz,20260919T094651.196641Z_51814114,4,382e110e-9e87-4f22-bd54-d79192f535ab,d4stable_382e110e-9e87-4f22-bd54-d79192f535ab_7604_f49deef9,204,test:unloaded,normal,cpu,role_aggregate,10,128,32,middle,True,True,0,10,20,"{""2"": 10}",0,10,0,10,129
results\d4_stable\blocks_development_r4\batch_20260919T094659.228641Z_aa6d9da6.json.gz,20260919T094659.228641Z_aa6d9da6,4,382e110e-9e87-4f22-bd54-d79192f535ab,d4stable_382e110e-9e87-4f22-bd54-d79192f535ab_7604_f49deef9,205,test:unloaded,normal,cpu,role_aggregate,10,128,32,middle,True,True,0,10,20,"{""2"": 10}",0,10,0,10,129
results\d4_stable\blocks_development_r4\batch_20260919T094707.279843Z_db9c85cc.json.gz,20260919T094707.279843Z_db9c85cc,4,382e110e-9e87-4f22-bd54-d79192f535ab,d4stable_382e110e-9e87-4f22-bd54-d79192f535ab_7604_f49deef9,206,test:unloaded,normal,cpu,role_aggregate,10,128,32,middle,True,True,0,10,20,"{""2"": 10}",0,10,0,10,129
results\d4_stable\blocks_development_r4\batch_20260919T094715.318693Z_d2a7b433.json.gz,20260919T094715.318693Z_d2a7b433,4,382e110e-9e87-4f22-bd54-d79192f535ab,d4stable_382e110e-9e87-4f22-bd54-d79192f535ab_7604_f49deef9,207,test:unloaded,normal,cpu,role_aggregate,10,128,32,middle,True,True,0,10,20,"{""2"": 10}",0,10,0,10,129
results\d4_stable\blocks_development_r4\batch_20260919T094723.385824Z_401e0b31.json.gz,20260919T094723.385824Z_401e0b31,4,382e110e-9e87-4f22-bd54-d79192f535ab,d4stable_382e110e-9e87-4f22-bd54-d79192f535ab_7604_f49deef9,208,test:unloaded,normal,cpu,role_aggregate,10,128,32,middle,True,True,0,10,20,"{""2"": 10}",0,10,0,10,129
results\d4_stable\blocks_development_r4\batch_20260919T094731.549152Z_50292af6.json.gz,20260919T094731.549152Z_50292af6,4,382e110e-9e87-4f22-bd54-d79192f535ab,d4stable_382e110e-9e87-4f22-bd54-d79192f535ab_7604_f49deef9,209,test:unloaded,normal,cpu,role_aggregate,10,128,32,middle,True,True,0,10,20,"{""2"": 10}",0,10,0,10,129
results\d4_stable\blocks_development_r4\batch_20260919T094739.592351Z_b7d513d6.json.gz,20260919T094739.592351Z_b7d513d6,4,382e110e-9e87-4f22-bd54-d79192f535ab,d4stable_382e110e-9e87-4f22-bd54-d79192f535ab_7604_f49deef9,210,test:unloaded,normal,cpu,role_aggregate,10,128,32,middle,True,True,0,10,20,"{""2"": 10}",0,10,0,10,129
results\d4_stable\blocks_development_r4\batch_20260919T094747.649933Z_ab04a883.json.gz,20260919T094747.649933Z_ab04a883,4,382e110e-9e87-4f22-bd54-d79192f535ab,d4stable_382e110e-9e87-4f22-bd54-d79192f535ab_7604_f49deef9,211,test:unloaded,normal,cpu,role_aggregate,10,128,32,middle,True,True,0,10,20,"{""2"": 10}",0,10,0,10,129
results\d4_stable\blocks_development_r4\batch_20260919T094755.689513Z_8e622d14.json.gz,20260919T094755.689513Z_8e622d14,4,382e110e-9e87-4f22-bd54-d79192f535ab,d4stable_382e110e-9e87-4f22-bd54-d79192f535ab_7604_f49deef9,212,test:unloaded,normal,cpu,role_aggregate,10,128,32,middle,True,True,0,10,20,"{""2"": 10}",0,10,0,10,129
results\d4_stable\blocks_development_r4\batch_20260919T094803.689258Z_693d336c.json.gz,20260919T094803.689258Z_693d336c,4,382e110e-9e87-4f22-bd54-d79192f535ab,d4stable_382e110e-9e87-4f22-bd54-d79192f535ab_7604_f49deef9,213,test:unloaded,normal,cpu,role_aggregate,10,128,32,middle,True,True,0,10,20,"{""2"": 10}",0,10,0,10,129
results\d4_stable\blocks_development_r4\batch_20260919T094811.719006Z_7dbecdf9.json.gz,20260919T094811.719006Z_7dbecdf9,4,382e110e-9e87-4f22-bd54-d79192f535ab,d4stable_382e110e-9e87-4f22-bd54-d79192f535ab_7604_f49deef9,214,test:unloaded,normal,cpu,role_aggregate,10,128,32,middle,True,True,0,10,20,"{""2"": 10}",0,10,0,10,129
results\d4_stable\blocks_development_r4\batch_20260919T094819.785040Z_f691abda.json.gz,20260919T094819.785040Z_f691abda,4,382e110e-9e87-4f22-bd54-d79192f535ab,d4stable_382e110e-9e87-4f22-bd54-d79192f535ab_7604_f49deef9,215,test:unloaded,normal,cpu,role_aggregate,10,128,32,middle,True,True,0,10,20,"{""2"": 10}",0,10,0,10,129
results\d4_stable\blocks_development_r4\batch_20260919T094827.796979Z_21ba36cd.json.gz,20260919T094827.796979Z_21ba36cd,4,382e110e-9e87-4f22-bd54-d79192f535ab,d4stable_382e110e-9e87-4f22-bd54-d79192f535ab_7604_f49deef9,216,test:unloaded,normal,cpu,role_aggregate,10,128,32,middle,True,True,0,10,20,"{""2"": 10}",0,10,0,10,129
results\d4_stable\blocks_development_r4\batch_20260919T094835.866108Z_3158a464.json.gz,20260919T094835.866108Z_3158a464,4,382e110e-9e87-4f22-bd54-d79192f535ab,d4stable_382e110e-9e87-4f22-bd54-d79192f535ab_7604_f49deef9,217,test:unloaded,normal,cpu,role_aggregate,10,128,32,middle,True,True,0,10,20,"{""2"": 10}",0,10,0,10,129
results\d4_stable\blocks_development_r4\batch_20260919T094843.902873Z_21ca2b80.json.gz,20260919T094843.902873Z_21ca2b80,4,382e110e-9e87-4f22-bd54-d79192f535ab,d4stable_382e110e-9e87-4f22-bd54-d79192f535ab_7604_f49deef9,218,test:unloaded,normal,cpu,role_aggregate,10,128,32,middle,True,True,0,10,20,"{""2"": 10}",0,10,0,10,129
results\d4_stable\blocks_development_r4\batch_20260919T094852.127359Z_49c06c48.json.gz,20260919T094852.127359Z_49c06c48,4,382e110e-9e87-4f22-bd54-d79192f535ab,d4stable_382e110e-9e87-4f22-bd54-d79192f535ab_7604_f49deef9,219,test:unloaded,normal,cpu,role_aggregate,10,128,32,middle,True,True,0,10,20,"{""2"": 10}",0,10,0,10,129
results\d4_stable\blocks_development_r4\batch_20260919T094900.192779Z_597acd23.json.gz,20260919T094900.192779Z_597acd23,4,382e110e-9e87-4f22-bd54-d79192f535ab,d4stable_382e110e-9e87-4f22-bd54-d79192f535ab_7604_f49deef9,220,test:unloaded,normal,cpu,role_aggregate,10,128,32,middle,True,True,0,10,20,"{""2"": 10}",0,10,0,10,129
results\d4_stable\blocks_development_r4\batch_20260919T094908.249033Z_a31580cc.json.gz,20260919T094908.249033Z_a31580cc,4,382e110e-9e87-4f22-bd54-d79192f535ab,d4stable_382e110e-9e87-4f22-bd54-d79192f535ab_7604_f49deef9,221,test:unloaded,normal,cpu,role_aggregate,10,128,32,middle,True,True,0,10,20,"{""2"": 10}",0,10,0,10,129
results\d4_stable\blocks_development_r4\batch_20260919T094916.505172Z_8db6823a.json.gz,20260919T094916.505172Z_8db6823a,4,382e110e-9e87-4f22-bd54-d79192f535ab,d4stable_382e110e-9e87-4f22-bd54-d79192f535ab_7604_f49deef9,222,test:unloaded,normal,cpu,role_aggregate,10,128,32,middle,True,True,0,10,20,"{""2"": 10}",0,10,0,10,129
results\d4_stable\blocks_development_r4\batch_20260919T094925.652554Z_de09e974.json.gz,20260919T094925.652554Z_de09e974,4,382e110e-9e87-4f22-bd54-d79192f535ab,d4stable_382e110e-9e87-4f22-bd54-d79192f535ab_7604_f49deef9,223,test:unloaded,normal,cpu,role_aggregate,10,128,32,middle,True,True,0,10,20,"{""2"": 10}",0,10,0,10,129
results\d4_stable\blocks_development_r4\batch_20260919T094933.841327Z_0fa3c54c.json.gz,20260919T094933.841327Z_0fa3c54c,4,382e110e-9e87-4f22-bd54-d79192f535ab,d4stable_382e110e-9e87-4f22-bd54-d79192f535ab_7604_f49deef9,224,test:unloaded,normal,cpu,role_aggregate,10,128,32,middle,True,True,0,10,20,"{""2"": 10}",0,10,0,10,129
results\d4_stable\blocks_development_r4\batch_20260919T094942.026943Z_83c6259b.json.gz,20260919T094942.026943Z_83c6259b,4,382e110e-9e87-4f22-bd54-d79192f535ab,d4stable_382e110e-9e87-4f22-bd54-d79192f535ab_7604_f49deef9,225,test:unloaded,normal,cpu,role_aggregate,10,128,32,middle,True,True,0,10,20,"{""2"": 10}",0,10,0,10,129
results\d4_stable\blocks_development_r4\batch_20260919T094950.569796Z_ce831496.json.gz,20260919T094950.569796Z_ce831496,4,382e110e-9e87-4f22-bd54-d79192f535ab,d4stable_382e110e-9e87-4f22-bd54-d79192f535ab_7604_f49deef9,226,test:unloaded,normal,cpu,role_aggregate,10,128,32,middle,True,True,0,10,20,"{""2"": 10}",0,10,0,10,129
results\d4_stable\blocks_development_r4\batch_20260919T094959.018414Z_a7ec91cb.json.gz,20260919T094959.018414Z_a7ec91cb,4,382e110e-9e87-4f22-bd54-d79192f535ab,d4stable_382e110e-9e87-4f22-bd54-d79192f535ab_7604_f49deef9,227,test:unloaded,normal,cpu,role_aggregate,10,128,32,middle,True,True,0,10,20,"{""2"": 10}",0,10,0,10,129
results\d4_stable\blocks_development_r4\batch_20260919T095007.407170Z_2536d4a0.json.gz,20260919T095007.407170Z_2536d4a0,4,382e110e-9e87-4f22-bd54-d79192f535ab,d4stable_382e110e-9e87-4f22-bd54-d79192f535ab_7604_f49deef9,228,test:unloaded,normal,cpu,role_aggregate,10,128,32,middle,True,True,0,10,20,"{""2"": 10}",0,10,0,10,129
results\d4_stable\blocks_development_r4\batch_20260919T095016.461169Z_0c708a34.json.gz,20260919T095016.461169Z_0c708a34,4,382e110e-9e87-4f22-bd54-d79192f535ab,d4stable_382e110e-9e87-4f22-bd54-d79192f535ab_7604_f49deef9,229,test:unloaded,normal,cpu,role_aggregate,10,128,32,middle,True,True,0,10,20,"{""2"": 10}",0,10,0,10,129
results\d4_stable\blocks_development_r4\batch_20260919T095019.473036Z_35a6c8c2.json.gz,20260919T095019.473036Z_35a6c8c2,4,382e110e-9e87-4f22-bd54-d79192f535ab,d4stable_382e110e-9e87-4f22-bd54-d79192f535ab_7604_f49deef9,230,test:unloaded,normal,baseline,role_aggregate,10,128,32,middle,True,True,0,10,20,"{""2"": 10}",0,10,0,10,129
results\d4_stable\blocks_development_r4\batch_20260919T095022.402102Z_050a3f41.json.gz,20260919T095022.402102Z_050a3f41,4,382e110e-9e87-4f22-bd54-d79192f535ab,d4stable_382e110e-9e87-4f22-bd54-d79192f535ab_7604_f49deef9,231,test:unloaded,normal,baseline,role_aggregate,10,128,32,middle,True,True,0,10,20,"{""2"": 10}",0,10,0,10,129
results\d4_stable\blocks_development_r4\batch_20260919T095024.967138Z_8cd3a510.json.gz,20260919T095024.967138Z_8cd3a510,4,382e110e-9e87-4f22-bd54-d79192f535ab,d4stable_382e110e-9e87-4f22-bd54-d79192f535ab_7604_f49deef9,232,test:unloaded,normal,baseline,role_aggregate,10,128,32,middle,True,True,0,10,20,"{""2"": 10}",0,10,0,10,129
results\d4_stable\blocks_development_r4\batch_20260919T095027.546965Z_6cb93147.json.gz,20260919T095027.546965Z_6cb93147,4,382e110e-9e87-4f22-bd54-d79192f535ab,d4stable_382e110e-9e87-4f22-bd54-d79192f535ab_7604_f49deef9,233,test:unloaded,normal,baseline,role_aggregate,10,128,32,middle,True,True,0,10,20,"{""2"": 10}",0,10,0,10,129
results\d4_stable\blocks_development_r4\batch_20260919T095029.783775Z_95cd14e1.json.gz,20260919T095029.783775Z_95cd14e1,4,382e110e-9e87-4f22-bd54-d79192f535ab,d4stable_382e110e-9e87-4f22-bd54-d79192f535ab_7604_f49deef9,234,test:unloaded,normal,baseline,role_aggregate,10,128,32,middle,True,True,0,10,20,"{""2"": 10}",0,10,0,10,129
results\d4_stable\blocks_development_r4\batch_20260919T095032.310163Z_e2995086.json.gz,20260919T095032.310163Z_e2995086,4,382e110e-9e87-4f22-bd54-d79192f535ab,d4stable_382e110e-9e87-4f22-bd54-d79192f535ab_7604_f49deef9,235,test:unloaded,normal,baseline,role_aggregate,10,128,32,middle,True,True,0,10,20,"{""2"": 10}",0,10,0,10,129
results\d4_stable\blocks_development_r4\batch_20260919T095034.935541Z_b7ddbb2d.json.gz,20260919T095034.935541Z_b7ddbb2d,4,382e110e-9e87-4f22-bd54-d79192f535ab,d4stable_382e110e-9e87-4f22-bd54-d79192f535ab_7604_f49deef9,236,test:unloaded,normal,baseline,role_aggregate,10,128,32,middle,True,True,0,10,20,"{""2"": 10}",0,10,0,10,129
results\d4_stable\blocks_development_r4\batch_20260919T095037.653876Z_ef323da6.json.gz,20260919T095037.653876Z_ef323da6,4,382e110e-9e87-4f22-bd54-d79192f535ab,d4stable_382e110e-9e87-4f22-bd54-d79192f535ab_7604_f49deef9,237,test:unloaded,normal,baseline,role_aggregate,10,128,32,middle,True,True,0,10,20,"{""2"": 10}",0,10,0,10,129
results\d4_stable\blocks_development_r4\batch_20260919T095040.498859Z_e63ba82a.json.gz,20260919T095040.498859Z_e63ba82a,4,382e110e-9e87-4f22-bd54-d79192f535ab,d4stable_382e110e-9e87-4f22-bd54-d79192f535ab_7604_f49deef9,238,test:unloaded,normal,baseline,role_aggregate,10,128,32,middle,True,True,0,10,20,"{""2"": 10}",0,10,0,10,129
results\d4_stable\blocks_development_r4\batch_20260919T095042.793014Z_e17b8a3a.json.gz,20260919T095042.793014Z_e17b8a3a,4,382e110e-9e87-4f22-bd54-d79192f535ab,d4stable_382e110e-9e87-4f22-bd54-d79192f535ab_7604_f49deef9,239,test:unloaded,normal,baseline,role_aggregate,10,128,32,middle,True,True,0,10,20,"{""2"": 10}",0,10,0,10,129
results\d4_stable\blocks_development_r4\batch_20260919T095045.562036Z_75d1da45.json.gz,20260919T095045.562036Z_75d1da45,4,382e110e-9e87-4f22-bd54-d79192f535ab,d4stable_382e110e-9e87-4f22-bd54-d79192f535ab_7604_f49deef9,240,test:unloaded,normal,baseline,role_aggregate,10,128,32,middle,True,True,0,10,20,"{""2"": 10}",0,10,0,10,129
results\d4_stable\blocks_development_r4\batch_20260919T095048.152772Z_f12e4575.json.gz,20260919T095048.152772Z_f12e4575,4,382e110e-9e87-4f22-bd54-d79192f535ab,d4stable_382e110e-9e87-4f22-bd54-d79192f535ab_7604_f49deef9,241,test:unloaded,normal,baseline,role_aggregate,10,128,32,middle,True,True,0,10,20,"{""2"": 10}",0,10,0,10,129
results\d4_stable\blocks_development_r4\batch_20260919T095050.953115Z_09fc09de.json.gz,20260919T095050.953115Z_09fc09de,4,382e110e-9e87-4f22-bd54-d79192f535ab,d4stable_382e110e-9e87-4f22-bd54-d79192f535ab_7604_f49deef9,242,test:unloaded,normal,baseline,role_aggregate,10,128,32,middle,True,True,0,10,20,"{""2"": 10}",0,10,0,10,129
results\d4_stable\blocks_development_r4\batch_20260919T095053.281153Z_a75297bd.json.gz,20260919T095053.281153Z_a75297bd,4,382e110e-9e87-4f22-bd54-d79192f535ab,d4stable_382e110e-9e87-4f22-bd54-d79192f535ab_7604_f49deef9,243,test:unloaded,normal,baseline,role_aggregate,10,128,32,middle,True,True,0,10,20,"{""2"": 10}",0,10,0,10,129
results\d4_stable\blocks_development_r4\batch_20260919T095055.640633Z_2db79fbb.json.gz,20260919T095055.640633Z_2db79fbb,4,382e110e-9e87-4f22-bd54-d79192f535ab,d4stable_382e110e-9e87-4f22-bd54-d79192f535ab_7604_f49deef9,244,test:unloaded,normal,baseline,role_aggregate,10,128,32,middle,True,True,0,10,20,"{""2"": 10}",0,10,0,10,129
results\d4_stable\blocks_development_r4\batch_20260919T095057.995012Z_c2403712.json.gz,20260919T095057.995012Z_c2403712,4,382e110e-9e87-4f22-bd54-d79192f535ab,d4stable_382e110e-9e87-4f22-bd54-d79192f535ab_7604_f49deef9,245,test:unloaded,normal,baseline,role_aggregate,10,128,32,middle,True,True,0,10,20,"{""2"": 10}",0,10,0,10,129
results\d4_stable\blocks_development_r4\batch_20260919T095100.685083Z_e5e88ec6.json.gz,20260919T095100.685083Z_e5e88ec6,4,382e110e-9e87-4f22-bd54-d79192f535ab,d4stable_382e110e-9e87-4f22-bd54-d79192f535ab_7604_f49deef9,246,test:unloaded,normal,baseline,role_aggregate,10,128,32,middle,True,True,0,10,20,"{""2"": 10}",0,10,0,10,129
results\d4_stable\blocks_development_r4\batch_20260919T095103.383136Z_3c3fc445.json.gz,20260919T095103.383136Z_3c3fc445,4,382e110e-9e87-4f22-bd54-d79192f535ab,d4stable_382e110e-9e87-4f22-bd54-d79192f535ab_7604_f49deef9,247,test:unloaded,normal,baseline,role_aggregate,10,128,32,middle,True,True,0,10,20,"{""2"": 10}",0,10,0,10,129
results\d4_stable\blocks_development_r4\batch_20260919T095105.774264Z_7625d6e5.json.gz,20260919T095105.774264Z_7625d6e5,4,382e110e-9e87-4f22-bd54-d79192f535ab,d4stable_382e110e-9e87-4f22-bd54-d79192f535ab_7604_f49deef9,248,test:unloaded,normal,baseline,role_aggregate,10,128,32,middle,True,True,0,10,20,"{""2"": 10}",0,10,0,10,129
results\d4_stable\blocks_development_r4\batch_20260919T095108.034461Z_63433e09.json.gz,20260919T095108.034461Z_63433e09,4,382e110e-9e87-4f22-bd54-d79192f535ab,d4stable_382e110e-9e87-4f22-bd54-d79192f535ab_7604_f49deef9,249,test:unloaded,normal,baseline,role_aggregate,10,128,32,middle,True,True,0,10,20,"{""2"": 10}",0,10,0,10,129
results\d4_stable\blocks_development_r4\batch_20260919T095110.147694Z_4af33cbe.json.gz,20260919T095110.147694Z_4af33cbe,4,382e110e-9e87-4f22-bd54-d79192f535ab,d4stable_382e110e-9e87-4f22-bd54-d79192f535ab_7604_f49deef9,250,test:unloaded,normal,baseline,role_aggregate,10,128,32,middle,True,True,0,10,20,"{""2"": 10}",0,10,0,10,129
results\d4_stable\blocks_development_r4\batch_20260919T095112.513225Z_1ef59c04.json.gz,20260919T095112.513225Z_1ef59c04,4,382e110e-9e87-4f22-bd54-d79192f535ab,d4stable_382e110e-9e87-4f22-bd54-d79192f535ab_7604_f49deef9,251,test:unloaded,normal,baseline,role_aggregate,10,128,32,middle,True,True,0,10,20,"{""2"": 10}",0,10,0,10,129
results\d4_stable\blocks_development_r4\batch_20260919T095114.578171Z_2b8df65f.json.gz,20260919T095114.578171Z_2b8df65f,4,382e110e-9e87-4f22-bd54-d79192f535ab,d4stable_382e110e-9e87-4f22-bd54-d79192f535ab_7604_f49deef9,252,test:unloaded,normal,baseline,role_aggregate,10,128,32,middle,True,True,0,10,20,"{""2"": 10}",0,10,0,10,129
results\d4_stable\blocks_development_r4\batch_20260919T095116.631711Z_9af8cca8.json.gz,20260919T095116.631711Z_9af8cca8,4,382e110e-9e87-4f22-bd54-d79192f535ab,d4stable_382e110e-9e87-4f22-bd54-d79192f535ab_7604_f49deef9,253,test:unloaded,normal,baseline,role_aggregate,10,128,32,middle,True,True,0,10,20,"{""2"": 10}",0,10,0,10,129
results\d4_stable\blocks_development_r4\batch_20260919T095118.745477Z_1f52eea1.json.gz,20260919T095118.745477Z_1f52eea1,4,382e110e-9e87-4f22-bd54-d79192f535ab,d4stable_382e110e-9e87-4f22-bd54-d79192f535ab_7604_f49deef9,254,test:unloaded,normal,baseline,role_aggregate,10,128,32,middle,True,True,0,10,20,"{""2"": 10}",0,10,0,10,129
results\d4_stable\blocks_development_r4\batch_20260919T095120.940096Z_bd979293.json.gz,20260919T095120.940096Z_bd979293,4,382e110e-9e87-4f22-bd54-d79192f535ab,d4stable_382e110e-9e87-4f22-bd54-d79192f535ab_7604_f49deef9,255,test:unloaded,normal,baseline,role_aggregate,10,128,32,middle,True,True,0,10,20,"{""2"": 10}",0,10,0,10,129
results\d4_stable\blocks_development_r4\batch_20260919T095123.172201Z_307eda9a.json.gz,20260919T095123.172201Z_307eda9a,4,382e110e-9e87-4f22-bd54-d79192f535ab,d4stable_382e110e-9e87-4f22-bd54-d79192f535ab_7604_f49deef9,256,test:unloaded,normal,baseline,role_aggregate,10,128,32,middle,True,True,0,10,20,"{""2"": 10}",0,10,0,10,129
results\d4_stable\blocks_development_r4\batch_20260919T095125.321166Z_61dea5a1.json.gz,20260919T095125.321166Z_61dea5a1,4,382e110e-9e87-4f22-bd54-d79192f535ab,d4stable_382e110e-9e87-4f22-bd54-d79192f535ab_7604_f49deef9,257,test:unloaded,normal,baseline,role_aggregate,10,128,32,middle,True,True,0,10,20,"{""2"": 10}",0,10,0,10,129
results\d4_stable\blocks_development_r4\batch_20260919T095127.364667Z_6f557537.json.gz,20260919T095127.364667Z_6f557537,4,382e110e-9e87-4f22-bd54-d79192f535ab,d4stable_382e110e-9e87-4f22-bd54-d79192f535ab_7604_f49deef9,258,test:unloaded,normal,baseline,role_aggregate,10,128,32,middle,True,True,0,10,20,"{""2"": 10}",0,10,0,10,129
results\d4_stable\blocks_development_r4\batch_20260919T095129.439452Z_61d7015f.json.gz,20260919T095129.439452Z_61d7015f,4,382e110e-9e87-4f22-bd54-d79192f535ab,d4stable_382e110e-9e87-4f22-bd54-d79192f535ab_7604_f49deef9,259,test:unloaded,normal,baseline,role_aggregate,10,128,32,middle,True,True,0,10,20,"{""2"": 10}",0,10,0,10,129
results\d4_stable\blocks_development_r4\batch_20260919T095131.606684Z_a7392ffc.json.gz,20260919T095131.606684Z_a7392ffc,4,382e110e-9e87-4f22-bd54-d79192f535ab,d4stable_382e110e-9e87-4f22-bd54-d79192f535ab_7604_f49deef9,260,test:hiding,rootkit,baseline,role_aggregate,10,128,32,middle,True,True,0,10,20,"{""2"": 10}",0,10,0,0,
results\d4_stable\blocks_development_r4\batch_20260919T095134.205093Z_82526b4a.json.gz,20260919T095134.205093Z_82526b4a,4,382e110e-9e87-4f22-bd54-d79192f535ab,d4stable_382e110e-9e87-4f22-bd54-d79192f535ab_7604_f49deef9,261,test:hiding,rootkit,baseline,role_aggregate,10,128,32,middle,True,True,0,10,20,"{""2"": 10}",0,10,0,0,
results\d4_stable\blocks_development_r4\batch_20260919T095136.969603Z_a3d5d72b.json.gz,20260919T095136.969603Z_a3d5d72b,4,382e110e-9e87-4f22-bd54-d79192f535ab,d4stable_382e110e-9e87-4f22-bd54-d79192f535ab_7604_f49deef9,262,test:hiding,rootkit,baseline,role_aggregate,10,128,32,middle,True,True,0,10,20,"{""2"": 10}",0,10,0,0,
results\d4_stable\blocks_development_r4\batch_20260919T095139.695100Z_bc51ca4d.json.gz,20260919T095139.695100Z_bc51ca4d,4,382e110e-9e87-4f22-bd54-d79192f535ab,d4stable_382e110e-9e87-4f22-bd54-d79192f535ab_7604_f49deef9,263,test:hiding,rootkit,baseline,role_aggregate,10,128,32,middle,True,True,0,10,20,"{""2"": 10}",0,10,0,0,
results\d4_stable\blocks_development_r4\batch_20260919T095142.393981Z_690aece0.json.gz,20260919T095142.393981Z_690aece0,4,382e110e-9e87-4f22-bd54-d79192f535ab,d4stable_382e110e-9e87-4f22-bd54-d79192f535ab_7604_f49deef9,264,test:hiding,rootkit,baseline,role_aggregate,10,128,32,middle,True,True,0,10,20,"{""2"": 10}",0,10,0,0,
results\d4_stable\blocks_development_r4\batch_20260919T095145.154463Z_0b9e41c3.json.gz,20260919T095145.154463Z_0b9e41c3,4,382e110e-9e87-4f22-bd54-d79192f535ab,d4stable_382e110e-9e87-4f22-bd54-d79192f535ab_7604_f49deef9,265,test:hiding,rootkit,baseline,role_aggregate,10,128,32,middle,True,True,0,10,20,"{""2"": 10}",0,10,0,0,
results\d4_stable\blocks_development_r4\batch_20260919T095148.124103Z_1c859b07.json.gz,20260919T095148.124103Z_1c859b07,4,382e110e-9e87-4f22-bd54-d79192f535ab,d4stable_382e110e-9e87-4f22-bd54-d79192f535ab_7604_f49deef9,266,test:hiding,rootkit,baseline,role_aggregate,10,128,32,middle,True,True,0,10,20,"{""2"": 10}",0,10,0,0,
results\d4_stable\blocks_development_r4\batch_20260919T095150.837881Z_3ead23e2.json.gz,20260919T095150.837881Z_3ead23e2,4,382e110e-9e87-4f22-bd54-d79192f535ab,d4stable_382e110e-9e87-4f22-bd54-d79192f535ab_7604_f49deef9,267,test:hiding,rootkit,baseline,role_aggregate,10,128,32,middle,True,True,0,10,20,"{""2"": 10}",0,10,0,0,
results\d4_stable\blocks_development_r4\batch_20260919T095153.522119Z_b1f41ea7.json.gz,20260919T095153.522119Z_b1f41ea7,4,382e110e-9e87-4f22-bd54-d79192f535ab,d4stable_382e110e-9e87-4f22-bd54-d79192f535ab_7604_f49deef9,268,test:hiding,rootkit,baseline,role_aggregate,10,128,32,middle,True,True,0,10,20,"{""2"": 10}",0,10,0,0,
results\d4_stable\blocks_development_r4\batch_20260919T095156.258175Z_923d8712.json.gz,20260919T095156.258175Z_923d8712,4,382e110e-9e87-4f22-bd54-d79192f535ab,d4stable_382e110e-9e87-4f22-bd54-d79192f535ab_7604_f49deef9,269,test:hiding,rootkit,baseline,role_aggregate,10,128,32,middle,True,True,0,10,20,"{""2"": 10}",0,10,0,0,
results\d4_stable\blocks_development_r4\batch_20260919T095158.937012Z_14628b77.json.gz,20260919T095158.937012Z_14628b77,4,382e110e-9e87-4f22-bd54-d79192f535ab,d4stable_382e110e-9e87-4f22-bd54-d79192f535ab_7604_f49deef9,270,test:hiding,rootkit,baseline,role_aggregate,10,128,32,middle,True,True,0,10,20,"{""2"": 10}",0,10,0,0,
results\d4_stable\blocks_development_r4\batch_20260919T095201.637528Z_f424de36.json.gz,20260919T095201.637528Z_f424de36,4,382e110e-9e87-4f22-bd54-d79192f535ab,d4stable_382e110e-9e87-4f22-bd54-d79192f535ab_7604_f49deef9,271,test:hiding,rootkit,baseline,role_aggregate,10,128,32,middle,True,True,0,10,20,"{""2"": 10}",0,10,0,0,
results\d4_stable\blocks_development_r4\batch_20260919T095204.418502Z_0d65c86d.json.gz,20260919T095204.418502Z_0d65c86d,4,382e110e-9e87-4f22-bd54-d79192f535ab,d4stable_382e110e-9e87-4f22-bd54-d79192f535ab_7604_f49deef9,272,test:hiding,rootkit,baseline,role_aggregate,10,128,32,middle,True,True,0,10,20,"{""2"": 10}",0,10,0,0,
results\d4_stable\blocks_development_r4\batch_20260919T095207.251840Z_3b27d9e5.json.gz,20260919T095207.251840Z_3b27d9e5,4,382e110e-9e87-4f22-bd54-d79192f535ab,d4stable_382e110e-9e87-4f22-bd54-d79192f535ab_7604_f49deef9,273,test:hiding,rootkit,baseline,role_aggregate,10,128,32,middle,True,True,0,10,20,"{""2"": 10}",0,10,0,0,
results\d4_stable\blocks_development_r4\batch_20260919T095209.930001Z_f0a9dcc9.json.gz,20260919T095209.930001Z_f0a9dcc9,4,382e110e-9e87-4f22-bd54-d79192f535ab,d4stable_382e110e-9e87-4f22-bd54-d79192f535ab_7604_f49deef9,274,test:hiding,rootkit,baseline,role_aggregate,10,128,32,middle,True,True,0,10,20,"{""2"": 10}",0,10,0,0,
results\d4_stable\blocks_development_r4\batch_20260919T095212.608671Z_e078ba25.json.gz,20260919T095212.608671Z_e078ba25,4,382e110e-9e87-4f22-bd54-d79192f535ab,d4stable_382e110e-9e87-4f22-bd54-d79192f535ab_7604_f49deef9,275,test:hiding,rootkit,baseline,role_aggregate,10,128,32,middle,True,True,0,10,20,"{""2"": 10}",0,10,0,0,
results\d4_stable\blocks_development_r4\batch_20260919T095215.292584Z_3ec37e8d.json.gz,20260919T095215.292584Z_3ec37e8d,4,382e110e-9e87-4f22-bd54-d79192f535ab,d4stable_382e110e-9e87-4f22-bd54-d79192f535ab_7604_f49deef9,276,test:hiding,rootkit,baseline,role_aggregate,10,128,32,middle,True,True,0,10,20,"{""2"": 10}",0,10,0,0,
results\d4_stable\blocks_development_r4\batch_20260919T095218.092140Z_68ea7e3c.json.gz,20260919T095218.092140Z_68ea7e3c,4,382e110e-9e87-4f22-bd54-d79192f535ab,d4stable_382e110e-9e87-4f22-bd54-d79192f535ab_7604_f49deef9,277,test:hiding,rootkit,baseline,role_aggregate,10,128,32,middle,True,True,0,10,20,"{""2"": 10}",0,10,0,0,
results\d4_stable\blocks_development_r4\batch_20260919T095220.821892Z_c54c75e4.json.gz,20260919T095220.821892Z_c54c75e4,4,382e110e-9e87-4f22-bd54-d79192f535ab,d4stable_382e110e-9e87-4f22-bd54-d79192f535ab_7604_f49deef9,278,test:hiding,rootkit,baseline,role_aggregate,10,128,32,middle,True,True,0,10,20,"{""2"": 10}",0,10,0,0,
results\d4_stable\blocks_development_r4\batch_20260919T095223.523901Z_ba265274.json.gz,20260919T095223.523901Z_ba265274,4,382e110e-9e87-4f22-bd54-d79192f535ab,d4stable_382e110e-9e87-4f22-bd54-d79192f535ab_7604_f49deef9,279,test:hiding,rootkit,baseline,role_aggregate,10,128,32,middle,True,True,0,10,20,"{""2"": 10}",0,10,0,0,
results\d4_stable\blocks_development_r4\batch_20260919T095226.240864Z_a72181aa.json.gz,20260919T095226.240864Z_a72181aa,4,382e110e-9e87-4f22-bd54-d79192f535ab,d4stable_382e110e-9e87-4f22-bd54-d79192f535ab_7604_f49deef9,280,test:hiding,rootkit,baseline,role_aggregate,10,128,32,middle,True,True,0,10,20,"{""2"": 10}",0,10,0,0,
results\d4_stable\blocks_development_r4\batch_20260919T095229.017010Z_5c2f8183.json.gz,20260919T095229.017010Z_5c2f8183,4,382e110e-9e87-4f22-bd54-d79192f535ab,d4stable_382e110e-9e87-4f22-bd54-d79192f535ab_7604_f49deef9,281,test:hiding,rootkit,baseline,role_aggregate,10,128,32,middle,True,True,0,10,20,"{""2"": 10}",0,10,0,0,
results\d4_stable\blocks_development_r4\batch_20260919T095231.707016Z_d3dc849b.json.gz,20260919T095231.707016Z_d3dc849b,4,382e110e-9e87-4f22-bd54-d79192f535ab,d4stable_382e110e-9e87-4f22-bd54-d79192f535ab_7604_f49deef9,282,test:hiding,rootkit,baseline,role_aggregate,10,128,32,middle,True,True,0,10,20,"{""2"": 10}",0,10,0,0,
results\d4_stable\blocks_development_r4\batch_20260919T095234.367633Z_d35843e7.json.gz,20260919T095234.367633Z_d35843e7,4,382e110e-9e87-4f22-bd54-d79192f535ab,d4stable_382e110e-9e87-4f22-bd54-d79192f535ab_7604_f49deef9,283,test:hiding,rootkit,baseline,role_aggregate,10,128,32,middle,True,True,0,10,20,"{""2"": 10}",0,10,0,0,
results\d4_stable\blocks_development_r4\batch_20260919T095237.123579Z_9a28576d.json.gz,20260919T095237.123579Z_9a28576d,4,382e110e-9e87-4f22-bd54-d79192f535ab,d4stable_382e110e-9e87-4f22-bd54-d79192f535ab_7604_f49deef9,284,test:hiding,rootkit,baseline,role_aggregate,10,128,32,middle,True,True,0,10,20,"{""2"": 10}",0,10,0,0,
results\d4_stable\blocks_development_r4\batch_20260919T095239.904410Z_e3eb63f4.json.gz,20260919T095239.904410Z_e3eb63f4,4,382e110e-9e87-4f22-bd54-d79192f535ab,d4stable_382e110e-9e87-4f22-bd54-d79192f535ab_7604_f49deef9,285,test:hiding,rootkit,baseline,role_aggregate,10,128,32,middle,True,True,0,10,20,"{""2"": 10}",0,10,0,0,
results\d4_stable\blocks_development_r4\batch_20260919T095243.183975Z_9324fa60.json.gz,20260919T095243.183975Z_9324fa60,4,382e110e-9e87-4f22-bd54-d79192f535ab,d4stable_382e110e-9e87-4f22-bd54-d79192f535ab_7604_f49deef9,286,test:hiding,rootkit,baseline,role_aggregate,10,128,32,middle,True,True,0,10,20,"{""2"": 10}",0,10,0,0,
results\d4_stable\blocks_development_r4\batch_20260919T095246.095456Z_501e3524.json.gz,20260919T095246.095456Z_501e3524,4,382e110e-9e87-4f22-bd54-d79192f535ab,d4stable_382e110e-9e87-4f22-bd54-d79192f535ab_7604_f49deef9,287,test:hiding,rootkit,baseline,role_aggregate,10,128,32,middle,True,True,0,10,20,"{""2"": 10}",0,10,0,0,
results\d4_stable\blocks_development_r4\batch_20260919T095249.121821Z_300a6d4e.json.gz,20260919T095249.121821Z_300a6d4e,4,382e110e-9e87-4f22-bd54-d79192f535ab,d4stable_382e110e-9e87-4f22-bd54-d79192f535ab_7604_f49deef9,288,test:hiding,rootkit,baseline,role_aggregate,10,128,32,middle,True,True,0,10,20,"{""2"": 10}",0,10,0,0,
results\d4_stable\blocks_development_r4\batch_20260919T095252.227191Z_4fffcb9a.json.gz,20260919T095252.227191Z_4fffcb9a,4,382e110e-9e87-4f22-bd54-d79192f535ab,d4stable_382e110e-9e87-4f22-bd54-d79192f535ab_7604_f49deef9,289,test:hiding,rootkit,baseline,role_aggregate,10,128,32,middle,True,True,0,10,20,"{""2"": 10}",0,10,0,0,
results\d4_stable\blocks_development_r4\batch_20260919T095254.992236Z_3202d950.json.gz,20260919T095254.992236Z_3202d950,4,382e110e-9e87-4f22-bd54-d79192f535ab,d4stable_382e110e-9e87-4f22-bd54-d79192f535ab_7604_f49deef9,290,test:hiding,rootkit,baseline,role_aggregate,10,128,32,middle,True,True,0,10,20,"{""2"": 10}",0,10,0,0,
results\d4_stable\blocks_development_r4\batch_20260919T095258.056196Z_937b9d57.json.gz,20260919T095258.056196Z_937b9d57,4,382e110e-9e87-4f22-bd54-d79192f535ab,d4stable_382e110e-9e87-4f22-bd54-d79192f535ab_7604_f49deef9,291,test:hiding,rootkit,baseline,role_aggregate,10,128,32,middle,True,True,0,10,20,"{""2"": 10}",0,10,0,0,
results\d4_stable\blocks_development_r4\batch_20260919T095300.828881Z_6c996c7c.json.gz,20260919T095300.828881Z_6c996c7c,4,382e110e-9e87-4f22-bd54-d79192f535ab,d4stable_382e110e-9e87-4f22-bd54-d79192f535ab_7604_f49deef9,292,test:hiding,rootkit,baseline,role_aggregate,10,128,32,middle,True,True,0,10,20,"{""2"": 10}",0,10,0,0,
results\d4_stable\blocks_development_r4\batch_20260919T095303.688070Z_d508c92f.json.gz,20260919T095303.688070Z_d508c92f,4,382e110e-9e87-4f22-bd54-d79192f535ab,d4stable_382e110e-9e87-4f22-bd54-d79192f535ab_7604_f49deef9,293,test:hiding,rootkit,baseline,role_aggregate,10,128,32,middle,True,True,0,10,20,"{""2"": 10}",0,10,0,0,
results\d4_stable\blocks_development_r4\batch_20260919T095306.815742Z_0dfa233b.json.gz,20260919T095306.815742Z_0dfa233b,4,382e110e-9e87-4f22-bd54-d79192f535ab,d4stable_382e110e-9e87-4f22-bd54-d79192f535ab_7604_f49deef9,294,test:hiding,rootkit,baseline,role_aggregate,10,128,32,middle,True,True,0,10,20,"{""2"": 10}",0,10,0,0,
results\d4_stable\blocks_development_r4\batch_20260919T095309.608080Z_f4611c20.json.gz,20260919T095309.608080Z_f4611c20,4,382e110e-9e87-4f22-bd54-d79192f535ab,d4stable_382e110e-9e87-4f22-bd54-d79192f535ab_7604_f49deef9,295,test:hiding,rootkit,baseline,role_aggregate,10,128,32,middle,True,True,0,10,20,"{""2"": 10}",0,10,0,0,
results\d4_stable\blocks_development_r4\batch_20260919T095312.324882Z_fad6debb.json.gz,20260919T095312.324882Z_fad6debb,4,382e110e-9e87-4f22-bd54-d79192f535ab,d4stable_382e110e-9e87-4f22-bd54-d79192f535ab_7604_f49deef9,296,test:hiding,rootkit,baseline,role_aggregate,10,128,32,middle,True,True,0,10,20,"{""2"": 10}",0,10,0,0,
results\d4_stable\blocks_development_r4\batch_20260919T095315.013713Z_5719ecd0.json.gz,20260919T095315.013713Z_5719ecd0,4,382e110e-9e87-4f22-bd54-d79192f535ab,d4stable_382e110e-9e87-4f22-bd54-d79192f535ab_7604_f49deef9,297,test:hiding,rootkit,baseline,role_aggregate,10,128,32,middle,True,True,0,10,20,"{""2"": 10}",0,10,0,0,
results\d4_stable\blocks_development_r4\batch_20260919T095317.781687Z_63ff6868.json.gz,20260919T095317.781687Z_63ff6868,4,382e110e-9e87-4f22-bd54-d79192f535ab,d4stable_382e110e-9e87-4f22-bd54-d79192f535ab_7604_f49deef9,298,test:hiding,rootkit,baseline,role_aggregate,10,128,32,middle,True,True,0,10,20,"{""2"": 10}",0,10,0,0,
results\d4_stable\blocks_development_r4\batch_20260919T095320.482908Z_b21fc051.json.gz,20260919T095320.482908Z_b21fc051,4,382e110e-9e87-4f22-bd54-d79192f535ab,d4stable_382e110e-9e87-4f22-bd54-d79192f535ab_7604_f49deef9,299,test:hiding,rootkit,baseline,role_aggregate,10,128,32,middle,True,True,0,10,20,"{""2"": 10}",0,10,0,0,
results\d4_stable\blocks_development_r4\batch_20260919T095323.197855Z_26ad2e62.json.gz,20260919T095323.197855Z_26ad2e62,4,382e110e-9e87-4f22-bd54-d79192f535ab,d4stable_382e110e-9e87-4f22-bd54-d79192f535ab_7604_f49deef9,300,test:hiding,rootkit,baseline,role_aggregate,10,128,32,middle,True,True,0,10,20,"{""2"": 10}",0,10,0,0,
results\d4_stable\blocks_development_r4\batch_20260919T095325.936430Z_766eb5f5.json.gz,20260919T095325.936430Z_766eb5f5,4,382e110e-9e87-4f22-bd54-d79192f535ab,d4stable_382e110e-9e87-4f22-bd54-d79192f535ab_7604_f49deef9,301,test:hiding,rootkit,baseline,role_aggregate,10,128,32,middle,True,True,0,10,20,"{""2"": 10}",0,10,0,0,
results\d4_stable\blocks_development_r4\batch_20260919T095328.654157Z_d7855982.json.gz,20260919T095328.654157Z_d7855982,4,382e110e-9e87-4f22-bd54-d79192f535ab,d4stable_382e110e-9e87-4f22-bd54-d79192f535ab_7604_f49deef9,302,test:hiding,rootkit,baseline,role_aggregate,10,128,32,middle,True,True,0,10,20,"{""2"": 10}",0,10,0,0,
results\d4_stable\blocks_development_r4\batch_20260919T095331.407195Z_242ef508.json.gz,20260919T095331.407195Z_242ef508,4,382e110e-9e87-4f22-bd54-d79192f535ab,d4stable_382e110e-9e87-4f22-bd54-d79192f535ab_7604_f49deef9,303,test:hiding,rootkit,baseline,role_aggregate,10,128,32,middle,True,True,0,10,20,"{""2"": 10}",0,10,0,0,
results\d4_stable\blocks_development_r4\batch_20260919T095334.011348Z_e08b68fc.json.gz,20260919T095334.011348Z_e08b68fc,4,382e110e-9e87-4f22-bd54-d79192f535ab,d4stable_382e110e-9e87-4f22-bd54-d79192f535ab_7604_f49deef9,304,test:hiding,rootkit,baseline,role_aggregate,10,128,32,middle,True,True,0,10,20,"{""2"": 10}",0,10,0,0,
results\d4_stable\blocks_development_r4\batch_20260919T095336.679886Z_cce5156e.json.gz,20260919T095336.679886Z_cce5156e,4,382e110e-9e87-4f22-bd54-d79192f535ab,d4stable_382e110e-9e87-4f22-bd54-d79192f535ab_7604_f49deef9,305,test:hiding,rootkit,baseline,role_aggregate,10,128,32,middle,True,True,0,10,20,"{""2"": 10}",0,10,0,0,
results\d4_stable\blocks_development_r4\batch_20260919T095339.389696Z_f8f81b64.json.gz,20260919T095339.389696Z_f8f81b64,4,382e110e-9e87-4f22-bd54-d79192f535ab,d4stable_382e110e-9e87-4f22-bd54-d79192f535ab_7604_f49deef9,306,test:hiding,rootkit,baseline,role_aggregate,10,128,32,middle,True,True,0,10,20,"{""2"": 10}",0,10,0,0,
results\d4_stable\blocks_development_r4\batch_20260919T095342.122941Z_de84ff7d.json.gz,20260919T095342.122941Z_de84ff7d,4,382e110e-9e87-4f22-bd54-d79192f535ab,d4stable_382e110e-9e87-4f22-bd54-d79192f535ab_7604_f49deef9,307,test:hiding,rootkit,baseline,role_aggregate,10,128,32,middle,True,True,0,10,20,"{""2"": 10}",0,10,0,0,
results\d4_stable\blocks_development_r4\batch_20260919T095344.724856Z_0084490a.json.gz,20260919T095344.724856Z_0084490a,4,382e110e-9e87-4f22-bd54-d79192f535ab,d4stable_382e110e-9e87-4f22-bd54-d79192f535ab_7604_f49deef9,308,test:hiding,rootkit,baseline,role_aggregate,10,128,32,middle,True,True,0,10,20,"{""2"": 10}",0,10,0,0,
results\d4_stable\blocks_development_r4\batch_20260919T095347.413148Z_7ccb75de.json.gz,20260919T095347.413148Z_7ccb75de,4,382e110e-9e87-4f22-bd54-d79192f535ab,d4stable_382e110e-9e87-4f22-bd54-d79192f535ab_7604_f49deef9,309,test:hiding,rootkit,baseline,role_aggregate,10,128,32,middle,True,True,0,10,20,"{""2"": 10}",0,10,0,0,
results\d4_stable\blocks_development_r4\batch_20260919T095350.147215Z_75d94b74.json.gz,20260919T095350.147215Z_75d94b74,4,382e110e-9e87-4f22-bd54-d79192f535ab,d4stable_382e110e-9e87-4f22-bd54-d79192f535ab_7604_f49deef9,310,test:hiding,rootkit,baseline,role_aggregate,10,128,32,middle,True,True,0,10,20,"{""2"": 10}",0,10,0,0,
results\d4_stable\blocks_development_r4\batch_20260919T095352.941250Z_6c041ee1.json.gz,20260919T095352.941250Z_6c041ee1,4,382e110e-9e87-4f22-bd54-d79192f535ab,d4stable_382e110e-9e87-4f22-bd54-d79192f535ab_7604_f49deef9,311,test:hiding,rootkit,baseline,role_aggregate,10,128,32,middle,True,True,0,10,20,"{""2"": 10}",0,10,0,0,
results\d4_stable\blocks_development_r4\batch_20260919T095355.637528Z_2a4dc2f9.json.gz,20260919T095355.637528Z_2a4dc2f9,4,382e110e-9e87-4f22-bd54-d79192f535ab,d4stable_382e110e-9e87-4f22-bd54-d79192f535ab_7604_f49deef9,312,test:hiding,rootkit,baseline,role_aggregate,10,128,32,middle,True,True,0,10,20,"{""2"": 10}",0,10,0,0,
results\d4_stable\blocks_development_r4\batch_20260919T095358.404003Z_1d71f9ed.json.gz,20260919T095358.404003Z_1d71f9ed,4,382e110e-9e87-4f22-bd54-d79192f535ab,d4stable_382e110e-9e87-4f22-bd54-d79192f535ab_7604_f49deef9,313,test:hiding,rootkit,baseline,role_aggregate,10,128,32,middle,True,True,0,10,20,"{""2"": 10}",0,10,0,0,
results\d4_stable\blocks_development_r4\batch_20260919T095401.010389Z_5a10c369.json.gz,20260919T095401.010389Z_5a10c369,4,382e110e-9e87-4f22-bd54-d79192f535ab,d4stable_382e110e-9e87-4f22-bd54-d79192f535ab_7604_f49deef9,314,test:hiding,rootkit,baseline,role_aggregate,10,128,32,middle,True,True,0,10,20,"{""2"": 10}",0,10,0,0,
results\d4_stable\blocks_development_r4\batch_20260919T095403.729872Z_98b94500.json.gz,20260919T095403.729872Z_98b94500,4,382e110e-9e87-4f22-bd54-d79192f535ab,d4stable_382e110e-9e87-4f22-bd54-d79192f535ab_7604_f49deef9,315,test:hiding,rootkit,baseline,role_aggregate,10,128,32,middle,True,True,0,10,20,"{""2"": 10}",0,10,0,0,
results\d4_stable\blocks_development_r4\batch_20260919T095406.391888Z_7fb82151.json.gz,20260919T095406.391888Z_7fb82151,4,382e110e-9e87-4f22-bd54-d79192f535ab,d4stable_382e110e-9e87-4f22-bd54-d79192f535ab_7604_f49deef9,316,test:hiding,rootkit,baseline,role_aggregate,10,128,32,middle,True,True,0,10,20,"{""2"": 10}",0,10,0,0,
results\d4_stable\blocks_development_r4\batch_20260919T095409.073057Z_e471c6c5.json.gz,20260919T095409.073057Z_e471c6c5,4,382e110e-9e87-4f22-bd54-d79192f535ab,d4stable_382e110e-9e87-4f22-bd54-d79192f535ab_7604_f49deef9,317,test:hiding,rootkit,baseline,role_aggregate,10,128,32,middle,True,True,0,10,20,"{""2"": 10}",0,10,0,0,
results\d4_stable\blocks_development_r4\batch_20260919T095411.756979Z_f602871f.json.gz,20260919T095411.756979Z_f602871f,4,382e110e-9e87-4f22-bd54-d79192f535ab,d4stable_382e110e-9e87-4f22-bd54-d79192f535ab_7604_f49deef9,318,test:hiding,rootkit,baseline,role_aggregate,10,128,32,middle,True,True,0,10,20,"{""2"": 10}",0,10,0,0,
results\d4_stable\blocks_development_r4\batch_20260919T095414.412912Z_d866c2de.json.gz,20260919T095414.412912Z_d866c2de,4,382e110e-9e87-4f22-bd54-d79192f535ab,d4stable_382e110e-9e87-4f22-bd54-d79192f535ab_7604_f49deef9,319,test:hiding,rootkit,baseline,role_aggregate,10,128,32,middle,True,True,0,10,20,"{""2"": 10}",0,10,0,0,
results\d4_stable\blocks_development_r4\batch_20260919T095417.116938Z_ef8736cc.json.gz,20260919T095417.116938Z_ef8736cc,4,382e110e-9e87-4f22-bd54-d79192f535ab,d4stable_382e110e-9e87-4f22-bd54-d79192f535ab_7604_f49deef9,320,test:hiding,rootkit,baseline,role_aggregate,10,128,32,middle,True,True,0,10,20,"{""2"": 10}",0,10,0,0,
results\d4_stable\blocks_development_r4\batch_20260919T095419.811973Z_dae238a2.json.gz,20260919T095419.811973Z_dae238a2,4,382e110e-9e87-4f22-bd54-d79192f535ab,d4stable_382e110e-9e87-4f22-bd54-d79192f535ab_7604_f49deef9,321,test:hiding,rootkit,baseline,role_aggregate,10,128,32,middle,True,True,0,10,20,"{""2"": 10}",0,10,0,0,
results\d4_stable\blocks_development_r4\batch_20260919T095422.523918Z_3f7c0d71.json.gz,20260919T095422.523918Z_3f7c0d71,4,382e110e-9e87-4f22-bd54-d79192f535ab,d4stable_382e110e-9e87-4f22-bd54-d79192f535ab_7604_f49deef9,322,test:hiding,rootkit,baseline,role_aggregate,10,128,32,middle,True,True,0,10,20,"{""2"": 10}",0,10,0,0,
results\d4_stable\blocks_development_r4\batch_20260919T095425.209923Z_b4ce43c4.json.gz,20260919T095425.209923Z_b4ce43c4,4,382e110e-9e87-4f22-bd54-d79192f535ab,d4stable_382e110e-9e87-4f22-bd54-d79192f535ab_7604_f49deef9,323,test:hiding,rootkit,baseline,role_aggregate,10,128,32,middle,True,True,0,10,20,"{""2"": 10}",0,10,0,0,
results\d4_stable\blocks_development_r4\batch_20260919T095427.908045Z_d59e4389.json.gz,20260919T095427.908045Z_d59e4389,4,382e110e-9e87-4f22-bd54-d79192f535ab,d4stable_382e110e-9e87-4f22-bd54-d79192f535ab_7604_f49deef9,324,test:hiding,rootkit,baseline,role_aggregate,10,128,32,middle,True,True,0,10,20,"{""2"": 10}",0,10,0,0,
results\d4_stable\blocks_development_r4\batch_20260919T095430.602730Z_f4b18186.json.gz,20260919T095430.602730Z_f4b18186,4,382e110e-9e87-4f22-bd54-d79192f535ab,d4stable_382e110e-9e87-4f22-bd54-d79192f535ab_7604_f49deef9,325,test:hiding,rootkit,baseline,role_aggregate,10,128,32,middle,True,True,0,10,20,"{""2"": 10}",0,10,0,0,
results\d4_stable\blocks_development_r4\batch_20260919T095433.370396Z_3c1dea20.json.gz,20260919T095433.370396Z_3c1dea20,4,382e110e-9e87-4f22-bd54-d79192f535ab,d4stable_382e110e-9e87-4f22-bd54-d79192f535ab_7604_f49deef9,326,test:hiding,rootkit,baseline,role_aggregate,10,128,32,middle,True,True,0,10,20,"{""2"": 10}",0,10,0,0,
results\d4_stable\blocks_development_r4\batch_20260919T095436.054926Z_1eb5017d.json.gz,20260919T095436.054926Z_1eb5017d,4,382e110e-9e87-4f22-bd54-d79192f535ab,d4stable_382e110e-9e87-4f22-bd54-d79192f535ab_7604_f49deef9,327,test:hiding,rootkit,baseline,role_aggregate,10,128,32,middle,True,True,0,10,20,"{""2"": 10}",0,10,0,0,
results\d4_stable\blocks_development_r4\batch_20260919T095438.697956Z_c3dd33c2.json.gz,20260919T095438.697956Z_c3dd33c2,4,382e110e-9e87-4f22-bd54-d79192f535ab,d4stable_382e110e-9e87-4f22-bd54-d79192f535ab_7604_f49deef9,328,test:hiding,rootkit,baseline,role_aggregate,10,128,32,middle,True,True,0,10,20,"{""2"": 10}",0,10,0,0,
results\d4_stable\blocks_development_r4\batch_20260919T095441.463840Z_d28a8c04.json.gz,20260919T095441.463840Z_d28a8c04,4,382e110e-9e87-4f22-bd54-d79192f535ab,d4stable_382e110e-9e87-4f22-bd54-d79192f535ab_7604_f49deef9,329,test:hiding,rootkit,baseline,role_aggregate,10,128,32,middle,True,True,0,10,20,"{""2"": 10}",0,10,0,0,
results\d4_stable\blocks_development_r4\batch_20260919T095444.100069Z_9a4b219c.json.gz,20260919T095444.100069Z_9a4b219c,4,382e110e-9e87-4f22-bd54-d79192f535ab,d4stable_382e110e-9e87-4f22-bd54-d79192f535ab_7604_f49deef9,330,test:hiding,rootkit,baseline,role_aggregate,10,128,32,middle,True,True,0,10,20,"{""2"": 10}",0,10,0,0,
results\d4_stable\blocks_development_r4\batch_20260919T095446.842524Z_1705bfcc.json.gz,20260919T095446.842524Z_1705bfcc,4,382e110e-9e87-4f22-bd54-d79192f535ab,d4stable_382e110e-9e87-4f22-bd54-d79192f535ab_7604_f49deef9,331,test:hiding,rootkit,baseline,role_aggregate,10,128,32,middle,True,True,0,10,20,"{""2"": 10}",0,10,0,0,
results\d4_stable\blocks_development_r4\batch_20260919T095449.626611Z_1751b227.json.gz,20260919T095449.626611Z_1751b227,4,382e110e-9e87-4f22-bd54-d79192f535ab,d4stable_382e110e-9e87-4f22-bd54-d79192f535ab_7604_f49deef9,332,test:hiding,rootkit,baseline,role_aggregate,10,128,32,middle,True,True,0,10,20,"{""2"": 10}",0,10,0,0,
results\d4_stable\blocks_development_r4\batch_20260919T095452.298393Z_f41db827.json.gz,20260919T095452.298393Z_f41db827,4,382e110e-9e87-4f22-bd54-d79192f535ab,d4stable_382e110e-9e87-4f22-bd54-d79192f535ab_7604_f49deef9,333,test:hiding,rootkit,baseline,role_aggregate,10,128,32,middle,True,True,0,10,20,"{""2"": 10}",0,10,0,0,
results\d4_stable\blocks_development_r4\batch_20260919T095455.004664Z_d01af91a.json.gz,20260919T095455.004664Z_d01af91a,4,382e110e-9e87-4f22-bd54-d79192f535ab,d4stable_382e110e-9e87-4f22-bd54-d79192f535ab_7604_f49deef9,334,test:hiding,rootkit,baseline,role_aggregate,10,128,32,middle,True,True,0,10,20,"{""2"": 10}",0,10,0,0,
results\d4_stable\blocks_development_r4\batch_20260919T095457.741965Z_bda87724.json.gz,20260919T095457.741965Z_bda87724,4,382e110e-9e87-4f22-bd54-d79192f535ab,d4stable_382e110e-9e87-4f22-bd54-d79192f535ab_7604_f49deef9,335,test:hiding,rootkit,baseline,role_aggregate,10,128,32,middle,True,True,0,10,20,"{""2"": 10}",0,10,0,0,
results\d4_stable\blocks_development_r4\batch_20260919T095500.350998Z_96742a8e.json.gz,20260919T095500.350998Z_96742a8e,4,382e110e-9e87-4f22-bd54-d79192f535ab,d4stable_382e110e-9e87-4f22-bd54-d79192f535ab_7604_f49deef9,336,test:hiding,rootkit,baseline,role_aggregate,10,128,32,middle,True,True,0,10,20,"{""2"": 10}",0,10,0,0,
results\d4_stable\blocks_development_r4\batch_20260919T095503.001922Z_94efdd32.json.gz,20260919T095503.001922Z_94efdd32,4,382e110e-9e87-4f22-bd54-d79192f535ab,d4stable_382e110e-9e87-4f22-bd54-d79192f535ab_7604_f49deef9,337,test:hiding,rootkit,baseline,role_aggregate,10,128,32,middle,True,True,0,10,20,"{""2"": 10}",0,10,0,0,
results\d4_stable\blocks_development_r4\batch_20260919T095505.719227Z_6e2148a6.json.gz,20260919T095505.719227Z_6e2148a6,4,382e110e-9e87-4f22-bd54-d79192f535ab,d4stable_382e110e-9e87-4f22-bd54-d79192f535ab_7604_f49deef9,338,test:hiding,rootkit,baseline,role_aggregate,10,128,32,middle,True,True,0,10,20,"{""2"": 10}",0,10,0,0,
results\d4_stable\blocks_development_r4\batch_20260919T095508.333153Z_1e33a6a1.json.gz,20260919T095508.333153Z_1e33a6a1,4,382e110e-9e87-4f22-bd54-d79192f535ab,d4stable_382e110e-9e87-4f22-bd54-d79192f535ab_7604_f49deef9,339,test:hiding,rootkit,baseline,role_aggregate,10,128,32,middle,True,True,0,10,20,"{""2"": 10}",0,10,0,0,
results\d4_stable\blocks_development_r4\batch_20260919T095511.031228Z_e76abb9a.json.gz,20260919T095511.031228Z_e76abb9a,4,382e110e-9e87-4f22-bd54-d79192f535ab,d4stable_382e110e-9e87-4f22-bd54-d79192f535ab_7604_f49deef9,340,test:hiding,rootkit,baseline,role_aggregate,10,128,32,middle,True,True,0,10,20,"{""2"": 10}",0,10,0,0,
results\d4_stable\blocks_development_r4\batch_20260919T095513.897071Z_d71c74e1.json.gz,20260919T095513.897071Z_d71c74e1,4,382e110e-9e87-4f22-bd54-d79192f535ab,d4stable_382e110e-9e87-4f22-bd54-d79192f535ab_7604_f49deef9,341,test:hiding,rootkit,baseline,role_aggregate,10,128,32,middle,True,True,0,10,20,"{""2"": 10}",0,10,0,0,
results\d4_stable\blocks_development_r4\batch_20260919T095516.616882Z_6e03eca0.json.gz,20260919T095516.616882Z_6e03eca0,4,382e110e-9e87-4f22-bd54-d79192f535ab,d4stable_382e110e-9e87-4f22-bd54-d79192f535ab_7604_f49deef9,342,test:hiding,rootkit,baseline,role_aggregate,10,128,32,middle,True,True,0,10,20,"{""2"": 10}",0,10,0,0,
results\d4_stable\blocks_development_r4\batch_20260919T095519.352094Z_27a77b1d.json.gz,20260919T095519.352094Z_27a77b1d,4,382e110e-9e87-4f22-bd54-d79192f535ab,d4stable_382e110e-9e87-4f22-bd54-d79192f535ab_7604_f49deef9,343,test:hiding,rootkit,baseline,role_aggregate,10,128,32,middle,True,True,0,10,20,"{""2"": 10}",0,10,0,0,
results\d4_stable\blocks_development_r4\batch_20260919T095522.045565Z_3458bc97.json.gz,20260919T095522.045565Z_3458bc97,4,382e110e-9e87-4f22-bd54-d79192f535ab,d4stable_382e110e-9e87-4f22-bd54-d79192f535ab_7604_f49deef9,344,test:hiding,rootkit,baseline,role_aggregate,10,128,32,middle,True,True,0,10,20,"{""2"": 10}",0,10,0,0,
results\d4_stable\blocks_development_r4\batch_20260919T095524.734951Z_99c64fe7.json.gz,20260919T095524.734951Z_99c64fe7,4,382e110e-9e87-4f22-bd54-d79192f535ab,d4stable_382e110e-9e87-4f22-bd54-d79192f535ab_7604_f49deef9,345,test:hiding,rootkit,baseline,role_aggregate,10,128,32,middle,True,True,0,10,20,"{""2"": 10}",0,10,0,0,
results\d4_stable\blocks_development_r4\batch_20260919T095527.388631Z_65fe6654.json.gz,20260919T095527.388631Z_65fe6654,4,382e110e-9e87-4f22-bd54-d79192f535ab,d4stable_382e110e-9e87-4f22-bd54-d79192f535ab_7604_f49deef9,346,test:hiding,rootkit,baseline,role_aggregate,10,128,32,middle,True,True,0,10,20,"{""2"": 10}",0,10,0,0,
results\d4_stable\blocks_development_r4\batch_20260919T095530.642810Z_0a4426ea.json.gz,20260919T095530.642810Z_0a4426ea,4,382e110e-9e87-4f22-bd54-d79192f535ab,d4stable_382e110e-9e87-4f22-bd54-d79192f535ab_7604_f49deef9,347,test:hiding,rootkit,baseline,role_aggregate,10,128,32,middle,True,True,0,10,20,"{""2"": 10}",0,10,0,0,
results\d4_stable\blocks_development_r4\batch_20260919T095533.784739Z_19e588db.json.gz,20260919T095533.784739Z_19e588db,4,382e110e-9e87-4f22-bd54-d79192f535ab,d4stable_382e110e-9e87-4f22-bd54-d79192f535ab_7604_f49deef9,348,test:hiding,rootkit,baseline,role_aggregate,10,128,32,middle,True,True,0,10,20,"{""2"": 10}",0,10,0,0,
results\d4_stable\blocks_development_r4\batch_20260919T095536.847135Z_68f00cdc.json.gz,20260919T095536.847135Z_68f00cdc,4,382e110e-9e87-4f22-bd54-d79192f535ab,d4stable_382e110e-9e87-4f22-bd54-d79192f535ab_7604_f49deef9,349,test:hiding,rootkit,baseline,role_aggregate,10,128,32,middle,True,True,0,10,20,"{""2"": 10}",0,10,0,0,
results\d4_stable\blocks_development_r4\batch_20260919T095539.872852Z_ff2ead58.json.gz,20260919T095539.872852Z_ff2ead58,4,382e110e-9e87-4f22-bd54-d79192f535ab,d4stable_382e110e-9e87-4f22-bd54-d79192f535ab_7604_f49deef9,350,test:hiding,rootkit,baseline,role_aggregate,10,128,32,middle,True,True,0,10,20,"{""2"": 10}",0,10,0,0,
results\d4_stable\blocks_development_r4\batch_20260919T095542.822066Z_b785eb5a.json.gz,20260919T095542.822066Z_b785eb5a,4,382e110e-9e87-4f22-bd54-d79192f535ab,d4stable_382e110e-9e87-4f22-bd54-d79192f535ab_7604_f49deef9,351,test:hiding,rootkit,baseline,role_aggregate,10,128,32,middle,True,True,0,10,20,"{""2"": 10}",0,10,0,0,
results\d4_stable\blocks_development_r4\batch_20260919T095545.871967Z_793adc67.json.gz,20260919T095545.871967Z_793adc67,4,382e110e-9e87-4f22-bd54-d79192f535ab,d4stable_382e110e-9e87-4f22-bd54-d79192f535ab_7604_f49deef9,352,test:hiding,rootkit,baseline,role_aggregate,10,128,32,middle,True,True,0,10,20,"{""2"": 10}",0,10,0,0,
results\d4_stable\blocks_development_r4\batch_20260919T095548.996849Z_74309dd4.json.gz,20260919T095548.996849Z_74309dd4,4,382e110e-9e87-4f22-bd54-d79192f535ab,d4stable_382e110e-9e87-4f22-bd54-d79192f535ab_7604_f49deef9,353,test:hiding,rootkit,baseline,role_aggregate,10,128,32,middle,True,True,0,10,20,"{""2"": 10}",0,10,0,0,
results\d4_stable\blocks_development_r4\batch_20260919T095551.949441Z_6505cc40.json.gz,20260919T095551.949441Z_6505cc40,4,382e110e-9e87-4f22-bd54-d79192f535ab,d4stable_382e110e-9e87-4f22-bd54-d79192f535ab_7604_f49deef9,354,test:hiding,rootkit,baseline,role_aggregate,10,128,32,middle,True,True,0,10,20,"{""2"": 10}",0,10,0,0,
results\d4_stable\blocks_development_r4\batch_20260919T095554.984882Z_81eb5d23.json.gz,20260919T095554.984882Z_81eb5d23,4,382e110e-9e87-4f22-bd54-d79192f535ab,d4stable_382e110e-9e87-4f22-bd54-d79192f535ab_7604_f49deef9,355,test:hiding,rootkit,baseline,role_aggregate,10,128,32,middle,True,True,0,10,20,"{""2"": 10}",0,10,0,0,
results\d4_stable\blocks_development_r4\batch_20260919T095557.795797Z_7705bda0.json.gz,20260919T095557.795797Z_7705bda0,4,382e110e-9e87-4f22-bd54-d79192f535ab,d4stable_382e110e-9e87-4f22-bd54-d79192f535ab_7604_f49deef9,356,test:hiding,rootkit,baseline,role_aggregate,10,128,32,middle,True,True,0,10,20,"{""2"": 10}",0,10,0,0,
results\d4_stable\blocks_development_r4\batch_20260919T095600.649934Z_df3d91ae.json.gz,20260919T095600.649934Z_df3d91ae,4,382e110e-9e87-4f22-bd54-d79192f535ab,d4stable_382e110e-9e87-4f22-bd54-d79192f535ab_7604_f49deef9,357,test:hiding,rootkit,baseline,role_aggregate,10,128,32,middle,True,True,0,10,20,"{""2"": 10}",0,10,0,0,
results\d4_stable\blocks_development_r4\batch_20260919T095603.409004Z_39df87db.json.gz,20260919T095603.409004Z_39df87db,4,382e110e-9e87-4f22-bd54-d79192f535ab,d4stable_382e110e-9e87-4f22-bd54-d79192f535ab_7604_f49deef9,358,test:hiding,rootkit,baseline,role_aggregate,10,128,32,middle,True,True,0,10,20,"{""2"": 10}",0,10,0,0,
results\d4_stable\blocks_development_r4\batch_20260919T095606.261541Z_9d0002dc.json.gz,20260919T095606.261541Z_9d0002dc,4,382e110e-9e87-4f22-bd54-d79192f535ab,d4stable_382e110e-9e87-4f22-bd54-d79192f535ab_7604_f49deef9,359,test:hiding,rootkit,baseline,role_aggregate,10,128,32,middle,True,True,0,10,20,"{""2"": 10}",0,10,0,0,
results\d4_stable\blocks_development_r4\batch_20260919T095609.095922Z_cf6818fd.json.gz,20260919T095609.095922Z_cf6818fd,4,382e110e-9e87-4f22-bd54-d79192f535ab,d4stable_382e110e-9e87-4f22-bd54-d79192f535ab_7604_f49deef9,360,test:hiding,rootkit,baseline,role_aggregate,10,128,32,middle,True,True,0,10,20,"{""2"": 10}",0,10,0,0,
results\d4_stable\blocks_development_r4\batch_20260919T095611.924089Z_0342d78f.json.gz,20260919T095611.924089Z_0342d78f,4,382e110e-9e87-4f22-bd54-d79192f535ab,d4stable_382e110e-9e87-4f22-bd54-d79192f535ab_7604_f49deef9,361,test:hiding,rootkit,baseline,role_aggregate,10,128,32,middle,True,True,0,10,20,"{""2"": 10}",0,10,0,0,
results\d4_stable\blocks_development_r4\batch_20260919T095614.718422Z_5dfade51.json.gz,20260919T095614.718422Z_5dfade51,4,382e110e-9e87-4f22-bd54-d79192f535ab,d4stable_382e110e-9e87-4f22-bd54-d79192f535ab_7604_f49deef9,362,test:hiding,rootkit,baseline,role_aggregate,10,128,32,middle,True,True,0,10,20,"{""2"": 10}",0,10,0,0,
results\d4_stable\blocks_development_r4\batch_20260919T095617.536268Z_6965ff25.json.gz,20260919T095617.536268Z_6965ff25,4,382e110e-9e87-4f22-bd54-d79192f535ab,d4stable_382e110e-9e87-4f22-bd54-d79192f535ab_7604_f49deef9,363,test:hiding,rootkit,baseline,role_aggregate,10,128,32,middle,True,True,0,10,20,"{""2"": 10}",0,10,0,0,
results\d4_stable\blocks_development_r4\batch_20260919T095620.501242Z_da0d848a.json.gz,20260919T095620.501242Z_da0d848a,4,382e110e-9e87-4f22-bd54-d79192f535ab,d4stable_382e110e-9e87-4f22-bd54-d79192f535ab_7604_f49deef9,364,test:hiding,rootkit,baseline,role_aggregate,10,128,32,middle,True,True,0,10,20,"{""2"": 10}",0,10,0,0,
results\d4_stable\blocks_development_r4\batch_20260919T095623.400926Z_74e85508.json.gz,20260919T095623.400926Z_74e85508,4,382e110e-9e87-4f22-bd54-d79192f535ab,d4stable_382e110e-9e87-4f22-bd54-d79192f535ab_7604_f49deef9,365,test:hiding,rootkit,baseline,role_aggregate,10,128,32,middle,True,True,0,10,20,"{""2"": 10}",0,10,0,0,
results\d4_stable\blocks_development_r4\batch_20260919T095626.280236Z_ffa97a08.json.gz,20260919T095626.280236Z_ffa97a08,4,382e110e-9e87-4f22-bd54-d79192f535ab,d4stable_382e110e-9e87-4f22-bd54-d79192f535ab_7604_f49deef9,366,test:hiding,rootkit,baseline,role_aggregate,10,128,32,middle,True,True,0,10,20,"{""2"": 10}",0,10,0,0,
results\d4_stable\blocks_development_r4\batch_20260919T095629.299806Z_54626baa.json.gz,20260919T095629.299806Z_54626baa,4,382e110e-9e87-4f22-bd54-d79192f535ab,d4stable_382e110e-9e87-4f22-bd54-d79192f535ab_7604_f49deef9,367,test:hiding,rootkit,baseline,role_aggregate,10,128,32,middle,True,True,0,10,20,"{""2"": 10}",0,10,0,0,
results\d4_stable\blocks_development_r4\batch_20260919T095632.149499Z_c8b39984.json.gz,20260919T095632.149499Z_c8b39984,4,382e110e-9e87-4f22-bd54-d79192f535ab,d4stable_382e110e-9e87-4f22-bd54-d79192f535ab_7604_f49deef9,368,test:hiding,rootkit,baseline,role_aggregate,10,128,32,middle,True,True,0,10,20,"{""2"": 10}",0,10,0,0,
results\d4_stable\blocks_development_r4\batch_20260919T095635.091959Z_2ba8ec59.json.gz,20260919T095635.091959Z_2ba8ec59,4,382e110e-9e87-4f22-bd54-d79192f535ab,d4stable_382e110e-9e87-4f22-bd54-d79192f535ab_7604_f49deef9,369,test:hiding,rootkit,baseline,role_aggregate,10,128,32,middle,True,True,0,10,20,"{""2"": 10}",0,10,0,0,
results\d4_stable\blocks_development_r4\batch_20260919T095637.937258Z_190c79f6.json.gz,20260919T095637.937258Z_190c79f6,4,382e110e-9e87-4f22-bd54-d79192f535ab,d4stable_382e110e-9e87-4f22-bd54-d79192f535ab_7604_f49deef9,370,test:hiding,rootkit,baseline,role_aggregate,10,128,32,middle,True,True,0,10,20,"{""2"": 10}",0,10,0,0,
results\d4_stable\blocks_development_r4\batch_20260919T095640.822962Z_576de6bc.json.gz,20260919T095640.822962Z_576de6bc,4,382e110e-9e87-4f22-bd54-d79192f535ab,d4stable_382e110e-9e87-4f22-bd54-d79192f535ab_7604_f49deef9,371,test:hiding,rootkit,baseline,role_aggregate,10,128,32,middle,True,True,0,10,20,"{""2"": 10}",0,10,0,0,
results\d4_stable\blocks_development_r4\batch_20260919T095643.625927Z_84a7bbed.json.gz,20260919T095643.625927Z_84a7bbed,4,382e110e-9e87-4f22-bd54-d79192f535ab,d4stable_382e110e-9e87-4f22-bd54-d79192f535ab_7604_f49deef9,372,test:hiding,rootkit,baseline,role_aggregate,10,128,32,middle,True,True,0,10,20,"{""2"": 10}",0,10,0,0,
results\d4_stable\blocks_development_r4\batch_20260919T095646.716717Z_595531c9.json.gz,20260919T095646.716717Z_595531c9,4,382e110e-9e87-4f22-bd54-d79192f535ab,d4stable_382e110e-9e87-4f22-bd54-d79192f535ab_7604_f49deef9,373,test:hiding,rootkit,baseline,role_aggregate,10,128,32,middle,True,True,0,10,20,"{""2"": 10}",0,10,0,0,
results\d4_stable\blocks_development_r4\batch_20260919T095649.540652Z_efc88327.json.gz,20260919T095649.540652Z_efc88327,4,382e110e-9e87-4f22-bd54-d79192f535ab,d4stable_382e110e-9e87-4f22-bd54-d79192f535ab_7604_f49deef9,374,test:hiding,rootkit,baseline,role_aggregate,10,128,32,middle,True,True,0,10,20,"{""2"": 10}",0,10,0,0,
results\d4_stable\blocks_development_r4\batch_20260919T095652.673150Z_a8c3c42b.json.gz,20260919T095652.673150Z_a8c3c42b,4,382e110e-9e87-4f22-bd54-d79192f535ab,d4stable_382e110e-9e87-4f22-bd54-d79192f535ab_7604_f49deef9,375,test:hiding,rootkit,baseline,role_aggregate,10,128,32,middle,True,True,0,10,20,"{""2"": 10}",0,10,0,0,
results\d4_stable\blocks_development_r4\batch_20260919T095655.527057Z_4593de4a.json.gz,20260919T095655.527057Z_4593de4a,4,382e110e-9e87-4f22-bd54-d79192f535ab,d4stable_382e110e-9e87-4f22-bd54-d79192f535ab_7604_f49deef9,376,test:hiding,rootkit,baseline,role_aggregate,10,128,32,middle,True,True,0,10,20,"{""2"": 10}",0,10,0,0,
results\d4_stable\blocks_development_r4\batch_20260919T095658.346229Z_76e72e58.json.gz,20260919T095658.346229Z_76e72e58,4,382e110e-9e87-4f22-bd54-d79192f535ab,d4stable_382e110e-9e87-4f22-bd54-d79192f535ab_7604_f49deef9,377,test:hiding,rootkit,baseline,role_aggregate,10,128,32,middle,True,True,0,10,20,"{""2"": 10}",0,10,0,0,
results\d4_stable\blocks_development_r4\batch_20260919T095701.235946Z_51949066.json.gz,20260919T095701.235946Z_51949066,4,382e110e-9e87-4f22-bd54-d79192f535ab,d4stable_382e110e-9e87-4f22-bd54-d79192f535ab_7604_f49deef9,378,test:hiding,rootkit,baseline,role_aggregate,10,128,32,middle,True,True,0,10,20,"{""2"": 10}",0,10,0,0,
results\d4_stable\blocks_development_r4\batch_20260919T095704.149538Z_5b0e2b38.json.gz,20260919T095704.149538Z_5b0e2b38,4,382e110e-9e87-4f22-bd54-d79192f535ab,d4stable_382e110e-9e87-4f22-bd54-d79192f535ab_7604_f49deef9,379,test:hiding,rootkit,baseline,role_aggregate,10,128,32,middle,True,True,0,10,20,"{""2"": 10}",0,10,0,0,
results\d4_stable\blocks_development_r4\batch_20260919T095707.665446Z_c17f4aa1.json.gz,20260919T095707.665446Z_c17f4aa1,4,382e110e-9e87-4f22-bd54-d79192f535ab,d4stable_382e110e-9e87-4f22-bd54-d79192f535ab_7604_f49deef9,380,test:unloaded,normal,baseline,role_aggregate,10,128,32,middle,True,True,0,10,20,"{""2"": 10}",0,10,0,10,129
results\d4_stable\blocks_development_r4\batch_20260919T095710.202114Z_4eea3983.json.gz,20260919T095710.202114Z_4eea3983,4,382e110e-9e87-4f22-bd54-d79192f535ab,d4stable_382e110e-9e87-4f22-bd54-d79192f535ab_7604_f49deef9,381,test:unloaded,normal,baseline,role_aggregate,10,128,32,middle,True,True,0,10,20,"{""2"": 10}",0,10,0,10,129
results\d4_stable\blocks_development_r4\batch_20260919T095712.922080Z_1cabed8a.json.gz,20260919T095712.922080Z_1cabed8a,4,382e110e-9e87-4f22-bd54-d79192f535ab,d4stable_382e110e-9e87-4f22-bd54-d79192f535ab_7604_f49deef9,382,test:unloaded,normal,baseline,role_aggregate,10,128,32,middle,True,True,0,10,20,"{""2"": 10}",0,10,0,10,129
results\d4_stable\blocks_development_r4\batch_20260919T095715.337152Z_d09ac8e7.json.gz,20260919T095715.337152Z_d09ac8e7,4,382e110e-9e87-4f22-bd54-d79192f535ab,d4stable_382e110e-9e87-4f22-bd54-d79192f535ab_7604_f49deef9,383,test:unloaded,normal,baseline,role_aggregate,10,128,32,middle,True,True,0,10,20,"{""2"": 10}",0,10,0,10,129
results\d4_stable\blocks_development_r4\batch_20260919T095717.768176Z_cf1fe60a.json.gz,20260919T095717.768176Z_cf1fe60a,4,382e110e-9e87-4f22-bd54-d79192f535ab,d4stable_382e110e-9e87-4f22-bd54-d79192f535ab_7604_f49deef9,384,test:unloaded,normal,baseline,role_aggregate,10,128,32,middle,True,True,0,10,20,"{""2"": 10}",0,10,0,10,129
results\d4_stable\blocks_development_r4\batch_20260919T095720.535554Z_2625ee0e.json.gz,20260919T095720.535554Z_2625ee0e,4,382e110e-9e87-4f22-bd54-d79192f535ab,d4stable_382e110e-9e87-4f22-bd54-d79192f535ab_7604_f49deef9,385,test:unloaded,normal,baseline,role_aggregate,10,128,32,middle,True,True,0,10,20,"{""2"": 10}",0,10,0,10,129
results\d4_stable\blocks_development_r4\batch_20260919T095723.125541Z_85b4feac.json.gz,20260919T095723.125541Z_85b4feac,4,382e110e-9e87-4f22-bd54-d79192f535ab,d4stable_382e110e-9e87-4f22-bd54-d79192f535ab_7604_f49deef9,386,test:unloaded,normal,baseline,role_aggregate,10,128,32,middle,True,True,0,10,20,"{""2"": 10}",0,10,0,10,129
results\d4_stable\blocks_development_r4\batch_20260919T095725.564806Z_547223ec.json.gz,20260919T095725.564806Z_547223ec,4,382e110e-9e87-4f22-bd54-d79192f535ab,d4stable_382e110e-9e87-4f22-bd54-d79192f535ab_7604_f49deef9,387,test:unloaded,normal,baseline,role_aggregate,10,128,32,middle,True,True,0,10,20,"{""2"": 10}",0,10,0,10,129
results\d4_stable\blocks_development_r4\batch_20260919T095727.835025Z_15c2be4e.json.gz,20260919T095727.835025Z_15c2be4e,4,382e110e-9e87-4f22-bd54-d79192f535ab,d4stable_382e110e-9e87-4f22-bd54-d79192f535ab_7604_f49deef9,388,test:unloaded,normal,baseline,role_aggregate,10,128,32,middle,True,True,0,10,20,"{""2"": 10}",0,10,0,10,129
results\d4_stable\blocks_development_r4\batch_20260919T095730.105707Z_2c84410c.json.gz,20260919T095730.105707Z_2c84410c,4,382e110e-9e87-4f22-bd54-d79192f535ab,d4stable_382e110e-9e87-4f22-bd54-d79192f535ab_7604_f49deef9,389,test:unloaded,normal,baseline,role_aggregate,10,128,32,middle,True,True,0,10,20,"{""2"": 10}",0,10,0,10,129
results\d4_stable\blocks_development_r4\batch_20260919T095732.270446Z_00204bc8.json.gz,20260919T095732.270446Z_00204bc8,4,382e110e-9e87-4f22-bd54-d79192f535ab,d4stable_382e110e-9e87-4f22-bd54-d79192f535ab_7604_f49deef9,390,test:unloaded,normal,baseline,role_aggregate,10,128,32,middle,True,True,0,10,20,"{""2"": 10}",0,10,0,10,129
results\d4_stable\blocks_development_r4\batch_20260919T095734.524191Z_eed3c3d7.json.gz,20260919T095734.524191Z_eed3c3d7,4,382e110e-9e87-4f22-bd54-d79192f535ab,d4stable_382e110e-9e87-4f22-bd54-d79192f535ab_7604_f49deef9,391,test:unloaded,normal,baseline,role_aggregate,10,128,32,middle,True,True,0,10,20,"{""2"": 10}",0,10,0,10,129
results\d4_stable\blocks_development_r4\batch_20260919T095736.977928Z_e29b2739.json.gz,20260919T095736.977928Z_e29b2739,4,382e110e-9e87-4f22-bd54-d79192f535ab,d4stable_382e110e-9e87-4f22-bd54-d79192f535ab_7604_f49deef9,392,test:unloaded,normal,baseline,role_aggregate,10,128,32,middle,True,True,0,10,20,"{""2"": 10}",0,10,0,10,129
results\d4_stable\blocks_development_r4\batch_20260919T095739.401721Z_9e24a350.json.gz,20260919T095739.401721Z_9e24a350,4,382e110e-9e87-4f22-bd54-d79192f535ab,d4stable_382e110e-9e87-4f22-bd54-d79192f535ab_7604_f49deef9,393,test:unloaded,normal,baseline,role_aggregate,10,128,32,middle,True,True,0,10,20,"{""2"": 10}",0,10,0,10,129
results\d4_stable\blocks_development_r4\batch_20260919T095741.572913Z_cabb610a.json.gz,20260919T095741.572913Z_cabb610a,4,382e110e-9e87-4f22-bd54-d79192f535ab,d4stable_382e110e-9e87-4f22-bd54-d79192f535ab_7604_f49deef9,394,test:unloaded,normal,baseline,role_aggregate,10,128,32,middle,True,True,0,10,20,"{""2"": 10}",0,10,0,10,129
results\d4_stable\blocks_development_r4\batch_20260919T095744.156421Z_b9d8411a.json.gz,20260919T095744.156421Z_b9d8411a,4,382e110e-9e87-4f22-bd54-d79192f535ab,d4stable_382e110e-9e87-4f22-bd54-d79192f535ab_7604_f49deef9,395,test:unloaded,normal,baseline,role_aggregate,10,128,32,middle,True,True,0,10,20,"{""2"": 10}",0,10,0,10,129
results\d4_stable\blocks_development_r4\batch_20260919T095746.754813Z_43e5a3f3.json.gz,20260919T095746.754813Z_43e5a3f3,4,382e110e-9e87-4f22-bd54-d79192f535ab,d4stable_382e110e-9e87-4f22-bd54-d79192f535ab_7604_f49deef9,396,test:unloaded,normal,baseline,role_aggregate,10,128,32,middle,True,True,0,10,20,"{""2"": 10}",0,10,0,10,129
results\d4_stable\blocks_development_r4\batch_20260919T095749.146414Z_fc00450c.json.gz,20260919T095749.146414Z_fc00450c,4,382e110e-9e87-4f22-bd54-d79192f535ab,d4stable_382e110e-9e87-4f22-bd54-d79192f535ab_7604_f49deef9,397,test:unloaded,normal,baseline,role_aggregate,10,128,32,middle,True,True,0,10,20,"{""2"": 10}",0,10,0,10,129
results\d4_stable\blocks_development_r4\batch_20260919T095751.398612Z_0562cead.json.gz,20260919T095751.398612Z_0562cead,4,382e110e-9e87-4f22-bd54-d79192f535ab,d4stable_382e110e-9e87-4f22-bd54-d79192f535ab_7604_f49deef9,398,test:unloaded,normal,baseline,role_aggregate,10,128,32,middle,True,True,0,10,20,"{""2"": 10}",0,10,0,10,129
results\d4_stable\blocks_development_r4\batch_20260919T095753.677639Z_59f10c47.json.gz,20260919T095753.677639Z_59f10c47,4,382e110e-9e87-4f22-bd54-d79192f535ab,d4stable_382e110e-9e87-4f22-bd54-d79192f535ab_7604_f49deef9,399,test:unloaded,normal,baseline,role_aggregate,10,128,32,middle,True,True,0,10,20,"{""2"": 10}",0,10,0,10,129
results\d4_stable\blocks_development_r4\batch_20260919T095756.081813Z_b23b64bb.json.gz,20260919T095756.081813Z_b23b64bb,4,382e110e-9e87-4f22-bd54-d79192f535ab,d4stable_382e110e-9e87-4f22-bd54-d79192f535ab_7604_f49deef9,400,test:unloaded,normal,baseline,role_aggregate,10,128,32,middle,True,True,0,10,20,"{""2"": 10}",0,10,0,10,129
results\d4_stable\blocks_development_r4\batch_20260919T095758.339886Z_91e89ee4.json.gz,20260919T095758.339886Z_91e89ee4,4,382e110e-9e87-4f22-bd54-d79192f535ab,d4stable_382e110e-9e87-4f22-bd54-d79192f535ab_7604_f49deef9,401,test:unloaded,normal,baseline,role_aggregate,10,128,32,middle,True,True,0,10,20,"{""2"": 10}",0,10,0,10,129
results\d4_stable\blocks_development_r4\batch_20260919T095800.740046Z_7ddd73d7.json.gz,20260919T095800.740046Z_7ddd73d7,4,382e110e-9e87-4f22-bd54-d79192f535ab,d4stable_382e110e-9e87-4f22-bd54-d79192f535ab_7604_f49deef9,402,test:unloaded,normal,baseline,role_aggregate,10,128,32,middle,True,True,0,10,20,"{""2"": 10}",0,10,0,10,129
results\d4_stable\blocks_development_r4\batch_20260919T095803.130791Z_8452a76a.json.gz,20260919T095803.130791Z_8452a76a,4,382e110e-9e87-4f22-bd54-d79192f535ab,d4stable_382e110e-9e87-4f22-bd54-d79192f535ab_7604_f49deef9,403,test:unloaded,normal,baseline,role_aggregate,10,128,32,middle,True,True,0,10,20,"{""2"": 10}",0,10,0,10,129
results\d4_stable\blocks_development_r4\batch_20260919T095805.458328Z_723f7808.json.gz,20260919T095805.458328Z_723f7808,4,382e110e-9e87-4f22-bd54-d79192f535ab,d4stable_382e110e-9e87-4f22-bd54-d79192f535ab_7604_f49deef9,404,test:unloaded,normal,baseline,role_aggregate,10,128,32,middle,True,True,0,10,20,"{""2"": 10}",0,10,0,10,129
results\d4_stable\blocks_development_r4\batch_20260919T095807.631998Z_8c0ec11b.json.gz,20260919T095807.631998Z_8c0ec11b,4,382e110e-9e87-4f22-bd54-d79192f535ab,d4stable_382e110e-9e87-4f22-bd54-d79192f535ab_7604_f49deef9,405,test:unloaded,normal,baseline,role_aggregate,10,128,32,middle,True,True,0,10,20,"{""2"": 10}",0,10,0,10,129
results\d4_stable\blocks_development_r4\batch_20260919T095809.997360Z_c656aa95.json.gz,20260919T095809.997360Z_c656aa95,4,382e110e-9e87-4f22-bd54-d79192f535ab,d4stable_382e110e-9e87-4f22-bd54-d79192f535ab_7604_f49deef9,406,test:unloaded,normal,baseline,role_aggregate,10,128,32,middle,True,True,0,10,20,"{""2"": 10}",0,10,0,10,129
results\d4_stable\blocks_development_r4\batch_20260919T095812.323996Z_a82f90fe.json.gz,20260919T095812.323996Z_a82f90fe,4,382e110e-9e87-4f22-bd54-d79192f535ab,d4stable_382e110e-9e87-4f22-bd54-d79192f535ab_7604_f49deef9,407,test:unloaded,normal,baseline,role_aggregate,10,128,32,middle,True,True,0,10,20,"{""2"": 10}",0,10,0,10,129
results\d4_stable\blocks_development_r4\batch_20260919T095814.543927Z_dcb2cc98.json.gz,20260919T095814.543927Z_dcb2cc98,4,382e110e-9e87-4f22-bd54-d79192f535ab,d4stable_382e110e-9e87-4f22-bd54-d79192f535ab_7604_f49deef9,408,test:unloaded,normal,baseline,role_aggregate,10,128,32,middle,True,True,0,10,20,"{""2"": 10}",0,10,0,10,129
results\d4_stable\blocks_development_r4\batch_20260919T095816.824931Z_509ee4f0.json.gz,20260919T095816.824931Z_509ee4f0,4,382e110e-9e87-4f22-bd54-d79192f535ab,d4stable_382e110e-9e87-4f22-bd54-d79192f535ab_7604_f49deef9,409,test:unloaded,normal,baseline,role_aggregate,10,128,32,middle,True,True,0,10,20,"{""2"": 10}",0,10,0,10,129
results\d4_stable\blocks_development_r4\batch_20260919T095825.364043Z_555fad00.json.gz,20260919T095825.364043Z_555fad00,4,382e110e-9e87-4f22-bd54-d79192f535ab,d4stable_382e110e-9e87-4f22-bd54-d79192f535ab_7604_f49deef9,410,test:hiding,rootkit,cpu,role_aggregate,10,128,32,middle,True,True,0,10,20,"{""2"": 10}",0,10,0,0,
results\d4_stable\blocks_development_r4\batch_20260919T095834.513801Z_11a5ced8.json.gz,20260919T095834.513801Z_11a5ced8,4,382e110e-9e87-4f22-bd54-d79192f535ab,d4stable_382e110e-9e87-4f22-bd54-d79192f535ab_7604_f49deef9,411,test:hiding,rootkit,cpu,role_aggregate,10,128,32,middle,True,True,0,10,20,"{""2"": 10}",0,10,0,0,
results\d4_stable\blocks_development_r4\batch_20260919T095843.578059Z_1a3f5d63.json.gz,20260919T095843.578059Z_1a3f5d63,4,382e110e-9e87-4f22-bd54-d79192f535ab,d4stable_382e110e-9e87-4f22-bd54-d79192f535ab_7604_f49deef9,412,test:hiding,rootkit,cpu,role_aggregate,10,128,32,middle,True,True,0,10,20,"{""2"": 10}",0,10,0,0,
results\d4_stable\blocks_development_r4\batch_20260919T095852.670521Z_b625ae28.json.gz,20260919T095852.670521Z_b625ae28,4,382e110e-9e87-4f22-bd54-d79192f535ab,d4stable_382e110e-9e87-4f22-bd54-d79192f535ab_7604_f49deef9,413,test:hiding,rootkit,cpu,role_aggregate,10,128,32,middle,True,True,0,10,20,"{""2"": 10}",0,10,0,0,
results\d4_stable\blocks_development_r4\batch_20260919T095901.596480Z_d849b7a9.json.gz,20260919T095901.596480Z_d849b7a9,4,382e110e-9e87-4f22-bd54-d79192f535ab,d4stable_382e110e-9e87-4f22-bd54-d79192f535ab_7604_f49deef9,414,test:hiding,rootkit,cpu,role_aggregate,10,128,32,middle,True,True,0,10,20,"{""2"": 10}",0,10,0,0,
results\d4_stable\blocks_development_r4\batch_20260919T095910.550866Z_ac42a863.json.gz,20260919T095910.550866Z_ac42a863,4,382e110e-9e87-4f22-bd54-d79192f535ab,d4stable_382e110e-9e87-4f22-bd54-d79192f535ab_7604_f49deef9,415,test:hiding,rootkit,cpu,role_aggregate,10,128,32,middle,True,True,0,10,20,"{""2"": 10}",0,10,0,0,
results\d4_stable\blocks_development_r4\batch_20260919T095919.465908Z_d9ed3b9f.json.gz,20260919T095919.465908Z_d9ed3b9f,4,382e110e-9e87-4f22-bd54-d79192f535ab,d4stable_382e110e-9e87-4f22-bd54-d79192f535ab_7604_f49deef9,416,test:hiding,rootkit,cpu,role_aggregate,10,128,32,middle,True,True,0,10,20,"{""2"": 10}",0,10,0,0,
results\d4_stable\blocks_development_r4\batch_20260919T095928.341760Z_ac68103e.json.gz,20260919T095928.341760Z_ac68103e,4,382e110e-9e87-4f22-bd54-d79192f535ab,d4stable_382e110e-9e87-4f22-bd54-d79192f535ab_7604_f49deef9,417,test:hiding,rootkit,cpu,role_aggregate,10,128,32,middle,True,True,0,10,20,"{""2"": 10}",0,10,0,0,
results\d4_stable\blocks_development_r4\batch_20260919T095937.473168Z_c889cb0c.json.gz,20260919T095937.473168Z_c889cb0c,4,382e110e-9e87-4f22-bd54-d79192f535ab,d4stable_382e110e-9e87-4f22-bd54-d79192f535ab_7604_f49deef9,418,test:hiding,rootkit,cpu,role_aggregate,10,128,32,middle,True,True,0,10,20,"{""2"": 10}",0,10,0,0,
results\d4_stable\blocks_development_r4\batch_20260919T095946.375043Z_b8ed107f.json.gz,20260919T095946.375043Z_b8ed107f,4,382e110e-9e87-4f22-bd54-d79192f535ab,d4stable_382e110e-9e87-4f22-bd54-d79192f535ab_7604_f49deef9,419,test:hiding,rootkit,cpu,role_aggregate,10,128,32,middle,True,True,0,10,20,"{""2"": 10}",0,10,0,0,
results\d4_stable\blocks_development_r4\batch_20260919T095955.286754Z_904d6c06.json.gz,20260919T095955.286754Z_904d6c06,4,382e110e-9e87-4f22-bd54-d79192f535ab,d4stable_382e110e-9e87-4f22-bd54-d79192f535ab_7604_f49deef9,420,test:hiding,rootkit,cpu,role_aggregate,10,128,32,middle,True,True,0,10,20,"{""2"": 10}",0,10,0,0,
results\d4_stable\blocks_development_r4\batch_20260919T100004.618376Z_9c788910.json.gz,20260919T100004.618376Z_9c788910,4,382e110e-9e87-4f22-bd54-d79192f535ab,d4stable_382e110e-9e87-4f22-bd54-d79192f535ab_7604_f49deef9,421,test:hiding,rootkit,cpu,role_aggregate,10,128,32,middle,True,True,0,10,20,"{""2"": 10}",0,10,0,0,
results\d4_stable\blocks_development_r4\batch_20260919T100013.742842Z_0dcc9163.json.gz,20260919T100013.742842Z_0dcc9163,4,382e110e-9e87-4f22-bd54-d79192f535ab,d4stable_382e110e-9e87-4f22-bd54-d79192f535ab_7604_f49deef9,422,test:hiding,rootkit,cpu,role_aggregate,10,128,32,middle,True,True,0,10,20,"{""2"": 10}",0,10,0,0,
results\d4_stable\blocks_development_r4\batch_20260919T100023.136855Z_4f521fb3.json.gz,20260919T100023.136855Z_4f521fb3,4,382e110e-9e87-4f22-bd54-d79192f535ab,d4stable_382e110e-9e87-4f22-bd54-d79192f535ab_7604_f49deef9,423,test:hiding,rootkit,cpu,role_aggregate,10,128,32,middle,True,True,0,10,20,"{""2"": 10}",0,10,0,0,
results\d4_stable\blocks_development_r4\batch_20260919T100032.263139Z_f037827d.json.gz,20260919T100032.263139Z_f037827d,4,382e110e-9e87-4f22-bd54-d79192f535ab,d4stable_382e110e-9e87-4f22-bd54-d79192f535ab_7604_f49deef9,424,test:hiding,rootkit,cpu,role_aggregate,10,128,32,middle,True,True,0,10,20,"{""2"": 10}",0,10,0,0,
results\d4_stable\blocks_development_r4\batch_20260919T100041.342659Z_eded76a5.json.gz,20260919T100041.342659Z_eded76a5,4,382e110e-9e87-4f22-bd54-d79192f535ab,d4stable_382e110e-9e87-4f22-bd54-d79192f535ab_7604_f49deef9,425,test:hiding,rootkit,cpu,role_aggregate,10,128,32,middle,True,True,0,10,20,"{""2"": 10}",0,10,0,0,
results\d4_stable\blocks_development_r4\batch_20260919T100050.366741Z_70590fba.json.gz,20260919T100050.366741Z_70590fba,4,382e110e-9e87-4f22-bd54-d79192f535ab,d4stable_382e110e-9e87-4f22-bd54-d79192f535ab_7604_f49deef9,426,test:hiding,rootkit,cpu,role_aggregate,10,128,32,middle,True,True,0,10,20,"{""2"": 10}",0,10,0,0,
results\d4_stable\blocks_development_r4\batch_20260919T100059.424744Z_0bea314b.json.gz,20260919T100059.424744Z_0bea314b,4,382e110e-9e87-4f22-bd54-d79192f535ab,d4stable_382e110e-9e87-4f22-bd54-d79192f535ab_7604_f49deef9,427,test:hiding,rootkit,cpu,role_aggregate,10,128,32,middle,True,True,0,10,20,"{""2"": 10}",0,10,0,0,
results\d4_stable\blocks_development_r4\batch_20260919T100108.319048Z_f50df4ba.json.gz,20260919T100108.319048Z_f50df4ba,4,382e110e-9e87-4f22-bd54-d79192f535ab,d4stable_382e110e-9e87-4f22-bd54-d79192f535ab_7604_f49deef9,428,test:hiding,rootkit,cpu,role_aggregate,10,128,32,middle,True,True,0,10,20,"{""2"": 10}",0,10,0,0,
results\d4_stable\blocks_development_r4\batch_20260919T100117.470306Z_3fadffb5.json.gz,20260919T100117.470306Z_3fadffb5,4,382e110e-9e87-4f22-bd54-d79192f535ab,d4stable_382e110e-9e87-4f22-bd54-d79192f535ab_7604_f49deef9,429,test:hiding,rootkit,cpu,role_aggregate,10,128,32,middle,True,True,0,10,20,"{""2"": 10}",0,10,0,0,
results\d4_stable\blocks_development_r4\batch_20260919T100126.335603Z_6a7aa8a3.json.gz,20260919T100126.335603Z_6a7aa8a3,4,382e110e-9e87-4f22-bd54-d79192f535ab,d4stable_382e110e-9e87-4f22-bd54-d79192f535ab_7604_f49deef9,430,test:hiding,rootkit,cpu,role_aggregate,10,128,32,middle,True,True,0,10,20,"{""2"": 10}",0,10,0,0,
results\d4_stable\blocks_development_r4\batch_20260919T100135.183557Z_7b1c15c6.json.gz,20260919T100135.183557Z_7b1c15c6,4,382e110e-9e87-4f22-bd54-d79192f535ab,d4stable_382e110e-9e87-4f22-bd54-d79192f535ab_7604_f49deef9,431,test:hiding,rootkit,cpu,role_aggregate,10,128,32,middle,True,True,0,10,20,"{""2"": 10}",0,10,0,0,
results\d4_stable\blocks_development_r4\batch_20260919T100144.014832Z_671a87c0.json.gz,20260919T100144.014832Z_671a87c0,4,382e110e-9e87-4f22-bd54-d79192f535ab,d4stable_382e110e-9e87-4f22-bd54-d79192f535ab_7604_f49deef9,432,test:hiding,rootkit,cpu,role_aggregate,10,128,32,middle,True,True,0,10,20,"{""2"": 10}",0,10,0,0,
results\d4_stable\blocks_development_r4\batch_20260919T100152.910017Z_5010386c.json.gz,20260919T100152.910017Z_5010386c,4,382e110e-9e87-4f22-bd54-d79192f535ab,d4stable_382e110e-9e87-4f22-bd54-d79192f535ab_7604_f49deef9,433,test:hiding,rootkit,cpu,role_aggregate,10,128,32,middle,True,True,0,10,20,"{""2"": 10}",0,10,0,0,
results\d4_stable\blocks_development_r4\batch_20260919T100201.802475Z_e609c638.json.gz,20260919T100201.802475Z_e609c638,4,382e110e-9e87-4f22-bd54-d79192f535ab,d4stable_382e110e-9e87-4f22-bd54-d79192f535ab_7604_f49deef9,434,test:hiding,rootkit,cpu,role_aggregate,10,128,32,middle,True,True,0,10,20,"{""2"": 10}",0,10,0,0,
results\d4_stable\blocks_development_r4\batch_20260919T100210.655745Z_01caa1c4.json.gz,20260919T100210.655745Z_01caa1c4,4,382e110e-9e87-4f22-bd54-d79192f535ab,d4stable_382e110e-9e87-4f22-bd54-d79192f535ab_7604_f49deef9,435,test:hiding,rootkit,cpu,role_aggregate,10,128,32,middle,True,True,0,10,20,"{""2"": 10}",0,10,0,0,
results\d4_stable\blocks_development_r4\batch_20260919T100219.456480Z_59eb046d.json.gz,20260919T100219.456480Z_59eb046d,4,382e110e-9e87-4f22-bd54-d79192f535ab,d4stable_382e110e-9e87-4f22-bd54-d79192f535ab_7604_f49deef9,436,test:hiding,rootkit,cpu,role_aggregate,10,128,32,middle,True,True,0,10,20,"{""2"": 10}",0,10,0,0,
results\d4_stable\blocks_development_r4\batch_20260919T100228.314206Z_4511ae9f.json.gz,20260919T100228.314206Z_4511ae9f,4,382e110e-9e87-4f22-bd54-d79192f535ab,d4stable_382e110e-9e87-4f22-bd54-d79192f535ab_7604_f49deef9,437,test:hiding,rootkit,cpu,role_aggregate,10,128,32,middle,True,True,0,10,20,"{""2"": 10}",0,10,0,0,
results\d4_stable\blocks_development_r4\batch_20260919T100237.153119Z_88a5f4b0.json.gz,20260919T100237.153119Z_88a5f4b0,4,382e110e-9e87-4f22-bd54-d79192f535ab,d4stable_382e110e-9e87-4f22-bd54-d79192f535ab_7604_f49deef9,438,test:hiding,rootkit,cpu,role_aggregate,10,128,32,middle,True,True,0,10,20,"{""2"": 10}",0,10,0,0,
results\d4_stable\blocks_development_r4\batch_20260919T100246.041981Z_8712ba83.json.gz,20260919T100246.041981Z_8712ba83,4,382e110e-9e87-4f22-bd54-d79192f535ab,d4stable_382e110e-9e87-4f22-bd54-d79192f535ab_7604_f49deef9,439,test:hiding,rootkit,cpu,role_aggregate,10,128,32,middle,True,True,0,10,20,"{""2"": 10}",0,10,0,0,
results\d4_stable\blocks_development_r4\batch_20260919T100254.971909Z_23796ce6.json.gz,20260919T100254.971909Z_23796ce6,4,382e110e-9e87-4f22-bd54-d79192f535ab,d4stable_382e110e-9e87-4f22-bd54-d79192f535ab_7604_f49deef9,440,test:hiding,rootkit,cpu,role_aggregate,10,128,32,middle,True,True,0,10,20,"{""2"": 10}",0,10,0,0,
results\d4_stable\blocks_development_r4\batch_20260919T100303.784081Z_b028eba8.json.gz,20260919T100303.784081Z_b028eba8,4,382e110e-9e87-4f22-bd54-d79192f535ab,d4stable_382e110e-9e87-4f22-bd54-d79192f535ab_7604_f49deef9,441,test:hiding,rootkit,cpu,role_aggregate,10,128,32,middle,True,True,0,10,20,"{""2"": 10}",0,10,0,0,
results\d4_stable\blocks_development_r4\batch_20260919T100312.948156Z_30fb482a.json.gz,20260919T100312.948156Z_30fb482a,4,382e110e-9e87-4f22-bd54-d79192f535ab,d4stable_382e110e-9e87-4f22-bd54-d79192f535ab_7604_f49deef9,442,test:hiding,rootkit,cpu,role_aggregate,10,128,32,middle,True,True,0,10,20,"{""2"": 10}",0,10,0,0,
results\d4_stable\blocks_development_r4\batch_20260919T100321.809331Z_396c1fe4.json.gz,20260919T100321.809331Z_396c1fe4,4,382e110e-9e87-4f22-bd54-d79192f535ab,d4stable_382e110e-9e87-4f22-bd54-d79192f535ab_7604_f49deef9,443,test:hiding,rootkit,cpu,role_aggregate,10,128,32,middle,True,True,0,10,20,"{""2"": 10}",0,10,0,0,
results\d4_stable\blocks_development_r4\batch_20260919T100330.725017Z_9ae92eeb.json.gz,20260919T100330.725017Z_9ae92eeb,4,382e110e-9e87-4f22-bd54-d79192f535ab,d4stable_382e110e-9e87-4f22-bd54-d79192f535ab_7604_f49deef9,444,test:hiding,rootkit,cpu,role_aggregate,10,128,32,middle,True,True,0,10,20,"{""2"": 10}",0,10,0,0,
results\d4_stable\blocks_development_r4\batch_20260919T100339.568620Z_ce5457e1.json.gz,20260919T100339.568620Z_ce5457e1,4,382e110e-9e87-4f22-bd54-d79192f535ab,d4stable_382e110e-9e87-4f22-bd54-d79192f535ab_7604_f49deef9,445,test:hiding,rootkit,cpu,role_aggregate,10,128,32,middle,True,True,0,10,20,"{""2"": 10}",0,10,0,0,
results\d4_stable\blocks_development_r4\batch_20260919T100348.376479Z_a14babf9.json.gz,20260919T100348.376479Z_a14babf9,4,382e110e-9e87-4f22-bd54-d79192f535ab,d4stable_382e110e-9e87-4f22-bd54-d79192f535ab_7604_f49deef9,446,test:hiding,rootkit,cpu,role_aggregate,10,128,32,middle,True,True,0,10,20,"{""2"": 10}",0,10,0,0,
results\d4_stable\blocks_development_r4\batch_20260919T100357.181927Z_d3e7f26b.json.gz,20260919T100357.181927Z_d3e7f26b,4,382e110e-9e87-4f22-bd54-d79192f535ab,d4stable_382e110e-9e87-4f22-bd54-d79192f535ab_7604_f49deef9,447,test:hiding,rootkit,cpu,role_aggregate,10,128,32,middle,True,True,0,10,20,"{""2"": 10}",0,10,0,0,
results\d4_stable\blocks_development_r4\batch_20260919T100406.015306Z_84540767.json.gz,20260919T100406.015306Z_84540767,4,382e110e-9e87-4f22-bd54-d79192f535ab,d4stable_382e110e-9e87-4f22-bd54-d79192f535ab_7604_f49deef9,448,test:hiding,rootkit,cpu,role_aggregate,10,128,32,middle,True,True,0,10,20,"{""2"": 10}",0,10,0,0,
results\d4_stable\blocks_development_r4\batch_20260919T100414.977571Z_c1f200a3.json.gz,20260919T100414.977571Z_c1f200a3,4,382e110e-9e87-4f22-bd54-d79192f535ab,d4stable_382e110e-9e87-4f22-bd54-d79192f535ab_7604_f49deef9,449,test:hiding,rootkit,cpu,role_aggregate,10,128,32,middle,True,True,0,10,20,"{""2"": 10}",0,10,0,0,
results\d4_stable\blocks_development_r4\batch_20260919T100423.861976Z_46e36139.json.gz,20260919T100423.861976Z_46e36139,4,382e110e-9e87-4f22-bd54-d79192f535ab,d4stable_382e110e-9e87-4f22-bd54-d79192f535ab_7604_f49deef9,450,test:hiding,rootkit,cpu,role_aggregate,10,128,32,middle,True,True,0,10,20,"{""2"": 10}",0,10,0,0,
results\d4_stable\blocks_development_r4\batch_20260919T100432.674877Z_7a480734.json.gz,20260919T100432.674877Z_7a480734,4,382e110e-9e87-4f22-bd54-d79192f535ab,d4stable_382e110e-9e87-4f22-bd54-d79192f535ab_7604_f49deef9,451,test:hiding,rootkit,cpu,role_aggregate,10,128,32,middle,True,True,0,10,20,"{""2"": 10}",0,10,0,0,
results\d4_stable\blocks_development_r4\batch_20260919T100441.515868Z_6e758082.json.gz,20260919T100441.515868Z_6e758082,4,382e110e-9e87-4f22-bd54-d79192f535ab,d4stable_382e110e-9e87-4f22-bd54-d79192f535ab_7604_f49deef9,452,test:hiding,rootkit,cpu,role_aggregate,10,128,32,middle,True,True,0,10,20,"{""2"": 10}",0,10,0,0,
results\d4_stable\blocks_development_r4\batch_20260919T100450.331729Z_f2a2601c.json.gz,20260919T100450.331729Z_f2a2601c,4,382e110e-9e87-4f22-bd54-d79192f535ab,d4stable_382e110e-9e87-4f22-bd54-d79192f535ab_7604_f49deef9,453,test:hiding,rootkit,cpu,role_aggregate,10,128,32,middle,True,True,0,10,20,"{""2"": 10}",0,10,0,0,
results\d4_stable\blocks_development_r4\batch_20260919T100459.231028Z_c1573187.json.gz,20260919T100459.231028Z_c1573187,4,382e110e-9e87-4f22-bd54-d79192f535ab,d4stable_382e110e-9e87-4f22-bd54-d79192f535ab_7604_f49deef9,454,test:hiding,rootkit,cpu,role_aggregate,10,128,32,middle,True,True,0,10,20,"{""2"": 10}",0,10,0,0,
results\d4_stable\blocks_development_r4\batch_20260919T100508.220895Z_1e36ffee.json.gz,20260919T100508.220895Z_1e36ffee,4,382e110e-9e87-4f22-bd54-d79192f535ab,d4stable_382e110e-9e87-4f22-bd54-d79192f535ab_7604_f49deef9,455,test:hiding,rootkit,cpu,role_aggregate,10,128,32,middle,True,True,0,10,20,"{""2"": 10}",0,10,0,0,
results\d4_stable\blocks_development_r4\batch_20260919T100516.858601Z_34c1c9c3.json.gz,20260919T100516.858601Z_34c1c9c3,4,382e110e-9e87-4f22-bd54-d79192f535ab,d4stable_382e110e-9e87-4f22-bd54-d79192f535ab_7604_f49deef9,456,test:hiding,rootkit,cpu,role_aggregate,10,128,32,middle,True,True,0,10,20,"{""2"": 10}",0,10,0,0,
results\d4_stable\blocks_development_r4\batch_20260919T100525.486035Z_472011e0.json.gz,20260919T100525.486035Z_472011e0,4,382e110e-9e87-4f22-bd54-d79192f535ab,d4stable_382e110e-9e87-4f22-bd54-d79192f535ab_7604_f49deef9,457,test:hiding,rootkit,cpu,role_aggregate,10,128,32,middle,True,True,0,10,20,"{""2"": 10}",0,10,0,0,
results\d4_stable\blocks_development_r4\batch_20260919T100534.212837Z_5cf4f757.json.gz,20260919T100534.212837Z_5cf4f757,4,382e110e-9e87-4f22-bd54-d79192f535ab,d4stable_382e110e-9e87-4f22-bd54-d79192f535ab_7604_f49deef9,458,test:hiding,rootkit,cpu,role_aggregate,10,128,32,middle,True,True,0,10,20,"{""2"": 10}",0,10,0,0,
results\d4_stable\blocks_development_r4\batch_20260919T100542.893855Z_29f05204.json.gz,20260919T100542.893855Z_29f05204,4,382e110e-9e87-4f22-bd54-d79192f535ab,d4stable_382e110e-9e87-4f22-bd54-d79192f535ab_7604_f49deef9,459,test:hiding,rootkit,cpu,role_aggregate,10,128,32,middle,True,True,0,10,20,"{""2"": 10}",0,10,0,0,
results\d4_stable\blocks_development_r4\batch_20260919T100551.627053Z_5594f877.json.gz,20260919T100551.627053Z_5594f877,4,382e110e-9e87-4f22-bd54-d79192f535ab,d4stable_382e110e-9e87-4f22-bd54-d79192f535ab_7604_f49deef9,460,test:hiding,rootkit,cpu,role_aggregate,10,128,32,middle,True,True,0,10,20,"{""2"": 10}",0,10,0,0,
results\d4_stable\blocks_development_r4\batch_20260919T100600.389223Z_893cc04f.json.gz,20260919T100600.389223Z_893cc04f,4,382e110e-9e87-4f22-bd54-d79192f535ab,d4stable_382e110e-9e87-4f22-bd54-d79192f535ab_7604_f49deef9,461,test:hiding,rootkit,cpu,role_aggregate,10,128,32,middle,True,True,0,10,20,"{""2"": 10}",0,10,0,0,
results\d4_stable\blocks_development_r4\batch_20260919T100609.057762Z_abcd1262.json.gz,20260919T100609.057762Z_abcd1262,4,382e110e-9e87-4f22-bd54-d79192f535ab,d4stable_382e110e-9e87-4f22-bd54-d79192f535ab_7604_f49deef9,462,test:hiding,rootkit,cpu,role_aggregate,10,128,32,middle,True,True,0,10,20,"{""2"": 10}",0,10,0,0,
results\d4_stable\blocks_development_r4\batch_20260919T100617.743118Z_1397d78e.json.gz,20260919T100617.743118Z_1397d78e,4,382e110e-9e87-4f22-bd54-d79192f535ab,d4stable_382e110e-9e87-4f22-bd54-d79192f535ab_7604_f49deef9,463,test:hiding,rootkit,cpu,role_aggregate,10,128,32,middle,True,True,0,10,20,"{""2"": 10}",0,10,0,0,
results\d4_stable\blocks_development_r4\batch_20260919T100626.350115Z_4a1336bf.json.gz,20260919T100626.350115Z_4a1336bf,4,382e110e-9e87-4f22-bd54-d79192f535ab,d4stable_382e110e-9e87-4f22-bd54-d79192f535ab_7604_f49deef9,464,test:hiding,rootkit,cpu,role_aggregate,10,128,32,middle,True,True,0,10,20,"{""2"": 10}",0,10,0,0,
results\d4_stable\blocks_development_r4\batch_20260919T100635.055869Z_6a62e238.json.gz,20260919T100635.055869Z_6a62e238,4,382e110e-9e87-4f22-bd54-d79192f535ab,d4stable_382e110e-9e87-4f22-bd54-d79192f535ab_7604_f49deef9,465,test:hiding,rootkit,cpu,role_aggregate,10,128,32,middle,True,True,0,10,20,"{""2"": 10}",0,10,0,0,
results\d4_stable\blocks_development_r4\batch_20260919T100643.760204Z_ef7d7790.json.gz,20260919T100643.760204Z_ef7d7790,4,382e110e-9e87-4f22-bd54-d79192f535ab,d4stable_382e110e-9e87-4f22-bd54-d79192f535ab_7604_f49deef9,466,test:hiding,rootkit,cpu,role_aggregate,10,128,32,middle,True,True,0,10,20,"{""2"": 10}",0,10,0,0,
results\d4_stable\blocks_development_r4\batch_20260919T100652.666047Z_cb787178.json.gz,20260919T100652.666047Z_cb787178,4,382e110e-9e87-4f22-bd54-d79192f535ab,d4stable_382e110e-9e87-4f22-bd54-d79192f535ab_7604_f49deef9,467,test:hiding,rootkit,cpu,role_aggregate,10,128,32,middle,True,True,0,10,20,"{""2"": 10}",0,10,0,0,
results\d4_stable\blocks_development_r4\batch_20260919T100701.421397Z_a9d14f69.json.gz,20260919T100701.421397Z_a9d14f69,4,382e110e-9e87-4f22-bd54-d79192f535ab,d4stable_382e110e-9e87-4f22-bd54-d79192f535ab_7604_f49deef9,468,test:hiding,rootkit,cpu,role_aggregate,10,128,32,middle,True,True,0,10,20,"{""2"": 10}",0,10,0,0,
results\d4_stable\blocks_development_r4\batch_20260919T100710.165683Z_dc272d30.json.gz,20260919T100710.165683Z_dc272d30,4,382e110e-9e87-4f22-bd54-d79192f535ab,d4stable_382e110e-9e87-4f22-bd54-d79192f535ab_7604_f49deef9,469,test:hiding,rootkit,cpu,role_aggregate,10,128,32,middle,True,True,0,10,20,"{""2"": 10}",0,10,0,0,
results\d4_stable\blocks_development_r4\batch_20260919T100712.977337Z_90bf622f.json.gz,20260919T100712.977337Z_90bf622f,4,382e110e-9e87-4f22-bd54-d79192f535ab,d4stable_382e110e-9e87-4f22-bd54-d79192f535ab_7604_f49deef9,470,test:sham,normal,baseline,role_aggregate,10,128,32,middle,True,True,0,10,20,"{""2"": 10}",0,10,0,10,129
results\d4_stable\blocks_development_r4\batch_20260919T100714.940055Z_c10013aa.json.gz,20260919T100714.940055Z_c10013aa,4,382e110e-9e87-4f22-bd54-d79192f535ab,d4stable_382e110e-9e87-4f22-bd54-d79192f535ab_7604_f49deef9,471,test:sham,normal,baseline,role_aggregate,10,128,32,middle,True,True,0,10,20,"{""2"": 10}",0,10,0,10,129
results\d4_stable\blocks_development_r4\batch_20260919T100716.886871Z_b1d6d7f0.json.gz,20260919T100716.886871Z_b1d6d7f0,4,382e110e-9e87-4f22-bd54-d79192f535ab,d4stable_382e110e-9e87-4f22-bd54-d79192f535ab_7604_f49deef9,472,test:sham,normal,baseline,role_aggregate,10,128,32,middle,True,True,0,10,20,"{""2"": 10}",0,10,0,10,129
results\d4_stable\blocks_development_r4\batch_20260919T100718.973676Z_01b5e47e.json.gz,20260919T100718.973676Z_01b5e47e,4,382e110e-9e87-4f22-bd54-d79192f535ab,d4stable_382e110e-9e87-4f22-bd54-d79192f535ab_7604_f49deef9,473,test:sham,normal,baseline,role_aggregate,10,128,32,middle,True,True,0,10,20,"{""2"": 10}",0,10,0,10,129
results\d4_stable\blocks_development_r4\batch_20260919T100721.225389Z_669ed41b.json.gz,20260919T100721.225389Z_669ed41b,4,382e110e-9e87-4f22-bd54-d79192f535ab,d4stable_382e110e-9e87-4f22-bd54-d79192f535ab_7604_f49deef9,474,test:sham,normal,baseline,role_aggregate,10,128,32,middle,True,True,0,10,20,"{""2"": 10}",0,10,0,10,129
results\d4_stable\blocks_development_r4\batch_20260919T100723.239597Z_a9b1b180.json.gz,20260919T100723.239597Z_a9b1b180,4,382e110e-9e87-4f22-bd54-d79192f535ab,d4stable_382e110e-9e87-4f22-bd54-d79192f535ab_7604_f49deef9,475,test:sham,normal,baseline,role_aggregate,10,128,32,middle,True,True,0,10,20,"{""2"": 10}",0,10,0,10,129
results\d4_stable\blocks_development_r4\batch_20260919T100725.216929Z_69706ec0.json.gz,20260919T100725.216929Z_69706ec0,4,382e110e-9e87-4f22-bd54-d79192f535ab,d4stable_382e110e-9e87-4f22-bd54-d79192f535ab_7604_f49deef9,476,test:sham,normal,baseline,role_aggregate,10,128,32,middle,True,True,0,10,20,"{""2"": 10}",0,10,0,10,129
results\d4_stable\blocks_development_r4\batch_20260919T100727.339627Z_5259bc82.json.gz,20260919T100727.339627Z_5259bc82,4,382e110e-9e87-4f22-bd54-d79192f535ab,d4stable_382e110e-9e87-4f22-bd54-d79192f535ab_7604_f49deef9,477,test:sham,normal,baseline,role_aggregate,10,128,32,middle,True,True,0,10,20,"{""2"": 10}",0,10,0,10,129
results\d4_stable\blocks_development_r4\batch_20260919T100729.380263Z_fc1fbe37.json.gz,20260919T100729.380263Z_fc1fbe37,4,382e110e-9e87-4f22-bd54-d79192f535ab,d4stable_382e110e-9e87-4f22-bd54-d79192f535ab_7604_f49deef9,478,test:sham,normal,baseline,role_aggregate,10,128,32,middle,True,True,0,10,20,"{""2"": 10}",0,10,0,10,129
results\d4_stable\blocks_development_r4\batch_20260919T100731.369513Z_d9cbbb26.json.gz,20260919T100731.369513Z_d9cbbb26,4,382e110e-9e87-4f22-bd54-d79192f535ab,d4stable_382e110e-9e87-4f22-bd54-d79192f535ab_7604_f49deef9,479,test:sham,normal,baseline,role_aggregate,10,128,32,middle,True,True,0,10,20,"{""2"": 10}",0,10,0,10,129
results\d4_stable\blocks_development_r4\batch_20260919T100733.415873Z_74712bdd.json.gz,20260919T100733.415873Z_74712bdd,4,382e110e-9e87-4f22-bd54-d79192f535ab,d4stable_382e110e-9e87-4f22-bd54-d79192f535ab_7604_f49deef9,480,test:sham,normal,baseline,role_aggregate,10,128,32,middle,True,True,0,10,20,"{""2"": 10}",0,10,0,10,129
results\d4_stable\blocks_development_r4\batch_20260919T100735.577022Z_6e4aaf54.json.gz,20260919T100735.577022Z_6e4aaf54,4,382e110e-9e87-4f22-bd54-d79192f535ab,d4stable_382e110e-9e87-4f22-bd54-d79192f535ab_7604_f49deef9,481,test:sham,normal,baseline,role_aggregate,10,128,32,middle,True,True,0,10,20,"{""2"": 10}",0,10,0,10,129
results\d4_stable\blocks_development_r4\batch_20260919T100737.586074Z_7d3b11b5.json.gz,20260919T100737.586074Z_7d3b11b5,4,382e110e-9e87-4f22-bd54-d79192f535ab,d4stable_382e110e-9e87-4f22-bd54-d79192f535ab_7604_f49deef9,482,test:sham,normal,baseline,role_aggregate,10,128,32,middle,True,True,0,10,20,"{""2"": 10}",0,10,0,10,129
results\d4_stable\blocks_development_r4\batch_20260919T100739.647936Z_0d337ec7.json.gz,20260919T100739.647936Z_0d337ec7,4,382e110e-9e87-4f22-bd54-d79192f535ab,d4stable_382e110e-9e87-4f22-bd54-d79192f535ab_7604_f49deef9,483,test:sham,normal,baseline,role_aggregate,10,128,32,middle,True,True,0,10,20,"{""2"": 10}",0,10,0,10,129
results\d4_stable\blocks_development_r4\batch_20260919T100741.673967Z_b5663f55.json.gz,20260919T100741.673967Z_b5663f55,4,382e110e-9e87-4f22-bd54-d79192f535ab,d4stable_382e110e-9e87-4f22-bd54-d79192f535ab_7604_f49deef9,484,test:sham,normal,baseline,role_aggregate,10,128,32,middle,True,True,0,10,20,"{""2"": 10}",0,10,0,10,129
results\d4_stable\blocks_development_r4\batch_20260919T100743.726725Z_1a699d6a.json.gz,20260919T100743.726725Z_1a699d6a,4,382e110e-9e87-4f22-bd54-d79192f535ab,d4stable_382e110e-9e87-4f22-bd54-d79192f535ab_7604_f49deef9,485,test:sham,normal,baseline,role_aggregate,10,128,32,middle,True,True,0,10,20,"{""2"": 10}",0,10,0,10,129
results\d4_stable\blocks_development_r4\batch_20260919T100745.822347Z_541e090c.json.gz,20260919T100745.822347Z_541e090c,4,382e110e-9e87-4f22-bd54-d79192f535ab,d4stable_382e110e-9e87-4f22-bd54-d79192f535ab_7604_f49deef9,486,test:sham,normal,baseline,role_aggregate,10,128,32,middle,True,True,0,10,20,"{""2"": 10}",0,10,0,10,129
results\d4_stable\blocks_development_r4\batch_20260919T100747.783787Z_141888b2.json.gz,20260919T100747.783787Z_141888b2,4,382e110e-9e87-4f22-bd54-d79192f535ab,d4stable_382e110e-9e87-4f22-bd54-d79192f535ab_7604_f49deef9,487,test:sham,normal,baseline,role_aggregate,10,128,32,middle,True,True,0,10,20,"{""2"": 10}",0,10,0,10,129
results\d4_stable\blocks_development_r4\batch_20260919T100749.755000Z_e7ac8497.json.gz,20260919T100749.755000Z_e7ac8497,4,382e110e-9e87-4f22-bd54-d79192f535ab,d4stable_382e110e-9e87-4f22-bd54-d79192f535ab_7604_f49deef9,488,test:sham,normal,baseline,role_aggregate,10,128,32,middle,True,True,0,10,20,"{""2"": 10}",0,10,0,10,129
results\d4_stable\blocks_development_r4\batch_20260919T100751.771015Z_e3739e7a.json.gz,20260919T100751.771015Z_e3739e7a,4,382e110e-9e87-4f22-bd54-d79192f535ab,d4stable_382e110e-9e87-4f22-bd54-d79192f535ab_7604_f49deef9,489,test:sham,normal,baseline,role_aggregate,10,128,32,middle,True,True,0,10,20,"{""2"": 10}",0,10,0,10,129
results\d4_stable\blocks_development_r4\batch_20260919T100759.953367Z_51029309.json.gz,20260919T100759.953367Z_51029309,4,382e110e-9e87-4f22-bd54-d79192f535ab,d4stable_382e110e-9e87-4f22-bd54-d79192f535ab_7604_f49deef9,490,test:sham,normal,cpu,role_aggregate,10,128,32,middle,True,True,0,10,20,"{""2"": 10}",0,10,0,10,129
results\d4_stable\blocks_development_r4\batch_20260919T100808.032634Z_b52a1b0b.json.gz,20260919T100808.032634Z_b52a1b0b,4,382e110e-9e87-4f22-bd54-d79192f535ab,d4stable_382e110e-9e87-4f22-bd54-d79192f535ab_7604_f49deef9,491,test:sham,normal,cpu,role_aggregate,10,128,32,middle,True,True,0,10,20,"{""2"": 10}",0,10,0,10,129
results\d4_stable\blocks_development_r4\batch_20260919T100816.251607Z_80b6313c.json.gz,20260919T100816.251607Z_80b6313c,4,382e110e-9e87-4f22-bd54-d79192f535ab,d4stable_382e110e-9e87-4f22-bd54-d79192f535ab_7604_f49deef9,492,test:sham,normal,cpu,role_aggregate,10,128,32,middle,True,True,0,10,20,"{""2"": 10}",0,10,0,10,129
results\d4_stable\blocks_development_r4\batch_20260919T100824.359768Z_f2c0837b.json.gz,20260919T100824.359768Z_f2c0837b,4,382e110e-9e87-4f22-bd54-d79192f535ab,d4stable_382e110e-9e87-4f22-bd54-d79192f535ab_7604_f49deef9,493,test:sham,normal,cpu,role_aggregate,10,128,32,middle,True,True,0,10,20,"{""2"": 10}",0,10,0,10,129
results\d4_stable\blocks_development_r4\batch_20260919T100832.404813Z_d318d33b.json.gz,20260919T100832.404813Z_d318d33b,4,382e110e-9e87-4f22-bd54-d79192f535ab,d4stable_382e110e-9e87-4f22-bd54-d79192f535ab_7604_f49deef9,494,test:sham,normal,cpu,role_aggregate,10,128,32,middle,True,True,0,10,20,"{""2"": 10}",0,10,0,10,129
results\d4_stable\blocks_development_r4\batch_20260919T100840.535409Z_3e058149.json.gz,20260919T100840.535409Z_3e058149,4,382e110e-9e87-4f22-bd54-d79192f535ab,d4stable_382e110e-9e87-4f22-bd54-d79192f535ab_7604_f49deef9,495,test:sham,normal,cpu,role_aggregate,10,128,32,middle,True,True,0,10,20,"{""2"": 10}",0,10,0,10,129
results\d4_stable\blocks_development_r4\batch_20260919T100848.777508Z_43bcded6.json.gz,20260919T100848.777508Z_43bcded6,4,382e110e-9e87-4f22-bd54-d79192f535ab,d4stable_382e110e-9e87-4f22-bd54-d79192f535ab_7604_f49deef9,496,test:sham,normal,cpu,role_aggregate,10,128,32,middle,True,True,0,10,20,"{""2"": 10}",0,10,0,10,129
results\d4_stable\blocks_development_r4\batch_20260919T100856.903882Z_c47572b9.json.gz,20260919T100856.903882Z_c47572b9,4,382e110e-9e87-4f22-bd54-d79192f535ab,d4stable_382e110e-9e87-4f22-bd54-d79192f535ab_7604_f49deef9,497,test:sham,normal,cpu,role_aggregate,10,128,32,middle,True,True,0,10,20,"{""2"": 10}",0,10,0,10,129
results\d4_stable\blocks_development_r4\batch_20260919T100904.955962Z_dcaaee5f.json.gz,20260919T100904.955962Z_dcaaee5f,4,382e110e-9e87-4f22-bd54-d79192f535ab,d4stable_382e110e-9e87-4f22-bd54-d79192f535ab_7604_f49deef9,498,test:sham,normal,cpu,role_aggregate,10,128,32,middle,True,True,0,10,20,"{""2"": 10}",0,10,0,10,129
results\d4_stable\blocks_development_r4\batch_20260919T100913.118867Z_445a281f.json.gz,20260919T100913.118867Z_445a281f,4,382e110e-9e87-4f22-bd54-d79192f535ab,d4stable_382e110e-9e87-4f22-bd54-d79192f535ab_7604_f49deef9,499,test:sham,normal,cpu,role_aggregate,10,128,32,middle,True,True,0,10,20,"{""2"": 10}",0,10,0,10,129
results\d4_stable\blocks_development_r4\batch_20260919T100921.265238Z_a9673b88.json.gz,20260919T100921.265238Z_a9673b88,4,382e110e-9e87-4f22-bd54-d79192f535ab,d4stable_382e110e-9e87-4f22-bd54-d79192f535ab_7604_f49deef9,500,test:sham,normal,cpu,role_aggregate,10,128,32,middle,True,True,0,10,20,"{""2"": 10}",0,10,0,10,129
results\d4_stable\blocks_development_r4\batch_20260919T100929.440209Z_68cf2cc6.json.gz,20260919T100929.440209Z_68cf2cc6,4,382e110e-9e87-4f22-bd54-d79192f535ab,d4stable_382e110e-9e87-4f22-bd54-d79192f535ab_7604_f49deef9,501,test:sham,normal,cpu,role_aggregate,10,128,32,middle,True,True,0,10,20,"{""2"": 10}",0,10,0,10,129
results\d4_stable\blocks_development_r4\batch_20260919T100937.508115Z_36682afc.json.gz,20260919T100937.508115Z_36682afc,4,382e110e-9e87-4f22-bd54-d79192f535ab,d4stable_382e110e-9e87-4f22-bd54-d79192f535ab_7604_f49deef9,502,test:sham,normal,cpu,role_aggregate,10,128,32,middle,True,True,0,10,20,"{""2"": 10}",0,10,0,10,129
results\d4_stable\blocks_development_r4\batch_20260919T100945.538240Z_31ccccdc.json.gz,20260919T100945.538240Z_31ccccdc,4,382e110e-9e87-4f22-bd54-d79192f535ab,d4stable_382e110e-9e87-4f22-bd54-d79192f535ab_7604_f49deef9,503,test:sham,normal,cpu,role_aggregate,10,128,32,middle,True,True,0,10,20,"{""2"": 10}",0,10,0,10,129
results\d4_stable\blocks_development_r4\batch_20260919T100953.726091Z_5c0ba3b3.json.gz,20260919T100953.726091Z_5c0ba3b3,4,382e110e-9e87-4f22-bd54-d79192f535ab,d4stable_382e110e-9e87-4f22-bd54-d79192f535ab_7604_f49deef9,504,test:sham,normal,cpu,role_aggregate,10,128,32,middle,True,True,0,10,20,"{""2"": 10}",0,10,0,10,129
results\d4_stable\blocks_development_r4\batch_20260919T101001.813377Z_612f12d7.json.gz,20260919T101001.813377Z_612f12d7,4,382e110e-9e87-4f22-bd54-d79192f535ab,d4stable_382e110e-9e87-4f22-bd54-d79192f535ab_7604_f49deef9,505,test:sham,normal,cpu,role_aggregate,10,128,32,middle,True,True,0,10,20,"{""2"": 10}",0,10,0,10,129
results\d4_stable\blocks_development_r4\batch_20260919T101009.941468Z_9d3023df.json.gz,20260919T101009.941468Z_9d3023df,4,382e110e-9e87-4f22-bd54-d79192f535ab,d4stable_382e110e-9e87-4f22-bd54-d79192f535ab_7604_f49deef9,506,test:sham,normal,cpu,role_aggregate,10,128,32,middle,True,True,0,10,20,"{""2"": 10}",0,10,0,10,129
results\d4_stable\blocks_development_r4\batch_20260919T101018.054600Z_41846cf3.json.gz,20260919T101018.054600Z_41846cf3,4,382e110e-9e87-4f22-bd54-d79192f535ab,d4stable_382e110e-9e87-4f22-bd54-d79192f535ab_7604_f49deef9,507,test:sham,normal,cpu,role_aggregate,10,128,32,middle,True,True,0,10,20,"{""2"": 10}",0,10,0,10,129
results\d4_stable\blocks_development_r4\batch_20260919T101026.141935Z_72fc814d.json.gz,20260919T101026.141935Z_72fc814d,4,382e110e-9e87-4f22-bd54-d79192f535ab,d4stable_382e110e-9e87-4f22-bd54-d79192f535ab_7604_f49deef9,508,test:sham,normal,cpu,role_aggregate,10,128,32,middle,True,True,0,10,20,"{""2"": 10}",0,10,0,10,129
results\d4_stable\blocks_development_r4\batch_20260919T101034.235814Z_c4435941.json.gz,20260919T101034.235814Z_c4435941,4,382e110e-9e87-4f22-bd54-d79192f535ab,d4stable_382e110e-9e87-4f22-bd54-d79192f535ab_7604_f49deef9,509,test:sham,normal,cpu,role_aggregate,10,128,32,middle,True,True,0,10,20,"{""2"": 10}",0,10,0,10,129
