window,method,position,segment,segment_offset,state,condition,context_stratum,security_score,security_threshold,security_alert,operational_score,operational_threshold,operational_alert,alert,accepted_update,attack_updates_so_far,normal_updates_so_far,window_attack_fraction
20,fixed,48,normal_pre,0,unloaded,baseline,low,-0.013129017821956662,0.4072607282763817,False,0.930076814971256,1.1618262584069141,False,False,False,0,0,0.0
20,fixed,49,normal_pre,1,unloaded,baseline,low,0.02915973041011151,0.4072607282763817,False,0.9522146974550008,1.1618262584069141,False,False,False,0,0,0.0
20,fixed,50,normal_pre,2,unloaded,baseline,low,0.062253997828533636,0.4072607282763817,False,1.040989632446727,1.1618262584069141,False,False,False,0,0,0.0
20,fixed,51,normal_pre,3,unloaded,baseline,low,-0.022267757852089856,0.4072607282763817,False,0.9103184561151939,1.1618262584069141,False,False,False,0,0,0.0
20,fixed,52,normal_pre,4,unloaded,baseline,low,-0.10674230292600287,0.4072607282763817,False,1.0206234040176543,1.1618262584069141,False,False,False,0,0,0.0
20,fixed,53,normal_pre,5,unloaded,baseline,low,-0.08862468702832349,0.4072607282763817,False,0.9323784066023988,1.1618262584069141,False,False,False,0,0,0.0
20,fixed,54,normal_pre,6,unloaded,baseline,low,-0.13812266139507223,0.4072607282763817,False,0.9226317115684853,1.1618262584069141,False,False,False,0,0,0.0
20,fixed,55,normal_pre,7,unloaded,baseline,low,-0.05181336757519998,0.4072607282763817,False,0.9040890918584443,1.1618262584069141,False,False,False,0,0,0.0
20,fixed,56,normal_pre,8,unloaded,baseline,low,-0.06522801557764636,0.4072607282763817,False,1.0019405067138416,1.1618262584069141,False,False,False,0,0,0.0
20,fixed,57,normal_pre,9,unloaded,baseline,low,0.023941854381834025,0.4072607282763817,False,0.9973165415858122,1.1618262584069141,False,False,False,0,0,0.0
20,fixed,58,normal_pre,10,unloaded,baseline,low,-0.12319227544356848,0.4072607282763817,False,0.9059750461747079,1.1618262584069141,False,False,False,0,0,0.0
20,fixed,59,normal_pre,11,unloaded,baseline,low,-0.01008490545718218,0.4072607282763817,False,0.9135552317048143,1.1618262584069141,False,False,False,0,0,0.0
20,fixed,60,normal_pre,12,unloaded,baseline,low,-0.00488881191045643,0.4072607282763817,False,0.9911027637283706,1.1618262584069141,False,False,False,0,0,0.0
20,fixed,61,normal_pre,13,unloaded,baseline,low,-0.0603410159852716,0.4072607282763817,False,0.9484583752217814,1.1618262584069141,False,False,False,0,0,0.0
20,fixed,62,normal_pre,14,unloaded,baseline,low,-0.10236573508134322,0.4072607282763817,False,0.9026239703234957,1.1618262584069141,False,False,False,0,0,0.0
20,fixed,63,normal_pre,15,unloaded,baseline,low,-0.050877316012857804,0.4072607282763817,False,0.8939787141740118,1.1618262584069141,False,False,False,0,0,0.0
20,fixed,64,normal_pre,16,unloaded,baseline,low,-0.05510479107338977,0.4072607282763817,False,0.9041566329221121,1.1618262584069141,False,False,False,0,0,0.0
20,fixed,65,normal_pre,17,unloaded,baseline,low,0.03521835357545315,0.4072607282763817,False,0.9875542601525908,1.1618262584069141,False,False,False,0,0,0.0
20,fixed,66,normal_pre,18,unloaded,baseline,low,0.08208186588175982,0.4072607282763817,False,1.03530059669932,1.1618262584069141,False,False,False,0,0,0.0
20,fixed,67,normal_pre,19,unloaded,baseline,low,-0.11859108626620898,0.4072607282763817,False,1.0824546500723469,1.1618262584069141,False,False,False,0,0,0.0
20,fixed,68,normal_pre,20,unloaded,baseline,low,-0.09442363335705675,0.4072607282763817,False,0.9034968086847417,1.1618262584069141,False,False,False,0,0,0.0
20,fixed,69,normal_pre,21,unloaded,baseline,low,-0.08782596223184766,0.4072607282763817,False,0.9182727152286915,1.1618262584069141,False,False,False,0,0,0.0
20,fixed,70,normal_pre,22,unloaded,baseline,low,0.019664381033028908,0.4072607282763817,False,1.1878706640585426,1.1618262584069141,True,True,False,0,0,0.0
20,fixed,71,normal_pre,23,unloaded,baseline,low,0.01282746574072316,0.4072607282763817,False,1.1659561866315453,1.1618262584069141,True,True,False,0,0,0.0
20,fixed,72,normal_pre,24,unloaded,baseline,low,0.0729093044730977,0.4072607282763817,False,1.0201142483069274,1.1618262584069141,False,False,False,0,0,0.0
20,fixed,73,normal_pre,25,unloaded,baseline,low,-0.0424289024717688,0.4072607282763817,False,0.9215978137477238,1.1618262584069141,False,False,False,0,0,0.0
20,fixed,74,normal_pre,26,unloaded,baseline,low,0.021322211923292086,0.4072607282763817,False,1.0646705684619602,1.1618262584069141,False,False,False,0,0,0.0
20,fixed,75,normal_pre,27,unloaded,baseline,low,-0.12866787070571195,0.4072607282763817,False,0.9064842018854348,1.1618262584069141,False,False,False,0,0,0.0
20,fixed,76,normal_pre,28,unloaded,baseline,low,-0.057205214009062484,0.4072607282763817,False,0.9669022810695387,1.1618262584069141,False,False,False,0,0,0.0
20,fixed,77,normal_pre,29,unloaded,baseline,low,-0.07285759387285287,0.4072607282763817,False,0.9179298144439162,1.1618262584069141,False,False,False,0,0,0.0
20,fixed,78,benign_cpu_drift,0,unloaded,cpu,high,-0.0501685258608878,0.4201396874464996,False,1.19761216362602,1.1618262584069141,True,True,False,0,0,0.0
20,fixed,79,benign_cpu_drift,1,unloaded,cpu,high,0.03502539943958842,0.4201396874464996,False,1.3147179770931885,1.1618262584069141,True,True,False,0,0,0.0
20,fixed,80,benign_cpu_drift,2,unloaded,cpu,high,0.06246995540720886,0.4201396874464996,False,1.3109928276585852,1.1618262584069141,True,True,False,0,0,0.0
20,fixed,81,benign_cpu_drift,3,unloaded,cpu,high,0.09082941727543728,0.4201396874464996,False,1.249369400261332,1.1618262584069141,True,True,False,0,0,0.0
20,fixed,82,benign_cpu_drift,4,unloaded,cpu,high,-0.10293138323129049,0.4201396874464996,False,1.2258962829035385,1.1618262584069141,True,True,False,0,0,0.0
20,fixed,83,benign_cpu_drift,5,unloaded,cpu,high,0.12588126196769284,0.4201396874464996,False,1.3427631049146516,1.1618262584069141,True,True,False,0,0,0.0
20,fixed,84,benign_cpu_drift,6,unloaded,cpu,high,-0.007133780945795443,0.4201396874464996,False,1.317430010572774,1.1618262584069141,True,True,False,0,0,0.0
20,fixed,85,benign_cpu_drift,7,unloaded,cpu,high,-0.010431486320128747,0.4201396874464996,False,1.2736062511852158,1.1618262584069141,True,True,False,0,0,0.0
20,fixed,86,benign_cpu_drift,8,unloaded,cpu,high,0.04911880143500191,0.4201396874464996,False,1.2651480318274273,1.1618262584069141,True,True,False,0,0,0.0
20,fixed,87,benign_cpu_drift,9,unloaded,cpu,high,-0.006218593713696419,0.4201396874464996,False,1.2556974783803654,1.1618262584069141,True,True,False,0,0,0.0
20,fixed,88,benign_cpu_drift,10,unloaded,cpu,high,0.04799033605196297,0.4201396874464996,False,1.28125397777899,1.1618262584069141,True,True,False,0,0,0.0
20,fixed,89,benign_cpu_drift,11,unloaded,cpu,high,-0.015083657762214066,0.4201396874464996,False,1.260108429384519,1.1618262584069141,True,True,False,0,0,0.0
20,fixed,90,benign_cpu_drift,12,unloaded,cpu,high,0.028434895087584476,0.4201396874464996,False,1.2714968918122047,1.1618262584069141,True,True,False,0,0,0.0
20,fixed,91,benign_cpu_drift,13,unloaded,cpu,high,0.04012470523741363,0.4201396874464996,False,1.295988320591452,1.1618262584069141,True,True,False,0,0,0.0
20,fixed,92,benign_cpu_drift,14,unloaded,cpu,high,0.0604274748504325,0.4201396874464996,False,1.257941919880712,1.1618262584069141,True,True,False,0,0,0.0
20,fixed,93,benign_cpu_drift,15,unloaded,cpu,high,0.028379435388274393,0.4201396874464996,False,1.2369937992108087,1.1618262584069141,True,True,False,0,0,0.0
20,fixed,94,benign_cpu_drift,16,unloaded,cpu,high,-0.0841541904997875,0.4201396874464996,False,1.2997810110897232,1.1618262584069141,True,True,False,0,0,0.0
20,fixed,95,benign_cpu_drift,17,unloaded,cpu,high,0.10982917271061138,0.4201396874464996,False,1.3293743879091104,1.1618262584069141,True,True,False,0,0,0.0
20,fixed,96,benign_cpu_drift,18,unloaded,cpu,high,-0.10645979201596495,0.4201396874464996,False,1.2503409524848617,1.1618262584069141,True,True,False,0,0,0.0
20,fixed,97,benign_cpu_drift,19,unloaded,cpu,high,-0.11173540812200224,0.4201396874464996,False,1.2438622058391848,1.1618262584069141,True,True,False,0,0,0.0
20,fixed,98,benign_cpu_drift,20,unloaded,cpu,high,0.03763375442337867,0.4201396874464996,False,1.3156999202495903,1.1618262584069141,True,True,False,0,0,0.0
20,fixed,99,benign_cpu_drift,21,unloaded,cpu,high,0.06844934071757651,0.4201396874464996,False,1.2600668656530312,1.1618262584069141,True,True,False,0,0,0.0
20,fixed,100,benign_cpu_drift,22,unloaded,cpu,high,-0.06541688796260117,0.4201396874464996,False,1.230816389618419,1.1618262584069141,True,True,False,0,0,0.0
20,fixed,101,benign_cpu_drift,23,unloaded,cpu,high,-0.036308081028168834,0.4201396874464996,False,1.2513488729734434,1.1618262584069141,True,True,False,0,0,0.0
20,fixed,102,benign_cpu_drift,24,unloaded,cpu,high,0.1018275154979757,0.4201396874464996,False,1.3751516426766004,1.1618262584069141,True,True,False,0,0,0.0
20,fixed,103,benign_cpu_drift,25,unloaded,cpu,high,0.024504046827311696,0.4201396874464996,False,1.3280235666357536,1.1618262584069141,True,True,False,0,0,0.0
20,fixed,104,benign_cpu_drift,26,unloaded,cpu,high,-0.02892492218531792,0.4201396874464996,False,1.2586692851817505,1.1618262584069141,True,True,False,0,0,0.0
20,fixed,105,benign_cpu_drift,27,unloaded,cpu,high,0.09157653043267683,0.4201396874464996,False,1.4043345776475447,1.1618262584069141,True,True,False,0,0,0.0
20,fixed,106,benign_cpu_drift,28,unloaded,cpu,high,0.04450184999228594,0.4201396874464996,False,1.2957181563367806,1.1618262584069141,True,True,False,0,0,0.0
20,fixed,107,benign_cpu_drift,29,unloaded,cpu,high,0.03446267922974014,0.4201396874464996,False,1.258425098259259,1.1618262584069141,True,True,False,0,0,0.0
20,fixed,108,benign_cpu_drift,30,unloaded,cpu,high,-0.12694031359445646,0.4201396874464996,False,1.2952141960924897,1.1618262584069141,True,True,False,0,0,0.0
20,fixed,109,benign_cpu_drift,31,unloaded,cpu,high,-0.051660685191195654,0.4201396874464996,False,1.2215113092315646,1.1618262584069141,True,True,False,0,0,0.0
20,fixed,110,benign_cpu_drift,32,unloaded,cpu,high,0.06902403902898262,0.4201396874464996,False,1.2603578117734464,1.1618262584069141,True,True,False,0,0,0.0
20,fixed,111,benign_cpu_drift,33,unloaded,cpu,high,0.011988617186349092,0.4201396874464996,False,1.2336219414938525,1.1618262584069141,True,True,False,0,0,0.0
20,fixed,112,benign_cpu_drift,34,unloaded,cpu,high,-0.04887910155404421,0.4201396874464996,False,1.3157310930482062,1.1618262584069141,True,True,False,0,0,0.0
20,fixed,113,benign_cpu_drift,35,unloaded,cpu,high,0.13759478059341215,0.4201396874464996,False,1.3233736241755445,1.1618262584069141,True,True,False,0,0,0.0
20,fixed,114,benign_cpu_drift,36,unloaded,cpu,high,0.08199994994651774,0.4201396874464996,False,1.2889276817049442,1.1618262584069141,True,True,False,0,0,0.0
20,fixed,115,benign_cpu_drift,37,unloaded,cpu,high,0.06232149429272928,0.4201396874464996,False,1.2529646630350357,1.1618262584069141,True,True,False,0,0,0.0
20,fixed,116,benign_cpu_drift,38,unloaded,cpu,high,-0.0311456301660804,0.4201396874464996,False,1.2732217866689526,1.1618262584069141,True,True,False,0,0,0.0
20,fixed,117,benign_cpu_drift,39,unloaded,cpu,high,0.02873787024547747,0.4201396874464996,False,1.2690446316544184,1.1618262584069141,True,True,False,0,0,0.0
20,fixed,118,benign_cpu_drift,40,unloaded,cpu,high,-0.007454873963552531,0.4201396874464996,False,1.2911149730744953,1.1618262584069141,True,True,False,0,0,0.0
20,fixed,119,benign_cpu_drift,41,unloaded,cpu,high,-0.003564169829999171,0.4201396874464996,False,1.2539725835236173,1.1618262584069141,True,True,False,0,0,0.0
20,fixed,120,benign_cpu_drift,42,unloaded,cpu,high,-0.06032923537067803,0.4201396874464996,False,1.2741985343589184,1.1618262584069141,True,True,False,0,0,0.0
20,fixed,121,benign_cpu_drift,43,unloaded,cpu,high,0.01896076433608831,0.4201396874464996,False,1.282547648921551,1.1618262584069141,True,True,False,0,0,0.0
20,fixed,122,benign_cpu_drift,44,unloaded,cpu,high,0.027739249267080678,0.4201396874464996,False,1.3159700845042617,1.1618262584069141,True,True,False,0,0,0.0
20,fixed,123,benign_cpu_drift,45,unloaded,cpu,high,0.004194705921908411,0.4201396874464996,False,1.2844128213720707,1.1618262584069141,True,True,False,0,0,0.0
20,fixed,124,benign_cpu_drift,46,unloaded,cpu,high,-0.04797797596664044,0.4201396874464996,False,1.2291538403589028,1.1618262584069141,True,True,False,0,0,0.0
20,fixed,125,benign_cpu_drift,47,unloaded,cpu,high,0.06825115144006204,0.4201396874464996,False,1.3024670672371288,1.1618262584069141,True,True,False,0,0,0.0
20,fixed,126,benign_cpu_drift,48,unloaded,cpu,high,0.11093272296470072,0.4201396874464996,False,1.3274780426599748,1.1618262584069141,True,True,False,0,0,0.0
20,fixed,127,benign_cpu_drift,49,unloaded,cpu,high,-0.050597872115767724,0.4201396874464996,False,1.242033401653717,1.1618262584069141,True,True,False,0,0,0.0
20,fixed,128,benign_cpu_drift,50,unloaded,cpu,high,0.009512836313522736,0.4201396874464996,False,1.2897693472675744,1.1618262584069141,True,True,False,0,0,0.0
20,fixed,129,benign_cpu_drift,51,unloaded,cpu,high,-0.05754179155771201,0.4201396874464996,False,1.2871716140495804,1.1618262584069141,True,True,False,0,0,0.0
20,fixed,130,benign_cpu_drift,52,unloaded,cpu,high,0.002670049939858589,0.4201396874464996,False,1.2923411031533885,1.1618262584069141,True,True,False,0,0,0.0
20,fixed,131,benign_cpu_drift,53,unloaded,cpu,high,-0.07035214909229938,0.4201396874464996,False,1.2340219924094236,1.1618262584069141,True,True,False,0,0,0.0
20,fixed,132,benign_cpu_drift,54,unloaded,cpu,high,-0.1840835942669565,0.4201396874464996,False,1.2288161350405635,1.1618262584069141,True,True,False,0,0,0.0
20,fixed,133,benign_cpu_drift,55,unloaded,cpu,high,0.11056317767438455,0.4201396874464996,False,1.3172014100495908,1.1618262584069141,True,True,False,0,0,0.0
20,fixed,134,benign_cpu_drift,56,unloaded,cpu,high,-0.010670714554329299,0.4201396874464996,False,1.2258910874371023,1.1618262584069141,True,True,False,0,0,0.0
20,fixed,135,benign_cpu_drift,57,unloaded,cpu,high,0.027690407166944805,0.4201396874464996,False,1.2654389779478428,1.1618262584069141,True,True,False,0,0,0.0
20,fixed,136,benign_cpu_drift,58,unloaded,cpu,high,0.0002715660720089205,0.4201396874464996,False,1.2579263334814041,1.1618262584069141,True,True,False,0,0,0.0
20,fixed,137,benign_cpu_drift,59,unloaded,cpu,high,-0.019799358356748533,0.4201396874464996,False,1.2629659359243124,1.1618262584069141,True,True,False,0,0,0.0
20,fixed,138,benign_cpu_drift,60,unloaded,cpu,high,-0.0220332790958685,0.4201396874464996,False,1.3160116482357496,1.1618262584069141,True,True,False,0,0,0.0
20,fixed,139,benign_cpu_drift,61,unloaded,cpu,high,0.02050837752192379,0.4201396874464996,False,1.240744925977592,1.1618262584069141,True,True,False,0,0,0.0
20,fixed,140,benign_cpu_drift,62,unloaded,cpu,high,0.056237054988069794,0.4201396874464996,False,1.2840075749900637,1.1618262584069141,True,True,False,0,0,0.0
20,fixed,141,benign_cpu_drift,63,unloaded,cpu,high,-0.021298975669213523,0.4201396874464996,False,1.2569807585900543,1.1618262584069141,True,True,False,0,0,0.0
20,fixed,142,benign_cpu_drift,64,unloaded,cpu,high,-0.03837971605705722,0.4201396874464996,False,1.2705565123872908,1.1618262584069141,True,True,False,0,0,0.0
20,fixed,143,benign_cpu_drift,65,unloaded,cpu,high,0.06234983553578987,0.4201396874464996,False,1.2287745713090756,1.1618262584069141,True,True,False,0,0,0.0
20,fixed,144,benign_cpu_drift,66,unloaded,cpu,high,0.01679936815311069,0.4201396874464996,False,1.2312008541346822,1.1618262584069141,True,True,False,0,0,0.0
20,fixed,145,benign_cpu_drift,67,unloaded,cpu,high,0.07528643907242703,0.4201396874464996,False,1.3081405165852278,1.1618262584069141,True,True,False,0,0,0.0
20,fixed,146,benign_cpu_drift,68,unloaded,cpu,high,-0.05556548278930551,0.4201396874464996,False,1.2326036300723988,1.1618262584069141,True,True,False,0,0,0.0
20,fixed,147,benign_cpu_drift,69,unloaded,cpu,high,0.01991626375725081,0.4201396874464996,False,1.2693407732412696,1.1618262584069141,True,True,False,0,0,0.0
20,fixed,148,benign_cpu_drift,70,unloaded,cpu,high,-0.01776991343567192,0.4201396874464996,False,1.2339960150772435,1.1618262584069141,True,True,False,0,0,0.0
20,fixed,149,benign_cpu_drift,71,unloaded,cpu,high,-0.10111022834857966,0.4201396874464996,False,1.245441627635725,1.1618262584069141,True,True,False,0,0,0.0
20,fixed,150,benign_cpu_drift,72,unloaded,cpu,high,0.006687429843258738,0.4201396874464996,False,1.2922112164924886,1.1618262584069141,True,True,False,0,0,0.0
20,fixed,151,benign_cpu_drift,73,unloaded,cpu,high,0.0511534913218853,0.4201396874464996,False,1.2295954550059618,1.1618262584069141,True,True,False,0,0,0.0
20,fixed,152,benign_cpu_drift,74,unloaded,cpu,high,-0.007559506386308435,0.4201396874464996,False,1.2666806944260438,1.1618262584069141,True,True,False,0,0,0.0
20,fixed,153,benign_cpu_drift,75,unloaded,cpu,high,-0.020025907752125826,0.4201396874464996,False,1.2291746222246467,1.1618262584069141,True,True,False,0,0,0.0
20,fixed,154,benign_cpu_drift,76,unloaded,cpu,high,-0.04786406468041781,0.4201396874464996,False,1.2676782239817534,1.1618262584069141,True,True,False,0,0,0.0
20,fixed,155,benign_cpu_drift,77,unloaded,cpu,high,0.0037397595726607405,0.4201396874464996,False,1.22687822605994,1.1618262584069141,True,True,False,0,0,0.0
20,fixed,156,benign_cpu_drift,78,unloaded,cpu,high,-0.12005767832784926,0.4201396874464996,False,1.217874482726373,1.1618262584069141,True,True,False,0,0,0.0
20,fixed,157,benign_cpu_drift,79,unloaded,cpu,high,-0.05080294153433208,0.4201396874464996,False,1.2700005974786401,1.1618262584069141,True,True,False,0,0,0.0
20,fixed,158,benign_cpu_drift,80,unloaded,cpu,high,0.08027289635754616,0.4201396874464996,False,1.3148634501533962,1.1618262584069141,True,True,False,0,0,0.0
20,fixed,159,benign_cpu_drift,81,unloaded,cpu,high,-0.058256766589441615,0.4201396874464996,False,1.2155417182966144,1.1618262584069141,True,True,False,0,0,0.0
20,fixed,160,benign_cpu_drift,82,unloaded,cpu,high,0.009694487883445523,0.4201396874464996,False,1.3108213772661974,1.1618262584069141,True,True,False,0,0,0.0
20,fixed,161,benign_cpu_drift,83,unloaded,cpu,high,-0.06733478458028248,0.4201396874464996,False,1.273980324768607,1.1618262584069141,True,True,False,0,0,0.0
20,fixed,162,benign_cpu_drift,84,unloaded,cpu,high,0.09906148158870344,0.4201396874464996,False,1.3223864855527068,1.1618262584069141,True,True,False,0,0,0.0
20,fixed,163,benign_cpu_drift,85,unloaded,cpu,high,-0.006014723719478027,0.4201396874464996,False,1.2605240666993982,1.1618262584069141,True,True,False,0,0,0.0
20,fixed,164,benign_cpu_drift,86,unloaded,cpu,high,0.144556457702778,0.4201396874464996,False,1.4840330327756,1.1618262584069141,True,True,False,0,0,0.0
20,fixed,165,benign_cpu_drift,87,unloaded,cpu,high,-0.13706309324930055,0.4201396874464996,False,1.2472600408883208,1.1618262584069141,True,True,False,0,0,0.0
20,fixed,166,benign_cpu_drift,88,unloaded,cpu,high,-0.016694883868113672,0.4201396874464996,False,1.3108109863333255,1.1618262584069141,True,True,False,0,0,0.0
20,fixed,167,benign_cpu_drift,89,unloaded,cpu,high,-0.10478673981408404,0.4201396874464996,False,1.2246753482910813,1.1618262584069141,True,True,False,0,0,0.0
20,fixed,168,benign_cpu_drift,90,unloaded,cpu,high,0.04458691887972936,0.4201396874464996,False,1.2380900426288022,1.1618262584069141,True,True,False,0,0,0.0
20,fixed,169,benign_cpu_drift,91,unloaded,cpu,high,0.04902703821332258,0.4201396874464996,False,1.2719956565900594,1.1618262584069141,True,True,False,0,0,0.0
20,fixed,170,benign_cpu_drift,92,unloaded,cpu,high,0.020012211966516924,0.4201396874464996,False,1.2688835721949028,1.1618262584069141,True,True,False,0,0,0.0
20,fixed,171,benign_cpu_drift,93,unloaded,cpu,high,0.04341204186233408,0.4201396874464996,False,1.2932918735111743,1.1618262584069141,True,True,False,0,0,0.0
20,fixed,172,benign_cpu_drift,94,unloaded,cpu,high,0.045211078267062846,0.4201396874464996,False,1.3587339687388784,1.1618262584069141,True,True,False,0,0,0.0
20,fixed,173,benign_cpu_drift,95,unloaded,cpu,high,-0.055755206183832576,0.4201396874464996,False,1.2444596844793234,1.1618262584069141,True,True,False,0,0,0.0
20,fixed,174,benign_cpu_drift,96,unloaded,cpu,high,-0.07323630898216363,0.4201396874464996,False,1.2081070058267156,1.1618262584069141,True,True,False,0,0,0.0
20,fixed,175,benign_cpu_drift,97,unloaded,cpu,high,0.069598542746756,0.4201396874464996,False,1.2690498271208543,1.1618262584069141,True,True,False,0,0,0.0
20,fixed,176,benign_cpu_drift,98,unloaded,cpu,high,0.003433951938095181,0.4201396874464996,False,1.285961070369995,1.1618262584069141,True,True,False,0,0,0.0
20,fixed,177,benign_cpu_drift,99,unloaded,cpu,high,0.10943720659776723,0.4201396874464996,False,1.3816096074565334,1.1618262584069141,True,True,False,0,0,0.0
20,fixed,178,benign_cpu_drift,100,unloaded,cpu,high,0.03352798298662593,0.4201396874464996,False,1.2770508454322758,1.1618262584069141,True,True,False,0,0,0.0
20,fixed,179,benign_cpu_drift,101,unloaded,cpu,high,0.07089903976110092,0.4201396874464996,False,1.312759286246821,1.1618262584069141,True,True,False,0,0,0.0
20,fixed,180,benign_cpu_drift,102,unloaded,cpu,high,0.0701341206165438,0.4201396874464996,False,1.254949331213583,1.1618262584069141,True,True,False,0,0,0.0
20,fixed,181,benign_cpu_drift,103,unloaded,cpu,high,0.019336414524932195,0.4201396874464996,False,1.278666635493868,1.1618262584069141,True,True,False,0,0,0.0
20,fixed,182,benign_cpu_drift,104,unloaded,cpu,high,0.07327162141908039,0.4201396874464996,False,1.2828437905084025,1.1618262584069141,True,True,False,0,0,0.0
20,fixed,183,benign_cpu_drift,105,unloaded,cpu,high,-0.06960709691132114,0.4201396874464996,False,1.2615943327852117,1.1618262584069141,True,True,False,0,0,0.0
20,fixed,184,benign_cpu_drift,106,unloaded,cpu,high,-0.08134367198582042,0.4201396874464996,False,1.2567469626004348,1.1618262584069141,True,True,False,0,0,0.0
20,fixed,185,benign_cpu_drift,107,unloaded,cpu,high,-0.02413475739789141,0.4201396874464996,False,1.2793940007949063,1.1618262584069141,True,True,False,0,0,0.0
20,fixed,186,benign_cpu_drift,108,unloaded,cpu,high,0.0765152263956924,0.4201396874464996,False,1.3048206135326315,1.1618262584069141,True,True,False,0,0,0.0
20,fixed,187,benign_cpu_drift,109,unloaded,cpu,high,0.09052767935471932,0.4201396874464996,False,1.2433790274606378,1.1618262584069141,True,True,False,0,0,0.0
20,fixed,188,benign_cpu_drift,110,unloaded,cpu,high,0.0840580149012779,0.4201396874464996,False,1.2250494218744723,1.1618262584069141,True,True,False,0,0,0.0
20,fixed,189,benign_cpu_drift,111,unloaded,cpu,high,-0.03667103367381048,0.4201396874464996,False,1.2958688248634243,1.1618262584069141,True,True,False,0,0,0.0
20,fixed,190,benign_cpu_drift,112,unloaded,cpu,high,0.041147808398920106,0.4201396874464996,False,1.3539541396177694,1.1618262584069141,True,True,False,0,0,0.0
20,fixed,191,benign_cpu_drift,113,unloaded,cpu,high,-0.030971393171405823,0.4201396874464996,False,1.232499720743679,1.1618262584069141,True,True,False,0,0,0.0
20,fixed,192,benign_cpu_drift,114,unloaded,cpu,high,0.09760371614205333,0.4201396874464996,False,1.3037763247789977,1.1618262584069141,True,True,False,0,0,0.0
20,fixed,193,benign_cpu_drift,115,unloaded,cpu,high,-0.03256551084458451,0.4201396874464996,False,1.267906824504937,1.1618262584069141,True,True,False,0,0,0.0
20,fixed,194,benign_cpu_drift,116,unloaded,cpu,high,-0.0687213115954504,0.4201396874464996,False,1.2850986229416212,1.1618262584069141,True,True,False,0,0,0.0
20,fixed,195,benign_cpu_drift,117,unloaded,cpu,high,0.023561070435638334,0.4201396874464996,False,1.2613449503962841,1.1618262584069141,True,True,False,0,0,0.0
20,fixed,196,benign_cpu_drift,118,unloaded,cpu,high,0.161880205096715,0.4201396874464996,False,1.3500315624585986,1.1618262584069141,True,True,False,0,0,0.0
20,fixed,197,benign_cpu_drift,119,unloaded,cpu,high,0.015063274449787022,0.4201396874464996,False,1.2776015648744905,1.1618262584069141,True,True,False,0,0,0.0
20,fixed,198,normal_recovery_1,0,unloaded,baseline,low,-0.05330910279516486,0.4072607282763817,False,0.8972362716293762,1.1618262584069141,False,False,False,0,0,0.0
20,fixed,199,normal_recovery_1,1,unloaded,baseline,low,-0.03411454935420291,0.4072607282763817,False,0.9523445841159005,1.1618262584069141,False,False,False,0,0,0.0
20,fixed,200,normal_recovery_1,2,unloaded,baseline,low,-0.030720121697451988,0.4072607282763817,False,0.9246371616127766,1.1618262584069141,False,False,False,0,0,0.0
20,fixed,201,normal_recovery_1,3,unloaded,baseline,low,-0.04794536734631804,0.4072607282763817,False,0.8911783577650142,1.1618262584069141,False,False,False,0,0,0.0
20,fixed,202,normal_recovery_1,4,unloaded,baseline,low,0.0672010423725061,0.4072607282763817,False,0.9951500320820053,1.1618262584069141,False,False,False,0,0,0.0
20,fixed,203,normal_recovery_1,5,unloaded,baseline,low,-0.02109473524050407,0.4072607282763817,False,0.9226472979677933,1.1618262584069141,False,False,False,0,0,0.0
20,fixed,204,normal_recovery_1,6,unloaded,baseline,low,-0.07893635321587583,0.4072607282763817,False,0.9009302482653636,1.1618262584069141,False,False,False,0,0,0.0
20,fixed,205,normal_recovery_1,7,unloaded,baseline,low,-0.13452198063299523,0.4072607282763817,False,0.9131240079906274,1.1618262584069141,False,False,False,0,0,0.0
20,fixed,206,normal_recovery_1,8,unloaded,baseline,low,-0.021362492858010645,0.4072607282763817,False,0.9472322451428883,1.1618262584069141,False,False,False,0,0,0.0
20,fixed,207,normal_recovery_1,9,unloaded,baseline,low,-0.017201020480156072,0.4072607282763817,False,0.9187610890736743,1.1618262584069141,False,False,False,0,0,0.0
20,fixed,208,normal_recovery_1,10,unloaded,baseline,low,-0.02631511174509754,0.4072607282763817,False,0.9024265425989282,1.1618262584069141,False,False,False,0,0,0.0
20,fixed,209,normal_recovery_1,11,unloaded,baseline,low,-0.09704850246975752,0.4072607282763817,False,0.9185740522819787,1.1618262584069141,False,False,False,0,0,0.0
20,fixed,210,normal_recovery_1,12,unloaded,baseline,low,-0.057481285496972,0.4072607282763817,False,0.891303048959478,1.1618262584069141,False,False,False,0,0,0.0
20,fixed,211,normal_recovery_1,13,unloaded,baseline,low,-0.08047466284992393,0.4072607282763817,False,1.0982228907055702,1.1618262584069141,False,False,False,0,0,0.0
20,fixed,212,normal_recovery_1,14,unloaded,baseline,low,-0.02932260793596148,0.4072607282763817,False,0.9431589994570737,1.1618262584069141,False,False,False,0,0,0.0
20,fixed,213,normal_recovery_1,15,unloaded,baseline,low,0.015930774293007,0.4072607282763817,False,1.0561863717719917,1.1618262584069141,False,False,False,0,0,0.0
20,fixed,214,normal_recovery_1,16,unloaded,baseline,low,-0.030936352726162037,0.4072607282763817,False,0.9698533060051798,1.1618262584069141,False,False,False,0,0,0.0
20,fixed,215,normal_recovery_1,17,unloaded,baseline,low,-0.015160208693461427,0.4072607282763817,False,0.9487856896072487,1.1618262584069141,False,False,False,0,0,0.0
20,fixed,216,normal_recovery_1,18,unloaded,baseline,low,-0.0013294755117633957,0.4072607282763817,False,0.9463646022480783,1.1618262584069141,False,False,False,0,0,0.0
20,fixed,217,normal_recovery_1,19,unloaded,baseline,low,-0.0023702587499999095,0.4072607282763817,False,0.9020161007504851,1.1618262584069141,False,False,False,0,0,0.0
20,fixed,218,normal_recovery_1,20,unloaded,baseline,low,-0.1629688145476428,0.4072607282763817,False,1.118563141802463,1.1618262584069141,False,False,False,0,0,0.0
20,fixed,219,normal_recovery_1,21,unloaded,baseline,low,0.007133734648666426,0.4072607282763817,False,0.9962566664328707,1.1618262584069141,False,False,False,0,0,0.0
20,fixed,220,normal_recovery_1,22,unloaded,baseline,low,0.10238405607924872,0.4072607282763817,False,1.177744699974802,1.1618262584069141,True,True,False,0,0,0.0
20,fixed,221,normal_recovery_1,23,unloaded,baseline,low,-0.04523253755051785,0.4072607282763817,False,0.9453307044273167,1.1618262584069141,False,False,False,0,0,0.0
20,fixed,222,normal_recovery_1,24,unloaded,baseline,low,-0.01960421067884765,0.4072607282763817,False,0.9089052892446051,1.1618262584069141,False,False,False,0,0,0.0
20,fixed,223,normal_recovery_1,25,unloaded,baseline,low,-0.002292982778735575,0.4072607282763817,False,1.2178952645921168,1.1618262584069141,True,True,False,0,0,0.0
20,fixed,224,normal_recovery_1,26,unloaded,baseline,low,-0.016708695548661622,0.4072607282763817,False,0.9506300801920244,1.1618262584069141,False,False,False,0,0,0.0
20,fixed,225,normal_recovery_1,27,unloaded,baseline,low,0.017603632903743973,0.4072607282763817,False,1.0024652488238763,1.1618262584069141,False,False,False,0,0,0.0
20,fixed,226,normal_recovery_1,28,unloaded,baseline,low,0.043349232309462374,0.4072607282763817,False,1.028894586583747,1.1618262584069141,False,False,False,0,0,0.0
20,fixed,227,normal_recovery_1,29,unloaded,baseline,low,-0.03139771588897073,0.4072607282763817,False,0.9146774524549878,1.1618262584069141,False,False,False,0,0,0.0
20,fixed,228,persistent_attack_baseline,0,hiding,baseline,low,0.7178274129743505,0.4072607282763817,True,1.8161064654982062,1.1618262584069141,True,True,False,0,0,0.0
20,fixed,229,persistent_attack_baseline,1,hiding,baseline,low,0.6433214631619052,0.4072607282763817,True,1.5341900657486278,1.1618262584069141,True,True,False,0,0,0.0
20,fixed,230,persistent_attack_baseline,2,hiding,baseline,low,0.4196759838198757,0.4072607282763817,True,1.4862463014773308,1.1618262584069141,True,True,False,0,0,0.0
20,fixed,231,persistent_attack_baseline,3,hiding,baseline,low,0.6174899500089378,0.4072607282763817,True,1.480203974012277,1.1618262584069141,True,True,False,0,0,0.0
20,fixed,232,persistent_attack_baseline,4,hiding,baseline,low,0.5929203994148027,0.4072607282763817,True,1.5546290307078043,1.1618262584069141,True,True,False,0,0,0.0
20,fixed,233,persistent_attack_baseline,5,hiding,baseline,low,0.5424528085127441,0.4072607282763817,True,1.3831994201859457,1.1618262584069141,True,True,False,0,0,0.0
20,fixed,234,persistent_attack_baseline,6,hiding,baseline,low,0.6277697435165,0.4072607282763817,True,1.3977311398074042,1.1618262584069141,True,True,False,0,0,0.0
20,fixed,235,persistent_attack_baseline,7,hiding,baseline,low,0.5647437380269791,0.4072607282763817,True,1.5773643918316878,1.1618262584069141,True,True,False,0,0,0.0
20,fixed,236,persistent_attack_baseline,8,hiding,baseline,low,0.5837959494289843,0.4072607282763817,True,1.440115754992194,1.1618262584069141,True,True,False,0,0,0.0
20,fixed,237,persistent_attack_baseline,9,hiding,baseline,low,0.6265631860855351,0.4072607282763817,True,2.0217949816989695,1.1618262584069141,True,True,False,0,0,0.0
20,fixed,238,persistent_attack_baseline,10,hiding,baseline,low,0.5923926016961905,0.4072607282763817,True,1.4147514878517007,1.1618262584069141,True,True,False,0,0,0.0
20,fixed,239,persistent_attack_baseline,11,hiding,baseline,low,0.5656745730385724,0.4072607282763817,True,1.3713537567118932,1.1618262584069141,True,True,False,0,0,0.0
20,fixed,240,persistent_attack_baseline,12,hiding,baseline,low,0.5815792157011354,0.4072607282763817,True,1.3850282243714136,1.1618262584069141,True,True,False,0,0,0.0
20,fixed,241,persistent_attack_baseline,13,hiding,baseline,low,0.5946427415613311,0.4072607282763817,True,1.4925951614621082,1.1618262584069141,True,True,False,0,0,0.0
20,fixed,242,persistent_attack_baseline,14,hiding,baseline,low,0.5255419387013545,0.4072607282763817,True,1.5154032591160953,1.1618262584069141,True,True,False,0,0,0.0
20,fixed,243,persistent_attack_baseline,15,hiding,baseline,low,0.677099552238478,0.4072607282763817,True,1.609145060020626,1.1618262584069141,True,True,False,0,0,0.0
20,fixed,244,persistent_attack_baseline,16,hiding,baseline,low,0.5795919955807396,0.4072607282763817,True,1.5470696270434419,1.1618262584069141,True,True,False,0,0,0.0
20,fixed,245,persistent_attack_baseline,17,hiding,baseline,low,0.5946126425240406,0.4072607282763817,True,1.4329096430454784,1.1618262584069141,True,True,False,0,0,0.0
20,fixed,246,persistent_attack_baseline,18,hiding,baseline,low,0.5831642179379133,0.4072607282763817,True,1.4392533075638199,1.1618262584069141,True,True,False,0,0,0.0
20,fixed,247,persistent_attack_baseline,19,hiding,baseline,low,0.633836485164994,0.4072607282763817,True,1.6106205724884466,1.1618262584069141,True,True,False,0,0,0.0
20,fixed,248,persistent_attack_baseline,20,hiding,baseline,low,0.56604544510074,0.4072607282763817,True,1.3872466885395804,1.1618262584069141,True,True,False,0,0,0.0
20,fixed,249,persistent_attack_baseline,21,hiding,baseline,low,0.6820166864369817,0.4072607282763817,True,1.692054313406122,1.1618262584069141,True,True,False,0,0,0.0
20,fixed,250,persistent_attack_baseline,22,hiding,baseline,low,0.5699783118805781,0.4072607282763817,True,1.3925096960392362,1.1618262584069141,True,True,False,0,0,0.0
20,fixed,251,persistent_attack_baseline,23,hiding,baseline,low,0.730619963995732,0.4072607282763817,True,1.6883499458372624,1.1618262584069141,True,True,False,0,0,0.0
20,fixed,252,persistent_attack_baseline,24,hiding,baseline,low,0.5275326623682021,0.4072607282763817,True,1.5027730802102086,1.1618262584069141,True,True,False,0,0,0.0
20,fixed,253,persistent_attack_baseline,25,hiding,baseline,low,0.6236045372804966,0.4072607282763817,True,1.5404350164046852,1.1618262584069141,True,True,False,0,0,0.0
20,fixed,254,persistent_attack_baseline,26,hiding,baseline,low,0.576947413802346,0.4072607282763817,True,1.5311299360178308,1.1618262584069141,True,True,False,0,0,0.0
20,fixed,255,persistent_attack_baseline,27,hiding,baseline,low,0.6661389226652933,0.4072607282763817,True,1.7212060755784502,1.1618262584069141,True,True,False,0,0,0.0
20,fixed,256,persistent_attack_baseline,28,hiding,baseline,low,0.4766550217009129,0.4072607282763817,True,1.4678959140254215,1.1618262584069141,True,True,False,0,0,0.0
20,fixed,257,persistent_attack_baseline,29,hiding,baseline,low,0.6209301388027726,0.4072607282763817,True,1.6166005543562687,1.1618262584069141,True,True,False,0,0,0.0
20,fixed,258,persistent_attack_baseline,30,hiding,baseline,low,0.6491415899215844,0.4072607282763817,True,1.6172292057950233,1.1618262584069141,True,True,False,0,0,0.0
20,fixed,259,persistent_attack_baseline,31,hiding,baseline,low,0.6627090000095367,0.4072607282763817,True,1.6428688326566239,1.1618262584069141,True,True,False,0,0,0.0
20,fixed,260,persistent_attack_baseline,32,hiding,baseline,low,0.5665812129843362,0.4072607282763817,True,1.3958711628233205,1.1618262584069141,True,True,False,0,0,0.0
20,fixed,261,persistent_attack_baseline,33,hiding,baseline,low,0.7124478080639018,0.4072607282763817,True,1.77828866531065,1.1618262584069141,True,True,False,0,0,0.0
20,fixed,262,persistent_attack_baseline,34,hiding,baseline,low,0.5965133022233147,0.4072607282763817,True,1.4932134219679907,1.1618262584069141,True,True,False,0,0,0.0
20,fixed,263,persistent_attack_baseline,35,hiding,baseline,low,0.6183757044338931,0.4072607282763817,True,1.4688103161181554,1.1618262584069141,True,True,False,0,0,0.0
20,fixed,264,persistent_attack_baseline,36,hiding,baseline,low,0.6774713193601805,0.4072607282763817,True,1.7167223880441926,1.1618262584069141,True,True,False,0,0,0.0
20,fixed,265,persistent_attack_baseline,37,hiding,baseline,low,0.5593125033572223,0.4072607282763817,True,1.433159025434406,1.1618262584069141,True,True,False,0,0,0.0
20,fixed,266,persistent_attack_baseline,38,hiding,baseline,low,0.675642629956053,0.4072607282763817,True,1.5749796727375691,1.1618262584069141,True,True,False,0,0,0.0
20,fixed,267,persistent_attack_baseline,39,hiding,baseline,low,0.48175132054201253,0.4072607282763817,True,1.4372946167174523,1.1618262584069141,True,True,False,0,0,0.0
20,fixed,268,persistent_attack_baseline,40,hiding,baseline,low,0.7415948374846995,0.4072607282763817,True,1.7234349306794892,1.1618262584069141,True,True,False,0,0,0.0
20,fixed,269,persistent_attack_baseline,41,hiding,baseline,low,0.625458546885514,0.4072607282763817,True,1.4688259025174633,1.1618262584069141,True,True,False,0,0,0.0
20,fixed,270,persistent_attack_baseline,42,hiding,baseline,low,0.7250955833784756,0.4072607282763817,True,1.7192785575306988,1.1618262584069141,True,True,False,0,0,0.0
20,fixed,271,persistent_attack_baseline,43,hiding,baseline,low,0.6203221432871527,0.4072607282763817,True,1.5874487921839402,1.1618262584069141,True,True,False,0,0,0.0
20,fixed,272,persistent_attack_baseline,44,hiding,baseline,low,0.6100366562333563,0.4072607282763817,True,1.7201462004255088,1.1618262584069141,True,True,False,0,0,0.0
20,fixed,273,persistent_attack_baseline,45,hiding,baseline,low,0.6134463866413774,0.4072607282763817,True,1.434411132845479,1.1618262584069141,True,True,False,0,0,0.0
20,fixed,274,persistent_attack_baseline,46,hiding,baseline,low,0.6115646554435933,0.4072607282763817,True,1.4047190421638078,1.1618262584069141,True,True,False,0,0,0.0
20,fixed,275,persistent_attack_baseline,47,hiding,baseline,low,0.7421427828420479,0.4072607282763817,True,1.6822764455735926,1.1618262584069141,True,True,False,0,0,0.0
20,fixed,276,persistent_attack_baseline,48,hiding,baseline,low,0.594238413009449,0.4072607282763817,True,1.3951905567202059,1.1618262584069141,True,True,False,0,0,0.0
20,fixed,277,persistent_attack_baseline,49,hiding,baseline,low,0.6870217229081905,0.4072607282763817,True,1.786918335060826,1.1618262584069141,True,True,False,0,0,0.0
20,fixed,278,persistent_attack_baseline,50,hiding,baseline,low,0.5841492167203427,0.4072607282763817,True,1.4945746341742197,1.1618262584069141,True,True,False,0,0,0.0
20,fixed,279,persistent_attack_baseline,51,hiding,baseline,low,0.5758759815338469,0.4072607282763817,True,1.424487791952742,1.1618262584069141,True,True,False,0,0,0.0
20,fixed,280,persistent_attack_baseline,52,hiding,baseline,low,0.5723452784380814,0.4072607282763817,True,1.4287948336281762,1.1618262584069141,True,True,False,0,0,0.0
20,fixed,281,persistent_attack_baseline,53,hiding,baseline,low,0.5929177983157216,0.4072607282763817,True,1.4397157040766226,1.1618262584069141,True,True,False,0,0,0.0
20,fixed,282,persistent_attack_baseline,54,hiding,baseline,low,0.4971906808004084,0.4072607282763817,True,1.5227912123880702,1.1618262584069141,True,True,False,0,0,0.0
20,fixed,283,persistent_attack_baseline,55,hiding,baseline,low,0.6590437760737833,0.4072607282763817,True,1.7775820818753556,1.1618262584069141,True,True,False,0,0,0.0
20,fixed,284,persistent_attack_baseline,56,hiding,baseline,low,0.6146879460730212,0.4072607282763817,True,1.493457608890482,1.1618262584069141,True,True,False,0,0,0.0
20,fixed,285,persistent_attack_baseline,57,hiding,baseline,low,0.4011672558470474,0.4072607282763817,False,1.4173648074690026,1.1618262584069141,True,True,False,0,0,0.0
20,fixed,286,persistent_attack_baseline,58,hiding,baseline,low,0.4236425844909424,0.4072607282763817,True,1.4035968214136345,1.1618262584069141,True,True,False,0,0,0.0
20,fixed,287,persistent_attack_baseline,59,hiding,baseline,low,0.6017803559369851,0.4072607282763817,True,1.5083166428974077,1.1618262584069141,True,True,False,0,0,0.0
20,fixed,288,persistent_attack_baseline,60,hiding,baseline,low,0.5653745696573544,0.4072607282763817,True,1.390421118531969,1.1618262584069141,True,True,False,0,0,0.0
20,fixed,289,persistent_attack_baseline,61,hiding,baseline,low,0.5768310864935644,0.4072607282763817,True,1.407270016183878,1.1618262584069141,True,True,False,0,0,0.0
20,fixed,290,persistent_attack_baseline,62,hiding,baseline,low,0.5411936351323802,0.4072607282763817,True,1.3751464472101644,1.1618262584069141,True,True,False,0,0,0.0
20,fixed,291,persistent_attack_baseline,63,hiding,baseline,low,0.6280558280406686,0.4072607282763817,True,1.5423313616538208,1.1618262584069141,True,True,False,0,0,0.0
20,fixed,292,persistent_attack_baseline,64,hiding,baseline,low,0.7423779769401606,0.4072607282763817,True,1.9436759483674546,1.1618262584069141,True,True,False,0,0,0.0
20,fixed,293,persistent_attack_baseline,65,hiding,baseline,low,0.6090745856445934,0.4072607282763817,True,1.5242978976545067,1.1618262584069141,True,True,False,0,0,0.0
20,fixed,294,persistent_attack_baseline,66,hiding,baseline,low,0.45535176975314756,0.4072607282763817,True,1.368433904574868,1.1618262584069141,True,True,False,0,0,0.0
20,fixed,295,persistent_attack_baseline,67,hiding,baseline,low,0.5330164796592676,0.4072607282763817,True,1.3824772503513434,1.1618262584069141,True,True,False,0,0,0.0
20,fixed,296,persistent_attack_baseline,68,hiding,baseline,low,0.5907967216187143,0.4072607282763817,True,1.4733355673839008,1.1618262584069141,True,True,False,0,0,0.0
20,fixed,297,persistent_attack_baseline,69,hiding,baseline,low,0.5397935615040842,0.4072607282763817,True,1.3811991656080904,1.1618262584069141,True,True,False,0,0,0.0
20,fixed,298,persistent_attack_baseline,70,hiding,baseline,low,0.605153645086101,0.4072607282763817,True,1.503848541762458,1.1618262584069141,True,True,False,0,0,0.0
20,fixed,299,persistent_attack_baseline,71,hiding,baseline,low,0.5211336778489579,0.4072607282763817,True,1.3978402446025597,1.1618262584069141,True,True,False,0,0,0.0
20,fixed,300,persistent_attack_baseline,72,hiding,baseline,low,0.5129179150783413,0.4072607282763817,True,1.3954139617769534,1.1618262584069141,True,True,False,0,0,0.0
20,fixed,301,persistent_attack_baseline,73,hiding,baseline,low,0.5380383381736815,0.4072607282763817,True,1.5241056653963752,1.1618262584069141,True,True,False,0,0,0.0
20,fixed,302,persistent_attack_baseline,74,hiding,baseline,low,0.5066043367690596,0.4072607282763817,True,1.3975856667471964,1.1618262584069141,True,True,False,0,0,0.0
20,fixed,303,persistent_attack_baseline,75,hiding,baseline,low,0.624732145807986,0.4072607282763817,True,1.726058641229663,1.1618262584069141,True,True,False,0,0,0.0
20,fixed,304,persistent_attack_baseline,76,hiding,baseline,low,0.5592169657531766,0.4072607282763817,True,1.5502700343680105,1.1618262584069141,True,True,False,0,0,0.0
20,fixed,305,persistent_attack_baseline,77,hiding,baseline,low,0.5708889770221516,0.4072607282763817,True,1.4610223119306094,1.1618262584069141,True,True,False,0,0,0.0
20,fixed,306,persistent_attack_baseline,78,hiding,baseline,low,0.64180895559846,0.4072607282763817,True,1.5993048465908648,1.1618262584069141,True,True,False,0,0,0.0
20,fixed,307,persistent_attack_baseline,79,hiding,baseline,low,0.58014587721486,0.4072607282763817,True,1.3944008458219357,1.1618262584069141,True,True,False,0,0,0.0
20,fixed,308,persistent_attack_baseline,80,hiding,baseline,low,0.5807730242236051,0.4072607282763817,True,1.3997521762510035,1.1618262584069141,True,True,False,0,0,0.0
20,fixed,309,persistent_attack_baseline,81,hiding,baseline,low,0.6429311973979075,0.4072607282763817,True,1.6675265163618227,1.1618262584069141,True,True,False,0,0,0.0
20,fixed,310,persistent_attack_baseline,82,hiding,baseline,low,0.6208055816534425,0.4072607282763817,True,1.619426888097446,1.1618262584069141,True,True,False,0,0,0.0
20,fixed,311,persistent_attack_baseline,83,hiding,baseline,low,0.5679406095701504,0.4072607282763817,True,1.4125745874150217,1.1618262584069141,True,True,False,0,0,0.0
20,fixed,312,persistent_attack_baseline,84,hiding,baseline,low,0.5620061988346917,0.4072607282763817,True,1.3762322996952858,1.1618262584069141,True,True,False,0,0,0.0
20,fixed,313,persistent_attack_baseline,85,hiding,baseline,low,0.5945367941966297,0.4072607282763817,True,1.5453862959181819,1.1618262584069141,True,True,False,0,0,0.0
20,fixed,314,persistent_attack_baseline,86,hiding,baseline,low,0.6420851406061111,0.4072607282763817,True,1.4854825679112407,1.1618262584069141,True,True,False,0,0,0.0
20,fixed,315,persistent_attack_baseline,87,hiding,baseline,low,0.6086174979179879,0.4072607282763817,True,1.5092570223223216,1.1618262584069141,True,True,False,0,0,0.0
20,fixed,316,persistent_attack_baseline,88,hiding,baseline,low,0.684726769573188,0.4072607282763817,True,1.5448095991437871,1.1618262584069141,True,True,False,0,0,0.0
20,fixed,317,persistent_attack_baseline,89,hiding,baseline,low,0.5487423902758952,0.4072607282763817,True,1.5417390784801182,1.1618262584069141,True,True,False,0,0,0.0
20,fixed,318,persistent_attack_baseline,90,hiding,baseline,low,0.6277827032323887,0.4072607282763817,True,1.4125330236835338,1.1618262584069141,True,True,False,0,0,0.0
20,fixed,319,persistent_attack_baseline,91,hiding,baseline,low,0.5383602731253365,0.4072607282763817,True,1.3895378892378512,1.1618262584069141,True,True,False,0,0,0.0
20,fixed,320,persistent_attack_baseline,92,hiding,baseline,low,0.5612352589975624,0.4072607282763817,True,1.442656338079392,1.1618262584069141,True,True,False,0,0,0.0
20,fixed,321,persistent_attack_baseline,93,hiding,baseline,low,0.6223294123181542,0.4072607282763817,True,1.4333876259575895,1.1618262584069141,True,True,False,0,0,0.0
20,fixed,322,persistent_attack_baseline,94,hiding,baseline,low,0.5501244911265519,0.4072607282763817,True,1.392540868837852,1.1618262584069141,True,True,False,0,0,0.0
20,fixed,323,persistent_attack_baseline,95,hiding,baseline,low,0.7995531976556811,0.4072607282763817,True,2.0049772568456765,1.1618262584069141,True,True,False,0,0,0.0
20,fixed,324,persistent_attack_baseline,96,hiding,baseline,low,0.4972025810040033,0.4072607282763817,True,1.36581538949113,1.1618262584069141,True,True,False,0,0,0.0
20,fixed,325,persistent_attack_baseline,97,hiding,baseline,low,0.5774263676445006,0.4072607282763817,True,1.4275894854150268,1.1618262584069141,True,True,False,0,0,0.0
20,fixed,326,persistent_attack_baseline,98,hiding,baseline,low,0.5997667433638119,0.4072607282763817,True,1.4286493605679684,1.1618262584069141,True,True,False,0,0,0.0
20,fixed,327,persistent_attack_baseline,99,hiding,baseline,low,0.5689217145118687,0.4072607282763817,True,1.6189592961182073,1.1618262584069141,True,True,False,0,0,0.0
20,fixed,328,persistent_attack_baseline,100,hiding,baseline,low,0.6205295122895584,0.4072607282763817,True,1.5594452280939652,1.1618262584069141,True,True,False,0,0,0.0
20,fixed,329,persistent_attack_baseline,101,hiding,baseline,low,0.763907991232923,0.4072607282763817,True,1.8350595270566903,1.1618262584069141,True,True,False,0,0,0.0
20,fixed,330,persistent_attack_baseline,102,hiding,baseline,low,0.6170732974529429,0.4072607282763817,True,1.606942182251767,1.1618262584069141,True,True,False,0,0,0.0
20,fixed,331,persistent_attack_baseline,103,hiding,baseline,low,0.6226090366066703,0.4072607282763817,True,1.5442484887687005,1.1618262584069141,True,True,False,0,0,0.0
20,fixed,332,persistent_attack_baseline,104,hiding,baseline,low,0.551074212387156,0.4072607282763817,True,1.4530992256157278,1.1618262584069141,True,True,False,0,0,0.0
20,fixed,333,persistent_attack_baseline,105,hiding,baseline,low,0.5772208365991858,0.4072607282763817,True,1.4345462149728148,1.1618262584069141,True,True,False,0,0,0.0
20,fixed,334,persistent_attack_baseline,106,hiding,baseline,low,0.6172265037424245,0.4072607282763817,True,1.4285610376385567,1.1618262584069141,True,True,False,0,0,0.0
20,fixed,335,persistent_attack_baseline,107,hiding,baseline,low,0.5537798678974718,0.4072607282763817,True,1.386581668835774,1.1618262584069141,True,True,False,0,0,0.0
20,fixed,336,persistent_attack_baseline,108,hiding,baseline,low,0.48337822561874505,0.4072607282763817,True,1.4794402404461866,1.1618262584069141,True,True,False,0,0,0.0
20,fixed,337,persistent_attack_baseline,109,hiding,baseline,low,0.7108863928500766,0.4072607282763817,True,1.6190060553161312,1.1618262584069141,True,True,False,0,0,0.0
20,fixed,338,persistent_attack_baseline,110,hiding,baseline,low,0.6652755546408493,0.4072607282763817,True,1.6237339297728801,1.1618262584069141,True,True,False,0,0,0.0
20,fixed,339,persistent_attack_baseline,111,hiding,baseline,low,0.5672619020174849,0.4072607282763817,True,1.3937981717153611,1.1618262584069141,True,True,False,0,0,0.0
20,fixed,340,persistent_attack_baseline,112,hiding,baseline,low,0.6692309849254814,0.4072607282763817,True,1.6331065512234024,1.1618262584069141,True,True,False,0,0,0.0
20,fixed,341,persistent_attack_baseline,113,hiding,baseline,low,0.6851285407145563,0.4072607282763817,True,1.8427488173819524,1.1618262584069141,True,True,False,0,0,0.0
20,fixed,342,persistent_attack_baseline,114,hiding,baseline,low,0.5549703923776608,0.4072607282763817,True,1.453800613584586,1.1618262584069141,True,True,False,0,0,0.0
20,fixed,343,persistent_attack_baseline,115,hiding,baseline,low,0.6709937087342579,0.4072607282763817,True,1.544077038376313,1.1618262584069141,True,True,False,0,0,0.0
20,fixed,344,persistent_attack_baseline,116,hiding,baseline,low,0.5160047878496598,0.4072607282763817,True,1.431761444963125,1.1618262584069141,True,True,False,0,0,0.0
20,fixed,345,persistent_attack_baseline,117,hiding,baseline,low,0.6163200242786122,0.4072607282763817,True,1.5324184116939559,1.1618262584069141,True,True,False,0,0,0.0
20,fixed,346,persistent_attack_baseline,118,hiding,baseline,low,-0.08424335688368009,0.4072607282763817,False,0.8372338297601513,1.1618262584069141,False,False,False,0,0,0.0
20,fixed,347,persistent_attack_baseline,119,hiding,baseline,low,-0.14028529114806332,0.4072607282763817,False,0.868427410241823,1.1618262584069141,False,False,False,0,0,0.0
20,fixed,348,normal_recovery_2,0,unloaded,baseline,low,-0.05610144232546613,0.4072607282763817,False,1.2455715142966248,1.1618262584069141,True,True,False,0,0,0.0
20,fixed,349,normal_recovery_2,1,unloaded,baseline,low,0.08091079412091733,0.4072607282763817,False,1.23991884681427,1.1618262584069141,True,True,False,0,0,0.0
20,fixed,350,normal_recovery_2,2,unloaded,baseline,low,0.0575472354329687,0.4072607282763817,False,1.1327623515720182,1.1618262584069141,False,False,False,0,0,0.0
20,fixed,351,normal_recovery_2,3,unloaded,baseline,low,-0.12307747552877796,0.4072607282763817,False,1.2245194842980016,1.1618262584069141,True,True,False,0,0,0.0
20,fixed,352,normal_recovery_2,4,unloaded,baseline,low,-0.07215481744003512,0.4072607282763817,False,1.1938922096578526,1.1618262584069141,True,True,False,0,0,0.0
20,fixed,353,normal_recovery_2,5,unloaded,baseline,low,-0.11190843479106045,0.4072607282763817,False,1.1989318121007608,1.1618262584069141,True,True,False,0,0,0.0
20,fixed,354,normal_recovery_2,6,unloaded,baseline,low,-0.07444357939868575,0.4072607282763817,False,1.1744819470530015,1.1618262584069141,True,True,False,0,0,0.0
20,fixed,355,normal_recovery_2,7,unloaded,baseline,low,-0.1473430671863727,0.4072607282763817,False,1.1590098480066293,1.1618262584069141,False,False,False,0,0,0.0
20,fixed,356,normal_recovery_2,8,unloaded,baseline,low,0.08699611124895522,0.4072607282763817,False,1.2005320157630452,1.1618262584069141,True,True,False,0,0,0.0
20,fixed,357,normal_recovery_2,9,unloaded,baseline,low,-0.01415314980228885,0.4072607282763817,False,1.2113333904834642,1.1618262584069141,True,True,False,0,0,0.0
20,fixed,358,normal_recovery_2,10,unloaded,baseline,low,-0.11698105905137429,0.4072607282763817,False,1.197518645230172,1.1618262584069141,True,True,False,0,0,0.0
20,fixed,359,normal_recovery_2,11,unloaded,baseline,low,-0.062071117433028344,0.4072607282763817,False,1.2205293660751628,1.1618262584069141,True,True,False,0,0,0.0
20,fixed,360,normal_recovery_2,12,unloaded,baseline,low,-0.005557743257911668,0.4072607282763817,False,1.229979919522225,1.1618262584069141,True,True,False,0,0,0.0
20,fixed,361,normal_recovery_2,13,unloaded,baseline,low,-0.3517973886402971,0.4072607282763817,False,1.034126421284787,1.1618262584069141,False,False,False,0,0,0.0
20,fixed,362,normal_recovery_2,14,unloaded,baseline,low,-0.01873238816560032,0.4072607282763817,False,0.905112598746334,1.1618262584069141,False,False,False,0,0,0.0
20,fixed,363,normal_recovery_2,15,unloaded,baseline,low,-0.06480150825354287,0.4072607282763817,False,1.1822231920426236,1.1618262584069141,True,True,False,0,0,0.0
20,fixed,364,normal_recovery_2,16,unloaded,baseline,low,0.004292730619091689,0.4072607282763817,False,1.106582396201075,1.1618262584069141,False,False,False,0,0,0.0
20,fixed,365,normal_recovery_2,17,unloaded,baseline,low,0.015034913072397918,0.4072607282763817,False,1.043956243781676,1.1618262584069141,False,False,False,0,0,0.0
20,fixed,366,normal_recovery_2,18,unloaded,baseline,low,-0.08985846205803943,0.4072607282763817,False,1.062982041870264,1.1618262584069141,False,False,False,0,0,0.0
20,fixed,367,normal_recovery_2,19,unloaded,baseline,low,-0.08428222188590057,0.4072607282763817,False,1.1412881119934746,1.1618262584069141,False,False,False,0,0,0.0
20,fixed,368,normal_recovery_2,20,unloaded,baseline,low,-0.15317915338123467,0.4072607282763817,False,1.2069432213450544,1.1618262584069141,True,True,False,0,0,0.0
20,fixed,369,normal_recovery_2,21,unloaded,baseline,low,-0.10552076844690762,0.4072607282763817,False,1.1590566072045534,1.1618262584069141,False,False,False,0,0,0.0
20,fixed,370,normal_recovery_2,22,unloaded,baseline,low,-0.09435572637430631,0.4072607282763817,False,0.9163400017145039,1.1618262584069141,False,False,False,0,0,0.0
20,fixed,371,normal_recovery_2,23,unloaded,baseline,low,-0.20538375538086026,0.4072607282763817,False,1.029788206810737,1.1618262584069141,False,False,False,0,0,0.0
20,fixed,372,normal_recovery_2,24,unloaded,baseline,low,-0.11922849100491353,0.4072607282763817,False,1.2962013347153274,1.1618262584069141,True,True,False,0,0,0.0
20,fixed,373,normal_recovery_2,25,unloaded,baseline,low,-0.19205454103804126,0.4072607282763817,False,1.0949913105823859,1.1618262584069141,False,False,False,0,0,0.0
20,fixed,374,normal_recovery_2,26,unloaded,baseline,low,-0.010509494301043101,0.4072607282763817,False,1.2028180209948798,1.1618262584069141,True,True,False,0,0,0.0
20,fixed,375,normal_recovery_2,27,unloaded,baseline,low,-0.11983582777756815,0.4072607282763817,False,1.1188281105906985,1.1618262584069141,False,False,False,0,0,0.0
20,fixed,376,normal_recovery_2,28,unloaded,baseline,low,-0.20792339108927618,0.4072607282763817,False,1.0583372948764909,1.1618262584069141,False,False,False,0,0,0.0
20,fixed,377,normal_recovery_2,29,unloaded,baseline,low,-0.04372709435240968,0.4072607282763817,False,1.289894038462038,1.1618262584069141,True,True,False,0,0,0.0
20,fixed,378,persistent_attack_cpu,0,hiding,cpu,high,0.5391423052036124,0.4201396874464996,True,2.1330455044927796,1.1618262584069141,True,True,False,0,0,0.0
20,fixed,379,persistent_attack_cpu,1,hiding,cpu,high,0.7363780992581528,0.4201396874464996,True,2.0568695756083244,1.1618262584069141,True,True,False,0,0,0.0
20,fixed,380,persistent_attack_cpu,2,hiding,cpu,high,0.5784146597870121,0.4201396874464996,True,2.0675254772685356,1.1618262584069141,True,True,False,0,0,0.0
20,fixed,381,persistent_attack_cpu,3,hiding,cpu,high,0.48873814530902465,0.4201396874464996,True,2.056183774038774,1.1618262584069141,True,True,False,0,0,0.0
20,fixed,382,persistent_attack_cpu,4,hiding,cpu,high,0.517405525083443,0.4201396874464996,True,2.0192076394138474,1.1618262584069141,True,True,False,0,0,0.0
20,fixed,383,persistent_attack_cpu,5,hiding,cpu,high,0.34943260391292036,0.4201396874464996,False,1.985322807318334,1.1618262584069141,True,True,False,0,0,0.0
20,fixed,384,persistent_attack_cpu,6,hiding,cpu,high,0.6314792565812564,0.4201396874464996,True,1.947338752204826,1.1618262584069141,True,True,False,0,0,0.0
20,fixed,385,persistent_attack_cpu,7,hiding,cpu,high,0.6045816483282622,0.4201396874464996,True,2.0596647365508858,1.1618262584069141,True,True,False,0,0,0.0
20,fixed,386,persistent_attack_cpu,8,hiding,cpu,high,0.6523918081155433,0.4201396874464996,True,2.106060251824258,1.1618262584069141,True,True,False,0,0,0.0
20,fixed,387,persistent_attack_cpu,9,hiding,cpu,high,0.45616085114691235,0.4201396874464996,True,1.9987790653875428,1.1618262584069141,True,True,False,0,0,0.0
20,fixed,388,persistent_attack_cpu,10,hiding,cpu,high,0.4445006095852026,0.4201396874464996,True,2.0324716652249246,1.1618262584069141,True,True,False,0,0,0.0
20,fixed,389,persistent_attack_cpu,11,hiding,cpu,high,0.47096599943150147,0.4201396874464996,True,1.9815197258871908,1.1618262584069141,True,True,False,0,0,0.0
20,fixed,390,persistent_attack_cpu,12,hiding,cpu,high,0.6960697140884988,0.4201396874464996,True,2.1343963257661365,1.1618262584069141,True,True,False,0,0,0.0
20,fixed,391,persistent_attack_cpu,13,hiding,cpu,high,0.5498461923390643,0.4201396874464996,True,2.0752667222581573,1.1618262584069141,True,True,False,0,0,0.0
20,fixed,392,persistent_attack_cpu,14,hiding,cpu,high,0.7008859586741278,0.4201396874464996,True,1.9901701775031109,1.1618262584069141,True,True,False,0,0,0.0
20,fixed,393,persistent_attack_cpu,15,hiding,cpu,high,0.6352629858401282,0.4201396874464996,True,2.1098997015204533,1.1618262584069141,True,True,False,0,0,0.0
20,fixed,394,persistent_attack_cpu,16,hiding,cpu,high,0.6348369872664998,0.4201396874464996,True,2.045792841166798,1.1618262584069141,True,True,False,0,0,0.0
20,fixed,395,persistent_attack_cpu,17,hiding,cpu,high,0.7245052088326912,0.4201396874464996,True,2.0086920153474077,1.1618262584069141,True,True,False,0,0,0.0
20,fixed,396,persistent_attack_cpu,18,hiding,cpu,high,0.4549202717889498,0.4201396874464996,True,2.016402087538414,1.1618262584069141,True,True,False,0,0,0.0
20,fixed,397,persistent_attack_cpu,19,hiding,cpu,high,0.6500235278212979,0.4201396874464996,True,2.0818026190346304,1.1618262584069141,True,True,False,0,0,0.0
20,fixed,398,persistent_attack_cpu,20,hiding,cpu,high,0.5720604467703726,0.4201396874464996,True,2.0519338824941356,1.1618262584069141,True,True,False,0,0,0.0
20,fixed,399,persistent_attack_cpu,21,hiding,cpu,high,0.40743673023402704,0.4201396874464996,False,1.9259126486228118,1.1618262584069141,True,True,False,0,0,0.0
20,fixed,400,persistent_attack_cpu,22,hiding,cpu,high,0.6989947931357177,0.4201396874464996,True,2.298848424864463,1.1618262584069141,True,True,False,0,0,0.0
20,fixed,401,persistent_attack_cpu,23,hiding,cpu,high,0.43071477730780194,0.4201396874464996,True,2.083704159750202,1.1618262584069141,True,True,False,0,0,0.0
20,fixed,402,persistent_attack_cpu,24,hiding,cpu,high,0.6797776657425698,0.4201396874464996,True,2.152180407376523,1.1618262584069141,True,True,False,0,0,0.0
20,fixed,403,persistent_attack_cpu,25,hiding,cpu,high,0.5877879916402649,0.4201396874464996,True,2.10601868809277,1.1618262584069141,True,True,False,0,0,0.0
20,fixed,404,persistent_attack_cpu,26,hiding,cpu,high,0.38894800534665713,0.4201396874464996,False,1.9402417450532665,1.1618262584069141,True,True,False,0,0,0.0
20,fixed,405,persistent_attack_cpu,27,hiding,cpu,high,0.5640808030481204,0.4201396874464996,True,1.946938701289255,1.1618262584069141,True,True,False,0,0,0.0
20,fixed,406,persistent_attack_cpu,28,hiding,cpu,high,0.7187081120552551,0.4201396874464996,True,2.123802769703157,1.1618262584069141,True,True,False,0,0,0.0
20,fixed,407,persistent_attack_cpu,29,hiding,cpu,high,0.6201163413041407,0.4201396874464996,True,2.0882761702138715,1.1618262584069141,True,True,False,0,0,0.0
20,fixed,408,persistent_attack_cpu,30,hiding,cpu,high,0.5783218467102462,0.4201396874464996,True,2.0139082636491397,1.1618262584069141,True,True,False,0,0,0.0
20,fixed,409,persistent_attack_cpu,31,hiding,cpu,high,0.6652794264750264,0.4201396874464996,True,2.054671893305901,1.1618262584069141,True,True,False,0,0,0.0
20,fixed,410,persistent_attack_cpu,32,hiding,cpu,high,0.5203733181586112,0.4201396874464996,True,2.0942197838166416,1.1618262584069141,True,True,False,0,0,0.0
20,fixed,411,persistent_attack_cpu,33,hiding,cpu,high,0.4338875599878078,0.4201396874464996,True,1.9553085977176317,1.1618262584069141,True,True,False,0,0,0.0
20,fixed,412,persistent_attack_cpu,34,hiding,cpu,high,0.5600164548098228,0.4201396874464996,True,2.047034557644999,1.1618262584069141,True,True,False,0,0,0.0
20,fixed,413,persistent_attack_cpu,35,hiding,cpu,high,0.4914535762906205,0.4201396874464996,True,1.9544149774906416,1.1618262584069141,True,True,False,0,0,0.0
20,fixed,414,persistent_attack_cpu,36,hiding,cpu,high,0.6748873102467199,0.4201396874464996,True,2.100880371787578,1.1618262584069141,True,True,False,0,0,0.0
20,fixed,415,persistent_attack_cpu,37,hiding,cpu,high,0.5396619520195904,0.4201396874464996,True,2.058339892609709,1.1618262584069141,True,True,False,0,0,0.0
20,fixed,416,persistent_attack_cpu,38,hiding,cpu,high,0.6523166657437991,0.4201396874464996,True,2.157474587674795,1.1618262584069141,True,True,False,0,0,0.0
20,fixed,417,persistent_attack_cpu,39,hiding,cpu,high,0.5718341786834232,0.4201396874464996,True,1.9350982332816384,1.1618262584069141,True,True,False,0,0,0.0
20,fixed,418,persistent_attack_cpu,40,hiding,cpu,high,0.47725587472685066,0.4201396874464996,True,1.921984875997205,1.1618262584069141,True,True,False,0,0,0.0
20,fixed,419,persistent_attack_cpu,41,hiding,cpu,high,0.6644392579716075,0.4201396874464996,True,2.1536351379786,1.1618262584069141,True,True,False,0,0,0.0
20,fixed,420,persistent_attack_cpu,42,hiding,cpu,high,0.379564709884458,0.4201396874464996,False,1.887840270579892,1.1618262584069141,True,True,False,0,0,0.0
20,fixed,421,persistent_attack_cpu,43,hiding,cpu,high,0.658114552663779,0.4201396874464996,True,2.054942057560573,1.1618262584069141,True,True,False,0,0,0.0
20,fixed,422,persistent_attack_cpu,44,hiding,cpu,high,0.5716487584526052,0.4201396874464996,True,1.9984413600692037,1.1618262584069141,True,True,False,0,0,0.0
20,fixed,423,persistent_attack_cpu,45,hiding,cpu,high,0.378362251842741,0.4201396874464996,False,1.9053178196705556,1.1618262584069141,True,True,False,0,0,0.0
20,fixed,424,persistent_attack_cpu,46,hiding,cpu,high,0.4171965920468738,0.4201396874464996,False,1.9377219438318123,1.1618262584069141,True,True,False,0,0,0.0
20,fixed,425,persistent_attack_cpu,47,hiding,cpu,high,0.6160764126704901,0.4201396874464996,True,1.9479933809757606,1.1618262584069141,True,True,False,0,0,0.0
20,fixed,426,persistent_attack_cpu,48,hiding,cpu,high,0.597725458305931,0.4201396874464996,True,1.9968463518733552,1.1618262584069141,True,True,False,0,0,0.0
20,fixed,427,persistent_attack_cpu,49,hiding,cpu,high,0.7255256709352148,0.4201396874464996,True,2.0697179641045222,1.1618262584069141,True,True,False,0,0,0.0
20,fixed,428,persistent_attack_cpu,50,hiding,cpu,high,0.5078591302708989,0.4201396874464996,True,1.9684843005992971,1.1618262584069141,True,True,False,0,0,0.0
20,fixed,429,persistent_attack_cpu,51,hiding,cpu,high,0.4434024379449939,0.4201396874464996,True,2.0326690929494924,1.1618262584069141,True,True,False,0,0,0.0
20,fixed,430,persistent_attack_cpu,52,hiding,cpu,high,0.5177564754415576,0.4201396874464996,True,1.7188369428836396,1.1618262584069141,True,True,False,0,0,0.0
20,fixed,431,persistent_attack_cpu,53,hiding,cpu,high,0.4600001066224277,0.4201396874464996,True,2.0209169478712874,1.1618262584069141,True,True,False,0,0,0.0
20,fixed,432,persistent_attack_cpu,54,hiding,cpu,high,0.5576766796823124,0.4201396874464996,True,2.1132819501702813,1.1618262584069141,True,True,False,0,0,0.0
20,fixed,433,persistent_attack_cpu,55,hiding,cpu,high,0.4835704317394151,0.4201396874464996,True,2.0808102849453567,1.1618262584069141,True,True,False,0,0,0.0
20,fixed,434,persistent_attack_cpu,56,hiding,cpu,high,0.6914315197591916,0.4201396874464996,True,2.016028013955023,1.1618262584069141,True,True,False,0,0,0.0
20,fixed,435,persistent_attack_cpu,57,hiding,cpu,high,0.7130621116899141,0.4201396874464996,True,2.0605687477107475,1.1618262584069141,True,True,False,0,0,0.0
20,fixed,436,persistent_attack_cpu,58,hiding,cpu,high,0.4216161774261224,0.4201396874464996,True,1.96468641463459,1.1618262584069141,True,True,False,0,0,0.0
20,fixed,437,persistent_attack_cpu,59,hiding,cpu,high,0.5805072850696399,0.4201396874464996,True,2.08293003525124,1.1618262584069141,True,True,False,0,0,0.0
20,fixed,438,sham_negative_baseline,0,sham,baseline,low,0.3066869499747774,0.4072607282763817,False,1.477975118911238,1.1618262584069141,True,True,False,0,0,0.0
20,fixed,439,sham_negative_baseline,1,sham,baseline,low,0.13213953149829796,0.4072607282763817,False,1.490943003135464,1.1618262584069141,True,True,False,0,0,0.0
20,fixed,440,sham_negative_baseline,2,sham,baseline,low,0.28524299678316223,0.4072607282763817,False,1.4772373626773279,1.1618262584069141,True,True,False,0,0,0.0
20,fixed,441,sham_negative_baseline,3,sham,baseline,low,0.43108660992559134,0.4072607282763817,True,1.4166530285672723,1.1618262584069141,True,True,False,0,0,0.0
20,fixed,442,sham_negative_baseline,4,sham,baseline,low,0.24277169342927574,0.4072607282763817,False,1.1003166636792734,1.1618262584069141,False,False,False,0,0,0.0
20,fixed,443,sham_negative_baseline,5,sham,baseline,low,0.30739298083404343,0.4072607282763817,False,1.4601234962371834,1.1618262584069141,True,True,False,0,0,0.0
20,fixed,444,sham_negative_baseline,6,sham,baseline,low,0.10718613249089964,0.4072607282763817,False,1.4639577504669425,1.1618262584069141,True,True,False,0,0,0.0
20,fixed,445,sham_negative_baseline,7,sham,baseline,low,0.3676046266332589,0.4072607282763817,False,1.581032391135495,1.1618262584069141,True,True,False,0,0,0.0
20,fixed,446,sham_negative_baseline,8,sham,baseline,low,0.279070533999126,0.4072607282763817,False,1.4751331987707526,1.1618262584069141,True,True,False,0,0,0.0
20,fixed,447,sham_negative_baseline,9,sham,baseline,low,0.20116052241044763,0.4072607282763817,False,1.6023389989894818,1.1618262584069141,True,True,False,0,0,0.0
20,fixed,448,sham_negative_baseline,10,sham,baseline,low,0.26164151863652246,0.4072607282763817,False,1.4756735272800954,1.1618262584069141,True,True,False,0,0,0.0
20,fixed,449,sham_negative_baseline,11,sham,baseline,low,0.32091725630248785,0.4072607282763817,False,1.396110154279376,1.1618262584069141,True,True,False,0,0,0.0
20,fixed,450,sham_negative_baseline,12,sham,baseline,low,0.07424228910369565,0.4072607282763817,False,1.4440798958828527,1.1618262584069141,True,True,False,0,0,0.0
20,fixed,451,sham_negative_baseline,13,sham,baseline,low,0.22727699989317024,0.4072607282763817,False,1.5481191112635115,1.1618262584069141,True,True,False,0,0,0.0
20,fixed,452,sham_negative_baseline,14,sham,baseline,low,0.1139012452815699,0.4072607282763817,False,1.4174687167977222,1.1618262584069141,True,True,False,0,0,0.0
20,fixed,453,sham_negative_baseline,15,sham,baseline,low,0.1186710535092125,0.4072607282763817,False,1.4215471579499728,1.1618262584069141,True,True,False,0,0,0.0
20,fixed,454,sham_negative_baseline,16,sham,baseline,low,0.1506308186894278,0.4072607282763817,False,1.454673451945832,1.1618262584069141,True,True,False,0,0,0.0
20,fixed,455,sham_negative_baseline,17,sham,baseline,low,0.26851320220046154,0.4072607282763817,False,1.554774503768012,1.1618262584069141,True,True,False,0,0,0.0
20,fixed,456,sham_negative_baseline,18,sham,baseline,low,0.24745496029257844,0.4072607282763817,False,1.4947045208351193,1.1618262584069141,True,True,False,0,0,0.0
20,fixed,457,sham_negative_baseline,19,sham,baseline,low,0.2521682049131163,0.4072607282763817,False,1.3875012663949438,1.1618262584069141,True,True,False,0,0,0.0
20,fixed,458,sham_negative_cpu,0,sham,cpu,high,0.1935300395235584,0.4201396874464996,False,1.5418949424731978,1.1618262584069141,True,True,False,0,0,0.0
20,fixed,459,sham_negative_cpu,1,sham,cpu,high,0.33734142471541395,0.4201396874464996,False,1.5797023517278823,1.1618262584069141,True,True,False,0,0,0.0
20,fixed,460,sham_negative_cpu,2,sham,cpu,high,0.3021218597995856,0.4201396874464996,False,1.603128709887752,1.1618262584069141,True,True,False,0,0,0.0
20,fixed,461,sham_negative_cpu,3,sham,cpu,high,0.2996725369014174,0.4201396874464996,False,1.6145015859161296,1.1618262584069141,True,True,False,0,0,0.0
20,fixed,462,sham_negative_cpu,4,sham,cpu,high,0.3432178898208388,0.4201396874464996,False,1.7355767357403928,1.1618262584069141,True,True,False,0,0,0.0
20,fixed,463,sham_negative_cpu,5,sham,cpu,high,0.32042987070814133,0.4201396874464996,False,1.5963538216552235,1.1618262584069141,True,True,False,0,0,0.0
20,fixed,464,sham_negative_cpu,6,sham,cpu,high,0.20980898464525544,0.4201396874464996,False,1.5586451262628231,1.1618262584069141,True,True,False,0,0,0.0
20,fixed,465,sham_negative_cpu,7,sham,cpu,high,0.1085565315804525,0.4201396874464996,False,1.5542913253894652,1.1618262584069141,True,True,False,0,0,0.0
20,fixed,466,sham_negative_cpu,8,sham,cpu,high,0.13505016515338814,0.4201396874464996,False,1.6224558450296271,1.1618262584069141,True,True,False,0,0,0.0
20,fixed,467,sham_negative_cpu,9,sham,cpu,high,0.20743276604904787,0.4201396874464996,False,1.5722988120565995,1.1618262584069141,True,True,False,0,0,0.0
20,fixed,468,sham_negative_cpu,10,sham,cpu,high,0.2822974199896392,0.4201396874464996,False,1.5790633093562558,1.1618262584069141,True,True,False,0,0,0.0
20,fixed,469,sham_negative_cpu,11,sham,cpu,high,0.23415885339176945,0.4201396874464996,False,1.61174279323862,1.1618262584069141,True,True,False,0,0,0.0
20,fixed,470,sham_negative_cpu,12,sham,cpu,high,0.3172811791779722,0.4201396874464996,False,1.5763668622759779,1.1618262584069141,True,True,False,0,0,0.0
20,fixed,471,sham_negative_cpu,13,sham,cpu,high,0.2679186141357166,0.4201396874464996,False,1.5881865484178506,1.1618262584069141,True,True,False,0,0,0.0
20,fixed,472,sham_negative_cpu,14,sham,cpu,high,0.21711324705034685,0.4201396874464996,False,1.5722312709929316,1.1618262584069141,True,True,False,0,0,0.0
20,fixed,473,sham_negative_cpu,15,sham,cpu,high,0.36554839339925327,0.4201396874464996,False,1.6939402677223854,1.1618262584069141,True,True,False,0,0,0.0
20,fixed,474,sham_negative_cpu,16,sham,cpu,high,0.21554623224824612,0.4201396874464996,False,1.6232039921964094,1.1618262584069141,True,True,False,0,0,0.0
20,fixed,475,sham_negative_cpu,17,sham,cpu,high,0.29933694840226915,0.4201396874464996,False,1.612225971617167,1.1618262584069141,True,True,False,0,0,0.0
20,fixed,476,sham_negative_cpu,18,sham,cpu,high,0.1310707467832787,0.4201396874464996,False,1.5665993853763207,1.1618262584069141,True,True,False,0,0,0.0
20,fixed,477,sham_negative_cpu,19,sham,cpu,high,0.29467898489096267,0.4201396874464996,False,1.626871991500217,1.1618262584069141,True,True,False,0,0,0.0
20,blind,48,normal_pre,0,unloaded,baseline,low,-0.013129017821956662,0.4072607282763817,False,0.930076814971256,1.1618262584069141,False,False,True,0,1,0.0
20,blind,49,normal_pre,1,unloaded,baseline,low,0.02915973041011151,0.4072607282763817,False,0.9557028361656751,1.1618262584069141,False,False,True,0,2,0.0
20,blind,50,normal_pre,2,unloaded,baseline,low,0.062253997828533636,0.4072607282763817,False,1.0684680216823845,1.1618262584069141,False,False,True,0,3,0.0
20,blind,51,normal_pre,3,unloaded,baseline,low,-0.022267757852089856,0.4072607282763817,False,0.9136531211380121,1.1618262584069141,False,False,True,0,4,0.0
20,blind,52,normal_pre,4,unloaded,baseline,low,-0.10674230292600287,0.4072607282763817,False,1.0475641979357475,1.1618262584069141,False,False,True,0,5,0.0
20,blind,53,normal_pre,5,unloaded,baseline,low,-0.08862468702832349,0.4072607282763817,False,0.9357938813075877,1.1618262584069141,False,False,True,0,6,0.0
20,blind,54,normal_pre,6,unloaded,baseline,low,-0.13812266139507223,0.4072607282763817,False,0.9469858765874508,1.1618262584069141,False,False,True,0,7,0.0
20,blind,55,normal_pre,7,unloaded,baseline,low,-0.05181336757519998,0.4072607282763817,False,0.9494592913497528,1.1618262584069141,False,False,True,0,8,0.0
20,blind,56,normal_pre,8,unloaded,baseline,low,-0.06522801557764636,0.4072607282763817,False,1.0597088739058045,1.1618262584069141,False,False,True,0,9,0.0
20,blind,57,normal_pre,9,unloaded,baseline,low,0.023941854381834025,0.4072607282763817,False,1.0236421180052846,1.1618262584069141,False,False,True,0,10,0.0
20,blind,58,normal_pre,10,unloaded,baseline,low,-0.12319227544356848,0.4072607282763817,False,0.9298895350232368,1.1618262584069141,False,False,True,0,11,0.0
20,blind,59,normal_pre,11,unloaded,baseline,low,-0.01008490545718218,0.4072607282763817,False,0.9694986464059459,1.1618262584069141,False,False,True,0,12,0.0
20,blind,60,normal_pre,12,unloaded,baseline,low,-0.00488881191045643,0.4072607282763817,False,1.0642970120816677,1.1618262584069141,False,False,True,0,13,0.0
20,blind,61,normal_pre,13,unloaded,baseline,low,-0.0603410159852716,0.4072607282763817,False,1.0185032791504058,1.1618262584069141,False,False,True,0,14,0.0
20,blind,62,normal_pre,14,unloaded,baseline,low,-0.10236573508134322,0.4072607282763817,False,0.9598110575528638,1.1618262584069141,False,False,True,0,15,0.0
20,blind,63,normal_pre,15,unloaded,baseline,low,-0.050877316012857804,0.4072607282763817,False,0.9506180683120865,1.1618262584069141,False,False,True,0,16,0.0
20,blind,64,normal_pre,16,unloaded,baseline,low,-0.05510479107338977,0.4072607282763817,False,0.9709297946590716,1.1618262584069141,False,False,True,0,17,0.0
20,blind,65,normal_pre,17,unloaded,baseline,low,0.03521835357545315,0.4072607282763817,False,1.0660654344771887,1.1618262584069141,False,False,True,0,18,0.0
20,blind,66,normal_pre,18,unloaded,baseline,low,0.08208186588175982,0.4072607282763817,False,1.117607634302764,1.1618262584069141,False,False,True,0,19,0.0
20,blind,67,normal_pre,19,unloaded,baseline,low,-0.11859108626620898,0.4072607282763817,False,1.1623953559084683,1.1618262584069141,True,True,True,0,20,0.0
20,blind,68,normal_pre,20,unloaded,baseline,low,-0.09442363335705675,0.4072607282763817,False,0.960739195889673,1.1618262584069141,False,False,True,0,21,0.0
20,blind,69,normal_pre,21,unloaded,baseline,low,-0.08782596223184766,0.4072607282763817,False,0.9764512520199439,1.1618262584069141,False,False,True,0,22,0.0
20,blind,70,normal_pre,22,unloaded,baseline,low,0.019664381033028908,0.4072607282763817,False,1.2807161022170936,1.1618262584069141,True,True,True,0,23,0.0
20,blind,71,normal_pre,23,unloaded,baseline,low,0.01282746574072316,0.4072607282763817,False,1.2570887621693685,1.1618262584069141,True,True,True,0,24,0.0
20,blind,72,normal_pre,24,unloaded,baseline,low,0.0729093044730977,0.4072607282763817,False,1.0847451072469372,1.1618262584069141,False,False,True,0,25,0.0
20,blind,73,normal_pre,25,unloaded,baseline,low,-0.0424289024717688,0.4072607282763817,False,0.9799870171125505,1.1618262584069141,False,False,True,0,26,0.0
20,blind,74,normal_pre,26,unloaded,baseline,low,0.021322211923292086,0.4072607282763817,False,1.1380217082848567,1.1618262584069141,False,False,True,0,27,0.0
20,blind,75,normal_pre,27,unloaded,baseline,low,-0.12866787070571195,0.4072607282763817,False,0.93644451004334,1.1618262584069141,False,False,True,0,28,0.0
20,blind,76,normal_pre,28,unloaded,baseline,low,-0.057205214009062484,0.4072607282763817,False,0.9988594737477693,1.1618262584069141,False,False,True,0,29,0.0
20,blind,77,normal_pre,29,unloaded,baseline,low,-0.07285759387285287,0.4072607282763817,False,0.958492920305973,1.1618262584069141,False,False,True,0,30,0.0
20,blind,78,benign_cpu_drift,0,unloaded,cpu,high,-0.0501685258608878,0.4201396874464996,False,1.2808301383563927,1.1618262584069141,True,True,True,0,31,0.0
20,blind,79,benign_cpu_drift,1,unloaded,cpu,high,0.03502539943958842,0.4201396874464996,False,1.3728150599468345,1.1618262584069141,True,True,True,0,32,0.0
20,blind,80,benign_cpu_drift,2,unloaded,cpu,high,0.06246995540720886,0.4201396874464996,False,1.3415420604223987,1.1618262584069141,True,True,True,0,33,0.0
20,blind,81,benign_cpu_drift,3,unloaded,cpu,high,0.09082941727543728,0.4201396874464996,False,1.2784826614564642,1.1618262584069141,True,True,True,0,34,0.0
20,blind,82,benign_cpu_drift,4,unloaded,cpu,high,-0.10293138323129049,0.4201396874464996,False,1.2212138385775322,1.1618262584069141,True,True,True,0,35,0.0
20,blind,83,benign_cpu_drift,5,unloaded,cpu,high,0.12588126196769284,0.4201396874464996,False,1.3065616492718968,1.1618262584069141,True,True,True,0,36,0.0
20,blind,84,benign_cpu_drift,6,unloaded,cpu,high,-0.007133780945795443,0.4201396874464996,False,1.254712476465451,1.1618262584069141,True,True,True,0,37,0.0
20,blind,85,benign_cpu_drift,7,unloaded,cpu,high,-0.010431486320128747,0.4201396874464996,False,1.1863362604018206,1.1618262584069141,True,True,True,0,38,0.0
20,blind,86,benign_cpu_drift,8,unloaded,cpu,high,0.04911880143500191,0.4201396874464996,False,1.125370871883983,1.1618262584069141,False,False,True,0,39,0.0
20,blind,87,benign_cpu_drift,9,unloaded,cpu,high,-0.006218593713696419,0.4201396874464996,False,1.0669412476216964,1.1618262584069141,False,False,True,0,40,0.0
20,blind,88,benign_cpu_drift,10,unloaded,cpu,high,0.04799033605196297,0.4201396874464996,False,1.0742093490755684,1.1618262584069141,False,False,True,0,41,0.0
20,blind,89,benign_cpu_drift,11,unloaded,cpu,high,-0.015083657762214066,0.4201396874464996,False,1.0399043017068768,1.1618262584069141,False,False,True,0,42,0.0
20,blind,90,benign_cpu_drift,12,unloaded,cpu,high,0.028434895087584476,0.4201396874464996,False,1.027361951858413,1.1618262584069141,False,False,True,0,43,0.0
20,blind,91,benign_cpu_drift,13,unloaded,cpu,high,0.04012470523741363,0.4201396874464996,False,1.0346935897329539,1.1618262584069141,False,False,True,0,44,0.0
20,blind,92,benign_cpu_drift,14,unloaded,cpu,high,0.0604274748504325,0.4201396874464996,False,1.0000309769510833,1.1618262584069141,False,False,True,0,45,0.0
20,blind,93,benign_cpu_drift,15,unloaded,cpu,high,0.028379435388274393,0.4201396874464996,False,0.9825012431318256,1.1618262584069141,False,False,True,0,46,0.0
20,blind,94,benign_cpu_drift,16,unloaded,cpu,high,-0.0841541904997875,0.4201396874464996,False,1.032370946410186,1.1618262584069141,False,False,True,0,47,0.0
20,blind,95,benign_cpu_drift,17,unloaded,cpu,high,0.10982917271061138,0.4201396874464996,False,1.0528628741898982,1.1618262584069141,False,False,True,0,48,0.0
20,blind,96,benign_cpu_drift,18,unloaded,cpu,high,-0.10645979201596495,0.4201396874464996,False,0.9858226043642292,1.1618262584069141,False,False,True,0,49,0.0
20,blind,97,benign_cpu_drift,19,unloaded,cpu,high,-0.11173540812200224,0.4201396874464996,False,0.9807144817529012,1.1618262584069141,False,False,True,0,50,0.0
20,blind,98,benign_cpu_drift,20,unloaded,cpu,high,0.03763375442337867,0.4201396874464996,False,1.0373544266982357,1.1618262584069141,False,False,True,0,51,0.0
20,blind,99,benign_cpu_drift,21,unloaded,cpu,high,0.06844934071757651,0.4201396874464996,False,0.9901892338783759,1.1618262584069141,False,False,True,0,52,0.0
20,blind,100,benign_cpu_drift,22,unloaded,cpu,high,-0.06541688796260117,0.4201396874464996,False,0.9704285989324966,1.1618262584069141,False,False,True,0,53,0.0
20,blind,101,benign_cpu_drift,23,unloaded,cpu,high,-0.036308081028168834,0.4201396874464996,False,0.9910667626787367,1.1618262584069141,False,False,True,0,54,0.0
20,blind,102,benign_cpu_drift,24,unloaded,cpu,high,0.1018275154979757,0.4201396874464996,False,1.0891184034564345,1.1618262584069141,False,False,True,0,55,0.0
20,blind,103,benign_cpu_drift,25,unloaded,cpu,high,0.024504046827311696,0.4201396874464996,False,1.047070919748813,1.1618262584069141,False,False,True,0,56,0.0
20,blind,104,benign_cpu_drift,26,unloaded,cpu,high,-0.02892492218531792,0.4201396874464996,False,0.9923890201989997,1.1618262584069141,False,False,True,0,57,0.0
20,blind,105,benign_cpu_drift,27,unloaded,cpu,high,0.09157653043267683,0.4201396874464996,False,1.112231251928814,1.1618262584069141,False,False,True,0,58,0.0
20,blind,106,benign_cpu_drift,28,unloaded,cpu,high,0.04450184999228594,0.4201396874464996,False,1.0262071803312416,1.1618262584069141,False,False,True,0,59,0.0
20,blind,107,benign_cpu_drift,29,unloaded,cpu,high,0.03446267922974014,0.4201396874464996,False,0.9941716330919896,1.1618262584069141,False,False,True,0,60,0.0
20,blind,108,benign_cpu_drift,30,unloaded,cpu,high,-0.12694031359445646,0.4201396874464996,False,1.0232354824410186,1.1618262584069141,False,False,True,0,61,0.0
20,blind,109,benign_cpu_drift,31,unloaded,cpu,high,-0.051660685191195654,0.4201396874464996,False,0.9650092761332479,1.1618262584069141,False,False,True,0,62,0.0
20,blind,110,benign_cpu_drift,32,unloaded,cpu,high,0.06902403902898262,0.4201396874464996,False,0.9957148486241545,1.1618262584069141,False,False,True,0,63,0.0
20,blind,111,benign_cpu_drift,33,unloaded,cpu,high,0.011988617186349092,0.4201396874464996,False,0.9789000659630607,1.1618262584069141,False,False,True,0,64,0.0
20,blind,112,benign_cpu_drift,34,unloaded,cpu,high,-0.04887910155404421,0.4201396874464996,False,1.0447549995358862,1.1618262584069141,False,False,True,0,65,0.0
20,blind,113,benign_cpu_drift,35,unloaded,cpu,high,0.13759478059341215,0.4201396874464996,False,1.0501195580474934,1.1618262584069141,False,False,True,0,66,0.0
20,blind,114,benign_cpu_drift,36,unloaded,cpu,high,0.08199994994651774,0.4201396874464996,False,1.0087195177734634,1.1618262584069141,False,False,True,0,67,0.0
20,blind,115,benign_cpu_drift,37,unloaded,cpu,high,0.06232149429272928,0.4201396874464996,False,0.9829928160187497,1.1618262584069141,False,False,True,0,68,0.0
20,blind,116,benign_cpu_drift,38,unloaded,cpu,high,-0.0311456301660804,0.4201396874464996,False,1.0103232189973614,1.1618262584069141,False,False,True,0,69,0.0
20,blind,117,benign_cpu_drift,39,unloaded,cpu,high,0.02873787024547747,0.4201396874464996,False,1.0017799578387867,1.1618262584069141,False,False,True,0,70,0.0
20,blind,118,benign_cpu_drift,40,unloaded,cpu,high,-0.007454873963552531,0.4201396874464996,False,1.0157196458788043,1.1618262584069141,False,False,True,0,71,0.0
20,blind,119,benign_cpu_drift,41,unloaded,cpu,high,-0.003564169829999171,0.4201396874464996,False,0.9864997425019005,1.1618262584069141,False,False,True,0,72,0.0
20,blind,120,benign_cpu_drift,42,unloaded,cpu,high,-0.06032923537067803,0.4201396874464996,False,1.0024114901374142,1.1618262584069141,False,False,True,0,73,0.0
20,blind,121,benign_cpu_drift,43,unloaded,cpu,high,0.01896076433608831,0.4201396874464996,False,1.006938382594082,1.1618262584069141,False,False,True,0,74,0.0
20,blind,122,benign_cpu_drift,44,unloaded,cpu,high,0.027739249267080678,0.4201396874464996,False,1.0294100314766383,1.1618262584069141,False,False,True,0,75,0.0
20,blind,123,benign_cpu_drift,45,unloaded,cpu,high,0.004194705921908411,0.4201396874464996,False,1.0047245438529113,1.1618262584069141,False,False,True,0,76,0.0
20,blind,124,benign_cpu_drift,46,unloaded,cpu,high,-0.04797797596664044,0.4201396874464996,False,0.9614985237070498,1.1618262584069141,False,False,True,0,77,0.0
20,blind,125,benign_cpu_drift,47,unloaded,cpu,high,0.06825115144006204,0.4201396874464996,False,1.0188473738648394,1.1618262584069141,False,False,True,0,78,0.0
20,blind,126,benign_cpu_drift,48,unloaded,cpu,high,0.11093272296470072,0.4201396874464996,False,1.0384120655705724,1.1618262584069141,False,False,True,0,79,0.0
20,blind,127,benign_cpu_drift,49,unloaded,cpu,high,-0.050597872115767724,0.4201396874464996,False,0.971573486469516,1.1618262584069141,False,False,True,0,80,0.0
20,blind,128,benign_cpu_drift,50,unloaded,cpu,high,0.009512836313522736,0.4201396874464996,False,1.0089146554334287,1.1618262584069141,False,False,True,0,81,0.0
20,blind,129,benign_cpu_drift,51,unloaded,cpu,high,-0.05754179155771201,0.4201396874464996,False,1.0068825935612087,1.1618262584069141,False,False,True,0,82,0.0
20,blind,130,benign_cpu_drift,52,unloaded,cpu,high,0.002670049939858589,0.4201396874464996,False,1.0069037822039884,1.1618262584069141,False,False,True,0,83,0.0
20,blind,131,benign_cpu_drift,53,unloaded,cpu,high,-0.07035214909229938,0.4201396874464996,False,0.959736709720042,1.1618262584069141,False,False,True,0,84,0.0
20,blind,132,benign_cpu_drift,54,unloaded,cpu,high,-0.1840835942669565,0.4201396874464996,False,0.9556879549545727,1.1618262584069141,False,False,True,0,85,0.0
20,blind,133,benign_cpu_drift,55,unloaded,cpu,high,0.11056317767438455,0.4201396874464996,False,1.0262732327147388,1.1618262584069141,False,False,True,0,86,0.0
20,blind,134,benign_cpu_drift,56,unloaded,cpu,high,-0.010670714554329299,0.4201396874464996,False,0.9551304756141249,1.1618262584069141,False,False,True,0,87,0.0
20,blind,135,benign_cpu_drift,57,unloaded,cpu,high,0.027690407166944805,0.4201396874464996,False,0.9898823639382172,1.1618262584069141,False,False,True,0,88,0.0
20,blind,136,benign_cpu_drift,58,unloaded,cpu,high,0.0002715660720089205,0.4201396874464996,False,0.9840056410037573,1.1618262584069141,False,False,True,0,89,0.0
20,blind,137,benign_cpu_drift,59,unloaded,cpu,high,-0.019799358356748533,0.4201396874464996,False,0.9879478410358639,1.1618262584069141,False,False,True,0,90,0.0
20,blind,138,benign_cpu_drift,60,unloaded,cpu,high,-0.0220332790958685,0.4201396874464996,False,1.029442544466594,1.1618262584069141,False,False,True,0,91,0.0
20,blind,139,benign_cpu_drift,61,unloaded,cpu,high,0.02050837752192379,0.4201396874464996,False,0.970565583780895,1.1618262584069141,False,False,True,0,92,0.0
20,blind,140,benign_cpu_drift,62,unloaded,cpu,high,0.056237054988069794,0.4201396874464996,False,1.004407542200845,1.1618262584069141,False,False,True,0,93,0.0
20,blind,141,benign_cpu_drift,63,unloaded,cpu,high,-0.021298975669213523,0.4201396874464996,False,0.9795080556843232,1.1618262584069141,False,False,True,0,94,0.0
20,blind,142,benign_cpu_drift,64,unloaded,cpu,high,-0.03837971605705722,0.4201396874464996,False,0.9967312402945959,1.1618262584069141,False,False,True,0,95,0.0
20,blind,143,benign_cpu_drift,65,unloaded,cpu,high,0.06234983553578987,0.4201396874464996,False,0.9690668425807747,1.1618262584069141,False,False,True,0,96,0.0
20,blind,144,benign_cpu_drift,66,unloaded,cpu,high,0.01679936815311069,0.4201396874464996,False,0.9738953182535508,1.1618262584069141,False,False,True,0,97,0.0
20,blind,145,benign_cpu_drift,67,unloaded,cpu,high,0.07528643907242703,0.4201396874464996,False,1.0347555562861652,1.1618262584069141,False,False,True,0,98,0.0
20,blind,146,benign_cpu_drift,68,unloaded,cpu,high,-0.05556548278930551,0.4201396874464996,False,0.9750049316149395,1.1618262584069141,False,False,True,0,99,0.0
20,blind,147,benign_cpu_drift,69,unloaded,cpu,high,0.01991626375725081,0.4201396874464996,False,1.0070567383194906,1.1618262584069141,False,False,True,0,100,0.0
20,blind,148,benign_cpu_drift,70,unloaded,cpu,high,-0.01776991343567192,0.4201396874464996,False,0.9761063256180957,1.1618262584069141,False,False,True,0,101,0.0
20,blind,149,benign_cpu_drift,71,unloaded,cpu,high,-0.10111022834857966,0.4201396874464996,False,0.9880958760124482,1.1618262584069141,False,False,True,0,102,0.0
20,blind,150,benign_cpu_drift,72,unloaded,cpu,high,0.006687429843258738,0.4201396874464996,False,1.0276413157101008,1.1618262584069141,False,False,True,0,103,0.0
20,blind,151,benign_cpu_drift,73,unloaded,cpu,high,0.0511534913218853,0.4201396874464996,False,0.977845630069124,1.1618262584069141,False,False,True,0,104,0.0
20,blind,152,benign_cpu_drift,74,unloaded,cpu,high,-0.007559506386308435,0.4201396874464996,False,1.0073379636324573,1.1618262584069141,False,False,True,0,105,0.0
20,blind,153,benign_cpu_drift,75,unloaded,cpu,high,-0.020025907752125826,0.4201396874464996,False,0.975190123863894,1.1618262584069141,False,False,True,0,106,0.0
20,blind,154,benign_cpu_drift,76,unloaded,cpu,high,-0.04786406468041781,0.4201396874464996,False,1.0081312569981282,1.1618262584069141,False,False,True,0,107,0.0
20,blind,155,benign_cpu_drift,77,unloaded,cpu,high,0.0037397595726607405,0.4201396874464996,False,0.9733682323117825,1.1618262584069141,False,False,True,0,108,0.0
20,blind,156,benign_cpu_drift,78,unloaded,cpu,high,-0.12005767832784926,0.4201396874464996,False,0.968524433022489,1.1618262584069141,False,False,True,0,109,0.0
20,blind,157,benign_cpu_drift,79,unloaded,cpu,high,-0.05080294153433208,0.4201396874464996,False,1.0150169727294434,1.1618262584069141,False,False,True,0,110,0.0
20,blind,158,benign_cpu_drift,80,unloaded,cpu,high,0.08027289635754616,0.4201396874464996,False,1.0508725124830014,1.1618262584069141,False,False,True,0,111,0.0
20,blind,159,benign_cpu_drift,81,unloaded,cpu,high,-0.058256766589441615,0.4201396874464996,False,0.9714920430598665,1.1618262584069141,False,False,True,0,112,0.0
20,blind,160,benign_cpu_drift,82,unloaded,cpu,high,0.009694487883445523,0.4201396874464996,False,1.0476419844079268,1.1618262584069141,False,False,True,0,113,0.0
20,blind,161,benign_cpu_drift,83,unloaded,cpu,high,-0.06733478458028248,0.4201396874464996,False,1.018197672607987,1.1618262584069141,False,False,True,0,114,0.0
20,blind,162,benign_cpu_drift,84,unloaded,cpu,high,0.09906148158870344,0.4201396874464996,False,1.0528042157337205,1.1618262584069141,False,False,True,0,115,0.0
20,blind,163,benign_cpu_drift,85,unloaded,cpu,high,-0.006014723719478027,0.4201396874464996,False,1.003553095826043,1.1618262584069141,False,False,True,0,116,0.0
20,blind,164,benign_cpu_drift,86,unloaded,cpu,high,0.144556457702778,0.4201396874464996,False,1.1744462147299173,1.1618262584069141,True,True,True,0,117,0.0
20,blind,165,benign_cpu_drift,87,unloaded,cpu,high,-0.13706309324930055,0.4201396874464996,False,0.9842805072549928,1.1618262584069141,False,False,True,0,118,0.0
20,blind,166,benign_cpu_drift,88,unloaded,cpu,high,-0.016694883868113672,0.4201396874464996,False,1.0373603330420929,1.1618262584069141,False,False,True,0,119,0.0
20,blind,167,benign_cpu_drift,89,unloaded,cpu,high,-0.10478673981408404,0.4201396874464996,False,0.9664577021004424,1.1618262584069141,False,False,True,0,120,0.0
20,blind,168,benign_cpu_drift,90,unloaded,cpu,high,0.04458691887972936,0.4201396874464996,False,0.9798098370766305,1.1618262584069141,False,False,True,0,121,0.0
20,blind,169,benign_cpu_drift,91,unloaded,cpu,high,0.04902703821332258,0.4201396874464996,False,1.0066423395179114,1.1618262584069141,False,False,True,0,122,0.0
20,blind,170,benign_cpu_drift,92,unloaded,cpu,high,0.020012211966516924,0.4201396874464996,False,1.0013448079343668,1.1618262584069141,False,False,True,0,123,0.0
20,blind,171,benign_cpu_drift,93,unloaded,cpu,high,0.04341204186233408,0.4201396874464996,False,1.0206067215796573,1.1618262584069141,False,False,True,0,124,0.0
20,blind,172,benign_cpu_drift,94,unloaded,cpu,high,0.045211078267062846,0.4201396874464996,False,1.0713194299361362,1.1618262584069141,False,False,True,0,125,0.0
20,blind,173,benign_cpu_drift,95,unloaded,cpu,high,-0.055755206183832576,0.4201396874464996,False,0.980320173203758,1.1618262584069141,False,False,True,0,126,0.0
20,blind,174,benign_cpu_drift,96,unloaded,cpu,high,-0.07323630898216363,0.4201396874464996,False,0.9516834365721044,1.1618262584069141,False,False,True,0,127,0.0
20,blind,175,benign_cpu_drift,97,unloaded,cpu,high,0.069598542746756,0.4201396874464996,False,0.9996909999120066,1.1618262584069141,False,False,True,0,128,0.0
20,blind,176,benign_cpu_drift,98,unloaded,cpu,high,0.003433951938095181,0.4201396874464996,False,1.0129464605436818,1.1618262584069141,False,False,True,0,129,0.0
20,blind,177,benign_cpu_drift,99,unloaded,cpu,high,0.10943720659776723,0.4201396874464996,False,1.087027256822381,1.1618262584069141,False,False,True,0,130,0.0
20,blind,178,benign_cpu_drift,100,unloaded,cpu,high,0.03352798298662593,0.4201396874464996,False,1.003191589223693,1.1618262584069141,False,False,True,0,131,0.0
20,blind,179,benign_cpu_drift,101,unloaded,cpu,high,0.07089903976110092,0.4201396874464996,False,1.0312424750733618,1.1618262584069141,False,False,True,0,132,0.0
20,blind,180,benign_cpu_drift,102,unloaded,cpu,high,0.0701341206165438,0.4201396874464996,False,0.9838761249747969,1.1618262584069141,False,False,True,0,133,0.0
20,blind,181,benign_cpu_drift,103,unloaded,cpu,high,0.019336414524932195,0.4201396874464996,False,1.004460878544113,1.1618262584069141,False,False,True,0,134,0.0
20,blind,182,benign_cpu_drift,104,unloaded,cpu,high,0.07327162141908039,0.4201396874464996,False,1.0065283544185117,1.1618262584069141,False,False,True,0,135,0.0
20,blind,183,benign_cpu_drift,105,unloaded,cpu,high,-0.06960709691132114,0.4201396874464996,False,0.9898558788820065,1.1618262584069141,False,False,True,0,136,0.0
20,blind,184,benign_cpu_drift,106,unloaded,cpu,high,-0.08134367198582042,0.4201396874464996,False,0.9860525977877378,1.1618262584069141,False,False,True,0,137,0.0
20,blind,185,benign_cpu_drift,107,unloaded,cpu,high,-0.02413475739789141,0.4201396874464996,False,1.006982369262036,1.1618262584069141,False,False,True,0,138,0.0
20,blind,186,benign_cpu_drift,108,unloaded,cpu,high,0.0765152263956924,0.4201396874464996,False,1.0237715259391515,1.1618262584069141,False,False,True,0,139,0.0
20,blind,187,benign_cpu_drift,109,unloaded,cpu,high,0.09052767935471932,0.4201396874464996,False,0.9755640208793203,1.1618262584069141,False,False,True,0,140,0.0
20,blind,188,benign_cpu_drift,110,unloaded,cpu,high,0.0840580149012779,0.4201396874464996,False,0.961182482079127,1.1618262584069141,False,False,True,0,141,0.0
20,blind,189,benign_cpu_drift,111,unloaded,cpu,high,-0.03667103367381048,0.4201396874464996,False,1.0167478889344086,1.1618262584069141,False,False,True,0,142,0.0
20,blind,190,benign_cpu_drift,112,unloaded,cpu,high,0.041147808398920106,0.4201396874464996,False,1.0595491479184327,1.1618262584069141,False,False,True,0,143,0.0
20,blind,191,benign_cpu_drift,113,unloaded,cpu,high,-0.030971393171405823,0.4201396874464996,False,0.9636204109155015,1.1618262584069141,False,False,True,0,144,0.0
20,blind,192,benign_cpu_drift,114,unloaded,cpu,high,0.09760371614205333,0.4201396874464996,False,1.0202820417431537,1.1618262584069141,False,False,True,0,145,0.0
20,blind,193,benign_cpu_drift,115,unloaded,cpu,high,-0.03256551084458451,0.4201396874464996,False,0.992212037494435,1.1618262584069141,False,False,True,0,146,0.0
20,blind,194,benign_cpu_drift,116,unloaded,cpu,high,-0.0687213115954504,0.4201396874464996,False,1.0056656359966092,1.1618262584069141,False,False,True,0,147,0.0
20,blind,195,benign_cpu_drift,117,unloaded,cpu,high,0.023561070435638334,0.4201396874464996,False,0.9861728314823992,1.1618262584069141,False,False,True,0,148,0.0
20,blind,196,benign_cpu_drift,118,unloaded,cpu,high,0.161880205096715,0.4201396874464996,False,1.0555117758406383,1.1618262584069141,False,False,True,0,149,0.0
20,blind,197,benign_cpu_drift,119,unloaded,cpu,high,0.015063274449787022,0.4201396874464996,False,0.9988829402637074,1.1618262584069141,False,False,True,0,150,0.0
20,blind,198,normal_recovery_1,0,unloaded,baseline,low,-0.05330910279516486,0.4072607282763817,False,0.7019891508254763,1.1618262584069141,False,False,True,0,151,0.0
20,blind,199,normal_recovery_1,1,unloaded,baseline,low,-0.03411454935420291,0.4072607282763817,False,0.7451053719470183,1.1618262584069141,False,False,True,0,152,0.0
20,blind,200,normal_recovery_1,2,unloaded,baseline,low,-0.030720121697451988,0.4072607282763817,False,0.7264852596602088,1.1618262584069141,False,False,True,0,153,0.0
20,blind,201,normal_recovery_1,3,unloaded,baseline,low,-0.04794536734631804,0.4072607282763817,False,0.7001967555740609,1.1618262584069141,False,False,True,0,154,0.0
20,blind,202,normal_recovery_1,4,unloaded,baseline,low,0.0672010423725061,0.4072607282763817,False,0.7868350083287633,1.1618262584069141,False,False,True,0,155,0.0
20,blind,203,normal_recovery_1,5,unloaded,baseline,low,-0.02109473524050407,0.4072607282763817,False,0.731406660571165,1.1618262584069141,False,False,True,0,156,0.0
20,blind,204,normal_recovery_1,6,unloaded,baseline,low,-0.07893635321587583,0.4072607282763817,False,0.7155658168118166,1.1618262584069141,False,False,True,0,157,0.0
20,blind,205,normal_recovery_1,7,unloaded,baseline,low,-0.13452198063299523,0.4072607282763817,False,0.7291214649303669,1.1618262584069141,False,False,True,0,158,0.0
20,blind,206,normal_recovery_1,8,unloaded,baseline,low,-0.021362492858010645,0.4072607282763817,False,0.7651685251791013,1.1618262584069141,False,False,True,0,159,0.0
20,blind,207,normal_recovery_1,9,unloaded,baseline,low,-0.017201020480156072,0.4072607282763817,False,0.7477051613257847,1.1618262584069141,False,False,True,0,160,0.0
20,blind,208,normal_recovery_1,10,unloaded,baseline,low,-0.02631511174509754,0.4072607282763817,False,0.8129238487927476,1.1618262584069141,False,False,True,0,161,0.0
20,blind,209,normal_recovery_1,11,unloaded,baseline,low,-0.09704850246975752,0.4072607282763817,False,0.943339246888714,1.1618262584069141,False,False,True,0,162,0.0
20,blind,210,normal_recovery_1,12,unloaded,baseline,low,-0.057481285496972,0.4072607282763817,False,0.9384227426139565,1.1618262584069141,False,False,True,0,163,0.0
20,blind,211,normal_recovery_1,13,unloaded,baseline,low,-0.08047466284992393,0.4072607282763817,False,1.1733969119234837,1.1618262584069141,True,True,True,0,164,0.0
20,blind,212,normal_recovery_1,14,unloaded,baseline,low,-0.02932260793596148,0.4072607282763817,False,1.0077188035160662,1.1618262584069141,False,False,True,0,165,0.0
20,blind,213,normal_recovery_1,15,unloaded,baseline,low,0.015930774293007,0.4072607282763817,False,1.1309439368019916,1.1618262584069141,False,False,True,0,166,0.0
20,blind,214,normal_recovery_1,16,unloaded,baseline,low,-0.030936352726162037,0.4072607282763817,False,1.0385001599421426,1.1618262584069141,False,False,True,0,167,0.0
20,blind,215,normal_recovery_1,17,unloaded,baseline,low,-0.015160208693461427,0.4072607282763817,False,1.0159413638196966,1.1618262584069141,False,False,True,0,168,0.0
20,blind,216,normal_recovery_1,18,unloaded,baseline,low,-0.0013294755117633957,0.4072607282763817,False,1.013348910307228,1.1618262584069141,False,False,True,0,169,0.0
20,blind,217,normal_recovery_1,19,unloaded,baseline,low,-0.0023702587499999095,0.4072607282763817,False,0.9658613927483624,1.1618262584069141,False,False,True,0,170,0.0
20,blind,218,normal_recovery_1,20,unloaded,baseline,low,-0.1629688145476428,0.4072607282763817,False,1.2110350801699867,1.1618262584069141,True,True,True,0,171,0.0
20,blind,219,normal_recovery_1,21,unloaded,baseline,low,0.007133734648666426,0.4072607282763817,False,1.066772367560952,1.1618262584069141,False,False,True,0,172,0.0
20,blind,220,normal_recovery_1,22,unloaded,baseline,low,0.10238405607924872,0.4072607282763817,False,1.261106243306769,1.1618262584069141,True,True,True,0,173,0.0
20,blind,221,normal_recovery_1,23,unloaded,baseline,low,-0.04523253755051785,0.4072607282763817,False,1.000602166148364,1.1618262584069141,False,False,True,0,174,0.0
20,blind,222,normal_recovery_1,24,unloaded,baseline,low,-0.01960421067884765,0.4072607282763817,False,0.9609425852432677,1.1618262584069141,False,False,True,0,175,0.0
20,blind,223,normal_recovery_1,25,unloaded,baseline,low,-0.002292982778735575,0.4072607282763817,False,1.2898087419667223,1.1618262584069141,True,True,True,0,176,0.0
20,blind,224,normal_recovery_1,26,unloaded,baseline,low,-0.016708695548661622,0.4072607282763817,False,1.0050562337787177,1.1618262584069141,False,False,True,0,177,0.0
20,blind,225,normal_recovery_1,27,unloaded,baseline,low,0.017603632903743973,0.4072607282763817,False,1.0587948012324713,1.1618262584069141,False,False,True,0,178,0.0
20,blind,226,normal_recovery_1,28,unloaded,baseline,low,0.043349232309462374,0.4072607282763817,False,1.085321576052853,1.1618262584069141,False,False,True,0,179,0.0
20,blind,227,normal_recovery_1,29,unloaded,baseline,low,-0.03139771588897073,0.4072607282763817,False,0.9631145186834468,1.1618262584069141,False,False,True,0,180,0.0
20,blind,228,persistent_attack_baseline,0,hiding,baseline,low,0.7178274129743505,0.4072607282763817,True,1.9122790221859947,1.1618262584069141,True,True,True,1,180,0.05
20,blind,229,persistent_attack_baseline,1,hiding,baseline,low,0.6433214631619052,0.4072607282763817,True,1.5977124059235053,1.1618262584069141,True,True,True,2,180,0.1
20,blind,230,persistent_attack_baseline,2,hiding,baseline,low,0.4196759838198757,0.4072607282763817,True,1.511864872578139,1.1618262584069141,True,True,True,3,180,0.15
20,blind,231,persistent_attack_baseline,3,hiding,baseline,low,0.6174899500089378,0.4072607282763817,True,1.481150491935379,1.1618262584069141,True,True,True,4,180,0.2
20,blind,232,persistent_attack_baseline,4,hiding,baseline,low,0.5929203994148027,0.4072607282763817,True,1.5556231398084246,1.1618262584069141,True,True,True,5,180,0.25
20,blind,233,persistent_attack_baseline,5,hiding,baseline,low,0.5424528085127441,0.4072607282763817,True,1.3618457902692418,1.1618262584069141,True,True,True,6,180,0.3
20,blind,234,persistent_attack_baseline,6,hiding,baseline,low,0.6277697435165,0.4072607282763817,True,1.3761531713330621,1.1618262584069141,True,True,True,7,180,0.35
20,blind,235,persistent_attack_baseline,7,hiding,baseline,low,0.5647437380269791,0.4072607282763817,True,1.469052797623224,1.1618262584069141,True,True,True,8,180,0.4
20,blind,236,persistent_attack_baseline,8,hiding,baseline,low,0.5837959494289843,0.4072607282763817,True,1.2542880608530191,1.1618262584069141,True,True,True,9,180,0.45
20,blind,237,persistent_attack_baseline,9,hiding,baseline,low,0.6265631860855351,0.4072607282763817,True,1.6878955198632841,1.1618262584069141,True,True,True,10,180,0.5
20,blind,238,persistent_attack_baseline,10,hiding,baseline,low,0.5923926016961905,0.4072607282763817,True,1.087812370792195,1.1618262584069141,False,False,True,11,180,0.55
20,blind,239,persistent_attack_baseline,11,hiding,baseline,low,0.5656745730385724,0.4072607282763817,True,0.9862553034874575,1.1618262584069141,False,False,True,12,180,0.6
20,blind,240,persistent_attack_baseline,12,hiding,baseline,low,0.5815792157011354,0.4072607282763817,True,0.9960897580806373,1.1618262584069141,False,False,True,13,180,0.65
20,blind,241,persistent_attack_baseline,13,hiding,baseline,low,0.5946427415613311,0.4072607282763817,True,1.0727446869288086,1.1618262584069141,False,False,True,14,180,0.7
20,blind,242,persistent_attack_baseline,14,hiding,baseline,low,0.5255419387013545,0.4072607282763817,True,1.0776267516911926,1.1618262584069141,False,False,True,15,180,0.75
20,blind,243,persistent_attack_baseline,15,hiding,baseline,low,0.677099552238478,0.4072607282763817,True,1.1272993965335256,1.1618262584069141,False,False,True,16,180,0.8
20,blind,244,persistent_attack_baseline,16,hiding,baseline,low,0.5795919955807396,0.4072607282763817,True,1.0595207173228487,1.1618262584069141,False,False,True,17,180,0.85
20,blind,245,persistent_attack_baseline,17,hiding,baseline,low,0.5946126425240406,0.4072607282763817,True,0.9660769674010323,1.1618262584069141,False,False,True,18,180,0.9
20,blind,246,persistent_attack_baseline,18,hiding,baseline,low,0.5831642179379133,0.4072607282763817,True,0.9703539071298092,1.1618262584069141,False,False,True,19,180,0.95
20,blind,247,persistent_attack_baseline,19,hiding,baseline,low,0.633836485164994,0.4072607282763817,True,1.0858908276981762,1.1618262584069141,False,False,True,20,180,1.0
20,blind,248,persistent_attack_baseline,20,hiding,baseline,low,0.56604544510074,0.4072607282763817,True,0.9314001472039961,1.1618262584069141,False,False,True,21,180,1.0
20,blind,249,persistent_attack_baseline,21,hiding,baseline,low,0.6820166864369817,0.4072607282763817,True,1.1407939835612793,1.1618262584069141,False,False,True,22,180,1.0
20,blind,250,persistent_attack_baseline,22,hiding,baseline,low,0.5699783118805781,0.4072607282763817,True,0.9388390613150627,1.1618262584069141,False,False,True,23,180,1.0
20,blind,251,persistent_attack_baseline,23,hiding,baseline,low,0.730619963995732,0.4072607282763817,True,1.1562774644629863,1.1618262584069141,False,False,True,24,180,1.0
20,blind,252,persistent_attack_baseline,24,hiding,baseline,low,0.5275326623682021,0.4072607282763817,True,1.024835466583994,1.1618262584069141,False,False,True,25,180,1.0
20,blind,253,persistent_attack_baseline,25,hiding,baseline,low,0.6236045372804966,0.4072607282763817,True,1.050519509278533,1.1618262584069141,False,False,True,26,180,1.0
20,blind,254,persistent_attack_baseline,26,hiding,baseline,low,0.576947413802346,0.4072607282763817,True,1.0223316884490967,1.1618262584069141,False,False,True,27,180,1.0
20,blind,255,persistent_attack_baseline,27,hiding,baseline,low,0.6661389226652933,0.4072607282763817,True,1.1405603132934543,1.1618262584069141,False,False,True,28,180,1.0
20,blind,256,persistent_attack_baseline,28,hiding,baseline,low,0.4766550217009129,0.4072607282763817,True,0.9727038774368464,1.1618262584069141,False,False,True,29,180,1.0
20,blind,257,persistent_attack_baseline,29,hiding,baseline,low,0.6209301388027726,0.4072607282763817,True,1.0712432758101305,1.1618262584069141,False,False,True,30,180,1.0
20,blind,258,persistent_attack_baseline,30,hiding,baseline,low,0.6491415899215844,0.4072607282763817,True,1.0716598528209322,1.1618262584069141,False,False,True,31,180,1.0
20,blind,259,persistent_attack_baseline,31,hiding,baseline,low,0.6627090000095367,0.4072607282763817,True,1.0785169419986596,1.1618262584069141,False,False,True,32,180,1.0
20,blind,260,persistent_attack_baseline,32,hiding,baseline,low,0.5665812129843362,0.4072607282763817,True,0.9088990038920773,1.1618262584069141,False,False,True,33,180,1.0
20,blind,261,persistent_attack_baseline,33,hiding,baseline,low,0.7124478080639018,0.4072607282763817,True,1.1579039954262593,1.1618262584069141,False,False,True,34,180,1.0
20,blind,262,persistent_attack_baseline,34,hiding,baseline,low,0.5965133022233147,0.4072607282763817,True,0.9672623004060451,1.1618262584069141,False,False,True,35,180,1.0
20,blind,263,persistent_attack_baseline,35,hiding,baseline,low,0.6183757044338931,0.4072607282763817,True,0.9514546442772549,1.1618262584069141,False,False,True,36,180,1.0
20,blind,264,persistent_attack_baseline,36,hiding,baseline,low,0.6774713193601805,0.4072607282763817,True,1.117816106535679,1.1618262584069141,False,False,True,37,180,1.0
20,blind,265,persistent_attack_baseline,37,hiding,baseline,low,0.5593125033572223,0.4072607282763817,True,0.9331783944885073,1.1618262584069141,False,False,True,38,180,1.0
20,blind,266,persistent_attack_baseline,38,hiding,baseline,low,0.675642629956053,0.4072607282763817,True,1.0255226225936696,1.1618262584069141,False,False,True,39,180,1.0
20,blind,267,persistent_attack_baseline,39,hiding,baseline,low,0.48175132054201253,0.4072607282763817,True,0.9226987480842704,1.1618262584069141,False,False,True,40,180,1.0
20,blind,268,persistent_attack_baseline,40,hiding,baseline,low,0.7415948374846995,0.4072607282763817,True,1.1221868704552258,1.1618262584069141,False,False,True,41,180,1.0
20,blind,269,persistent_attack_baseline,41,hiding,baseline,low,0.625458546885514,0.4072607282763817,True,0.9429408596143359,1.1618262584069141,False,False,True,42,180,1.0
20,blind,270,persistent_attack_baseline,42,hiding,baseline,low,0.7250955833784756,0.4072607282763817,True,1.1194805150870855,1.1618262584069141,False,False,True,43,180,1.0
20,blind,271,persistent_attack_baseline,43,hiding,baseline,low,0.6203221432871527,0.4072607282763817,True,1.0190930906992683,1.1618262584069141,False,False,True,44,180,1.0
20,blind,272,persistent_attack_baseline,44,hiding,baseline,low,0.6100366562333563,0.4072607282763817,True,1.1042807279689013,1.1618262584069141,False,False,True,45,180,1.0
20,blind,273,persistent_attack_baseline,45,hiding,baseline,low,0.6134463866413774,0.4072607282763817,True,0.9071579950385253,1.1618262584069141,False,False,True,46,180,1.0
20,blind,274,persistent_attack_baseline,46,hiding,baseline,low,0.6115646554435933,0.4072607282763817,True,0.8883799635282328,1.1618262584069141,False,False,True,47,180,1.0
20,blind,275,persistent_attack_baseline,47,hiding,baseline,low,0.7421427828420479,0.4072607282763817,True,1.0639143077757152,1.1618262584069141,False,False,True,48,180,1.0
20,blind,276,persistent_attack_baseline,48,hiding,baseline,low,0.594238413009449,0.4072607282763817,True,0.8823539075719988,1.1618262584069141,False,False,True,49,180,1.0
20,blind,277,persistent_attack_baseline,49,hiding,baseline,low,0.6870217229081905,0.4072607282763817,True,1.130092493716013,1.1618262584069141,False,False,True,50,180,1.0
20,blind,278,persistent_attack_baseline,50,hiding,baseline,low,0.5841492167203427,0.4072607282763817,True,0.9452069197785408,1.1618262584069141,False,False,True,51,180,1.0
20,blind,279,persistent_attack_baseline,51,hiding,baseline,low,0.5758759815338469,0.4072607282763817,True,0.9281398206542161,1.1618262584069141,False,False,True,52,180,1.0
20,blind,280,persistent_attack_baseline,52,hiding,baseline,low,0.5723452784380814,0.4072607282763817,True,0.9564231510269947,1.1618262584069141,False,False,True,53,180,1.0
20,blind,281,persistent_attack_baseline,53,hiding,baseline,low,0.5929177983157216,0.4072607282763817,True,0.9637334891388268,1.1618262584069141,False,False,True,54,180,1.0
20,blind,282,persistent_attack_baseline,54,hiding,baseline,low,0.4971906808004084,0.4072607282763817,True,1.0282045885076827,1.1618262584069141,False,False,True,55,180,1.0
20,blind,283,persistent_attack_baseline,55,hiding,baseline,low,0.6590437760737833,0.4072607282763817,True,1.1996907335785492,1.1618262584069141,True,True,True,56,180,1.0
20,blind,284,persistent_attack_baseline,56,hiding,baseline,low,0.6146879460730212,0.4072607282763817,True,0.9899082079105462,1.1618262584069141,False,False,True,57,180,1.0
20,blind,285,persistent_attack_baseline,57,hiding,baseline,low,0.4011672558470474,0.4072607282763817,False,0.9486944531865358,1.1618262584069141,False,False,True,58,180,1.0
20,blind,286,persistent_attack_baseline,58,hiding,baseline,low,0.4236425844909424,0.4072607282763817,True,0.9394790331807283,1.1618262584069141,False,False,True,59,180,1.0
20,blind,287,persistent_attack_baseline,59,hiding,baseline,low,0.6017803559369851,0.4072607282763817,True,1.0183472561547757,1.1618262584069141,False,False,True,60,180,1.0
20,blind,288,persistent_attack_baseline,60,hiding,baseline,low,0.5653745696573544,0.4072607282763817,True,0.9306600501110197,1.1618262584069141,False,False,True,61,180,1.0
20,blind,289,persistent_attack_baseline,61,hiding,baseline,low,0.5768310864935644,0.4072607282763817,True,0.9501251387751308,1.1618262584069141,False,False,True,62,180,1.0
20,blind,290,persistent_attack_baseline,62,hiding,baseline,low,0.5411936351323802,0.4072607282763817,True,0.9376510014807887,1.1618262584069141,False,False,True,63,180,1.0
20,blind,291,persistent_attack_baseline,63,hiding,baseline,low,0.6280558280406686,0.4072607282763817,True,1.0732521208462054,1.1618262584069141,False,False,True,64,180,1.0
20,blind,292,persistent_attack_baseline,64,hiding,baseline,low,0.7423779769401606,0.4072607282763817,True,1.3525331752226595,1.1618262584069141,True,True,True,65,180,1.0
20,blind,293,persistent_attack_baseline,65,hiding,baseline,low,0.6090745856445934,0.4072607282763817,True,1.0607032912207,1.1618262584069141,False,False,True,66,180,1.0
20,blind,294,persistent_attack_baseline,66,hiding,baseline,low,0.45535176975314756,0.4072607282763817,True,0.9330740181804011,1.1618262584069141,False,False,True,67,180,1.0
20,blind,295,persistent_attack_baseline,67,hiding,baseline,low,0.5330164796592676,0.4072607282763817,True,0.9426495490325277,1.1618262584069141,False,False,True,68,180,1.0
20,blind,296,persistent_attack_baseline,68,hiding,baseline,low,0.5907967216187143,0.4072607282763817,True,1.0272477984778616,1.1618262584069141,False,False,True,69,180,1.0
20,blind,297,persistent_attack_baseline,69,hiding,baseline,low,0.5397935615040842,0.4072607282763817,True,0.9482834573767013,1.1618262584069141,False,False,True,70,180,1.0
20,blind,298,persistent_attack_baseline,70,hiding,baseline,low,0.605153645086101,0.4072607282763817,True,1.0485222361886408,1.1618262584069141,False,False,True,71,180,1.0
20,blind,299,persistent_attack_baseline,71,hiding,baseline,low,0.5211336778489579,0.4072607282763817,True,0.9746104999293629,1.1618262584069141,False,False,True,72,180,1.0
20,blind,300,persistent_attack_baseline,72,hiding,baseline,low,0.5129179150783413,0.4072607282763817,True,0.9729188325684003,1.1618262584069141,False,False,True,73,180,1.0
20,blind,301,persistent_attack_baseline,73,hiding,baseline,low,0.5380383381736815,0.4072607282763817,True,1.0668972464985689,1.1618262584069141,False,False,True,74,180,1.0
20,blind,302,persistent_attack_baseline,74,hiding,baseline,low,0.5066043367690596,0.4072607282763817,True,0.966952977143689,1.1618262584069141,False,False,True,75,180,1.0
20,blind,303,persistent_attack_baseline,75,hiding,baseline,low,0.624732145807986,0.4072607282763817,True,1.2221464005017721,1.1618262584069141,True,True,True,76,180,1.0
20,blind,304,persistent_attack_baseline,76,hiding,baseline,low,0.5592169657531766,0.4072607282763817,True,1.0976781999473948,1.1618262584069141,False,False,True,77,180,1.0
20,blind,305,persistent_attack_baseline,77,hiding,baseline,low,0.5708889770221516,0.4072607282763817,True,1.0344858030470523,1.1618262584069141,False,False,True,78,180,1.0
20,blind,306,persistent_attack_baseline,78,hiding,baseline,low,0.64180895559846,0.4072607282763817,True,1.115161680638173,1.1618262584069141,False,False,True,79,180,1.0
20,blind,307,persistent_attack_baseline,79,hiding,baseline,low,0.58014587721486,0.4072607282763817,True,0.9503958979588946,1.1618262584069141,False,False,True,80,180,1.0
20,blind,308,persistent_attack_baseline,80,hiding,baseline,low,0.5807730242236051,0.4072607282763817,True,0.976017794651461,1.1618262584069141,False,False,True,81,180,1.0
20,blind,309,persistent_attack_baseline,81,hiding,baseline,low,0.6429311973979075,0.4072607282763817,True,1.1627312181656149,1.1618262584069141,True,True,True,82,180,1.0
20,blind,310,persistent_attack_baseline,82,hiding,baseline,low,0.6208055816534425,0.4072607282763817,True,1.1037691752007819,1.1618262584069141,False,False,True,83,180,1.0
20,blind,311,persistent_attack_baseline,83,hiding,baseline,low,0.5679406095701504,0.4072607282763817,True,0.948933311228808,1.1618262584069141,False,False,True,84,180,1.0
20,blind,312,persistent_attack_baseline,84,hiding,baseline,low,0.5620061988346917,0.4072607282763817,True,0.9380125780818426,1.1618262584069141,False,False,True,85,180,1.0
20,blind,313,persistent_attack_baseline,85,hiding,baseline,low,0.5945367941966297,0.4072607282763817,True,1.0755762551595833,1.1618262584069141,False,False,True,86,180,1.0
20,blind,314,persistent_attack_baseline,86,hiding,baseline,low,0.6420851406061111,0.4072607282763817,True,1.0338837491434594,1.1618262584069141,False,False,True,87,180,1.0
20,blind,315,persistent_attack_baseline,87,hiding,baseline,low,0.6086174979179879,0.4072607282763817,True,1.028679584696667,1.1618262584069141,False,False,True,88,180,1.0
20,blind,316,persistent_attack_baseline,88,hiding,baseline,low,0.684726769573188,0.4072607282763817,True,1.0442071992976294,1.1618262584069141,False,False,True,89,180,1.0
20,blind,317,persistent_attack_baseline,89,hiding,baseline,low,0.5487423902758952,0.4072607282763817,True,1.0314943523592521,1.1618262584069141,False,False,True,90,180,1.0
20,blind,318,persistent_attack_baseline,90,hiding,baseline,low,0.6277827032323887,0.4072607282763817,True,0.9375927883313877,1.1618262584069141,False,False,True,91,180,1.0
20,blind,319,persistent_attack_baseline,91,hiding,baseline,low,0.5383602731253365,0.4072607282763817,True,0.9279857879926581,1.1618262584069141,False,False,True,92,180,1.0
20,blind,320,persistent_attack_baseline,92,hiding,baseline,low,0.5612352589975624,0.4072607282763817,True,0.9634602906938415,1.1618262584069141,False,False,True,93,180,1.0
20,blind,321,persistent_attack_baseline,93,hiding,baseline,low,0.6223294123181542,0.4072607282763817,True,0.9572702953085803,1.1618262584069141,False,False,True,94,180,1.0
20,blind,322,persistent_attack_baseline,94,hiding,baseline,low,0.5501244911265519,0.4072607282763817,True,0.9452153827164848,1.1618262584069141,False,False,True,95,180,1.0
20,blind,323,persistent_attack_baseline,95,hiding,baseline,low,0.7995531976556811,0.4072607282763817,True,1.3609190132773792,1.1618262584069141,True,True,True,96,180,1.0
20,blind,324,persistent_attack_baseline,96,hiding,baseline,low,0.4972025810040033,0.4072607282763817,True,0.9270749210939291,1.1618262584069141,False,False,True,97,180,1.0
20,blind,325,persistent_attack_baseline,97,hiding,baseline,low,0.5774263676445006,0.4072607282763817,True,0.9832971602488517,1.1618262584069141,False,False,True,98,180,1.0
20,blind,326,persistent_attack_baseline,98,hiding,baseline,low,0.5997667433638119,0.4072607282763817,True,0.9934822822128446,1.1618262584069141,False,False,True,99,180,1.0
20,blind,327,persistent_attack_baseline,99,hiding,baseline,low,0.5689217145118687,0.4072607282763817,True,1.1313335947370715,1.1618262584069141,False,False,True,100,180,1.0
20,blind,328,persistent_attack_baseline,100,hiding,baseline,low,0.6205295122895584,0.4072607282763817,True,1.0844376842592058,1.1618262584069141,False,False,True,101,180,1.0
20,blind,329,persistent_attack_baseline,101,hiding,baseline,low,0.763907991232923,0.4072607282763817,True,1.25339649925922,1.1618262584069141,True,True,True,102,180,1.0
20,blind,330,persistent_attack_baseline,102,hiding,baseline,low,0.6170732974529429,0.4072607282763817,True,1.0975860325233546,1.1618262584069141,False,False,True,103,180,1.0
20,blind,331,persistent_attack_baseline,103,hiding,baseline,low,0.6226090366066703,0.4072607282763817,True,1.0547645028788404,1.1618262584069141,False,False,True,104,180,1.0
20,blind,332,persistent_attack_baseline,104,hiding,baseline,low,0.551074212387156,0.4072607282763817,True,0.9704344446873254,1.1618262584069141,False,False,True,105,180,1.0
20,blind,333,persistent_attack_baseline,105,hiding,baseline,low,0.5772208365991858,0.4072607282763817,True,0.958044044731738,1.1618262584069141,False,False,True,106,180,1.0
20,blind,334,persistent_attack_baseline,106,hiding,baseline,low,0.6172265037424245,0.4072607282763817,True,0.9722792408129348,1.1618262584069141,False,False,True,107,180,1.0
20,blind,335,persistent_attack_baseline,107,hiding,baseline,low,0.5537798678974718,0.4072607282763817,True,0.9576648569511377,1.1618262584069141,False,False,True,108,180,1.0
20,blind,336,persistent_attack_baseline,108,hiding,baseline,low,0.48337822561874505,0.4072607282763817,True,1.0283879658571555,1.1618262584069141,False,False,True,109,180,1.0
20,blind,337,persistent_attack_baseline,109,hiding,baseline,low,0.7108863928500766,0.4072607282763817,True,1.1254029047059269,1.1618262584069141,False,False,True,110,180,1.0
20,blind,338,persistent_attack_baseline,110,hiding,baseline,low,0.6652755546408493,0.4072607282763817,True,1.1286893430915272,1.1618262584069141,False,False,True,111,180,1.0
20,blind,339,persistent_attack_baseline,111,hiding,baseline,low,0.5672619020174849,0.4072607282763817,True,0.9626490503478888,1.1618262584069141,False,False,True,112,180,1.0
20,blind,340,persistent_attack_baseline,112,hiding,baseline,low,0.6692309849254814,0.4072607282763817,True,1.1279312188487913,1.1618262584069141,False,False,True,113,180,1.0
20,blind,341,persistent_attack_baseline,113,hiding,baseline,low,0.6851285407145563,0.4072607282763817,True,1.2567597733690972,1.1618262584069141,True,True,True,114,180,1.0
20,blind,342,persistent_attack_baseline,114,hiding,baseline,low,0.5549703923776608,0.4072607282763817,True,0.9616073238875162,1.1618262584069141,False,False,True,115,180,1.0
20,blind,343,persistent_attack_baseline,115,hiding,baseline,low,0.6709937087342579,0.4072607282763817,True,1.0213201004835168,1.1618262584069141,False,False,True,116,180,1.0
20,blind,344,persistent_attack_baseline,116,hiding,baseline,low,0.5160047878496598,0.4072607282763817,True,0.947083355528711,1.1618262584069141,False,False,True,117,180,1.0
20,blind,345,persistent_attack_baseline,117,hiding,baseline,low,0.6163200242786122,0.4072607282763817,True,1.0136660520694971,1.1618262584069141,False,False,True,118,180,1.0
20,blind,346,persistent_attack_baseline,118,hiding,baseline,low,-0.08424335688368009,0.4072607282763817,False,0.5442776323566664,1.1618262584069141,False,False,True,119,180,1.0
20,blind,347,persistent_attack_baseline,119,hiding,baseline,low,-0.14028529114806332,0.4072607282763817,False,0.5645562779701089,1.1618262584069141,False,False,True,120,180,1.0
20,blind,348,normal_recovery_2,0,unloaded,baseline,low,-0.05610144232546613,0.4072607282763817,False,0.8271115335452788,1.1618262584069141,False,False,True,120,181,0.95
20,blind,349,normal_recovery_2,1,unloaded,baseline,low,0.08091079412091733,0.4072607282763817,False,0.8454258675078864,1.1618262584069141,False,False,True,120,182,0.9
20,blind,350,normal_recovery_2,2,unloaded,baseline,low,0.0575472354329687,0.4072607282763817,False,0.7793611161254461,1.1618262584069141,False,False,True,120,183,0.85
20,blind,351,normal_recovery_2,3,unloaded,baseline,low,-0.12307747552877796,0.4072607282763817,False,0.8481093053089145,1.1618262584069141,False,False,True,120,184,0.8
20,blind,352,normal_recovery_2,4,unloaded,baseline,low,-0.07215481744003512,0.4072607282763817,False,0.833052380486284,1.1618262584069141,False,False,True,120,185,0.75
20,blind,353,normal_recovery_2,5,unloaded,baseline,low,-0.11190843479106045,0.4072607282763817,False,0.8383193289521962,1.1618262584069141,False,False,True,120,186,0.7
20,blind,354,normal_recovery_2,6,unloaded,baseline,low,-0.07444357939868575,0.4072607282763817,False,0.8322696438926064,1.1618262584069141,False,False,True,120,187,0.65
20,blind,355,normal_recovery_2,7,unloaded,baseline,low,-0.1473430671863727,0.4072607282763817,False,0.8337061225252497,1.1618262584069141,False,False,True,120,188,0.6
20,blind,356,normal_recovery_2,8,unloaded,baseline,low,0.08699611124895522,0.4072607282763817,False,0.909711149692725,1.1618262584069141,False,False,True,120,189,0.55
20,blind,357,normal_recovery_2,9,unloaded,baseline,low,-0.01415314980228885,0.4072607282763817,False,0.97472386892867,1.1618262584069141,False,False,True,120,190,0.5
20,blind,358,normal_recovery_2,10,unloaded,baseline,low,-0.11698105905137429,0.4072607282763817,False,0.9718390029177137,1.1618262584069141,False,False,True,120,191,0.45
20,blind,359,normal_recovery_2,11,unloaded,baseline,low,-0.062071117433028344,0.4072607282763817,False,1.0021371805426988,1.1618262584069141,False,False,True,120,192,0.4
20,blind,360,normal_recovery_2,12,unloaded,baseline,low,-0.005557743257911668,0.4072607282763817,False,1.011553728683926,1.1618262584069141,False,False,True,120,193,0.35
20,blind,361,normal_recovery_2,13,unloaded,baseline,low,-0.3517973886402971,0.4072607282763817,False,0.8504809068651538,1.1618262584069141,False,False,True,120,194,0.3
20,blind,362,normal_recovery_2,14,unloaded,baseline,low,-0.01873238816560032,0.4072607282763817,False,0.7505498411330712,1.1618262584069141,False,False,True,120,195,0.25
20,blind,363,normal_recovery_2,15,unloaded,baseline,low,-0.06480150825354287,0.4072607282763817,False,0.9854061380830508,1.1618262584069141,False,False,True,120,196,0.2
20,blind,364,normal_recovery_2,16,unloaded,baseline,low,0.004292730619091689,0.4072607282763817,False,0.9235178576848532,1.1618262584069141,False,False,True,120,197,0.15
20,blind,365,normal_recovery_2,17,unloaded,baseline,low,0.015034913072397918,0.4072607282763817,False,0.8730881535038932,1.1618262584069141,False,False,True,120,198,0.1
20,blind,366,normal_recovery_2,18,unloaded,baseline,low,-0.08985846205803943,0.4072607282763817,False,0.89472257206829,1.1618262584069141,False,False,True,120,199,0.05
20,blind,367,normal_recovery_2,19,unloaded,baseline,low,-0.08428222188590057,0.4072607282763817,False,0.9606335712286594,1.1618262584069141,False,False,True,120,200,0.0
20,blind,368,normal_recovery_2,20,unloaded,baseline,low,-0.15317915338123467,0.4072607282763817,False,1.015896130702491,1.1618262584069141,False,False,True,120,201,0.0
20,blind,369,normal_recovery_2,21,unloaded,baseline,low,-0.10552076844690762,0.4072607282763817,False,0.9755894906241254,1.1618262584069141,False,False,True,120,202,0.0
20,blind,370,normal_recovery_2,22,unloaded,baseline,low,-0.09435572637430631,0.4072607282763817,False,0.7776450150790991,1.1618262584069141,False,False,True,120,203,0.0
20,blind,371,normal_recovery_2,23,unloaded,baseline,low,-0.20538375538086026,0.4072607282763817,False,0.8739219766847146,1.1618262584069141,False,False,True,120,204,0.0
20,blind,372,normal_recovery_2,24,unloaded,baseline,low,-0.11922849100491353,0.4072607282763817,False,1.1109320069731872,1.1618262584069141,False,False,True,120,205,0.0
20,blind,373,normal_recovery_2,25,unloaded,baseline,low,-0.19205454103804126,0.4072607282763817,False,0.938481439344182,1.1618262584069141,False,False,True,120,206,0.0
20,blind,374,normal_recovery_2,26,unloaded,baseline,low,-0.010509494301043101,0.4072607282763817,False,1.0377769958155056,1.1618262584069141,False,False,True,120,207,0.0
20,blind,375,normal_recovery_2,27,unloaded,baseline,low,-0.11983582777756815,0.4072607282763817,False,0.9653115061265748,1.1618262584069141,False,False,True,120,208,0.0
20,blind,376,normal_recovery_2,28,unloaded,baseline,low,-0.20792339108927618,0.4072607282763817,False,0.920155388924022,1.1618262584069141,False,False,True,120,209,0.0
20,blind,377,normal_recovery_2,29,unloaded,baseline,low,-0.04372709435240968,0.4072607282763817,False,1.1414404494536996,1.1618262584069141,False,False,True,120,210,0.0
20,blind,378,persistent_attack_cpu,0,hiding,cpu,high,0.5391423052036124,0.4201396874464996,True,1.8875538197357804,1.1618262584069141,True,True,True,121,210,0.05
20,blind,379,persistent_attack_cpu,1,hiding,cpu,high,0.7363780992581528,0.4201396874464996,True,1.8201449598521438,1.1618262584069141,True,True,True,122,210,0.1
20,blind,380,persistent_attack_cpu,2,hiding,cpu,high,0.5784146597870121,0.4201396874464996,True,1.8295744763997728,1.1618262584069141,True,True,True,123,210,0.15
20,blind,381,persistent_attack_cpu,3,hiding,cpu,high,0.48873814530902465,0.4201396874464996,True,1.819538087017289,1.1618262584069141,True,True,True,124,210,0.2
20,blind,382,persistent_attack_cpu,4,hiding,cpu,high,0.517405525083443,0.4201396874464996,True,1.755569608817418,1.1618262584069141,True,True,True,125,210,0.25
20,blind,383,persistent_attack_cpu,5,hiding,cpu,high,0.34943260391292036,0.4201396874464996,False,1.6959295578056937,1.1618262584069141,True,True,True,126,210,0.3
20,blind,384,persistent_attack_cpu,6,hiding,cpu,high,0.6314792565812564,0.4201396874464996,True,1.6489772394814817,1.1618262584069141,True,True,True,127,210,0.35
20,blind,385,persistent_attack_cpu,7,hiding,cpu,high,0.6045816483282622,0.4201396874464996,True,1.7094346944935535,1.1618262584069141,True,True,True,128,210,0.4
20,blind,386,persistent_attack_cpu,8,hiding,cpu,high,0.6523918081155433,0.4201396874464996,True,1.6869823962711723,1.1618262584069141,True,True,True,129,210,0.45
20,blind,387,persistent_attack_cpu,9,hiding,cpu,high,0.45616085114691235,0.4201396874464996,True,1.5457891353262616,1.1618262584069141,True,True,True,130,210,0.5
20,blind,388,persistent_attack_cpu,10,hiding,cpu,high,0.4445006095852026,0.4201396874464996,True,1.2532428215831442,1.1618262584069141,True,True,True,131,210,0.55
20,blind,389,persistent_attack_cpu,11,hiding,cpu,high,0.47096599943150147,0.4201396874464996,True,1.0077245122142942,1.1618262584069141,False,False,True,132,210,0.6
20,blind,390,persistent_attack_cpu,12,hiding,cpu,high,0.6960697140884988,0.4201396874464996,True,1.0761185037720034,1.1618262584069141,False,False,True,133,210,0.65
20,blind,391,persistent_attack_cpu,13,hiding,cpu,high,0.5498461923390643,0.4201396874464996,True,1.041773924745906,1.1618262584069141,False,False,True,134,210,0.7
20,blind,392,persistent_attack_cpu,14,hiding,cpu,high,0.7008859586741278,0.4201396874464996,True,0.9906305439611878,1.1618262584069141,False,False,True,135,210,0.75
20,blind,393,persistent_attack_cpu,15,hiding,cpu,high,0.6352629858401282,0.4201396874464996,True,1.0502273185718498,1.1618262584069141,False,False,True,136,210,0.8
20,blind,394,persistent_attack_cpu,16,hiding,cpu,high,0.6348369872664998,0.4201396874464996,True,1.00984934262915,1.1618262584069141,False,False,True,137,210,0.85
20,blind,395,persistent_attack_cpu,17,hiding,cpu,high,0.7245052088326912,0.4201396874464996,True,0.9850719649003906,1.1618262584069141,False,False,True,138,210,0.9
20,blind,396,persistent_attack_cpu,18,hiding,cpu,high,0.4549202717889498,0.4201396874464996,True,0.9888530203855963,1.1618262584069141,False,False,True,139,210,0.95
20,blind,397,persistent_attack_cpu,19,hiding,cpu,high,0.6500235278212979,0.4201396874464996,True,1.0209257471024222,1.1618262584069141,False,False,True,140,210,1.0
20,blind,398,persistent_attack_cpu,20,hiding,cpu,high,0.5720604467703726,0.4201396874464996,True,1.0004610337795903,1.1618262584069141,False,False,True,141,210,1.0
20,blind,399,persistent_attack_cpu,21,hiding,cpu,high,0.40743673023402704,0.4201396874464996,False,0.9399907697613324,1.1618262584069141,False,False,True,142,210,1.0
20,blind,400,persistent_attack_cpu,22,hiding,cpu,high,0.6989947931357177,0.4201396874464996,True,1.1273660260444403,1.1618262584069141,False,False,True,143,210,1.0
20,blind,401,persistent_attack_cpu,23,hiding,cpu,high,0.43071477730780194,0.4201396874464996,True,1.02185827156845,1.1618262584069141,False,False,True,144,210,1.0
20,blind,402,persistent_attack_cpu,24,hiding,cpu,high,0.6797776657425698,0.4201396874464996,True,1.0554393438696708,1.1618262584069141,False,False,True,145,210,1.0
20,blind,403,persistent_attack_cpu,25,hiding,cpu,high,0.5877879916402649,0.4201396874464996,True,1.0278961141709522,1.1618262584069141,False,False,True,146,210,1.0
20,blind,404,persistent_attack_cpu,26,hiding,cpu,high,0.38894800534665713,0.4201396874464996,False,0.9437894720880687,1.1618262584069141,False,False,True,147,210,1.0
20,blind,405,persistent_attack_cpu,27,hiding,cpu,high,0.5640808030481204,0.4201396874464996,True,0.9470470645023515,1.1618262584069141,False,False,True,148,210,1.0
20,blind,406,persistent_attack_cpu,28,hiding,cpu,high,0.7187081120552551,0.4201396874464996,True,1.0365760886102913,1.1618262584069141,False,False,True,149,210,1.0
20,blind,407,persistent_attack_cpu,29,hiding,cpu,high,0.6201163413041407,0.4201396874464996,True,1.019236425970443,1.1618262584069141,False,False,True,150,210,1.0
20,blind,408,persistent_attack_cpu,30,hiding,cpu,high,0.5783218467102462,0.4201396874464996,True,0.9759197366516236,1.1618262584069141,False,False,True,151,210,1.0
20,blind,409,persistent_attack_cpu,31,hiding,cpu,high,0.6652794264750264,0.4201396874464996,True,0.9956733825537994,1.1618262584069141,False,False,True,152,210,1.0
20,blind,410,persistent_attack_cpu,32,hiding,cpu,high,0.5203733181586112,0.4201396874464996,True,1.0141650899722234,1.1618262584069141,False,False,True,153,210,1.0
20,blind,411,persistent_attack_cpu,33,hiding,cpu,high,0.4338875599878078,0.4201396874464996,True,0.9468947506139044,1.1618262584069141,False,False,True,154,210,1.0
20,blind,412,persistent_attack_cpu,34,hiding,cpu,high,0.5600164548098228,0.4201396874464996,True,0.9969471964940203,1.1618262584069141,False,False,True,155,210,1.0
20,blind,413,persistent_attack_cpu,35,hiding,cpu,high,0.4914535762906205,0.4201396874464996,True,0.9518395892821674,1.1618262584069141,False,False,True,156,210,1.0
20,blind,414,persistent_attack_cpu,36,hiding,cpu,high,0.6748873102467199,0.4201396874464996,True,1.0250776030450561,1.1618262584069141,False,False,True,157,210,1.0
20,blind,415,persistent_attack_cpu,37,hiding,cpu,high,0.5396619520195904,0.4201396874464996,True,1.0024531230825091,1.1618262584069141,False,False,True,158,210,1.0
20,blind,416,persistent_attack_cpu,38,hiding,cpu,high,0.6523166657437991,0.4201396874464996,True,1.0490972066079374,1.1618262584069141,False,False,True,159,210,1.0
20,blind,417,persistent_attack_cpu,39,hiding,cpu,high,0.5718341786834232,0.4201396874464996,True,0.9347978857438296,1.1618262584069141,False,False,True,160,210,1.0
20,blind,418,persistent_attack_cpu,40,hiding,cpu,high,0.47725587472685066,0.4201396874464996,True,0.934587584980307,1.1618262584069141,False,False,True,161,210,1.0
20,blind,419,persistent_attack_cpu,41,hiding,cpu,high,0.6644392579716075,0.4201396874464996,True,1.0472302293678803,1.1618262584069141,False,False,True,162,210,1.0
20,blind,420,persistent_attack_cpu,42,hiding,cpu,high,0.379564709884458,0.4201396874464996,False,0.9115500688624031,1.1618262584069141,False,False,True,163,210,1.0
20,blind,421,persistent_attack_cpu,43,hiding,cpu,high,0.658114552663779,0.4201396874464996,True,0.9992395667804369,1.1618262584069141,False,False,True,164,210,1.0
20,blind,422,persistent_attack_cpu,44,hiding,cpu,high,0.5716487584526052,0.4201396874464996,True,0.9725689001264223,1.1618262584069141,False,False,True,165,210,1.0
20,blind,423,persistent_attack_cpu,45,hiding,cpu,high,0.378362251842741,0.4201396874464996,False,0.9290366545996215,1.1618262584069141,False,False,True,166,210,1.0
20,blind,424,persistent_attack_cpu,46,hiding,cpu,high,0.4171965920468738,0.4201396874464996,False,0.9543212150986654,1.1618262584069141,False,False,True,167,210,1.0
20,blind,425,persistent_attack_cpu,47,hiding,cpu,high,0.6160764126704901,0.4201396874464996,True,0.9593798616228609,1.1618262584069141,False,False,True,168,210,1.0
20,blind,426,persistent_attack_cpu,48,hiding,cpu,high,0.597725458305931,0.4201396874464996,True,0.983439777286498,1.1618262584069141,False,False,True,169,210,1.0
20,blind,427,persistent_attack_cpu,49,hiding,cpu,high,0.7255256709352148,0.4201396874464996,True,1.0316737862870802,1.1618262584069141,False,False,True,170,210,1.0
20,blind,428,persistent_attack_cpu,50,hiding,cpu,high,0.5078591302708989,0.4201396874464996,True,0.9812127482425392,1.1618262584069141,False,False,True,171,210,1.0
20,blind,429,persistent_attack_cpu,51,hiding,cpu,high,0.4434024379449939,0.4201396874464996,True,1.0175332739484653,1.1618262584069141,False,False,True,172,210,1.0
20,blind,430,persistent_attack_cpu,52,hiding,cpu,high,0.5177564754415576,0.4201396874464996,True,0.8604321224455296,1.1618262584069141,False,False,True,173,210,1.0
20,blind,431,persistent_attack_cpu,53,hiding,cpu,high,0.4600001066224277,0.4201396874464996,True,1.0192930300080316,1.1618262584069141,False,False,True,174,210,1.0
20,blind,432,persistent_attack_cpu,54,hiding,cpu,high,0.5576766796823124,0.4201396874464996,True,1.0578872424398078,1.1618262584069141,False,False,True,175,210,1.0
20,blind,433,persistent_attack_cpu,55,hiding,cpu,high,0.4835704317394151,0.4201396874464996,True,1.0416322602877781,1.1618262584069141,False,False,True,176,210,1.0
20,blind,434,persistent_attack_cpu,56,hiding,cpu,high,0.6914315197591916,0.4201396874464996,True,1.0031591410858967,1.1618262584069141,False,False,True,177,210,1.0
20,blind,435,persistent_attack_cpu,57,hiding,cpu,high,0.7130621116899141,0.4201396874464996,True,1.0265709142252943,1.1618262584069141,False,False,True,178,210,1.0
20,blind,436,persistent_attack_cpu,58,hiding,cpu,high,0.4216161774261224,0.4201396874464996,True,0.9788025422972044,1.1618262584069141,False,False,True,179,210,1.0
20,blind,437,persistent_attack_cpu,59,hiding,cpu,high,0.5805072850696399,0.4201396874464996,True,1.0426933855226628,1.1618262584069141,False,False,True,180,210,1.0
20,blind,438,sham_negative_baseline,0,sham,baseline,low,0.3066869499747774,0.4072607282763817,False,0.7363240225343509,1.1618262584069141,False,False,True,180,211,0.95
20,blind,439,sham_negative_baseline,1,sham,baseline,low,0.13213953149829796,0.4072607282763817,False,0.74278459453828,1.1618262584069141,False,False,True,180,212,0.9
20,blind,440,sham_negative_baseline,2,sham,baseline,low,0.28524299678316223,0.4072607282763817,False,0.7394898536401407,1.1618262584069141,False,False,True,180,213,0.85
20,blind,441,sham_negative_baseline,3,sham,baseline,low,0.43108660992559134,0.4072607282763817,True,0.7091619581401699,1.1618262584069141,False,False,True,180,214,0.8
20,blind,442,sham_negative_baseline,4,sham,baseline,low,0.24277169342927574,0.4072607282763817,False,0.5549684301828154,1.1618262584069141,False,False,True,180,215,0.75
20,blind,443,sham_negative_baseline,5,sham,baseline,low,0.30739298083404343,0.4072607282763817,False,0.7424663722740836,1.1618262584069141,False,False,True,180,216,0.7
20,blind,444,sham_negative_baseline,6,sham,baseline,low,0.10718613249089964,0.4072607282763817,False,0.7444160736765213,1.1618262584069141,False,False,True,180,217,0.65
20,blind,445,sham_negative_baseline,7,sham,baseline,low,0.3676046266332589,0.4072607282763817,False,0.8039480132463453,1.1618262584069141,False,False,True,180,218,0.6
20,blind,446,sham_negative_baseline,8,sham,baseline,low,0.279070533999126,0.4072607282763817,False,0.7500987399592359,1.1618262584069141,False,False,True,180,219,0.55
20,blind,447,sham_negative_baseline,9,sham,baseline,low,0.20116052241044763,0.4072607282763817,False,0.8700034415251033,1.1618262584069141,False,False,True,180,220,0.5
20,blind,448,sham_negative_baseline,10,sham,baseline,low,0.26164151863652246,0.4072607282763817,False,0.888645198632762,1.1618262584069141,False,False,True,180,221,0.45
20,blind,449,sham_negative_baseline,11,sham,baseline,low,0.32091725630248785,0.4072607282763817,False,0.877126783642147,1.1618262584069141,False,False,True,180,222,0.4
20,blind,450,sham_negative_baseline,12,sham,baseline,low,0.07424228910369565,0.4072607282763817,False,0.940163712623461,1.1618262584069141,False,False,True,180,223,0.35
20,blind,451,sham_negative_baseline,13,sham,baseline,low,0.22727699989317024,0.4072607282763817,False,1.0428843421227627,1.1618262584069141,False,False,True,180,224,0.3
20,blind,452,sham_negative_baseline,14,sham,baseline,low,0.1139012452815699,0.4072607282763817,False,0.9548722184501018,1.1618262584069141,False,False,True,180,225,0.25
20,blind,453,sham_negative_baseline,15,sham,baseline,low,0.1186710535092125,0.4072607282763817,False,0.9620608784014233,1.1618262584069141,False,False,True,180,226,0.2
20,blind,454,sham_negative_baseline,16,sham,baseline,low,0.1506308186894278,0.4072607282763817,False,0.9852471044033478,1.1618262584069141,False,False,True,180,227,0.15
20,blind,455,sham_negative_baseline,17,sham,baseline,low,0.26851320220046154,0.4072607282763817,False,1.0537962314114777,1.1618262584069141,False,False,True,180,228,0.1
20,blind,456,sham_negative_baseline,18,sham,baseline,low,0.24745496029257844,0.4072607282763817,False,1.0130819532430215,1.1618262584069141,False,False,True,180,229,0.05
20,blind,457,sham_negative_baseline,19,sham,baseline,low,0.2521682049131163,0.4072607282763817,False,0.9404216508967213,1.1618262584069141,False,False,True,180,230,0.0
20,blind,458,sham_negative_cpu,0,sham,cpu,high,0.1935300395235584,0.4201396874464996,False,1.0492325478210298,1.1618262584069141,False,False,True,180,231,0.0
20,blind,459,sham_negative_cpu,1,sham,cpu,high,0.33734142471541395,0.4201396874464996,False,1.0749598287440583,1.1618262584069141,False,False,True,180,232,0.0
20,blind,460,sham_negative_cpu,2,sham,cpu,high,0.3021218597995856,0.4201396874464996,False,1.090901055854397,1.1618262584069141,False,False,True,180,233,0.0
20,blind,461,sham_negative_cpu,3,sham,cpu,high,0.2996725369014174,0.4201396874464996,False,1.0986400991332907,1.1618262584069141,False,False,True,180,234,0.0
20,blind,462,sham_negative_cpu,4,sham,cpu,high,0.3432178898208388,0.4201396874464996,False,1.176340504051356,1.1618262584069141,True,True,True,180,235,0.0
20,blind,463,sham_negative_cpu,5,sham,cpu,high,0.32042987070814133,0.4201396874464996,False,1.0748489221216493,1.1618262584069141,False,False,True,180,236,0.0
20,blind,464,sham_negative_cpu,6,sham,cpu,high,0.20980898464525544,0.4201396874464996,False,1.0265727469797474,1.1618262584069141,False,False,True,180,237,0.0
20,blind,465,sham_negative_cpu,7,sham,cpu,high,0.1085565315804525,0.4201396874464996,False,1.006009227375444,1.1618262584069141,False,False,True,180,238,0.0
20,blind,466,sham_negative_cpu,8,sham,cpu,high,0.13505016515338814,0.4201396874464996,False,1.0501284569030453,1.1618262584069141,False,False,True,180,239,0.0
20,blind,467,sham_negative_cpu,9,sham,cpu,high,0.20743276604904787,0.4201396874464996,False,1.0135981967317438,1.1618262584069141,False,False,True,180,240,0.0
20,blind,468,sham_negative_cpu,10,sham,cpu,high,0.2822974199896392,0.4201396874464996,False,1.0179589977526133,1.1618262584069141,False,False,True,180,241,0.0
20,blind,469,sham_negative_cpu,11,sham,cpu,high,0.23415885339176945,0.4201396874464996,False,1.0368019731993803,1.1618262584069141,False,False,True,180,242,0.0
20,blind,470,sham_negative_cpu,12,sham,cpu,high,0.3172811791779722,0.4201396874464996,False,1.0126273034774729,1.1618262584069141,False,False,True,180,243,0.0
20,blind,471,sham_negative_cpu,13,sham,cpu,high,0.2679186141357166,0.4201396874464996,False,1.0145097323399102,1.1618262584069141,False,False,True,180,244,0.0
20,blind,472,sham_negative_cpu,14,sham,cpu,high,0.21711324705034685,0.4201396874464996,False,0.9986651068162055,1.1618262584069141,False,False,True,180,245,0.0
20,blind,473,sham_negative_cpu,15,sham,cpu,high,0.36554839339925327,0.4201396874464996,False,1.0759734077397405,1.1618262584069141,False,False,True,180,246,0.0
20,blind,474,sham_negative_cpu,16,sham,cpu,high,0.21554623224824612,0.4201396874464996,False,1.0288321426278066,1.1618262584069141,False,False,True,180,247,0.0
20,blind,475,sham_negative_cpu,17,sham,cpu,high,0.29933694840226915,0.4201396874464996,False,1.0207949209273255,1.1618262584069141,False,False,True,180,248,0.0
20,blind,476,sham_negative_cpu,18,sham,cpu,high,0.1310707467832787,0.4201396874464996,False,0.9890494488643539,1.1618262584069141,False,False,True,180,249,0.0
20,blind,477,sham_negative_cpu,19,sham,cpu,high,0.29467898489096267,0.4201396874464996,False,1.0271016710373748,1.1618262584069141,False,False,True,180,250,0.0
20,guarded,48,normal_pre,0,unloaded,baseline,low,-0.013129017821956662,0.4072607282763817,False,0.930076814971256,1.1618262584069141,False,False,True,0,1,0.0
20,guarded,49,normal_pre,1,unloaded,baseline,low,0.02915973041011151,0.4072607282763817,False,0.9557028361656751,1.1618262584069141,False,False,True,0,2,0.0
20,guarded,50,normal_pre,2,unloaded,baseline,low,0.062253997828533636,0.4072607282763817,False,1.0684680216823845,1.1618262584069141,False,False,True,0,3,0.0
20,guarded,51,normal_pre,3,unloaded,baseline,low,-0.022267757852089856,0.4072607282763817,False,0.9136531211380121,1.1618262584069141,False,False,True,0,4,0.0
20,guarded,52,normal_pre,4,unloaded,baseline,low,-0.10674230292600287,0.4072607282763817,False,1.0475641979357475,1.1618262584069141,False,False,True,0,5,0.0
20,guarded,53,normal_pre,5,unloaded,baseline,low,-0.08862468702832349,0.4072607282763817,False,0.9357938813075877,1.1618262584069141,False,False,True,0,6,0.0
20,guarded,54,normal_pre,6,unloaded,baseline,low,-0.13812266139507223,0.4072607282763817,False,0.9469858765874508,1.1618262584069141,False,False,True,0,7,0.0
20,guarded,55,normal_pre,7,unloaded,baseline,low,-0.05181336757519998,0.4072607282763817,False,0.9494592913497528,1.1618262584069141,False,False,True,0,8,0.0
20,guarded,56,normal_pre,8,unloaded,baseline,low,-0.06522801557764636,0.4072607282763817,False,1.0597088739058045,1.1618262584069141,False,False,True,0,9,0.0
20,guarded,57,normal_pre,9,unloaded,baseline,low,0.023941854381834025,0.4072607282763817,False,1.0236421180052846,1.1618262584069141,False,False,True,0,10,0.0
20,guarded,58,normal_pre,10,unloaded,baseline,low,-0.12319227544356848,0.4072607282763817,False,0.9298895350232368,1.1618262584069141,False,False,True,0,11,0.0
20,guarded,59,normal_pre,11,unloaded,baseline,low,-0.01008490545718218,0.4072607282763817,False,0.9694986464059459,1.1618262584069141,False,False,True,0,12,0.0
20,guarded,60,normal_pre,12,unloaded,baseline,low,-0.00488881191045643,0.4072607282763817,False,1.0642970120816677,1.1618262584069141,False,False,True,0,13,0.0
20,guarded,61,normal_pre,13,unloaded,baseline,low,-0.0603410159852716,0.4072607282763817,False,1.0185032791504058,1.1618262584069141,False,False,True,0,14,0.0
20,guarded,62,normal_pre,14,unloaded,baseline,low,-0.10236573508134322,0.4072607282763817,False,0.9598110575528638,1.1618262584069141,False,False,True,0,15,0.0
20,guarded,63,normal_pre,15,unloaded,baseline,low,-0.050877316012857804,0.4072607282763817,False,0.9506180683120865,1.1618262584069141,False,False,True,0,16,0.0
20,guarded,64,normal_pre,16,unloaded,baseline,low,-0.05510479107338977,0.4072607282763817,False,0.9709297946590716,1.1618262584069141,False,False,True,0,17,0.0
20,guarded,65,normal_pre,17,unloaded,baseline,low,0.03521835357545315,0.4072607282763817,False,1.0660654344771887,1.1618262584069141,False,False,True,0,18,0.0
20,guarded,66,normal_pre,18,unloaded,baseline,low,0.08208186588175982,0.4072607282763817,False,1.117607634302764,1.1618262584069141,False,False,True,0,19,0.0
20,guarded,67,normal_pre,19,unloaded,baseline,low,-0.11859108626620898,0.4072607282763817,False,1.1623953559084683,1.1618262584069141,True,True,True,0,20,0.0
20,guarded,68,normal_pre,20,unloaded,baseline,low,-0.09442363335705675,0.4072607282763817,False,0.960739195889673,1.1618262584069141,False,False,True,0,21,0.0
20,guarded,69,normal_pre,21,unloaded,baseline,low,-0.08782596223184766,0.4072607282763817,False,0.9764512520199439,1.1618262584069141,False,False,True,0,22,0.0
20,guarded,70,normal_pre,22,unloaded,baseline,low,0.019664381033028908,0.4072607282763817,False,1.2807161022170936,1.1618262584069141,True,True,True,0,23,0.0
20,guarded,71,normal_pre,23,unloaded,baseline,low,0.01282746574072316,0.4072607282763817,False,1.2570887621693685,1.1618262584069141,True,True,True,0,24,0.0
20,guarded,72,normal_pre,24,unloaded,baseline,low,0.0729093044730977,0.4072607282763817,False,1.0847451072469372,1.1618262584069141,False,False,True,0,25,0.0
20,guarded,73,normal_pre,25,unloaded,baseline,low,-0.0424289024717688,0.4072607282763817,False,0.9799870171125505,1.1618262584069141,False,False,True,0,26,0.0
20,guarded,74,normal_pre,26,unloaded,baseline,low,0.021322211923292086,0.4072607282763817,False,1.1380217082848567,1.1618262584069141,False,False,True,0,27,0.0
20,guarded,75,normal_pre,27,unloaded,baseline,low,-0.12866787070571195,0.4072607282763817,False,0.93644451004334,1.1618262584069141,False,False,True,0,28,0.0
20,guarded,76,normal_pre,28,unloaded,baseline,low,-0.057205214009062484,0.4072607282763817,False,0.9988594737477693,1.1618262584069141,False,False,True,0,29,0.0
20,guarded,77,normal_pre,29,unloaded,baseline,low,-0.07285759387285287,0.4072607282763817,False,0.958492920305973,1.1618262584069141,False,False,True,0,30,0.0
20,guarded,78,benign_cpu_drift,0,unloaded,cpu,high,-0.0501685258608878,0.4201396874464996,False,1.2808301383563927,1.1618262584069141,True,True,True,0,31,0.0
20,guarded,79,benign_cpu_drift,1,unloaded,cpu,high,0.03502539943958842,0.4201396874464996,False,1.3728150599468345,1.1618262584069141,True,True,True,0,32,0.0
20,guarded,80,benign_cpu_drift,2,unloaded,cpu,high,0.06246995540720886,0.4201396874464996,False,1.3415420604223987,1.1618262584069141,True,True,True,0,33,0.0
20,guarded,81,benign_cpu_drift,3,unloaded,cpu,high,0.09082941727543728,0.4201396874464996,False,1.2784826614564642,1.1618262584069141,True,True,True,0,34,0.0
20,guarded,82,benign_cpu_drift,4,unloaded,cpu,high,-0.10293138323129049,0.4201396874464996,False,1.2212138385775322,1.1618262584069141,True,True,True,0,35,0.0
20,guarded,83,benign_cpu_drift,5,unloaded,cpu,high,0.12588126196769284,0.4201396874464996,False,1.3065616492718968,1.1618262584069141,True,True,True,0,36,0.0
20,guarded,84,benign_cpu_drift,6,unloaded,cpu,high,-0.007133780945795443,0.4201396874464996,False,1.254712476465451,1.1618262584069141,True,True,True,0,37,0.0
20,guarded,85,benign_cpu_drift,7,unloaded,cpu,high,-0.010431486320128747,0.4201396874464996,False,1.1863362604018206,1.1618262584069141,True,True,True,0,38,0.0
20,guarded,86,benign_cpu_drift,8,unloaded,cpu,high,0.04911880143500191,0.4201396874464996,False,1.125370871883983,1.1618262584069141,False,False,True,0,39,0.0
20,guarded,87,benign_cpu_drift,9,unloaded,cpu,high,-0.006218593713696419,0.4201396874464996,False,1.0669412476216964,1.1618262584069141,False,False,True,0,40,0.0
20,guarded,88,benign_cpu_drift,10,unloaded,cpu,high,0.04799033605196297,0.4201396874464996,False,1.0742093490755684,1.1618262584069141,False,False,True,0,41,0.0
20,guarded,89,benign_cpu_drift,11,unloaded,cpu,high,-0.015083657762214066,0.4201396874464996,False,1.0399043017068768,1.1618262584069141,False,False,True,0,42,0.0
20,guarded,90,benign_cpu_drift,12,unloaded,cpu,high,0.028434895087584476,0.4201396874464996,False,1.027361951858413,1.1618262584069141,False,False,True,0,43,0.0
20,guarded,91,benign_cpu_drift,13,unloaded,cpu,high,0.04012470523741363,0.4201396874464996,False,1.0346935897329539,1.1618262584069141,False,False,True,0,44,0.0
20,guarded,92,benign_cpu_drift,14,unloaded,cpu,high,0.0604274748504325,0.4201396874464996,False,1.0000309769510833,1.1618262584069141,False,False,True,0,45,0.0
20,guarded,93,benign_cpu_drift,15,unloaded,cpu,high,0.028379435388274393,0.4201396874464996,False,0.9825012431318256,1.1618262584069141,False,False,True,0,46,0.0
20,guarded,94,benign_cpu_drift,16,unloaded,cpu,high,-0.0841541904997875,0.4201396874464996,False,1.032370946410186,1.1618262584069141,False,False,True,0,47,0.0
20,guarded,95,benign_cpu_drift,17,unloaded,cpu,high,0.10982917271061138,0.4201396874464996,False,1.0528628741898982,1.1618262584069141,False,False,True,0,48,0.0
20,guarded,96,benign_cpu_drift,18,unloaded,cpu,high,-0.10645979201596495,0.4201396874464996,False,0.9858226043642292,1.1618262584069141,False,False,True,0,49,0.0
20,guarded,97,benign_cpu_drift,19,unloaded,cpu,high,-0.11173540812200224,0.4201396874464996,False,0.9807144817529012,1.1618262584069141,False,False,True,0,50,0.0
20,guarded,98,benign_cpu_drift,20,unloaded,cpu,high,0.03763375442337867,0.4201396874464996,False,1.0373544266982357,1.1618262584069141,False,False,True,0,51,0.0
20,guarded,99,benign_cpu_drift,21,unloaded,cpu,high,0.06844934071757651,0.4201396874464996,False,0.9901892338783759,1.1618262584069141,False,False,True,0,52,0.0
20,guarded,100,benign_cpu_drift,22,unloaded,cpu,high,-0.06541688796260117,0.4201396874464996,False,0.9704285989324966,1.1618262584069141,False,False,True,0,53,0.0
20,guarded,101,benign_cpu_drift,23,unloaded,cpu,high,-0.036308081028168834,0.4201396874464996,False,0.9910667626787367,1.1618262584069141,False,False,True,0,54,0.0
20,guarded,102,benign_cpu_drift,24,unloaded,cpu,high,0.1018275154979757,0.4201396874464996,False,1.0891184034564345,1.1618262584069141,False,False,True,0,55,0.0
20,guarded,103,benign_cpu_drift,25,unloaded,cpu,high,0.024504046827311696,0.4201396874464996,False,1.047070919748813,1.1618262584069141,False,False,True,0,56,0.0
20,guarded,104,benign_cpu_drift,26,unloaded,cpu,high,-0.02892492218531792,0.4201396874464996,False,0.9923890201989997,1.1618262584069141,False,False,True,0,57,0.0
20,guarded,105,benign_cpu_drift,27,unloaded,cpu,high,0.09157653043267683,0.4201396874464996,False,1.112231251928814,1.1618262584069141,False,False,True,0,58,0.0
20,guarded,106,benign_cpu_drift,28,unloaded,cpu,high,0.04450184999228594,0.4201396874464996,False,1.0262071803312416,1.1618262584069141,False,False,True,0,59,0.0
20,guarded,107,benign_cpu_drift,29,unloaded,cpu,high,0.03446267922974014,0.4201396874464996,False,0.9941716330919896,1.1618262584069141,False,False,True,0,60,0.0
20,guarded,108,benign_cpu_drift,30,unloaded,cpu,high,-0.12694031359445646,0.4201396874464996,False,1.0232354824410186,1.1618262584069141,False,False,True,0,61,0.0
20,guarded,109,benign_cpu_drift,31,unloaded,cpu,high,-0.051660685191195654,0.4201396874464996,False,0.9650092761332479,1.1618262584069141,False,False,True,0,62,0.0
20,guarded,110,benign_cpu_drift,32,unloaded,cpu,high,0.06902403902898262,0.4201396874464996,False,0.9957148486241545,1.1618262584069141,False,False,True,0,63,0.0
20,guarded,111,benign_cpu_drift,33,unloaded,cpu,high,0.011988617186349092,0.4201396874464996,False,0.9789000659630607,1.1618262584069141,False,False,True,0,64,0.0
20,guarded,112,benign_cpu_drift,34,unloaded,cpu,high,-0.04887910155404421,0.4201396874464996,False,1.0447549995358862,1.1618262584069141,False,False,True,0,65,0.0
20,guarded,113,benign_cpu_drift,35,unloaded,cpu,high,0.13759478059341215,0.4201396874464996,False,1.0501195580474934,1.1618262584069141,False,False,True,0,66,0.0
20,guarded,114,benign_cpu_drift,36,unloaded,cpu,high,0.08199994994651774,0.4201396874464996,False,1.0087195177734634,1.1618262584069141,False,False,True,0,67,0.0
20,guarded,115,benign_cpu_drift,37,unloaded,cpu,high,0.06232149429272928,0.4201396874464996,False,0.9829928160187497,1.1618262584069141,False,False,True,0,68,0.0
20,guarded,116,benign_cpu_drift,38,unloaded,cpu,high,-0.0311456301660804,0.4201396874464996,False,1.0103232189973614,1.1618262584069141,False,False,True,0,69,0.0
20,guarded,117,benign_cpu_drift,39,unloaded,cpu,high,0.02873787024547747,0.4201396874464996,False,1.0017799578387867,1.1618262584069141,False,False,True,0,70,0.0
20,guarded,118,benign_cpu_drift,40,unloaded,cpu,high,-0.007454873963552531,0.4201396874464996,False,1.0157196458788043,1.1618262584069141,False,False,True,0,71,0.0
20,guarded,119,benign_cpu_drift,41,unloaded,cpu,high,-0.003564169829999171,0.4201396874464996,False,0.9864997425019005,1.1618262584069141,False,False,True,0,72,0.0
20,guarded,120,benign_cpu_drift,42,unloaded,cpu,high,-0.06032923537067803,0.4201396874464996,False,1.0024114901374142,1.1618262584069141,False,False,True,0,73,0.0
20,guarded,121,benign_cpu_drift,43,unloaded,cpu,high,0.01896076433608831,0.4201396874464996,False,1.006938382594082,1.1618262584069141,False,False,True,0,74,0.0
20,guarded,122,benign_cpu_drift,44,unloaded,cpu,high,0.027739249267080678,0.4201396874464996,False,1.0294100314766383,1.1618262584069141,False,False,True,0,75,0.0
20,guarded,123,benign_cpu_drift,45,unloaded,cpu,high,0.004194705921908411,0.4201396874464996,False,1.0047245438529113,1.1618262584069141,False,False,True,0,76,0.0
20,guarded,124,benign_cpu_drift,46,unloaded,cpu,high,-0.04797797596664044,0.4201396874464996,False,0.9614985237070498,1.1618262584069141,False,False,True,0,77,0.0
20,guarded,125,benign_cpu_drift,47,unloaded,cpu,high,0.06825115144006204,0.4201396874464996,False,1.0188473738648394,1.1618262584069141,False,False,True,0,78,0.0
20,guarded,126,benign_cpu_drift,48,unloaded,cpu,high,0.11093272296470072,0.4201396874464996,False,1.0384120655705724,1.1618262584069141,False,False,True,0,79,0.0
20,guarded,127,benign_cpu_drift,49,unloaded,cpu,high,-0.050597872115767724,0.4201396874464996,False,0.971573486469516,1.1618262584069141,False,False,True,0,80,0.0
20,guarded,128,benign_cpu_drift,50,unloaded,cpu,high,0.009512836313522736,0.4201396874464996,False,1.0089146554334287,1.1618262584069141,False,False,True,0,81,0.0
20,guarded,129,benign_cpu_drift,51,unloaded,cpu,high,-0.05754179155771201,0.4201396874464996,False,1.0068825935612087,1.1618262584069141,False,False,True,0,82,0.0
20,guarded,130,benign_cpu_drift,52,unloaded,cpu,high,0.002670049939858589,0.4201396874464996,False,1.0069037822039884,1.1618262584069141,False,False,True,0,83,0.0
20,guarded,131,benign_cpu_drift,53,unloaded,cpu,high,-0.07035214909229938,0.4201396874464996,False,0.959736709720042,1.1618262584069141,False,False,True,0,84,0.0
20,guarded,132,benign_cpu_drift,54,unloaded,cpu,high,-0.1840835942669565,0.4201396874464996,False,0.9556879549545727,1.1618262584069141,False,False,True,0,85,0.0
20,guarded,133,benign_cpu_drift,55,unloaded,cpu,high,0.11056317767438455,0.4201396874464996,False,1.0262732327147388,1.1618262584069141,False,False,True,0,86,0.0
20,guarded,134,benign_cpu_drift,56,unloaded,cpu,high,-0.010670714554329299,0.4201396874464996,False,0.9551304756141249,1.1618262584069141,False,False,True,0,87,0.0
20,guarded,135,benign_cpu_drift,57,unloaded,cpu,high,0.027690407166944805,0.4201396874464996,False,0.9898823639382172,1.1618262584069141,False,False,True,0,88,0.0
20,guarded,136,benign_cpu_drift,58,unloaded,cpu,high,0.0002715660720089205,0.4201396874464996,False,0.9840056410037573,1.1618262584069141,False,False,True,0,89,0.0
20,guarded,137,benign_cpu_drift,59,unloaded,cpu,high,-0.019799358356748533,0.4201396874464996,False,0.9879478410358639,1.1618262584069141,False,False,True,0,90,0.0
20,guarded,138,benign_cpu_drift,60,unloaded,cpu,high,-0.0220332790958685,0.4201396874464996,False,1.029442544466594,1.1618262584069141,False,False,True,0,91,0.0
20,guarded,139,benign_cpu_drift,61,unloaded,cpu,high,0.02050837752192379,0.4201396874464996,False,0.970565583780895,1.1618262584069141,False,False,True,0,92,0.0
20,guarded,140,benign_cpu_drift,62,unloaded,cpu,high,0.056237054988069794,0.4201396874464996,False,1.004407542200845,1.1618262584069141,False,False,True,0,93,0.0
20,guarded,141,benign_cpu_drift,63,unloaded,cpu,high,-0.021298975669213523,0.4201396874464996,False,0.9795080556843232,1.1618262584069141,False,False,True,0,94,0.0
20,guarded,142,benign_cpu_drift,64,unloaded,cpu,high,-0.03837971605705722,0.4201396874464996,False,0.9967312402945959,1.1618262584069141,False,False,True,0,95,0.0
20,guarded,143,benign_cpu_drift,65,unloaded,cpu,high,0.06234983553578987,0.4201396874464996,False,0.9690668425807747,1.1618262584069141,False,False,True,0,96,0.0
20,guarded,144,benign_cpu_drift,66,unloaded,cpu,high,0.01679936815311069,0.4201396874464996,False,0.9738953182535508,1.1618262584069141,False,False,True,0,97,0.0
20,guarded,145,benign_cpu_drift,67,unloaded,cpu,high,0.07528643907242703,0.4201396874464996,False,1.0347555562861652,1.1618262584069141,False,False,True,0,98,0.0
20,guarded,146,benign_cpu_drift,68,unloaded,cpu,high,-0.05556548278930551,0.4201396874464996,False,0.9750049316149395,1.1618262584069141,False,False,True,0,99,0.0
20,guarded,147,benign_cpu_drift,69,unloaded,cpu,high,0.01991626375725081,0.4201396874464996,False,1.0070567383194906,1.1618262584069141,False,False,True,0,100,0.0
20,guarded,148,benign_cpu_drift,70,unloaded,cpu,high,-0.01776991343567192,0.4201396874464996,False,0.9761063256180957,1.1618262584069141,False,False,True,0,101,0.0
20,guarded,149,benign_cpu_drift,71,unloaded,cpu,high,-0.10111022834857966,0.4201396874464996,False,0.9880958760124482,1.1618262584069141,False,False,True,0,102,0.0
20,guarded,150,benign_cpu_drift,72,unloaded,cpu,high,0.006687429843258738,0.4201396874464996,False,1.0276413157101008,1.1618262584069141,False,False,True,0,103,0.0
20,guarded,151,benign_cpu_drift,73,unloaded,cpu,high,0.0511534913218853,0.4201396874464996,False,0.977845630069124,1.1618262584069141,False,False,True,0,104,0.0
20,guarded,152,benign_cpu_drift,74,unloaded,cpu,high,-0.007559506386308435,0.4201396874464996,False,1.0073379636324573,1.1618262584069141,False,False,True,0,105,0.0
20,guarded,153,benign_cpu_drift,75,unloaded,cpu,high,-0.020025907752125826,0.4201396874464996,False,0.975190123863894,1.1618262584069141,False,False,True,0,106,0.0
20,guarded,154,benign_cpu_drift,76,unloaded,cpu,high,-0.04786406468041781,0.4201396874464996,False,1.0081312569981282,1.1618262584069141,False,False,True,0,107,0.0
20,guarded,155,benign_cpu_drift,77,unloaded,cpu,high,0.0037397595726607405,0.4201396874464996,False,0.9733682323117825,1.1618262584069141,False,False,True,0,108,0.0
20,guarded,156,benign_cpu_drift,78,unloaded,cpu,high,-0.12005767832784926,0.4201396874464996,False,0.968524433022489,1.1618262584069141,False,False,True,0,109,0.0
20,guarded,157,benign_cpu_drift,79,unloaded,cpu,high,-0.05080294153433208,0.4201396874464996,False,1.0150169727294434,1.1618262584069141,False,False,True,0,110,0.0
20,guarded,158,benign_cpu_drift,80,unloaded,cpu,high,0.08027289635754616,0.4201396874464996,False,1.0508725124830014,1.1618262584069141,False,False,True,0,111,0.0
20,guarded,159,benign_cpu_drift,81,unloaded,cpu,high,-0.058256766589441615,0.4201396874464996,False,0.9714920430598665,1.1618262584069141,False,False,True,0,112,0.0
20,guarded,160,benign_cpu_drift,82,unloaded,cpu,high,0.009694487883445523,0.4201396874464996,False,1.0476419844079268,1.1618262584069141,False,False,True,0,113,0.0
20,guarded,161,benign_cpu_drift,83,unloaded,cpu,high,-0.06733478458028248,0.4201396874464996,False,1.018197672607987,1.1618262584069141,False,False,True,0,114,0.0
20,guarded,162,benign_cpu_drift,84,unloaded,cpu,high,0.09906148158870344,0.4201396874464996,False,1.0528042157337205,1.1618262584069141,False,False,True,0,115,0.0
20,guarded,163,benign_cpu_drift,85,unloaded,cpu,high,-0.006014723719478027,0.4201396874464996,False,1.003553095826043,1.1618262584069141,False,False,True,0,116,0.0
20,guarded,164,benign_cpu_drift,86,unloaded,cpu,high,0.144556457702778,0.4201396874464996,False,1.1744462147299173,1.1618262584069141,True,True,True,0,117,0.0
20,guarded,165,benign_cpu_drift,87,unloaded,cpu,high,-0.13706309324930055,0.4201396874464996,False,0.9842805072549928,1.1618262584069141,False,False,True,0,118,0.0
20,guarded,166,benign_cpu_drift,88,unloaded,cpu,high,-0.016694883868113672,0.4201396874464996,False,1.0373603330420929,1.1618262584069141,False,False,True,0,119,0.0
20,guarded,167,benign_cpu_drift,89,unloaded,cpu,high,-0.10478673981408404,0.4201396874464996,False,0.9664577021004424,1.1618262584069141,False,False,True,0,120,0.0
20,guarded,168,benign_cpu_drift,90,unloaded,cpu,high,0.04458691887972936,0.4201396874464996,False,0.9798098370766305,1.1618262584069141,False,False,True,0,121,0.0
20,guarded,169,benign_cpu_drift,91,unloaded,cpu,high,0.04902703821332258,0.4201396874464996,False,1.0066423395179114,1.1618262584069141,False,False,True,0,122,0.0
20,guarded,170,benign_cpu_drift,92,unloaded,cpu,high,0.020012211966516924,0.4201396874464996,False,1.0013448079343668,1.1618262584069141,False,False,True,0,123,0.0
20,guarded,171,benign_cpu_drift,93,unloaded,cpu,high,0.04341204186233408,0.4201396874464996,False,1.0206067215796573,1.1618262584069141,False,False,True,0,124,0.0
20,guarded,172,benign_cpu_drift,94,unloaded,cpu,high,0.045211078267062846,0.4201396874464996,False,1.0713194299361362,1.1618262584069141,False,False,True,0,125,0.0
20,guarded,173,benign_cpu_drift,95,unloaded,cpu,high,-0.055755206183832576,0.4201396874464996,False,0.980320173203758,1.1618262584069141,False,False,True,0,126,0.0
20,guarded,174,benign_cpu_drift,96,unloaded,cpu,high,-0.07323630898216363,0.4201396874464996,False,0.9516834365721044,1.1618262584069141,False,False,True,0,127,0.0
20,guarded,175,benign_cpu_drift,97,unloaded,cpu,high,0.069598542746756,0.4201396874464996,False,0.9996909999120066,1.1618262584069141,False,False,True,0,128,0.0
20,guarded,176,benign_cpu_drift,98,unloaded,cpu,high,0.003433951938095181,0.4201396874464996,False,1.0129464605436818,1.1618262584069141,False,False,True,0,129,0.0
20,guarded,177,benign_cpu_drift,99,unloaded,cpu,high,0.10943720659776723,0.4201396874464996,False,1.087027256822381,1.1618262584069141,False,False,True,0,130,0.0
20,guarded,178,benign_cpu_drift,100,unloaded,cpu,high,0.03352798298662593,0.4201396874464996,False,1.003191589223693,1.1618262584069141,False,False,True,0,131,0.0
20,guarded,179,benign_cpu_drift,101,unloaded,cpu,high,0.07089903976110092,0.4201396874464996,False,1.0312424750733618,1.1618262584069141,False,False,True,0,132,0.0
20,guarded,180,benign_cpu_drift,102,unloaded,cpu,high,0.0701341206165438,0.4201396874464996,False,0.9838761249747969,1.1618262584069141,False,False,True,0,133,0.0
20,guarded,181,benign_cpu_drift,103,unloaded,cpu,high,0.019336414524932195,0.4201396874464996,False,1.004460878544113,1.1618262584069141,False,False,True,0,134,0.0
20,guarded,182,benign_cpu_drift,104,unloaded,cpu,high,0.07327162141908039,0.4201396874464996,False,1.0065283544185117,1.1618262584069141,False,False,True,0,135,0.0
20,guarded,183,benign_cpu_drift,105,unloaded,cpu,high,-0.06960709691132114,0.4201396874464996,False,0.9898558788820065,1.1618262584069141,False,False,True,0,136,0.0
20,guarded,184,benign_cpu_drift,106,unloaded,cpu,high,-0.08134367198582042,0.4201396874464996,False,0.9860525977877378,1.1618262584069141,False,False,True,0,137,0.0
20,guarded,185,benign_cpu_drift,107,unloaded,cpu,high,-0.02413475739789141,0.4201396874464996,False,1.006982369262036,1.1618262584069141,False,False,True,0,138,0.0
20,guarded,186,benign_cpu_drift,108,unloaded,cpu,high,0.0765152263956924,0.4201396874464996,False,1.0237715259391515,1.1618262584069141,False,False,True,0,139,0.0
20,guarded,187,benign_cpu_drift,109,unloaded,cpu,high,0.09052767935471932,0.4201396874464996,False,0.9755640208793203,1.1618262584069141,False,False,True,0,140,0.0
20,guarded,188,benign_cpu_drift,110,unloaded,cpu,high,0.0840580149012779,0.4201396874464996,False,0.961182482079127,1.1618262584069141,False,False,True,0,141,0.0
20,guarded,189,benign_cpu_drift,111,unloaded,cpu,high,-0.03667103367381048,0.4201396874464996,False,1.0167478889344086,1.1618262584069141,False,False,True,0,142,0.0
20,guarded,190,benign_cpu_drift,112,unloaded,cpu,high,0.041147808398920106,0.4201396874464996,False,1.0595491479184327,1.1618262584069141,False,False,True,0,143,0.0
20,guarded,191,benign_cpu_drift,113,unloaded,cpu,high,-0.030971393171405823,0.4201396874464996,False,0.9636204109155015,1.1618262584069141,False,False,True,0,144,0.0
20,guarded,192,benign_cpu_drift,114,unloaded,cpu,high,0.09760371614205333,0.4201396874464996,False,1.0202820417431537,1.1618262584069141,False,False,True,0,145,0.0
20,guarded,193,benign_cpu_drift,115,unloaded,cpu,high,-0.03256551084458451,0.4201396874464996,False,0.992212037494435,1.1618262584069141,False,False,True,0,146,0.0
20,guarded,194,benign_cpu_drift,116,unloaded,cpu,high,-0.0687213115954504,0.4201396874464996,False,1.0056656359966092,1.1618262584069141,False,False,True,0,147,0.0
20,guarded,195,benign_cpu_drift,117,unloaded,cpu,high,0.023561070435638334,0.4201396874464996,False,0.9861728314823992,1.1618262584069141,False,False,True,0,148,0.0
20,guarded,196,benign_cpu_drift,118,unloaded,cpu,high,0.161880205096715,0.4201396874464996,False,1.0555117758406383,1.1618262584069141,False,False,True,0,149,0.0
20,guarded,197,benign_cpu_drift,119,unloaded,cpu,high,0.015063274449787022,0.4201396874464996,False,0.9988829402637074,1.1618262584069141,False,False,True,0,150,0.0
20,guarded,198,normal_recovery_1,0,unloaded,baseline,low,-0.05330910279516486,0.4072607282763817,False,0.7019891508254763,1.1618262584069141,False,False,True,0,151,0.0
20,guarded,199,normal_recovery_1,1,unloaded,baseline,low,-0.03411454935420291,0.4072607282763817,False,0.7451053719470183,1.1618262584069141,False,False,True,0,152,0.0
20,guarded,200,normal_recovery_1,2,unloaded,baseline,low,-0.030720121697451988,0.4072607282763817,False,0.7264852596602088,1.1618262584069141,False,False,True,0,153,0.0
20,guarded,201,normal_recovery_1,3,unloaded,baseline,low,-0.04794536734631804,0.4072607282763817,False,0.7001967555740609,1.1618262584069141,False,False,True,0,154,0.0
20,guarded,202,normal_recovery_1,4,unloaded,baseline,low,0.0672010423725061,0.4072607282763817,False,0.7868350083287633,1.1618262584069141,False,False,True,0,155,0.0
20,guarded,203,normal_recovery_1,5,unloaded,baseline,low,-0.02109473524050407,0.4072607282763817,False,0.731406660571165,1.1618262584069141,False,False,True,0,156,0.0
20,guarded,204,normal_recovery_1,6,unloaded,baseline,low,-0.07893635321587583,0.4072607282763817,False,0.7155658168118166,1.1618262584069141,False,False,True,0,157,0.0
20,guarded,205,normal_recovery_1,7,unloaded,baseline,low,-0.13452198063299523,0.4072607282763817,False,0.7291214649303669,1.1618262584069141,False,False,True,0,158,0.0
20,guarded,206,normal_recovery_1,8,unloaded,baseline,low,-0.021362492858010645,0.4072607282763817,False,0.7651685251791013,1.1618262584069141,False,False,True,0,159,0.0
20,guarded,207,normal_recovery_1,9,unloaded,baseline,low,-0.017201020480156072,0.4072607282763817,False,0.7477051613257847,1.1618262584069141,False,False,True,0,160,0.0
20,guarded,208,normal_recovery_1,10,unloaded,baseline,low,-0.02631511174509754,0.4072607282763817,False,0.8129238487927476,1.1618262584069141,False,False,True,0,161,0.0
20,guarded,209,normal_recovery_1,11,unloaded,baseline,low,-0.09704850246975752,0.4072607282763817,False,0.943339246888714,1.1618262584069141,False,False,True,0,162,0.0
20,guarded,210,normal_recovery_1,12,unloaded,baseline,low,-0.057481285496972,0.4072607282763817,False,0.9384227426139565,1.1618262584069141,False,False,True,0,163,0.0
20,guarded,211,normal_recovery_1,13,unloaded,baseline,low,-0.08047466284992393,0.4072607282763817,False,1.1733969119234837,1.1618262584069141,True,True,True,0,164,0.0
20,guarded,212,normal_recovery_1,14,unloaded,baseline,low,-0.02932260793596148,0.4072607282763817,False,1.0077188035160662,1.1618262584069141,False,False,True,0,165,0.0
20,guarded,213,normal_recovery_1,15,unloaded,baseline,low,0.015930774293007,0.4072607282763817,False,1.1309439368019916,1.1618262584069141,False,False,True,0,166,0.0
20,guarded,214,normal_recovery_1,16,unloaded,baseline,low,-0.030936352726162037,0.4072607282763817,False,1.0385001599421426,1.1618262584069141,False,False,True,0,167,0.0
20,guarded,215,normal_recovery_1,17,unloaded,baseline,low,-0.015160208693461427,0.4072607282763817,False,1.0159413638196966,1.1618262584069141,False,False,True,0,168,0.0
20,guarded,216,normal_recovery_1,18,unloaded,baseline,low,-0.0013294755117633957,0.4072607282763817,False,1.013348910307228,1.1618262584069141,False,False,True,0,169,0.0
20,guarded,217,normal_recovery_1,19,unloaded,baseline,low,-0.0023702587499999095,0.4072607282763817,False,0.9658613927483624,1.1618262584069141,False,False,True,0,170,0.0
20,guarded,218,normal_recovery_1,20,unloaded,baseline,low,-0.1629688145476428,0.4072607282763817,False,1.2110350801699867,1.1618262584069141,True,True,True,0,171,0.0
20,guarded,219,normal_recovery_1,21,unloaded,baseline,low,0.007133734648666426,0.4072607282763817,False,1.066772367560952,1.1618262584069141,False,False,True,0,172,0.0
20,guarded,220,normal_recovery_1,22,unloaded,baseline,low,0.10238405607924872,0.4072607282763817,False,1.261106243306769,1.1618262584069141,True,True,True,0,173,0.0
20,guarded,221,normal_recovery_1,23,unloaded,baseline,low,-0.04523253755051785,0.4072607282763817,False,1.000602166148364,1.1618262584069141,False,False,True,0,174,0.0
20,guarded,222,normal_recovery_1,24,unloaded,baseline,low,-0.01960421067884765,0.4072607282763817,False,0.9609425852432677,1.1618262584069141,False,False,True,0,175,0.0
20,guarded,223,normal_recovery_1,25,unloaded,baseline,low,-0.002292982778735575,0.4072607282763817,False,1.2898087419667223,1.1618262584069141,True,True,True,0,176,0.0
20,guarded,224,normal_recovery_1,26,unloaded,baseline,low,-0.016708695548661622,0.4072607282763817,False,1.0050562337787177,1.1618262584069141,False,False,True,0,177,0.0
20,guarded,225,normal_recovery_1,27,unloaded,baseline,low,0.017603632903743973,0.4072607282763817,False,1.0587948012324713,1.1618262584069141,False,False,True,0,178,0.0
20,guarded,226,normal_recovery_1,28,unloaded,baseline,low,0.043349232309462374,0.4072607282763817,False,1.085321576052853,1.1618262584069141,False,False,True,0,179,0.0
20,guarded,227,normal_recovery_1,29,unloaded,baseline,low,-0.03139771588897073,0.4072607282763817,False,0.9631145186834468,1.1618262584069141,False,False,True,0,180,0.0
20,guarded,228,persistent_attack_baseline,0,hiding,baseline,low,0.7178274129743505,0.4072607282763817,True,1.9122790221859947,1.1618262584069141,True,True,False,0,180,0.0
20,guarded,229,persistent_attack_baseline,1,hiding,baseline,low,0.6433214631619052,0.4072607282763817,True,1.615433640324844,1.1618262584069141,True,True,False,0,180,0.0
20,guarded,230,persistent_attack_baseline,2,hiding,baseline,low,0.4196759838198757,0.4072607282763817,True,1.5649509971525557,1.1618262584069141,True,True,False,0,180,0.0
20,guarded,231,persistent_attack_baseline,3,hiding,baseline,low,0.6174899500089378,0.4072607282763817,True,1.558588696111228,1.1618262584069141,True,True,False,0,180,0.0
20,guarded,232,persistent_attack_baseline,4,hiding,baseline,low,0.5929203994148027,0.4072607282763817,True,1.6369549578627483,1.1618262584069141,True,True,False,0,180,0.0
20,guarded,233,persistent_attack_baseline,5,hiding,baseline,low,0.5424528085127441,0.4072607282763817,True,1.4564472320161055,1.1618262584069141,True,True,False,0,180,0.0
20,guarded,234,persistent_attack_baseline,6,hiding,baseline,low,0.6277697435165,0.4072607282763817,True,1.4717484839615855,1.1618262584069141,True,True,False,0,180,0.0
20,guarded,235,persistent_attack_baseline,7,hiding,baseline,low,0.5647437380269791,0.4072607282763817,True,1.6608942780320084,1.1618262584069141,True,True,False,0,180,0.0
20,guarded,236,persistent_attack_baseline,8,hiding,baseline,low,0.5837959494289843,0.4072607282763817,True,1.5163775913520847,1.1618262584069141,True,True,False,0,180,0.0
20,guarded,237,persistent_attack_baseline,9,hiding,baseline,low,0.6265631860855351,0.4072607282763817,True,2.1288598461121855,1.1618262584069141,True,True,False,0,180,0.0
20,guarded,238,persistent_attack_baseline,10,hiding,baseline,low,0.5923926016961905,0.4072607282763817,True,1.4896701505233991,1.1618262584069141,True,True,False,0,180,0.0
20,guarded,239,persistent_attack_baseline,11,hiding,baseline,low,0.5656745730385724,0.4072607282763817,True,1.4439742772661253,1.1618262584069141,True,True,False,0,180,0.0
20,guarded,240,persistent_attack_baseline,12,hiding,baseline,low,0.5815792157011354,0.4072607282763817,True,1.4583728811704884,1.1618262584069141,True,True,False,0,180,0.0
20,guarded,241,persistent_attack_baseline,13,hiding,baseline,low,0.5946427415613311,0.4072607282763817,True,1.57163606325101,1.1618262584069141,True,True,False,0,180,0.0
20,guarded,242,persistent_attack_baseline,14,hiding,baseline,low,0.5255419387013545,0.4072607282763817,True,1.5956519717389104,1.1618262584069141,True,True,False,0,180,0.0
20,guarded,243,persistent_attack_baseline,15,hiding,baseline,low,0.677099552238478,0.4072607282763817,True,1.6943579026836,1.1618262584069141,True,True,False,0,180,0.0
20,guarded,244,persistent_attack_baseline,16,hiding,baseline,low,0.5795919955807396,0.4072607282763817,True,1.628995243318353,1.1618262584069141,True,True,False,0,180,0.0
20,guarded,245,persistent_attack_baseline,17,hiding,baseline,low,0.5946126425240406,0.4072607282763817,True,1.5087898772125135,1.1618262584069141,True,True,False,0,180,0.0
20,guarded,246,persistent_attack_baseline,18,hiding,baseline,low,0.5831642179379133,0.4072607282763817,True,1.5154694727167792,1.1618262584069141,True,True,False,0,180,0.0
20,guarded,247,persistent_attack_baseline,19,hiding,baseline,low,0.633836485164994,0.4072607282763817,True,1.6959115514331589,1.1618262584069141,True,True,False,0,180,0.0
20,guarded,248,persistent_attack_baseline,20,hiding,baseline,low,0.56604544510074,0.4072607282763817,True,1.4607088248890152,1.1618262584069141,True,True,False,0,180,0.0
20,guarded,249,persistent_attack_baseline,21,hiding,baseline,low,0.6820166864369817,0.4072607282763817,True,1.781657644745084,1.1618262584069141,True,True,False,0,180,0.0
20,guarded,250,persistent_attack_baseline,22,hiding,baseline,low,0.5699783118805781,0.4072607282763817,True,1.4662505368020549,1.1618262584069141,True,True,False,0,180,0.0
20,guarded,251,persistent_attack_baseline,23,hiding,baseline,low,0.730619963995732,0.4072607282763817,True,1.777757111088621,1.1618262584069141,True,True,False,0,180,0.0
20,guarded,252,persistent_attack_baseline,24,hiding,baseline,low,0.5275326623682021,0.4072607282763817,True,1.5823529572664534,1.1618262584069141,True,True,False,0,180,0.0
20,guarded,253,persistent_attack_baseline,25,hiding,baseline,low,0.6236045372804966,0.4072607282763817,True,1.6220092945395264,1.1618262584069141,True,True,False,0,180,0.0
20,guarded,254,persistent_attack_baseline,26,hiding,baseline,low,0.576947413802346,0.4072607282763817,True,1.6122114603477657,1.1618262584069141,True,True,False,0,180,0.0
20,guarded,255,persistent_attack_baseline,27,hiding,baseline,low,0.6661389226652933,0.4072607282763817,True,1.8123531487372502,1.1618262584069141,True,True,False,0,180,0.0
20,guarded,256,persistent_attack_baseline,28,hiding,baseline,low,0.4766550217009129,0.4072607282763817,True,1.5456288584784637,1.1618262584069141,True,True,False,0,180,0.0
20,guarded,257,persistent_attack_baseline,29,hiding,baseline,low,0.6209301388027726,0.4072607282763817,True,1.7022082053442236,1.1618262584069141,True,True,False,0,180,0.0
20,guarded,258,persistent_attack_baseline,30,hiding,baseline,low,0.6491415899215844,0.4072607282763817,True,1.7028701472410426,1.1618262584069141,True,True,False,0,180,0.0
20,guarded,259,persistent_attack_baseline,31,hiding,baseline,low,0.6627090000095367,0.4072607282763817,True,1.7298675295617234,1.1618262584069141,True,True,False,0,180,0.0
20,guarded,260,persistent_attack_baseline,32,hiding,baseline,low,0.5665812129843362,0.4072607282763817,True,1.469790011242071,1.1618262584069141,True,True,False,0,180,0.0
20,guarded,261,persistent_attack_baseline,33,hiding,baseline,low,0.7124478080639018,0.4072607282763817,True,1.8724585670872642,1.1618262584069141,True,True,False,0,180,0.0
20,guarded,262,persistent_attack_baseline,34,hiding,baseline,low,0.5965133022233147,0.4072607282763817,True,1.572287063959452,1.1618262584069141,True,True,False,0,180,0.0
20,guarded,263,persistent_attack_baseline,35,hiding,baseline,low,0.6183757044338931,0.4072607282763817,True,1.5465916830556552,1.1618262584069141,True,True,False,0,180,0.0
20,guarded,264,persistent_attack_baseline,36,hiding,baseline,low,0.6774713193601805,0.4072607282763817,True,1.8076320259524987,1.1618262584069141,True,True,False,0,180,0.0
20,guarded,265,persistent_attack_baseline,37,hiding,baseline,low,0.5593125033572223,0.4072607282763817,True,1.5090524657335656,1.1618262584069141,True,True,False,0,180,0.0
20,guarded,266,persistent_attack_baseline,38,hiding,baseline,low,0.675642629956053,0.4072607282763817,True,1.6583832752994467,1.1618262584069141,True,True,False,0,180,0.0
20,guarded,267,persistent_attack_baseline,39,hiding,baseline,low,0.48175132054201253,0.4072607282763817,True,1.5134070587076816,1.1618262584069141,True,True,False,0,180,0.0
20,guarded,268,persistent_attack_baseline,40,hiding,baseline,low,0.7415948374846995,0.4072607282763817,True,1.8147000336441543,1.1618262584069141,True,True,False,0,180,0.0
20,guarded,269,persistent_attack_baseline,41,hiding,baseline,low,0.625458546885514,0.4072607282763817,True,1.5466080948382208,1.1618262584069141,True,True,False,0,180,0.0
20,guarded,270,persistent_attack_baseline,42,hiding,baseline,low,0.7250955833784756,0.4072607282763817,True,1.810323558293284,1.1618262584069141,True,True,False,0,180,0.0
20,guarded,271,persistent_attack_baseline,43,hiding,baseline,low,0.6203221432871527,0.4072607282763817,True,1.6715127013520574,1.1618262584069141,True,True,False,0,180,0.0
20,guarded,272,persistent_attack_baseline,44,hiding,baseline,low,0.6100366562333563,0.4072607282763817,True,1.8112371475227782,1.1618262584069141,True,True,False,0,180,0.0
20,guarded,273,persistent_attack_baseline,45,hiding,baseline,low,0.6134463866413774,0.4072607282763817,True,1.5103708789330152,1.1618262584069141,True,True,False,0,180,0.0
20,guarded,274,persistent_attack_baseline,46,hiding,baseline,low,0.6115646554435933,0.4072607282763817,True,1.4791064331452362,1.1618262584069141,True,True,False,0,180,0.0
20,guarded,275,persistent_attack_baseline,47,hiding,baseline,low,0.7421427828420479,0.4072607282763817,True,1.7713619864821617,1.1618262584069141,True,True,False,0,180,0.0
20,guarded,276,persistent_attack_baseline,48,hiding,baseline,low,0.594238413009449,0.4072607282763817,True,1.4690733634033661,1.1618262584069141,True,True,False,0,180,0.0
20,guarded,277,persistent_attack_baseline,49,hiding,baseline,low,0.6870217229081905,0.4072607282763817,True,1.8815452240345085,1.1618262584069141,True,True,False,0,180,0.0
20,guarded,278,persistent_attack_baseline,50,hiding,baseline,low,0.5841492167203427,0.4072607282763817,True,1.5737203596368619,1.1618262584069141,True,True,False,0,180,0.0
20,guarded,279,persistent_attack_baseline,51,hiding,baseline,low,0.5758759815338469,0.4072607282763817,True,1.4999220440328127,1.1618262584069141,True,True,False,0,180,0.0
20,guarded,280,persistent_attack_baseline,52,hiding,baseline,low,0.5723452784380814,0.4072607282763817,True,1.5044571666151518,1.1618262584069141,True,True,False,0,180,0.0
20,guarded,281,persistent_attack_baseline,53,hiding,baseline,low,0.5929177983157216,0.4072607282763817,True,1.5159563555995634,1.1618262584069141,True,True,False,0,180,0.0
20,guarded,282,persistent_attack_baseline,54,hiding,baseline,low,0.4971906808004084,0.4072607282763817,True,1.6034311566750823,1.1618262584069141,True,True,False,0,180,0.0
20,guarded,283,persistent_attack_baseline,55,hiding,baseline,low,0.6590437760737833,0.4072607282763817,True,1.8717145662776162,1.1618262584069141,True,True,False,0,180,0.0
20,guarded,284,persistent_attack_baseline,56,hiding,baseline,low,0.6146879460730212,0.4072607282763817,True,1.5725441818863155,1.1618262584069141,True,True,False,0,180,0.0
20,guarded,285,persistent_attack_baseline,57,hiding,baseline,low,0.4011672558470474,0.4072607282763817,False,1.4924218594002587,1.1618262584069141,True,True,True,1,180,0.05
20,guarded,286,persistent_attack_baseline,58,hiding,baseline,low,0.4236425844909424,0.4072607282763817,True,1.4617120163616,1.1618262584069141,True,True,False,1,180,0.05
20,guarded,287,persistent_attack_baseline,59,hiding,baseline,low,0.6017803559369851,0.4072607282763817,True,1.5707677074822939,1.1618262584069141,True,True,False,1,180,0.05
20,guarded,288,persistent_attack_baseline,60,hiding,baseline,low,0.5653745696573544,0.4072607282763817,True,1.4479907803682441,1.1618262584069141,True,True,False,1,180,0.05
20,guarded,289,persistent_attack_baseline,61,hiding,baseline,low,0.5768310864935644,0.4072607282763817,True,1.4655372978471295,1.1618262584069141,True,True,False,1,180,0.05
20,guarded,290,persistent_attack_baseline,62,hiding,baseline,low,0.5411936351323802,0.4072607282763817,True,1.4320836692403003,1.1618262584069141,True,True,False,1,180,0.05
20,guarded,291,persistent_attack_baseline,63,hiding,baseline,low,0.6280558280406686,0.4072607282763817,True,1.606190787943059,1.1618262584069141,True,True,False,1,180,0.05
20,guarded,292,persistent_attack_baseline,64,hiding,baseline,low,0.7423779769401606,0.4072607282763817,True,2.0241528381207967,1.1618262584069141,True,True,False,1,180,0.05
20,guarded,293,persistent_attack_baseline,65,hiding,baseline,low,0.6090745856445934,0.4072607282763817,True,1.5874106577644558,1.1618262584069141,True,True,False,1,180,0.05
20,guarded,294,persistent_attack_baseline,66,hiding,baseline,low,0.45535176975314756,0.4072607282763817,True,1.425093197275231,1.1618262584069141,True,True,False,1,180,0.05
20,guarded,295,persistent_attack_baseline,67,hiding,baseline,low,0.5330164796592676,0.4072607282763817,True,1.43971800046531,1.1618262584069141,True,True,False,1,180,0.05
20,guarded,296,persistent_attack_baseline,68,hiding,baseline,low,0.5907967216187143,0.4072607282763817,True,1.5343382587664955,1.1618262584069141,True,True,False,1,180,0.05
20,guarded,297,persistent_attack_baseline,69,hiding,baseline,low,0.5397935615040842,0.4072607282763817,True,1.4383869972892984,1.1618262584069141,True,True,False,1,180,0.05
20,guarded,298,persistent_attack_baseline,70,hiding,baseline,low,0.605153645086101,0.4072607282763817,True,1.5661146069482694,1.1618262584069141,True,True,False,1,180,0.05
20,guarded,299,persistent_attack_baseline,71,hiding,baseline,low,0.5211336778489579,0.4072607282763817,True,1.4557170914875313,1.1618262584069141,True,True,False,1,180,0.05
20,guarded,300,persistent_attack_baseline,72,hiding,baseline,low,0.5129179150783413,0.4072607282763817,True,1.4531903496859158,1.1618262584069141,True,True,False,1,180,0.05
20,guarded,301,persistent_attack_baseline,73,hiding,baseline,low,0.5380383381736815,0.4072607282763817,True,1.5872104662298523,1.1618262584069141,True,True,False,1,180,0.05
20,guarded,302,persistent_attack_baseline,74,hiding,baseline,low,0.5066043367690596,0.4072607282763817,True,1.4554519729687323,1.1618262584069141,True,True,False,1,180,0.05
20,guarded,303,persistent_attack_baseline,75,hiding,baseline,low,0.624732145807986,0.4072607282763817,True,1.7975251997857409,1.1618262584069141,True,True,False,1,180,0.05
20,guarded,304,persistent_attack_baseline,76,hiding,baseline,low,0.5592169657531766,0.4072607282763817,True,1.614458157263977,1.1618262584069141,True,True,False,1,180,0.05
20,guarded,305,persistent_attack_baseline,77,hiding,baseline,low,0.5708889770221516,0.4072607282763817,True,1.5215151793878468,1.1618262584069141,True,True,False,1,180,0.05
20,guarded,306,persistent_attack_baseline,78,hiding,baseline,low,0.64180895559846,0.4072607282763817,True,1.665523230333887,1.1618262584069141,True,True,False,1,180,0.05
20,guarded,307,persistent_attack_baseline,79,hiding,baseline,low,0.58014587721486,0.4072607282763817,True,1.4521352861927357,1.1618262584069141,True,True,False,1,180,0.05
20,guarded,308,persistent_attack_baseline,80,hiding,baseline,low,0.5807730242236051,0.4072607282763817,True,1.4577081856695324,1.1618262584069141,True,True,False,1,180,0.05
20,guarded,309,persistent_attack_baseline,81,hiding,baseline,low,0.6429311973979075,0.4072607282763817,True,1.7365695827900207,1.1618262584069141,True,True,False,1,180,0.05
20,guarded,310,persistent_attack_baseline,82,hiding,baseline,low,0.6208055816534425,0.4072607282763817,True,1.686478414483046,1.1618262584069141,True,True,False,1,180,0.05
20,guarded,311,persistent_attack_baseline,83,hiding,baseline,low,0.5679406095701504,0.4072607282763817,True,1.4710615020857793,1.1618262584069141,True,True,False,1,180,0.05
20,guarded,312,persistent_attack_baseline,84,hiding,baseline,low,0.5620061988346917,0.4072607282763817,True,1.4332144808817084,1.1618262584069141,True,True,False,1,180,0.05
20,guarded,313,persistent_attack_baseline,85,hiding,baseline,low,0.5945367941966297,0.4072607282763817,True,1.6093722101686478,1.1618262584069141,True,True,False,1,180,0.05
20,guarded,314,persistent_attack_baseline,86,hiding,baseline,low,0.6420851406061111,0.4072607282763817,True,1.5469881995206225,1.1618262584069141,True,True,False,1,180,0.05
20,guarded,315,persistent_attack_baseline,87,hiding,baseline,low,0.6086174979179879,0.4072607282763817,True,1.5717470228272454,1.1618262584069141,True,True,False,1,180,0.05
20,guarded,316,persistent_attack_baseline,88,hiding,baseline,low,0.684726769573188,0.4072607282763817,True,1.6087716355648376,1.1618262584069141,True,True,False,1,180,0.05
20,guarded,317,persistent_attack_baseline,89,hiding,baseline,low,0.5487423902758952,0.4072607282763817,True,1.6055739815932,1.1618262584069141,True,True,False,1,180,0.05
20,guarded,318,persistent_attack_baseline,90,hiding,baseline,low,0.6277827032323887,0.4072607282763817,True,1.4710182174296489,1.1618262584069141,True,True,False,1,180,0.05
20,guarded,319,persistent_attack_baseline,91,hiding,baseline,low,0.5383602731253365,0.4072607282763817,True,1.4470709814254719,1.1618262584069141,True,True,False,1,180,0.05
20,guarded,320,persistent_attack_baseline,92,hiding,baseline,low,0.5612352589975624,0.4072607282763817,True,1.5023887719601998,1.1618262584069141,True,True,False,1,180,0.05
20,guarded,321,persistent_attack_baseline,93,hiding,baseline,low,0.6223294123181542,0.4072607282763817,True,1.4927362936431072,1.1618262584069141,True,True,False,1,180,0.05
20,guarded,322,persistent_attack_baseline,94,hiding,baseline,low,0.5501244911265519,0.4072607282763817,True,1.4501982978308976,1.1618262584069141,True,True,False,1,180,0.05
20,guarded,323,persistent_attack_baseline,95,hiding,baseline,low,0.7995531976556811,0.4072607282763817,True,2.0879922953312087,1.1618262584069141,True,True,False,1,180,0.05
20,guarded,324,persistent_attack_baseline,96,hiding,baseline,low,0.4972025810040033,0.4072607282763817,True,1.422366263939012,1.1618262584069141,True,True,False,1,180,0.05
20,guarded,325,persistent_attack_baseline,97,hiding,baseline,low,0.5774263676445006,0.4072607282763817,True,1.486698084112908,1.1618262584069141,True,True,False,1,180,0.05
20,guarded,326,persistent_attack_baseline,98,hiding,baseline,low,0.5997667433638119,0.4072607282763817,True,1.4878018428442348,1.1618262584069141,True,True,False,1,180,0.05
20,guarded,327,persistent_attack_baseline,99,hiding,baseline,low,0.5689217145118687,0.4072607282763817,True,1.6859914621015784,1.1618262584069141,True,True,False,1,180,0.05
20,guarded,328,persistent_attack_baseline,100,hiding,baseline,low,0.6205295122895584,0.4072607282763817,True,1.624013245104776,1.1618262584069141,True,True,False,1,180,0.05
20,guarded,329,persistent_attack_baseline,101,hiding,baseline,low,0.763907991232923,0.4072607282763817,True,1.9110392104878722,1.1618262584069141,True,True,False,1,180,0.05
20,guarded,330,persistent_attack_baseline,102,hiding,baseline,low,0.6170732974529429,0.4072607282763817,True,1.673476785897859,1.1618262584069141,True,True,False,1,180,0.05
20,guarded,331,persistent_attack_baseline,103,hiding,baseline,low,0.6226090366066703,0.4072607282763817,True,1.6081872927070766,1.1618262584069141,True,True,False,1,180,0.05
20,guarded,332,persistent_attack_baseline,104,hiding,baseline,low,0.551074212387156,0.4072607282763817,True,1.513264041812978,1.1618262584069141,True,True,False,1,180,0.05
20,guarded,333,persistent_attack_baseline,105,hiding,baseline,low,0.5772208365991858,0.4072607282763817,True,1.4939428534327437,1.1618262584069141,True,True,False,1,180,0.05
20,guarded,334,persistent_attack_baseline,106,hiding,baseline,low,0.6172265037424245,0.4072607282763817,True,1.4877098629499574,1.1618262584069141,True,True,False,1,180,0.05
20,guarded,335,persistent_attack_baseline,107,hiding,baseline,low,0.5537798678974718,0.4072607282763817,True,1.443992360258193,1.1618262584069141,True,True,False,1,180,0.05
20,guarded,336,persistent_attack_baseline,108,hiding,baseline,low,0.48337822561874505,0.4072607282763817,True,1.5406956926356568,1.1618262584069141,True,True,False,1,180,0.05
20,guarded,337,persistent_attack_baseline,109,hiding,baseline,low,0.7108863928500766,0.4072607282763817,True,1.686040157339725,1.1618262584069141,True,True,False,1,180,0.05
20,guarded,338,persistent_attack_baseline,110,hiding,baseline,low,0.6652755546408493,0.4072607282763817,True,1.6909637869745648,1.1618262584069141,True,True,False,1,180,0.05
20,guarded,339,persistent_attack_baseline,111,hiding,baseline,low,0.5672619020174849,0.4072607282763817,True,1.451507658678844,1.1618262584069141,True,True,False,1,180,0.05
20,guarded,340,persistent_attack_baseline,112,hiding,baseline,low,0.6692309849254814,0.4072607282763817,True,1.7007244769319836,1.1618262584069141,True,True,False,1,180,0.05
20,guarded,341,persistent_attack_baseline,113,hiding,baseline,low,0.6851285407145563,0.4072607282763817,True,1.9190468718720073,1.1618262584069141,True,True,False,1,180,0.05
20,guarded,342,persistent_attack_baseline,114,hiding,baseline,low,0.5549703923776608,0.4072607282763817,True,1.5139944703851793,1.1618262584069141,True,True,False,1,180,0.05
20,guarded,343,persistent_attack_baseline,115,hiding,baseline,low,0.6709937087342579,0.4072607282763817,True,1.6080087435005384,1.1618262584069141,True,True,False,1,180,0.05
20,guarded,344,persistent_attack_baseline,116,hiding,baseline,low,0.5160047878496598,0.4072607282763817,True,1.4910427814720029,1.1618262584069141,True,True,False,1,180,0.05
20,guarded,345,persistent_attack_baseline,117,hiding,baseline,low,0.6163200242786122,0.4072607282763817,True,1.5958673974559443,1.1618262584069141,True,True,False,1,180,0.05
20,guarded,346,persistent_attack_baseline,118,hiding,baseline,low,-0.08424335688368009,0.4072607282763817,False,0.8718990601819038,1.1618262584069141,False,False,True,2,180,0.1
20,guarded,347,persistent_attack_baseline,119,hiding,baseline,low,-0.14028529114806332,0.4072607282763817,False,0.9043841946078139,1.1618262584069141,False,False,True,3,180,0.15
20,guarded,348,normal_recovery_2,0,unloaded,baseline,low,-0.05610144232546613,0.4072607282763817,False,1.2971437537535913,1.1618262584069141,True,True,True,3,181,0.15
20,guarded,349,normal_recovery_2,1,unloaded,baseline,low,0.08091079412091733,0.4072607282763817,False,1.2912570405198487,1.1618262584069141,True,True,True,3,182,0.15
20,guarded,350,normal_recovery_2,2,unloaded,baseline,low,0.0575472354329687,0.4072607282763817,False,1.1522878856744216,1.1618262584069141,False,False,True,3,183,0.15
20,guarded,351,normal_recovery_2,3,unloaded,baseline,low,-0.12307747552877796,0.4072607282763817,False,1.2456266449628464,1.1618262584069141,True,True,True,3,184,0.15
20,guarded,352,normal_recovery_2,4,unloaded,baseline,low,-0.07215481744003512,0.4072607282763817,False,1.1946556452346604,1.1618262584069141,True,True,True,3,185,0.15
20,guarded,353,normal_recovery_2,5,unloaded,baseline,low,-0.11190843479106045,0.4072607282763817,False,1.1804228785100273,1.1618262584069141,True,True,True,3,186,0.15
20,guarded,354,normal_recovery_2,6,unloaded,baseline,low,-0.07444357939868575,0.4072607282763817,False,1.0938347530925427,1.1618262584069141,False,False,True,3,187,0.15
20,guarded,355,normal_recovery_2,7,unloaded,baseline,low,-0.1473430671863727,0.4072607282763817,False,1.029624415854151,1.1618262584069141,False,False,True,3,188,0.15
20,guarded,356,normal_recovery_2,8,unloaded,baseline,low,0.08699611124895522,0.4072607282763817,False,1.0476887851102898,1.1618262584069141,False,False,True,3,189,0.15
20,guarded,357,normal_recovery_2,9,unloaded,baseline,low,-0.01415314980228885,0.4072607282763817,False,1.038215255822238,1.1618262584069141,False,False,True,3,190,0.15
20,guarded,358,normal_recovery_2,10,unloaded,baseline,low,-0.11698105905137429,0.4072607282763817,False,1.0263748497127845,1.1618262584069141,False,False,True,3,191,0.15
20,guarded,359,normal_recovery_2,11,unloaded,baseline,low,-0.062071117433028344,0.4072607282763817,False,1.0306896506337555,1.1618262584069141,False,False,True,3,192,0.15
20,guarded,360,normal_recovery_2,12,unloaded,baseline,low,-0.005557743257911668,0.4072607282763817,False,1.028664662124583,1.1618262584069141,False,False,True,3,193,0.15
20,guarded,361,normal_recovery_2,13,unloaded,baseline,low,-0.3517973886402971,0.4072607282763817,False,0.864867213570634,1.1618262584069141,False,False,True,3,194,0.15
20,guarded,362,normal_recovery_2,14,unloaded,baseline,low,-0.01873238816560032,0.4072607282763817,False,0.7569695494994438,1.1618262584069141,False,False,True,3,195,0.15
20,guarded,363,normal_recovery_2,15,unloaded,baseline,low,-0.06480150825354287,0.4072607282763817,False,0.9887244507786429,1.1618262584069141,False,False,True,3,196,0.15
20,guarded,364,normal_recovery_2,16,unloaded,baseline,low,0.004292730619091689,0.4072607282763817,False,0.9254640572858732,1.1618262584069141,False,False,True,3,197,0.15
20,guarded,365,normal_recovery_2,17,unloaded,baseline,low,0.015034913072397918,0.4072607282763817,False,0.8730881535038932,1.1618262584069141,False,False,True,3,198,0.1
20,guarded,366,normal_recovery_2,18,unloaded,baseline,low,-0.08985846205803943,0.4072607282763817,False,0.89472257206829,1.1618262584069141,False,False,True,3,199,0.05
20,guarded,367,normal_recovery_2,19,unloaded,baseline,low,-0.08428222188590057,0.4072607282763817,False,0.9606335712286594,1.1618262584069141,False,False,True,3,200,0.0
20,guarded,368,normal_recovery_2,20,unloaded,baseline,low,-0.15317915338123467,0.4072607282763817,False,1.015896130702491,1.1618262584069141,False,False,True,3,201,0.0
20,guarded,369,normal_recovery_2,21,unloaded,baseline,low,-0.10552076844690762,0.4072607282763817,False,0.9755894906241254,1.1618262584069141,False,False,True,3,202,0.0
20,guarded,370,normal_recovery_2,22,unloaded,baseline,low,-0.09435572637430631,0.4072607282763817,False,0.7776450150790991,1.1618262584069141,False,False,True,3,203,0.0
20,guarded,371,normal_recovery_2,23,unloaded,baseline,low,-0.20538375538086026,0.4072607282763817,False,0.8739219766847146,1.1618262584069141,False,False,True,3,204,0.0
20,guarded,372,normal_recovery_2,24,unloaded,baseline,low,-0.11922849100491353,0.4072607282763817,False,1.1109320069731872,1.1618262584069141,False,False,True,3,205,0.0
20,guarded,373,normal_recovery_2,25,unloaded,baseline,low,-0.19205454103804126,0.4072607282763817,False,0.938481439344182,1.1618262584069141,False,False,True,3,206,0.0
20,guarded,374,normal_recovery_2,26,unloaded,baseline,low,-0.010509494301043101,0.4072607282763817,False,1.0377769958155056,1.1618262584069141,False,False,True,3,207,0.0
20,guarded,375,normal_recovery_2,27,unloaded,baseline,low,-0.11983582777756815,0.4072607282763817,False,0.9653115061265748,1.1618262584069141,False,False,True,3,208,0.0
20,guarded,376,normal_recovery_2,28,unloaded,baseline,low,-0.20792339108927618,0.4072607282763817,False,0.920155388924022,1.1618262584069141,False,False,True,3,209,0.0
20,guarded,377,normal_recovery_2,29,unloaded,baseline,low,-0.04372709435240968,0.4072607282763817,False,1.1414404494536996,1.1618262584069141,False,False,True,3,210,0.0
20,guarded,378,persistent_attack_cpu,0,hiding,cpu,high,0.5391423052036124,0.4201396874464996,True,1.8875538197357804,1.1618262584069141,True,True,False,3,210,0.0
20,guarded,379,persistent_attack_cpu,1,hiding,cpu,high,0.7363780992581528,0.4201396874464996,True,1.8201449598521438,1.1618262584069141,True,True,False,3,210,0.0
20,guarded,380,persistent_attack_cpu,2,hiding,cpu,high,0.5784146597870121,0.4201396874464996,True,1.8295744763997728,1.1618262584069141,True,True,False,3,210,0.0
20,guarded,381,persistent_attack_cpu,3,hiding,cpu,high,0.48873814530902465,0.4201396874464996,True,1.819538087017289,1.1618262584069141,True,True,False,3,210,0.0
20,guarded,382,persistent_attack_cpu,4,hiding,cpu,high,0.517405525083443,0.4201396874464996,True,1.7868175266713715,1.1618262584069141,True,True,False,3,210,0.0
20,guarded,383,persistent_attack_cpu,5,hiding,cpu,high,0.34943260391292036,0.4201396874464996,False,1.7568324916037763,1.1618262584069141,True,True,True,4,210,0.05
20,guarded,384,persistent_attack_cpu,6,hiding,cpu,high,0.6314792565812564,0.4201396874464996,True,1.7232200120914816,1.1618262584069141,True,True,False,4,210,0.05
20,guarded,385,persistent_attack_cpu,7,hiding,cpu,high,0.6045816483282622,0.4201396874464996,True,1.8226184264063243,1.1618262584069141,True,True,False,4,210,0.05
20,guarded,386,persistent_attack_cpu,8,hiding,cpu,high,0.6523918081155433,0.4201396874464996,True,1.8636742931885422,1.1618262584069141,True,True,False,4,210,0.05
20,guarded,387,persistent_attack_cpu,9,hiding,cpu,high,0.45616085114691235,0.4201396874464996,True,1.7687400722270623,1.1618262584069141,True,True,False,4,210,0.05
20,guarded,388,persistent_attack_cpu,10,hiding,cpu,high,0.4445006095852026,0.4201396874464996,True,1.7985549990000391,1.1618262584069141,True,True,False,4,210,0.05
20,guarded,389,persistent_attack_cpu,11,hiding,cpu,high,0.47096599943150147,0.4201396874464996,True,1.7534671058832183,1.1618262584069141,True,True,False,4,210,0.05
20,guarded,390,persistent_attack_cpu,12,hiding,cpu,high,0.6960697140884988,0.4201396874464996,True,1.8887491753195853,1.1618262584069141,True,True,False,4,210,0.05
20,guarded,391,persistent_attack_cpu,13,hiding,cpu,high,0.5498461923390643,0.4201396874464996,True,1.8364247833992695,1.1618262584069141,True,True,False,4,210,0.05
20,guarded,392,persistent_attack_cpu,14,hiding,cpu,high,0.7008859586741278,0.4201396874464996,True,1.761121979141045,1.1618262584069141,True,True,False,4,210,0.05
20,guarded,393,persistent_attack_cpu,15,hiding,cpu,high,0.6352629858401282,0.4201396874464996,True,1.8670718615594333,1.1618262584069141,True,True,False,4,210,0.05
20,guarded,394,persistent_attack_cpu,16,hiding,cpu,high,0.6348369872664998,0.4201396874464996,True,1.8103430440649446,1.1618262584069141,True,True,False,4,210,0.05
20,guarded,395,persistent_attack_cpu,17,hiding,cpu,high,0.7245052088326912,0.4201396874464996,True,1.777512143203599,1.1618262584069141,True,True,False,4,210,0.05
20,guarded,396,persistent_attack_cpu,18,hiding,cpu,high,0.4549202717889498,0.4201396874464996,True,1.7843348650742386,1.1618262584069141,True,True,False,4,210,0.05
20,guarded,397,persistent_attack_cpu,19,hiding,cpu,high,0.6500235278212979,0.4201396874464996,True,1.842208465416294,1.1618262584069141,True,True,False,4,210,0.05
20,guarded,398,persistent_attack_cpu,20,hiding,cpu,high,0.5720604467703726,0.4201396874464996,True,1.8157773144497802,1.1618262584069141,True,True,False,4,210,0.05
20,guarded,399,persistent_attack_cpu,21,hiding,cpu,high,0.40743673023402704,0.4201396874464996,False,1.7042598335237473,1.1618262584069141,True,True,True,5,210,0.1
20,guarded,400,persistent_attack_cpu,22,hiding,cpu,high,0.6989947931357177,0.4201396874464996,True,2.0342745226048637,1.1618262584069141,True,True,False,5,210,0.1
20,guarded,401,persistent_attack_cpu,23,hiding,cpu,high,0.43071477730780194,0.4201396874464996,True,1.8438911582765731,1.1618262584069141,True,True,False,5,210,0.1
20,guarded,402,persistent_attack_cpu,24,hiding,cpu,high,0.6797776657425698,0.4201396874464996,True,1.9044864913325226,1.1618262584069141,True,True,False,5,210,0.1
20,guarded,403,persistent_attack_cpu,25,hiding,cpu,high,0.5877879916402649,0.4201396874464996,True,1.8636375130167326,1.1618262584069141,True,True,False,5,210,0.1
20,guarded,404,persistent_attack_cpu,26,hiding,cpu,high,0.38894800534665713,0.4201396874464996,False,1.7169397977550303,1.1618262584069141,True,True,True,6,210,0.15
20,guarded,405,persistent_attack_cpu,27,hiding,cpu,high,0.5640808030481204,0.4201396874464996,True,1.7228660029378162,1.1618262584069141,True,True,False,6,210,0.15
20,guarded,406,persistent_attack_cpu,28,hiding,cpu,high,0.7187081120552551,0.4201396874464996,True,1.8793748290296701,1.1618262584069141,True,True,False,6,210,0.15
20,guarded,407,persistent_attack_cpu,29,hiding,cpu,high,0.6201163413041407,0.4201396874464996,True,1.8479369771756047,1.1618262584069141,True,True,False,6,210,0.15
20,guarded,408,persistent_attack_cpu,30,hiding,cpu,high,0.5783218467102462,0.4201396874464996,True,1.782128054765676,1.1618262584069141,True,True,False,6,210,0.15
20,guarded,409,persistent_attack_cpu,31,hiding,cpu,high,0.6652794264750264,0.4201396874464996,True,1.8182002082677229,1.1618262584069141,True,True,False,6,210,0.15
20,guarded,410,persistent_attack_cpu,32,hiding,cpu,high,0.5203733181586112,0.4201396874464996,True,1.8531965417443457,1.1618262584069141,True,True,False,6,210,0.15
20,guarded,411,persistent_attack_cpu,33,hiding,cpu,high,0.4338875599878078,0.4201396874464996,True,1.7302726100359296,1.1618262584069141,True,True,False,6,210,0.15
20,guarded,412,persistent_attack_cpu,34,hiding,cpu,high,0.5600164548098228,0.4201396874464996,True,1.8114418516977497,1.1618262584069141,True,True,False,6,210,0.15
20,guarded,413,persistent_attack_cpu,35,hiding,cpu,high,0.4914535762906205,0.4201396874464996,True,1.7294818363420281,1.1618262584069141,True,True,False,6,210,0.15
20,guarded,414,persistent_attack_cpu,36,hiding,cpu,high,0.6748873102467199,0.4201396874464996,True,1.8590905642767983,1.1618262584069141,True,True,False,6,210,0.15
20,guarded,415,persistent_attack_cpu,37,hiding,cpu,high,0.5396619520195904,0.4201396874464996,True,1.8214460584299004,1.1618262584069141,True,True,False,6,210,0.15
20,guarded,416,persistent_attack_cpu,38,hiding,cpu,high,0.6523166657437991,0.4201396874464996,True,1.9091713657167422,1.1618262584069141,True,True,False,6,210,0.15
20,guarded,417,persistent_attack_cpu,39,hiding,cpu,high,0.5718341786834232,0.4201396874464996,True,1.7123882514936197,1.1618262584069141,True,True,False,6,210,0.15
20,guarded,418,persistent_attack_cpu,40,hiding,cpu,high,0.47725587472685066,0.4201396874464996,True,1.7007841072877612,1.1618262584069141,True,True,False,6,210,0.15
20,guarded,419,persistent_attack_cpu,41,hiding,cpu,high,0.6644392579716075,0.4201396874464996,True,1.9057737973458508,1.1618262584069141,True,True,False,6,210,0.15
20,guarded,420,persistent_attack_cpu,42,hiding,cpu,high,0.379564709884458,0.4201396874464996,False,1.6705691961463576,1.1618262584069141,True,True,True,7,210,0.2
20,guarded,421,persistent_attack_cpu,43,hiding,cpu,high,0.658114552663779,0.4201396874464996,True,1.786638359382058,1.1618262584069141,True,True,False,7,210,0.2
20,guarded,422,persistent_attack_cpu,44,hiding,cpu,high,0.5716487584526052,0.4201396874464996,True,1.7375146806396242,1.1618262584069141,True,True,False,7,210,0.2
20,guarded,423,persistent_attack_cpu,45,hiding,cpu,high,0.378362251842741,0.4201396874464996,False,1.6565498238323244,1.1618262584069141,True,True,True,8,210,0.25
20,guarded,424,persistent_attack_cpu,46,hiding,cpu,high,0.4171965920468738,0.4201396874464996,False,1.6552672982143135,1.1618262584069141,True,True,True,9,210,0.3
20,guarded,425,persistent_attack_cpu,47,hiding,cpu,high,0.6160764126704901,0.4201396874464996,True,1.6495315693033261,1.1618262584069141,True,True,False,9,210,0.3
20,guarded,426,persistent_attack_cpu,48,hiding,cpu,high,0.597725458305931,0.4201396874464996,True,1.6908995321192337,1.1618262584069141,True,True,False,9,210,0.3
20,guarded,427,persistent_attack_cpu,49,hiding,cpu,high,0.7255256709352148,0.4201396874464996,True,1.7526061200651997,1.1618262584069141,True,True,False,9,210,0.3
20,guarded,428,persistent_attack_cpu,50,hiding,cpu,high,0.5078591302708989,0.4201396874464996,True,1.6668829726156669,1.1618262584069141,True,True,False,9,210,0.3
20,guarded,429,persistent_attack_cpu,51,hiding,cpu,high,0.4434024379449939,0.4201396874464996,True,1.7212336918146163,1.1618262584069141,True,True,False,9,210,0.3
20,guarded,430,persistent_attack_cpu,52,hiding,cpu,high,0.5177564754415576,0.4201396874464996,True,1.4554853355565185,1.1618262584069141,True,True,False,9,210,0.3
20,guarded,431,persistent_attack_cpu,53,hiding,cpu,high,0.4600001066224277,0.4201396874464996,True,1.7112821516795973,1.1618262584069141,True,True,False,9,210,0.3
20,guarded,432,persistent_attack_cpu,54,hiding,cpu,high,0.5576766796823124,0.4201396874464996,True,1.7894954498760456,1.1618262584069141,True,True,False,9,210,0.3
20,guarded,433,persistent_attack_cpu,55,hiding,cpu,high,0.4835704317394151,0.4201396874464996,True,1.7619989309353437,1.1618262584069141,True,True,False,9,210,0.3
20,guarded,434,persistent_attack_cpu,56,hiding,cpu,high,0.6914315197591916,0.4201396874464996,True,1.7071422757878854,1.1618262584069141,True,True,False,9,210,0.3
20,guarded,435,persistent_attack_cpu,57,hiding,cpu,high,0.7130621116899141,0.4201396874464996,True,1.7448587008884675,1.1618262584069141,True,True,False,9,210,0.3
20,guarded,436,persistent_attack_cpu,58,hiding,cpu,high,0.4216161774261224,0.4201396874464996,True,1.6636669797603623,1.1618262584069141,True,True,False,9,210,0.3
20,guarded,437,persistent_attack_cpu,59,hiding,cpu,high,0.5805072850696399,0.4201396874464996,True,1.7637939036917927,1.1618262584069141,True,True,False,9,210,0.3
20,guarded,438,sham_negative_baseline,0,sham,baseline,low,0.3066869499747774,0.4072607282763817,False,1.2515271566619666,1.1618262584069141,True,True,True,9,211,0.3
20,guarded,439,sham_negative_baseline,1,sham,baseline,low,0.13213953149829796,0.4072607282763817,False,1.2374196886723299,1.1618262584069141,True,True,True,9,212,0.3
20,guarded,440,sham_negative_baseline,2,sham,baseline,low,0.28524299678316223,0.4072607282763817,False,1.1832868617087686,1.1618262584069141,True,True,True,9,213,0.3
20,guarded,441,sham_negative_baseline,3,sham,baseline,low,0.43108660992559134,0.4072607282763817,True,1.0955922532947606,1.1618262584069141,False,True,False,9,213,0.3
20,guarded,442,sham_negative_baseline,4,sham,baseline,low,0.24277169342927574,0.4072607282763817,False,0.8509482481517197,1.1618262584069141,False,False,True,9,214,0.3
20,guarded,443,sham_negative_baseline,5,sham,baseline,low,0.30739298083404343,0.4072607282763817,False,1.1292108646737384,1.1618262584069141,False,False,True,9,215,0.3
20,guarded,444,sham_negative_baseline,6,sham,baseline,low,0.10718613249089964,0.4072607282763817,False,1.0622534282079072,1.1618262584069141,False,False,True,9,216,0.3
20,guarded,445,sham_negative_baseline,7,sham,baseline,low,0.3676046266332589,0.4072607282763817,False,1.0813874566020034,1.1618262584069141,False,False,True,9,217,0.3
20,guarded,446,sham_negative_baseline,8,sham,baseline,low,0.279070533999126,0.4072607282763817,False,1.003084217145845,1.1618262584069141,False,False,True,9,218,0.3
20,guarded,447,sham_negative_baseline,9,sham,baseline,low,0.20116052241044763,0.4072607282763817,False,1.0854592712125986,1.1618262584069141,False,False,True,9,219,0.3
20,guarded,448,sham_negative_baseline,10,sham,baseline,low,0.26164151863652246,0.4072607282763817,False,0.9986919969198638,1.1618262584069141,False,False,True,9,220,0.3
20,guarded,449,sham_negative_baseline,11,sham,baseline,low,0.32091725630248785,0.4072607282763817,False,0.9448458701209199,1.1618262584069141,False,False,True,9,221,0.3
20,guarded,450,sham_negative_baseline,12,sham,baseline,low,0.07424228910369565,0.4072607282763817,False,0.9773103659244101,1.1618262584069141,False,False,True,9,222,0.3
20,guarded,451,sham_negative_baseline,13,sham,baseline,low,0.22727699989317024,0.4072607282763817,False,1.0477210156011012,1.1618262584069141,False,False,True,9,223,0.3
20,guarded,452,sham_negative_baseline,14,sham,baseline,low,0.1139012452815699,0.4072607282763817,False,0.9548722184501018,1.1618262584069141,False,False,True,9,224,0.3
20,guarded,453,sham_negative_baseline,15,sham,baseline,low,0.1186710535092125,0.4072607282763817,False,0.9576196442696048,1.1618262584069141,False,False,True,9,225,0.25
20,guarded,454,sham_negative_baseline,16,sham,baseline,low,0.1506308186894278,0.4072607282763817,False,0.9844797699039743,1.1618262584069141,False,False,True,9,226,0.2
20,guarded,455,sham_negative_baseline,17,sham,baseline,low,0.26851320220046154,0.4072607282763817,False,1.0530453249067937,1.1618262584069141,False,False,True,9,227,0.15
20,guarded,456,sham_negative_baseline,18,sham,baseline,low,0.24745496029257844,0.4072607282763817,False,1.0123600586245058,1.1618262584069141,False,False,True,9,228,0.1
20,guarded,457,sham_negative_baseline,19,sham,baseline,low,0.2521682049131163,0.4072607282763817,False,0.9397515320314658,1.1618262584069141,False,False,True,9,229,0.05
20,guarded,458,sham_negative_cpu,0,sham,cpu,high,0.1935300395235584,0.4201396874464996,False,1.0450667126794586,1.1618262584069141,False,False,True,9,230,0.0
20,guarded,459,sham_negative_cpu,1,sham,cpu,high,0.33734142471541395,0.4201396874464996,False,1.0706918469323436,1.1618262584069141,False,False,True,9,231,0.0
20,guarded,460,sham_negative_cpu,2,sham,cpu,high,0.3021218597995856,0.4201396874464996,False,1.0865697815683555,1.1618262584069141,False,False,True,9,232,0.0
20,guarded,461,sham_negative_cpu,3,sham,cpu,high,0.2996725369014174,0.4201396874464996,False,1.0942780980283753,1.1618262584069141,False,False,True,9,233,0.0
20,guarded,462,sham_negative_cpu,4,sham,cpu,high,0.3432178898208388,0.4201396874464996,False,1.176340504051356,1.1618262584069141,True,True,True,9,234,0.0
20,guarded,463,sham_negative_cpu,5,sham,cpu,high,0.32042987070814133,0.4201396874464996,False,1.0748489221216493,1.1618262584069141,False,False,True,9,235,0.0
20,guarded,464,sham_negative_cpu,6,sham,cpu,high,0.20980898464525544,0.4201396874464996,False,1.0265727469797474,1.1618262584069141,False,False,True,9,236,0.0
20,guarded,465,sham_negative_cpu,7,sham,cpu,high,0.1085565315804525,0.4201396874464996,False,1.006009227375444,1.1618262584069141,False,False,True,9,237,0.0
20,guarded,466,sham_negative_cpu,8,sham,cpu,high,0.13505016515338814,0.4201396874464996,False,1.0501284569030453,1.1618262584069141,False,False,True,9,238,0.0
20,guarded,467,sham_negative_cpu,9,sham,cpu,high,0.20743276604904787,0.4201396874464996,False,1.0135981967317438,1.1618262584069141,False,False,True,9,239,0.0
20,guarded,468,sham_negative_cpu,10,sham,cpu,high,0.2822974199896392,0.4201396874464996,False,1.0179589977526133,1.1618262584069141,False,False,True,9,240,0.0
20,guarded,469,sham_negative_cpu,11,sham,cpu,high,0.23415885339176945,0.4201396874464996,False,1.0368019731993803,1.1618262584069141,False,False,True,9,241,0.0
20,guarded,470,sham_negative_cpu,12,sham,cpu,high,0.3172811791779722,0.4201396874464996,False,1.0126273034774729,1.1618262584069141,False,False,True,9,242,0.0
20,guarded,471,sham_negative_cpu,13,sham,cpu,high,0.2679186141357166,0.4201396874464996,False,1.0145097323399102,1.1618262584069141,False,False,True,9,243,0.0
20,guarded,472,sham_negative_cpu,14,sham,cpu,high,0.21711324705034685,0.4201396874464996,False,0.9986651068162055,1.1618262584069141,False,False,True,9,244,0.0
20,guarded,473,sham_negative_cpu,15,sham,cpu,high,0.36554839339925327,0.4201396874464996,False,1.0759734077397405,1.1618262584069141,False,False,True,9,245,0.0
20,guarded,474,sham_negative_cpu,16,sham,cpu,high,0.21554623224824612,0.4201396874464996,False,1.0288321426278066,1.1618262584069141,False,False,True,9,246,0.0
20,guarded,475,sham_negative_cpu,17,sham,cpu,high,0.29933694840226915,0.4201396874464996,False,1.0207949209273255,1.1618262584069141,False,False,True,9,247,0.0
20,guarded,476,sham_negative_cpu,18,sham,cpu,high,0.1310707467832787,0.4201396874464996,False,0.9890494488643539,1.1618262584069141,False,False,True,9,248,0.0
20,guarded,477,sham_negative_cpu,19,sham,cpu,high,0.29467898489096267,0.4201396874464996,False,1.0271016710373748,1.1618262584069141,False,False,True,9,249,0.0
50,fixed,48,normal_pre,0,unloaded,baseline,low,-0.013129017821956662,0.4072607282763817,False,0.930076814971256,1.1618262584069141,False,False,False,0,0,0.0
50,fixed,49,normal_pre,1,unloaded,baseline,low,0.02915973041011151,0.4072607282763817,False,0.9522146974550008,1.1618262584069141,False,False,False,0,0,0.0
50,fixed,50,normal_pre,2,unloaded,baseline,low,0.062253997828533636,0.4072607282763817,False,1.040989632446727,1.1618262584069141,False,False,False,0,0,0.0
50,fixed,51,normal_pre,3,unloaded,baseline,low,-0.022267757852089856,0.4072607282763817,False,0.9103184561151939,1.1618262584069141,False,False,False,0,0,0.0
50,fixed,52,normal_pre,4,unloaded,baseline,low,-0.10674230292600287,0.4072607282763817,False,1.0206234040176543,1.1618262584069141,False,False,False,0,0,0.0
50,fixed,53,normal_pre,5,unloaded,baseline,low,-0.08862468702832349,0.4072607282763817,False,0.9323784066023988,1.1618262584069141,False,False,False,0,0,0.0
50,fixed,54,normal_pre,6,unloaded,baseline,low,-0.13812266139507223,0.4072607282763817,False,0.9226317115684853,1.1618262584069141,False,False,False,0,0,0.0
50,fixed,55,normal_pre,7,unloaded,baseline,low,-0.05181336757519998,0.4072607282763817,False,0.9040890918584443,1.1618262584069141,False,False,False,0,0,0.0
50,fixed,56,normal_pre,8,unloaded,baseline,low,-0.06522801557764636,0.4072607282763817,False,1.0019405067138416,1.1618262584069141,False,False,False,0,0,0.0
50,fixed,57,normal_pre,9,unloaded,baseline,low,0.023941854381834025,0.4072607282763817,False,0.9973165415858122,1.1618262584069141,False,False,False,0,0,0.0
50,fixed,58,normal_pre,10,unloaded,baseline,low,-0.12319227544356848,0.4072607282763817,False,0.9059750461747079,1.1618262584069141,False,False,False,0,0,0.0
50,fixed,59,normal_pre,11,unloaded,baseline,low,-0.01008490545718218,0.4072607282763817,False,0.9135552317048143,1.1618262584069141,False,False,False,0,0,0.0
50,fixed,60,normal_pre,12,unloaded,baseline,low,-0.00488881191045643,0.4072607282763817,False,0.9911027637283706,1.1618262584069141,False,False,False,0,0,0.0
50,fixed,61,normal_pre,13,unloaded,baseline,low,-0.0603410159852716,0.4072607282763817,False,0.9484583752217814,1.1618262584069141,False,False,False,0,0,0.0
50,fixed,62,normal_pre,14,unloaded,baseline,low,-0.10236573508134322,0.4072607282763817,False,0.9026239703234957,1.1618262584069141,False,False,False,0,0,0.0
50,fixed,63,normal_pre,15,unloaded,baseline,low,-0.050877316012857804,0.4072607282763817,False,0.8939787141740118,1.1618262584069141,False,False,False,0,0,0.0
50,fixed,64,normal_pre,16,unloaded,baseline,low,-0.05510479107338977,0.4072607282763817,False,0.9041566329221121,1.1618262584069141,False,False,False,0,0,0.0
50,fixed,65,normal_pre,17,unloaded,baseline,low,0.03521835357545315,0.4072607282763817,False,0.9875542601525908,1.1618262584069141,False,False,False,0,0,0.0
50,fixed,66,normal_pre,18,unloaded,baseline,low,0.08208186588175982,0.4072607282763817,False,1.03530059669932,1.1618262584069141,False,False,False,0,0,0.0
50,fixed,67,normal_pre,19,unloaded,baseline,low,-0.11859108626620898,0.4072607282763817,False,1.0824546500723469,1.1618262584069141,False,False,False,0,0,0.0
50,fixed,68,normal_pre,20,unloaded,baseline,low,-0.09442363335705675,0.4072607282763817,False,0.9034968086847417,1.1618262584069141,False,False,False,0,0,0.0
50,fixed,69,normal_pre,21,unloaded,baseline,low,-0.08782596223184766,0.4072607282763817,False,0.9182727152286915,1.1618262584069141,False,False,False,0,0,0.0
50,fixed,70,normal_pre,22,unloaded,baseline,low,0.019664381033028908,0.4072607282763817,False,1.1878706640585426,1.1618262584069141,True,True,False,0,0,0.0
50,fixed,71,normal_pre,23,unloaded,baseline,low,0.01282746574072316,0.4072607282763817,False,1.1659561866315453,1.1618262584069141,True,True,False,0,0,0.0
50,fixed,72,normal_pre,24,unloaded,baseline,low,0.0729093044730977,0.4072607282763817,False,1.0201142483069274,1.1618262584069141,False,False,False,0,0,0.0
50,fixed,73,normal_pre,25,unloaded,baseline,low,-0.0424289024717688,0.4072607282763817,False,0.9215978137477238,1.1618262584069141,False,False,False,0,0,0.0
50,fixed,74,normal_pre,26,unloaded,baseline,low,0.021322211923292086,0.4072607282763817,False,1.0646705684619602,1.1618262584069141,False,False,False,0,0,0.0
50,fixed,75,normal_pre,27,unloaded,baseline,low,-0.12866787070571195,0.4072607282763817,False,0.9064842018854348,1.1618262584069141,False,False,False,0,0,0.0
50,fixed,76,normal_pre,28,unloaded,baseline,low,-0.057205214009062484,0.4072607282763817,False,0.9669022810695387,1.1618262584069141,False,False,False,0,0,0.0
50,fixed,77,normal_pre,29,unloaded,baseline,low,-0.07285759387285287,0.4072607282763817,False,0.9179298144439162,1.1618262584069141,False,False,False,0,0,0.0
50,fixed,78,benign_cpu_drift,0,unloaded,cpu,high,-0.0501685258608878,0.4201396874464996,False,1.19761216362602,1.1618262584069141,True,True,False,0,0,0.0
50,fixed,79,benign_cpu_drift,1,unloaded,cpu,high,0.03502539943958842,0.4201396874464996,False,1.3147179770931885,1.1618262584069141,True,True,False,0,0,0.0
50,fixed,80,benign_cpu_drift,2,unloaded,cpu,high,0.06246995540720886,0.4201396874464996,False,1.3109928276585852,1.1618262584069141,True,True,False,0,0,0.0
50,fixed,81,benign_cpu_drift,3,unloaded,cpu,high,0.09082941727543728,0.4201396874464996,False,1.249369400261332,1.1618262584069141,True,True,False,0,0,0.0
50,fixed,82,benign_cpu_drift,4,unloaded,cpu,high,-0.10293138323129049,0.4201396874464996,False,1.2258962829035385,1.1618262584069141,True,True,False,0,0,0.0
50,fixed,83,benign_cpu_drift,5,unloaded,cpu,high,0.12588126196769284,0.4201396874464996,False,1.3427631049146516,1.1618262584069141,True,True,False,0,0,0.0
50,fixed,84,benign_cpu_drift,6,unloaded,cpu,high,-0.007133780945795443,0.4201396874464996,False,1.317430010572774,1.1618262584069141,True,True,False,0,0,0.0
50,fixed,85,benign_cpu_drift,7,unloaded,cpu,high,-0.010431486320128747,0.4201396874464996,False,1.2736062511852158,1.1618262584069141,True,True,False,0,0,0.0
50,fixed,86,benign_cpu_drift,8,unloaded,cpu,high,0.04911880143500191,0.4201396874464996,False,1.2651480318274273,1.1618262584069141,True,True,False,0,0,0.0
50,fixed,87,benign_cpu_drift,9,unloaded,cpu,high,-0.006218593713696419,0.4201396874464996,False,1.2556974783803654,1.1618262584069141,True,True,False,0,0,0.0
50,fixed,88,benign_cpu_drift,10,unloaded,cpu,high,0.04799033605196297,0.4201396874464996,False,1.28125397777899,1.1618262584069141,True,True,False,0,0,0.0
50,fixed,89,benign_cpu_drift,11,unloaded,cpu,high,-0.015083657762214066,0.4201396874464996,False,1.260108429384519,1.1618262584069141,True,True,False,0,0,0.0
50,fixed,90,benign_cpu_drift,12,unloaded,cpu,high,0.028434895087584476,0.4201396874464996,False,1.2714968918122047,1.1618262584069141,True,True,False,0,0,0.0
50,fixed,91,benign_cpu_drift,13,unloaded,cpu,high,0.04012470523741363,0.4201396874464996,False,1.295988320591452,1.1618262584069141,True,True,False,0,0,0.0
50,fixed,92,benign_cpu_drift,14,unloaded,cpu,high,0.0604274748504325,0.4201396874464996,False,1.257941919880712,1.1618262584069141,True,True,False,0,0,0.0
50,fixed,93,benign_cpu_drift,15,unloaded,cpu,high,0.028379435388274393,0.4201396874464996,False,1.2369937992108087,1.1618262584069141,True,True,False,0,0,0.0
50,fixed,94,benign_cpu_drift,16,unloaded,cpu,high,-0.0841541904997875,0.4201396874464996,False,1.2997810110897232,1.1618262584069141,True,True,False,0,0,0.0
50,fixed,95,benign_cpu_drift,17,unloaded,cpu,high,0.10982917271061138,0.4201396874464996,False,1.3293743879091104,1.1618262584069141,True,True,False,0,0,0.0
50,fixed,96,benign_cpu_drift,18,unloaded,cpu,high,-0.10645979201596495,0.4201396874464996,False,1.2503409524848617,1.1618262584069141,True,True,False,0,0,0.0
50,fixed,97,benign_cpu_drift,19,unloaded,cpu,high,-0.11173540812200224,0.4201396874464996,False,1.2438622058391848,1.1618262584069141,True,True,False,0,0,0.0
50,fixed,98,benign_cpu_drift,20,unloaded,cpu,high,0.03763375442337867,0.4201396874464996,False,1.3156999202495903,1.1618262584069141,True,True,False,0,0,0.0
50,fixed,99,benign_cpu_drift,21,unloaded,cpu,high,0.06844934071757651,0.4201396874464996,False,1.2600668656530312,1.1618262584069141,True,True,False,0,0,0.0
50,fixed,100,benign_cpu_drift,22,unloaded,cpu,high,-0.06541688796260117,0.4201396874464996,False,1.230816389618419,1.1618262584069141,True,True,False,0,0,0.0
50,fixed,101,benign_cpu_drift,23,unloaded,cpu,high,-0.036308081028168834,0.4201396874464996,False,1.2513488729734434,1.1618262584069141,True,True,False,0,0,0.0
50,fixed,102,benign_cpu_drift,24,unloaded,cpu,high,0.1018275154979757,0.4201396874464996,False,1.3751516426766004,1.1618262584069141,True,True,False,0,0,0.0
50,fixed,103,benign_cpu_drift,25,unloaded,cpu,high,0.024504046827311696,0.4201396874464996,False,1.3280235666357536,1.1618262584069141,True,True,False,0,0,0.0
50,fixed,104,benign_cpu_drift,26,unloaded,cpu,high,-0.02892492218531792,0.4201396874464996,False,1.2586692851817505,1.1618262584069141,True,True,False,0,0,0.0
50,fixed,105,benign_cpu_drift,27,unloaded,cpu,high,0.09157653043267683,0.4201396874464996,False,1.4043345776475447,1.1618262584069141,True,True,False,0,0,0.0
50,fixed,106,benign_cpu_drift,28,unloaded,cpu,high,0.04450184999228594,0.4201396874464996,False,1.2957181563367806,1.1618262584069141,True,True,False,0,0,0.0
50,fixed,107,benign_cpu_drift,29,unloaded,cpu,high,0.03446267922974014,0.4201396874464996,False,1.258425098259259,1.1618262584069141,True,True,False,0,0,0.0
50,fixed,108,benign_cpu_drift,30,unloaded,cpu,high,-0.12694031359445646,0.4201396874464996,False,1.2952141960924897,1.1618262584069141,True,True,False,0,0,0.0
50,fixed,109,benign_cpu_drift,31,unloaded,cpu,high,-0.051660685191195654,0.4201396874464996,False,1.2215113092315646,1.1618262584069141,True,True,False,0,0,0.0
50,fixed,110,benign_cpu_drift,32,unloaded,cpu,high,0.06902403902898262,0.4201396874464996,False,1.2603578117734464,1.1618262584069141,True,True,False,0,0,0.0
50,fixed,111,benign_cpu_drift,33,unloaded,cpu,high,0.011988617186349092,0.4201396874464996,False,1.2336219414938525,1.1618262584069141,True,True,False,0,0,0.0
50,fixed,112,benign_cpu_drift,34,unloaded,cpu,high,-0.04887910155404421,0.4201396874464996,False,1.3157310930482062,1.1618262584069141,True,True,False,0,0,0.0
50,fixed,113,benign_cpu_drift,35,unloaded,cpu,high,0.13759478059341215,0.4201396874464996,False,1.3233736241755445,1.1618262584069141,True,True,False,0,0,0.0
50,fixed,114,benign_cpu_drift,36,unloaded,cpu,high,0.08199994994651774,0.4201396874464996,False,1.2889276817049442,1.1618262584069141,True,True,False,0,0,0.0
50,fixed,115,benign_cpu_drift,37,unloaded,cpu,high,0.06232149429272928,0.4201396874464996,False,1.2529646630350357,1.1618262584069141,True,True,False,0,0,0.0
50,fixed,116,benign_cpu_drift,38,unloaded,cpu,high,-0.0311456301660804,0.4201396874464996,False,1.2732217866689526,1.1618262584069141,True,True,False,0,0,0.0
50,fixed,117,benign_cpu_drift,39,unloaded,cpu,high,0.02873787024547747,0.4201396874464996,False,1.2690446316544184,1.1618262584069141,True,True,False,0,0,0.0
50,fixed,118,benign_cpu_drift,40,unloaded,cpu,high,-0.007454873963552531,0.4201396874464996,False,1.2911149730744953,1.1618262584069141,True,True,False,0,0,0.0
50,fixed,119,benign_cpu_drift,41,unloaded,cpu,high,-0.003564169829999171,0.4201396874464996,False,1.2539725835236173,1.1618262584069141,True,True,False,0,0,0.0
50,fixed,120,benign_cpu_drift,42,unloaded,cpu,high,-0.06032923537067803,0.4201396874464996,False,1.2741985343589184,1.1618262584069141,True,True,False,0,0,0.0
50,fixed,121,benign_cpu_drift,43,unloaded,cpu,high,0.01896076433608831,0.4201396874464996,False,1.282547648921551,1.1618262584069141,True,True,False,0,0,0.0
50,fixed,122,benign_cpu_drift,44,unloaded,cpu,high,0.027739249267080678,0.4201396874464996,False,1.3159700845042617,1.1618262584069141,True,True,False,0,0,0.0
50,fixed,123,benign_cpu_drift,45,unloaded,cpu,high,0.004194705921908411,0.4201396874464996,False,1.2844128213720707,1.1618262584069141,True,True,False,0,0,0.0
50,fixed,124,benign_cpu_drift,46,unloaded,cpu,high,-0.04797797596664044,0.4201396874464996,False,1.2291538403589028,1.1618262584069141,True,True,False,0,0,0.0
50,fixed,125,benign_cpu_drift,47,unloaded,cpu,high,0.06825115144006204,0.4201396874464996,False,1.3024670672371288,1.1618262584069141,True,True,False,0,0,0.0
50,fixed,126,benign_cpu_drift,48,unloaded,cpu,high,0.11093272296470072,0.4201396874464996,False,1.3274780426599748,1.1618262584069141,True,True,False,0,0,0.0
50,fixed,127,benign_cpu_drift,49,unloaded,cpu,high,-0.050597872115767724,0.4201396874464996,False,1.242033401653717,1.1618262584069141,True,True,False,0,0,0.0
50,fixed,128,benign_cpu_drift,50,unloaded,cpu,high,0.009512836313522736,0.4201396874464996,False,1.2897693472675744,1.1618262584069141,True,True,False,0,0,0.0
50,fixed,129,benign_cpu_drift,51,unloaded,cpu,high,-0.05754179155771201,0.4201396874464996,False,1.2871716140495804,1.1618262584069141,True,True,False,0,0,0.0
50,fixed,130,benign_cpu_drift,52,unloaded,cpu,high,0.002670049939858589,0.4201396874464996,False,1.2923411031533885,1.1618262584069141,True,True,False,0,0,0.0
50,fixed,131,benign_cpu_drift,53,unloaded,cpu,high,-0.07035214909229938,0.4201396874464996,False,1.2340219924094236,1.1618262584069141,True,True,False,0,0,0.0
50,fixed,132,benign_cpu_drift,54,unloaded,cpu,high,-0.1840835942669565,0.4201396874464996,False,1.2288161350405635,1.1618262584069141,True,True,False,0,0,0.0
50,fixed,133,benign_cpu_drift,55,unloaded,cpu,high,0.11056317767438455,0.4201396874464996,False,1.3172014100495908,1.1618262584069141,True,True,False,0,0,0.0
50,fixed,134,benign_cpu_drift,56,unloaded,cpu,high,-0.010670714554329299,0.4201396874464996,False,1.2258910874371023,1.1618262584069141,True,True,False,0,0,0.0
50,fixed,135,benign_cpu_drift,57,unloaded,cpu,high,0.027690407166944805,0.4201396874464996,False,1.2654389779478428,1.1618262584069141,True,True,False,0,0,0.0
50,fixed,136,benign_cpu_drift,58,unloaded,cpu,high,0.0002715660720089205,0.4201396874464996,False,1.2579263334814041,1.1618262584069141,True,True,False,0,0,0.0
50,fixed,137,benign_cpu_drift,59,unloaded,cpu,high,-0.019799358356748533,0.4201396874464996,False,1.2629659359243124,1.1618262584069141,True,True,False,0,0,0.0
50,fixed,138,benign_cpu_drift,60,unloaded,cpu,high,-0.0220332790958685,0.4201396874464996,False,1.3160116482357496,1.1618262584069141,True,True,False,0,0,0.0
50,fixed,139,benign_cpu_drift,61,unloaded,cpu,high,0.02050837752192379,0.4201396874464996,False,1.240744925977592,1.1618262584069141,True,True,False,0,0,0.0
50,fixed,140,benign_cpu_drift,62,unloaded,cpu,high,0.056237054988069794,0.4201396874464996,False,1.2840075749900637,1.1618262584069141,True,True,False,0,0,0.0
50,fixed,141,benign_cpu_drift,63,unloaded,cpu,high,-0.021298975669213523,0.4201396874464996,False,1.2569807585900543,1.1618262584069141,True,True,False,0,0,0.0
50,fixed,142,benign_cpu_drift,64,unloaded,cpu,high,-0.03837971605705722,0.4201396874464996,False,1.2705565123872908,1.1618262584069141,True,True,False,0,0,0.0
50,fixed,143,benign_cpu_drift,65,unloaded,cpu,high,0.06234983553578987,0.4201396874464996,False,1.2287745713090756,1.1618262584069141,True,True,False,0,0,0.0
50,fixed,144,benign_cpu_drift,66,unloaded,cpu,high,0.01679936815311069,0.4201396874464996,False,1.2312008541346822,1.1618262584069141,True,True,False,0,0,0.0
50,fixed,145,benign_cpu_drift,67,unloaded,cpu,high,0.07528643907242703,0.4201396874464996,False,1.3081405165852278,1.1618262584069141,True,True,False,0,0,0.0
50,fixed,146,benign_cpu_drift,68,unloaded,cpu,high,-0.05556548278930551,0.4201396874464996,False,1.2326036300723988,1.1618262584069141,True,True,False,0,0,0.0
50,fixed,147,benign_cpu_drift,69,unloaded,cpu,high,0.01991626375725081,0.4201396874464996,False,1.2693407732412696,1.1618262584069141,True,True,False,0,0,0.0
50,fixed,148,benign_cpu_drift,70,unloaded,cpu,high,-0.01776991343567192,0.4201396874464996,False,1.2339960150772435,1.1618262584069141,True,True,False,0,0,0.0
50,fixed,149,benign_cpu_drift,71,unloaded,cpu,high,-0.10111022834857966,0.4201396874464996,False,1.245441627635725,1.1618262584069141,True,True,False,0,0,0.0
50,fixed,150,benign_cpu_drift,72,unloaded,cpu,high,0.006687429843258738,0.4201396874464996,False,1.2922112164924886,1.1618262584069141,True,True,False,0,0,0.0
50,fixed,151,benign_cpu_drift,73,unloaded,cpu,high,0.0511534913218853,0.4201396874464996,False,1.2295954550059618,1.1618262584069141,True,True,False,0,0,0.0
50,fixed,152,benign_cpu_drift,74,unloaded,cpu,high,-0.007559506386308435,0.4201396874464996,False,1.2666806944260438,1.1618262584069141,True,True,False,0,0,0.0
50,fixed,153,benign_cpu_drift,75,unloaded,cpu,high,-0.020025907752125826,0.4201396874464996,False,1.2291746222246467,1.1618262584069141,True,True,False,0,0,0.0
50,fixed,154,benign_cpu_drift,76,unloaded,cpu,high,-0.04786406468041781,0.4201396874464996,False,1.2676782239817534,1.1618262584069141,True,True,False,0,0,0.0
50,fixed,155,benign_cpu_drift,77,unloaded,cpu,high,0.0037397595726607405,0.4201396874464996,False,1.22687822605994,1.1618262584069141,True,True,False,0,0,0.0
50,fixed,156,benign_cpu_drift,78,unloaded,cpu,high,-0.12005767832784926,0.4201396874464996,False,1.217874482726373,1.1618262584069141,True,True,False,0,0,0.0
50,fixed,157,benign_cpu_drift,79,unloaded,cpu,high,-0.05080294153433208,0.4201396874464996,False,1.2700005974786401,1.1618262584069141,True,True,False,0,0,0.0
50,fixed,158,benign_cpu_drift,80,unloaded,cpu,high,0.08027289635754616,0.4201396874464996,False,1.3148634501533962,1.1618262584069141,True,True,False,0,0,0.0
50,fixed,159,benign_cpu_drift,81,unloaded,cpu,high,-0.058256766589441615,0.4201396874464996,False,1.2155417182966144,1.1618262584069141,True,True,False,0,0,0.0
50,fixed,160,benign_cpu_drift,82,unloaded,cpu,high,0.009694487883445523,0.4201396874464996,False,1.3108213772661974,1.1618262584069141,True,True,False,0,0,0.0
50,fixed,161,benign_cpu_drift,83,unloaded,cpu,high,-0.06733478458028248,0.4201396874464996,False,1.273980324768607,1.1618262584069141,True,True,False,0,0,0.0
50,fixed,162,benign_cpu_drift,84,unloaded,cpu,high,0.09906148158870344,0.4201396874464996,False,1.3223864855527068,1.1618262584069141,True,True,False,0,0,0.0
50,fixed,163,benign_cpu_drift,85,unloaded,cpu,high,-0.006014723719478027,0.4201396874464996,False,1.2605240666993982,1.1618262584069141,True,True,False,0,0,0.0
50,fixed,164,benign_cpu_drift,86,unloaded,cpu,high,0.144556457702778,0.4201396874464996,False,1.4840330327756,1.1618262584069141,True,True,False,0,0,0.0
50,fixed,165,benign_cpu_drift,87,unloaded,cpu,high,-0.13706309324930055,0.4201396874464996,False,1.2472600408883208,1.1618262584069141,True,True,False,0,0,0.0
50,fixed,166,benign_cpu_drift,88,unloaded,cpu,high,-0.016694883868113672,0.4201396874464996,False,1.3108109863333255,1.1618262584069141,True,True,False,0,0,0.0
50,fixed,167,benign_cpu_drift,89,unloaded,cpu,high,-0.10478673981408404,0.4201396874464996,False,1.2246753482910813,1.1618262584069141,True,True,False,0,0,0.0
50,fixed,168,benign_cpu_drift,90,unloaded,cpu,high,0.04458691887972936,0.4201396874464996,False,1.2380900426288022,1.1618262584069141,True,True,False,0,0,0.0
50,fixed,169,benign_cpu_drift,91,unloaded,cpu,high,0.04902703821332258,0.4201396874464996,False,1.2719956565900594,1.1618262584069141,True,True,False,0,0,0.0
50,fixed,170,benign_cpu_drift,92,unloaded,cpu,high,0.020012211966516924,0.4201396874464996,False,1.2688835721949028,1.1618262584069141,True,True,False,0,0,0.0
50,fixed,171,benign_cpu_drift,93,unloaded,cpu,high,0.04341204186233408,0.4201396874464996,False,1.2932918735111743,1.1618262584069141,True,True,False,0,0,0.0
50,fixed,172,benign_cpu_drift,94,unloaded,cpu,high,0.045211078267062846,0.4201396874464996,False,1.3587339687388784,1.1618262584069141,True,True,False,0,0,0.0
50,fixed,173,benign_cpu_drift,95,unloaded,cpu,high,-0.055755206183832576,0.4201396874464996,False,1.2444596844793234,1.1618262584069141,True,True,False,0,0,0.0
50,fixed,174,benign_cpu_drift,96,unloaded,cpu,high,-0.07323630898216363,0.4201396874464996,False,1.2081070058267156,1.1618262584069141,True,True,False,0,0,0.0
50,fixed,175,benign_cpu_drift,97,unloaded,cpu,high,0.069598542746756,0.4201396874464996,False,1.2690498271208543,1.1618262584069141,True,True,False,0,0,0.0
50,fixed,176,benign_cpu_drift,98,unloaded,cpu,high,0.003433951938095181,0.4201396874464996,False,1.285961070369995,1.1618262584069141,True,True,False,0,0,0.0
50,fixed,177,benign_cpu_drift,99,unloaded,cpu,high,0.10943720659776723,0.4201396874464996,False,1.3816096074565334,1.1618262584069141,True,True,False,0,0,0.0
50,fixed,178,benign_cpu_drift,100,unloaded,cpu,high,0.03352798298662593,0.4201396874464996,False,1.2770508454322758,1.1618262584069141,True,True,False,0,0,0.0
50,fixed,179,benign_cpu_drift,101,unloaded,cpu,high,0.07089903976110092,0.4201396874464996,False,1.312759286246821,1.1618262584069141,True,True,False,0,0,0.0
50,fixed,180,benign_cpu_drift,102,unloaded,cpu,high,0.0701341206165438,0.4201396874464996,False,1.254949331213583,1.1618262584069141,True,True,False,0,0,0.0
50,fixed,181,benign_cpu_drift,103,unloaded,cpu,high,0.019336414524932195,0.4201396874464996,False,1.278666635493868,1.1618262584069141,True,True,False,0,0,0.0
50,fixed,182,benign_cpu_drift,104,unloaded,cpu,high,0.07327162141908039,0.4201396874464996,False,1.2828437905084025,1.1618262584069141,True,True,False,0,0,0.0
50,fixed,183,benign_cpu_drift,105,unloaded,cpu,high,-0.06960709691132114,0.4201396874464996,False,1.2615943327852117,1.1618262584069141,True,True,False,0,0,0.0
50,fixed,184,benign_cpu_drift,106,unloaded,cpu,high,-0.08134367198582042,0.4201396874464996,False,1.2567469626004348,1.1618262584069141,True,True,False,0,0,0.0
50,fixed,185,benign_cpu_drift,107,unloaded,cpu,high,-0.02413475739789141,0.4201396874464996,False,1.2793940007949063,1.1618262584069141,True,True,False,0,0,0.0
50,fixed,186,benign_cpu_drift,108,unloaded,cpu,high,0.0765152263956924,0.4201396874464996,False,1.3048206135326315,1.1618262584069141,True,True,False,0,0,0.0
50,fixed,187,benign_cpu_drift,109,unloaded,cpu,high,0.09052767935471932,0.4201396874464996,False,1.2433790274606378,1.1618262584069141,True,True,False,0,0,0.0
50,fixed,188,benign_cpu_drift,110,unloaded,cpu,high,0.0840580149012779,0.4201396874464996,False,1.2250494218744723,1.1618262584069141,True,True,False,0,0,0.0
50,fixed,189,benign_cpu_drift,111,unloaded,cpu,high,-0.03667103367381048,0.4201396874464996,False,1.2958688248634243,1.1618262584069141,True,True,False,0,0,0.0
50,fixed,190,benign_cpu_drift,112,unloaded,cpu,high,0.041147808398920106,0.4201396874464996,False,1.3539541396177694,1.1618262584069141,True,True,False,0,0,0.0
50,fixed,191,benign_cpu_drift,113,unloaded,cpu,high,-0.030971393171405823,0.4201396874464996,False,1.232499720743679,1.1618262584069141,True,True,False,0,0,0.0
50,fixed,192,benign_cpu_drift,114,unloaded,cpu,high,0.09760371614205333,0.4201396874464996,False,1.3037763247789977,1.1618262584069141,True,True,False,0,0,0.0
50,fixed,193,benign_cpu_drift,115,unloaded,cpu,high,-0.03256551084458451,0.4201396874464996,False,1.267906824504937,1.1618262584069141,True,True,False,0,0,0.0
50,fixed,194,benign_cpu_drift,116,unloaded,cpu,high,-0.0687213115954504,0.4201396874464996,False,1.2850986229416212,1.1618262584069141,True,True,False,0,0,0.0
50,fixed,195,benign_cpu_drift,117,unloaded,cpu,high,0.023561070435638334,0.4201396874464996,False,1.2613449503962841,1.1618262584069141,True,True,False,0,0,0.0
50,fixed,196,benign_cpu_drift,118,unloaded,cpu,high,0.161880205096715,0.4201396874464996,False,1.3500315624585986,1.1618262584069141,True,True,False,0,0,0.0
50,fixed,197,benign_cpu_drift,119,unloaded,cpu,high,0.015063274449787022,0.4201396874464996,False,1.2776015648744905,1.1618262584069141,True,True,False,0,0,0.0
50,fixed,198,normal_recovery_1,0,unloaded,baseline,low,-0.05330910279516486,0.4072607282763817,False,0.8972362716293762,1.1618262584069141,False,False,False,0,0,0.0
50,fixed,199,normal_recovery_1,1,unloaded,baseline,low,-0.03411454935420291,0.4072607282763817,False,0.9523445841159005,1.1618262584069141,False,False,False,0,0,0.0
50,fixed,200,normal_recovery_1,2,unloaded,baseline,low,-0.030720121697451988,0.4072607282763817,False,0.9246371616127766,1.1618262584069141,False,False,False,0,0,0.0
50,fixed,201,normal_recovery_1,3,unloaded,baseline,low,-0.04794536734631804,0.4072607282763817,False,0.8911783577650142,1.1618262584069141,False,False,False,0,0,0.0
50,fixed,202,normal_recovery_1,4,unloaded,baseline,low,0.0672010423725061,0.4072607282763817,False,0.9951500320820053,1.1618262584069141,False,False,False,0,0,0.0
50,fixed,203,normal_recovery_1,5,unloaded,baseline,low,-0.02109473524050407,0.4072607282763817,False,0.9226472979677933,1.1618262584069141,False,False,False,0,0,0.0
50,fixed,204,normal_recovery_1,6,unloaded,baseline,low,-0.07893635321587583,0.4072607282763817,False,0.9009302482653636,1.1618262584069141,False,False,False,0,0,0.0
50,fixed,205,normal_recovery_1,7,unloaded,baseline,low,-0.13452198063299523,0.4072607282763817,False,0.9131240079906274,1.1618262584069141,False,False,False,0,0,0.0
50,fixed,206,normal_recovery_1,8,unloaded,baseline,low,-0.021362492858010645,0.4072607282763817,False,0.9472322451428883,1.1618262584069141,False,False,False,0,0,0.0
50,fixed,207,normal_recovery_1,9,unloaded,baseline,low,-0.017201020480156072,0.4072607282763817,False,0.9187610890736743,1.1618262584069141,False,False,False,0,0,0.0
50,fixed,208,normal_recovery_1,10,unloaded,baseline,low,-0.02631511174509754,0.4072607282763817,False,0.9024265425989282,1.1618262584069141,False,False,False,0,0,0.0
50,fixed,209,normal_recovery_1,11,unloaded,baseline,low,-0.09704850246975752,0.4072607282763817,False,0.9185740522819787,1.1618262584069141,False,False,False,0,0,0.0
50,fixed,210,normal_recovery_1,12,unloaded,baseline,low,-0.057481285496972,0.4072607282763817,False,0.891303048959478,1.1618262584069141,False,False,False,0,0,0.0
50,fixed,211,normal_recovery_1,13,unloaded,baseline,low,-0.08047466284992393,0.4072607282763817,False,1.0982228907055702,1.1618262584069141,False,False,False,0,0,0.0
50,fixed,212,normal_recovery_1,14,unloaded,baseline,low,-0.02932260793596148,0.4072607282763817,False,0.9431589994570737,1.1618262584069141,False,False,False,0,0,0.0
50,fixed,213,normal_recovery_1,15,unloaded,baseline,low,0.015930774293007,0.4072607282763817,False,1.0561863717719917,1.1618262584069141,False,False,False,0,0,0.0
50,fixed,214,normal_recovery_1,16,unloaded,baseline,low,-0.030936352726162037,0.4072607282763817,False,0.9698533060051798,1.1618262584069141,False,False,False,0,0,0.0
50,fixed,215,normal_recovery_1,17,unloaded,baseline,low,-0.015160208693461427,0.4072607282763817,False,0.9487856896072487,1.1618262584069141,False,False,False,0,0,0.0
50,fixed,216,normal_recovery_1,18,unloaded,baseline,low,-0.0013294755117633957,0.4072607282763817,False,0.9463646022480783,1.1618262584069141,False,False,False,0,0,0.0
50,fixed,217,normal_recovery_1,19,unloaded,baseline,low,-0.0023702587499999095,0.4072607282763817,False,0.9020161007504851,1.1618262584069141,False,False,False,0,0,0.0
50,fixed,218,normal_recovery_1,20,unloaded,baseline,low,-0.1629688145476428,0.4072607282763817,False,1.118563141802463,1.1618262584069141,False,False,False,0,0,0.0
50,fixed,219,normal_recovery_1,21,unloaded,baseline,low,0.007133734648666426,0.4072607282763817,False,0.9962566664328707,1.1618262584069141,False,False,False,0,0,0.0
50,fixed,220,normal_recovery_1,22,unloaded,baseline,low,0.10238405607924872,0.4072607282763817,False,1.177744699974802,1.1618262584069141,True,True,False,0,0,0.0
50,fixed,221,normal_recovery_1,23,unloaded,baseline,low,-0.04523253755051785,0.4072607282763817,False,0.9453307044273167,1.1618262584069141,False,False,False,0,0,0.0
50,fixed,222,normal_recovery_1,24,unloaded,baseline,low,-0.01960421067884765,0.4072607282763817,False,0.9089052892446051,1.1618262584069141,False,False,False,0,0,0.0
50,fixed,223,normal_recovery_1,25,unloaded,baseline,low,-0.002292982778735575,0.4072607282763817,False,1.2178952645921168,1.1618262584069141,True,True,False,0,0,0.0
50,fixed,224,normal_recovery_1,26,unloaded,baseline,low,-0.016708695548661622,0.4072607282763817,False,0.9506300801920244,1.1618262584069141,False,False,False,0,0,0.0
50,fixed,225,normal_recovery_1,27,unloaded,baseline,low,0.017603632903743973,0.4072607282763817,False,1.0024652488238763,1.1618262584069141,False,False,False,0,0,0.0
50,fixed,226,normal_recovery_1,28,unloaded,baseline,low,0.043349232309462374,0.4072607282763817,False,1.028894586583747,1.1618262584069141,False,False,False,0,0,0.0
50,fixed,227,normal_recovery_1,29,unloaded,baseline,low,-0.03139771588897073,0.4072607282763817,False,0.9146774524549878,1.1618262584069141,False,False,False,0,0,0.0
50,fixed,228,persistent_attack_baseline,0,hiding,baseline,low,0.7178274129743505,0.4072607282763817,True,1.8161064654982062,1.1618262584069141,True,True,False,0,0,0.0
50,fixed,229,persistent_attack_baseline,1,hiding,baseline,low,0.6433214631619052,0.4072607282763817,True,1.5341900657486278,1.1618262584069141,True,True,False,0,0,0.0
50,fixed,230,persistent_attack_baseline,2,hiding,baseline,low,0.4196759838198757,0.4072607282763817,True,1.4862463014773308,1.1618262584069141,True,True,False,0,0,0.0
50,fixed,231,persistent_attack_baseline,3,hiding,baseline,low,0.6174899500089378,0.4072607282763817,True,1.480203974012277,1.1618262584069141,True,True,False,0,0,0.0
50,fixed,232,persistent_attack_baseline,4,hiding,baseline,low,0.5929203994148027,0.4072607282763817,True,1.5546290307078043,1.1618262584069141,True,True,False,0,0,0.0
50,fixed,233,persistent_attack_baseline,5,hiding,baseline,low,0.5424528085127441,0.4072607282763817,True,1.3831994201859457,1.1618262584069141,True,True,False,0,0,0.0
50,fixed,234,persistent_attack_baseline,6,hiding,baseline,low,0.6277697435165,0.4072607282763817,True,1.3977311398074042,1.1618262584069141,True,True,False,0,0,0.0
50,fixed,235,persistent_attack_baseline,7,hiding,baseline,low,0.5647437380269791,0.4072607282763817,True,1.5773643918316878,1.1618262584069141,True,True,False,0,0,0.0
50,fixed,236,persistent_attack_baseline,8,hiding,baseline,low,0.5837959494289843,0.4072607282763817,True,1.440115754992194,1.1618262584069141,True,True,False,0,0,0.0
50,fixed,237,persistent_attack_baseline,9,hiding,baseline,low,0.6265631860855351,0.4072607282763817,True,2.0217949816989695,1.1618262584069141,True,True,False,0,0,0.0
50,fixed,238,persistent_attack_baseline,10,hiding,baseline,low,0.5923926016961905,0.4072607282763817,True,1.4147514878517007,1.1618262584069141,True,True,False,0,0,0.0
50,fixed,239,persistent_attack_baseline,11,hiding,baseline,low,0.5656745730385724,0.4072607282763817,True,1.3713537567118932,1.1618262584069141,True,True,False,0,0,0.0
50,fixed,240,persistent_attack_baseline,12,hiding,baseline,low,0.5815792157011354,0.4072607282763817,True,1.3850282243714136,1.1618262584069141,True,True,False,0,0,0.0
50,fixed,241,persistent_attack_baseline,13,hiding,baseline,low,0.5946427415613311,0.4072607282763817,True,1.4925951614621082,1.1618262584069141,True,True,False,0,0,0.0
50,fixed,242,persistent_attack_baseline,14,hiding,baseline,low,0.5255419387013545,0.4072607282763817,True,1.5154032591160953,1.1618262584069141,True,True,False,0,0,0.0
50,fixed,243,persistent_attack_baseline,15,hiding,baseline,low,0.677099552238478,0.4072607282763817,True,1.609145060020626,1.1618262584069141,True,True,False,0,0,0.0
50,fixed,244,persistent_attack_baseline,16,hiding,baseline,low,0.5795919955807396,0.4072607282763817,True,1.5470696270434419,1.1618262584069141,True,True,False,0,0,0.0
50,fixed,245,persistent_attack_baseline,17,hiding,baseline,low,0.5946126425240406,0.4072607282763817,True,1.4329096430454784,1.1618262584069141,True,True,False,0,0,0.0
50,fixed,246,persistent_attack_baseline,18,hiding,baseline,low,0.5831642179379133,0.4072607282763817,True,1.4392533075638199,1.1618262584069141,True,True,False,0,0,0.0
50,fixed,247,persistent_attack_baseline,19,hiding,baseline,low,0.633836485164994,0.4072607282763817,True,1.6106205724884466,1.1618262584069141,True,True,False,0,0,0.0
50,fixed,248,persistent_attack_baseline,20,hiding,baseline,low,0.56604544510074,0.4072607282763817,True,1.3872466885395804,1.1618262584069141,True,True,False,0,0,0.0
50,fixed,249,persistent_attack_baseline,21,hiding,baseline,low,0.6820166864369817,0.4072607282763817,True,1.692054313406122,1.1618262584069141,True,True,False,0,0,0.0
50,fixed,250,persistent_attack_baseline,22,hiding,baseline,low,0.5699783118805781,0.4072607282763817,True,1.3925096960392362,1.1618262584069141,True,True,False,0,0,0.0
50,fixed,251,persistent_attack_baseline,23,hiding,baseline,low,0.730619963995732,0.4072607282763817,True,1.6883499458372624,1.1618262584069141,True,True,False,0,0,0.0
50,fixed,252,persistent_attack_baseline,24,hiding,baseline,low,0.5275326623682021,0.4072607282763817,True,1.5027730802102086,1.1618262584069141,True,True,False,0,0,0.0
50,fixed,253,persistent_attack_baseline,25,hiding,baseline,low,0.6236045372804966,0.4072607282763817,True,1.5404350164046852,1.1618262584069141,True,True,False,0,0,0.0
50,fixed,254,persistent_attack_baseline,26,hiding,baseline,low,0.576947413802346,0.4072607282763817,True,1.5311299360178308,1.1618262584069141,True,True,False,0,0,0.0
50,fixed,255,persistent_attack_baseline,27,hiding,baseline,low,0.6661389226652933,0.4072607282763817,True,1.7212060755784502,1.1618262584069141,True,True,False,0,0,0.0
50,fixed,256,persistent_attack_baseline,28,hiding,baseline,low,0.4766550217009129,0.4072607282763817,True,1.4678959140254215,1.1618262584069141,True,True,False,0,0,0.0
50,fixed,257,persistent_attack_baseline,29,hiding,baseline,low,0.6209301388027726,0.4072607282763817,True,1.6166005543562687,1.1618262584069141,True,True,False,0,0,0.0
50,fixed,258,persistent_attack_baseline,30,hiding,baseline,low,0.6491415899215844,0.4072607282763817,True,1.6172292057950233,1.1618262584069141,True,True,False,0,0,0.0
50,fixed,259,persistent_attack_baseline,31,hiding,baseline,low,0.6627090000095367,0.4072607282763817,True,1.6428688326566239,1.1618262584069141,True,True,False,0,0,0.0
50,fixed,260,persistent_attack_baseline,32,hiding,baseline,low,0.5665812129843362,0.4072607282763817,True,1.3958711628233205,1.1618262584069141,True,True,False,0,0,0.0
50,fixed,261,persistent_attack_baseline,33,hiding,baseline,low,0.7124478080639018,0.4072607282763817,True,1.77828866531065,1.1618262584069141,True,True,False,0,0,0.0
50,fixed,262,persistent_attack_baseline,34,hiding,baseline,low,0.5965133022233147,0.4072607282763817,True,1.4932134219679907,1.1618262584069141,True,True,False,0,0,0.0
50,fixed,263,persistent_attack_baseline,35,hiding,baseline,low,0.6183757044338931,0.4072607282763817,True,1.4688103161181554,1.1618262584069141,True,True,False,0,0,0.0
50,fixed,264,persistent_attack_baseline,36,hiding,baseline,low,0.6774713193601805,0.4072607282763817,True,1.7167223880441926,1.1618262584069141,True,True,False,0,0,0.0
50,fixed,265,persistent_attack_baseline,37,hiding,baseline,low,0.5593125033572223,0.4072607282763817,True,1.433159025434406,1.1618262584069141,True,True,False,0,0,0.0
50,fixed,266,persistent_attack_baseline,38,hiding,baseline,low,0.675642629956053,0.4072607282763817,True,1.5749796727375691,1.1618262584069141,True,True,False,0,0,0.0
50,fixed,267,persistent_attack_baseline,39,hiding,baseline,low,0.48175132054201253,0.4072607282763817,True,1.4372946167174523,1.1618262584069141,True,True,False,0,0,0.0
50,fixed,268,persistent_attack_baseline,40,hiding,baseline,low,0.7415948374846995,0.4072607282763817,True,1.7234349306794892,1.1618262584069141,True,True,False,0,0,0.0
50,fixed,269,persistent_attack_baseline,41,hiding,baseline,low,0.625458546885514,0.4072607282763817,True,1.4688259025174633,1.1618262584069141,True,True,False,0,0,0.0
50,fixed,270,persistent_attack_baseline,42,hiding,baseline,low,0.7250955833784756,0.4072607282763817,True,1.7192785575306988,1.1618262584069141,True,True,False,0,0,0.0
50,fixed,271,persistent_attack_baseline,43,hiding,baseline,low,0.6203221432871527,0.4072607282763817,True,1.5874487921839402,1.1618262584069141,True,True,False,0,0,0.0
50,fixed,272,persistent_attack_baseline,44,hiding,baseline,low,0.6100366562333563,0.4072607282763817,True,1.7201462004255088,1.1618262584069141,True,True,False,0,0,0.0
50,fixed,273,persistent_attack_baseline,45,hiding,baseline,low,0.6134463866413774,0.4072607282763817,True,1.434411132845479,1.1618262584069141,True,True,False,0,0,0.0
50,fixed,274,persistent_attack_baseline,46,hiding,baseline,low,0.6115646554435933,0.4072607282763817,True,1.4047190421638078,1.1618262584069141,True,True,False,0,0,0.0
50,fixed,275,persistent_attack_baseline,47,hiding,baseline,low,0.7421427828420479,0.4072607282763817,True,1.6822764455735926,1.1618262584069141,True,True,False,0,0,0.0
50,fixed,276,persistent_attack_baseline,48,hiding,baseline,low,0.594238413009449,0.4072607282763817,True,1.3951905567202059,1.1618262584069141,True,True,False,0,0,0.0
50,fixed,277,persistent_attack_baseline,49,hiding,baseline,low,0.6870217229081905,0.4072607282763817,True,1.786918335060826,1.1618262584069141,True,True,False,0,0,0.0
50,fixed,278,persistent_attack_baseline,50,hiding,baseline,low,0.5841492167203427,0.4072607282763817,True,1.4945746341742197,1.1618262584069141,True,True,False,0,0,0.0
50,fixed,279,persistent_attack_baseline,51,hiding,baseline,low,0.5758759815338469,0.4072607282763817,True,1.424487791952742,1.1618262584069141,True,True,False,0,0,0.0
50,fixed,280,persistent_attack_baseline,52,hiding,baseline,low,0.5723452784380814,0.4072607282763817,True,1.4287948336281762,1.1618262584069141,True,True,False,0,0,0.0
50,fixed,281,persistent_attack_baseline,53,hiding,baseline,low,0.5929177983157216,0.4072607282763817,True,1.4397157040766226,1.1618262584069141,True,True,False,0,0,0.0
50,fixed,282,persistent_attack_baseline,54,hiding,baseline,low,0.4971906808004084,0.4072607282763817,True,1.5227912123880702,1.1618262584069141,True,True,False,0,0,0.0
50,fixed,283,persistent_attack_baseline,55,hiding,baseline,low,0.6590437760737833,0.4072607282763817,True,1.7775820818753556,1.1618262584069141,True,True,False,0,0,0.0
50,fixed,284,persistent_attack_baseline,56,hiding,baseline,low,0.6146879460730212,0.4072607282763817,True,1.493457608890482,1.1618262584069141,True,True,False,0,0,0.0
50,fixed,285,persistent_attack_baseline,57,hiding,baseline,low,0.4011672558470474,0.4072607282763817,False,1.4173648074690026,1.1618262584069141,True,True,False,0,0,0.0
50,fixed,286,persistent_attack_baseline,58,hiding,baseline,low,0.4236425844909424,0.4072607282763817,True,1.4035968214136345,1.1618262584069141,True,True,False,0,0,0.0
50,fixed,287,persistent_attack_baseline,59,hiding,baseline,low,0.6017803559369851,0.4072607282763817,True,1.5083166428974077,1.1618262584069141,True,True,False,0,0,0.0
50,fixed,288,persistent_attack_baseline,60,hiding,baseline,low,0.5653745696573544,0.4072607282763817,True,1.390421118531969,1.1618262584069141,True,True,False,0,0,0.0
50,fixed,289,persistent_attack_baseline,61,hiding,baseline,low,0.5768310864935644,0.4072607282763817,True,1.407270016183878,1.1618262584069141,True,True,False,0,0,0.0
50,fixed,290,persistent_attack_baseline,62,hiding,baseline,low,0.5411936351323802,0.4072607282763817,True,1.3751464472101644,1.1618262584069141,True,True,False,0,0,0.0
50,fixed,291,persistent_attack_baseline,63,hiding,baseline,low,0.6280558280406686,0.4072607282763817,True,1.5423313616538208,1.1618262584069141,True,True,False,0,0,0.0
50,fixed,292,persistent_attack_baseline,64,hiding,baseline,low,0.7423779769401606,0.4072607282763817,True,1.9436759483674546,1.1618262584069141,True,True,False,0,0,0.0
50,fixed,293,persistent_attack_baseline,65,hiding,baseline,low,0.6090745856445934,0.4072607282763817,True,1.5242978976545067,1.1618262584069141,True,True,False,0,0,0.0
50,fixed,294,persistent_attack_baseline,66,hiding,baseline,low,0.45535176975314756,0.4072607282763817,True,1.368433904574868,1.1618262584069141,True,True,False,0,0,0.0
50,fixed,295,persistent_attack_baseline,67,hiding,baseline,low,0.5330164796592676,0.4072607282763817,True,1.3824772503513434,1.1618262584069141,True,True,False,0,0,0.0
50,fixed,296,persistent_attack_baseline,68,hiding,baseline,low,0.5907967216187143,0.4072607282763817,True,1.4733355673839008,1.1618262584069141,True,True,False,0,0,0.0
50,fixed,297,persistent_attack_baseline,69,hiding,baseline,low,0.5397935615040842,0.4072607282763817,True,1.3811991656080904,1.1618262584069141,True,True,False,0,0,0.0
50,fixed,298,persistent_attack_baseline,70,hiding,baseline,low,0.605153645086101,0.4072607282763817,True,1.503848541762458,1.1618262584069141,True,True,False,0,0,0.0
50,fixed,299,persistent_attack_baseline,71,hiding,baseline,low,0.5211336778489579,0.4072607282763817,True,1.3978402446025597,1.1618262584069141,True,True,False,0,0,0.0
50,fixed,300,persistent_attack_baseline,72,hiding,baseline,low,0.5129179150783413,0.4072607282763817,True,1.3954139617769534,1.1618262584069141,True,True,False,0,0,0.0
50,fixed,301,persistent_attack_baseline,73,hiding,baseline,low,0.5380383381736815,0.4072607282763817,True,1.5241056653963752,1.1618262584069141,True,True,False,0,0,0.0
50,fixed,302,persistent_attack_baseline,74,hiding,baseline,low,0.5066043367690596,0.4072607282763817,True,1.3975856667471964,1.1618262584069141,True,True,False,0,0,0.0
50,fixed,303,persistent_attack_baseline,75,hiding,baseline,low,0.624732145807986,0.4072607282763817,True,1.726058641229663,1.1618262584069141,True,True,False,0,0,0.0
50,fixed,304,persistent_attack_baseline,76,hiding,baseline,low,0.5592169657531766,0.4072607282763817,True,1.5502700343680105,1.1618262584069141,True,True,False,0,0,0.0
50,fixed,305,persistent_attack_baseline,77,hiding,baseline,low,0.5708889770221516,0.4072607282763817,True,1.4610223119306094,1.1618262584069141,True,True,False,0,0,0.0
50,fixed,306,persistent_attack_baseline,78,hiding,baseline,low,0.64180895559846,0.4072607282763817,True,1.5993048465908648,1.1618262584069141,True,True,False,0,0,0.0
50,fixed,307,persistent_attack_baseline,79,hiding,baseline,low,0.58014587721486,0.4072607282763817,True,1.3944008458219357,1.1618262584069141,True,True,False,0,0,0.0
50,fixed,308,persistent_attack_baseline,80,hiding,baseline,low,0.5807730242236051,0.4072607282763817,True,1.3997521762510035,1.1618262584069141,True,True,False,0,0,0.0
50,fixed,309,persistent_attack_baseline,81,hiding,baseline,low,0.6429311973979075,0.4072607282763817,True,1.6675265163618227,1.1618262584069141,True,True,False,0,0,0.0
50,fixed,310,persistent_attack_baseline,82,hiding,baseline,low,0.6208055816534425,0.4072607282763817,True,1.619426888097446,1.1618262584069141,True,True,False,0,0,0.0
50,fixed,311,persistent_attack_baseline,83,hiding,baseline,low,0.5679406095701504,0.4072607282763817,True,1.4125745874150217,1.1618262584069141,True,True,False,0,0,0.0
50,fixed,312,persistent_attack_baseline,84,hiding,baseline,low,0.5620061988346917,0.4072607282763817,True,1.3762322996952858,1.1618262584069141,True,True,False,0,0,0.0
50,fixed,313,persistent_attack_baseline,85,hiding,baseline,low,0.5945367941966297,0.4072607282763817,True,1.5453862959181819,1.1618262584069141,True,True,False,0,0,0.0
50,fixed,314,persistent_attack_baseline,86,hiding,baseline,low,0.6420851406061111,0.4072607282763817,True,1.4854825679112407,1.1618262584069141,True,True,False,0,0,0.0
50,fixed,315,persistent_attack_baseline,87,hiding,baseline,low,0.6086174979179879,0.4072607282763817,True,1.5092570223223216,1.1618262584069141,True,True,False,0,0,0.0
50,fixed,316,persistent_attack_baseline,88,hiding,baseline,low,0.684726769573188,0.4072607282763817,True,1.5448095991437871,1.1618262584069141,True,True,False,0,0,0.0
50,fixed,317,persistent_attack_baseline,89,hiding,baseline,low,0.5487423902758952,0.4072607282763817,True,1.5417390784801182,1.1618262584069141,True,True,False,0,0,0.0
50,fixed,318,persistent_attack_baseline,90,hiding,baseline,low,0.6277827032323887,0.4072607282763817,True,1.4125330236835338,1.1618262584069141,True,True,False,0,0,0.0
50,fixed,319,persistent_attack_baseline,91,hiding,baseline,low,0.5383602731253365,0.4072607282763817,True,1.3895378892378512,1.1618262584069141,True,True,False,0,0,0.0
50,fixed,320,persistent_attack_baseline,92,hiding,baseline,low,0.5612352589975624,0.4072607282763817,True,1.442656338079392,1.1618262584069141,True,True,False,0,0,0.0
50,fixed,321,persistent_attack_baseline,93,hiding,baseline,low,0.6223294123181542,0.4072607282763817,True,1.4333876259575895,1.1618262584069141,True,True,False,0,0,0.0
50,fixed,322,persistent_attack_baseline,94,hiding,baseline,low,0.5501244911265519,0.4072607282763817,True,1.392540868837852,1.1618262584069141,True,True,False,0,0,0.0
50,fixed,323,persistent_attack_baseline,95,hiding,baseline,low,0.7995531976556811,0.4072607282763817,True,2.0049772568456765,1.1618262584069141,True,True,False,0,0,0.0
50,fixed,324,persistent_attack_baseline,96,hiding,baseline,low,0.4972025810040033,0.4072607282763817,True,1.36581538949113,1.1618262584069141,True,True,False,0,0,0.0
50,fixed,325,persistent_attack_baseline,97,hiding,baseline,low,0.5774263676445006,0.4072607282763817,True,1.4275894854150268,1.1618262584069141,True,True,False,0,0,0.0
50,fixed,326,persistent_attack_baseline,98,hiding,baseline,low,0.5997667433638119,0.4072607282763817,True,1.4286493605679684,1.1618262584069141,True,True,False,0,0,0.0
50,fixed,327,persistent_attack_baseline,99,hiding,baseline,low,0.5689217145118687,0.4072607282763817,True,1.6189592961182073,1.1618262584069141,True,True,False,0,0,0.0
50,fixed,328,persistent_attack_baseline,100,hiding,baseline,low,0.6205295122895584,0.4072607282763817,True,1.5594452280939652,1.1618262584069141,True,True,False,0,0,0.0
50,fixed,329,persistent_attack_baseline,101,hiding,baseline,low,0.763907991232923,0.4072607282763817,True,1.8350595270566903,1.1618262584069141,True,True,False,0,0,0.0
50,fixed,330,persistent_attack_baseline,102,hiding,baseline,low,0.6170732974529429,0.4072607282763817,True,1.606942182251767,1.1618262584069141,True,True,False,0,0,0.0
50,fixed,331,persistent_attack_baseline,103,hiding,baseline,low,0.6226090366066703,0.4072607282763817,True,1.5442484887687005,1.1618262584069141,True,True,False,0,0,0.0
50,fixed,332,persistent_attack_baseline,104,hiding,baseline,low,0.551074212387156,0.4072607282763817,True,1.4530992256157278,1.1618262584069141,True,True,False,0,0,0.0
50,fixed,333,persistent_attack_baseline,105,hiding,baseline,low,0.5772208365991858,0.4072607282763817,True,1.4345462149728148,1.1618262584069141,True,True,False,0,0,0.0
50,fixed,334,persistent_attack_baseline,106,hiding,baseline,low,0.6172265037424245,0.4072607282763817,True,1.4285610376385567,1.1618262584069141,True,True,False,0,0,0.0
50,fixed,335,persistent_attack_baseline,107,hiding,baseline,low,0.5537798678974718,0.4072607282763817,True,1.386581668835774,1.1618262584069141,True,True,False,0,0,0.0
50,fixed,336,persistent_attack_baseline,108,hiding,baseline,low,0.48337822561874505,0.4072607282763817,True,1.4794402404461866,1.1618262584069141,True,True,False,0,0,0.0
50,fixed,337,persistent_attack_baseline,109,hiding,baseline,low,0.7108863928500766,0.4072607282763817,True,1.6190060553161312,1.1618262584069141,True,True,False,0,0,0.0
50,fixed,338,persistent_attack_baseline,110,hiding,baseline,low,0.6652755546408493,0.4072607282763817,True,1.6237339297728801,1.1618262584069141,True,True,False,0,0,0.0
50,fixed,339,persistent_attack_baseline,111,hiding,baseline,low,0.5672619020174849,0.4072607282763817,True,1.3937981717153611,1.1618262584069141,True,True,False,0,0,0.0
50,fixed,340,persistent_attack_baseline,112,hiding,baseline,low,0.6692309849254814,0.4072607282763817,True,1.6331065512234024,1.1618262584069141,True,True,False,0,0,0.0
50,fixed,341,persistent_attack_baseline,113,hiding,baseline,low,0.6851285407145563,0.4072607282763817,True,1.8427488173819524,1.1618262584069141,True,True,False,0,0,0.0
50,fixed,342,persistent_attack_baseline,114,hiding,baseline,low,0.5549703923776608,0.4072607282763817,True,1.453800613584586,1.1618262584069141,True,True,False,0,0,0.0
50,fixed,343,persistent_attack_baseline,115,hiding,baseline,low,0.6709937087342579,0.4072607282763817,True,1.544077038376313,1.1618262584069141,True,True,False,0,0,0.0
50,fixed,344,persistent_attack_baseline,116,hiding,baseline,low,0.5160047878496598,0.4072607282763817,True,1.431761444963125,1.1618262584069141,True,True,False,0,0,0.0
50,fixed,345,persistent_attack_baseline,117,hiding,baseline,low,0.6163200242786122,0.4072607282763817,True,1.5324184116939559,1.1618262584069141,True,True,False,0,0,0.0
50,fixed,346,persistent_attack_baseline,118,hiding,baseline,low,-0.08424335688368009,0.4072607282763817,False,0.8372338297601513,1.1618262584069141,False,False,False,0,0,0.0
50,fixed,347,persistent_attack_baseline,119,hiding,baseline,low,-0.14028529114806332,0.4072607282763817,False,0.868427410241823,1.1618262584069141,False,False,False,0,0,0.0
50,fixed,348,normal_recovery_2,0,unloaded,baseline,low,-0.05610144232546613,0.4072607282763817,False,1.2455715142966248,1.1618262584069141,True,True,False,0,0,0.0
50,fixed,349,normal_recovery_2,1,unloaded,baseline,low,0.08091079412091733,0.4072607282763817,False,1.23991884681427,1.1618262584069141,True,True,False,0,0,0.0
50,fixed,350,normal_recovery_2,2,unloaded,baseline,low,0.0575472354329687,0.4072607282763817,False,1.1327623515720182,1.1618262584069141,False,False,False,0,0,0.0
50,fixed,351,normal_recovery_2,3,unloaded,baseline,low,-0.12307747552877796,0.4072607282763817,False,1.2245194842980016,1.1618262584069141,True,True,False,0,0,0.0
50,fixed,352,normal_recovery_2,4,unloaded,baseline,low,-0.07215481744003512,0.4072607282763817,False,1.1938922096578526,1.1618262584069141,True,True,False,0,0,0.0
50,fixed,353,normal_recovery_2,5,unloaded,baseline,low,-0.11190843479106045,0.4072607282763817,False,1.1989318121007608,1.1618262584069141,True,True,False,0,0,0.0
50,fixed,354,normal_recovery_2,6,unloaded,baseline,low,-0.07444357939868575,0.4072607282763817,False,1.1744819470530015,1.1618262584069141,True,True,False,0,0,0.0
50,fixed,355,normal_recovery_2,7,unloaded,baseline,low,-0.1473430671863727,0.4072607282763817,False,1.1590098480066293,1.1618262584069141,False,False,False,0,0,0.0
50,fixed,356,normal_recovery_2,8,unloaded,baseline,low,0.08699611124895522,0.4072607282763817,False,1.2005320157630452,1.1618262584069141,True,True,False,0,0,0.0
50,fixed,357,normal_recovery_2,9,unloaded,baseline,low,-0.01415314980228885,0.4072607282763817,False,1.2113333904834642,1.1618262584069141,True,True,False,0,0,0.0
50,fixed,358,normal_recovery_2,10,unloaded,baseline,low,-0.11698105905137429,0.4072607282763817,False,1.197518645230172,1.1618262584069141,True,True,False,0,0,0.0
50,fixed,359,normal_recovery_2,11,unloaded,baseline,low,-0.062071117433028344,0.4072607282763817,False,1.2205293660751628,1.1618262584069141,True,True,False,0,0,0.0
50,fixed,360,normal_recovery_2,12,unloaded,baseline,low,-0.005557743257911668,0.4072607282763817,False,1.229979919522225,1.1618262584069141,True,True,False,0,0,0.0
50,fixed,361,normal_recovery_2,13,unloaded,baseline,low,-0.3517973886402971,0.4072607282763817,False,1.034126421284787,1.1618262584069141,False,False,False,0,0,0.0
50,fixed,362,normal_recovery_2,14,unloaded,baseline,low,-0.01873238816560032,0.4072607282763817,False,0.905112598746334,1.1618262584069141,False,False,False,0,0,0.0
50,fixed,363,normal_recovery_2,15,unloaded,baseline,low,-0.06480150825354287,0.4072607282763817,False,1.1822231920426236,1.1618262584069141,True,True,False,0,0,0.0
50,fixed,364,normal_recovery_2,16,unloaded,baseline,low,0.004292730619091689,0.4072607282763817,False,1.106582396201075,1.1618262584069141,False,False,False,0,0,0.0
50,fixed,365,normal_recovery_2,17,unloaded,baseline,low,0.015034913072397918,0.4072607282763817,False,1.043956243781676,1.1618262584069141,False,False,False,0,0,0.0
50,fixed,366,normal_recovery_2,18,unloaded,baseline,low,-0.08985846205803943,0.4072607282763817,False,1.062982041870264,1.1618262584069141,False,False,False,0,0,0.0
50,fixed,367,normal_recovery_2,19,unloaded,baseline,low,-0.08428222188590057,0.4072607282763817,False,1.1412881119934746,1.1618262584069141,False,False,False,0,0,0.0
50,fixed,368,normal_recovery_2,20,unloaded,baseline,low,-0.15317915338123467,0.4072607282763817,False,1.2069432213450544,1.1618262584069141,True,True,False,0,0,0.0
50,fixed,369,normal_recovery_2,21,unloaded,baseline,low,-0.10552076844690762,0.4072607282763817,False,1.1590566072045534,1.1618262584069141,False,False,False,0,0,0.0
50,fixed,370,normal_recovery_2,22,unloaded,baseline,low,-0.09435572637430631,0.4072607282763817,False,0.9163400017145039,1.1618262584069141,False,False,False,0,0,0.0
50,fixed,371,normal_recovery_2,23,unloaded,baseline,low,-0.20538375538086026,0.4072607282763817,False,1.029788206810737,1.1618262584069141,False,False,False,0,0,0.0
50,fixed,372,normal_recovery_2,24,unloaded,baseline,low,-0.11922849100491353,0.4072607282763817,False,1.2962013347153274,1.1618262584069141,True,True,False,0,0,0.0
50,fixed,373,normal_recovery_2,25,unloaded,baseline,low,-0.19205454103804126,0.4072607282763817,False,1.0949913105823859,1.1618262584069141,False,False,False,0,0,0.0
50,fixed,374,normal_recovery_2,26,unloaded,baseline,low,-0.010509494301043101,0.4072607282763817,False,1.2028180209948798,1.1618262584069141,True,True,False,0,0,0.0
50,fixed,375,normal_recovery_2,27,unloaded,baseline,low,-0.11983582777756815,0.4072607282763817,False,1.1188281105906985,1.1618262584069141,False,False,False,0,0,0.0
50,fixed,376,normal_recovery_2,28,unloaded,baseline,low,-0.20792339108927618,0.4072607282763817,False,1.0583372948764909,1.1618262584069141,False,False,False,0,0,0.0
50,fixed,377,normal_recovery_2,29,unloaded,baseline,low,-0.04372709435240968,0.4072607282763817,False,1.289894038462038,1.1618262584069141,True,True,False,0,0,0.0
50,fixed,378,persistent_attack_cpu,0,hiding,cpu,high,0.5391423052036124,0.4201396874464996,True,2.1330455044927796,1.1618262584069141,True,True,False,0,0,0.0
50,fixed,379,persistent_attack_cpu,1,hiding,cpu,high,0.7363780992581528,0.4201396874464996,True,2.0568695756083244,1.1618262584069141,True,True,False,0,0,0.0
50,fixed,380,persistent_attack_cpu,2,hiding,cpu,high,0.5784146597870121,0.4201396874464996,True,2.0675254772685356,1.1618262584069141,True,True,False,0,0,0.0
50,fixed,381,persistent_attack_cpu,3,hiding,cpu,high,0.48873814530902465,0.4201396874464996,True,2.056183774038774,1.1618262584069141,True,True,False,0,0,0.0
50,fixed,382,persistent_attack_cpu,4,hiding,cpu,high,0.517405525083443,0.4201396874464996,True,2.0192076394138474,1.1618262584069141,True,True,False,0,0,0.0
50,fixed,383,persistent_attack_cpu,5,hiding,cpu,high,0.34943260391292036,0.4201396874464996,False,1.985322807318334,1.1618262584069141,True,True,False,0,0,0.0
50,fixed,384,persistent_attack_cpu,6,hiding,cpu,high,0.6314792565812564,0.4201396874464996,True,1.947338752204826,1.1618262584069141,True,True,False,0,0,0.0
50,fixed,385,persistent_attack_cpu,7,hiding,cpu,high,0.6045816483282622,0.4201396874464996,True,2.0596647365508858,1.1618262584069141,True,True,False,0,0,0.0
50,fixed,386,persistent_attack_cpu,8,hiding,cpu,high,0.6523918081155433,0.4201396874464996,True,2.106060251824258,1.1618262584069141,True,True,False,0,0,0.0
50,fixed,387,persistent_attack_cpu,9,hiding,cpu,high,0.45616085114691235,0.4201396874464996,True,1.9987790653875428,1.1618262584069141,True,True,False,0,0,0.0
50,fixed,388,persistent_attack_cpu,10,hiding,cpu,high,0.4445006095852026,0.4201396874464996,True,2.0324716652249246,1.1618262584069141,True,True,False,0,0,0.0
50,fixed,389,persistent_attack_cpu,11,hiding,cpu,high,0.47096599943150147,0.4201396874464996,True,1.9815197258871908,1.1618262584069141,True,True,False,0,0,0.0
50,fixed,390,persistent_attack_cpu,12,hiding,cpu,high,0.6960697140884988,0.4201396874464996,True,2.1343963257661365,1.1618262584069141,True,True,False,0,0,0.0
50,fixed,391,persistent_attack_cpu,13,hiding,cpu,high,0.5498461923390643,0.4201396874464996,True,2.0752667222581573,1.1618262584069141,True,True,False,0,0,0.0
50,fixed,392,persistent_attack_cpu,14,hiding,cpu,high,0.7008859586741278,0.4201396874464996,True,1.9901701775031109,1.1618262584069141,True,True,False,0,0,0.0
50,fixed,393,persistent_attack_cpu,15,hiding,cpu,high,0.6352629858401282,0.4201396874464996,True,2.1098997015204533,1.1618262584069141,True,True,False,0,0,0.0
50,fixed,394,persistent_attack_cpu,16,hiding,cpu,high,0.6348369872664998,0.4201396874464996,True,2.045792841166798,1.1618262584069141,True,True,False,0,0,0.0
50,fixed,395,persistent_attack_cpu,17,hiding,cpu,high,0.7245052088326912,0.4201396874464996,True,2.0086920153474077,1.1618262584069141,True,True,False,0,0,0.0
50,fixed,396,persistent_attack_cpu,18,hiding,cpu,high,0.4549202717889498,0.4201396874464996,True,2.016402087538414,1.1618262584069141,True,True,False,0,0,0.0
50,fixed,397,persistent_attack_cpu,19,hiding,cpu,high,0.6500235278212979,0.4201396874464996,True,2.0818026190346304,1.1618262584069141,True,True,False,0,0,0.0
50,fixed,398,persistent_attack_cpu,20,hiding,cpu,high,0.5720604467703726,0.4201396874464996,True,2.0519338824941356,1.1618262584069141,True,True,False,0,0,0.0
50,fixed,399,persistent_attack_cpu,21,hiding,cpu,high,0.40743673023402704,0.4201396874464996,False,1.9259126486228118,1.1618262584069141,True,True,False,0,0,0.0
50,fixed,400,persistent_attack_cpu,22,hiding,cpu,high,0.6989947931357177,0.4201396874464996,True,2.298848424864463,1.1618262584069141,True,True,False,0,0,0.0
50,fixed,401,persistent_attack_cpu,23,hiding,cpu,high,0.43071477730780194,0.4201396874464996,True,2.083704159750202,1.1618262584069141,True,True,False,0,0,0.0
50,fixed,402,persistent_attack_cpu,24,hiding,cpu,high,0.6797776657425698,0.4201396874464996,True,2.152180407376523,1.1618262584069141,True,True,False,0,0,0.0
50,fixed,403,persistent_attack_cpu,25,hiding,cpu,high,0.5877879916402649,0.4201396874464996,True,2.10601868809277,1.1618262584069141,True,True,False,0,0,0.0
50,fixed,404,persistent_attack_cpu,26,hiding,cpu,high,0.38894800534665713,0.4201396874464996,False,1.9402417450532665,1.1618262584069141,True,True,False,0,0,0.0
50,fixed,405,persistent_attack_cpu,27,hiding,cpu,high,0.5640808030481204,0.4201396874464996,True,1.946938701289255,1.1618262584069141,True,True,False,0,0,0.0
50,fixed,406,persistent_attack_cpu,28,hiding,cpu,high,0.7187081120552551,0.4201396874464996,True,2.123802769703157,1.1618262584069141,True,True,False,0,0,0.0
50,fixed,407,persistent_attack_cpu,29,hiding,cpu,high,0.6201163413041407,0.4201396874464996,True,2.0882761702138715,1.1618262584069141,True,True,False,0,0,0.0
50,fixed,408,persistent_attack_cpu,30,hiding,cpu,high,0.5783218467102462,0.4201396874464996,True,2.0139082636491397,1.1618262584069141,True,True,False,0,0,0.0
50,fixed,409,persistent_attack_cpu,31,hiding,cpu,high,0.6652794264750264,0.4201396874464996,True,2.054671893305901,1.1618262584069141,True,True,False,0,0,0.0
50,fixed,410,persistent_attack_cpu,32,hiding,cpu,high,0.5203733181586112,0.4201396874464996,True,2.0942197838166416,1.1618262584069141,True,True,False,0,0,0.0
50,fixed,411,persistent_attack_cpu,33,hiding,cpu,high,0.4338875599878078,0.4201396874464996,True,1.9553085977176317,1.1618262584069141,True,True,False,0,0,0.0
50,fixed,412,persistent_attack_cpu,34,hiding,cpu,high,0.5600164548098228,0.4201396874464996,True,2.047034557644999,1.1618262584069141,True,True,False,0,0,0.0
50,fixed,413,persistent_attack_cpu,35,hiding,cpu,high,0.4914535762906205,0.4201396874464996,True,1.9544149774906416,1.1618262584069141,True,True,False,0,0,0.0
50,fixed,414,persistent_attack_cpu,36,hiding,cpu,high,0.6748873102467199,0.4201396874464996,True,2.100880371787578,1.1618262584069141,True,True,False,0,0,0.0
50,fixed,415,persistent_attack_cpu,37,hiding,cpu,high,0.5396619520195904,0.4201396874464996,True,2.058339892609709,1.1618262584069141,True,True,False,0,0,0.0
50,fixed,416,persistent_attack_cpu,38,hiding,cpu,high,0.6523166657437991,0.4201396874464996,True,2.157474587674795,1.1618262584069141,True,True,False,0,0,0.0
50,fixed,417,persistent_attack_cpu,39,hiding,cpu,high,0.5718341786834232,0.4201396874464996,True,1.9350982332816384,1.1618262584069141,True,True,False,0,0,0.0
50,fixed,418,persistent_attack_cpu,40,hiding,cpu,high,0.47725587472685066,0.4201396874464996,True,1.921984875997205,1.1618262584069141,True,True,False,0,0,0.0
50,fixed,419,persistent_attack_cpu,41,hiding,cpu,high,0.6644392579716075,0.4201396874464996,True,2.1536351379786,1.1618262584069141,True,True,False,0,0,0.0
50,fixed,420,persistent_attack_cpu,42,hiding,cpu,high,0.379564709884458,0.4201396874464996,False,1.887840270579892,1.1618262584069141,True,True,False,0,0,0.0
50,fixed,421,persistent_attack_cpu,43,hiding,cpu,high,0.658114552663779,0.4201396874464996,True,2.054942057560573,1.1618262584069141,True,True,False,0,0,0.0
50,fixed,422,persistent_attack_cpu,44,hiding,cpu,high,0.5716487584526052,0.4201396874464996,True,1.9984413600692037,1.1618262584069141,True,True,False,0,0,0.0
50,fixed,423,persistent_attack_cpu,45,hiding,cpu,high,0.378362251842741,0.4201396874464996,False,1.9053178196705556,1.1618262584069141,True,True,False,0,0,0.0
50,fixed,424,persistent_attack_cpu,46,hiding,cpu,high,0.4171965920468738,0.4201396874464996,False,1.9377219438318123,1.1618262584069141,True,True,False,0,0,0.0
50,fixed,425,persistent_attack_cpu,47,hiding,cpu,high,0.6160764126704901,0.4201396874464996,True,1.9479933809757606,1.1618262584069141,True,True,False,0,0,0.0
50,fixed,426,persistent_attack_cpu,48,hiding,cpu,high,0.597725458305931,0.4201396874464996,True,1.9968463518733552,1.1618262584069141,True,True,False,0,0,0.0
50,fixed,427,persistent_attack_cpu,49,hiding,cpu,high,0.7255256709352148,0.4201396874464996,True,2.0697179641045222,1.1618262584069141,True,True,False,0,0,0.0
50,fixed,428,persistent_attack_cpu,50,hiding,cpu,high,0.5078591302708989,0.4201396874464996,True,1.9684843005992971,1.1618262584069141,True,True,False,0,0,0.0
50,fixed,429,persistent_attack_cpu,51,hiding,cpu,high,0.4434024379449939,0.4201396874464996,True,2.0326690929494924,1.1618262584069141,True,True,False,0,0,0.0
50,fixed,430,persistent_attack_cpu,52,hiding,cpu,high,0.5177564754415576,0.4201396874464996,True,1.7188369428836396,1.1618262584069141,True,True,False,0,0,0.0
50,fixed,431,persistent_attack_cpu,53,hiding,cpu,high,0.4600001066224277,0.4201396874464996,True,2.0209169478712874,1.1618262584069141,True,True,False,0,0,0.0
50,fixed,432,persistent_attack_cpu,54,hiding,cpu,high,0.5576766796823124,0.4201396874464996,True,2.1132819501702813,1.1618262584069141,True,True,False,0,0,0.0
50,fixed,433,persistent_attack_cpu,55,hiding,cpu,high,0.4835704317394151,0.4201396874464996,True,2.0808102849453567,1.1618262584069141,True,True,False,0,0,0.0
50,fixed,434,persistent_attack_cpu,56,hiding,cpu,high,0.6914315197591916,0.4201396874464996,True,2.016028013955023,1.1618262584069141,True,True,False,0,0,0.0
50,fixed,435,persistent_attack_cpu,57,hiding,cpu,high,0.7130621116899141,0.4201396874464996,True,2.0605687477107475,1.1618262584069141,True,True,False,0,0,0.0
50,fixed,436,persistent_attack_cpu,58,hiding,cpu,high,0.4216161774261224,0.4201396874464996,True,1.96468641463459,1.1618262584069141,True,True,False,0,0,0.0
50,fixed,437,persistent_attack_cpu,59,hiding,cpu,high,0.5805072850696399,0.4201396874464996,True,2.08293003525124,1.1618262584069141,True,True,False,0,0,0.0
50,fixed,438,sham_negative_baseline,0,sham,baseline,low,0.3066869499747774,0.4072607282763817,False,1.477975118911238,1.1618262584069141,True,True,False,0,0,0.0
50,fixed,439,sham_negative_baseline,1,sham,baseline,low,0.13213953149829796,0.4072607282763817,False,1.490943003135464,1.1618262584069141,True,True,False,0,0,0.0
50,fixed,440,sham_negative_baseline,2,sham,baseline,low,0.28524299678316223,0.4072607282763817,False,1.4772373626773279,1.1618262584069141,True,True,False,0,0,0.0
50,fixed,441,sham_negative_baseline,3,sham,baseline,low,0.43108660992559134,0.4072607282763817,True,1.4166530285672723,1.1618262584069141,True,True,False,0,0,0.0
50,fixed,442,sham_negative_baseline,4,sham,baseline,low,0.24277169342927574,0.4072607282763817,False,1.1003166636792734,1.1618262584069141,False,False,False,0,0,0.0
50,fixed,443,sham_negative_baseline,5,sham,baseline,low,0.30739298083404343,0.4072607282763817,False,1.4601234962371834,1.1618262584069141,True,True,False,0,0,0.0
50,fixed,444,sham_negative_baseline,6,sham,baseline,low,0.10718613249089964,0.4072607282763817,False,1.4639577504669425,1.1618262584069141,True,True,False,0,0,0.0
50,fixed,445,sham_negative_baseline,7,sham,baseline,low,0.3676046266332589,0.4072607282763817,False,1.581032391135495,1.1618262584069141,True,True,False,0,0,0.0
50,fixed,446,sham_negative_baseline,8,sham,baseline,low,0.279070533999126,0.4072607282763817,False,1.4751331987707526,1.1618262584069141,True,True,False,0,0,0.0
50,fixed,447,sham_negative_baseline,9,sham,baseline,low,0.20116052241044763,0.4072607282763817,False,1.6023389989894818,1.1618262584069141,True,True,False,0,0,0.0
50,fixed,448,sham_negative_baseline,10,sham,baseline,low,0.26164151863652246,0.4072607282763817,False,1.4756735272800954,1.1618262584069141,True,True,False,0,0,0.0
50,fixed,449,sham_negative_baseline,11,sham,baseline,low,0.32091725630248785,0.4072607282763817,False,1.396110154279376,1.1618262584069141,True,True,False,0,0,0.0
50,fixed,450,sham_negative_baseline,12,sham,baseline,low,0.07424228910369565,0.4072607282763817,False,1.4440798958828527,1.1618262584069141,True,True,False,0,0,0.0
50,fixed,451,sham_negative_baseline,13,sham,baseline,low,0.22727699989317024,0.4072607282763817,False,1.5481191112635115,1.1618262584069141,True,True,False,0,0,0.0
50,fixed,452,sham_negative_baseline,14,sham,baseline,low,0.1139012452815699,0.4072607282763817,False,1.4174687167977222,1.1618262584069141,True,True,False,0,0,0.0
50,fixed,453,sham_negative_baseline,15,sham,baseline,low,0.1186710535092125,0.4072607282763817,False,1.4215471579499728,1.1618262584069141,True,True,False,0,0,0.0
50,fixed,454,sham_negative_baseline,16,sham,baseline,low,0.1506308186894278,0.4072607282763817,False,1.454673451945832,1.1618262584069141,True,True,False,0,0,0.0
50,fixed,455,sham_negative_baseline,17,sham,baseline,low,0.26851320220046154,0.4072607282763817,False,1.554774503768012,1.1618262584069141,True,True,False,0,0,0.0
50,fixed,456,sham_negative_baseline,18,sham,baseline,low,0.24745496029257844,0.4072607282763817,False,1.4947045208351193,1.1618262584069141,True,True,False,0,0,0.0
50,fixed,457,sham_negative_baseline,19,sham,baseline,low,0.2521682049131163,0.4072607282763817,False,1.3875012663949438,1.1618262584069141,True,True,False,0,0,0.0
50,fixed,458,sham_negative_cpu,0,sham,cpu,high,0.1935300395235584,0.4201396874464996,False,1.5418949424731978,1.1618262584069141,True,True,False,0,0,0.0
50,fixed,459,sham_negative_cpu,1,sham,cpu,high,0.33734142471541395,0.4201396874464996,False,1.5797023517278823,1.1618262584069141,True,True,False,0,0,0.0
50,fixed,460,sham_negative_cpu,2,sham,cpu,high,0.3021218597995856,0.4201396874464996,False,1.603128709887752,1.1618262584069141,True,True,False,0,0,0.0
50,fixed,461,sham_negative_cpu,3,sham,cpu,high,0.2996725369014174,0.4201396874464996,False,1.6145015859161296,1.1618262584069141,True,True,False,0,0,0.0
50,fixed,462,sham_negative_cpu,4,sham,cpu,high,0.3432178898208388,0.4201396874464996,False,1.7355767357403928,1.1618262584069141,True,True,False,0,0,0.0
50,fixed,463,sham_negative_cpu,5,sham,cpu,high,0.32042987070814133,0.4201396874464996,False,1.5963538216552235,1.1618262584069141,True,True,False,0,0,0.0
50,fixed,464,sham_negative_cpu,6,sham,cpu,high,0.20980898464525544,0.4201396874464996,False,1.5586451262628231,1.1618262584069141,True,True,False,0,0,0.0
50,fixed,465,sham_negative_cpu,7,sham,cpu,high,0.1085565315804525,0.4201396874464996,False,1.5542913253894652,1.1618262584069141,True,True,False,0,0,0.0
50,fixed,466,sham_negative_cpu,8,sham,cpu,high,0.13505016515338814,0.4201396874464996,False,1.6224558450296271,1.1618262584069141,True,True,False,0,0,0.0
50,fixed,467,sham_negative_cpu,9,sham,cpu,high,0.20743276604904787,0.4201396874464996,False,1.5722988120565995,1.1618262584069141,True,True,False,0,0,0.0
50,fixed,468,sham_negative_cpu,10,sham,cpu,high,0.2822974199896392,0.4201396874464996,False,1.5790633093562558,1.1618262584069141,True,True,False,0,0,0.0
50,fixed,469,sham_negative_cpu,11,sham,cpu,high,0.23415885339176945,0.4201396874464996,False,1.61174279323862,1.1618262584069141,True,True,False,0,0,0.0
50,fixed,470,sham_negative_cpu,12,sham,cpu,high,0.3172811791779722,0.4201396874464996,False,1.5763668622759779,1.1618262584069141,True,True,False,0,0,0.0
50,fixed,471,sham_negative_cpu,13,sham,cpu,high,0.2679186141357166,0.4201396874464996,False,1.5881865484178506,1.1618262584069141,True,True,False,0,0,0.0
50,fixed,472,sham_negative_cpu,14,sham,cpu,high,0.21711324705034685,0.4201396874464996,False,1.5722312709929316,1.1618262584069141,True,True,False,0,0,0.0
50,fixed,473,sham_negative_cpu,15,sham,cpu,high,0.36554839339925327,0.4201396874464996,False,1.6939402677223854,1.1618262584069141,True,True,False,0,0,0.0
50,fixed,474,sham_negative_cpu,16,sham,cpu,high,0.21554623224824612,0.4201396874464996,False,1.6232039921964094,1.1618262584069141,True,True,False,0,0,0.0
50,fixed,475,sham_negative_cpu,17,sham,cpu,high,0.29933694840226915,0.4201396874464996,False,1.612225971617167,1.1618262584069141,True,True,False,0,0,0.0
50,fixed,476,sham_negative_cpu,18,sham,cpu,high,0.1310707467832787,0.4201396874464996,False,1.5665993853763207,1.1618262584069141,True,True,False,0,0,0.0
50,fixed,477,sham_negative_cpu,19,sham,cpu,high,0.29467898489096267,0.4201396874464996,False,1.626871991500217,1.1618262584069141,True,True,False,0,0,0.0
50,blind,48,normal_pre,0,unloaded,baseline,low,-0.013129017821956662,0.4072607282763817,False,0.930076814971256,1.1618262584069141,False,False,True,0,1,0.0
50,blind,49,normal_pre,1,unloaded,baseline,low,0.02915973041011151,0.4072607282763817,False,0.9557028361656751,1.1618262584069141,False,False,True,0,2,0.0
50,blind,50,normal_pre,2,unloaded,baseline,low,0.062253997828533636,0.4072607282763817,False,1.0684680216823845,1.1618262584069141,False,False,True,0,3,0.0
50,blind,51,normal_pre,3,unloaded,baseline,low,-0.022267757852089856,0.4072607282763817,False,0.9136531211380121,1.1618262584069141,False,False,True,0,4,0.0
50,blind,52,normal_pre,4,unloaded,baseline,low,-0.10674230292600287,0.4072607282763817,False,1.0475641979357475,1.1618262584069141,False,False,True,0,5,0.0
50,blind,53,normal_pre,5,unloaded,baseline,low,-0.08862468702832349,0.4072607282763817,False,0.9357938813075877,1.1618262584069141,False,False,True,0,6,0.0
50,blind,54,normal_pre,6,unloaded,baseline,low,-0.13812266139507223,0.4072607282763817,False,0.9469858765874508,1.1618262584069141,False,False,True,0,7,0.0
50,blind,55,normal_pre,7,unloaded,baseline,low,-0.05181336757519998,0.4072607282763817,False,0.9494592913497528,1.1618262584069141,False,False,True,0,8,0.0
50,blind,56,normal_pre,8,unloaded,baseline,low,-0.06522801557764636,0.4072607282763817,False,1.0597088739058045,1.1618262584069141,False,False,True,0,9,0.0
50,blind,57,normal_pre,9,unloaded,baseline,low,0.023941854381834025,0.4072607282763817,False,1.0473652047708946,1.1618262584069141,False,False,True,0,10,0.0
50,blind,58,normal_pre,10,unloaded,baseline,low,-0.12319227544356848,0.4072607282763817,False,0.9298895350232368,1.1618262584069141,False,False,True,0,11,0.0
50,blind,59,normal_pre,11,unloaded,baseline,low,-0.01008490545718218,0.4072607282763817,False,0.9594004735974858,1.1618262584069141,False,False,True,0,12,0.0
50,blind,60,normal_pre,12,unloaded,baseline,low,-0.00488881191045643,0.4072607282763817,False,1.0482462647609943,1.1618262584069141,False,False,True,0,13,0.0
50,blind,61,normal_pre,13,unloaded,baseline,low,-0.0603410159852716,0.4072607282763817,False,0.9960551730158557,1.1618262584069141,False,False,True,0,14,0.0
50,blind,62,normal_pre,14,unloaded,baseline,low,-0.10236573508134322,0.4072607282763817,False,0.9497940317029901,1.1618262584069141,False,False,True,0,15,0.0
50,blind,63,normal_pre,15,unloaded,baseline,low,-0.050877316012857804,0.4072607282763817,False,0.9425597765057107,1.1618262584069141,False,False,True,0,16,0.0
50,blind,64,normal_pre,16,unloaded,baseline,low,-0.05510479107338977,0.4072607282763817,False,0.9581905225978202,1.1618262584069141,False,False,True,0,17,0.0
50,blind,65,normal_pre,17,unloaded,baseline,low,0.03521835357545315,0.4072607282763817,False,1.051979102098645,1.1618262584069141,False,False,True,0,18,0.0
50,blind,66,normal_pre,18,unloaded,baseline,low,0.08208186588175982,0.4072607282763817,False,1.097171865665684,1.1618262584069141,False,False,True,0,19,0.0
50,blind,67,normal_pre,19,unloaded,baseline,low,-0.11859108626620898,0.4072607282763817,False,1.1412779710224317,1.1618262584069141,False,False,True,0,20,0.0
50,blind,68,normal_pre,20,unloaded,baseline,low,-0.09442363335705675,0.4072607282763817,False,0.9507124835649053,1.1618262584069141,False,False,True,0,21,0.0
50,blind,69,normal_pre,21,unloaded,baseline,low,-0.08782596223184766,0.4072607282763817,False,0.9681739749664484,1.1618262584069141,False,False,True,0,22,0.0
50,blind,70,normal_pre,22,unloaded,baseline,low,0.019664381033028908,0.4072607282763817,False,1.2588597715578826,1.1618262584069141,True,True,True,0,23,0.0
50,blind,71,normal_pre,23,unloaded,baseline,low,0.01282746574072316,0.4072607282763817,False,1.2293171920790995,1.1618262584069141,True,True,True,0,24,0.0
50,blind,72,normal_pre,24,unloaded,baseline,low,0.0729093044730977,0.4072607282763817,False,1.0734242126872098,1.1618262584069141,False,False,True,0,25,0.0
50,blind,73,normal_pre,25,unloaded,baseline,low,-0.0424289024717688,0.4072607282763817,False,0.967846659173496,1.1618262584069141,False,False,True,0,26,0.0
50,blind,74,normal_pre,26,unloaded,baseline,low,0.021322211923292086,0.4072607282763817,False,1.12030899344783,1.1618262584069141,False,False,True,0,27,0.0
50,blind,75,normal_pre,27,unloaded,baseline,low,-0.12866787070571195,0.4072607282763817,False,0.9519745959689652,1.1618262584069141,False,False,True,0,28,0.0
50,blind,76,normal_pre,28,unloaded,baseline,low,-0.057205214009062484,0.4072607282763817,False,1.0174314509625977,1.1618262584069141,False,False,True,0,29,0.0
50,blind,77,normal_pre,29,unloaded,baseline,low,-0.07285759387285287,0.4072607282763817,False,0.9639945874573053,1.1618262584069141,False,False,True,0,30,0.0
50,blind,78,benign_cpu_drift,0,unloaded,cpu,high,-0.0501685258608878,0.4201396874464996,False,1.260197959178095,1.1618262584069141,True,True,True,0,31,0.0
50,blind,79,benign_cpu_drift,1,unloaded,cpu,high,0.03502539943958842,0.4201396874464996,False,1.3806949006427394,1.1618262584069141,True,True,True,0,32,0.0
50,blind,80,benign_cpu_drift,2,unloaded,cpu,high,0.06246995540720886,0.4201396874464996,False,1.3662458748778368,1.1618262584069141,True,True,True,0,33,0.0
50,blind,81,benign_cpu_drift,3,unloaded,cpu,high,0.09082941727543728,0.4201396874464996,False,1.292136159694796,1.1618262584069141,True,True,True,0,34,0.0
50,blind,82,benign_cpu_drift,4,unloaded,cpu,high,-0.10293138323129049,0.4201396874464996,False,1.2544625649613887,1.1618262584069141,True,True,True,0,35,0.0
50,blind,83,benign_cpu_drift,5,unloaded,cpu,high,0.12588126196769284,0.4201396874464996,False,1.3596853956228956,1.1618262584069141,True,True,True,0,36,0.0
50,blind,84,benign_cpu_drift,6,unloaded,cpu,high,-0.007133780945795443,0.4201396874464996,False,1.3316405973065015,1.1618262584069141,True,True,True,0,37,0.0
50,blind,85,benign_cpu_drift,7,unloaded,cpu,high,-0.010431486320128747,0.4201396874464996,False,1.2850395516950353,1.1618262584069141,True,True,True,0,38,0.0
50,blind,86,benign_cpu_drift,8,unloaded,cpu,high,0.04911880143500191,0.4201396874464996,False,1.2731350774829036,1.1618262584069141,True,True,True,0,39,0.0
50,blind,87,benign_cpu_drift,9,unloaded,cpu,high,-0.006218593713696419,0.4201396874464996,False,1.2596864478333838,1.1618262584069141,True,True,True,0,40,0.0
50,blind,88,benign_cpu_drift,10,unloaded,cpu,high,0.04799033605196297,0.4201396874464996,False,1.2853241324674511,1.1618262584069141,True,True,True,0,41,0.0
50,blind,89,benign_cpu_drift,11,unloaded,cpu,high,-0.015083657762214066,0.4201396874464996,False,1.2641114110889893,1.1618262584069141,True,True,True,0,42,0.0
50,blind,90,benign_cpu_drift,12,unloaded,cpu,high,0.028434895087584476,0.4201396874464996,False,1.271969397725619,1.1618262584069141,True,True,True,0,43,0.0
50,blind,91,benign_cpu_drift,13,unloaded,cpu,high,0.04012470523741363,0.4201396874464996,False,1.2964699278601277,1.1618262584069141,True,True,True,0,44,0.0
50,blind,92,benign_cpu_drift,14,unloaded,cpu,high,0.0604274748504325,0.4201396874464996,False,1.254435570568898,1.1618262584069141,True,True,True,0,45,0.0
50,blind,93,benign_cpu_drift,15,unloaded,cpu,high,0.028379435388274393,0.4201396874464996,False,1.222468390989025,1.1618262584069141,True,True,True,0,46,0.0
50,blind,94,benign_cpu_drift,16,unloaded,cpu,high,-0.0841541904997875,0.4201396874464996,False,1.2845183235992554,1.1618262584069141,True,True,True,0,47,0.0
50,blind,95,benign_cpu_drift,17,unloaded,cpu,high,0.10982917271061138,0.4201396874464996,False,1.3028371249923623,1.1618262584069141,True,True,True,0,48,0.0
50,blind,96,benign_cpu_drift,18,unloaded,cpu,high,-0.10645979201596495,0.4201396874464996,False,1.2253813723293754,1.1618262584069141,True,True,True,0,49,0.0
50,blind,97,benign_cpu_drift,19,unloaded,cpu,high,-0.11173540812200224,0.4201396874464996,False,1.2100274187230708,1.1618262584069141,True,True,True,0,50,0.0
50,blind,98,benign_cpu_drift,20,unloaded,cpu,high,0.03763375442337867,0.4201396874464996,False,1.2673564627722798,1.1618262584069141,True,True,True,0,51,0.0
50,blind,99,benign_cpu_drift,21,unloaded,cpu,high,0.06844934071757651,0.4201396874464996,False,1.1968378042281045,1.1618262584069141,True,True,True,0,52,0.0
50,blind,100,benign_cpu_drift,22,unloaded,cpu,high,-0.06541688796260117,0.4201396874464996,False,1.1464784438223046,1.1618262584069141,False,False,True,0,53,0.0
50,blind,101,benign_cpu_drift,23,unloaded,cpu,high,-0.036308081028168834,0.4201396874464996,False,1.113096283424684,1.1618262584069141,False,False,True,0,54,0.0
50,blind,102,benign_cpu_drift,24,unloaded,cpu,high,0.1018275154979757,0.4201396874464996,False,1.1684390823168982,1.1618262584069141,True,True,True,0,55,0.0
50,blind,103,benign_cpu_drift,25,unloaded,cpu,high,0.024504046827311696,0.4201396874464996,False,1.1134211919058603,1.1618262584069141,False,False,True,0,56,0.0
50,blind,104,benign_cpu_drift,26,unloaded,cpu,high,-0.02892492218531792,0.4201396874464996,False,1.0387166481587082,1.1618262584069141,False,False,True,0,57,0.0
50,blind,105,benign_cpu_drift,27,unloaded,cpu,high,0.09157653043267683,0.4201396874464996,False,1.1432631852758868,1.1618262584069141,False,False,True,0,58,0.0
50,blind,106,benign_cpu_drift,28,unloaded,cpu,high,0.04450184999228594,0.4201396874464996,False,1.050095475091212,1.1618262584069141,False,False,True,0,59,0.0
50,blind,107,benign_cpu_drift,29,unloaded,cpu,high,0.03446267922974014,0.4201396874464996,False,1.0145087789840503,1.1618262584069141,False,False,True,0,60,0.0
50,blind,108,benign_cpu_drift,30,unloaded,cpu,high,-0.12694031359445646,0.4201396874464996,False,1.038984258761456,1.1618262584069141,False,False,True,0,61,0.0
50,blind,109,benign_cpu_drift,31,unloaded,cpu,high,-0.051660685191195654,0.4201396874464996,False,0.9773222788709152,1.1618262584069141,False,False,True,0,62,0.0
50,blind,110,benign_cpu_drift,32,unloaded,cpu,high,0.06902403902898262,0.4201396874464996,False,1.0084030818921172,1.1618262584069141,False,False,True,0,63,0.0
50,blind,111,benign_cpu_drift,33,unloaded,cpu,high,0.011988617186349092,0.4201396874464996,False,0.9862309299418085,1.1618262584069141,False,False,True,0,64,0.0
50,blind,112,benign_cpu_drift,34,unloaded,cpu,high,-0.04887910155404421,0.4201396874464996,False,1.0518738811332589,1.1618262584069141,False,False,True,0,65,0.0
50,blind,113,benign_cpu_drift,35,unloaded,cpu,high,0.13759478059341215,0.4201396874464996,False,1.0557233004175777,1.1618262584069141,False,False,True,0,66,0.0
50,blind,114,benign_cpu_drift,36,unloaded,cpu,high,0.08199994994651774,0.4201396874464996,False,1.0255470077343773,1.1618262584069141,False,False,True,0,67,0.0
50,blind,115,benign_cpu_drift,37,unloaded,cpu,high,0.06232149429272928,0.4201396874464996,False,0.9958520788125672,1.1618262584069141,False,False,True,0,68,0.0
50,blind,116,benign_cpu_drift,38,unloaded,cpu,high,-0.0311456301660804,0.4201396874464996,False,1.0119523722021146,1.1618262584069141,False,False,True,0,69,0.0
50,blind,117,benign_cpu_drift,39,unloaded,cpu,high,0.02873787024547747,0.4201396874464996,False,1.008340918801434,1.1618262584069141,False,False,True,0,70,0.0
50,blind,118,benign_cpu_drift,40,unloaded,cpu,high,-0.007454873963552531,0.4201396874464996,False,1.025208593322951,1.1618262584069141,False,False,True,0,71,0.0
50,blind,119,benign_cpu_drift,41,unloaded,cpu,high,-0.003564169829999171,0.4201396874464996,False,0.9951471121812844,1.1618262584069141,False,False,True,0,72,0.0
50,blind,120,benign_cpu_drift,42,unloaded,cpu,high,-0.06032923537067803,0.4201396874464996,False,1.011198337566382,1.1618262584069141,False,False,True,0,73,0.0
50,blind,121,benign_cpu_drift,43,unloaded,cpu,high,0.01896076433608831,0.4201396874464996,False,1.0177066671064132,1.1618262584069141,False,False,True,0,74,0.0
50,blind,122,benign_cpu_drift,44,unloaded,cpu,high,0.027739249267080678,0.4201396874464996,False,1.0421437652489827,1.1618262584069141,False,False,True,0,75,0.0
50,blind,123,benign_cpu_drift,45,unloaded,cpu,high,0.004194705921908411,0.4201396874464996,False,1.0136662771388154,1.1618262584069141,False,False,True,0,76,0.0
50,blind,124,benign_cpu_drift,46,unloaded,cpu,high,-0.04797797596664044,0.4201396874464996,False,0.9676313722923893,1.1618262584069141,False,False,True,0,77,0.0
50,blind,125,benign_cpu_drift,47,unloaded,cpu,high,0.06825115144006204,0.4201396874464996,False,1.0253460179307636,1.1618262584069141,False,False,True,0,78,0.0
50,blind,126,benign_cpu_drift,48,unloaded,cpu,high,0.11093272296470072,0.4201396874464996,False,1.0433200761133206,1.1618262584069141,False,False,True,0,79,0.0
50,blind,127,benign_cpu_drift,49,unloaded,cpu,high,-0.050597872115767724,0.4201396874464996,False,0.97535709768626,1.1618262584069141,False,False,True,0,80,0.0
50,blind,128,benign_cpu_drift,50,unloaded,cpu,high,0.009512836313522736,0.4201396874464996,False,1.0128436848482871,1.1618262584069141,False,False,True,0,81,0.0
50,blind,129,benign_cpu_drift,51,unloaded,cpu,high,-0.05754179155771201,0.4201396874464996,False,1.0104161993515366,1.1618262584069141,False,False,True,0,82,0.0
50,blind,130,benign_cpu_drift,52,unloaded,cpu,high,0.002670049939858589,0.4201396874464996,False,1.0144741940088502,1.1618262584069141,False,False,True,0,83,0.0
50,blind,131,benign_cpu_drift,53,unloaded,cpu,high,-0.07035214909229938,0.4201396874464996,False,0.9686943045331267,1.1618262584069141,False,False,True,0,84,0.0
50,blind,132,benign_cpu_drift,54,unloaded,cpu,high,-0.1840835942669565,0.4201396874464996,False,0.9646077611696813,1.1618262584069141,False,False,True,0,85,0.0
50,blind,133,benign_cpu_drift,55,unloaded,cpu,high,0.11056317767438455,0.4201396874464996,False,1.0339892738432677,1.1618262584069141,False,False,True,0,86,0.0
50,blind,134,benign_cpu_drift,56,unloaded,cpu,high,-0.010670714554329299,0.4201396874464996,False,0.9623116295193621,1.1618262584069141,False,False,True,0,87,0.0
50,blind,135,benign_cpu_drift,57,unloaded,cpu,high,0.027690407166944805,0.4201396874464996,False,0.9937372756537101,1.1618262584069141,False,False,True,0,88,0.0
50,blind,136,benign_cpu_drift,58,unloaded,cpu,high,0.0002715660720089205,0.4201396874464996,False,0.9886565018905831,1.1618262584069141,False,False,True,0,89,0.0
50,blind,137,benign_cpu_drift,59,unloaded,cpu,high,-0.019799358356748533,0.4201396874464996,False,0.9926173345637775,1.1618262584069141,False,False,True,0,90,0.0
50,blind,138,benign_cpu_drift,60,unloaded,cpu,high,-0.0220332790958685,0.4201396874464996,False,1.0343081609486398,1.1618262584069141,False,False,True,0,91,0.0
50,blind,139,benign_cpu_drift,61,unloaded,cpu,high,0.02050837752192379,0.4201396874464996,False,0.9751529208078465,1.1618262584069141,False,False,True,0,92,0.0
50,blind,140,benign_cpu_drift,62,unloaded,cpu,high,0.056237054988069794,0.4201396874464996,False,1.009154831807528,1.1618262584069141,False,False,True,0,93,0.0
50,blind,141,benign_cpu_drift,63,unloaded,cpu,high,-0.021298975669213523,0.4201396874464996,False,0.9868656131963877,1.1618262584069141,False,False,True,0,94,0.0
50,blind,142,benign_cpu_drift,64,unloaded,cpu,high,-0.03837971605705722,0.4201396874464996,False,0.9995463128724527,1.1618262584069141,False,False,True,0,95,0.0
50,blind,143,benign_cpu_drift,65,unloaded,cpu,high,0.06234983553578987,0.4201396874464996,False,0.9661019372364,1.1618262584069141,False,False,True,0,96,0.0
50,blind,144,benign_cpu_drift,66,unloaded,cpu,high,0.01679936815311069,0.4201396874464996,False,0.9680095585306823,1.1618262584069141,False,False,True,0,97,0.0
50,blind,145,benign_cpu_drift,67,unloaded,cpu,high,0.07528643907242703,0.4201396874464996,False,1.0301936740376136,1.1618262584069141,False,False,True,0,98,0.0
50,blind,146,benign_cpu_drift,68,unloaded,cpu,high,-0.05556548278930551,0.4201396874464996,False,0.9707064693715977,1.1618262584069141,False,False,True,0,99,0.0
50,blind,147,benign_cpu_drift,69,unloaded,cpu,high,0.01991626375725081,0.4201396874464996,False,0.99963789685584,1.1618262584069141,False,False,True,0,100,0.0
50,blind,148,benign_cpu_drift,70,unloaded,cpu,high,-0.01776991343567192,0.4201396874464996,False,0.9716896994689773,1.1618262584069141,False,False,True,0,101,0.0
50,blind,149,benign_cpu_drift,71,unloaded,cpu,high,-0.10111022834857966,0.4201396874464996,False,0.981286470709837,1.1618262584069141,False,False,True,0,102,0.0
50,blind,150,benign_cpu_drift,72,unloaded,cpu,high,0.006687429843258738,0.4201396874464996,False,1.018136342889657,1.1618262584069141,False,False,True,0,103,0.0
50,blind,151,benign_cpu_drift,73,unloaded,cpu,high,0.0511534913218853,0.4201396874464996,False,0.9682245514126513,1.1618262584069141,False,False,True,0,104,0.0
50,blind,152,benign_cpu_drift,74,unloaded,cpu,high,-0.007559506386308435,0.4201396874464996,False,0.997426708232079,1.1618262584069141,False,False,True,0,105,0.0
50,blind,153,benign_cpu_drift,75,unloaded,cpu,high,-0.020025907752125826,0.4201396874464996,False,0.9684696578021479,1.1618262584069141,False,False,True,0,106,0.0
50,blind,154,benign_cpu_drift,76,unloaded,cpu,high,-0.04786406468041781,0.4201396874464996,False,0.9998545275731716,1.1618262584069141,False,False,True,0,107,0.0
50,blind,155,benign_cpu_drift,77,unloaded,cpu,high,0.0037397595726607405,0.4201396874464996,False,0.967293863682446,1.1618262584069141,False,False,True,0,108,0.0
50,blind,156,benign_cpu_drift,78,unloaded,cpu,high,-0.12005767832784926,0.4201396874464996,False,0.9610907704355456,1.1618262584069141,False,False,True,0,109,0.0
50,blind,157,benign_cpu_drift,79,unloaded,cpu,high,-0.05080294153433208,0.4201396874464996,False,1.0031126185185413,1.1618262584069141,False,False,True,0,110,0.0
50,blind,158,benign_cpu_drift,80,unloaded,cpu,high,0.08027289635754616,0.4201396874464996,False,1.03763002201713,1.1618262584069141,False,False,True,0,111,0.0
50,blind,159,benign_cpu_drift,81,unloaded,cpu,high,-0.058256766589441615,0.4201396874464996,False,0.9592498595741715,1.1618262584069141,False,False,True,0,112,0.0
50,blind,160,benign_cpu_drift,82,unloaded,cpu,high,0.009694487883445523,0.4201396874464996,False,1.0344402031971989,1.1618262584069141,False,False,True,0,113,0.0
50,blind,161,benign_cpu_drift,83,unloaded,cpu,high,-0.06733478458028248,0.4201396874464996,False,1.004430044013706,1.1618262584069141,False,False,True,0,114,0.0
50,blind,162,benign_cpu_drift,84,unloaded,cpu,high,0.09906148158870344,0.4201396874464996,False,1.0419115103658174,1.1618262584069141,False,False,True,0,115,0.0
50,blind,163,benign_cpu_drift,85,unloaded,cpu,high,-0.006014723719478027,0.4201396874464996,False,0.9931699609273461,1.1618262584069141,False,False,True,0,116,0.0
50,blind,164,benign_cpu_drift,86,unloaded,cpu,high,0.144556457702778,0.4201396874464996,False,1.1700395488441537,1.1618262584069141,True,True,True,0,117,0.0
50,blind,165,benign_cpu_drift,87,unloaded,cpu,high,-0.13706309324930055,0.4201396874464996,False,0.983363269753429,1.1618262584069141,False,False,True,0,118,0.0
50,blind,166,benign_cpu_drift,88,unloaded,cpu,high,-0.016694883868113672,0.4201396874464996,False,1.0334680301562498,1.1618262584069141,False,False,True,0,119,0.0
50,blind,167,benign_cpu_drift,89,unloaded,cpu,high,-0.10478673981408404,0.4201396874464996,False,0.9655570734264947,1.1618262584069141,False,False,True,0,120,0.0
50,blind,168,benign_cpu_drift,90,unloaded,cpu,high,0.04458691887972936,0.4201396874464996,False,0.9770439645593909,1.1618262584069141,False,False,True,0,121,0.0
50,blind,169,benign_cpu_drift,91,unloaded,cpu,high,0.04902703821332258,0.4201396874464996,False,1.0046884201152715,1.1618262584069141,False,False,True,0,122,0.0
50,blind,170,benign_cpu_drift,92,unloaded,cpu,high,0.020012211966516924,0.4201396874464996,False,1.0013448079343668,1.1618262584069141,False,False,True,0,123,0.0
50,blind,171,benign_cpu_drift,93,unloaded,cpu,high,0.04341204186233408,0.4201396874464996,False,1.0206067215796573,1.1618262584069141,False,False,True,0,124,0.0
50,blind,172,benign_cpu_drift,94,unloaded,cpu,high,0.045211078267062846,0.4201396874464996,False,1.072250626278695,1.1618262584069141,False,False,True,0,125,0.0
50,blind,173,benign_cpu_drift,95,unloaded,cpu,high,-0.055755206183832576,0.4201396874464996,False,0.9820705942165059,1.1618262584069141,False,False,True,0,126,0.0
50,blind,174,benign_cpu_drift,96,unloaded,cpu,high,-0.07323630898216363,0.4201396874464996,False,0.9542258361699814,1.1618262584069141,False,False,True,0,127,0.0
50,blind,175,benign_cpu_drift,97,unloaded,cpu,high,0.069598542746756,0.4201396874464996,False,1.0023616505700996,1.1618262584069141,False,False,True,0,128,0.0
50,blind,176,benign_cpu_drift,98,unloaded,cpu,high,0.003433951938095181,0.4201396874464996,False,1.015719031292383,1.1618262584069141,False,False,True,0,129,0.0
50,blind,177,benign_cpu_drift,99,unloaded,cpu,high,0.10943720659776723,0.4201396874464996,False,1.0912672276356206,1.1618262584069141,False,False,True,0,130,0.0
50,blind,178,benign_cpu_drift,100,unloaded,cpu,high,0.03352798298662593,0.4201396874464996,False,1.0077900459612712,1.1618262584069141,False,False,True,0,131,0.0
50,blind,179,benign_cpu_drift,101,unloaded,cpu,high,0.07089903976110092,0.4201396874464996,False,1.035969512220122,1.1618262584069141,False,False,True,0,132,0.0
50,blind,180,benign_cpu_drift,102,unloaded,cpu,high,0.0701341206165438,0.4201396874464996,False,0.9903485430564041,1.1618262584069141,False,False,True,0,133,0.0
50,blind,181,benign_cpu_drift,103,unloaded,cpu,high,0.019336414524932195,0.4201396874464996,False,1.0099575067043383,1.1618262584069141,False,False,True,0,134,0.0
50,blind,182,benign_cpu_drift,104,unloaded,cpu,high,0.07327162141908039,0.4201396874464996,False,1.0123615729332802,1.1618262584069141,False,False,True,0,135,0.0
50,blind,183,benign_cpu_drift,105,unloaded,cpu,high,-0.06960709691132114,0.4201396874464996,False,0.9947278514458469,1.1618262584069141,False,False,True,0,136,0.0
50,blind,184,benign_cpu_drift,106,unloaded,cpu,high,-0.08134367198582042,0.4201396874464996,False,0.9917671514261934,1.1618262584069141,False,False,True,0,137,0.0
50,blind,185,benign_cpu_drift,107,unloaded,cpu,high,-0.02413475739789141,0.4201396874464996,False,1.0096391568710255,1.1618262584069141,False,False,True,0,138,0.0
50,blind,186,benign_cpu_drift,108,unloaded,cpu,high,0.0765152263956924,0.4201396874464996,False,1.0288104279575443,1.1618262584069141,False,False,True,0,139,0.0
50,blind,187,benign_cpu_drift,109,unloaded,cpu,high,0.09052767935471932,0.4201396874464996,False,0.9798358205899814,1.1618262584069141,False,False,True,0,140,0.0
50,blind,188,benign_cpu_drift,110,unloaded,cpu,high,0.0840580149012779,0.4201396874464996,False,0.9653913079080432,1.1618262584069141,False,False,True,0,141,0.0
50,blind,189,benign_cpu_drift,111,unloaded,cpu,high,-0.03667103367381048,0.4201396874464996,False,1.0217522213073453,1.1618262584069141,False,False,True,0,142,0.0
50,blind,190,benign_cpu_drift,112,unloaded,cpu,high,0.041147808398920106,0.4201396874464996,False,1.0669737353886466,1.1618262584069141,False,False,True,0,143,0.0
50,blind,191,benign_cpu_drift,113,unloaded,cpu,high,-0.030971393171405823,0.4201396874464996,False,0.9712624618723004,1.1618262584069141,False,False,True,0,144,0.0
50,blind,192,benign_cpu_drift,114,unloaded,cpu,high,0.09760371614205333,0.4201396874464996,False,1.027431472496878,1.1618262584069141,False,False,True,0,145,0.0
50,blind,193,benign_cpu_drift,115,unloaded,cpu,high,-0.03256551084458451,0.4201396874464996,False,0.9991647730762144,1.1618262584069141,False,False,True,0,146,0.0
50,blind,194,benign_cpu_drift,116,unloaded,cpu,high,-0.0687213115954504,0.4201396874464996,False,1.012712645089971,1.1618262584069141,False,False,True,0,147,0.0
50,blind,195,benign_cpu_drift,117,unloaded,cpu,high,0.023561070435638334,0.4201396874464996,False,0.9938147030770931,1.1618262584069141,False,False,True,0,148,0.0
50,blind,196,benign_cpu_drift,118,unloaded,cpu,high,0.161880205096715,0.4201396874464996,False,1.0638825769207148,1.1618262584069141,False,False,True,0,149,0.0
50,blind,197,benign_cpu_drift,119,unloaded,cpu,high,0.015063274449787022,0.4201396874464996,False,1.006623302727507,1.1618262584069141,False,False,True,0,150,0.0
50,blind,198,normal_recovery_1,0,unloaded,baseline,low,-0.05330910279516486,0.4072607282763817,False,0.706749470539487,1.1618262584069141,False,False,True,0,151,0.0
50,blind,199,normal_recovery_1,1,unloaded,baseline,low,-0.03411454935420291,0.4072607282763817,False,0.7501580708198198,1.1618262584069141,False,False,True,0,152,0.0
50,blind,200,normal_recovery_1,2,unloaded,baseline,low,-0.030720121697451988,0.4072607282763817,False,0.728333043451571,1.1618262584069141,False,False,True,0,153,0.0
50,blind,201,normal_recovery_1,3,unloaded,baseline,low,-0.04794536734631804,0.4072607282763817,False,0.7022866384163442,1.1618262584069141,False,False,True,0,154,0.0
50,blind,202,normal_recovery_1,4,unloaded,baseline,low,0.0672010423725061,0.4072607282763817,False,0.7842207619398555,1.1618262584069141,False,False,True,0,155,0.0
50,blind,203,normal_recovery_1,5,unloaded,baseline,low,-0.02109473524050407,0.4072607282763817,False,0.7270855084034473,1.1618262584069141,False,False,True,0,156,0.0
50,blind,204,normal_recovery_1,6,unloaded,baseline,low,-0.07893635321587583,0.4072607282763817,False,0.7099715449650965,1.1618262584069141,False,False,True,0,157,0.0
50,blind,205,normal_recovery_1,7,unloaded,baseline,low,-0.13452198063299523,0.4072607282763817,False,0.7195807488382566,1.1618262584069141,False,False,True,0,158,0.0
50,blind,206,normal_recovery_1,8,unloaded,baseline,low,-0.021362492858010645,0.4072607282763817,False,0.7464594976355708,1.1618262584069141,False,False,True,0,159,0.0
50,blind,207,normal_recovery_1,9,unloaded,baseline,low,-0.017201020480156072,0.4072607282763817,False,0.7240230096829003,1.1618262584069141,False,False,True,0,160,0.0
50,blind,208,normal_recovery_1,10,unloaded,baseline,low,-0.02631511174509754,0.4072607282763817,False,0.7114711122944273,1.1618262584069141,False,False,True,0,161,0.0
50,blind,209,normal_recovery_1,11,unloaded,baseline,low,-0.09704850246975752,0.4072607282763817,False,0.726288698967069,1.1618262584069141,False,False,True,0,162,0.0
50,blind,210,normal_recovery_1,12,unloaded,baseline,low,-0.057481285496972,0.4072607282763817,False,0.7047263421016418,1.1618262584069141,False,False,True,0,163,0.0
50,blind,211,normal_recovery_1,13,unloaded,baseline,low,-0.08047466284992393,0.4072607282763817,False,0.8705900280887308,1.1618262584069141,False,False,True,0,164,0.0
50,blind,212,normal_recovery_1,14,unloaded,baseline,low,-0.02932260793596148,0.4072607282763817,False,0.7479841284883745,1.1618262584069141,False,False,True,0,165,0.0
50,blind,213,normal_recovery_1,15,unloaded,baseline,low,0.015930774293007,0.4072607282763817,False,0.8391518906613444,1.1618262584069141,False,False,True,0,166,0.0
50,blind,214,normal_recovery_1,16,unloaded,baseline,low,-0.030936352726162037,0.4072607282763817,False,0.7722695680953169,1.1618262584069141,False,False,True,0,167,0.0
50,blind,215,normal_recovery_1,17,unloaded,baseline,low,-0.015160208693461427,0.4072607282763817,False,0.7583583533701262,1.1618262584069141,False,False,True,0,168,0.0
50,blind,216,normal_recovery_1,18,unloaded,baseline,low,-0.0013294755117633957,0.4072607282763817,False,0.7572706958374474,1.1618262584069141,False,False,True,0,169,0.0
50,blind,217,normal_recovery_1,19,unloaded,baseline,low,-0.0023702587499999095,0.4072607282763817,False,0.72514033680834,1.1618262584069141,False,False,True,0,170,0.0
50,blind,218,normal_recovery_1,20,unloaded,baseline,low,-0.1629688145476428,0.4072607282763817,False,0.8992248062015504,1.1618262584069141,False,False,True,0,171,0.0
50,blind,219,normal_recovery_1,21,unloaded,baseline,low,0.007133734648666426,0.4072607282763817,False,0.8009013298583266,1.1618262584069141,False,False,True,0,172,0.0
50,blind,220,normal_recovery_1,22,unloaded,baseline,low,0.10238405607924872,0.4072607282763817,False,0.9513751033478405,1.1618262584069141,False,False,True,0,173,0.0
50,blind,221,normal_recovery_1,23,unloaded,baseline,low,-0.04523253755051785,0.4072607282763817,False,0.7693280171156277,1.1618262584069141,False,False,True,0,174,0.0
50,blind,222,normal_recovery_1,24,unloaded,baseline,low,-0.01960421067884765,0.4072607282763817,False,0.7470997580729539,1.1618262584069141,False,False,True,0,175,0.0
50,blind,223,normal_recovery_1,25,unloaded,baseline,low,-0.002292982778735575,0.4072607282763817,False,1.0209312352738786,1.1618262584069141,False,False,True,0,176,0.0
50,blind,224,normal_recovery_1,26,unloaded,baseline,low,-0.016708695548661622,0.4072607282763817,False,0.7968894947497702,1.1618262584069141,False,False,True,0,177,0.0
50,blind,225,normal_recovery_1,27,unloaded,baseline,low,0.017603632903743973,0.4072607282763817,False,0.8731105042501635,1.1618262584069141,False,False,True,0,178,0.0
50,blind,226,normal_recovery_1,28,unloaded,baseline,low,0.043349232309462374,0.4072607282763817,False,0.9282759558166951,1.1618262584069141,False,False,True,0,179,0.0
50,blind,227,normal_recovery_1,29,unloaded,baseline,low,-0.03139771588897073,0.4072607282763817,False,0.8491213516257466,1.1618262584069141,False,False,True,0,180,0.0
50,blind,228,persistent_attack_baseline,0,hiding,baseline,low,0.7178274129743505,0.4072607282763817,True,1.7420009119745246,1.1618262584069141,True,True,True,1,180,0.02
50,blind,229,persistent_attack_baseline,1,hiding,baseline,low,0.6433214631619052,0.4072607282763817,True,1.4715880067874825,1.1618262584069141,True,True,True,2,180,0.04
50,blind,230,persistent_attack_baseline,2,hiding,baseline,low,0.4196759838198757,0.4072607282763817,True,1.4256005701086645,1.1618262584069141,True,True,True,3,180,0.06
50,blind,231,persistent_attack_baseline,3,hiding,baseline,low,0.6174899500089378,0.4072607282763817,True,1.4198047975840151,1.1618262584069141,True,True,True,4,180,0.08
50,blind,232,persistent_attack_baseline,4,hiding,baseline,low,0.5929203994148027,0.4072607282763817,True,1.49119296733088,1.1618262584069141,True,True,True,5,180,0.1
50,blind,233,persistent_attack_baseline,5,hiding,baseline,low,0.5424528085127441,0.4072607282763817,True,1.3267584787467577,1.1618262584069141,True,True,True,6,180,0.12
50,blind,234,persistent_attack_baseline,6,hiding,baseline,low,0.6277697435165,0.4072607282763817,True,1.3406972369165293,1.1618262584069141,True,True,True,7,180,0.14
50,blind,235,persistent_attack_baseline,7,hiding,baseline,low,0.5647437380269791,0.4072607282763817,True,1.5130006204416848,1.1618262584069141,True,True,True,8,180,0.16
50,blind,236,persistent_attack_baseline,8,hiding,baseline,low,0.5837959494289843,0.4072607282763817,True,1.381352363533976,1.1618262584069141,True,True,True,9,180,0.18
50,blind,237,persistent_attack_baseline,9,hiding,baseline,low,0.6265631860855351,0.4072607282763817,True,1.9392963842452664,1.1618262584069141,True,True,True,10,180,0.2
50,blind,238,persistent_attack_baseline,10,hiding,baseline,low,0.5923926016961905,0.4072607282763817,True,1.3570230759455506,1.1618262584069141,True,True,True,11,180,0.22
50,blind,239,persistent_attack_baseline,11,hiding,baseline,low,0.5656745730385724,0.4072607282763817,True,1.3153961731954242,1.1618262584069141,True,True,True,12,180,0.24
50,blind,240,persistent_attack_baseline,12,hiding,baseline,low,0.5815792157011354,0.4072607282763817,True,1.3285126592529284,1.1618262584069141,True,True,True,13,180,0.26
50,blind,241,persistent_attack_baseline,13,hiding,baseline,low,0.5946427415613311,0.4072607282763817,True,1.4316903672067915,1.1618262584069141,True,True,True,14,180,0.28
50,blind,242,persistent_attack_baseline,14,hiding,baseline,low,0.5255419387013545,0.4072607282763817,True,1.4535677888604555,1.1618262584069141,True,True,True,15,180,0.3
50,blind,243,persistent_attack_baseline,15,hiding,baseline,low,0.677099552238478,0.4072607282763817,True,1.543484490203749,1.1618262584069141,True,True,True,16,180,0.32
50,blind,244,persistent_attack_baseline,16,hiding,baseline,low,0.5795919955807396,0.4072607282763817,True,1.4839420223408841,1.1618262584069141,True,True,True,17,180,0.34
50,blind,245,persistent_attack_baseline,17,hiding,baseline,low,0.5946126425240406,0.4072607282763817,True,1.3744402943235816,1.1618262584069141,True,True,True,18,180,0.36
50,blind,246,persistent_attack_baseline,18,hiding,baseline,low,0.5831642179379133,0.4072607282763817,True,1.3805251079543615,1.1618262584069141,True,True,True,19,180,0.38
50,blind,247,persistent_attack_baseline,19,hiding,baseline,low,0.633836485164994,0.4072607282763817,True,1.5448997949303187,1.1618262584069141,True,True,True,20,180,0.4
50,blind,248,persistent_attack_baseline,20,hiding,baseline,low,0.56604544510074,0.4072607282763817,True,1.3306405998101298,1.1618262584069141,True,True,True,21,180,0.42
50,blind,249,persistent_attack_baseline,21,hiding,baseline,low,0.6820166864369817,0.4072607282763817,True,1.570782620438854,1.1618262584069141,True,True,True,22,180,0.44
50,blind,250,persistent_attack_baseline,22,hiding,baseline,low,0.5699783118805781,0.4072607282763817,True,1.256332073207602,1.1618262584069141,True,True,True,23,180,0.46
50,blind,251,persistent_attack_baseline,23,hiding,baseline,low,0.730619963995732,0.4072607282763817,True,1.470490946484367,1.1618262584069141,True,True,True,24,180,0.48
50,blind,252,persistent_attack_baseline,24,hiding,baseline,low,0.5275326623682021,0.4072607282763817,True,1.2545900906957679,1.1618262584069141,True,True,True,25,180,0.5
50,blind,253,persistent_attack_baseline,25,hiding,baseline,low,0.6236045372804966,0.4072607282763817,True,1.189870115798197,1.1618262584069141,True,True,True,26,180,0.52
50,blind,254,persistent_attack_baseline,26,hiding,baseline,low,0.576947413802346,0.4072607282763817,True,1.111708388031325,1.1618262584069141,False,False,True,27,180,0.54
50,blind,255,persistent_attack_baseline,27,hiding,baseline,low,0.6661389226652933,0.4072607282763817,True,1.2435437374253024,1.1618262584069141,True,True,True,28,180,0.56
50,blind,256,persistent_attack_baseline,28,hiding,baseline,low,0.4766550217009129,0.4072607282763817,True,1.0589829364967813,1.1618262584069141,False,False,True,29,180,0.58
50,blind,257,persistent_attack_baseline,29,hiding,baseline,low,0.6209301388027726,0.4072607282763817,True,1.163123907781734,1.1618262584069141,True,True,True,30,180,0.6
50,blind,258,persistent_attack_baseline,30,hiding,baseline,low,0.6491415899215844,0.4072607282763817,True,1.1592040264182493,1.1618262584069141,False,False,True,31,180,0.62
50,blind,259,persistent_attack_baseline,31,hiding,baseline,low,0.6627090000095367,0.4072607282763817,True,1.1682694972050527,1.1618262584069141,True,True,True,32,180,0.64
50,blind,260,persistent_attack_baseline,32,hiding,baseline,low,0.5665812129843362,0.4072607282763817,True,0.9803632515667619,1.1618262584069141,False,False,True,33,180,0.66
50,blind,261,persistent_attack_baseline,33,hiding,baseline,low,0.7124478080639018,0.4072607282763817,True,1.248946825881902,1.1618262584069141,True,True,True,34,180,0.68
50,blind,262,persistent_attack_baseline,34,hiding,baseline,low,0.5965133022233147,0.4072607282763817,True,1.0397832209702598,1.1618262584069141,False,False,True,35,180,0.7
50,blind,263,persistent_attack_baseline,35,hiding,baseline,low,0.6183757044338931,0.4072607282763817,True,1.0202306715168312,1.1618262584069141,False,False,True,36,180,0.72
50,blind,264,persistent_attack_baseline,36,hiding,baseline,low,0.6774713193601805,0.4072607282763817,True,1.1806846625372285,1.1618262584069141,True,True,True,37,180,0.74
50,blind,265,persistent_attack_baseline,37,hiding,baseline,low,0.5593125033572223,0.4072607282763817,True,0.9760315898974602,1.1618262584069141,False,False,True,38,180,0.76
50,blind,266,persistent_attack_baseline,38,hiding,baseline,low,0.675642629956053,0.4072607282763817,True,1.07261642759587,1.1618262584069141,False,False,True,39,180,0.78
50,blind,267,persistent_attack_baseline,39,hiding,baseline,low,0.48175132054201253,0.4072607282763817,True,0.9747627344687313,1.1618262584069141,False,False,True,40,180,0.8
50,blind,268,persistent_attack_baseline,40,hiding,baseline,low,0.7415948374846995,0.4072607282763817,True,1.168821010089621,1.1618262584069141,True,True,True,41,180,0.82
50,blind,269,persistent_attack_baseline,41,hiding,baseline,low,0.625458546885514,0.4072607282763817,True,0.9902919422945904,1.1618262584069141,False,False,True,42,180,0.84
50,blind,270,persistent_attack_baseline,42,hiding,baseline,low,0.7250955833784756,0.4072607282763817,True,1.1591487453784706,1.1618262584069141,False,False,True,43,180,0.86
50,blind,271,persistent_attack_baseline,43,hiding,baseline,low,0.6203221432871527,0.4072607282763817,True,1.0658162322055833,1.1618262584069141,False,False,True,44,180,0.88
50,blind,272,persistent_attack_baseline,44,hiding,baseline,low,0.6100366562333563,0.4072607282763817,True,1.1522146529898467,1.1618262584069141,False,False,True,45,180,0.9
50,blind,273,persistent_attack_baseline,45,hiding,baseline,low,0.6134463866413774,0.4072607282763817,True,0.9575551370492531,1.1618262584069141,False,False,True,46,180,0.92
50,blind,274,persistent_attack_baseline,46,hiding,baseline,low,0.6115646554435933,0.4072607282763817,True,0.9377338924207583,1.1618262584069141,False,False,True,47,180,0.94
50,blind,275,persistent_attack_baseline,47,hiding,baseline,low,0.7421427828420479,0.4072607282763817,True,1.123020043214822,1.1618262584069141,False,False,True,48,180,0.96
50,blind,276,persistent_attack_baseline,48,hiding,baseline,low,0.594238413009449,0.4072607282763817,True,0.9245255411628007,1.1618262584069141,False,False,True,49,180,0.98
50,blind,277,persistent_attack_baseline,49,hiding,baseline,low,0.6870217229081905,0.4072607282763817,True,1.1841046606704824,1.1618262584069141,True,True,True,50,180,1.0
50,blind,278,persistent_attack_baseline,50,hiding,baseline,low,0.5841492167203427,0.4072607282763817,True,0.981164187911314,1.1618262584069141,False,False,True,51,180,1.0
50,blind,279,persistent_attack_baseline,51,hiding,baseline,low,0.5758759815338469,0.4072607282763817,True,0.943939406980247,1.1618262584069141,False,False,True,52,180,1.0
50,blind,280,persistent_attack_baseline,52,hiding,baseline,low,0.5723452784380814,0.4072607282763817,True,0.9533727613725395,1.1618262584069141,False,False,True,53,180,1.0
50,blind,281,persistent_attack_baseline,53,hiding,baseline,low,0.5929177983157216,0.4072607282763817,True,0.9606597840933515,1.1618262584069141,False,False,True,54,180,1.0
50,blind,282,persistent_attack_baseline,54,hiding,baseline,low,0.4971906808004084,0.4072607282763817,True,1.0160924640675593,1.1618262584069141,False,False,True,55,180,1.0
50,blind,283,persistent_attack_baseline,55,hiding,baseline,low,0.6590437760737833,0.4072607282763817,True,1.1861033495344209,1.1618262584069141,True,True,True,56,180,1.0
50,blind,284,persistent_attack_baseline,56,hiding,baseline,low,0.6146879460730212,0.4072607282763817,True,0.989642380685975,1.1618262584069141,False,False,True,57,180,1.0
50,blind,285,persistent_attack_baseline,57,hiding,baseline,low,0.4011672558470474,0.4072607282763817,False,0.9392193484528983,1.1618262584069141,False,False,True,58,180,1.0
50,blind,286,persistent_attack_baseline,58,hiding,baseline,low,0.4236425844909424,0.4072607282763817,True,0.9365592217931207,1.1618262584069141,False,False,True,59,180,1.0
50,blind,287,persistent_attack_baseline,59,hiding,baseline,low,0.6017803559369851,0.4072607282763817,True,1.0064342122596703,1.1618262584069141,False,False,True,60,180,1.0
50,blind,288,persistent_attack_baseline,60,hiding,baseline,low,0.5653745696573544,0.4072607282763817,True,0.92776764728314,1.1618262584069141,False,False,True,61,180,1.0
50,blind,289,persistent_attack_baseline,61,hiding,baseline,low,0.5768310864935644,0.4072607282763817,True,0.9390101851916051,1.1618262584069141,False,False,True,62,180,1.0
50,blind,290,persistent_attack_baseline,62,hiding,baseline,low,0.5411936351323802,0.4072607282763817,True,0.9175755222597397,1.1618262584069141,False,False,True,63,180,1.0
50,blind,291,persistent_attack_baseline,63,hiding,baseline,low,0.6280558280406686,0.4072607282763817,True,1.02913075733729,1.1618262584069141,False,False,True,64,180,1.0
50,blind,292,persistent_attack_baseline,64,hiding,baseline,low,0.7423779769401606,0.4072607282763817,True,1.2910116450209728,1.1618262584069141,True,True,True,65,180,1.0
50,blind,293,persistent_attack_baseline,65,hiding,baseline,low,0.6090745856445934,0.4072607282763817,True,1.0124559796121546,1.1618262584069141,False,False,True,66,180,1.0
50,blind,294,persistent_attack_baseline,66,hiding,baseline,low,0.45535176975314756,0.4072607282763817,True,0.9089293447971827,1.1618262584069141,False,False,True,67,180,1.0
50,blind,295,persistent_attack_baseline,67,hiding,baseline,low,0.5330164796592676,0.4072607282763817,True,0.9224670489291336,1.1618262584069141,False,False,True,68,180,1.0
50,blind,296,persistent_attack_baseline,68,hiding,baseline,low,0.5907967216187143,0.4072607282763817,True,0.9830928592724071,1.1618262584069141,False,False,True,69,180,1.0
50,blind,297,persistent_attack_baseline,69,hiding,baseline,low,0.5397935615040842,0.4072607282763817,True,0.9216142384679918,1.1618262584069141,False,False,True,70,180,1.0
50,blind,298,persistent_attack_baseline,70,hiding,baseline,low,0.605153645086101,0.4072607282763817,True,1.0065812008909398,1.1618262584069141,False,False,True,71,180,1.0
50,blind,299,persistent_attack_baseline,71,hiding,baseline,low,0.5211336778489579,0.4072607282763817,True,0.9327181080087916,1.1618262584069141,False,False,True,72,180,1.0
50,blind,300,persistent_attack_baseline,72,hiding,baseline,low,0.5129179150783413,0.4072607282763817,True,0.9340019439319937,1.1618262584069141,False,False,True,73,180,1.0
50,blind,301,persistent_attack_baseline,73,hiding,baseline,low,0.5380383381736815,0.4072607282763817,True,1.0201400396089184,1.1618262584069141,False,False,True,74,180,1.0
50,blind,302,persistent_attack_baseline,74,hiding,baseline,low,0.5066043367690596,0.4072607282763817,True,0.9354555460310229,1.1618262584069141,False,False,True,75,180,1.0
50,blind,303,persistent_attack_baseline,75,hiding,baseline,low,0.624732145807986,0.4072607282763817,True,1.1558411511652382,1.1618262584069141,False,False,True,76,180,1.0
50,blind,304,persistent_attack_baseline,76,hiding,baseline,low,0.5592169657531766,0.4072607282763817,True,1.0381257382219353,1.1618262584069141,False,False,True,77,180,1.0
50,blind,305,persistent_attack_baseline,77,hiding,baseline,low,0.5708889770221516,0.4072607282763817,True,0.9783617257041267,1.1618262584069141,False,False,True,78,180,1.0
50,blind,306,persistent_attack_baseline,78,hiding,baseline,low,0.64180895559846,0.4072607282763817,True,1.0782258121011299,1.1618262584069141,False,False,True,79,180,1.0
50,blind,307,persistent_attack_baseline,79,hiding,baseline,low,0.58014587721486,0.4072607282763817,True,0.9337492019810006,1.1618262584069141,False,False,True,80,180,1.0
50,blind,308,persistent_attack_baseline,80,hiding,baseline,low,0.5807730242236051,0.4072607282763817,True,0.9436905854413753,1.1618262584069141,False,False,True,81,180,1.0
50,blind,309,persistent_attack_baseline,81,hiding,baseline,low,0.6429311973979075,0.4072607282763817,True,1.1335384093774612,1.1618262584069141,False,False,True,82,180,1.0
50,blind,310,persistent_attack_baseline,82,hiding,baseline,low,0.6208055816534425,0.4072607282763817,True,1.100841612307388,1.1618262584069141,False,False,True,83,180,1.0
50,blind,311,persistent_attack_baseline,83,hiding,baseline,low,0.5679406095701504,0.4072607282763817,True,0.9523352504781186,1.1618262584069141,False,False,True,84,180,1.0
50,blind,312,persistent_attack_baseline,84,hiding,baseline,low,0.5620061988346917,0.4072607282763817,True,0.9355246568037098,1.1618262584069141,False,False,True,85,180,1.0
50,blind,313,persistent_attack_baseline,85,hiding,baseline,low,0.5945367941966297,0.4072607282763817,True,1.0521291139553928,1.1618262584069141,False,False,True,86,180,1.0
50,blind,314,persistent_attack_baseline,86,hiding,baseline,low,0.6420851406061111,0.4072607282763817,True,1.0097899677552649,1.1618262584069141,False,False,True,87,180,1.0
50,blind,315,persistent_attack_baseline,87,hiding,baseline,low,0.6086174979179879,0.4072607282763817,True,1.025951184367131,1.1618262584069141,False,False,True,88,180,1.0
50,blind,316,persistent_attack_baseline,88,hiding,baseline,low,0.684726769573188,0.4072607282763817,True,1.0442071992976294,1.1618262584069141,False,False,True,89,180,1.0
50,blind,317,persistent_attack_baseline,89,hiding,baseline,low,0.5487423902758952,0.4072607282763817,True,1.0421316944688324,1.1618262584069141,False,False,True,90,180,1.0
50,blind,318,persistent_attack_baseline,90,hiding,baseline,low,0.6277827032323887,0.4072607282763817,True,0.9483460155954326,1.1618262584069141,False,False,True,91,180,1.0
50,blind,319,persistent_attack_baseline,91,hiding,baseline,low,0.5383602731253365,0.4072607282763817,True,0.9392519754170325,1.1618262584069141,False,False,True,92,180,1.0
50,blind,320,persistent_attack_baseline,92,hiding,baseline,low,0.5612352589975624,0.4072607282763817,True,0.9751571553994732,1.1618262584069141,False,False,True,93,180,1.0
50,blind,321,persistent_attack_baseline,93,hiding,baseline,low,0.6223294123181542,0.4072607282763817,True,0.976968512301874,1.1618262584069141,False,False,True,94,180,1.0
50,blind,322,persistent_attack_baseline,94,hiding,baseline,low,0.5501244911265519,0.4072607282763817,True,0.9591563231923448,1.1618262584069141,False,False,True,95,180,1.0
50,blind,323,persistent_attack_baseline,95,hiding,baseline,low,0.7995531976556811,0.4072607282763817,True,1.391199489532901,1.1618262584069141,True,True,True,96,180,1.0
50,blind,324,persistent_attack_baseline,96,hiding,baseline,low,0.4972025810040033,0.4072607282763817,True,0.940748308692097,1.1618262584069141,False,False,True,97,180,1.0
50,blind,325,persistent_attack_baseline,97,hiding,baseline,low,0.5774263676445006,0.4072607282763817,True,0.9832971602488517,1.1618262584069141,False,False,True,98,180,1.0
50,blind,326,persistent_attack_baseline,98,hiding,baseline,low,0.5997667433638119,0.4072607282763817,True,0.9913011503534697,1.1618262584069141,False,False,True,99,180,1.0
50,blind,327,persistent_attack_baseline,99,hiding,baseline,low,0.5689217145118687,0.4072607282763817,True,1.1233520672836013,1.1618262584069141,False,False,True,100,180,1.0
50,blind,328,persistent_attack_baseline,100,hiding,baseline,low,0.6205295122895584,0.4072607282763817,True,1.082056865169633,1.1618262584069141,False,False,True,101,180,1.0
50,blind,329,persistent_attack_baseline,101,hiding,baseline,low,0.763907991232923,0.4072607282763817,True,1.2732981726287254,1.1618262584069141,True,True,True,102,180,1.0
50,blind,330,persistent_attack_baseline,102,hiding,baseline,low,0.6170732974529429,0.4072607282763817,True,1.106831971400301,1.1618262584069141,False,False,True,103,180,1.0
50,blind,331,persistent_attack_baseline,103,hiding,baseline,low,0.6226090366066703,0.4072607282763817,True,1.0525290726497543,1.1618262584069141,False,False,True,104,180,1.0
50,blind,332,persistent_attack_baseline,104,hiding,baseline,low,0.551074212387156,0.4072607282763817,True,0.982215978928885,1.1618262584069141,False,False,True,105,180,1.0
50,blind,333,persistent_attack_baseline,105,hiding,baseline,low,0.5772208365991858,0.4072607282763817,True,0.9777581835436763,1.1618262584069141,False,False,True,106,180,1.0
50,blind,334,persistent_attack_baseline,106,hiding,baseline,low,0.6172265037424245,0.4072607282763817,True,0.9804402590850013,1.1618262584069141,False,False,True,107,180,1.0
50,blind,335,persistent_attack_baseline,107,hiding,baseline,low,0.5537798678974718,0.4072607282763817,True,0.9576648569511377,1.1618262584069141,False,False,True,108,180,1.0
50,blind,336,persistent_attack_baseline,108,hiding,baseline,low,0.48337822561874505,0.4072607282763817,True,1.0217991179879504,1.1618262584069141,False,False,True,109,180,1.0
50,blind,337,persistent_attack_baseline,109,hiding,baseline,low,0.7108863928500766,0.4072607282763817,True,1.1111451835185426,1.1618262584069141,False,False,True,110,180,1.0
50,blind,338,persistent_attack_baseline,110,hiding,baseline,low,0.6652755546408493,0.4072607282763817,True,1.1143899860402178,1.1618262584069141,False,False,True,111,180,1.0
50,blind,339,persistent_attack_baseline,111,hiding,baseline,low,0.5672619020174849,0.4072607282763817,True,0.9499851272680916,1.1618262584069141,False,False,True,112,180,1.0
50,blind,340,persistent_attack_baseline,112,hiding,baseline,low,0.6692309849254814,0.4072607282763817,True,1.1130929616566807,1.1618262584069141,False,False,True,113,180,1.0
50,blind,341,persistent_attack_baseline,113,hiding,baseline,low,0.6851285407145563,0.4072607282763817,True,1.2481467861497668,1.1618262584069141,True,True,True,114,180,1.0
50,blind,342,persistent_attack_baseline,114,hiding,baseline,low,0.5549703923776608,0.4072607282763817,True,0.9847009784687606,1.1618262584069141,False,False,True,115,180,1.0
50,blind,343,persistent_attack_baseline,115,hiding,baseline,low,0.6709937087342579,0.4072607282763817,True,1.052412215470474,1.1618262584069141,False,False,True,116,180,1.0
50,blind,344,persistent_attack_baseline,116,hiding,baseline,low,0.5160047878496598,0.4072607282763817,True,0.9758601396620349,1.1618262584069141,False,False,True,117,180,1.0
50,blind,345,persistent_attack_baseline,117,hiding,baseline,low,0.6163200242786122,0.4072607282763817,True,1.0444659272794232,1.1618262584069141,False,False,True,118,180,1.0
50,blind,346,persistent_attack_baseline,118,hiding,baseline,low,-0.08424335688368009,0.4072607282763817,False,0.5670825584116466,1.1618262584069141,False,False,True,119,180,1.0
50,blind,347,persistent_attack_baseline,119,hiding,baseline,low,-0.14028529114806332,0.4072607282763817,False,0.5906740145626865,1.1618262584069141,False,False,True,120,180,1.0
50,blind,348,normal_recovery_2,0,unloaded,baseline,low,-0.05610144232546613,0.4072607282763817,False,0.8471942710440715,1.1618262584069141,False,False,True,120,181,0.98
50,blind,349,normal_recovery_2,1,unloaded,baseline,low,0.08091079412091733,0.4072607282763817,False,0.850767870638395,1.1618262584069141,False,False,True,120,182,0.96
50,blind,350,normal_recovery_2,2,unloaded,baseline,low,0.0575472354329687,0.4072607282763817,False,0.7772426528255073,1.1618262584069141,False,False,True,120,183,0.94
50,blind,351,normal_recovery_2,3,unloaded,baseline,low,-0.12307747552877796,0.4072607282763817,False,0.8402016284276119,1.1618262584069141,False,False,True,120,184,0.92
50,blind,352,normal_recovery_2,4,unloaded,baseline,low,-0.07215481744003512,0.4072607282763817,False,0.8214195711581803,1.1618262584069141,False,False,True,120,185,0.9
50,blind,353,normal_recovery_2,5,unloaded,baseline,low,-0.11190843479106045,0.4072607282763817,False,0.8248869093684261,1.1618262584069141,False,False,True,120,186,0.88
50,blind,354,normal_recovery_2,6,unloaded,baseline,low,-0.07444357939868575,0.4072607282763817,False,0.8111747840721111,1.1618262584069141,False,False,True,120,187,0.86
50,blind,355,normal_recovery_2,7,unloaded,baseline,low,-0.1473430671863727,0.4072607282763817,False,0.8056505071407806,1.1618262584069141,False,False,True,120,188,0.84
50,blind,356,normal_recovery_2,8,unloaded,baseline,low,0.08699611124895522,0.4072607282763817,False,0.8372103976942321,1.1618262584069141,False,False,True,120,189,0.82
50,blind,357,normal_recovery_2,9,unloaded,baseline,low,-0.01415314980228885,0.4072607282763817,False,0.8455639553122467,1.1618262584069141,False,False,True,120,190,0.8
50,blind,358,normal_recovery_2,10,unloaded,baseline,low,-0.11698105905137429,0.4072607282763817,False,0.8359206558459104,1.1618262584069141,False,False,True,120,191,0.78
50,blind,359,normal_recovery_2,11,unloaded,baseline,low,-0.062071117433028344,0.4072607282763817,False,0.8519831505192477,1.1618262584069141,False,False,True,120,192,0.76
50,blind,360,normal_recovery_2,12,unloaded,baseline,low,-0.005557743257911668,0.4072607282763817,False,0.8600022885830583,1.1618262584069141,False,False,True,120,193,0.74
50,blind,361,normal_recovery_2,13,unloaded,baseline,low,-0.3517973886402971,0.4072607282763817,False,0.7238713830342417,1.1618262584069141,False,False,True,120,194,0.72
50,blind,362,normal_recovery_2,14,unloaded,baseline,low,-0.01873238816560032,0.4072607282763817,False,0.6335638420709055,1.1618262584069141,False,False,True,120,195,0.7
50,blind,363,normal_recovery_2,15,unloaded,baseline,low,-0.06480150825354287,0.4072607282763817,False,0.8275366719823691,1.1618262584069141,False,False,True,120,196,0.68
50,blind,364,normal_recovery_2,16,unloaded,baseline,low,0.004292730619091689,0.4072607282763817,False,0.7748768051748193,1.1618262584069141,False,False,True,120,197,0.66
50,blind,365,normal_recovery_2,17,unloaded,baseline,low,0.015034913072397918,0.4072607282763817,False,0.7351487412513217,1.1618262584069141,False,False,True,120,198,0.64
50,blind,366,normal_recovery_2,18,unloaded,baseline,low,-0.08985846205803943,0.4072607282763817,False,0.7575599370545218,1.1618262584069141,False,False,True,120,199,0.62
50,blind,367,normal_recovery_2,19,unloaded,baseline,low,-0.08428222188590057,0.4072607282763817,False,0.8192026134528679,1.1618262584069141,False,False,True,120,200,0.6
50,blind,368,normal_recovery_2,20,unloaded,baseline,low,-0.15317915338123467,0.4072607282763817,False,0.8676556821704557,1.1618262584069141,False,False,True,120,201,0.58
50,blind,369,normal_recovery_2,21,unloaded,baseline,low,-0.10552076844690762,0.4072607282763817,False,0.8350192295095773,1.1618262584069141,False,False,True,120,202,0.56
50,blind,370,normal_recovery_2,22,unloaded,baseline,low,-0.09435572637430631,0.4072607282763817,False,0.6658487000938145,1.1618262584069141,False,False,True,120,203,0.54
50,blind,371,normal_recovery_2,23,unloaded,baseline,low,-0.20538375538086026,0.4072607282763817,False,0.788690641985723,1.1618262584069141,False,False,True,120,204,0.52
50,blind,372,normal_recovery_2,24,unloaded,baseline,low,-0.11922849100491353,0.4072607282763817,False,1.043014573700449,1.1618262584069141,False,False,True,120,205,0.5
50,blind,373,normal_recovery_2,25,unloaded,baseline,low,-0.19205454103804126,0.4072607282763817,False,0.8811068654420188,1.1618262584069141,False,False,True,120,206,0.48
50,blind,374,normal_recovery_2,26,unloaded,baseline,low,-0.010509494301043101,0.4072607282763817,False,0.9739816363234783,1.1618262584069141,False,False,True,120,207,0.46
50,blind,375,normal_recovery_2,27,unloaded,baseline,low,-0.11983582777756815,0.4072607282763817,False,0.9116548236673715,1.1618262584069141,False,False,True,120,208,0.44
50,blind,376,normal_recovery_2,28,unloaded,baseline,low,-0.20792339108927618,0.4072607282763817,False,0.865698282236747,1.1618262584069141,False,False,True,120,209,0.42
50,blind,377,normal_recovery_2,29,unloaded,baseline,low,-0.04372709435240968,0.4072607282763817,False,1.0608279887368237,1.1618262584069141,False,False,True,120,210,0.4
50,blind,378,persistent_attack_cpu,0,hiding,cpu,high,0.5391423052036124,0.4201396874464996,True,1.7542482598905302,1.1618262584069141,True,True,True,121,210,0.4
50,blind,379,persistent_attack_cpu,1,hiding,cpu,high,0.7363780992581528,0.4201396874464996,True,1.6916000461465495,1.1618262584069141,True,True,True,122,210,0.4
50,blind,380,persistent_attack_cpu,2,hiding,cpu,high,0.5784146597870121,0.4201396874464996,True,1.700363617718566,1.1618262584069141,True,True,True,123,210,0.4
50,blind,381,persistent_attack_cpu,3,hiding,cpu,high,0.48873814530902465,0.4201396874464996,True,1.6910360327640501,1.1618262584069141,True,True,True,124,210,0.4
50,blind,382,persistent_attack_cpu,4,hiding,cpu,high,0.517405525083443,0.4201396874464996,True,1.6606263112242936,1.1618262584069141,True,True,True,125,210,0.4
50,blind,383,persistent_attack_cpu,5,hiding,cpu,high,0.34943260391292036,0.4201396874464996,False,1.6327589227344395,1.1618262584069141,True,True,True,126,210,0.4
50,blind,384,persistent_attack_cpu,6,hiding,cpu,high,0.6314792565812564,0.4201396874464996,True,1.601520272435555,1.1618262584069141,True,True,True,127,210,0.4
50,blind,385,persistent_attack_cpu,7,hiding,cpu,high,0.6045816483282622,0.4201396874464996,True,1.6938988279630998,1.1618262584069141,True,True,True,128,210,0.4
50,blind,386,persistent_attack_cpu,8,hiding,cpu,high,0.6523918081155433,0.4201396874464996,True,1.7320551878549117,1.1618262584069141,True,True,True,129,210,0.4
50,blind,387,persistent_attack_cpu,9,hiding,cpu,high,0.45616085114691235,0.4201396874464996,True,1.6438255489516616,1.1618262584069141,True,True,True,130,210,0.4
50,blind,388,persistent_attack_cpu,10,hiding,cpu,high,0.4445006095852026,0.4201396874464996,True,1.6715348427812697,1.1618262584069141,True,True,True,131,210,0.4
50,blind,389,persistent_attack_cpu,11,hiding,cpu,high,0.47096599943150147,0.4201396874464996,True,1.6296312121587613,1.1618262584069141,True,True,True,132,210,0.4
50,blind,390,persistent_attack_cpu,12,hiding,cpu,high,0.6960697140884988,0.4201396874464996,True,1.7553591953409076,1.1618262584069141,True,True,True,133,210,0.4
50,blind,391,persistent_attack_cpu,13,hiding,cpu,high,0.5498461923390643,0.4201396874464996,True,1.70673013241496,1.1618262584069141,True,True,True,134,210,0.4
50,blind,392,persistent_attack_cpu,14,hiding,cpu,high,0.7008859586741278,0.4201396874464996,True,1.6367454718698327,1.1618262584069141,True,True,True,135,210,0.4
50,blind,393,persistent_attack_cpu,15,hiding,cpu,high,0.6352629858401282,0.4201396874464996,True,1.735212808231177,1.1618262584069141,True,True,True,136,210,0.4
50,blind,394,persistent_attack_cpu,16,hiding,cpu,high,0.6348369872664998,0.4201396874464996,True,1.682490375453454,1.1618262584069141,True,True,True,137,210,0.4
50,blind,395,persistent_attack_cpu,17,hiding,cpu,high,0.7245052088326912,0.4201396874464996,True,1.6519781060259702,1.1618262584069141,True,True,True,138,210,0.4
50,blind,396,persistent_attack_cpu,18,hiding,cpu,high,0.4549202717889498,0.4201396874464996,True,1.6583189837504326,1.1618262584069141,True,True,True,139,210,0.4
50,blind,397,persistent_attack_cpu,19,hiding,cpu,high,0.6500235278212979,0.4201396874464996,True,1.7028720049637494,1.1618262584069141,True,True,True,140,210,0.4
50,blind,398,persistent_attack_cpu,20,hiding,cpu,high,0.5720604467703726,0.4201396874464996,True,1.6719774951262725,1.1618262584069141,True,True,True,141,210,0.42
50,blind,399,persistent_attack_cpu,21,hiding,cpu,high,0.40743673023402704,0.4201396874464996,False,1.569291600254852,1.1618262584069141,True,True,True,142,210,0.44
50,blind,400,persistent_attack_cpu,22,hiding,cpu,high,0.6989947931357177,0.4201396874464996,True,1.8731708969140468,1.1618262584069141,True,True,True,143,210,0.46
50,blind,401,persistent_attack_cpu,23,hiding,cpu,high,0.43071477730780194,0.4201396874464996,True,1.6538161785020637,1.1618262584069141,True,True,True,144,210,0.48
50,blind,402,persistent_attack_cpu,24,hiding,cpu,high,0.6797776657425698,0.4201396874464996,True,1.6644246223079395,1.1618262584069141,True,True,True,145,210,0.5
50,blind,403,persistent_attack_cpu,25,hiding,cpu,high,0.5877879916402649,0.4201396874464996,True,1.3072279248860812,1.1618262584069141,True,True,True,146,210,0.52
50,blind,404,persistent_attack_cpu,26,hiding,cpu,high,0.38894800534665713,0.4201396874464996,False,1.0018671881916443,1.1618262584069141,False,False,True,147,210,0.54
50,blind,405,persistent_attack_cpu,27,hiding,cpu,high,0.5640808030481204,0.4201396874464996,True,1.001619749179434,1.1618262584069141,False,False,True,148,210,0.56
50,blind,406,persistent_attack_cpu,28,hiding,cpu,high,0.7187081120552551,0.4201396874464996,True,1.0907300751247744,1.1618262584069141,False,False,True,149,210,0.58
50,blind,407,persistent_attack_cpu,29,hiding,cpu,high,0.6201163413041407,0.4201396874464996,True,1.0630447402768282,1.1618262584069141,False,False,True,150,210,0.6
50,blind,408,persistent_attack_cpu,30,hiding,cpu,high,0.5783218467102462,0.4201396874464996,True,1.0153709136630344,1.1618262584069141,False,False,True,151,210,0.62
50,blind,409,persistent_attack_cpu,31,hiding,cpu,high,0.6652794264750264,0.4201396874464996,True,1.0336689820108862,1.1618262584069141,False,False,True,152,210,0.64
50,blind,410,persistent_attack_cpu,32,hiding,cpu,high,0.5203733181586112,0.4201396874464996,True,1.0500107453355476,1.1618262584069141,False,False,True,153,210,0.66
50,blind,411,persistent_attack_cpu,33,hiding,cpu,high,0.4338875599878078,0.4201396874464996,True,0.9758316695620608,1.1618262584069141,False,False,True,154,210,0.68
50,blind,412,persistent_attack_cpu,34,hiding,cpu,high,0.5600164548098228,0.4201396874464996,True,1.02160914771696,1.1618262584069141,False,False,True,155,210,0.7
50,blind,413,persistent_attack_cpu,35,hiding,cpu,high,0.4914535762906205,0.4201396874464996,True,0.9717172186833227,1.1618262584069141,False,False,True,156,210,0.72
50,blind,414,persistent_attack_cpu,36,hiding,cpu,high,0.6748873102467199,0.4201396874464996,True,1.044538470678797,1.1618262584069141,False,False,True,157,210,0.74
50,blind,415,persistent_attack_cpu,37,hiding,cpu,high,0.5396619520195904,0.4201396874464996,True,1.021429971021069,1.1618262584069141,False,False,True,158,210,0.76
50,blind,416,persistent_attack_cpu,38,hiding,cpu,high,0.6523166657437991,0.4201396874464996,True,1.069218647812183,1.1618262584069141,False,False,True,159,210,0.78
50,blind,417,persistent_attack_cpu,39,hiding,cpu,high,0.5718341786834232,0.4201396874464996,True,0.9552079953939802,1.1618262584069141,False,False,True,160,210,0.8
50,blind,418,persistent_attack_cpu,40,hiding,cpu,high,0.47725587472685066,0.4201396874464996,True,0.9487349474064851,1.1618262584069141,False,False,True,161,210,0.82
50,blind,419,persistent_attack_cpu,41,hiding,cpu,high,0.6644392579716075,0.4201396874464996,True,1.0630827249890684,1.1618262584069141,False,False,True,162,210,0.84
50,blind,420,persistent_attack_cpu,42,hiding,cpu,high,0.379564709884458,0.4201396874464996,False,0.9258057036865291,1.1618262584069141,False,False,True,163,210,0.86
50,blind,421,persistent_attack_cpu,43,hiding,cpu,high,0.658114552663779,0.4201396874464996,True,1.0077532020495155,1.1618262584069141,False,False,True,164,210,0.88
50,blind,422,persistent_attack_cpu,44,hiding,cpu,high,0.5716487584526052,0.4201396874464996,True,0.9765578488110093,1.1618262584069141,False,False,True,165,210,0.9
50,blind,423,persistent_attack_cpu,45,hiding,cpu,high,0.378362251842741,0.4201396874464996,False,0.9310521231477755,1.1618262584069141,False,False,True,166,210,0.92
50,blind,424,persistent_attack_cpu,46,hiding,cpu,high,0.4171965920468738,0.4201396874464996,False,0.9468867142525283,1.1618262584069141,False,False,True,167,210,0.94
50,blind,425,persistent_attack_cpu,47,hiding,cpu,high,0.6160764126704901,0.4201396874464996,True,0.9519059521255596,1.1618262584069141,False,False,True,168,210,0.96
50,blind,426,persistent_attack_cpu,48,hiding,cpu,high,0.597725458305931,0.4201396874464996,True,0.9757784325100378,1.1618262584069141,False,False,True,169,210,0.98
50,blind,427,persistent_attack_cpu,49,hiding,cpu,high,0.7255256709352148,0.4201396874464996,True,1.0113878560847152,1.1618262584069141,False,False,True,170,210,1.0
50,blind,428,persistent_attack_cpu,50,hiding,cpu,high,0.5078591302708989,0.4201396874464996,True,0.9604779004019262,1.1618262584069141,False,False,True,171,210,1.0
50,blind,429,persistent_attack_cpu,51,hiding,cpu,high,0.4434024379449939,0.4201396874464996,True,0.9932835640904885,1.1618262584069141,False,False,True,172,210,1.0
50,blind,430,persistent_attack_cpu,52,hiding,cpu,high,0.5177564754415576,0.4201396874464996,True,0.8428848770197349,1.1618262584069141,False,False,True,173,210,1.0
50,blind,431,persistent_attack_cpu,53,hiding,cpu,high,0.4600001066224277,0.4201396874464996,True,0.9942666530340984,1.1618262584069141,False,False,True,174,210,1.0
50,blind,432,persistent_attack_cpu,54,hiding,cpu,high,0.5576766796823124,0.4201396874464996,True,1.0427235835924622,1.1618262584069141,False,False,True,175,210,1.0
50,blind,433,persistent_attack_cpu,55,hiding,cpu,high,0.4835704317394151,0.4201396874464996,True,1.023733449210163,1.1618262584069141,False,False,True,176,210,1.0
50,blind,434,persistent_attack_cpu,56,hiding,cpu,high,0.6914315197591916,0.4201396874464996,True,0.9886217140294826,1.1618262584069141,False,False,True,177,210,1.0
50,blind,435,persistent_attack_cpu,57,hiding,cpu,high,0.7130621116899141,0.4201396874464996,True,1.0104636409496002,1.1618262584069141,False,False,True,178,210,1.0
50,blind,436,persistent_attack_cpu,58,hiding,cpu,high,0.4216161774261224,0.4201396874464996,True,0.9634447722559375,1.1618262584069141,False,False,True,179,210,1.0
50,blind,437,persistent_attack_cpu,59,hiding,cpu,high,0.5805072850696399,0.4201396874464996,True,1.0247763406778794,1.1618262584069141,False,False,True,180,210,1.0
50,blind,438,sham_negative_baseline,0,sham,baseline,low,0.3066869499747774,0.4072607282763817,False,0.724770829193227,1.1618262584069141,False,False,True,180,211,0.98
50,blind,439,sham_negative_baseline,1,sham,baseline,low,0.13213953149829796,0.4072607282763817,False,0.7311300324584333,1.1618262584069141,False,False,True,180,212,0.96
50,blind,440,sham_negative_baseline,2,sham,baseline,low,0.28524299678316223,0.4072607282763817,False,0.7244090475972097,1.1618262584069141,False,False,True,180,213,0.94
50,blind,441,sham_negative_baseline,3,sham,baseline,low,0.43108660992559134,0.4072607282763817,True,0.6989628513129698,1.1618262584069141,False,False,True,180,214,0.92
50,blind,442,sham_negative_baseline,4,sham,baseline,low,0.24277169342927574,0.4072607282763817,False,0.545072932819447,1.1618262584069141,False,False,True,180,215,0.9
50,blind,443,sham_negative_baseline,5,sham,baseline,low,0.30739298083404343,0.4072607282763817,False,0.7233134084430918,1.1618262584069141,False,False,True,180,216,0.88
50,blind,444,sham_negative_baseline,6,sham,baseline,low,0.10718613249089964,0.4072607282763817,False,0.7260920653899277,1.1618262584069141,False,False,True,180,217,0.86
50,blind,445,sham_negative_baseline,7,sham,baseline,low,0.3676046266332589,0.4072607282763817,False,0.7846438664163865,1.1618262584069141,False,False,True,180,218,0.84
50,blind,446,sham_negative_baseline,8,sham,baseline,low,0.279070533999126,0.4072607282763817,False,0.7320876049423461,1.1618262584069141,False,False,True,180,219,0.82
50,blind,447,sham_negative_baseline,9,sham,baseline,low,0.20116052241044763,0.4072607282763817,False,0.7987035773340981,1.1618262584069141,False,False,True,180,220,0.8
50,blind,448,sham_negative_baseline,10,sham,baseline,low,0.26164151863652246,0.4072607282763817,False,0.7387070136996989,1.1618262584069141,False,False,True,180,221,0.78
50,blind,449,sham_negative_baseline,11,sham,baseline,low,0.32091725630248785,0.4072607282763817,False,0.7041582539447532,1.1618262584069141,False,False,True,180,222,0.76
50,blind,450,sham_negative_baseline,12,sham,baseline,low,0.07424228910369565,0.4072607282763817,False,0.7283528272641632,1.1618262584069141,False,False,True,180,223,0.74
50,blind,451,sham_negative_baseline,13,sham,baseline,low,0.22727699989317024,0.4072607282763817,False,0.7872117552728459,1.1618262584069141,False,False,True,180,224,0.72
50,blind,452,sham_negative_baseline,14,sham,baseline,low,0.1139012452815699,0.4072607282763817,False,0.7231992450659573,1.1618262584069141,False,False,True,180,225,0.7
50,blind,453,sham_negative_baseline,15,sham,baseline,low,0.1186710535092125,0.4072607282763817,False,0.7271855058828532,1.1618262584069141,False,False,True,180,226,0.68
50,blind,454,sham_negative_baseline,16,sham,baseline,low,0.1506308186894278,0.4072607282763817,False,0.7455260025721657,1.1618262584069141,False,False,True,180,227,0.66
50,blind,455,sham_negative_baseline,17,sham,baseline,low,0.26851320220046154,0.4072607282763817,False,0.7968281947709948,1.1618262584069141,False,False,True,180,228,0.64
50,blind,456,sham_negative_baseline,18,sham,baseline,low,0.24745496029257844,0.4072607282763817,False,0.7660420865962472,1.1618262584069141,False,False,True,180,229,0.62
50,blind,457,sham_negative_baseline,19,sham,baseline,low,0.2521682049131163,0.4072607282763817,False,0.7141548726108262,1.1618262584069141,False,False,True,180,230,0.6
50,blind,458,sham_negative_cpu,0,sham,cpu,high,0.1935300395235584,0.4201396874464996,False,0.7962646712001106,1.1618262584069141,False,False,True,180,231,0.58
50,blind,459,sham_negative_cpu,1,sham,cpu,high,0.33734142471541395,0.4201396874464996,False,0.8191176114031093,1.1618262584069141,False,False,True,180,232,0.56
50,blind,460,sham_negative_cpu,2,sham,cpu,high,0.3021218597995856,0.4201396874464996,False,0.8377329087152589,1.1618262584069141,False,False,True,180,233,0.54
50,blind,461,sham_negative_cpu,3,sham,cpu,high,0.2996725369014174,0.4201396874464996,False,0.8512703913216179,1.1618262584069141,False,False,True,180,234,0.52
50,blind,462,sham_negative_cpu,4,sham,cpu,high,0.3432178898208388,0.4201396874464996,False,0.9624242109948616,1.1618262584069141,False,False,True,180,235,0.5
50,blind,463,sham_negative_cpu,5,sham,cpu,high,0.32042987070814133,0.4201396874464996,False,0.9242400998661433,1.1618262584069141,False,False,True,180,236,0.48
50,blind,464,sham_negative_cpu,6,sham,cpu,high,0.20980898464525544,0.4201396874464996,False,0.9351856181400467,1.1618262584069141,False,False,True,180,237,0.46
50,blind,465,sham_negative_cpu,7,sham,cpu,high,0.1085565315804525,0.4201396874464996,False,0.9661093304699547,1.1618262584069141,False,False,True,180,238,0.44
50,blind,466,sham_negative_cpu,8,sham,cpu,high,0.13505016515338814,0.4201396874464996,False,1.0123052186964119,1.1618262584069141,False,False,True,180,239,0.42
50,blind,467,sham_negative_cpu,9,sham,cpu,high,0.20743276604904787,0.4201396874464996,False,0.9810105450148628,1.1618262584069141,False,False,True,180,240,0.4
50,blind,468,sham_negative_cpu,10,sham,cpu,high,0.2822974199896392,0.4201396874464996,False,0.9873178813325321,1.1618262584069141,False,False,True,180,241,0.38
50,blind,469,sham_negative_cpu,11,sham,cpu,high,0.23415885339176945,0.4201396874464996,False,1.0145085836594072,1.1618262584069141,False,False,True,180,242,0.36
50,blind,470,sham_negative_cpu,12,sham,cpu,high,0.3172811791779722,0.4201396874464996,False,0.9922412679517765,1.1618262584069141,False,False,True,180,243,0.34
50,blind,471,sham_negative_cpu,13,sham,cpu,high,0.2679186141357166,0.4201396874464996,False,1.0049476957873904,1.1618262584069141,False,False,True,180,244,0.32
50,blind,472,sham_negative_cpu,14,sham,cpu,high,0.21711324705034685,0.4201396874464996,False,0.9948517663767087,1.1618262584069141,False,False,True,180,245,0.3
50,blind,473,sham_negative_cpu,15,sham,cpu,high,0.36554839339925327,0.4201396874464996,False,1.0725330394664343,1.1618262584069141,False,False,True,180,246,0.28
50,blind,474,sham_negative_cpu,16,sham,cpu,high,0.21554623224824612,0.4201396874464996,False,1.0277457503063399,1.1618262584069141,False,False,True,180,247,0.26
50,blind,475,sham_negative_cpu,17,sham,cpu,high,0.29933694840226915,0.4201396874464996,False,1.0207949209273255,1.1618262584069141,False,False,True,180,248,0.24
50,blind,476,sham_negative_cpu,18,sham,cpu,high,0.1310707467832787,0.4201396874464996,False,0.9919060503137412,1.1618262584069141,False,False,True,180,249,0.22
50,blind,477,sham_negative_cpu,19,sham,cpu,high,0.29467898489096267,0.4201396874464996,False,1.0311570232965557,1.1618262584069141,False,False,True,180,250,0.2
50,guarded,48,normal_pre,0,unloaded,baseline,low,-0.013129017821956662,0.4072607282763817,False,0.930076814971256,1.1618262584069141,False,False,True,0,1,0.0
50,guarded,49,normal_pre,1,unloaded,baseline,low,0.02915973041011151,0.4072607282763817,False,0.9557028361656751,1.1618262584069141,False,False,True,0,2,0.0
50,guarded,50,normal_pre,2,unloaded,baseline,low,0.062253997828533636,0.4072607282763817,False,1.0684680216823845,1.1618262584069141,False,False,True,0,3,0.0
50,guarded,51,normal_pre,3,unloaded,baseline,low,-0.022267757852089856,0.4072607282763817,False,0.9136531211380121,1.1618262584069141,False,False,True,0,4,0.0
50,guarded,52,normal_pre,4,unloaded,baseline,low,-0.10674230292600287,0.4072607282763817,False,1.0475641979357475,1.1618262584069141,False,False,True,0,5,0.0
50,guarded,53,normal_pre,5,unloaded,baseline,low,-0.08862468702832349,0.4072607282763817,False,0.9357938813075877,1.1618262584069141,False,False,True,0,6,0.0
50,guarded,54,normal_pre,6,unloaded,baseline,low,-0.13812266139507223,0.4072607282763817,False,0.9469858765874508,1.1618262584069141,False,False,True,0,7,0.0
50,guarded,55,normal_pre,7,unloaded,baseline,low,-0.05181336757519998,0.4072607282763817,False,0.9494592913497528,1.1618262584069141,False,False,True,0,8,0.0
50,guarded,56,normal_pre,8,unloaded,baseline,low,-0.06522801557764636,0.4072607282763817,False,1.0597088739058045,1.1618262584069141,False,False,True,0,9,0.0
50,guarded,57,normal_pre,9,unloaded,baseline,low,0.023941854381834025,0.4072607282763817,False,1.0473652047708946,1.1618262584069141,False,False,True,0,10,0.0
50,guarded,58,normal_pre,10,unloaded,baseline,low,-0.12319227544356848,0.4072607282763817,False,0.9298895350232368,1.1618262584069141,False,False,True,0,11,0.0
50,guarded,59,normal_pre,11,unloaded,baseline,low,-0.01008490545718218,0.4072607282763817,False,0.9594004735974858,1.1618262584069141,False,False,True,0,12,0.0
50,guarded,60,normal_pre,12,unloaded,baseline,low,-0.00488881191045643,0.4072607282763817,False,1.0482462647609943,1.1618262584069141,False,False,True,0,13,0.0
50,guarded,61,normal_pre,13,unloaded,baseline,low,-0.0603410159852716,0.4072607282763817,False,0.9960551730158557,1.1618262584069141,False,False,True,0,14,0.0
50,guarded,62,normal_pre,14,unloaded,baseline,low,-0.10236573508134322,0.4072607282763817,False,0.9497940317029901,1.1618262584069141,False,False,True,0,15,0.0
50,guarded,63,normal_pre,15,unloaded,baseline,low,-0.050877316012857804,0.4072607282763817,False,0.9425597765057107,1.1618262584069141,False,False,True,0,16,0.0
50,guarded,64,normal_pre,16,unloaded,baseline,low,-0.05510479107338977,0.4072607282763817,False,0.9581905225978202,1.1618262584069141,False,False,True,0,17,0.0
50,guarded,65,normal_pre,17,unloaded,baseline,low,0.03521835357545315,0.4072607282763817,False,1.051979102098645,1.1618262584069141,False,False,True,0,18,0.0
50,guarded,66,normal_pre,18,unloaded,baseline,low,0.08208186588175982,0.4072607282763817,False,1.097171865665684,1.1618262584069141,False,False,True,0,19,0.0
50,guarded,67,normal_pre,19,unloaded,baseline,low,-0.11859108626620898,0.4072607282763817,False,1.1412779710224317,1.1618262584069141,False,False,True,0,20,0.0
50,guarded,68,normal_pre,20,unloaded,baseline,low,-0.09442363335705675,0.4072607282763817,False,0.9507124835649053,1.1618262584069141,False,False,True,0,21,0.0
50,guarded,69,normal_pre,21,unloaded,baseline,low,-0.08782596223184766,0.4072607282763817,False,0.9681739749664484,1.1618262584069141,False,False,True,0,22,0.0
50,guarded,70,normal_pre,22,unloaded,baseline,low,0.019664381033028908,0.4072607282763817,False,1.2588597715578826,1.1618262584069141,True,True,True,0,23,0.0
50,guarded,71,normal_pre,23,unloaded,baseline,low,0.01282746574072316,0.4072607282763817,False,1.2293171920790995,1.1618262584069141,True,True,True,0,24,0.0
50,guarded,72,normal_pre,24,unloaded,baseline,low,0.0729093044730977,0.4072607282763817,False,1.0734242126872098,1.1618262584069141,False,False,True,0,25,0.0
50,guarded,73,normal_pre,25,unloaded,baseline,low,-0.0424289024717688,0.4072607282763817,False,0.967846659173496,1.1618262584069141,False,False,True,0,26,0.0
50,guarded,74,normal_pre,26,unloaded,baseline,low,0.021322211923292086,0.4072607282763817,False,1.12030899344783,1.1618262584069141,False,False,True,0,27,0.0
50,guarded,75,normal_pre,27,unloaded,baseline,low,-0.12866787070571195,0.4072607282763817,False,0.9519745959689652,1.1618262584069141,False,False,True,0,28,0.0
50,guarded,76,normal_pre,28,unloaded,baseline,low,-0.057205214009062484,0.4072607282763817,False,1.0174314509625977,1.1618262584069141,False,False,True,0,29,0.0
50,guarded,77,normal_pre,29,unloaded,baseline,low,-0.07285759387285287,0.4072607282763817,False,0.9639945874573053,1.1618262584069141,False,False,True,0,30,0.0
50,guarded,78,benign_cpu_drift,0,unloaded,cpu,high,-0.0501685258608878,0.4201396874464996,False,1.260197959178095,1.1618262584069141,True,True,True,0,31,0.0
50,guarded,79,benign_cpu_drift,1,unloaded,cpu,high,0.03502539943958842,0.4201396874464996,False,1.3806949006427394,1.1618262584069141,True,True,True,0,32,0.0
50,guarded,80,benign_cpu_drift,2,unloaded,cpu,high,0.06246995540720886,0.4201396874464996,False,1.3662458748778368,1.1618262584069141,True,True,True,0,33,0.0
50,guarded,81,benign_cpu_drift,3,unloaded,cpu,high,0.09082941727543728,0.4201396874464996,False,1.292136159694796,1.1618262584069141,True,True,True,0,34,0.0
50,guarded,82,benign_cpu_drift,4,unloaded,cpu,high,-0.10293138323129049,0.4201396874464996,False,1.2544625649613887,1.1618262584069141,True,True,True,0,35,0.0
50,guarded,83,benign_cpu_drift,5,unloaded,cpu,high,0.12588126196769284,0.4201396874464996,False,1.3596853956228956,1.1618262584069141,True,True,True,0,36,0.0
50,guarded,84,benign_cpu_drift,6,unloaded,cpu,high,-0.007133780945795443,0.4201396874464996,False,1.3316405973065015,1.1618262584069141,True,True,True,0,37,0.0
50,guarded,85,benign_cpu_drift,7,unloaded,cpu,high,-0.010431486320128747,0.4201396874464996,False,1.2850395516950353,1.1618262584069141,True,True,True,0,38,0.0
50,guarded,86,benign_cpu_drift,8,unloaded,cpu,high,0.04911880143500191,0.4201396874464996,False,1.2731350774829036,1.1618262584069141,True,True,True,0,39,0.0
50,guarded,87,benign_cpu_drift,9,unloaded,cpu,high,-0.006218593713696419,0.4201396874464996,False,1.2596864478333838,1.1618262584069141,True,True,True,0,40,0.0
50,guarded,88,benign_cpu_drift,10,unloaded,cpu,high,0.04799033605196297,0.4201396874464996,False,1.2853241324674511,1.1618262584069141,True,True,True,0,41,0.0
50,guarded,89,benign_cpu_drift,11,unloaded,cpu,high,-0.015083657762214066,0.4201396874464996,False,1.2641114110889893,1.1618262584069141,True,True,True,0,42,0.0
50,guarded,90,benign_cpu_drift,12,unloaded,cpu,high,0.028434895087584476,0.4201396874464996,False,1.271969397725619,1.1618262584069141,True,True,True,0,43,0.0
50,guarded,91,benign_cpu_drift,13,unloaded,cpu,high,0.04012470523741363,0.4201396874464996,False,1.2964699278601277,1.1618262584069141,True,True,True,0,44,0.0
50,guarded,92,benign_cpu_drift,14,unloaded,cpu,high,0.0604274748504325,0.4201396874464996,False,1.254435570568898,1.1618262584069141,True,True,True,0,45,0.0
50,guarded,93,benign_cpu_drift,15,unloaded,cpu,high,0.028379435388274393,0.4201396874464996,False,1.222468390989025,1.1618262584069141,True,True,True,0,46,0.0
50,guarded,94,benign_cpu_drift,16,unloaded,cpu,high,-0.0841541904997875,0.4201396874464996,False,1.2845183235992554,1.1618262584069141,True,True,True,0,47,0.0
50,guarded,95,benign_cpu_drift,17,unloaded,cpu,high,0.10982917271061138,0.4201396874464996,False,1.3028371249923623,1.1618262584069141,True,True,True,0,48,0.0
50,guarded,96,benign_cpu_drift,18,unloaded,cpu,high,-0.10645979201596495,0.4201396874464996,False,1.2253813723293754,1.1618262584069141,True,True,True,0,49,0.0
50,guarded,97,benign_cpu_drift,19,unloaded,cpu,high,-0.11173540812200224,0.4201396874464996,False,1.2100274187230708,1.1618262584069141,True,True,True,0,50,0.0
50,guarded,98,benign_cpu_drift,20,unloaded,cpu,high,0.03763375442337867,0.4201396874464996,False,1.2673564627722798,1.1618262584069141,True,True,True,0,51,0.0
50,guarded,99,benign_cpu_drift,21,unloaded,cpu,high,0.06844934071757651,0.4201396874464996,False,1.1968378042281045,1.1618262584069141,True,True,True,0,52,0.0
50,guarded,100,benign_cpu_drift,22,unloaded,cpu,high,-0.06541688796260117,0.4201396874464996,False,1.1464784438223046,1.1618262584069141,False,False,True,0,53,0.0
50,guarded,101,benign_cpu_drift,23,unloaded,cpu,high,-0.036308081028168834,0.4201396874464996,False,1.113096283424684,1.1618262584069141,False,False,True,0,54,0.0
50,guarded,102,benign_cpu_drift,24,unloaded,cpu,high,0.1018275154979757,0.4201396874464996,False,1.1684390823168982,1.1618262584069141,True,True,True,0,55,0.0
50,guarded,103,benign_cpu_drift,25,unloaded,cpu,high,0.024504046827311696,0.4201396874464996,False,1.1134211919058603,1.1618262584069141,False,False,True,0,56,0.0
50,guarded,104,benign_cpu_drift,26,unloaded,cpu,high,-0.02892492218531792,0.4201396874464996,False,1.0387166481587082,1.1618262584069141,False,False,True,0,57,0.0
50,guarded,105,benign_cpu_drift,27,unloaded,cpu,high,0.09157653043267683,0.4201396874464996,False,1.1432631852758868,1.1618262584069141,False,False,True,0,58,0.0
50,guarded,106,benign_cpu_drift,28,unloaded,cpu,high,0.04450184999228594,0.4201396874464996,False,1.050095475091212,1.1618262584069141,False,False,True,0,59,0.0
50,guarded,107,benign_cpu_drift,29,unloaded,cpu,high,0.03446267922974014,0.4201396874464996,False,1.0145087789840503,1.1618262584069141,False,False,True,0,60,0.0
50,guarded,108,benign_cpu_drift,30,unloaded,cpu,high,-0.12694031359445646,0.4201396874464996,False,1.038984258761456,1.1618262584069141,False,False,True,0,61,0.0
50,guarded,109,benign_cpu_drift,31,unloaded,cpu,high,-0.051660685191195654,0.4201396874464996,False,0.9773222788709152,1.1618262584069141,False,False,True,0,62,0.0
50,guarded,110,benign_cpu_drift,32,unloaded,cpu,high,0.06902403902898262,0.4201396874464996,False,1.0084030818921172,1.1618262584069141,False,False,True,0,63,0.0
50,guarded,111,benign_cpu_drift,33,unloaded,cpu,high,0.011988617186349092,0.4201396874464996,False,0.9862309299418085,1.1618262584069141,False,False,True,0,64,0.0
50,guarded,112,benign_cpu_drift,34,unloaded,cpu,high,-0.04887910155404421,0.4201396874464996,False,1.0518738811332589,1.1618262584069141,False,False,True,0,65,0.0
50,guarded,113,benign_cpu_drift,35,unloaded,cpu,high,0.13759478059341215,0.4201396874464996,False,1.0557233004175777,1.1618262584069141,False,False,True,0,66,0.0
50,guarded,114,benign_cpu_drift,36,unloaded,cpu,high,0.08199994994651774,0.4201396874464996,False,1.0255470077343773,1.1618262584069141,False,False,True,0,67,0.0
50,guarded,115,benign_cpu_drift,37,unloaded,cpu,high,0.06232149429272928,0.4201396874464996,False,0.9958520788125672,1.1618262584069141,False,False,True,0,68,0.0
50,guarded,116,benign_cpu_drift,38,unloaded,cpu,high,-0.0311456301660804,0.4201396874464996,False,1.0119523722021146,1.1618262584069141,False,False,True,0,69,0.0
50,guarded,117,benign_cpu_drift,39,unloaded,cpu,high,0.02873787024547747,0.4201396874464996,False,1.008340918801434,1.1618262584069141,False,False,True,0,70,0.0
50,guarded,118,benign_cpu_drift,40,unloaded,cpu,high,-0.007454873963552531,0.4201396874464996,False,1.025208593322951,1.1618262584069141,False,False,True,0,71,0.0
50,guarded,119,benign_cpu_drift,41,unloaded,cpu,high,-0.003564169829999171,0.4201396874464996,False,0.9951471121812844,1.1618262584069141,False,False,True,0,72,0.0
50,guarded,120,benign_cpu_drift,42,unloaded,cpu,high,-0.06032923537067803,0.4201396874464996,False,1.011198337566382,1.1618262584069141,False,False,True,0,73,0.0
50,guarded,121,benign_cpu_drift,43,unloaded,cpu,high,0.01896076433608831,0.4201396874464996,False,1.0177066671064132,1.1618262584069141,False,False,True,0,74,0.0
50,guarded,122,benign_cpu_drift,44,unloaded,cpu,high,0.027739249267080678,0.4201396874464996,False,1.0421437652489827,1.1618262584069141,False,False,True,0,75,0.0
50,guarded,123,benign_cpu_drift,45,unloaded,cpu,high,0.004194705921908411,0.4201396874464996,False,1.0136662771388154,1.1618262584069141,False,False,True,0,76,0.0
50,guarded,124,benign_cpu_drift,46,unloaded,cpu,high,-0.04797797596664044,0.4201396874464996,False,0.9676313722923893,1.1618262584069141,False,False,True,0,77,0.0
50,guarded,125,benign_cpu_drift,47,unloaded,cpu,high,0.06825115144006204,0.4201396874464996,False,1.0253460179307636,1.1618262584069141,False,False,True,0,78,0.0
50,guarded,126,benign_cpu_drift,48,unloaded,cpu,high,0.11093272296470072,0.4201396874464996,False,1.0433200761133206,1.1618262584069141,False,False,True,0,79,0.0
50,guarded,127,benign_cpu_drift,49,unloaded,cpu,high,-0.050597872115767724,0.4201396874464996,False,0.97535709768626,1.1618262584069141,False,False,True,0,80,0.0
50,guarded,128,benign_cpu_drift,50,unloaded,cpu,high,0.009512836313522736,0.4201396874464996,False,1.0128436848482871,1.1618262584069141,False,False,True,0,81,0.0
50,guarded,129,benign_cpu_drift,51,unloaded,cpu,high,-0.05754179155771201,0.4201396874464996,False,1.0104161993515366,1.1618262584069141,False,False,True,0,82,0.0
50,guarded,130,benign_cpu_drift,52,unloaded,cpu,high,0.002670049939858589,0.4201396874464996,False,1.0144741940088502,1.1618262584069141,False,False,True,0,83,0.0
50,guarded,131,benign_cpu_drift,53,unloaded,cpu,high,-0.07035214909229938,0.4201396874464996,False,0.9686943045331267,1.1618262584069141,False,False,True,0,84,0.0
50,guarded,132,benign_cpu_drift,54,unloaded,cpu,high,-0.1840835942669565,0.4201396874464996,False,0.9646077611696813,1.1618262584069141,False,False,True,0,85,0.0
50,guarded,133,benign_cpu_drift,55,unloaded,cpu,high,0.11056317767438455,0.4201396874464996,False,1.0339892738432677,1.1618262584069141,False,False,True,0,86,0.0
50,guarded,134,benign_cpu_drift,56,unloaded,cpu,high,-0.010670714554329299,0.4201396874464996,False,0.9623116295193621,1.1618262584069141,False,False,True,0,87,0.0
50,guarded,135,benign_cpu_drift,57,unloaded,cpu,high,0.027690407166944805,0.4201396874464996,False,0.9937372756537101,1.1618262584069141,False,False,True,0,88,0.0
50,guarded,136,benign_cpu_drift,58,unloaded,cpu,high,0.0002715660720089205,0.4201396874464996,False,0.9886565018905831,1.1618262584069141,False,False,True,0,89,0.0
50,guarded,137,benign_cpu_drift,59,unloaded,cpu,high,-0.019799358356748533,0.4201396874464996,False,0.9926173345637775,1.1618262584069141,False,False,True,0,90,0.0
50,guarded,138,benign_cpu_drift,60,unloaded,cpu,high,-0.0220332790958685,0.4201396874464996,False,1.0343081609486398,1.1618262584069141,False,False,True,0,91,0.0
50,guarded,139,benign_cpu_drift,61,unloaded,cpu,high,0.02050837752192379,0.4201396874464996,False,0.9751529208078465,1.1618262584069141,False,False,True,0,92,0.0
50,guarded,140,benign_cpu_drift,62,unloaded,cpu,high,0.056237054988069794,0.4201396874464996,False,1.009154831807528,1.1618262584069141,False,False,True,0,93,0.0
50,guarded,141,benign_cpu_drift,63,unloaded,cpu,high,-0.021298975669213523,0.4201396874464996,False,0.9868656131963877,1.1618262584069141,False,False,True,0,94,0.0
50,guarded,142,benign_cpu_drift,64,unloaded,cpu,high,-0.03837971605705722,0.4201396874464996,False,0.9995463128724527,1.1618262584069141,False,False,True,0,95,0.0
50,guarded,143,benign_cpu_drift,65,unloaded,cpu,high,0.06234983553578987,0.4201396874464996,False,0.9661019372364,1.1618262584069141,False,False,True,0,96,0.0
50,guarded,144,benign_cpu_drift,66,unloaded,cpu,high,0.01679936815311069,0.4201396874464996,False,0.9680095585306823,1.1618262584069141,False,False,True,0,97,0.0
50,guarded,145,benign_cpu_drift,67,unloaded,cpu,high,0.07528643907242703,0.4201396874464996,False,1.0301936740376136,1.1618262584069141,False,False,True,0,98,0.0
50,guarded,146,benign_cpu_drift,68,unloaded,cpu,high,-0.05556548278930551,0.4201396874464996,False,0.9707064693715977,1.1618262584069141,False,False,True,0,99,0.0
50,guarded,147,benign_cpu_drift,69,unloaded,cpu,high,0.01991626375725081,0.4201396874464996,False,0.99963789685584,1.1618262584069141,False,False,True,0,100,0.0
50,guarded,148,benign_cpu_drift,70,unloaded,cpu,high,-0.01776991343567192,0.4201396874464996,False,0.9716896994689773,1.1618262584069141,False,False,True,0,101,0.0
50,guarded,149,benign_cpu_drift,71,unloaded,cpu,high,-0.10111022834857966,0.4201396874464996,False,0.981286470709837,1.1618262584069141,False,False,True,0,102,0.0
50,guarded,150,benign_cpu_drift,72,unloaded,cpu,high,0.006687429843258738,0.4201396874464996,False,1.018136342889657,1.1618262584069141,False,False,True,0,103,0.0
50,guarded,151,benign_cpu_drift,73,unloaded,cpu,high,0.0511534913218853,0.4201396874464996,False,0.9682245514126513,1.1618262584069141,False,False,True,0,104,0.0
50,guarded,152,benign_cpu_drift,74,unloaded,cpu,high,-0.007559506386308435,0.4201396874464996,False,0.997426708232079,1.1618262584069141,False,False,True,0,105,0.0
50,guarded,153,benign_cpu_drift,75,unloaded,cpu,high,-0.020025907752125826,0.4201396874464996,False,0.9684696578021479,1.1618262584069141,False,False,True,0,106,0.0
50,guarded,154,benign_cpu_drift,76,unloaded,cpu,high,-0.04786406468041781,0.4201396874464996,False,0.9998545275731716,1.1618262584069141,False,False,True,0,107,0.0
50,guarded,155,benign_cpu_drift,77,unloaded,cpu,high,0.0037397595726607405,0.4201396874464996,False,0.967293863682446,1.1618262584069141,False,False,True,0,108,0.0
50,guarded,156,benign_cpu_drift,78,unloaded,cpu,high,-0.12005767832784926,0.4201396874464996,False,0.9610907704355456,1.1618262584069141,False,False,True,0,109,0.0
50,guarded,157,benign_cpu_drift,79,unloaded,cpu,high,-0.05080294153433208,0.4201396874464996,False,1.0031126185185413,1.1618262584069141,False,False,True,0,110,0.0
50,guarded,158,benign_cpu_drift,80,unloaded,cpu,high,0.08027289635754616,0.4201396874464996,False,1.03763002201713,1.1618262584069141,False,False,True,0,111,0.0
50,guarded,159,benign_cpu_drift,81,unloaded,cpu,high,-0.058256766589441615,0.4201396874464996,False,0.9592498595741715,1.1618262584069141,False,False,True,0,112,0.0
50,guarded,160,benign_cpu_drift,82,unloaded,cpu,high,0.009694487883445523,0.4201396874464996,False,1.0344402031971989,1.1618262584069141,False,False,True,0,113,0.0
50,guarded,161,benign_cpu_drift,83,unloaded,cpu,high,-0.06733478458028248,0.4201396874464996,False,1.004430044013706,1.1618262584069141,False,False,True,0,114,0.0
50,guarded,162,benign_cpu_drift,84,unloaded,cpu,high,0.09906148158870344,0.4201396874464996,False,1.0419115103658174,1.1618262584069141,False,False,True,0,115,0.0
50,guarded,163,benign_cpu_drift,85,unloaded,cpu,high,-0.006014723719478027,0.4201396874464996,False,0.9931699609273461,1.1618262584069141,False,False,True,0,116,0.0
50,guarded,164,benign_cpu_drift,86,unloaded,cpu,high,0.144556457702778,0.4201396874464996,False,1.1700395488441537,1.1618262584069141,True,True,True,0,117,0.0
50,guarded,165,benign_cpu_drift,87,unloaded,cpu,high,-0.13706309324930055,0.4201396874464996,False,0.983363269753429,1.1618262584069141,False,False,True,0,118,0.0
50,guarded,166,benign_cpu_drift,88,unloaded,cpu,high,-0.016694883868113672,0.4201396874464996,False,1.0334680301562498,1.1618262584069141,False,False,True,0,119,0.0
50,guarded,167,benign_cpu_drift,89,unloaded,cpu,high,-0.10478673981408404,0.4201396874464996,False,0.9655570734264947,1.1618262584069141,False,False,True,0,120,0.0
50,guarded,168,benign_cpu_drift,90,unloaded,cpu,high,0.04458691887972936,0.4201396874464996,False,0.9770439645593909,1.1618262584069141,False,False,True,0,121,0.0
50,guarded,169,benign_cpu_drift,91,unloaded,cpu,high,0.04902703821332258,0.4201396874464996,False,1.0046884201152715,1.1618262584069141,False,False,True,0,122,0.0
50,guarded,170,benign_cpu_drift,92,unloaded,cpu,high,0.020012211966516924,0.4201396874464996,False,1.0013448079343668,1.1618262584069141,False,False,True,0,123,0.0
50,guarded,171,benign_cpu_drift,93,unloaded,cpu,high,0.04341204186233408,0.4201396874464996,False,1.0206067215796573,1.1618262584069141,False,False,True,0,124,0.0
50,guarded,172,benign_cpu_drift,94,unloaded,cpu,high,0.045211078267062846,0.4201396874464996,False,1.072250626278695,1.1618262584069141,False,False,True,0,125,0.0
50,guarded,173,benign_cpu_drift,95,unloaded,cpu,high,-0.055755206183832576,0.4201396874464996,False,0.9820705942165059,1.1618262584069141,False,False,True,0,126,0.0
50,guarded,174,benign_cpu_drift,96,unloaded,cpu,high,-0.07323630898216363,0.4201396874464996,False,0.9542258361699814,1.1618262584069141,False,False,True,0,127,0.0
50,guarded,175,benign_cpu_drift,97,unloaded,cpu,high,0.069598542746756,0.4201396874464996,False,1.0023616505700996,1.1618262584069141,False,False,True,0,128,0.0
50,guarded,176,benign_cpu_drift,98,unloaded,cpu,high,0.003433951938095181,0.4201396874464996,False,1.015719031292383,1.1618262584069141,False,False,True,0,129,0.0
50,guarded,177,benign_cpu_drift,99,unloaded,cpu,high,0.10943720659776723,0.4201396874464996,False,1.0912672276356206,1.1618262584069141,False,False,True,0,130,0.0
50,guarded,178,benign_cpu_drift,100,unloaded,cpu,high,0.03352798298662593,0.4201396874464996,False,1.0077900459612712,1.1618262584069141,False,False,True,0,131,0.0
50,guarded,179,benign_cpu_drift,101,unloaded,cpu,high,0.07089903976110092,0.4201396874464996,False,1.035969512220122,1.1618262584069141,False,False,True,0,132,0.0
50,guarded,180,benign_cpu_drift,102,unloaded,cpu,high,0.0701341206165438,0.4201396874464996,False,0.9903485430564041,1.1618262584069141,False,False,True,0,133,0.0
50,guarded,181,benign_cpu_drift,103,unloaded,cpu,high,0.019336414524932195,0.4201396874464996,False,1.0099575067043383,1.1618262584069141,False,False,True,0,134,0.0
50,guarded,182,benign_cpu_drift,104,unloaded,cpu,high,0.07327162141908039,0.4201396874464996,False,1.0123615729332802,1.1618262584069141,False,False,True,0,135,0.0
50,guarded,183,benign_cpu_drift,105,unloaded,cpu,high,-0.06960709691132114,0.4201396874464996,False,0.9947278514458469,1.1618262584069141,False,False,True,0,136,0.0
50,guarded,184,benign_cpu_drift,106,unloaded,cpu,high,-0.08134367198582042,0.4201396874464996,False,0.9917671514261934,1.1618262584069141,False,False,True,0,137,0.0
50,guarded,185,benign_cpu_drift,107,unloaded,cpu,high,-0.02413475739789141,0.4201396874464996,False,1.0096391568710255,1.1618262584069141,False,False,True,0,138,0.0
50,guarded,186,benign_cpu_drift,108,unloaded,cpu,high,0.0765152263956924,0.4201396874464996,False,1.0288104279575443,1.1618262584069141,False,False,True,0,139,0.0
50,guarded,187,benign_cpu_drift,109,unloaded,cpu,high,0.09052767935471932,0.4201396874464996,False,0.9798358205899814,1.1618262584069141,False,False,True,0,140,0.0
50,guarded,188,benign_cpu_drift,110,unloaded,cpu,high,0.0840580149012779,0.4201396874464996,False,0.9653913079080432,1.1618262584069141,False,False,True,0,141,0.0
50,guarded,189,benign_cpu_drift,111,unloaded,cpu,high,-0.03667103367381048,0.4201396874464996,False,1.0217522213073453,1.1618262584069141,False,False,True,0,142,0.0
50,guarded,190,benign_cpu_drift,112,unloaded,cpu,high,0.041147808398920106,0.4201396874464996,False,1.0669737353886466,1.1618262584069141,False,False,True,0,143,0.0
50,guarded,191,benign_cpu_drift,113,unloaded,cpu,high,-0.030971393171405823,0.4201396874464996,False,0.9712624618723004,1.1618262584069141,False,False,True,0,144,0.0
50,guarded,192,benign_cpu_drift,114,unloaded,cpu,high,0.09760371614205333,0.4201396874464996,False,1.027431472496878,1.1618262584069141,False,False,True,0,145,0.0
50,guarded,193,benign_cpu_drift,115,unloaded,cpu,high,-0.03256551084458451,0.4201396874464996,False,0.9991647730762144,1.1618262584069141,False,False,True,0,146,0.0
50,guarded,194,benign_cpu_drift,116,unloaded,cpu,high,-0.0687213115954504,0.4201396874464996,False,1.012712645089971,1.1618262584069141,False,False,True,0,147,0.0
50,guarded,195,benign_cpu_drift,117,unloaded,cpu,high,0.023561070435638334,0.4201396874464996,False,0.9938147030770931,1.1618262584069141,False,False,True,0,148,0.0
50,guarded,196,benign_cpu_drift,118,unloaded,cpu,high,0.161880205096715,0.4201396874464996,False,1.0638825769207148,1.1618262584069141,False,False,True,0,149,0.0
50,guarded,197,benign_cpu_drift,119,unloaded,cpu,high,0.015063274449787022,0.4201396874464996,False,1.006623302727507,1.1618262584069141,False,False,True,0,150,0.0
50,guarded,198,normal_recovery_1,0,unloaded,baseline,low,-0.05330910279516486,0.4072607282763817,False,0.706749470539487,1.1618262584069141,False,False,True,0,151,0.0
50,guarded,199,normal_recovery_1,1,unloaded,baseline,low,-0.03411454935420291,0.4072607282763817,False,0.7501580708198198,1.1618262584069141,False,False,True,0,152,0.0
50,guarded,200,normal_recovery_1,2,unloaded,baseline,low,-0.030720121697451988,0.4072607282763817,False,0.728333043451571,1.1618262584069141,False,False,True,0,153,0.0
50,guarded,201,normal_recovery_1,3,unloaded,baseline,low,-0.04794536734631804,0.4072607282763817,False,0.7022866384163442,1.1618262584069141,False,False,True,0,154,0.0
50,guarded,202,normal_recovery_1,4,unloaded,baseline,low,0.0672010423725061,0.4072607282763817,False,0.7842207619398555,1.1618262584069141,False,False,True,0,155,0.0
50,guarded,203,normal_recovery_1,5,unloaded,baseline,low,-0.02109473524050407,0.4072607282763817,False,0.7270855084034473,1.1618262584069141,False,False,True,0,156,0.0
50,guarded,204,normal_recovery_1,6,unloaded,baseline,low,-0.07893635321587583,0.4072607282763817,False,0.7099715449650965,1.1618262584069141,False,False,True,0,157,0.0
50,guarded,205,normal_recovery_1,7,unloaded,baseline,low,-0.13452198063299523,0.4072607282763817,False,0.7195807488382566,1.1618262584069141,False,False,True,0,158,0.0
50,guarded,206,normal_recovery_1,8,unloaded,baseline,low,-0.021362492858010645,0.4072607282763817,False,0.7464594976355708,1.1618262584069141,False,False,True,0,159,0.0
50,guarded,207,normal_recovery_1,9,unloaded,baseline,low,-0.017201020480156072,0.4072607282763817,False,0.7240230096829003,1.1618262584069141,False,False,True,0,160,0.0
50,guarded,208,normal_recovery_1,10,unloaded,baseline,low,-0.02631511174509754,0.4072607282763817,False,0.7114711122944273,1.1618262584069141,False,False,True,0,161,0.0
50,guarded,209,normal_recovery_1,11,unloaded,baseline,low,-0.09704850246975752,0.4072607282763817,False,0.726288698967069,1.1618262584069141,False,False,True,0,162,0.0
50,guarded,210,normal_recovery_1,12,unloaded,baseline,low,-0.057481285496972,0.4072607282763817,False,0.7047263421016418,1.1618262584069141,False,False,True,0,163,0.0
50,guarded,211,normal_recovery_1,13,unloaded,baseline,low,-0.08047466284992393,0.4072607282763817,False,0.8705900280887308,1.1618262584069141,False,False,True,0,164,0.0
50,guarded,212,normal_recovery_1,14,unloaded,baseline,low,-0.02932260793596148,0.4072607282763817,False,0.7479841284883745,1.1618262584069141,False,False,True,0,165,0.0
50,guarded,213,normal_recovery_1,15,unloaded,baseline,low,0.015930774293007,0.4072607282763817,False,0.8391518906613444,1.1618262584069141,False,False,True,0,166,0.0
50,guarded,214,normal_recovery_1,16,unloaded,baseline,low,-0.030936352726162037,0.4072607282763817,False,0.7722695680953169,1.1618262584069141,False,False,True,0,167,0.0
50,guarded,215,normal_recovery_1,17,unloaded,baseline,low,-0.015160208693461427,0.4072607282763817,False,0.7583583533701262,1.1618262584069141,False,False,True,0,168,0.0
50,guarded,216,normal_recovery_1,18,unloaded,baseline,low,-0.0013294755117633957,0.4072607282763817,False,0.7572706958374474,1.1618262584069141,False,False,True,0,169,0.0
50,guarded,217,normal_recovery_1,19,unloaded,baseline,low,-0.0023702587499999095,0.4072607282763817,False,0.72514033680834,1.1618262584069141,False,False,True,0,170,0.0
50,guarded,218,normal_recovery_1,20,unloaded,baseline,low,-0.1629688145476428,0.4072607282763817,False,0.8992248062015504,1.1618262584069141,False,False,True,0,171,0.0
50,guarded,219,normal_recovery_1,21,unloaded,baseline,low,0.007133734648666426,0.4072607282763817,False,0.8009013298583266,1.1618262584069141,False,False,True,0,172,0.0
50,guarded,220,normal_recovery_1,22,unloaded,baseline,low,0.10238405607924872,0.4072607282763817,False,0.9513751033478405,1.1618262584069141,False,False,True,0,173,0.0
50,guarded,221,normal_recovery_1,23,unloaded,baseline,low,-0.04523253755051785,0.4072607282763817,False,0.7693280171156277,1.1618262584069141,False,False,True,0,174,0.0
50,guarded,222,normal_recovery_1,24,unloaded,baseline,low,-0.01960421067884765,0.4072607282763817,False,0.7470997580729539,1.1618262584069141,False,False,True,0,175,0.0
50,guarded,223,normal_recovery_1,25,unloaded,baseline,low,-0.002292982778735575,0.4072607282763817,False,1.0209312352738786,1.1618262584069141,False,False,True,0,176,0.0
50,guarded,224,normal_recovery_1,26,unloaded,baseline,low,-0.016708695548661622,0.4072607282763817,False,0.7968894947497702,1.1618262584069141,False,False,True,0,177,0.0
50,guarded,225,normal_recovery_1,27,unloaded,baseline,low,0.017603632903743973,0.4072607282763817,False,0.8731105042501635,1.1618262584069141,False,False,True,0,178,0.0
50,guarded,226,normal_recovery_1,28,unloaded,baseline,low,0.043349232309462374,0.4072607282763817,False,0.9282759558166951,1.1618262584069141,False,False,True,0,179,0.0
50,guarded,227,normal_recovery_1,29,unloaded,baseline,low,-0.03139771588897073,0.4072607282763817,False,0.8491213516257466,1.1618262584069141,False,False,True,0,180,0.0
50,guarded,228,persistent_attack_baseline,0,hiding,baseline,low,0.7178274129743505,0.4072607282763817,True,1.7420009119745246,1.1618262584069141,True,True,False,0,180,0.0
50,guarded,229,persistent_attack_baseline,1,hiding,baseline,low,0.6433214631619052,0.4072607282763817,True,1.4715880067874825,1.1618262584069141,True,True,False,0,180,0.0
50,guarded,230,persistent_attack_baseline,2,hiding,baseline,low,0.4196759838198757,0.4072607282763817,True,1.4256005701086645,1.1618262584069141,True,True,False,0,180,0.0
50,guarded,231,persistent_attack_baseline,3,hiding,baseline,low,0.6174899500089378,0.4072607282763817,True,1.4198047975840151,1.1618262584069141,True,True,False,0,180,0.0
50,guarded,232,persistent_attack_baseline,4,hiding,baseline,low,0.5929203994148027,0.4072607282763817,True,1.49119296733088,1.1618262584069141,True,True,False,0,180,0.0
50,guarded,233,persistent_attack_baseline,5,hiding,baseline,low,0.5424528085127441,0.4072607282763817,True,1.3267584787467577,1.1618262584069141,True,True,False,0,180,0.0
50,guarded,234,persistent_attack_baseline,6,hiding,baseline,low,0.6277697435165,0.4072607282763817,True,1.3406972369165293,1.1618262584069141,True,True,False,0,180,0.0
50,guarded,235,persistent_attack_baseline,7,hiding,baseline,low,0.5647437380269791,0.4072607282763817,True,1.5130006204416848,1.1618262584069141,True,True,False,0,180,0.0
50,guarded,236,persistent_attack_baseline,8,hiding,baseline,low,0.5837959494289843,0.4072607282763817,True,1.381352363533976,1.1618262584069141,True,True,False,0,180,0.0
50,guarded,237,persistent_attack_baseline,9,hiding,baseline,low,0.6265631860855351,0.4072607282763817,True,1.9392963842452664,1.1618262584069141,True,True,False,0,180,0.0
50,guarded,238,persistent_attack_baseline,10,hiding,baseline,low,0.5923926016961905,0.4072607282763817,True,1.3570230759455506,1.1618262584069141,True,True,False,0,180,0.0
50,guarded,239,persistent_attack_baseline,11,hiding,baseline,low,0.5656745730385724,0.4072607282763817,True,1.3153961731954242,1.1618262584069141,True,True,False,0,180,0.0
50,guarded,240,persistent_attack_baseline,12,hiding,baseline,low,0.5815792157011354,0.4072607282763817,True,1.3285126592529284,1.1618262584069141,True,True,False,0,180,0.0
50,guarded,241,persistent_attack_baseline,13,hiding,baseline,low,0.5946427415613311,0.4072607282763817,True,1.4316903672067915,1.1618262584069141,True,True,False,0,180,0.0
50,guarded,242,persistent_attack_baseline,14,hiding,baseline,low,0.5255419387013545,0.4072607282763817,True,1.4535677888604555,1.1618262584069141,True,True,False,0,180,0.0
50,guarded,243,persistent_attack_baseline,15,hiding,baseline,low,0.677099552238478,0.4072607282763817,True,1.543484490203749,1.1618262584069141,True,True,False,0,180,0.0
50,guarded,244,persistent_attack_baseline,16,hiding,baseline,low,0.5795919955807396,0.4072607282763817,True,1.4839420223408841,1.1618262584069141,True,True,False,0,180,0.0
50,guarded,245,persistent_attack_baseline,17,hiding,baseline,low,0.5946126425240406,0.4072607282763817,True,1.3744402943235816,1.1618262584069141,True,True,False,0,180,0.0
50,guarded,246,persistent_attack_baseline,18,hiding,baseline,low,0.5831642179379133,0.4072607282763817,True,1.3805251079543615,1.1618262584069141,True,True,False,0,180,0.0
50,guarded,247,persistent_attack_baseline,19,hiding,baseline,low,0.633836485164994,0.4072607282763817,True,1.5448997949303187,1.1618262584069141,True,True,False,0,180,0.0
50,guarded,248,persistent_attack_baseline,20,hiding,baseline,low,0.56604544510074,0.4072607282763817,True,1.3306405998101298,1.1618262584069141,True,True,False,0,180,0.0
50,guarded,249,persistent_attack_baseline,21,hiding,baseline,low,0.6820166864369817,0.4072607282763817,True,1.623010662128389,1.1618262584069141,True,True,False,0,180,0.0
50,guarded,250,persistent_attack_baseline,22,hiding,baseline,low,0.5699783118805781,0.4072607282763817,True,1.335688852232718,1.1618262584069141,True,True,False,0,180,0.0
50,guarded,251,persistent_attack_baseline,23,hiding,baseline,low,0.730619963995732,0.4072607282763817,True,1.619457449909924,1.1618262584069141,True,True,False,0,180,0.0
50,guarded,252,persistent_attack_baseline,24,hiding,baseline,low,0.5275326623682021,0.4072607282763817,True,1.4414529797397135,1.1618262584069141,True,True,False,0,180,0.0
50,guarded,253,persistent_attack_baseline,25,hiding,baseline,low,0.6236045372804966,0.4072607282763817,True,1.477578134538668,1.1618262584069141,True,True,False,0,180,0.0
50,guarded,254,persistent_attack_baseline,26,hiding,baseline,low,0.576947413802346,0.4072607282763817,True,1.4686527445200548,1.1618262584069141,True,True,False,0,180,0.0
50,guarded,255,persistent_attack_baseline,27,hiding,baseline,low,0.6661389226652933,0.4072607282763817,True,1.6509728974128328,1.1618262584069141,True,True,False,0,180,0.0
50,guarded,256,persistent_attack_baseline,28,hiding,baseline,low,0.4766550217009129,0.4072607282763817,True,1.4079989634387917,1.1618262584069141,True,True,False,0,180,0.0
50,guarded,257,persistent_attack_baseline,29,hiding,baseline,low,0.6209301388027726,0.4072607282763817,True,1.5506357658468033,1.1618262584069141,True,True,False,0,180,0.0
50,guarded,258,persistent_attack_baseline,30,hiding,baseline,low,0.6491415899215844,0.4072607282763817,True,1.5512387653957995,1.1618262584069141,True,True,False,0,180,0.0
50,guarded,259,persistent_attack_baseline,31,hiding,baseline,low,0.6627090000095367,0.4072607282763817,True,1.5758321767536199,1.1618262584069141,True,True,False,0,180,0.0
50,guarded,260,persistent_attack_baseline,32,hiding,baseline,low,0.5665812129843362,0.4072607282763817,True,1.338913155606276,1.1618262584069141,True,True,False,0,180,0.0
50,guarded,261,persistent_attack_baseline,33,hiding,baseline,low,0.7124478080639018,0.4072607282763817,True,1.7057262531551578,1.1618262584069141,True,True,False,0,180,0.0
50,guarded,262,persistent_attack_baseline,34,hiding,baseline,low,0.5965133022233147,0.4072607282763817,True,1.4322833998210935,1.1618262584069141,True,True,False,0,180,0.0
50,guarded,263,persistent_attack_baseline,35,hiding,baseline,low,0.6183757044338931,0.4072607282763817,True,1.4088760536918772,1.1618262584069141,True,True,False,0,180,0.0
50,guarded,264,persistent_attack_baseline,36,hiding,baseline,low,0.6774713193601805,0.4072607282763817,True,1.6466721650923062,1.1618262584069141,True,True,False,0,180,0.0
50,guarded,265,persistent_attack_baseline,37,hiding,baseline,low,0.5593125033572223,0.4072607282763817,True,1.3746795007562411,1.1618262584069141,True,True,False,0,180,0.0
50,guarded,266,persistent_attack_baseline,38,hiding,baseline,low,0.675642629956053,0.4072607282763817,True,1.5107132089293769,1.1618262584069141,True,True,False,0,180,0.0
50,guarded,267,persistent_attack_baseline,39,hiding,baseline,low,0.48175132054201253,0.4072607282763817,True,1.3786463407645138,1.1618262584069141,True,True,False,0,180,0.0
50,guarded,268,persistent_attack_baseline,40,hiding,baseline,low,0.7415948374846995,0.4072607282763817,True,1.6531108049047285,1.1618262584069141,True,True,False,0,180,0.0
50,guarded,269,persistent_attack_baseline,41,hiding,baseline,low,0.625458546885514,0.4072607282763817,True,1.4088910040939184,1.1618262584069141,True,True,False,0,180,0.0
50,guarded,270,persistent_attack_baseline,42,hiding,baseline,low,0.7250955833784756,0.4072607282763817,True,1.6491240310270676,1.1618262584069141,True,True,False,0,180,0.0
50,guarded,271,persistent_attack_baseline,43,hiding,baseline,low,0.6203221432871527,0.4072607282763817,True,1.5226735305623593,1.1618262584069141,True,True,False,0,180,0.0
50,guarded,272,persistent_attack_baseline,44,hiding,baseline,low,0.6100366562333563,0.4072607282763817,True,1.6499562700740293,1.1618262584069141,True,True,False,0,180,0.0
50,guarded,273,persistent_attack_baseline,45,hiding,baseline,low,0.6134463866413774,0.4072607282763817,True,1.3758805163868866,1.1618262584069141,True,True,False,0,180,0.0
50,guarded,274,persistent_attack_baseline,46,hiding,baseline,low,0.6115646554435933,0.4072607282763817,True,1.3474000004983466,1.1618262584069141,True,True,False,0,180,0.0
50,guarded,275,persistent_attack_baseline,47,hiding,baseline,low,0.7421427828420479,0.4072607282763817,True,1.6136317765811918,1.1618262584069141,True,True,False,0,180,0.0
50,guarded,276,persistent_attack_baseline,48,hiding,baseline,low,0.594238413009449,0.4072607282763817,True,1.3382603213838091,1.1618262584069141,True,True,False,0,180,0.0
50,guarded,277,persistent_attack_baseline,49,hiding,baseline,low,0.6870217229081905,0.4072607282763817,True,1.714003792418651,1.1618262584069141,True,True,False,0,180,0.0
50,guarded,278,persistent_attack_baseline,50,hiding,baseline,low,0.5841492167203427,0.4072607282763817,True,1.4335890682660275,1.1618262584069141,True,True,False,0,180,0.0
50,guarded,279,persistent_attack_baseline,51,hiding,baseline,low,0.5758759815338469,0.4072607282763817,True,1.366362093753971,1.1618262584069141,True,True,False,0,180,0.0
50,guarded,280,persistent_attack_baseline,52,hiding,baseline,low,0.5723452784380814,0.4072607282763817,True,1.3704933881846972,1.1618262584069141,True,True,False,0,180,0.0
50,guarded,281,persistent_attack_baseline,53,hiding,baseline,low,0.5929177983157216,0.4072607282763817,True,1.3809686365482512,1.1618262584069141,True,True,False,0,180,0.0
50,guarded,282,persistent_attack_baseline,54,hiding,baseline,low,0.4971906808004084,0.4072607282763817,True,1.4606542794279975,1.1618262584069141,True,True,False,0,180,0.0
50,guarded,283,persistent_attack_baseline,55,hiding,baseline,low,0.6590437760737833,0.4072607282763817,True,1.7050485015959553,1.1618262584069141,True,True,False,0,180,0.0
50,guarded,284,persistent_attack_baseline,56,hiding,baseline,low,0.6146879460730212,0.4072607282763817,True,1.432517622786406,1.1618262584069141,True,True,False,0,180,0.0
50,guarded,285,persistent_attack_baseline,57,hiding,baseline,low,0.4011672558470474,0.4072607282763817,False,1.3595297600211298,1.1618262584069141,True,True,True,1,180,0.02
50,guarded,286,persistent_attack_baseline,58,hiding,baseline,low,0.4236425844909424,0.4072607282763817,True,1.3463235715513784,1.1618262584069141,True,True,False,1,180,0.02
50,guarded,287,persistent_attack_baseline,59,hiding,baseline,low,0.6017803559369851,0.4072607282763817,True,1.4467703393990436,1.1618262584069141,True,True,False,1,180,0.02
50,guarded,288,persistent_attack_baseline,60,hiding,baseline,low,0.5653745696573544,0.4072607282763817,True,1.3336854983591935,1.1618262584069141,True,True,False,1,180,0.02
50,guarded,289,persistent_attack_baseline,61,hiding,baseline,low,0.5768310864935644,0.4072607282763817,True,1.349846882965761,1.1618262584069141,True,True,False,1,180,0.02
50,guarded,290,persistent_attack_baseline,62,hiding,baseline,low,0.5411936351323802,0.4072607282763817,True,1.3190341043587896,1.1618262584069141,True,True,False,1,180,0.02
50,guarded,291,persistent_attack_baseline,63,hiding,baseline,low,0.6280558280406686,0.4072607282763817,True,1.4793971001203507,1.1618262584069141,True,True,False,1,180,0.02
50,guarded,292,persistent_attack_baseline,64,hiding,baseline,low,0.7423779769401606,0.4072607282763817,True,1.8643649692146305,1.1618262584069141,True,True,False,1,180,0.02
50,guarded,293,persistent_attack_baseline,65,hiding,baseline,low,0.6090745856445934,0.4072607282763817,True,1.4620994849586497,1.1618262584069141,True,True,False,1,180,0.02
50,guarded,294,persistent_attack_baseline,66,hiding,baseline,low,0.45535176975314756,0.4072607282763817,True,1.3125954645463673,1.1618262584069141,True,True,False,1,180,0.02
50,guarded,295,persistent_attack_baseline,67,hiding,baseline,low,0.5330164796592676,0.4072607282763817,True,1.326065776785514,1.1618262584069141,True,True,False,1,180,0.02
50,guarded,296,persistent_attack_baseline,68,hiding,baseline,low,0.5907967216187143,0.4072607282763817,True,1.4132166537511806,1.1618262584069141,True,True,False,1,180,0.02
50,guarded,297,persistent_attack_baseline,69,hiding,baseline,low,0.5397935615040842,0.4072607282763817,True,1.3248398438181332,1.1618262584069141,True,True,False,1,180,0.02
50,guarded,298,persistent_attack_baseline,70,hiding,baseline,low,0.605153645086101,0.4072607282763817,True,1.4424845574805583,1.1618262584069141,True,True,False,1,180,0.02
50,guarded,299,persistent_attack_baseline,71,hiding,baseline,low,0.5211336778489579,0.4072607282763817,True,1.340801889730818,1.1618262584069141,True,True,False,1,180,0.02
50,guarded,300,persistent_attack_baseline,72,hiding,baseline,low,0.5129179150783413,0.4072607282763817,True,1.3384746104797334,1.1618262584069141,True,True,False,1,180,0.02
50,guarded,301,persistent_attack_baseline,73,hiding,baseline,low,0.5380383381736815,0.4072607282763817,True,1.461915096666808,1.1618262584069141,True,True,False,1,180,0.02
50,guarded,302,persistent_attack_baseline,74,hiding,baseline,low,0.5066043367690596,0.4072607282763817,True,1.3405576998308113,1.1618262584069141,True,True,False,1,180,0.02
50,guarded,303,persistent_attack_baseline,75,hiding,baseline,low,0.624732145807986,0.4072607282763817,True,1.655627455915002,1.1618262584069141,True,True,False,1,180,0.02
50,guarded,304,persistent_attack_baseline,76,hiding,baseline,low,0.5592169657531766,0.4072607282763817,True,1.487011838226683,1.1618262584069141,True,True,False,1,180,0.02
50,guarded,305,persistent_attack_baseline,77,hiding,baseline,low,0.5708889770221516,0.4072607282763817,True,1.4014058361386101,1.1618262584069141,True,True,False,1,180,0.02
50,guarded,306,persistent_attack_baseline,78,hiding,baseline,low,0.64180895559846,0.4072607282763817,True,1.534045803048387,1.1618262584069141,True,True,False,1,180,0.02
50,guarded,307,persistent_attack_baseline,79,hiding,baseline,low,0.58014587721486,0.4072607282763817,True,1.3375028343470536,1.1618262584069141,True,True,False,1,180,0.02
50,guarded,308,persistent_attack_baseline,80,hiding,baseline,low,0.5807730242236051,0.4072607282763817,True,1.342635805714542,1.1618262584069141,True,True,False,1,180,0.02
50,guarded,309,persistent_attack_baseline,81,hiding,baseline,low,0.6429311973979075,0.4072607282763817,True,1.599483712782843,1.1618262584069141,True,True,False,1,180,0.02
50,guarded,310,persistent_attack_baseline,82,hiding,baseline,low,0.6208055816534425,0.4072607282763817,True,1.5533467720836127,1.1618262584069141,True,True,False,1,180,0.02
50,guarded,311,persistent_attack_baseline,83,hiding,baseline,low,0.5679406095701504,0.4072607282763817,True,1.3549350031271257,1.1618262584069141,True,True,False,1,180,0.02
50,guarded,312,persistent_attack_baseline,84,hiding,baseline,low,0.5620061988346917,0.4072607282763817,True,1.3200756490343286,1.1618262584069141,True,True,False,1,180,0.02
50,guarded,313,persistent_attack_baseline,85,hiding,baseline,low,0.5945367941966297,0.4072607282763817,True,1.4823273789204314,1.1618262584069141,True,True,False,1,180,0.02
50,guarded,314,persistent_attack_baseline,86,hiding,baseline,low,0.6420851406061111,0.4072607282763817,True,1.4248680004086443,1.1618262584069141,True,True,False,1,180,0.02
50,guarded,315,persistent_attack_baseline,87,hiding,baseline,low,0.6086174979179879,0.4072607282763817,True,1.4476723469888644,1.1618262584069141,True,True,False,1,180,0.02
50,guarded,316,persistent_attack_baseline,88,hiding,baseline,low,0.684726769573188,0.4072607282763817,True,1.481774214044906,1.1618262584069141,True,True,False,1,180,0.02
50,guarded,317,persistent_attack_baseline,89,hiding,baseline,low,0.5487423902758952,0.4072607282763817,True,1.478828984842784,1.1618262584069141,True,True,False,1,180,0.02
50,guarded,318,persistent_attack_baseline,90,hiding,baseline,low,0.6277827032323887,0.4072607282763817,True,1.3548951353883492,1.1618262584069141,True,True,False,1,180,0.02
50,guarded,319,persistent_attack_baseline,91,hiding,baseline,low,0.5383602731253365,0.4072607282763817,True,1.3328383089101905,1.1618262584069141,True,True,False,1,180,0.02
50,guarded,320,persistent_attack_baseline,92,hiding,baseline,low,0.5612352589975624,0.4072607282763817,True,1.3837892790666961,1.1618262584069141,True,True,False,1,180,0.02
50,guarded,321,persistent_attack_baseline,93,hiding,baseline,low,0.6223294123181542,0.4072607282763817,True,1.3748987733195126,1.1618262584069141,True,True,False,1,180,0.02
50,guarded,322,persistent_attack_baseline,94,hiding,baseline,low,0.5501244911265519,0.4072607282763817,True,1.3357187530368004,1.1618262584069141,True,True,False,1,180,0.02
50,guarded,323,persistent_attack_baseline,95,hiding,baseline,low,0.7995531976556811,0.4072607282763817,True,1.923164900442781,1.1618262584069141,True,True,False,1,180,0.02
50,guarded,324,persistent_attack_baseline,96,hiding,baseline,low,0.4972025810040033,0.4072607282763817,True,1.3100837970034411,1.1618262584069141,True,True,False,1,180,0.02
50,guarded,325,persistent_attack_baseline,97,hiding,baseline,low,0.5774263676445006,0.4072607282763817,True,1.3693372237601755,1.1618262584069141,True,True,False,1,180,0.02
50,guarded,326,persistent_attack_baseline,98,hiding,baseline,low,0.5997667433638119,0.4072607282763817,True,1.3703538510989792,1.1618262584069141,True,True,False,1,180,0.02
50,guarded,327,persistent_attack_baseline,99,hiding,baseline,low,0.5689217145118687,0.4072607282763817,True,1.5528982600223757,1.1618262584069141,True,True,False,1,180,0.02
50,guarded,328,persistent_attack_baseline,100,hiding,baseline,low,0.6205295122895584,0.4072607282763817,True,1.4958126415616193,1.1618262584069141,True,True,False,1,180,0.02
50,guarded,329,persistent_attack_baseline,101,hiding,baseline,low,0.763907991232923,0.4072607282763817,True,1.760180600856658,1.1618262584069141,True,True,False,1,180,0.02
50,guarded,330,persistent_attack_baseline,102,hiding,baseline,low,0.6170732974529429,0.4072607282763817,True,1.5413715000485888,1.1618262584069141,True,True,False,1,180,0.02
50,guarded,331,persistent_attack_baseline,103,hiding,baseline,low,0.6226090366066703,0.4072607282763817,True,1.4812359995714217,1.1618262584069141,True,True,False,1,180,0.02
50,guarded,332,persistent_attack_baseline,104,hiding,baseline,low,0.551074212387156,0.4072607282763817,True,1.393806048434319,1.1618262584069141,True,True,False,1,180,0.02
50,guarded,333,persistent_attack_baseline,105,hiding,baseline,low,0.5772208365991858,0.4072607282763817,True,1.3760100865379106,1.1618262584069141,True,True,False,1,180,0.02
50,guarded,334,persistent_attack_baseline,106,hiding,baseline,low,0.6172265037424245,0.4072607282763817,True,1.3702691321540788,1.1618262584069141,True,True,False,1,180,0.02
50,guarded,335,persistent_attack_baseline,107,hiding,baseline,low,0.5537798678974718,0.4072607282763817,True,1.330002715989704,1.1618262584069141,True,True,False,1,180,0.02
50,guarded,336,persistent_attack_baseline,108,hiding,baseline,low,0.48337822561874505,0.4072607282763817,True,1.419072227883995,1.1618262584069141,True,True,False,1,180,0.02
50,guarded,337,persistent_attack_baseline,109,hiding,baseline,low,0.7108863928500766,0.4072607282763817,True,1.5529431112284995,1.1618262584069141,True,True,False,1,180,0.02
50,guarded,338,persistent_attack_baseline,110,hiding,baseline,low,0.6652755546408493,0.4072607282763817,True,1.5574780665143386,1.1618262584069141,True,True,False,1,180,0.02
50,guarded,339,persistent_attack_baseline,111,hiding,baseline,low,0.5672619020174849,0.4072607282763817,True,1.336924752134793,1.1618262584069141,True,True,False,1,180,0.02
50,guarded,340,persistent_attack_baseline,112,hiding,baseline,low,0.6692309849254814,0.4072607282763817,True,1.5664682416084639,1.1618262584069141,True,True,False,1,180,0.02
50,guarded,341,persistent_attack_baseline,113,hiding,baseline,low,0.6851285407145563,0.4072607282763817,True,1.7675561325303306,1.1618262584069141,True,True,False,1,180,0.02
50,guarded,342,persistent_attack_baseline,114,hiding,baseline,low,0.5549703923776608,0.4072607282763817,True,1.3944788165261743,1.1618262584069141,True,True,False,1,180,0.02
50,guarded,343,persistent_attack_baseline,115,hiding,baseline,low,0.6709937087342579,0.4072607282763817,True,1.4810715451489682,1.1618262584069141,True,True,False,1,180,0.02
50,guarded,344,persistent_attack_baseline,116,hiding,baseline,low,0.5160047878496598,0.4072607282763817,True,1.3733389480398777,1.1618262584069141,True,True,False,1,180,0.02
50,guarded,345,persistent_attack_baseline,117,hiding,baseline,low,0.6163200242786122,0.4072607282763817,True,1.4698886444221295,1.1618262584069141,True,True,False,1,180,0.02
50,guarded,346,persistent_attack_baseline,118,hiding,baseline,low,-0.08424335688368009,0.4072607282763817,False,0.8030708125792683,1.1618262584069141,False,False,True,2,180,0.04
50,guarded,347,persistent_attack_baseline,119,hiding,baseline,low,-0.14028529114806332,0.4072607282763817,False,0.8550207551657728,1.1618262584069141,False,False,True,3,180,0.06
50,guarded,348,normal_recovery_2,0,unloaded,baseline,low,-0.05610144232546613,0.4072607282763817,False,1.2463679962568721,1.1618262584069141,True,True,True,3,181,0.06
50,guarded,349,normal_recovery_2,1,unloaded,baseline,low,0.08091079412091733,0.4072607282763817,False,1.2407117141705983,1.1618262584069141,True,True,True,3,182,0.06
50,guarded,350,normal_recovery_2,2,unloaded,baseline,low,0.0575472354329687,0.4072607282763817,False,1.1334866975994593,1.1618262584069141,False,False,True,3,183,0.06
50,guarded,351,normal_recovery_2,3,unloaded,baseline,low,-0.12307747552877796,0.4072607282763817,False,1.2253025045164476,1.1618262584069141,True,True,True,3,184,0.06
50,guarded,352,normal_recovery_2,4,unloaded,baseline,low,-0.07215481744003512,0.4072607282763817,False,1.1946556452346604,1.1618262584069141,True,True,True,3,185,0.06
50,guarded,353,normal_recovery_2,5,unloaded,baseline,low,-0.11190843479106045,0.4072607282763817,False,1.1996984702564302,1.1618262584069141,True,True,True,3,186,0.06
50,guarded,354,normal_recovery_2,6,unloaded,baseline,low,-0.07444357939868575,0.4072607282763817,False,1.1752329707178228,1.1618262584069141,True,True,True,3,187,0.06
50,guarded,355,normal_recovery_2,7,unloaded,baseline,low,-0.1473430671863727,0.4072607282763817,False,1.159750978022121,1.1618262584069141,False,False,True,3,188,0.06
50,guarded,356,normal_recovery_2,8,unloaded,baseline,low,0.08699611124895522,0.4072607282763817,False,1.2012996971705592,1.1618262584069141,True,True,True,3,189,0.06
50,guarded,357,normal_recovery_2,9,unloaded,baseline,low,-0.01415314980228885,0.4072607282763817,False,1.2121079788409301,1.1618262584069141,True,True,True,3,190,0.06
50,guarded,358,normal_recovery_2,10,unloaded,baseline,low,-0.11698105905137429,0.4072607282763817,False,1.1982843997348618,1.1618262584069141,True,True,True,3,191,0.06
50,guarded,359,normal_recovery_2,11,unloaded,baseline,low,-0.062071117433028344,0.4072607282763817,False,1.2213098348084896,1.1618262584069141,True,True,True,3,192,0.06
50,guarded,360,normal_recovery_2,12,unloaded,baseline,low,-0.005557743257911668,0.4072607282763817,False,1.2307664314214788,1.1618262584069141,True,True,True,3,193,0.06
50,guarded,361,normal_recovery_2,13,unloaded,baseline,low,-0.3517973886402971,0.4072607282763817,False,1.0347876944671892,1.1618262584069141,False,False,True,3,194,0.06
50,guarded,362,normal_recovery_2,14,unloaded,baseline,low,-0.01873238816560032,0.4072607282763817,False,0.905691373909879,1.1618262584069141,False,False,True,3,195,0.06
50,guarded,363,normal_recovery_2,15,unloaded,baseline,low,-0.06480150825354287,0.4072607282763817,False,1.1873247116465822,1.1618262584069141,True,True,True,3,196,0.06
50,guarded,364,normal_recovery_2,16,unloaded,baseline,low,0.004292730619091689,0.4072607282763817,False,1.1113575112771559,1.1618262584069141,False,False,True,3,197,0.06
50,guarded,365,normal_recovery_2,17,unloaded,baseline,low,0.015034913072397918,0.4072607282763817,False,1.0484611150100314,1.1618262584069141,False,False,True,3,198,0.06
50,guarded,366,normal_recovery_2,18,unloaded,baseline,low,-0.08985846205803943,0.4072607282763817,False,1.0636617668083337,1.1618262584069141,False,False,True,3,199,0.06
50,guarded,367,normal_recovery_2,19,unloaded,baseline,low,-0.08428222188590057,0.4072607282763817,False,1.1236690733963022,1.1618262584069141,False,False,True,3,200,0.06
50,guarded,368,normal_recovery_2,20,unloaded,baseline,low,-0.15317915338123467,0.4072607282763817,False,1.1700736121849193,1.1618262584069141,True,True,True,3,201,0.06
50,guarded,369,normal_recovery_2,21,unloaded,baseline,low,-0.10552076844690762,0.4072607282763817,False,1.1155057752887645,1.1618262584069141,False,False,True,3,202,0.06
50,guarded,370,normal_recovery_2,22,unloaded,baseline,low,-0.09435572637430631,0.4072607282763817,False,0.8726455002894421,1.1618262584069141,False,False,True,3,203,0.06
50,guarded,371,normal_recovery_2,23,unloaded,baseline,low,-0.20538375538086026,0.4072607282763817,False,0.9806840727711725,1.1618262584069141,False,False,True,3,204,0.06
50,guarded,372,normal_recovery_2,24,unloaded,baseline,low,-0.11922849100491353,0.4072607282763817,False,1.234393631285469,1.1618262584069141,True,True,True,3,205,0.06
50,guarded,373,normal_recovery_2,25,unloaded,baseline,low,-0.19205454103804126,0.4072607282763817,False,1.0334160357745263,1.1618262584069141,False,False,True,3,206,0.06
50,guarded,374,normal_recovery_2,26,unloaded,baseline,low,-0.010509494301043101,0.4072607282763817,False,1.1147663335395817,1.1618262584069141,False,False,True,3,207,0.06
50,guarded,375,normal_recovery_2,27,unloaded,baseline,low,-0.11983582777756815,0.4072607282763817,False,1.0202634197185767,1.1618262584069141,False,False,True,3,208,0.06
50,guarded,376,normal_recovery_2,28,unloaded,baseline,low,-0.20792339108927618,0.4072607282763817,False,0.9600279001157006,1.1618262584069141,False,False,True,3,209,0.06
50,guarded,377,normal_recovery_2,29,unloaded,baseline,low,-0.04372709435240968,0.4072607282763817,False,1.1700752407681014,1.1618262584069141,True,True,True,3,210,0.06
50,guarded,378,persistent_attack_cpu,0,hiding,cpu,high,0.5391423052036124,0.4201396874464996,True,1.917218867765932,1.1618262584069141,True,True,False,3,210,0.06
50,guarded,379,persistent_attack_cpu,1,hiding,cpu,high,0.7363780992581528,0.4201396874464996,True,1.8487506012337551,1.1618262584069141,True,True,False,3,210,0.06
50,guarded,380,persistent_attack_cpu,2,hiding,cpu,high,0.5784146597870121,0.4201396874464996,True,1.85832831332334,1.1618262584069141,True,True,False,3,210,0.06
50,guarded,381,persistent_attack_cpu,3,hiding,cpu,high,0.48873814530902465,0.4201396874464996,True,1.8481341907043425,1.1618262584069141,True,True,False,3,210,0.06
50,guarded,382,persistent_attack_cpu,4,hiding,cpu,high,0.517405525083443,0.4201396874464996,True,1.8148993896601804,1.1618262584069141,True,True,False,3,210,0.06
50,guarded,383,persistent_attack_cpu,5,hiding,cpu,high,0.34943260391292036,0.4201396874464996,False,1.784443105775113,1.1618262584069141,True,True,True,4,210,0.08
50,guarded,384,persistent_attack_cpu,6,hiding,cpu,high,0.6314792565812564,0.4201396874464996,True,1.7407225938886735,1.1618262584069141,True,True,False,4,210,0.08
50,guarded,385,persistent_attack_cpu,7,hiding,cpu,high,0.6045816483282622,0.4201396874464996,True,1.84113058844565,1.1618262584069141,True,True,False,4,210,0.08
50,guarded,386,persistent_attack_cpu,8,hiding,cpu,high,0.6523918081155433,0.4201396874464996,True,1.8826034557626619,1.1618262584069141,True,True,False,4,210,0.08
50,guarded,387,persistent_attack_cpu,9,hiding,cpu,high,0.45616085114691235,0.4201396874464996,True,1.7867049969464266,1.1618262584069141,True,True,False,4,210,0.08
50,guarded,388,persistent_attack_cpu,10,hiding,cpu,high,0.4445006095852026,0.4201396874464996,True,1.8168227510954549,1.1618262584069141,True,True,False,4,210,0.08
50,guarded,389,persistent_attack_cpu,11,hiding,cpu,high,0.47096599943150147,0.4201396874464996,True,1.7712769045357755,1.1618262584069141,True,True,False,4,210,0.08
50,guarded,390,persistent_attack_cpu,12,hiding,cpu,high,0.6960697140884988,0.4201396874464996,True,1.9079330210870722,1.1618262584069141,True,True,False,4,210,0.08
50,guarded,391,persistent_attack_cpu,13,hiding,cpu,high,0.5498461923390643,0.4201396874464996,True,1.8550771752936888,1.1618262584069141,True,True,False,4,210,0.08
50,guarded,392,persistent_attack_cpu,14,hiding,cpu,high,0.7008859586741278,0.4201396874464996,True,1.7790095276133595,1.1618262584069141,True,True,False,4,210,0.08
50,guarded,393,persistent_attack_cpu,15,hiding,cpu,high,0.6352629858401282,0.4201396874464996,True,1.8860355329124123,1.1618262584069141,True,True,False,4,210,0.08
50,guarded,394,persistent_attack_cpu,16,hiding,cpu,high,0.6348369872664998,0.4201396874464996,True,1.8287305262131277,1.1618262584069141,True,True,False,4,210,0.08
50,guarded,395,persistent_attack_cpu,17,hiding,cpu,high,0.7245052088326912,0.4201396874464996,True,1.795566165013712,1.1618262584069141,True,True,False,4,210,0.08
50,guarded,396,persistent_attack_cpu,18,hiding,cpu,high,0.4549202717889498,0.4201396874464996,True,1.8024581846216008,1.1618262584069141,True,True,False,4,210,0.08
50,guarded,397,persistent_attack_cpu,19,hiding,cpu,high,0.6500235278212979,0.4201396874464996,True,1.8609196016189744,1.1618262584069141,True,True,False,4,210,0.08
50,guarded,398,persistent_attack_cpu,20,hiding,cpu,high,0.5720604467703726,0.4201396874464996,True,1.8342199919655027,1.1618262584069141,True,True,False,4,210,0.08
50,guarded,399,persistent_attack_cpu,21,hiding,cpu,high,0.40743673023402704,0.4201396874464996,False,1.7215698385902012,1.1618262584069141,True,True,True,5,210,0.1
50,guarded,400,persistent_attack_cpu,22,hiding,cpu,high,0.6989947931357177,0.4201396874464996,True,2.041977405301632,1.1618262584069141,True,True,False,5,210,0.1
50,guarded,401,persistent_attack_cpu,23,hiding,cpu,high,0.43071477730780194,0.4201396874464996,True,1.8508731447980507,1.1618262584069141,True,True,False,5,210,0.1
50,guarded,402,persistent_attack_cpu,24,hiding,cpu,high,0.6797776657425698,0.4201396874464996,True,1.911697925127372,1.1618262584069141,True,True,False,5,210,0.1
50,guarded,403,persistent_attack_cpu,25,hiding,cpu,high,0.5877879916402649,0.4201396874464996,True,1.8706942701026361,1.1618262584069141,True,True,False,5,210,0.1
50,guarded,404,persistent_attack_cpu,26,hiding,cpu,high,0.38894800534665713,0.4201396874464996,False,1.7234410765709223,1.1618262584069141,True,True,True,6,210,0.12
50,guarded,405,persistent_attack_cpu,27,hiding,cpu,high,0.5640808030481204,0.4201396874464996,True,1.7123091439550924,1.1618262584069141,True,True,False,6,210,0.12
50,guarded,406,persistent_attack_cpu,28,hiding,cpu,high,0.7187081120552551,0.4201396874464996,True,1.867858962437657,1.1618262584069141,True,True,False,6,210,0.12
50,guarded,407,persistent_attack_cpu,29,hiding,cpu,high,0.6201163413041407,0.4201396874464996,True,1.836613745976116,1.1618262584069141,True,True,False,6,210,0.12
50,guarded,408,persistent_attack_cpu,30,hiding,cpu,high,0.5783218467102462,0.4201396874464996,True,1.77120806764466,1.1618262584069141,True,True,False,6,210,0.12
50,guarded,409,persistent_attack_cpu,31,hiding,cpu,high,0.6652794264750264,0.4201396874464996,True,1.8070591890774252,1.1618262584069141,True,True,False,6,210,0.12
50,guarded,410,persistent_attack_cpu,32,hiding,cpu,high,0.5203733181586112,0.4201396874464996,True,1.8418410825704423,1.1618262584069141,True,True,False,6,210,0.12
50,guarded,411,persistent_attack_cpu,33,hiding,cpu,high,0.4338875599878078,0.4201396874464996,True,1.7196703670787459,1.1618262584069141,True,True,False,6,210,0.12
50,guarded,412,persistent_attack_cpu,34,hiding,cpu,high,0.5600164548098228,0.4201396874464996,True,1.8003422443277228,1.1618262584069141,True,True,False,6,210,0.12
50,guarded,413,persistent_attack_cpu,35,hiding,cpu,high,0.4914535762906205,0.4201396874464996,True,1.718884438849529,1.1618262584069141,True,True,False,6,210,0.12
50,guarded,414,persistent_attack_cpu,36,hiding,cpu,high,0.6748873102467199,0.4201396874464996,True,1.8476989894882099,1.1618262584069141,True,True,False,6,210,0.12
50,guarded,415,persistent_attack_cpu,37,hiding,cpu,high,0.5396619520195904,0.4201396874464996,True,1.8102851502973505,1.1618262584069141,True,True,False,6,210,0.12
50,guarded,416,persistent_attack_cpu,38,hiding,cpu,high,0.6523166657437991,0.4201396874464996,True,1.897472920888556,1.1618262584069141,True,True,False,6,210,0.12
50,guarded,417,persistent_attack_cpu,39,hiding,cpu,high,0.5718341786834232,0.4201396874464996,True,1.7018955949179688,1.1618262584069141,True,True,False,6,210,0.12
50,guarded,418,persistent_attack_cpu,40,hiding,cpu,high,0.47725587472685066,0.4201396874464996,True,1.690362555089228,1.1618262584069141,True,True,False,6,210,0.12
50,guarded,419,persistent_attack_cpu,41,hiding,cpu,high,0.6644392579716075,0.4201396874464996,True,1.894096171113025,1.1618262584069141,True,True,False,6,210,0.12
50,guarded,420,persistent_attack_cpu,42,hiding,cpu,high,0.379564709884458,0.4201396874464996,False,1.6603327857728714,1.1618262584069141,True,True,True,7,210,0.14
50,guarded,421,persistent_attack_cpu,43,hiding,cpu,high,0.658114552663779,0.4201396874464996,True,1.7866746771887585,1.1618262584069141,True,True,False,7,210,0.14
50,guarded,422,persistent_attack_cpu,44,hiding,cpu,high,0.5716487584526052,0.4201396874464996,True,1.7375499998870698,1.1618262584069141,True,True,False,7,210,0.14
50,guarded,423,persistent_attack_cpu,45,hiding,cpu,high,0.378362251842741,0.4201396874464996,False,1.656583497270475,1.1618262584069141,True,True,True,8,210,0.16
50,guarded,424,persistent_attack_cpu,46,hiding,cpu,high,0.4171965920468738,0.4201396874464996,False,1.6718433067142418,1.1618262584069141,True,True,True,9,210,0.18
50,guarded,425,persistent_attack_cpu,47,hiding,cpu,high,0.6160764126704901,0.4201396874464996,True,1.669561771260762,1.1618262584069141,True,True,False,9,210,0.18
50,guarded,426,persistent_attack_cpu,48,hiding,cpu,high,0.597725458305931,0.4201396874464996,True,1.7114320637472198,1.1618262584069141,True,True,False,9,210,0.18
50,guarded,427,persistent_attack_cpu,49,hiding,cpu,high,0.7255256709352148,0.4201396874464996,True,1.7738879525502673,1.1618262584069141,True,True,False,9,210,0.18
50,guarded,428,persistent_attack_cpu,50,hiding,cpu,high,0.5078591302708989,0.4201396874464996,True,1.6871238720335568,1.1618262584069141,True,True,False,9,210,0.18
50,guarded,429,persistent_attack_cpu,51,hiding,cpu,high,0.4434024379449939,0.4201396874464996,True,1.742134570042458,1.1618262584069141,True,True,False,9,210,0.18
50,guarded,430,persistent_attack_cpu,52,hiding,cpu,high,0.5177564754415576,0.4201396874464996,True,1.4731592411426944,1.1618262584069141,True,True,False,9,210,0.18
50,guarded,431,persistent_attack_cpu,53,hiding,cpu,high,0.4600001066224277,0.4201396874464996,True,1.7320621887168846,1.1618262584069141,True,True,False,9,210,0.18
50,guarded,432,persistent_attack_cpu,54,hiding,cpu,high,0.5576766796823124,0.4201396874464996,True,1.8112252281536863,1.1618262584069141,True,True,False,9,210,0.18
50,guarded,433,persistent_attack_cpu,55,hiding,cpu,high,0.4835704317394151,0.4201396874464996,True,1.7833948199817877,1.1618262584069141,True,True,False,9,210,0.18
50,guarded,434,persistent_attack_cpu,56,hiding,cpu,high,0.6914315197591916,0.4201396874464996,True,1.7278720424625236,1.1618262584069141,True,True,False,9,210,0.18
50,guarded,435,persistent_attack_cpu,57,hiding,cpu,high,0.7130621116899141,0.4201396874464996,True,1.7660464567437533,1.1618262584069141,True,True,False,9,210,0.18
50,guarded,436,persistent_attack_cpu,58,hiding,cpu,high,0.4216161774261224,0.4201396874464996,True,1.6838688274937716,1.1618262584069141,True,True,False,9,210,0.18
50,guarded,437,persistent_attack_cpu,59,hiding,cpu,high,0.5805072850696399,0.4201396874464996,True,1.7852115890272493,1.1618262584069141,True,True,False,9,210,0.18
50,guarded,438,sham_negative_baseline,0,sham,baseline,low,0.3066869499747774,0.4072607282763817,False,1.2667244054868205,1.1618262584069141,True,True,True,9,211,0.18
50,guarded,439,sham_negative_baseline,1,sham,baseline,low,0.13213953149829796,0.4072607282763817,False,1.2676865173850238,1.1618262584069141,True,True,True,9,212,0.18
50,guarded,440,sham_negative_baseline,2,sham,baseline,low,0.28524299678316223,0.4072607282763817,False,1.2519131024401413,1.1618262584069141,True,True,True,9,213,0.18
50,guarded,441,sham_negative_baseline,3,sham,baseline,low,0.43108660992559134,0.4072607282763817,True,1.1924109641757628,1.1618262584069141,True,True,False,9,213,0.18
50,guarded,442,sham_negative_baseline,4,sham,baseline,low,0.24277169342927574,0.4072607282763817,False,0.9261474951021551,1.1618262584069141,False,False,True,9,214,0.18
50,guarded,443,sham_negative_baseline,5,sham,baseline,low,0.30739298083404343,0.4072607282763817,False,1.2290004897844948,1.1618262584069141,True,True,True,9,215,0.18
50,guarded,444,sham_negative_baseline,6,sham,baseline,low,0.10718613249089964,0.4072607282763817,False,1.2243464961067854,1.1618262584069141,True,True,True,9,216,0.18
50,guarded,445,sham_negative_baseline,7,sham,baseline,low,0.3676046266332589,0.4072607282763817,False,1.319478469750118,1.1618262584069141,True,True,True,9,217,0.18
50,guarded,446,sham_negative_baseline,8,sham,baseline,low,0.279070533999126,0.4072607282763817,False,1.231098430813124,1.1618262584069141,True,True,True,9,218,0.18
50,guarded,447,sham_negative_baseline,9,sham,baseline,low,0.20116052241044763,0.4072607282763817,False,1.3355808746789999,1.1618262584069141,True,True,True,9,219,0.18
50,guarded,448,sham_negative_baseline,10,sham,baseline,low,0.26164151863652246,0.4072607282763817,False,1.2280138179711448,1.1618262584069141,True,True,True,9,220,0.18
50,guarded,449,sham_negative_baseline,11,sham,baseline,low,0.32091725630248785,0.4072607282763817,False,1.1587124315467208,1.1618262584069141,False,False,True,9,221,0.18
50,guarded,450,sham_negative_baseline,12,sham,baseline,low,0.07424228910369565,0.4072607282763817,False,1.1943049763781557,1.1618262584069141,True,True,True,9,222,0.16
50,guarded,451,sham_negative_baseline,13,sham,baseline,low,0.22727699989317024,0.4072607282763817,False,1.2803490747842452,1.1618262584069141,True,True,True,9,223,0.14
50,guarded,452,sham_negative_baseline,14,sham,baseline,low,0.1139012452815699,0.4072607282763817,False,1.1657472963676683,1.1618262584069141,True,True,True,9,224,0.12
50,guarded,453,sham_negative_baseline,15,sham,baseline,low,0.1186710535092125,0.4072607282763817,False,1.1627965287752968,1.1618262584069141,True,True,True,9,225,0.12
50,guarded,454,sham_negative_baseline,16,sham,baseline,low,0.1506308186894278,0.4072607282763817,False,1.1898931603954,1.1618262584069141,True,True,True,9,226,0.12
50,guarded,455,sham_negative_baseline,17,sham,baseline,low,0.26851320220046154,0.4072607282763817,False,1.271773775424341,1.1618262584069141,True,True,True,9,227,0.12
50,guarded,456,sham_negative_baseline,18,sham,baseline,low,0.24745496029257844,0.4072607282763817,False,1.217930237431498,1.1618262584069141,True,True,True,9,228,0.12
50,guarded,457,sham_negative_baseline,19,sham,baseline,low,0.2521682049131163,0.4072607282763817,False,1.1012465619549126,1.1618262584069141,False,False,True,9,229,0.12
50,guarded,458,sham_negative_cpu,0,sham,cpu,high,0.1935300395235584,0.4201396874464996,False,1.1924501767920284,1.1618262584069141,True,True,True,9,230,0.12
50,guarded,459,sham_negative_cpu,1,sham,cpu,high,0.33734142471541395,0.4201396874464996,False,1.177255893461776,1.1618262584069141,True,True,True,9,231,0.12
50,guarded,460,sham_negative_cpu,2,sham,cpu,high,0.3021218597995856,0.4201396874464996,False,1.1518336920024563,1.1618262584069141,False,False,True,9,232,0.12
50,guarded,461,sham_negative_cpu,3,sham,cpu,high,0.2996725369014174,0.4201396874464996,False,1.1476497797966927,1.1618262584069141,False,False,True,9,233,0.12
50,guarded,462,sham_negative_cpu,4,sham,cpu,high,0.3432178898208388,0.4201396874464996,False,1.2226608179108083,1.1618262584069141,True,True,True,9,234,0.12
50,guarded,463,sham_negative_cpu,5,sham,cpu,high,0.32042987070814133,0.4201396874464996,False,1.1141392733015085,1.1618262584069141,False,False,True,9,235,0.12
50,guarded,464,sham_negative_cpu,6,sham,cpu,high,0.20980898464525544,0.4201396874464996,False,1.0753899619850915,1.1618262584069141,False,False,True,9,236,0.12
50,guarded,465,sham_negative_cpu,7,sham,cpu,high,0.1085565315804525,0.4201396874464996,False,1.0664834312787086,1.1618262584069141,False,False,True,9,237,0.12
50,guarded,466,sham_negative_cpu,8,sham,cpu,high,0.13505016515338814,0.4201396874464996,False,1.109720085143582,1.1618262584069141,False,False,True,9,238,0.12
50,guarded,467,sham_negative_cpu,9,sham,cpu,high,0.20743276604904787,0.4201396874464996,False,1.069921849451037,1.1618262584069141,False,False,True,9,239,0.12
50,guarded,468,sham_negative_cpu,10,sham,cpu,high,0.2822974199896392,0.4201396874464996,False,1.0702587163135302,1.1618262584069141,False,False,True,9,240,0.12
50,guarded,469,sham_negative_cpu,11,sham,cpu,high,0.23415885339176945,0.4201396874464996,False,1.0916298210826532,1.1618262584069141,False,False,True,9,241,0.12
50,guarded,470,sham_negative_cpu,12,sham,cpu,high,0.3172811791779722,0.4201396874464996,False,1.0668382541675017,1.1618262584069141,False,False,True,9,242,0.12
50,guarded,471,sham_negative_cpu,13,sham,cpu,high,0.2679186141357166,0.4201396874464996,False,1.0698756133584393,1.1618262584069141,False,False,True,9,243,0.12
50,guarded,472,sham_negative_cpu,14,sham,cpu,high,0.21711324705034685,0.4201396874464996,False,1.0531928222404745,1.1618262584069141,False,False,True,9,244,0.12
50,guarded,473,sham_negative_cpu,15,sham,cpu,high,0.36554839339925327,0.4201396874464996,False,1.115682386294615,1.1618262584069141,False,False,True,9,245,0.12
50,guarded,474,sham_negative_cpu,16,sham,cpu,high,0.21554623224824612,0.4201396874464996,False,1.05061269234908,1.1618262584069141,False,False,True,9,246,0.12
50,guarded,475,sham_negative_cpu,17,sham,cpu,high,0.29933694840226915,0.4201396874464996,False,1.0393376405454016,1.1618262584069141,False,False,True,9,247,0.12
50,guarded,476,sham_negative_cpu,18,sham,cpu,high,0.1310707467832787,0.4201396874464996,False,1.007762119852478,1.1618262584069141,False,False,True,9,248,0.12
50,guarded,477,sham_negative_cpu,19,sham,cpu,high,0.29467898489096267,0.4201396874464996,False,1.0450708126897141,1.1618262584069141,False,False,True,9,249,0.12
100,fixed,48,normal_pre,0,unloaded,baseline,low,-0.013129017821956662,0.4072607282763817,False,0.930076814971256,1.1618262584069141,False,False,False,0,0,0.0
100,fixed,49,normal_pre,1,unloaded,baseline,low,0.02915973041011151,0.4072607282763817,False,0.9522146974550008,1.1618262584069141,False,False,False,0,0,0.0
100,fixed,50,normal_pre,2,unloaded,baseline,low,0.062253997828533636,0.4072607282763817,False,1.040989632446727,1.1618262584069141,False,False,False,0,0,0.0
100,fixed,51,normal_pre,3,unloaded,baseline,low,-0.022267757852089856,0.4072607282763817,False,0.9103184561151939,1.1618262584069141,False,False,False,0,0,0.0
100,fixed,52,normal_pre,4,unloaded,baseline,low,-0.10674230292600287,0.4072607282763817,False,1.0206234040176543,1.1618262584069141,False,False,False,0,0,0.0
100,fixed,53,normal_pre,5,unloaded,baseline,low,-0.08862468702832349,0.4072607282763817,False,0.9323784066023988,1.1618262584069141,False,False,False,0,0,0.0
100,fixed,54,normal_pre,6,unloaded,baseline,low,-0.13812266139507223,0.4072607282763817,False,0.9226317115684853,1.1618262584069141,False,False,False,0,0,0.0
100,fixed,55,normal_pre,7,unloaded,baseline,low,-0.05181336757519998,0.4072607282763817,False,0.9040890918584443,1.1618262584069141,False,False,False,0,0,0.0
100,fixed,56,normal_pre,8,unloaded,baseline,low,-0.06522801557764636,0.4072607282763817,False,1.0019405067138416,1.1618262584069141,False,False,False,0,0,0.0
100,fixed,57,normal_pre,9,unloaded,baseline,low,0.023941854381834025,0.4072607282763817,False,0.9973165415858122,1.1618262584069141,False,False,False,0,0,0.0
100,fixed,58,normal_pre,10,unloaded,baseline,low,-0.12319227544356848,0.4072607282763817,False,0.9059750461747079,1.1618262584069141,False,False,False,0,0,0.0
100,fixed,59,normal_pre,11,unloaded,baseline,low,-0.01008490545718218,0.4072607282763817,False,0.9135552317048143,1.1618262584069141,False,False,False,0,0,0.0
100,fixed,60,normal_pre,12,unloaded,baseline,low,-0.00488881191045643,0.4072607282763817,False,0.9911027637283706,1.1618262584069141,False,False,False,0,0,0.0
100,fixed,61,normal_pre,13,unloaded,baseline,low,-0.0603410159852716,0.4072607282763817,False,0.9484583752217814,1.1618262584069141,False,False,False,0,0,0.0
100,fixed,62,normal_pre,14,unloaded,baseline,low,-0.10236573508134322,0.4072607282763817,False,0.9026239703234957,1.1618262584069141,False,False,False,0,0,0.0
100,fixed,63,normal_pre,15,unloaded,baseline,low,-0.050877316012857804,0.4072607282763817,False,0.8939787141740118,1.1618262584069141,False,False,False,0,0,0.0
100,fixed,64,normal_pre,16,unloaded,baseline,low,-0.05510479107338977,0.4072607282763817,False,0.9041566329221121,1.1618262584069141,False,False,False,0,0,0.0
100,fixed,65,normal_pre,17,unloaded,baseline,low,0.03521835357545315,0.4072607282763817,False,0.9875542601525908,1.1618262584069141,False,False,False,0,0,0.0
100,fixed,66,normal_pre,18,unloaded,baseline,low,0.08208186588175982,0.4072607282763817,False,1.03530059669932,1.1618262584069141,False,False,False,0,0,0.0
100,fixed,67,normal_pre,19,unloaded,baseline,low,-0.11859108626620898,0.4072607282763817,False,1.0824546500723469,1.1618262584069141,False,False,False,0,0,0.0
100,fixed,68,normal_pre,20,unloaded,baseline,low,-0.09442363335705675,0.4072607282763817,False,0.9034968086847417,1.1618262584069141,False,False,False,0,0,0.0
100,fixed,69,normal_pre,21,unloaded,baseline,low,-0.08782596223184766,0.4072607282763817,False,0.9182727152286915,1.1618262584069141,False,False,False,0,0,0.0
100,fixed,70,normal_pre,22,unloaded,baseline,low,0.019664381033028908,0.4072607282763817,False,1.1878706640585426,1.1618262584069141,True,True,False,0,0,0.0
100,fixed,71,normal_pre,23,unloaded,baseline,low,0.01282746574072316,0.4072607282763817,False,1.1659561866315453,1.1618262584069141,True,True,False,0,0,0.0
100,fixed,72,normal_pre,24,unloaded,baseline,low,0.0729093044730977,0.4072607282763817,False,1.0201142483069274,1.1618262584069141,False,False,False,0,0,0.0
100,fixed,73,normal_pre,25,unloaded,baseline,low,-0.0424289024717688,0.4072607282763817,False,0.9215978137477238,1.1618262584069141,False,False,False,0,0,0.0
100,fixed,74,normal_pre,26,unloaded,baseline,low,0.021322211923292086,0.4072607282763817,False,1.0646705684619602,1.1618262584069141,False,False,False,0,0,0.0
100,fixed,75,normal_pre,27,unloaded,baseline,low,-0.12866787070571195,0.4072607282763817,False,0.9064842018854348,1.1618262584069141,False,False,False,0,0,0.0
100,fixed,76,normal_pre,28,unloaded,baseline,low,-0.057205214009062484,0.4072607282763817,False,0.9669022810695387,1.1618262584069141,False,False,False,0,0,0.0
100,fixed,77,normal_pre,29,unloaded,baseline,low,-0.07285759387285287,0.4072607282763817,False,0.9179298144439162,1.1618262584069141,False,False,False,0,0,0.0
100,fixed,78,benign_cpu_drift,0,unloaded,cpu,high,-0.0501685258608878,0.4201396874464996,False,1.19761216362602,1.1618262584069141,True,True,False,0,0,0.0
100,fixed,79,benign_cpu_drift,1,unloaded,cpu,high,0.03502539943958842,0.4201396874464996,False,1.3147179770931885,1.1618262584069141,True,True,False,0,0,0.0
100,fixed,80,benign_cpu_drift,2,unloaded,cpu,high,0.06246995540720886,0.4201396874464996,False,1.3109928276585852,1.1618262584069141,True,True,False,0,0,0.0
100,fixed,81,benign_cpu_drift,3,unloaded,cpu,high,0.09082941727543728,0.4201396874464996,False,1.249369400261332,1.1618262584069141,True,True,False,0,0,0.0
100,fixed,82,benign_cpu_drift,4,unloaded,cpu,high,-0.10293138323129049,0.4201396874464996,False,1.2258962829035385,1.1618262584069141,True,True,False,0,0,0.0
100,fixed,83,benign_cpu_drift,5,unloaded,cpu,high,0.12588126196769284,0.4201396874464996,False,1.3427631049146516,1.1618262584069141,True,True,False,0,0,0.0
100,fixed,84,benign_cpu_drift,6,unloaded,cpu,high,-0.007133780945795443,0.4201396874464996,False,1.317430010572774,1.1618262584069141,True,True,False,0,0,0.0
100,fixed,85,benign_cpu_drift,7,unloaded,cpu,high,-0.010431486320128747,0.4201396874464996,False,1.2736062511852158,1.1618262584069141,True,True,False,0,0,0.0
100,fixed,86,benign_cpu_drift,8,unloaded,cpu,high,0.04911880143500191,0.4201396874464996,False,1.2651480318274273,1.1618262584069141,True,True,False,0,0,0.0
100,fixed,87,benign_cpu_drift,9,unloaded,cpu,high,-0.006218593713696419,0.4201396874464996,False,1.2556974783803654,1.1618262584069141,True,True,False,0,0,0.0
100,fixed,88,benign_cpu_drift,10,unloaded,cpu,high,0.04799033605196297,0.4201396874464996,False,1.28125397777899,1.1618262584069141,True,True,False,0,0,0.0
100,fixed,89,benign_cpu_drift,11,unloaded,cpu,high,-0.015083657762214066,0.4201396874464996,False,1.260108429384519,1.1618262584069141,True,True,False,0,0,0.0
100,fixed,90,benign_cpu_drift,12,unloaded,cpu,high,0.028434895087584476,0.4201396874464996,False,1.2714968918122047,1.1618262584069141,True,True,False,0,0,0.0
100,fixed,91,benign_cpu_drift,13,unloaded,cpu,high,0.04012470523741363,0.4201396874464996,False,1.295988320591452,1.1618262584069141,True,True,False,0,0,0.0
100,fixed,92,benign_cpu_drift,14,unloaded,cpu,high,0.0604274748504325,0.4201396874464996,False,1.257941919880712,1.1618262584069141,True,True,False,0,0,0.0
100,fixed,93,benign_cpu_drift,15,unloaded,cpu,high,0.028379435388274393,0.4201396874464996,False,1.2369937992108087,1.1618262584069141,True,True,False,0,0,0.0
100,fixed,94,benign_cpu_drift,16,unloaded,cpu,high,-0.0841541904997875,0.4201396874464996,False,1.2997810110897232,1.1618262584069141,True,True,False,0,0,0.0
100,fixed,95,benign_cpu_drift,17,unloaded,cpu,high,0.10982917271061138,0.4201396874464996,False,1.3293743879091104,1.1618262584069141,True,True,False,0,0,0.0
100,fixed,96,benign_cpu_drift,18,unloaded,cpu,high,-0.10645979201596495,0.4201396874464996,False,1.2503409524848617,1.1618262584069141,True,True,False,0,0,0.0
100,fixed,97,benign_cpu_drift,19,unloaded,cpu,high,-0.11173540812200224,0.4201396874464996,False,1.2438622058391848,1.1618262584069141,True,True,False,0,0,0.0
100,fixed,98,benign_cpu_drift,20,unloaded,cpu,high,0.03763375442337867,0.4201396874464996,False,1.3156999202495903,1.1618262584069141,True,True,False,0,0,0.0
100,fixed,99,benign_cpu_drift,21,unloaded,cpu,high,0.06844934071757651,0.4201396874464996,False,1.2600668656530312,1.1618262584069141,True,True,False,0,0,0.0
100,fixed,100,benign_cpu_drift,22,unloaded,cpu,high,-0.06541688796260117,0.4201396874464996,False,1.230816389618419,1.1618262584069141,True,True,False,0,0,0.0
100,fixed,101,benign_cpu_drift,23,unloaded,cpu,high,-0.036308081028168834,0.4201396874464996,False,1.2513488729734434,1.1618262584069141,True,True,False,0,0,0.0
100,fixed,102,benign_cpu_drift,24,unloaded,cpu,high,0.1018275154979757,0.4201396874464996,False,1.3751516426766004,1.1618262584069141,True,True,False,0,0,0.0
100,fixed,103,benign_cpu_drift,25,unloaded,cpu,high,0.024504046827311696,0.4201396874464996,False,1.3280235666357536,1.1618262584069141,True,True,False,0,0,0.0
100,fixed,104,benign_cpu_drift,26,unloaded,cpu,high,-0.02892492218531792,0.4201396874464996,False,1.2586692851817505,1.1618262584069141,True,True,False,0,0,0.0
100,fixed,105,benign_cpu_drift,27,unloaded,cpu,high,0.09157653043267683,0.4201396874464996,False,1.4043345776475447,1.1618262584069141,True,True,False,0,0,0.0
100,fixed,106,benign_cpu_drift,28,unloaded,cpu,high,0.04450184999228594,0.4201396874464996,False,1.2957181563367806,1.1618262584069141,True,True,False,0,0,0.0
100,fixed,107,benign_cpu_drift,29,unloaded,cpu,high,0.03446267922974014,0.4201396874464996,False,1.258425098259259,1.1618262584069141,True,True,False,0,0,0.0
100,fixed,108,benign_cpu_drift,30,unloaded,cpu,high,-0.12694031359445646,0.4201396874464996,False,1.2952141960924897,1.1618262584069141,True,True,False,0,0,0.0
100,fixed,109,benign_cpu_drift,31,unloaded,cpu,high,-0.051660685191195654,0.4201396874464996,False,1.2215113092315646,1.1618262584069141,True,True,False,0,0,0.0
100,fixed,110,benign_cpu_drift,32,unloaded,cpu,high,0.06902403902898262,0.4201396874464996,False,1.2603578117734464,1.1618262584069141,True,True,False,0,0,0.0
100,fixed,111,benign_cpu_drift,33,unloaded,cpu,high,0.011988617186349092,0.4201396874464996,False,1.2336219414938525,1.1618262584069141,True,True,False,0,0,0.0
100,fixed,112,benign_cpu_drift,34,unloaded,cpu,high,-0.04887910155404421,0.4201396874464996,False,1.3157310930482062,1.1618262584069141,True,True,False,0,0,0.0
100,fixed,113,benign_cpu_drift,35,unloaded,cpu,high,0.13759478059341215,0.4201396874464996,False,1.3233736241755445,1.1618262584069141,True,True,False,0,0,0.0
100,fixed,114,benign_cpu_drift,36,unloaded,cpu,high,0.08199994994651774,0.4201396874464996,False,1.2889276817049442,1.1618262584069141,True,True,False,0,0,0.0
100,fixed,115,benign_cpu_drift,37,unloaded,cpu,high,0.06232149429272928,0.4201396874464996,False,1.2529646630350357,1.1618262584069141,True,True,False,0,0,0.0
100,fixed,116,benign_cpu_drift,38,unloaded,cpu,high,-0.0311456301660804,0.4201396874464996,False,1.2732217866689526,1.1618262584069141,True,True,False,0,0,0.0
100,fixed,117,benign_cpu_drift,39,unloaded,cpu,high,0.02873787024547747,0.4201396874464996,False,1.2690446316544184,1.1618262584069141,True,True,False,0,0,0.0
100,fixed,118,benign_cpu_drift,40,unloaded,cpu,high,-0.007454873963552531,0.4201396874464996,False,1.2911149730744953,1.1618262584069141,True,True,False,0,0,0.0
100,fixed,119,benign_cpu_drift,41,unloaded,cpu,high,-0.003564169829999171,0.4201396874464996,False,1.2539725835236173,1.1618262584069141,True,True,False,0,0,0.0
100,fixed,120,benign_cpu_drift,42,unloaded,cpu,high,-0.06032923537067803,0.4201396874464996,False,1.2741985343589184,1.1618262584069141,True,True,False,0,0,0.0
100,fixed,121,benign_cpu_drift,43,unloaded,cpu,high,0.01896076433608831,0.4201396874464996,False,1.282547648921551,1.1618262584069141,True,True,False,0,0,0.0
100,fixed,122,benign_cpu_drift,44,unloaded,cpu,high,0.027739249267080678,0.4201396874464996,False,1.3159700845042617,1.1618262584069141,True,True,False,0,0,0.0
100,fixed,123,benign_cpu_drift,45,unloaded,cpu,high,0.004194705921908411,0.4201396874464996,False,1.2844128213720707,1.1618262584069141,True,True,False,0,0,0.0
100,fixed,124,benign_cpu_drift,46,unloaded,cpu,high,-0.04797797596664044,0.4201396874464996,False,1.2291538403589028,1.1618262584069141,True,True,False,0,0,0.0
100,fixed,125,benign_cpu_drift,47,unloaded,cpu,high,0.06825115144006204,0.4201396874464996,False,1.3024670672371288,1.1618262584069141,True,True,False,0,0,0.0
100,fixed,126,benign_cpu_drift,48,unloaded,cpu,high,0.11093272296470072,0.4201396874464996,False,1.3274780426599748,1.1618262584069141,True,True,False,0,0,0.0
100,fixed,127,benign_cpu_drift,49,unloaded,cpu,high,-0.050597872115767724,0.4201396874464996,False,1.242033401653717,1.1618262584069141,True,True,False,0,0,0.0
100,fixed,128,benign_cpu_drift,50,unloaded,cpu,high,0.009512836313522736,0.4201396874464996,False,1.2897693472675744,1.1618262584069141,True,True,False,0,0,0.0
100,fixed,129,benign_cpu_drift,51,unloaded,cpu,high,-0.05754179155771201,0.4201396874464996,False,1.2871716140495804,1.1618262584069141,True,True,False,0,0,0.0
100,fixed,130,benign_cpu_drift,52,unloaded,cpu,high,0.002670049939858589,0.4201396874464996,False,1.2923411031533885,1.1618262584069141,True,True,False,0,0,0.0
100,fixed,131,benign_cpu_drift,53,unloaded,cpu,high,-0.07035214909229938,0.4201396874464996,False,1.2340219924094236,1.1618262584069141,True,True,False,0,0,0.0
100,fixed,132,benign_cpu_drift,54,unloaded,cpu,high,-0.1840835942669565,0.4201396874464996,False,1.2288161350405635,1.1618262584069141,True,True,False,0,0,0.0
100,fixed,133,benign_cpu_drift,55,unloaded,cpu,high,0.11056317767438455,0.4201396874464996,False,1.3172014100495908,1.1618262584069141,True,True,False,0,0,0.0
100,fixed,134,benign_cpu_drift,56,unloaded,cpu,high,-0.010670714554329299,0.4201396874464996,False,1.2258910874371023,1.1618262584069141,True,True,False,0,0,0.0
100,fixed,135,benign_cpu_drift,57,unloaded,cpu,high,0.027690407166944805,0.4201396874464996,False,1.2654389779478428,1.1618262584069141,True,True,False,0,0,0.0
100,fixed,136,benign_cpu_drift,58,unloaded,cpu,high,0.0002715660720089205,0.4201396874464996,False,1.2579263334814041,1.1618262584069141,True,True,False,0,0,0.0
100,fixed,137,benign_cpu_drift,59,unloaded,cpu,high,-0.019799358356748533,0.4201396874464996,False,1.2629659359243124,1.1618262584069141,True,True,False,0,0,0.0
100,fixed,138,benign_cpu_drift,60,unloaded,cpu,high,-0.0220332790958685,0.4201396874464996,False,1.3160116482357496,1.1618262584069141,True,True,False,0,0,0.0
100,fixed,139,benign_cpu_drift,61,unloaded,cpu,high,0.02050837752192379,0.4201396874464996,False,1.240744925977592,1.1618262584069141,True,True,False,0,0,0.0
100,fixed,140,benign_cpu_drift,62,unloaded,cpu,high,0.056237054988069794,0.4201396874464996,False,1.2840075749900637,1.1618262584069141,True,True,False,0,0,0.0
100,fixed,141,benign_cpu_drift,63,unloaded,cpu,high,-0.021298975669213523,0.4201396874464996,False,1.2569807585900543,1.1618262584069141,True,True,False,0,0,0.0
100,fixed,142,benign_cpu_drift,64,unloaded,cpu,high,-0.03837971605705722,0.4201396874464996,False,1.2705565123872908,1.1618262584069141,True,True,False,0,0,0.0
100,fixed,143,benign_cpu_drift,65,unloaded,cpu,high,0.06234983553578987,0.4201396874464996,False,1.2287745713090756,1.1618262584069141,True,True,False,0,0,0.0
100,fixed,144,benign_cpu_drift,66,unloaded,cpu,high,0.01679936815311069,0.4201396874464996,False,1.2312008541346822,1.1618262584069141,True,True,False,0,0,0.0
100,fixed,145,benign_cpu_drift,67,unloaded,cpu,high,0.07528643907242703,0.4201396874464996,False,1.3081405165852278,1.1618262584069141,True,True,False,0,0,0.0
100,fixed,146,benign_cpu_drift,68,unloaded,cpu,high,-0.05556548278930551,0.4201396874464996,False,1.2326036300723988,1.1618262584069141,True,True,False,0,0,0.0
100,fixed,147,benign_cpu_drift,69,unloaded,cpu,high,0.01991626375725081,0.4201396874464996,False,1.2693407732412696,1.1618262584069141,True,True,False,0,0,0.0
100,fixed,148,benign_cpu_drift,70,unloaded,cpu,high,-0.01776991343567192,0.4201396874464996,False,1.2339960150772435,1.1618262584069141,True,True,False,0,0,0.0
100,fixed,149,benign_cpu_drift,71,unloaded,cpu,high,-0.10111022834857966,0.4201396874464996,False,1.245441627635725,1.1618262584069141,True,True,False,0,0,0.0
100,fixed,150,benign_cpu_drift,72,unloaded,cpu,high,0.006687429843258738,0.4201396874464996,False,1.2922112164924886,1.1618262584069141,True,True,False,0,0,0.0
100,fixed,151,benign_cpu_drift,73,unloaded,cpu,high,0.0511534913218853,0.4201396874464996,False,1.2295954550059618,1.1618262584069141,True,True,False,0,0,0.0
100,fixed,152,benign_cpu_drift,74,unloaded,cpu,high,-0.007559506386308435,0.4201396874464996,False,1.2666806944260438,1.1618262584069141,True,True,False,0,0,0.0
100,fixed,153,benign_cpu_drift,75,unloaded,cpu,high,-0.020025907752125826,0.4201396874464996,False,1.2291746222246467,1.1618262584069141,True,True,False,0,0,0.0
100,fixed,154,benign_cpu_drift,76,unloaded,cpu,high,-0.04786406468041781,0.4201396874464996,False,1.2676782239817534,1.1618262584069141,True,True,False,0,0,0.0
100,fixed,155,benign_cpu_drift,77,unloaded,cpu,high,0.0037397595726607405,0.4201396874464996,False,1.22687822605994,1.1618262584069141,True,True,False,0,0,0.0
100,fixed,156,benign_cpu_drift,78,unloaded,cpu,high,-0.12005767832784926,0.4201396874464996,False,1.217874482726373,1.1618262584069141,True,True,False,0,0,0.0
100,fixed,157,benign_cpu_drift,79,unloaded,cpu,high,-0.05080294153433208,0.4201396874464996,False,1.2700005974786401,1.1618262584069141,True,True,False,0,0,0.0
100,fixed,158,benign_cpu_drift,80,unloaded,cpu,high,0.08027289635754616,0.4201396874464996,False,1.3148634501533962,1.1618262584069141,True,True,False,0,0,0.0
100,fixed,159,benign_cpu_drift,81,unloaded,cpu,high,-0.058256766589441615,0.4201396874464996,False,1.2155417182966144,1.1618262584069141,True,True,False,0,0,0.0
100,fixed,160,benign_cpu_drift,82,unloaded,cpu,high,0.009694487883445523,0.4201396874464996,False,1.3108213772661974,1.1618262584069141,True,True,False,0,0,0.0
100,fixed,161,benign_cpu_drift,83,unloaded,cpu,high,-0.06733478458028248,0.4201396874464996,False,1.273980324768607,1.1618262584069141,True,True,False,0,0,0.0
100,fixed,162,benign_cpu_drift,84,unloaded,cpu,high,0.09906148158870344,0.4201396874464996,False,1.3223864855527068,1.1618262584069141,True,True,False,0,0,0.0
100,fixed,163,benign_cpu_drift,85,unloaded,cpu,high,-0.006014723719478027,0.4201396874464996,False,1.2605240666993982,1.1618262584069141,True,True,False,0,0,0.0
100,fixed,164,benign_cpu_drift,86,unloaded,cpu,high,0.144556457702778,0.4201396874464996,False,1.4840330327756,1.1618262584069141,True,True,False,0,0,0.0
100,fixed,165,benign_cpu_drift,87,unloaded,cpu,high,-0.13706309324930055,0.4201396874464996,False,1.2472600408883208,1.1618262584069141,True,True,False,0,0,0.0
100,fixed,166,benign_cpu_drift,88,unloaded,cpu,high,-0.016694883868113672,0.4201396874464996,False,1.3108109863333255,1.1618262584069141,True,True,False,0,0,0.0
100,fixed,167,benign_cpu_drift,89,unloaded,cpu,high,-0.10478673981408404,0.4201396874464996,False,1.2246753482910813,1.1618262584069141,True,True,False,0,0,0.0
100,fixed,168,benign_cpu_drift,90,unloaded,cpu,high,0.04458691887972936,0.4201396874464996,False,1.2380900426288022,1.1618262584069141,True,True,False,0,0,0.0
100,fixed,169,benign_cpu_drift,91,unloaded,cpu,high,0.04902703821332258,0.4201396874464996,False,1.2719956565900594,1.1618262584069141,True,True,False,0,0,0.0
100,fixed,170,benign_cpu_drift,92,unloaded,cpu,high,0.020012211966516924,0.4201396874464996,False,1.2688835721949028,1.1618262584069141,True,True,False,0,0,0.0
100,fixed,171,benign_cpu_drift,93,unloaded,cpu,high,0.04341204186233408,0.4201396874464996,False,1.2932918735111743,1.1618262584069141,True,True,False,0,0,0.0
100,fixed,172,benign_cpu_drift,94,unloaded,cpu,high,0.045211078267062846,0.4201396874464996,False,1.3587339687388784,1.1618262584069141,True,True,False,0,0,0.0
100,fixed,173,benign_cpu_drift,95,unloaded,cpu,high,-0.055755206183832576,0.4201396874464996,False,1.2444596844793234,1.1618262584069141,True,True,False,0,0,0.0
100,fixed,174,benign_cpu_drift,96,unloaded,cpu,high,-0.07323630898216363,0.4201396874464996,False,1.2081070058267156,1.1618262584069141,True,True,False,0,0,0.0
100,fixed,175,benign_cpu_drift,97,unloaded,cpu,high,0.069598542746756,0.4201396874464996,False,1.2690498271208543,1.1618262584069141,True,True,False,0,0,0.0
100,fixed,176,benign_cpu_drift,98,unloaded,cpu,high,0.003433951938095181,0.4201396874464996,False,1.285961070369995,1.1618262584069141,True,True,False,0,0,0.0
100,fixed,177,benign_cpu_drift,99,unloaded,cpu,high,0.10943720659776723,0.4201396874464996,False,1.3816096074565334,1.1618262584069141,True,True,False,0,0,0.0
100,fixed,178,benign_cpu_drift,100,unloaded,cpu,high,0.03352798298662593,0.4201396874464996,False,1.2770508454322758,1.1618262584069141,True,True,False,0,0,0.0
100,fixed,179,benign_cpu_drift,101,unloaded,cpu,high,0.07089903976110092,0.4201396874464996,False,1.312759286246821,1.1618262584069141,True,True,False,0,0,0.0
100,fixed,180,benign_cpu_drift,102,unloaded,cpu,high,0.0701341206165438,0.4201396874464996,False,1.254949331213583,1.1618262584069141,True,True,False,0,0,0.0
100,fixed,181,benign_cpu_drift,103,unloaded,cpu,high,0.019336414524932195,0.4201396874464996,False,1.278666635493868,1.1618262584069141,True,True,False,0,0,0.0
100,fixed,182,benign_cpu_drift,104,unloaded,cpu,high,0.07327162141908039,0.4201396874464996,False,1.2828437905084025,1.1618262584069141,True,True,False,0,0,0.0
100,fixed,183,benign_cpu_drift,105,unloaded,cpu,high,-0.06960709691132114,0.4201396874464996,False,1.2615943327852117,1.1618262584069141,True,True,False,0,0,0.0
100,fixed,184,benign_cpu_drift,106,unloaded,cpu,high,-0.08134367198582042,0.4201396874464996,False,1.2567469626004348,1.1618262584069141,True,True,False,0,0,0.0
100,fixed,185,benign_cpu_drift,107,unloaded,cpu,high,-0.02413475739789141,0.4201396874464996,False,1.2793940007949063,1.1618262584069141,True,True,False,0,0,0.0
100,fixed,186,benign_cpu_drift,108,unloaded,cpu,high,0.0765152263956924,0.4201396874464996,False,1.3048206135326315,1.1618262584069141,True,True,False,0,0,0.0
100,fixed,187,benign_cpu_drift,109,unloaded,cpu,high,0.09052767935471932,0.4201396874464996,False,1.2433790274606378,1.1618262584069141,True,True,False,0,0,0.0
100,fixed,188,benign_cpu_drift,110,unloaded,cpu,high,0.0840580149012779,0.4201396874464996,False,1.2250494218744723,1.1618262584069141,True,True,False,0,0,0.0
100,fixed,189,benign_cpu_drift,111,unloaded,cpu,high,-0.03667103367381048,0.4201396874464996,False,1.2958688248634243,1.1618262584069141,True,True,False,0,0,0.0
100,fixed,190,benign_cpu_drift,112,unloaded,cpu,high,0.041147808398920106,0.4201396874464996,False,1.3539541396177694,1.1618262584069141,True,True,False,0,0,0.0
100,fixed,191,benign_cpu_drift,113,unloaded,cpu,high,-0.030971393171405823,0.4201396874464996,False,1.232499720743679,1.1618262584069141,True,True,False,0,0,0.0
100,fixed,192,benign_cpu_drift,114,unloaded,cpu,high,0.09760371614205333,0.4201396874464996,False,1.3037763247789977,1.1618262584069141,True,True,False,0,0,0.0
100,fixed,193,benign_cpu_drift,115,unloaded,cpu,high,-0.03256551084458451,0.4201396874464996,False,1.267906824504937,1.1618262584069141,True,True,False,0,0,0.0
100,fixed,194,benign_cpu_drift,116,unloaded,cpu,high,-0.0687213115954504,0.4201396874464996,False,1.2850986229416212,1.1618262584069141,True,True,False,0,0,0.0
100,fixed,195,benign_cpu_drift,117,unloaded,cpu,high,0.023561070435638334,0.4201396874464996,False,1.2613449503962841,1.1618262584069141,True,True,False,0,0,0.0
100,fixed,196,benign_cpu_drift,118,unloaded,cpu,high,0.161880205096715,0.4201396874464996,False,1.3500315624585986,1.1618262584069141,True,True,False,0,0,0.0
100,fixed,197,benign_cpu_drift,119,unloaded,cpu,high,0.015063274449787022,0.4201396874464996,False,1.2776015648744905,1.1618262584069141,True,True,False,0,0,0.0
100,fixed,198,normal_recovery_1,0,unloaded,baseline,low,-0.05330910279516486,0.4072607282763817,False,0.8972362716293762,1.1618262584069141,False,False,False,0,0,0.0
100,fixed,199,normal_recovery_1,1,unloaded,baseline,low,-0.03411454935420291,0.4072607282763817,False,0.9523445841159005,1.1618262584069141,False,False,False,0,0,0.0
100,fixed,200,normal_recovery_1,2,unloaded,baseline,low,-0.030720121697451988,0.4072607282763817,False,0.9246371616127766,1.1618262584069141,False,False,False,0,0,0.0
100,fixed,201,normal_recovery_1,3,unloaded,baseline,low,-0.04794536734631804,0.4072607282763817,False,0.8911783577650142,1.1618262584069141,False,False,False,0,0,0.0
100,fixed,202,normal_recovery_1,4,unloaded,baseline,low,0.0672010423725061,0.4072607282763817,False,0.9951500320820053,1.1618262584069141,False,False,False,0,0,0.0
100,fixed,203,normal_recovery_1,5,unloaded,baseline,low,-0.02109473524050407,0.4072607282763817,False,0.9226472979677933,1.1618262584069141,False,False,False,0,0,0.0
100,fixed,204,normal_recovery_1,6,unloaded,baseline,low,-0.07893635321587583,0.4072607282763817,False,0.9009302482653636,1.1618262584069141,False,False,False,0,0,0.0
100,fixed,205,normal_recovery_1,7,unloaded,baseline,low,-0.13452198063299523,0.4072607282763817,False,0.9131240079906274,1.1618262584069141,False,False,False,0,0,0.0
100,fixed,206,normal_recovery_1,8,unloaded,baseline,low,-0.021362492858010645,0.4072607282763817,False,0.9472322451428883,1.1618262584069141,False,False,False,0,0,0.0
100,fixed,207,normal_recovery_1,9,unloaded,baseline,low,-0.017201020480156072,0.4072607282763817,False,0.9187610890736743,1.1618262584069141,False,False,False,0,0,0.0
100,fixed,208,normal_recovery_1,10,unloaded,baseline,low,-0.02631511174509754,0.4072607282763817,False,0.9024265425989282,1.1618262584069141,False,False,False,0,0,0.0
100,fixed,209,normal_recovery_1,11,unloaded,baseline,low,-0.09704850246975752,0.4072607282763817,False,0.9185740522819787,1.1618262584069141,False,False,False,0,0,0.0
100,fixed,210,normal_recovery_1,12,unloaded,baseline,low,-0.057481285496972,0.4072607282763817,False,0.891303048959478,1.1618262584069141,False,False,False,0,0,0.0
100,fixed,211,normal_recovery_1,13,unloaded,baseline,low,-0.08047466284992393,0.4072607282763817,False,1.0982228907055702,1.1618262584069141,False,False,False,0,0,0.0
100,fixed,212,normal_recovery_1,14,unloaded,baseline,low,-0.02932260793596148,0.4072607282763817,False,0.9431589994570737,1.1618262584069141,False,False,False,0,0,0.0
100,fixed,213,normal_recovery_1,15,unloaded,baseline,low,0.015930774293007,0.4072607282763817,False,1.0561863717719917,1.1618262584069141,False,False,False,0,0,0.0
100,fixed,214,normal_recovery_1,16,unloaded,baseline,low,-0.030936352726162037,0.4072607282763817,False,0.9698533060051798,1.1618262584069141,False,False,False,0,0,0.0
100,fixed,215,normal_recovery_1,17,unloaded,baseline,low,-0.015160208693461427,0.4072607282763817,False,0.9487856896072487,1.1618262584069141,False,False,False,0,0,0.0
100,fixed,216,normal_recovery_1,18,unloaded,baseline,low,-0.0013294755117633957,0.4072607282763817,False,0.9463646022480783,1.1618262584069141,False,False,False,0,0,0.0
100,fixed,217,normal_recovery_1,19,unloaded,baseline,low,-0.0023702587499999095,0.4072607282763817,False,0.9020161007504851,1.1618262584069141,False,False,False,0,0,0.0
100,fixed,218,normal_recovery_1,20,unloaded,baseline,low,-0.1629688145476428,0.4072607282763817,False,1.118563141802463,1.1618262584069141,False,False,False,0,0,0.0
100,fixed,219,normal_recovery_1,21,unloaded,baseline,low,0.007133734648666426,0.4072607282763817,False,0.9962566664328707,1.1618262584069141,False,False,False,0,0,0.0
100,fixed,220,normal_recovery_1,22,unloaded,baseline,low,0.10238405607924872,0.4072607282763817,False,1.177744699974802,1.1618262584069141,True,True,False,0,0,0.0
100,fixed,221,normal_recovery_1,23,unloaded,baseline,low,-0.04523253755051785,0.4072607282763817,False,0.9453307044273167,1.1618262584069141,False,False,False,0,0,0.0
100,fixed,222,normal_recovery_1,24,unloaded,baseline,low,-0.01960421067884765,0.4072607282763817,False,0.9089052892446051,1.1618262584069141,False,False,False,0,0,0.0
100,fixed,223,normal_recovery_1,25,unloaded,baseline,low,-0.002292982778735575,0.4072607282763817,False,1.2178952645921168,1.1618262584069141,True,True,False,0,0,0.0
100,fixed,224,normal_recovery_1,26,unloaded,baseline,low,-0.016708695548661622,0.4072607282763817,False,0.9506300801920244,1.1618262584069141,False,False,False,0,0,0.0
100,fixed,225,normal_recovery_1,27,unloaded,baseline,low,0.017603632903743973,0.4072607282763817,False,1.0024652488238763,1.1618262584069141,False,False,False,0,0,0.0
100,fixed,226,normal_recovery_1,28,unloaded,baseline,low,0.043349232309462374,0.4072607282763817,False,1.028894586583747,1.1618262584069141,False,False,False,0,0,0.0
100,fixed,227,normal_recovery_1,29,unloaded,baseline,low,-0.03139771588897073,0.4072607282763817,False,0.9146774524549878,1.1618262584069141,False,False,False,0,0,0.0
100,fixed,228,persistent_attack_baseline,0,hiding,baseline,low,0.7178274129743505,0.4072607282763817,True,1.8161064654982062,1.1618262584069141,True,True,False,0,0,0.0
100,fixed,229,persistent_attack_baseline,1,hiding,baseline,low,0.6433214631619052,0.4072607282763817,True,1.5341900657486278,1.1618262584069141,True,True,False,0,0,0.0
100,fixed,230,persistent_attack_baseline,2,hiding,baseline,low,0.4196759838198757,0.4072607282763817,True,1.4862463014773308,1.1618262584069141,True,True,False,0,0,0.0
100,fixed,231,persistent_attack_baseline,3,hiding,baseline,low,0.6174899500089378,0.4072607282763817,True,1.480203974012277,1.1618262584069141,True,True,False,0,0,0.0
100,fixed,232,persistent_attack_baseline,4,hiding,baseline,low,0.5929203994148027,0.4072607282763817,True,1.5546290307078043,1.1618262584069141,True,True,False,0,0,0.0
100,fixed,233,persistent_attack_baseline,5,hiding,baseline,low,0.5424528085127441,0.4072607282763817,True,1.3831994201859457,1.1618262584069141,True,True,False,0,0,0.0
100,fixed,234,persistent_attack_baseline,6,hiding,baseline,low,0.6277697435165,0.4072607282763817,True,1.3977311398074042,1.1618262584069141,True,True,False,0,0,0.0
100,fixed,235,persistent_attack_baseline,7,hiding,baseline,low,0.5647437380269791,0.4072607282763817,True,1.5773643918316878,1.1618262584069141,True,True,False,0,0,0.0
100,fixed,236,persistent_attack_baseline,8,hiding,baseline,low,0.5837959494289843,0.4072607282763817,True,1.440115754992194,1.1618262584069141,True,True,False,0,0,0.0
100,fixed,237,persistent_attack_baseline,9,hiding,baseline,low,0.6265631860855351,0.4072607282763817,True,2.0217949816989695,1.1618262584069141,True,True,False,0,0,0.0
100,fixed,238,persistent_attack_baseline,10,hiding,baseline,low,0.5923926016961905,0.4072607282763817,True,1.4147514878517007,1.1618262584069141,True,True,False,0,0,0.0
100,fixed,239,persistent_attack_baseline,11,hiding,baseline,low,0.5656745730385724,0.4072607282763817,True,1.3713537567118932,1.1618262584069141,True,True,False,0,0,0.0
100,fixed,240,persistent_attack_baseline,12,hiding,baseline,low,0.5815792157011354,0.4072607282763817,True,1.3850282243714136,1.1618262584069141,True,True,False,0,0,0.0
100,fixed,241,persistent_attack_baseline,13,hiding,baseline,low,0.5946427415613311,0.4072607282763817,True,1.4925951614621082,1.1618262584069141,True,True,False,0,0,0.0
100,fixed,242,persistent_attack_baseline,14,hiding,baseline,low,0.5255419387013545,0.4072607282763817,True,1.5154032591160953,1.1618262584069141,True,True,False,0,0,0.0
100,fixed,243,persistent_attack_baseline,15,hiding,baseline,low,0.677099552238478,0.4072607282763817,True,1.609145060020626,1.1618262584069141,True,True,False,0,0,0.0
100,fixed,244,persistent_attack_baseline,16,hiding,baseline,low,0.5795919955807396,0.4072607282763817,True,1.5470696270434419,1.1618262584069141,True,True,False,0,0,0.0
100,fixed,245,persistent_attack_baseline,17,hiding,baseline,low,0.5946126425240406,0.4072607282763817,True,1.4329096430454784,1.1618262584069141,True,True,False,0,0,0.0
100,fixed,246,persistent_attack_baseline,18,hiding,baseline,low,0.5831642179379133,0.4072607282763817,True,1.4392533075638199,1.1618262584069141,True,True,False,0,0,0.0
100,fixed,247,persistent_attack_baseline,19,hiding,baseline,low,0.633836485164994,0.4072607282763817,True,1.6106205724884466,1.1618262584069141,True,True,False,0,0,0.0
100,fixed,248,persistent_attack_baseline,20,hiding,baseline,low,0.56604544510074,0.4072607282763817,True,1.3872466885395804,1.1618262584069141,True,True,False,0,0,0.0
100,fixed,249,persistent_attack_baseline,21,hiding,baseline,low,0.6820166864369817,0.4072607282763817,True,1.692054313406122,1.1618262584069141,True,True,False,0,0,0.0
100,fixed,250,persistent_attack_baseline,22,hiding,baseline,low,0.5699783118805781,0.4072607282763817,True,1.3925096960392362,1.1618262584069141,True,True,False,0,0,0.0
100,fixed,251,persistent_attack_baseline,23,hiding,baseline,low,0.730619963995732,0.4072607282763817,True,1.6883499458372624,1.1618262584069141,True,True,False,0,0,0.0
100,fixed,252,persistent_attack_baseline,24,hiding,baseline,low,0.5275326623682021,0.4072607282763817,True,1.5027730802102086,1.1618262584069141,True,True,False,0,0,0.0
100,fixed,253,persistent_attack_baseline,25,hiding,baseline,low,0.6236045372804966,0.4072607282763817,True,1.5404350164046852,1.1618262584069141,True,True,False,0,0,0.0
100,fixed,254,persistent_attack_baseline,26,hiding,baseline,low,0.576947413802346,0.4072607282763817,True,1.5311299360178308,1.1618262584069141,True,True,False,0,0,0.0
100,fixed,255,persistent_attack_baseline,27,hiding,baseline,low,0.6661389226652933,0.4072607282763817,True,1.7212060755784502,1.1618262584069141,True,True,False,0,0,0.0
100,fixed,256,persistent_attack_baseline,28,hiding,baseline,low,0.4766550217009129,0.4072607282763817,True,1.4678959140254215,1.1618262584069141,True,True,False,0,0,0.0
100,fixed,257,persistent_attack_baseline,29,hiding,baseline,low,0.6209301388027726,0.4072607282763817,True,1.6166005543562687,1.1618262584069141,True,True,False,0,0,0.0
100,fixed,258,persistent_attack_baseline,30,hiding,baseline,low,0.6491415899215844,0.4072607282763817,True,1.6172292057950233,1.1618262584069141,True,True,False,0,0,0.0
100,fixed,259,persistent_attack_baseline,31,hiding,baseline,low,0.6627090000095367,0.4072607282763817,True,1.6428688326566239,1.1618262584069141,True,True,False,0,0,0.0
100,fixed,260,persistent_attack_baseline,32,hiding,baseline,low,0.5665812129843362,0.4072607282763817,True,1.3958711628233205,1.1618262584069141,True,True,False,0,0,0.0
100,fixed,261,persistent_attack_baseline,33,hiding,baseline,low,0.7124478080639018,0.4072607282763817,True,1.77828866531065,1.1618262584069141,True,True,False,0,0,0.0
100,fixed,262,persistent_attack_baseline,34,hiding,baseline,low,0.5965133022233147,0.4072607282763817,True,1.4932134219679907,1.1618262584069141,True,True,False,0,0,0.0
100,fixed,263,persistent_attack_baseline,35,hiding,baseline,low,0.6183757044338931,0.4072607282763817,True,1.4688103161181554,1.1618262584069141,True,True,False,0,0,0.0
100,fixed,264,persistent_attack_baseline,36,hiding,baseline,low,0.6774713193601805,0.4072607282763817,True,1.7167223880441926,1.1618262584069141,True,True,False,0,0,0.0
100,fixed,265,persistent_attack_baseline,37,hiding,baseline,low,0.5593125033572223,0.4072607282763817,True,1.433159025434406,1.1618262584069141,True,True,False,0,0,0.0
100,fixed,266,persistent_attack_baseline,38,hiding,baseline,low,0.675642629956053,0.4072607282763817,True,1.5749796727375691,1.1618262584069141,True,True,False,0,0,0.0
100,fixed,267,persistent_attack_baseline,39,hiding,baseline,low,0.48175132054201253,0.4072607282763817,True,1.4372946167174523,1.1618262584069141,True,True,False,0,0,0.0
100,fixed,268,persistent_attack_baseline,40,hiding,baseline,low,0.7415948374846995,0.4072607282763817,True,1.7234349306794892,1.1618262584069141,True,True,False,0,0,0.0
100,fixed,269,persistent_attack_baseline,41,hiding,baseline,low,0.625458546885514,0.4072607282763817,True,1.4688259025174633,1.1618262584069141,True,True,False,0,0,0.0
100,fixed,270,persistent_attack_baseline,42,hiding,baseline,low,0.7250955833784756,0.4072607282763817,True,1.7192785575306988,1.1618262584069141,True,True,False,0,0,0.0
100,fixed,271,persistent_attack_baseline,43,hiding,baseline,low,0.6203221432871527,0.4072607282763817,True,1.5874487921839402,1.1618262584069141,True,True,False,0,0,0.0
100,fixed,272,persistent_attack_baseline,44,hiding,baseline,low,0.6100366562333563,0.4072607282763817,True,1.7201462004255088,1.1618262584069141,True,True,False,0,0,0.0
100,fixed,273,persistent_attack_baseline,45,hiding,baseline,low,0.6134463866413774,0.4072607282763817,True,1.434411132845479,1.1618262584069141,True,True,False,0,0,0.0
100,fixed,274,persistent_attack_baseline,46,hiding,baseline,low,0.6115646554435933,0.4072607282763817,True,1.4047190421638078,1.1618262584069141,True,True,False,0,0,0.0
100,fixed,275,persistent_attack_baseline,47,hiding,baseline,low,0.7421427828420479,0.4072607282763817,True,1.6822764455735926,1.1618262584069141,True,True,False,0,0,0.0
100,fixed,276,persistent_attack_baseline,48,hiding,baseline,low,0.594238413009449,0.4072607282763817,True,1.3951905567202059,1.1618262584069141,True,True,False,0,0,0.0
100,fixed,277,persistent_attack_baseline,49,hiding,baseline,low,0.6870217229081905,0.4072607282763817,True,1.786918335060826,1.1618262584069141,True,True,False,0,0,0.0
100,fixed,278,persistent_attack_baseline,50,hiding,baseline,low,0.5841492167203427,0.4072607282763817,True,1.4945746341742197,1.1618262584069141,True,True,False,0,0,0.0
100,fixed,279,persistent_attack_baseline,51,hiding,baseline,low,0.5758759815338469,0.4072607282763817,True,1.424487791952742,1.1618262584069141,True,True,False,0,0,0.0
100,fixed,280,persistent_attack_baseline,52,hiding,baseline,low,0.5723452784380814,0.4072607282763817,True,1.4287948336281762,1.1618262584069141,True,True,False,0,0,0.0
100,fixed,281,persistent_attack_baseline,53,hiding,baseline,low,0.5929177983157216,0.4072607282763817,True,1.4397157040766226,1.1618262584069141,True,True,False,0,0,0.0
100,fixed,282,persistent_attack_baseline,54,hiding,baseline,low,0.4971906808004084,0.4072607282763817,True,1.5227912123880702,1.1618262584069141,True,True,False,0,0,0.0
100,fixed,283,persistent_attack_baseline,55,hiding,baseline,low,0.6590437760737833,0.4072607282763817,True,1.7775820818753556,1.1618262584069141,True,True,False,0,0,0.0
100,fixed,284,persistent_attack_baseline,56,hiding,baseline,low,0.6146879460730212,0.4072607282763817,True,1.493457608890482,1.1618262584069141,True,True,False,0,0,0.0
100,fixed,285,persistent_attack_baseline,57,hiding,baseline,low,0.4011672558470474,0.4072607282763817,False,1.4173648074690026,1.1618262584069141,True,True,False,0,0,0.0
100,fixed,286,persistent_attack_baseline,58,hiding,baseline,low,0.4236425844909424,0.4072607282763817,True,1.4035968214136345,1.1618262584069141,True,True,False,0,0,0.0
100,fixed,287,persistent_attack_baseline,59,hiding,baseline,low,0.6017803559369851,0.4072607282763817,True,1.5083166428974077,1.1618262584069141,True,True,False,0,0,0.0
100,fixed,288,persistent_attack_baseline,60,hiding,baseline,low,0.5653745696573544,0.4072607282763817,True,1.390421118531969,1.1618262584069141,True,True,False,0,0,0.0
100,fixed,289,persistent_attack_baseline,61,hiding,baseline,low,0.5768310864935644,0.4072607282763817,True,1.407270016183878,1.1618262584069141,True,True,False,0,0,0.0
100,fixed,290,persistent_attack_baseline,62,hiding,baseline,low,0.5411936351323802,0.4072607282763817,True,1.3751464472101644,1.1618262584069141,True,True,False,0,0,0.0
100,fixed,291,persistent_attack_baseline,63,hiding,baseline,low,0.6280558280406686,0.4072607282763817,True,1.5423313616538208,1.1618262584069141,True,True,False,0,0,0.0
100,fixed,292,persistent_attack_baseline,64,hiding,baseline,low,0.7423779769401606,0.4072607282763817,True,1.9436759483674546,1.1618262584069141,True,True,False,0,0,0.0
100,fixed,293,persistent_attack_baseline,65,hiding,baseline,low,0.6090745856445934,0.4072607282763817,True,1.5242978976545067,1.1618262584069141,True,True,False,0,0,0.0
100,fixed,294,persistent_attack_baseline,66,hiding,baseline,low,0.45535176975314756,0.4072607282763817,True,1.368433904574868,1.1618262584069141,True,True,False,0,0,0.0
100,fixed,295,persistent_attack_baseline,67,hiding,baseline,low,0.5330164796592676,0.4072607282763817,True,1.3824772503513434,1.1618262584069141,True,True,False,0,0,0.0
100,fixed,296,persistent_attack_baseline,68,hiding,baseline,low,0.5907967216187143,0.4072607282763817,True,1.4733355673839008,1.1618262584069141,True,True,False,0,0,0.0
100,fixed,297,persistent_attack_baseline,69,hiding,baseline,low,0.5397935615040842,0.4072607282763817,True,1.3811991656080904,1.1618262584069141,True,True,False,0,0,0.0
100,fixed,298,persistent_attack_baseline,70,hiding,baseline,low,0.605153645086101,0.4072607282763817,True,1.503848541762458,1.1618262584069141,True,True,False,0,0,0.0
100,fixed,299,persistent_attack_baseline,71,hiding,baseline,low,0.5211336778489579,0.4072607282763817,True,1.3978402446025597,1.1618262584069141,True,True,False,0,0,0.0
100,fixed,300,persistent_attack_baseline,72,hiding,baseline,low,0.5129179150783413,0.4072607282763817,True,1.3954139617769534,1.1618262584069141,True,True,False,0,0,0.0
100,fixed,301,persistent_attack_baseline,73,hiding,baseline,low,0.5380383381736815,0.4072607282763817,True,1.5241056653963752,1.1618262584069141,True,True,False,0,0,0.0
100,fixed,302,persistent_attack_baseline,74,hiding,baseline,low,0.5066043367690596,0.4072607282763817,True,1.3975856667471964,1.1618262584069141,True,True,False,0,0,0.0
100,fixed,303,persistent_attack_baseline,75,hiding,baseline,low,0.624732145807986,0.4072607282763817,True,1.726058641229663,1.1618262584069141,True,True,False,0,0,0.0
100,fixed,304,persistent_attack_baseline,76,hiding,baseline,low,0.5592169657531766,0.4072607282763817,True,1.5502700343680105,1.1618262584069141,True,True,False,0,0,0.0
100,fixed,305,persistent_attack_baseline,77,hiding,baseline,low,0.5708889770221516,0.4072607282763817,True,1.4610223119306094,1.1618262584069141,True,True,False,0,0,0.0
100,fixed,306,persistent_attack_baseline,78,hiding,baseline,low,0.64180895559846,0.4072607282763817,True,1.5993048465908648,1.1618262584069141,True,True,False,0,0,0.0
100,fixed,307,persistent_attack_baseline,79,hiding,baseline,low,0.58014587721486,0.4072607282763817,True,1.3944008458219357,1.1618262584069141,True,True,False,0,0,0.0
100,fixed,308,persistent_attack_baseline,80,hiding,baseline,low,0.5807730242236051,0.4072607282763817,True,1.3997521762510035,1.1618262584069141,True,True,False,0,0,0.0
100,fixed,309,persistent_attack_baseline,81,hiding,baseline,low,0.6429311973979075,0.4072607282763817,True,1.6675265163618227,1.1618262584069141,True,True,False,0,0,0.0
100,fixed,310,persistent_attack_baseline,82,hiding,baseline,low,0.6208055816534425,0.4072607282763817,True,1.619426888097446,1.1618262584069141,True,True,False,0,0,0.0
100,fixed,311,persistent_attack_baseline,83,hiding,baseline,low,0.5679406095701504,0.4072607282763817,True,1.4125745874150217,1.1618262584069141,True,True,False,0,0,0.0
100,fixed,312,persistent_attack_baseline,84,hiding,baseline,low,0.5620061988346917,0.4072607282763817,True,1.3762322996952858,1.1618262584069141,True,True,False,0,0,0.0
100,fixed,313,persistent_attack_baseline,85,hiding,baseline,low,0.5945367941966297,0.4072607282763817,True,1.5453862959181819,1.1618262584069141,True,True,False,0,0,0.0
100,fixed,314,persistent_attack_baseline,86,hiding,baseline,low,0.6420851406061111,0.4072607282763817,True,1.4854825679112407,1.1618262584069141,True,True,False,0,0,0.0
100,fixed,315,persistent_attack_baseline,87,hiding,baseline,low,0.6086174979179879,0.4072607282763817,True,1.5092570223223216,1.1618262584069141,True,True,False,0,0,0.0
100,fixed,316,persistent_attack_baseline,88,hiding,baseline,low,0.684726769573188,0.4072607282763817,True,1.5448095991437871,1.1618262584069141,True,True,False,0,0,0.0
100,fixed,317,persistent_attack_baseline,89,hiding,baseline,low,0.5487423902758952,0.4072607282763817,True,1.5417390784801182,1.1618262584069141,True,True,False,0,0,0.0
100,fixed,318,persistent_attack_baseline,90,hiding,baseline,low,0.6277827032323887,0.4072607282763817,True,1.4125330236835338,1.1618262584069141,True,True,False,0,0,0.0
100,fixed,319,persistent_attack_baseline,91,hiding,baseline,low,0.5383602731253365,0.4072607282763817,True,1.3895378892378512,1.1618262584069141,True,True,False,0,0,0.0
100,fixed,320,persistent_attack_baseline,92,hiding,baseline,low,0.5612352589975624,0.4072607282763817,True,1.442656338079392,1.1618262584069141,True,True,False,0,0,0.0
100,fixed,321,persistent_attack_baseline,93,hiding,baseline,low,0.6223294123181542,0.4072607282763817,True,1.4333876259575895,1.1618262584069141,True,True,False,0,0,0.0
100,fixed,322,persistent_attack_baseline,94,hiding,baseline,low,0.5501244911265519,0.4072607282763817,True,1.392540868837852,1.1618262584069141,True,True,False,0,0,0.0
100,fixed,323,persistent_attack_baseline,95,hiding,baseline,low,0.7995531976556811,0.4072607282763817,True,2.0049772568456765,1.1618262584069141,True,True,False,0,0,0.0
100,fixed,324,persistent_attack_baseline,96,hiding,baseline,low,0.4972025810040033,0.4072607282763817,True,1.36581538949113,1.1618262584069141,True,True,False,0,0,0.0
100,fixed,325,persistent_attack_baseline,97,hiding,baseline,low,0.5774263676445006,0.4072607282763817,True,1.4275894854150268,1.1618262584069141,True,True,False,0,0,0.0
100,fixed,326,persistent_attack_baseline,98,hiding,baseline,low,0.5997667433638119,0.4072607282763817,True,1.4286493605679684,1.1618262584069141,True,True,False,0,0,0.0
100,fixed,327,persistent_attack_baseline,99,hiding,baseline,low,0.5689217145118687,0.4072607282763817,True,1.6189592961182073,1.1618262584069141,True,True,False,0,0,0.0
100,fixed,328,persistent_attack_baseline,100,hiding,baseline,low,0.6205295122895584,0.4072607282763817,True,1.5594452280939652,1.1618262584069141,True,True,False,0,0,0.0
100,fixed,329,persistent_attack_baseline,101,hiding,baseline,low,0.763907991232923,0.4072607282763817,True,1.8350595270566903,1.1618262584069141,True,True,False,0,0,0.0
100,fixed,330,persistent_attack_baseline,102,hiding,baseline,low,0.6170732974529429,0.4072607282763817,True,1.606942182251767,1.1618262584069141,True,True,False,0,0,0.0
100,fixed,331,persistent_attack_baseline,103,hiding,baseline,low,0.6226090366066703,0.4072607282763817,True,1.5442484887687005,1.1618262584069141,True,True,False,0,0,0.0
100,fixed,332,persistent_attack_baseline,104,hiding,baseline,low,0.551074212387156,0.4072607282763817,True,1.4530992256157278,1.1618262584069141,True,True,False,0,0,0.0
100,fixed,333,persistent_attack_baseline,105,hiding,baseline,low,0.5772208365991858,0.4072607282763817,True,1.4345462149728148,1.1618262584069141,True,True,False,0,0,0.0
100,fixed,334,persistent_attack_baseline,106,hiding,baseline,low,0.6172265037424245,0.4072607282763817,True,1.4285610376385567,1.1618262584069141,True,True,False,0,0,0.0
100,fixed,335,persistent_attack_baseline,107,hiding,baseline,low,0.5537798678974718,0.4072607282763817,True,1.386581668835774,1.1618262584069141,True,True,False,0,0,0.0
100,fixed,336,persistent_attack_baseline,108,hiding,baseline,low,0.48337822561874505,0.4072607282763817,True,1.4794402404461866,1.1618262584069141,True,True,False,0,0,0.0
100,fixed,337,persistent_attack_baseline,109,hiding,baseline,low,0.7108863928500766,0.4072607282763817,True,1.6190060553161312,1.1618262584069141,True,True,False,0,0,0.0
100,fixed,338,persistent_attack_baseline,110,hiding,baseline,low,0.6652755546408493,0.4072607282763817,True,1.6237339297728801,1.1618262584069141,True,True,False,0,0,0.0
100,fixed,339,persistent_attack_baseline,111,hiding,baseline,low,0.5672619020174849,0.4072607282763817,True,1.3937981717153611,1.1618262584069141,True,True,False,0,0,0.0
100,fixed,340,persistent_attack_baseline,112,hiding,baseline,low,0.6692309849254814,0.4072607282763817,True,1.6331065512234024,1.1618262584069141,True,True,False,0,0,0.0
100,fixed,341,persistent_attack_baseline,113,hiding,baseline,low,0.6851285407145563,0.4072607282763817,True,1.8427488173819524,1.1618262584069141,True,True,False,0,0,0.0
100,fixed,342,persistent_attack_baseline,114,hiding,baseline,low,0.5549703923776608,0.4072607282763817,True,1.453800613584586,1.1618262584069141,True,True,False,0,0,0.0
100,fixed,343,persistent_attack_baseline,115,hiding,baseline,low,0.6709937087342579,0.4072607282763817,True,1.544077038376313,1.1618262584069141,True,True,False,0,0,0.0
100,fixed,344,persistent_attack_baseline,116,hiding,baseline,low,0.5160047878496598,0.4072607282763817,True,1.431761444963125,1.1618262584069141,True,True,False,0,0,0.0
100,fixed,345,persistent_attack_baseline,117,hiding,baseline,low,0.6163200242786122,0.4072607282763817,True,1.5324184116939559,1.1618262584069141,True,True,False,0,0,0.0
100,fixed,346,persistent_attack_baseline,118,hiding,baseline,low,-0.08424335688368009,0.4072607282763817,False,0.8372338297601513,1.1618262584069141,False,False,False,0,0,0.0
100,fixed,347,persistent_attack_baseline,119,hiding,baseline,low,-0.14028529114806332,0.4072607282763817,False,0.868427410241823,1.1618262584069141,False,False,False,0,0,0.0
100,fixed,348,normal_recovery_2,0,unloaded,baseline,low,-0.05610144232546613,0.4072607282763817,False,1.2455715142966248,1.1618262584069141,True,True,False,0,0,0.0
100,fixed,349,normal_recovery_2,1,unloaded,baseline,low,0.08091079412091733,0.4072607282763817,False,1.23991884681427,1.1618262584069141,True,True,False,0,0,0.0
100,fixed,350,normal_recovery_2,2,unloaded,baseline,low,0.0575472354329687,0.4072607282763817,False,1.1327623515720182,1.1618262584069141,False,False,False,0,0,0.0
100,fixed,351,normal_recovery_2,3,unloaded,baseline,low,-0.12307747552877796,0.4072607282763817,False,1.2245194842980016,1.1618262584069141,True,True,False,0,0,0.0
100,fixed,352,normal_recovery_2,4,unloaded,baseline,low,-0.07215481744003512,0.4072607282763817,False,1.1938922096578526,1.1618262584069141,True,True,False,0,0,0.0
100,fixed,353,normal_recovery_2,5,unloaded,baseline,low,-0.11190843479106045,0.4072607282763817,False,1.1989318121007608,1.1618262584069141,True,True,False,0,0,0.0
100,fixed,354,normal_recovery_2,6,unloaded,baseline,low,-0.07444357939868575,0.4072607282763817,False,1.1744819470530015,1.1618262584069141,True,True,False,0,0,0.0
100,fixed,355,normal_recovery_2,7,unloaded,baseline,low,-0.1473430671863727,0.4072607282763817,False,1.1590098480066293,1.1618262584069141,False,False,False,0,0,0.0
100,fixed,356,normal_recovery_2,8,unloaded,baseline,low,0.08699611124895522,0.4072607282763817,False,1.2005320157630452,1.1618262584069141,True,True,False,0,0,0.0
100,fixed,357,normal_recovery_2,9,unloaded,baseline,low,-0.01415314980228885,0.4072607282763817,False,1.2113333904834642,1.1618262584069141,True,True,False,0,0,0.0
100,fixed,358,normal_recovery_2,10,unloaded,baseline,low,-0.11698105905137429,0.4072607282763817,False,1.197518645230172,1.1618262584069141,True,True,False,0,0,0.0
100,fixed,359,normal_recovery_2,11,unloaded,baseline,low,-0.062071117433028344,0.4072607282763817,False,1.2205293660751628,1.1618262584069141,True,True,False,0,0,0.0
100,fixed,360,normal_recovery_2,12,unloaded,baseline,low,-0.005557743257911668,0.4072607282763817,False,1.229979919522225,1.1618262584069141,True,True,False,0,0,0.0
100,fixed,361,normal_recovery_2,13,unloaded,baseline,low,-0.3517973886402971,0.4072607282763817,False,1.034126421284787,1.1618262584069141,False,False,False,0,0,0.0
100,fixed,362,normal_recovery_2,14,unloaded,baseline,low,-0.01873238816560032,0.4072607282763817,False,0.905112598746334,1.1618262584069141,False,False,False,0,0,0.0
100,fixed,363,normal_recovery_2,15,unloaded,baseline,low,-0.06480150825354287,0.4072607282763817,False,1.1822231920426236,1.1618262584069141,True,True,False,0,0,0.0
100,fixed,364,normal_recovery_2,16,unloaded,baseline,low,0.004292730619091689,0.4072607282763817,False,1.106582396201075,1.1618262584069141,False,False,False,0,0,0.0
100,fixed,365,normal_recovery_2,17,unloaded,baseline,low,0.015034913072397918,0.4072607282763817,False,1.043956243781676,1.1618262584069141,False,False,False,0,0,0.0
100,fixed,366,normal_recovery_2,18,unloaded,baseline,low,-0.08985846205803943,0.4072607282763817,False,1.062982041870264,1.1618262584069141,False,False,False,0,0,0.0
100,fixed,367,normal_recovery_2,19,unloaded,baseline,low,-0.08428222188590057,0.4072607282763817,False,1.1412881119934746,1.1618262584069141,False,False,False,0,0,0.0
100,fixed,368,normal_recovery_2,20,unloaded,baseline,low,-0.15317915338123467,0.4072607282763817,False,1.2069432213450544,1.1618262584069141,True,True,False,0,0,0.0
100,fixed,369,normal_recovery_2,21,unloaded,baseline,low,-0.10552076844690762,0.4072607282763817,False,1.1590566072045534,1.1618262584069141,False,False,False,0,0,0.0
100,fixed,370,normal_recovery_2,22,unloaded,baseline,low,-0.09435572637430631,0.4072607282763817,False,0.9163400017145039,1.1618262584069141,False,False,False,0,0,0.0
100,fixed,371,normal_recovery_2,23,unloaded,baseline,low,-0.20538375538086026,0.4072607282763817,False,1.029788206810737,1.1618262584069141,False,False,False,0,0,0.0
100,fixed,372,normal_recovery_2,24,unloaded,baseline,low,-0.11922849100491353,0.4072607282763817,False,1.2962013347153274,1.1618262584069141,True,True,False,0,0,0.0
100,fixed,373,normal_recovery_2,25,unloaded,baseline,low,-0.19205454103804126,0.4072607282763817,False,1.0949913105823859,1.1618262584069141,False,False,False,0,0,0.0
100,fixed,374,normal_recovery_2,26,unloaded,baseline,low,-0.010509494301043101,0.4072607282763817,False,1.2028180209948798,1.1618262584069141,True,True,False,0,0,0.0
100,fixed,375,normal_recovery_2,27,unloaded,baseline,low,-0.11983582777756815,0.4072607282763817,False,1.1188281105906985,1.1618262584069141,False,False,False,0,0,0.0
100,fixed,376,normal_recovery_2,28,unloaded,baseline,low,-0.20792339108927618,0.4072607282763817,False,1.0583372948764909,1.1618262584069141,False,False,False,0,0,0.0
100,fixed,377,normal_recovery_2,29,unloaded,baseline,low,-0.04372709435240968,0.4072607282763817,False,1.289894038462038,1.1618262584069141,True,True,False,0,0,0.0
100,fixed,378,persistent_attack_cpu,0,hiding,cpu,high,0.5391423052036124,0.4201396874464996,True,2.1330455044927796,1.1618262584069141,True,True,False,0,0,0.0
100,fixed,379,persistent_attack_cpu,1,hiding,cpu,high,0.7363780992581528,0.4201396874464996,True,2.0568695756083244,1.1618262584069141,True,True,False,0,0,0.0
100,fixed,380,persistent_attack_cpu,2,hiding,cpu,high,0.5784146597870121,0.4201396874464996,True,2.0675254772685356,1.1618262584069141,True,True,False,0,0,0.0
100,fixed,381,persistent_attack_cpu,3,hiding,cpu,high,0.48873814530902465,0.4201396874464996,True,2.056183774038774,1.1618262584069141,True,True,False,0,0,0.0
100,fixed,382,persistent_attack_cpu,4,hiding,cpu,high,0.517405525083443,0.4201396874464996,True,2.0192076394138474,1.1618262584069141,True,True,False,0,0,0.0
100,fixed,383,persistent_attack_cpu,5,hiding,cpu,high,0.34943260391292036,0.4201396874464996,False,1.985322807318334,1.1618262584069141,True,True,False,0,0,0.0
100,fixed,384,persistent_attack_cpu,6,hiding,cpu,high,0.6314792565812564,0.4201396874464996,True,1.947338752204826,1.1618262584069141,True,True,False,0,0,0.0
100,fixed,385,persistent_attack_cpu,7,hiding,cpu,high,0.6045816483282622,0.4201396874464996,True,2.0596647365508858,1.1618262584069141,True,True,False,0,0,0.0
100,fixed,386,persistent_attack_cpu,8,hiding,cpu,high,0.6523918081155433,0.4201396874464996,True,2.106060251824258,1.1618262584069141,True,True,False,0,0,0.0
100,fixed,387,persistent_attack_cpu,9,hiding,cpu,high,0.45616085114691235,0.4201396874464996,True,1.9987790653875428,1.1618262584069141,True,True,False,0,0,0.0
100,fixed,388,persistent_attack_cpu,10,hiding,cpu,high,0.4445006095852026,0.4201396874464996,True,2.0324716652249246,1.1618262584069141,True,True,False,0,0,0.0
100,fixed,389,persistent_attack_cpu,11,hiding,cpu,high,0.47096599943150147,0.4201396874464996,True,1.9815197258871908,1.1618262584069141,True,True,False,0,0,0.0
100,fixed,390,persistent_attack_cpu,12,hiding,cpu,high,0.6960697140884988,0.4201396874464996,True,2.1343963257661365,1.1618262584069141,True,True,False,0,0,0.0
100,fixed,391,persistent_attack_cpu,13,hiding,cpu,high,0.5498461923390643,0.4201396874464996,True,2.0752667222581573,1.1618262584069141,True,True,False,0,0,0.0
100,fixed,392,persistent_attack_cpu,14,hiding,cpu,high,0.7008859586741278,0.4201396874464996,True,1.9901701775031109,1.1618262584069141,True,True,False,0,0,0.0
100,fixed,393,persistent_attack_cpu,15,hiding,cpu,high,0.6352629858401282,0.4201396874464996,True,2.1098997015204533,1.1618262584069141,True,True,False,0,0,0.0
100,fixed,394,persistent_attack_cpu,16,hiding,cpu,high,0.6348369872664998,0.4201396874464996,True,2.045792841166798,1.1618262584069141,True,True,False,0,0,0.0
100,fixed,395,persistent_attack_cpu,17,hiding,cpu,high,0.7245052088326912,0.4201396874464996,True,2.0086920153474077,1.1618262584069141,True,True,False,0,0,0.0
100,fixed,396,persistent_attack_cpu,18,hiding,cpu,high,0.4549202717889498,0.4201396874464996,True,2.016402087538414,1.1618262584069141,True,True,False,0,0,0.0
100,fixed,397,persistent_attack_cpu,19,hiding,cpu,high,0.6500235278212979,0.4201396874464996,True,2.0818026190346304,1.1618262584069141,True,True,False,0,0,0.0
100,fixed,398,persistent_attack_cpu,20,hiding,cpu,high,0.5720604467703726,0.4201396874464996,True,2.0519338824941356,1.1618262584069141,True,True,False,0,0,0.0
100,fixed,399,persistent_attack_cpu,21,hiding,cpu,high,0.40743673023402704,0.4201396874464996,False,1.9259126486228118,1.1618262584069141,True,True,False,0,0,0.0
100,fixed,400,persistent_attack_cpu,22,hiding,cpu,high,0.6989947931357177,0.4201396874464996,True,2.298848424864463,1.1618262584069141,True,True,False,0,0,0.0
100,fixed,401,persistent_attack_cpu,23,hiding,cpu,high,0.43071477730780194,0.4201396874464996,True,2.083704159750202,1.1618262584069141,True,True,False,0,0,0.0
100,fixed,402,persistent_attack_cpu,24,hiding,cpu,high,0.6797776657425698,0.4201396874464996,True,2.152180407376523,1.1618262584069141,True,True,False,0,0,0.0
100,fixed,403,persistent_attack_cpu,25,hiding,cpu,high,0.5877879916402649,0.4201396874464996,True,2.10601868809277,1.1618262584069141,True,True,False,0,0,0.0
100,fixed,404,persistent_attack_cpu,26,hiding,cpu,high,0.38894800534665713,0.4201396874464996,False,1.9402417450532665,1.1618262584069141,True,True,False,0,0,0.0
100,fixed,405,persistent_attack_cpu,27,hiding,cpu,high,0.5640808030481204,0.4201396874464996,True,1.946938701289255,1.1618262584069141,True,True,False,0,0,0.0
100,fixed,406,persistent_attack_cpu,28,hiding,cpu,high,0.7187081120552551,0.4201396874464996,True,2.123802769703157,1.1618262584069141,True,True,False,0,0,0.0
100,fixed,407,persistent_attack_cpu,29,hiding,cpu,high,0.6201163413041407,0.4201396874464996,True,2.0882761702138715,1.1618262584069141,True,True,False,0,0,0.0
100,fixed,408,persistent_attack_cpu,30,hiding,cpu,high,0.5783218467102462,0.4201396874464996,True,2.0139082636491397,1.1618262584069141,True,True,False,0,0,0.0
100,fixed,409,persistent_attack_cpu,31,hiding,cpu,high,0.6652794264750264,0.4201396874464996,True,2.054671893305901,1.1618262584069141,True,True,False,0,0,0.0
100,fixed,410,persistent_attack_cpu,32,hiding,cpu,high,0.5203733181586112,0.4201396874464996,True,2.0942197838166416,1.1618262584069141,True,True,False,0,0,0.0
100,fixed,411,persistent_attack_cpu,33,hiding,cpu,high,0.4338875599878078,0.4201396874464996,True,1.9553085977176317,1.1618262584069141,True,True,False,0,0,0.0
100,fixed,412,persistent_attack_cpu,34,hiding,cpu,high,0.5600164548098228,0.4201396874464996,True,2.047034557644999,1.1618262584069141,True,True,False,0,0,0.0
100,fixed,413,persistent_attack_cpu,35,hiding,cpu,high,0.4914535762906205,0.4201396874464996,True,1.9544149774906416,1.1618262584069141,True,True,False,0,0,0.0
100,fixed,414,persistent_attack_cpu,36,hiding,cpu,high,0.6748873102467199,0.4201396874464996,True,2.100880371787578,1.1618262584069141,True,True,False,0,0,0.0
100,fixed,415,persistent_attack_cpu,37,hiding,cpu,high,0.5396619520195904,0.4201396874464996,True,2.058339892609709,1.1618262584069141,True,True,False,0,0,0.0
100,fixed,416,persistent_attack_cpu,38,hiding,cpu,high,0.6523166657437991,0.4201396874464996,True,2.157474587674795,1.1618262584069141,True,True,False,0,0,0.0
100,fixed,417,persistent_attack_cpu,39,hiding,cpu,high,0.5718341786834232,0.4201396874464996,True,1.9350982332816384,1.1618262584069141,True,True,False,0,0,0.0
100,fixed,418,persistent_attack_cpu,40,hiding,cpu,high,0.47725587472685066,0.4201396874464996,True,1.921984875997205,1.1618262584069141,True,True,False,0,0,0.0
100,fixed,419,persistent_attack_cpu,41,hiding,cpu,high,0.6644392579716075,0.4201396874464996,True,2.1536351379786,1.1618262584069141,True,True,False,0,0,0.0
100,fixed,420,persistent_attack_cpu,42,hiding,cpu,high,0.379564709884458,0.4201396874464996,False,1.887840270579892,1.1618262584069141,True,True,False,0,0,0.0
100,fixed,421,persistent_attack_cpu,43,hiding,cpu,high,0.658114552663779,0.4201396874464996,True,2.054942057560573,1.1618262584069141,True,True,False,0,0,0.0
100,fixed,422,persistent_attack_cpu,44,hiding,cpu,high,0.5716487584526052,0.4201396874464996,True,1.9984413600692037,1.1618262584069141,True,True,False,0,0,0.0
100,fixed,423,persistent_attack_cpu,45,hiding,cpu,high,0.378362251842741,0.4201396874464996,False,1.9053178196705556,1.1618262584069141,True,True,False,0,0,0.0
100,fixed,424,persistent_attack_cpu,46,hiding,cpu,high,0.4171965920468738,0.4201396874464996,False,1.9377219438318123,1.1618262584069141,True,True,False,0,0,0.0
100,fixed,425,persistent_attack_cpu,47,hiding,cpu,high,0.6160764126704901,0.4201396874464996,True,1.9479933809757606,1.1618262584069141,True,True,False,0,0,0.0
100,fixed,426,persistent_attack_cpu,48,hiding,cpu,high,0.597725458305931,0.4201396874464996,True,1.9968463518733552,1.1618262584069141,True,True,False,0,0,0.0
100,fixed,427,persistent_attack_cpu,49,hiding,cpu,high,0.7255256709352148,0.4201396874464996,True,2.0697179641045222,1.1618262584069141,True,True,False,0,0,0.0
100,fixed,428,persistent_attack_cpu,50,hiding,cpu,high,0.5078591302708989,0.4201396874464996,True,1.9684843005992971,1.1618262584069141,True,True,False,0,0,0.0
100,fixed,429,persistent_attack_cpu,51,hiding,cpu,high,0.4434024379449939,0.4201396874464996,True,2.0326690929494924,1.1618262584069141,True,True,False,0,0,0.0
100,fixed,430,persistent_attack_cpu,52,hiding,cpu,high,0.5177564754415576,0.4201396874464996,True,1.7188369428836396,1.1618262584069141,True,True,False,0,0,0.0
100,fixed,431,persistent_attack_cpu,53,hiding,cpu,high,0.4600001066224277,0.4201396874464996,True,2.0209169478712874,1.1618262584069141,True,True,False,0,0,0.0
100,fixed,432,persistent_attack_cpu,54,hiding,cpu,high,0.5576766796823124,0.4201396874464996,True,2.1132819501702813,1.1618262584069141,True,True,False,0,0,0.0
100,fixed,433,persistent_attack_cpu,55,hiding,cpu,high,0.4835704317394151,0.4201396874464996,True,2.0808102849453567,1.1618262584069141,True,True,False,0,0,0.0
100,fixed,434,persistent_attack_cpu,56,hiding,cpu,high,0.6914315197591916,0.4201396874464996,True,2.016028013955023,1.1618262584069141,True,True,False,0,0,0.0
100,fixed,435,persistent_attack_cpu,57,hiding,cpu,high,0.7130621116899141,0.4201396874464996,True,2.0605687477107475,1.1618262584069141,True,True,False,0,0,0.0
100,fixed,436,persistent_attack_cpu,58,hiding,cpu,high,0.4216161774261224,0.4201396874464996,True,1.96468641463459,1.1618262584069141,True,True,False,0,0,0.0
100,fixed,437,persistent_attack_cpu,59,hiding,cpu,high,0.5805072850696399,0.4201396874464996,True,2.08293003525124,1.1618262584069141,True,True,False,0,0,0.0
100,fixed,438,sham_negative_baseline,0,sham,baseline,low,0.3066869499747774,0.4072607282763817,False,1.477975118911238,1.1618262584069141,True,True,False,0,0,0.0
100,fixed,439,sham_negative_baseline,1,sham,baseline,low,0.13213953149829796,0.4072607282763817,False,1.490943003135464,1.1618262584069141,True,True,False,0,0,0.0
100,fixed,440,sham_negative_baseline,2,sham,baseline,low,0.28524299678316223,0.4072607282763817,False,1.4772373626773279,1.1618262584069141,True,True,False,0,0,0.0
100,fixed,441,sham_negative_baseline,3,sham,baseline,low,0.43108660992559134,0.4072607282763817,True,1.4166530285672723,1.1618262584069141,True,True,False,0,0,0.0
100,fixed,442,sham_negative_baseline,4,sham,baseline,low,0.24277169342927574,0.4072607282763817,False,1.1003166636792734,1.1618262584069141,False,False,False,0,0,0.0
100,fixed,443,sham_negative_baseline,5,sham,baseline,low,0.30739298083404343,0.4072607282763817,False,1.4601234962371834,1.1618262584069141,True,True,False,0,0,0.0
100,fixed,444,sham_negative_baseline,6,sham,baseline,low,0.10718613249089964,0.4072607282763817,False,1.4639577504669425,1.1618262584069141,True,True,False,0,0,0.0
100,fixed,445,sham_negative_baseline,7,sham,baseline,low,0.3676046266332589,0.4072607282763817,False,1.581032391135495,1.1618262584069141,True,True,False,0,0,0.0
100,fixed,446,sham_negative_baseline,8,sham,baseline,low,0.279070533999126,0.4072607282763817,False,1.4751331987707526,1.1618262584069141,True,True,False,0,0,0.0
100,fixed,447,sham_negative_baseline,9,sham,baseline,low,0.20116052241044763,0.4072607282763817,False,1.6023389989894818,1.1618262584069141,True,True,False,0,0,0.0
100,fixed,448,sham_negative_baseline,10,sham,baseline,low,0.26164151863652246,0.4072607282763817,False,1.4756735272800954,1.1618262584069141,True,True,False,0,0,0.0
100,fixed,449,sham_negative_baseline,11,sham,baseline,low,0.32091725630248785,0.4072607282763817,False,1.396110154279376,1.1618262584069141,True,True,False,0,0,0.0
100,fixed,450,sham_negative_baseline,12,sham,baseline,low,0.07424228910369565,0.4072607282763817,False,1.4440798958828527,1.1618262584069141,True,True,False,0,0,0.0
100,fixed,451,sham_negative_baseline,13,sham,baseline,low,0.22727699989317024,0.4072607282763817,False,1.5481191112635115,1.1618262584069141,True,True,False,0,0,0.0
100,fixed,452,sham_negative_baseline,14,sham,baseline,low,0.1139012452815699,0.4072607282763817,False,1.4174687167977222,1.1618262584069141,True,True,False,0,0,0.0
100,fixed,453,sham_negative_baseline,15,sham,baseline,low,0.1186710535092125,0.4072607282763817,False,1.4215471579499728,1.1618262584069141,True,True,False,0,0,0.0
100,fixed,454,sham_negative_baseline,16,sham,baseline,low,0.1506308186894278,0.4072607282763817,False,1.454673451945832,1.1618262584069141,True,True,False,0,0,0.0
100,fixed,455,sham_negative_baseline,17,sham,baseline,low,0.26851320220046154,0.4072607282763817,False,1.554774503768012,1.1618262584069141,True,True,False,0,0,0.0
100,fixed,456,sham_negative_baseline,18,sham,baseline,low,0.24745496029257844,0.4072607282763817,False,1.4947045208351193,1.1618262584069141,True,True,False,0,0,0.0
100,fixed,457,sham_negative_baseline,19,sham,baseline,low,0.2521682049131163,0.4072607282763817,False,1.3875012663949438,1.1618262584069141,True,True,False,0,0,0.0
100,fixed,458,sham_negative_cpu,0,sham,cpu,high,0.1935300395235584,0.4201396874464996,False,1.5418949424731978,1.1618262584069141,True,True,False,0,0,0.0
100,fixed,459,sham_negative_cpu,1,sham,cpu,high,0.33734142471541395,0.4201396874464996,False,1.5797023517278823,1.1618262584069141,True,True,False,0,0,0.0
100,fixed,460,sham_negative_cpu,2,sham,cpu,high,0.3021218597995856,0.4201396874464996,False,1.603128709887752,1.1618262584069141,True,True,False,0,0,0.0
100,fixed,461,sham_negative_cpu,3,sham,cpu,high,0.2996725369014174,0.4201396874464996,False,1.6145015859161296,1.1618262584069141,True,True,False,0,0,0.0
100,fixed,462,sham_negative_cpu,4,sham,cpu,high,0.3432178898208388,0.4201396874464996,False,1.7355767357403928,1.1618262584069141,True,True,False,0,0,0.0
100,fixed,463,sham_negative_cpu,5,sham,cpu,high,0.32042987070814133,0.4201396874464996,False,1.5963538216552235,1.1618262584069141,True,True,False,0,0,0.0
100,fixed,464,sham_negative_cpu,6,sham,cpu,high,0.20980898464525544,0.4201396874464996,False,1.5586451262628231,1.1618262584069141,True,True,False,0,0,0.0
100,fixed,465,sham_negative_cpu,7,sham,cpu,high,0.1085565315804525,0.4201396874464996,False,1.5542913253894652,1.1618262584069141,True,True,False,0,0,0.0
100,fixed,466,sham_negative_cpu,8,sham,cpu,high,0.13505016515338814,0.4201396874464996,False,1.6224558450296271,1.1618262584069141,True,True,False,0,0,0.0
100,fixed,467,sham_negative_cpu,9,sham,cpu,high,0.20743276604904787,0.4201396874464996,False,1.5722988120565995,1.1618262584069141,True,True,False,0,0,0.0
100,fixed,468,sham_negative_cpu,10,sham,cpu,high,0.2822974199896392,0.4201396874464996,False,1.5790633093562558,1.1618262584069141,True,True,False,0,0,0.0
100,fixed,469,sham_negative_cpu,11,sham,cpu,high,0.23415885339176945,0.4201396874464996,False,1.61174279323862,1.1618262584069141,True,True,False,0,0,0.0
100,fixed,470,sham_negative_cpu,12,sham,cpu,high,0.3172811791779722,0.4201396874464996,False,1.5763668622759779,1.1618262584069141,True,True,False,0,0,0.0
100,fixed,471,sham_negative_cpu,13,sham,cpu,high,0.2679186141357166,0.4201396874464996,False,1.5881865484178506,1.1618262584069141,True,True,False,0,0,0.0
100,fixed,472,sham_negative_cpu,14,sham,cpu,high,0.21711324705034685,0.4201396874464996,False,1.5722312709929316,1.1618262584069141,True,True,False,0,0,0.0
100,fixed,473,sham_negative_cpu,15,sham,cpu,high,0.36554839339925327,0.4201396874464996,False,1.6939402677223854,1.1618262584069141,True,True,False,0,0,0.0
100,fixed,474,sham_negative_cpu,16,sham,cpu,high,0.21554623224824612,0.4201396874464996,False,1.6232039921964094,1.1618262584069141,True,True,False,0,0,0.0
100,fixed,475,sham_negative_cpu,17,sham,cpu,high,0.29933694840226915,0.4201396874464996,False,1.612225971617167,1.1618262584069141,True,True,False,0,0,0.0
100,fixed,476,sham_negative_cpu,18,sham,cpu,high,0.1310707467832787,0.4201396874464996,False,1.5665993853763207,1.1618262584069141,True,True,False,0,0,0.0
100,fixed,477,sham_negative_cpu,19,sham,cpu,high,0.29467898489096267,0.4201396874464996,False,1.626871991500217,1.1618262584069141,True,True,False,0,0,0.0
100,blind,48,normal_pre,0,unloaded,baseline,low,-0.013129017821956662,0.4072607282763817,False,0.930076814971256,1.1618262584069141,False,False,True,0,1,0.0
100,blind,49,normal_pre,1,unloaded,baseline,low,0.02915973041011151,0.4072607282763817,False,0.9557028361656751,1.1618262584069141,False,False,True,0,2,0.0
100,blind,50,normal_pre,2,unloaded,baseline,low,0.062253997828533636,0.4072607282763817,False,1.0684680216823845,1.1618262584069141,False,False,True,0,3,0.0
100,blind,51,normal_pre,3,unloaded,baseline,low,-0.022267757852089856,0.4072607282763817,False,0.9136531211380121,1.1618262584069141,False,False,True,0,4,0.0
100,blind,52,normal_pre,4,unloaded,baseline,low,-0.10674230292600287,0.4072607282763817,False,1.0475641979357475,1.1618262584069141,False,False,True,0,5,0.0
100,blind,53,normal_pre,5,unloaded,baseline,low,-0.08862468702832349,0.4072607282763817,False,0.9357938813075877,1.1618262584069141,False,False,True,0,6,0.0
100,blind,54,normal_pre,6,unloaded,baseline,low,-0.13812266139507223,0.4072607282763817,False,0.9469858765874508,1.1618262584069141,False,False,True,0,7,0.0
100,blind,55,normal_pre,7,unloaded,baseline,low,-0.05181336757519998,0.4072607282763817,False,0.9494592913497528,1.1618262584069141,False,False,True,0,8,0.0
100,blind,56,normal_pre,8,unloaded,baseline,low,-0.06522801557764636,0.4072607282763817,False,1.0597088739058045,1.1618262584069141,False,False,True,0,9,0.0
100,blind,57,normal_pre,9,unloaded,baseline,low,0.023941854381834025,0.4072607282763817,False,1.0473652047708946,1.1618262584069141,False,False,True,0,10,0.0
100,blind,58,normal_pre,10,unloaded,baseline,low,-0.12319227544356848,0.4072607282763817,False,0.9298895350232368,1.1618262584069141,False,False,True,0,11,0.0
100,blind,59,normal_pre,11,unloaded,baseline,low,-0.01008490545718218,0.4072607282763817,False,0.9594004735974858,1.1618262584069141,False,False,True,0,12,0.0
100,blind,60,normal_pre,12,unloaded,baseline,low,-0.00488881191045643,0.4072607282763817,False,1.0482462647609943,1.1618262584069141,False,False,True,0,13,0.0
100,blind,61,normal_pre,13,unloaded,baseline,low,-0.0603410159852716,0.4072607282763817,False,0.9960551730158557,1.1618262584069141,False,False,True,0,14,0.0
100,blind,62,normal_pre,14,unloaded,baseline,low,-0.10236573508134322,0.4072607282763817,False,0.9497940317029901,1.1618262584069141,False,False,True,0,15,0.0
100,blind,63,normal_pre,15,unloaded,baseline,low,-0.050877316012857804,0.4072607282763817,False,0.9425597765057107,1.1618262584069141,False,False,True,0,16,0.0
100,blind,64,normal_pre,16,unloaded,baseline,low,-0.05510479107338977,0.4072607282763817,False,0.9581905225978202,1.1618262584069141,False,False,True,0,17,0.0
100,blind,65,normal_pre,17,unloaded,baseline,low,0.03521835357545315,0.4072607282763817,False,1.051979102098645,1.1618262584069141,False,False,True,0,18,0.0
100,blind,66,normal_pre,18,unloaded,baseline,low,0.08208186588175982,0.4072607282763817,False,1.097171865665684,1.1618262584069141,False,False,True,0,19,0.0
100,blind,67,normal_pre,19,unloaded,baseline,low,-0.11859108626620898,0.4072607282763817,False,1.1412779710224317,1.1618262584069141,False,False,True,0,20,0.0
100,blind,68,normal_pre,20,unloaded,baseline,low,-0.09442363335705675,0.4072607282763817,False,0.9507124835649053,1.1618262584069141,False,False,True,0,21,0.0
100,blind,69,normal_pre,21,unloaded,baseline,low,-0.08782596223184766,0.4072607282763817,False,0.9681739749664484,1.1618262584069141,False,False,True,0,22,0.0
100,blind,70,normal_pre,22,unloaded,baseline,low,0.019664381033028908,0.4072607282763817,False,1.2588597715578826,1.1618262584069141,True,True,True,0,23,0.0
100,blind,71,normal_pre,23,unloaded,baseline,low,0.01282746574072316,0.4072607282763817,False,1.2293171920790995,1.1618262584069141,True,True,True,0,24,0.0
100,blind,72,normal_pre,24,unloaded,baseline,low,0.0729093044730977,0.4072607282763817,False,1.0734242126872098,1.1618262584069141,False,False,True,0,25,0.0
100,blind,73,normal_pre,25,unloaded,baseline,low,-0.0424289024717688,0.4072607282763817,False,0.967846659173496,1.1618262584069141,False,False,True,0,26,0.0
100,blind,74,normal_pre,26,unloaded,baseline,low,0.021322211923292086,0.4072607282763817,False,1.12030899344783,1.1618262584069141,False,False,True,0,27,0.0
100,blind,75,normal_pre,27,unloaded,baseline,low,-0.12866787070571195,0.4072607282763817,False,0.9519745959689652,1.1618262584069141,False,False,True,0,28,0.0
100,blind,76,normal_pre,28,unloaded,baseline,low,-0.057205214009062484,0.4072607282763817,False,1.0174314509625977,1.1618262584069141,False,False,True,0,29,0.0
100,blind,77,normal_pre,29,unloaded,baseline,low,-0.07285759387285287,0.4072607282763817,False,0.9639945874573053,1.1618262584069141,False,False,True,0,30,0.0
100,blind,78,benign_cpu_drift,0,unloaded,cpu,high,-0.0501685258608878,0.4201396874464996,False,1.260197959178095,1.1618262584069141,True,True,True,0,31,0.0
100,blind,79,benign_cpu_drift,1,unloaded,cpu,high,0.03502539943958842,0.4201396874464996,False,1.3806949006427394,1.1618262584069141,True,True,True,0,32,0.0
100,blind,80,benign_cpu_drift,2,unloaded,cpu,high,0.06246995540720886,0.4201396874464996,False,1.3662458748778368,1.1618262584069141,True,True,True,0,33,0.0
100,blind,81,benign_cpu_drift,3,unloaded,cpu,high,0.09082941727543728,0.4201396874464996,False,1.292136159694796,1.1618262584069141,True,True,True,0,34,0.0
100,blind,82,benign_cpu_drift,4,unloaded,cpu,high,-0.10293138323129049,0.4201396874464996,False,1.2544625649613887,1.1618262584069141,True,True,True,0,35,0.0
100,blind,83,benign_cpu_drift,5,unloaded,cpu,high,0.12588126196769284,0.4201396874464996,False,1.3596853956228956,1.1618262584069141,True,True,True,0,36,0.0
100,blind,84,benign_cpu_drift,6,unloaded,cpu,high,-0.007133780945795443,0.4201396874464996,False,1.3316405973065015,1.1618262584069141,True,True,True,0,37,0.0
100,blind,85,benign_cpu_drift,7,unloaded,cpu,high,-0.010431486320128747,0.4201396874464996,False,1.2850395516950353,1.1618262584069141,True,True,True,0,38,0.0
100,blind,86,benign_cpu_drift,8,unloaded,cpu,high,0.04911880143500191,0.4201396874464996,False,1.2731350774829036,1.1618262584069141,True,True,True,0,39,0.0
100,blind,87,benign_cpu_drift,9,unloaded,cpu,high,-0.006218593713696419,0.4201396874464996,False,1.2602973306982734,1.1618262584069141,True,True,True,0,40,0.0
100,blind,88,benign_cpu_drift,10,unloaded,cpu,high,0.04799033605196297,0.4201396874464996,False,1.2853241324674511,1.1618262584069141,True,True,True,0,41,0.0
100,blind,89,benign_cpu_drift,11,unloaded,cpu,high,-0.015083657762214066,0.4201396874464996,False,1.2634989763439068,1.1618262584069141,True,True,True,0,42,0.0
100,blind,90,benign_cpu_drift,12,unloaded,cpu,high,0.028434895087584476,0.4201396874464996,False,1.271969397725619,1.1618262584069141,True,True,True,0,43,0.0
100,blind,91,benign_cpu_drift,13,unloaded,cpu,high,0.04012470523741363,0.4201396874464996,False,1.2934783172326536,1.1618262584069141,True,True,True,0,44,0.0
100,blind,92,benign_cpu_drift,14,unloaded,cpu,high,0.0604274748504325,0.4201396874464996,False,1.254435570568898,1.1618262584069141,True,True,True,0,45,0.0
100,blind,93,benign_cpu_drift,15,unloaded,cpu,high,0.028379435388274393,0.4201396874464996,False,1.232495418732982,1.1618262584069141,True,True,True,0,46,0.0
100,blind,94,benign_cpu_drift,16,unloaded,cpu,high,-0.0841541904997875,0.4201396874464996,False,1.2845183235992554,1.1618262584069141,True,True,True,0,47,0.0
100,blind,95,benign_cpu_drift,17,unloaded,cpu,high,0.10982917271061138,0.4201396874464996,False,1.3031622586543212,1.1618262584069141,True,True,True,0,48,0.0
100,blind,96,benign_cpu_drift,18,unloaded,cpu,high,-0.10645979201596495,0.4201396874464996,False,1.2253813723293754,1.1618262584069141,True,True,True,0,49,0.0
100,blind,97,benign_cpu_drift,19,unloaded,cpu,high,-0.11173540812200224,0.4201396874464996,False,1.2187278882129857,1.1618262584069141,True,True,True,0,50,0.0
100,blind,98,benign_cpu_drift,20,unloaded,cpu,high,0.03763375442337867,0.4201396874464996,False,1.2872464799471357,1.1618262584069141,True,True,True,0,51,0.0
100,blind,99,benign_cpu_drift,21,unloaded,cpu,high,0.06844934071757651,0.4201396874464996,False,1.2310331700631931,1.1618262584069141,True,True,True,0,52,0.0
100,blind,100,benign_cpu_drift,22,unloaded,cpu,high,-0.06541688796260117,0.4201396874464996,False,1.1956142675094945,1.1618262584069141,True,True,True,0,53,0.0
100,blind,101,benign_cpu_drift,23,unloaded,cpu,high,-0.036308081028168834,0.4201396874464996,False,1.2086816881617906,1.1618262584069141,True,True,True,0,54,0.0
100,blind,102,benign_cpu_drift,24,unloaded,cpu,high,0.1018275154979757,0.4201396874464996,False,1.3246237191437187,1.1618262584069141,True,True,True,0,55,0.0
100,blind,103,benign_cpu_drift,25,unloaded,cpu,high,0.024504046827311696,0.4201396874464996,False,1.2757317894841913,1.1618262584069141,True,True,True,0,56,0.0
100,blind,104,benign_cpu_drift,26,unloaded,cpu,high,-0.02892492218531792,0.4201396874464996,False,1.2063748948057704,1.1618262584069141,True,True,True,0,57,0.0
100,blind,105,benign_cpu_drift,27,unloaded,cpu,high,0.09157653043267683,0.4201396874464996,False,1.3429521098209893,1.1618262584069141,True,True,True,0,58,0.0
100,blind,106,benign_cpu_drift,28,unloaded,cpu,high,0.04450184999228594,0.4201396874464996,False,1.2319403279984193,1.1618262584069141,True,True,True,0,59,0.0
100,blind,107,benign_cpu_drift,29,unloaded,cpu,high,0.03446267922974014,0.4201396874464996,False,1.189625111120934,1.1618262584069141,True,True,True,0,60,0.0
100,blind,108,benign_cpu_drift,30,unloaded,cpu,high,-0.12694031359445646,0.4201396874464996,False,1.220458717842019,1.1618262584069141,True,True,True,0,61,0.0
100,blind,109,benign_cpu_drift,31,unloaded,cpu,high,-0.051660685191195654,0.4201396874464996,False,1.1473138691118128,1.1618262584069141,False,False,True,0,62,0.0
100,blind,110,benign_cpu_drift,32,unloaded,cpu,high,0.06902403902898262,0.4201396874464996,False,1.1765607418616382,1.1618262584069141,True,True,True,0,63,0.0
100,blind,111,benign_cpu_drift,33,unloaded,cpu,high,0.011988617186349092,0.4201396874464996,False,1.1446021837113451,1.1618262584069141,False,False,True,0,64,0.0
100,blind,112,benign_cpu_drift,34,unloaded,cpu,high,-0.04887910155404421,0.4201396874464996,False,1.2181408447994304,1.1618262584069141,True,True,True,0,65,0.0
100,blind,113,benign_cpu_drift,35,unloaded,cpu,high,0.13759478059341215,0.4201396874464996,False,1.2225672679101112,1.1618262584069141,True,True,True,0,66,0.0
100,blind,114,benign_cpu_drift,36,unloaded,cpu,high,0.08199994994651774,0.4201396874464996,False,1.154550848739398,1.1618262584069141,False,False,True,0,67,0.0
100,blind,115,benign_cpu_drift,37,unloaded,cpu,high,0.06232149429272928,0.4201396874464996,False,1.0892285318121666,1.1618262584069141,False,False,True,0,68,0.0
100,blind,116,benign_cpu_drift,38,unloaded,cpu,high,-0.0311456301660804,0.4201396874464996,False,1.099368140556763,1.1618262584069141,False,False,True,0,69,0.0
100,blind,117,benign_cpu_drift,39,unloaded,cpu,high,0.02873787024547747,0.4201396874464996,False,1.0884153677512498,1.1618262584069141,False,False,True,0,70,0.0
100,blind,118,benign_cpu_drift,40,unloaded,cpu,high,-0.007454873963552531,0.4201396874464996,False,1.0970347905547684,1.1618262584069141,False,False,True,0,71,0.0
100,blind,119,benign_cpu_drift,41,unloaded,cpu,high,-0.003564169829999171,0.4201396874464996,False,1.0556474046081983,1.1618262584069141,False,False,True,0,72,0.0
100,blind,120,benign_cpu_drift,42,unloaded,cpu,high,-0.06032923537067803,0.4201396874464996,False,1.0682940321944823,1.1618262584069141,False,False,True,0,73,0.0
100,blind,121,benign_cpu_drift,43,unloaded,cpu,high,0.01896076433608831,0.4201396874464996,False,1.07092069358946,1.1618262584069141,False,False,True,0,74,0.0
100,blind,122,benign_cpu_drift,44,unloaded,cpu,high,0.027739249267080678,0.4201396874464996,False,1.0879726473405467,1.1618262584069141,False,False,True,0,75,0.0
100,blind,123,benign_cpu_drift,45,unloaded,cpu,high,0.004194705921908411,0.4201396874464996,False,1.0514948258482164,1.1618262584069141,False,False,True,0,76,0.0
100,blind,124,benign_cpu_drift,46,unloaded,cpu,high,-0.04797797596664044,0.4201396874464996,False,1.0044537283522903,1.1618262584069141,False,False,True,0,77,0.0
100,blind,125,benign_cpu_drift,47,unloaded,cpu,high,0.06825115144006204,0.4201396874464996,False,1.0624610624907291,1.1618262584069141,False,False,True,0,78,0.0
100,blind,126,benign_cpu_drift,48,unloaded,cpu,high,0.11093272296470072,0.4201396874464996,False,1.0814264279834171,1.1618262584069141,False,False,True,0,79,0.0
100,blind,127,benign_cpu_drift,49,unloaded,cpu,high,-0.050597872115767724,0.4201396874464996,False,1.010478396496775,1.1618262584069141,False,False,True,0,80,0.0
100,blind,128,benign_cpu_drift,50,unloaded,cpu,high,0.009512836313522736,0.4201396874464996,False,1.0486056551013339,1.1618262584069141,False,False,True,0,81,0.0
100,blind,129,benign_cpu_drift,51,unloaded,cpu,high,-0.05754179155771201,0.4201396874464996,False,1.0457868654549138,1.1618262584069141,False,False,True,0,82,0.0
100,blind,130,benign_cpu_drift,52,unloaded,cpu,high,0.002670049939858589,0.4201396874464996,False,1.0487915942860033,1.1618262584069141,False,False,True,0,83,0.0
100,blind,131,benign_cpu_drift,53,unloaded,cpu,high,-0.07035214909229938,0.4201396874464996,False,1.0003242897212794,1.1618262584069141,False,False,True,0,84,0.0
100,blind,132,benign_cpu_drift,54,unloaded,cpu,high,-0.1840835942669565,0.4201396874464996,False,0.9959428247792976,1.1618262584069141,False,False,True,0,85,0.0
100,blind,133,benign_cpu_drift,55,unloaded,cpu,high,0.11056317767438455,0.4201396874464996,False,1.0677512824184432,1.1618262584069141,False,False,True,0,86,0.0
100,blind,134,benign_cpu_drift,56,unloaded,cpu,high,-0.010670714554329299,0.4201396874464996,False,0.9935721038148395,1.1618262584069141,False,False,True,0,87,0.0
100,blind,135,benign_cpu_drift,57,unloaded,cpu,high,0.027690407166944805,0.4201396874464996,False,1.025791561728759,1.1618262584069141,False,False,True,0,88,0.0
100,blind,136,benign_cpu_drift,58,unloaded,cpu,high,0.0002715660720089205,0.4201396874464996,False,1.0195363408785143,1.1618262584069141,False,False,True,0,89,0.0
100,blind,137,benign_cpu_drift,59,unloaded,cpu,high,-0.019799358356748533,0.4201396874464996,False,1.0222240911671328,1.1618262584069141,False,False,True,0,90,0.0
100,blind,138,benign_cpu_drift,60,unloaded,cpu,high,-0.0220332790958685,0.4201396874464996,False,1.0617161826839245,1.1618262584069141,False,False,True,0,91,0.0
100,blind,139,benign_cpu_drift,61,unloaded,cpu,high,0.02050837752192379,0.4201396874464996,False,0.9982276988927298,1.1618262584069141,False,False,True,0,92,0.0
100,blind,140,benign_cpu_drift,62,unloaded,cpu,high,0.056237054988069794,0.4201396874464996,False,1.0330341878555576,1.1618262584069141,False,False,True,0,93,0.0
100,blind,141,benign_cpu_drift,63,unloaded,cpu,high,-0.021298975669213523,0.4201396874464996,False,1.0083144746877384,1.1618262584069141,False,False,True,0,94,0.0
100,blind,142,benign_cpu_drift,64,unloaded,cpu,high,-0.03837971605705722,0.4201396874464996,False,1.0165629877809255,1.1618262584069141,False,False,True,0,95,0.0
100,blind,143,benign_cpu_drift,65,unloaded,cpu,high,0.06234983553578987,0.4201396874464996,False,0.9823556532104986,1.1618262584069141,False,False,True,0,96,0.0
100,blind,144,benign_cpu_drift,66,unloaded,cpu,high,0.01679936815311069,0.4201396874464996,False,0.9842953683589678,1.1618262584069141,False,False,True,0,97,0.0
100,blind,145,benign_cpu_drift,67,unloaded,cpu,high,0.07528643907242703,0.4201396874464996,False,1.0458055217501465,1.1618262584069141,False,False,True,0,98,0.0
100,blind,146,benign_cpu_drift,68,unloaded,cpu,high,-0.05556548278930551,0.4201396874464996,False,0.984384432978783,1.1618262584069141,False,False,True,0,99,0.0
100,blind,147,benign_cpu_drift,69,unloaded,cpu,high,0.01991626375725081,0.4201396874464996,False,1.0137235254211971,1.1618262584069141,False,False,True,0,100,0.0
100,blind,148,benign_cpu_drift,70,unloaded,cpu,high,-0.01776991343567192,0.4201396874464996,False,0.984465021428986,1.1618262584069141,False,False,True,0,101,0.0
100,blind,149,benign_cpu_drift,71,unloaded,cpu,high,-0.10111022834857966,0.4201396874464996,False,0.9935961734545846,1.1618262584069141,False,False,True,0,102,0.0
100,blind,150,benign_cpu_drift,72,unloaded,cpu,high,0.006687429843258738,0.4201396874464996,False,1.0309083071515615,1.1618262584069141,False,False,True,0,103,0.0
100,blind,151,benign_cpu_drift,73,unloaded,cpu,high,0.0511534913218853,0.4201396874464996,False,0.9798861401511231,1.1618262584069141,False,False,True,0,104,0.0
100,blind,152,benign_cpu_drift,74,unloaded,cpu,high,-0.007559506386308435,0.4201396874464996,False,1.0094400165614326,1.1618262584069141,False,False,True,0,105,0.0
100,blind,153,benign_cpu_drift,75,unloaded,cpu,high,-0.020025907752125826,0.4201396874464996,False,0.9783780542523298,1.1618262584069141,False,False,True,0,106,0.0
100,blind,154,benign_cpu_drift,76,unloaded,cpu,high,-0.04786406468041781,0.4201396874464996,False,1.00902551335838,1.1618262584069141,False,False,True,0,107,0.0
100,blind,155,benign_cpu_drift,77,unloaded,cpu,high,0.0037397595726607405,0.4201396874464996,False,0.9756847319949262,1.1618262584069141,False,False,True,0,108,0.0
100,blind,156,benign_cpu_drift,78,unloaded,cpu,high,-0.12005767832784926,0.4201396874464996,False,0.968524433022489,1.1618262584069141,False,False,True,0,109,0.0
100,blind,157,benign_cpu_drift,79,unloaded,cpu,high,-0.05080294153433208,0.4201396874464996,False,1.0099781431150812,1.1618262584069141,False,False,True,0,110,0.0
100,blind,158,benign_cpu_drift,80,unloaded,cpu,high,0.08027289635754616,0.4201396874464996,False,1.0452562040132742,1.1618262584069141,False,False,True,0,111,0.0
100,blind,159,benign_cpu_drift,81,unloaded,cpu,high,-0.058256766589441615,0.4201396874464996,False,0.9661084488343908,1.1618262584069141,False,False,True,0,112,0.0
100,blind,160,benign_cpu_drift,82,unloaded,cpu,high,0.009694487883445523,0.4201396874464996,False,1.041836399711772,1.1618262584069141,False,False,True,0,113,0.0
100,blind,161,benign_cpu_drift,83,unloaded,cpu,high,-0.06733478458028248,0.4201396874464996,False,1.0122626574113636,1.1618262584069141,False,False,True,0,114,0.0
100,blind,162,benign_cpu_drift,84,unloaded,cpu,high,0.09906148158870344,0.4201396874464996,False,1.0500397075052341,1.1618262584069141,False,False,True,0,115,0.0
100,blind,163,benign_cpu_drift,85,unloaded,cpu,high,-0.006014723719478027,0.4201396874464996,False,1.0003463403371047,1.1618262584069141,False,False,True,0,116,0.0
100,blind,164,benign_cpu_drift,86,unloaded,cpu,high,0.144556457702778,0.4201396874464996,False,1.1775861216008972,1.1618262584069141,True,True,True,0,117,0.0
100,blind,165,benign_cpu_drift,87,unloaded,cpu,high,-0.13706309324930055,0.4201396874464996,False,0.9895426291404923,1.1618262584069141,False,False,True,0,118,0.0
100,blind,166,benign_cpu_drift,88,unloaded,cpu,high,-0.016694883868113672,0.4201396874464996,False,1.0399622429968178,1.1618262584069141,False,False,True,0,119,0.0
100,blind,167,benign_cpu_drift,89,unloaded,cpu,high,-0.10478673981408404,0.4201396874464996,False,0.970620329002903,1.1618262584069141,False,False,True,0,120,0.0
100,blind,168,benign_cpu_drift,90,unloaded,cpu,high,0.04458691887972936,0.4201396874464996,False,0.9812521875193017,1.1618262584069141,False,False,True,0,121,0.0
100,blind,169,benign_cpu_drift,91,unloaded,cpu,high,0.04902703821332258,0.4201396874464996,False,1.0081241893310824,1.1618262584069141,False,False,True,0,122,0.0
100,blind,170,benign_cpu_drift,92,unloaded,cpu,high,0.020012211966516924,0.4201396874464996,False,1.0038183312782574,1.1618262584069141,False,False,True,0,123,0.0
100,blind,171,benign_cpu_drift,93,unloaded,cpu,high,0.04341204186233408,0.4201396874464996,False,1.022127963603216,1.1618262584069141,False,False,True,0,124,0.0
100,blind,172,benign_cpu_drift,94,unloaded,cpu,high,0.045211078267062846,0.4201396874464996,False,1.0731988567231123,1.1618262584069141,False,False,True,0,125,0.0
100,blind,173,benign_cpu_drift,95,unloaded,cpu,high,-0.055755206183832576,0.4201396874464996,False,0.9820705942165059,1.1618262584069141,False,False,True,0,126,0.0
100,blind,174,benign_cpu_drift,96,unloaded,cpu,high,-0.07323630898216363,0.4201396874464996,False,0.9533827249580773,1.1618262584069141,False,False,True,0,127,0.0
100,blind,175,benign_cpu_drift,97,unloaded,cpu,high,0.069598542746756,0.4201396874464996,False,1.0014760087084513,1.1618262584069141,False,False,True,0,128,0.0
100,blind,176,benign_cpu_drift,98,unloaded,cpu,high,0.003433951938095181,0.4201396874464996,False,1.013940265368907,1.1618262584069141,False,False,True,0,129,0.0
100,blind,177,benign_cpu_drift,99,unloaded,cpu,high,0.10943720659776723,0.4201396874464996,False,1.088769654997349,1.1618262584069141,False,False,True,0,130,0.0
100,blind,178,benign_cpu_drift,100,unloaded,cpu,high,0.03352798298662593,0.4201396874464996,False,1.00630679131501,1.1618262584069141,False,False,True,0,131,0.0
100,blind,179,benign_cpu_drift,101,unloaded,cpu,high,0.07089903976110092,0.4201396874464996,False,1.034324099734331,1.1618262584069141,False,False,True,0,132,0.0
100,blind,180,benign_cpu_drift,102,unloaded,cpu,high,0.0701341206165438,0.4201396874464996,False,0.9887755895680935,1.1618262584069141,False,False,True,0,133,0.0
100,blind,181,benign_cpu_drift,103,unloaded,cpu,high,0.019336414524932195,0.4201396874464996,False,1.007580022148485,1.1618262584069141,False,False,True,0,134,0.0
100,blind,182,benign_cpu_drift,104,unloaded,cpu,high,0.07327162141908039,0.4201396874464996,False,1.010753656529766,1.1618262584069141,False,False,True,0,135,0.0
100,blind,183,benign_cpu_drift,105,unloaded,cpu,high,-0.06960709691132114,0.4201396874464996,False,0.9936390178430767,1.1618262584069141,False,False,True,0,136,0.0
100,blind,184,benign_cpu_drift,106,unloaded,cpu,high,-0.08134367198582042,0.4201396874464996,False,0.9901919447867076,1.1618262584069141,False,False,True,0,137,0.0
100,blind,185,benign_cpu_drift,107,unloaded,cpu,high,-0.02413475739789141,0.4201396874464996,False,1.0081531807230395,1.1618262584069141,False,False,True,0,138,0.0
100,blind,186,benign_cpu_drift,108,unloaded,cpu,high,0.0765152263956924,0.4201396874464996,False,1.028189166893542,1.1618262584069141,False,False,True,0,139,0.0
100,blind,187,benign_cpu_drift,109,unloaded,cpu,high,0.09052767935471932,0.4201396874464996,False,0.979659337915338,1.1618262584069141,False,False,True,0,140,0.0
100,blind,188,benign_cpu_drift,110,unloaded,cpu,high,0.0840580149012779,0.4201396874464996,False,0.965217426900106,1.1618262584069141,False,False,True,0,141,0.0
100,blind,189,benign_cpu_drift,111,unloaded,cpu,high,-0.03667103367381048,0.4201396874464996,False,1.0211352224367019,1.1618262584069141,False,False,True,0,142,0.0
100,blind,190,benign_cpu_drift,112,unloaded,cpu,high,0.041147808398920106,0.4201396874464996,False,1.0667815579088702,1.1618262584069141,False,False,True,0,143,0.0
100,blind,191,benign_cpu_drift,113,unloaded,cpu,high,-0.030971393171405823,0.4201396874464996,False,0.9710875233841884,1.1618262584069141,False,False,True,0,144,0.0
100,blind,192,benign_cpu_drift,114,unloaded,cpu,high,0.09760371614205333,0.4201396874464996,False,1.0273662749400743,1.1618262584069141,False,False,True,0,145,0.0
100,blind,193,benign_cpu_drift,115,unloaded,cpu,high,-0.03256551084458451,0.4201396874464996,False,0.9989848089762535,1.1618262584069141,False,False,True,0,146,0.0
100,blind,194,benign_cpu_drift,116,unloaded,cpu,high,-0.0687213115954504,0.4201396874464996,False,1.0125302408213224,1.1618262584069141,False,False,True,0,147,0.0
100,blind,195,benign_cpu_drift,117,unloaded,cpu,high,0.023561070435638334,0.4201396874464996,False,0.9938147030770931,1.1618262584069141,False,False,True,0,148,0.0
100,blind,196,benign_cpu_drift,118,unloaded,cpu,high,0.161880205096715,0.4201396874464996,False,1.0638150662919301,1.1618262584069141,False,False,True,0,149,0.0
100,blind,197,benign_cpu_drift,119,unloaded,cpu,high,0.015063274449787022,0.4201396874464996,False,1.006623302727507,1.1618262584069141,False,False,True,0,150,0.0
100,blind,198,normal_recovery_1,0,unloaded,baseline,low,-0.05330910279516486,0.4072607282763817,False,0.706668494417517,1.1618262584069141,False,False,True,0,151,0.0
100,blind,199,normal_recovery_1,1,unloaded,baseline,low,-0.03411454935420291,0.4072607282763817,False,0.7503530654266054,1.1618262584069141,False,False,True,0,152,0.0
100,blind,200,normal_recovery_1,2,unloaded,baseline,low,-0.030720121697451988,0.4072607282763817,False,0.7285223649038639,1.1618262584069141,False,False,True,0,153,0.0
100,blind,201,normal_recovery_1,3,unloaded,baseline,low,-0.04794536734631804,0.4072607282763817,False,0.702160146383996,1.1618262584069141,False,False,True,0,154,0.0
100,blind,202,normal_recovery_1,4,unloaded,baseline,low,0.0672010423725061,0.4072607282763817,False,0.7840795123808276,1.1618262584069141,False,False,True,0,155,0.0
100,blind,203,normal_recovery_1,5,unloaded,baseline,low,-0.02109473524050407,0.4072607282763817,False,0.7270393698530871,1.1618262584069141,False,False,True,0,156,0.0
100,blind,204,normal_recovery_1,6,unloaded,baseline,low,-0.07893635321587583,0.4072607282763817,False,0.7099729983684382,1.1618262584069141,False,False,True,0,157,0.0
100,blind,205,normal_recovery_1,7,unloaded,baseline,low,-0.13452198063299523,0.4072607282763817,False,0.7195822219128782,1.1618262584069141,False,False,True,0,158,0.0
100,blind,206,normal_recovery_1,8,unloaded,baseline,low,-0.021362492858010645,0.4072607282763817,False,0.7467958301759272,1.1618262584069141,False,False,True,0,159,0.0
100,blind,207,normal_recovery_1,9,unloaded,baseline,low,-0.017201020480156072,0.4072607282763817,False,0.724693568943402,1.1618262584069141,False,False,True,0,160,0.0
100,blind,208,normal_recovery_1,10,unloaded,baseline,low,-0.02631511174509754,0.4072607282763817,False,0.7118093263229502,1.1618262584069141,False,False,True,0,161,0.0
100,blind,209,normal_recovery_1,11,unloaded,baseline,low,-0.09704850246975752,0.4072607282763817,False,0.7248965768898037,1.1618262584069141,False,False,True,0,162,0.0
100,blind,210,normal_recovery_1,12,unloaded,baseline,low,-0.057481285496972,0.4072607282763817,False,0.7033755499157445,1.1618262584069141,False,False,True,0,163,0.0
100,blind,211,normal_recovery_1,13,unloaded,baseline,low,-0.08047466284992393,0.4072607282763817,False,0.8666672133365587,1.1618262584069141,False,False,True,0,164,0.0
100,blind,212,normal_recovery_1,14,unloaded,baseline,low,-0.02932260793596148,0.4072607282763817,False,0.744297891357559,1.1618262584069141,False,False,True,0,165,0.0
100,blind,213,normal_recovery_1,15,unloaded,baseline,low,0.015930774293007,0.4072607282763817,False,0.8342310067689707,1.1618262584069141,False,False,True,0,166,0.0
100,blind,214,normal_recovery_1,16,unloaded,baseline,low,-0.030936352726162037,0.4072607282763817,False,0.7671661296685954,1.1618262584069141,False,False,True,0,167,0.0
100,blind,215,normal_recovery_1,17,unloaded,baseline,low,-0.015160208693461427,0.4072607282763817,False,0.7516443171247705,1.1618262584069141,False,False,True,0,168,0.0
100,blind,216,normal_recovery_1,18,unloaded,baseline,low,-0.0013294755117633957,0.4072607282763817,False,0.7497262901406827,1.1618262584069141,False,False,True,0,169,0.0
100,blind,217,normal_recovery_1,19,unloaded,baseline,low,-0.0023702587499999095,0.4072607282763817,False,0.715051770578496,1.1618262584069141,False,False,True,0,170,0.0
100,blind,218,normal_recovery_1,20,unloaded,baseline,low,-0.1629688145476428,0.4072607282763817,False,0.8870905936983671,1.1618262584069141,False,False,True,0,171,0.0
100,blind,219,normal_recovery_1,21,unloaded,baseline,low,0.007133734648666426,0.4072607282763817,False,0.7911663984816603,1.1618262584069141,False,False,True,0,172,0.0
100,blind,220,normal_recovery_1,22,unloaded,baseline,low,0.10238405607924872,0.4072607282763817,False,0.9352931468416058,1.1618262584069141,False,False,True,0,173,0.0
100,blind,221,normal_recovery_1,23,unloaded,baseline,low,-0.04523253755051785,0.4072607282763817,False,0.7517818112705502,1.1618262584069141,False,False,True,0,174,0.0
100,blind,222,normal_recovery_1,24,unloaded,baseline,low,-0.01960421067884765,0.4072607282763817,False,0.7231533324652616,1.1618262584069141,False,False,True,0,175,0.0
100,blind,223,normal_recovery_1,25,unloaded,baseline,low,-0.002292982778735575,0.4072607282763817,False,0.969779083236803,1.1618262584069141,False,False,True,0,176,0.0
100,blind,224,normal_recovery_1,26,unloaded,baseline,low,-0.016708695548661622,0.4072607282763817,False,0.7598325630068893,1.1618262584069141,False,False,True,0,177,0.0
100,blind,225,normal_recovery_1,27,unloaded,baseline,low,0.017603632903743973,0.4072607282763817,False,0.8012640828547343,1.1618262584069141,False,False,True,0,178,0.0
100,blind,226,normal_recovery_1,28,unloaded,baseline,low,0.043349232309462374,0.4072607282763817,False,0.8255256532106114,1.1618262584069141,False,False,True,0,179,0.0
100,blind,227,normal_recovery_1,29,unloaded,baseline,low,-0.03139771588897073,0.4072607282763817,False,0.7347098039624826,1.1618262584069141,False,False,True,0,180,0.0
100,blind,228,persistent_attack_baseline,0,hiding,baseline,low,0.7178274129743505,0.4072607282763817,True,1.4587778693570095,1.1618262584069141,True,True,True,1,180,0.01
100,blind,229,persistent_attack_baseline,1,hiding,baseline,low,0.6433214631619052,0.4072607282763817,True,1.232330019092531,1.1618262584069141,True,True,True,2,180,0.02
100,blind,230,persistent_attack_baseline,2,hiding,baseline,low,0.4196759838198757,0.4072607282763817,True,1.1938194451689637,1.1618262584069141,True,True,True,3,180,0.03
100,blind,231,persistent_attack_baseline,3,hiding,baseline,low,0.6174899500089378,0.4072607282763817,True,1.1889659777358137,1.1618262584069141,True,True,True,4,180,0.04
100,blind,232,persistent_attack_baseline,4,hiding,baseline,low,0.5929203994148027,0.4072607282763817,True,1.2473446384206226,1.1618262584069141,True,True,True,5,180,0.05
100,blind,233,persistent_attack_baseline,5,hiding,baseline,low,0.5424528085127441,0.4072607282763817,True,1.1055824789146496,1.1618262584069141,False,False,True,6,180,0.06
100,blind,234,persistent_attack_baseline,6,hiding,baseline,low,0.6277697435165,0.4072607282763817,True,1.1171975897710615,1.1618262584069141,False,False,True,7,180,0.07
100,blind,235,persistent_attack_baseline,7,hiding,baseline,low,0.5647437380269791,0.4072607282763817,True,1.2560152242263776,1.1618262584069141,True,True,True,8,180,0.08
100,blind,236,persistent_attack_baseline,8,hiding,baseline,low,0.5837959494289843,0.4072607282763817,True,1.1467276187324176,1.1618262584069141,False,False,True,9,180,0.09
100,blind,237,persistent_attack_baseline,9,hiding,baseline,low,0.6265631860855351,0.4072607282763817,True,1.6099040211815323,1.1618262584069141,True,True,True,10,180,0.1
100,blind,238,persistent_attack_baseline,10,hiding,baseline,low,0.5923926016961905,0.4072607282763817,True,1.1265306966738375,1.1618262584069141,False,False,True,11,180,0.11
100,blind,239,persistent_attack_baseline,11,hiding,baseline,low,0.5656745730385724,0.4072607282763817,True,1.0919741850074467,1.1618262584069141,False,False,True,12,180,0.12
100,blind,240,persistent_attack_baseline,12,hiding,baseline,low,0.5815792157011354,0.4072607282763817,True,1.101971556183874,1.1618262584069141,False,False,True,13,180,0.13
100,blind,241,persistent_attack_baseline,13,hiding,baseline,low,0.5946427415613311,0.4072607282763817,True,1.187555158722777,1.1618262584069141,True,True,True,14,180,0.14
100,blind,242,persistent_attack_baseline,14,hiding,baseline,low,0.5255419387013545,0.4072607282763817,True,1.2040048461032005,1.1618262584069141,True,True,True,15,180,0.15
100,blind,243,persistent_attack_baseline,15,hiding,baseline,low,0.677099552238478,0.4072607282763817,True,1.278483755853816,1.1618262584069141,True,True,True,16,180,0.16
100,blind,244,persistent_attack_baseline,16,hiding,baseline,low,0.5795919955807396,0.4072607282763817,True,1.2269230610756534,1.1618262584069141,True,True,True,17,180,0.17
100,blind,245,persistent_attack_baseline,17,hiding,baseline,low,0.5946126425240406,0.4072607282763817,True,1.1359049760710374,1.1618262584069141,False,False,True,18,180,0.18
100,blind,246,persistent_attack_baseline,18,hiding,baseline,low,0.5831642179379133,0.4072607282763817,True,1.1409337649607498,1.1618262584069141,False,False,True,19,180,0.19
100,blind,247,persistent_attack_baseline,19,hiding,baseline,low,0.633836485164994,0.4072607282763817,True,1.274086525519336,1.1618262584069141,True,True,True,20,180,0.2
100,blind,248,persistent_attack_baseline,20,hiding,baseline,low,0.56604544510074,0.4072607282763817,True,1.0973859043094254,1.1618262584069141,False,False,True,21,180,0.21
100,blind,249,persistent_attack_baseline,21,hiding,baseline,low,0.6820166864369817,0.4072607282763817,True,1.3352917782214915,1.1618262584069141,True,True,True,22,180,0.22
100,blind,250,persistent_attack_baseline,22,hiding,baseline,low,0.5699783118805781,0.4072607282763817,True,1.0983734873104143,1.1618262584069141,False,False,True,23,180,0.23
100,blind,251,persistent_attack_baseline,23,hiding,baseline,low,0.730619963995732,0.4072607282763817,True,1.3317241690196255,1.1618262584069141,True,True,True,24,180,0.24
100,blind,252,persistent_attack_baseline,24,hiding,baseline,low,0.5275326623682021,0.4072607282763817,True,1.1847830094005365,1.1618262584069141,True,True,True,25,180,0.25
100,blind,253,persistent_attack_baseline,25,hiding,baseline,low,0.6236045372804966,0.4072607282763817,True,1.213928637229012,1.1618262584069141,True,True,True,26,180,0.26
100,blind,254,persistent_attack_baseline,26,hiding,baseline,low,0.576947413802346,0.4072607282763817,True,1.206065008542986,1.1618262584069141,True,True,True,27,180,0.27
100,blind,255,persistent_attack_baseline,27,hiding,baseline,low,0.6661389226652933,0.4072607282763817,True,1.35421605977861,1.1618262584069141,True,True,True,28,180,0.28
100,blind,256,persistent_attack_baseline,28,hiding,baseline,low,0.4766550217009129,0.4072607282763817,True,1.1531105750982578,1.1618262584069141,False,False,True,29,180,0.29
100,blind,257,persistent_attack_baseline,29,hiding,baseline,low,0.6209301388027726,0.4072607282763817,True,1.2674094877711497,1.1618262584069141,True,True,True,30,180,0.3
100,blind,258,persistent_attack_baseline,30,hiding,baseline,low,0.6491415899215844,0.4072607282763817,True,1.2661050867588082,1.1618262584069141,True,True,True,31,180,0.31
100,blind,259,persistent_attack_baseline,31,hiding,baseline,low,0.6627090000095367,0.4072607282763817,True,1.2861779755464626,1.1618262584069141,True,True,True,32,180,0.32
100,blind,260,persistent_attack_baseline,32,hiding,baseline,low,0.5665812129843362,0.4072607282763817,True,1.0921163613600289,1.1618262584069141,False,False,True,33,180,0.33
100,blind,261,persistent_attack_baseline,33,hiding,baseline,low,0.7124478080639018,0.4072607282763817,True,1.3913161890089611,1.1618262584069141,True,True,True,34,180,0.34
100,blind,262,persistent_attack_baseline,34,hiding,baseline,low,0.5965133022233147,0.4072607282763817,True,1.1674574095587817,1.1618262584069141,True,True,True,35,180,0.35
100,blind,263,persistent_attack_baseline,35,hiding,baseline,low,0.6183757044338931,0.4072607282763817,True,1.148378029262903,1.1618262584069141,False,False,True,36,180,0.36
100,blind,264,persistent_attack_baseline,36,hiding,baseline,low,0.6774713193601805,0.4072607282763817,True,1.3400180060344549,1.1618262584069141,True,True,True,37,180,0.37
100,blind,265,persistent_attack_baseline,37,hiding,baseline,low,0.5593125033572223,0.4072607282763817,True,1.1186776108749958,1.1618262584069141,False,False,True,38,180,0.38
100,blind,266,persistent_attack_baseline,38,hiding,baseline,low,0.675642629956053,0.4072607282763817,True,1.226647189974629,1.1618262584069141,True,True,True,39,180,0.39
100,blind,267,persistent_attack_baseline,39,hiding,baseline,low,0.48175132054201253,0.4072607282763817,True,1.11941343325254,1.1618262584069141,False,False,True,40,180,0.4
100,blind,268,persistent_attack_baseline,40,hiding,baseline,low,0.7415948374846995,0.4072607282763817,True,1.3406417090687175,1.1618262584069141,True,True,True,41,180,0.41
100,blind,269,persistent_attack_baseline,41,hiding,baseline,low,0.625458546885514,0.4072607282763817,True,1.138954522472872,1.1618262584069141,False,False,True,42,180,0.42
100,blind,270,persistent_attack_baseline,42,hiding,baseline,low,0.7250955833784756,0.4072607282763817,True,1.3280585933580817,1.1618262584069141,True,True,True,43,180,0.43
100,blind,271,persistent_attack_baseline,43,hiding,baseline,low,0.6203221432871527,0.4072607282763817,True,1.221281137083107,1.1618262584069141,True,True,True,44,180,0.44
100,blind,272,persistent_attack_baseline,44,hiding,baseline,low,0.6100366562333563,0.4072607282763817,True,1.3188286585499442,1.1618262584069141,True,True,True,45,180,0.45
100,blind,273,persistent_attack_baseline,45,hiding,baseline,low,0.6134463866413774,0.4072607282763817,True,1.0997568169913423,1.1618262584069141,False,False,True,46,180,0.46
100,blind,274,persistent_attack_baseline,46,hiding,baseline,low,0.6115646554435933,0.4072607282763817,True,1.0732960184192768,1.1618262584069141,False,False,True,47,180,0.47
100,blind,275,persistent_attack_baseline,47,hiding,baseline,low,0.7421427828420479,0.4072607282763817,True,1.2635438088511322,1.1618262584069141,True,True,True,48,180,0.48
100,blind,276,persistent_attack_baseline,48,hiding,baseline,low,0.594238413009449,0.4072607282763817,True,1.0319511346889525,1.1618262584069141,False,False,True,49,180,0.49
100,blind,277,persistent_attack_baseline,49,hiding,baseline,low,0.6870217229081905,0.4072607282763817,True,1.3113515265320128,1.1618262584069141,True,True,True,50,180,0.5
100,blind,278,persistent_attack_baseline,50,hiding,baseline,low,0.5841492167203427,0.4072607282763817,True,1.0968115831514331,1.1618262584069141,False,False,True,51,180,0.51
100,blind,279,persistent_attack_baseline,51,hiding,baseline,low,0.5758759815338469,0.4072607282763817,True,1.034278665519895,1.1618262584069141,False,False,True,52,180,0.52
100,blind,280,persistent_attack_baseline,52,hiding,baseline,low,0.5723452784380814,0.4072607282763817,True,1.0322813128734873,1.1618262584069141,False,False,True,53,180,0.53
100,blind,281,persistent_attack_baseline,53,hiding,baseline,low,0.5929177983157216,0.4072607282763817,True,1.038652910915582,1.1618262584069141,False,False,True,54,180,0.54
100,blind,282,persistent_attack_baseline,54,hiding,baseline,low,0.4971906808004084,0.4072607282763817,True,1.0956292578990159,1.1618262584069141,False,False,True,55,180,0.55
100,blind,283,persistent_attack_baseline,55,hiding,baseline,low,0.6590437760737833,0.4072607282763817,True,1.2753035984523748,1.1618262584069141,True,True,True,56,180,0.56
100,blind,284,persistent_attack_baseline,56,hiding,baseline,low,0.6146879460730212,0.4072607282763817,True,1.0701716830072354,1.1618262584069141,False,False,True,57,180,0.57
100,blind,285,persistent_attack_baseline,57,hiding,baseline,low,0.4011672558470474,0.4072607282763817,False,1.0147219639204017,1.1618262584069141,False,False,True,58,180,0.58
100,blind,286,persistent_attack_baseline,58,hiding,baseline,low,0.4236425844909424,0.4072607282763817,True,1.00169261201736,1.1618262584069141,False,False,True,59,180,0.59
100,blind,287,persistent_attack_baseline,59,hiding,baseline,low,0.6017803559369851,0.4072607282763817,True,1.0741787720245979,1.1618262584069141,False,False,True,60,180,0.6
100,blind,288,persistent_attack_baseline,60,hiding,baseline,low,0.5653745696573544,0.4072607282763817,True,0.986299451425244,1.1618262584069141,False,False,True,61,180,0.61
100,blind,289,persistent_attack_baseline,61,hiding,baseline,low,0.5768310864935644,0.4072607282763817,True,0.998251268245132,1.1618262584069141,False,False,True,62,180,0.62
100,blind,290,persistent_attack_baseline,62,hiding,baseline,low,0.5411936351323802,0.4072607282763817,True,0.9745825432185136,1.1618262584069141,False,False,True,63,180,0.63
100,blind,291,persistent_attack_baseline,63,hiding,baseline,low,0.6280558280406686,0.4072607282763817,True,1.0930684684352965,1.1618262584069141,False,False,True,64,180,0.64
100,blind,292,persistent_attack_baseline,64,hiding,baseline,low,0.7423779769401606,0.4072607282763817,True,1.3725961406167162,1.1618262584069141,True,True,True,65,180,0.65
100,blind,293,persistent_attack_baseline,65,hiding,baseline,low,0.6090745856445934,0.4072607282763817,True,1.0727494437710585,1.1618262584069141,False,False,True,66,180,0.66
100,blind,294,persistent_attack_baseline,66,hiding,baseline,low,0.45535176975314756,0.4072607282763817,True,0.9591996897231726,1.1618262584069141,False,False,True,67,180,0.67
100,blind,295,persistent_attack_baseline,67,hiding,baseline,low,0.5330164796592676,0.4072607282763817,True,0.969043331324303,1.1618262584069141,False,False,True,68,180,0.68
100,blind,296,persistent_attack_baseline,68,hiding,baseline,low,0.5907967216187143,0.4072607282763817,True,1.0327301993674285,1.1618262584069141,False,False,True,69,180,0.69
100,blind,297,persistent_attack_baseline,69,hiding,baseline,low,0.5397935615040842,0.4072607282763817,True,0.9652982527486892,1.1618262584069141,False,False,True,70,180,0.7
100,blind,298,persistent_attack_baseline,70,hiding,baseline,low,0.605153645086101,0.4072607282763817,True,1.051015962004909,1.1618262584069141,False,False,True,71,180,0.71
100,blind,299,persistent_attack_baseline,71,hiding,baseline,low,0.5211336778489579,0.4072607282763817,True,0.9754408608387958,1.1618262584069141,False,False,True,72,180,0.72
100,blind,300,persistent_attack_baseline,72,hiding,baseline,low,0.5129179150783413,0.4072607282763817,True,0.9737477521898021,1.1618262584069141,False,False,True,73,180,0.73
100,blind,301,persistent_attack_baseline,73,hiding,baseline,low,0.5380383381736815,0.4072607282763817,True,1.0635513950925228,1.1618262584069141,False,False,True,74,180,0.74
100,blind,302,persistent_attack_baseline,74,hiding,baseline,low,0.5066043367690596,0.4072607282763817,True,0.9747525532805374,1.1618262584069141,False,False,True,75,180,0.75
100,blind,303,persistent_attack_baseline,75,hiding,baseline,low,0.624732145807986,0.4072607282763817,True,1.2038475405707536,1.1618262584069141,True,True,True,76,180,0.76
100,blind,304,persistent_attack_baseline,76,hiding,baseline,low,0.5592169657531766,0.4072607282763817,True,1.079685851939363,1.1618262584069141,False,False,True,77,180,0.77
100,blind,305,persistent_attack_baseline,77,hiding,baseline,low,0.5708889770221516,0.4072607282763817,True,1.0158164232884506,1.1618262584069141,False,False,True,78,180,0.78
100,blind,306,persistent_attack_baseline,78,hiding,baseline,low,0.64180895559846,0.4072607282763817,True,1.1110260931079474,1.1618262584069141,False,False,True,79,180,0.79
100,blind,307,persistent_attack_baseline,79,hiding,baseline,low,0.58014587721486,0.4072607282763817,True,0.9683905920472238,1.1618262584069141,False,False,True,80,180,0.8
100,blind,308,persistent_attack_baseline,80,hiding,baseline,low,0.5807730242236051,0.4072607282763817,True,0.9721070112232251,1.1618262584069141,False,False,True,81,180,0.81
100,blind,309,persistent_attack_baseline,81,hiding,baseline,low,0.6429311973979075,0.4072607282763817,True,1.158072296981582,1.1618262584069141,False,False,True,82,180,0.82
100,blind,310,persistent_attack_baseline,82,hiding,baseline,low,0.6208055816534425,0.4072607282763817,True,1.1164080100573426,1.1618262584069141,False,False,True,83,180,0.83
100,blind,311,persistent_attack_baseline,83,hiding,baseline,low,0.5679406095701504,0.4072607282763817,True,0.9645708609388997,1.1618262584069141,False,False,True,84,180,0.84
100,blind,312,persistent_attack_baseline,84,hiding,baseline,low,0.5620061988346917,0.4072607282763817,True,0.9397546763164196,1.1618262584069141,False,False,True,85,180,0.85
100,blind,313,persistent_attack_baseline,85,hiding,baseline,low,0.5945367941966297,0.4072607282763817,True,1.055260800539251,1.1618262584069141,False,False,True,86,180,0.86
100,blind,314,persistent_attack_baseline,86,hiding,baseline,low,0.6420851406061111,0.4072607282763817,True,1.0116657585042919,1.1618262584069141,False,False,True,87,180,0.87
100,blind,315,persistent_attack_baseline,87,hiding,baseline,low,0.6086174979179879,0.4072607282763817,True,1.0275316002355759,1.1618262584069141,False,False,True,88,180,0.88
100,blind,316,persistent_attack_baseline,88,hiding,baseline,low,0.684726769573188,0.4072607282763817,True,1.0501188428625414,1.1618262584069141,False,False,True,89,180,0.89
100,blind,317,persistent_attack_baseline,89,hiding,baseline,low,0.5487423902758952,0.4072607282763817,True,1.0439942021235427,1.1618262584069141,False,False,True,90,180,0.9
100,blind,318,persistent_attack_baseline,90,hiding,baseline,low,0.6277827032323887,0.4072607282763817,True,0.9525841680944322,1.1618262584069141,False,False,True,91,180,0.91
100,blind,319,persistent_attack_baseline,91,hiding,baseline,low,0.5383602731253365,0.4072607282763817,True,0.9370767069244003,1.1618262584069141,False,False,True,92,180,0.92
100,blind,320,persistent_attack_baseline,92,hiding,baseline,low,0.5612352589975624,0.4072607282763817,True,0.9728987320040222,1.1618262584069141,False,False,True,93,180,0.93
100,blind,321,persistent_attack_baseline,93,hiding,baseline,low,0.6223294123181542,0.4072607282763817,True,0.9666480969549176,1.1618262584069141,False,False,True,94,180,0.94
100,blind,322,persistent_attack_baseline,94,hiding,baseline,low,0.5501244911265519,0.4072607282763817,True,0.939101856620803,1.1618262584069141,False,False,True,95,180,0.95
100,blind,323,persistent_attack_baseline,95,hiding,baseline,low,0.7995531976556811,0.4072607282763817,True,1.3521167719534286,1.1618262584069141,True,True,True,96,180,0.96
100,blind,324,persistent_attack_baseline,96,hiding,baseline,low,0.4972025810040033,0.4072607282763817,True,0.9192059232322526,1.1618262584069141,False,False,True,97,180,0.97
100,blind,325,persistent_attack_baseline,97,hiding,baseline,low,0.5774263676445006,0.4072607282763817,True,0.9607804400465048,1.1618262584069141,False,False,True,98,180,0.98
100,blind,326,persistent_attack_baseline,98,hiding,baseline,low,0.5997667433638119,0.4072607282763817,True,0.9614937454653532,1.1618262584069141,False,False,True,99,180,0.99
100,blind,327,persistent_attack_baseline,99,hiding,baseline,low,0.5689217145118687,0.4072607282763817,True,1.0895740272909256,1.1618262584069141,False,False,True,100,180,1.0
100,blind,328,persistent_attack_baseline,100,hiding,baseline,low,0.6205295122895584,0.4072607282763817,True,1.0470145843580057,1.1618262584069141,False,False,True,101,180,1.0
100,blind,329,persistent_attack_baseline,101,hiding,baseline,low,0.763907991232923,0.4072607282763817,True,1.2320625651866037,1.1618262584069141,True,True,True,102,180,1.0
100,blind,330,persistent_attack_baseline,102,hiding,baseline,low,0.6170732974529429,0.4072607282763817,True,1.0789041325254556,1.1618262584069141,False,False,True,103,180,1.0
100,blind,331,persistent_attack_baseline,103,hiding,baseline,low,0.6226090366066703,0.4072607282763817,True,1.0343921558391842,1.1618262584069141,False,False,True,104,180,1.0
100,blind,332,persistent_attack_baseline,104,hiding,baseline,low,0.551074212387156,0.4072607282763817,True,0.9730560952995594,1.1618262584069141,False,False,True,105,180,1.0
100,blind,333,persistent_attack_baseline,105,hiding,baseline,low,0.5772208365991858,0.4072607282763817,True,0.9609096999277877,1.1618262584069141,False,False,True,106,180,1.0
100,blind,334,persistent_attack_baseline,106,hiding,baseline,low,0.6172265037424245,0.4072607282763817,True,0.9569006168489372,1.1618262584069141,False,False,True,107,180,1.0
100,blind,335,persistent_attack_baseline,107,hiding,baseline,low,0.5537798678974718,0.4072607282763817,True,0.9287813535875551,1.1618262584069141,False,False,True,108,180,1.0
100,blind,336,persistent_attack_baseline,108,hiding,baseline,low,0.48337822561874505,0.4072607282763817,True,0.993553812148142,1.1618262584069141,False,False,True,109,180,1.0
100,blind,337,persistent_attack_baseline,109,hiding,baseline,low,0.7108863928500766,0.4072607282763817,True,1.0872826047134805,1.1618262584069141,False,False,True,110,180,1.0
100,blind,338,persistent_attack_baseline,110,hiding,baseline,low,0.6652755546408493,0.4072607282763817,True,1.0904577229517434,1.1618262584069141,False,False,True,111,180,1.0
100,blind,339,persistent_attack_baseline,111,hiding,baseline,low,0.5672619020174849,0.4072607282763817,True,0.9336152219873151,1.1618262584069141,False,False,True,112,180,1.0
100,blind,340,persistent_attack_baseline,112,hiding,baseline,low,0.6692309849254814,0.4072607282763817,True,1.0939124231113895,1.1618262584069141,False,False,True,113,180,1.0
100,blind,341,persistent_attack_baseline,113,hiding,baseline,low,0.6851285407145563,0.4072607282763817,True,1.2339817799433255,1.1618262584069141,True,True,True,114,180,1.0
100,blind,342,persistent_attack_baseline,114,hiding,baseline,low,0.5549703923776608,0.4072607282763817,True,0.9730822797905839,1.1618262584069141,False,False,True,115,180,1.0
100,blind,343,persistent_attack_baseline,115,hiding,baseline,low,0.6709937087342579,0.4072607282763817,True,1.0339786487516112,1.1618262584069141,False,False,True,116,180,1.0
100,blind,344,persistent_attack_baseline,116,hiding,baseline,low,0.5160047878496598,0.4072607282763817,True,0.9587674237772261,1.1618262584069141,False,False,True,117,180,1.0
100,blind,345,persistent_attack_baseline,117,hiding,baseline,low,0.6163200242786122,0.4072607282763817,True,1.0289189745450233,1.1618262584069141,False,False,True,118,180,1.0
100,blind,346,persistent_attack_baseline,118,hiding,baseline,low,-0.08424335688368009,0.4072607282763817,False,0.5606468346261096,1.1618262584069141,False,False,True,119,180,1.0
100,blind,347,persistent_attack_baseline,119,hiding,baseline,low,-0.14028529114806332,0.4072607282763817,False,0.5815353624615341,1.1618262584069141,False,False,True,120,180,1.0
100,blind,348,normal_recovery_2,0,unloaded,baseline,low,-0.05610144232546613,0.4072607282763817,False,0.8363199994418533,1.1618262584069141,False,False,True,120,181,0.99
100,blind,349,normal_recovery_2,1,unloaded,baseline,low,0.08091079412091733,0.4072607282763817,False,0.8325246020588636,1.1618262584069141,False,False,True,120,182,0.98
100,blind,350,normal_recovery_2,2,unloaded,baseline,low,0.0575472354329687,0.4072607282763817,False,0.7641091689665747,1.1618262584069141,False,False,True,120,183,0.97
100,blind,351,normal_recovery_2,3,unloaded,baseline,low,-0.12307747552877796,0.4072607282763817,False,0.8260042931616068,1.1618262584069141,False,False,True,120,184,0.96
100,blind,352,normal_recovery_2,4,unloaded,baseline,low,-0.07215481744003512,0.4072607282763817,False,0.8086575394528246,1.1618262584069141,False,False,True,120,185,0.95
100,blind,353,normal_recovery_2,5,unloaded,baseline,low,-0.11190843479106045,0.4072607282763817,False,0.8150006886882079,1.1618262584069141,False,False,True,120,186,0.94
100,blind,354,normal_recovery_2,6,unloaded,baseline,low,-0.07444357939868575,0.4072607282763817,False,0.7996102033344947,1.1618262584069141,False,False,True,120,187,0.93
100,blind,355,normal_recovery_2,7,unloaded,baseline,low,-0.1473430671863727,0.4072607282763817,False,0.7893263794042926,1.1618262584069141,False,False,True,120,188,0.92
100,blind,356,normal_recovery_2,8,unloaded,baseline,low,0.08699611124895522,0.4072607282763817,False,0.819778445928567,1.1618262584069141,False,False,True,120,189,0.91
100,blind,357,normal_recovery_2,9,unloaded,baseline,low,-0.01415314980228885,0.4072607282763817,False,0.8311540161702007,1.1618262584069141,False,False,True,120,190,0.9
100,blind,358,normal_recovery_2,10,unloaded,baseline,low,-0.11698105905137429,0.4072607282763817,False,0.8239146248393675,1.1618262584069141,False,False,True,120,191,0.89
100,blind,359,normal_recovery_2,11,unloaded,baseline,low,-0.062071117433028344,0.4072607282763817,False,0.8429781721753546,1.1618262584069141,False,False,True,120,192,0.88
100,blind,360,normal_recovery_2,12,unloaded,baseline,low,-0.005557743257911668,0.4072607282763817,False,0.8534497986611054,1.1618262584069141,False,False,True,120,193,0.87
100,blind,361,normal_recovery_2,13,unloaded,baseline,low,-0.3517973886402971,0.4072607282763817,False,0.717552353520096,1.1618262584069141,False,False,True,120,194,0.86
100,blind,362,normal_recovery_2,14,unloaded,baseline,low,-0.01873238816560032,0.4072607282763817,False,0.6292035813736786,1.1618262584069141,False,False,True,120,195,0.85
100,blind,363,normal_recovery_2,15,unloaded,baseline,low,-0.06480150825354287,0.4072607282763817,False,0.8233208324061662,1.1618262584069141,False,False,True,120,196,0.84
100,blind,364,normal_recovery_2,16,unloaded,baseline,low,0.004292730619091689,0.4072607282763817,False,0.7714178093603089,1.1618262584069141,False,False,True,120,197,0.83
100,blind,365,normal_recovery_2,17,unloaded,baseline,low,0.015034913072397918,0.4072607282763817,False,0.7280540453385171,1.1618262584069141,False,False,True,120,198,0.82
100,blind,366,normal_recovery_2,18,unloaded,baseline,low,-0.08985846205803943,0.4072607282763817,False,0.7413226179886626,1.1618262584069141,False,False,True,120,199,0.81
100,blind,367,normal_recovery_2,19,unloaded,baseline,low,-0.08428222188590057,0.4072607282763817,False,0.796669271820277,1.1618262584069141,False,False,True,120,200,0.8
100,blind,368,normal_recovery_2,20,unloaded,baseline,low,-0.15317915338123467,0.4072607282763817,False,0.8438521069331459,1.1618262584069141,False,False,True,120,201,0.79
100,blind,369,normal_recovery_2,21,unloaded,baseline,low,-0.10552076844690762,0.4072607282763817,False,0.8112540637250267,1.1618262584069141,False,False,True,120,202,0.78
100,blind,370,normal_recovery_2,22,unloaded,baseline,low,-0.09435572637430631,0.4072607282763817,False,0.6414228383668853,1.1618262584069141,False,False,True,120,203,0.77
100,blind,371,normal_recovery_2,23,unloaded,baseline,low,-0.20538375538086026,0.4072607282763817,False,0.721102195769265,1.1618262584069141,False,False,True,120,204,0.76
100,blind,372,normal_recovery_2,24,unloaded,baseline,low,-0.11922849100491353,0.4072607282763817,False,0.9089524642274868,1.1618262584069141,False,False,True,120,205,0.75
100,blind,373,normal_recovery_2,25,unloaded,baseline,low,-0.19205454103804126,0.4072607282763817,False,0.7706179488726423,1.1618262584069141,False,False,True,120,206,0.74
100,blind,374,normal_recovery_2,26,unloaded,baseline,low,-0.010509494301043101,0.4072607282763817,False,0.8500662757438121,1.1618262584069141,False,False,True,120,207,0.73
100,blind,375,normal_recovery_2,27,unloaded,baseline,low,-0.11983582777756815,0.4072607282763817,False,0.7907081774354041,1.1618262584069141,False,False,True,120,208,0.72
100,blind,376,normal_recovery_2,28,unloaded,baseline,low,-0.20792339108927618,0.4072607282763817,False,0.7492368012593699,1.1618262584069141,False,False,True,120,209,0.71
100,blind,377,normal_recovery_2,29,unloaded,baseline,low,-0.04372709435240968,0.4072607282763817,False,0.9131645346142812,1.1618262584069141,False,False,True,120,210,0.7
100,blind,378,persistent_attack_cpu,0,hiding,cpu,high,0.5391423052036124,0.4201396874464996,True,1.512903897424748,1.1618262584069141,True,True,True,121,210,0.7
100,blind,379,persistent_attack_cpu,1,hiding,cpu,high,0.7363780992581528,0.4201396874464996,True,1.45887464232611,1.1618262584069141,True,True,True,122,210,0.7
100,blind,380,persistent_attack_cpu,2,hiding,cpu,high,0.5784146597870121,0.4201396874464996,True,1.4664325472645432,1.1618262584069141,True,True,True,123,210,0.7
100,blind,381,persistent_attack_cpu,3,hiding,cpu,high,0.48873814530902465,0.4201396874464996,True,1.458388224260838,1.1618262584069141,True,True,True,124,210,0.7
100,blind,382,persistent_attack_cpu,4,hiding,cpu,high,0.517405525083443,0.4201396874464996,True,1.4321621835749148,1.1618262584069141,True,True,True,125,210,0.7
100,blind,383,persistent_attack_cpu,5,hiding,cpu,high,0.34943260391292036,0.4201396874464996,False,1.4081287091680592,1.1618262584069141,True,True,True,126,210,0.7
100,blind,384,persistent_attack_cpu,6,hiding,cpu,high,0.6314792565812564,0.4201396874464996,True,1.3811877813255997,1.1618262584069141,True,True,True,127,210,0.7
100,blind,385,persistent_attack_cpu,7,hiding,cpu,high,0.6045816483282622,0.4201396874464996,True,1.4608571644406285,1.1618262584069141,True,True,True,128,210,0.7
100,blind,386,persistent_attack_cpu,8,hiding,cpu,high,0.6523918081155433,0.4201396874464996,True,1.4937640835533577,1.1618262584069141,True,True,True,129,210,0.7
100,blind,387,persistent_attack_cpu,9,hiding,cpu,high,0.45616085114691235,0.4201396874464996,True,1.415010923856673,1.1618262584069141,True,True,True,130,210,0.7
100,blind,388,persistent_attack_cpu,10,hiding,cpu,high,0.4445006095852026,0.4201396874464996,True,1.438863183292752,1.1618262584069141,True,True,True,131,210,0.7
100,blind,389,persistent_attack_cpu,11,hiding,cpu,high,0.47096599943150147,0.4201396874464996,True,1.3953558140130464,1.1618262584069141,True,True,True,132,210,0.7
100,blind,390,persistent_attack_cpu,12,hiding,cpu,high,0.6960697140884988,0.4201396874464996,True,1.4945965267154049,1.1618262584069141,True,True,True,133,210,0.7
100,blind,391,persistent_attack_cpu,13,hiding,cpu,high,0.5498461923390643,0.4201396874464996,True,1.4526523657906365,1.1618262584069141,True,True,True,134,210,0.7
100,blind,392,persistent_attack_cpu,14,hiding,cpu,high,0.7008859586741278,0.4201396874464996,True,1.393086192569048,1.1618262584069141,True,True,True,135,210,0.7
100,blind,393,persistent_attack_cpu,15,hiding,cpu,high,0.6352629858401282,0.4201396874464996,True,1.4768948781964677,1.1618262584069141,True,True,True,136,210,0.7
100,blind,394,persistent_attack_cpu,16,hiding,cpu,high,0.6348369872664998,0.4201396874464996,True,1.432021136735989,1.1618262584069141,True,True,True,137,210,0.7
100,blind,395,persistent_attack_cpu,17,hiding,cpu,high,0.7245052088326912,0.4201396874464996,True,1.4044779941840928,1.1618262584069141,True,True,True,138,210,0.7
100,blind,396,persistent_attack_cpu,18,hiding,cpu,high,0.4549202717889498,0.4201396874464996,True,1.407537295705486,1.1618262584069141,True,True,True,139,210,0.7
100,blind,397,persistent_attack_cpu,19,hiding,cpu,high,0.6500235278212979,0.4201396874464996,True,1.4531897416183261,1.1618262584069141,True,True,True,140,210,0.7
100,blind,398,persistent_attack_cpu,20,hiding,cpu,high,0.5720604467703726,0.4201396874464996,True,1.430949245208847,1.1618262584069141,True,True,True,141,210,0.7
100,blind,399,persistent_attack_cpu,21,hiding,cpu,high,0.40743673023402704,0.4201396874464996,False,1.3430663016954496,1.1618262584069141,True,True,True,142,210,0.7
100,blind,400,persistent_attack_cpu,22,hiding,cpu,high,0.6989947931357177,0.4201396874464996,True,1.5979746872014893,1.1618262584069141,True,True,True,143,210,0.7
100,blind,401,persistent_attack_cpu,23,hiding,cpu,high,0.43071477730780194,0.4201396874464996,True,1.4391436804087827,1.1618262584069141,True,True,True,144,210,0.7
100,blind,402,persistent_attack_cpu,24,hiding,cpu,high,0.6797776657425698,0.4201396874464996,True,1.4864378985291427,1.1618262584069141,True,True,True,145,210,0.7
100,blind,403,persistent_attack_cpu,25,hiding,cpu,high,0.5877879916402649,0.4201396874464996,True,1.4489791906088754,1.1618262584069141,True,True,True,146,210,0.7
100,blind,404,persistent_attack_cpu,26,hiding,cpu,high,0.38894800534665713,0.4201396874464996,False,1.3349216363691607,1.1618262584069141,True,True,True,147,210,0.7
100,blind,405,persistent_attack_cpu,27,hiding,cpu,high,0.5640808030481204,0.4201396874464996,True,1.3395292641557657,1.1618262584069141,True,True,True,148,210,0.7
100,blind,406,persistent_attack_cpu,28,hiding,cpu,high,0.7187081120552551,0.4201396874464996,True,1.461214962458021,1.1618262584069141,True,True,True,149,210,0.7
100,blind,407,persistent_attack_cpu,29,hiding,cpu,high,0.6201163413041407,0.4201396874464996,True,1.4367720153635253,1.1618262584069141,True,True,True,150,210,0.7
100,blind,408,persistent_attack_cpu,30,hiding,cpu,high,0.5783218467102462,0.4201396874464996,True,1.3731625624139843,1.1618262584069141,True,True,True,151,210,0.7
100,blind,409,persistent_attack_cpu,31,hiding,cpu,high,0.6652794264750264,0.4201396874464996,True,1.3859867700530073,1.1618262584069141,True,True,True,152,210,0.7
100,blind,410,persistent_attack_cpu,32,hiding,cpu,high,0.5203733181586112,0.4201396874464996,True,1.4126639505848337,1.1618262584069141,True,True,True,153,210,0.7
100,blind,411,persistent_attack_cpu,33,hiding,cpu,high,0.4338875599878078,0.4201396874464996,True,1.3189608796600516,1.1618262584069141,True,True,True,154,210,0.7
100,blind,412,persistent_attack_cpu,34,hiding,cpu,high,0.5600164548098228,0.4201396874464996,True,1.3670868507704532,1.1618262584069141,True,True,True,155,210,0.7
100,blind,413,persistent_attack_cpu,35,hiding,cpu,high,0.4914535762906205,0.4201396874464996,True,1.2850910755523974,1.1618262584069141,True,True,True,156,210,0.7
100,blind,414,persistent_attack_cpu,36,hiding,cpu,high,0.6748873102467199,0.4201396874464996,True,1.3813968106475725,1.1618262584069141,True,True,True,157,210,0.7
100,blind,415,persistent_attack_cpu,37,hiding,cpu,high,0.5396619520195904,0.4201396874464996,True,1.3391245563630219,1.1618262584069141,True,True,True,158,210,0.7
100,blind,416,persistent_attack_cpu,38,hiding,cpu,high,0.6523166657437991,0.4201396874464996,True,1.3983170130517355,1.1618262584069141,True,True,True,159,210,0.7
100,blind,417,persistent_attack_cpu,39,hiding,cpu,high,0.5718341786834232,0.4201396874464996,True,1.2541889471061245,1.1618262584069141,True,True,True,160,210,0.7
100,blind,418,persistent_attack_cpu,40,hiding,cpu,high,0.47725587472685066,0.4201396874464996,True,1.244677647549657,1.1618262584069141,True,True,True,161,210,0.7
100,blind,419,persistent_attack_cpu,41,hiding,cpu,high,0.6644392579716075,0.4201396874464996,True,1.38778844463788,1.1618262584069141,True,True,True,162,210,0.7
100,blind,420,persistent_attack_cpu,42,hiding,cpu,high,0.379564709884458,0.4201396874464996,False,1.1924253263587616,1.1618262584069141,True,True,True,163,210,0.7
100,blind,421,persistent_attack_cpu,43,hiding,cpu,high,0.658114552663779,0.4201396874464996,True,1.2740265450381458,1.1618262584069141,True,True,True,164,210,0.7
100,blind,422,persistent_attack_cpu,44,hiding,cpu,high,0.5716487584526052,0.4201396874464996,True,1.2343809418367888,1.1618262584069141,True,True,True,165,210,0.7
100,blind,423,persistent_attack_cpu,45,hiding,cpu,high,0.378362251842741,0.4201396874464996,False,1.1751283349461987,1.1618262584069141,True,True,True,166,210,0.7
100,blind,424,persistent_attack_cpu,46,hiding,cpu,high,0.4171965920468738,0.4201396874464996,False,1.1951139793766863,1.1618262584069141,True,True,True,167,210,0.7
100,blind,425,persistent_attack_cpu,47,hiding,cpu,high,0.6160764126704901,0.4201396874464996,True,1.1962473399248958,1.1618262584069141,True,True,True,168,210,0.7
100,blind,426,persistent_attack_cpu,48,hiding,cpu,high,0.597725458305931,0.4201396874464996,True,1.151528679309162,1.1618262584069141,False,False,True,169,210,0.7
100,blind,427,persistent_attack_cpu,49,hiding,cpu,high,0.7255256709352148,0.4201396874464996,True,1.125517030942748,1.1618262584069141,False,False,True,170,210,0.7
100,blind,428,persistent_attack_cpu,50,hiding,cpu,high,0.5078591302708989,0.4201396874464996,True,1.0553208912508514,1.1618262584069141,False,False,True,171,210,0.7
100,blind,429,persistent_attack_cpu,51,hiding,cpu,high,0.4434024379449939,0.4201396874464996,True,1.0717555369885905,1.1618262584069141,False,False,True,172,210,0.7
100,blind,430,persistent_attack_cpu,52,hiding,cpu,high,0.5177564754415576,0.4201396874464996,True,0.8981975451428199,1.1618262584069141,False,False,True,173,210,0.7
100,blind,431,persistent_attack_cpu,53,hiding,cpu,high,0.4600001066224277,0.4201396874464996,True,1.056052843773671,1.1618262584069141,False,False,True,174,210,0.7
100,blind,432,persistent_attack_cpu,54,hiding,cpu,high,0.5576766796823124,0.4201396874464996,True,1.098408643498878,1.1618262584069141,False,False,True,175,210,0.7
100,blind,433,persistent_attack_cpu,55,hiding,cpu,high,0.4835704317394151,0.4201396874464996,True,1.0778577676108456,1.1618262584069141,False,False,True,176,210,0.7
100,blind,434,persistent_attack_cpu,56,hiding,cpu,high,0.6914315197591916,0.4201396874464996,True,1.0411162521145712,1.1618262584069141,False,False,True,177,210,0.7
100,blind,435,persistent_attack_cpu,57,hiding,cpu,high,0.7130621116899141,0.4201396874464996,True,1.0627065712949801,1.1618262584069141,False,False,True,178,210,0.7
100,blind,436,persistent_attack_cpu,58,hiding,cpu,high,0.4216161774261224,0.4201396874464996,True,1.0108542383120798,1.1618262584069141,False,False,True,179,210,0.7
100,blind,437,persistent_attack_cpu,59,hiding,cpu,high,0.5805072850696399,0.4201396874464996,True,1.0697388977163722,1.1618262584069141,False,False,True,180,210,0.7
100,blind,438,sham_negative_baseline,0,sham,baseline,low,0.3066869499747774,0.4072607282763817,False,0.7588442106498647,1.1618262584069141,False,False,True,180,211,0.69
100,blind,439,sham_negative_baseline,1,sham,baseline,low,0.13213953149829796,0.4072607282763817,False,0.7655023767732435,1.1618262584069141,False,False,True,180,212,0.68
100,blind,440,sham_negative_baseline,2,sham,baseline,low,0.28524299678316223,0.4072607282763817,False,0.7584654207502174,1.1618262584069141,False,False,True,180,213,0.67
100,blind,441,sham_negative_baseline,3,sham,baseline,low,0.43108660992559134,0.4072607282763817,True,0.7273593008925571,1.1618262584069141,False,False,True,180,214,0.66
100,blind,442,sham_negative_baseline,4,sham,baseline,low,0.24277169342927574,0.4072607282763817,False,0.5649411275134844,1.1618262584069141,False,False,True,180,215,0.65
100,blind,443,sham_negative_baseline,5,sham,baseline,low,0.30739298083404343,0.4072607282763817,False,0.7496785620922006,1.1618262584069141,False,False,True,180,216,0.64
100,blind,444,sham_negative_baseline,6,sham,baseline,low,0.10718613249089964,0.4072607282763817,False,0.751647202556565,1.1618262584069141,False,False,True,180,217,0.63
100,blind,445,sham_negative_baseline,7,sham,baseline,low,0.3676046266332589,0.4072607282763817,False,0.8117574250822934,1.1618262584069141,False,False,True,180,218,0.62
100,blind,446,sham_negative_baseline,8,sham,baseline,low,0.279070533999126,0.4072607282763817,False,0.7573850692758711,1.1618262584069141,False,False,True,180,219,0.61
100,blind,447,sham_negative_baseline,9,sham,baseline,low,0.20116052241044763,0.4072607282763817,False,0.8226969840854892,1.1618262584069141,False,False,True,180,220,0.6
100,blind,448,sham_negative_baseline,10,sham,baseline,low,0.26164151863652246,0.4072607282763817,False,0.7576624928643452,1.1618262584069141,False,False,True,180,221,0.6
100,blind,449,sham_negative_baseline,11,sham,baseline,low,0.32091725630248785,0.4072607282763817,False,0.7168118694615315,1.1618262584069141,False,False,True,180,222,0.6
100,blind,450,sham_negative_baseline,12,sham,baseline,low,0.07424228910369565,0.4072607282763817,False,0.741441215542123,1.1618262584069141,False,False,True,180,223,0.6
100,blind,451,sham_negative_baseline,13,sham,baseline,low,0.22727699989317024,0.4072607282763817,False,0.7948585939959133,1.1618262584069141,False,False,True,180,224,0.6
100,blind,452,sham_negative_baseline,14,sham,baseline,low,0.1139012452815699,0.4072607282763817,False,0.7277781038097728,1.1618262584069141,False,False,True,180,225,0.6
100,blind,453,sham_negative_baseline,15,sham,baseline,low,0.1186710535092125,0.4072607282763817,False,0.7298721183958514,1.1618262584069141,False,False,True,180,226,0.6
100,blind,454,sham_negative_baseline,16,sham,baseline,low,0.1506308186894278,0.4072607282763817,False,0.7468803183969185,1.1618262584069141,False,False,True,180,227,0.6
100,blind,455,sham_negative_baseline,17,sham,baseline,low,0.26851320220046154,0.4072607282763817,False,0.7982757056962532,1.1618262584069141,False,False,True,180,228,0.6
100,blind,456,sham_negative_baseline,18,sham,baseline,low,0.24745496029257844,0.4072607282763817,False,0.7674336717545441,1.1618262584069141,False,False,True,180,229,0.6
100,blind,457,sham_negative_baseline,19,sham,baseline,low,0.2521682049131163,0.4072607282763817,False,0.7123917647874776,1.1618262584069141,False,False,True,180,230,0.6
100,blind,458,sham_negative_cpu,0,sham,cpu,high,0.1935300395235584,0.4201396874464996,False,0.7916628876594519,1.1618262584069141,False,False,True,180,231,0.6
100,blind,459,sham_negative_cpu,1,sham,cpu,high,0.33734142471541395,0.4201396874464996,False,0.8110745362491264,1.1618262584069141,False,False,True,180,232,0.6
100,blind,460,sham_negative_cpu,2,sham,cpu,high,0.3021218597995856,0.4201396874464996,False,0.8231024493301821,1.1618262584069141,False,False,True,180,233,0.6
100,blind,461,sham_negative_cpu,3,sham,cpu,high,0.2996725369014174,0.4201396874464996,False,0.8289416823606613,1.1618262584069141,False,False,True,180,234,0.6
100,blind,462,sham_negative_cpu,4,sham,cpu,high,0.3432178898208388,0.4201396874464996,False,0.8911059064549,1.1618262584069141,False,False,True,180,235,0.6
100,blind,463,sham_negative_cpu,5,sham,cpu,high,0.32042987070814133,0.4201396874464996,False,0.8196239843362374,1.1618262584069141,False,False,True,180,236,0.6
100,blind,464,sham_negative_cpu,6,sham,cpu,high,0.20980898464525544,0.4201396874464996,False,0.8002630189021495,1.1618262584069141,False,False,True,180,237,0.6
100,blind,465,sham_negative_cpu,7,sham,cpu,high,0.1085565315804525,0.4201396874464996,False,0.7980276249873293,1.1618262584069141,False,False,True,180,238,0.6
100,blind,466,sham_negative_cpu,8,sham,cpu,high,0.13505016515338814,0.4201396874464996,False,0.8330256776871409,1.1618262584069141,False,False,True,180,239,0.6
100,blind,467,sham_negative_cpu,9,sham,cpu,high,0.20743276604904787,0.4201396874464996,False,0.80727329958013,1.1618262584069141,False,False,True,180,240,0.6
100,blind,468,sham_negative_cpu,10,sham,cpu,high,0.2822974199896392,0.4201396874464996,False,0.8107464295050657,1.1618262584069141,False,False,True,180,241,0.6
100,blind,469,sham_negative_cpu,11,sham,cpu,high,0.23415885339176945,0.4201396874464996,False,0.8275252215387406,1.1618262584069141,False,False,True,180,242,0.6
100,blind,470,sham_negative_cpu,12,sham,cpu,high,0.3172811791779722,0.4201396874464996,False,0.8093619790971996,1.1618262584069141,False,False,True,180,243,0.6
100,blind,471,sham_negative_cpu,13,sham,cpu,high,0.2679186141357166,0.4201396874464996,False,0.815430620095071,1.1618262584069141,False,False,True,180,244,0.6
100,blind,472,sham_negative_cpu,14,sham,cpu,high,0.21711324705034685,0.4201396874464996,False,0.8072386216315708,1.1618262584069141,False,False,True,180,245,0.6
100,blind,473,sham_negative_cpu,15,sham,cpu,high,0.36554839339925327,0.4201396874464996,False,0.8697282849353657,1.1618262584069141,False,False,True,180,246,0.6
100,blind,474,sham_negative_cpu,16,sham,cpu,high,0.21554623224824612,0.4201396874464996,False,0.8334098026557973,1.1618262584069141,False,False,True,180,247,0.6
100,blind,475,sham_negative_cpu,17,sham,cpu,high,0.29933694840226915,0.4201396874464996,False,0.8277733022476645,1.1618262584069141,False,False,True,180,248,0.6
100,blind,476,sham_negative_cpu,18,sham,cpu,high,0.1310707467832787,0.4201396874464996,False,0.8043470142286291,1.1618262584069141,False,False,True,180,249,0.6
100,blind,477,sham_negative_cpu,19,sham,cpu,high,0.29467898489096267,0.4201396874464996,False,0.8352930820160159,1.1618262584069141,False,False,True,180,250,0.6
100,guarded,48,normal_pre,0,unloaded,baseline,low,-0.013129017821956662,0.4072607282763817,False,0.930076814971256,1.1618262584069141,False,False,True,0,1,0.0
100,guarded,49,normal_pre,1,unloaded,baseline,low,0.02915973041011151,0.4072607282763817,False,0.9557028361656751,1.1618262584069141,False,False,True,0,2,0.0
100,guarded,50,normal_pre,2,unloaded,baseline,low,0.062253997828533636,0.4072607282763817,False,1.0684680216823845,1.1618262584069141,False,False,True,0,3,0.0
100,guarded,51,normal_pre,3,unloaded,baseline,low,-0.022267757852089856,0.4072607282763817,False,0.9136531211380121,1.1618262584069141,False,False,True,0,4,0.0
100,guarded,52,normal_pre,4,unloaded,baseline,low,-0.10674230292600287,0.4072607282763817,False,1.0475641979357475,1.1618262584069141,False,False,True,0,5,0.0
100,guarded,53,normal_pre,5,unloaded,baseline,low,-0.08862468702832349,0.4072607282763817,False,0.9357938813075877,1.1618262584069141,False,False,True,0,6,0.0
100,guarded,54,normal_pre,6,unloaded,baseline,low,-0.13812266139507223,0.4072607282763817,False,0.9469858765874508,1.1618262584069141,False,False,True,0,7,0.0
100,guarded,55,normal_pre,7,unloaded,baseline,low,-0.05181336757519998,0.4072607282763817,False,0.9494592913497528,1.1618262584069141,False,False,True,0,8,0.0
100,guarded,56,normal_pre,8,unloaded,baseline,low,-0.06522801557764636,0.4072607282763817,False,1.0597088739058045,1.1618262584069141,False,False,True,0,9,0.0
100,guarded,57,normal_pre,9,unloaded,baseline,low,0.023941854381834025,0.4072607282763817,False,1.0473652047708946,1.1618262584069141,False,False,True,0,10,0.0
100,guarded,58,normal_pre,10,unloaded,baseline,low,-0.12319227544356848,0.4072607282763817,False,0.9298895350232368,1.1618262584069141,False,False,True,0,11,0.0
100,guarded,59,normal_pre,11,unloaded,baseline,low,-0.01008490545718218,0.4072607282763817,False,0.9594004735974858,1.1618262584069141,False,False,True,0,12,0.0
100,guarded,60,normal_pre,12,unloaded,baseline,low,-0.00488881191045643,0.4072607282763817,False,1.0482462647609943,1.1618262584069141,False,False,True,0,13,0.0
100,guarded,61,normal_pre,13,unloaded,baseline,low,-0.0603410159852716,0.4072607282763817,False,0.9960551730158557,1.1618262584069141,False,False,True,0,14,0.0
100,guarded,62,normal_pre,14,unloaded,baseline,low,-0.10236573508134322,0.4072607282763817,False,0.9497940317029901,1.1618262584069141,False,False,True,0,15,0.0
100,guarded,63,normal_pre,15,unloaded,baseline,low,-0.050877316012857804,0.4072607282763817,False,0.9425597765057107,1.1618262584069141,False,False,True,0,16,0.0
100,guarded,64,normal_pre,16,unloaded,baseline,low,-0.05510479107338977,0.4072607282763817,False,0.9581905225978202,1.1618262584069141,False,False,True,0,17,0.0
100,guarded,65,normal_pre,17,unloaded,baseline,low,0.03521835357545315,0.4072607282763817,False,1.051979102098645,1.1618262584069141,False,False,True,0,18,0.0
100,guarded,66,normal_pre,18,unloaded,baseline,low,0.08208186588175982,0.4072607282763817,False,1.097171865665684,1.1618262584069141,False,False,True,0,19,0.0
100,guarded,67,normal_pre,19,unloaded,baseline,low,-0.11859108626620898,0.4072607282763817,False,1.1412779710224317,1.1618262584069141,False,False,True,0,20,0.0
100,guarded,68,normal_pre,20,unloaded,baseline,low,-0.09442363335705675,0.4072607282763817,False,0.9507124835649053,1.1618262584069141,False,False,True,0,21,0.0
100,guarded,69,normal_pre,21,unloaded,baseline,low,-0.08782596223184766,0.4072607282763817,False,0.9681739749664484,1.1618262584069141,False,False,True,0,22,0.0
100,guarded,70,normal_pre,22,unloaded,baseline,low,0.019664381033028908,0.4072607282763817,False,1.2588597715578826,1.1618262584069141,True,True,True,0,23,0.0
100,guarded,71,normal_pre,23,unloaded,baseline,low,0.01282746574072316,0.4072607282763817,False,1.2293171920790995,1.1618262584069141,True,True,True,0,24,0.0
100,guarded,72,normal_pre,24,unloaded,baseline,low,0.0729093044730977,0.4072607282763817,False,1.0734242126872098,1.1618262584069141,False,False,True,0,25,0.0
100,guarded,73,normal_pre,25,unloaded,baseline,low,-0.0424289024717688,0.4072607282763817,False,0.967846659173496,1.1618262584069141,False,False,True,0,26,0.0
100,guarded,74,normal_pre,26,unloaded,baseline,low,0.021322211923292086,0.4072607282763817,False,1.12030899344783,1.1618262584069141,False,False,True,0,27,0.0
100,guarded,75,normal_pre,27,unloaded,baseline,low,-0.12866787070571195,0.4072607282763817,False,0.9519745959689652,1.1618262584069141,False,False,True,0,28,0.0
100,guarded,76,normal_pre,28,unloaded,baseline,low,-0.057205214009062484,0.4072607282763817,False,1.0174314509625977,1.1618262584069141,False,False,True,0,29,0.0
100,guarded,77,normal_pre,29,unloaded,baseline,low,-0.07285759387285287,0.4072607282763817,False,0.9639945874573053,1.1618262584069141,False,False,True,0,30,0.0
100,guarded,78,benign_cpu_drift,0,unloaded,cpu,high,-0.0501685258608878,0.4201396874464996,False,1.260197959178095,1.1618262584069141,True,True,True,0,31,0.0
100,guarded,79,benign_cpu_drift,1,unloaded,cpu,high,0.03502539943958842,0.4201396874464996,False,1.3806949006427394,1.1618262584069141,True,True,True,0,32,0.0
100,guarded,80,benign_cpu_drift,2,unloaded,cpu,high,0.06246995540720886,0.4201396874464996,False,1.3662458748778368,1.1618262584069141,True,True,True,0,33,0.0
100,guarded,81,benign_cpu_drift,3,unloaded,cpu,high,0.09082941727543728,0.4201396874464996,False,1.292136159694796,1.1618262584069141,True,True,True,0,34,0.0
100,guarded,82,benign_cpu_drift,4,unloaded,cpu,high,-0.10293138323129049,0.4201396874464996,False,1.2544625649613887,1.1618262584069141,True,True,True,0,35,0.0
100,guarded,83,benign_cpu_drift,5,unloaded,cpu,high,0.12588126196769284,0.4201396874464996,False,1.3596853956228956,1.1618262584069141,True,True,True,0,36,0.0
100,guarded,84,benign_cpu_drift,6,unloaded,cpu,high,-0.007133780945795443,0.4201396874464996,False,1.3316405973065015,1.1618262584069141,True,True,True,0,37,0.0
100,guarded,85,benign_cpu_drift,7,unloaded,cpu,high,-0.010431486320128747,0.4201396874464996,False,1.2850395516950353,1.1618262584069141,True,True,True,0,38,0.0
100,guarded,86,benign_cpu_drift,8,unloaded,cpu,high,0.04911880143500191,0.4201396874464996,False,1.2731350774829036,1.1618262584069141,True,True,True,0,39,0.0
100,guarded,87,benign_cpu_drift,9,unloaded,cpu,high,-0.006218593713696419,0.4201396874464996,False,1.2602973306982734,1.1618262584069141,True,True,True,0,40,0.0
100,guarded,88,benign_cpu_drift,10,unloaded,cpu,high,0.04799033605196297,0.4201396874464996,False,1.2853241324674511,1.1618262584069141,True,True,True,0,41,0.0
100,guarded,89,benign_cpu_drift,11,unloaded,cpu,high,-0.015083657762214066,0.4201396874464996,False,1.2634989763439068,1.1618262584069141,True,True,True,0,42,0.0
100,guarded,90,benign_cpu_drift,12,unloaded,cpu,high,0.028434895087584476,0.4201396874464996,False,1.271969397725619,1.1618262584069141,True,True,True,0,43,0.0
100,guarded,91,benign_cpu_drift,13,unloaded,cpu,high,0.04012470523741363,0.4201396874464996,False,1.2934783172326536,1.1618262584069141,True,True,True,0,44,0.0
100,guarded,92,benign_cpu_drift,14,unloaded,cpu,high,0.0604274748504325,0.4201396874464996,False,1.254435570568898,1.1618262584069141,True,True,True,0,45,0.0
100,guarded,93,benign_cpu_drift,15,unloaded,cpu,high,0.028379435388274393,0.4201396874464996,False,1.232495418732982,1.1618262584069141,True,True,True,0,46,0.0
100,guarded,94,benign_cpu_drift,16,unloaded,cpu,high,-0.0841541904997875,0.4201396874464996,False,1.2845183235992554,1.1618262584069141,True,True,True,0,47,0.0
100,guarded,95,benign_cpu_drift,17,unloaded,cpu,high,0.10982917271061138,0.4201396874464996,False,1.3031622586543212,1.1618262584069141,True,True,True,0,48,0.0
100,guarded,96,benign_cpu_drift,18,unloaded,cpu,high,-0.10645979201596495,0.4201396874464996,False,1.2253813723293754,1.1618262584069141,True,True,True,0,49,0.0
100,guarded,97,benign_cpu_drift,19,unloaded,cpu,high,-0.11173540812200224,0.4201396874464996,False,1.2187278882129857,1.1618262584069141,True,True,True,0,50,0.0
100,guarded,98,benign_cpu_drift,20,unloaded,cpu,high,0.03763375442337867,0.4201396874464996,False,1.2872464799471357,1.1618262584069141,True,True,True,0,51,0.0
100,guarded,99,benign_cpu_drift,21,unloaded,cpu,high,0.06844934071757651,0.4201396874464996,False,1.2310331700631931,1.1618262584069141,True,True,True,0,52,0.0
100,guarded,100,benign_cpu_drift,22,unloaded,cpu,high,-0.06541688796260117,0.4201396874464996,False,1.1956142675094945,1.1618262584069141,True,True,True,0,53,0.0
100,guarded,101,benign_cpu_drift,23,unloaded,cpu,high,-0.036308081028168834,0.4201396874464996,False,1.2086816881617906,1.1618262584069141,True,True,True,0,54,0.0
100,guarded,102,benign_cpu_drift,24,unloaded,cpu,high,0.1018275154979757,0.4201396874464996,False,1.3246237191437187,1.1618262584069141,True,True,True,0,55,0.0
100,guarded,103,benign_cpu_drift,25,unloaded,cpu,high,0.024504046827311696,0.4201396874464996,False,1.2757317894841913,1.1618262584069141,True,True,True,0,56,0.0
100,guarded,104,benign_cpu_drift,26,unloaded,cpu,high,-0.02892492218531792,0.4201396874464996,False,1.2063748948057704,1.1618262584069141,True,True,True,0,57,0.0
100,guarded,105,benign_cpu_drift,27,unloaded,cpu,high,0.09157653043267683,0.4201396874464996,False,1.3429521098209893,1.1618262584069141,True,True,True,0,58,0.0
100,guarded,106,benign_cpu_drift,28,unloaded,cpu,high,0.04450184999228594,0.4201396874464996,False,1.2319403279984193,1.1618262584069141,True,True,True,0,59,0.0
100,guarded,107,benign_cpu_drift,29,unloaded,cpu,high,0.03446267922974014,0.4201396874464996,False,1.189625111120934,1.1618262584069141,True,True,True,0,60,0.0
100,guarded,108,benign_cpu_drift,30,unloaded,cpu,high,-0.12694031359445646,0.4201396874464996,False,1.220458717842019,1.1618262584069141,True,True,True,0,61,0.0
100,guarded,109,benign_cpu_drift,31,unloaded,cpu,high,-0.051660685191195654,0.4201396874464996,False,1.1473138691118128,1.1618262584069141,False,False,True,0,62,0.0
100,guarded,110,benign_cpu_drift,32,unloaded,cpu,high,0.06902403902898262,0.4201396874464996,False,1.1765607418616382,1.1618262584069141,True,True,True,0,63,0.0
100,guarded,111,benign_cpu_drift,33,unloaded,cpu,high,0.011988617186349092,0.4201396874464996,False,1.1446021837113451,1.1618262584069141,False,False,True,0,64,0.0
100,guarded,112,benign_cpu_drift,34,unloaded,cpu,high,-0.04887910155404421,0.4201396874464996,False,1.2181408447994304,1.1618262584069141,True,True,True,0,65,0.0
100,guarded,113,benign_cpu_drift,35,unloaded,cpu,high,0.13759478059341215,0.4201396874464996,False,1.2225672679101112,1.1618262584069141,True,True,True,0,66,0.0
100,guarded,114,benign_cpu_drift,36,unloaded,cpu,high,0.08199994994651774,0.4201396874464996,False,1.154550848739398,1.1618262584069141,False,False,True,0,67,0.0
100,guarded,115,benign_cpu_drift,37,unloaded,cpu,high,0.06232149429272928,0.4201396874464996,False,1.0892285318121666,1.1618262584069141,False,False,True,0,68,0.0
100,guarded,116,benign_cpu_drift,38,unloaded,cpu,high,-0.0311456301660804,0.4201396874464996,False,1.099368140556763,1.1618262584069141,False,False,True,0,69,0.0
100,guarded,117,benign_cpu_drift,39,unloaded,cpu,high,0.02873787024547747,0.4201396874464996,False,1.0884153677512498,1.1618262584069141,False,False,True,0,70,0.0
100,guarded,118,benign_cpu_drift,40,unloaded,cpu,high,-0.007454873963552531,0.4201396874464996,False,1.0970347905547684,1.1618262584069141,False,False,True,0,71,0.0
100,guarded,119,benign_cpu_drift,41,unloaded,cpu,high,-0.003564169829999171,0.4201396874464996,False,1.0556474046081983,1.1618262584069141,False,False,True,0,72,0.0
100,guarded,120,benign_cpu_drift,42,unloaded,cpu,high,-0.06032923537067803,0.4201396874464996,False,1.0682940321944823,1.1618262584069141,False,False,True,0,73,0.0
100,guarded,121,benign_cpu_drift,43,unloaded,cpu,high,0.01896076433608831,0.4201396874464996,False,1.07092069358946,1.1618262584069141,False,False,True,0,74,0.0
100,guarded,122,benign_cpu_drift,44,unloaded,cpu,high,0.027739249267080678,0.4201396874464996,False,1.0879726473405467,1.1618262584069141,False,False,True,0,75,0.0
100,guarded,123,benign_cpu_drift,45,unloaded,cpu,high,0.004194705921908411,0.4201396874464996,False,1.0514948258482164,1.1618262584069141,False,False,True,0,76,0.0
100,guarded,124,benign_cpu_drift,46,unloaded,cpu,high,-0.04797797596664044,0.4201396874464996,False,1.0044537283522903,1.1618262584069141,False,False,True,0,77,0.0
100,guarded,125,benign_cpu_drift,47,unloaded,cpu,high,0.06825115144006204,0.4201396874464996,False,1.0624610624907291,1.1618262584069141,False,False,True,0,78,0.0
100,guarded,126,benign_cpu_drift,48,unloaded,cpu,high,0.11093272296470072,0.4201396874464996,False,1.0814264279834171,1.1618262584069141,False,False,True,0,79,0.0
100,guarded,127,benign_cpu_drift,49,unloaded,cpu,high,-0.050597872115767724,0.4201396874464996,False,1.010478396496775,1.1618262584069141,False,False,True,0,80,0.0
100,guarded,128,benign_cpu_drift,50,unloaded,cpu,high,0.009512836313522736,0.4201396874464996,False,1.0486056551013339,1.1618262584069141,False,False,True,0,81,0.0
100,guarded,129,benign_cpu_drift,51,unloaded,cpu,high,-0.05754179155771201,0.4201396874464996,False,1.0457868654549138,1.1618262584069141,False,False,True,0,82,0.0
100,guarded,130,benign_cpu_drift,52,unloaded,cpu,high,0.002670049939858589,0.4201396874464996,False,1.0487915942860033,1.1618262584069141,False,False,True,0,83,0.0
100,guarded,131,benign_cpu_drift,53,unloaded,cpu,high,-0.07035214909229938,0.4201396874464996,False,1.0003242897212794,1.1618262584069141,False,False,True,0,84,0.0
100,guarded,132,benign_cpu_drift,54,unloaded,cpu,high,-0.1840835942669565,0.4201396874464996,False,0.9959428247792976,1.1618262584069141,False,False,True,0,85,0.0
100,guarded,133,benign_cpu_drift,55,unloaded,cpu,high,0.11056317767438455,0.4201396874464996,False,1.0677512824184432,1.1618262584069141,False,False,True,0,86,0.0
100,guarded,134,benign_cpu_drift,56,unloaded,cpu,high,-0.010670714554329299,0.4201396874464996,False,0.9935721038148395,1.1618262584069141,False,False,True,0,87,0.0
100,guarded,135,benign_cpu_drift,57,unloaded,cpu,high,0.027690407166944805,0.4201396874464996,False,1.025791561728759,1.1618262584069141,False,False,True,0,88,0.0
100,guarded,136,benign_cpu_drift,58,unloaded,cpu,high,0.0002715660720089205,0.4201396874464996,False,1.0195363408785143,1.1618262584069141,False,False,True,0,89,0.0
100,guarded,137,benign_cpu_drift,59,unloaded,cpu,high,-0.019799358356748533,0.4201396874464996,False,1.0222240911671328,1.1618262584069141,False,False,True,0,90,0.0
100,guarded,138,benign_cpu_drift,60,unloaded,cpu,high,-0.0220332790958685,0.4201396874464996,False,1.0617161826839245,1.1618262584069141,False,False,True,0,91,0.0
100,guarded,139,benign_cpu_drift,61,unloaded,cpu,high,0.02050837752192379,0.4201396874464996,False,0.9982276988927298,1.1618262584069141,False,False,True,0,92,0.0
100,guarded,140,benign_cpu_drift,62,unloaded,cpu,high,0.056237054988069794,0.4201396874464996,False,1.0330341878555576,1.1618262584069141,False,False,True,0,93,0.0
100,guarded,141,benign_cpu_drift,63,unloaded,cpu,high,-0.021298975669213523,0.4201396874464996,False,1.0083144746877384,1.1618262584069141,False,False,True,0,94,0.0
100,guarded,142,benign_cpu_drift,64,unloaded,cpu,high,-0.03837971605705722,0.4201396874464996,False,1.0165629877809255,1.1618262584069141,False,False,True,0,95,0.0
100,guarded,143,benign_cpu_drift,65,unloaded,cpu,high,0.06234983553578987,0.4201396874464996,False,0.9823556532104986,1.1618262584069141,False,False,True,0,96,0.0
100,guarded,144,benign_cpu_drift,66,unloaded,cpu,high,0.01679936815311069,0.4201396874464996,False,0.9842953683589678,1.1618262584069141,False,False,True,0,97,0.0
100,guarded,145,benign_cpu_drift,67,unloaded,cpu,high,0.07528643907242703,0.4201396874464996,False,1.0458055217501465,1.1618262584069141,False,False,True,0,98,0.0
100,guarded,146,benign_cpu_drift,68,unloaded,cpu,high,-0.05556548278930551,0.4201396874464996,False,0.984384432978783,1.1618262584069141,False,False,True,0,99,0.0
100,guarded,147,benign_cpu_drift,69,unloaded,cpu,high,0.01991626375725081,0.4201396874464996,False,1.0137235254211971,1.1618262584069141,False,False,True,0,100,0.0
100,guarded,148,benign_cpu_drift,70,unloaded,cpu,high,-0.01776991343567192,0.4201396874464996,False,0.984465021428986,1.1618262584069141,False,False,True,0,101,0.0
100,guarded,149,benign_cpu_drift,71,unloaded,cpu,high,-0.10111022834857966,0.4201396874464996,False,0.9935961734545846,1.1618262584069141,False,False,True,0,102,0.0
100,guarded,150,benign_cpu_drift,72,unloaded,cpu,high,0.006687429843258738,0.4201396874464996,False,1.0309083071515615,1.1618262584069141,False,False,True,0,103,0.0
100,guarded,151,benign_cpu_drift,73,unloaded,cpu,high,0.0511534913218853,0.4201396874464996,False,0.9798861401511231,1.1618262584069141,False,False,True,0,104,0.0
100,guarded,152,benign_cpu_drift,74,unloaded,cpu,high,-0.007559506386308435,0.4201396874464996,False,1.0094400165614326,1.1618262584069141,False,False,True,0,105,0.0
100,guarded,153,benign_cpu_drift,75,unloaded,cpu,high,-0.020025907752125826,0.4201396874464996,False,0.9783780542523298,1.1618262584069141,False,False,True,0,106,0.0
100,guarded,154,benign_cpu_drift,76,unloaded,cpu,high,-0.04786406468041781,0.4201396874464996,False,1.00902551335838,1.1618262584069141,False,False,True,0,107,0.0
100,guarded,155,benign_cpu_drift,77,unloaded,cpu,high,0.0037397595726607405,0.4201396874464996,False,0.9756847319949262,1.1618262584069141,False,False,True,0,108,0.0
100,guarded,156,benign_cpu_drift,78,unloaded,cpu,high,-0.12005767832784926,0.4201396874464996,False,0.968524433022489,1.1618262584069141,False,False,True,0,109,0.0
100,guarded,157,benign_cpu_drift,79,unloaded,cpu,high,-0.05080294153433208,0.4201396874464996,False,1.0099781431150812,1.1618262584069141,False,False,True,0,110,0.0
100,guarded,158,benign_cpu_drift,80,unloaded,cpu,high,0.08027289635754616,0.4201396874464996,False,1.0452562040132742,1.1618262584069141,False,False,True,0,111,0.0
100,guarded,159,benign_cpu_drift,81,unloaded,cpu,high,-0.058256766589441615,0.4201396874464996,False,0.9661084488343908,1.1618262584069141,False,False,True,0,112,0.0
100,guarded,160,benign_cpu_drift,82,unloaded,cpu,high,0.009694487883445523,0.4201396874464996,False,1.041836399711772,1.1618262584069141,False,False,True,0,113,0.0
100,guarded,161,benign_cpu_drift,83,unloaded,cpu,high,-0.06733478458028248,0.4201396874464996,False,1.0122626574113636,1.1618262584069141,False,False,True,0,114,0.0
100,guarded,162,benign_cpu_drift,84,unloaded,cpu,high,0.09906148158870344,0.4201396874464996,False,1.0500397075052341,1.1618262584069141,False,False,True,0,115,0.0
100,guarded,163,benign_cpu_drift,85,unloaded,cpu,high,-0.006014723719478027,0.4201396874464996,False,1.0003463403371047,1.1618262584069141,False,False,True,0,116,0.0
100,guarded,164,benign_cpu_drift,86,unloaded,cpu,high,0.144556457702778,0.4201396874464996,False,1.1775861216008972,1.1618262584069141,True,True,True,0,117,0.0
100,guarded,165,benign_cpu_drift,87,unloaded,cpu,high,-0.13706309324930055,0.4201396874464996,False,0.9895426291404923,1.1618262584069141,False,False,True,0,118,0.0
100,guarded,166,benign_cpu_drift,88,unloaded,cpu,high,-0.016694883868113672,0.4201396874464996,False,1.0399622429968178,1.1618262584069141,False,False,True,0,119,0.0
100,guarded,167,benign_cpu_drift,89,unloaded,cpu,high,-0.10478673981408404,0.4201396874464996,False,0.970620329002903,1.1618262584069141,False,False,True,0,120,0.0
100,guarded,168,benign_cpu_drift,90,unloaded,cpu,high,0.04458691887972936,0.4201396874464996,False,0.9812521875193017,1.1618262584069141,False,False,True,0,121,0.0
100,guarded,169,benign_cpu_drift,91,unloaded,cpu,high,0.04902703821332258,0.4201396874464996,False,1.0081241893310824,1.1618262584069141,False,False,True,0,122,0.0
100,guarded,170,benign_cpu_drift,92,unloaded,cpu,high,0.020012211966516924,0.4201396874464996,False,1.0038183312782574,1.1618262584069141,False,False,True,0,123,0.0
100,guarded,171,benign_cpu_drift,93,unloaded,cpu,high,0.04341204186233408,0.4201396874464996,False,1.022127963603216,1.1618262584069141,False,False,True,0,124,0.0
100,guarded,172,benign_cpu_drift,94,unloaded,cpu,high,0.045211078267062846,0.4201396874464996,False,1.0731988567231123,1.1618262584069141,False,False,True,0,125,0.0
100,guarded,173,benign_cpu_drift,95,unloaded,cpu,high,-0.055755206183832576,0.4201396874464996,False,0.9820705942165059,1.1618262584069141,False,False,True,0,126,0.0
100,guarded,174,benign_cpu_drift,96,unloaded,cpu,high,-0.07323630898216363,0.4201396874464996,False,0.9533827249580773,1.1618262584069141,False,False,True,0,127,0.0
100,guarded,175,benign_cpu_drift,97,unloaded,cpu,high,0.069598542746756,0.4201396874464996,False,1.0014760087084513,1.1618262584069141,False,False,True,0,128,0.0
100,guarded,176,benign_cpu_drift,98,unloaded,cpu,high,0.003433951938095181,0.4201396874464996,False,1.013940265368907,1.1618262584069141,False,False,True,0,129,0.0
100,guarded,177,benign_cpu_drift,99,unloaded,cpu,high,0.10943720659776723,0.4201396874464996,False,1.088769654997349,1.1618262584069141,False,False,True,0,130,0.0
100,guarded,178,benign_cpu_drift,100,unloaded,cpu,high,0.03352798298662593,0.4201396874464996,False,1.00630679131501,1.1618262584069141,False,False,True,0,131,0.0
100,guarded,179,benign_cpu_drift,101,unloaded,cpu,high,0.07089903976110092,0.4201396874464996,False,1.034324099734331,1.1618262584069141,False,False,True,0,132,0.0
100,guarded,180,benign_cpu_drift,102,unloaded,cpu,high,0.0701341206165438,0.4201396874464996,False,0.9887755895680935,1.1618262584069141,False,False,True,0,133,0.0
100,guarded,181,benign_cpu_drift,103,unloaded,cpu,high,0.019336414524932195,0.4201396874464996,False,1.007580022148485,1.1618262584069141,False,False,True,0,134,0.0
100,guarded,182,benign_cpu_drift,104,unloaded,cpu,high,0.07327162141908039,0.4201396874464996,False,1.010753656529766,1.1618262584069141,False,False,True,0,135,0.0
100,guarded,183,benign_cpu_drift,105,unloaded,cpu,high,-0.06960709691132114,0.4201396874464996,False,0.9936390178430767,1.1618262584069141,False,False,True,0,136,0.0
100,guarded,184,benign_cpu_drift,106,unloaded,cpu,high,-0.08134367198582042,0.4201396874464996,False,0.9901919447867076,1.1618262584069141,False,False,True,0,137,0.0
100,guarded,185,benign_cpu_drift,107,unloaded,cpu,high,-0.02413475739789141,0.4201396874464996,False,1.0081531807230395,1.1618262584069141,False,False,True,0,138,0.0
100,guarded,186,benign_cpu_drift,108,unloaded,cpu,high,0.0765152263956924,0.4201396874464996,False,1.028189166893542,1.1618262584069141,False,False,True,0,139,0.0
100,guarded,187,benign_cpu_drift,109,unloaded,cpu,high,0.09052767935471932,0.4201396874464996,False,0.979659337915338,1.1618262584069141,False,False,True,0,140,0.0
100,guarded,188,benign_cpu_drift,110,unloaded,cpu,high,0.0840580149012779,0.4201396874464996,False,0.965217426900106,1.1618262584069141,False,False,True,0,141,0.0
100,guarded,189,benign_cpu_drift,111,unloaded,cpu,high,-0.03667103367381048,0.4201396874464996,False,1.0211352224367019,1.1618262584069141,False,False,True,0,142,0.0
100,guarded,190,benign_cpu_drift,112,unloaded,cpu,high,0.041147808398920106,0.4201396874464996,False,1.0667815579088702,1.1618262584069141,False,False,True,0,143,0.0
100,guarded,191,benign_cpu_drift,113,unloaded,cpu,high,-0.030971393171405823,0.4201396874464996,False,0.9710875233841884,1.1618262584069141,False,False,True,0,144,0.0
100,guarded,192,benign_cpu_drift,114,unloaded,cpu,high,0.09760371614205333,0.4201396874464996,False,1.0273662749400743,1.1618262584069141,False,False,True,0,145,0.0
100,guarded,193,benign_cpu_drift,115,unloaded,cpu,high,-0.03256551084458451,0.4201396874464996,False,0.9989848089762535,1.1618262584069141,False,False,True,0,146,0.0
100,guarded,194,benign_cpu_drift,116,unloaded,cpu,high,-0.0687213115954504,0.4201396874464996,False,1.0125302408213224,1.1618262584069141,False,False,True,0,147,0.0
100,guarded,195,benign_cpu_drift,117,unloaded,cpu,high,0.023561070435638334,0.4201396874464996,False,0.9938147030770931,1.1618262584069141,False,False,True,0,148,0.0
100,guarded,196,benign_cpu_drift,118,unloaded,cpu,high,0.161880205096715,0.4201396874464996,False,1.0638150662919301,1.1618262584069141,False,False,True,0,149,0.0
100,guarded,197,benign_cpu_drift,119,unloaded,cpu,high,0.015063274449787022,0.4201396874464996,False,1.006623302727507,1.1618262584069141,False,False,True,0,150,0.0
100,guarded,198,normal_recovery_1,0,unloaded,baseline,low,-0.05330910279516486,0.4072607282763817,False,0.706668494417517,1.1618262584069141,False,False,True,0,151,0.0
100,guarded,199,normal_recovery_1,1,unloaded,baseline,low,-0.03411454935420291,0.4072607282763817,False,0.7503530654266054,1.1618262584069141,False,False,True,0,152,0.0
100,guarded,200,normal_recovery_1,2,unloaded,baseline,low,-0.030720121697451988,0.4072607282763817,False,0.7285223649038639,1.1618262584069141,False,False,True,0,153,0.0
100,guarded,201,normal_recovery_1,3,unloaded,baseline,low,-0.04794536734631804,0.4072607282763817,False,0.702160146383996,1.1618262584069141,False,False,True,0,154,0.0
100,guarded,202,normal_recovery_1,4,unloaded,baseline,low,0.0672010423725061,0.4072607282763817,False,0.7840795123808276,1.1618262584069141,False,False,True,0,155,0.0
100,guarded,203,normal_recovery_1,5,unloaded,baseline,low,-0.02109473524050407,0.4072607282763817,False,0.7270393698530871,1.1618262584069141,False,False,True,0,156,0.0
100,guarded,204,normal_recovery_1,6,unloaded,baseline,low,-0.07893635321587583,0.4072607282763817,False,0.7099729983684382,1.1618262584069141,False,False,True,0,157,0.0
100,guarded,205,normal_recovery_1,7,unloaded,baseline,low,-0.13452198063299523,0.4072607282763817,False,0.7195822219128782,1.1618262584069141,False,False,True,0,158,0.0
100,guarded,206,normal_recovery_1,8,unloaded,baseline,low,-0.021362492858010645,0.4072607282763817,False,0.7467958301759272,1.1618262584069141,False,False,True,0,159,0.0
100,guarded,207,normal_recovery_1,9,unloaded,baseline,low,-0.017201020480156072,0.4072607282763817,False,0.724693568943402,1.1618262584069141,False,False,True,0,160,0.0
100,guarded,208,normal_recovery_1,10,unloaded,baseline,low,-0.02631511174509754,0.4072607282763817,False,0.7118093263229502,1.1618262584069141,False,False,True,0,161,0.0
100,guarded,209,normal_recovery_1,11,unloaded,baseline,low,-0.09704850246975752,0.4072607282763817,False,0.7248965768898037,1.1618262584069141,False,False,True,0,162,0.0
100,guarded,210,normal_recovery_1,12,unloaded,baseline,low,-0.057481285496972,0.4072607282763817,False,0.7033755499157445,1.1618262584069141,False,False,True,0,163,0.0
100,guarded,211,normal_recovery_1,13,unloaded,baseline,low,-0.08047466284992393,0.4072607282763817,False,0.8666672133365587,1.1618262584069141,False,False,True,0,164,0.0
100,guarded,212,normal_recovery_1,14,unloaded,baseline,low,-0.02932260793596148,0.4072607282763817,False,0.744297891357559,1.1618262584069141,False,False,True,0,165,0.0
100,guarded,213,normal_recovery_1,15,unloaded,baseline,low,0.015930774293007,0.4072607282763817,False,0.8342310067689707,1.1618262584069141,False,False,True,0,166,0.0
100,guarded,214,normal_recovery_1,16,unloaded,baseline,low,-0.030936352726162037,0.4072607282763817,False,0.7671661296685954,1.1618262584069141,False,False,True,0,167,0.0
100,guarded,215,normal_recovery_1,17,unloaded,baseline,low,-0.015160208693461427,0.4072607282763817,False,0.7516443171247705,1.1618262584069141,False,False,True,0,168,0.0
100,guarded,216,normal_recovery_1,18,unloaded,baseline,low,-0.0013294755117633957,0.4072607282763817,False,0.7497262901406827,1.1618262584069141,False,False,True,0,169,0.0
100,guarded,217,normal_recovery_1,19,unloaded,baseline,low,-0.0023702587499999095,0.4072607282763817,False,0.715051770578496,1.1618262584069141,False,False,True,0,170,0.0
100,guarded,218,normal_recovery_1,20,unloaded,baseline,low,-0.1629688145476428,0.4072607282763817,False,0.8870905936983671,1.1618262584069141,False,False,True,0,171,0.0
100,guarded,219,normal_recovery_1,21,unloaded,baseline,low,0.007133734648666426,0.4072607282763817,False,0.7911663984816603,1.1618262584069141,False,False,True,0,172,0.0
100,guarded,220,normal_recovery_1,22,unloaded,baseline,low,0.10238405607924872,0.4072607282763817,False,0.9352931468416058,1.1618262584069141,False,False,True,0,173,0.0
100,guarded,221,normal_recovery_1,23,unloaded,baseline,low,-0.04523253755051785,0.4072607282763817,False,0.7517818112705502,1.1618262584069141,False,False,True,0,174,0.0
100,guarded,222,normal_recovery_1,24,unloaded,baseline,low,-0.01960421067884765,0.4072607282763817,False,0.7231533324652616,1.1618262584069141,False,False,True,0,175,0.0
100,guarded,223,normal_recovery_1,25,unloaded,baseline,low,-0.002292982778735575,0.4072607282763817,False,0.969779083236803,1.1618262584069141,False,False,True,0,176,0.0
100,guarded,224,normal_recovery_1,26,unloaded,baseline,low,-0.016708695548661622,0.4072607282763817,False,0.7598325630068893,1.1618262584069141,False,False,True,0,177,0.0
100,guarded,225,normal_recovery_1,27,unloaded,baseline,low,0.017603632903743973,0.4072607282763817,False,0.8012640828547343,1.1618262584069141,False,False,True,0,178,0.0
100,guarded,226,normal_recovery_1,28,unloaded,baseline,low,0.043349232309462374,0.4072607282763817,False,0.8255256532106114,1.1618262584069141,False,False,True,0,179,0.0
100,guarded,227,normal_recovery_1,29,unloaded,baseline,low,-0.03139771588897073,0.4072607282763817,False,0.7347098039624826,1.1618262584069141,False,False,True,0,180,0.0
100,guarded,228,persistent_attack_baseline,0,hiding,baseline,low,0.7178274129743505,0.4072607282763817,True,1.4587778693570095,1.1618262584069141,True,True,False,0,180,0.0
100,guarded,229,persistent_attack_baseline,1,hiding,baseline,low,0.6433214631619052,0.4072607282763817,True,1.232330019092531,1.1618262584069141,True,True,False,0,180,0.0
100,guarded,230,persistent_attack_baseline,2,hiding,baseline,low,0.4196759838198757,0.4072607282763817,True,1.1938194451689637,1.1618262584069141,True,True,False,0,180,0.0
100,guarded,231,persistent_attack_baseline,3,hiding,baseline,low,0.6174899500089378,0.4072607282763817,True,1.1889659777358137,1.1618262584069141,True,True,False,0,180,0.0
100,guarded,232,persistent_attack_baseline,4,hiding,baseline,low,0.5929203994148027,0.4072607282763817,True,1.2487475091028597,1.1618262584069141,True,True,False,0,180,0.0
100,guarded,233,persistent_attack_baseline,5,hiding,baseline,low,0.5424528085127441,0.4072607282763817,True,1.111047585264322,1.1618262584069141,False,True,False,0,180,0.0
100,guarded,234,persistent_attack_baseline,6,hiding,baseline,low,0.6277697435165,0.4072607282763817,True,1.1227201118425858,1.1618262584069141,False,True,False,0,180,0.0
100,guarded,235,persistent_attack_baseline,7,hiding,baseline,low,0.5647437380269791,0.4072607282763817,True,1.2670095671316342,1.1618262584069141,True,True,False,0,180,0.0
100,guarded,236,persistent_attack_baseline,8,hiding,baseline,low,0.5837959494289843,0.4072607282763817,True,1.1567653287984225,1.1618262584069141,False,True,False,0,180,0.0
100,guarded,237,persistent_attack_baseline,9,hiding,baseline,low,0.6265631860855351,0.4072607282763817,True,1.6239960771630377,1.1618262584069141,True,True,False,0,180,0.0
100,guarded,238,persistent_attack_baseline,10,hiding,baseline,low,0.5923926016961905,0.4072607282763817,True,1.1363916159793008,1.1618262584069141,False,True,False,0,180,0.0
100,guarded,239,persistent_attack_baseline,11,hiding,baseline,low,0.5656745730385724,0.4072607282763817,True,1.1015326190153263,1.1618262584069141,False,True,False,0,180,0.0
100,guarded,240,persistent_attack_baseline,12,hiding,baseline,low,0.5815792157011354,0.4072607282763817,True,1.112516562509781,1.1618262584069141,False,True,False,0,180,0.0
100,guarded,241,persistent_attack_baseline,13,hiding,baseline,low,0.5946427415613311,0.4072607282763817,True,1.1989191332199605,1.1618262584069141,True,True,False,0,180,0.0
100,guarded,242,persistent_attack_baseline,14,hiding,baseline,low,0.5255419387013545,0.4072607282763817,True,1.2172396164800885,1.1618262584069141,True,True,False,0,180,0.0
100,guarded,243,persistent_attack_baseline,15,hiding,baseline,low,0.677099552238478,0.4072607282763817,True,1.2925372200022953,1.1618262584069141,True,True,False,0,180,0.0
100,guarded,244,persistent_attack_baseline,16,hiding,baseline,low,0.5795919955807396,0.4072607282763817,True,1.2426754582729085,1.1618262584069141,True,True,False,0,180,0.0
100,guarded,245,persistent_attack_baseline,17,hiding,baseline,low,0.5946126425240406,0.4072607282763817,True,1.1509770576636167,1.1618262584069141,False,True,False,0,180,0.0
100,guarded,246,persistent_attack_baseline,18,hiding,baseline,low,0.5831642179379133,0.4072607282763817,True,1.1560725724838026,1.1618262584069141,False,True,False,0,180,0.0
100,guarded,247,persistent_attack_baseline,19,hiding,baseline,low,0.633836485164994,0.4072607282763817,True,1.2937224175526087,1.1618262584069141,True,True,False,0,180,0.0
100,guarded,248,persistent_attack_baseline,20,hiding,baseline,low,0.56604544510074,0.4072607282763817,True,1.1142985320660623,1.1618262584069141,False,True,False,0,180,0.0
100,guarded,249,persistent_attack_baseline,21,hiding,baseline,low,0.6820166864369817,0.4072607282763817,True,1.359133637283644,1.1618262584069141,True,True,False,0,180,0.0
100,guarded,250,persistent_attack_baseline,22,hiding,baseline,low,0.5699783118805781,0.4072607282763817,True,1.1185260148775678,1.1618262584069141,False,True,False,0,180,0.0
100,guarded,251,persistent_attack_baseline,23,hiding,baseline,low,0.730619963995732,0.4072607282763817,True,1.3561581237154274,1.1618262584069141,True,True,False,0,180,0.0
100,guarded,252,persistent_attack_baseline,24,hiding,baseline,low,0.5275326623682021,0.4072607282763817,True,1.2070944923786373,1.1618262584069141,True,True,False,0,180,0.0
100,guarded,253,persistent_attack_baseline,25,hiding,baseline,low,0.6236045372804966,0.4072607282763817,True,1.2373462425273085,1.1618262584069141,True,True,False,0,180,0.0
100,guarded,254,persistent_attack_baseline,26,hiding,baseline,low,0.576947413802346,0.4072607282763817,True,1.2298719861448737,1.1618262584069141,True,True,False,0,180,0.0
100,guarded,255,persistent_attack_baseline,27,hiding,baseline,low,0.6661389226652933,0.4072607282763817,True,1.382549635363958,1.1618262584069141,True,True,False,0,180,0.0
100,guarded,256,persistent_attack_baseline,28,hiding,baseline,low,0.4766550217009129,0.4072607282763817,True,1.1790795939446421,1.1618262584069141,True,True,False,0,180,0.0
100,guarded,257,persistent_attack_baseline,29,hiding,baseline,low,0.6209301388027726,0.4072607282763817,True,1.2985258062160272,1.1618262584069141,True,True,False,0,180,0.0
100,guarded,258,persistent_attack_baseline,30,hiding,baseline,low,0.6491415899215844,0.4072607282763817,True,1.2990307671441539,1.1618262584069141,True,True,False,0,180,0.0
100,guarded,259,persistent_attack_baseline,31,hiding,baseline,low,0.6627090000095367,0.4072607282763817,True,1.3196256611962567,1.1618262584069141,True,True,False,0,180,0.0
100,guarded,260,persistent_attack_baseline,32,hiding,baseline,low,0.5665812129843362,0.4072607282763817,True,1.121226095212261,1.1618262584069141,False,True,False,0,180,0.0
100,guarded,261,persistent_attack_baseline,33,hiding,baseline,low,0.7124478080639018,0.4072607282763817,True,1.4284009222840093,1.1618262584069141,True,True,False,0,180,0.0
100,guarded,262,persistent_attack_baseline,34,hiding,baseline,low,0.5965133022233147,0.4072607282763817,True,1.199415747686465,1.1618262584069141,True,True,False,0,180,0.0
100,guarded,263,persistent_attack_baseline,35,hiding,baseline,low,0.6183757044338931,0.4072607282763817,True,1.1798140825673715,1.1618262584069141,True,True,False,0,180,0.0
100,guarded,264,persistent_attack_baseline,36,hiding,baseline,low,0.6774713193601805,0.4072607282763817,True,1.3789481371740968,1.1618262584069141,True,True,False,0,180,0.0
100,guarded,265,persistent_attack_baseline,37,hiding,baseline,low,0.5593125033572223,0.4072607282763817,True,1.151177372742543,1.1618262584069141,False,True,False,0,180,0.0
100,guarded,266,persistent_attack_baseline,38,hiding,baseline,low,0.675642629956053,0.4072607282763817,True,1.265094054189402,1.1618262584069141,True,True,False,0,180,0.0
100,guarded,267,persistent_attack_baseline,39,hiding,baseline,low,0.48175132054201253,0.4072607282763817,True,1.1544992644680696,1.1618262584069141,False,True,False,0,180,0.0
100,guarded,268,persistent_attack_baseline,40,hiding,baseline,low,0.7415948374846995,0.4072607282763817,True,1.384339951381861,1.1618262584069141,True,True,False,0,180,0.0
100,guarded,269,persistent_attack_baseline,41,hiding,baseline,low,0.625458546885514,0.4072607282763817,True,1.1798266022598045,1.1618262584069141,True,True,False,0,180,0.0
100,guarded,270,persistent_attack_baseline,42,hiding,baseline,low,0.7250955833784756,0.4072607282763817,True,1.3810013667330905,1.1618262584069141,True,True,False,0,180,0.0
100,guarded,271,persistent_attack_baseline,43,hiding,baseline,low,0.6203221432871527,0.4072607282763817,True,1.2751098081357135,1.1618262584069141,True,True,False,0,180,0.0
100,guarded,272,persistent_attack_baseline,44,hiding,baseline,low,0.6100366562333563,0.4072607282763817,True,1.3816982962785214,1.1618262584069141,True,True,False,0,180,0.0
100,guarded,273,persistent_attack_baseline,45,hiding,baseline,low,0.6134463866413774,0.4072607282763817,True,1.152183121367985,1.1618262584069141,False,True,False,0,180,0.0
100,guarded,274,persistent_attack_baseline,46,hiding,baseline,low,0.6115646554435933,0.4072607282763817,True,1.1283331072833311,1.1618262584069141,False,True,False,0,180,0.0
100,guarded,275,persistent_attack_baseline,47,hiding,baseline,low,0.7421427828420479,0.4072607282763817,True,1.3512796168974115,1.1618262584069141,True,True,False,0,180,0.0
100,guarded,276,persistent_attack_baseline,48,hiding,baseline,low,0.594238413009449,0.4072607282763817,True,1.120679401976025,1.1618262584069141,False,True,False,0,180,0.0
100,guarded,277,persistent_attack_baseline,49,hiding,baseline,low,0.6870217229081905,0.4072607282763817,True,1.435332658661019,1.1618262584069141,True,True,False,0,180,0.0
100,guarded,278,persistent_attack_baseline,50,hiding,baseline,low,0.5841492167203427,0.4072607282763817,True,1.2005091341589376,1.1618262584069141,True,True,False,0,180,0.0
100,guarded,279,persistent_attack_baseline,51,hiding,baseline,low,0.5758759815338469,0.4072607282763817,True,1.1442122505190455,1.1618262584069141,False,True,False,0,180,0.0
100,guarded,280,persistent_attack_baseline,52,hiding,baseline,low,0.5723452784380814,0.4072607282763817,True,1.147671858861334,1.1618262584069141,False,True,False,0,180,0.0
100,guarded,281,persistent_attack_baseline,53,hiding,baseline,low,0.5929177983157216,0.4072607282763817,True,1.1564439900259784,1.1618262584069141,False,True,False,0,180,0.0
100,guarded,282,persistent_attack_baseline,54,hiding,baseline,low,0.4971906808004084,0.4072607282763817,True,1.223173950693278,1.1618262584069141,True,True,False,0,180,0.0
100,guarded,283,persistent_attack_baseline,55,hiding,baseline,low,0.6590437760737833,0.4072607282763817,True,1.4278333628937183,1.1618262584069141,True,True,False,0,180,0.0
100,guarded,284,persistent_attack_baseline,56,hiding,baseline,low,0.6146879460730212,0.4072607282763817,True,1.1996118895345804,1.1618262584069141,True,True,False,0,180,0.0
100,guarded,285,persistent_attack_baseline,57,hiding,baseline,low,0.4011672558470474,0.4072607282763817,False,1.1384907510772153,1.1618262584069141,False,False,True,1,180,0.01
100,guarded,286,persistent_attack_baseline,58,hiding,baseline,low,0.4236425844909424,0.4072607282763817,True,1.127431689428163,1.1618262584069141,False,True,False,1,180,0.01
100,guarded,287,persistent_attack_baseline,59,hiding,baseline,low,0.6017803559369851,0.4072607282763817,True,1.2115473296539347,1.1618262584069141,True,True,False,1,180,0.01
100,guarded,288,persistent_attack_baseline,60,hiding,baseline,low,0.5653745696573544,0.4072607282763817,True,1.1168483760915606,1.1618262584069141,False,True,False,1,180,0.01
100,guarded,289,persistent_attack_baseline,61,hiding,baseline,low,0.5768310864935644,0.4072607282763817,True,1.130382163611514,1.1618262584069141,False,True,False,1,180,0.01
100,guarded,290,persistent_attack_baseline,62,hiding,baseline,low,0.5411936351323802,0.4072607282763817,True,1.1045790775073292,1.1618262584069141,False,True,False,1,180,0.01
100,guarded,291,persistent_attack_baseline,63,hiding,baseline,low,0.6280558280406686,0.4072607282763817,True,1.2388694717733102,1.1618262584069141,True,True,False,1,180,0.01
100,guarded,292,persistent_attack_baseline,64,hiding,baseline,low,0.7423779769401606,0.4072607282763817,True,1.5612473786893968,1.1618262584069141,True,True,False,1,180,0.01
100,guarded,293,persistent_attack_baseline,65,hiding,baseline,low,0.6090745856445934,0.4072607282763817,True,1.2243841876284574,1.1618262584069141,True,True,False,1,180,0.01
100,guarded,294,persistent_attack_baseline,66,hiding,baseline,low,0.45535176975314756,0.4072607282763817,True,1.099187263299565,1.1618262584069141,False,True,False,1,180,0.01
100,guarded,295,persistent_attack_baseline,67,hiding,baseline,low,0.5330164796592676,0.4072607282763817,True,1.110467506181598,1.1618262584069141,False,True,False,1,180,0.01
100,guarded,296,persistent_attack_baseline,68,hiding,baseline,low,0.5907967216187143,0.4072607282763817,True,1.1834489666037205,1.1618262584069141,True,True,False,1,180,0.01
100,guarded,297,persistent_attack_baseline,69,hiding,baseline,low,0.5397935615040842,0.4072607282763817,True,1.1094408914021012,1.1618262584069141,False,True,False,1,180,0.01
100,guarded,298,persistent_attack_baseline,70,hiding,baseline,low,0.605153645086101,0.4072607282763817,True,1.2079583511565066,1.1618262584069141,True,True,False,1,180,0.01
100,guarded,299,persistent_attack_baseline,71,hiding,baseline,low,0.5211336778489579,0.4072607282763817,True,1.122807749689616,1.1618262584069141,False,True,False,1,180,0.01
100,guarded,300,persistent_attack_baseline,72,hiding,baseline,low,0.5129179150783413,0.4072607282763817,True,1.120858850900896,1.1618262584069141,False,True,False,1,180,0.01
100,guarded,301,persistent_attack_baseline,73,hiding,baseline,low,0.5380383381736815,0.4072607282763817,True,1.2242297780884517,1.1618262584069141,True,True,False,1,180,0.01
100,guarded,302,persistent_attack_baseline,74,hiding,baseline,low,0.5066043367690596,0.4072607282763817,True,1.1226032613798789,1.1618262584069141,False,True,False,1,180,0.01
100,guarded,303,persistent_attack_baseline,75,hiding,baseline,low,0.624732145807986,0.4072607282763817,True,1.3864474329413974,1.1618262584069141,True,True,False,1,180,0.01
100,guarded,304,persistent_attack_baseline,76,hiding,baseline,low,0.5592169657531766,0.4072607282763817,True,1.2452461684524616,1.1618262584069141,True,True,False,1,180,0.01
100,guarded,305,persistent_attack_baseline,77,hiding,baseline,low,0.5708889770221516,0.4072607282763817,True,1.173558409581738,1.1618262584069141,True,True,False,1,180,0.01
100,guarded,306,persistent_attack_baseline,78,hiding,baseline,low,0.64180895559846,0.4072607282763817,True,1.2846331208463313,1.1618262584069141,True,True,False,1,180,0.01
100,guarded,307,persistent_attack_baseline,79,hiding,baseline,low,0.58014587721486,0.4072607282763817,True,1.1200450708927585,1.1618262584069141,False,True,False,1,180,0.01
100,guarded,308,persistent_attack_baseline,80,hiding,baseline,low,0.5807730242236051,0.4072607282763817,True,1.1243434986280503,1.1618262584069141,False,True,False,1,180,0.01
100,guarded,309,persistent_attack_baseline,81,hiding,baseline,low,0.6429311973979075,0.4072607282763817,True,1.3394318146250874,1.1618262584069141,True,True,False,1,180,0.01
100,guarded,310,persistent_attack_baseline,82,hiding,baseline,low,0.6208055816534425,0.4072607282763817,True,1.3007960437771913,1.1618262584069141,True,True,False,1,180,0.01
100,guarded,311,persistent_attack_baseline,83,hiding,baseline,low,0.5679406095701504,0.4072607282763817,True,1.1346430322695074,1.1618262584069141,False,True,False,1,180,0.01
100,guarded,312,persistent_attack_baseline,84,hiding,baseline,low,0.5620061988346917,0.4072607282763817,True,1.1054512827468206,1.1618262584069141,False,True,False,1,180,0.01
100,guarded,313,persistent_attack_baseline,85,hiding,baseline,low,0.5945367941966297,0.4072607282763817,True,1.2413233314901564,1.1618262584069141,True,True,False,1,180,0.01
100,guarded,314,persistent_attack_baseline,86,hiding,baseline,low,0.6420851406061111,0.4072607282763817,True,1.193205980239752,1.1618262584069141,True,True,False,1,180,0.01
100,guarded,315,persistent_attack_baseline,87,hiding,baseline,low,0.6086174979179879,0.4072607282763817,True,1.2123026844307192,1.1618262584069141,True,True,False,1,180,0.01
100,guarded,316,persistent_attack_baseline,88,hiding,baseline,low,0.684726769573188,0.4072607282763817,True,1.2408601028701396,1.1618262584069141,True,True,False,1,180,0.01
100,guarded,317,persistent_attack_baseline,89,hiding,baseline,low,0.5487423902758952,0.4072607282763817,True,1.2383937234608604,1.1618262584069141,True,True,False,1,180,0.01
100,guarded,318,persistent_attack_baseline,90,hiding,baseline,low,0.6277827032323887,0.4072607282763817,True,1.1346096464230195,1.1618262584069141,False,True,False,1,180,0.01
100,guarded,319,persistent_attack_baseline,91,hiding,baseline,low,0.5383602731253365,0.4072607282763817,True,1.116138926853697,1.1618262584069141,False,True,False,1,180,0.01
100,guarded,320,persistent_attack_baseline,92,hiding,baseline,low,0.5612352589975624,0.4072607282763817,True,1.1588060386649834,1.1618262584069141,False,True,False,1,180,0.01
100,guarded,321,persistent_attack_baseline,93,hiding,baseline,low,0.6223294123181542,0.4072607282763817,True,1.1513609948982253,1.1618262584069141,False,True,False,1,180,0.01
100,guarded,322,persistent_attack_baseline,94,hiding,baseline,low,0.5501244911265519,0.4072607282763817,True,1.1185510542624337,1.1618262584069141,False,True,False,1,180,0.01
100,guarded,323,persistent_attack_baseline,95,hiding,baseline,low,0.7995531976556811,0.4072607282763817,True,1.6104873290279502,1.1618262584069141,True,True,False,1,180,0.01
100,guarded,324,persistent_attack_baseline,96,hiding,baseline,low,0.4972025810040033,0.4072607282763817,True,1.0970839549708395,1.1618262584069141,False,True,False,1,180,0.01
100,guarded,325,persistent_attack_baseline,97,hiding,baseline,low,0.5774263676445006,0.4072607282763817,True,1.1467036693131905,1.1618262584069141,False,True,False,1,180,0.01
100,guarded,326,persistent_attack_baseline,98,hiding,baseline,low,0.5997667433638119,0.4072607282763817,True,1.147555008398627,1.1618262584069141,False,True,False,1,180,0.01
100,guarded,327,persistent_attack_baseline,99,hiding,baseline,low,0.5689217145118687,0.4072607282763817,True,1.3004204530042045,1.1618262584069141,True,True,False,1,180,0.01
100,guarded,328,persistent_attack_baseline,100,hiding,baseline,low,0.6205295122895584,0.4072607282763817,True,1.2526160940646225,1.1618262584069141,True,True,False,1,180,0.01
100,guarded,329,persistent_attack_baseline,101,hiding,baseline,low,0.763907991232923,0.4072607282763817,True,1.4740018153554029,1.1618262584069141,True,True,False,1,180,0.01
100,guarded,330,persistent_attack_baseline,102,hiding,baseline,low,0.6170732974529429,0.4072607282763817,True,1.290767770138447,1.1618262584069141,True,True,False,1,180,0.01
100,guarded,331,persistent_attack_baseline,103,hiding,baseline,low,0.6226090366066703,0.4072607282763817,True,1.2404093939425556,1.1618262584069141,True,True,False,1,180,0.01
100,guarded,332,persistent_attack_baseline,104,hiding,baseline,low,0.551074212387156,0.4072607282763817,True,1.1671942325950193,1.1618262584069141,True,True,False,1,180,0.01
100,guarded,333,persistent_attack_baseline,105,hiding,baseline,low,0.5772208365991858,0.4072607282763817,True,1.15229162536907,1.1618262584069141,False,True,False,1,180,0.01
100,guarded,334,persistent_attack_baseline,106,hiding,baseline,low,0.6172265037424245,0.4072607282763817,True,1.1474840634748407,1.1618262584069141,False,True,False,1,180,0.01
100,guarded,335,persistent_attack_baseline,107,hiding,baseline,low,0.5537798678974718,0.4072607282763817,True,1.113764358522259,1.1618262584069141,False,True,False,1,180,0.01
100,guarded,336,persistent_attack_baseline,108,hiding,baseline,low,0.48337822561874505,0.4072607282763817,True,1.1883525128066021,1.1618262584069141,True,True,False,1,180,0.01
100,guarded,337,persistent_attack_baseline,109,hiding,baseline,low,0.7108863928500766,0.4072607282763817,True,1.3004580120815032,1.1618262584069141,True,True,False,1,180,0.01
100,guarded,338,persistent_attack_baseline,110,hiding,baseline,low,0.6652755546408493,0.4072607282763817,True,1.3042556521194797,1.1618262584069141,True,True,False,1,180,0.01
100,guarded,339,persistent_attack_baseline,111,hiding,baseline,low,0.5672619020174849,0.4072607282763817,True,1.1195609761186867,1.1618262584069141,False,True,False,1,180,0.01
100,guarded,340,persistent_attack_baseline,112,hiding,baseline,low,0.6692309849254814,0.4072607282763817,True,1.311784160502457,1.1618262584069141,True,True,False,1,180,0.01
100,guarded,341,persistent_attack_baseline,113,hiding,baseline,low,0.6851285407145563,0.4072607282763817,True,1.480178196955628,1.1618262584069141,True,True,False,1,180,0.01
100,guarded,342,persistent_attack_baseline,114,hiding,baseline,low,0.5549703923776608,0.4072607282763817,True,1.1677576187544993,1.1618262584069141,True,True,False,1,180,0.01
100,guarded,343,persistent_attack_baseline,115,hiding,baseline,low,0.6709937087342579,0.4072607282763817,True,1.2402716773257938,1.1618262584069141,True,True,False,1,180,0.01
100,guarded,344,persistent_attack_baseline,116,hiding,baseline,low,0.5160047878496598,0.4072607282763817,True,1.1500547736543938,1.1618262584069141,False,True,False,1,180,0.01
100,guarded,345,persistent_attack_baseline,117,hiding,baseline,low,0.6163200242786122,0.4072607282763817,True,1.2309069473859926,1.1618262584069141,True,True,False,1,180,0.01
100,guarded,346,persistent_attack_baseline,118,hiding,baseline,low,-0.08424335688368009,0.4072607282763817,False,0.672503625494267,1.1618262584069141,False,False,True,2,180,0.02
100,guarded,347,persistent_attack_baseline,119,hiding,baseline,low,-0.14028529114806332,0.4072607282763817,False,0.6981380312750601,1.1618262584069141,False,False,True,3,180,0.03
100,guarded,348,normal_recovery_2,0,unloaded,baseline,low,-0.05610144232546613,0.4072607282763817,False,1.0028255736374607,1.1618262584069141,False,False,True,3,181,0.03
100,guarded,349,normal_recovery_2,1,unloaded,baseline,low,0.08091079412091733,0.4072607282763817,False,0.9967839481422079,1.1618262584069141,False,False,True,3,182,0.03
100,guarded,350,normal_recovery_2,2,unloaded,baseline,low,0.0575472354329687,0.4072607282763817,False,0.9106397019513499,1.1618262584069141,False,False,True,3,183,0.03
100,guarded,351,normal_recovery_2,3,unloaded,baseline,low,-0.12307747552877796,0.4072607282763817,False,0.9858763147492434,1.1618262584069141,False,False,True,3,184,0.03
100,guarded,352,normal_recovery_2,4,unloaded,baseline,low,-0.07215481744003512,0.4072607282763817,False,0.9612179038050083,1.1618262584069141,False,False,True,3,185,0.03
100,guarded,353,normal_recovery_2,5,unloaded,baseline,low,-0.11190843479106045,0.4072607282763817,False,0.9666217770023897,1.1618262584069141,False,False,True,3,186,0.03
100,guarded,354,normal_recovery_2,6,unloaded,baseline,low,-0.07444357939868575,0.4072607282763817,False,0.9479239175102105,1.1618262584069141,False,False,True,3,187,0.03
100,guarded,355,normal_recovery_2,7,unloaded,baseline,low,-0.1473430671863727,0.4072607282763817,False,0.9376775896565058,1.1618262584069141,False,False,True,3,188,0.03
100,guarded,356,normal_recovery_2,8,unloaded,baseline,low,0.08699611124895522,0.4072607282763817,False,0.9734307860813884,1.1618262584069141,False,False,True,3,189,0.03
100,guarded,357,normal_recovery_2,9,unloaded,baseline,low,-0.01415314980228885,0.4072607282763817,False,0.9827850747778584,1.1618262584069141,False,False,True,3,190,0.03
100,guarded,358,normal_recovery_2,10,unloaded,baseline,low,-0.11698105905137429,0.4072607282763817,False,0.9721300205397699,1.1618262584069141,False,False,True,3,191,0.03
100,guarded,359,normal_recovery_2,11,unloaded,baseline,low,-0.062071117433028344,0.4072607282763817,False,0.9919791910785127,1.1618262584069141,False,False,True,3,192,0.03
100,guarded,360,normal_recovery_2,12,unloaded,baseline,low,-0.005557743257911668,0.4072607282763817,False,1.0004838849410358,1.1618262584069141,False,False,True,3,193,0.03
100,guarded,361,normal_recovery_2,13,unloaded,baseline,low,-0.3517973886402971,0.4072607282763817,False,0.840898337163715,1.1618262584069141,False,False,True,3,194,0.03
100,guarded,362,normal_recovery_2,14,unloaded,baseline,low,-0.01873238816560032,0.4072607282763817,False,0.7362319943032585,1.1618262584069141,False,False,True,3,195,0.03
100,guarded,363,normal_recovery_2,15,unloaded,baseline,low,-0.06480150825354287,0.4072607282763817,False,0.962701753643729,1.1618262584069141,False,False,True,3,196,0.03
100,guarded,364,normal_recovery_2,16,unloaded,baseline,low,0.004292730619091689,0.4072607282763817,False,0.9026223894765392,1.1618262584069141,False,False,True,3,197,0.03
100,guarded,365,normal_recovery_2,17,unloaded,baseline,low,0.015034913072397918,0.4072607282763817,False,0.8523049254313783,1.1618262584069141,False,False,True,3,198,0.03
100,guarded,366,normal_recovery_2,18,unloaded,baseline,low,-0.08985846205803943,0.4072607282763817,False,0.8680257101037313,1.1618262584069141,False,False,True,3,199,0.03
100,guarded,367,normal_recovery_2,19,unloaded,baseline,low,-0.08428222188590057,0.4072607282763817,False,0.9335503557070368,1.1618262584069141,False,False,True,3,200,0.03
100,guarded,368,normal_recovery_2,20,unloaded,baseline,low,-0.15317915338123467,0.4072607282763817,False,0.989936868390943,1.1618262584069141,False,False,True,3,201,0.03
100,guarded,369,normal_recovery_2,21,unloaded,baseline,low,-0.10552076844690762,0.4072607282763817,False,0.951696364962694,1.1618262584069141,False,False,True,3,202,0.03
100,guarded,370,normal_recovery_2,22,unloaded,baseline,low,-0.09435572637430631,0.4072607282763817,False,0.7531305177710927,1.1618262584069141,False,False,True,3,203,0.03
100,guarded,371,normal_recovery_2,23,unloaded,baseline,low,-0.20538375538086026,0.4072607282763817,False,0.8486536477176878,1.1618262584069141,False,False,True,3,204,0.03
100,guarded,372,normal_recovery_2,24,unloaded,baseline,low,-0.11922849100491353,0.4072607282763817,False,1.0714885447826097,1.1618262584069141,False,False,True,3,205,0.03
100,guarded,373,normal_recovery_2,25,unloaded,baseline,low,-0.19205454103804126,0.4072607282763817,False,0.9051608068149364,1.1618262584069141,False,False,True,3,206,0.03
100,guarded,374,normal_recovery_2,26,unloaded,baseline,low,-0.010509494301043101,0.4072607282763817,False,0.9961018677474733,1.1618262584069141,False,False,True,3,207,0.03
100,guarded,375,normal_recovery_2,27,unloaded,baseline,low,-0.11983582777756815,0.4072607282763817,False,0.9285800526066146,1.1618262584069141,False,False,True,3,208,0.03
100,guarded,376,normal_recovery_2,28,unloaded,baseline,low,-0.20792339108927618,0.4072607282763817,False,0.8807183961468786,1.1618262584069141,False,False,True,3,209,0.03
100,guarded,377,normal_recovery_2,29,unloaded,baseline,low,-0.04372709435240968,0.4072607282763817,False,1.0751518930880526,1.1618262584069141,False,False,True,3,210,0.03
100,guarded,378,persistent_attack_cpu,0,hiding,cpu,high,0.5391423052036124,0.4201396874464996,True,1.7779351201070506,1.1618262584069141,True,True,False,3,210,0.03
100,guarded,379,persistent_attack_cpu,1,hiding,cpu,high,0.7363780992581528,0.4201396874464996,True,1.7144409944612613,1.1618262584069141,True,True,False,3,210,0.03
100,guarded,380,persistent_attack_cpu,2,hiding,cpu,high,0.5784146597870121,0.4201396874464996,True,1.7233228967733274,1.1618262584069141,True,True,False,3,210,0.03
100,guarded,381,persistent_attack_cpu,3,hiding,cpu,high,0.48873814530902465,0.4201396874464996,True,1.7138693654484907,1.1618262584069141,True,True,False,3,210,0.03
100,guarded,382,persistent_attack_cpu,4,hiding,cpu,high,0.517405525083443,0.4201396874464996,True,1.6830490345099365,1.1618262584069141,True,True,False,3,210,0.03
100,guarded,383,persistent_attack_cpu,5,hiding,cpu,high,0.34943260391292036,0.4201396874464996,False,1.6548053646516745,1.1618262584069141,True,True,True,4,210,0.04
100,guarded,384,persistent_attack_cpu,6,hiding,cpu,high,0.6314792565812564,0.4201396874464996,True,1.6231449122852601,1.1618262584069141,True,True,False,4,210,0.04
100,guarded,385,persistent_attack_cpu,7,hiding,cpu,high,0.6045816483282622,0.4201396874464996,True,1.7167708157405843,1.1618262584069141,True,True,False,4,210,0.04
100,guarded,386,persistent_attack_cpu,8,hiding,cpu,high,0.6523918081155433,0.4201396874464996,True,1.7554423845590879,1.1618262584069141,True,True,False,4,210,0.04
100,guarded,387,persistent_attack_cpu,9,hiding,cpu,high,0.45616085114691235,0.4201396874464996,True,1.6660214187658875,1.1618262584069141,True,True,False,4,210,0.04
100,guarded,388,persistent_attack_cpu,10,hiding,cpu,high,0.4445006095852026,0.4201396874464996,True,1.6941048592796608,1.1618262584069141,True,True,False,4,210,0.04
100,guarded,389,persistent_attack_cpu,11,hiding,cpu,high,0.47096599943150147,0.4201396874464996,True,1.6516354219444913,1.1618262584069141,True,True,False,4,210,0.04
100,guarded,390,persistent_attack_cpu,12,hiding,cpu,high,0.6960697140884988,0.4201396874464996,True,1.7790610560412958,1.1618262584069141,True,True,False,4,210,0.04
100,guarded,391,persistent_attack_cpu,13,hiding,cpu,high,0.5498461923390643,0.4201396874464996,True,1.729775375781118,1.1618262584069141,True,True,False,4,210,0.04
100,guarded,392,persistent_attack_cpu,14,hiding,cpu,high,0.7008859586741278,0.4201396874464996,True,1.6588457424464855,1.1618262584069141,True,True,False,4,210,0.04
100,guarded,393,persistent_attack_cpu,15,hiding,cpu,high,0.6352629858401282,0.4201396874464996,True,1.758642640926039,1.1618262584069141,True,True,False,4,210,0.04
100,guarded,394,persistent_attack_cpu,16,hiding,cpu,high,0.6348369872664998,0.4201396874464996,True,1.7052083198004495,1.1618262584069141,True,True,False,4,210,0.04
100,guarded,395,persistent_attack_cpu,17,hiding,cpu,high,0.7245052088326912,0.4201396874464996,True,1.6742840563141188,1.1618262584069141,True,True,False,4,210,0.04
100,guarded,396,persistent_attack_cpu,18,hiding,cpu,high,0.4549202717889498,0.4201396874464996,True,1.6807105521849652,1.1618262584069141,True,True,False,4,210,0.04
100,guarded,397,persistent_attack_cpu,19,hiding,cpu,high,0.6500235278212979,0.4201396874464996,True,1.735223173493736,1.1618262584069141,True,True,False,4,210,0.04
100,guarded,398,persistent_attack_cpu,20,hiding,cpu,high,0.5720604467703726,0.4201396874464996,True,1.7103269977784419,1.1618262584069141,True,True,False,4,210,0.04
100,guarded,399,persistent_attack_cpu,21,hiding,cpu,high,0.40743673023402704,0.4201396874464996,False,1.6052858361589994,1.1618262584069141,True,True,True,5,210,0.05
100,guarded,400,persistent_attack_cpu,22,hiding,cpu,high,0.6989947931357177,0.4201396874464996,True,1.9161350949900182,1.1618262584069141,True,True,False,5,210,0.05
100,guarded,401,persistent_attack_cpu,23,hiding,cpu,high,0.43071477730780194,0.4201396874464996,True,1.7368081448473274,1.1618262584069141,True,True,False,5,210,0.05
100,guarded,402,persistent_attack_cpu,24,hiding,cpu,high,0.6797776657425698,0.4201396874464996,True,1.7938844356679182,1.1618262584069141,True,True,False,5,210,0.05
100,guarded,403,persistent_attack_cpu,25,hiding,cpu,high,0.5877879916402649,0.4201396874464996,True,1.7554077403764956,1.1618262584069141,True,True,False,5,210,0.05
100,guarded,404,persistent_attack_cpu,26,hiding,cpu,high,0.38894800534665713,0.4201396874464996,False,1.617229418107648,1.1618262584069141,True,True,True,6,210,0.06
100,guarded,405,persistent_attack_cpu,27,hiding,cpu,high,0.5640808030481204,0.4201396874464996,True,1.6228114620278107,1.1618262584069141,True,True,False,6,210,0.06
100,guarded,406,persistent_attack_cpu,28,hiding,cpu,high,0.7187081120552551,0.4201396874464996,True,1.770231120003118,1.1618262584069141,True,True,False,6,210,0.06
100,guarded,407,persistent_attack_cpu,29,hiding,cpu,high,0.6201163413041407,0.4201396874464996,True,1.7406190049324655,1.1618262584069141,True,True,False,6,210,0.06
100,guarded,408,persistent_attack_cpu,30,hiding,cpu,high,0.5783218467102462,0.4201396874464996,True,1.6786319012294355,1.1618262584069141,True,True,False,6,210,0.06
100,guarded,409,persistent_attack_cpu,31,hiding,cpu,high,0.6652794264750264,0.4201396874464996,True,1.7126091833067005,1.1618262584069141,True,True,False,6,210,0.06
100,guarded,410,persistent_attack_cpu,32,hiding,cpu,high,0.5203733181586112,0.4201396874464996,True,1.745573123043145,1.1618262584069141,True,True,False,6,210,0.06
100,guarded,411,persistent_attack_cpu,33,hiding,cpu,high,0.4338875599878078,0.4201396874464996,True,1.6297879342973076,1.1618262584069141,True,True,False,6,210,0.06
100,guarded,412,persistent_attack_cpu,34,hiding,cpu,high,0.5600164548098228,0.4201396874464996,True,1.7062433147553904,1.1618262584069141,True,True,False,6,210,0.06
100,guarded,413,persistent_attack_cpu,35,hiding,cpu,high,0.4914535762906205,0.4201396874464996,True,1.6290430843715762,1.1618262584069141,True,True,False,6,210,0.06
100,guarded,414,persistent_attack_cpu,36,hiding,cpu,high,0.6748873102467199,0.4201396874464996,True,1.7511248533035393,1.1618262584069141,True,True,False,6,210,0.06
100,guarded,415,persistent_attack_cpu,37,hiding,cpu,high,0.5396619520195904,0.4201396874464996,True,1.7156665324204592,1.1618262584069141,True,True,False,6,210,0.06
100,guarded,416,persistent_attack_cpu,38,hiding,cpu,high,0.6523166657437991,0.4201396874464996,True,1.798297238425595,1.1618262584069141,True,True,False,6,210,0.06
100,guarded,417,persistent_attack_cpu,39,hiding,cpu,high,0.5718341786834232,0.4201396874464996,True,1.6129422005118679,1.1618262584069141,True,True,False,6,210,0.06
100,guarded,418,persistent_attack_cpu,40,hiding,cpu,high,0.47725587472685066,0.4201396874464996,True,1.60201196090404,1.1618262584069141,True,True,False,6,210,0.06
100,guarded,419,persistent_attack_cpu,41,hiding,cpu,high,0.6644392579716075,0.4201396874464996,True,1.795096982058644,1.1618262584069141,True,True,False,6,210,0.06
100,guarded,420,persistent_attack_cpu,42,hiding,cpu,high,0.379564709884458,0.4201396874464996,False,1.573551764904577,1.1618262584069141,True,True,True,7,210,0.07
100,guarded,421,persistent_attack_cpu,43,hiding,cpu,high,0.658114552663779,0.4201396874464996,True,1.7128343704935496,1.1618262584069141,True,True,False,7,210,0.07
100,guarded,422,persistent_attack_cpu,44,hiding,cpu,high,0.5716487584526052,0.4201396874464996,True,1.6657399347823263,1.1618262584069141,True,True,False,7,210,0.07
100,guarded,423,persistent_attack_cpu,45,hiding,cpu,high,0.378362251842741,0.4201396874464996,False,1.5881196436845821,1.1618262584069141,True,True,True,8,210,0.08
100,guarded,424,persistent_attack_cpu,46,hiding,cpu,high,0.4171965920468738,0.4201396874464996,False,1.6151291145379982,1.1618262584069141,True,True,True,9,210,0.09
100,guarded,425,persistent_attack_cpu,47,hiding,cpu,high,0.6160764126704901,0.4201396874464996,True,1.6236905581610868,1.1618262584069141,True,True,False,9,210,0.09
100,guarded,426,persistent_attack_cpu,48,hiding,cpu,high,0.597725458305931,0.4201396874464996,True,1.6644104642753519,1.1618262584069141,True,True,False,9,210,0.09
100,guarded,427,persistent_attack_cpu,49,hiding,cpu,high,0.7255256709352148,0.4201396874464996,True,1.725150377405064,1.1618262584069141,True,True,False,9,210,0.09
100,guarded,428,persistent_attack_cpu,50,hiding,cpu,high,0.5078591302708989,0.4201396874464996,True,1.6407701401790238,1.1618262584069141,True,True,False,9,210,0.09
100,guarded,429,persistent_attack_cpu,51,hiding,cpu,high,0.4434024379449939,0.4201396874464996,True,1.6942694191469736,1.1618262584069141,True,True,False,9,210,0.09
100,guarded,430,persistent_attack_cpu,52,hiding,cpu,high,0.5177564754415576,0.4201396874464996,True,1.4326841879620127,1.1618262584069141,True,True,False,9,210,0.09
100,guarded,431,persistent_attack_cpu,53,hiding,cpu,high,0.4600001066224277,0.4201396874464996,True,1.6844737765190392,1.1618262584069141,True,True,False,9,210,0.09
100,guarded,432,persistent_attack_cpu,54,hiding,cpu,high,0.5576766796823124,0.4201396874464996,True,1.7614618112844764,1.1618262584069141,True,True,False,9,210,0.09
100,guarded,433,persistent_attack_cpu,55,hiding,cpu,high,0.4835704317394151,0.4201396874464996,True,1.734396043634348,1.1618262584069141,True,True,False,9,210,0.09
100,guarded,434,persistent_attack_cpu,56,hiding,cpu,high,0.6914315197591916,0.4201396874464996,True,1.680398754541636,1.1618262584069141,True,True,False,9,210,0.09
100,guarded,435,persistent_attack_cpu,57,hiding,cpu,high,0.7130621116899141,0.4201396874464996,True,1.717524326711964,1.1618262584069141,True,True,False,9,210,0.09
100,guarded,436,persistent_attack_cpu,58,hiding,cpu,high,0.4216161774261224,0.4201396874464996,True,1.6376045279946647,1.1618262584069141,True,True,False,9,210,0.09
100,guarded,437,persistent_attack_cpu,59,hiding,cpu,high,0.5805072850696399,0.4201396874464996,True,1.7361628969465484,1.1618262584069141,True,True,False,9,210,0.09
100,guarded,438,sham_negative_baseline,0,sham,baseline,low,0.3066869499747774,0.4072607282763817,False,1.2319211498404203,1.1618262584069141,True,True,True,9,211,0.09
100,guarded,439,sham_negative_baseline,1,sham,baseline,low,0.13213953149829796,0.4072607282763817,False,1.2427301348091755,1.1618262584069141,True,True,True,9,212,0.09
100,guarded,440,sham_negative_baseline,2,sham,baseline,low,0.28524299678316223,0.4072607282763817,False,1.2313062155994092,1.1618262584069141,True,True,True,9,213,0.09
100,guarded,441,sham_negative_baseline,3,sham,baseline,low,0.43108660992559134,0.4072607282763817,True,1.1808079889485057,1.1618262584069141,True,True,False,9,213,0.09
100,guarded,442,sham_negative_baseline,4,sham,baseline,low,0.24277169342927574,0.4072607282763817,False,0.9171354457623669,1.1618262584069141,False,False,True,9,214,0.09
100,guarded,443,sham_negative_baseline,5,sham,baseline,low,0.30739298083404343,0.4072607282763817,False,1.2185718188085626,1.1618262584069141,True,True,True,9,215,0.09
100,guarded,444,sham_negative_baseline,6,sham,baseline,low,0.10718613249089964,0.4072607282763817,False,1.2217717633081702,1.1618262584069141,True,True,True,9,216,0.09
100,guarded,445,sham_negative_baseline,7,sham,baseline,low,0.3676046266332589,0.4072607282763817,False,1.319478469750118,1.1618262584069141,True,True,True,9,217,0.09
100,guarded,446,sham_negative_baseline,8,sham,baseline,low,0.279070533999126,0.4072607282763817,False,1.231098430813124,1.1618262584069141,True,True,True,9,218,0.09
100,guarded,447,sham_negative_baseline,9,sham,baseline,low,0.20116052241044763,0.4072607282763817,False,1.3372602751605391,1.1618262584069141,True,True,True,9,219,0.09
100,guarded,448,sham_negative_baseline,10,sham,baseline,low,0.26164151863652246,0.4072607282763817,False,1.2315493715014156,1.1618262584069141,True,True,True,9,220,0.09
100,guarded,449,sham_negative_baseline,11,sham,baseline,low,0.32091725630248785,0.4072607282763817,False,1.1651483551504798,1.1618262584069141,True,True,True,9,221,0.09
100,guarded,450,sham_negative_baseline,12,sham,baseline,low,0.07424228910369565,0.4072607282763817,False,1.205182349140828,1.1618262584069141,True,True,True,9,222,0.09
100,guarded,451,sham_negative_baseline,13,sham,baseline,low,0.22727699989317024,0.4072607282763817,False,1.2920101114777414,1.1618262584069141,True,True,True,9,223,0.09
100,guarded,452,sham_negative_baseline,14,sham,baseline,low,0.1139012452815699,0.4072607282763817,False,1.1829735202424674,1.1618262584069141,True,True,True,9,224,0.09
100,guarded,453,sham_negative_baseline,15,sham,baseline,low,0.1186710535092125,0.4072607282763817,False,1.1863772552454375,1.1618262584069141,True,True,True,9,225,0.09
100,guarded,454,sham_negative_baseline,16,sham,baseline,low,0.1506308186894278,0.4072607282763817,False,1.2140233882122369,1.1618262584069141,True,True,True,9,226,0.09
100,guarded,455,sham_negative_baseline,17,sham,baseline,low,0.26851320220046154,0.4072607282763817,False,1.2975644866864098,1.1618262584069141,True,True,True,9,227,0.09
100,guarded,456,sham_negative_baseline,18,sham,baseline,low,0.24745496029257844,0.4072607282763817,False,1.2474320228592242,1.1618262584069141,True,True,True,9,228,0.09
100,guarded,457,sham_negative_baseline,19,sham,baseline,low,0.2521682049131163,0.4072607282763817,False,1.157963655914911,1.1618262584069141,False,False,True,9,229,0.09
100,guarded,458,sham_negative_cpu,0,sham,cpu,high,0.1935300395235584,0.4201396874464996,False,1.2868156216260749,1.1618262584069141,True,True,True,9,230,0.09
100,guarded,459,sham_negative_cpu,1,sham,cpu,high,0.33734142471541395,0.4201396874464996,False,1.3183684619020157,1.1618262584069141,True,True,True,9,231,0.09
100,guarded,460,sham_negative_cpu,2,sham,cpu,high,0.3021218597995856,0.4201396874464996,False,1.33791934232035,1.1618262584069141,True,True,True,9,232,0.09
100,guarded,461,sham_negative_cpu,3,sham,cpu,high,0.2996725369014174,0.4201396874464996,False,1.3474107766152565,1.1618262584069141,True,True,True,9,233,0.09
100,guarded,462,sham_negative_cpu,4,sham,cpu,high,0.3432178898208388,0.4201396874464996,False,1.4484561785378247,1.1618262584069141,True,True,True,9,234,0.09
100,guarded,463,sham_negative_cpu,5,sham,cpu,high,0.32042987070814133,0.4201396874464996,False,1.3322652398440786,1.1618262584069141,True,True,True,9,235,0.09
100,guarded,464,sham_negative_cpu,6,sham,cpu,high,0.20980898464525544,0.4201396874464996,False,1.300794782963114,1.1618262584069141,True,True,True,9,236,0.09
100,guarded,465,sham_negative_cpu,7,sham,cpu,high,0.1085565315804525,0.4201396874464996,False,1.2971612416478413,1.1618262584069141,True,True,True,9,237,0.09
100,guarded,466,sham_negative_cpu,8,sham,cpu,high,0.13505016515338814,0.4201396874464996,False,1.3540491438630875,1.1618262584069141,True,True,True,9,238,0.09
100,guarded,467,sham_negative_cpu,9,sham,cpu,high,0.20743276604904787,0.4201396874464996,False,1.3121897072787898,1.1618262584069141,True,True,True,9,239,0.09
100,guarded,468,sham_negative_cpu,10,sham,cpu,high,0.2822974199896392,0.4201396874464996,False,1.3178351378187478,1.1618262584069141,True,True,True,9,240,0.09
100,guarded,469,sham_negative_cpu,11,sham,cpu,high,0.23415885339176945,0.4201396874464996,False,1.3451083775240755,1.1618262584069141,True,True,True,9,241,0.09
100,guarded,470,sham_negative_cpu,12,sham,cpu,high,0.3172811791779722,0.4201396874464996,False,1.3155847703454466,1.1618262584069141,True,True,True,9,242,0.09
100,guarded,471,sham_negative_cpu,13,sham,cpu,high,0.2679186141357166,0.4201396874464996,False,1.323784530506368,1.1618262584069141,True,True,True,9,243,0.09
100,guarded,472,sham_negative_cpu,14,sham,cpu,high,0.21711324705034685,0.4201396874464996,False,1.3083664442936016,1.1618262584069141,True,True,True,9,244,0.09
100,guarded,473,sham_negative_cpu,15,sham,cpu,high,0.36554839339925327,0.4201396874464996,False,1.4058988400672674,1.1618262584069141,True,True,True,9,245,0.09
100,guarded,474,sham_negative_cpu,16,sham,cpu,high,0.21554623224824612,0.4201396874464996,False,1.3424469179884801,1.1618262584069141,True,True,True,9,246,0.09
100,guarded,475,sham_negative_cpu,17,sham,cpu,high,0.29933694840226915,0.4201396874464996,False,1.3273562933226681,1.1618262584069141,True,True,True,9,247,0.09
100,guarded,476,sham_negative_cpu,18,sham,cpu,high,0.1310707467832787,0.4201396874464996,False,1.284927461504207,1.1618262584069141,True,True,True,9,248,0.09
100,guarded,477,sham_negative_cpu,19,sham,cpu,high,0.29467898489096267,0.4201396874464996,False,1.3307480472236153,1.1618262584069141,True,True,True,9,249,0.09
